Dato (DK normaltid),Vandf¿ring D¿gnmiddel (DMP) (l/s),ks mrk.
01-01-2001 00:00,627.578,2
02-01-2001 00:00,1097.241,2
03-01-2001 00:00,1717.767,2
04-01-2001 00:00,2014.603,2
05-01-2001 00:00,2028.114,2
06-01-2001 00:00,2768.182,2
07-01-2001 00:00,2582.42,2
08-01-2001 00:00,1934.573,2
09-01-2001 00:00,1531.507,2
10-01-2001 00:00,1307.712,2
11-01-2001 00:00,1131.683,2
12-01-2001 00:00,1006.188,2
13-01-2001 00:00,909.826,2
14-01-2001 00:00,872.471,2
15-01-2001 00:00,831.087,2
16-01-2001 00:00,792.432,2
17-01-2001 00:00,754.781,2
18-01-2001 00:00,725.088,2
19-01-2001 00:00,705.6,2
20-01-2001 00:00,686.588,2
21-01-2001 00:00,669.659,2
22-01-2001 00:00,664.658,2
23-01-2001 00:00,668.344,2
24-01-2001 00:00,829.05,2
25-01-2001 00:00,1016.424,2
26-01-2001 00:00,1267.862,2
27-01-2001 00:00,1431.657,2
28-01-2001 00:00,1229.929,2
29-01-2001 00:00,1042.29,2
30-01-2001 00:00,951.455,2
31-01-2001 00:00,896.553,2
01-02-2001 00:00,862.918,2
02-02-2001 00:00,805.009,2
03-02-2001 00:00,722.433,2
04-02-2001 00:00,683.202,2
05-02-2001 00:00,663.082,2
06-02-2001 00:00,734.084,2
07-02-2001 00:00,1108.809,2
08-02-2001 00:00,1446.003,2
09-02-2001 00:00,1706.62,2
10-02-2001 00:00,1242.335,2
11-02-2001 00:00,1503.258,2
12-02-2001 00:00,4455.352,2
13-02-2001 00:00,4824.495,2
14-02-2001 00:00,4191.36,2
15-02-2001 00:00,3247.072,2
16-02-2001 00:00,2442.312,2
17-02-2001 00:00,1845.905,2
18-02-2001 00:00,1632.094,2
19-02-2001 00:00,1488.231,2
20-02-2001 00:00,1375.358,2
21-02-2001 00:00,1270.058,2
22-02-2001 00:00,1180.837,2
23-02-2001 00:00,1057.548,2
24-02-2001 00:00,943.723,2
25-02-2001 00:00,915.345,2
26-02-2001 00:00,890.323,2
27-02-2001 00:00,854.203,2
28-02-2001 00:00,827.736,2
01-03-2001 00:00,825.238,2
02-03-2001 00:00,809.454,2
03-03-2001 00:00,779.56,2
04-03-2001 00:00,713.003,2
05-03-2001 00:00,642.315,2
06-03-2001 00:00,612.242,2
07-03-2001 00:00,599.731,2
08-03-2001 00:00,656.626,2
09-03-2001 00:00,1071.161,2
10-03-2001 00:00,1526.652,2
11-03-2001 00:00,1414.349,2
12-03-2001 00:00,1446.907,2
13-03-2001 00:00,1391.415,2
14-03-2001 00:00,1217.527,2
15-03-2001 00:00,1125.596,2
16-03-2001 00:00,1305.677,2
17-03-2001 00:00,1330.239,2
18-03-2001 00:00,1176.223,2
19-03-2001 00:00,1046.12,2
20-03-2001 00:00,925.319,2
21-03-2001 00:00,872.657,2
22-03-2001 00:00,827.921,2
23-03-2001 00:00,776.098,2
24-03-2001 00:00,745.823,2
25-03-2001 00:00,716.104,2
26-03-2001 00:00,675.302,2
27-03-2001 00:00,646.821,2
28-03-2001 00:00,637.158,2
29-03-2001 00:00,638.159,2
30-03-2001 00:00,641.949,2
31-03-2001 00:00,622.584,2
01-04-2001 00:00,618.834,2
02-04-2001 00:00,610.274,2
03-04-2001 00:00,613.102,2
04-04-2001 00:00,603.294,2
05-04-2001 00:00,641.288,2
06-04-2001 00:00,615.561,2
07-04-2001 00:00,624.346,2
08-04-2001 00:00,685.053,2
09-04-2001 00:00,633.931,2
10-04-2001 00:00,611.4,2
11-04-2001 00:00,581.954,2
12-04-2001 00:00,569.514,2
13-04-2001 00:00,552.55,2
14-04-2001 00:00,543.09,2
15-04-2001 00:00,542.053,2
16-04-2001 00:00,524.225,2
17-04-2001 00:00,517.006,2
18-04-2001 00:00,542.962,2
19-04-2001 00:00,578.173,2
20-04-2001 00:00,548.242,2
21-04-2001 00:00,547.518,2
22-04-2001 00:00,532.886,2
23-04-2001 00:00,662.19,2
24-04-2001 00:00,950.761,2
25-04-2001 00:00,765.99,2
26-04-2001 00:00,996.812,2
27-04-2001 00:00,967.847,2
28-04-2001 00:00,998.752,2
29-04-2001 00:00,974.271,2
30-04-2001 00:00,927.645,2
01-05-2001 00:00,846.314,2
02-05-2001 00:00,760.118,2
03-05-2001 00:00,721.887,2
04-05-2001 00:00,718.944,2
05-05-2001 00:00,669,2
06-05-2001 00:00,631.214,2
07-05-2001 00:00,596.607,2
08-05-2001 00:00,569.142,2
09-05-2001 00:00,542.845,2
10-05-2001 00:00,524.439,2
11-05-2001 00:00,510.035,2
12-05-2001 00:00,495.572,2
13-05-2001 00:00,484.068,2
14-05-2001 00:00,466.351,2
15-05-2001 00:00,458.425,2
16-05-2001 00:00,503.504,2
17-05-2001 00:00,550.072,2
18-05-2001 00:00,557.165,2
19-05-2001 00:00,526.744,2
20-05-2001 00:00,478.101,2
21-05-2001 00:00,455.448,2
22-05-2001 00:00,439.652,2
23-05-2001 00:00,431.576,2
24-05-2001 00:00,434.894,2
25-05-2001 00:00,423.677,2
26-05-2001 00:00,412.234,2
27-05-2001 00:00,401.776,2
28-05-2001 00:00,392.595,2
29-05-2001 00:00,399.001,2
30-05-2001 00:00,444.372,2
31-05-2001 00:00,447.064,2
01-06-2001 00:00,417.267,2
02-06-2001 00:00,433.795,2
03-06-2001 00:00,564.625,2
04-06-2001 00:00,592.829,2
05-06-2001 00:00,491.387,2
06-06-2001 00:00,452.703,2
07-06-2001 00:00,486.878,2
08-06-2001 00:00,527.818,2
09-06-2001 00:00,457.825,2
10-06-2001 00:00,413.664,2
11-06-2001 00:00,378.584,2
12-06-2001 00:00,364.196,2
13-06-2001 00:00,344.779,2
14-06-2001 00:00,330.43,2
15-06-2001 00:00,317.836,2
16-06-2001 00:00,363.546,2
17-06-2001 00:00,409.442,2
18-06-2001 00:00,364.569,2
19-06-2001 00:00,338.911,2
20-06-2001 00:00,326.999,2
21-06-2001 00:00,318.74,2
22-06-2001 00:00,307.964,2
23-06-2001 00:00,304.077,2
24-06-2001 00:00,288.267,2
25-06-2001 00:00,277.013,2
26-06-2001 00:00,275.056,2
27-06-2001 00:00,272.916,2
28-06-2001 00:00,265.027,2
29-06-2001 00:00,262.079,2
30-06-2001 00:00,256.554,2
01-07-2001 00:00,274.782,2
02-07-2001 00:00,261.198,2
03-07-2001 00:00,249.599,2
04-07-2001 00:00,246.114,2
05-07-2001 00:00,245.692,2
06-07-2001 00:00,242.034,2
07-07-2001 00:00,240.364,2
08-07-2001 00:00,237.693,2
09-07-2001 00:00,235.541,2
10-07-2001 00:00,240.028,2
11-07-2001 00:00,247.43,2
12-07-2001 00:00,251.801,2
13-07-2001 00:00,250.825,2
14-07-2001 00:00,248.813,2
15-07-2001 00:00,246.198,2
16-07-2001 00:00,243.202,2
17-07-2001 00:00,240.441,2
18-07-2001 00:00,241.095,2
19-07-2001 00:00,235.118,2
20-07-2001 00:00,233.025,2
21-07-2001 00:00,235.248,2
22-07-2001 00:00,229.901,2
23-07-2001 00:00,225.857,2
24-07-2001 00:00,223.608,2
25-07-2001 00:00,220.312,2
26-07-2001 00:00,217.705,2
27-07-2001 00:00,215.911,2
28-07-2001 00:00,215.15,2
29-07-2001 00:00,214.987,2
30-07-2001 00:00,213.813,2
31-07-2001 00:00,211.197,2
01-08-2001 00:00,207.173,2
02-08-2001 00:00,205.873,2
03-08-2001 00:00,208.016,2
04-08-2001 00:00,217.338,2
05-08-2001 00:00,218.482,2
06-08-2001 00:00,214.439,2
07-08-2001 00:00,220.601,2
08-08-2001 00:00,225.409,2
09-08-2001 00:00,224.982,2
10-08-2001 00:00,214.624,2
11-08-2001 00:00,208.569,2
12-08-2001 00:00,215.08,2
13-08-2001 00:00,255.48,2
14-08-2001 00:00,256.149,2
15-08-2001 00:00,230.068,2
16-08-2001 00:00,220.212,2
17-08-2001 00:00,213.657,2
18-08-2001 00:00,211.253,2
19-08-2001 00:00,213.483,2
20-08-2001 00:00,221.553,2
21-08-2001 00:00,227.096,2
22-08-2001 00:00,217.08,2
23-08-2001 00:00,211.975,2
24-08-2001 00:00,220.772,2
25-08-2001 00:00,227.048,2
26-08-2001 00:00,220.598,2
27-08-2001 00:00,241.235,2
28-08-2001 00:00,253.895,2
29-08-2001 00:00,233.572,2
30-08-2001 00:00,225.33,2
31-08-2001 00:00,220.27,2
01-09-2001 00:00,219.417,2
02-09-2001 00:00,218.304,2
03-09-2001 00:00,221.415,2
04-09-2001 00:00,226.91,2
05-09-2001 00:00,225.222,2
06-09-2001 00:00,219.987,2
07-09-2001 00:00,226.371,2
08-09-2001 00:00,236.802,2
09-09-2001 00:00,264.492,2
10-09-2001 00:00,296.252,2
11-09-2001 00:00,290.796,2
12-09-2001 00:00,311.137,2
13-09-2001 00:00,312.135,2
14-09-2001 00:00,312.762,2
15-09-2001 00:00,314.67,2
16-09-2001 00:00,298.348,2
17-09-2001 00:00,550.561,2
18-09-2001 00:00,1015.54,2
19-09-2001 00:00,1324.333,2
20-09-2001 00:00,1298.674,2
21-09-2001 00:00,1194.587,2
22-09-2001 00:00,1161.789,2
23-09-2001 00:00,1098.144,2
24-09-2001 00:00,1021.313,2
25-09-2001 00:00,922.065,2
26-09-2001 00:00,822.813,2
27-09-2001 00:00,747.762,2
28-09-2001 00:00,686.652,2
29-09-2001 00:00,626.707,2
30-09-2001 00:00,589.866,2
01-10-2001 00:00,633.65,2
02-10-2001 00:00,931.523,2
03-10-2001 00:00,1004.57,2
04-10-2001 00:00,987.058,2
05-10-2001 00:00,952.217,2
06-10-2001 00:00,891.611,2
07-10-2001 00:00,815.682,2
08-10-2001 00:00,769.898,2
09-10-2001 00:00,703.609,2
10-10-2001 00:00,661.714,2
11-10-2001 00:00,667.868,2
12-10-2001 00:00,710.067,2
13-10-2001 00:00,671.311,2
14-10-2001 00:00,601.846,2
15-10-2001 00:00,597.297,2
16-10-2001 00:00,579.446,2
17-10-2001 00:00,537.262,2
18-10-2001 00:00,520.703,2
19-10-2001 00:00,501.263,2
20-10-2001 00:00,486.08,2
21-10-2001 00:00,478.555,2
22-10-2001 00:00,458.488,2
23-10-2001 00:00,439.059,2
24-10-2001 00:00,427.091,2
25-10-2001 00:00,417.933,2
26-10-2001 00:00,415.461,2
27-10-2001 00:00,433.575,2
28-10-2001 00:00,446.412,2
29-10-2001 00:00,425.255,2
30-10-2001 00:00,493.357,2
31-10-2001 00:00,488.953,2
01-11-2001 00:00,443.326,2
02-11-2001 00:00,410.697,2
03-11-2001 00:00,410.643,2
04-11-2001 00:00,416.028,2
05-11-2001 00:00,457.889,2
06-11-2001 00:00,515.779,2
07-11-2001 00:00,748.267,2
08-11-2001 00:00,1125.827,2
09-11-2001 00:00,1111.715,2
10-11-2001 00:00,859.069,2
11-11-2001 00:00,762.923,2
12-11-2001 00:00,721.954,2
13-11-2001 00:00,705.813,2
14-11-2001 00:00,651.563,2
15-11-2001 00:00,600.966,2
16-11-2001 00:00,572.505,2
17-11-2001 00:00,554.063,2
18-11-2001 00:00,548.699,2
19-11-2001 00:00,528.968,2
20-11-2001 00:00,498.07,2
21-11-2001 00:00,500.357,2
22-11-2001 00:00,617.835,2
23-11-2001 00:00,581.58,2
24-11-2001 00:00,540.908,2
25-11-2001 00:00,531.54,2
26-11-2001 00:00,632.394,2
27-11-2001 00:00,733.091,2
28-11-2001 00:00,758.368,2
29-11-2001 00:00,785.33,2
30-11-2001 00:00,730.363,2
01-12-2001 00:00,710.601,2
02-12-2001 00:00,971.598,2
03-12-2001 00:00,1026.916,2
04-12-2001 00:00,913.374,2
05-12-2001 00:00,849.238,2
06-12-2001 00:00,812.976,2
07-12-2001 00:00,745.045,2
08-12-2001 00:00,707.079,2
09-12-2001 00:00,686.412,2
10-12-2001 00:00,688.409,2
11-12-2001 00:00,677.874,2
12-12-2001 00:00,657.198,2
13-12-2001 00:00,631.725,2
14-12-2001 00:00,611.794,2
15-12-2001 00:00,600.483,2
16-12-2001 00:00,584.32,2
17-12-2001 00:00,582.397,2
18-12-2001 00:00,566.256,2
19-12-2001 00:00,575.215,2
20-12-2001 00:00,541.955,2
21-12-2001 00:00,618.25,2
22-12-2001 00:00,577.891,2
23-12-2001 00:00,521.386,2
24-12-2001 00:00,607.5,2
25-12-2001 00:00,1585.399,2
26-12-2001 00:00,1428.197,2
27-12-2001 00:00,1048.112,2
28-12-2001 00:00,941.225,2
29-12-2001 00:00,903.305,2
30-12-2001 00:00,823.45,2
31-12-2001 00:00,753.314,2
01-01-2002 00:00,906.424,2
02-01-2002 00:00,1966.91,2
03-01-2002 00:00,1852.91,2
04-01-2002 00:00,1394.63,2
05-01-2002 00:00,1070.87,2
06-01-2002 00:00,1139.27,2
07-01-2002 00:00,1253.27,2
08-01-2002 00:00,1114.19,2
09-01-2002 00:00,1255.55,2
10-01-2002 00:00,1209.95,2
11-01-2002 00:00,1132.43,2
12-01-2002 00:00,1123.532,2
13-01-2002 00:00,1052.083,2
14-01-2002 00:00,1061.967,2
15-01-2002 00:00,1011.654,2
16-01-2002 00:00,930.844,2
17-01-2002 00:00,902.793,2
18-01-2002 00:00,1087.43,2
19-01-2002 00:00,1235.74,2
20-01-2002 00:00,1386.164,2
21-01-2002 00:00,2062.369,2
22-01-2002 00:00,1811.849,2
23-01-2002 00:00,1642.262,2
24-01-2002 00:00,2045.894,2
25-01-2002 00:00,3190.768,2
26-01-2002 00:00,3307.76,2
27-01-2002 00:00,4365.421,2
28-01-2002 00:00,4310.171,2
29-01-2002 00:00,4124.212,2
30-01-2002 00:00,3754.949,2
31-01-2002 00:00,4066.241,2
01-02-2002 00:00,4551.051,2
02-02-2002 00:00,4710.528,2
03-02-2002 00:00,4395.288,2
04-02-2002 00:00,3778.795,2
05-02-2002 00:00,3621.047,2
06-02-2002 00:00,3514.896,2
07-02-2002 00:00,3113.425,2
08-02-2002 00:00,2934,2
09-02-2002 00:00,3231.905,2
10-02-2002 00:00,3174.278,2
11-02-2002 00:00,2791.153,2
12-02-2002 00:00,2771.011,2
13-02-2002 00:00,2339.024,2
14-02-2002 00:00,1927.622,2
15-02-2002 00:00,1710.507,2
16-02-2002 00:00,1590.332,2
17-02-2002 00:00,1499.235,2
18-02-2002 00:00,1421.06,2
19-02-2002 00:00,1386.371,2
20-02-2002 00:00,1340.225,2
21-02-2002 00:00,1456.19,2
22-02-2002 00:00,1638.59,2
23-02-2002 00:00,2195.261,2
24-02-2002 00:00,3666.931,2
25-02-2002 00:00,3166.344,2
26-02-2002 00:00,3121.092,2
27-02-2002 00:00,4615.846,2
28-02-2002 00:00,4673.223,2
01-03-2002 00:00,4586.289,2
02-03-2002 00:00,4116.366,2
03-03-2002 00:00,3538.614,2
04-03-2002 00:00,3451.237,2
05-03-2002 00:00,3064.219,2
06-03-2002 00:00,2939.455,2
07-03-2002 00:00,3105.934,2
08-03-2002 00:00,2580.586,2
09-03-2002 00:00,2240.821,2
10-03-2002 00:00,1988.634,2
11-03-2002 00:00,1810.252,2
12-03-2002 00:00,1651.111,2
13-03-2002 00:00,1531.161,2
14-03-2002 00:00,1417.194,2
15-03-2002 00:00,1315.154,2
16-03-2002 00:00,1223.365,2
17-03-2002 00:00,1157.6,2
18-03-2002 00:00,1143.814,2
19-03-2002 00:00,1176.477,2
20-03-2002 00:00,1108.237,2
21-03-2002 00:00,1021.402,2
22-03-2002 00:00,962.675,2
23-03-2002 00:00,909.473,2
24-03-2002 00:00,868.536,2
25-03-2002 00:00,833.077,2
26-03-2002 00:00,805.427,2
27-03-2002 00:00,770.517,2
28-03-2002 00:00,741.578,2
29-03-2002 00:00,723.196,2
30-03-2002 00:00,704.96,2
31-03-2002 00:00,686.001,2
01-04-2002 00:00,666.473,2
02-04-2002 00:00,646.433,2
03-04-2002 00:00,626.501,2
04-04-2002 00:00,611.525,2
05-04-2002 00:00,594.118,2
06-04-2002 00:00,576.674,2
07-04-2002 00:00,565.321,2
08-04-2002 00:00,555.521,2
09-04-2002 00:00,547.571,2
10-04-2002 00:00,537.896,2
11-04-2002 00:00,534.183,2
12-04-2002 00:00,534.806,2
13-04-2002 00:00,539.475,2
14-04-2002 00:00,534.857,2
15-04-2002 00:00,521.408,2
16-04-2002 00:00,496.31,2
17-04-2002 00:00,507.71,2
18-04-2002 00:00,532.79,2
19-04-2002 00:00,573.83,2
20-04-2002 00:00,496.31,2
21-04-2002 00:00,468.95,2
22-04-2002 00:00,468.95,2
23-04-2002 00:00,475.79,2
24-04-2002 00:00,459.83,2
25-04-2002 00:00,455.27,2
26-04-2002 00:00,455.27,2
27-04-2002 00:00,541.91,2
28-04-2002 00:00,589.79,2
29-04-2002 00:00,612.59,2
30-04-2002 00:00,617.15,2
01-05-2002 00:00,528.23,2
02-05-2002 00:00,490.887,2
03-05-2002 00:00,564.948,2
04-05-2002 00:00,659.578,2
05-05-2002 00:00,859.175,2
06-05-2002 00:00,828.655,2
07-05-2002 00:00,713.345,2
08-05-2002 00:00,645.332,2
09-05-2002 00:00,612.803,2
10-05-2002 00:00,568.587,2
11-05-2002 00:00,530.82,2
12-05-2002 00:00,509.63,2
13-05-2002 00:00,493.16,2
14-05-2002 00:00,492.222,2
15-05-2002 00:00,485.87,2
16-05-2002 00:00,477.458,2
17-05-2002 00:00,489.994,2
18-05-2002 00:00,471.234,2
19-05-2002 00:00,464.322,2
20-05-2002 00:00,456.772,2
21-05-2002 00:00,441.457,2
22-05-2002 00:00,431.174,2
23-05-2002 00:00,419.509,2
24-05-2002 00:00,463.635,2
25-05-2002 00:00,488.102,2
26-05-2002 00:00,473.405,2
27-05-2002 00:00,616.576,2
28-05-2002 00:00,541.45,2
29-05-2002 00:00,502.102,2
30-05-2002 00:00,500.042,2
31-05-2002 00:00,483.384,2
01-06-2002 00:00,471.08,2
02-06-2002 00:00,456.916,2
03-06-2002 00:00,447.076,2
04-06-2002 00:00,441.465,2
05-06-2002 00:00,426.774,2
06-06-2002 00:00,416.179,2
07-06-2002 00:00,409.139,2
08-06-2002 00:00,409.689,2
09-06-2002 00:00,403.183,2
10-06-2002 00:00,400.043,2
11-06-2002 00:00,1320.426,2
12-06-2002 00:00,1695.108,2
13-06-2002 00:00,1303.43,2
14-06-2002 00:00,1171.19,2
15-06-2002 00:00,1027.55,2
16-06-2002 00:00,1139.27,2
17-06-2002 00:00,947.75,2
18-06-2002 00:00,706.07,2
19-06-2002 00:00,662.75,2
20-06-2002 00:00,605.75,2
21-06-2002 00:00,885.595,2
22-06-2002 00:00,809.7,2
23-06-2002 00:00,610.95,2
24-06-2002 00:00,477.741,2
25-06-2002 00:00,397.746,2
26-06-2002 00:00,353.056,2
27-06-2002 00:00,367.928,2
28-06-2002 00:00,416.966,2
29-06-2002 00:00,398.628,2
30-06-2002 00:00,380.41,2
01-07-2002 00:00,405.333,2
02-07-2002 00:00,441.666,2
03-07-2002 00:00,375.246,2
04-07-2002 00:00,392.066,2
05-07-2002 00:00,525.686,2
06-07-2002 00:00,506.046,2
07-07-2002 00:00,532.649,2
08-07-2002 00:00,519.514,2
09-07-2002 00:00,454.153,2
10-07-2002 00:00,387.035,2
11-07-2002 00:00,353.958,2
12-07-2002 00:00,329.57,2
13-07-2002 00:00,324.585,2
14-07-2002 00:00,308.848,2
15-07-2002 00:00,300.676,2
16-07-2002 00:00,292.786,2
17-07-2002 00:00,286.607,2
18-07-2002 00:00,293.787,2
19-07-2002 00:00,302.906,2
20-07-2002 00:00,292.341,2
21-07-2002 00:00,290.221,2
22-07-2002 00:00,836.712,2
23-07-2002 00:00,1607.878,2
24-07-2002 00:00,1863.616,2
25-07-2002 00:00,1931.028,2
26-07-2002 00:00,1860.548,2
27-07-2002 00:00,1659.655,2
28-07-2002 00:00,1371.588,2
29-07-2002 00:00,1084.252,2
30-07-2002 00:00,856.296,2
31-07-2002 00:00,719.677,2
01-08-2002 00:00,632.837,2
02-08-2002 00:00,617.022,2
03-08-2002 00:00,918.088,2
04-08-2002 00:00,1170.81,2
05-08-2002 00:00,1072.004,2
06-08-2002 00:00,938.6,2
07-08-2002 00:00,822.197,2
08-08-2002 00:00,710.707,2
09-08-2002 00:00,629.75,2
10-08-2002 00:00,571.725,2
11-08-2002 00:00,528.127,2
12-08-2002 00:00,1132.127,2
13-08-2002 00:00,1870.633,2
14-08-2002 00:00,1908.644,2
15-08-2002 00:00,1818.941,2
16-08-2002 00:00,1647.166,2
17-08-2002 00:00,1418.286,2
18-08-2002 00:00,1201.695,2
19-08-2002 00:00,950.168,2
20-08-2002 00:00,715.713,2
21-08-2002 00:00,653.285,2
22-08-2002 00:00,592.455,2
23-08-2002 00:00,543.346,2
24-08-2002 00:00,506.155,2
25-08-2002 00:00,474.184,2
26-08-2002 00:00,477.236,2
27-08-2002 00:00,572.928,2
28-08-2002 00:00,555.064,2
29-08-2002 00:00,516.999,2
30-08-2002 00:00,487.603,2
31-08-2002 00:00,462.43,2
01-09-2002 00:00,442.362,2
02-09-2002 00:00,416.318,2
03-09-2002 00:00,411.443,2
04-09-2002 00:00,412.603,2
05-09-2002 00:00,401.662,2
06-09-2002 00:00,393.345,2
07-09-2002 00:00,385.24,2
08-09-2002 00:00,379.228,2
09-09-2002 00:00,375.739,2
10-09-2002 00:00,370.541,2
11-09-2002 00:00,366.884,2
12-09-2002 00:00,373.302,2
13-09-2002 00:00,377.093,2
14-09-2002 00:00,377.512,2
15-09-2002 00:00,369.569,2
16-09-2002 00:00,364.243,2
17-09-2002 00:00,363.078,2
18-09-2002 00:00,357.745,2
19-09-2002 00:00,350.927,2
20-09-2002 00:00,368.028,2
21-09-2002 00:00,413.999,2
22-09-2002 00:00,418.755,2
23-09-2002 00:00,419.081,2
24-09-2002 00:00,388.804,2
25-09-2002 00:00,388.813,2
26-09-2002 00:00,398.747,2
27-09-2002 00:00,407.845,2
28-09-2002 00:00,386.915,2
29-09-2002 00:00,374.785,2
30-09-2002 00:00,370.695,2
01-10-2002 00:00,365.899,2
02-10-2002 00:00,364.953,2
03-10-2002 00:00,365.111,2
04-10-2002 00:00,376.663,2
05-10-2002 00:00,397.402,2
06-10-2002 00:00,420.586,2
07-10-2002 00:00,408.406,2
08-10-2002 00:00,379.303,2
09-10-2002 00:00,373.532,2
10-10-2002 00:00,365.747,2
11-10-2002 00:00,362.192,2
12-10-2002 00:00,363.458,2
13-10-2002 00:00,367.039,2
14-10-2002 00:00,387.945,2
15-10-2002 00:00,412.257,2
16-10-2002 00:00,370.589,2
17-10-2002 00:00,519.751,2
18-10-2002 00:00,789.477,2
19-10-2002 00:00,790.441,2
20-10-2002 00:00,626.692,2
21-10-2002 00:00,569.676,2
22-10-2002 00:00,573.845,2
23-10-2002 00:00,771.721,2
24-10-2002 00:00,1059.729,2
25-10-2002 00:00,900.361,2
26-10-2002 00:00,915.6,2
27-10-2002 00:00,1005.102,2
28-10-2002 00:00,1668.297,2
29-10-2002 00:00,1338.33,2
30-10-2002 00:00,1007.37,2
31-10-2002 00:00,830.928,2
01-11-2002 00:00,750.153,2
02-11-2002 00:00,682.926,2
03-11-2002 00:00,645.731,2
04-11-2002 00:00,609.858,2
05-11-2002 00:00,577.777,2
06-11-2002 00:00,563.517,2
07-11-2002 00:00,549.777,2
08-11-2002 00:00,539.436,2
09-11-2002 00:00,661.851,2
10-11-2002 00:00,625.07,2
11-11-2002 00:00,585.051,2
12-11-2002 00:00,577.648,2
13-11-2002 00:00,677.173,2
14-11-2002 00:00,828.649,2
15-11-2002 00:00,1029.025,2
16-11-2002 00:00,971.565,2
17-11-2002 00:00,1740.634,2
18-11-2002 00:00,2736.233,2
19-11-2002 00:00,2609.777,2
20-11-2002 00:00,2060.49,2
21-11-2002 00:00,1612.751,2
22-11-2002 00:00,1286.455,2
23-11-2002 00:00,1204.719,2
24-11-2002 00:00,2074.271,2
25-11-2002 00:00,2387.612,2
26-11-2002 00:00,1881.942,2
27-11-2002 00:00,1477.861,2
28-11-2002 00:00,1267.86,2
29-11-2002 00:00,1220.85,2
30-11-2002 00:00,1173.164,2
01-12-2002 00:00,1103.689,2
02-12-2002 00:00,1056.36,2
03-12-2002 00:00,981.039,2
04-12-2002 00:00,929.146,2
05-12-2002 00:00,886.793,2
06-12-2002 00:00,834.624,2
07-12-2002 00:00,780.807,2
08-12-2002 00:00,741.076,2
09-12-2002 00:00,716.981,2
10-12-2002 00:00,697.749,2
11-12-2002 00:00,672.67,2
12-12-2002 00:00,650.47,2
13-12-2002 00:00,625.89,2
14-12-2002 00:00,601.051,2
15-12-2002 00:00,595.688,2
16-12-2002 00:00,586.988,2
17-12-2002 00:00,571.271,2
18-12-2002 00:00,556.937,2
19-12-2002 00:00,537.584,2
20-12-2002 00:00,541.711,2
21-12-2002 00:00,541.148,2
22-12-2002 00:00,515.763,2
23-12-2002 00:00,497.798,2
24-12-2002 00:00,488.517,2
25-12-2002 00:00,477.972,2
26-12-2002 00:00,482.41,2
27-12-2002 00:00,537.409,2
28-12-2002 00:00,1192.95,2
29-12-2002 00:00,1498.775,2
30-12-2002 00:00,1086.387,2
31-12-2002 00:00,798.614,2
01-01-2003 00:00,820.064,2
02-01-2003 00:00,725.096,2
03-01-2003 00:00,686.829,2
04-01-2003 00:00,617.979,2
05-01-2003 00:00,574.641,2
06-01-2003 00:00,574.935,2
07-01-2003 00:00,568.775,2
08-01-2003 00:00,575.285,2
09-01-2003 00:00,567.363,2
10-01-2003 00:00,570.146,2
11-01-2003 00:00,561.582,2
12-01-2003 00:00,801.828,2
13-01-2003 00:00,1890.697,2
14-01-2003 00:00,2134.572,2
15-01-2003 00:00,2167.707,2
16-01-2003 00:00,1816.756,2
17-01-2003 00:00,1478.003,2
18-01-2003 00:00,1319.13,2
19-01-2003 00:00,1217.038,2
20-01-2003 00:00,1321.615,2
21-01-2003 00:00,1737.379,2
22-01-2003 00:00,2012.46,2
23-01-2003 00:00,1613.18,2
24-01-2003 00:00,1345.399,2
25-01-2003 00:00,1178.266,2
26-01-2003 00:00,1201.505,2
27-01-2003 00:00,1156.69,2
28-01-2003 00:00,1851.739,2
29-01-2003 00:00,1759.985,2
30-01-2003 00:00,1381.965,2
31-01-2003 00:00,1117.604,2
01-02-2003 00:00,977.785,2
02-02-2003 00:00,915.654,2
03-02-2003 00:00,954.051,2
04-02-2003 00:00,858.793,2
05-02-2003 00:00,769.138,2
06-02-2003 00:00,723.101,2
07-02-2003 00:00,704.535,2
08-02-2003 00:00,735.5,2
09-02-2003 00:00,729.388,2
10-02-2003 00:00,698.296,2
11-02-2003 00:00,679.018,2
12-02-2003 00:00,660.679,2
13-02-2003 00:00,597.052,2
14-02-2003 00:00,565.868,2
15-02-2003 00:00,521.826,2
16-02-2003 00:00,517.166,2
17-02-2003 00:00,503.787,2
18-02-2003 00:00,500.467,2
19-02-2003 00:00,493.572,2
20-02-2003 00:00,481.309,2
21-02-2003 00:00,466.714,2
22-02-2003 00:00,457.566,2
23-02-2003 00:00,447.165,2
24-02-2003 00:00,439.679,2
25-02-2003 00:00,436.979,2
26-02-2003 00:00,434.274,2
27-02-2003 00:00,421.138,2
28-02-2003 00:00,408.057,2
01-03-2003 00:00,394.623,2
02-03-2003 00:00,384.465,2
03-03-2003 00:00,379.133,2
04-03-2003 00:00,374.958,2
05-03-2003 00:00,376.152,2
06-03-2003 00:00,381.024,2
07-03-2003 00:00,401.004,2
08-03-2003 00:00,422.839,2
09-03-2003 00:00,481.156,2
10-03-2003 00:00,544.154,2
11-03-2003 00:00,592.977,2
12-03-2003 00:00,685.578,2
13-03-2003 00:00,620.382,2
14-03-2003 00:00,575.023,2
15-03-2003 00:00,544.242,2
16-03-2003 00:00,526.507,2
17-03-2003 00:00,527.041,2
18-03-2003 00:00,528.732,2
19-03-2003 00:00,531.857,2
20-03-2003 00:00,522.41,2
21-03-2003 00:00,509.423,2
22-03-2003 00:00,477.702,2
23-03-2003 00:00,453.036,2
24-03-2003 00:00,454.303,2
25-03-2003 00:00,463.194,2
26-03-2003 00:00,464.005,2
27-03-2003 00:00,454.309,2
28-03-2003 00:00,465.571,2
29-03-2003 00:00,462.341,2
30-03-2003 00:00,459.269,2
31-03-2003 00:00,487.381,2
01-04-2003 00:00,485.088,2
02-04-2003 00:00,513.151,2
03-04-2003 00:00,478.013,2
04-04-2003 00:00,473.754,2
05-04-2003 00:00,453.67,2
06-04-2003 00:00,438.818,2
07-04-2003 00:00,423.356,2
08-04-2003 00:00,420.559,2
09-04-2003 00:00,418.428,2
10-04-2003 00:00,496.007,2
11-04-2003 00:00,638.358,2
12-04-2003 00:00,529.003,2
13-04-2003 00:00,471.315,2
14-04-2003 00:00,448.892,2
15-04-2003 00:00,440.017,2
16-04-2003 00:00,430.792,2
17-04-2003 00:00,425.139,2
18-04-2003 00:00,407.625,2
19-04-2003 00:00,406.049,2
20-04-2003 00:00,403.827,2
21-04-2003 00:00,398.014,2
22-04-2003 00:00,402.492,2
23-04-2003 00:00,405.137,2
24-04-2003 00:00,393.049,2
25-04-2003 00:00,391.686,2
26-04-2003 00:00,396.542,2
27-04-2003 00:00,770.676,2
28-04-2003 00:00,722.085,2
29-04-2003 00:00,1032.102,2
30-04-2003 00:00,999.868,2
01-05-2003 00:00,3045.886,2
02-05-2003 00:00,2348.333,2
03-05-2003 00:00,1969.454,2
04-05-2003 00:00,1759.547,2
05-05-2003 00:00,1368.64,2
06-05-2003 00:00,1303.435,2
07-05-2003 00:00,1097.731,2
08-05-2003 00:00,910.534,2
09-05-2003 00:00,804.344,2
10-05-2003 00:00,730.145,2
11-05-2003 00:00,749.807,2
12-05-2003 00:00,1092.085,2
13-05-2003 00:00,1483.479,2
14-05-2003 00:00,1216.923,2
15-05-2003 00:00,1278.632,2
16-05-2003 00:00,1179.531,2
17-05-2003 00:00,929.519,2
18-05-2003 00:00,806.466,2
19-05-2003 00:00,826.901,2
20-05-2003 00:00,1808.607,2
21-05-2003 00:00,1794.981,2
22-05-2003 00:00,1276.121,2
23-05-2003 00:00,1900.031,2
24-05-2003 00:00,2152.23,2
25-05-2003 00:00,2010.943,2
26-05-2003 00:00,1505.226,2
27-05-2003 00:00,1177.875,2
28-05-2003 00:00,971.532,2
29-05-2003 00:00,827.066,2
30-05-2003 00:00,728.32,2
31-05-2003 00:00,637.198,2
01-06-2003 00:00,563.106,2
02-06-2003 00:00,518.763,2
03-06-2003 00:00,486.595,2
04-06-2003 00:00,464.78,2
05-06-2003 00:00,462.218,2
06-06-2003 00:00,454.092,2
07-06-2003 00:00,479.788,2
08-06-2003 00:00,575.612,2
09-06-2003 00:00,803.037,2
10-06-2003 00:00,504.807,2
11-06-2003 00:00,492.762,2
12-06-2003 00:00,448.163,2
13-06-2003 00:00,425.351,2
14-06-2003 00:00,414.043,2
15-06-2003 00:00,418.426,2
16-06-2003 00:00,619.612,2
17-06-2003 00:00,431.775,2
18-06-2003 00:00,403.584,2
19-06-2003 00:00,409.262,2
20-06-2003 00:00,515.673,2
21-06-2003 00:00,457.476,2
22-06-2003 00:00,391.401,2
23-06-2003 00:00,402.436,2
24-06-2003 00:00,454.49,2
25-06-2003 00:00,383.586,2
26-06-2003 00:00,387.853,2
27-06-2003 00:00,366.868,2
28-06-2003 00:00,354.29,2
29-06-2003 00:00,348.034,2
30-06-2003 00:00,358.353,2
01-07-2003 00:00,482.199,2
02-07-2003 00:00,449.882,2
03-07-2003 00:00,470.816,2
04-07-2003 00:00,1821.355,2
05-07-2003 00:00,1320.359,2
06-07-2003 00:00,868.267,2
07-07-2003 00:00,656.192,2
08-07-2003 00:00,549.169,2
09-07-2003 00:00,481.739,2
10-07-2003 00:00,434.983,2
11-07-2003 00:00,471.204,2
12-07-2003 00:00,541.203,2
13-07-2003 00:00,412.46,2
14-07-2003 00:00,383.666,2
15-07-2003 00:00,403.639,2
16-07-2003 00:00,383.447,2
17-07-2003 00:00,352.941,2
18-07-2003 00:00,837.291,2
19-07-2003 00:00,599.232,2
20-07-2003 00:00,451.429,2
21-07-2003 00:00,403.507,2
22-07-2003 00:00,396.893,2
23-07-2003 00:00,362.447,2
24-07-2003 00:00,343.325,2
25-07-2003 00:00,366.006,2
26-07-2003 00:00,364.495,2
27-07-2003 00:00,374.16,2
28-07-2003 00:00,346.792,2
29-07-2003 00:00,331.587,2
30-07-2003 00:00,320.76,2
31-07-2003 00:00,311.936,2
01-08-2003 00:00,298.551,2
02-08-2003 00:00,358.849,2
03-08-2003 00:00,391.181,2
04-08-2003 00:00,325.719,2
05-08-2003 00:00,293.598,2
06-08-2003 00:00,281.038,2
07-08-2003 00:00,273.887,2
08-08-2003 00:00,258.431,2
09-08-2003 00:00,255.918,2
10-08-2003 00:00,251.973,2
11-08-2003 00:00,248.769,2
12-08-2003 00:00,253.266,2
13-08-2003 00:00,258.345,2
14-08-2003 00:00,253.806,2
15-08-2003 00:00,258.496,2
16-08-2003 00:00,289.444,2
17-08-2003 00:00,264.124,2
18-08-2003 00:00,248.411,2
19-08-2003 00:00,263.459,2
20-08-2003 00:00,262.296,2
21-08-2003 00:00,254.656,2
22-08-2003 00:00,305.878,2
23-08-2003 00:00,323.551,2
24-08-2003 00:00,281.882,2
25-08-2003 00:00,248.682,2
26-08-2003 00:00,237.277,2
27-08-2003 00:00,256.201,2
28-08-2003 00:00,280.731,2
29-08-2003 00:00,289.853,2
30-08-2003 00:00,431.599,2
31-08-2003 00:00,417.09,2
01-09-2003 00:00,559.47,2
02-09-2003 00:00,470.557,2
03-09-2003 00:00,359.416,2
04-09-2003 00:00,309.413,2
05-09-2003 00:00,279.222,2
06-09-2003 00:00,260.964,2
07-09-2003 00:00,243.46,2
08-09-2003 00:00,235.923,2
09-09-2003 00:00,231.689,2
10-09-2003 00:00,525.564,2
11-09-2003 00:00,1756.65,2
12-09-2003 00:00,1302.547,2
13-09-2003 00:00,779.53,2
14-09-2003 00:00,545.691,2
15-09-2003 00:00,470.156,2
16-09-2003 00:00,395.065,2
17-09-2003 00:00,343.708,2
18-09-2003 00:00,315.293,2
19-09-2003 00:00,296.158,2
20-09-2003 00:00,281.122,2
21-09-2003 00:00,295.032,2
22-09-2003 00:00,327.182,2
23-09-2003 00:00,384.79,2
24-09-2003 00:00,348.8,2
25-09-2003 00:00,292.339,2
26-09-2003 00:00,271.319,2
27-09-2003 00:00,254.676,2
28-09-2003 00:00,249.812,2
29-09-2003 00:00,250.648,2
30-09-2003 00:00,247.254,2
01-10-2003 00:00,244.588,2
02-10-2003 00:00,243.159,2
03-10-2003 00:00,239.746,2
04-10-2003 00:00,238.732,2
05-10-2003 00:00,235.274,2
06-10-2003 00:00,234.701,2
07-10-2003 00:00,246.002,2
08-10-2003 00:00,298.144,2
09-10-2003 00:00,422.031,2
10-10-2003 00:00,410.475,2
11-10-2003 00:00,406.464,2
12-10-2003 00:00,397.637,2
13-10-2003 00:00,313.624,2
14-10-2003 00:00,276.771,2
15-10-2003 00:00,259.488,2
16-10-2003 00:00,252.212,2
17-10-2003 00:00,250.443,2
18-10-2003 00:00,249.156,2
19-10-2003 00:00,256.069,2
20-10-2003 00:00,668.639,2
21-10-2003 00:00,520.627,2
22-10-2003 00:00,377.65,2
23-10-2003 00:00,316.537,2
24-10-2003 00:00,292.42,2
25-10-2003 00:00,285.964,2
26-10-2003 00:00,273.429,2
27-10-2003 00:00,262.575,2
28-10-2003 00:00,261.187,2
29-10-2003 00:00,261.223,2
30-10-2003 00:00,283.521,2
31-10-2003 00:00,368.332,2
01-11-2003 00:00,333.278,2
02-11-2003 00:00,318.167,2
03-11-2003 00:00,394.174,2
04-11-2003 00:00,520.503,2
05-11-2003 00:00,399.274,2
06-11-2003 00:00,370.929,2
07-11-2003 00:00,344.361,2
08-11-2003 00:00,327.901,2
09-11-2003 00:00,315.077,2
10-11-2003 00:00,305.154,2
11-11-2003 00:00,300.671,2
12-11-2003 00:00,296.999,2
13-11-2003 00:00,297.535,2
14-11-2003 00:00,297.311,2
15-11-2003 00:00,295.95,2
16-11-2003 00:00,305.39,2
17-11-2003 00:00,315.961,2
18-11-2003 00:00,335.897,2
19-11-2003 00:00,636.951,2
20-11-2003 00:00,1017.362,2
21-11-2003 00:00,1149.697,2
22-11-2003 00:00,1062.906,2
23-11-2003 00:00,1316.44,2
24-11-2003 00:00,1081.836,2
25-11-2003 00:00,1037.582,2
26-11-2003 00:00,923.751,2
27-11-2003 00:00,812.6,2
28-11-2003 00:00,739.108,2
29-11-2003 00:00,676.192,2
30-11-2003 00:00,639.464,2
01-12-2003 00:00,595.251,2
02-12-2003 00:00,563.26,2
03-12-2003 00:00,544.078,2
04-12-2003 00:00,528.808,2
05-12-2003 00:00,541.105,2
06-12-2003 00:00,615.048,2
07-12-2003 00:00,540.27,2
08-12-2003 00:00,504.448,2
09-12-2003 00:00,487.67,2
10-12-2003 00:00,471.341,2
11-12-2003 00:00,486.697,2
12-12-2003 00:00,689.283,2
13-12-2003 00:00,1265.348,2
14-12-2003 00:00,2006.477,2
15-12-2003 00:00,2220.402,2
16-12-2003 00:00,1658.86,2
17-12-2003 00:00,1372.981,2
18-12-2003 00:00,1275.67,2
19-12-2003 00:00,1135.519,2
20-12-2003 00:00,1037.872,2
21-12-2003 00:00,1446.405,2
22-12-2003 00:00,1314.314,2
23-12-2003 00:00,1014.321,2
24-12-2003 00:00,910.934,2
25-12-2003 00:00,989.849,2
26-12-2003 00:00,1027.717,2
27-12-2003 00:00,1094.904,2
28-12-2003 00:00,1023.731,2
29-12-2003 00:00,1219.151,2
30-12-2003 00:00,1155.51,2
31-12-2003 00:00,1122.403,2
01-01-2004 00:00,1099.626,2
02-01-2004 00:00,978.342,2
03-01-2004 00:00,881.486,2
04-01-2004 00:00,827.822,2
05-01-2004 00:00,768.324,2
06-01-2004 00:00,722.626,2
07-01-2004 00:00,788.01,2
08-01-2004 00:00,904.107,2
09-01-2004 00:00,853.084,2
10-01-2004 00:00,776.244,2
11-01-2004 00:00,924.342,2
12-01-2004 00:00,2246.96,2
13-01-2004 00:00,2289.699,2
14-01-2004 00:00,2600.228,2
15-01-2004 00:00,2122.577,2
16-01-2004 00:00,1750.247,2
17-01-2004 00:00,1986.587,2
18-01-2004 00:00,1694.877,2
19-01-2004 00:00,1643.395,2
20-01-2004 00:00,1509.413,2
21-01-2004 00:00,1254.238,2
22-01-2004 00:00,1079.266,2
23-01-2004 00:00,975.097,2
24-01-2004 00:00,927.94,2
25-01-2004 00:00,881.148,2
26-01-2004 00:00,839.824,2
27-01-2004 00:00,754.115,2
28-01-2004 00:00,708.652,2
29-01-2004 00:00,700.227,2
30-01-2004 00:00,670.409,2
31-01-2004 00:00,933.133,2
01-02-2004 00:00,4343.204,2
02-02-2004 00:00,4430.276,2
03-02-2004 00:00,4376.674,2
04-02-2004 00:00,4690.859,2
05-02-2004 00:00,4485.13,2
06-02-2004 00:00,4032.032,2
07-02-2004 00:00,3553.357,2
08-02-2004 00:00,3087.582,2
09-02-2004 00:00,2682.91,2
10-02-2004 00:00,2271.433,2
11-02-2004 00:00,1987.182,2
12-02-2004 00:00,1734.421,2
13-02-2004 00:00,1583.395,2
14-02-2004 00:00,1512.714,2
15-02-2004 00:00,1455.411,2
16-02-2004 00:00,1381.468,2
17-02-2004 00:00,1341.844,2
18-02-2004 00:00,1259.98,2
19-02-2004 00:00,1145.326,2
20-02-2004 00:00,1025.78,2
21-02-2004 00:00,962.821,2
22-02-2004 00:00,926.535,2
23-02-2004 00:00,871.368,2
24-02-2004 00:00,872.86,2
25-02-2004 00:00,886.66,2
26-02-2004 00:00,904.159,2
27-02-2004 00:00,897.433,2
28-02-2004 00:00,832.112,2
29-02-2004 00:00,788.174,2
01-03-2004 00:00,771.966,2
02-03-2004 00:00,799.638,2
03-03-2004 00:00,775.15,2
04-03-2004 00:00,718.42,2
05-03-2004 00:00,675.061,2
06-03-2004 00:00,651.153,2
07-03-2004 00:00,635.395,2
08-03-2004 00:00,622.565,2
09-03-2004 00:00,623.76,2
10-03-2004 00:00,627.106,2
11-03-2004 00:00,622.531,2
12-03-2004 00:00,625.465,2
13-03-2004 00:00,669.59,2
14-03-2004 00:00,849.531,2
15-03-2004 00:00,877.44,2
16-03-2004 00:00,870.748,2
17-03-2004 00:00,861.299,2
18-03-2004 00:00,826.627,2
19-03-2004 00:00,1000.074,2
20-03-2004 00:00,1295.602,2
21-03-2004 00:00,3106.864,2
22-03-2004 00:00,3152.381,2
23-03-2004 00:00,2559.908,2
24-03-2004 00:00,2309.62,2
25-03-2004 00:00,1959.133,2
26-03-2004 00:00,1590.786,2
27-03-2004 00:00,1402.638,2
28-03-2004 00:00,1306.438,2
29-03-2004 00:00,1253.509,2
30-03-2004 00:00,1173.737,2
31-03-2004 00:00,1094.726,2
01-04-2004 00:00,1011.555,2
02-04-2004 00:00,918.349,2
03-04-2004 00:00,859.543,2
04-04-2004 00:00,894.421,2
05-04-2004 00:00,892.271,2
06-04-2004 00:00,940.614,2
07-04-2004 00:00,1117.812,2
08-04-2004 00:00,1006.779,2
09-04-2004 00:00,938.465,2
10-04-2004 00:00,854.233,2
11-04-2004 00:00,784.04,2
12-04-2004 00:00,742.542,2
13-04-2004 00:00,710.099,2
14-04-2004 00:00,689.038,2
15-04-2004 00:00,666.268,2
16-04-2004 00:00,646.72,2
17-04-2004 00:00,622.945,2
18-04-2004 00:00,606.325,2
19-04-2004 00:00,583.268,2
20-04-2004 00:00,565.578,2
21-04-2004 00:00,577.358,2
22-04-2004 00:00,564.584,2
23-04-2004 00:00,552.77,2
24-04-2004 00:00,542.843,2
25-04-2004 00:00,524.152,2
26-04-2004 00:00,742.233,2
27-04-2004 00:00,645.983,2
28-04-2004 00:00,558.982,2
29-04-2004 00:00,516.337,2
30-04-2004 00:00,484.502,2
01-05-2004 00:00,463.428,2
02-05-2004 00:00,460.916,2
03-05-2004 00:00,460.451,2
04-05-2004 00:00,476.932,2
05-05-2004 00:00,606.88,2
06-05-2004 00:00,514.538,2
07-05-2004 00:00,460.056,2
08-05-2004 00:00,421.468,2
09-05-2004 00:00,412.112,2
10-05-2004 00:00,403.173,2
11-05-2004 00:00,384.172,2
12-05-2004 00:00,443.08,2
13-05-2004 00:00,517.909,2
14-05-2004 00:00,419.152,2
15-05-2004 00:00,401.574,2
16-05-2004 00:00,366.958,2
17-05-2004 00:00,342.822,2
18-05-2004 00:00,335.761,2
19-05-2004 00:00,307.84,2
20-05-2004 00:00,285.736,2
21-05-2004 00:00,266.7,2
22-05-2004 00:00,298.421,2
23-05-2004 00:00,420.981,2
24-05-2004 00:00,333.758,2
25-05-2004 00:00,288.933,2
26-05-2004 00:00,272.509,2
27-05-2004 00:00,279.35,2
28-05-2004 00:00,263.048,2
29-05-2004 00:00,245.136,2
30-05-2004 00:00,229.838,2
31-05-2004 00:00,220.16,2
01-06-2004 00:00,211.24,2
02-06-2004 00:00,209.545,2
03-06-2004 00:00,204.646,2
04-06-2004 00:00,203.231,2
05-06-2004 00:00,207.879,2
06-06-2004 00:00,202.108,2
07-06-2004 00:00,210.5,2
08-06-2004 00:00,234.056,2
09-06-2004 00:00,224.702,2
10-06-2004 00:00,219.691,2
11-06-2004 00:00,241.875,2
12-06-2004 00:00,298.332,2
13-06-2004 00:00,239.146,2
14-06-2004 00:00,207.234,2
15-06-2004 00:00,220.462,2
16-06-2004 00:00,224.004,2
17-06-2004 00:00,210.583,2
18-06-2004 00:00,240.348,2
19-06-2004 00:00,472.852,2
20-06-2004 00:00,492.374,2
21-06-2004 00:00,375.171,2
22-06-2004 00:00,420.246,2
23-06-2004 00:00,341.683,2
24-06-2004 00:00,453.299,2
25-06-2004 00:00,559.259,2
26-06-2004 00:00,638.43,2
27-06-2004 00:00,439.66,2
28-06-2004 00:00,318.942,2
29-06-2004 00:00,429.302,2
30-06-2004 00:00,550.916,2
01-07-2004 00:00,595.291,2
02-07-2004 00:00,768.613,2
03-07-2004 00:00,608.46,2
04-07-2004 00:00,568.021,2
05-07-2004 00:00,492.969,2
06-07-2004 00:00,378.592,2
07-07-2004 00:00,336.272,2
08-07-2004 00:00,318.517,2
09-07-2004 00:00,356.08,2
10-07-2004 00:00,415.998,2
11-07-2004 00:00,830.253,2
12-07-2004 00:00,943.304,2
13-07-2004 00:00,657.16,2
14-07-2004 00:00,483.057,2
15-07-2004 00:00,462.077,2
16-07-2004 00:00,393.322,2
17-07-2004 00:00,328.485,2
18-07-2004 00:00,381.994,2
19-07-2004 00:00,552.421,2
20-07-2004 00:00,669.246,2
21-07-2004 00:00,1283.705,2
22-07-2004 00:00,1468.159,2
23-07-2004 00:00,1166.867,2
24-07-2004 00:00,877.342,2
25-07-2004 00:00,726.527,2
26-07-2004 00:00,799.433,2
27-07-2004 00:00,668.237,2
28-07-2004 00:00,543.335,2
29-07-2004 00:00,470.893,2
30-07-2004 00:00,416.984,2
31-07-2004 00:00,377.874,2
01-08-2004 00:00,353.277,2
02-08-2004 00:00,334.755,2
03-08-2004 00:00,329.974,2
04-08-2004 00:00,336.034,2
05-08-2004 00:00,323.101,2
06-08-2004 00:00,310.317,2
07-08-2004 00:00,291.752,2
08-08-2004 00:00,277.03,2
09-08-2004 00:00,266.7,2
10-08-2004 00:00,261.401,2
11-08-2004 00:00,255.425,2
12-08-2004 00:00,253.25,2
13-08-2004 00:00,276.703,2
14-08-2004 00:00,374.382,2
15-08-2004 00:00,310.267,2
16-08-2004 00:00,305.627,2
17-08-2004 00:00,518.464,2
18-08-2004 00:00,484.261,2
19-08-2004 00:00,386.261,2
20-08-2004 00:00,323.791,2
21-08-2004 00:00,298.385,2
22-08-2004 00:00,268.361,2
23-08-2004 00:00,251.997,2
24-08-2004 00:00,258.322,2
25-08-2004 00:00,756.574,2
26-08-2004 00:00,976.368,2
27-08-2004 00:00,795.323,2
28-08-2004 00:00,640.322,2
29-08-2004 00:00,514.297,2
30-08-2004 00:00,502.035,2
31-08-2004 00:00,564.027,2
01-09-2004 00:00,636.711,2
02-09-2004 00:00,675.814,2
03-09-2004 00:00,551.653,2
04-09-2004 00:00,458.488,2
05-09-2004 00:00,402.235,2
06-09-2004 00:00,369.682,2
07-09-2004 00:00,351.041,2
08-09-2004 00:00,325.369,2
09-09-2004 00:00,306.981,2
10-09-2004 00:00,296.76,2
11-09-2004 00:00,288.642,2
12-09-2004 00:00,292.692,2
13-09-2004 00:00,320.882,2
14-09-2004 00:00,305.682,2
15-09-2004 00:00,295.581,2
16-09-2004 00:00,274.99,2
17-09-2004 00:00,260.633,2
18-09-2004 00:00,252.137,2
19-09-2004 00:00,307.413,2
20-09-2004 00:00,330.795,2
21-09-2004 00:00,485.396,2
22-09-2004 00:00,420.5,2
23-09-2004 00:00,366.062,2
24-09-2004 00:00,373.679,2
25-09-2004 00:00,317.341,2
26-09-2004 00:00,301.25,2
27-09-2004 00:00,312.19,2
28-09-2004 00:00,292.356,2
29-09-2004 00:00,273.472,2
30-09-2004 00:00,259.069,2
01-10-2004 00:00,252.389,2
02-10-2004 00:00,253.554,2
03-10-2004 00:00,295.924,2
04-10-2004 00:00,311.531,2
05-10-2004 00:00,385.302,2
06-10-2004 00:00,488.31,2
07-10-2004 00:00,412.089,2
08-10-2004 00:00,365.791,2
09-10-2004 00:00,329.453,2
10-10-2004 00:00,307.076,2
11-10-2004 00:00,290.934,2
12-10-2004 00:00,285.434,2
13-10-2004 00:00,282.438,2
14-10-2004 00:00,277.055,2
15-10-2004 00:00,272.389,2
16-10-2004 00:00,315.159,2
17-10-2004 00:00,1020.996,2
18-10-2004 00:00,1928.956,2
19-10-2004 00:00,1853.235,2
20-10-2004 00:00,1524.629,2
21-10-2004 00:00,1220.362,2
22-10-2004 00:00,1062.243,2
23-10-2004 00:00,1007.341,2
24-10-2004 00:00,1238.513,2
25-10-2004 00:00,1267.56,2
26-10-2004 00:00,1075.336,2
27-10-2004 00:00,928.238,2
28-10-2004 00:00,833.957,2
29-10-2004 00:00,781.662,2
30-10-2004 00:00,1013.494,2
31-10-2004 00:00,938.842,2
01-11-2004 00:00,860.123,2
02-11-2004 00:00,814.581,2
03-11-2004 00:00,778.808,2
04-11-2004 00:00,729.2,2
05-11-2004 00:00,770.354,2
06-11-2004 00:00,771.28,2
07-11-2004 00:00,692.857,2
08-11-2004 00:00,645.136,2
09-11-2004 00:00,614.803,2
10-11-2004 00:00,721.925,2
11-11-2004 00:00,702.461,2
12-11-2004 00:00,716.237,2
13-11-2004 00:00,1006.347,2
14-11-2004 00:00,874.014,2
15-11-2004 00:00,815.353,2
16-11-2004 00:00,790.156,2
17-11-2004 00:00,752.883,2
18-11-2004 00:00,941.206,2
19-11-2004 00:00,861.057,2
20-11-2004 00:00,775.206,2
21-11-2004 00:00,729.01,2
22-11-2004 00:00,1190.563,2
23-11-2004 00:00,2221.839,2
24-11-2004 00:00,1814.393,2
25-11-2004 00:00,1517.739,2
26-11-2004 00:00,1401.762,2
27-11-2004 00:00,2329.116,2
28-11-2004 00:00,2354.786,2
29-11-2004 00:00,2099.669,2
30-11-2004 00:00,1803.291,2
01-12-2004 00:00,1573.44,2
02-12-2004 00:00,1806.133,2
03-12-2004 00:00,1838.622,2
04-12-2004 00:00,1698.166,2
05-12-2004 00:00,1586.719,2
06-12-2004 00:00,1444.395,2
07-12-2004 00:00,1326.238,2
08-12-2004 00:00,1240.721,2
09-12-2004 00:00,1214.49,2
10-12-2004 00:00,1148.735,2
11-12-2004 00:00,1071.608,2
12-12-2004 00:00,1007.542,2
13-12-2004 00:00,953.526,2
14-12-2004 00:00,909.794,2
15-12-2004 00:00,892.269,2
16-12-2004 00:00,903.078,2
17-12-2004 00:00,994.718,2
18-12-2004 00:00,1097.102,2
19-12-2004 00:00,1201.821,2
20-12-2004 00:00,1098.905,2
21-12-2004 00:00,1089.799,2
22-12-2004 00:00,1307.032,2
23-12-2004 00:00,2287.906,2
24-12-2004 00:00,2825.794,2
25-12-2004 00:00,3830.795,2
26-12-2004 00:00,4077.382,2
27-12-2004 00:00,3568.663,2
28-12-2004 00:00,3025.368,2
29-12-2004 00:00,2506.469,2
30-12-2004 00:00,2248.418,2
31-12-2004 00:00,2272.12,2
01-01-2005 00:00,2067.348,2
02-01-2005 00:00,2013.615,2
03-01-2005 00:00,1910.239,2
04-01-2005 00:00,2704.148,2
05-01-2005 00:00,2742.157,2
06-01-2005 00:00,2376.624,2
07-01-2005 00:00,2178.26,2
08-01-2005 00:00,2515.719,2
09-01-2005 00:00,2543.149,2
10-01-2005 00:00,2353.611,2
11-01-2005 00:00,2027.69,2
12-01-2005 00:00,1815.7,2
13-01-2005 00:00,1738.139,2
14-01-2005 00:00,1622.574,2
15-01-2005 00:00,1483.314,2
16-01-2005 00:00,1402.821,2
17-01-2005 00:00,1342.091,2
18-01-2005 00:00,1599.772,2
19-01-2005 00:00,1603.77,2
20-01-2005 00:00,1678.798,2
21-01-2005 00:00,1961.182,2
22-01-2005 00:00,1748.019,2
23-01-2005 00:00,1530.532,2
24-01-2005 00:00,1407.737,2
25-01-2005 00:00,1370.965,2
26-01-2005 00:00,1238.982,2
27-01-2005 00:00,1205.806,2
28-01-2005 00:00,1173.955,2
29-01-2005 00:00,1089.917,2
30-01-2005 00:00,1080.535,2
31-01-2005 00:00,1230.037,2
01-02-2005 00:00,1196.9,2
02-02-2005 00:00,1132.249,2
03-02-2005 00:00,1064.495,2
04-02-2005 00:00,1030.533,2
05-02-2005 00:00,1003.686,2
06-02-2005 00:00,945.647,2
07-02-2005 00:00,896.178,2
08-02-2005 00:00,861.225,2
09-02-2005 00:00,841.874,2
10-02-2005 00:00,1002.917,2
11-02-2005 00:00,1111.887,2
12-02-2005 00:00,1078.857,2
13-02-2005 00:00,1347.383,2
14-02-2005 00:00,1198.495,2
15-02-2005 00:00,1180.965,2
16-02-2005 00:00,1118.951,2
17-02-2005 00:00,1232.953,2
18-02-2005 00:00,1439.447,2
19-02-2005 00:00,1352.44,2
20-02-2005 00:00,1399.848,2
21-02-2005 00:00,1408.24,2
22-02-2005 00:00,1342.367,2
23-02-2005 00:00,1241.581,2
24-02-2005 00:00,1167.166,2
25-02-2005 00:00,1142.311,2
26-02-2005 00:00,1119.574,2
27-02-2005 00:00,1010.19,2
28-02-2005 00:00,961.766,2
01-03-2005 00:00,955.242,2
02-03-2005 00:00,891.829,2
03-03-2005 00:00,894.16,2
04-03-2005 00:00,853.633,2
05-03-2005 00:00,818.34,2
06-03-2005 00:00,778.434,2
07-03-2005 00:00,781.194,2
08-03-2005 00:00,845.349,2
09-03-2005 00:00,856.358,2
10-03-2005 00:00,805.132,2
11-03-2005 00:00,1340.999,2
12-03-2005 00:00,1905.251,2
13-03-2005 00:00,1474.73,2
14-03-2005 00:00,1280.34,2
15-03-2005 00:00,1462.128,2
16-03-2005 00:00,3575.926,2
17-03-2005 00:00,4931.011,2
18-03-2005 00:00,4887.525,2
19-03-2005 00:00,4543.973,2
20-03-2005 00:00,3905.492,2
21-03-2005 00:00,3107.762,2
22-03-2005 00:00,2608.049,2
23-03-2005 00:00,2323.026,2
24-03-2005 00:00,2111.729,2
25-03-2005 00:00,1885.619,2
26-03-2005 00:00,1674.631,2
27-03-2005 00:00,1485.423,2
28-03-2005 00:00,1358.187,2
29-03-2005 00:00,1289.377,2
30-03-2005 00:00,1279.801,2
31-03-2005 00:00,1233.865,2
01-04-2005 00:00,1164.686,2
02-04-2005 00:00,1087.085,2
03-04-2005 00:00,953.61,2
04-04-2005 00:00,880.755,2
05-04-2005 00:00,889.065,2
06-04-2005 00:00,924.66,2
07-04-2005 00:00,905.602,2
08-04-2005 00:00,826.798,2
09-04-2005 00:00,753.515,2
10-04-2005 00:00,711.996,2
11-04-2005 00:00,685.69,2
12-04-2005 00:00,673.864,2
13-04-2005 00:00,667.832,2
14-04-2005 00:00,735.04,2
15-04-2005 00:00,716.69,2
16-04-2005 00:00,662.826,2
17-04-2005 00:00,626.592,2
18-04-2005 00:00,595.603,2
19-04-2005 00:00,567.947,2
20-04-2005 00:00,553.063,2
21-04-2005 00:00,539.935,2
22-04-2005 00:00,530.841,2
23-04-2005 00:00,517.487,2
24-04-2005 00:00,498.89,2
25-04-2005 00:00,491.915,2
26-04-2005 00:00,480.559,2
27-04-2005 00:00,484.024,2
28-04-2005 00:00,498.312,2
29-04-2005 00:00,481.81,2
30-04-2005 00:00,465.79,2
01-05-2005 00:00,459.794,2
02-05-2005 00:00,576.772,2
03-05-2005 00:00,747.743,2
04-05-2005 00:00,647.31,2
05-05-2005 00:00,583.398,2
06-05-2005 00:00,728.896,2
07-05-2005 00:00,713.398,2
08-05-2005 00:00,588.831,2
09-05-2005 00:00,585.698,2
10-05-2005 00:00,792.477,2
11-05-2005 00:00,719.15,2
12-05-2005 00:00,585.033,2
13-05-2005 00:00,511.609,2
14-05-2005 00:00,480.669,2
15-05-2005 00:00,455.144,2
16-05-2005 00:00,437.328,2
17-05-2005 00:00,422.093,2
18-05-2005 00:00,480.68,2
19-05-2005 00:00,450.467,2
20-05-2005 00:00,412.97,2
21-05-2005 00:00,593.804,2
22-05-2005 00:00,692.39,2
23-05-2005 00:00,579.863,2
24-05-2005 00:00,556.182,2
25-05-2005 00:00,498.636,2
26-05-2005 00:00,443.385,2
27-05-2005 00:00,398.969,2
28-05-2005 00:00,377.55,2
29-05-2005 00:00,351.068,2
30-05-2005 00:00,340.59,2
31-05-2005 00:00,521.177,2
01-06-2005 00:00,713.471,2
02-06-2005 00:00,589.699,2
03-06-2005 00:00,642.282,2
04-06-2005 00:00,1411.369,2
05-06-2005 00:00,1226.495,2
06-06-2005 00:00,888.087,2
07-06-2005 00:00,744.558,2
08-06-2005 00:00,601.442,2
09-06-2005 00:00,505.955,2
10-06-2005 00:00,453.293,2
11-06-2005 00:00,423.98,2
12-06-2005 00:00,480.884,2
13-06-2005 00:00,519.467,2
14-06-2005 00:00,544.868,2
15-06-2005 00:00,430.872,2
16-06-2005 00:00,382.524,2
17-06-2005 00:00,377.729,2
18-06-2005 00:00,363.336,2
19-06-2005 00:00,333.551,2
20-06-2005 00:00,318.325,2
21-06-2005 00:00,304.622,2
22-06-2005 00:00,300.803,2
23-06-2005 00:00,290.563,2
24-06-2005 00:00,283.472,2
25-06-2005 00:00,303.428,2
26-06-2005 00:00,310.178,2
27-06-2005 00:00,266.942,2
28-06-2005 00:00,254.83,2
29-06-2005 00:00,254.033,2
30-06-2005 00:00,244.124,2
01-07-2005 00:00,237.773,2
02-07-2005 00:00,231.985,2
03-07-2005 00:00,222.96,2
04-07-2005 00:00,215.026,2
05-07-2005 00:00,225.813,2
06-07-2005 00:00,411.134,2
07-07-2005 00:00,586.237,2
08-07-2005 00:00,504.139,2
09-07-2005 00:00,355.88,2
10-07-2005 00:00,275.795,2
11-07-2005 00:00,241.201,2
12-07-2005 00:00,229.845,2
13-07-2005 00:00,229.567,2
14-07-2005 00:00,226.956,2
15-07-2005 00:00,241.184,2
16-07-2005 00:00,479.34,2
17-07-2005 00:00,425.305,2
18-07-2005 00:00,317.565,2
19-07-2005 00:00,334.536,2
20-07-2005 00:00,457.567,2
21-07-2005 00:00,750.397,2
22-07-2005 00:00,597.059,2
23-07-2005 00:00,403.584,2
24-07-2005 00:00,333.949,2
25-07-2005 00:00,314.986,2
26-07-2005 00:00,312.701,2
27-07-2005 00:00,277.15,2
28-07-2005 00:00,282.243,2
29-07-2005 00:00,330.355,2
30-07-2005 00:00,598.802,2
31-07-2005 00:00,835.4,2
01-08-2005 00:00,917.347,2
02-08-2005 00:00,784.86,2
03-08-2005 00:00,559.039,2
04-08-2005 00:00,464.271,2
05-08-2005 00:00,414.392,2
06-08-2005 00:00,498.753,2
07-08-2005 00:00,459.378,2
08-08-2005 00:00,625.241,2
09-08-2005 00:00,615.711,2
10-08-2005 00:00,487.912,2
11-08-2005 00:00,423.395,2
12-08-2005 00:00,403.224,2
13-08-2005 00:00,430.703,2
14-08-2005 00:00,378.862,2
15-08-2005 00:00,337.784,2
16-08-2005 00:00,316.266,2
17-08-2005 00:00,297.741,2
18-08-2005 00:00,284.695,2
19-08-2005 00:00,273.108,2
20-08-2005 00:00,264.117,2
21-08-2005 00:00,256.961,2
22-08-2005 00:00,254.369,2
23-08-2005 00:00,251.012,2
24-08-2005 00:00,247.913,2
25-08-2005 00:00,280.839,2
26-08-2005 00:00,402.636,2
27-08-2005 00:00,384.945,2
28-08-2005 00:00,347.255,2
29-08-2005 00:00,300.566,2
30-08-2005 00:00,262.618,2
31-08-2005 00:00,230.711,2
01-09-2005 00:00,217.073,2
02-09-2005 00:00,211.714,2
03-09-2005 00:00,207.258,2
04-09-2005 00:00,200.641,2
05-09-2005 00:00,199.79,2
06-09-2005 00:00,196.391,2
07-09-2005 00:00,194.505,2
08-09-2005 00:00,193.783,2
09-09-2005 00:00,189.439,2
10-09-2005 00:00,188.63,2
11-09-2005 00:00,183.801,2
12-09-2005 00:00,181.766,2
13-09-2005 00:00,184.188,2
14-09-2005 00:00,188.901,2
15-09-2005 00:00,190.157,2
16-09-2005 00:00,215.711,2
17-09-2005 00:00,227.824,2
18-09-2005 00:00,213.09,2
19-09-2005 00:00,203.163,2
20-09-2005 00:00,199.334,2
21-09-2005 00:00,196.308,2
22-09-2005 00:00,196.22,2
23-09-2005 00:00,197.115,2
24-09-2005 00:00,191.454,2
25-09-2005 00:00,188.166,2
26-09-2005 00:00,197.349,2
27-09-2005 00:00,193.353,2
28-09-2005 00:00,224.412,2
29-09-2005 00:00,220.342,2
30-09-2005 00:00,304.038,2
01-10-2005 00:00,313.602,2
02-10-2005 00:00,365.433,2
03-10-2005 00:00,304.501,2
04-10-2005 00:00,263.533,2
05-10-2005 00:00,244.128,2
06-10-2005 00:00,230.378,2
07-10-2005 00:00,224.797,2
08-10-2005 00:00,222.861,2
09-10-2005 00:00,215.205,2
10-10-2005 00:00,213.846,2
11-10-2005 00:00,216.034,2
12-10-2005 00:00,214.212,2
13-10-2005 00:00,213.273,2
14-10-2005 00:00,213.325,2
15-10-2005 00:00,212.626,2
16-10-2005 00:00,210.024,2
17-10-2005 00:00,210.259,2
18-10-2005 00:00,213.353,2
19-10-2005 00:00,215.746,2
20-10-2005 00:00,221.534,2
21-10-2005 00:00,234.21,2
22-10-2005 00:00,359.275,2
23-10-2005 00:00,330.784,2
24-10-2005 00:00,284.709,2
25-10-2005 00:00,504.336,2
26-10-2005 00:00,812.725,2
27-10-2005 00:00,625.759,2
28-10-2005 00:00,473.357,2
29-10-2005 00:00,380.873,2
30-10-2005 00:00,341.544,2
31-10-2005 00:00,338.437,2
01-11-2005 00:00,304.099,2
02-11-2005 00:00,337.844,2
03-11-2005 00:00,441.338,2
04-11-2005 00:00,513.659,2
05-11-2005 00:00,516.804,2
06-11-2005 00:00,544.921,2
07-11-2005 00:00,472.351,2
08-11-2005 00:00,432.844,2
09-11-2005 00:00,413.431,2
10-11-2005 00:00,385.63,2
11-11-2005 00:00,395.777,2
12-11-2005 00:00,466.589,2
13-11-2005 00:00,438.591,2
14-11-2005 00:00,415.834,2
15-11-2005 00:00,526.909,2
16-11-2005 00:00,515.277,2
17-11-2005 00:00,458.407,2
18-11-2005 00:00,409.451,2
19-11-2005 00:00,379.647,2
20-11-2005 00:00,362.684,2
21-11-2005 00:00,348.387,2
22-11-2005 00:00,347.84,2
23-11-2005 00:00,355.173,2
24-11-2005 00:00,370.506,2
25-11-2005 00:00,383.118,2
26-11-2005 00:00,423.74,2
27-11-2005 00:00,407.749,2
28-11-2005 00:00,383.56,2
29-11-2005 00:00,366.852,2
30-11-2005 00:00,367.523,2
01-12-2005 00:00,356.813,2
02-12-2005 00:00,352.464,2
03-12-2005 00:00,348.379,2
04-12-2005 00:00,361.036,2
05-12-2005 00:00,409.074,2
06-12-2005 00:00,524.023,2
07-12-2005 00:00,497.356,2
08-12-2005 00:00,489.665,2
09-12-2005 00:00,470.707,2
10-12-2005 00:00,438.162,2
11-12-2005 00:00,451.475,2
12-12-2005 00:00,438.919,2
13-12-2005 00:00,424.814,2
14-12-2005 00:00,457.346,2
15-12-2005 00:00,520.25,2
16-12-2005 00:00,614.266,2
17-12-2005 00:00,559.349,2
18-12-2005 00:00,482.062,2
19-12-2005 00:00,432.288,2
20-12-2005 00:00,457.77,2
21-12-2005 00:00,446.249,2
22-12-2005 00:00,523.669,2
23-12-2005 00:00,516.392,2
24-12-2005 00:00,572.227,2
25-12-2005 00:00,545.633,2
26-12-2005 00:00,515.707,2
27-12-2005 00:00,480.922,2
28-12-2005 00:00,465.762,2
29-12-2005 00:00,468.073,2
30-12-2005 00:00,510.193,2
31-12-2005 00:00,500.312,2
01-01-2006 00:00,511.997,2
02-01-2006 00:00,570.522,2
03-01-2006 00:00,551.68,2
04-01-2006 00:00,525.701,2
05-01-2006 00:00,516.995,2
06-01-2006 00:00,522.076,2
07-01-2006 00:00,500.279,2
08-01-2006 00:00,483.496,2
09-01-2006 00:00,468.797,2
10-01-2006 00:00,461.37,2
11-01-2006 00:00,716.609,2
12-01-2006 00:00,1417.321,2
13-01-2006 00:00,1205.496,2
14-01-2006 00:00,983.872,2
15-01-2006 00:00,833.027,2
16-01-2006 00:00,737.606,2
17-01-2006 00:00,660.063,2
18-01-2006 00:00,604.588,2
19-01-2006 00:00,544.111,2
20-01-2006 00:00,504.086,2
21-01-2006 00:00,528.219,2
22-01-2006 00:00,463.341,2
23-01-2006 00:00,442.563,2
24-01-2006 00:00,411.694,2
25-01-2006 00:00,423.781,2
26-01-2006 00:00,426.981,2
27-01-2006 00:00,423.842,2
28-01-2006 00:00,424.417,2
29-01-2006 00:00,420.251,2
30-01-2006 00:00,420.991,2
31-01-2006 00:00,422.787,2
01-02-2006 00:00,415.754,2
02-02-2006 00:00,409.624,2
03-02-2006 00:00,407.425,2
04-02-2006 00:00,408.651,2
05-02-2006 00:00,426.798,2
06-02-2006 00:00,444.793,2
07-02-2006 00:00,1804.381,2
08-02-2006 00:00,2292.131,2
09-02-2006 00:00,2780.598,2
10-02-2006 00:00,2998.012,2
11-02-2006 00:00,2430.024,2
12-02-2006 00:00,1887.025,2
13-02-2006 00:00,1511.627,2
14-02-2006 00:00,1415.761,2
15-02-2006 00:00,1303.249,2
16-02-2006 00:00,1392.637,2
17-02-2006 00:00,1390.88,2
18-02-2006 00:00,1315.032,2
19-02-2006 00:00,1564.155,2
20-02-2006 00:00,1679.556,2
21-02-2006 00:00,1640.856,2
22-02-2006 00:00,1408.333,2
23-02-2006 00:00,1300.307,2
24-02-2006 00:00,1192.051,2
25-02-2006 00:00,1114.369,2
26-02-2006 00:00,1031.692,2
27-02-2006 00:00,948.987,2
28-02-2006 00:00,896.602,2
01-03-2006 00:00,874.078,2
02-03-2006 00:00,848.897,2
03-03-2006 00:00,820.477,2
04-03-2006 00:00,779.042,2
05-03-2006 00:00,719.021,2
06-03-2006 00:00,678.753,2
07-03-2006 00:00,606.188,2
08-03-2006 00:00,601.051,2
09-03-2006 00:00,582.499,2
10-03-2006 00:00,563.527,2
11-03-2006 00:00,528.088,2
12-03-2006 00:00,505.02,2
13-03-2006 00:00,492.029,2
14-03-2006 00:00,500.158,2
15-03-2006 00:00,492.093,2
16-03-2006 00:00,504.443,2
17-03-2006 00:00,515.911,2
18-03-2006 00:00,535.432,2
19-03-2006 00:00,564.618,2
20-03-2006 00:00,578.435,2
21-03-2006 00:00,549.21,2
22-03-2006 00:00,554.938,2
23-03-2006 00:00,563.774,2
24-03-2006 00:00,589.22,2
25-03-2006 00:00,604.54,2
26-03-2006 00:00,646.254,2
27-03-2006 00:00,1168.24,2
28-03-2006 00:00,2188.143,2
29-03-2006 00:00,1919.914,2
30-03-2006 00:00,1753.795,2
31-03-2006 00:00,2156.473,2
01-04-2006 00:00,1853.783,2
02-04-2006 00:00,1648.083,2
03-04-2006 00:00,1446.22,2
04-04-2006 00:00,1408.201,2
05-04-2006 00:00,1524.534,2
06-04-2006 00:00,1420.797,2
07-04-2006 00:00,1723.722,2
08-04-2006 00:00,1535.181,2
09-04-2006 00:00,1730.989,2
10-04-2006 00:00,1746.35,2
11-04-2006 00:00,1422.638,2
12-04-2006 00:00,1250.056,2
13-04-2006 00:00,1216.287,2
14-04-2006 00:00,1239.049,2
15-04-2006 00:00,1089.172,2
16-04-2006 00:00,1008.181,2
17-04-2006 00:00,932.584,2
18-04-2006 00:00,862.623,2
19-04-2006 00:00,821.227,2
20-04-2006 00:00,943.954,2
21-04-2006 00:00,876.576,2
22-04-2006 00:00,852.795,2
23-04-2006 00:00,768.628,2
24-04-2006 00:00,719.777,2
25-04-2006 00:00,690.022,2
26-04-2006 00:00,672.057,2
27-04-2006 00:00,685.614,2
28-04-2006 00:00,666.708,2
29-04-2006 00:00,629.492,2
30-04-2006 00:00,645.795,2
01-05-2006 00:00,617.037,2
02-05-2006 00:00,582.216,2
03-05-2006 00:00,559.598,2
04-05-2006 00:00,511.019,2
05-05-2006 00:00,474.875,2
06-05-2006 00:00,452.657,2
07-05-2006 00:00,439.111,2
08-05-2006 00:00,417.961,2
09-05-2006 00:00,394.424,2
10-05-2006 00:00,415.56,2
11-05-2006 00:00,400.396,2
12-05-2006 00:00,348.85,2
13-05-2006 00:00,337.888,2
14-05-2006 00:00,348.883,2
15-05-2006 00:00,358.835,2
16-05-2006 00:00,401.847,2
17-05-2006 00:00,388.837,2
18-05-2006 00:00,442.244,2
19-05-2006 00:00,608.576,2
20-05-2006 00:00,542.546,2
21-05-2006 00:00,601.838,2
22-05-2006 00:00,516.221,2
23-05-2006 00:00,583.282,2
24-05-2006 00:00,550.982,2
25-05-2006 00:00,537.676,2
26-05-2006 00:00,449.213,2
27-05-2006 00:00,371.873,2
28-05-2006 00:00,584.705,2
29-05-2006 00:00,682.818,2
30-05-2006 00:00,602.832,2
31-05-2006 00:00,475.344,2
01-06-2006 00:00,453.456,2
02-06-2006 00:00,416.898,2
03-06-2006 00:00,374.544,2
04-06-2006 00:00,350.608,2
05-06-2006 00:00,304.127,2
06-06-2006 00:00,279.101,2
07-06-2006 00:00,264.712,2
08-06-2006 00:00,247.21,2
09-06-2006 00:00,242.048,2
10-06-2006 00:00,230.209,2
11-06-2006 00:00,213.658,2
12-06-2006 00:00,204.788,2
13-06-2006 00:00,207.165,2
14-06-2006 00:00,204.811,2
15-06-2006 00:00,222.186,2
16-06-2006 00:00,227.287,2
17-06-2006 00:00,236.085,2
18-06-2006 00:00,246.393,2
19-06-2006 00:00,261.066,2
20-06-2006 00:00,363.447,2
21-06-2006 00:00,345.546,2
22-06-2006 00:00,325.015,2
23-06-2006 00:00,291.935,2
24-06-2006 00:00,243.844,2
25-06-2006 00:00,208.804,2
26-06-2006 00:00,370.719,2
27-06-2006 00:00,496.366,2
28-06-2006 00:00,345.964,2
29-06-2006 00:00,251.138,2
30-06-2006 00:00,214.55,2
01-07-2006 00:00,215.573,2
02-07-2006 00:00,192.789,2
03-07-2006 00:00,176.511,2
04-07-2006 00:00,174.979,2
05-07-2006 00:00,171.77,2
06-07-2006 00:00,163.125,2
07-07-2006 00:00,160.135,2
08-07-2006 00:00,161.908,2
09-07-2006 00:00,161.879,2
10-07-2006 00:00,161.682,2
11-07-2006 00:00,174.025,2
12-07-2006 00:00,184.058,2
13-07-2006 00:00,167.528,2
14-07-2006 00:00,158.002,2
15-07-2006 00:00,165.908,2
16-07-2006 00:00,150.506,2
17-07-2006 00:00,145.529,2
18-07-2006 00:00,143.813,2
19-07-2006 00:00,148.918,2
20-07-2006 00:00,144.177,2
21-07-2006 00:00,154.558,2
22-07-2006 00:00,197.979,2
23-07-2006 00:00,166.671,2
24-07-2006 00:00,151.31,2
25-07-2006 00:00,138.658,2
26-07-2006 00:00,133.744,2
27-07-2006 00:00,128.633,2
28-07-2006 00:00,175.924,2
29-07-2006 00:00,163.822,2
30-07-2006 00:00,150.018,2
31-07-2006 00:00,174.544,2
01-08-2006 00:00,167.982,2
02-08-2006 00:00,347.647,2
03-08-2006 00:00,309.314,2
04-08-2006 00:00,245.455,2
05-08-2006 00:00,194.755,2
06-08-2006 00:00,157.566,2
07-08-2006 00:00,150.232,2
08-08-2006 00:00,148.713,2
09-08-2006 00:00,146.63,2
10-08-2006 00:00,145.937,2
11-08-2006 00:00,144.315,2
12-08-2006 00:00,249.595,2
13-08-2006 00:00,249.964,2
14-08-2006 00:00,591.346,2
15-08-2006 00:00,703.625,2
16-08-2006 00:00,690.126,2
17-08-2006 00:00,550.715,2
18-08-2006 00:00,361.044,2
19-08-2006 00:00,291.138,2
20-08-2006 00:00,307.553,2
21-08-2006 00:00,422.285,2
22-08-2006 00:00,441.608,2
23-08-2006 00:00,767.293,2
24-08-2006 00:00,1312.838,2
25-08-2006 00:00,1116.079,2
26-08-2006 00:00,836.653,2
27-08-2006 00:00,707.164,2
28-08-2006 00:00,1198.041,2
29-08-2006 00:00,1171.586,2
30-08-2006 00:00,1340.308,2
31-08-2006 00:00,1314.366,2
01-09-2006 00:00,1052.081,2
02-09-2006 00:00,882.428,2
03-09-2006 00:00,849.782,2
04-09-2006 00:00,824.499,2
05-09-2006 00:00,791.063,2
06-09-2006 00:00,746.382,2
07-09-2006 00:00,701.788,2
08-09-2006 00:00,767.922,2
09-09-2006 00:00,754.814,2
10-09-2006 00:00,612.411,2
11-09-2006 00:00,518.943,2
12-09-2006 00:00,444.773,2
13-09-2006 00:00,380.112,2
14-09-2006 00:00,337.799,2
15-09-2006 00:00,310.551,2
16-09-2006 00:00,284.47,2
17-09-2006 00:00,268.167,2
18-09-2006 00:00,269.435,2
19-09-2006 00:00,275.49,2
20-09-2006 00:00,262.917,2
21-09-2006 00:00,253.047,2
22-09-2006 00:00,246.486,2
23-09-2006 00:00,237.365,2
24-09-2006 00:00,227.045,2
25-09-2006 00:00,225.656,2
26-09-2006 00:00,230.865,2
27-09-2006 00:00,334.652,2
28-09-2006 00:00,426.337,2
29-09-2006 00:00,381.056,2
30-09-2006 00:00,344.814,2
01-10-2006 00:00,317.348,2
02-10-2006 00:00,605.703,2
03-10-2006 00:00,839.67,2
04-10-2006 00:00,1388.637,2
05-10-2006 00:00,1305.227,2
06-10-2006 00:00,1225.23,2
07-10-2006 00:00,1224.345,2
08-10-2006 00:00,1190.694,2
09-10-2006 00:00,1089.072,2
10-10-2006 00:00,952.753,2
11-10-2006 00:00,848.005,2
12-10-2006 00:00,762.848,2
13-10-2006 00:00,697.35,2
14-10-2006 00:00,642.712,2
15-10-2006 00:00,599.781,2
16-10-2006 00:00,586.955,2
17-10-2006 00:00,553.261,2
18-10-2006 00:00,554.285,2
19-10-2006 00:00,529.858,2
20-10-2006 00:00,544.228,2
21-10-2006 00:00,577.772,2
22-10-2006 00:00,563.035,2
23-10-2006 00:00,757.84,2
24-10-2006 00:00,1022.606,2
25-10-2006 00:00,1132.241,2
26-10-2006 00:00,1047.11,2
27-10-2006 00:00,958.772,2
28-10-2006 00:00,827.916,2
29-10-2006 00:00,1056.749,2
30-10-2006 00:00,1161.28,2
31-10-2006 00:00,1286.349,2
01-11-2006 00:00,1318.387,2
02-11-2006 00:00,1273.056,2
03-11-2006 00:00,1041.55,2
04-11-2006 00:00,894.695,2
05-11-2006 00:00,871.53,2
06-11-2006 00:00,1122.284,2
07-11-2006 00:00,1049.069,2
08-11-2006 00:00,1167.263,2
09-11-2006 00:00,2166.753,2
10-11-2006 00:00,2267.969,2
11-11-2006 00:00,2189.664,2
12-11-2006 00:00,2367.337,2
13-11-2006 00:00,2190.008,2
14-11-2006 00:00,2447.342,2
15-11-2006 00:00,2286.871,2
16-11-2006 00:00,2211.16,2
17-11-2006 00:00,2003.977,2
18-11-2006 00:00,1833.381,2
19-11-2006 00:00,1659.332,2
20-11-2006 00:00,1690.044,2
21-11-2006 00:00,1726.645,2
22-11-2006 00:00,2042.582,2
23-11-2006 00:00,1885.578,2
24-11-2006 00:00,1900.018,2
25-11-2006 00:00,1758.277,2
26-11-2006 00:00,1741.744,2
27-11-2006 00:00,1642.938,2
28-11-2006 00:00,1480.214,2
29-11-2006 00:00,1373.808,2
30-11-2006 00:00,1303.021,2
01-12-2006 00:00,1297.148,2
02-12-2006 00:00,1356.973,2
03-12-2006 00:00,2018.597,2
04-12-2006 00:00,2033.93,2
05-12-2006 00:00,1972.812,2
06-12-2006 00:00,2088.744,2
07-12-2006 00:00,2074.169,2
08-12-2006 00:00,2397.377,2
09-12-2006 00:00,2220.905,2
10-12-2006 00:00,1872.414,2
11-12-2006 00:00,1760.507,2
12-12-2006 00:00,2115.774,2
13-12-2006 00:00,2152.378,2
14-12-2006 00:00,3027.284,2
15-12-2006 00:00,3216.176,2
16-12-2006 00:00,3004.485,2
17-12-2006 00:00,2759.042,2
18-12-2006 00:00,2469.683,2
19-12-2006 00:00,2225.101,2
20-12-2006 00:00,2032.767,2
21-12-2006 00:00,1843.837,2
22-12-2006 00:00,1685.517,2
23-12-2006 00:00,1562.103,2
24-12-2006 00:00,1475.603,2
25-12-2006 00:00,1378.9,2
26-12-2006 00:00,1293.235,2
27-12-2006 00:00,1227.61,2
28-12-2006 00:00,1184.437,2
29-12-2006 00:00,1131.571,2
30-12-2006 00:00,1150.165,2
31-12-2006 00:00,2423.706,2
01-01-2007 00:00,2488.508,2
02-01-2007 00:00,2186.342,2
03-01-2007 00:00,1806.436,2
04-01-2007 00:00,1817.519,2
05-01-2007 00:00,1965.373,2
06-01-2007 00:00,1744.648,2
07-01-2007 00:00,1538.284,2
08-01-2007 00:00,1529.502,2
09-01-2007 00:00,1653.417,2
10-01-2007 00:00,1589.635,2
11-01-2007 00:00,1786.784,2
12-01-2007 00:00,2702.524,2
13-01-2007 00:00,2927.907,2
14-01-2007 00:00,2571.111,2
15-01-2007 00:00,2119.441,2
16-01-2007 00:00,1800.473,2
17-01-2007 00:00,1725.013,2
18-01-2007 00:00,2694.744,2
19-01-2007 00:00,3726.712,2
20-01-2007 00:00,4139.368,2
21-01-2007 00:00,4569.551,2
22-01-2007 00:00,4101.307,2
23-01-2007 00:00,3623.759,2
24-01-2007 00:00,3421.648,2
25-01-2007 00:00,3298.648,2
26-01-2007 00:00,3152.615,2
27-01-2007 00:00,3149.366,2
28-01-2007 00:00,3402.738,2
29-01-2007 00:00,3918.879,2
30-01-2007 00:00,3564.131,2
31-01-2007 00:00,3344.632,2
01-02-2007 00:00,3155.25,2
02-02-2007 00:00,2902.982,2
03-02-2007 00:00,2879.142,2
04-02-2007 00:00,2622.002,2
05-02-2007 00:00,2450.253,2
06-02-2007 00:00,2330.565,2
07-02-2007 00:00,2188.769,2
08-02-2007 00:00,2058.019,2
09-02-2007 00:00,1955.833,2
10-02-2007 00:00,1835.036,2
11-02-2007 00:00,1740.738,2
12-02-2007 00:00,1524.333,2
13-02-2007 00:00,1444.464,2
14-02-2007 00:00,1381.641,2
15-02-2007 00:00,1327.74,2
16-02-2007 00:00,1253.303,2
17-02-2007 00:00,1160.792,2
18-02-2007 00:00,1057.943,2
19-02-2007 00:00,978.695,2
20-02-2007 00:00,905.268,2
21-02-2007 00:00,838.331,2
22-02-2007 00:00,614.666,2
23-02-2007 00:00,674.675,2
24-02-2007 00:00,690.885,2
25-02-2007 00:00,819.365,2
26-02-2007 00:00,1510.857,2
27-02-2007 00:00,2560.94,2
28-02-2007 00:00,3237.538,2
01-03-2007 00:00,3926.55,2
02-03-2007 00:00,3709.699,2
03-03-2007 00:00,3108.551,2
04-03-2007 00:00,2544.878,2
05-03-2007 00:00,2250.962,2
06-03-2007 00:00,2223.721,2
07-03-2007 00:00,2442.438,2
08-03-2007 00:00,2732.871,2
09-03-2007 00:00,2434.581,2
10-03-2007 00:00,2199.899,2
11-03-2007 00:00,1955.456,2
12-03-2007 00:00,1763.588,2
13-03-2007 00:00,1574.931,2
14-03-2007 00:00,1431.8,2
15-03-2007 00:00,1331.736,2
16-03-2007 00:00,1255.277,2
17-03-2007 00:00,1246.272,2
18-03-2007 00:00,1347.254,2
19-03-2007 00:00,1338.413,2
20-03-2007 00:00,1309.333,2
21-03-2007 00:00,1175.798,2
22-03-2007 00:00,1077.12,2
23-03-2007 00:00,1021.384,2
24-03-2007 00:00,993.742,2
25-03-2007 00:00,919.906,2
26-03-2007 00:00,864.575,2
27-03-2007 00:00,821.115,2
28-03-2007 00:00,800.567,2
29-03-2007 00:00,766.682,2
30-03-2007 00:00,730.634,2
31-03-2007 00:00,690.25,2
01-04-2007 00:00,651.717,2
02-04-2007 00:00,630.376,2
03-04-2007 00:00,643.016,2
04-04-2007 00:00,625.785,2
05-04-2007 00:00,583.75,2
06-04-2007 00:00,536.754,2
07-04-2007 00:00,503.948,2
08-04-2007 00:00,521.917,2
09-04-2007 00:00,668.64,2
10-04-2007 00:00,626.328,2
11-04-2007 00:00,566.131,2
12-04-2007 00:00,515.142,2
13-04-2007 00:00,496.283,2
14-04-2007 00:00,475.995,2
15-04-2007 00:00,449.577,2
16-04-2007 00:00,438.466,2
17-04-2007 00:00,428.642,2
18-04-2007 00:00,410.037,2
19-04-2007 00:00,422.028,2
20-04-2007 00:00,406.314,2
21-04-2007 00:00,393.413,2
22-04-2007 00:00,384.561,2
23-04-2007 00:00,366.956,2
24-04-2007 00:00,359.553,2
25-04-2007 00:00,345.307,2
26-04-2007 00:00,343.618,2
27-04-2007 00:00,333.832,2
28-04-2007 00:00,339.688,2
29-04-2007 00:00,350.876,2
30-04-2007 00:00,334.075,2
01-05-2007 00:00,319.102,2
02-05-2007 00:00,308.968,2
03-05-2007 00:00,304.242,2
04-05-2007 00:00,301.745,2
05-05-2007 00:00,296.66,2
06-05-2007 00:00,280.783,2
07-05-2007 00:00,288.208,2
08-05-2007 00:00,302.747,2
09-05-2007 00:00,396.647,2
10-05-2007 00:00,403.386,2
11-05-2007 00:00,470.893,2
12-05-2007 00:00,410.959,2
13-05-2007 00:00,429.235,2
14-05-2007 00:00,390.102,2
15-05-2007 00:00,330.112,2
16-05-2007 00:00,308.954,2
17-05-2007 00:00,951.701,2
18-05-2007 00:00,870.374,2
19-05-2007 00:00,652.438,2
20-05-2007 00:00,541.273,2
21-05-2007 00:00,446.015,2
22-05-2007 00:00,401.656,2
23-05-2007 00:00,370.989,2
24-05-2007 00:00,348.987,2
25-05-2007 00:00,326.387,2
26-05-2007 00:00,305.483,2
27-05-2007 00:00,306.703,2
28-05-2007 00:00,305.707,2
29-05-2007 00:00,375.852,2
30-05-2007 00:00,383.882,2
31-05-2007 00:00,336.834,2
01-06-2007 00:00,297.376,2
02-06-2007 00:00,305.026,2
03-06-2007 00:00,300.681,2
04-06-2007 00:00,296.234,2
05-06-2007 00:00,296.728,2
06-06-2007 00:00,277.135,2
07-06-2007 00:00,263.977,2
08-06-2007 00:00,252.401,2
09-06-2007 00:00,244.649,2
10-06-2007 00:00,243.677,2
11-06-2007 00:00,246.061,2
12-06-2007 00:00,258.422,2
13-06-2007 00:00,274.289,2
14-06-2007 00:00,374.587,2
15-06-2007 00:00,317.415,2
16-06-2007 00:00,484.554,2
17-06-2007 00:00,1045.207,2
18-06-2007 00:00,1026.949,2
19-06-2007 00:00,785.492,2
20-06-2007 00:00,588.074,2
21-06-2007 00:00,458.941,2
22-06-2007 00:00,1127.453,2
23-06-2007 00:00,1528.695,2
24-06-2007 00:00,1361.649,2
25-06-2007 00:00,1461.839,2
26-06-2007 00:00,1428.323,2
27-06-2007 00:00,1639.942,2
28-06-2007 00:00,2028.719,2
29-06-2007 00:00,1902.212,2
30-06-2007 00:00,1739.625,2
01-07-2007 00:00,1523.325,2
02-07-2007 00:00,1347.469,2
03-07-2007 00:00,1817.13,2
04-07-2007 00:00,1918.714,2
05-07-2007 00:00,2593.572,2
06-07-2007 00:00,3763.792,2
07-07-2007 00:00,4047.849,2
08-07-2007 00:00,3907.036,2
09-07-2007 00:00,3642.431,2
10-07-2007 00:00,3220.089,2
11-07-2007 00:00,2875.267,2
12-07-2007 00:00,2609.695,2
13-07-2007 00:00,2345.443,2
14-07-2007 00:00,2150.659,2
15-07-2007 00:00,1982.435,2
16-07-2007 00:00,1828.666,2
17-07-2007 00:00,1649.819,2
18-07-2007 00:00,1472.017,2
19-07-2007 00:00,1342.303,2
20-07-2007 00:00,1227.893,2
21-07-2007 00:00,1158.245,2
22-07-2007 00:00,1248.208,2
23-07-2007 00:00,2019.078,2
24-07-2007 00:00,2174.852,2
25-07-2007 00:00,2851.946,2
26-07-2007 00:00,2897.158,2
27-07-2007 00:00,2643.098,2
28-07-2007 00:00,2396.292,2
29-07-2007 00:00,2151.384,2
30-07-2007 00:00,1975.728,2
31-07-2007 00:00,1878.246,2
01-08-2007 00:00,1714.859,2
02-08-2007 00:00,1553.644,2
03-08-2007 00:00,1430.163,2
04-08-2007 00:00,1304.531,2
05-08-2007 00:00,1202.394,2
06-08-2007 00:00,1139.057,2
07-08-2007 00:00,1018.277,2
08-08-2007 00:00,895.742,2
09-08-2007 00:00,834.875,2
10-08-2007 00:00,870.805,2
11-08-2007 00:00,1143.967,2
12-08-2007 00:00,1091.41,2
13-08-2007 00:00,953.035,2
14-08-2007 00:00,851.611,2
15-08-2007 00:00,797.839,2
16-08-2007 00:00,894.204,2
17-08-2007 00:00,1006.165,2
18-08-2007 00:00,860.087,2
19-08-2007 00:00,748.149,2
20-08-2007 00:00,688.217,2
21-08-2007 00:00,664.479,2
22-08-2007 00:00,625.741,2
23-08-2007 00:00,680.786,2
24-08-2007 00:00,653.902,2
25-08-2007 00:00,572.597,2
26-08-2007 00:00,639.554,2
27-08-2007 00:00,644.899,2
28-08-2007 00:00,655.128,2
29-08-2007 00:00,622.267,2
30-08-2007 00:00,622.335,2
31-08-2007 00:00,682.63,2
01-09-2007 00:00,726.687,2
02-09-2007 00:00,631.771,2
03-09-2007 00:00,808.986,2
04-09-2007 00:00,667.857,2
05-09-2007 00:00,581.796,2
06-09-2007 00:00,543.714,2
07-09-2007 00:00,513.036,2
08-09-2007 00:00,486.622,2
09-09-2007 00:00,465.831,2
10-09-2007 00:00,739.529,2
11-09-2007 00:00,862.313,2
12-09-2007 00:00,702.943,2
13-09-2007 00:00,595.311,2
14-09-2007 00:00,600.215,2
15-09-2007 00:00,719.837,2
16-09-2007 00:00,600.114,2
17-09-2007 00:00,545.024,2
18-09-2007 00:00,583.945,2
19-09-2007 00:00,587.694,2
20-09-2007 00:00,774.184,2
21-09-2007 00:00,813.154,2
22-09-2007 00:00,708.155,2
23-09-2007 00:00,621.802,2
24-09-2007 00:00,576.875,2
25-09-2007 00:00,677.238,2
26-09-2007 00:00,784.338,2
27-09-2007 00:00,696.223,2
28-09-2007 00:00,629.397,2
29-09-2007 00:00,855.327,2
30-09-2007 00:00,1220.808,2
01-10-2007 00:00,1201.866,2
02-10-2007 00:00,1026.621,2
03-10-2007 00:00,888.127,2
04-10-2007 00:00,812.932,2
05-10-2007 00:00,975.811,2
06-10-2007 00:00,861.314,2
07-10-2007 00:00,758.645,2
08-10-2007 00:00,697.846,2
09-10-2007 00:00,650.378,2
10-10-2007 00:00,629.246,2
11-10-2007 00:00,605.96,2
12-10-2007 00:00,600.013,2
13-10-2007 00:00,560.664,2
14-10-2007 00:00,532.597,2
15-10-2007 00:00,520.305,2
16-10-2007 00:00,514.417,2
17-10-2007 00:00,689.769,2
18-10-2007 00:00,675.499,2
19-10-2007 00:00,571.522,2
20-10-2007 00:00,516.652,2
21-10-2007 00:00,487.065,2
22-10-2007 00:00,482.792,2
23-10-2007 00:00,465.697,2
24-10-2007 00:00,453.267,2
25-10-2007 00:00,439.53,2
26-10-2007 00:00,441.663,2
27-10-2007 00:00,425.36,2
28-10-2007 00:00,430.783,2
29-10-2007 00:00,602.142,2
30-10-2007 00:00,753.887,2
31-10-2007 00:00,617.767,2
01-11-2007 00:00,541.069,2
02-11-2007 00:00,496.808,2
03-11-2007 00:00,486.097,2
04-11-2007 00:00,460.237,2
05-11-2007 00:00,457.373,2
06-11-2007 00:00,679.935,2
07-11-2007 00:00,814.567,2
08-11-2007 00:00,781.379,2
09-11-2007 00:00,884.121,2
10-11-2007 00:00,927.393,2
11-11-2007 00:00,774.617,2
12-11-2007 00:00,757.394,2
13-11-2007 00:00,812.891,2
14-11-2007 00:00,781.475,2
15-11-2007 00:00,701.186,2
16-11-2007 00:00,673.922,2
17-11-2007 00:00,675.282,2
18-11-2007 00:00,628.565,2
19-11-2007 00:00,617.466,2
20-11-2007 00:00,582.848,2
21-11-2007 00:00,576.565,2
22-11-2007 00:00,557.172,2
23-11-2007 00:00,562.886,2
24-11-2007 00:00,581.175,2
25-11-2007 00:00,828.072,2
26-11-2007 00:00,894.592,2
27-11-2007 00:00,741.029,2
28-11-2007 00:00,673.928,2
29-11-2007 00:00,719.157,2
30-11-2007 00:00,741.503,2
01-12-2007 00:00,858.313,2
02-12-2007 00:00,954.564,2
03-12-2007 00:00,1367.48,2
04-12-2007 00:00,1303.239,2
05-12-2007 00:00,1114.863,2
06-12-2007 00:00,1080.756,2
07-12-2007 00:00,1523.077,2
08-12-2007 00:00,1843.46,2
09-12-2007 00:00,1772.581,2
10-12-2007 00:00,1570.205,2
11-12-2007 00:00,1341.052,2
12-12-2007 00:00,1193.431,2
13-12-2007 00:00,1081.964,2
14-12-2007 00:00,1005.199,2
15-12-2007 00:00,939.883,2
16-12-2007 00:00,871.715,2
17-12-2007 00:00,826.581,2
18-12-2007 00:00,809.081,2
19-12-2007 00:00,800.57,2
20-12-2007 00:00,775.104,2
21-12-2007 00:00,751.558,2
22-12-2007 00:00,728.919,2
23-12-2007 00:00,700.914,2
24-12-2007 00:00,690.524,2
25-12-2007 00:00,682.268,2
26-12-2007 00:00,665.603,2
27-12-2007 00:00,648.087,2
28-12-2007 00:00,781.996,2
29-12-2007 00:00,795.707,2
30-12-2007 00:00,739.914,2
31-12-2007 00:00,682.93,2
01-01-2008 00:00,848.4,2
02-01-2008 00:00,880.4,2
03-01-2008 00:00,850.4,2
04-01-2008 00:00,888.4,2
05-01-2008 00:00,868.4,2
06-01-2008 00:00,974.4,2
07-01-2008 00:00,1052.4,2
08-01-2008 00:00,1062.4,2
09-01-2008 00:00,1098.398,2
10-01-2008 00:00,1134.397,2
11-01-2008 00:00,1288.384,2
12-01-2008 00:00,1202.747,2
13-01-2008 00:00,1084.435,2
14-01-2008 00:00,1008.164,2
15-01-2008 00:00,978.326,2
16-01-2008 00:00,1330.507,2
17-01-2008 00:00,1218.441,2
18-01-2008 00:00,1121.55,2
19-01-2008 00:00,1389.186,2
20-01-2008 00:00,1295.571,2
21-01-2008 00:00,1172.59,2
22-01-2008 00:00,1074.368,2
23-01-2008 00:00,1069.804,2
24-01-2008 00:00,1600.843,2
25-01-2008 00:00,1455.744,2
26-01-2008 00:00,1333.893,2
27-01-2008 00:00,1296.288,2
28-01-2008 00:00,1184.681,2
29-01-2008 00:00,1118.837,2
30-01-2008 00:00,1082.6,2
31-01-2008 00:00,1058.365,2
01-02-2008 00:00,1489.402,2
02-02-2008 00:00,1792.478,2
03-02-2008 00:00,1420.445,2
04-02-2008 00:00,1242.841,2
05-02-2008 00:00,1144.327,2
06-02-2008 00:00,1416.178,2
07-02-2008 00:00,1331.058,2
08-02-2008 00:00,1192.966,2
09-02-2008 00:00,1129.203,2
10-02-2008 00:00,1074.728,2
11-02-2008 00:00,1019.89,2
12-02-2008 00:00,976.471,2
13-02-2008 00:00,941.75,2
14-02-2008 00:00,908.138,2
15-02-2008 00:00,867.505,2
16-02-2008 00:00,821.319,2
17-02-2008 00:00,811.075,2
18-02-2008 00:00,803.781,2
19-02-2008 00:00,785.283,2
20-02-2008 00:00,763.549,2
21-02-2008 00:00,758.404,2
22-02-2008 00:00,770.267,2
23-02-2008 00:00,741.571,2
24-02-2008 00:00,731.605,2
25-02-2008 00:00,714.83,2
26-02-2008 00:00,734.993,2
27-02-2008 00:00,748.049,2
28-02-2008 00:00,706.857,2
29-02-2008 00:00,698.892,2
01-03-2008 00:00,825.395,2
02-03-2008 00:00,826.627,2
03-03-2008 00:00,798.764,2
04-03-2008 00:00,909.268,2
05-03-2008 00:00,839.549,2
06-03-2008 00:00,900.771,2
07-03-2008 00:00,884.034,2
08-03-2008 00:00,850.728,2
09-03-2008 00:00,826.058,2
10-03-2008 00:00,827.335,2
11-03-2008 00:00,820.963,2
12-03-2008 00:00,878.818,2
13-03-2008 00:00,1002.608,2
14-03-2008 00:00,1121.103,2
15-03-2008 00:00,1060.012,2
16-03-2008 00:00,980.842,2
17-03-2008 00:00,933.464,2
18-03-2008 00:00,897.746,2
19-03-2008 00:00,856.398,2
20-03-2008 00:00,834.886,2
21-03-2008 00:00,1157.857,2
22-03-2008 00:00,1442.481,2
23-03-2008 00:00,1210.382,2
24-03-2008 00:00,1106.048,2
25-03-2008 00:00,1042.199,2
26-03-2008 00:00,1088.811,2
27-03-2008 00:00,1149.859,2
28-03-2008 00:00,1189.298,2
29-03-2008 00:00,1268.063,2
30-03-2008 00:00,1229.086,2
31-03-2008 00:00,1111.234,2
01-04-2008 00:00,1026.965,2
02-04-2008 00:00,1024.668,2
03-04-2008 00:00,949.059,2
04-04-2008 00:00,896.427,2
05-04-2008 00:00,899.595,2
06-04-2008 00:00,894.724,2
07-04-2008 00:00,852.039,2
08-04-2008 00:00,801.583,2
09-04-2008 00:00,767.09,2
10-04-2008 00:00,734.52,2
11-04-2008 00:00,699.798,2
12-04-2008 00:00,715.772,2
13-04-2008 00:00,694.925,2
14-04-2008 00:00,665.765,2
15-04-2008 00:00,641.738,2
16-04-2008 00:00,624.183,2
17-04-2008 00:00,712.905,2
18-04-2008 00:00,712.074,2
19-04-2008 00:00,670.439,2
20-04-2008 00:00,641.863,2
21-04-2008 00:00,609.828,2
22-04-2008 00:00,583.514,2
23-04-2008 00:00,561.619,2
24-04-2008 00:00,546.274,2
25-04-2008 00:00,530.534,2
26-04-2008 00:00,519.663,2
27-04-2008 00:00,512.759,2
28-04-2008 00:00,510.786,2
29-04-2008 00:00,493,2
30-04-2008 00:00,477.811,2
01-05-2008 00:00,490.321,2
02-05-2008 00:00,483.256,2
03-05-2008 00:00,472.254,2
04-05-2008 00:00,456.785,2
05-05-2008 00:00,445.875,2
06-05-2008 00:00,438.655,2
07-05-2008 00:00,433.35,2
08-05-2008 00:00,425.618,2
09-05-2008 00:00,425.881,2
10-05-2008 00:00,428,2
11-05-2008 00:00,416.161,2
12-05-2008 00:00,400.542,2
13-05-2008 00:00,389.761,2
14-05-2008 00:00,385.139,2
15-05-2008 00:00,381.127,2
16-05-2008 00:00,375.975,2
17-05-2008 00:00,371.735,2
18-05-2008 00:00,369.868,2
19-05-2008 00:00,368.533,2
20-05-2008 00:00,365.917,2
21-05-2008 00:00,358.217,2
22-05-2008 00:00,353.637,2
23-05-2008 00:00,350.455,2
24-05-2008 00:00,347.767,2
25-05-2008 00:00,342.423,2
26-05-2008 00:00,348.737,2
27-05-2008 00:00,357.71,2
28-05-2008 00:00,343.413,2
29-05-2008 00:00,333.305,2
30-05-2008 00:00,327.35,2
31-05-2008 00:00,321.584,2
01-06-2008 00:00,318.034,2
02-06-2008 00:00,314.036,2
03-06-2008 00:00,311.086,2
04-06-2008 00:00,309.013,2
05-06-2008 00:00,307.033,2
06-06-2008 00:00,305.001,2
07-06-2008 00:00,302.91,2
08-06-2008 00:00,301.11,2
09-06-2008 00:00,297.539,2
10-06-2008 00:00,296.145,2
11-06-2008 00:00,294.719,2
12-06-2008 00:00,292.482,2
13-06-2008 00:00,292.74,2
14-06-2008 00:00,290.16,2
15-06-2008 00:00,288.857,2
16-06-2008 00:00,293.888,2
17-06-2008 00:00,293.194,2
18-06-2008 00:00,286.097,2
19-06-2008 00:00,281.794,2
20-06-2008 00:00,283.211,2
21-06-2008 00:00,279.401,2
22-06-2008 00:00,280.333,2
23-06-2008 00:00,278.519,2
24-06-2008 00:00,271.581,2
25-06-2008 00:00,268.013,2
26-06-2008 00:00,266.925,2
27-06-2008 00:00,270.658,2
28-06-2008 00:00,277.113,2
29-06-2008 00:00,275.076,2
30-06-2008 00:00,269.847,2
01-07-2008 00:00,266.157,2
02-07-2008 00:00,265.232,2
03-07-2008 00:00,263.08,2
04-07-2008 00:00,262.108,2
05-07-2008 00:00,262.225,2
06-07-2008 00:00,264.649,2
07-07-2008 00:00,273.036,2
08-07-2008 00:00,300.19,2
09-07-2008 00:00,363.98,2
10-07-2008 00:00,325.191,2
11-07-2008 00:00,308.981,2
12-07-2008 00:00,306.112,2
13-07-2008 00:00,295.068,2
14-07-2008 00:00,290.944,2
15-07-2008 00:00,284.724,2
16-07-2008 00:00,278.205,2
17-07-2008 00:00,283.731,2
18-07-2008 00:00,282.919,2
19-07-2008 00:00,290.624,2
20-07-2008 00:00,319.16,2
21-07-2008 00:00,298.542,2
22-07-2008 00:00,284.769,2
23-07-2008 00:00,278.457,2
24-07-2008 00:00,276.082,2
25-07-2008 00:00,274.648,2
26-07-2008 00:00,273.291,2
27-07-2008 00:00,272.177,2
28-07-2008 00:00,269.917,2
29-07-2008 00:00,268.427,2
30-07-2008 00:00,266.721,2
31-07-2008 00:00,266.143,2
01-08-2008 00:00,265.515,2
02-08-2008 00:00,270.838,2
03-08-2008 00:00,271.145,2
04-08-2008 00:00,341.664,2
05-08-2008 00:00,461.354,2
06-08-2008 00:00,385.101,2
07-08-2008 00:00,335.56,2
08-08-2008 00:00,360.471,2
09-08-2008 00:00,358.008,2
10-08-2008 00:00,363.878,2
11-08-2008 00:00,391.012,2
12-08-2008 00:00,360.246,2
13-08-2008 00:00,342.565,2
14-08-2008 00:00,322.842,2
15-08-2008 00:00,310.771,2
16-08-2008 00:00,306.301,2
17-08-2008 00:00,301.278,2
18-08-2008 00:00,303.125,2
19-08-2008 00:00,347.597,2
20-08-2008 00:00,335.218,2
21-08-2008 00:00,368.008,2
22-08-2008 00:00,367.623,2
23-08-2008 00:00,386.863,2
24-08-2008 00:00,540.376,2
25-08-2008 00:00,487.299,2
26-08-2008 00:00,427.139,2
27-08-2008 00:00,448.279,2
28-08-2008 00:00,512.644,2
29-08-2008 00:00,511.466,2
30-08-2008 00:00,471.201,2
31-08-2008 00:00,431.143,2
01-09-2008 00:00,403.434,2
02-09-2008 00:00,388.687,2
03-09-2008 00:00,388.697,2
04-09-2008 00:00,385.752,2
05-09-2008 00:00,372.104,2
06-09-2008 00:00,358.615,2
07-09-2008 00:00,362.458,2
08-09-2008 00:00,361.054,2
09-09-2008 00:00,358.151,2
10-09-2008 00:00,352.266,2
11-09-2008 00:00,350.35,2
12-09-2008 00:00,346.362,2
13-09-2008 00:00,339.866,2
14-09-2008 00:00,335.066,2
15-09-2008 00:00,330.822,2
16-09-2008 00:00,328.514,2
17-09-2008 00:00,327.398,2
18-09-2008 00:00,325.958,2
19-09-2008 00:00,326.711,2
20-09-2008 00:00,332.079,2
21-09-2008 00:00,335.502,2
22-09-2008 00:00,336.519,2
23-09-2008 00:00,352.475,2
24-09-2008 00:00,349.836,2
25-09-2008 00:00,344.303,2
26-09-2008 00:00,341.034,2
27-09-2008 00:00,340.186,2
28-09-2008 00:00,337.486,2
29-09-2008 00:00,334.851,2
30-09-2008 00:00,341.551,2
01-10-2008 00:00,365.639,2
02-10-2008 00:00,477.994,2
03-10-2008 00:00,490.144,2
04-10-2008 00:00,431.88,2
05-10-2008 00:00,584.67,2
06-10-2008 00:00,765.775,2
07-10-2008 00:00,627.947,2
08-10-2008 00:00,555.429,2
09-10-2008 00:00,509.556,2
10-10-2008 00:00,526.795,2
11-10-2008 00:00,499.038,2
12-10-2008 00:00,462.413,2
13-10-2008 00:00,448.62,2
14-10-2008 00:00,441.128,2
15-10-2008 00:00,440.871,2
16-10-2008 00:00,1174.452,2
17-10-2008 00:00,1346.667,2
18-10-2008 00:00,1101.044,2
19-10-2008 00:00,1181.722,2
20-10-2008 00:00,1069.864,2
21-10-2008 00:00,943.488,2
22-10-2008 00:00,890.813,2
23-10-2008 00:00,846.574,2
24-10-2008 00:00,821.065,2
25-10-2008 00:00,824.454,2
26-10-2008 00:00,1105.422,2
27-10-2008 00:00,1540.013,2
28-10-2008 00:00,1316.691,2
29-10-2008 00:00,1118.22,2
30-10-2008 00:00,1008.645,2
31-10-2008 00:00,1043.269,2
01-11-2008 00:00,1193.6,2
02-11-2008 00:00,1057.443,2
03-11-2008 00:00,958.083,2
04-11-2008 00:00,882.738,2
05-11-2008 00:00,833.938,2
06-11-2008 00:00,795.349,2
07-11-2008 00:00,804.628,2
08-11-2008 00:00,868.416,2
09-11-2008 00:00,779.039,2
10-11-2008 00:00,795.734,2
11-11-2008 00:00,1760.699,2
12-11-2008 00:00,2004.714,2
13-11-2008 00:00,1815.291,2
14-11-2008 00:00,1845.061,2
15-11-2008 00:00,2013.147,2
16-11-2008 00:00,1675.823,2
17-11-2008 00:00,1408.96,2
18-11-2008 00:00,1419.487,2
19-11-2008 00:00,1574.653,2
20-11-2008 00:00,1411.072,2
21-11-2008 00:00,1280.479,2
22-11-2008 00:00,1181.341,2
23-11-2008 00:00,1095.286,2
24-11-2008 00:00,1050.255,2
25-11-2008 00:00,973.725,2
26-11-2008 00:00,916.124,2
27-11-2008 00:00,903.862,2
28-11-2008 00:00,875.416,2
29-11-2008 00:00,890.437,2
30-11-2008 00:00,1071.326,2
01-12-2008 00:00,997.426,2
02-12-2008 00:00,1935.506,2
03-12-2008 00:00,2515.702,2
04-12-2008 00:00,2388.17,2
05-12-2008 00:00,2294.075,2
06-12-2008 00:00,2150.705,2
07-12-2008 00:00,1922.026,2
08-12-2008 00:00,1618.056,2
09-12-2008 00:00,1498.951,2
10-12-2008 00:00,1649.272,2
11-12-2008 00:00,1480.925,2
12-12-2008 00:00,1385.897,2
13-12-2008 00:00,1330.598,2
14-12-2008 00:00,1234.416,2
15-12-2008 00:00,1154.878,2
16-12-2008 00:00,1093.797,2
17-12-2008 00:00,1056.628,2
18-12-2008 00:00,1016.722,2
19-12-2008 00:00,1042.072,2
20-12-2008 00:00,1195.888,2
21-12-2008 00:00,1292.144,2
22-12-2008 00:00,1388.4,2
23-12-2008 00:00,1262.4,2
24-12-2008 00:00,1246.4,2
25-12-2008 00:00,1102.4,2
26-12-2008 00:00,1090.4,2
27-12-2008 00:00,1044.4,2
28-12-2008 00:00,1052.4,2
29-12-2008 00:00,1028.4,2
30-12-2008 00:00,1102.4,2
31-12-2008 00:00,1120.4,2
01-01-2009 00:00,942.206,2
02-01-2009 00:00,891.857,2
03-01-2009 00:00,865.975,2
04-01-2009 00:00,887.854,2
05-01-2009 00:00,853.166,2
06-01-2009 00:00,791.664,2
07-01-2009 00:00,777.078,2
08-01-2009 00:00,774.863,2
09-01-2009 00:00,789.513,2
10-01-2009 00:00,812.012,2
11-01-2009 00:00,810.348,2
12-01-2009 00:00,799.176,2
13-01-2009 00:00,911.842,2
14-01-2009 00:00,962.041,2
15-01-2009 00:00,945.58,2
16-01-2009 00:00,879.745,2
17-01-2009 00:00,841.9,2
18-01-2009 00:00,860.399,2
19-01-2009 00:00,1153.574,2
20-01-2009 00:00,1372.448,2
21-01-2009 00:00,1271.145,2
22-01-2009 00:00,1127.226,2
23-01-2009 00:00,1126.978,2
24-01-2009 00:00,1232.948,2
25-01-2009 00:00,1178.453,2
26-01-2009 00:00,1072.366,2
27-01-2009 00:00,993.56,2
28-01-2009 00:00,943.244,2
29-01-2009 00:00,894.307,2
30-01-2009 00:00,851.094,2
31-01-2009 00:00,828.355,2
01-02-2009 00:00,793.229,2
02-02-2009 00:00,753.245,2
03-02-2009 00:00,738.855,2
04-02-2009 00:00,728.082,2
05-02-2009 00:00,737.089,2
06-02-2009 00:00,832.502,2
07-02-2009 00:00,863.701,2
08-02-2009 00:00,1213.52,2
09-02-2009 00:00,1077.599,2
10-02-2009 00:00,986.97,2
11-02-2009 00:00,924.158,2
12-02-2009 00:00,871.188,2
13-02-2009 00:00,815.469,2
14-02-2009 00:00,768.805,2
15-02-2009 00:00,740.118,2
16-02-2009 00:00,724.73,2
17-02-2009 00:00,687.248,2
18-02-2009 00:00,650.928,2
19-02-2009 00:00,654.736,2
20-02-2009 00:00,648.412,2
21-02-2009 00:00,647.259,2
22-02-2009 00:00,1050.101,2
23-02-2009 00:00,1564.577,2
24-02-2009 00:00,1284.992,2
25-02-2009 00:00,1179.104,2
26-02-2009 00:00,1174.792,2
27-02-2009 00:00,1082.977,2
28-02-2009 00:00,984.557,2
01-03-2009 00:00,932.349,2
02-03-2009 00:00,917.812,2
03-03-2009 00:00,910.121,2
04-03-2009 00:00,880.763,2
05-03-2009 00:00,846.595,2
06-03-2009 00:00,812.722,2
07-03-2009 00:00,798.115,2
08-03-2009 00:00,822.43,2
09-03-2009 00:00,854.637,2
10-03-2009 00:00,828.503,2
11-03-2009 00:00,792.867,2
12-03-2009 00:00,783.761,2
13-03-2009 00:00,994.081,2
14-03-2009 00:00,974.299,2
15-03-2009 00:00,981.584,2
16-03-2009 00:00,933.556,2
17-03-2009 00:00,1126.178,2
18-03-2009 00:00,1033.805,2
19-03-2009 00:00,938.275,2
20-03-2009 00:00,887.673,2
21-03-2009 00:00,846.206,2
22-03-2009 00:00,821.749,2
23-03-2009 00:00,806.926,2
24-03-2009 00:00,756.894,2
25-03-2009 00:00,709.922,2
26-03-2009 00:00,693.082,2
27-03-2009 00:00,825.929,2
28-03-2009 00:00,784.718,2
29-03-2009 00:00,732.272,2
30-03-2009 00:00,695.721,2
31-03-2009 00:00,672.22,2
01-04-2009 00:00,653.539,2
02-04-2009 00:00,632.006,2
03-04-2009 00:00,627.309,2
04-04-2009 00:00,611.924,2
05-04-2009 00:00,591.735,2
06-04-2009 00:00,581.487,2
07-04-2009 00:00,578.663,2
08-04-2009 00:00,572.076,2
09-04-2009 00:00,591.336,2
10-04-2009 00:00,577.945,2
11-04-2009 00:00,560.079,2
12-04-2009 00:00,549.622,2
13-04-2009 00:00,547.665,2
14-04-2009 00:00,542.942,2
15-04-2009 00:00,528.479,2
16-04-2009 00:00,519.725,2
17-04-2009 00:00,510.199,2
18-04-2009 00:00,501.366,2
19-04-2009 00:00,488.107,2
20-04-2009 00:00,482.487,2
21-04-2009 00:00,474.693,2
22-04-2009 00:00,472.952,2
23-04-2009 00:00,464.562,2
24-04-2009 00:00,457.836,2
25-04-2009 00:00,457.884,2
26-04-2009 00:00,457.106,2
27-04-2009 00:00,455.832,2
28-04-2009 00:00,450.903,2
29-04-2009 00:00,447.411,2
30-04-2009 00:00,442.09,2
01-05-2009 00:00,437.156,2
02-05-2009 00:00,435.653,2
03-05-2009 00:00,441.656,2
04-05-2009 00:00,485.51,2
05-05-2009 00:00,496.422,2
06-05-2009 00:00,549.475,2
07-05-2009 00:00,521.641,2
08-05-2009 00:00,500.016,2
09-05-2009 00:00,598.459,2
10-05-2009 00:00,539.591,2
11-05-2009 00:00,500.632,2
12-05-2009 00:00,483.785,2
13-05-2009 00:00,463.052,2
14-05-2009 00:00,467.93,2
15-05-2009 00:00,503.554,2
16-05-2009 00:00,470.262,2
17-05-2009 00:00,454.298,2
18-05-2009 00:00,449.809,2
19-05-2009 00:00,437.609,2
20-05-2009 00:00,459.496,2
21-05-2009 00:00,443.436,2
22-05-2009 00:00,432.185,2
23-05-2009 00:00,430.441,2
24-05-2009 00:00,420.729,2
25-05-2009 00:00,410.883,2
26-05-2009 00:00,404.115,2
27-05-2009 00:00,393.119,2
28-05-2009 00:00,417.75,2
29-05-2009 00:00,402.018,2
30-05-2009 00:00,388.33,2
31-05-2009 00:00,383.67,2
01-06-2009 00:00,379.79,2
02-06-2009 00:00,369.982,2
03-06-2009 00:00,370.673,2
04-06-2009 00:00,365.508,2
05-06-2009 00:00,380.101,2
06-06-2009 00:00,372.036,2
07-06-2009 00:00,362.293,2
08-06-2009 00:00,357.315,2
09-06-2009 00:00,357.359,2
10-06-2009 00:00,427.901,2
11-06-2009 00:00,558.482,2
12-06-2009 00:00,2837.371,2
13-06-2009 00:00,3183.356,2
14-06-2009 00:00,3173.567,2
15-06-2009 00:00,3057.163,2
16-06-2009 00:00,2832.876,2
17-06-2009 00:00,2506.567,2
18-06-2009 00:00,2199.203,2
19-06-2009 00:00,1896.091,2
20-06-2009 00:00,1680.897,2
21-06-2009 00:00,1442.002,2
22-06-2009 00:00,1300.715,2
23-06-2009 00:00,1096.555,2
24-06-2009 00:00,968.162,2
25-06-2009 00:00,848.765,2
26-06-2009 00:00,767.61,2
27-06-2009 00:00,694.179,2
28-06-2009 00:00,642.576,2
29-06-2009 00:00,601.917,2
30-06-2009 00:00,563.416,2
01-07-2009 00:00,545.686,2
02-07-2009 00:00,503.021,2
03-07-2009 00:00,488.394,2
04-07-2009 00:00,469.356,2
05-07-2009 00:00,456.403,2
06-07-2009 00:00,450.914,2
07-07-2009 00:00,445.025,2
08-07-2009 00:00,459.694,2
09-07-2009 00:00,437.998,2
10-07-2009 00:00,420.869,2
11-07-2009 00:00,453.963,2
12-07-2009 00:00,421.505,2
13-07-2009 00:00,417.765,2
14-07-2009 00:00,405.121,2
15-07-2009 00:00,395.174,2
16-07-2009 00:00,402.53,2
17-07-2009 00:00,389.28,2
18-07-2009 00:00,394.685,2
19-07-2009 00:00,417.052,2
20-07-2009 00:00,416.987,2
21-07-2009 00:00,395.493,2
22-07-2009 00:00,392.595,2
23-07-2009 00:00,480.874,2
24-07-2009 00:00,527.985,2
25-07-2009 00:00,602.583,2
26-07-2009 00:00,499.174,2
27-07-2009 00:00,448.775,2
28-07-2009 00:00,426.427,2
29-07-2009 00:00,406.171,2
30-07-2009 00:00,406.56,2
31-07-2009 00:00,404.485,2
01-08-2009 00:00,397.641,2
02-08-2009 00:00,388.622,2
03-08-2009 00:00,387.727,2
04-08-2009 00:00,432.27,2
05-08-2009 00:00,414.836,2
06-08-2009 00:00,392.458,2
07-08-2009 00:00,384.174,2
08-08-2009 00:00,381.4,2
09-08-2009 00:00,373.465,2
10-08-2009 00:00,376.234,2
11-08-2009 00:00,405.053,2
12-08-2009 00:00,403.68,2
13-08-2009 00:00,395.062,2
14-08-2009 00:00,383.707,2
15-08-2009 00:00,397.59,2
16-08-2009 00:00,424.807,2
17-08-2009 00:00,393.305,2
18-08-2009 00:00,387.975,2
19-08-2009 00:00,376.876,2
20-08-2009 00:00,367.243,2
21-08-2009 00:00,362.808,2
22-08-2009 00:00,364.459,2
23-08-2009 00:00,359.501,2
24-08-2009 00:00,354.255,2
25-08-2009 00:00,351.628,2
26-08-2009 00:00,363.119,2
27-08-2009 00:00,362.124,2
28-08-2009 00:00,355.153,2
29-08-2009 00:00,353.713,2
30-08-2009 00:00,353.853,2
31-08-2009 00:00,352.68,2
01-09-2009 00:00,355.481,2
02-09-2009 00:00,357.271,2
03-09-2009 00:00,387.479,2
04-09-2009 00:00,432.263,2
05-09-2009 00:00,411.834,2
06-09-2009 00:00,449.04,2
07-09-2009 00:00,405.166,2
08-09-2009 00:00,377.641,2
09-09-2009 00:00,364.583,2
10-09-2009 00:00,355.826,2
11-09-2009 00:00,351.012,2
12-09-2009 00:00,349.342,2
13-09-2009 00:00,345.372,2
14-09-2009 00:00,338.612,2
15-09-2009 00:00,335.052,2
16-09-2009 00:00,333.66,2
17-09-2009 00:00,331.953,2
18-09-2009 00:00,331.225,2
19-09-2009 00:00,332.525,2
20-09-2009 00:00,331.18,2
21-09-2009 00:00,328.459,2
22-09-2009 00:00,330.131,2
23-09-2009 00:00,329.369,2
24-09-2009 00:00,327.525,2
25-09-2009 00:00,328.06,2
26-09-2009 00:00,327.767,2
27-09-2009 00:00,327.815,2
28-09-2009 00:00,333.53,2
29-09-2009 00:00,348.855,2
30-09-2009 00:00,358.961,2
01-10-2009 00:00,334.602,2
02-10-2009 00:00,331.015,2
03-10-2009 00:00,356.433,2
04-10-2009 00:00,410.787,2
05-10-2009 00:00,375.567,2
06-10-2009 00:00,357.29,2
07-10-2009 00:00,362.598,2
08-10-2009 00:00,364.456,2
09-10-2009 00:00,358.497,2
10-10-2009 00:00,355.362,2
11-10-2009 00:00,354.458,2
12-10-2009 00:00,354.721,2
13-10-2009 00:00,356.116,2
14-10-2009 00:00,352.82,2
15-10-2009 00:00,352.024,2
16-10-2009 00:00,357.436,2
17-10-2009 00:00,373.452,2
18-10-2009 00:00,370.728,2
19-10-2009 00:00,364.669,2
20-10-2009 00:00,362.754,2
21-10-2009 00:00,360.246,2
22-10-2009 00:00,359.238,2
23-10-2009 00:00,358.621,2
24-10-2009 00:00,360.093,2
25-10-2009 00:00,365.167,2
26-10-2009 00:00,373.594,2
27-10-2009 00:00,387.754,2
28-10-2009 00:00,384.124,2
29-10-2009 00:00,402.477,2
30-10-2009 00:00,403.781,2
31-10-2009 00:00,394.762,2
01-11-2009 00:00,391.721,2
02-11-2009 00:00,411.067,2
03-11-2009 00:00,467.065,2
04-11-2009 00:00,471.48,2
05-11-2009 00:00,500.418,2
06-11-2009 00:00,515.917,2
07-11-2009 00:00,544.969,2
08-11-2009 00:00,518.385,2
09-11-2009 00:00,496.017,2
10-11-2009 00:00,695.995,2
11-11-2009 00:00,730.338,2
12-11-2009 00:00,723.678,2
13-11-2009 00:00,648.045,2
14-11-2009 00:00,767.119,2
15-11-2009 00:00,877.449,2
16-11-2009 00:00,816.325,2
17-11-2009 00:00,799.335,2
18-11-2009 00:00,875.326,2
19-11-2009 00:00,1224.386,2
20-11-2009 00:00,1117.682,2
21-11-2009 00:00,951.898,2
22-11-2009 00:00,885.506,2
23-11-2009 00:00,935.378,2
24-11-2009 00:00,970.334,2
25-11-2009 00:00,1005.124,2
26-11-2009 00:00,1057.587,2
27-11-2009 00:00,1225.235,2
28-11-2009 00:00,1103.202,2
29-11-2009 00:00,1191.775,2
30-11-2009 00:00,1130.197,2
01-12-2009 00:00,1041.005,2
02-12-2009 00:00,944.187,2
03-12-2009 00:00,915.732,2
04-12-2009 00:00,869.228,2
05-12-2009 00:00,828.619,2
06-12-2009 00:00,802.109,2
07-12-2009 00:00,886.933,2
08-12-2009 00:00,879.228,2
09-12-2009 00:00,827.21,2
10-12-2009 00:00,816.928,2
11-12-2009 00:00,944.349,2
12-12-2009 00:00,901.289,2
13-12-2009 00:00,842.831,2
14-12-2009 00:00,800.414,2
15-12-2009 00:00,860.483,2
16-12-2009 00:00,2016.186,2
17-12-2009 00:00,1996.717,2
18-12-2009 00:00,1553.474,2
19-12-2009 00:00,1246.393,2
20-12-2009 00:00,1058.137,2
21-12-2009 00:00,972.621,2
22-12-2009 00:00,908.033,2
23-12-2009 00:00,848.238,2
24-12-2009 00:00,829.611,2
25-12-2009 00:00,1304.436,2
26-12-2009 00:00,2493.971,2
27-12-2009 00:00,2399.851,2
28-12-2009 00:00,2173.148,2
29-12-2009 00:00,1782.48,2
30-12-2009 00:00,1489.739,2
31-12-2009 00:00,1270.068,2
01-01-2010 00:00,1215.988,2
02-01-2010 00:00,1053.069,2
03-01-2010 00:00,946.425,2
04-01-2010 00:00,910.544,2
05-01-2010 00:00,846.853,2
06-01-2010 00:00,812.182,2
07-01-2010 00:00,765.102,2
08-01-2010 00:00,681.053,2
09-01-2010 00:00,656.795,2
10-01-2010 00:00,638.353,2
11-01-2010 00:00,622.284,2
12-01-2010 00:00,604.589,2
13-01-2010 00:00,630.514,2
14-01-2010 00:00,641.085,2
15-01-2010 00:00,617.547,2
16-01-2010 00:00,607.779,2
17-01-2010 00:00,611.031,2
18-01-2010 00:00,603.363,2
19-01-2010 00:00,595.348,2
20-01-2010 00:00,595.169,2
21-01-2010 00:00,588.064,2
22-01-2010 00:00,582.416,2
23-01-2010 00:00,578.206,2
24-01-2010 00:00,569.695,2
25-01-2010 00:00,546.309,2
26-01-2010 00:00,485.039,2
27-01-2010 00:00,489.693,2
28-01-2010 00:00,544.125,2
29-01-2010 00:00,539.693,2
30-01-2010 00:00,494.711,2
31-01-2010 00:00,481.173,2
01-02-2010 00:00,472.408,2
02-02-2010 00:00,459.117,2
03-02-2010 00:00,478.446,2
04-02-2010 00:00,500.293,2
05-02-2010 00:00,490.682,2
06-02-2010 00:00,484.806,2
07-02-2010 00:00,482.994,2
08-02-2010 00:00,487.878,2
09-02-2010 00:00,490.596,2
10-02-2010 00:00,485.644,2
11-02-2010 00:00,469.345,2
12-02-2010 00:00,462.895,2
13-02-2010 00:00,461.877,2
14-02-2010 00:00,469.172,2
15-02-2010 00:00,473.298,2
16-02-2010 00:00,477.881,2
17-02-2010 00:00,483.214,2
18-02-2010 00:00,484.374,2
19-02-2010 00:00,502.171,2
20-02-2010 00:00,536.695,2
21-02-2010 00:00,521.295,2
22-02-2010 00:00,510.34,2
23-02-2010 00:00,522.791,2
24-02-2010 00:00,499.962,2
25-02-2010 00:00,508.264,2
26-02-2010 00:00,737.707,2
27-02-2010 00:00,1639.508,2
28-02-2010 00:00,2507.06,2
01-03-2010 00:00,3055.083,2
02-03-2010 00:00,2359.374,2
03-03-2010 00:00,1798.243,2
04-03-2010 00:00,1625.195,2
05-03-2010 00:00,1461.355,2
06-03-2010 00:00,1313.899,2
07-03-2010 00:00,1076.331,2
08-03-2010 00:00,953.926,2
09-03-2010 00:00,896.1,2
10-03-2010 00:00,849.514,2
11-03-2010 00:00,837.969,2
12-03-2010 00:00,911.938,2
13-03-2010 00:00,1041.077,2
14-03-2010 00:00,1196.35,2
15-03-2010 00:00,1117.197,2
16-03-2010 00:00,1011.71,2
17-03-2010 00:00,927.959,2
18-03-2010 00:00,1121.718,2
19-03-2010 00:00,1398.432,2
20-03-2010 00:00,1449.368,2
21-03-2010 00:00,1845.845,2
22-03-2010 00:00,2048.253,2
23-03-2010 00:00,1734.27,2
24-03-2010 00:00,1448.189,2
25-03-2010 00:00,1246.214,2
26-03-2010 00:00,1137.504,2
27-03-2010 00:00,1518.017,2
28-03-2010 00:00,2374.467,2
29-03-2010 00:00,2085.648,2
30-03-2010 00:00,1586.749,2
31-03-2010 00:00,1360.952,2
01-04-2010 00:00,1321.077,2
02-04-2010 00:00,1192.226,2
03-04-2010 00:00,1090.428,2
04-04-2010 00:00,1036.127,2
05-04-2010 00:00,1214.598,2
06-04-2010 00:00,1114.211,2
07-04-2010 00:00,1027.56,2
08-04-2010 00:00,968.939,2
09-04-2010 00:00,931.143,2
10-04-2010 00:00,890.516,2
11-04-2010 00:00,871.239,2
12-04-2010 00:00,812.215,2
13-04-2010 00:00,758.978,2
14-04-2010 00:00,723.803,2
15-04-2010 00:00,693.279,2
16-04-2010 00:00,669.846,2
17-04-2010 00:00,648.17,2
18-04-2010 00:00,632.767,2
19-04-2010 00:00,611.466,2
20-04-2010 00:00,614.529,2
21-04-2010 00:00,725.442,2
22-04-2010 00:00,743.811,2
23-04-2010 00:00,675.738,2
24-04-2010 00:00,626.371,2
25-04-2010 00:00,595.919,2
26-04-2010 00:00,575.455,2
27-04-2010 00:00,568.471,2
28-04-2010 00:00,553.749,2
29-04-2010 00:00,554.544,2
30-04-2010 00:00,622.522,2
01-05-2010 00:00,686.045,2
02-05-2010 00:00,690.039,2
03-05-2010 00:00,619.676,2
04-05-2010 00:00,583.327,2
05-05-2010 00:00,579.765,2
06-05-2010 00:00,562.057,2
07-05-2010 00:00,544.136,2
08-05-2010 00:00,538.709,2
09-05-2010 00:00,544.027,2
10-05-2010 00:00,527.443,2
11-05-2010 00:00,505.484,2
12-05-2010 00:00,825.307,2
13-05-2010 00:00,1152.095,2
14-05-2010 00:00,883.653,2
15-05-2010 00:00,1069.618,2
16-05-2010 00:00,1406.36,2
17-05-2010 00:00,1096.533,2
18-05-2010 00:00,920.487,2
19-05-2010 00:00,815.956,2
20-05-2010 00:00,741.959,2
21-05-2010 00:00,700.691,2
22-05-2010 00:00,663.825,2
23-05-2010 00:00,638.12,2
24-05-2010 00:00,606.666,2
25-05-2010 00:00,566.349,2
26-05-2010 00:00,531.987,2
27-05-2010 00:00,512.731,2
28-05-2010 00:00,510.818,2
29-05-2010 00:00,520.962,2
30-05-2010 00:00,495.399,2
31-05-2010 00:00,478.061,2
01-06-2010 00:00,453.485,2
02-06-2010 00:00,442.236,2
03-06-2010 00:00,419.327,2
04-06-2010 00:00,411.263,2
05-06-2010 00:00,400.327,2
06-06-2010 00:00,395.735,2
07-06-2010 00:00,667.594,2
08-06-2010 00:00,1212.814,2
09-06-2010 00:00,1061.234,2
10-06-2010 00:00,1251.966,2
11-06-2010 00:00,1734.89,2
12-06-2010 00:00,2584.513,2
13-06-2010 00:00,2612.089,2
14-06-2010 00:00,2296.041,2
15-06-2010 00:00,1777.052,2
16-06-2010 00:00,1377.999,2
17-06-2010 00:00,1142.37,2
18-06-2010 00:00,1003.255,2
19-06-2010 00:00,899.753,2
20-06-2010 00:00,884.967,2
21-06-2010 00:00,782.322,2
22-06-2010 00:00,736.426,2
23-06-2010 00:00,689.328,2
24-06-2010 00:00,588.956,2
25-06-2010 00:00,540.64,2
26-06-2010 00:00,513.257,2
27-06-2010 00:00,487.125,2
28-06-2010 00:00,472.649,2
29-06-2010 00:00,460.551,2
30-06-2010 00:00,454.543,2
01-07-2010 00:00,438.665,2
02-07-2010 00:00,427.395,2
03-07-2010 00:00,415.205,2
04-07-2010 00:00,404.636,2
05-07-2010 00:00,402.889,2
06-07-2010 00:00,396.681,2
07-07-2010 00:00,388.591,2
08-07-2010 00:00,367.648,2
09-07-2010 00:00,369.449,2
10-07-2010 00:00,365.924,2
11-07-2010 00:00,367.391,2
12-07-2010 00:00,382.714,2
13-07-2010 00:00,606.555,2
14-07-2010 00:00,624.287,2
15-07-2010 00:00,479.112,2
16-07-2010 00:00,425.189,2
17-07-2010 00:00,400.021,2
18-07-2010 00:00,391.511,2
19-07-2010 00:00,380.613,2
20-07-2010 00:00,371.872,2
21-07-2010 00:00,354.413,2
22-07-2010 00:00,355.439,2
23-07-2010 00:00,352.706,2
24-07-2010 00:00,342.987,2
25-07-2010 00:00,339.592,2
26-07-2010 00:00,336.627,2
27-07-2010 00:00,351.135,2
28-07-2010 00:00,359.758,2
29-07-2010 00:00,435.781,2
30-07-2010 00:00,515.036,2
31-07-2010 00:00,426.704,2
01-08-2010 00:00,363.27,2
02-08-2010 00:00,418.234,2
03-08-2010 00:00,395.466,2
04-08-2010 00:00,358.448,2
05-08-2010 00:00,343.231,2
06-08-2010 00:00,352.204,2
07-08-2010 00:00,404.182,2
08-08-2010 00:00,375.158,2
09-08-2010 00:00,485.49,2
10-08-2010 00:00,424.048,2
11-08-2010 00:00,394.88,2
12-08-2010 00:00,449.337,2
13-08-2010 00:00,1028.914,2
14-08-2010 00:00,874.241,2
15-08-2010 00:00,1967.531,2
16-08-2010 00:00,1958.166,2
17-08-2010 00:00,1643.268,2
18-08-2010 00:00,1650.932,2
19-08-2010 00:00,1383.56,2
20-08-2010 00:00,1128.972,2
21-08-2010 00:00,979.077,2
22-08-2010 00:00,873.08,2
23-08-2010 00:00,811.521,2
24-08-2010 00:00,903.393,2
25-08-2010 00:00,823.021,2
26-08-2010 00:00,715.571,2
27-08-2010 00:00,652.8,2
28-08-2010 00:00,614.181,2
29-08-2010 00:00,669.696,2
30-08-2010 00:00,782.136,2
31-08-2010 00:00,684.046,2
01-09-2010 00:00,627.619,2
02-09-2010 00:00,599.586,2
03-09-2010 00:00,570.481,2
04-09-2010 00:00,543.65,2
05-09-2010 00:00,515.532,2
06-09-2010 00:00,496.376,2
07-09-2010 00:00,485.712,2
08-09-2010 00:00,481.504,2
09-09-2010 00:00,466.045,2
10-09-2010 00:00,472.289,2
11-09-2010 00:00,487.656,2
12-09-2010 00:00,493.622,2
13-09-2010 00:00,628.777,2
14-09-2010 00:00,674.796,2
15-09-2010 00:00,721.059,2
16-09-2010 00:00,744.969,2
17-09-2010 00:00,776.055,2
18-09-2010 00:00,964.609,2
19-09-2010 00:00,809.999,2
20-09-2010 00:00,746.653,2
21-09-2010 00:00,1032.777,2
22-09-2010 00:00,961.684,2
23-09-2010 00:00,834.731,2
24-09-2010 00:00,755.09,2
25-09-2010 00:00,760.332,2
26-09-2010 00:00,736.606,2
27-09-2010 00:00,682.837,2
28-09-2010 00:00,634.215,2
29-09-2010 00:00,593.492,2
30-09-2010 00:00,570.504,2
01-10-2010 00:00,552.002,2
02-10-2010 00:00,551.791,2
03-10-2010 00:00,540.25,2
04-10-2010 00:00,537.594,2
05-10-2010 00:00,524.641,2
06-10-2010 00:00,501.159,2
07-10-2010 00:00,755.747,2
08-10-2010 00:00,880.616,2
09-10-2010 00:00,744.299,2
10-10-2010 00:00,679.768,2
11-10-2010 00:00,633.886,2
12-10-2010 00:00,600.475,2
13-10-2010 00:00,600.873,2
14-10-2010 00:00,576.783,2
15-10-2010 00:00,555.533,2
16-10-2010 00:00,532.278,2
17-10-2010 00:00,515.853,2
18-10-2010 00:00,521.255,2
19-10-2010 00:00,594.122,2
20-10-2010 00:00,597.002,2
21-10-2010 00:00,644.652,2
22-10-2010 00:00,747.154,2
23-10-2010 00:00,1280.965,2
24-10-2010 00:00,1899.179,2
25-10-2010 00:00,1833.365,2
26-10-2010 00:00,1906.913,2
27-10-2010 00:00,1819.837,2
28-10-2010 00:00,2244.672,2
29-10-2010 00:00,2001.661,2
30-10-2010 00:00,1671.269,2
31-10-2010 00:00,1852.991,2
01-11-2010 00:00,1767.42,2
02-11-2010 00:00,1537.818,2
03-11-2010 00:00,1679.757,2
04-11-2010 00:00,1640.015,2
05-11-2010 00:00,2599.707,2
06-11-2010 00:00,2785.897,2
07-11-2010 00:00,2403.884,2
08-11-2010 00:00,1911.529,2
09-11-2010 00:00,1683.687,2
10-11-2010 00:00,1550.509,2
11-11-2010 00:00,1413.576,2
12-11-2010 00:00,1922.016,2
13-11-2010 00:00,2096.659,2
14-11-2010 00:00,1767.631,2
15-11-2010 00:00,2004.181,2
16-11-2010 00:00,1735.636,2
17-11-2010 00:00,1508.747,2
18-11-2010 00:00,1382.138,2
19-11-2010 00:00,1302.765,2
20-11-2010 00:00,1537.104,2
21-11-2010 00:00,1508.583,2
22-11-2010 00:00,1422.253,2
23-11-2010 00:00,3269.324,2
24-11-2010 00:00,4133.514,2
25-11-2010 00:00,3562.194,2
26-11-2010 00:00,2882.38,2
27-11-2010 00:00,2448.874,2
28-11-2010 00:00,2098.682,2
29-11-2010 00:00,1851.026,2
30-11-2010 00:00,1952.046,2
01-12-2010 00:00,1825.799,2
02-12-2010 00:00,1557.083,2
03-12-2010 00:00,1477.82,2
04-12-2010 00:00,1392.945,2
05-12-2010 00:00,1301.853,2
06-12-2010 00:00,1291.259,2
07-12-2010 00:00,1261.908,2
08-12-2010 00:00,1240.621,2
09-12-2010 00:00,1235.329,2
10-12-2010 00:00,1182.063,2
11-12-2010 00:00,2715.61,2
12-12-2010 00:00,4158.159,2
13-12-2010 00:00,2900.171,2
14-12-2010 00:00,2306.085,2
15-12-2010 00:00,1988.942,2
16-12-2010 00:00,1584.695,2
17-12-2010 00:00,1475.181,2
18-12-2010 00:00,1321.417,2
19-12-2010 00:00,1239.32,2
20-12-2010 00:00,1186.578,2
21-12-2010 00:00,1123.248,2
22-12-2010 00:00,1277.763,2
23-12-2010 00:00,1153.655,2
24-12-2010 00:00,1149.631,2
25-12-2010 00:00,1098.931,2
26-12-2010 00:00,1073.248,2
27-12-2010 00:00,1012.665,2
28-12-2010 00:00,958.272,2
29-12-2010 00:00,865.736,2
30-12-2010 00:00,936.221,2
31-12-2010 00:00,856.739,2
01-01-2011 00:00,1144.608,2
02-01-2011 00:00,1131.923,2
03-01-2011 00:00,1042.649,2
04-01-2011 00:00,968.941,2
05-01-2011 00:00,954.025,2
06-01-2011 00:00,926.32,2
07-01-2011 00:00,967.086,2
08-01-2011 00:00,1132.628,2
09-01-2011 00:00,4205.049,2
10-01-2011 00:00,3780.197,2
11-01-2011 00:00,2779.487,2
12-01-2011 00:00,2315.009,2
13-01-2011 00:00,2056.968,2
14-01-2011 00:00,1968.83,2
15-01-2011 00:00,4171.357,2
16-01-2011 00:00,10092.346,2
17-01-2011 00:00,10682.356,2
18-01-2011 00:00,10472.887,2
19-01-2011 00:00,9507.649,2
20-01-2011 00:00,8431.887,2
21-01-2011 00:00,8151.087,2
22-01-2011 00:00,5648.671,2
23-01-2011 00:00,4819.078,2
24-01-2011 00:00,4228.555,2
25-01-2011 00:00,4476.989,2
26-01-2011 00:00,4234.72,2
27-01-2011 00:00,3964.08,2
28-01-2011 00:00,3792.94,2
29-01-2011 00:00,3601.9,2
30-01-2011 00:00,3239.72,2
31-01-2011 00:00,2985,2
01-02-2011 00:00,1923.58,2
02-02-2011 00:00,1968.935,2
03-02-2011 00:00,2744.774,2
04-02-2011 00:00,3085.696,2
05-02-2011 00:00,5393.748,2
06-02-2011 00:00,4560.81,2
07-02-2011 00:00,5061.952,2
08-02-2011 00:00,4210.189,2
09-02-2011 00:00,3354.519,2
10-02-2011 00:00,3081.959,2
11-02-2011 00:00,3147.495,2
12-02-2011 00:00,2598.94,2
13-02-2011 00:00,2316.36,2
14-02-2011 00:00,1818.86,2
15-02-2011 00:00,1496.48,2
16-02-2011 00:00,1349.22,2
17-02-2011 00:00,1217.88,2
18-02-2011 00:00,1134.3,2
19-02-2011 00:00,1026.84,2
20-02-2011 00:00,975.1,2
21-02-2011 00:00,839.78,2
22-02-2011 00:00,879.58,2
23-02-2011 00:00,640.78,2
24-02-2011 00:00,1846.72,2
25-02-2011 00:00,700.878,2
26-02-2011 00:00,748.014,2
27-02-2011 00:00,747.639,2
28-02-2011 00:00,708.292,2
01-03-2011 00:00,696.63,2
02-03-2011 00:00,692.727,2
03-03-2011 00:00,701.965,2
04-03-2011 00:00,714.472,2
05-03-2011 00:00,769.537,2
06-03-2011 00:00,749.629,2
07-03-2011 00:00,697.303,2
08-03-2011 00:00,676.758,2
09-03-2011 00:00,720.148,2
10-03-2011 00:00,870.879,2
11-03-2011 00:00,1073.325,2
12-03-2011 00:00,978.062,2
13-03-2011 00:00,1019.359,2
14-03-2011 00:00,1113.942,2
15-03-2011 00:00,1095.191,2
16-03-2011 00:00,1025.856,2
17-03-2011 00:00,1024.566,2
18-03-2011 00:00,1122.459,2
19-03-2011 00:00,1155.421,2
20-03-2011 00:00,1114.423,2
21-03-2011 00:00,1101.938,2
22-03-2011 00:00,1145.087,2
23-03-2011 00:00,1142.847,2
24-03-2011 00:00,1069.713,2
25-03-2011 00:00,1035.247,2
26-03-2011 00:00,968.509,2
27-03-2011 00:00,908.423,2
28-03-2011 00:00,890.777,2
29-03-2011 00:00,847.612,2
30-03-2011 00:00,834.356,2
31-03-2011 00:00,934.768,2
01-04-2011 00:00,1309.041,2
02-04-2011 00:00,1185.26,2
03-04-2011 00:00,1100.849,2
04-04-2011 00:00,1012.768,2
05-04-2011 00:00,941.09,2
06-04-2011 00:00,954.982,2
07-04-2011 00:00,905.399,2
08-04-2011 00:00,818.973,2
09-04-2011 00:00,750.346,2
10-04-2011 00:00,695.947,2
11-04-2011 00:00,672.924,2
12-04-2011 00:00,810.148,2
13-04-2011 00:00,2503.901,2
14-04-2011 00:00,2200.687,2
15-04-2011 00:00,1653.596,2
16-04-2011 00:00,1377.343,2
17-04-2011 00:00,1233.563,2
18-04-2011 00:00,1085.305,2
19-04-2011 00:00,961.248,2
20-04-2011 00:00,869.635,2
21-04-2011 00:00,824.995,2
22-04-2011 00:00,780.171,2
23-04-2011 00:00,709.371,2
24-04-2011 00:00,663.867,2
25-04-2011 00:00,611.308,2
26-04-2011 00:00,577.865,2
27-04-2011 00:00,560.802,2
28-04-2011 00:00,536.404,2
29-04-2011 00:00,509.554,2
30-04-2011 00:00,491.58,2
01-05-2011 00:00,473.224,2
02-05-2011 00:00,446.462,2
03-05-2011 00:00,433.467,2
04-05-2011 00:00,418.74,2
05-05-2011 00:00,414.232,2
06-05-2011 00:00,393.466,2
07-05-2011 00:00,370.844,2
08-05-2011 00:00,342.411,2
09-05-2011 00:00,328.557,2
10-05-2011 00:00,328.287,2
11-05-2011 00:00,332.264,2
12-05-2011 00:00,337.199,2
13-05-2011 00:00,343.962,2
14-05-2011 00:00,343.666,2
15-05-2011 00:00,391.518,2
16-05-2011 00:00,335.553,2
17-05-2011 00:00,555.579,2
18-05-2011 00:00,473.864,2
19-05-2011 00:00,394.687,2
20-05-2011 00:00,345.85,2
21-05-2011 00:00,314.889,2
22-05-2011 00:00,308.351,2
23-05-2011 00:00,334.822,2
24-05-2011 00:00,323.818,2
25-05-2011 00:00,299.113,2
26-05-2011 00:00,296.53,2
27-05-2011 00:00,433.397,2
28-05-2011 00:00,456.632,2
29-05-2011 00:00,556.484,2
30-05-2011 00:00,528.196,2
31-05-2011 00:00,408.677,2
01-06-2011 00:00,370.463,2
02-06-2011 00:00,312.814,2
03-06-2011 00:00,289.901,2
04-06-2011 00:00,279.493,2
05-06-2011 00:00,266.028,2
06-06-2011 00:00,264.087,2
07-06-2011 00:00,419.422,2
08-06-2011 00:00,357.867,2
09-06-2011 00:00,885.34,2
10-06-2011 00:00,633.057,2
11-06-2011 00:00,433.577,2
12-06-2011 00:00,346.928,2
13-06-2011 00:00,301.498,2
14-06-2011 00:00,274.808,2
15-06-2011 00:00,245.494,2
16-06-2011 00:00,220.705,2
17-06-2011 00:00,235.106,2
18-06-2011 00:00,256.885,2
19-06-2011 00:00,397.875,2
20-06-2011 00:00,367.802,2
21-06-2011 00:00,334.67,2
22-06-2011 00:00,241.981,2
23-06-2011 00:00,602.018,2
24-06-2011 00:00,445.111,2
25-06-2011 00:00,294.366,2
26-06-2011 00:00,242.082,2
27-06-2011 00:00,215.7,2
28-06-2011 00:00,195.702,2
29-06-2011 00:00,176.528,2
30-06-2011 00:00,167.124,2
01-07-2011 00:00,173.123,2
02-07-2011 00:00,283.524,2
03-07-2011 00:00,288.328,2
04-07-2011 00:00,214.323,2
05-07-2011 00:00,190.086,2
06-07-2011 00:00,174.663,2
07-07-2011 00:00,153.913,2
08-07-2011 00:00,169.702,2
09-07-2011 00:00,197.071,2
10-07-2011 00:00,158.917,2
11-07-2011 00:00,144.243,2
12-07-2011 00:00,130.664,2
13-07-2011 00:00,127.662,2
14-07-2011 00:00,277.281,2
15-07-2011 00:00,481.849,2
16-07-2011 00:00,288.728,2
17-07-2011 00:00,225.501,2
18-07-2011 00:00,232.871,2
19-07-2011 00:00,203.326,2
20-07-2011 00:00,183.764,2
21-07-2011 00:00,210.384,2
22-07-2011 00:00,858.201,2
23-07-2011 00:00,1085.596,2
24-07-2011 00:00,878.386,2
25-07-2011 00:00,631.102,2
26-07-2011 00:00,515.807,2
27-07-2011 00:00,398.454,2
28-07-2011 00:00,347.118,2
29-07-2011 00:00,332.011,2
30-07-2011 00:00,305.668,2
31-07-2011 00:00,287.636,2
01-08-2011 00:00,268.891,2
02-08-2011 00:00,278.705,2
03-08-2011 00:00,254.649,2
04-08-2011 00:00,237.896,2
05-08-2011 00:00,239.1,2
06-08-2011 00:00,238.17,2
07-08-2011 00:00,263.566,2
08-08-2011 00:00,285.528,2
09-08-2011 00:00,662.17,2
10-08-2011 00:00,468.493,2
11-08-2011 00:00,460.208,2
12-08-2011 00:00,473.891,2
13-08-2011 00:00,411.188,2
14-08-2011 00:00,386.707,2
15-08-2011 00:00,576.173,2
16-08-2011 00:00,544.076,2
17-08-2011 00:00,416.672,2
18-08-2011 00:00,362.714,2
19-08-2011 00:00,332.121,2
20-08-2011 00:00,305.353,2
21-08-2011 00:00,278.277,2
22-08-2011 00:00,263.67,2
23-08-2011 00:00,254.269,2
24-08-2011 00:00,264.323,2
25-08-2011 00:00,294.14,2
26-08-2011 00:00,306.568,2
27-08-2011 00:00,2014.948,2
28-08-2011 00:00,4300.927,2
29-08-2011 00:00,4202.426,2
30-08-2011 00:00,3722.056,2
31-08-2011 00:00,3189.083,2
01-09-2011 00:00,2511.121,2
02-09-2011 00:00,1890.403,2
03-09-2011 00:00,1444.199,2
04-09-2011 00:00,1154.399,2
05-09-2011 00:00,1666.655,2
06-09-2011 00:00,2488.902,2
07-09-2011 00:00,2373.169,2
08-09-2011 00:00,2131.931,2
09-09-2011 00:00,1638.161,2
10-09-2011 00:00,1329.26,2
11-09-2011 00:00,1133.982,2
12-09-2011 00:00,1284.493,2
13-09-2011 00:00,1225.078,2
14-09-2011 00:00,1014.548,2
15-09-2011 00:00,987.355,2
16-09-2011 00:00,889.925,2
17-09-2011 00:00,809.112,2
18-09-2011 00:00,920.693,2
19-09-2011 00:00,1307.725,2
20-09-2011 00:00,1093.601,2
21-09-2011 00:00,966.44,2
22-09-2011 00:00,1056.775,2
23-09-2011 00:00,980.642,2
24-09-2011 00:00,864.025,2
25-09-2011 00:00,774.846,2
26-09-2011 00:00,697.701,2
27-09-2011 00:00,623.7,2
28-09-2011 00:00,590.351,2
29-09-2011 00:00,556.651,2
30-09-2011 00:00,528.217,2
01-10-2011 00:00,536.242,2
02-10-2011 00:00,518.096,2
03-10-2011 00:00,494.934,2
04-10-2011 00:00,481.788,2
05-10-2011 00:00,447.371,2
06-10-2011 00:00,675.296,2
07-10-2011 00:00,1123.572,2
08-10-2011 00:00,879.9,2
09-10-2011 00:00,754.262,2
10-10-2011 00:00,1433.734,2
11-10-2011 00:00,2972.871,2
12-10-2011 00:00,2455.243,2
13-10-2011 00:00,1792.8,2
14-10-2011 00:00,1281.552,2
15-10-2011 00:00,1071.315,2
16-10-2011 00:00,944.784,2
17-10-2011 00:00,887.01,2
18-10-2011 00:00,1112.904,2
19-10-2011 00:00,1444.973,2
20-10-2011 00:00,1118.071,2
21-10-2011 00:00,930.709,2
22-10-2011 00:00,843.004,2
23-10-2011 00:00,781.974,2
24-10-2011 00:00,725.848,2
25-10-2011 00:00,680.011,2
26-10-2011 00:00,653.087,2
27-10-2011 00:00,627.389,2
28-10-2011 00:00,611.203,2
29-10-2011 00:00,580.641,2
30-10-2011 00:00,582.652,2
31-10-2011 00:00,565.155,2
01-11-2011 00:00,586.527,2
02-11-2011 00:00,600.328,2
03-11-2011 00:00,574.935,2
04-11-2011 00:00,531.565,2
05-11-2011 00:00,507.499,2
06-11-2011 00:00,477.202,2
07-11-2011 00:00,479.063,2
08-11-2011 00:00,473.149,2
09-11-2011 00:00,458.982,2
10-11-2011 00:00,446.891,2
11-11-2011 00:00,433.861,2
12-11-2011 00:00,429.237,2
13-11-2011 00:00,426.947,2
14-11-2011 00:00,442.482,2
15-11-2011 00:00,452.725,2
16-11-2011 00:00,497.378,2
17-11-2011 00:00,473.096,2
18-11-2011 00:00,451.017,2
19-11-2011 00:00,438.365,2
20-11-2011 00:00,428.492,2
21-11-2011 00:00,416.765,2
22-11-2011 00:00,407.219,2
23-11-2011 00:00,393.8,2
24-11-2011 00:00,387.919,2
25-11-2011 00:00,417.493,2
26-11-2011 00:00,447.696,2
27-11-2011 00:00,520.005,2
28-11-2011 00:00,465.759,2
29-11-2011 00:00,419.01,2
30-11-2011 00:00,415.479,2
01-12-2011 00:00,411.992,2
02-12-2011 00:00,507.687,2
03-12-2011 00:00,672.438,2
04-12-2011 00:00,995.526,2
05-12-2011 00:00,915.378,2
06-12-2011 00:00,845.639,2
07-12-2011 00:00,763.004,2
08-12-2011 00:00,719.515,2
09-12-2011 00:00,2368.842,2
10-12-2011 00:00,1984.365,2
11-12-2011 00:00,1333.494,2
12-12-2011 00:00,1126.68,2
13-12-2011 00:00,1174.301,2
14-12-2011 00:00,1579.366,2
15-12-2011 00:00,2042.446,2
16-12-2011 00:00,1853.749,2
17-12-2011 00:00,1530.653,2
18-12-2011 00:00,1311.181,2
19-12-2011 00:00,1166.821,2
20-12-2011 00:00,1110.624,2
21-12-2011 00:00,1093.001,2
22-12-2011 00:00,1078.482,2
23-12-2011 00:00,1088.686,2
24-12-2011 00:00,1507.736,2
25-12-2011 00:00,1954.335,2
26-12-2011 00:00,1934.503,2
27-12-2011 00:00,1639.274,2
28-12-2011 00:00,1469.229,2
29-12-2011 00:00,1435.916,2
30-12-2011 00:00,1262.827,2
31-12-2011 00:00,1103.433,2
01-01-2012 00:00,1120.573,2
02-01-2012 00:00,2316.951,2
03-01-2012 00:00,2339.53,2
04-01-2012 00:00,3317.74,2
05-01-2012 00:00,3880.891,2
06-01-2012 00:00,4683.674,2
07-01-2012 00:00,4417.717,2
08-01-2012 00:00,4178.124,2
09-01-2012 00:00,3459.45,2
10-01-2012 00:00,3424.865,2
11-01-2012 00:00,2890.518,2
12-01-2012 00:00,2438.686,2
13-01-2012 00:00,2070.923,2
14-01-2012 00:00,1806.548,2
15-01-2012 00:00,1627.233,2
16-01-2012 00:00,1518.871,2
17-01-2012 00:00,1439.553,2
18-01-2012 00:00,1406.128,2
19-01-2012 00:00,1605.572,2
20-01-2012 00:00,1760.151,2
21-01-2012 00:00,1645.33,2
22-01-2012 00:00,2405.615,2
23-01-2012 00:00,2337.232,2
24-01-2012 00:00,1757.031,2
25-01-2012 00:00,1394.7,2
26-01-2012 00:00,1228.694,2
27-01-2012 00:00,1144.32,2
28-01-2012 00:00,1037.921,2
29-01-2012 00:00,958.679,2
30-01-2012 00:00,892.756,2
31-01-2012 00:00,829.078,2
01-02-2012 00:00,764.994,2
02-02-2012 00:00,677.178,2
03-02-2012 00:00,638.111,2
04-02-2012 00:00,564.837,2
05-02-2012 00:00,536.898,2
06-02-2012 00:00,496.167,2
07-02-2012 00:00,454.874,2
08-02-2012 00:00,455.776,2
09-02-2012 00:00,438.892,2
10-02-2012 00:00,430.671,2
11-02-2012 00:00,411.978,2
12-02-2012 00:00,425.06,2
13-02-2012 00:00,429.21,2
14-02-2012 00:00,429.279,2
15-02-2012 00:00,453.232,2
16-02-2012 00:00,454.021,2
17-02-2012 00:00,972.194,2
18-02-2012 00:00,1496.595,2
19-02-2012 00:00,2235.147,2
20-02-2012 00:00,1247.855,2
21-02-2012 00:00,1518.19,2
22-02-2012 00:00,1778.457,2
23-02-2012 00:00,2305.548,2
24-02-2012 00:00,2075.365,2
25-02-2012 00:00,1766.217,2
26-02-2012 00:00,1437.486,2
27-02-2012 00:00,1233.56,2
28-02-2012 00:00,1451.511,2
29-02-2012 00:00,1663.999,2
01-03-2012 00:00,1622.764,2
02-03-2012 00:00,1502.968,2
03-03-2012 00:00,1332.496,2
04-03-2012 00:00,1207.289,2
05-03-2012 00:00,1094.285,2
06-03-2012 00:00,981.387,2
07-03-2012 00:00,924.368,2
08-03-2012 00:00,977.388,2
09-03-2012 00:00,963.199,2
10-03-2012 00:00,1052.266,2
11-03-2012 00:00,1054.686,2
12-03-2012 00:00,994.802,2
13-03-2012 00:00,934.504,2
14-03-2012 00:00,878.692,2
15-03-2012 00:00,838.424,2
16-03-2012 00:00,825.628,2
17-03-2012 00:00,799.938,2
18-03-2012 00:00,862.381,2
19-03-2012 00:00,901.224,2
20-03-2012 00:00,839.791,2
21-03-2012 00:00,801.93,2
22-03-2012 00:00,768.582,2
23-03-2012 00:00,752.865,2
24-03-2012 00:00,738.623,2
25-03-2012 00:00,724.023,2
26-03-2012 00:00,699.727,2
27-03-2012 00:00,689.84,2
28-03-2012 00:00,681.91,2
29-03-2012 00:00,668.379,2
30-03-2012 00:00,654.311,2
31-03-2012 00:00,642.854,2
01-04-2012 00:00,615.032,2
02-04-2012 00:00,602.447,2
03-04-2012 00:00,584.222,2
04-04-2012 00:00,560.163,2
05-04-2012 00:00,551.182,2
06-04-2012 00:00,593.757,2
07-04-2012 00:00,640.568,2
08-04-2012 00:00,582.417,2
09-04-2012 00:00,584.303,2
10-04-2012 00:00,621.475,2
11-04-2012 00:00,652.539,2
12-04-2012 00:00,627.076,2
13-04-2012 00:00,606.695,2
14-04-2012 00:00,600.538,2
15-04-2012 00:00,578.921,2
16-04-2012 00:00,557.39,2
17-04-2012 00:00,541.684,2
18-04-2012 00:00,525.119,2
19-04-2012 00:00,513.083,2
20-04-2012 00:00,500.585,2
21-04-2012 00:00,516.502,2
22-04-2012 00:00,532.818,2
23-04-2012 00:00,507.536,2
24-04-2012 00:00,494.533,2
25-04-2012 00:00,598.659,2
26-04-2012 00:00,611.582,2
27-04-2012 00:00,586.481,2
28-04-2012 00:00,553.937,2
29-04-2012 00:00,537.858,2
30-04-2012 00:00,506.51,2
01-05-2012 00:00,482.904,2
02-05-2012 00:00,471.324,2
03-05-2012 00:00,472.374,2
04-05-2012 00:00,470.106,2
05-05-2012 00:00,452.797,2
06-05-2012 00:00,434.263,2
07-05-2012 00:00,418.754,2
08-05-2012 00:00,409.947,2
09-05-2012 00:00,450.502,2
10-05-2012 00:00,504.788,2
11-05-2012 00:00,524.395,2
12-05-2012 00:00,471.864,2
13-05-2012 00:00,452.234,2
14-05-2012 00:00,440.094,2
15-05-2012 00:00,423.269,2
16-05-2012 00:00,416.801,2
17-05-2012 00:00,423.699,2
18-05-2012 00:00,406.477,2
19-05-2012 00:00,397.117,2
20-05-2012 00:00,401.25,2
21-05-2012 00:00,379.289,2
22-05-2012 00:00,368.581,2
23-05-2012 00:00,382.625,2
24-05-2012 00:00,350.613,2
25-05-2012 00:00,338.275,2
26-05-2012 00:00,336.55,2
27-05-2012 00:00,335.925,2
28-05-2012 00:00,328.247,2
29-05-2012 00:00,322.607,2
30-05-2012 00:00,356.296,2
31-05-2012 00:00,345.657,2
01-06-2012 00:00,328.574,2
02-06-2012 00:00,542.899,2
03-06-2012 00:00,470.026,2
04-06-2012 00:00,383.512,2
05-06-2012 00:00,358.205,2
06-06-2012 00:00,336.183,2
07-06-2012 00:00,331.578,2
08-06-2012 00:00,369.306,2
09-06-2012 00:00,462.598,2
10-06-2012 00:00,378.966,2
11-06-2012 00:00,363.214,2
12-06-2012 00:00,335.963,2
13-06-2012 00:00,318.359,2
14-06-2012 00:00,307.351,2
15-06-2012 00:00,300.444,2
16-06-2012 00:00,306.576,2
17-06-2012 00:00,310.244,2
18-06-2012 00:00,308.81,2
19-06-2012 00:00,322.45,2
20-06-2012 00:00,297.571,2
21-06-2012 00:00,286.09,2
22-06-2012 00:00,354.276,2
23-06-2012 00:00,481.115,2
24-06-2012 00:00,497.758,2
25-06-2012 00:00,1087.536,2
26-06-2012 00:00,834.026,2
27-06-2012 00:00,559.492,2
28-06-2012 00:00,449.812,2
29-06-2012 00:00,473.742,2
30-06-2012 00:00,1034.919,2
01-07-2012 00:00,1026.343,2
02-07-2012 00:00,849.527,2
03-07-2012 00:00,615.064,2
04-07-2012 00:00,510.334,2
05-07-2012 00:00,456.333,2
06-07-2012 00:00,442.577,2
07-07-2012 00:00,451.261,2
08-07-2012 00:00,435.05,2
09-07-2012 00:00,381.331,2
10-07-2012 00:00,380.061,2
11-07-2012 00:00,359.395,2
12-07-2012 00:00,371.704,2
13-07-2012 00:00,487.602,2
14-07-2012 00:00,410.913,2
15-07-2012 00:00,395.206,2
16-07-2012 00:00,361.41,2
17-07-2012 00:00,361.196,2
18-07-2012 00:00,363.65,2
19-07-2012 00:00,458.908,2
20-07-2012 00:00,558.083,2
21-07-2012 00:00,430.807,2
22-07-2012 00:00,363.909,2
23-07-2012 00:00,340.103,2
24-07-2012 00:00,321.235,2
25-07-2012 00:00,308.727,2
26-07-2012 00:00,301.413,2
27-07-2012 00:00,299.234,2
28-07-2012 00:00,317.593,2
29-07-2012 00:00,405.152,2
30-07-2012 00:00,332.693,2
31-07-2012 00:00,334.506,2
01-08-2012 00:00,349.259,2
02-08-2012 00:00,314.694,2
03-08-2012 00:00,302.685,2
04-08-2012 00:00,295.069,2
05-08-2012 00:00,300.366,2
06-08-2012 00:00,313.974,2
07-08-2012 00:00,313.383,2
08-08-2012 00:00,289.493,2
09-08-2012 00:00,277.804,2
10-08-2012 00:00,278.291,2
11-08-2012 00:00,277.93,2
12-08-2012 00:00,270.758,2
13-08-2012 00:00,266.564,2
14-08-2012 00:00,263.605,2
15-08-2012 00:00,261.28,2
16-08-2012 00:00,258.324,2
17-08-2012 00:00,259.557,2
18-08-2012 00:00,259.554,2
19-08-2012 00:00,257.767,2
20-08-2012 00:00,253.737,2
21-08-2012 00:00,251.678,2
22-08-2012 00:00,266.057,2
23-08-2012 00:00,273.198,2
24-08-2012 00:00,272.021,2
25-08-2012 00:00,276.609,2
26-08-2012 00:00,316.07,2
27-08-2012 00:00,402.576,2
28-08-2012 00:00,320.894,2
29-08-2012 00:00,303.622,2
30-08-2012 00:00,299.129,2
31-08-2012 00:00,274.9,2
01-09-2012 00:00,264.541,2
02-09-2012 00:00,259.387,2
03-09-2012 00:00,257.559,2
04-09-2012 00:00,257.377,2
05-09-2012 00:00,256.887,2
06-09-2012 00:00,255.474,2
07-09-2012 00:00,261.585,2
08-09-2012 00:00,263.955,2
09-09-2012 00:00,262.628,2
10-09-2012 00:00,262.105,2
11-09-2012 00:00,271.8,2
12-09-2012 00:00,278.821,2
13-09-2012 00:00,274.286,2
14-09-2012 00:00,276.264,2
15-09-2012 00:00,277.285,2
16-09-2012 00:00,273.908,2
17-09-2012 00:00,270.644,2
18-09-2012 00:00,274.149,2
19-09-2012 00:00,284.298,2
20-09-2012 00:00,281.124,2
21-09-2012 00:00,290.874,2
22-09-2012 00:00,307.81,2
23-09-2012 00:00,304.925,2
24-09-2012 00:00,302.499,2
25-09-2012 00:00,337.397,2
26-09-2012 00:00,462.882,2
27-09-2012 00:00,647.556,2
28-09-2012 00:00,535.77,2
29-09-2012 00:00,495.885,2
30-09-2012 00:00,494.354,2
01-10-2012 00:00,432.632,2
02-10-2012 00:00,404.216,2
03-10-2012 00:00,390.857,2
04-10-2012 00:00,411.636,2
05-10-2012 00:00,444.68,2
06-10-2012 00:00,806.269,2
07-10-2012 00:00,653.102,2
08-10-2012 00:00,517.719,2
09-10-2012 00:00,549.286,2
10-10-2012 00:00,638.294,2
11-10-2012 00:00,554.534,2
12-10-2012 00:00,496.06,2
13-10-2012 00:00,891.759,2
14-10-2012 00:00,1191.157,2
15-10-2012 00:00,1014.554,2
16-10-2012 00:00,896.244,2
17-10-2012 00:00,820.637,2
18-10-2012 00:00,741.192,2
19-10-2012 00:00,687.148,2
20-10-2012 00:00,647.605,2
21-10-2012 00:00,602.847,2
22-10-2012 00:00,573.421,2
23-10-2012 00:00,583.614,2
24-10-2012 00:00,548.766,2
25-10-2012 00:00,534.408,2
26-10-2012 00:00,506.199,2
27-10-2012 00:00,489.767,2
28-10-2012 00:00,467.987,2
29-10-2012 00:00,463.539,2
30-10-2012 00:00,482.464,2
31-10-2012 00:00,478.108,2
01-11-2012 00:00,474.319,2
02-11-2012 00:00,472.088,2
03-11-2012 00:00,457.843,2
04-11-2012 00:00,508.865,2
05-11-2012 00:00,851.485,2
06-11-2012 00:00,1372.584,2
07-11-2012 00:00,1116.853,2
08-11-2012 00:00,1028.543,2
09-11-2012 00:00,1074.253,2
10-11-2012 00:00,969.626,2
11-11-2012 00:00,1054.411,2
12-11-2012 00:00,1031.558,2
13-11-2012 00:00,907.265,2
14-11-2012 00:00,871.164,2
15-11-2012 00:00,791.86,2
16-11-2012 00:00,740.844,2
17-11-2012 00:00,703.099,2
18-11-2012 00:00,669.024,2
19-11-2012 00:00,623.776,2
20-11-2012 00:00,598.55,2
21-11-2012 00:00,588.147,2
22-11-2012 00:00,576.211,2
23-11-2012 00:00,557.334,2
24-11-2012 00:00,568.342,2
25-11-2012 00:00,633.02,2
26-11-2012 00:00,1429.229,2
27-11-2012 00:00,1250.54,2
28-11-2012 00:00,990.383,2
29-11-2012 00:00,851.304,2
30-11-2012 00:00,758.753,2
01-12-2012 00:00,702.287,2
02-12-2012 00:00,664.733,2
03-12-2012 00:00,617.554,2
04-12-2012 00:00,616.819,2
05-12-2012 00:00,590.471,2
06-12-2012 00:00,578.851,2
07-12-2012 00:00,566.55,2
08-12-2012 00:00,546.53,2
09-12-2012 00:00,546.871,2
10-12-2012 00:00,529.279,2
11-12-2012 00:00,522.757,2
12-12-2012 00:00,514.623,2
13-12-2012 00:00,505.823,2
14-12-2012 00:00,485.83,2
15-12-2012 00:00,447.426,2
16-12-2012 00:00,1015.317,2
17-12-2012 00:00,1972.028,2
18-12-2012 00:00,1792.433,2
19-12-2012 00:00,1352.685,2
20-12-2012 00:00,1111.367,2
21-12-2012 00:00,968.458,2
22-12-2012 00:00,833.715,2
23-12-2012 00:00,744.188,2
24-12-2012 00:00,960.306,2
25-12-2012 00:00,2315.034,2
26-12-2012 00:00,2133.192,2
27-12-2012 00:00,1945.023,2
28-12-2012 00:00,1571.08,2
29-12-2012 00:00,1525.584,2
30-12-2012 00:00,1629.147,2
31-12-2012 00:00,1747.117,2
01-01-2013 00:00,1761.793,2
02-01-2013 00:00,1595.286,2
03-01-2013 00:00,1867.777,2
04-01-2013 00:00,1872.869,2
05-01-2013 00:00,1520.672,2
06-01-2013 00:00,1358.97,2
07-01-2013 00:00,1278.529,2
08-01-2013 00:00,1373.742,2
09-01-2013 00:00,1425.717,2
10-01-2013 00:00,2094.639,2
11-01-2013 00:00,1858.682,2
12-01-2013 00:00,1434.514,2
13-01-2013 00:00,1230.867,2
14-01-2013 00:00,1126.679,2
15-01-2013 00:00,1051.471,2
16-01-2013 00:00,942.695,2
17-01-2013 00:00,867.903,2
18-01-2013 00:00,810.618,2
19-01-2013 00:00,770.975,2
20-01-2013 00:00,707.324,2
21-01-2013 00:00,650.58,2
22-01-2013 00:00,590.032,2
23-01-2013 00:00,593.269,2
24-01-2013 00:00,587.657,2
25-01-2013 00:00,555.887,2
26-01-2013 00:00,552.188,2
27-01-2013 00:00,550.924,2
28-01-2013 00:00,560.845,2
29-01-2013 00:00,845.804,2
30-01-2013 00:00,2074.684,2
31-01-2013 00:00,2145.883,2
01-02-2013 00:00,1668.226,2
02-02-2013 00:00,1405.324,2
03-02-2013 00:00,1182.928,2
04-02-2013 00:00,1329.323,2
05-02-2013 00:00,1795.852,2
06-02-2013 00:00,1648.829,2
07-02-2013 00:00,1492.409,2
08-02-2013 00:00,1321.008,2
09-02-2013 00:00,1207.589,2
10-02-2013 00:00,1113.358,2
11-02-2013 00:00,1038.935,2
12-02-2013 00:00,971.904,2
13-02-2013 00:00,911.805,2
14-02-2013 00:00,870.58,2
15-02-2013 00:00,842.334,2
16-02-2013 00:00,819.942,2
17-02-2013 00:00,813.156,2
18-02-2013 00:00,897.443,2
19-02-2013 00:00,1795.11,2
20-02-2013 00:00,1485.031,2
21-02-2013 00:00,1217.004,2
22-02-2013 00:00,1062.685,2
23-02-2013 00:00,964.778,2
24-02-2013 00:00,895.101,2
25-02-2013 00:00,853.578,2
26-02-2013 00:00,836.587,2
27-02-2013 00:00,839.997,2
28-02-2013 00:00,872.266,2
01-03-2013 00:00,984.123,2
02-03-2013 00:00,978.117,2
03-03-2013 00:00,967.95,2
04-03-2013 00:00,913.16,2
05-03-2013 00:00,879.841,2
06-03-2013 00:00,860.64,2
07-03-2013 00:00,839.946,2
08-03-2013 00:00,792.932,2
09-03-2013 00:00,753.864,2
10-03-2013 00:00,713.393,2
11-03-2013 00:00,686.662,2
12-03-2013 00:00,661.51,2
13-03-2013 00:00,650.494,2
14-03-2013 00:00,642.081,2
15-03-2013 00:00,623.406,2
16-03-2013 00:00,608,2
17-03-2013 00:00,608.979,2
18-03-2013 00:00,604.83,2
19-03-2013 00:00,594.956,2
20-03-2013 00:00,593.032,2
21-03-2013 00:00,594.585,2
22-03-2013 00:00,589.821,2
23-03-2013 00:00,564.05,2
24-03-2013 00:00,563.336,2
25-03-2013 00:00,561.307,2
26-03-2013 00:00,560.97,2
27-03-2013 00:00,555.384,2
28-03-2013 00:00,557.212,2
29-03-2013 00:00,560.62,2
30-03-2013 00:00,564.385,2
31-03-2013 00:00,571.982,2
01-04-2013 00:00,576.518,2
02-04-2013 00:00,571.665,2
03-04-2013 00:00,568.705,2
04-04-2013 00:00,567.495,2
05-04-2013 00:00,564.43,2
06-04-2013 00:00,559.723,2
07-04-2013 00:00,564.062,2
08-04-2013 00:00,573.758,2
09-04-2013 00:00,570.798,2
10-04-2013 00:00,566.033,2
11-04-2013 00:00,567.429,2
12-04-2013 00:00,570.011,2
13-04-2013 00:00,567.73,2
14-04-2013 00:00,560.54,2
15-04-2013 00:00,574.964,2
16-04-2013 00:00,579.526,2
17-04-2013 00:00,569.852,2
18-04-2013 00:00,581.126,2
19-04-2013 00:00,561.246,2
20-04-2013 00:00,545.808,2
21-04-2013 00:00,539.21,2
22-04-2013 00:00,533.246,2
23-04-2013 00:00,531.014,2
24-04-2013 00:00,520.045,2
25-04-2013 00:00,523.832,2
26-04-2013 00:00,634.557,2
27-04-2013 00:00,581.041,2
28-04-2013 00:00,551.158,2
29-04-2013 00:00,535.785,2
30-04-2013 00:00,522.358,2
01-05-2013 00:00,509.969,2
02-05-2013 00:00,506.613,2
03-05-2013 00:00,504.49,2
04-05-2013 00:00,499.55,2
05-05-2013 00:00,487.058,2
06-05-2013 00:00,478.836,2
07-05-2013 00:00,475.851,2
08-05-2013 00:00,626.847,2
09-05-2013 00:00,662.372,2
10-05-2013 00:00,580.924,2
11-05-2013 00:00,542.583,2
12-05-2013 00:00,527.271,2
13-05-2013 00:00,512.809,2
14-05-2013 00:00,522.184,2
15-05-2013 00:00,525.17,2
16-05-2013 00:00,496.877,2
17-05-2013 00:00,483.662,2
18-05-2013 00:00,473.54,2
19-05-2013 00:00,470.412,2
20-05-2013 00:00,466.832,2
21-05-2013 00:00,460.986,2
22-05-2013 00:00,519.627,2
23-05-2013 00:00,595.97,2
24-05-2013 00:00,512.151,2
25-05-2013 00:00,497.349,2
26-05-2013 00:00,492.083,2
27-05-2013 00:00,497.597,2
28-05-2013 00:00,543.355,2
29-05-2013 00:00,697.769,2
30-05-2013 00:00,556.732,2
31-05-2013 00:00,511.743,2
01-06-2013 00:00,513.198,2
02-06-2013 00:00,482.063,2
03-06-2013 00:00,464.331,2
04-06-2013 00:00,452.323,2
05-06-2013 00:00,451.858,2
06-06-2013 00:00,441.556,2
07-06-2013 00:00,432.102,2
08-06-2013 00:00,433.745,2
09-06-2013 00:00,431.5,2
10-06-2013 00:00,427.445,2
11-06-2013 00:00,422.066,2
12-06-2013 00:00,418.786,2
13-06-2013 00:00,466.777,2
14-06-2013 00:00,497.407,2
15-06-2013 00:00,456.247,2
16-06-2013 00:00,521.808,2
17-06-2013 00:00,554.714,2
18-06-2013 00:00,491.48,2
19-06-2013 00:00,466.442,2
20-06-2013 00:00,464.137,2
21-06-2013 00:00,461.824,2
22-06-2013 00:00,476.978,2
23-06-2013 00:00,518.055,2
24-06-2013 00:00,496.58,2
25-06-2013 00:00,470.427,2
26-06-2013 00:00,465.531,2
27-06-2013 00:00,603.84,2
28-06-2013 00:00,557.193,2
29-06-2013 00:00,510.19,2
30-06-2013 00:00,493.973,2
01-07-2013 00:00,478.632,2
02-07-2013 00:00,469.208,2
03-07-2013 00:00,460.204,2
04-07-2013 00:00,452.625,2
05-07-2013 00:00,447.135,2
06-07-2013 00:00,441.788,2
07-07-2013 00:00,437.871,2
08-07-2013 00:00,434.178,2
09-07-2013 00:00,433.419,2
10-07-2013 00:00,437.029,2
11-07-2013 00:00,433.879,2
12-07-2013 00:00,430.68,2
13-07-2013 00:00,429.445,2
14-07-2013 00:00,426.813,2
15-07-2013 00:00,424.057,2
16-07-2013 00:00,423.067,2
17-07-2013 00:00,421.18,2
18-07-2013 00:00,419.977,2
19-07-2013 00:00,420.854,2
20-07-2013 00:00,423.131,2
21-07-2013 00:00,422.955,2
22-07-2013 00:00,422.182,2
23-07-2013 00:00,420.412,2
24-07-2013 00:00,419.109,2
25-07-2013 00:00,424.467,2
26-07-2013 00:00,428.698,2
27-07-2013 00:00,442.294,2
28-07-2013 00:00,442.18,2
29-07-2013 00:00,419.613,2
30-07-2013 00:00,414.823,2
31-07-2013 00:00,457.494,2
01-08-2013 00:00,442.009,2
02-08-2013 00:00,421.819,2
03-08-2013 00:00,414.895,2
04-08-2013 00:00,410.74,2
05-08-2013 00:00,407.342,2
06-08-2013 00:00,408.925,2
07-08-2013 00:00,403.65,2
08-08-2013 00:00,426.5,2
09-08-2013 00:00,424.38,2
10-08-2013 00:00,409.78,2
11-08-2013 00:00,446.521,2
12-08-2013 00:00,441.973,2
13-08-2013 00:00,433.56,2
14-08-2013 00:00,431.403,2
15-08-2013 00:00,428.789,2
16-08-2013 00:00,414.347,2
17-08-2013 00:00,451.323,2
18-08-2013 00:00,460.692,2
19-08-2013 00:00,430.064,2
20-08-2013 00:00,413.035,2
21-08-2013 00:00,407.829,2
22-08-2013 00:00,405.924,2
23-08-2013 00:00,403.998,2
24-08-2013 00:00,401.713,2
25-08-2013 00:00,398.92,2
26-08-2013 00:00,396.274,2
27-08-2013 00:00,396.946,2
28-08-2013 00:00,395.162,2
29-08-2013 00:00,394.629,2
30-08-2013 00:00,394.313,2
31-08-2013 00:00,395.883,2
01-09-2013 00:00,394.606,2
02-09-2013 00:00,396.503,2
03-09-2013 00:00,400.734,2
04-09-2013 00:00,397.493,2
05-09-2013 00:00,397.496,2
06-09-2013 00:00,395.38,2
07-09-2013 00:00,392.901,2
08-09-2013 00:00,391.11,2
09-09-2013 00:00,392.742,2
10-09-2013 00:00,398.718,2
11-09-2013 00:00,413.726,2
12-09-2013 00:00,409.873,2
13-09-2013 00:00,400.896,2
14-09-2013 00:00,399.712,2
15-09-2013 00:00,409.795,2
16-09-2013 00:00,419.408,2
17-09-2013 00:00,412.186,2
18-09-2013 00:00,404.35,2
19-09-2013 00:00,404.58,2
20-09-2013 00:00,410.636,2
21-09-2013 00:00,402.794,2
22-09-2013 00:00,400.542,2
23-09-2013 00:00,400.415,2
24-09-2013 00:00,397.605,2
25-09-2013 00:00,395.79,2
26-09-2013 00:00,395.234,2
27-09-2013 00:00,395.788,2
28-09-2013 00:00,395.313,2
29-09-2013 00:00,396.182,2
30-09-2013 00:00,392.868,2
01-10-2013 00:00,391.713,2
02-10-2013 00:00,391.002,2
03-10-2013 00:00,389.903,2
04-10-2013 00:00,389.742,2
05-10-2013 00:00,390.652,2
06-10-2013 00:00,391.733,2
07-10-2013 00:00,395.71,2
08-10-2013 00:00,393.751,2
09-10-2013 00:00,393.904,2
10-10-2013 00:00,394.281,2
11-10-2013 00:00,393.019,2
12-10-2013 00:00,393.249,2
13-10-2013 00:00,402.96,2
14-10-2013 00:00,514,2
15-10-2013 00:00,447.233,2
16-10-2013 00:00,420.564,2
17-10-2013 00:00,414.356,2
18-10-2013 00:00,410.763,2
19-10-2013 00:00,408.425,2
20-10-2013 00:00,464.096,2
21-10-2013 00:00,557.949,2
22-10-2013 00:00,588.816,2
23-10-2013 00:00,518.554,2
24-10-2013 00:00,472.161,2
25-10-2013 00:00,447.42,2
26-10-2013 00:00,440.522,2
27-10-2013 00:00,446.276,2
28-10-2013 00:00,510.369,2
29-10-2013 00:00,564.805,2
30-10-2013 00:00,520.671,2
31-10-2013 00:00,492.762,2
01-11-2013 00:00,535.388,2
02-11-2013 00:00,540.291,2
03-11-2013 00:00,560.625,2
04-11-2013 00:00,567.786,2
05-11-2013 00:00,561.604,2
06-11-2013 00:00,524.168,2
07-11-2013 00:00,521.67,2
08-11-2013 00:00,538.089,2
09-11-2013 00:00,621.711,2
10-11-2013 00:00,733.547,2
11-11-2013 00:00,697.602,2
12-11-2013 00:00,661.252,2
13-11-2013 00:00,719.115,2
14-11-2013 00:00,623.206,2
15-11-2013 00:00,567.554,2
16-11-2013 00:00,533.089,2
17-11-2013 00:00,517.901,2
18-11-2013 00:00,516.899,2
19-11-2013 00:00,518.655,2
20-11-2013 00:00,527.215,2
21-11-2013 00:00,530.085,2
22-11-2013 00:00,529.108,2
23-11-2013 00:00,522.579,2
24-11-2013 00:00,517.193,2
25-11-2013 00:00,519.026,2
26-11-2013 00:00,513.997,2
27-11-2013 00:00,509.731,2
28-11-2013 00:00,519.273,2
29-11-2013 00:00,531.997,2
30-11-2013 00:00,627.12,2
01-12-2013 00:00,596.036,2
02-12-2013 00:00,566.934,2
03-12-2013 00:00,562.858,2
04-12-2013 00:00,621.791,2
05-12-2013 00:00,720.476,2
06-12-2013 00:00,1127.201,2
07-12-2013 00:00,1042.161,2
08-12-2013 00:00,707.762,2
09-12-2013 00:00,926.491,2
10-12-2013 00:00,870.053,2
11-12-2013 00:00,820.876,2
12-12-2013 00:00,775.378,2
13-12-2013 00:00,780.244,2
14-12-2013 00:00,1309.506,2
15-12-2013 00:00,1265.035,2
16-12-2013 00:00,1173.277,2
17-12-2013 00:00,1119.619,2
18-12-2013 00:00,1083.453,2
19-12-2013 00:00,1030.387,2
20-12-2013 00:00,1118.573,2
21-12-2013 00:00,1080.165,2
22-12-2013 00:00,1061.17,2
23-12-2013 00:00,1051.683,2
24-12-2013 00:00,1227.963,2
25-12-2013 00:00,1245.184,2
26-12-2013 00:00,1111.312,2
27-12-2013 00:00,1079.679,2
28-12-2013 00:00,1493.087,2
29-12-2013 00:00,1272.338,2
30-12-2013 00:00,1103.248,2
31-12-2013 00:00,1007.313,2
01-01-2014 00:00,1168.557,2
02-01-2014 00:00,1147.037,2
03-01-2014 00:00,1594.918,2
04-01-2014 00:00,1676.307,2
05-01-2014 00:00,1532.504,2
06-01-2014 00:00,1536.893,2
07-01-2014 00:00,2151.875,2
08-01-2014 00:00,2000.492,2
09-01-2014 00:00,2334.985,2
10-01-2014 00:00,3734.309,2
11-01-2014 00:00,3266.512,2
12-01-2014 00:00,3382.597,2
13-01-2014 00:00,2569.854,2
14-01-2014 00:00,2164.344,2
15-01-2014 00:00,2018.293,2
16-01-2014 00:00,1865.348,2
17-01-2014 00:00,1928.08,2
18-01-2014 00:00,2094.138,2
19-01-2014 00:00,2064.273,2
20-01-2014 00:00,1789.349,2
21-01-2014 00:00,1583.713,2
22-01-2014 00:00,1479.471,2
23-01-2014 00:00,1358.942,2
24-01-2014 00:00,1204.327,2
25-01-2014 00:00,1042.296,2
26-01-2014 00:00,924.853,2
27-01-2014 00:00,853.262,2
28-01-2014 00:00,793.464,2
29-01-2014 00:00,745.446,2
30-01-2014 00:00,702.212,2
31-01-2014 00:00,685.172,2
01-02-2014 00:00,717.918,2
02-02-2014 00:00,1132.007,2
03-02-2014 00:00,1090.134,2
04-02-2014 00:00,951.079,2
05-02-2014 00:00,895.203,2
06-02-2014 00:00,918.328,2
07-02-2014 00:00,1594.266,2
08-02-2014 00:00,2813.758,2
09-02-2014 00:00,3051.133,2
10-02-2014 00:00,2943.822,2
11-02-2014 00:00,2367.707,2
12-02-2014 00:00,2102.447,2
13-02-2014 00:00,2127.822,2
14-02-2014 00:00,1990.438,2
15-02-2014 00:00,1840.828,2
16-02-2014 00:00,1815.093,2
17-02-2014 00:00,1633.96,2
18-02-2014 00:00,1505.586,2
19-02-2014 00:00,1497.308,2
20-02-2014 00:00,1468.171,2
21-02-2014 00:00,2079.171,2
22-02-2014 00:00,3102.54,2
23-02-2014 00:00,2533.251,2
24-02-2014 00:00,2049.83,2
25-02-2014 00:00,1764.895,2
26-02-2014 00:00,1561.332,2
27-02-2014 00:00,1443.784,2
28-02-2014 00:00,1372.638,2
01-03-2014 00:00,1342.497,2
02-03-2014 00:00,1297.099,2
03-03-2014 00:00,1191.821,2
04-03-2014 00:00,1083.774,2
05-03-2014 00:00,1010.717,2
06-03-2014 00:00,974.435,2
07-03-2014 00:00,957.791,2
08-03-2014 00:00,905.534,2
09-03-2014 00:00,877.035,2
10-03-2014 00:00,849.551,2
11-03-2014 00:00,822.582,2
12-03-2014 00:00,789.069,2
13-03-2014 00:00,779.796,2
14-03-2014 00:00,746.807,2
15-03-2014 00:00,766.461,2
16-03-2014 00:00,837.214,2
17-03-2014 00:00,889.141,2
18-03-2014 00:00,849.794,2
19-03-2014 00:00,821.668,2
20-03-2014 00:00,783.155,2
21-03-2014 00:00,743.795,2
22-03-2014 00:00,719.61,2
23-03-2014 00:00,707.754,2
24-03-2014 00:00,691.355,2
25-03-2014 00:00,679.889,2
26-03-2014 00:00,861.001,2
27-03-2014 00:00,835.768,2
28-03-2014 00:00,790.365,2
29-03-2014 00:00,732.295,2
30-03-2014 00:00,700.118,2
31-03-2014 00:00,680.84,2
01-04-2014 00:00,657.987,2
02-04-2014 00:00,648.994,2
03-04-2014 00:00,637.766,2
04-04-2014 00:00,598.596,2
05-04-2014 00:00,606.132,2
06-04-2014 00:00,596.337,2
07-04-2014 00:00,640.19,2
08-04-2014 00:00,759.37,2
09-04-2014 00:00,758.716,2
10-04-2014 00:00,673.763,2
11-04-2014 00:00,667.227,2
12-04-2014 00:00,659.248,2
13-04-2014 00:00,667.787,2
14-04-2014 00:00,822.658,2
15-04-2014 00:00,811.265,2
16-04-2014 00:00,680.129,2
17-04-2014 00:00,656.795,2
18-04-2014 00:00,781.764,2
19-04-2014 00:00,702.727,2
20-04-2014 00:00,626.067,2
21-04-2014 00:00,580.045,2
22-04-2014 00:00,567.594,2
23-04-2014 00:00,531.365,2
24-04-2014 00:00,510.515,2
25-04-2014 00:00,501.485,2
26-04-2014 00:00,493.692,2
27-04-2014 00:00,490.825,2
28-04-2014 00:00,469.9,2
29-04-2014 00:00,456.924,2
30-04-2014 00:00,441.407,2
01-05-2014 00:00,419.145,2
02-05-2014 00:00,397.796,2
03-05-2014 00:00,384.94,2
04-05-2014 00:00,366.876,2
05-05-2014 00:00,354.589,2
06-05-2014 00:00,357.851,2
07-05-2014 00:00,577.235,2
08-05-2014 00:00,739.421,2
09-05-2014 00:00,720.866,2
10-05-2014 00:00,951.593,2
11-05-2014 00:00,944.924,2
12-05-2014 00:00,981.426,2
13-05-2014 00:00,920.999,2
14-05-2014 00:00,1261.954,2
15-05-2014 00:00,1420.859,2
16-05-2014 00:00,1002.101,2
17-05-2014 00:00,801.168,2
18-05-2014 00:00,751.988,2
19-05-2014 00:00,1005.376,2
20-05-2014 00:00,819.906,2
21-05-2014 00:00,695.85,2
22-05-2014 00:00,592.105,2
23-05-2014 00:00,525.848,2
24-05-2014 00:00,471.675,2
25-05-2014 00:00,425.893,2
26-05-2014 00:00,383.941,2
27-05-2014 00:00,360.51,2
28-05-2014 00:00,342.473,2
29-05-2014 00:00,327.978,2
30-05-2014 00:00,309.435,2
31-05-2014 00:00,294.684,2
01-06-2014 00:00,287.116,2
02-06-2014 00:00,290.209,2
03-06-2014 00:00,284.955,2
04-06-2014 00:00,304.034,2
05-06-2014 00:00,309.22,2
06-06-2014 00:00,336.848,2
07-06-2014 00:00,334.835,2
08-06-2014 00:00,305.682,2
09-06-2014 00:00,274.593,2
10-06-2014 00:00,247.013,2
11-06-2014 00:00,229.804,2
12-06-2014 00:00,233.601,2
13-06-2014 00:00,231.385,2
14-06-2014 00:00,227.21,2
15-06-2014 00:00,215.977,2
16-06-2014 00:00,207.603,2
17-06-2014 00:00,204.502,2
18-06-2014 00:00,201.284,2
19-06-2014 00:00,197.444,2
20-06-2014 00:00,253.364,2
21-06-2014 00:00,308.195,2
22-06-2014 00:00,279.349,2
23-06-2014 00:00,232.493,2
24-06-2014 00:00,209.238,2
25-06-2014 00:00,200.017,2
26-06-2014 00:00,200.912,2
27-06-2014 00:00,247.931,2
28-06-2014 00:00,331.606,2
29-06-2014 00:00,275.651,2
30-06-2014 00:00,226.796,2
01-07-2014 00:00,208.021,2
02-07-2014 00:00,216.183,2
03-07-2014 00:00,228.602,2
04-07-2014 00:00,211.448,2
05-07-2014 00:00,205.449,2
06-07-2014 00:00,184.454,2
07-07-2014 00:00,182.494,2
08-07-2014 00:00,203.689,2
09-07-2014 00:00,185.634,2
10-07-2014 00:00,171.988,2
11-07-2014 00:00,162.727,2
12-07-2014 00:00,157.117,2
13-07-2014 00:00,355.519,2
14-07-2014 00:00,578.497,2
15-07-2014 00:00,420.84,2
16-07-2014 00:00,305.13,2
17-07-2014 00:00,240.628,2
18-07-2014 00:00,211.641,2
19-07-2014 00:00,196.835,2
20-07-2014 00:00,181.448,2
21-07-2014 00:00,168.463,2
22-07-2014 00:00,165.25,2
23-07-2014 00:00,159.158,2
24-07-2014 00:00,154.193,2
25-07-2014 00:00,146.102,2
26-07-2014 00:00,143.61,2
27-07-2014 00:00,142.583,2
28-07-2014 00:00,137.646,2
29-07-2014 00:00,135.104,2
30-07-2014 00:00,134.003,2
31-07-2014 00:00,134.746,2
01-08-2014 00:00,133.98,2
02-08-2014 00:00,132.192,2
03-08-2014 00:00,140.745,2
04-08-2014 00:00,232.371,2
05-08-2014 00:00,339.358,2
06-08-2014 00:00,306.74,2
07-08-2014 00:00,249.184,2
08-08-2014 00:00,203.62,2
09-08-2014 00:00,181.52,2
10-08-2014 00:00,171.702,2
11-08-2014 00:00,193.502,2
12-08-2014 00:00,215.335,2
13-08-2014 00:00,228.218,2
14-08-2014 00:00,212.977,2
15-08-2014 00:00,184.543,2
16-08-2014 00:00,202.535,2
17-08-2014 00:00,264.365,2
18-08-2014 00:00,396.565,2
19-08-2014 00:00,350.765,2
20-08-2014 00:00,297.369,2
21-08-2014 00:00,267.038,2
22-08-2014 00:00,213.827,2
23-08-2014 00:00,222.626,2
24-08-2014 00:00,232.215,2
25-08-2014 00:00,246.09,2
26-08-2014 00:00,235.491,2
27-08-2014 00:00,221.868,2
28-08-2014 00:00,200.028,2
29-08-2014 00:00,185.26,2
30-08-2014 00:00,238.422,2
31-08-2014 00:00,431.188,2
01-09-2014 00:00,528.266,2
02-09-2014 00:00,402.042,2
03-09-2014 00:00,308.565,2
04-09-2014 00:00,242.296,2
05-09-2014 00:00,211.368,2
06-09-2014 00:00,197.248,2
07-09-2014 00:00,189.336,2
08-09-2014 00:00,199.469,2
09-09-2014 00:00,227.929,2
10-09-2014 00:00,311.892,2
11-09-2014 00:00,298.171,2
12-09-2014 00:00,241.188,2
13-09-2014 00:00,211.995,2
14-09-2014 00:00,227.038,2
15-09-2014 00:00,222.241,2
16-09-2014 00:00,188.253,2
17-09-2014 00:00,174.341,2
18-09-2014 00:00,169.174,2
19-09-2014 00:00,169.189,2
20-09-2014 00:00,169.926,2
21-09-2014 00:00,170.588,2
22-09-2014 00:00,185.631,2
23-09-2014 00:00,209.294,2
24-09-2014 00:00,215.848,2
25-09-2014 00:00,241.187,2
26-09-2014 00:00,236.796,2
27-09-2014 00:00,211.251,2
28-09-2014 00:00,188.497,2
29-09-2014 00:00,174.465,2
30-09-2014 00:00,169.39,2
01-10-2014 00:00,180.894,2
02-10-2014 00:00,197.407,2
03-10-2014 00:00,194.702,2
04-10-2014 00:00,195.931,2
05-10-2014 00:00,181.573,2
06-10-2014 00:00,171.779,2
07-10-2014 00:00,182.331,2
08-10-2014 00:00,244.395,2
09-10-2014 00:00,241.989,2
10-10-2014 00:00,210.8,2
11-10-2014 00:00,192.422,2
12-10-2014 00:00,217.075,2
13-10-2014 00:00,250.974,2
14-10-2014 00:00,494.85,2
15-10-2014 00:00,561.558,2
16-10-2014 00:00,612.758,2
17-10-2014 00:00,768.485,2
18-10-2014 00:00,814.086,2
19-10-2014 00:00,643.324,2
20-10-2014 00:00,786.673,2
21-10-2014 00:00,588.775,2
22-10-2014 00:00,540.861,2
23-10-2014 00:00,492.88,2
24-10-2014 00:00,420.181,2
25-10-2014 00:00,414.282,2
26-10-2014 00:00,442.507,2
27-10-2014 00:00,380.195,2
28-10-2014 00:00,350.483,2
29-10-2014 00:00,345.272,2
30-10-2014 00:00,329.048,2
31-10-2014 00:00,297.939,2
01-11-2014 00:00,278.803,2
02-11-2014 00:00,264.8,2
03-11-2014 00:00,271.835,2
04-11-2014 00:00,286.822,2
05-11-2014 00:00,337.595,2
06-11-2014 00:00,485.955,2
07-11-2014 00:00,428.526,2
08-11-2014 00:00,351.009,2
09-11-2014 00:00,307.83,2
10-11-2014 00:00,286.086,2
11-11-2014 00:00,280.266,2
12-11-2014 00:00,276.992,2
13-11-2014 00:00,272.161,2
14-11-2014 00:00,266.357,2
15-11-2014 00:00,257.772,2
16-11-2014 00:00,242.35,2
17-11-2014 00:00,327.648,2
18-11-2014 00:00,361.995,2
19-11-2014 00:00,354.986,2
20-11-2014 00:00,330.754,2
21-11-2014 00:00,301.586,2
22-11-2014 00:00,280.962,2
23-11-2014 00:00,267.638,2
24-11-2014 00:00,324.376,2
25-11-2014 00:00,417.108,2
26-11-2014 00:00,393.639,2
27-11-2014 00:00,364.918,2
28-11-2014 00:00,335.605,2
29-11-2014 00:00,315.373,2
30-11-2014 00:00,302.789,2
01-12-2014 00:00,291.193,2
02-12-2014 00:00,287.596,2
03-12-2014 00:00,284.415,2
04-12-2014 00:00,286.399,2
05-12-2014 00:00,295.24,2
06-12-2014 00:00,309.148,2
07-12-2014 00:00,336.302,2
08-12-2014 00:00,548.358,2
09-12-2014 00:00,504.291,2
10-12-2014 00:00,561.541,2
11-12-2014 00:00,903.542,2
12-12-2014 00:00,1361.25,2
13-12-2014 00:00,2028.444,2
14-12-2014 00:00,1427.186,2
15-12-2014 00:00,1148.17,2
16-12-2014 00:00,1154.625,2
17-12-2014 00:00,1050.979,2
18-12-2014 00:00,1150.917,2
19-12-2014 00:00,2324.297,2
20-12-2014 00:00,1766.969,2
21-12-2014 00:00,1421.323,2
22-12-2014 00:00,2437.207,2
23-12-2014 00:00,2528.492,2
24-12-2014 00:00,2470.434,2
25-12-2014 00:00,2951.466,2
26-12-2014 00:00,2173.371,2
27-12-2014 00:00,1678.042,2
28-12-2014 00:00,1373.916,2
29-12-2014 00:00,1187.643,2
30-12-2014 00:00,1068.204,2
31-12-2014 00:00,1200.105,2
01-01-2015 00:00,1188.521,2
02-01-2015 00:00,1248.07,2
03-01-2015 00:00,1278.151,2
04-01-2015 00:00,1091.504,2
05-01-2015 00:00,972.603,2
06-01-2015 00:00,904.172,2
07-01-2015 00:00,873.577,2
08-01-2015 00:00,949.348,2
09-01-2015 00:00,1209.283,2
10-01-2015 00:00,1806.64,2
11-01-2015 00:00,2173.623,2
12-01-2015 00:00,1844.291,2
13-01-2015 00:00,1705.922,2
14-01-2015 00:00,1615.141,2
15-01-2015 00:00,1640.3,2
16-01-2015 00:00,2333.777,2
17-01-2015 00:00,2133.163,2
18-01-2015 00:00,1792.841,2
19-01-2015 00:00,1572.903,2
20-01-2015 00:00,1655.072,2
21-01-2015 00:00,1804.224,2
22-01-2015 00:00,1597.29,2
23-01-2015 00:00,1407.28,2
24-01-2015 00:00,1297.267,2
25-01-2015 00:00,1232.464,2
26-01-2015 00:00,1288.734,2
27-01-2015 00:00,1680.164,2
28-01-2015 00:00,1586.134,2
29-01-2015 00:00,1672.606,2
30-01-2015 00:00,1597.389,2
31-01-2015 00:00,1421.122,2
01-02-2015 00:00,1332.323,2
02-02-2015 00:00,1295.728,2
03-02-2015 00:00,1235.091,2
04-02-2015 00:00,1136.289,2
05-02-2015 00:00,1053.764,2
06-02-2015 00:00,971.757,2
07-02-2015 00:00,1067.687,2
08-02-2015 00:00,1104.685,2
09-02-2015 00:00,1019.328,2
10-02-2015 00:00,938.534,2
11-02-2015 00:00,864.24,2
12-02-2015 00:00,813.609,2
13-02-2015 00:00,800.458,2
14-02-2015 00:00,783.166,2
15-02-2015 00:00,759.318,2
16-02-2015 00:00,750.096,2
17-02-2015 00:00,748.674,2
18-02-2015 00:00,739.269,2
19-02-2015 00:00,770.467,2
20-02-2015 00:00,796.055,2
21-02-2015 00:00,1197.77,2
22-02-2015 00:00,1815.677,2
23-02-2015 00:00,1724.057,2
24-02-2015 00:00,1837.225,2
25-02-2015 00:00,1642.999,2
26-02-2015 00:00,1360.249,2
27-02-2015 00:00,1217.435,2
28-02-2015 00:00,1166.059,2
01-03-2015 00:00,1171.555,2
02-03-2015 00:00,1250.012,2
03-03-2015 00:00,1219.509,2
04-03-2015 00:00,1138.399,2
05-03-2015 00:00,1044.562,2
06-03-2015 00:00,985.735,2
07-03-2015 00:00,961.434,2
08-03-2015 00:00,913.279,2
09-03-2015 00:00,868.16,2
10-03-2015 00:00,850.178,2
11-03-2015 00:00,837.427,2
12-03-2015 00:00,767.514,2
13-03-2015 00:00,716.782,2
14-03-2015 00:00,686.56,2
15-03-2015 00:00,666.42,2
16-03-2015 00:00,651.992,2
17-03-2015 00:00,633.996,2
18-03-2015 00:00,624.571,2
19-03-2015 00:00,617.379,2
20-03-2015 00:00,624.293,2
21-03-2015 00:00,735.212,2
22-03-2015 00:00,734.174,2
23-03-2015 00:00,671.245,2
24-03-2015 00:00,637.428,2
25-03-2015 00:00,612.549,2
26-03-2015 00:00,590.058,2
27-03-2015 00:00,578.627,2
28-03-2015 00:00,575.34,2
29-03-2015 00:00,795.893,2
30-03-2015 00:00,1636.941,2
31-03-2015 00:00,1775.391,2
01-04-2015 00:00,1803.729,2
02-04-2015 00:00,1495.628,2
03-04-2015 00:00,1217.417,2
04-04-2015 00:00,1035.931,2
05-04-2015 00:00,928.178,2
06-04-2015 00:00,845.297,2
07-04-2015 00:00,779.655,2
08-04-2015 00:00,744.701,2
09-04-2015 00:00,710.172,2
10-04-2015 00:00,691.108,2
11-04-2015 00:00,664.668,2
12-04-2015 00:00,696.006,2
13-04-2015 00:00,1351.422,2
14-04-2015 00:00,1348.083,2
15-04-2015 00:00,1273.436,2
16-04-2015 00:00,1133.927,2
17-04-2015 00:00,987.024,2
18-04-2015 00:00,835.499,2
19-04-2015 00:00,569.021,2
20-04-2015 00:00,502.921,2
21-04-2015 00:00,459.809,2
22-04-2015 00:00,434.006,2
23-04-2015 00:00,410.436,2
24-04-2015 00:00,385.667,2
25-04-2015 00:00,392.157,2
26-04-2015 00:00,428.132,2
27-04-2015 00:00,422.242,2
28-04-2015 00:00,382.145,2
29-04-2015 00:00,370.23,2
30-04-2015 00:00,429.331,2
01-05-2015 00:00,520.634,2
02-05-2015 00:00,430.938,2
03-05-2015 00:00,369.391,2
04-05-2015 00:00,448.636,2
05-05-2015 00:00,505.529,2
06-05-2015 00:00,650.267,2
07-05-2015 00:00,623.899,2
08-05-2015 00:00,496.494,2
09-05-2015 00:00,419.262,2
10-05-2015 00:00,384.216,2
11-05-2015 00:00,367.669,2
12-05-2015 00:00,370.932,2
13-05-2015 00:00,431.986,2
14-05-2015 00:00,450.893,2
15-05-2015 00:00,389.852,2
16-05-2015 00:00,344.106,2
17-05-2015 00:00,346.933,2
18-05-2015 00:00,432.069,2
19-05-2015 00:00,666.936,2
20-05-2015 00:00,638.452,2
21-05-2015 00:00,458.858,2
22-05-2015 00:00,360.73,2
23-05-2015 00:00,322.957,2
24-05-2015 00:00,292.137,2
25-05-2015 00:00,268.999,2
26-05-2015 00:00,270.371,2
27-05-2015 00:00,246.528,2
28-05-2015 00:00,257.432,2
29-05-2015 00:00,383.582,2
30-05-2015 00:00,409.794,2
31-05-2015 00:00,413.446,2
01-06-2015 00:00,629.079,2
02-06-2015 00:00,642.336,2
03-06-2015 00:00,688.108,2
04-06-2015 00:00,511.892,2
05-06-2015 00:00,361.644,2
06-06-2015 00:00,433.121,2
07-06-2015 00:00,374.348,2
08-06-2015 00:00,350.193,2
09-06-2015 00:00,340.712,2
10-06-2015 00:00,335.35,2
11-06-2015 00:00,330.256,2
12-06-2015 00:00,325.582,2
13-06-2015 00:00,325.929,2
14-06-2015 00:00,352.372,2
15-06-2015 00:00,330.424,2
16-06-2015 00:00,302.188,2
17-06-2015 00:00,321.641,2
18-06-2015 00:00,511.915,2
19-06-2015 00:00,573.446,2
20-06-2015 00:00,514.378,2
21-06-2015 00:00,409.882,2
22-06-2015 00:00,387.052,2
23-06-2015 00:00,483.431,2
24-06-2015 00:00,418.646,2
25-06-2015 00:00,347.583,2
26-06-2015 00:00,315.197,2
27-06-2015 00:00,316.768,2
28-06-2015 00:00,313.628,2
29-06-2015 00:00,354.971,2
30-06-2015 00:00,346.787,2
01-07-2015 00:00,310.986,2
02-07-2015 00:00,282.919,2
03-07-2015 00:00,259.463,2
04-07-2015 00:00,247.091,2
05-07-2015 00:00,245.218,2
06-07-2015 00:00,294.592,2
07-07-2015 00:00,301.352,2
08-07-2015 00:00,416.844,2
09-07-2015 00:00,604.34,2
10-07-2015 00:00,755.641,2
11-07-2015 00:00,577.751,2
12-07-2015 00:00,414.399,2
13-07-2015 00:00,372.836,2
14-07-2015 00:00,348.305,2
15-07-2015 00:00,294.35,2
16-07-2015 00:00,258.515,2
17-07-2015 00:00,244.18,2
18-07-2015 00:00,234.281,2
19-07-2015 00:00,225.199,2
20-07-2015 00:00,372.861,2
21-07-2015 00:00,409.306,2
22-07-2015 00:00,338.446,2
23-07-2015 00:00,276.513,2
24-07-2015 00:00,243.289,2
25-07-2015 00:00,255.888,2
26-07-2015 00:00,406.424,2
27-07-2015 00:00,455.185,2
28-07-2015 00:00,535.367,2
29-07-2015 00:00,649.041,2
30-07-2015 00:00,505.739,2
31-07-2015 00:00,448.141,2
01-08-2015 00:00,416.799,2
02-08-2015 00:00,334.551,2
03-08-2015 00:00,287.222,2
04-08-2015 00:00,267.084,2
05-08-2015 00:00,379.595,2
06-08-2015 00:00,331.034,2
07-08-2015 00:00,284.771,2
08-08-2015 00:00,257.141,2
09-08-2015 00:00,229.274,2
10-08-2015 00:00,212.431,2
11-08-2015 00:00,289.222,2
12-08-2015 00:00,321.111,2
13-08-2015 00:00,256.37,2
14-08-2015 00:00,221.665,2
15-08-2015 00:00,199.752,2
16-08-2015 00:00,261.298,2
17-08-2015 00:00,285.84,2
18-08-2015 00:00,248.333,2
19-08-2015 00:00,222.69,2
20-08-2015 00:00,207.151,2
21-08-2015 00:00,199.111,2
22-08-2015 00:00,192.064,2
23-08-2015 00:00,185.081,2
24-08-2015 00:00,191.384,2
25-08-2015 00:00,257.846,2
26-08-2015 00:00,262.177,2
27-08-2015 00:00,386.758,2
28-08-2015 00:00,534.903,2
29-08-2015 00:00,410.028,2
30-08-2015 00:00,295.383,2
31-08-2015 00:00,347.223,2
01-09-2015 00:00,804.495,2
02-09-2015 00:00,738.83,2
03-09-2015 00:00,500.293,2
04-09-2015 00:00,379.98,2
05-09-2015 00:00,614.564,2
06-09-2015 00:00,1471.315,2
07-09-2015 00:00,1166.851,2
08-09-2015 00:00,803.074,2
09-09-2015 00:00,585.025,2
10-09-2015 00:00,486.387,2
11-09-2015 00:00,416.647,2
12-09-2015 00:00,368.264,2
13-09-2015 00:00,347.606,2
14-09-2015 00:00,343.549,2
15-09-2015 00:00,516.347,2
16-09-2015 00:00,734.999,2
17-09-2015 00:00,838.645,2
18-09-2015 00:00,632.072,2
19-09-2015 00:00,460.703,2
20-09-2015 00:00,603.579,2
21-09-2015 00:00,684.495,2
22-09-2015 00:00,672.745,2
23-09-2015 00:00,1088.018,2
24-09-2015 00:00,1279.782,2
25-09-2015 00:00,951.465,2
26-09-2015 00:00,743.341,2
27-09-2015 00:00,595.136,2
28-09-2015 00:00,483.411,2
29-09-2015 00:00,428.092,2
30-09-2015 00:00,387.073,2
01-10-2015 00:00,362.329,2
02-10-2015 00:00,348.029,2
03-10-2015 00:00,332.665,2
04-10-2015 00:00,319.02,2
05-10-2015 00:00,304.958,2
06-10-2015 00:00,295.098,2
07-10-2015 00:00,291.901,2
08-10-2015 00:00,286.055,2
09-10-2015 00:00,289.188,2
10-10-2015 00:00,275.671,2
11-10-2015 00:00,264.889,2
12-10-2015 00:00,265.147,2
13-10-2015 00:00,303.93,2
14-10-2015 00:00,452.193,2
15-10-2015 00:00,412.461,2
16-10-2015 00:00,348.296,2
17-10-2015 00:00,344.739,2
18-10-2015 00:00,329.264,2
19-10-2015 00:00,308.81,2
20-10-2015 00:00,304.256,2
21-10-2015 00:00,305.651,2
22-10-2015 00:00,310.567,2
23-10-2015 00:00,313.277,2
24-10-2015 00:00,298.2,2
25-10-2015 00:00,280.866,2
26-10-2015 00:00,276.198,2
27-10-2015 00:00,272.424,2
28-10-2015 00:00,274.689,2
29-10-2015 00:00,266.687,2
30-10-2015 00:00,261.359,2
31-10-2015 00:00,255.83,2
01-11-2015 00:00,250.708,2
02-11-2015 00:00,257.665,2
03-11-2015 00:00,264.148,2
04-11-2015 00:00,264.794,2
05-11-2015 00:00,321.84,2
06-11-2015 00:00,394.949,2
07-11-2015 00:00,435.711,2
08-11-2015 00:00,698.623,2
09-11-2015 00:00,959.189,2
10-11-2015 00:00,1016.909,2
11-11-2015 00:00,960.165,2
12-11-2015 00:00,1276.423,2
13-11-2015 00:00,1071.276,2
14-11-2015 00:00,1003.238,2
15-11-2015 00:00,834.809,2
16-11-2015 00:00,796.958,2
17-11-2015 00:00,925.811,2
18-11-2015 00:00,1606.575,2
19-11-2015 00:00,2023.645,2
20-11-2015 00:00,1829.887,2
21-11-2015 00:00,1451.542,2
22-11-2015 00:00,1520.276,2
23-11-2015 00:00,1507.245,2
24-11-2015 00:00,1652.681,2
25-11-2015 00:00,2506.961,2
26-11-2015 00:00,2603.804,2
27-11-2015 00:00,2297.754,2
28-11-2015 00:00,2170.024,2
29-11-2015 00:00,2368.986,2
30-11-2015 00:00,2603.037,2
01-12-2015 00:00,2406.378,2
02-12-2015 00:00,2152.858,2
03-12-2015 00:00,1970.757,2
04-12-2015 00:00,1964.347,2
05-12-2015 00:00,1885.56,2
06-12-2015 00:00,1802.741,2
07-12-2015 00:00,1628.16,2
08-12-2015 00:00,1395.646,2
09-12-2015 00:00,1286.421,2
10-12-2015 00:00,1187.179,2
11-12-2015 00:00,1457.628,2
12-12-2015 00:00,1564.173,2
13-12-2015 00:00,1503.293,2
14-12-2015 00:00,1401.055,2
15-12-2015 00:00,1744.137,2
16-12-2015 00:00,1782.548,2
17-12-2015 00:00,1641.058,2
18-12-2015 00:00,1502.214,2
19-12-2015 00:00,1312.228,2
20-12-2015 00:00,1192.352,2
21-12-2015 00:00,1104.654,2
22-12-2015 00:00,1329.568,2
23-12-2015 00:00,1861.375,2
24-12-2015 00:00,1994.645,2
25-12-2015 00:00,1760.756,2
26-12-2015 00:00,1908.473,2
27-12-2015 00:00,3266.631,2
28-12-2015 00:00,3291.007,2
29-12-2015 00:00,2773.515,2
30-12-2015 00:00,2500.856,2
31-12-2015 00:00,2232.648,2
01-01-2016 00:00,2036.46,2
02-01-2016 00:00,1895.916,2
03-01-2016 00:00,1684.229,2
04-01-2016 00:00,1384.127,2
05-01-2016 00:00,1257.188,2
06-01-2016 00:00,1206.089,2
07-01-2016 00:00,1139.362,2
08-01-2016 00:00,1104.372,2
09-01-2016 00:00,1101.315,2
10-01-2016 00:00,1156.488,2
11-01-2016 00:00,1392.346,2
12-01-2016 00:00,1388.372,2
13-01-2016 00:00,1297.722,2
14-01-2016 00:00,1185.685,2
15-01-2016 00:00,1078.824,2
16-01-2016 00:00,985.816,2
17-01-2016 00:00,913.656,2
18-01-2016 00:00,859.056,2
19-01-2016 00:00,846.998,2
20-01-2016 00:00,848.728,2
21-01-2016 00:00,803.216,2
22-01-2016 00:00,761.25,2
23-01-2016 00:00,733.13,2
24-01-2016 00:00,763.997,2
25-01-2016 00:00,1080.772,2
26-01-2016 00:00,1209.134,2
27-01-2016 00:00,1312.042,2
28-01-2016 00:00,1588.403,2
29-01-2016 00:00,1421.176,2
30-01-2016 00:00,1507.819,2
31-01-2016 00:00,1678.829,2
01-02-2016 00:00,1490.452,2
02-02-2016 00:00,1555.325,2
03-02-2016 00:00,1409.461,2
04-02-2016 00:00,1274.802,2
05-02-2016 00:00,1252.887,2
06-02-2016 00:00,1250.996,2
07-02-2016 00:00,1196.867,2
08-02-2016 00:00,1199.02,2
09-02-2016 00:00,1313.084,2
10-02-2016 00:00,1876.581,2
11-02-2016 00:00,2338.986,2
12-02-2016 00:00,1917.027,2
13-02-2016 00:00,1689.409,2
14-02-2016 00:00,1558.138,2
15-02-2016 00:00,1374.386,2
16-02-2016 00:00,1322.702,2
17-02-2016 00:00,1252.028,2
18-02-2016 00:00,1213.732,2
19-02-2016 00:00,1183.476,2
20-02-2016 00:00,1242.283,2
21-02-2016 00:00,1668.378,2
22-02-2016 00:00,1784.041,2
23-02-2016 00:00,1537.616,2
24-02-2016 00:00,1335.264,2
25-02-2016 00:00,1228.019,2
26-02-2016 00:00,1152.431,2
27-02-2016 00:00,1066.185,2
28-02-2016 00:00,1005.334,2
29-02-2016 00:00,962.039,2
01-03-2016 00:00,893.001,2
02-03-2016 00:00,1033.928,2
03-03-2016 00:00,1747.14,2
04-03-2016 00:00,1654.072,2
05-03-2016 00:00,1412.637,2
06-03-2016 00:00,1724.428,2
07-03-2016 00:00,2190.652,2
08-03-2016 00:00,2157.194,2
09-03-2016 00:00,2009.199,2
10-03-2016 00:00,1768.68,2
11-03-2016 00:00,1603.602,2
12-03-2016 00:00,1476.686,2
13-03-2016 00:00,1405.178,2
14-03-2016 00:00,1251.699,2
15-03-2016 00:00,1189.833,2
16-03-2016 00:00,1116.398,2
17-03-2016 00:00,1067.368,2
18-03-2016 00:00,981.369,2
19-03-2016 00:00,910.423,2
20-03-2016 00:00,868.849,2
21-03-2016 00:00,839.75,2
22-03-2016 00:00,833.995,2
23-03-2016 00:00,815.614,2
24-03-2016 00:00,786.923,2
25-03-2016 00:00,765.937,2
26-03-2016 00:00,773.563,2
27-03-2016 00:00,761.783,2
28-03-2016 00:00,823.445,2
29-03-2016 00:00,862.933,2
30-03-2016 00:00,858.268,2
31-03-2016 00:00,1016.437,2
01-04-2016 00:00,875.492,2
02-04-2016 00:00,773.603,2
03-04-2016 00:00,719.338,2
04-04-2016 00:00,706.936,2
05-04-2016 00:00,724.698,2
06-04-2016 00:00,1243.959,2
07-04-2016 00:00,1345.463,2
08-04-2016 00:00,1179.07,2
09-04-2016 00:00,1011.463,2
10-04-2016 00:00,899.111,2
11-04-2016 00:00,834.293,2
12-04-2016 00:00,797.825,2
13-04-2016 00:00,781.098,2
14-04-2016 00:00,986.564,2
15-04-2016 00:00,963.015,2
16-04-2016 00:00,873.759,2
17-04-2016 00:00,767.228,2
18-04-2016 00:00,693.134,2
19-04-2016 00:00,638.624,2
20-04-2016 00:00,612.469,2
21-04-2016 00:00,582.997,2
22-04-2016 00:00,552.119,2
23-04-2016 00:00,529.079,2
24-04-2016 00:00,519.95,2
25-04-2016 00:00,569.176,2
26-04-2016 00:00,781.923,2
27-04-2016 00:00,1671.7,2
28-04-2016 00:00,1630.422,2
29-04-2016 00:00,1280.491,2
30-04-2016 00:00,1003.321,2
01-05-2016 00:00,876.277,2
02-05-2016 00:00,815.781,2
03-05-2016 00:00,842.863,2
04-05-2016 00:00,854.824,2
05-05-2016 00:00,711.103,2
06-05-2016 00:00,581.141,2
07-05-2016 00:00,523.129,2
08-05-2016 00:00,491.582,2
09-05-2016 00:00,475.077,2
10-05-2016 00:00,473.234,2
11-05-2016 00:00,467.849,2
12-05-2016 00:00,445.746,2
13-05-2016 00:00,436.995,2
14-05-2016 00:00,425.604,2
15-05-2016 00:00,611.255,2
16-05-2016 00:00,676.568,2
17-05-2016 00:00,547.504,2
18-05-2016 00:00,484.548,2
19-05-2016 00:00,460.211,2
20-05-2016 00:00,482.561,2
21-05-2016 00:00,491.228,2
22-05-2016 00:00,576.288,2
23-05-2016 00:00,573.72,2
24-05-2016 00:00,544.181,2
25-05-2016 00:00,540.879,2
26-05-2016 00:00,536.398,2
27-05-2016 00:00,536.524,2
28-05-2016 00:00,536.926,2
29-05-2016 00:00,535.681,2
30-05-2016 00:00,766.173,2
31-05-2016 00:00,813.105,2
01-06-2016 00:00,821.377,2
02-06-2016 00:00,641.4,2
03-06-2016 00:00,522.556,2
04-06-2016 00:00,477.753,2
05-06-2016 00:00,463.118,2
06-06-2016 00:00,453.249,2
07-06-2016 00:00,457.445,2
08-06-2016 00:00,475.89,2
09-06-2016 00:00,478.844,2
10-06-2016 00:00,463.329,2
11-06-2016 00:00,446.924,2
12-06-2016 00:00,427.465,2
13-06-2016 00:00,415.238,2
14-06-2016 00:00,436.299,2
15-06-2016 00:00,507.586,2
16-06-2016 00:00,876.384,2
17-06-2016 00:00,1094.826,2
18-06-2016 00:00,719.208,2
19-06-2016 00:00,510.907,2
20-06-2016 00:00,424.261,2
21-06-2016 00:00,479.949,2
22-06-2016 00:00,517.987,2
23-06-2016 00:00,427.199,2
24-06-2016 00:00,411.283,2
25-06-2016 00:00,417.91,2
26-06-2016 00:00,345.094,2
27-06-2016 00:00,290.892,2
28-06-2016 00:00,264.56,2
29-06-2016 00:00,284.405,2
30-06-2016 00:00,379.926,2
01-07-2016 00:00,579.886,2
02-07-2016 00:00,699.516,2
03-07-2016 00:00,778.289,2
04-07-2016 00:00,820.471,2
05-07-2016 00:00,697.722,2
06-07-2016 00:00,1504.065,2
07-07-2016 00:00,1967.086,2
08-07-2016 00:00,1357.879,2
09-07-2016 00:00,1072.361,2
10-07-2016 00:00,926.995,2
11-07-2016 00:00,1322.633,2
12-07-2016 00:00,1520.833,2
13-07-2016 00:00,1244.719,2
14-07-2016 00:00,910.725,2
15-07-2016 00:00,740.394,2
16-07-2016 00:00,614.624,2
17-07-2016 00:00,514.027,2
18-07-2016 00:00,461.081,2
19-07-2016 00:00,466.194,2
20-07-2016 00:00,442.865,2
21-07-2016 00:00,384.34,2
22-07-2016 00:00,336.795,2
23-07-2016 00:00,305.109,2
24-07-2016 00:00,281.541,2
25-07-2016 00:00,265.449,2
26-07-2016 00:00,259.976,2
27-07-2016 00:00,256.501,2
28-07-2016 00:00,250.647,2
29-07-2016 00:00,251.598,2
30-07-2016 00:00,304.425,2
31-07-2016 00:00,380.235,2
01-08-2016 00:00,369.63,2
02-08-2016 00:00,387.096,2
03-08-2016 00:00,376.952,2
04-08-2016 00:00,579.875,2
05-08-2016 00:00,559.655,2
06-08-2016 00:00,450.697,2
07-08-2016 00:00,335.486,2
08-08-2016 00:00,269.935,2
09-08-2016 00:00,265.685,2
10-08-2016 00:00,240.001,2
11-08-2016 00:00,329.117,2
12-08-2016 00:00,316.364,2
13-08-2016 00:00,275.907,2
14-08-2016 00:00,281.311,2
15-08-2016 00:00,257.52,2
16-08-2016 00:00,231.956,2
17-08-2016 00:00,215.897,2
18-08-2016 00:00,207.277,2
19-08-2016 00:00,205.217,2
20-08-2016 00:00,205.85,2
21-08-2016 00:00,207.618,2
22-08-2016 00:00,215.523,2
23-08-2016 00:00,320.816,2
24-08-2016 00:00,366.482,2
25-08-2016 00:00,318.69,2
26-08-2016 00:00,261.557,2
27-08-2016 00:00,226.988,2
28-08-2016 00:00,271.155,2
29-08-2016 00:00,393.667,2
30-08-2016 00:00,366.978,2
31-08-2016 00:00,309.274,2
01-09-2016 00:00,270.346,2
02-09-2016 00:00,251.859,2
03-09-2016 00:00,252.936,2
04-09-2016 00:00,252.643,2
05-09-2016 00:00,329.321,2
06-09-2016 00:00,337.175,2
07-09-2016 00:00,309.197,2
08-09-2016 00:00,285.305,2
09-09-2016 00:00,262.794,2
10-09-2016 00:00,241.179,2
11-09-2016 00:00,220.039,2
12-09-2016 00:00,206.848,2
13-09-2016 00:00,206.809,2
14-09-2016 00:00,210.202,2
15-09-2016 00:00,213.073,2
16-09-2016 00:00,216.731,2
17-09-2016 00:00,216.138,2
18-09-2016 00:00,213.407,2
19-09-2016 00:00,211.344,2
20-09-2016 00:00,213.616,2
21-09-2016 00:00,235.523,2
22-09-2016 00:00,256.317,2
23-09-2016 00:00,263.175,2
24-09-2016 00:00,251.591,2
25-09-2016 00:00,240.177,2
26-09-2016 00:00,231.346,2
27-09-2016 00:00,231.702,2
28-09-2016 00:00,244.823,2
29-09-2016 00:00,281.393,2
30-09-2016 00:00,390.904,2
01-10-2016 00:00,438.418,2
02-10-2016 00:00,415.314,2
03-10-2016 00:00,672.641,2
04-10-2016 00:00,844.262,2
05-10-2016 00:00,645.304,2
06-10-2016 00:00,532.609,2
07-10-2016 00:00,555.447,2
08-10-2016 00:00,446.576,2
09-10-2016 00:00,398.217,2
10-10-2016 00:00,446.058,2
11-10-2016 00:00,538.992,2
12-10-2016 00:00,433.263,2
13-10-2016 00:00,363.81,2
14-10-2016 00:00,326,2
15-10-2016 00:00,299.338,2
16-10-2016 00:00,461.701,2
17-10-2016 00:00,528.371,2
18-10-2016 00:00,457.512,2
19-10-2016 00:00,431.154,2
20-10-2016 00:00,500.603,2
21-10-2016 00:00,663.739,2
22-10-2016 00:00,848.381,2
23-10-2016 00:00,830.72,2
24-10-2016 00:00,603.73,2
25-10-2016 00:00,454.141,2
26-10-2016 00:00,386.021,2
27-10-2016 00:00,370.518,2
28-10-2016 00:00,425.252,2
29-10-2016 00:00,504.701,2
30-10-2016 00:00,426.402,2
31-10-2016 00:00,369.016,2
01-11-2016 00:00,513.793,2
02-11-2016 00:00,549.947,2
03-11-2016 00:00,515.99,2
04-11-2016 00:00,489.331,2
05-11-2016 00:00,692.102,2
06-11-2016 00:00,1035.212,2
07-11-2016 00:00,920.09,2
08-11-2016 00:00,647.777,2
09-11-2016 00:00,535.757,2
10-11-2016 00:00,509.527,2
11-11-2016 00:00,490.077,2
12-11-2016 00:00,452.647,2
13-11-2016 00:00,406.419,2
14-11-2016 00:00,387.179,2
15-11-2016 00:00,549.018,2
16-11-2016 00:00,660.891,2
17-11-2016 00:00,668.843,2
18-11-2016 00:00,732.734,2
19-11-2016 00:00,798.354,2
20-11-2016 00:00,736.934,2
21-11-2016 00:00,648.847,2
22-11-2016 00:00,584.04,2
23-11-2016 00:00,609.828,2
24-11-2016 00:00,617.91,2
25-11-2016 00:00,593.968,2
26-11-2016 00:00,541.615,2
27-11-2016 00:00,473.81,2
28-11-2016 00:00,429.248,2
29-11-2016 00:00,395.236,2
30-11-2016 00:00,357.856,2
01-12-2016 00:00,371.571,2
02-12-2016 00:00,385.329,2
03-12-2016 00:00,358.796,2
04-12-2016 00:00,333.695,2
05-12-2016 00:00,326.391,2
06-12-2016 00:00,339.009,2
07-12-2016 00:00,356.486,2
08-12-2016 00:00,436.74,2
09-12-2016 00:00,419.406,2
10-12-2016 00:00,839.005,2
11-12-2016 00:00,999.583,2
12-12-2016 00:00,791.377,2
13-12-2016 00:00,637.913,2
14-12-2016 00:00,560.499,2
15-12-2016 00:00,493.962,2
16-12-2016 00:00,458.818,2
17-12-2016 00:00,425.584,2
18-12-2016 00:00,416.922,2
19-12-2016 00:00,424.687,2
20-12-2016 00:00,410.844,2
21-12-2016 00:00,406.548,2
22-12-2016 00:00,403.558,2
23-12-2016 00:00,409.02,2
24-12-2016 00:00,446.297,2
25-12-2016 00:00,493.548,2
26-12-2016 00:00,469.217,2
27-12-2016 00:00,441.581,2
28-12-2016 00:00,420.571,2
29-12-2016 00:00,400.876,2
30-12-2016 00:00,387.1,2
31-12-2016 00:00,387.485,2
01-01-2017 00:00,451.423,2
02-01-2017 00:00,571.492,2
03-01-2017 00:00,528.485,2
04-01-2017 00:00,560.108,2
05-01-2017 00:00,469.597,2
06-01-2017 00:00,396.881,2
07-01-2017 00:00,385.569,2
08-01-2017 00:00,456.427,2
09-01-2017 00:00,434.651,2
10-01-2017 00:00,444.634,2
11-01-2017 00:00,467.667,2
12-01-2017 00:00,625.759,2
13-01-2017 00:00,584.145,2
14-01-2017 00:00,522.132,2
15-01-2017 00:00,479.546,2
16-01-2017 00:00,432.615,2
17-01-2017 00:00,406.524,2
18-01-2017 00:00,392.548,2
19-01-2017 00:00,416.728,2
20-01-2017 00:00,415.636,2
21-01-2017 00:00,418.148,2
22-01-2017 00:00,429.079,2
23-01-2017 00:00,422.824,2
24-01-2017 00:00,408.645,2
25-01-2017 00:00,407.315,2
26-01-2017 00:00,395.285,2
27-01-2017 00:00,388.327,2
28-01-2017 00:00,372.594,2
29-01-2017 00:00,359.737,2
30-01-2017 00:00,370.513,2
31-01-2017 00:00,365.9,2
01-02-2017 00:00,361.102,2
02-02-2017 00:00,355.158,2
03-02-2017 00:00,349.825,2
04-02-2017 00:00,381.973,2
05-02-2017 00:00,422.332,2
06-02-2017 00:00,414.355,2
07-02-2017 00:00,375.677,2
08-02-2017 00:00,355.171,2
09-02-2017 00:00,368.249,2
10-02-2017 00:00,370.94,2
11-02-2017 00:00,352.573,2
12-02-2017 00:00,335.264,2
13-02-2017 00:00,313.804,2
14-02-2017 00:00,301.866,2
15-02-2017 00:00,325.362,2
16-02-2017 00:00,350.542,2
17-02-2017 00:00,380.328,2
18-02-2017 00:00,376.004,2
19-02-2017 00:00,395.057,2
20-02-2017 00:00,500.647,2
21-02-2017 00:00,693.518,2
22-02-2017 00:00,855.619,2
23-02-2017 00:00,940.695,2
24-02-2017 00:00,1218.732,2
25-02-2017 00:00,1242.587,2
26-02-2017 00:00,1752.079,2
27-02-2017 00:00,1743.563,2
28-02-2017 00:00,1396.254,2
01-03-2017 00:00,1073.634,2
02-03-2017 00:00,1043.064,2
03-03-2017 00:00,1017.803,2
04-03-2017 00:00,898.365,2
05-03-2017 00:00,868.191,2
06-03-2017 00:00,998.643,2
07-03-2017 00:00,814.11,2
08-03-2017 00:00,694.607,2
09-03-2017 00:00,637.862,2
10-03-2017 00:00,555.915,2
11-03-2017 00:00,505.7,2
12-03-2017 00:00,456.255,2
13-03-2017 00:00,431.554,2
14-03-2017 00:00,421.139,2
15-03-2017 00:00,401.25,2
16-03-2017 00:00,395.615,2
17-03-2017 00:00,404.443,2
18-03-2017 00:00,661.877,2
19-03-2017 00:00,851.886,2
20-03-2017 00:00,874.204,2
21-03-2017 00:00,1300.707,2
22-03-2017 00:00,1136.006,2
23-03-2017 00:00,851.933,2
24-03-2017 00:00,800.793,2
25-03-2017 00:00,780.573,2
26-03-2017 00:00,741.569,2
27-03-2017 00:00,695.42,2
28-03-2017 00:00,598.223,2
29-03-2017 00:00,514.602,2
30-03-2017 00:00,537.691,2
31-03-2017 00:00,638.998,2
01-04-2017 00:00,545.6,2
02-04-2017 00:00,490.25,2
03-04-2017 00:00,463.621,2
04-04-2017 00:00,442.355,2
05-04-2017 00:00,452.259,2
06-04-2017 00:00,450.28,2
07-04-2017 00:00,439.792,2
08-04-2017 00:00,431.272,2
09-04-2017 00:00,419.462,2
10-04-2017 00:00,412.557,2
11-04-2017 00:00,392.839,2
12-04-2017 00:00,618.492,2
13-04-2017 00:00,597.218,2
14-04-2017 00:00,541.539,2
15-04-2017 00:00,801.599,2
16-04-2017 00:00,1267.016,2
17-04-2017 00:00,950.389,2
18-04-2017 00:00,713.463,2
19-04-2017 00:00,622.911,2
20-04-2017 00:00,581.676,2
21-04-2017 00:00,542.705,2
22-04-2017 00:00,506.38,2
23-04-2017 00:00,483.132,2
24-04-2017 00:00,612.561,2
25-04-2017 00:00,699.184,2
26-04-2017 00:00,588.463,2
27-04-2017 00:00,513.318,2
28-04-2017 00:00,574.789,2
29-04-2017 00:00,888.621,2
30-04-2017 00:00,1175.888,2
01-05-2017 00:00,933.121,2
02-05-2017 00:00,727.865,2
03-05-2017 00:00,560.061,2
04-05-2017 00:00,460.597,2
05-05-2017 00:00,429.436,2
06-05-2017 00:00,424.72,2
07-05-2017 00:00,409.516,2
08-05-2017 00:00,459.448,2
09-05-2017 00:00,453.426,2
10-05-2017 00:00,565.182,2
11-05-2017 00:00,691.678,2
12-05-2017 00:00,699.645,2
13-05-2017 00:00,544.415,2
14-05-2017 00:00,432.256,2
15-05-2017 00:00,393.308,2
16-05-2017 00:00,393.392,2
17-05-2017 00:00,409.783,2
18-05-2017 00:00,414.877,2
19-05-2017 00:00,400.248,2
20-05-2017 00:00,378.056,2
21-05-2017 00:00,346.67,2
22-05-2017 00:00,348.695,2
23-05-2017 00:00,361.936,2
24-05-2017 00:00,359.553,2
25-05-2017 00:00,336.981,2
26-05-2017 00:00,313.946,2
27-05-2017 00:00,300.219,2
28-05-2017 00:00,283.073,2
29-05-2017 00:00,266.704,2
30-05-2017 00:00,281.41,2
31-05-2017 00:00,280.877,2
01-06-2017 00:00,267.744,2
02-06-2017 00:00,278.791,2
03-06-2017 00:00,278.309,2
04-06-2017 00:00,327.166,2
05-06-2017 00:00,573.453,2
06-06-2017 00:00,552.652,2
07-06-2017 00:00,889.947,2
08-06-2017 00:00,1210.264,2
09-06-2017 00:00,1091.697,2
10-06-2017 00:00,782.355,2
11-06-2017 00:00,547.868,2
12-06-2017 00:00,538.709,2
13-06-2017 00:00,509.836,2
14-06-2017 00:00,405.21,2
15-06-2017 00:00,342.59,2
16-06-2017 00:00,436.754,2
17-06-2017 00:00,505.401,2
18-06-2017 00:00,433.114,2
19-06-2017 00:00,378.292,2
20-06-2017 00:00,347.332,2
21-06-2017 00:00,256.392,2
22-06-2017 00:00,279.008,2
23-06-2017 00:00,312.558,2
24-06-2017 00:00,460.722,2
25-06-2017 00:00,602.381,2
26-06-2017 00:00,464.757,2
27-06-2017 00:00,320.947,2
28-06-2017 00:00,261.135,2
29-06-2017 00:00,297.792,2
30-06-2017 00:00,474.22,2
01-07-2017 00:00,784.384,2
02-07-2017 00:00,613.938,2
03-07-2017 00:00,405.396,2
04-07-2017 00:00,396.701,2
05-07-2017 00:00,348.105,2
06-07-2017 00:00,296.375,2
07-07-2017 00:00,260.028,2
08-07-2017 00:00,268.396,2
09-07-2017 00:00,260.639,2
10-07-2017 00:00,237.493,2
11-07-2017 00:00,243.304,2
12-07-2017 00:00,284.773,2
13-07-2017 00:00,259.579,2
14-07-2017 00:00,230.993,2
15-07-2017 00:00,201.963,2
16-07-2017 00:00,231.802,2
17-07-2017 00:00,355.747,2
18-07-2017 00:00,309.626,2
19-07-2017 00:00,258.919,2
20-07-2017 00:00,216.18,2
21-07-2017 00:00,321.909,2
22-07-2017 00:00,419.146,2
23-07-2017 00:00,365.51,2
24-07-2017 00:00,792.594,2
25-07-2017 00:00,916.321,2
26-07-2017 00:00,618.232,2
27-07-2017 00:00,450.393,2
28-07-2017 00:00,560.659,2
29-07-2017 00:00,479.251,2
30-07-2017 00:00,599.672,2
31-07-2017 00:00,1058.918,2
01-08-2017 00:00,935.699,2
02-08-2017 00:00,650.476,2
03-08-2017 00:00,915.557,2
04-08-2017 00:00,2366.024,2
05-08-2017 00:00,2046.349,2
06-08-2017 00:00,1179.672,2
07-08-2017 00:00,833.202,2
08-08-2017 00:00,720.542,2
09-08-2017 00:00,593.937,2
10-08-2017 00:00,515.812,2
11-08-2017 00:00,433.508,2
12-08-2017 00:00,384.789,2
13-08-2017 00:00,370.855,2
14-08-2017 00:00,329.519,2
15-08-2017 00:00,304.303,2
16-08-2017 00:00,408.506,2
17-08-2017 00:00,445.722,2
18-08-2017 00:00,598.04,2
19-08-2017 00:00,627.122,2
20-08-2017 00:00,502.247,2
21-08-2017 00:00,763.874,2
22-08-2017 00:00,707.2,2
23-08-2017 00:00,477.652,2
24-08-2017 00:00,373.043,2
25-08-2017 00:00,326.965,2
26-08-2017 00:00,285.015,2
27-08-2017 00:00,248.753,2
28-08-2017 00:00,232.447,2
29-08-2017 00:00,238.97,2
30-08-2017 00:00,278.99,2
31-08-2017 00:00,601.426,2
01-09-2017 00:00,603.042,2
02-09-2017 00:00,427.581,2
03-09-2017 00:00,313.406,2
04-09-2017 00:00,268.447,2
05-09-2017 00:00,251.361,2
06-09-2017 00:00,380.367,2
07-09-2017 00:00,1552.314,2
08-09-2017 00:00,1801.952,2
09-09-2017 00:00,1704.572,2
10-09-2017 00:00,2376.473,2
11-09-2017 00:00,1808.176,2
12-09-2017 00:00,1295.923,2
13-09-2017 00:00,1352.481,2
14-09-2017 00:00,1734.792,2
15-09-2017 00:00,1529.75,2
16-09-2017 00:00,1164.923,2
17-09-2017 00:00,1056.977,2
18-09-2017 00:00,933.491,2
19-09-2017 00:00,804.116,2
20-09-2017 00:00,1074.235,2
21-09-2017 00:00,1246.813,2
22-09-2017 00:00,1148.851,2
23-09-2017 00:00,905.112,2
24-09-2017 00:00,750.08,2
25-09-2017 00:00,635.752,2
26-09-2017 00:00,574.521,2
27-09-2017 00:00,537.716,2
28-09-2017 00:00,508.388,2
29-09-2017 00:00,1112.449,2
30-09-2017 00:00,1255.688,2
01-10-2017 00:00,987.05,2
02-10-2017 00:00,1068.519,2
03-10-2017 00:00,1476.775,2
04-10-2017 00:00,1479.216,2
05-10-2017 00:00,1605.592,2
06-10-2017 00:00,1237.888,2
07-10-2017 00:00,1172.912,2
08-10-2017 00:00,1734.52,2
09-10-2017 00:00,1714.092,2
10-10-2017 00:00,1453.691,2
11-10-2017 00:00,1314.815,2
12-10-2017 00:00,1391.673,2
13-10-2017 00:00,1204.819,2
14-10-2017 00:00,1019.916,2
15-10-2017 00:00,865.3,2
16-10-2017 00:00,806.79,2
17-10-2017 00:00,769.978,2
18-10-2017 00:00,739.064,2
19-10-2017 00:00,723.141,2
20-10-2017 00:00,730.106,2
21-10-2017 00:00,1160.264,2
22-10-2017 00:00,1425.686,2
23-10-2017 00:00,1448.794,2
24-10-2017 00:00,1245.061,2
25-10-2017 00:00,1715.831,2
26-10-2017 00:00,1672.725,2
27-10-2017 00:00,1502.492,2
28-10-2017 00:00,1283.998,2
29-10-2017 00:00,1092.598,2
30-10-2017 00:00,1021.455,2
31-10-2017 00:00,959.435,2
01-11-2017 00:00,882.708,2
02-11-2017 00:00,1122.959,2
03-11-2017 00:00,1130.121,2
04-11-2017 00:00,957.164,2
05-11-2017 00:00,838.068,2
06-11-2017 00:00,752.15,2
07-11-2017 00:00,707.721,2
08-11-2017 00:00,692.19,2
09-11-2017 00:00,679.716,2
10-11-2017 00:00,740.363,2
11-11-2017 00:00,815.149,2
12-11-2017 00:00,721.378,2
13-11-2017 00:00,648.115,2
14-11-2017 00:00,673.446,2
15-11-2017 00:00,752.819,2
16-11-2017 00:00,687.106,2
17-11-2017 00:00,741.652,2
18-11-2017 00:00,801.203,2
19-11-2017 00:00,942.151,2
20-11-2017 00:00,1054.558,2
21-11-2017 00:00,979.106,2
22-11-2017 00:00,1325.145,2
23-11-2017 00:00,1573.112,2
24-11-2017 00:00,1296.743,2
25-11-2017 00:00,1125.162,2
26-11-2017 00:00,998.736,2
27-11-2017 00:00,980.554,2
28-11-2017 00:00,1376.571,2
29-11-2017 00:00,1569.22,2
30-11-2017 00:00,1385.83,2
01-12-2017 00:00,1157.47,2
02-12-2017 00:00,1027.571,2
03-12-2017 00:00,1030.645,2
04-12-2017 00:00,984.32,2
05-12-2017 00:00,915.576,2
06-12-2017 00:00,926.627,2
07-12-2017 00:00,986.789,2
08-12-2017 00:00,1106.543,2
09-12-2017 00:00,1011.667,2
10-12-2017 00:00,888.813,2
11-12-2017 00:00,852.1,2
12-12-2017 00:00,928.787,2
13-12-2017 00:00,1214.645,2
14-12-2017 00:00,1733.076,2
15-12-2017 00:00,1985.111,2
16-12-2017 00:00,1638.734,2
17-12-2017 00:00,1398.896,2
18-12-2017 00:00,1257.791,2
19-12-2017 00:00,1151.508,2
20-12-2017 00:00,1035.36,2
21-12-2017 00:00,980.045,2
22-12-2017 00:00,952.049,2
23-12-2017 00:00,1014.424,2
24-12-2017 00:00,1082.424,2
25-12-2017 00:00,1529.07,2
26-12-2017 00:00,1555.819,2
27-12-2017 00:00,1360.917,2
28-12-2017 00:00,1288.09,2
29-12-2017 00:00,1181.455,2
30-12-2017 00:00,1141.66,2
31-12-2017 00:00,1341.912,2
01-01-2018 00:00,1640.015,2
02-01-2018 00:00,1696.207,2
03-01-2018 00:00,1811.527,2
04-01-2018 00:00,2192.698,2
05-01-2018 00:00,2068.852,2
06-01-2018 00:00,1944.608,2
07-01-2018 00:00,1725.699,2
08-01-2018 00:00,1514.251,2
09-01-2018 00:00,1419.89,2
10-01-2018 00:00,1414.928,2
11-01-2018 00:00,1409.684,2
12-01-2018 00:00,1307.3,2
13-01-2018 00:00,1201.327,2
14-01-2018 00:00,1131.095,2
15-01-2018 00:00,1120.569,2
16-01-2018 00:00,1353.564,2
17-01-2018 00:00,1456.12,2
18-01-2018 00:00,1326.666,2
19-01-2018 00:00,1246.559,2
20-01-2018 00:00,1145.9,2
21-01-2018 00:00,1059.676,2
22-01-2018 00:00,1014.403,2
23-01-2018 00:00,981.122,2
24-01-2018 00:00,1242.961,2
25-01-2018 00:00,1419.435,2
26-01-2018 00:00,1261.125,2
27-01-2018 00:00,1120.873,2
28-01-2018 00:00,1273.693,2
29-01-2018 00:00,1420.763,2
30-01-2018 00:00,1396.528,2
31-01-2018 00:00,1307.835,2
01-02-2018 00:00,1364.172,2
02-02-2018 00:00,1286.299,2
03-02-2018 00:00,1291.031,2
04-02-2018 00:00,1128.776,2
05-02-2018 00:00,1048.057,2
06-02-2018 00:00,964.497,2
07-02-2018 00:00,926.827,2
08-02-2018 00:00,889.425,2
09-02-2018 00:00,854.746,2
10-02-2018 00:00,817.433,2
11-02-2018 00:00,821.549,2
12-02-2018 00:00,891.685,2
13-02-2018 00:00,837.775,2
14-02-2018 00:00,787.144,2
15-02-2018 00:00,768.695,2
16-02-2018 00:00,819.008,2
17-02-2018 00:00,968.809,2
18-02-2018 00:00,881.368,2
19-02-2018 00:00,812.313,2
20-02-2018 00:00,783.689,2
21-02-2018 00:00,770.418,2
22-02-2018 00:00,776.448,2
23-02-2018 00:00,758.313,2
24-02-2018 00:00,720.83,2
25-02-2018 00:00,669.094,2
26-02-2018 00:00,632.386,2
27-02-2018 00:00,597.58,2
28-02-2018 00:00,547.349,2
01-03-2018 00:00,546.957,2
02-03-2018 00:00,565.74,2
03-03-2018 00:00,584.834,2
04-03-2018 00:00,575.607,2
05-03-2018 00:00,541.164,2
06-03-2018 00:00,583.21,2
07-03-2018 00:00,636.813,2
08-03-2018 00:00,715.979,2
09-03-2018 00:00,924.369,2
10-03-2018 00:00,931.678,2
11-03-2018 00:00,1007.307,2
12-03-2018 00:00,1621.763,2
13-03-2018 00:00,2869.408,2
14-03-2018 00:00,2275.444,2
15-03-2018 00:00,1848.048,2
16-03-2018 00:00,1455.37,2
17-03-2018 00:00,1253.269,2
18-03-2018 00:00,1125.984,2
19-03-2018 00:00,1019.685,2
20-03-2018 00:00,966.908,2
21-03-2018 00:00,933.366,2
22-03-2018 00:00,1106.134,2
23-03-2018 00:00,1284.137,2
24-03-2018 00:00,1081.86,2
25-03-2018 00:00,985.519,2
26-03-2018 00:00,955.524,2
27-03-2018 00:00,889.371,2
28-03-2018 00:00,821.375,2
29-03-2018 00:00,767.489,2
30-03-2018 00:00,729.397,2
31-03-2018 00:00,712.42,2
01-04-2018 00:00,694.081,2
02-04-2018 00:00,680.07,2
03-04-2018 00:00,748.996,2
04-04-2018 00:00,882.631,2
05-04-2018 00:00,943.874,2
06-04-2018 00:00,871.941,2
07-04-2018 00:00,804.294,2
08-04-2018 00:00,734.97,2
09-04-2018 00:00,682.263,2
10-04-2018 00:00,665.286,2
11-04-2018 00:00,642.548,2
12-04-2018 00:00,642.512,2
13-04-2018 00:00,651.783,2
14-04-2018 00:00,619.802,2
15-04-2018 00:00,617.846,2
16-04-2018 00:00,657.599,2
17-04-2018 00:00,657.966,2
18-04-2018 00:00,637.25,2
19-04-2018 00:00,620.781,2
20-04-2018 00:00,598.909,2
21-04-2018 00:00,576.76,2
22-04-2018 00:00,547.076,2
23-04-2018 00:00,581.375,2
24-04-2018 00:00,570.479,2
25-04-2018 00:00,598.66,2
26-04-2018 00:00,641.65,2
27-04-2018 00:00,571.33,2
28-04-2018 00:00,535.254,2
29-04-2018 00:00,507.203,2
30-04-2018 00:00,491.358,2
01-05-2018 00:00,569.095,2
02-05-2018 00:00,619.57,2
03-05-2018 00:00,559.305,2
04-05-2018 00:00,512.859,2
05-05-2018 00:00,474.865,2
06-05-2018 00:00,447.506,2
07-05-2018 00:00,440.593,2
08-05-2018 00:00,440.298,2
09-05-2018 00:00,433.461,2
10-05-2018 00:00,414.25,2
11-05-2018 00:00,409.872,2
12-05-2018 00:00,401.212,2
13-05-2018 00:00,388.642,2
14-05-2018 00:00,373.099,2
15-05-2018 00:00,374.158,2
16-05-2018 00:00,372.635,2
17-05-2018 00:00,365.96,2
18-05-2018 00:00,359.628,2
19-05-2018 00:00,379.917,2
20-05-2018 00:00,554.804,2
21-05-2018 00:00,512.973,2
22-05-2018 00:00,447.539,2
23-05-2018 00:00,409.472,2
24-05-2018 00:00,393.685,2
25-05-2018 00:00,369.456,2
26-05-2018 00:00,377.335,2
27-05-2018 00:00,577.447,2
28-05-2018 00:00,694.889,2
29-05-2018 00:00,704,2
30-05-2018 00:00,714.954,2
31-05-2018 00:00,495.925,2
01-06-2018 00:00,398.254,2
02-06-2018 00:00,359.122,2
03-06-2018 00:00,323.43,2
04-06-2018 00:00,305.034,2
05-06-2018 00:00,286.4,2
06-06-2018 00:00,276.126,2
07-06-2018 00:00,274.78,2
08-06-2018 00:00,268.329,2
09-06-2018 00:00,258.021,2
10-06-2018 00:00,244.6,2
11-06-2018 00:00,242.255,2
12-06-2018 00:00,246.348,2
13-06-2018 00:00,251.081,2
14-06-2018 00:00,217.084,2
15-06-2018 00:00,205.486,2
16-06-2018 00:00,223.629,2
17-06-2018 00:00,278.178,2
18-06-2018 00:00,282.273,2
19-06-2018 00:00,264.153,2
20-06-2018 00:00,258.324,2
21-06-2018 00:00,244.409,2
22-06-2018 00:00,343.087,2
23-06-2018 00:00,462.161,2
24-06-2018 00:00,383.054,2
25-06-2018 00:00,313.611,2
26-06-2018 00:00,275.515,2
27-06-2018 00:00,251.361,2
28-06-2018 00:00,246.66,2
29-06-2018 00:00,228.175,2
30-06-2018 00:00,217.318,2
01-07-2018 00:00,209.804,2
02-07-2018 00:00,206.422,2
03-07-2018 00:00,174.734,2
04-07-2018 00:00,178.364,2
05-07-2018 00:00,197.867,2
06-07-2018 00:00,210.037,2
07-07-2018 00:00,192.308,2
08-07-2018 00:00,191.738,2
09-07-2018 00:00,200.158,2
10-07-2018 00:00,198.846,2
11-07-2018 00:00,210.198,2
12-07-2018 00:00,255.16,2
13-07-2018 00:00,258.565,2
14-07-2018 00:00,239.309,2
15-07-2018 00:00,220.388,2
16-07-2018 00:00,200.273,2
17-07-2018 00:00,187.598,2
18-07-2018 00:00,208.681,2
19-07-2018 00:00,324.623,2
20-07-2018 00:00,261.859,2
21-07-2018 00:00,210.417,2
22-07-2018 00:00,187.922,2
23-07-2018 00:00,190.995,2
24-07-2018 00:00,193.251,2
25-07-2018 00:00,182.462,2
26-07-2018 00:00,173.468,2
27-07-2018 00:00,174.198,2
28-07-2018 00:00,169.795,2
29-07-2018 00:00,242.967,2
30-07-2018 00:00,250.715,2
31-07-2018 00:00,230.591,2
01-08-2018 00:00,215.689,2
02-08-2018 00:00,233.317,2
03-08-2018 00:00,224.486,2
04-08-2018 00:00,218.073,2
05-08-2018 00:00,250.541,2
06-08-2018 00:00,246.197,2
07-08-2018 00:00,251.67,2
08-08-2018 00:00,227.316,2
09-08-2018 00:00,219.147,2
10-08-2018 00:00,377.843,2
11-08-2018 00:00,420.656,2
12-08-2018 00:00,658.005,2
13-08-2018 00:00,1198.328,2
14-08-2018 00:00,1198.446,2
15-08-2018 00:00,844.062,2
16-08-2018 00:00,609.901,2
17-08-2018 00:00,451.856,2
18-08-2018 00:00,401.933,2
19-08-2018 00:00,344.415,2
20-08-2018 00:00,335.466,2
21-08-2018 00:00,315.567,2
22-08-2018 00:00,301.34,2
23-08-2018 00:00,270.147,2
24-08-2018 00:00,336.153,2
25-08-2018 00:00,427.389,2
26-08-2018 00:00,611.707,2
27-08-2018 00:00,680.389,2
28-08-2018 00:00,900.198,2
29-08-2018 00:00,800.558,2
30-08-2018 00:00,775.427,2
31-08-2018 00:00,1042.628,2
01-09-2018 00:00,875.395,2
02-09-2018 00:00,648.052,2
03-09-2018 00:00,474.96,2
04-09-2018 00:00,397.622,2
05-09-2018 00:00,355.774,2
06-09-2018 00:00,326.428,2
07-09-2018 00:00,311.691,2
08-09-2018 00:00,367.095,2
09-09-2018 00:00,334.357,2
10-09-2018 00:00,297.9,2
11-09-2018 00:00,316.996,2
12-09-2018 00:00,378.244,2
13-09-2018 00:00,347.595,2
14-09-2018 00:00,310.367,2
15-09-2018 00:00,324.89,2
16-09-2018 00:00,322.959,2
17-09-2018 00:00,289.103,2
18-09-2018 00:00,267.019,2
19-09-2018 00:00,263.252,2
20-09-2018 00:00,277.332,2
21-09-2018 00:00,322.843,2
22-09-2018 00:00,397.083,2
23-09-2018 00:00,430.728,2
24-09-2018 00:00,602.494,2
25-09-2018 00:00,802.472,2
26-09-2018 00:00,659.603,2
27-09-2018 00:00,492.038,2
28-09-2018 00:00,395.146,2
29-09-2018 00:00,424.445,2
30-09-2018 00:00,429.788,2
01-10-2018 00:00,363.181,2
02-10-2018 00:00,356.46,2
03-10-2018 00:00,446.089,2
04-10-2018 00:00,441.262,2
05-10-2018 00:00,430.071,2
06-10-2018 00:00,378.246,2
07-10-2018 00:00,471.75,2
08-10-2018 00:00,494.359,2
09-10-2018 00:00,393.95,2
10-10-2018 00:00,347.385,2
11-10-2018 00:00,319.505,2
12-10-2018 00:00,295.878,2
13-10-2018 00:00,280.145,2
14-10-2018 00:00,265.763,2
15-10-2018 00:00,247.716,2
16-10-2018 00:00,243.351,2
17-10-2018 00:00,240.198,2
18-10-2018 00:00,227.86,2
19-10-2018 00:00,235.503,2
20-10-2018 00:00,249.325,2
21-10-2018 00:00,250.916,2
22-10-2018 00:00,263.75,2
23-10-2018 00:00,601.799,2
24-10-2018 00:00,754.774,2
25-10-2018 00:00,770.575,2
26-10-2018 00:00,720.543,2
27-10-2018 00:00,846.508,2
28-10-2018 00:00,730.469,2
29-10-2018 00:00,504.506,2
30-10-2018 00:00,427.755,2
31-10-2018 00:00,427.168,2
01-11-2018 00:00,395.372,2
02-11-2018 00:00,381.365,2
03-11-2018 00:00,369.277,2
04-11-2018 00:00,357.481,2
05-11-2018 00:00,339.289,2
06-11-2018 00:00,329.845,2
07-11-2018 00:00,313.066,2
08-11-2018 00:00,289.748,2
09-11-2018 00:00,268.324,2
10-11-2018 00:00,276.528,2
11-11-2018 00:00,338.348,2
12-11-2018 00:00,432.239,2
13-11-2018 00:00,673.307,2
14-11-2018 00:00,555.212,2
15-11-2018 00:00,446.246,2
16-11-2018 00:00,371.673,2
17-11-2018 00:00,314.492,2
18-11-2018 00:00,288.95,2
19-11-2018 00:00,283.137,2
20-11-2018 00:00,288.205,2
21-11-2018 00:00,279.35,2
22-11-2018 00:00,270.133,2
23-11-2018 00:00,270.723,2
24-11-2018 00:00,271.242,2
25-11-2018 00:00,271.55,2
26-11-2018 00:00,264.429,2
27-11-2018 00:00,262.443,2
28-11-2018 00:00,266.066,2
29-11-2018 00:00,366.372,2
30-11-2018 00:00,615.813,2
01-12-2018 00:00,558.412,2
02-12-2018 00:00,496.305,2
03-12-2018 00:00,633.023,2
04-12-2018 00:00,550.885,2
05-12-2018 00:00,434.995,2
06-12-2018 00:00,401.905,2
07-12-2018 00:00,527.802,2
08-12-2018 00:00,838.863,2
09-12-2018 00:00,970.859,2
10-12-2018 00:00,775.645,2
11-12-2018 00:00,641.756,2
12-12-2018 00:00,571.335,2
13-12-2018 00:00,529.193,2
14-12-2018 00:00,483.178,2
15-12-2018 00:00,429.959,2
16-12-2018 00:00,416.578,2
17-12-2018 00:00,385.133,2
18-12-2018 00:00,371.175,2
19-12-2018 00:00,384.579,2
20-12-2018 00:00,412.666,2
21-12-2018 00:00,500.128,2
22-12-2018 00:00,821.853,2
23-12-2018 00:00,861.78,2
24-12-2018 00:00,765.253,2
25-12-2018 00:00,707.776,2
26-12-2018 00:00,643.275,2
27-12-2018 00:00,539.857,2
28-12-2018 00:00,487.027,2
29-12-2018 00:00,487.4,2
30-12-2018 00:00,655.652,2
31-12-2018 00:00,677.143,2
01-01-2019 00:00,589.607,2
02-01-2019 00:00,461.983,2
03-01-2019 00:00,441.672,2
04-01-2019 00:00,434.883,2
05-01-2019 00:00,427.493,2
06-01-2019 00:00,404.828,2
07-01-2019 00:00,409.914,2
08-01-2019 00:00,604.583,2
09-01-2019 00:00,775.166,2
10-01-2019 00:00,738.163,2
11-01-2019 00:00,681.92,2
12-01-2019 00:00,631.847,2
13-01-2019 00:00,754.838,2
14-01-2019 00:00,817.937,2
15-01-2019 00:00,774.324,2
16-01-2019 00:00,864.018,2
17-01-2019 00:00,1008.338,2
18-01-2019 00:00,1096.782,2
19-01-2019 00:00,955.487,2
20-01-2019 00:00,854.038,2
21-01-2019 00:00,811.492,2
22-01-2019 00:00,833.151,2
23-01-2019 00:00,795.587,2
24-01-2019 00:00,694.989,2
25-01-2019 00:00,608.401,2
26-01-2019 00:00,565.739,2
27-01-2019 00:00,616.082,2
28-01-2019 00:00,887.192,2
29-01-2019 00:00,986.223,2
30-01-2019 00:00,822.331,2
31-01-2019 00:00,748.293,2
01-02-2019 00:00,756.429,2
02-02-2019 00:00,709.458,2
03-02-2019 00:00,648.155,2
04-02-2019 00:00,613.122,2
05-02-2019 00:00,653.13,2
06-02-2019 00:00,669.189,2
07-02-2019 00:00,803.304,2
08-02-2019 00:00,866.717,2
09-02-2019 00:00,1107.86,2
10-02-2019 00:00,1169.77,2
11-02-2019 00:00,1080.908,2
12-02-2019 00:00,966.444,2
13-02-2019 00:00,913.687,2
14-02-2019 00:00,846.973,2
15-02-2019 00:00,784.193,2
16-02-2019 00:00,733.767,2
17-02-2019 00:00,694.039,2
18-02-2019 00:00,669.4,2
19-02-2019 00:00,662.67,2
20-02-2019 00:00,667.277,2
21-02-2019 00:00,900.206,2
22-02-2019 00:00,971.088,2
23-02-2019 00:00,873.646,2
24-02-2019 00:00,798.947,2
25-02-2019 00:00,766.455,2
26-02-2019 00:00,754.022,2
27-02-2019 00:00,733.538,2
28-02-2019 00:00,671.495,2
01-03-2019 00:00,603.714,2
02-03-2019 00:00,565.806,2
03-03-2019 00:00,581.714,2
04-03-2019 00:00,833.19,2
05-03-2019 00:00,1354.953,2
06-03-2019 00:00,1542.875,2
07-03-2019 00:00,1975.931,2
08-03-2019 00:00,1712.244,2
09-03-2019 00:00,1480.631,2
10-03-2019 00:00,1523.048,2
11-03-2019 00:00,1319.314,2
12-03-2019 00:00,1198.517,2
13-03-2019 00:00,1924.717,2
14-03-2019 00:00,1871.889,2
15-03-2019 00:00,2033.934,2
16-03-2019 00:00,2601.515,2
17-03-2019 00:00,2808.264,2
18-03-2019 00:00,2388.428,2
19-03-2019 00:00,2018.092,2
20-03-2019 00:00,1800.526,2
21-03-2019 00:00,1657.176,2
22-03-2019 00:00,1574.109,2
23-03-2019 00:00,1440.393,2
24-03-2019 00:00,1336.571,2
25-03-2019 00:00,1480.895,2
26-03-2019 00:00,1483.138,2
27-03-2019 00:00,1300.252,2
28-03-2019 00:00,1104.936,2
29-03-2019 00:00,997.671,2
30-03-2019 00:00,952.323,2
31-03-2019 00:00,885.161,2
01-04-2019 00:00,850.963,2
02-04-2019 00:00,833.8,2
03-04-2019 00:00,804.757,2
04-04-2019 00:00,803.187,2
05-04-2019 00:00,759.417,2
06-04-2019 00:00,685.396,2
07-04-2019 00:00,622.574,2
08-04-2019 00:00,601.324,2
09-04-2019 00:00,625.445,2
10-04-2019 00:00,621.867,2
11-04-2019 00:00,599.607,2
12-04-2019 00:00,591.798,2
13-04-2019 00:00,559.456,2
14-04-2019 00:00,525.892,2
15-04-2019 00:00,510.595,2
16-04-2019 00:00,496.859,2
17-04-2019 00:00,489.107,2
18-04-2019 00:00,521.63,2
19-04-2019 00:00,495.705,2
20-04-2019 00:00,489.283,2
21-04-2019 00:00,486.499,2
22-04-2019 00:00,474.173,2
23-04-2019 00:00,469.822,2
24-04-2019 00:00,509.304,2
25-04-2019 00:00,511.325,2
26-04-2019 00:00,493.386,2
27-04-2019 00:00,554.042,2
28-04-2019 00:00,744.407,2
29-04-2019 00:00,728.875,2
30-04-2019 00:00,610.253,2
01-05-2019 00:00,574.8,2
02-05-2019 00:00,471.322,2
03-05-2019 00:00,480.09,2
04-05-2019 00:00,566.998,2
05-05-2019 00:00,596.789,2
06-05-2019 00:00,536.555,2
07-05-2019 00:00,528.235,2
08-05-2019 00:00,545.679,2
09-05-2019 00:00,639.083,2
10-05-2019 00:00,695.051,2
11-05-2019 00:00,759.288,2
12-05-2019 00:00,655.332,2
13-05-2019 00:00,528.263,2
14-05-2019 00:00,475.156,2
15-05-2019 00:00,448.24,2
16-05-2019 00:00,417.411,2
17-05-2019 00:00,414.82,2
18-05-2019 00:00,549.979,2
19-05-2019 00:00,508.722,2
20-05-2019 00:00,444.636,2
21-05-2019 00:00,474.625,2
22-05-2019 00:00,686.06,2
23-05-2019 00:00,709.331,2
24-05-2019 00:00,581.819,2
25-05-2019 00:00,487.899,2
26-05-2019 00:00,448.599,2
27-05-2019 00:00,493.7,2
28-05-2019 00:00,461.221,2
29-05-2019 00:00,396.854,2
30-05-2019 00:00,369.34,2
31-05-2019 00:00,432.897,2
01-06-2019 00:00,514.06,2
02-06-2019 00:00,439.319,2
03-06-2019 00:00,397.843,2
04-06-2019 00:00,395.437,2
05-06-2019 00:00,379.014,2
06-06-2019 00:00,365.475,2
07-06-2019 00:00,488.988,2
08-06-2019 00:00,607.911,2
09-06-2019 00:00,614.961,2
10-06-2019 00:00,527.33,2
11-06-2019 00:00,400.752,2
12-06-2019 00:00,472.106,2
13-06-2019 00:00,773.782,2
14-06-2019 00:00,916.572,2
15-06-2019 00:00,844.67,2
16-06-2019 00:00,807.235,2
17-06-2019 00:00,677.826,2
18-06-2019 00:00,543.723,2
19-06-2019 00:00,498.365,2
20-06-2019 00:00,483.245,2
21-06-2019 00:00,482.433,2
22-06-2019 00:00,450.66,2
23-06-2019 00:00,398.255,2
24-06-2019 00:00,386.991,2
25-06-2019 00:00,431.118,2
26-06-2019 00:00,422.978,2
27-06-2019 00:00,261.142,2
28-06-2019 00:00,291.939,2
29-06-2019 00:00,280.535,2
30-06-2019 00:00,257.696,2
01-07-2019 00:00,233.8,2
02-07-2019 00:00,240.343,2
03-07-2019 00:00,244.064,2
04-07-2019 00:00,258.235,2
05-07-2019 00:00,464.924,2
06-07-2019 00:00,506.489,2
07-07-2019 00:00,490.368,2
08-07-2019 00:00,730.51,2
09-07-2019 00:00,833.279,2
10-07-2019 00:00,648.245,2
11-07-2019 00:00,513.438,2
12-07-2019 00:00,444.168,2
13-07-2019 00:00,392.87,2
14-07-2019 00:00,371.233,2
15-07-2019 00:00,303.761,2
16-07-2019 00:00,253.405,2
17-07-2019 00:00,250.844,2
18-07-2019 00:00,243.448,2
19-07-2019 00:00,237.286,2
20-07-2019 00:00,431.002,2
21-07-2019 00:00,410.706,2
22-07-2019 00:00,354.84,2
23-07-2019 00:00,368.842,2
24-07-2019 00:00,334.931,2
25-07-2019 00:00,278.291,2
26-07-2019 00:00,224.909,2
27-07-2019 00:00,210.858,2
28-07-2019 00:00,185.875,2
29-07-2019 00:00,213.627,2
30-07-2019 00:00,204.449,2
31-07-2019 00:00,292.869,2
01-08-2019 00:00,559.798,2
02-08-2019 00:00,562.175,2
03-08-2019 00:00,490.309,2
04-08-2019 00:00,411.633,2
05-08-2019 00:00,342.207,2
06-08-2019 00:00,349.331,2
07-08-2019 00:00,342.718,2
08-08-2019 00:00,434.724,2
09-08-2019 00:00,1053.814,2
10-08-2019 00:00,1280.795,2
11-08-2019 00:00,1910.326,2
12-08-2019 00:00,1299.24,2
13-08-2019 00:00,913.035,2
14-08-2019 00:00,725.822,2
15-08-2019 00:00,614.167,2
16-08-2019 00:00,533.191,2
17-08-2019 00:00,517.507,2
18-08-2019 00:00,577.73,2
19-08-2019 00:00,707.794,2
20-08-2019 00:00,666.9,2
21-08-2019 00:00,736.09,2
22-08-2019 00:00,623.966,2
23-08-2019 00:00,491.238,2
24-08-2019 00:00,428.088,2
25-08-2019 00:00,404.33,2
26-08-2019 00:00,367.889,2
27-08-2019 00:00,341.519,2
28-08-2019 00:00,330.213,2
29-08-2019 00:00,325.438,2
30-08-2019 00:00,312.724,2
31-08-2019 00:00,282.443,2
01-09-2019 00:00,269.155,2
02-09-2019 00:00,316.041,2
03-09-2019 00:00,311.825,2
04-09-2019 00:00,281.68,2
05-09-2019 00:00,332.043,2
06-09-2019 00:00,417.068,2
07-09-2019 00:00,477.717,2
08-09-2019 00:00,454.633,2
09-09-2019 00:00,416.938,2
10-09-2019 00:00,623.658,2
11-09-2019 00:00,1039.139,2
12-09-2019 00:00,958.364,2
13-09-2019 00:00,988.336,2
14-09-2019 00:00,1000.746,2
15-09-2019 00:00,796.844,2
16-09-2019 00:00,648.242,2
17-09-2019 00:00,585.351,2
18-09-2019 00:00,656.825,2
19-09-2019 00:00,624.028,2
20-09-2019 00:00,577.455,2
21-09-2019 00:00,522.74,2
22-09-2019 00:00,433.47,2
23-09-2019 00:00,385.044,2
24-09-2019 00:00,406.524,2
25-09-2019 00:00,390.369,2
26-09-2019 00:00,366.315,2
27-09-2019 00:00,467.851,2
28-09-2019 00:00,650.501,2
29-09-2019 00:00,726.972,2
30-09-2019 00:00,793.843,2
01-10-2019 00:00,806.663,2
02-10-2019 00:00,745.267,2
03-10-2019 00:00,696.298,2
04-10-2019 00:00,642.097,2
05-10-2019 00:00,573.923,2
06-10-2019 00:00,500.46,2
07-10-2019 00:00,439.208,2
08-10-2019 00:00,518.11,2
09-10-2019 00:00,730.071,2
10-10-2019 00:00,848.207,2
11-10-2019 00:00,1108.743,2
12-10-2019 00:00,2717.531,2
13-10-2019 00:00,2270.143,2
14-10-2019 00:00,2200.175,2
15-10-2019 00:00,2074.491,2
16-10-2019 00:00,1783,2
17-10-2019 00:00,1604.695,2
18-10-2019 00:00,1599.341,2
19-10-2019 00:00,1400.492,2
20-10-2019 00:00,1408.953,2
21-10-2019 00:00,1223.156,2
22-10-2019 00:00,1110.199,2
23-10-2019 00:00,1015.113,2
24-10-2019 00:00,939.085,2
25-10-2019 00:00,874.781,2
26-10-2019 00:00,834.487,2
27-10-2019 00:00,842.117,2
28-10-2019 00:00,840.173,2
29-10-2019 00:00,828.071,2
30-10-2019 00:00,781.637,2
31-10-2019 00:00,714.981,2
01-11-2019 00:00,688.302,2
02-11-2019 00:00,785.83,2
03-11-2019 00:00,958.074,2
04-11-2019 00:00,922.679,2
05-11-2019 00:00,816.297,2
06-11-2019 00:00,809.178,2
07-11-2019 00:00,828.72,2
08-11-2019 00:00,817.893,2
09-11-2019 00:00,788.475,2
10-11-2019 00:00,746.952,2
11-11-2019 00:00,732.29,2
12-11-2019 00:00,727.386,2
13-11-2019 00:00,712.718,2
14-11-2019 00:00,688.613,2
15-11-2019 00:00,670.317,2
16-11-2019 00:00,840.308,2
17-11-2019 00:00,1104.025,2
18-11-2019 00:00,1076.02,2
19-11-2019 00:00,1004.701,2
20-11-2019 00:00,920.613,2
21-11-2019 00:00,917.749,2
22-11-2019 00:00,986.281,2
23-11-2019 00:00,982.528,2
24-11-2019 00:00,888.079,2
25-11-2019 00:00,822.636,2
26-11-2019 00:00,793.164,2
27-11-2019 00:00,778.387,2
28-11-2019 00:00,883.126,2
29-11-2019 00:00,947.119,2
30-11-2019 00:00,994.647,2
01-12-2019 00:00,906.681,2
02-12-2019 00:00,845.01,2
03-12-2019 00:00,835.505,2
04-12-2019 00:00,885.21,2
05-12-2019 00:00,917.525,2
06-12-2019 00:00,999.078,2
07-12-2019 00:00,1071.39,2
08-12-2019 00:00,1221.75,2
09-12-2019 00:00,1417.584,2
10-12-2019 00:00,1272.439,2
11-12-2019 00:00,1136.528,2
12-12-2019 00:00,1118.448,2
13-12-2019 00:00,1101.463,2
14-12-2019 00:00,1072.426,2
15-12-2019 00:00,1502.272,2
16-12-2019 00:00,1547.888,2
17-12-2019 00:00,1391.066,2
18-12-2019 00:00,1384.853,2
19-12-2019 00:00,1237.25,2
20-12-2019 00:00,1151.21,2
21-12-2019 00:00,1143.415,2
22-12-2019 00:00,1127.229,2
23-12-2019 00:00,1138.67,2
24-12-2019 00:00,1211.926,2
25-12-2019 00:00,1155.38,2
26-12-2019 00:00,1103.934,2
27-12-2019 00:00,1030.587,2
28-12-2019 00:00,976.793,2
29-12-2019 00:00,938.411,2
30-12-2019 00:00,918.45,2
31-12-2019 00:00,901.035,2
01-01-2020 00:00,735.855,2
02-01-2020 00:00,718.912,2
03-01-2020 00:00,723.175,2
04-01-2020 00:00,763.769,2
05-01-2020 00:00,768.895,2
06-01-2020 00:00,742.354,2
07-01-2020 00:00,724.476,2
08-01-2020 00:00,761.618,2
09-01-2020 00:00,839.336,2
10-01-2020 00:00,1064.805,2
11-01-2020 00:00,1030.919,2
12-01-2020 00:00,996.818,2
13-01-2020 00:00,1093.686,2
14-01-2020 00:00,1080.656,2
15-01-2020 00:00,1152.001,2
16-01-2020 00:00,1144.859,2
17-01-2020 00:00,1020.26,2
18-01-2020 00:00,949.028,2
19-01-2020 00:00,882.008,2
20-01-2020 00:00,833.991,2
21-01-2020 00:00,805.744,2
22-01-2020 00:00,785.523,2
23-01-2020 00:00,768.686,2
24-01-2020 00:00,797.966,2
25-01-2020 00:00,842.075,2
26-01-2020 00:00,793.482,2
27-01-2020 00:00,756.89,2
28-01-2020 00:00,824.873,2
29-01-2020 00:00,857.571,2
30-01-2020 00:00,899.359,2
31-01-2020 00:00,1166.064,2
01-02-2020 00:00,1200.781,2
02-02-2020 00:00,1021.387,2
03-02-2020 00:00,923.92,2
04-02-2020 00:00,908.547,2
05-02-2020 00:00,898.861,2
06-02-2020 00:00,831.998,2
07-02-2020 00:00,783.672,2
08-02-2020 00:00,773.227,2
09-02-2020 00:00,832.651,2
10-02-2020 00:00,1264.752,2
11-02-2020 00:00,1356.233,2
12-02-2020 00:00,1246.603,2
13-02-2020 00:00,1089.945,2
14-02-2020 00:00,1006.404,2
15-02-2020 00:00,1052.394,2
16-02-2020 00:00,1180.187,2
17-02-2020 00:00,1628.918,2
18-02-2020 00:00,1479.522,2
19-02-2020 00:00,1597.478,2
20-02-2020 00:00,1527.581,2
21-02-2020 00:00,1658.022,2
22-02-2020 00:00,1674.121,2
23-02-2020 00:00,1724.935,2
24-02-2020 00:00,1575.622,2
25-02-2020 00:00,1681.505,2
26-02-2020 00:00,2437.6,2
27-02-2020 00:00,2219.632,2
28-02-2020 00:00,1872.684,2
29-02-2020 00:00,1825.377,2
01-03-2020 00:00,1897.371,2
02-03-2020 00:00,1616.072,2
03-03-2020 00:00,1345.149,2
04-03-2020 00:00,1168.818,2
05-03-2020 00:00,1095.455,2
06-03-2020 00:00,1043.182,2
07-03-2020 00:00,1016.253,2
08-03-2020 00:00,1003.886,2
09-03-2020 00:00,997.219,2
10-03-2020 00:00,1037.21,2
11-03-2020 00:00,1078.286,2
12-03-2020 00:00,1049.008,2
13-03-2020 00:00,1004.557,2
14-03-2020 00:00,950.796,2
15-03-2020 00:00,898.922,2
16-03-2020 00:00,851.878,2
17-03-2020 00:00,828.289,2
18-03-2020 00:00,810.314,2
19-03-2020 00:00,787.386,2
20-03-2020 00:00,759.833,2
21-03-2020 00:00,729.424,2
22-03-2020 00:00,692.604,2
23-03-2020 00:00,647.692,2
24-03-2020 00:00,631.656,2
25-03-2020 00:00,609.267,2
26-03-2020 00:00,586.851,2
27-03-2020 00:00,577.639,2
28-03-2020 00:00,585.427,2
29-03-2020 00:00,577.272,2
30-03-2020 00:00,580.466,2
31-03-2020 00:00,556.63,2
01-04-2020 00:00,526.514,2
02-04-2020 00:00,586.024,2
03-04-2020 00:00,559.35,2
04-04-2020 00:00,516.309,2
05-04-2020 00:00,489.576,2
06-04-2020 00:00,478.313,2
07-04-2020 00:00,468.97,2
08-04-2020 00:00,477.504,2
09-04-2020 00:00,455.847,2
10-04-2020 00:00,442.487,2
11-04-2020 00:00,434.321,2
12-04-2020 00:00,438.151,2
13-04-2020 00:00,418.397,2
14-04-2020 00:00,412.781,2
15-04-2020 00:00,429.618,2
16-04-2020 00:00,415.246,2
17-04-2020 00:00,402.245,2
18-04-2020 00:00,379.721,2
19-04-2020 00:00,365.818,2
20-04-2020 00:00,380.276,2
21-04-2020 00:00,378.321,2
22-04-2020 00:00,369.506,2
23-04-2020 00:00,374.206,2
24-04-2020 00:00,379.569,2
25-04-2020 00:00,424.269,2
26-04-2020 00:00,416.536,2
27-04-2020 00:00,391.676,2
28-04-2020 00:00,389.081,2
29-04-2020 00:00,378.492,2
30-04-2020 00:00,434.082,2
01-05-2020 00:00,555.56,2
02-05-2020 00:00,568.932,2
03-05-2020 00:00,597.527,2
04-05-2020 00:00,492.813,2
05-05-2020 00:00,431.064,2
06-05-2020 00:00,401.446,2
07-05-2020 00:00,382.087,2
08-05-2020 00:00,375.346,2
09-05-2020 00:00,340.731,2
10-05-2020 00:00,326.307,2
11-05-2020 00:00,320.57,2
12-05-2020 00:00,322.094,2
13-05-2020 00:00,361.928,2
14-05-2020 00:00,346.531,2
15-05-2020 00:00,320.061,2
16-05-2020 00:00,331.591,2
17-05-2020 00:00,432.979,2
18-05-2020 00:00,446.83,2
19-05-2020 00:00,580.239,2
20-05-2020 00:00,538.287,2
21-05-2020 00:00,417.188,2
22-05-2020 00:00,350.88,2
23-05-2020 00:00,432.745,2
24-05-2020 00:00,481.806,2
25-05-2020 00:00,501.38,2
26-05-2020 00:00,455.533,2
27-05-2020 00:00,379.333,2
28-05-2020 00:00,336.993,2
29-05-2020 00:00,318.2,2
30-05-2020 00:00,318.26,2
31-05-2020 00:00,301.731,2
01-06-2020 00:00,280.626,2
02-06-2020 00:00,281.549,2
03-06-2020 00:00,277.994,2
04-06-2020 00:00,273.152,2
05-06-2020 00:00,463.241,2
06-06-2020 00:00,740.572,2
07-06-2020 00:00,799.36,2
08-06-2020 00:00,624.449,2
09-06-2020 00:00,545.866,2
10-06-2020 00:00,456.928,2
11-06-2020 00:00,379.087,2
12-06-2020 00:00,408.176,2
13-06-2020 00:00,544.215,2
14-06-2020 00:00,422.315,2
15-06-2020 00:00,314.972,2
16-06-2020 00:00,327.019,2
17-06-2020 00:00,302.558,2
18-06-2020 00:00,301.365,2
19-06-2020 00:00,377.969,2
20-06-2020 00:00,587.987,2
21-06-2020 00:00,669.409,2
22-06-2020 00:00,547.368,2
23-06-2020 00:00,463.086,2
24-06-2020 00:00,361.147,2
25-06-2020 00:00,310.162,2
26-06-2020 00:00,283.281,2
27-06-2020 00:00,264.238,2
28-06-2020 00:00,281.599,2
29-06-2020 00:00,398.73,2
30-06-2020 00:00,424.138,2
01-07-2020 00:00,482.815,2
02-07-2020 00:00,508.613,2
03-07-2020 00:00,406.314,2
04-07-2020 00:00,437.415,2
05-07-2020 00:00,690.698,2
06-07-2020 00:00,686.592,2
07-07-2020 00:00,592.885,2
08-07-2020 00:00,613.243,2
09-07-2020 00:00,568.538,2
10-07-2020 00:00,457.57,2
11-07-2020 00:00,398.777,2
12-07-2020 00:00,344.37,2
13-07-2020 00:00,315.827,2
14-07-2020 00:00,318.301,2
15-07-2020 00:00,410.979,2
16-07-2020 00:00,388.617,2
17-07-2020 00:00,341.266,2
18-07-2020 00:00,290.96,2
19-07-2020 00:00,274.896,2
20-07-2020 00:00,267.036,2
21-07-2020 00:00,270.073,2
22-07-2020 00:00,264.334,2
23-07-2020 00:00,263.68,2
24-07-2020 00:00,370.276,2
25-07-2020 00:00,370.91,2
26-07-2020 00:00,352.889,2
27-07-2020 00:00,438.948,2
28-07-2020 00:00,381.384,2
29-07-2020 00:00,316.512,2
30-07-2020 00:00,308.211,2
31-07-2020 00:00,283.531,2
01-08-2020 00:00,258.237,2
02-08-2020 00:00,234.295,2
03-08-2020 00:00,254.251,2
04-08-2020 00:00,236.326,2
05-08-2020 00:00,278.057,2
06-08-2020 00:00,276.417,2
07-08-2020 00:00,257.143,2
08-08-2020 00:00,242.212,2
09-08-2020 00:00,228.59,2
10-08-2020 00:00,230.398,2
11-08-2020 00:00,223.665,2
12-08-2020 00:00,232.563,2
13-08-2020 00:00,234.784,2
14-08-2020 00:00,227.506,2
15-08-2020 00:00,225.841,2
16-08-2020 00:00,218.452,2
17-08-2020 00:00,227.057,2
18-08-2020 00:00,230.122,2
19-08-2020 00:00,255.697,2
20-08-2020 00:00,398.176,2
21-08-2020 00:00,512.481,2
22-08-2020 00:00,454.91,2
23-08-2020 00:00,337.701,2
24-08-2020 00:00,377.465,2
25-08-2020 00:00,329.355,2
26-08-2020 00:00,346.061,2
27-08-2020 00:00,418.743,2
28-08-2020 00:00,505.496,2
29-08-2020 00:00,557.563,2
30-08-2020 00:00,505.239,2
31-08-2020 00:00,496.746,2
01-09-2020 00:00,414.908,2
02-09-2020 00:00,368.432,2
03-09-2020 00:00,319.785,2
04-09-2020 00:00,348.991,2
05-09-2020 00:00,346.855,2
06-09-2020 00:00,345.07,2
07-09-2020 00:00,304.973,2
08-09-2020 00:00,318.905,2
09-09-2020 00:00,333.355,2
10-09-2020 00:00,406.71,2
11-09-2020 00:00,363.585,2
12-09-2020 00:00,302.422,2
13-09-2020 00:00,327.9,2
14-09-2020 00:00,287.448,2
15-09-2020 00:00,269.122,2
16-09-2020 00:00,253.639,2
17-09-2020 00:00,252.304,2
18-09-2020 00:00,258.508,2
19-09-2020 00:00,250.028,2
20-09-2020 00:00,242.567,2
21-09-2020 00:00,238.817,2
22-09-2020 00:00,237.891,2
23-09-2020 00:00,232.539,2
24-09-2020 00:00,235.729,2
25-09-2020 00:00,451.298,2
26-09-2020 00:00,1173.646,2
27-09-2020 00:00,897.081,2
28-09-2020 00:00,658.109,2
29-09-2020 00:00,502.557,2
30-09-2020 00:00,357.592,2
01-10-2020 00:00,316.034,2
02-10-2020 00:00,364.72,2
03-10-2020 00:00,397.628,2
04-10-2020 00:00,490.768,2
05-10-2020 00:00,575.448,2
06-10-2020 00:00,597.911,2
07-10-2020 00:00,577.026,2
08-10-2020 00:00,610.111,2
09-10-2020 00:00,622.777,2
10-10-2020 00:00,590.216,2
11-10-2020 00:00,565.616,2
12-10-2020 00:00,427.962,2
13-10-2020 00:00,403.558,2
14-10-2020 00:00,350.461,2
15-10-2020 00:00,318.66,2
16-10-2020 00:00,282.131,2
17-10-2020 00:00,276.03,2
18-10-2020 00:00,269.423,2
19-10-2020 00:00,293.483,2
20-10-2020 00:00,313.002,2
21-10-2020 00:00,350.598,2
22-10-2020 00:00,524.756,2
23-10-2020 00:00,580.262,2
24-10-2020 00:00,662.288,2
25-10-2020 00:00,669.342,2
26-10-2020 00:00,809.489,2
27-10-2020 00:00,825.597,2
28-10-2020 00:00,722.25,2
29-10-2020 00:00,675.237,2
30-10-2020 00:00,672.678,2
31-10-2020 00:00,625.803,2
01-11-2020 00:00,485.094,2
02-11-2020 00:00,559.779,2
03-11-2020 00:00,621.42,2
04-11-2020 00:00,476.884,2
05-11-2020 00:00,416.026,2
06-11-2020 00:00,409.768,2
07-11-2020 00:00,387.942,2
08-11-2020 00:00,355.664,2
09-11-2020 00:00,339.226,2
10-11-2020 00:00,368.079,2
11-11-2020 00:00,364.135,2
12-11-2020 00:00,342.283,2
13-11-2020 00:00,419.271,2
14-11-2020 00:00,410.824,2
15-11-2020 00:00,380.924,2
16-11-2020 00:00,418.664,2
17-11-2020 00:00,397.847,2
18-11-2020 00:00,407.88,2
19-11-2020 00:00,424.884,2
20-11-2020 00:00,423.889,2
21-11-2020 00:00,370.313,2
22-11-2020 00:00,413.043,2
23-11-2020 00:00,390.792,2
24-11-2020 00:00,399.406,2
25-11-2020 00:00,435.934,2
26-11-2020 00:00,375.972,2
27-11-2020 00:00,357.746,2
28-11-2020 00:00,337.581,2
29-11-2020 00:00,315.572,2
30-11-2020 00:00,323.011,2
01-12-2020 00:00,384.454,2
02-12-2020 00:00,402.055,2
03-12-2020 00:00,369.51,2
04-12-2020 00:00,329.72,2
05-12-2020 00:00,305.534,2
06-12-2020 00:00,298.472,2
07-12-2020 00:00,310.356,2
08-12-2020 00:00,313.18,2
09-12-2020 00:00,349.008,2
10-12-2020 00:00,439.237,2
11-12-2020 00:00,442.2,2
12-12-2020 00:00,364.426,2
13-12-2020 00:00,320.867,2
14-12-2020 00:00,319.949,2
15-12-2020 00:00,512.236,2
16-12-2020 00:00,815.769,2
17-12-2020 00:00,795.727,2
18-12-2020 00:00,831.101,2
19-12-2020 00:00,761.322,2
20-12-2020 00:00,606.022,2
21-12-2020 00:00,515.247,2
22-12-2020 00:00,636.975,2
23-12-2020 00:00,749.07,2
24-12-2020 00:00,648.847,2
25-12-2020 00:00,490.287,2
26-12-2020 00:00,450.229,2
27-12-2020 00:00,621.556,2
28-12-2020 00:00,829.445,2
29-12-2020 00:00,881.19,2
30-12-2020 00:00,846.89,2
31-12-2020 00:00,1096.943,2
01-01-2021 00:00,1193.566,2
02-01-2021 00:00,1048.781,2
03-01-2021 00:00,830.331,2
04-01-2021 00:00,712.816,2
05-01-2021 00:00,678.655,2
06-01-2021 00:00,686.603,2
07-01-2021 00:00,817.723,2
08-01-2021 00:00,906.855,2
09-01-2021 00:00,827.365,2
10-01-2021 00:00,712.468,2
11-01-2021 00:00,774.958,2
12-01-2021 00:00,1283.226,2
13-01-2021 00:00,1276.021,2
14-01-2021 00:00,1276.181,2
15-01-2021 00:00,1046.556,2
16-01-2021 00:00,888.104,2
17-01-2021 00:00,792.344,2
18-01-2021 00:00,743.916,2
19-01-2021 00:00,843.619,2
20-01-2021 00:00,1372.739,2
21-01-2021 00:00,1766.395,2
22-01-2021 00:00,1561.813,2
23-01-2021 00:00,1318.494,2
24-01-2021 00:00,1088.331,2
25-01-2021 00:00,987.595,2
26-01-2021 00:00,939.261,2
27-01-2021 00:00,919.189,2
28-01-2021 00:00,945.689,2
29-01-2021 00:00,877.228,2
30-01-2021 00:00,730.637,2
31-01-2021 00:00,658.575,2
01-02-2021 00:00,639.526,2
02-02-2021 00:00,614.532,2
03-02-2021 00:00,594.679,2
04-02-2021 00:00,566.006,2
05-02-2021 00:00,495.294,2
06-02-2021 00:00,450.179,2
07-02-2021 00:00,430.662,2
08-02-2021 00:00,418.823,2
09-02-2021 00:00,414.316,2
10-02-2021 00:00,407.717,2
11-02-2021 00:00,394.043,2
12-02-2021 00:00,378.583,2
13-02-2021 00:00,361.512,2
14-02-2021 00:00,346.329,2
15-02-2021 00:00,345.737,2
16-02-2021 00:00,355.187,2
17-02-2021 00:00,721.816,2
18-02-2021 00:00,919.382,2
19-02-2021 00:00,1103.077,2
20-02-2021 00:00,1023.899,2
21-02-2021 00:00,867.51,2
22-02-2021 00:00,804.179,2
23-02-2021 00:00,729.598,2
24-02-2021 00:00,756.7,2
25-02-2021 00:00,753.008,2
26-02-2021 00:00,649.502,2
27-02-2021 00:00,608.206,2
28-02-2021 00:00,588.43,2
01-03-2021 00:00,567.961,2
02-03-2021 00:00,539.612,2
03-03-2021 00:00,529.133,2
04-03-2021 00:00,517.162,2
05-03-2021 00:00,488.645,2
06-03-2021 00:00,501.77,2
07-03-2021 00:00,511.687,2
08-03-2021 00:00,507.578,2
09-03-2021 00:00,509.1,2
10-03-2021 00:00,505.021,2
11-03-2021 00:00,628.168,2
12-03-2021 00:00,901.931,2
13-03-2021 00:00,1121.524,2
14-03-2021 00:00,1216.481,2
15-03-2021 00:00,1119.205,2
16-03-2021 00:00,1024.161,2
17-03-2021 00:00,880.332,2
18-03-2021 00:00,759.088,2
19-03-2021 00:00,677.268,2
20-03-2021 00:00,717.863,2
21-03-2021 00:00,709.105,2
22-03-2021 00:00,675.468,2
23-03-2021 00:00,635.57,2
24-03-2021 00:00,611.953,2
25-03-2021 00:00,552.029,2
26-03-2021 00:00,506.079,2
27-03-2021 00:00,501.684,2
28-03-2021 00:00,550.042,2
29-03-2021 00:00,731.041,2
30-03-2021 00:00,709.218,2
31-03-2021 00:00,583.165,2
01-04-2021 00:00,540.593,2
02-04-2021 00:00,509.478,2
03-04-2021 00:00,481.28,2
04-04-2021 00:00,477.381,2
05-04-2021 00:00,585.085,2
06-04-2021 00:00,702.399,2
07-04-2021 00:00,635.552,2
08-04-2021 00:00,568.825,2
09-04-2021 00:00,610.587,2
10-04-2021 00:00,628.955,2
11-04-2021 00:00,602.233,2
12-04-2021 00:00,754.166,2
13-04-2021 00:00,613.247,2
14-04-2021 00:00,500.722,2
15-04-2021 00:00,463.181,2
16-04-2021 00:00,454.318,2
17-04-2021 00:00,433.212,2
18-04-2021 00:00,428.125,2
19-04-2021 00:00,426.259,2
20-04-2021 00:00,422.546,2
21-04-2021 00:00,422.565,2
22-04-2021 00:00,409.029,2
23-04-2021 00:00,413.178,2
24-04-2021 00:00,390.716,2
25-04-2021 00:00,381.324,2
26-04-2021 00:00,414.477,2
27-04-2021 00:00,419.296,2
28-04-2021 00:00,397.372,2
29-04-2021 00:00,381.122,2
30-04-2021 00:00,443.493,2
01-05-2021 00:00,410.143,2
02-05-2021 00:00,365.902,2
03-05-2021 00:00,403.545,2
04-05-2021 00:00,561.27,2
05-05-2021 00:00,828.777,2
06-05-2021 00:00,909.251,2
07-05-2021 00:00,856.32,2
08-05-2021 00:00,783.907,2
09-05-2021 00:00,718.192,2
10-05-2021 00:00,698.473,2
11-05-2021 00:00,695.293,2
12-05-2021 00:00,792.252,2
13-05-2021 00:00,715.936,2
14-05-2021 00:00,793.042,2
15-05-2021 00:00,707.697,2
16-05-2021 00:00,566.89,2
17-05-2021 00:00,544.728,2
18-05-2021 00:00,585.321,2
19-05-2021 00:00,508.346,2
20-05-2021 00:00,462.356,2
21-05-2021 00:00,520.411,2
22-05-2021 00:00,738.685,2
23-05-2021 00:00,726.49,2
24-05-2021 00:00,579.668,2
25-05-2021 00:00,589.239,2
26-05-2021 00:00,1062.248,2
27-05-2021 00:00,1060.405,2
28-05-2021 00:00,1146.233,2
29-05-2021 00:00,914.316,2
30-05-2021 00:00,734.131,2
31-05-2021 00:00,631.134,2
01-06-2021 00:00,589.677,2
02-06-2021 00:00,579.234,2
03-06-2021 00:00,555.516,2
04-06-2021 00:00,529.467,2
05-06-2021 00:00,444.991,2
06-06-2021 00:00,367.632,2
07-06-2021 00:00,353.98,2
08-06-2021 00:00,362.424,2
09-06-2021 00:00,338.867,2
10-06-2021 00:00,325.452,2
11-06-2021 00:00,331.595,2
12-06-2021 00:00,314.973,2
13-06-2021 00:00,289.21,2
14-06-2021 00:00,295.596,2
15-06-2021 00:00,292.788,2
16-06-2021 00:00,292.673,2
17-06-2021 00:00,288.827,2
18-06-2021 00:00,278.983,2
19-06-2021 00:00,271.035,2
20-06-2021 00:00,268.504,2
21-06-2021 00:00,359.084,2
22-06-2021 00:00,394.381,2
23-06-2021 00:00,318.65,2
24-06-2021 00:00,282.658,2
25-06-2021 00:00,264.124,2
26-06-2021 00:00,250.508,2
27-06-2021 00:00,248.033,2
28-06-2021 00:00,236.036,2
29-06-2021 00:00,235.271,2
30-06-2021 00:00,291.466,2
01-07-2021 00:00,426.17,2
02-07-2021 00:00,495.425,2
03-07-2021 00:00,458.002,2
04-07-2021 00:00,419.402,2
05-07-2021 00:00,541.761,2
06-07-2021 00:00,505.291,2
07-07-2021 00:00,463.211,2
08-07-2021 00:00,430.925,2
09-07-2021 00:00,378.71,2
10-07-2021 00:00,877.183,2
11-07-2021 00:00,1382.116,2
12-07-2021 00:00,895.072,2
13-07-2021 00:00,650.541,2
14-07-2021 00:00,522.546,2
15-07-2021 00:00,449.701,2
16-07-2021 00:00,419.77,2
17-07-2021 00:00,341.449,2
18-07-2021 00:00,309.06,2
19-07-2021 00:00,289.193,2
20-07-2021 00:00,265.742,2
21-07-2021 00:00,247.858,2
22-07-2021 00:00,245.687,2
23-07-2021 00:00,230.977,2
24-07-2021 00:00,228.265,2
25-07-2021 00:00,218.589,2
26-07-2021 00:00,221.11,2
27-07-2021 00:00,379.056,2
28-07-2021 00:00,751.351,2
29-07-2021 00:00,692.309,2
30-07-2021 00:00,919.698,2
31-07-2021 00:00,938.273,2
01-08-2021 00:00,876.666,2
02-08-2021 00:00,762.087,2
03-08-2021 00:00,678.93,2
04-08-2021 00:00,617.115,2
05-08-2021 00:00,538.597,2
06-08-2021 00:00,431.902,2
07-08-2021 00:00,569.278,2
08-08-2021 00:00,1603.038,2
09-08-2021 00:00,1529.113,2
10-08-2021 00:00,1493.686,2
11-08-2021 00:00,1162.413,2
12-08-2021 00:00,784.671,2
13-08-2021 00:00,657.144,2
14-08-2021 00:00,578.3,2
15-08-2021 00:00,539.478,2
16-08-2021 00:00,685.019,2
17-08-2021 00:00,1347.57,2
18-08-2021 00:00,2464.048,2
19-08-2021 00:00,1722.116,2
20-08-2021 00:00,1235.963,2
21-08-2021 00:00,888.473,2
22-08-2021 00:00,743.5,2
23-08-2021 00:00,653.087,2
24-08-2021 00:00,587.767,2
25-08-2021 00:00,574.052,2
26-08-2021 00:00,561.898,2
27-08-2021 00:00,584.669,2
28-08-2021 00:00,679.86,2
29-08-2021 00:00,685.071,2
30-08-2021 00:00,543.545,2
31-08-2021 00:00,426.818,2
01-09-2021 00:00,366.636,2
02-09-2021 00:00,387.936,2
03-09-2021 00:00,368.123,2
04-09-2021 00:00,329.987,2
05-09-2021 00:00,304.773,2
06-09-2021 00:00,296.824,2
07-09-2021 00:00,300.505,2
08-09-2021 00:00,295.263,2
09-09-2021 00:00,282.475,2
10-09-2021 00:00,282.748,2
11-09-2021 00:00,322.832,2
12-09-2021 00:00,481.874,2
13-09-2021 00:00,475.434,2
14-09-2021 00:00,364.651,2
15-09-2021 00:00,327.717,2
16-09-2021 00:00,504.975,2
17-09-2021 00:00,585.047,2
18-09-2021 00:00,512.536,2
19-09-2021 00:00,380.289,2
20-09-2021 00:00,323.725,2
21-09-2021 00:00,319.923,2
22-09-2021 00:00,324.211,2
23-09-2021 00:00,329.136,2
24-09-2021 00:00,420.683,2
25-09-2021 00:00,390.812,2
26-09-2021 00:00,327.475,2
27-09-2021 00:00,302.819,2
28-09-2021 00:00,450.078,2
29-09-2021 00:00,654.922,2
30-09-2021 00:00,1026.999,2
01-10-2021 00:00,1062.34,2
02-10-2021 00:00,842.55,2
03-10-2021 00:00,741.817,2
04-10-2021 00:00,656.373,2
05-10-2021 00:00,591.151,2
06-10-2021 00:00,724.038,2
07-10-2021 00:00,679.756,2
08-10-2021 00:00,584.594,2
09-10-2021 00:00,506.302,2
10-10-2021 00:00,404.744,2
11-10-2021 00:00,375.488,2
12-10-2021 00:00,383.037,2
13-10-2021 00:00,393.437,2
14-10-2021 00:00,384.268,2
15-10-2021 00:00,452.209,2
16-10-2021 00:00,467.767,2
17-10-2021 00:00,378.511,2
18-10-2021 00:00,345.896,2
19-10-2021 00:00,388.263,2
20-10-2021 00:00,623.789,2
21-10-2021 00:00,1237.343,2
22-10-2021 00:00,1669.853,2
23-10-2021 00:00,1477.799,2
24-10-2021 00:00,1130.647,2
25-10-2021 00:00,916.749,2
26-10-2021 00:00,853.728,2
27-10-2021 00:00,790.243,2
28-10-2021 00:00,675.386,2
29-10-2021 00:00,605.403,2
30-10-2021 00:00,565.008,2
31-10-2021 00:00,560.739,2
01-11-2021 00:00,604.12,2
02-11-2021 00:00,607.41,2
03-11-2021 00:00,532.201,2
04-11-2021 00:00,477.605,2
05-11-2021 00:00,457.74,2
06-11-2021 00:00,434.805,2
07-11-2021 00:00,680.343,2
08-11-2021 00:00,792.64,2
09-11-2021 00:00,685.637,2
10-11-2021 00:00,557.386,2
11-11-2021 00:00,503.344,2
12-11-2021 00:00,486.264,2
13-11-2021 00:00,465.338,2
14-11-2021 00:00,451.718,2
15-11-2021 00:00,449.081,2
16-11-2021 00:00,465.625,2
17-11-2021 00:00,469.657,2
18-11-2021 00:00,547.47,2
19-11-2021 00:00,546.027,2
20-11-2021 00:00,503.294,2
21-11-2021 00:00,467.311,2
22-11-2021 00:00,450.352,2
23-11-2021 00:00,437.91,2
24-11-2021 00:00,439.001,2
25-11-2021 00:00,518.043,2
26-11-2021 00:00,656.096,2
27-11-2021 00:00,712.749,2
28-11-2021 00:00,718.048,2
29-11-2021 00:00,813.69,2
30-11-2021 00:00,835.437,2
01-12-2021 00:00,996.303,2
02-12-2021 00:00,1731.994,2
03-12-2021 00:00,1558.885,2
04-12-2021 00:00,1756.19,2
05-12-2021 00:00,1478.507,2
06-12-2021 00:00,1178.632,2
07-12-2021 00:00,1029.833,2
08-12-2021 00:00,988.165,2
09-12-2021 00:00,913.187,2
10-12-2021 00:00,850.216,2
11-12-2021 00:00,877.934,2
12-12-2021 00:00,894.976,2
13-12-2021 00:00,996.161,2
14-12-2021 00:00,1172.519,2
15-12-2021 00:00,1260.403,2
16-12-2021 00:00,1141.808,2
17-12-2021 00:00,1025.886,2
18-12-2021 00:00,958.159,2
19-12-2021 00:00,915.302,2
20-12-2021 00:00,855.276,2
21-12-2021 00:00,825.099,2
22-12-2021 00:00,797.689,2
23-12-2021 00:00,835.426,2
24-12-2021 00:00,788.019,2
25-12-2021 00:00,715.458,2
26-12-2021 00:00,659.451,2
27-12-2021 00:00,648.981,2
28-12-2021 00:00,659.056,2
29-12-2021 00:00,725.96,2
30-12-2021 00:00,777.468,2
31-12-2021 00:00,1011.087,2