﻿Stedtype;StedID;Stedtekst;GeoZone;x-koordinat;y-koordinat;Kommune;Region;Medie;Vandområde;Dato;Måling nr;Undersøgelsestype;Teknisk anvisning;Dataejer;Link;Målested navn;Målested GeoZone;Målested, x-koordinat;Målested, y-koordinat;Feltmåling nr;Startdato;Dybde;Parameter;Resultat-attribut;Resultat;Enhed;Kvalitetsmærke
Station;49000094;PØLE Å, Ns Alsønderup Enge;32;700057;6208333;Gribskov;Region Hovedstaden;Vandløb;Poel Å;04-01-2001;1;Feltmålinger, Vandløb;Ja;Miljøstyrelsen;https://vanda.miljoeportal.dk/link/4b4e7754-77c4-4a99-ab97-a666dd922179;FRB1348;32;700057;6208333;1;04-01-2001 11:25:00 +01:00;;Temperatur; =;4,1;grader C;3
Station;49000094;PØLE Å, Ns Alsønderup Enge;32;700057;6208333;Gribskov;Region Hovedstaden;Vandløb;Poel Å;18-01-2001;1;Feltmålinger, Vandløb;Ja;Miljøstyrelsen;https://vanda.miljoeportal.dk/link/9223e4fa-7357-47ec-8753-c2bbc62d33d2;FRB1348;32;700057;6208333;1;18-01-2001 10:45:00 +01:00;;Temperatur; =;1,4;grader C;3
Station;49000094;PØLE Å, Ns Alsønderup Enge;32;700057;6208333;Gribskov;Region Hovedstaden;Vandløb;Poel Å;08-02-2001;1;Feltmålinger, Vandløb;Ja;Miljøstyrelsen;https://vanda.miljoeportal.dk/link/f6249fe6-52e4-400f-919c-7da120e8f2d9;FRB1348;32;700057;6208333;1;08-02-2001 11:20:00 +01:00;;Temperatur; =;2,7;grader C;3
Station;49000094;PØLE Å, Ns Alsønderup Enge;32;700057;6208333;Gribskov;Region Hovedstaden;Vandløb;Poel Å;15-03-2001;1;Feltmålinger, Vandløb;Ja;Miljøstyrelsen;https://vanda.miljoeportal.dk/link/8e018930-4fcf-450e-b70c-c2c4e3620333;FRB1348;32;700057;6208333;1;15-03-2001 11:00:00 +01:00;;Temperatur; =;4,3;grader C;3
Station;49000094;PØLE Å, Ns Alsønderup Enge;32;700057;6208333;Gribskov;Region Hovedstaden;Vandløb;Poel Å;11-04-2001;1;Feltmålinger, Vandløb;Ja;Miljøstyrelsen;https://vanda.miljoeportal.dk/link/6ddf91fa-6c75-434a-8355-161992e99657;FRB1348;32;700057;6208333;1;11-04-2001 10:50:00 +02:00;;Oxygen indhold; =;16,07;mg/l;3
Station;49000094;PØLE Å, Ns Alsønderup Enge;32;700057;6208333;Gribskov;Region Hovedstaden;Vandløb;Poel Å;11-04-2001;1;Feltmålinger, Vandløb;Ja;Miljøstyrelsen;https://vanda.miljoeportal.dk/link/6ddf91fa-6c75-434a-8355-161992e99657;FRB1348;32;700057;6208333;1;11-04-2001 10:50:00 +02:00;;Temperatur; =;9,3;grader C;3
Station;49000094;PØLE Å, Ns Alsønderup Enge;32;700057;6208333;Gribskov;Region Hovedstaden;Vandløb;Poel Å;26-04-2001;1;Feltmålinger, Vandløb;Ja;Miljøstyrelsen;https://vanda.miljoeportal.dk/link/4eaf1982-5553-4e47-b396-a9aabcb64618;FRB1348;32;700057;6208333;1;26-04-2001 10:55:00 +02:00;;Oxygen indhold; =;13,31;mg/l;3
Station;49000094;PØLE Å, Ns Alsønderup Enge;32;700057;6208333;Gribskov;Region Hovedstaden;Vandløb;Poel Å;23-05-2001;1;Feltmålinger, Vandløb;Ja;Miljøstyrelsen;https://vanda.miljoeportal.dk/link/238f67b6-d8b0-4ccc-88c8-0c19fc74f7b1;FRB1348;32;700057;6208333;1;23-05-2001 10:50:00 +02:00;;Oxygen indhold; =;12,61;mg/l;3
Station;49000094;PØLE Å, Ns Alsønderup Enge;32;700057;6208333;Gribskov;Region Hovedstaden;Vandløb;Poel Å;21-06-2001;1;Feltmålinger, Vandløb;Ja;Miljøstyrelsen;https://vanda.miljoeportal.dk/link/181accd5-460b-4dee-a1bc-dc93f2b0023e;FRB1348;32;700057;6208333;1;21-06-2001 11:20:00 +02:00;;Temperatur; =;19,2;grader C;3
Station;49000094;PØLE Å, Ns Alsønderup Enge;32;700057;6208333;Gribskov;Region Hovedstaden;Vandløb;Poel Å;05-07-2001;1;Feltmålinger, Vandløb;Ja;Miljøstyrelsen;https://vanda.miljoeportal.dk/link/e189cc9b-2fe3-4ca0-b97d-a8367cee8fc7;FRB1348;32;700057;6208333;1;05-07-2001 11:35:00 +02:00;;Temperatur; =;24,6;grader C;2
Station;49000094;PØLE Å, Ns Alsønderup Enge;32;700057;6208333;Gribskov;Region Hovedstaden;Vandløb;Poel Å;19-07-2001;1;Feltmålinger, Vandløb;Ja;Miljøstyrelsen;https://vanda.miljoeportal.dk/link/d94144f3-0d21-4f4a-9ef2-92e3a0f9f01f;FRB1348;32;700057;6208333;1;19-07-2001 11:35:00 +02:00;;Oxygen indhold; =;9,5;mg/l;2
Station;49000094;PØLE Å, Ns Alsønderup Enge;32;700057;6208333;Gribskov;Region Hovedstaden;Vandløb;Poel Å;13-09-2001;1;Feltmålinger, Vandløb;Ja;Miljøstyrelsen;https://vanda.miljoeportal.dk/link/7a627b55-f2f8-41c7-a0d2-73461b12b196;FRB1348;32;700057;6208333;1;13-09-2001 11:10:00 +02:00;;Temperatur; =;13,8;grader C;3
Station;49000094;PØLE Å, Ns Alsønderup Enge;32;700057;6208333;Gribskov;Region Hovedstaden;Vandløb;Poel Å;11-10-2001;1;Feltmålinger, Vandløb;Ja;Miljøstyrelsen;https://vanda.miljoeportal.dk/link/2ab0c7c6-7266-48a0-be1a-c42cbb47b112;FRB1348;32;700057;6208333;1;11-10-2001 11:00:00 +02:00;;Temperatur; =;12,1;grader C;3
Station;49000094;PØLE Å, Ns Alsønderup Enge;32;700057;6208333;Gribskov;Region Hovedstaden;Vandløb;Poel Å;25-10-2001;1;Feltmålinger, Vandløb;Ja;Miljøstyrelsen;https://vanda.miljoeportal.dk/link/705e1a98-884c-4158-a6ea-6b97c4545666;FRB1348;32;700057;6208333;1;25-10-2001 11:20:00 +02:00;;Temperatur; =;8;grader C;3
Station;49000094;PØLE Å, Ns Alsønderup Enge;32;700057;6208333;Gribskov;Region Hovedstaden;Vandløb;Poel Å;22-11-2001;1;Feltmålinger, Vandløb;Ja;Miljøstyrelsen;https://vanda.miljoeportal.dk/link/0c006e85-719f-4132-ab0a-b83781eda1ca;FRB1348;32;700057;6208333;1;22-11-2001 11:15:00 +01:00;;Oxygen indhold; =;12,19;mg/l;3
Station;49000094;PØLE Å, Ns Alsønderup Enge;32;700057;6208333;Gribskov;Region Hovedstaden;Vandløb;Poel Å;22-11-2001;1;Feltmålinger, Vandløb;Ja;Miljøstyrelsen;https://vanda.miljoeportal.dk/link/0c006e85-719f-4132-ab0a-b83781eda1ca;FRB1348;32;700057;6208333;1;22-11-2001 11:15:00 +01:00;;Temperatur; =;5,3;grader C;3
Station;49000094;PØLE Å, Ns Alsønderup Enge;32;700057;6208333;Gribskov;Region Hovedstaden;Vandløb;Poel Å;06-12-2001;1;Feltmålinger, Vandløb;Ja;Miljøstyrelsen;https://vanda.miljoeportal.dk/link/41564756-5b01-477a-94d8-0581e14e3c4f;FRB1348;32;700057;6208333;1;06-12-2001 12:00:00 +01:00;;Temperatur; =;2,9;grader C;3
Station;49000094;PØLE Å, Ns Alsønderup Enge;32;700057;6208333;Gribskov;Region Hovedstaden;Vandløb;Poel Å;03-01-2002;1;Feltmålinger, Vandløb;Ja;Miljøstyrelsen;https://vanda.miljoeportal.dk/link/653b6f56-914b-4143-b998-5cef15ca255b;FRB1348;32;700057;6208333;1;03-01-2002 11:40:00 +01:00;;Oxygen indhold; =;8,8;mg/l;3
Station;49000094;PØLE Å, Ns Alsønderup Enge;32;700057;6208333;Gribskov;Region Hovedstaden;Vandløb;Poel Å;11-04-2002;1;Feltmålinger, Vandløb;Ja;Miljøstyrelsen;https://vanda.miljoeportal.dk/link/9cd7e65e-82f1-4f2e-85dc-447605654358;FRB1348;32;700057;6208333;1;11-04-2002 11:00:00 +02:00;;Oxygen indhold; =;15,5;mg/l;3
Station;49000094;PØLE Å, Ns Alsønderup Enge;32;700057;6208333;Gribskov;Region Hovedstaden;Vandløb;Poel Å;11-04-2002;1;Feltmålinger, Vandløb;Ja;Miljøstyrelsen;https://vanda.miljoeportal.dk/link/9cd7e65e-82f1-4f2e-85dc-447605654358;FRB1348;32;700057;6208333;1;11-04-2002 11:00:00 +02:00;;Temperatur; =;7,9;grader C;3
Station;49000094;PØLE Å, Ns Alsønderup Enge;32;700057;6208333;Gribskov;Region Hovedstaden;Vandløb;Poel Å;06-06-2002;1;Feltmålinger, Vandløb;Ja;Miljøstyrelsen;https://vanda.miljoeportal.dk/link/c5933483-cb01-4a72-9038-960517f3f1b3;FRB1348;32;700057;6208333;1;06-06-2002 11:15:00 +02:00;;Temperatur; =;18,8;grader C;3
Station;49000094;PØLE Å, Ns Alsønderup Enge;32;700057;6208333;Gribskov;Region Hovedstaden;Vandløb;Poel Å;04-07-2002;1;Feltmålinger, Vandløb;Ja;Miljøstyrelsen;https://vanda.miljoeportal.dk/link/93099394-5615-4d9e-ad91-4214b78dea34;FRB1348;32;700057;6208333;1;04-07-2002 12:45:00 +02:00;;Temperatur; =;17,8;grader C;3
Station;49000094;PØLE Å, Ns Alsønderup Enge;32;700057;6208333;Gribskov;Region Hovedstaden;Vandløb;Poel Å;04-07-2002;1;Feltmålinger, Vandløb;Ja;Miljøstyrelsen;https://vanda.miljoeportal.dk/link/93099394-5615-4d9e-ad91-4214b78dea34;FRB1348;32;700057;6208333;1;04-07-2002 12:45:00 +02:00;;Oxygen indhold; =;13,6;mg/l;3
Station;49000094;PØLE Å, Ns Alsønderup Enge;32;700057;6208333;Gribskov;Region Hovedstaden;Vandløb;Poel Å;18-07-2002;1;Feltmålinger, Vandløb;Ja;Miljøstyrelsen;https://vanda.miljoeportal.dk/link/f37974b5-d5f0-4aa6-abb2-fb19af87a6f8;FRB1348;32;700057;6208333;1;18-07-2002 07:55:00 +02:00;;Oxygen indhold; =;5,6;mg/l;2
Station;49000094;PØLE Å, Ns Alsønderup Enge;32;700057;6208333;Gribskov;Region Hovedstaden;Vandløb;Poel Å;15-08-2002;1;Feltmålinger, Vandløb;Ja;Miljøstyrelsen;https://vanda.miljoeportal.dk/link/56f86d8a-6d7e-406e-a2f0-0853be77f88d;FRB1348;32;700057;6208333;1;15-08-2002 10:20:00 +02:00;;Oxygen indhold; =;6,5;mg/l;2
Station;49000094;PØLE Å, Ns Alsønderup Enge;32;700057;6208333;Gribskov;Region Hovedstaden;Vandløb;Poel Å;10-10-2002;1;Feltmålinger, Vandløb;Ja;Miljøstyrelsen;https://vanda.miljoeportal.dk/link/a8e20d9a-f61b-45b4-85b9-8f866200346e;FRB1348;32;700057;6208333;1;10-10-2002 09:50:00 +02:00;;Oxygen indhold; =;15,7;mg/l;3
Station;49000094;PØLE Å, Ns Alsønderup Enge;32;700057;6208333;Gribskov;Region Hovedstaden;Vandløb;Poel Å;24-10-2002;1;Feltmålinger, Vandløb;Ja;Miljøstyrelsen;https://vanda.miljoeportal.dk/link/b0265b1b-89d9-49a5-bc84-466456876196;FRB1348;32;700057;6208333;1;24-10-2002 09:25:00 +02:00;;Oxygenmætning; =;102;pct;3
Station;49000094;PØLE Å, Ns Alsønderup Enge;32;700057;6208333;Gribskov;Region Hovedstaden;Vandløb;Poel Å;07-11-2002;1;Feltmålinger, Vandløb;Ja;Miljøstyrelsen;https://vanda.miljoeportal.dk/link/67f47ad1-ed0b-4e1f-a982-ba75440f326f;FRB1348;32;700057;6208333;1;07-11-2002 09:50:00 +01:00;;Oxygenmætning; =;103;pct;3
Station;49000094;PØLE Å, Ns Alsønderup Enge;32;700057;6208333;Gribskov;Region Hovedstaden;Vandløb;Poel Å;19-12-2002;1;Feltmålinger, Vandløb;Ja;Miljøstyrelsen;https://vanda.miljoeportal.dk/link/4c17918c-1b65-4ee6-aaa9-8cea162d7ed9;FRB1348;32;700057;6208333;1;19-12-2002 10:00:00 +01:00;;Temperatur; =;1,6;grader C;3
Station;49000094;PØLE Å, Ns Alsønderup Enge;32;700057;6208333;Gribskov;Region Hovedstaden;Vandløb;Poel Å;19-12-2002;1;Feltmålinger, Vandløb;Ja;Miljøstyrelsen;https://vanda.miljoeportal.dk/link/4c17918c-1b65-4ee6-aaa9-8cea162d7ed9;FRB1348;32;700057;6208333;1;19-12-2002 10:00:00 +01:00;;Oxygen indhold; =;13,6;mg/l;3
Station;49000094;PØLE Å, Ns Alsønderup Enge;32;700057;6208333;Gribskov;Region Hovedstaden;Vandløb;Poel Å;06-02-2003;1;Feltmålinger, Vandløb;Ja;Miljøstyrelsen;https://vanda.miljoeportal.dk/link/7cd12a6a-5b33-454a-b9f7-da87064d89bf;FRB1348;32;700057;6208333;1;06-02-2003 09:45:00 +01:00;;Oxygen indhold; =;9,7;mg/l;3
Station;49000094;PØLE Å, Ns Alsønderup Enge;32;700057;6208333;Gribskov;Region Hovedstaden;Vandløb;Poel Å;06-03-2003;1;Feltmålinger, Vandløb;Ja;Miljøstyrelsen;https://vanda.miljoeportal.dk/link/8c34814b-eac9-45d9-a6d7-21b625b890f4;FRB1348;32;700057;6208333;1;06-03-2003 11:50:00 +01:00;;Oxygen indhold; =;11,3;mg/l;3
Station;49000094;PØLE Å, Ns Alsønderup Enge;32;700057;6208333;Gribskov;Region Hovedstaden;Vandløb;Poel Å;20-03-2003;1;Feltmålinger, Vandløb;Ja;Miljøstyrelsen;https://vanda.miljoeportal.dk/link/491646c5-1917-4ea4-929d-f6bee1c53d59;FRB1348;32;700057;6208333;1;20-03-2003 10:30:00 +01:00;;Temperatur; =;5,7;grader C;3
Station;49000094;PØLE Å, Ns Alsønderup Enge;32;700057;6208333;Gribskov;Region Hovedstaden;Vandløb;Poel Å;03-04-2003;1;Feltmålinger, Vandløb;Ja;Miljøstyrelsen;https://vanda.miljoeportal.dk/link/6c1094d7-6dcb-4bca-9734-aa3947186776;FRB1348;32;700057;6208333;1;03-04-2003 12:10:00 +02:00;;Oxygenmætning; =;100;pct;3
Station;49000094;PØLE Å, Ns Alsønderup Enge;32;700057;6208333;Gribskov;Region Hovedstaden;Vandløb;Poel Å;16-04-2003;1;Feltmålinger, Vandløb;Ja;Miljøstyrelsen;https://vanda.miljoeportal.dk/link/f17aec34-4bb8-47c0-bbb1-dc3aa3fe3c3f;FRB1348;32;700057;6208333;1;16-04-2003 11:10:00 +02:00;;Oxygenmætning; =;102;pct;3
Station;49000094;PØLE Å, Ns Alsønderup Enge;32;700057;6208333;Gribskov;Region Hovedstaden;Vandløb;Poel Å;16-04-2003;1;Feltmålinger, Vandløb;Ja;Miljøstyrelsen;https://vanda.miljoeportal.dk/link/f17aec34-4bb8-47c0-bbb1-dc3aa3fe3c3f;FRB1348;32;700057;6208333;1;16-04-2003 11:10:00 +02:00;;Oxygen indhold; =;11,6;mg/l;3
Station;49000094;PØLE Å, Ns Alsønderup Enge;32;700057;6208333;Gribskov;Region Hovedstaden;Vandløb;Poel Å;01-05-2003;1;Feltmålinger, Vandløb;Ja;Miljøstyrelsen;https://vanda.miljoeportal.dk/link/2ce2170c-aaea-44f9-9aef-c42f1377cdc5;FRB1348;32;700057;6208333;1;01-05-2003 09:35:00 +02:00;;Oxygen indhold; =;8;mg/l;3
Station;49000094;PØLE Å, Ns Alsønderup Enge;32;700057;6208333;Gribskov;Region Hovedstaden;Vandløb;Poel Å;15-05-2003;1;Feltmålinger, Vandløb;Ja;Miljøstyrelsen;https://vanda.miljoeportal.dk/link/f30d9b4c-94e6-4e9f-84ef-7441b2b6176d;FRB1348;32;700057;6208333;1;15-05-2003 10:20:00 +02:00;;Temperatur; =;13;grader C;3
Station;49000094;PØLE Å, Ns Alsønderup Enge;32;700057;6208333;Gribskov;Region Hovedstaden;Vandløb;Poel Å;15-05-2003;1;Feltmålinger, Vandløb;Ja;Miljøstyrelsen;https://vanda.miljoeportal.dk/link/f30d9b4c-94e6-4e9f-84ef-7441b2b6176d;FRB1348;32;700057;6208333;1;15-05-2003 10:20:00 +02:00;;Oxygen indhold; =;8,9;mg/l;3
Station;49000094;PØLE Å, Ns Alsønderup Enge;32;700057;6208333;Gribskov;Region Hovedstaden;Vandløb;Poel Å;12-06-2003;1;Feltmålinger, Vandløb;Ja;Miljøstyrelsen;https://vanda.miljoeportal.dk/link/da99187b-2ee5-4155-96a6-34966e88d375;FRB1348;32;700057;6208333;1;12-06-2003 12:27:00 +02:00;;Temperatur; =;19,5;grader C;3
Station;49000094;PØLE Å, Ns Alsønderup Enge;32;700057;6208333;Gribskov;Region Hovedstaden;Vandløb;Poel Å;12-06-2003;1;Feltmålinger, Vandløb;Ja;Miljøstyrelsen;https://vanda.miljoeportal.dk/link/da99187b-2ee5-4155-96a6-34966e88d375;FRB1348;32;700057;6208333;1;12-06-2003 12:27:00 +02:00;;Oxygenmætning; =;89;pct;3
Station;49000094;PØLE Å, Ns Alsønderup Enge;32;700057;6208333;Gribskov;Region Hovedstaden;Vandløb;Poel Å;24-07-2003;1;Feltmålinger, Vandløb;Ja;Miljøstyrelsen;https://vanda.miljoeportal.dk/link/34066e45-fe55-4107-b662-3d0cb44d60bf;FRB1348;32;700057;6208333;1;24-07-2003 10:22:00 +02:00;;Oxygen indhold; =;5,8;mg/l;2
Station;49000094;PØLE Å, Ns Alsønderup Enge;32;700057;6208333;Gribskov;Region Hovedstaden;Vandløb;Poel Å;07-08-2003;1;Feltmålinger, Vandløb;Ja;Miljøstyrelsen;https://vanda.miljoeportal.dk/link/763ef2d7-27ec-4d97-8ab6-419fd3bb5178;FRB1348;32;700057;6208333;1;07-08-2003 10:15:00 +02:00;;Oxygenmætning; =;106;pct;2
Station;49000094;PØLE Å, Ns Alsønderup Enge;32;700057;6208333;Gribskov;Region Hovedstaden;Vandløb;Poel Å;18-09-2003;1;Feltmålinger, Vandløb;Ja;Miljøstyrelsen;https://vanda.miljoeportal.dk/link/316b6fb9-8932-412e-85b1-98f75e85bd93;FRB1348;32;700057;6208333;1;18-09-2003 09:04:00 +02:00;;Oxygen indhold; =;9;mg/l;3
Station;49000094;PØLE Å, Ns Alsønderup Enge;32;700057;6208333;Gribskov;Region Hovedstaden;Vandløb;Poel Å;02-10-2003;1;Feltmålinger, Vandløb;Ja;Miljøstyrelsen;https://vanda.miljoeportal.dk/link/9fd1ad79-057a-485b-b564-bb163f331420;FRB1348;32;700057;6208333;1;02-10-2003 09:35:00 +02:00;;Temperatur; =;10,5;grader C;3
Station;49000094;PØLE Å, Ns Alsønderup Enge;32;700057;6208333;Gribskov;Region Hovedstaden;Vandløb;Poel Å;27-11-2003;1;Feltmålinger, Vandløb;Ja;Miljøstyrelsen;https://vanda.miljoeportal.dk/link/3b387ca1-0d8c-4e6f-a701-4350e9567517;FRB1348;32;700057;6208333;1;27-11-2003 10:00:00 +01:00;;Oxygenmætning; =;51;pct;3
Station;49000094;PØLE Å, Ns Alsønderup Enge;32;700057;6208333;Gribskov;Region Hovedstaden;Vandløb;Poel Å;23-12-2003;1;Feltmålinger, Vandløb;Ja;Miljøstyrelsen;https://vanda.miljoeportal.dk/link/2b0a8d4e-eb9e-4d5f-94de-604a3335a3b5;FRB1348;32;700057;6208333;1;23-12-2003 11:35:00 +01:00;;Oxygenmætning; =;57;pct;3
Station;49000094;PØLE Å, Ns Alsønderup Enge;32;700057;6208333;Gribskov;Region Hovedstaden;Vandløb;Poel Å;28-01-2004;1;Feltmålinger, Vandløb;Ja;Miljøstyrelsen;https://vanda.miljoeportal.dk/link/554a8741-198e-4be2-926a-6f27e910e59d;FRB1348;32;700057;6208333;1;28-01-2004 10:15:00 +01:00;;Temperatur; =;0,3;grader C;3
Station;49000094;PØLE Å, Ns Alsønderup Enge;32;700057;6208333;Gribskov;Region Hovedstaden;Vandløb;Poel Å;28-01-2004;1;Feltmålinger, Vandløb;Ja;Miljøstyrelsen;https://vanda.miljoeportal.dk/link/554a8741-198e-4be2-926a-6f27e910e59d;FRB1348;32;700057;6208333;1;28-01-2004 10:15:00 +01:00;;Oxygenmætning; =;81;pct;3
Station;49000094;PØLE Å, Ns Alsønderup Enge;32;700057;6208333;Gribskov;Region Hovedstaden;Vandløb;Poel Å;25-02-2004;1;Feltmålinger, Vandløb;Ja;Miljøstyrelsen;https://vanda.miljoeportal.dk/link/2eb1678b-87bb-476b-9159-e781f4223571;FRB1348;32;700057;6208333;1;25-02-2004 10:15:00 +01:00;;Temperatur; =;1,8;grader C;3
Station;49000094;PØLE Å, Ns Alsønderup Enge;32;700057;6208333;Gribskov;Region Hovedstaden;Vandløb;Poel Å;25-02-2004;1;Feltmålinger, Vandløb;Ja;Miljøstyrelsen;https://vanda.miljoeportal.dk/link/2eb1678b-87bb-476b-9159-e781f4223571;FRB1348;32;700057;6208333;1;25-02-2004 10:15:00 +01:00;;Oxygen indhold; =;12,1;mg/l;3
Station;49000094;PØLE Å, Ns Alsønderup Enge;32;700057;6208333;Gribskov;Region Hovedstaden;Vandløb;Poel Å;22-04-2004;1;Feltmålinger, Vandløb;Ja;Miljøstyrelsen;https://vanda.miljoeportal.dk/link/5485453c-2451-4af8-9d82-82a6e9ff6d1b;FRB1348;32;700057;6208333;1;22-04-2004 08:05:00 +02:00;;Oxygen indhold; =;16,1;mg/l;3
Station;49000094;PØLE Å, Ns Alsønderup Enge;32;700057;6208333;Gribskov;Region Hovedstaden;Vandløb;Poel Å;06-05-2004;1;Feltmålinger, Vandløb;Ja;Miljøstyrelsen;https://vanda.miljoeportal.dk/link/8494e723-78d5-4f22-8e94-5943f985c6d2;FRB1348;32;700057;6208333;1;06-05-2004 09:35:00 +02:00;;Temperatur; =;16,3;grader C;3
Station;49000094;PØLE Å, Ns Alsønderup Enge;32;700057;6208333;Gribskov;Region Hovedstaden;Vandløb;Poel Å;16-06-2004;1;Feltmålinger, Vandløb;Ja;Miljøstyrelsen;https://vanda.miljoeportal.dk/link/e8b02434-3565-46db-b0d8-f9d60945cd68;FRB1348;32;700057;6208333;1;16-06-2004 09:45:00 +02:00;;Oxygenmætning; =;94;pct;3
Station;49000094;PØLE Å, Ns Alsønderup Enge;32;700057;6208333;Gribskov;Region Hovedstaden;Vandløb;Poel Å;16-06-2004;1;Feltmålinger, Vandløb;Ja;Miljøstyrelsen;https://vanda.miljoeportal.dk/link/e8b02434-3565-46db-b0d8-f9d60945cd68;FRB1348;32;700057;6208333;1;16-06-2004 09:45:00 +02:00;;Oxygen indhold; =;9,5;mg/l;3
Station;49000094;PØLE Å, Ns Alsønderup Enge;32;700057;6208333;Gribskov;Region Hovedstaden;Vandløb;Poel Å;14-07-2004;1;Feltmålinger, Vandløb;Ja;Miljøstyrelsen;https://vanda.miljoeportal.dk/link/05da3c39-d1c5-4190-ac76-7bccb34d80db;FRB1348;32;700057;6208333;1;14-07-2004 10:20:00 +02:00;;Oxygen indhold; =;10,2;mg/l;3
Station;49000094;PØLE Å, Ns Alsønderup Enge;32;700057;6208333;Gribskov;Region Hovedstaden;Vandløb;Poel Å;14-07-2004;1;Feltmålinger, Vandløb;Ja;Miljøstyrelsen;https://vanda.miljoeportal.dk/link/05da3c39-d1c5-4190-ac76-7bccb34d80db;FRB1348;32;700057;6208333;1;14-07-2004 10:20:00 +02:00;;Temperatur; =;14,6;grader C;3
Station;49000094;PØLE Å, Ns Alsønderup Enge;32;700057;6208333;Gribskov;Region Hovedstaden;Vandløb;Poel Å;28-07-2004;1;Feltmålinger, Vandløb;Ja;Miljøstyrelsen;https://vanda.miljoeportal.dk/link/6eb192ee-6164-4324-99a1-2c200f4421ba;FRB1348;32;700057;6208333;1;28-07-2004 11:40:00 +02:00;;Oxygenmætning; =;160;pct;3
Station;49000094;PØLE Å, Ns Alsønderup Enge;32;700057;6208333;Gribskov;Region Hovedstaden;Vandløb;Poel Å;11-08-2004;1;Feltmålinger, Vandløb;Ja;Miljøstyrelsen;https://vanda.miljoeportal.dk/link/589e2938-e608-427b-9f01-db3eb2aba3c6;FRB1348;32;700057;6208333;1;11-08-2004 12:25:00 +02:00;;Oxygen indhold; =;9,8;mg/l;2
Station;49000094;PØLE Å, Ns Alsønderup Enge;32;700057;6208333;Gribskov;Region Hovedstaden;Vandløb;Poel Å;25-08-2004;1;Feltmålinger, Vandløb;Ja;Miljøstyrelsen;https://vanda.miljoeportal.dk/link/8caebb03-de0e-4e90-8763-8b82b0ffc1fc;FRB1348;32;700057;6208333;1;25-08-2004 09:45:00 +02:00;;Temperatur; =;17;grader C;3
Station;49000094;PØLE Å, Ns Alsønderup Enge;32;700057;6208333;Gribskov;Region Hovedstaden;Vandløb;Poel Å;19-06-2007;1;Feltmålinger, Vandløb;Ja;Miljøstyrelsen;https://vanda.miljoeportal.dk/link/60ce3d0a-8acd-4734-9eb3-9a21d45f8882;FRB1348;32;700057;6208333;1;19-06-2007 08:45:00 +02:00;;Temperatur; =;18,7;grader C;3
Station;49000094;PØLE Å, Ns Alsønderup Enge;32;700057;6208333;Gribskov;Region Hovedstaden;Vandløb;Poel Å;27-04-2005;1;Feltmålinger, Vandløb;Ja;Miljøstyrelsen;https://vanda.miljoeportal.dk/link/f7fc2d68-729d-4444-977d-a540b85617c6;FRB1348;32;700057;6208333;1;27-04-2005 10:00:00 +02:00;;Oxygenmætning; =;96;pct;3
Station;49000094;PØLE Å, Ns Alsønderup Enge;32;700057;6208333;Gribskov;Region Hovedstaden;Vandløb;Poel Å;15-05-2012;1;Feltmålinger, Vandløb;Ja;Miljøstyrelsen;https://vanda.miljoeportal.dk/link/636b27fb-e78c-4385-8e29-0fdae42fc4c3;FRB1348;32;700057;6208333;1;15-05-2012 07:50:00 +02:00;;pH; =;9,2;pH;3
Station;49000094;PØLE Å, Ns Alsønderup Enge;32;700057;6208333;Gribskov;Region Hovedstaden;Vandløb;Poel Å;03-11-2004;1;Feltmålinger, Vandløb;Ja;Miljøstyrelsen;https://vanda.miljoeportal.dk/link/77837f04-178a-4ba7-911d-507d20851074;FRB1348;32;700057;6208333;1;03-11-2004 10:00:00 +01:00;;Temperatur; =;7,8;grader C;3
Station;49000094;PØLE Å, Ns Alsønderup Enge;32;700057;6208333;Gribskov;Region Hovedstaden;Vandløb;Poel Å;15-02-2006;1;Feltmålinger, Vandløb;Ja;Miljøstyrelsen;https://vanda.miljoeportal.dk/link/2eb60a2d-7c56-4734-b330-ed0b2b590077;FRB1348;32;700057;6208333;1;15-02-2006 10:30:00 +01:00;;Temperatur; =;1,8;grader C;2
Station;49000094;PØLE Å, Ns Alsønderup Enge;32;700057;6208333;Gribskov;Region Hovedstaden;Vandløb;Poel Å;09-11-2005;1;Feltmålinger, Vandløb;Ja;Miljøstyrelsen;https://vanda.miljoeportal.dk/link/19cf4c76-cf4b-4021-be3c-adcd89ba7617;FRB1348;32;700057;6208333;1;09-11-2005 09:45:00 +01:00;;Oxygen indhold; =;10,3;mg/l;3
Station;49000094;PØLE Å, Ns Alsønderup Enge;32;700057;6208333;Gribskov;Region Hovedstaden;Vandløb;Poel Å;09-11-2005;1;Feltmålinger, Vandløb;Ja;Miljøstyrelsen;https://vanda.miljoeportal.dk/link/19cf4c76-cf4b-4021-be3c-adcd89ba7617;FRB1348;32;700057;6208333;1;09-11-2005 09:45:00 +01:00;;Temperatur; =;7,9;grader C;3
Station;49000094;PØLE Å, Ns Alsønderup Enge;32;700057;6208333;Gribskov;Region Hovedstaden;Vandløb;Poel Å;21-12-2005;1;Feltmålinger, Vandløb;Ja;Miljøstyrelsen;https://vanda.miljoeportal.dk/link/a6a4f067-a3d6-4572-82b2-f05b2005c547;FRB1348;32;700057;6208333;1;21-12-2005 09:50:00 +01:00;;Temperatur; =;1,9;grader C;3
Station;49000094;PØLE Å, Ns Alsønderup Enge;32;700057;6208333;Gribskov;Region Hovedstaden;Vandløb;Poel Å;14-09-2005;1;Feltmålinger, Vandløb;Ja;Miljøstyrelsen;https://vanda.miljoeportal.dk/link/11301102-2fcf-4df0-b029-5f4326f45760;FRB1348;32;700057;6208333;1;14-09-2005 09:35:00 +02:00;;Oxygenmætning; =;49;pct;3
Station;49000094;PØLE Å, Ns Alsønderup Enge;32;700057;6208333;Gribskov;Region Hovedstaden;Vandløb;Poel Å;01-02-2006;1;Feltmålinger, Vandløb;Ja;Miljøstyrelsen;https://vanda.miljoeportal.dk/link/4be84f81-7ea8-4147-bea0-3b496c1f1e9d;FRB1348;32;700057;6208333;1;01-02-2006 09:50:00 +01:00;;Oxygen indhold; =;8,4;mg/l;2
Station;49000094;PØLE Å, Ns Alsønderup Enge;32;700057;6208333;Gribskov;Region Hovedstaden;Vandløb;Poel Å;02-02-2005;1;Feltmålinger, Vandløb;Ja;Miljøstyrelsen;https://vanda.miljoeportal.dk/link/99aceb1a-033d-44e4-9403-d01b82d93418;FRB1348;32;700057;6208333;1;02-02-2005 10:00:00 +01:00;;Temperatur; =;2;grader C;3
Station;49000094;PØLE Å, Ns Alsønderup Enge;32;700057;6208333;Gribskov;Region Hovedstaden;Vandløb;Poel Å;30-08-2005;1;Feltmålinger, Vandløb;Ja;Miljøstyrelsen;https://vanda.miljoeportal.dk/link/880c2c0b-3809-461f-95d6-07d53c5f4355;FRB1348;32;700057;6208333;1;30-08-2005 10:20:00 +02:00;;Oxygenmætning; =;97;pct;3
Station;49000094;PØLE Å, Ns Alsønderup Enge;32;700057;6208333;Gribskov;Region Hovedstaden;Vandløb;Poel Å;10-04-2007;1;Feltmålinger, Vandløb;Ja;Miljøstyrelsen;https://vanda.miljoeportal.dk/link/c84e18a8-f8d8-4f63-8ff5-4075f31952c3;FRB1348;32;700057;6208333;1;10-04-2007 09:20:00 +02:00;;Temperatur; =;8,6;grader C;3
Station;49000094;PØLE Å, Ns Alsønderup Enge;32;700057;6208333;Gribskov;Region Hovedstaden;Vandløb;Poel Å;02-05-2013;1;Feltmålinger, Vandløb;Ja;Miljøstyrelsen;https://vanda.miljoeportal.dk/link/3d3aaa5b-8e01-4bee-a412-8b8dcdfa718d;FRB1348;32;700057;6208333;1;02-05-2013 08:45:00 +02:00;;pH; =;8,7;pH;3
Station;49000094;PØLE Å, Ns Alsønderup Enge;32;700057;6208333;Gribskov;Region Hovedstaden;Vandløb;Poel Å;17-08-2005;1;Feltmålinger, Vandløb;Ja;Miljøstyrelsen;https://vanda.miljoeportal.dk/link/937227f3-0734-49cf-9f8b-0d44ef380f77;FRB1348;32;700057;6208333;1;17-08-2005 11:50:00 +02:00;;Oxygenmætning; =;77;pct;3
Station;49000094;PØLE Å, Ns Alsønderup Enge;32;700057;6208333;Gribskov;Region Hovedstaden;Vandløb;Poel Å;14-01-2014;1;Feltmålinger, Vandløb;Ja;Miljøstyrelsen;https://vanda.miljoeportal.dk/link/4e1fea90-a9d5-4730-a2cd-f4da6cd5bfa2;FRB1348;32;700057;6208333;1;14-01-2014 08:40:00 +01:00;;Temperatur; =;2;grader C;3
Station;49000094;PØLE Å, Ns Alsønderup Enge;32;700057;6208333;Gribskov;Region Hovedstaden;Vandløb;Poel Å;27-02-2007;1;Feltmålinger, Vandløb;Ja;Miljøstyrelsen;https://vanda.miljoeportal.dk/link/b529931e-0508-4af7-bbdd-0dab12db6c06;FRB1348;32;700057;6208333;1;27-02-2007 08:50:00 +01:00;;Temperatur; =;1;grader C;3
Station;49000094;PØLE Å, Ns Alsønderup Enge;32;700057;6208333;Gribskov;Region Hovedstaden;Vandløb;Poel Å;29-08-2012;1;Feltmålinger, Vandløb;Ja;Miljøstyrelsen;https://vanda.miljoeportal.dk/link/fb18ca37-6a1d-415f-845e-7b8ffa50d06f;FRB1348;32;700057;6208333;1;29-08-2012 08:40:00 +02:00;;Temperatur; =;16,3;grader C;3
Station;49000094;PØLE Å, Ns Alsønderup Enge;32;700057;6208333;Gribskov;Region Hovedstaden;Vandløb;Poel Å;26-02-2013;1;Feltmålinger, Vandløb;Ja;Miljøstyrelsen;https://vanda.miljoeportal.dk/link/16854fab-a265-4b2a-8a3c-330df0775bd7;FRB1348;32;700057;6208333;1;26-02-2013 08:15:00 +01:00;;pH; =;8;pH;3
Station;49000094;PØLE Å, Ns Alsønderup Enge;32;700057;6208333;Gribskov;Region Hovedstaden;Vandløb;Poel Å;04-04-2006;1;Feltmålinger, Vandløb;Ja;Miljøstyrelsen;https://vanda.miljoeportal.dk/link/78ab5fd1-3a9f-4dbb-962a-f08440f96b52;FRB1348;32;700057;6208333;1;04-04-2006 09:30:00 +02:00;;Oxygen indhold; =;10,6;mg/l;2
Station;49000094;PØLE Å, Ns Alsønderup Enge;32;700057;6208333;Gribskov;Region Hovedstaden;Vandløb;Poel Å;11-09-2012;1;Feltmålinger, Vandløb;Ja;Miljøstyrelsen;https://vanda.miljoeportal.dk/link/1411cbdf-07a9-43cc-bfcb-291c8bfed499;FRB1348;32;700057;6208333;1;11-09-2012 08:15:00 +02:00;;pH; =;8,7;pH;3
Station;49000094;PØLE Å, Ns Alsønderup Enge;32;700057;6208333;Gribskov;Region Hovedstaden;Vandløb;Poel Å;11-06-2013;1;Feltmålinger, Vandløb;Ja;Miljøstyrelsen;https://vanda.miljoeportal.dk/link/a1a9b9b0-97e5-4c1e-b267-289946f1df7e;FRB1348;32;700057;6208333;1;11-06-2013 08:45:00 +02:00;;pH; =;8,6;pH;3
Station;49000094;PØLE Å, Ns Alsønderup Enge;32;700057;6208333;Gribskov;Region Hovedstaden;Vandløb;Poel Å;25-09-2012;1;Feltmålinger, Vandløb;Ja;Miljøstyrelsen;https://vanda.miljoeportal.dk/link/62ad761d-7158-4f61-9aa1-d15a4e2dabea;FRB1348;32;700057;6208333;1;25-09-2012 08:15:00 +02:00;;Temperatur; =;10,7;grader C;3
Station;49000094;PØLE Å, Ns Alsønderup Enge;32;700057;6208333;Gribskov;Region Hovedstaden;Vandløb;Poel Å;22-05-2012;1;Feltmålinger, Vandløb;Ja;Miljøstyrelsen;https://vanda.miljoeportal.dk/link/721bd299-245a-49ac-888b-1aae0358ee2e;FRB1348;32;700057;6208333;1;22-05-2012 09:00:00 +02:00;;Temperatur; =;20;grader C;3
Station;49000094;PØLE Å, Ns Alsønderup Enge;32;700057;6208333;Gribskov;Region Hovedstaden;Vandløb;Poel Å;10-05-2006;1;Feltmålinger, Vandløb;Ja;Miljøstyrelsen;https://vanda.miljoeportal.dk/link/a59afdc4-e82a-4491-8705-e782bf90e161;FRB1348;32;700057;6208333;1;10-05-2006 09:30:00 +02:00;;Oxygen indhold; =;9,3;mg/l;2
Station;49000094;PØLE Å, Ns Alsønderup Enge;32;700057;6208333;Gribskov;Region Hovedstaden;Vandløb;Poel Å;01-08-2006;1;Feltmålinger, Vandløb;Ja;Miljøstyrelsen;https://vanda.miljoeportal.dk/link/78f03c7b-494e-4c75-a9ef-0def69ce2bab;FRB1348;32;700057;6208333;1;01-08-2006 10:05:00 +02:00;;Temperatur; =;23,7;grader C;2
Station;49000094;PØLE Å, Ns Alsønderup Enge;32;700057;6208333;Gribskov;Region Hovedstaden;Vandløb;Poel Å;13-02-2013;1;Feltmålinger, Vandløb;Ja;Miljøstyrelsen;https://vanda.miljoeportal.dk/link/208a562c-447e-42bd-8e62-e82678836e5f;FRB1348;32;700057;6208333;1;13-02-2013 09:05:00 +01:00;;Temperatur; =;0,7;grader C;3
Station;49000094;PØLE Å, Ns Alsønderup Enge;32;700057;6208333;Gribskov;Region Hovedstaden;Vandløb;Poel Å;16-03-2010;1;Feltmålinger, Vandløb;Ja;Miljøstyrelsen;https://vanda.miljoeportal.dk/link/d0507db8-71f3-4e0a-acb3-cb92af275743;FRB1348;32;700057;6208333;1;16-03-2010 08:50:00 +01:00;;Temperatur; =;3,7;grader C;3
Station;49000094;PØLE Å, Ns Alsønderup Enge;32;700057;6208333;Gribskov;Region Hovedstaden;Vandløb;Poel Å;20-03-2012;1;Feltmålinger, Vandløb;Ja;Miljøstyrelsen;https://vanda.miljoeportal.dk/link/1bdac640-ac8b-4c32-810e-321c9c015d0c;FRB1348;32;700057;6208333;1;20-03-2012 09:00:00 +01:00;;pH; =;8,6;pH;3
Station;49000094;PØLE Å, Ns Alsønderup Enge;32;700057;6208333;Gribskov;Region Hovedstaden;Vandløb;Poel Å;03-07-2013;1;Feltmålinger, Vandløb;Ja;Miljøstyrelsen;https://vanda.miljoeportal.dk/link/e0ccb5c6-2be8-41ae-91a5-a42e0799aa91;FRB1348;32;700057;6208333;1;03-07-2013 09:35:00 +02:00;;pH; =;8,4;pH;3
Station;49000094;PØLE Å, Ns Alsønderup Enge;32;700057;6208333;Gribskov;Region Hovedstaden;Vandløb;Poel Å;20-10-2004;1;Feltmålinger, Vandløb;Ja;Miljøstyrelsen;https://vanda.miljoeportal.dk/link/035e296a-8f72-4127-86ab-f913a83a6cdd;FRB1348;32;700057;6208333;1;20-10-2004 10:20:00 +02:00;;Temperatur; =;8,5;grader C;3
Station;49000094;PØLE Å, Ns Alsønderup Enge;32;700057;6208333;Gribskov;Region Hovedstaden;Vandløb;Poel Å;19-05-2009;1;Feltmålinger, Vandløb;Ja;Miljøstyrelsen;https://vanda.miljoeportal.dk/link/db2697e9-c73c-497a-9ad0-0fee3a228820;FRB1348;32;700057;6208333;1;19-05-2009 09:15:00 +02:00;;Temperatur; =;16,2;grader C;3
Station;49000094;PØLE Å, Ns Alsønderup Enge;32;700057;6208333;Gribskov;Region Hovedstaden;Vandløb;Poel Å;24-04-2013;1;Feltmålinger, Vandløb;Ja;Miljøstyrelsen;https://vanda.miljoeportal.dk/link/2c5fe708-4151-4a00-8c35-5e53ea4bf790;FRB1348;32;700057;6208333;1;24-04-2013 08:45:00 +02:00;;Temperatur; =;10;grader C;3
Station;49000094;PØLE Å, Ns Alsønderup Enge;32;700057;6208333;Gribskov;Region Hovedstaden;Vandløb;Poel Å;12-11-2013;1;Feltmålinger, Vandløb;Ja;Miljøstyrelsen;https://vanda.miljoeportal.dk/link/53afab40-1efa-4d04-90f1-da436190db56;FRB1348;32;700057;6208333;1;12-11-2013 09:15:00 +01:00;;Temperatur; =;6,1;grader C;3
Station;49000094;PØLE Å, Ns Alsønderup Enge;32;700057;6208333;Gribskov;Region Hovedstaden;Vandløb;Poel Å;13-03-2012;1;Feltmålinger, Vandløb;Ja;Miljøstyrelsen;https://vanda.miljoeportal.dk/link/106a1f63-289f-418d-a8f6-d04d38a538eb;FRB1348;32;700057;6208333;1;13-03-2012 08:25:00 +01:00;;Temperatur; =;6,1;grader C;3
Station;49000094;PØLE Å, Ns Alsønderup Enge;32;700057;6208333;Gribskov;Region Hovedstaden;Vandløb;Poel Å;06-07-2005;1;Feltmålinger, Vandløb;Ja;Miljøstyrelsen;https://vanda.miljoeportal.dk/link/74d2c294-3782-4a64-b001-e4c5ed910f3d;FRB1348;32;700057;6208333;1;06-07-2005 10:05:00 +02:00;;Temperatur; =;19,3;grader C;3
Station;49000094;PØLE Å, Ns Alsønderup Enge;32;700057;6208333;Gribskov;Region Hovedstaden;Vandløb;Poel Å;10-07-2013;1;Feltmålinger, Vandløb;Ja;Miljøstyrelsen;https://vanda.miljoeportal.dk/link/29e45a22-590e-41e4-9d82-805797d899f7;FRB1348;32;700057;6208333;1;10-07-2013 08:50:00 +02:00;;Temperatur; =;20,6;grader C;3
Station;49000094;PØLE Å, Ns Alsønderup Enge;32;700057;6208333;Gribskov;Region Hovedstaden;Vandløb;Poel Å;03-07-2007;1;Feltmålinger, Vandløb;Ja;Miljøstyrelsen;https://vanda.miljoeportal.dk/link/5e250c3d-b8e3-44f3-8da7-13b58830b0fb;FRB1348;32;700057;6208333;1;03-07-2007 08:05:00 +02:00;;Temperatur; =;17,9;grader C;3
Station;49000094;PØLE Å, Ns Alsønderup Enge;32;700057;6208333;Gribskov;Region Hovedstaden;Vandløb;Poel Å;15-03-2011;1;Feltmålinger, Vandløb;Ja;Miljøstyrelsen;https://vanda.miljoeportal.dk/link/062247fa-5d18-47c3-9f73-be48fb142690;FRB1348;32;700057;6208333;1;15-03-2011 09:20:00 +01:00;;pH; =;7,8;pH;3
Station;49000094;PØLE Å, Ns Alsønderup Enge;32;700057;6208333;Gribskov;Region Hovedstaden;Vandløb;Poel Å;11-03-2014;1;Feltmålinger, Vandløb;Ja;Miljøstyrelsen;https://vanda.miljoeportal.dk/link/ff4489e9-ba5e-46fc-847e-f06c2d72a51e;FRB1348;32;700057;6208333;1;11-03-2014 08:30:00 +01:00;;Temperatur; =;6;grader C;3
Station;49000094;PØLE Å, Ns Alsønderup Enge;32;700057;6208333;Gribskov;Region Hovedstaden;Vandløb;Poel Å;17-11-2004;1;Feltmålinger, Vandløb;Ja;Miljøstyrelsen;https://vanda.miljoeportal.dk/link/23a08c56-238d-4de7-b129-595afc9ef5d6;FRB1348;32;700057;6208333;1;17-11-2004 09:30:00 +01:00;;Temperatur; =;4,4;grader C;3
Station;49000094;PØLE Å, Ns Alsønderup Enge;32;700057;6208333;Gribskov;Region Hovedstaden;Vandløb;Poel Å;09-10-2012;1;Feltmålinger, Vandløb;Ja;Miljøstyrelsen;https://vanda.miljoeportal.dk/link/bd02564a-bf2b-4339-ba93-700d6c8c5d9f;FRB1348;32;700057;6208333;1;09-10-2012 08:20:00 +02:00;;Temperatur; =;8,8;grader C;3
Station;49000094;PØLE Å, Ns Alsønderup Enge;32;700057;6208333;Gribskov;Region Hovedstaden;Vandløb;Poel Å;27-03-2007;1;Feltmålinger, Vandløb;Ja;Miljøstyrelsen;https://vanda.miljoeportal.dk/link/0908cccb-1cbe-4bb9-a365-3020411d092c;FRB1348;32;700057;6208333;1;27-03-2007 08:45:00 +02:00;;Temperatur; =;7,8;grader C;3
Station;49000094;PØLE Å, Ns Alsønderup Enge;32;700057;6208333;Gribskov;Region Hovedstaden;Vandløb;Poel Å;22-06-2005;1;Feltmålinger, Vandløb;Ja;Miljøstyrelsen;https://vanda.miljoeportal.dk/link/df79cff0-e720-4914-bd0b-0b3d38595828;FRB1348;32;700057;6208333;1;22-06-2005 10:10:00 +02:00;;Temperatur; =;19,7;grader C;3
Station;49000094;PØLE Å, Ns Alsønderup Enge;32;700057;6208333;Gribskov;Region Hovedstaden;Vandløb;Poel Å;13-12-2011;1;Feltmålinger, Vandløb;Ja;Miljøstyrelsen;https://vanda.miljoeportal.dk/link/6f73615b-16ac-4913-99e9-3d014f4183cf;FRB1348;32;700057;6208333;1;13-12-2011 09:05:00 +01:00;;pH; =;8,5;pH;3
Station;49000094;PØLE Å, Ns Alsønderup Enge;32;700057;6208333;Gribskov;Region Hovedstaden;Vandløb;Poel Å;08-05-2007;1;Feltmålinger, Vandløb;Ja;Miljøstyrelsen;https://vanda.miljoeportal.dk/link/ab7ae8b2-80d3-4dfb-88f7-5a019416d407;FRB1348;32;700057;6208333;1;08-05-2007 08:40:00 +02:00;;Temperatur; =;15;grader C;3
Station;49000094;PØLE Å, Ns Alsønderup Enge;32;700057;6208333;Gribskov;Region Hovedstaden;Vandløb;Poel Å;23-09-2014;1;Feltmålinger, Vandløb;Ja;Miljøstyrelsen;https://vanda.miljoeportal.dk/link/3eff893b-88e4-4d1b-b2ca-6b118faa5da8;FRB1348;32;700057;6208333;1;23-09-2014 08:15:00 +02:00;;Temperatur; =;9,5;grader C;3
Station;49000094;PØLE Å, Ns Alsønderup Enge;32;700057;6208333;Gribskov;Region Hovedstaden;Vandløb;Poel Å;31-05-2011;1;Feltmålinger, Vandløb;Ja;Miljøstyrelsen;https://vanda.miljoeportal.dk/link/c1013c84-2b4f-497e-bea4-177abf850575;FRB1348;32;700057;6208333;1;31-05-2011 09:15:00 +02:00;;Temperatur; =;19,1;grader C;3
Station;49000094;PØLE Å, Ns Alsønderup Enge;32;700057;6208333;Gribskov;Region Hovedstaden;Vandløb;Poel Å;23-11-2005;1;Feltmålinger, Vandløb;Ja;Miljøstyrelsen;https://vanda.miljoeportal.dk/link/01565b47-2354-464e-bc07-7c1d7ef77f54;FRB1348;32;700057;6208333;1;23-11-2005 09:45:00 +01:00;;Oxygenmætning; =;65;pct;3
Station;49000094;PØLE Å, Ns Alsønderup Enge;32;700057;6208333;Gribskov;Region Hovedstaden;Vandløb;Poel Å;09-11-2005;1;Feltmålinger, Vandløb;Ja;Miljøstyrelsen;https://vanda.miljoeportal.dk/link/19cf4c76-cf4b-4021-be3c-adcd89ba7617;FRB1348;32;700057;6208333;1;09-11-2005 09:45:00 +01:00;;Oxygenmætning; =;86;pct;3
Station;49000094;PØLE Å, Ns Alsønderup Enge;32;700057;6208333;Gribskov;Region Hovedstaden;Vandløb;Poel Å;07-12-2006;1;Feltmålinger, Vandløb;Ja;Miljøstyrelsen;https://vanda.miljoeportal.dk/link/0cf52ba7-003f-4dac-beb2-5b558c1dd738;FRB1348;32;700057;6208333;1;07-12-2006 09:30:00 +01:00;;Temperatur; =;7,6;grader C;2
Station;49000094;PØLE Å, Ns Alsønderup Enge;32;700057;6208333;Gribskov;Region Hovedstaden;Vandløb;Poel Å;17-04-2012;1;Feltmålinger, Vandløb;Ja;Miljøstyrelsen;https://vanda.miljoeportal.dk/link/981424a7-81cf-4145-bb8a-bbaf128c693f;FRB1348;32;700057;6208333;1;17-04-2012 08:00:00 +02:00;;Temperatur; =;7;grader C;3
Station;49000094;PØLE Å, Ns Alsønderup Enge;32;700057;6208333;Gribskov;Region Hovedstaden;Vandløb;Poel Å;20-10-2004;1;Feltmålinger, Vandløb;Ja;Miljøstyrelsen;https://vanda.miljoeportal.dk/link/035e296a-8f72-4127-86ab-f913a83a6cdd;FRB1348;32;700057;6208333;1;20-10-2004 10:20:00 +02:00;;Oxygenmætning; =;78;pct;3
Station;49000094;PØLE Å, Ns Alsønderup Enge;32;700057;6208333;Gribskov;Region Hovedstaden;Vandløb;Poel Å;15-12-2004;1;Feltmålinger, Vandløb;Ja;Miljøstyrelsen;https://vanda.miljoeportal.dk/link/76658aed-09d0-4513-ba14-69a7f68fda82;FRB1348;32;700057;6208333;1;15-12-2004 09:45:00 +01:00;;Oxygen indhold; =;10,3;mg/l;3
Station;49000094;PØLE Å, Ns Alsønderup Enge;32;700057;6208333;Gribskov;Region Hovedstaden;Vandløb;Poel Å;06-10-2004;1;Feltmålinger, Vandløb;Ja;Miljøstyrelsen;https://vanda.miljoeportal.dk/link/9dfc9330-cdb0-4c11-949d-91f92978ef17;FRB1348;32;700057;6208333;1;06-10-2004 10:00:00 +02:00;;Temperatur; =;12,3;grader C;3
Station;49000094;PØLE Å, Ns Alsønderup Enge;32;700057;6208333;Gribskov;Region Hovedstaden;Vandløb;Poel Å;12-10-2010;1;Feltmålinger, Vandløb;Ja;Miljøstyrelsen;https://vanda.miljoeportal.dk/link/5b3b0a9e-c9d4-44a4-9527-c19e3283345c;FRB1348;32;700057;6208333;1;12-10-2010 08:50:00 +02:00;;Temperatur; =;8,6;grader C;3
Station;49000094;PØLE Å, Ns Alsønderup Enge;32;700057;6208333;Gribskov;Region Hovedstaden;Vandløb;Poel Å;29-12-2004;1;Feltmålinger, Vandløb;Ja;Miljøstyrelsen;https://vanda.miljoeportal.dk/link/52588ba4-51ee-4f9f-8d1b-5943acc8e54f;FRB1348;32;700057;6208333;1;29-12-2004 10:15:00 +01:00;;Oxygen indhold; =;11,5;mg/l;3
Station;49000094;PØLE Å, Ns Alsønderup Enge;32;700057;6208333;Gribskov;Region Hovedstaden;Vandløb;Poel Å;08-09-2004;1;Feltmålinger, Vandløb;Ja;Miljøstyrelsen;https://vanda.miljoeportal.dk/link/ca851369-abc5-48b3-a099-e87072000273;FRB1348;32;700057;6208333;1;08-09-2004 09:45:00 +02:00;;Oxygenmætning; =;98;pct;3
Station;49000094;PØLE Å, Ns Alsønderup Enge;32;700057;6208333;Gribskov;Region Hovedstaden;Vandløb;Poel Å;08-09-2004;1;Feltmålinger, Vandløb;Ja;Miljøstyrelsen;https://vanda.miljoeportal.dk/link/ca851369-abc5-48b3-a099-e87072000273;FRB1348;32;700057;6208333;1;08-09-2004 09:45:00 +02:00;;Oxygen indhold; =;9,6;mg/l;3
Station;49000094;PØLE Å, Ns Alsønderup Enge;32;700057;6208333;Gribskov;Region Hovedstaden;Vandløb;Poel Å;08-09-2004;1;Feltmålinger, Vandløb;Ja;Miljøstyrelsen;https://vanda.miljoeportal.dk/link/ca851369-abc5-48b3-a099-e87072000273;FRB1348;32;700057;6208333;1;08-09-2004 09:45:00 +02:00;;Temperatur; =;17,3;grader C;3
Station;49000094;PØLE Å, Ns Alsønderup Enge;32;700057;6208333;Gribskov;Region Hovedstaden;Vandløb;Poel Å;25-08-2004;1;Feltmålinger, Vandløb;Ja;Miljøstyrelsen;https://vanda.miljoeportal.dk/link/8caebb03-de0e-4e90-8763-8b82b0ffc1fc;FRB1348;32;700057;6208333;1;25-08-2004 09:45:00 +02:00;;Oxygen indhold; =;7,1;mg/l;3
Station;49000094;PØLE Å, Ns Alsønderup Enge;32;700057;6208333;Gribskov;Region Hovedstaden;Vandløb;Poel Å;25-08-2004;1;Feltmålinger, Vandløb;Ja;Miljøstyrelsen;https://vanda.miljoeportal.dk/link/8caebb03-de0e-4e90-8763-8b82b0ffc1fc;FRB1348;32;700057;6208333;1;25-08-2004 09:45:00 +02:00;;Oxygenmætning; =;75;pct;3
Station;49000094;PØLE Å, Ns Alsønderup Enge;32;700057;6208333;Gribskov;Region Hovedstaden;Vandløb;Poel Å;11-08-2004;1;Feltmålinger, Vandløb;Ja;Miljøstyrelsen;https://vanda.miljoeportal.dk/link/589e2938-e608-427b-9f01-db3eb2aba3c6;FRB1348;32;700057;6208333;1;11-08-2004 12:25:00 +02:00;;Oxygenmætning; =;110;pct;2
Station;49000094;PØLE Å, Ns Alsønderup Enge;32;700057;6208333;Gribskov;Region Hovedstaden;Vandløb;Poel Å;27-04-2005;1;Feltmålinger, Vandløb;Ja;Miljøstyrelsen;https://vanda.miljoeportal.dk/link/f7fc2d68-729d-4444-977d-a540b85617c6;FRB1348;32;700057;6208333;1;27-04-2005 10:00:00 +02:00;;Temperatur; =;9,9;grader C;3
Station;49000094;PØLE Å, Ns Alsønderup Enge;32;700057;6208333;Gribskov;Region Hovedstaden;Vandløb;Poel Å;13-03-2008;1;Feltmålinger, Vandløb;Ja;Miljøstyrelsen;https://vanda.miljoeportal.dk/link/3042f5f7-5e14-4434-aa3e-5b6e1887fd2d;FRB1348;32;700057;6208333;1;13-03-2008 09:05:00 +01:00;;Temperatur; =;8,9;grader C;3
Station;49000094;PØLE Å, Ns Alsønderup Enge;32;700057;6208333;Gribskov;Region Hovedstaden;Vandløb;Poel Å;11-08-2004;1;Feltmålinger, Vandløb;Ja;Miljøstyrelsen;https://vanda.miljoeportal.dk/link/589e2938-e608-427b-9f01-db3eb2aba3c6;FRB1348;32;700057;6208333;1;11-08-2004 12:25:00 +02:00;;Temperatur; =;24;grader C;2
Station;49000094;PØLE Å, Ns Alsønderup Enge;32;700057;6208333;Gribskov;Region Hovedstaden;Vandløb;Poel Å;28-07-2004;1;Feltmålinger, Vandløb;Ja;Miljøstyrelsen;https://vanda.miljoeportal.dk/link/6eb192ee-6164-4324-99a1-2c200f4421ba;FRB1348;32;700057;6208333;1;28-07-2004 11:40:00 +02:00;;Temperatur; =;19,5;grader C;3
Station;49000094;PØLE Å, Ns Alsønderup Enge;32;700057;6208333;Gribskov;Region Hovedstaden;Vandløb;Poel Å;28-07-2004;1;Feltmålinger, Vandløb;Ja;Miljøstyrelsen;https://vanda.miljoeportal.dk/link/6eb192ee-6164-4324-99a1-2c200f4421ba;FRB1348;32;700057;6208333;1;28-07-2004 11:40:00 +02:00;;Oxygen indhold; =;14,8;mg/l;3
Station;49000094;PØLE Å, Ns Alsønderup Enge;32;700057;6208333;Gribskov;Region Hovedstaden;Vandløb;Poel Å;14-07-2004;1;Feltmålinger, Vandløb;Ja;Miljøstyrelsen;https://vanda.miljoeportal.dk/link/05da3c39-d1c5-4190-ac76-7bccb34d80db;FRB1348;32;700057;6208333;1;14-07-2004 10:20:00 +02:00;;Oxygenmætning; =;100;pct;3
Station;49000094;PØLE Å, Ns Alsønderup Enge;32;700057;6208333;Gribskov;Region Hovedstaden;Vandløb;Poel Å;30-06-2004;1;Feltmålinger, Vandløb;Ja;Miljøstyrelsen;https://vanda.miljoeportal.dk/link/c9590682-b1ef-44a7-a272-e256a767a406;FRB1348;32;700057;6208333;1;30-06-2004 10:00:00 +02:00;;Temperatur; =;15,5;grader C;3
Station;49000094;PØLE Å, Ns Alsønderup Enge;32;700057;6208333;Gribskov;Region Hovedstaden;Vandløb;Poel Å;30-06-2004;1;Feltmålinger, Vandløb;Ja;Miljøstyrelsen;https://vanda.miljoeportal.dk/link/c9590682-b1ef-44a7-a272-e256a767a406;FRB1348;32;700057;6208333;1;30-06-2004 10:00:00 +02:00;;Oxygen indhold; =;9,9;mg/l;3
Station;49000094;PØLE Å, Ns Alsønderup Enge;32;700057;6208333;Gribskov;Region Hovedstaden;Vandløb;Poel Å;30-06-2004;1;Feltmålinger, Vandløb;Ja;Miljøstyrelsen;https://vanda.miljoeportal.dk/link/c9590682-b1ef-44a7-a272-e256a767a406;FRB1348;32;700057;6208333;1;30-06-2004 10:00:00 +02:00;;Oxygenmætning; =;99;pct;3
Station;49000094;PØLE Å, Ns Alsønderup Enge;32;700057;6208333;Gribskov;Region Hovedstaden;Vandløb;Poel Å;16-06-2004;1;Feltmålinger, Vandløb;Ja;Miljøstyrelsen;https://vanda.miljoeportal.dk/link/e8b02434-3565-46db-b0d8-f9d60945cd68;FRB1348;32;700057;6208333;1;16-06-2004 09:45:00 +02:00;;Temperatur; =;14,9;grader C;3
Station;49000094;PØLE Å, Ns Alsønderup Enge;32;700057;6208333;Gribskov;Region Hovedstaden;Vandløb;Poel Å;02-06-2004;1;Feltmålinger, Vandløb;Ja;Miljøstyrelsen;https://vanda.miljoeportal.dk/link/73f859f4-eec9-4f35-a7da-04639d146bd6;FRB1348;32;700057;6208333;1;02-06-2004 10:00:00 +02:00;;Temperatur; =;16;grader C;3
Station;49000094;PØLE Å, Ns Alsønderup Enge;32;700057;6208333;Gribskov;Region Hovedstaden;Vandløb;Poel Å;02-06-2004;1;Feltmålinger, Vandløb;Ja;Miljøstyrelsen;https://vanda.miljoeportal.dk/link/73f859f4-eec9-4f35-a7da-04639d146bd6;FRB1348;32;700057;6208333;1;02-06-2004 10:00:00 +02:00;;Oxygen indhold; =;11,5;mg/l;3
Station;49000094;PØLE Å, Ns Alsønderup Enge;32;700057;6208333;Gribskov;Region Hovedstaden;Vandløb;Poel Å;21-02-2012;1;Feltmålinger, Vandløb;Ja;Miljøstyrelsen;https://vanda.miljoeportal.dk/link/57f229f9-14ba-4d24-97a9-dbc292b0305d;FRB1348;32;700057;6208333;1;21-02-2012 09:15:00 +01:00;;Temperatur; =;2,8;grader C;3
Station;49000094;PØLE Å, Ns Alsønderup Enge;32;700057;6208333;Gribskov;Region Hovedstaden;Vandløb;Poel Å;02-06-2004;1;Feltmålinger, Vandløb;Ja;Miljøstyrelsen;https://vanda.miljoeportal.dk/link/73f859f4-eec9-4f35-a7da-04639d146bd6;FRB1348;32;700057;6208333;1;02-06-2004 10:00:00 +02:00;;Oxygenmætning; =;115;pct;3
Station;49000094;PØLE Å, Ns Alsønderup Enge;32;700057;6208333;Gribskov;Region Hovedstaden;Vandløb;Poel Å;19-05-2004;1;Feltmålinger, Vandløb;Ja;Miljøstyrelsen;https://vanda.miljoeportal.dk/link/36d8372b-bd54-49b9-af8c-f585d26874aa;FRB1348;32;700057;6208333;1;19-05-2004 10:55:00 +02:00;;Oxygenmætning; =;90;pct;3
Station;49000094;PØLE Å, Ns Alsønderup Enge;32;700057;6208333;Gribskov;Region Hovedstaden;Vandløb;Poel Å;26-10-2005;1;Feltmålinger, Vandløb;Ja;Miljøstyrelsen;https://vanda.miljoeportal.dk/link/96e81300-e24d-4620-881b-76b79069cf0d;FRB1348;32;700057;6208333;1;26-10-2005 09:55:00 +02:00;;Oxygenmætning; =;84;pct;3
Station;49000094;PØLE Å, Ns Alsønderup Enge;32;700057;6208333;Gribskov;Region Hovedstaden;Vandløb;Poel Å;19-05-2004;1;Feltmålinger, Vandløb;Ja;Miljøstyrelsen;https://vanda.miljoeportal.dk/link/36d8372b-bd54-49b9-af8c-f585d26874aa;FRB1348;32;700057;6208333;1;19-05-2004 10:55:00 +02:00;;Oxygen indhold; =;9,1;mg/l;3
Station;49000094;PØLE Å, Ns Alsønderup Enge;32;700057;6208333;Gribskov;Region Hovedstaden;Vandløb;Poel Å;13-03-2012;1;Feltmålinger, Vandløb;Ja;Miljøstyrelsen;https://vanda.miljoeportal.dk/link/106a1f63-289f-418d-a8f6-d04d38a538eb;FRB1348;32;700057;6208333;1;13-03-2012 08:25:00 +01:00;;pH; =;8,4;pH;3
Station;49000094;PØLE Å, Ns Alsønderup Enge;32;700057;6208333;Gribskov;Region Hovedstaden;Vandløb;Poel Å;19-05-2004;1;Feltmålinger, Vandløb;Ja;Miljøstyrelsen;https://vanda.miljoeportal.dk/link/36d8372b-bd54-49b9-af8c-f585d26874aa;FRB1348;32;700057;6208333;1;19-05-2004 10:55:00 +02:00;;Temperatur; =;14,5;grader C;3
Station;49000094;PØLE Å, Ns Alsønderup Enge;32;700057;6208333;Gribskov;Region Hovedstaden;Vandløb;Poel Å;25-05-2005;1;Feltmålinger, Vandløb;Ja;Miljøstyrelsen;https://vanda.miljoeportal.dk/link/38211eba-7fdc-469d-94ab-88182ca163b4;FRB1348;32;700057;6208333;1;25-05-2005 09:55:00 +02:00;;Temperatur; =;16,4;grader C;3
Station;49000094;PØLE Å, Ns Alsønderup Enge;32;700057;6208333;Gribskov;Region Hovedstaden;Vandløb;Poel Å;06-05-2004;1;Feltmålinger, Vandløb;Ja;Miljøstyrelsen;https://vanda.miljoeportal.dk/link/8494e723-78d5-4f22-8e94-5943f985c6d2;FRB1348;32;700057;6208333;1;06-05-2004 09:35:00 +02:00;;Oxygen indhold; =;9,1;mg/l;3
Station;49000094;PØLE Å, Ns Alsønderup Enge;32;700057;6208333;Gribskov;Region Hovedstaden;Vandløb;Poel Å;05-03-2013;1;Feltmålinger, Vandløb;Ja;Miljøstyrelsen;https://vanda.miljoeportal.dk/link/b7be07ad-34fe-4a45-b761-bdc1282912d2;FRB1348;32;700057;6208333;1;05-03-2013 08:20:00 +01:00;;pH; =;8;pH;3
Station;49000094;PØLE Å, Ns Alsønderup Enge;32;700057;6208333;Gribskov;Region Hovedstaden;Vandløb;Poel Å;06-05-2004;1;Feltmålinger, Vandløb;Ja;Miljøstyrelsen;https://vanda.miljoeportal.dk/link/8494e723-78d5-4f22-8e94-5943f985c6d2;FRB1348;32;700057;6208333;1;06-05-2004 09:35:00 +02:00;;Oxygenmætning; =;95;pct;3
Station;49000094;PØLE Å, Ns Alsønderup Enge;32;700057;6208333;Gribskov;Region Hovedstaden;Vandløb;Poel Å;22-04-2004;1;Feltmålinger, Vandløb;Ja;Miljøstyrelsen;https://vanda.miljoeportal.dk/link/5485453c-2451-4af8-9d82-82a6e9ff6d1b;FRB1348;32;700057;6208333;1;22-04-2004 08:05:00 +02:00;;Temperatur; =;12,9;grader C;3
Station;49000094;PØLE Å, Ns Alsønderup Enge;32;700057;6208333;Gribskov;Region Hovedstaden;Vandløb;Poel Å;02-05-2013;1;Feltmålinger, Vandløb;Ja;Miljøstyrelsen;https://vanda.miljoeportal.dk/link/3d3aaa5b-8e01-4bee-a412-8b8dcdfa718d;FRB1348;32;700057;6208333;1;02-05-2013 08:45:00 +02:00;;Temperatur; =;9,5;grader C;3
Station;49000094;PØLE Å, Ns Alsønderup Enge;32;700057;6208333;Gribskov;Region Hovedstaden;Vandløb;Poel Å;22-04-2004;1;Feltmålinger, Vandløb;Ja;Miljøstyrelsen;https://vanda.miljoeportal.dk/link/5485453c-2451-4af8-9d82-82a6e9ff6d1b;FRB1348;32;700057;6208333;1;22-04-2004 08:05:00 +02:00;;Oxygenmætning; =;151;pct;3
Station;49000094;PØLE Å, Ns Alsønderup Enge;32;700057;6208333;Gribskov;Region Hovedstaden;Vandløb;Poel Å;21-06-2011;1;Feltmålinger, Vandløb;Ja;Miljøstyrelsen;https://vanda.miljoeportal.dk/link/3a2ae31d-6d21-4b5e-8fbc-5f270a161587;FRB1348;32;700057;6208333;1;21-06-2011 09:15:00 +02:00;;Temperatur; =;14,9;grader C;3
Station;49000094;PØLE Å, Ns Alsønderup Enge;32;700057;6208333;Gribskov;Region Hovedstaden;Vandløb;Poel Å;07-04-2004;1;Feltmålinger, Vandløb;Ja;Miljøstyrelsen;https://vanda.miljoeportal.dk/link/8a0c5e5c-cc25-438c-9175-d5d7a7f6fc71;FRB1348;32;700057;6208333;1;07-04-2004 09:45:00 +02:00;;Temperatur; =;6,1;grader C;3
Station;49000094;PØLE Å, Ns Alsønderup Enge;32;700057;6208333;Gribskov;Region Hovedstaden;Vandløb;Poel Å;07-04-2004;1;Feltmålinger, Vandløb;Ja;Miljøstyrelsen;https://vanda.miljoeportal.dk/link/8a0c5e5c-cc25-438c-9175-d5d7a7f6fc71;FRB1348;32;700057;6208333;1;07-04-2004 09:45:00 +02:00;;Oxygen indhold; =;12,6;mg/l;3
Station;49000094;PØLE Å, Ns Alsønderup Enge;32;700057;6208333;Gribskov;Region Hovedstaden;Vandløb;Poel Å;07-04-2004;1;Feltmålinger, Vandløb;Ja;Miljøstyrelsen;https://vanda.miljoeportal.dk/link/8a0c5e5c-cc25-438c-9175-d5d7a7f6fc71;FRB1348;32;700057;6208333;1;07-04-2004 09:45:00 +02:00;;Oxygenmætning; =;106;pct;3
Station;49000094;PØLE Å, Ns Alsønderup Enge;32;700057;6208333;Gribskov;Region Hovedstaden;Vandløb;Poel Å;24-03-2004;1;Feltmålinger, Vandløb;Ja;Miljøstyrelsen;https://vanda.miljoeportal.dk/link/a0206b2d-4cee-4b36-9931-7791f721c2e7;FRB1348;32;700057;6208333;1;24-03-2004 09:00:00 +01:00;;Oxygen indhold; =;12,1;mg/l;3
Station;49000094;PØLE Å, Ns Alsønderup Enge;32;700057;6208333;Gribskov;Region Hovedstaden;Vandløb;Poel Å;29-05-2012;1;Feltmålinger, Vandløb;Ja;Miljøstyrelsen;https://vanda.miljoeportal.dk/link/6251d0ac-3eba-442d-8500-c9e096d143a1;FRB1348;32;700057;6208333;1;29-05-2012 08:35:00 +02:00;;pH; =;8,6;pH;3
Station;49000094;PØLE Å, Ns Alsønderup Enge;32;700057;6208333;Gribskov;Region Hovedstaden;Vandløb;Poel Å;24-03-2004;1;Feltmålinger, Vandløb;Ja;Miljøstyrelsen;https://vanda.miljoeportal.dk/link/a0206b2d-4cee-4b36-9931-7791f721c2e7;FRB1348;32;700057;6208333;1;24-03-2004 09:00:00 +01:00;;Oxygenmætning; =;97;pct;3
Station;49000094;PØLE Å, Ns Alsønderup Enge;32;700057;6208333;Gribskov;Region Hovedstaden;Vandløb;Poel Å;19-07-2006;1;Feltmålinger, Vandløb;Ja;Miljøstyrelsen;https://vanda.miljoeportal.dk/link/b2aa62df-e52d-45cd-a132-013d06cd944d;FRB1348;32;700057;6208333;1;19-07-2006 09:35:00 +02:00;;Oxygenmætning; =;81;pct;2
Station;49000094;PØLE Å, Ns Alsønderup Enge;32;700057;6208333;Gribskov;Region Hovedstaden;Vandløb;Poel Å;24-03-2004;1;Feltmålinger, Vandløb;Ja;Miljøstyrelsen;https://vanda.miljoeportal.dk/link/a0206b2d-4cee-4b36-9931-7791f721c2e7;FRB1348;32;700057;6208333;1;24-03-2004 09:00:00 +01:00;;Temperatur; =;6,1;grader C;3
Station;49000094;PØLE Å, Ns Alsønderup Enge;32;700057;6208333;Gribskov;Region Hovedstaden;Vandløb;Poel Å;10-03-2004;1;Feltmålinger, Vandløb;Ja;Miljøstyrelsen;https://vanda.miljoeportal.dk/link/66d3ff77-2eb7-4341-9de3-3e4650e0d1c0;FRB1348;32;700057;6208333;1;10-03-2004 09:40:00 +01:00;;Oxygen indhold; =;15,7;mg/l;3
Station;49000094;PØLE Å, Ns Alsønderup Enge;32;700057;6208333;Gribskov;Region Hovedstaden;Vandløb;Poel Å;10-03-2004;1;Feltmålinger, Vandløb;Ja;Miljøstyrelsen;https://vanda.miljoeportal.dk/link/66d3ff77-2eb7-4341-9de3-3e4650e0d1c0;FRB1348;32;700057;6208333;1;10-03-2004 09:40:00 +01:00;;Temperatur; =;1,3;grader C;3
Station;49000094;PØLE Å, Ns Alsønderup Enge;32;700057;6208333;Gribskov;Region Hovedstaden;Vandløb;Poel Å;10-03-2004;1;Feltmålinger, Vandløb;Ja;Miljøstyrelsen;https://vanda.miljoeportal.dk/link/66d3ff77-2eb7-4341-9de3-3e4650e0d1c0;FRB1348;32;700057;6208333;1;10-03-2004 09:40:00 +01:00;;Oxygenmætning; =;109;pct;3
Station;49000094;PØLE Å, Ns Alsønderup Enge;32;700057;6208333;Gribskov;Region Hovedstaden;Vandløb;Poel Å;25-02-2004;1;Feltmålinger, Vandløb;Ja;Miljøstyrelsen;https://vanda.miljoeportal.dk/link/2eb1678b-87bb-476b-9159-e781f4223571;FRB1348;32;700057;6208333;1;25-02-2004 10:15:00 +01:00;;Oxygenmætning; =;88;pct;3
Station;49000094;PØLE Å, Ns Alsønderup Enge;32;700057;6208333;Gribskov;Region Hovedstaden;Vandløb;Poel Å;11-09-2012;1;Feltmålinger, Vandløb;Ja;Miljøstyrelsen;https://vanda.miljoeportal.dk/link/1411cbdf-07a9-43cc-bfcb-291c8bfed499;FRB1348;32;700057;6208333;1;11-09-2012 08:15:00 +02:00;;Temperatur; =;16,2;grader C;3
Station;49000094;PØLE Å, Ns Alsønderup Enge;32;700057;6208333;Gribskov;Region Hovedstaden;Vandløb;Poel Å;11-02-2004;1;Feltmålinger, Vandløb;Ja;Miljøstyrelsen;https://vanda.miljoeportal.dk/link/d5ea78e9-20a2-4b96-8318-cb55c768a113;FRB1348;32;700057;6208333;1;11-02-2004 10:05:00 +01:00;;Temperatur; =;1;grader C;3
Station;49000094;PØLE Å, Ns Alsønderup Enge;32;700057;6208333;Gribskov;Region Hovedstaden;Vandløb;Poel Å;11-02-2004;1;Feltmålinger, Vandløb;Ja;Miljøstyrelsen;https://vanda.miljoeportal.dk/link/d5ea78e9-20a2-4b96-8318-cb55c768a113;FRB1348;32;700057;6208333;1;11-02-2004 10:05:00 +01:00;;Oxygenmætning; =;87;pct;3
Station;49000094;PØLE Å, Ns Alsønderup Enge;32;700057;6208333;Gribskov;Region Hovedstaden;Vandløb;Poel Å;11-02-2004;1;Feltmålinger, Vandløb;Ja;Miljøstyrelsen;https://vanda.miljoeportal.dk/link/d5ea78e9-20a2-4b96-8318-cb55c768a113;FRB1348;32;700057;6208333;1;11-02-2004 10:05:00 +01:00;;Oxygen indhold; =;12,5;mg/l;3
Station;49000094;PØLE Å, Ns Alsønderup Enge;32;700057;6208333;Gribskov;Region Hovedstaden;Vandløb;Poel Å;28-01-2004;1;Feltmålinger, Vandløb;Ja;Miljøstyrelsen;https://vanda.miljoeportal.dk/link/554a8741-198e-4be2-926a-6f27e910e59d;FRB1348;32;700057;6208333;1;28-01-2004 10:15:00 +01:00;;Oxygen indhold; =;11,5;mg/l;3
Station;49000094;PØLE Å, Ns Alsønderup Enge;32;700057;6208333;Gribskov;Region Hovedstaden;Vandløb;Poel Å;14-01-2004;1;Feltmålinger, Vandløb;Ja;Miljøstyrelsen;https://vanda.miljoeportal.dk/link/62c2275d-60f3-4e04-b9fd-536b36471fa4;FRB1348;32;700057;6208333;1;14-01-2004 09:50:00 +01:00;;Oxygen indhold; =;10,6;mg/l;3
Station;49000094;PØLE Å, Ns Alsønderup Enge;32;700057;6208333;Gribskov;Region Hovedstaden;Vandløb;Poel Å;14-01-2004;1;Feltmålinger, Vandløb;Ja;Miljøstyrelsen;https://vanda.miljoeportal.dk/link/62c2275d-60f3-4e04-b9fd-536b36471fa4;FRB1348;32;700057;6208333;1;14-01-2004 09:50:00 +01:00;;Oxygenmætning; =;79;pct;3
Station;49000094;PØLE Å, Ns Alsønderup Enge;32;700057;6208333;Gribskov;Region Hovedstaden;Vandløb;Poel Å;01-04-2008;1;Feltmålinger, Vandløb;Ja;Miljøstyrelsen;https://vanda.miljoeportal.dk/link/a0509a13-7ff3-4afb-bb6e-3c8015d61bb0;FRB1348;32;700057;6208333;1;01-04-2008 08:40:00 +02:00;;Temperatur; =;9,1;grader C;3
Station;49000094;PØLE Å, Ns Alsønderup Enge;32;700057;6208333;Gribskov;Region Hovedstaden;Vandløb;Poel Å;14-01-2004;1;Feltmålinger, Vandløb;Ja;Miljøstyrelsen;https://vanda.miljoeportal.dk/link/62c2275d-60f3-4e04-b9fd-536b36471fa4;FRB1348;32;700057;6208333;1;14-01-2004 09:50:00 +01:00;;Temperatur; =;1,7;grader C;3
Station;49000094;PØLE Å, Ns Alsønderup Enge;32;700057;6208333;Gribskov;Region Hovedstaden;Vandløb;Poel Å;23-12-2003;1;Feltmålinger, Vandløb;Ja;Miljøstyrelsen;https://vanda.miljoeportal.dk/link/2b0a8d4e-eb9e-4d5f-94de-604a3335a3b5;FRB1348;32;700057;6208333;1;23-12-2003 11:35:00 +01:00;;Oxygen indhold; =;7,9;mg/l;3
Station;49000094;PØLE Å, Ns Alsønderup Enge;32;700057;6208333;Gribskov;Region Hovedstaden;Vandløb;Poel Å;23-12-2003;1;Feltmålinger, Vandløb;Ja;Miljøstyrelsen;https://vanda.miljoeportal.dk/link/2b0a8d4e-eb9e-4d5f-94de-604a3335a3b5;FRB1348;32;700057;6208333;1;23-12-2003 11:35:00 +01:00;;Temperatur; =;0,6;grader C;3
Station;49000094;PØLE Å, Ns Alsønderup Enge;32;700057;6208333;Gribskov;Region Hovedstaden;Vandløb;Poel Å;08-06-2005;1;Feltmålinger, Vandløb;Ja;Miljøstyrelsen;https://vanda.miljoeportal.dk/link/1960131b-2b8c-4176-9803-9d2a0e389c0a;FRB1348;32;700057;6208333;1;08-06-2005 09:55:00 +02:00;;Oxygen indhold; =;15,8;mg/l;3
Station;49000094;PØLE Å, Ns Alsønderup Enge;32;700057;6208333;Gribskov;Region Hovedstaden;Vandløb;Poel Å;11-12-2003;1;Feltmålinger, Vandløb;Ja;Miljøstyrelsen;https://vanda.miljoeportal.dk/link/d4492642-d4fb-48ef-82f6-1bd144f2f1ec;FRB1348;32;700057;6208333;1;11-12-2003 11:00:00 +01:00;;Temperatur; =;1,3;grader C;3
Station;49000094;PØLE Å, Ns Alsønderup Enge;32;700057;6208333;Gribskov;Region Hovedstaden;Vandløb;Poel Å;11-12-2003;1;Feltmålinger, Vandløb;Ja;Miljøstyrelsen;https://vanda.miljoeportal.dk/link/d4492642-d4fb-48ef-82f6-1bd144f2f1ec;FRB1348;32;700057;6208333;1;11-12-2003 11:00:00 +01:00;;Oxygenmætning; =;43;pct;3
Station;49000094;PØLE Å, Ns Alsønderup Enge;32;700057;6208333;Gribskov;Region Hovedstaden;Vandløb;Poel Å;11-12-2003;1;Feltmålinger, Vandløb;Ja;Miljøstyrelsen;https://vanda.miljoeportal.dk/link/d4492642-d4fb-48ef-82f6-1bd144f2f1ec;FRB1348;32;700057;6208333;1;11-12-2003 11:00:00 +01:00;;Oxygen indhold; =;5,9;mg/l;3
Station;49000094;PØLE Å, Ns Alsønderup Enge;32;700057;6208333;Gribskov;Region Hovedstaden;Vandløb;Poel Å;16-08-2006;1;Feltmålinger, Vandløb;Ja;Miljøstyrelsen;https://vanda.miljoeportal.dk/link/1a8fdad8-4d20-4876-bf23-7c7bda3e7795;FRB1348;32;700057;6208333;1;16-08-2006 11:05:00 +02:00;;Oxygen indhold; =;8;mg/l;2
Station;49000094;PØLE Å, Ns Alsønderup Enge;32;700057;6208333;Gribskov;Region Hovedstaden;Vandløb;Poel Å;27-11-2003;1;Feltmålinger, Vandløb;Ja;Miljøstyrelsen;https://vanda.miljoeportal.dk/link/3b387ca1-0d8c-4e6f-a701-4350e9567517;FRB1348;32;700057;6208333;1;27-11-2003 10:00:00 +01:00;;Temperatur; =;6,5;grader C;3
Station;49000094;PØLE Å, Ns Alsønderup Enge;32;700057;6208333;Gribskov;Region Hovedstaden;Vandløb;Poel Å;27-11-2003;1;Feltmålinger, Vandløb;Ja;Miljøstyrelsen;https://vanda.miljoeportal.dk/link/3b387ca1-0d8c-4e6f-a701-4350e9567517;FRB1348;32;700057;6208333;1;27-11-2003 10:00:00 +01:00;;Oxygen indhold; =;6;mg/l;3
Station;49000094;PØLE Å, Ns Alsønderup Enge;32;700057;6208333;Gribskov;Region Hovedstaden;Vandløb;Poel Å;13-11-2003;1;Feltmålinger, Vandløb;Ja;Miljøstyrelsen;https://vanda.miljoeportal.dk/link/ebf9ae7f-c5cd-482e-a539-3f0447bd3000;FRB1348;32;700057;6208333;1;13-11-2003 09:03:00 +01:00;;Oxygen indhold; =;6,7;mg/l;3
Station;49000094;PØLE Å, Ns Alsønderup Enge;32;700057;6208333;Gribskov;Region Hovedstaden;Vandløb;Poel Å;05-08-2010;1;Feltmålinger, Vandløb;Ja;Miljøstyrelsen;https://vanda.miljoeportal.dk/link/3225b34d-ba02-4860-9df0-401a034c8782;FRB1348;32;700057;6208333;1;05-08-2010 09:45:00 +02:00;;Temperatur; =;20,2;grader C;3
Station;49000094;PØLE Å, Ns Alsønderup Enge;32;700057;6208333;Gribskov;Region Hovedstaden;Vandløb;Poel Å;27-01-2014;1;Feltmålinger, Vandløb;Ja;Miljøstyrelsen;https://vanda.miljoeportal.dk/link/f4ef5faf-028f-44f9-b4dc-3ed6b9482127;FRB1348;32;700057;6208333;1;27-01-2014 08:55:00 +01:00;;Temperatur; =;0;grader C;3
Station;49000094;PØLE Å, Ns Alsønderup Enge;32;700057;6208333;Gribskov;Region Hovedstaden;Vandløb;Poel Å;13-11-2003;1;Feltmålinger, Vandløb;Ja;Miljøstyrelsen;https://vanda.miljoeportal.dk/link/ebf9ae7f-c5cd-482e-a539-3f0447bd3000;FRB1348;32;700057;6208333;1;13-11-2003 09:03:00 +01:00;;Oxygenmætning; =;48;pct;3
Station;49000094;PØLE Å, Ns Alsønderup Enge;32;700057;6208333;Gribskov;Region Hovedstaden;Vandløb;Poel Å;13-11-2003;1;Feltmålinger, Vandløb;Ja;Miljøstyrelsen;https://vanda.miljoeportal.dk/link/ebf9ae7f-c5cd-482e-a539-3f0447bd3000;FRB1348;32;700057;6208333;1;13-11-2003 09:03:00 +01:00;;Temperatur; =;2,9;grader C;3
Station;49000094;PØLE Å, Ns Alsønderup Enge;32;700057;6208333;Gribskov;Region Hovedstaden;Vandløb;Poel Å;30-10-2003;1;Feltmålinger, Vandløb;Ja;Miljøstyrelsen;https://vanda.miljoeportal.dk/link/e84292a3-e5a0-4bd2-900d-552793cd35c0;FRB1348;32;700057;6208333;1;30-10-2003 10:15:00 +01:00;;Oxygen indhold; =;6;mg/l;2
Station;49000094;PØLE Å, Ns Alsønderup Enge;32;700057;6208333;Gribskov;Region Hovedstaden;Vandløb;Poel Å;30-10-2003;1;Feltmålinger, Vandløb;Ja;Miljøstyrelsen;https://vanda.miljoeportal.dk/link/e84292a3-e5a0-4bd2-900d-552793cd35c0;FRB1348;32;700057;6208333;1;30-10-2003 10:15:00 +01:00;;Oxygenmætning; =;48;pct;2
Station;49000094;PØLE Å, Ns Alsønderup Enge;32;700057;6208333;Gribskov;Region Hovedstaden;Vandløb;Poel Å;30-10-2003;1;Feltmålinger, Vandløb;Ja;Miljøstyrelsen;https://vanda.miljoeportal.dk/link/e84292a3-e5a0-4bd2-900d-552793cd35c0;FRB1348;32;700057;6208333;1;30-10-2003 10:15:00 +01:00;;Temperatur; =;3,8;grader C;2
Station;49000094;PØLE Å, Ns Alsønderup Enge;32;700057;6208333;Gribskov;Region Hovedstaden;Vandløb;Poel Å;16-10-2003;1;Feltmålinger, Vandløb;Ja;Miljøstyrelsen;https://vanda.miljoeportal.dk/link/e0aeaca2-8d04-4311-99a1-5b88f6466bb6;FRB1348;32;700057;6208333;1;16-10-2003 08:40:00 +02:00;;Oxygen indhold; =;5,7;mg/l;3
Station;49000094;PØLE Å, Ns Alsønderup Enge;32;700057;6208333;Gribskov;Region Hovedstaden;Vandløb;Poel Å;16-10-2003;1;Feltmålinger, Vandløb;Ja;Miljøstyrelsen;https://vanda.miljoeportal.dk/link/e0aeaca2-8d04-4311-99a1-5b88f6466bb6;FRB1348;32;700057;6208333;1;16-10-2003 08:40:00 +02:00;;Oxygenmætning; =;46;pct;3
Station;49000094;PØLE Å, Ns Alsønderup Enge;32;700057;6208333;Gribskov;Region Hovedstaden;Vandløb;Poel Å;16-10-2003;1;Feltmålinger, Vandløb;Ja;Miljøstyrelsen;https://vanda.miljoeportal.dk/link/e0aeaca2-8d04-4311-99a1-5b88f6466bb6;FRB1348;32;700057;6208333;1;16-10-2003 08:40:00 +02:00;;Temperatur; =;5;grader C;3
Station;49000094;PØLE Å, Ns Alsønderup Enge;32;700057;6208333;Gribskov;Region Hovedstaden;Vandløb;Poel Å;02-10-2003;1;Feltmålinger, Vandløb;Ja;Miljøstyrelsen;https://vanda.miljoeportal.dk/link/9fd1ad79-057a-485b-b564-bb163f331420;FRB1348;32;700057;6208333;1;02-10-2003 09:35:00 +02:00;;Oxygenmætning; =;54;pct;3
Station;49000094;PØLE Å, Ns Alsønderup Enge;32;700057;6208333;Gribskov;Region Hovedstaden;Vandløb;Poel Å;02-10-2003;1;Feltmålinger, Vandløb;Ja;Miljøstyrelsen;https://vanda.miljoeportal.dk/link/9fd1ad79-057a-485b-b564-bb163f331420;FRB1348;32;700057;6208333;1;02-10-2003 09:35:00 +02:00;;Oxygen indhold; =;6,1;mg/l;3
Station;49000094;PØLE Å, Ns Alsønderup Enge;32;700057;6208333;Gribskov;Region Hovedstaden;Vandløb;Poel Å;18-09-2003;1;Feltmålinger, Vandløb;Ja;Miljøstyrelsen;https://vanda.miljoeportal.dk/link/316b6fb9-8932-412e-85b1-98f75e85bd93;FRB1348;32;700057;6208333;1;18-09-2003 09:04:00 +02:00;;Oxygenmætning; =;93;pct;3
Station;49000094;PØLE Å, Ns Alsønderup Enge;32;700057;6208333;Gribskov;Region Hovedstaden;Vandløb;Poel Å;18-09-2003;1;Feltmålinger, Vandløb;Ja;Miljøstyrelsen;https://vanda.miljoeportal.dk/link/316b6fb9-8932-412e-85b1-98f75e85bd93;FRB1348;32;700057;6208333;1;18-09-2003 09:04:00 +02:00;;Temperatur; =;16,3;grader C;3
Station;49000094;PØLE Å, Ns Alsønderup Enge;32;700057;6208333;Gribskov;Region Hovedstaden;Vandløb;Poel Å;04-09-2003;1;Feltmålinger, Vandløb;Ja;Miljøstyrelsen;https://vanda.miljoeportal.dk/link/c3de9a15-f1a1-4ead-965b-5b35514e7c8b;FRB1348;32;700057;6208333;1;04-09-2003 10:03:00 +02:00;;Temperatur; =;15,3;grader C;3
Station;49000094;PØLE Å, Ns Alsønderup Enge;32;700057;6208333;Gribskov;Region Hovedstaden;Vandløb;Poel Å;04-09-2003;1;Feltmålinger, Vandløb;Ja;Miljøstyrelsen;https://vanda.miljoeportal.dk/link/c3de9a15-f1a1-4ead-965b-5b35514e7c8b;FRB1348;32;700057;6208333;1;04-09-2003 10:03:00 +02:00;;Oxygen indhold; =;9,3;mg/l;3
Station;49000094;PØLE Å, Ns Alsønderup Enge;32;700057;6208333;Gribskov;Region Hovedstaden;Vandløb;Poel Å;04-09-2003;1;Feltmålinger, Vandløb;Ja;Miljøstyrelsen;https://vanda.miljoeportal.dk/link/c3de9a15-f1a1-4ead-965b-5b35514e7c8b;FRB1348;32;700057;6208333;1;04-09-2003 10:03:00 +02:00;;Oxygenmætning; =;92;pct;3
Station;49000094;PØLE Å, Ns Alsønderup Enge;32;700057;6208333;Gribskov;Region Hovedstaden;Vandløb;Poel Å;21-08-2003;1;Feltmålinger, Vandløb;Ja;Miljøstyrelsen;https://vanda.miljoeportal.dk/link/da3b729b-2b90-4fa6-b868-61729355bfea;FRB1348;32;700057;6208333;1;21-08-2003 11:33:00 +02:00;;Temperatur; =;18,6;grader C;3
Station;49000094;PØLE Å, Ns Alsønderup Enge;32;700057;6208333;Gribskov;Region Hovedstaden;Vandløb;Poel Å;21-08-2003;1;Feltmålinger, Vandløb;Ja;Miljøstyrelsen;https://vanda.miljoeportal.dk/link/da3b729b-2b90-4fa6-b868-61729355bfea;FRB1348;32;700057;6208333;1;21-08-2003 11:33:00 +02:00;;Oxygenmætning; =;79;pct;3
Station;49000094;PØLE Å, Ns Alsønderup Enge;32;700057;6208333;Gribskov;Region Hovedstaden;Vandløb;Poel Å;21-08-2003;1;Feltmålinger, Vandløb;Ja;Miljøstyrelsen;https://vanda.miljoeportal.dk/link/da3b729b-2b90-4fa6-b868-61729355bfea;FRB1348;32;700057;6208333;1;21-08-2003 11:33:00 +02:00;;Oxygen indhold; =;7,5;mg/l;3
Station;49000094;PØLE Å, Ns Alsønderup Enge;32;700057;6208333;Gribskov;Region Hovedstaden;Vandløb;Poel Å;07-08-2003;1;Feltmålinger, Vandløb;Ja;Miljøstyrelsen;https://vanda.miljoeportal.dk/link/763ef2d7-27ec-4d97-8ab6-419fd3bb5178;FRB1348;32;700057;6208333;1;07-08-2003 10:15:00 +02:00;;Temperatur; =;22,2;grader C;2
Station;49000094;PØLE Å, Ns Alsønderup Enge;32;700057;6208333;Gribskov;Region Hovedstaden;Vandløb;Poel Å;07-08-2003;1;Feltmålinger, Vandløb;Ja;Miljøstyrelsen;https://vanda.miljoeportal.dk/link/763ef2d7-27ec-4d97-8ab6-419fd3bb5178;FRB1348;32;700057;6208333;1;07-08-2003 10:15:00 +02:00;;Oxygen indhold; =;9,3;mg/l;2
Station;49000094;PØLE Å, Ns Alsønderup Enge;32;700057;6208333;Gribskov;Region Hovedstaden;Vandløb;Poel Å;24-07-2003;1;Feltmålinger, Vandløb;Ja;Miljøstyrelsen;https://vanda.miljoeportal.dk/link/34066e45-fe55-4107-b662-3d0cb44d60bf;FRB1348;32;700057;6208333;1;24-07-2003 10:22:00 +02:00;;Oxygenmætning; =;69;pct;2
Station;49000094;PØLE Å, Ns Alsønderup Enge;32;700057;6208333;Gribskov;Region Hovedstaden;Vandløb;Poel Å;24-07-2003;1;Feltmålinger, Vandløb;Ja;Miljøstyrelsen;https://vanda.miljoeportal.dk/link/34066e45-fe55-4107-b662-3d0cb44d60bf;FRB1348;32;700057;6208333;1;24-07-2003 10:22:00 +02:00;;Temperatur; =;22,9;grader C;2
Station;49000094;PØLE Å, Ns Alsønderup Enge;32;700057;6208333;Gribskov;Region Hovedstaden;Vandløb;Poel Å;10-07-2003;1;Feltmålinger, Vandløb;Ja;Miljøstyrelsen;https://vanda.miljoeportal.dk/link/52ed57a0-88cc-4e14-bf4d-9dc1107cbc9f;FRB1348;32;700057;6208333;1;10-07-2003 10:45:00 +02:00;;Oxygen indhold; =;4,6;mg/l;3
Station;49000094;PØLE Å, Ns Alsønderup Enge;32;700057;6208333;Gribskov;Region Hovedstaden;Vandløb;Poel Å;10-07-2003;1;Feltmålinger, Vandløb;Ja;Miljøstyrelsen;https://vanda.miljoeportal.dk/link/52ed57a0-88cc-4e14-bf4d-9dc1107cbc9f;FRB1348;32;700057;6208333;1;10-07-2003 10:45:00 +02:00;;Oxygenmætning; =;51;pct;3
Station;49000094;PØLE Å, Ns Alsønderup Enge;32;700057;6208333;Gribskov;Region Hovedstaden;Vandløb;Poel Å;10-07-2003;1;Feltmålinger, Vandløb;Ja;Miljøstyrelsen;https://vanda.miljoeportal.dk/link/52ed57a0-88cc-4e14-bf4d-9dc1107cbc9f;FRB1348;32;700057;6208333;1;10-07-2003 10:45:00 +02:00;;Temperatur; =;20,4;grader C;3
Station;49000094;PØLE Å, Ns Alsønderup Enge;32;700057;6208333;Gribskov;Region Hovedstaden;Vandløb;Poel Å;26-06-2003;1;Feltmålinger, Vandløb;Ja;Miljøstyrelsen;https://vanda.miljoeportal.dk/link/403b0aaf-7712-49bd-8690-2f5c2e511444;FRB1348;32;700057;6208333;1;26-06-2003 11:10:00 +02:00;;Temperatur; =;19,8;grader C;3
Station;49000094;PØLE Å, Ns Alsønderup Enge;32;700057;6208333;Gribskov;Region Hovedstaden;Vandløb;Poel Å;23-10-2012;1;Feltmålinger, Vandløb;Ja;Miljøstyrelsen;https://vanda.miljoeportal.dk/link/99a0ea7c-1969-442b-be90-c321eafeafd0;FRB1348;32;700057;6208333;1;23-10-2012 08:25:00 +02:00;;Temperatur; =;10,4;grader C;3
Station;49000094;PØLE Å, Ns Alsønderup Enge;32;700057;6208333;Gribskov;Region Hovedstaden;Vandløb;Poel Å;26-06-2003;1;Feltmålinger, Vandløb;Ja;Miljøstyrelsen;https://vanda.miljoeportal.dk/link/403b0aaf-7712-49bd-8690-2f5c2e511444;FRB1348;32;700057;6208333;1;26-06-2003 11:10:00 +02:00;;Oxygenmætning; =;155;pct;3
Station;49000094;PØLE Å, Ns Alsønderup Enge;32;700057;6208333;Gribskov;Region Hovedstaden;Vandløb;Poel Å;26-06-2003;1;Feltmålinger, Vandløb;Ja;Miljøstyrelsen;https://vanda.miljoeportal.dk/link/403b0aaf-7712-49bd-8690-2f5c2e511444;FRB1348;32;700057;6208333;1;26-06-2003 11:10:00 +02:00;;Oxygen indhold; =;14,6;mg/l;3
Station;49000094;PØLE Å, Ns Alsønderup Enge;32;700057;6208333;Gribskov;Region Hovedstaden;Vandløb;Poel Å;12-06-2003;1;Feltmålinger, Vandløb;Ja;Miljøstyrelsen;https://vanda.miljoeportal.dk/link/da99187b-2ee5-4155-96a6-34966e88d375;FRB1348;32;700057;6208333;1;12-06-2003 12:27:00 +02:00;;Oxygen indhold; =;8,1;mg/l;3
Station;49000094;PØLE Å, Ns Alsønderup Enge;32;700057;6208333;Gribskov;Region Hovedstaden;Vandløb;Poel Å;28-05-2003;1;Feltmålinger, Vandløb;Ja;Miljøstyrelsen;https://vanda.miljoeportal.dk/link/ddb04fdf-5e96-4341-bb87-f4b39aca0f36;FRB1348;32;700057;6208333;1;28-05-2003 09:25:00 +02:00;;Oxygen indhold; =;14;mg/l;3
Station;49000094;PØLE Å, Ns Alsønderup Enge;32;700057;6208333;Gribskov;Region Hovedstaden;Vandløb;Poel Å;28-05-2003;1;Feltmålinger, Vandløb;Ja;Miljøstyrelsen;https://vanda.miljoeportal.dk/link/ddb04fdf-5e96-4341-bb87-f4b39aca0f36;FRB1348;32;700057;6208333;1;28-05-2003 09:25:00 +02:00;;Temperatur; =;15,3;grader C;3
Station;49000094;PØLE Å, Ns Alsønderup Enge;32;700057;6208333;Gribskov;Region Hovedstaden;Vandløb;Poel Å;28-05-2003;1;Feltmålinger, Vandløb;Ja;Miljøstyrelsen;https://vanda.miljoeportal.dk/link/ddb04fdf-5e96-4341-bb87-f4b39aca0f36;FRB1348;32;700057;6208333;1;28-05-2003 09:25:00 +02:00;;Oxygenmætning; =;143;pct;3
Station;49000094;PØLE Å, Ns Alsønderup Enge;32;700057;6208333;Gribskov;Region Hovedstaden;Vandløb;Poel Å;15-05-2003;1;Feltmålinger, Vandløb;Ja;Miljøstyrelsen;https://vanda.miljoeportal.dk/link/f30d9b4c-94e6-4e9f-84ef-7441b2b6176d;FRB1348;32;700057;6208333;1;15-05-2003 10:20:00 +02:00;;Oxygenmætning; =;83;pct;3
Station;49000094;PØLE Å, Ns Alsønderup Enge;32;700057;6208333;Gribskov;Region Hovedstaden;Vandløb;Poel Å;01-05-2003;1;Feltmålinger, Vandløb;Ja;Miljøstyrelsen;https://vanda.miljoeportal.dk/link/2ce2170c-aaea-44f9-9aef-c42f1377cdc5;FRB1348;32;700057;6208333;1;01-05-2003 09:35:00 +02:00;;Temperatur; =;13,1;grader C;3
Station;49000094;PØLE Å, Ns Alsønderup Enge;32;700057;6208333;Gribskov;Region Hovedstaden;Vandløb;Poel Å;13-09-2006;1;Feltmålinger, Vandløb;Ja;Miljøstyrelsen;https://vanda.miljoeportal.dk/link/8dee955d-1a64-4d74-9c47-6cf4b0e014bb;FRB1348;32;700057;6208333;1;13-09-2006 10:00:00 +02:00;;Temperatur; =;17;grader C;2
Station;49000094;PØLE Å, Ns Alsønderup Enge;32;700057;6208333;Gribskov;Region Hovedstaden;Vandløb;Poel Å;22-05-2013;1;Feltmålinger, Vandløb;Ja;Miljøstyrelsen;https://vanda.miljoeportal.dk/link/6a8864c7-e210-43b2-9a45-7fc8b10e9191;FRB1348;32;700057;6208333;1;22-05-2013 08:20:00 +02:00;;Temperatur; =;16,8;grader C;3
Station;49000094;PØLE Å, Ns Alsønderup Enge;32;700057;6208333;Gribskov;Region Hovedstaden;Vandløb;Poel Å;24-11-2009;1;Feltmålinger, Vandløb;Ja;Miljøstyrelsen;https://vanda.miljoeportal.dk/link/e57e4a01-e5ba-4532-8ee1-9df29e81a1a5;FRB1348;32;700057;6208333;1;24-11-2009 08:35:00 +01:00;;Temperatur; =;7,3;grader C;3
Station;49000094;PØLE Å, Ns Alsønderup Enge;32;700057;6208333;Gribskov;Region Hovedstaden;Vandløb;Poel Å;01-05-2003;1;Feltmålinger, Vandløb;Ja;Miljøstyrelsen;https://vanda.miljoeportal.dk/link/2ce2170c-aaea-44f9-9aef-c42f1377cdc5;FRB1348;32;700057;6208333;1;01-05-2003 09:35:00 +02:00;;Oxygenmætning; =;77;pct;3
Station;49000094;PØLE Å, Ns Alsønderup Enge;32;700057;6208333;Gribskov;Region Hovedstaden;Vandløb;Poel Å;16-04-2003;1;Feltmålinger, Vandløb;Ja;Miljøstyrelsen;https://vanda.miljoeportal.dk/link/f17aec34-4bb8-47c0-bbb1-dc3aa3fe3c3f;FRB1348;32;700057;6208333;1;16-04-2003 11:10:00 +02:00;;Temperatur; =;10,2;grader C;3
Station;49000094;PØLE Å, Ns Alsønderup Enge;32;700057;6208333;Gribskov;Region Hovedstaden;Vandløb;Poel Å;03-04-2003;1;Feltmålinger, Vandløb;Ja;Miljøstyrelsen;https://vanda.miljoeportal.dk/link/6c1094d7-6dcb-4bca-9734-aa3947186776;FRB1348;32;700057;6208333;1;03-04-2003 12:10:00 +02:00;;Oxygen indhold; =;11,8;mg/l;3
Station;49000094;PØLE Å, Ns Alsønderup Enge;32;700057;6208333;Gribskov;Region Hovedstaden;Vandløb;Poel Å;03-04-2003;1;Feltmålinger, Vandløb;Ja;Miljøstyrelsen;https://vanda.miljoeportal.dk/link/6c1094d7-6dcb-4bca-9734-aa3947186776;FRB1348;32;700057;6208333;1;03-04-2003 12:10:00 +02:00;;Temperatur; =;8;grader C;3
Station;49000094;PØLE Å, Ns Alsønderup Enge;32;700057;6208333;Gribskov;Region Hovedstaden;Vandløb;Poel Å;20-03-2003;1;Feltmålinger, Vandløb;Ja;Miljøstyrelsen;https://vanda.miljoeportal.dk/link/491646c5-1917-4ea4-929d-f6bee1c53d59;FRB1348;32;700057;6208333;1;20-03-2003 10:30:00 +01:00;;Oxygenmætning; =;121;pct;3
Station;49000094;PØLE Å, Ns Alsønderup Enge;32;700057;6208333;Gribskov;Region Hovedstaden;Vandløb;Poel Å;11-03-2014;1;Feltmålinger, Vandløb;Ja;Miljøstyrelsen;https://vanda.miljoeportal.dk/link/ff4489e9-ba5e-46fc-847e-f06c2d72a51e;FRB1348;32;700057;6208333;1;11-03-2014 08:30:00 +01:00;;pH; =;8,4;pH;3
Station;49000094;PØLE Å, Ns Alsønderup Enge;32;700057;6208333;Gribskov;Region Hovedstaden;Vandløb;Poel Å;20-03-2003;1;Feltmålinger, Vandløb;Ja;Miljøstyrelsen;https://vanda.miljoeportal.dk/link/491646c5-1917-4ea4-929d-f6bee1c53d59;FRB1348;32;700057;6208333;1;20-03-2003 10:30:00 +01:00;;Oxygen indhold; =;15,6;mg/l;3
Station;49000094;PØLE Å, Ns Alsønderup Enge;32;700057;6208333;Gribskov;Region Hovedstaden;Vandløb;Poel Å;06-03-2003;1;Feltmålinger, Vandløb;Ja;Miljøstyrelsen;https://vanda.miljoeportal.dk/link/8c34814b-eac9-45d9-a6d7-21b625b890f4;FRB1348;32;700057;6208333;1;06-03-2003 11:50:00 +01:00;;Oxygenmætning; =;75;pct;3
Station;49000094;PØLE Å, Ns Alsønderup Enge;32;700057;6208333;Gribskov;Region Hovedstaden;Vandløb;Poel Å;06-03-2003;1;Feltmålinger, Vandløb;Ja;Miljøstyrelsen;https://vanda.miljoeportal.dk/link/8c34814b-eac9-45d9-a6d7-21b625b890f4;FRB1348;32;700057;6208333;1;06-03-2003 11:50:00 +01:00;;Temperatur; =;3,5;grader C;3
Station;49000094;PØLE Å, Ns Alsønderup Enge;32;700057;6208333;Gribskov;Region Hovedstaden;Vandløb;Poel Å;20-02-2003;1;Feltmålinger, Vandløb;Ja;Miljøstyrelsen;https://vanda.miljoeportal.dk/link/1661d39e-131c-4f1a-a465-7aa452c0667c;FRB1348;32;700057;6208333;1;20-02-2003 11:00:00 +01:00;;Temperatur; =;3,2;grader C;3
Station;49000094;PØLE Å, Ns Alsønderup Enge;32;700057;6208333;Gribskov;Region Hovedstaden;Vandløb;Poel Å;06-02-2003;1;Feltmålinger, Vandløb;Ja;Miljøstyrelsen;https://vanda.miljoeportal.dk/link/7cd12a6a-5b33-454a-b9f7-da87064d89bf;FRB1348;32;700057;6208333;1;06-02-2003 09:45:00 +01:00;;Temperatur; =;1,5;grader C;3
Station;49000094;PØLE Å, Ns Alsønderup Enge;32;700057;6208333;Gribskov;Region Hovedstaden;Vandløb;Poel Å;06-02-2003;1;Feltmålinger, Vandløb;Ja;Miljøstyrelsen;https://vanda.miljoeportal.dk/link/7cd12a6a-5b33-454a-b9f7-da87064d89bf;FRB1348;32;700057;6208333;1;06-02-2003 09:45:00 +01:00;;Oxygenmætning; =;69;pct;3
Station;49000094;PØLE Å, Ns Alsønderup Enge;32;700057;6208333;Gribskov;Region Hovedstaden;Vandløb;Poel Å;16-01-2003;1;Feltmålinger, Vandløb;Ja;Miljøstyrelsen;https://vanda.miljoeportal.dk/link/13abb60b-29cc-4da8-a31d-882b2741b33d;FRB1348;32;700057;6208333;1;16-01-2003 10:50:00 +01:00;;Oxygenmætning; =;43,9;pct;3
Station;49000094;PØLE Å, Ns Alsønderup Enge;32;700057;6208333;Gribskov;Region Hovedstaden;Vandløb;Poel Å;22-03-2011;1;Feltmålinger, Vandløb;Ja;Miljøstyrelsen;https://vanda.miljoeportal.dk/link/de8930eb-8eda-45ad-914a-39023324b163;FRB1348;32;700057;6208333;1;22-03-2011 09:30:00 +01:00;;Temperatur; =;6,8;grader C;3
Station;49000094;PØLE Å, Ns Alsønderup Enge;32;700057;6208333;Gribskov;Region Hovedstaden;Vandløb;Poel Å;05-01-2005;1;Feltmålinger, Vandløb;Ja;Miljøstyrelsen;https://vanda.miljoeportal.dk/link/c3c65597-1e8e-454b-a10a-cf623aff108c;FRB1348;32;700057;6208333;1;05-01-2005 10:10:00 +01:00;;Oxygenmætning; =;92;pct;3
Station;49000094;PØLE Å, Ns Alsønderup Enge;32;700057;6208333;Gribskov;Region Hovedstaden;Vandløb;Poel Å;16-01-2003;1;Feltmålinger, Vandløb;Ja;Miljøstyrelsen;https://vanda.miljoeportal.dk/link/13abb60b-29cc-4da8-a31d-882b2741b33d;FRB1348;32;700057;6208333;1;16-01-2003 10:50:00 +01:00;;Oxygen indhold; =;6,3;mg/l;3
Station;49000094;PØLE Å, Ns Alsønderup Enge;32;700057;6208333;Gribskov;Region Hovedstaden;Vandløb;Poel Å;23-11-2010;1;Feltmålinger, Vandløb;Ja;Miljøstyrelsen;https://vanda.miljoeportal.dk/link/76dd108f-c0af-4c17-ad55-97b18e7ae774;FRB1348;32;700057;6208333;1;23-11-2010 08:50:00 +01:00;;Temperatur; =;3,4;grader C;3
Station;49000094;PØLE Å, Ns Alsønderup Enge;32;700057;6208333;Gribskov;Region Hovedstaden;Vandløb;Poel Å;25-01-2011;1;Feltmålinger, Vandløb;Ja;Miljøstyrelsen;https://vanda.miljoeportal.dk/link/9d9df883-275e-4cf9-b593-5258765e56f9;FRB1348;32;700057;6208333;1;25-01-2011 08:40:00 +01:00;;Temperatur; =;1,9;grader C;3
Station;49000094;PØLE Å, Ns Alsønderup Enge;32;700057;6208333;Gribskov;Region Hovedstaden;Vandløb;Poel Å;16-01-2003;1;Feltmålinger, Vandløb;Ja;Miljøstyrelsen;https://vanda.miljoeportal.dk/link/13abb60b-29cc-4da8-a31d-882b2741b33d;FRB1348;32;700057;6208333;1;16-01-2003 10:50:00 +01:00;;Temperatur; =;1,7;grader C;3
Station;49000094;PØLE Å, Ns Alsønderup Enge;32;700057;6208333;Gribskov;Region Hovedstaden;Vandløb;Poel Å;19-12-2002;1;Feltmålinger, Vandløb;Ja;Miljøstyrelsen;https://vanda.miljoeportal.dk/link/4c17918c-1b65-4ee6-aaa9-8cea162d7ed9;FRB1348;32;700057;6208333;1;19-12-2002 10:00:00 +01:00;;Oxygenmætning; =;104;pct;3
Station;49000094;PØLE Å, Ns Alsønderup Enge;32;700057;6208333;Gribskov;Region Hovedstaden;Vandløb;Poel Å;05-12-2002;1;Feltmålinger, Vandløb;Ja;Miljøstyrelsen;https://vanda.miljoeportal.dk/link/dd014a76-27ef-47c0-9350-f901b59e1562;FRB1348;32;700057;6208333;1;05-12-2002 10:40:00 +01:00;;Temperatur; =;3,1;grader C;3
Station;49000094;PØLE Å, Ns Alsønderup Enge;32;700057;6208333;Gribskov;Region Hovedstaden;Vandløb;Poel Å;05-12-2002;1;Feltmålinger, Vandløb;Ja;Miljøstyrelsen;https://vanda.miljoeportal.dk/link/dd014a76-27ef-47c0-9350-f901b59e1562;FRB1348;32;700057;6208333;1;05-12-2002 10:40:00 +01:00;;Oxygen indhold; =;12,1;mg/l;3
Station;49000094;PØLE Å, Ns Alsønderup Enge;32;700057;6208333;Gribskov;Region Hovedstaden;Vandløb;Poel Å;19-12-2006;1;Feltmålinger, Vandløb;Ja;Miljøstyrelsen;https://vanda.miljoeportal.dk/link/90757d8c-4e4b-4727-b576-9e5c42635af5;FRB1348;32;700057;6208333;1;19-12-2006 09:15:00 +01:00;;Oxygenmætning; =;82;pct;2
Station;49000094;PØLE Å, Ns Alsønderup Enge;32;700057;6208333;Gribskov;Region Hovedstaden;Vandløb;Poel Å;05-12-2002;1;Feltmålinger, Vandløb;Ja;Miljøstyrelsen;https://vanda.miljoeportal.dk/link/dd014a76-27ef-47c0-9350-f901b59e1562;FRB1348;32;700057;6208333;1;05-12-2002 10:40:00 +01:00;;Oxygenmætning; =;90;pct;3
Station;49000094;PØLE Å, Ns Alsønderup Enge;32;700057;6208333;Gribskov;Region Hovedstaden;Vandløb;Poel Å;21-11-2002;1;Feltmålinger, Vandløb;Ja;Miljøstyrelsen;https://vanda.miljoeportal.dk/link/006cd7d1-1ca7-4f4f-9b9e-430ed5b719cd;FRB1348;32;700057;6208333;1;21-11-2002 10:50:00 +01:00;;Temperatur; =;3;grader C;3
Station;49000094;PØLE Å, Ns Alsønderup Enge;32;700057;6208333;Gribskov;Region Hovedstaden;Vandløb;Poel Å;21-11-2002;1;Feltmålinger, Vandløb;Ja;Miljøstyrelsen;https://vanda.miljoeportal.dk/link/006cd7d1-1ca7-4f4f-9b9e-430ed5b719cd;FRB1348;32;700057;6208333;1;21-11-2002 10:50:00 +01:00;;Oxygen indhold; =;10,6;mg/l;3
Station;49000094;PØLE Å, Ns Alsønderup Enge;32;700057;6208333;Gribskov;Region Hovedstaden;Vandløb;Poel Å;17-11-2004;1;Feltmålinger, Vandløb;Ja;Miljøstyrelsen;https://vanda.miljoeportal.dk/link/23a08c56-238d-4de7-b129-595afc9ef5d6;FRB1348;32;700057;6208333;1;17-11-2004 09:30:00 +01:00;;Oxygenmætning; =;85;pct;3
Station;49000094;PØLE Å, Ns Alsønderup Enge;32;700057;6208333;Gribskov;Region Hovedstaden;Vandløb;Poel Å;25-08-2014;1;Feltmålinger, Vandløb;Ja;Miljøstyrelsen;https://vanda.miljoeportal.dk/link/47a15b1d-b000-4363-9b0d-99822be6dd5e;FRB1348;32;700057;6208333;1;25-08-2014 09:30:00 +02:00;;pH; =;8,5;pH;3
Station;49000094;PØLE Å, Ns Alsønderup Enge;32;700057;6208333;Gribskov;Region Hovedstaden;Vandløb;Poel Å;21-11-2002;1;Feltmålinger, Vandløb;Ja;Miljøstyrelsen;https://vanda.miljoeportal.dk/link/006cd7d1-1ca7-4f4f-9b9e-430ed5b719cd;FRB1348;32;700057;6208333;1;21-11-2002 10:50:00 +01:00;;Oxygenmætning; =;79;pct;3
Station;49000094;PØLE Å, Ns Alsønderup Enge;32;700057;6208333;Gribskov;Region Hovedstaden;Vandløb;Poel Å;07-11-2002;1;Feltmålinger, Vandløb;Ja;Miljøstyrelsen;https://vanda.miljoeportal.dk/link/67f47ad1-ed0b-4e1f-a982-ba75440f326f;FRB1348;32;700057;6208333;1;07-11-2002 09:50:00 +01:00;;Oxygen indhold; =;14,2;mg/l;3
Station;49000094;PØLE Å, Ns Alsønderup Enge;32;700057;6208333;Gribskov;Region Hovedstaden;Vandløb;Poel Å;07-11-2002;1;Feltmålinger, Vandløb;Ja;Miljøstyrelsen;https://vanda.miljoeportal.dk/link/67f47ad1-ed0b-4e1f-a982-ba75440f326f;FRB1348;32;700057;6208333;1;07-11-2002 09:50:00 +01:00;;Temperatur; =;1,8;grader C;3
Station;49000094;PØLE Å, Ns Alsønderup Enge;32;700057;6208333;Gribskov;Region Hovedstaden;Vandløb;Poel Å;24-10-2002;1;Feltmålinger, Vandløb;Ja;Miljøstyrelsen;https://vanda.miljoeportal.dk/link/b0265b1b-89d9-49a5-bc84-466456876196;FRB1348;32;700057;6208333;1;24-10-2002 09:25:00 +02:00;;Temperatur; =;6,8;grader C;3
Station;49000094;PØLE Å, Ns Alsønderup Enge;32;700057;6208333;Gribskov;Region Hovedstaden;Vandløb;Poel Å;24-10-2002;1;Feltmålinger, Vandløb;Ja;Miljøstyrelsen;https://vanda.miljoeportal.dk/link/b0265b1b-89d9-49a5-bc84-466456876196;FRB1348;32;700057;6208333;1;24-10-2002 09:25:00 +02:00;;Oxygen indhold; =;12,3;mg/l;3
Station;49000094;PØLE Å, Ns Alsønderup Enge;32;700057;6208333;Gribskov;Region Hovedstaden;Vandløb;Poel Å;10-10-2002;1;Feltmålinger, Vandløb;Ja;Miljøstyrelsen;https://vanda.miljoeportal.dk/link/a8e20d9a-f61b-45b4-85b9-8f866200346e;FRB1348;32;700057;6208333;1;10-10-2002 09:50:00 +02:00;;Temperatur; =;7,1;grader C;3
Station;49000094;PØLE Å, Ns Alsønderup Enge;32;700057;6208333;Gribskov;Region Hovedstaden;Vandløb;Poel Å;28-09-2005;1;Feltmålinger, Vandløb;Ja;Miljøstyrelsen;https://vanda.miljoeportal.dk/link/87bf789d-3549-42ba-a123-b62b048bdee9;FRB1348;32;700057;6208333;1;28-09-2005 09:55:00 +02:00;;Temperatur; =;14,8;grader C;3
Station;49000094;PØLE Å, Ns Alsønderup Enge;32;700057;6208333;Gribskov;Region Hovedstaden;Vandløb;Poel Å;10-10-2002;1;Feltmålinger, Vandløb;Ja;Miljøstyrelsen;https://vanda.miljoeportal.dk/link/a8e20d9a-f61b-45b4-85b9-8f866200346e;FRB1348;32;700057;6208333;1;10-10-2002 09:50:00 +02:00;;Oxygenmætning; =;128;pct;3
Station;49000094;PØLE Å, Ns Alsønderup Enge;32;700057;6208333;Gribskov;Region Hovedstaden;Vandløb;Poel Å;08-05-2012;1;Feltmålinger, Vandløb;Ja;Miljøstyrelsen;https://vanda.miljoeportal.dk/link/d3ccc100-1a9d-4dae-9d4f-5a05b5061f1b;FRB1348;32;700057;6208333;1;08-05-2012 08:10:00 +02:00;;Temperatur; =;11,5;grader C;3
Station;49000094;PØLE Å, Ns Alsønderup Enge;32;700057;6208333;Gribskov;Region Hovedstaden;Vandløb;Poel Å;26-09-2002;1;Feltmålinger, Vandløb;Ja;Miljøstyrelsen;https://vanda.miljoeportal.dk/link/f0c495f7-e1c1-4d8b-8fe5-fa3aa446750c;FRB1348;32;700057;6208333;1;26-09-2002 09:05:00 +02:00;;Oxygenmætning; =;69;pct;3
Station;49000094;PØLE Å, Ns Alsønderup Enge;32;700057;6208333;Gribskov;Region Hovedstaden;Vandløb;Poel Å;26-09-2002;1;Feltmålinger, Vandløb;Ja;Miljøstyrelsen;https://vanda.miljoeportal.dk/link/f0c495f7-e1c1-4d8b-8fe5-fa3aa446750c;FRB1348;32;700057;6208333;1;26-09-2002 09:05:00 +02:00;;Temperatur; =;12,7;grader C;3
Station;49000094;PØLE Å, Ns Alsønderup Enge;32;700057;6208333;Gribskov;Region Hovedstaden;Vandløb;Poel Å;26-09-2002;1;Feltmålinger, Vandløb;Ja;Miljøstyrelsen;https://vanda.miljoeportal.dk/link/f0c495f7-e1c1-4d8b-8fe5-fa3aa446750c;FRB1348;32;700057;6208333;1;26-09-2002 09:05:00 +02:00;;Oxygen indhold; =;7,2;mg/l;3
Station;49000094;PØLE Å, Ns Alsønderup Enge;32;700057;6208333;Gribskov;Region Hovedstaden;Vandløb;Poel Å;12-09-2002;1;Feltmålinger, Vandløb;Ja;Miljøstyrelsen;https://vanda.miljoeportal.dk/link/80eaab1a-17f1-4794-bca3-852e06b8a17f;FRB1348;32;700057;6208333;1;12-09-2002 11:10:00 +02:00;;Temperatur; =;20,3;grader C;3
Station;49000094;PØLE Å, Ns Alsønderup Enge;32;700057;6208333;Gribskov;Region Hovedstaden;Vandløb;Poel Å;12-09-2002;1;Feltmålinger, Vandløb;Ja;Miljøstyrelsen;https://vanda.miljoeportal.dk/link/80eaab1a-17f1-4794-bca3-852e06b8a17f;FRB1348;32;700057;6208333;1;12-09-2002 11:10:00 +02:00;;Oxygenmætning; =;128;pct;3
Station;49000094;PØLE Å, Ns Alsønderup Enge;32;700057;6208333;Gribskov;Region Hovedstaden;Vandløb;Poel Å;12-09-2002;1;Feltmålinger, Vandløb;Ja;Miljøstyrelsen;https://vanda.miljoeportal.dk/link/80eaab1a-17f1-4794-bca3-852e06b8a17f;FRB1348;32;700057;6208333;1;12-09-2002 11:10:00 +02:00;;Oxygen indhold; =;11,7;mg/l;3
Station;49000094;PØLE Å, Ns Alsønderup Enge;32;700057;6208333;Gribskov;Region Hovedstaden;Vandløb;Poel Å;29-08-2002;1;Feltmålinger, Vandløb;Ja;Miljøstyrelsen;https://vanda.miljoeportal.dk/link/f825dd13-0e2f-45c9-8281-4b2c2e593f6c;FRB1348;32;700057;6208333;1;29-08-2002 09:50:00 +02:00;;Temperatur; =;21,5;grader C;2
Station;49000094;PØLE Å, Ns Alsønderup Enge;32;700057;6208333;Gribskov;Region Hovedstaden;Vandløb;Poel Å;29-08-2002;1;Feltmålinger, Vandløb;Ja;Miljøstyrelsen;https://vanda.miljoeportal.dk/link/f825dd13-0e2f-45c9-8281-4b2c2e593f6c;FRB1348;32;700057;6208333;1;29-08-2002 09:50:00 +02:00;;Oxygen indhold; =;6,5;mg/l;2
Station;49000094;PØLE Å, Ns Alsønderup Enge;32;700057;6208333;Gribskov;Region Hovedstaden;Vandløb;Poel Å;13-04-2010;1;Feltmålinger, Vandløb;Ja;Miljøstyrelsen;https://vanda.miljoeportal.dk/link/27b6e0a1-a0d3-4fe6-92d7-fd2a2ea9d711;FRB1348;32;700057;6208333;1;13-04-2010 08:50:00 +02:00;;Temperatur; =;9,4;grader C;3
Station;49000094;PØLE Å, Ns Alsønderup Enge;32;700057;6208333;Gribskov;Region Hovedstaden;Vandløb;Poel Å;15-08-2002;1;Feltmålinger, Vandløb;Ja;Miljøstyrelsen;https://vanda.miljoeportal.dk/link/56f86d8a-6d7e-406e-a2f0-0853be77f88d;FRB1348;32;700057;6208333;1;15-08-2002 10:20:00 +02:00;;Temperatur; =;21,3;grader C;2
Station;49000094;PØLE Å, Ns Alsønderup Enge;32;700057;6208333;Gribskov;Region Hovedstaden;Vandløb;Poel Å;01-08-2002;1;Feltmålinger, Vandløb;Ja;Miljøstyrelsen;https://vanda.miljoeportal.dk/link/049a2d29-59c3-4839-a774-13e24e6a2007;FRB1348;32;700057;6208333;1;01-08-2002 08:55:00 +02:00;;Oxygen indhold; =;6,9;mg/l;2
Station;49000094;PØLE Å, Ns Alsønderup Enge;32;700057;6208333;Gribskov;Region Hovedstaden;Vandløb;Poel Å;01-08-2002;1;Feltmålinger, Vandløb;Ja;Miljøstyrelsen;https://vanda.miljoeportal.dk/link/049a2d29-59c3-4839-a774-13e24e6a2007;FRB1348;32;700057;6208333;1;01-08-2002 08:55:00 +02:00;;Temperatur; =;23,2;grader C;2
Station;49000094;PØLE Å, Ns Alsønderup Enge;32;700057;6208333;Gribskov;Region Hovedstaden;Vandløb;Poel Å;01-08-2002;1;Feltmålinger, Vandløb;Ja;Miljøstyrelsen;https://vanda.miljoeportal.dk/link/049a2d29-59c3-4839-a774-13e24e6a2007;FRB1348;32;700057;6208333;1;01-08-2002 08:55:00 +02:00;;Oxygenmætning; =;81;pct;2
Station;49000094;PØLE Å, Ns Alsønderup Enge;32;700057;6208333;Gribskov;Region Hovedstaden;Vandløb;Poel Å;18-07-2002;1;Feltmålinger, Vandløb;Ja;Miljøstyrelsen;https://vanda.miljoeportal.dk/link/f37974b5-d5f0-4aa6-abb2-fb19af87a6f8;FRB1348;32;700057;6208333;1;18-07-2002 07:55:00 +02:00;;Oxygenmætning; =;66;pct;2
Station;49000094;PØLE Å, Ns Alsønderup Enge;32;700057;6208333;Gribskov;Region Hovedstaden;Vandløb;Poel Å;22-09-2004;1;Feltmålinger, Vandløb;Ja;Miljøstyrelsen;https://vanda.miljoeportal.dk/link/a26e2a42-2a64-4a78-9ea3-182df0faad99;FRB1348;32;700057;6208333;1;22-09-2004 10:20:00 +02:00;;Oxygenmætning; =;84;pct;3
Station;49000094;PØLE Å, Ns Alsønderup Enge;32;700057;6208333;Gribskov;Region Hovedstaden;Vandløb;Poel Å;18-07-2002;1;Feltmålinger, Vandløb;Ja;Miljøstyrelsen;https://vanda.miljoeportal.dk/link/f37974b5-d5f0-4aa6-abb2-fb19af87a6f8;FRB1348;32;700057;6208333;1;18-07-2002 07:55:00 +02:00;;Temperatur; =;22,6;grader C;2
Station;49000094;PØLE Å, Ns Alsønderup Enge;32;700057;6208333;Gribskov;Region Hovedstaden;Vandløb;Poel Å;29-12-2004;1;Feltmålinger, Vandløb;Ja;Miljøstyrelsen;https://vanda.miljoeportal.dk/link/52588ba4-51ee-4f9f-8d1b-5943acc8e54f;FRB1348;32;700057;6208333;1;29-12-2004 10:15:00 +01:00;;Oxygenmætning; =;81;pct;3
Station;49000094;PØLE Å, Ns Alsønderup Enge;32;700057;6208333;Gribskov;Region Hovedstaden;Vandløb;Poel Å;08-09-2009;1;Feltmålinger, Vandløb;Ja;Miljøstyrelsen;https://vanda.miljoeportal.dk/link/9822ecec-5728-4896-8a5b-0985e5c1d5a4;FRB1348;32;700057;6208333;1;08-09-2009 08:50:00 +02:00;;Temperatur; =;15,8;grader C;3
Station;49000094;PØLE Å, Ns Alsønderup Enge;32;700057;6208333;Gribskov;Region Hovedstaden;Vandløb;Poel Å;04-07-2002;1;Feltmålinger, Vandløb;Ja;Miljøstyrelsen;https://vanda.miljoeportal.dk/link/93099394-5615-4d9e-ad91-4214b78dea34;FRB1348;32;700057;6208333;1;04-07-2002 12:45:00 +02:00;;Oxygenmætning; =;145;pct;3
Station;49000094;PØLE Å, Ns Alsønderup Enge;32;700057;6208333;Gribskov;Region Hovedstaden;Vandløb;Poel Å;03-07-2013;1;Feltmålinger, Vandløb;Ja;Miljøstyrelsen;https://vanda.miljoeportal.dk/link/e0ccb5c6-2be8-41ae-91a5-a42e0799aa91;FRB1348;32;700057;6208333;1;03-07-2013 09:35:00 +02:00;;Temperatur; =;16,9;grader C;3
Station;49000094;PØLE Å, Ns Alsønderup Enge;32;700057;6208333;Gribskov;Region Hovedstaden;Vandløb;Poel Å;06-06-2002;1;Feltmålinger, Vandløb;Ja;Miljøstyrelsen;https://vanda.miljoeportal.dk/link/c5933483-cb01-4a72-9038-960517f3f1b3;FRB1348;32;700057;6208333;1;06-06-2002 11:15:00 +02:00;;Oxygen indhold; =;5,6;mg/l;3
Station;49000094;PØLE Å, Ns Alsønderup Enge;32;700057;6208333;Gribskov;Region Hovedstaden;Vandløb;Poel Å;23-05-2002;1;Feltmålinger, Vandløb;Ja;Miljøstyrelsen;https://vanda.miljoeportal.dk/link/56e49dfa-cdbc-4234-be40-8c17b0bba461;FRB1348;32;700057;6208333;1;23-05-2002 09:25:00 +02:00;;Temperatur; =;16,9;grader C;3
Station;49000094;PØLE Å, Ns Alsønderup Enge;32;700057;6208333;Gribskov;Region Hovedstaden;Vandløb;Poel Å;23-05-2002;1;Feltmålinger, Vandløb;Ja;Miljøstyrelsen;https://vanda.miljoeportal.dk/link/56e49dfa-cdbc-4234-be40-8c17b0bba461;FRB1348;32;700057;6208333;1;23-05-2002 09:25:00 +02:00;;Oxygen indhold; =;9,1;mg/l;3
Station;49000094;PØLE Å, Ns Alsønderup Enge;32;700057;6208333;Gribskov;Region Hovedstaden;Vandløb;Poel Å;08-05-2002;1;Feltmålinger, Vandløb;Ja;Miljøstyrelsen;https://vanda.miljoeportal.dk/link/05b3578b-a8b0-41be-87fd-261562469618;FRB1348;32;700057;6208333;1;08-05-2002 10:55:00 +02:00;;Oxygen indhold; =;9,5;mg/l;3
Station;49000094;PØLE Å, Ns Alsønderup Enge;32;700057;6208333;Gribskov;Region Hovedstaden;Vandløb;Poel Å;08-05-2002;1;Feltmålinger, Vandløb;Ja;Miljøstyrelsen;https://vanda.miljoeportal.dk/link/05b3578b-a8b0-41be-87fd-261562469618;FRB1348;32;700057;6208333;1;08-05-2002 10:55:00 +02:00;;Temperatur; =;13,8;grader C;3
Station;49000094;PØLE Å, Ns Alsønderup Enge;32;700057;6208333;Gribskov;Region Hovedstaden;Vandløb;Poel Å;14-03-2002;1;Feltmålinger, Vandløb;Ja;Miljøstyrelsen;https://vanda.miljoeportal.dk/link/b4226811-9232-410e-8487-ab778f84c599;FRB1348;32;700057;6208333;1;14-03-2002 10:45:00 +01:00;;Temperatur; =;5,5;grader C;3
Station;49000094;PØLE Å, Ns Alsønderup Enge;32;700057;6208333;Gribskov;Region Hovedstaden;Vandløb;Poel Å;14-03-2002;1;Feltmålinger, Vandløb;Ja;Miljøstyrelsen;https://vanda.miljoeportal.dk/link/b4226811-9232-410e-8487-ab778f84c599;FRB1348;32;700057;6208333;1;14-03-2002 10:45:00 +01:00;;Oxygen indhold; =;12,8;mg/l;3
Station;49000094;PØLE Å, Ns Alsønderup Enge;32;700057;6208333;Gribskov;Region Hovedstaden;Vandløb;Poel Å;22-02-2011;1;Feltmålinger, Vandløb;Ja;Miljøstyrelsen;https://vanda.miljoeportal.dk/link/472e1eba-9ea0-4432-8ae8-fbb2a5937416;FRB1348;32;700057;6208333;1;22-02-2011 09:10:00 +01:00;;pH; =;7,6;pH;3
Station;49000094;PØLE Å, Ns Alsønderup Enge;32;700057;6208333;Gribskov;Region Hovedstaden;Vandløb;Poel Å;14-02-2002;1;Feltmålinger, Vandløb;Ja;Miljøstyrelsen;https://vanda.miljoeportal.dk/link/3fe6b7bc-fdd2-494e-8f8c-0cf9ca3de186;FRB1348;32;700057;6208333;1;14-02-2002 10:50:00 +01:00;;Oxygen indhold; =;10,9;mg/l;3
Station;49000094;PØLE Å, Ns Alsønderup Enge;32;700057;6208333;Gribskov;Region Hovedstaden;Vandløb;Poel Å;14-02-2002;1;Feltmålinger, Vandløb;Ja;Miljøstyrelsen;https://vanda.miljoeportal.dk/link/3fe6b7bc-fdd2-494e-8f8c-0cf9ca3de186;FRB1348;32;700057;6208333;1;14-02-2002 10:50:00 +01:00;;Temperatur; =;3,6;grader C;3
Station;49000094;PØLE Å, Ns Alsønderup Enge;32;700057;6208333;Gribskov;Region Hovedstaden;Vandløb;Poel Å;31-01-2002;1;Feltmålinger, Vandløb;Ja;Miljøstyrelsen;https://vanda.miljoeportal.dk/link/af255535-3dfa-4c5d-9326-083479cc7dfb;FRB1348;32;700057;6208333;1;31-01-2002 11:10:00 +01:00;;Oxygen indhold; =;11,3;mg/l;3
Station;49000094;PØLE Å, Ns Alsønderup Enge;32;700057;6208333;Gribskov;Region Hovedstaden;Vandløb;Poel Å;31-01-2002;1;Feltmålinger, Vandløb;Ja;Miljøstyrelsen;https://vanda.miljoeportal.dk/link/af255535-3dfa-4c5d-9326-083479cc7dfb;FRB1348;32;700057;6208333;1;31-01-2002 11:10:00 +01:00;;Temperatur; =;4,6;grader C;3
Station;49000094;PØLE Å, Ns Alsønderup Enge;32;700057;6208333;Gribskov;Region Hovedstaden;Vandløb;Poel Å;03-01-2002;1;Feltmålinger, Vandløb;Ja;Miljøstyrelsen;https://vanda.miljoeportal.dk/link/653b6f56-914b-4143-b998-5cef15ca255b;FRB1348;32;700057;6208333;1;03-01-2002 11:40:00 +01:00;;Temperatur; =;1;grader C;3
Station;49000094;PØLE Å, Ns Alsønderup Enge;32;700057;6208333;Gribskov;Region Hovedstaden;Vandløb;Poel Å;11-10-2006;1;Feltmålinger, Vandløb;Ja;Miljøstyrelsen;https://vanda.miljoeportal.dk/link/1b68cd2f-4273-488c-b8e3-79d7dd5916af;FRB1348;32;700057;6208333;1;11-10-2006 09:30:00 +02:00;;Temperatur; =;13,2;grader C;2
Station;49000094;PØLE Å, Ns Alsønderup Enge;32;700057;6208333;Gribskov;Region Hovedstaden;Vandløb;Poel Å;20-12-2001;1;Feltmålinger, Vandløb;Ja;Miljøstyrelsen;https://vanda.miljoeportal.dk/link/fdd42515-cafd-47d9-937e-1b1d7d369f2a;FRB1348;32;700057;6208333;1;20-12-2001 10:55:00 +01:00;;Oxygen indhold; =;12,81;mg/l;3
Station;49000094;PØLE Å, Ns Alsønderup Enge;32;700057;6208333;Gribskov;Region Hovedstaden;Vandløb;Poel Å;26-11-2013;1;Feltmålinger, Vandløb;Ja;Miljøstyrelsen;https://vanda.miljoeportal.dk/link/2dbc3e2e-d2c7-451a-8b8c-7ecb299397f6;FRB1348;32;700057;6208333;1;26-11-2013 09:30:00 +01:00;;pH; =;8,2;pH;3
Station;49000094;PØLE Å, Ns Alsønderup Enge;32;700057;6208333;Gribskov;Region Hovedstaden;Vandløb;Poel Å;20-12-2001;1;Feltmålinger, Vandløb;Ja;Miljøstyrelsen;https://vanda.miljoeportal.dk/link/fdd42515-cafd-47d9-937e-1b1d7d369f2a;FRB1348;32;700057;6208333;1;20-12-2001 10:55:00 +01:00;;Temperatur; =;0,1;grader C;3
Station;49000094;PØLE Å, Ns Alsønderup Enge;32;700057;6208333;Gribskov;Region Hovedstaden;Vandløb;Poel Å;06-12-2001;1;Feltmålinger, Vandløb;Ja;Miljøstyrelsen;https://vanda.miljoeportal.dk/link/41564756-5b01-477a-94d8-0581e14e3c4f;FRB1348;32;700057;6208333;1;06-12-2001 12:00:00 +01:00;;Oxygen indhold; =;13,28;mg/l;3
Station;49000094;PØLE Å, Ns Alsønderup Enge;32;700057;6208333;Gribskov;Region Hovedstaden;Vandløb;Poel Å;08-11-2001;1;Feltmålinger, Vandløb;Ja;Miljøstyrelsen;https://vanda.miljoeportal.dk/link/5f2df757-099b-4714-ab43-79e36973a603;FRB1348;32;700057;6208333;1;08-11-2001 11:25:00 +01:00;;Oxygen indhold; =;11,72;mg/l;3
Station;49000094;PØLE Å, Ns Alsønderup Enge;32;700057;6208333;Gribskov;Region Hovedstaden;Vandløb;Poel Å;08-11-2001;1;Feltmålinger, Vandløb;Ja;Miljøstyrelsen;https://vanda.miljoeportal.dk/link/5f2df757-099b-4714-ab43-79e36973a603;FRB1348;32;700057;6208333;1;08-11-2001 11:25:00 +01:00;;Temperatur; =;5,5;grader C;3
Station;49000094;PØLE Å, Ns Alsønderup Enge;32;700057;6208333;Gribskov;Region Hovedstaden;Vandløb;Poel Å;22-04-2014;1;Feltmålinger, Vandløb;Ja;Miljøstyrelsen;https://vanda.miljoeportal.dk/link/b47dd423-0cc0-4884-8332-1b3b4ebad945;FRB1348;32;700057;6208333;1;22-04-2014 08:20:00 +02:00;;pH; =;8,4;pH;3
Station;49000094;PØLE Å, Ns Alsønderup Enge;32;700057;6208333;Gribskov;Region Hovedstaden;Vandløb;Poel Å;25-10-2001;1;Feltmålinger, Vandløb;Ja;Miljøstyrelsen;https://vanda.miljoeportal.dk/link/705e1a98-884c-4158-a6ea-6b97c4545666;FRB1348;32;700057;6208333;1;25-10-2001 11:20:00 +02:00;;Oxygen indhold; =;9,4;mg/l;3
Station;49000094;PØLE Å, Ns Alsønderup Enge;32;700057;6208333;Gribskov;Region Hovedstaden;Vandløb;Poel Å;11-10-2001;1;Feltmålinger, Vandløb;Ja;Miljøstyrelsen;https://vanda.miljoeportal.dk/link/2ab0c7c6-7266-48a0-be1a-c42cbb47b112;FRB1348;32;700057;6208333;1;11-10-2001 11:00:00 +02:00;;Oxygen indhold; =;9,19;mg/l;3
Station;49000094;PØLE Å, Ns Alsønderup Enge;32;700057;6208333;Gribskov;Region Hovedstaden;Vandløb;Poel Å;27-09-2001;1;Feltmålinger, Vandløb;Ja;Miljøstyrelsen;https://vanda.miljoeportal.dk/link/f906cd07-e428-4ffa-91d5-ed8513076db1;FRB1348;32;700057;6208333;1;27-09-2001 11:05:00 +02:00;;Temperatur; =;12,1;grader C;3
Station;49000094;PØLE Å, Ns Alsønderup Enge;32;700057;6208333;Gribskov;Region Hovedstaden;Vandløb;Poel Å;27-09-2001;1;Feltmålinger, Vandløb;Ja;Miljøstyrelsen;https://vanda.miljoeportal.dk/link/f906cd07-e428-4ffa-91d5-ed8513076db1;FRB1348;32;700057;6208333;1;27-09-2001 11:05:00 +02:00;;Oxygen indhold; =;11,1;mg/l;3
Station;49000094;PØLE Å, Ns Alsønderup Enge;32;700057;6208333;Gribskov;Region Hovedstaden;Vandløb;Poel Å;13-09-2001;1;Feltmålinger, Vandløb;Ja;Miljøstyrelsen;https://vanda.miljoeportal.dk/link/7a627b55-f2f8-41c7-a0d2-73461b12b196;FRB1348;32;700057;6208333;1;13-09-2001 11:10:00 +02:00;;Oxygen indhold; =;6,32;mg/l;3
Station;49000094;PØLE Å, Ns Alsønderup Enge;32;700057;6208333;Gribskov;Region Hovedstaden;Vandløb;Poel Å;09-10-2007;1;Feltmålinger, Vandløb;Ja;Miljøstyrelsen;https://vanda.miljoeportal.dk/link/a86f604e-d67e-4061-98c3-ed136080f761;FRB1348;32;700057;6208333;1;09-10-2007 08:55:00 +02:00;;Temperatur; =;11,8;grader C;3
Station;49000094;PØLE Å, Ns Alsønderup Enge;32;700057;6208333;Gribskov;Region Hovedstaden;Vandløb;Poel Å;30-08-2001;1;Feltmålinger, Vandløb;Ja;Miljøstyrelsen;https://vanda.miljoeportal.dk/link/33d35988-809c-458d-8f55-8d79eb353119;FRB1348;32;700057;6208333;1;30-08-2001 11:20:00 +02:00;;Oxygen indhold; =;12,42;mg/l;3
Station;49000094;PØLE Å, Ns Alsønderup Enge;32;700057;6208333;Gribskov;Region Hovedstaden;Vandløb;Poel Å;30-08-2001;1;Feltmålinger, Vandløb;Ja;Miljøstyrelsen;https://vanda.miljoeportal.dk/link/33d35988-809c-458d-8f55-8d79eb353119;FRB1348;32;700057;6208333;1;30-08-2001 11:20:00 +02:00;;Temperatur; =;17,4;grader C;3
Station;49000094;PØLE Å, Ns Alsønderup Enge;32;700057;6208333;Gribskov;Region Hovedstaden;Vandløb;Poel Å;16-08-2001;1;Feltmålinger, Vandløb;Ja;Miljøstyrelsen;https://vanda.miljoeportal.dk/link/310ef10a-c03b-4cfb-991a-b70ce2c32c34;FRB1348;32;700057;6208333;1;16-08-2001 10:50:00 +02:00;;Temperatur; =;22,7;grader C;2
Station;49000094;PØLE Å, Ns Alsønderup Enge;32;700057;6208333;Gribskov;Region Hovedstaden;Vandløb;Poel Å;16-08-2001;1;Feltmålinger, Vandløb;Ja;Miljøstyrelsen;https://vanda.miljoeportal.dk/link/310ef10a-c03b-4cfb-991a-b70ce2c32c34;FRB1348;32;700057;6208333;1;16-08-2001 10:50:00 +02:00;;Oxygen indhold; =;11,23;mg/l;2
Station;49000094;PØLE Å, Ns Alsønderup Enge;32;700057;6208333;Gribskov;Region Hovedstaden;Vandløb;Poel Å;08-05-2012;1;Feltmålinger, Vandløb;Ja;Miljøstyrelsen;https://vanda.miljoeportal.dk/link/d3ccc100-1a9d-4dae-9d4f-5a05b5061f1b;FRB1348;32;700057;6208333;1;08-05-2012 08:10:00 +02:00;;pH; =;8,7;pH;3
Station;49000094;PØLE Å, Ns Alsønderup Enge;32;700057;6208333;Gribskov;Region Hovedstaden;Vandløb;Poel Å;19-07-2001;1;Feltmålinger, Vandløb;Ja;Miljøstyrelsen;https://vanda.miljoeportal.dk/link/d94144f3-0d21-4f4a-9ef2-92e3a0f9f01f;FRB1348;32;700057;6208333;1;19-07-2001 11:35:00 +02:00;;Temperatur; =;22,3;grader C;2
Station;49000094;PØLE Å, Ns Alsønderup Enge;32;700057;6208333;Gribskov;Region Hovedstaden;Vandløb;Poel Å;09-09-2014;1;Feltmålinger, Vandløb;Ja;Miljøstyrelsen;https://vanda.miljoeportal.dk/link/2fffb02a-c916-4705-8f23-b82bbd1b68f3;FRB1348;32;700057;6208333;1;09-09-2014 09:00:00 +02:00;;Temperatur; =;15,8;grader C;3
Station;49000094;PØLE Å, Ns Alsønderup Enge;32;700057;6208333;Gribskov;Region Hovedstaden;Vandløb;Poel Å;05-07-2001;1;Feltmålinger, Vandløb;Ja;Miljøstyrelsen;https://vanda.miljoeportal.dk/link/e189cc9b-2fe3-4ca0-b97d-a8367cee8fc7;FRB1348;32;700057;6208333;1;05-07-2001 11:35:00 +02:00;;Oxygen indhold; =;8,52;mg/l;2
Station;49000094;PØLE Å, Ns Alsønderup Enge;32;700057;6208333;Gribskov;Region Hovedstaden;Vandløb;Poel Å;21-06-2001;1;Feltmålinger, Vandløb;Ja;Miljøstyrelsen;https://vanda.miljoeportal.dk/link/181accd5-460b-4dee-a1bc-dc93f2b0023e;FRB1348;32;700057;6208333;1;21-06-2001 11:20:00 +02:00;;Oxygen indhold; =;6,92;mg/l;3
Station;49000094;PØLE Å, Ns Alsønderup Enge;32;700057;6208333;Gribskov;Region Hovedstaden;Vandløb;Poel Å;07-06-2001;1;Feltmålinger, Vandløb;Ja;Miljøstyrelsen;https://vanda.miljoeportal.dk/link/d8c33743-5d06-47c5-9e5f-5d7dc0c8ea90;FRB1348;32;700057;6208333;1;07-06-2001 11:20:00 +02:00;;Oxygen indhold; =;10,09;mg/l;3
Station;49000094;PØLE Å, Ns Alsønderup Enge;32;700057;6208333;Gribskov;Region Hovedstaden;Vandløb;Poel Å;07-06-2001;1;Feltmålinger, Vandløb;Ja;Miljøstyrelsen;https://vanda.miljoeportal.dk/link/d8c33743-5d06-47c5-9e5f-5d7dc0c8ea90;FRB1348;32;700057;6208333;1;07-06-2001 11:20:00 +02:00;;Temperatur; =;15,1;grader C;3
Station;49000094;PØLE Å, Ns Alsønderup Enge;32;700057;6208333;Gribskov;Region Hovedstaden;Vandløb;Poel Å;23-05-2001;1;Feltmålinger, Vandløb;Ja;Miljøstyrelsen;https://vanda.miljoeportal.dk/link/238f67b6-d8b0-4ccc-88c8-0c19fc74f7b1;FRB1348;32;700057;6208333;1;23-05-2001 10:50:00 +02:00;;Temperatur; =;15,4;grader C;3
Station;49000094;PØLE Å, Ns Alsønderup Enge;32;700057;6208333;Gribskov;Region Hovedstaden;Vandløb;Poel Å;10-05-2001;1;Feltmålinger, Vandløb;Ja;Miljøstyrelsen;https://vanda.miljoeportal.dk/link/59d8ce6a-0386-4440-8f21-9ba1c7d4cc61;FRB1348;32;700057;6208333;1;10-05-2001 10:35:00 +02:00;;Temperatur; =;16,2;grader C;3
Station;49000094;PØLE Å, Ns Alsønderup Enge;32;700057;6208333;Gribskov;Region Hovedstaden;Vandløb;Poel Å;10-05-2001;1;Feltmålinger, Vandløb;Ja;Miljøstyrelsen;https://vanda.miljoeportal.dk/link/59d8ce6a-0386-4440-8f21-9ba1c7d4cc61;FRB1348;32;700057;6208333;1;10-05-2001 10:35:00 +02:00;;Oxygen indhold; =;14,99;mg/l;3
Station;49000094;PØLE Å, Ns Alsønderup Enge;32;700057;6208333;Gribskov;Region Hovedstaden;Vandløb;Poel Å;26-04-2001;1;Feltmålinger, Vandløb;Ja;Miljøstyrelsen;https://vanda.miljoeportal.dk/link/4eaf1982-5553-4e47-b396-a9aabcb64618;FRB1348;32;700057;6208333;1;26-04-2001 10:55:00 +02:00;;Temperatur; =;10;grader C;3
Station;49000094;PØLE Å, Ns Alsønderup Enge;32;700057;6208333;Gribskov;Region Hovedstaden;Vandløb;Poel Å;15-03-2001;1;Feltmålinger, Vandløb;Ja;Miljøstyrelsen;https://vanda.miljoeportal.dk/link/8e018930-4fcf-450e-b70c-c2c4e3620333;FRB1348;32;700057;6208333;1;15-03-2001 11:00:00 +01:00;;Oxygen indhold; =;13,08;mg/l;3
Station;49000094;PØLE Å, Ns Alsønderup Enge;32;700057;6208333;Gribskov;Region Hovedstaden;Vandløb;Poel Å;01-03-2001;1;Feltmålinger, Vandløb;Ja;Miljøstyrelsen;https://vanda.miljoeportal.dk/link/578e4b17-2906-4736-b029-03ff30a13e4d;FRB1348;32;700057;6208333;1;01-03-2001 11:20:00 +01:00;;Temperatur; =;2,2;grader C;3
Station;49000094;PØLE Å, Ns Alsønderup Enge;32;700057;6208333;Gribskov;Region Hovedstaden;Vandløb;Poel Å;01-03-2001;1;Feltmålinger, Vandløb;Ja;Miljøstyrelsen;https://vanda.miljoeportal.dk/link/578e4b17-2906-4736-b029-03ff30a13e4d;FRB1348;32;700057;6208333;1;01-03-2001 11:20:00 +01:00;;Oxygen indhold; =;13,86;mg/l;3
Station;49000094;PØLE Å, Ns Alsønderup Enge;32;700057;6208333;Gribskov;Region Hovedstaden;Vandløb;Poel Å;24-02-2009;1;Feltmålinger, Vandløb;Ja;Miljøstyrelsen;https://vanda.miljoeportal.dk/link/be67f96e-a69e-4d96-9bbc-453469b6c0e2;FRB1348;32;700057;6208333;1;24-02-2009 08:30:00 +01:00;;Temperatur; =;2,3;grader C;3
Station;49000094;PØLE Å, Ns Alsønderup Enge;32;700057;6208333;Gribskov;Region Hovedstaden;Vandløb;Poel Å;15-02-2001;1;Feltmålinger, Vandløb;Ja;Miljøstyrelsen;https://vanda.miljoeportal.dk/link/ec893c66-0158-42ab-9fc4-513d914b9648;FRB1348;32;700057;6208333;1;15-02-2001 10:50:00 +01:00;;Oxygen indhold; =;11,64;mg/l;3
Station;49000094;PØLE Å, Ns Alsønderup Enge;32;700057;6208333;Gribskov;Region Hovedstaden;Vandløb;Poel Å;15-02-2001;1;Feltmålinger, Vandløb;Ja;Miljøstyrelsen;https://vanda.miljoeportal.dk/link/ec893c66-0158-42ab-9fc4-513d914b9648;FRB1348;32;700057;6208333;1;15-02-2001 10:50:00 +01:00;;Temperatur; =;2,4;grader C;3
Station;49000094;PØLE Å, Ns Alsønderup Enge;32;700057;6208333;Gribskov;Region Hovedstaden;Vandløb;Poel Å;12-06-2012;1;Feltmålinger, Vandløb;Ja;Miljøstyrelsen;https://vanda.miljoeportal.dk/link/652f3a03-ce31-4637-8c51-648947782cef;FRB1348;32;700057;6208333;1;12-06-2012 08:10:00 +02:00;;pH; =;8,9;pH;3
Station;49000094;PØLE Å, Ns Alsønderup Enge;32;700057;6208333;Gribskov;Region Hovedstaden;Vandløb;Poel Å;08-02-2001;1;Feltmålinger, Vandløb;Ja;Miljøstyrelsen;https://vanda.miljoeportal.dk/link/f6249fe6-52e4-400f-919c-7da120e8f2d9;FRB1348;32;700057;6208333;1;08-02-2001 11:20:00 +01:00;;Oxygen indhold; =;10,43;mg/l;3
Station;49000094;PØLE Å, Ns Alsønderup Enge;32;700057;6208333;Gribskov;Region Hovedstaden;Vandløb;Poel Å;01-02-2001;1;Feltmålinger, Vandløb;Ja;Miljøstyrelsen;https://vanda.miljoeportal.dk/link/78e7cd55-c40b-4e94-8dca-ede2d498424a;FRB1348;32;700057;6208333;1;01-02-2001 11:00:00 +01:00;;Oxygen indhold; =;11,39;mg/l;3
Station;49000094;PØLE Å, Ns Alsønderup Enge;32;700057;6208333;Gribskov;Region Hovedstaden;Vandløb;Poel Å;01-02-2001;1;Feltmålinger, Vandløb;Ja;Miljøstyrelsen;https://vanda.miljoeportal.dk/link/78e7cd55-c40b-4e94-8dca-ede2d498424a;FRB1348;32;700057;6208333;1;01-02-2001 11:00:00 +01:00;;Temperatur; =;2,4;grader C;3
Station;49000094;PØLE Å, Ns Alsønderup Enge;32;700057;6208333;Gribskov;Region Hovedstaden;Vandløb;Poel Å;13-03-2007;1;Feltmålinger, Vandløb;Ja;Miljøstyrelsen;https://vanda.miljoeportal.dk/link/85ec1068-d540-4210-b421-ebdfa1b1cefe;FRB1348;32;700057;6208333;1;13-03-2007 08:40:00 +01:00;;Temperatur; =;7,2;grader C;3
Station;49000094;PØLE Å, Ns Alsønderup Enge;32;700057;6208333;Gribskov;Region Hovedstaden;Vandløb;Poel Å;18-01-2001;1;Feltmålinger, Vandløb;Ja;Miljøstyrelsen;https://vanda.miljoeportal.dk/link/9223e4fa-7357-47ec-8753-c2bbc62d33d2;FRB1348;32;700057;6208333;1;18-01-2001 10:45:00 +01:00;;Oxygen indhold; =;10,41;mg/l;3
Station;49000094;PØLE Å, Ns Alsønderup Enge;32;700057;6208333;Gribskov;Region Hovedstaden;Vandløb;Poel Å;26-11-2013;1;Feltmålinger, Vandløb;Ja;Miljøstyrelsen;https://vanda.miljoeportal.dk/link/2dbc3e2e-d2c7-451a-8b8c-7ecb299397f6;FRB1348;32;700057;6208333;1;26-11-2013 09:30:00 +01:00;;Temperatur; =;1,5;grader C;3
Station;49000094;PØLE Å, Ns Alsønderup Enge;32;700057;6208333;Gribskov;Region Hovedstaden;Vandløb;Poel Å;19-07-2011;1;Feltmålinger, Vandløb;Ja;Miljøstyrelsen;https://vanda.miljoeportal.dk/link/efabce75-1b08-4865-9462-7cd6efc38311;FRB1348;32;700057;6208333;1;19-07-2011 10:00:00 +02:00;;Temperatur; =;21;grader C;3
Station;49000094;PØLE Å, Ns Alsønderup Enge;32;700057;6208333;Gribskov;Region Hovedstaden;Vandløb;Poel Å;04-01-2001;1;Feltmålinger, Vandløb;Ja;Miljøstyrelsen;https://vanda.miljoeportal.dk/link/4b4e7754-77c4-4a99-ab97-a666dd922179;FRB1348;32;700057;6208333;1;04-01-2001 11:25:00 +01:00;;Oxygen indhold; =;9,8;mg/l;3
Station;49000094;PØLE Å, Ns Alsønderup Enge;32;700057;6208333;Gribskov;Region Hovedstaden;Vandløb;Poel Å;03-05-2011;1;Feltmålinger, Vandløb;Ja;Miljøstyrelsen;https://vanda.miljoeportal.dk/link/6f5d0c99-2229-4269-8956-a8b3c93830e3;FRB1348;32;700057;6208333;1;03-05-2011 08:55:00 +02:00;;pH; =;8;pH;3
Station;49000094;PØLE Å, Ns Alsønderup Enge;32;700057;6208333;Gribskov;Region Hovedstaden;Vandløb;Poel Å;13-04-2005;1;Feltmålinger, Vandløb;Ja;Miljøstyrelsen;https://vanda.miljoeportal.dk/link/f59d22ab-53cd-49aa-9651-ea8b6d9afae9;FRB1348;32;700057;6208333;1;13-04-2005 09:50:00 +02:00;;Temperatur; =;10,4;grader C;3
Station;49000094;PØLE Å, Ns Alsønderup Enge;32;700057;6208333;Gribskov;Region Hovedstaden;Vandløb;Poel Å;21-08-2007;1;Feltmålinger, Vandløb;Ja;Miljøstyrelsen;https://vanda.miljoeportal.dk/link/2bbfb2e6-3774-40c7-815a-5352f53f6777;FRB1348;32;700057;6208333;1;21-08-2007 08:45:00 +02:00;;Temperatur; =;18,6;grader C;3
Station;49000094;PØLE Å, Ns Alsønderup Enge;32;700057;6208333;Gribskov;Region Hovedstaden;Vandløb;Poel Å;28-08-2013;1;Feltmålinger, Vandløb;Ja;Miljøstyrelsen;https://vanda.miljoeportal.dk/link/b86a5fd2-a038-442b-8b7f-f309012a3939;FRB1348;32;700057;6208333;1;28-08-2013 08:45:00 +02:00;;Temperatur; =;17,7;grader C;3
Station;49000094;PØLE Å, Ns Alsønderup Enge;32;700057;6208333;Gribskov;Region Hovedstaden;Vandløb;Poel Å;28-07-2010;1;Feltmålinger, Vandløb;Ja;Miljøstyrelsen;https://vanda.miljoeportal.dk/link/ff077dd8-68bf-41c7-a2b4-d90a37caa288;FRB1348;32;700057;6208333;1;28-07-2010 12:00:00 +02:00;;Temperatur; =;22;grader C;3
Station;49000094;PØLE Å, Ns Alsønderup Enge;32;700057;6208333;Gribskov;Region Hovedstaden;Vandløb;Poel Å;11-01-2011;1;Feltmålinger, Vandløb;Ja;Miljøstyrelsen;https://vanda.miljoeportal.dk/link/30a39ff4-30a0-4caf-809a-31f5d504e9ce;FRB1348;32;700057;6208333;1;11-01-2011 08:55:00 +01:00;;Temperatur; =;1,2;grader C;3
Station;49000094;PØLE Å, Ns Alsønderup Enge;32;700057;6208333;Gribskov;Region Hovedstaden;Vandløb;Poel Å;04-12-2013;1;Feltmålinger, Vandløb;Ja;Miljøstyrelsen;https://vanda.miljoeportal.dk/link/f9f26da5-1379-4201-8cce-de20d0fec333;FRB1348;32;700057;6208333;1;04-12-2013 09:00:00 +01:00;;Temperatur; =;5,4;grader C;3
Station;49000094;PØLE Å, Ns Alsønderup Enge;32;700057;6208333;Gribskov;Region Hovedstaden;Vandløb;Poel Å;17-07-2007;1;Feltmålinger, Vandløb;Ja;Miljøstyrelsen;https://vanda.miljoeportal.dk/link/d55fce81-906c-496e-be09-a665fd33887a;FRB1348;32;700057;6208333;1;17-07-2007 09:10:00 +02:00;;Temperatur; =;21,3;grader C;3
Station;49000094;PØLE Å, Ns Alsønderup Enge;32;700057;6208333;Gribskov;Region Hovedstaden;Vandløb;Poel Å;09-05-2011;1;Feltmålinger, Vandløb;Ja;Miljøstyrelsen;https://vanda.miljoeportal.dk/link/9d8afa59-7b13-4e57-a0e6-304ed18fc931;FRB1348;32;700057;6208333;1;09-05-2011 09:00:00 +02:00;;Temperatur; =;14,2;grader C;3
Station;49000094;PØLE Å, Ns Alsønderup Enge;32;700057;6208333;Gribskov;Region Hovedstaden;Vandløb;Poel Å;08-06-2011;1;Feltmålinger, Vandløb;Ja;Miljøstyrelsen;https://vanda.miljoeportal.dk/link/e48a133a-1581-4e46-961a-fc3b855d2917;FRB1348;32;700057;6208333;1;08-06-2011 09:30:00 +02:00;;pH; =;8,2;pH;3
Station;49000094;PØLE Å, Ns Alsønderup Enge;32;700057;6208333;Gribskov;Region Hovedstaden;Vandløb;Poel Å;27-01-2014;1;Feltmålinger, Vandløb;Ja;Miljøstyrelsen;https://vanda.miljoeportal.dk/link/f4ef5faf-028f-44f9-b4dc-3ed6b9482127;FRB1348;32;700057;6208333;1;27-01-2014 08:55:00 +01:00;;pH; =;8,1;pH;3
Station;49000094;PØLE Å, Ns Alsønderup Enge;32;700057;6208333;Gribskov;Region Hovedstaden;Vandløb;Poel Å;13-04-2005;1;Feltmålinger, Vandløb;Ja;Miljøstyrelsen;https://vanda.miljoeportal.dk/link/f59d22ab-53cd-49aa-9651-ea8b6d9afae9;FRB1348;32;700057;6208333;1;13-04-2005 09:50:00 +02:00;;Oxygen indhold; =;11,8;mg/l;3
Station;49000094;PØLE Å, Ns Alsønderup Enge;32;700057;6208333;Gribskov;Region Hovedstaden;Vandløb;Poel Å;09-09-2014;1;Feltmålinger, Vandløb;Ja;Miljøstyrelsen;https://vanda.miljoeportal.dk/link/2fffb02a-c916-4705-8f23-b82bbd1b68f3;FRB1348;32;700057;6208333;1;09-09-2014 09:00:00 +02:00;;pH; =;7,9;pH;3
Station;49000094;PØLE Å, Ns Alsønderup Enge;32;700057;6208333;Gribskov;Region Hovedstaden;Vandløb;Poel Å;11-09-2007;1;Feltmålinger, Vandløb;Ja;Miljøstyrelsen;https://vanda.miljoeportal.dk/link/8274a2e5-f110-4ad2-803e-ea22a73fee59;FRB1348;32;700057;6208333;1;11-09-2007 08:40:00 +02:00;;Temperatur; =;15,4;grader C;3
Station;49000094;PØLE Å, Ns Alsønderup Enge;32;700057;6208333;Gribskov;Region Hovedstaden;Vandløb;Poel Å;19-01-2005;1;Feltmålinger, Vandløb;Ja;Miljøstyrelsen;https://vanda.miljoeportal.dk/link/acc213c6-c2c2-406d-aef1-8553bc895a52;FRB1348;32;700057;6208333;1;19-01-2005 10:00:00 +01:00;;Oxygenmætning; =;92;pct;3
Station;49000094;PØLE Å, Ns Alsønderup Enge;32;700057;6208333;Gribskov;Region Hovedstaden;Vandløb;Poel Å;20-05-2014;1;Feltmålinger, Vandløb;Ja;Miljøstyrelsen;https://vanda.miljoeportal.dk/link/a8148192-d75d-4c45-894d-cdf1d6aa73f3;FRB1348;32;700057;6208333;1;20-05-2014 08:55:00 +02:00;;pH; =;8,8;pH;3
Station;49000094;PØLE Å, Ns Alsønderup Enge;32;700057;6208333;Gribskov;Region Hovedstaden;Vandløb;Poel Å;13-09-2011;1;Feltmålinger, Vandløb;Ja;Miljøstyrelsen;https://vanda.miljoeportal.dk/link/201f7276-d120-4e9e-b9ca-e6c59deabfd0;FRB1348;32;700057;6208333;1;13-09-2011 09:05:00 +02:00;;pH; =;8;pH;3
Station;49000094;PØLE Å, Ns Alsønderup Enge;32;700057;6208333;Gribskov;Region Hovedstaden;Vandløb;Poel Å;01-02-2006;1;Feltmålinger, Vandløb;Ja;Miljøstyrelsen;https://vanda.miljoeportal.dk/link/4be84f81-7ea8-4147-bea0-3b496c1f1e9d;FRB1348;32;700057;6208333;1;01-02-2006 09:50:00 +01:00;;Temperatur; =;0,8;grader C;2
Station;49000094;PØLE Å, Ns Alsønderup Enge;32;700057;6208333;Gribskov;Region Hovedstaden;Vandløb;Poel Å;18-12-2007;1;Feltmålinger, Vandløb;Ja;Miljøstyrelsen;https://vanda.miljoeportal.dk/link/0675914a-2b73-4e20-8ce1-3bf6958fc1c4;FRB1348;32;700057;6208333;1;18-12-2007 08:55:00 +01:00;;Temperatur; =;5,3;grader C;3
Station;49000094;PØLE Å, Ns Alsønderup Enge;32;700057;6208333;Gribskov;Region Hovedstaden;Vandløb;Poel Å;02-06-2010;1;Feltmålinger, Vandløb;Ja;Miljøstyrelsen;https://vanda.miljoeportal.dk/link/92e06791-b9b0-4e12-b00e-38d4f7a79e02;FRB1348;32;700057;6208333;1;02-06-2010 10:00:00 +02:00;;Temperatur; =;14,7;grader C;3
Station;49000094;PØLE Å, Ns Alsønderup Enge;32;700057;6208333;Gribskov;Region Hovedstaden;Vandløb;Poel Å;25-05-2005;1;Feltmålinger, Vandløb;Ja;Miljøstyrelsen;https://vanda.miljoeportal.dk/link/38211eba-7fdc-469d-94ab-88182ca163b4;FRB1348;32;700057;6208333;1;25-05-2005 09:55:00 +02:00;;Oxygen indhold; =;9,9;mg/l;3
Station;49000094;PØLE Å, Ns Alsønderup Enge;32;700057;6208333;Gribskov;Region Hovedstaden;Vandløb;Poel Å;08-11-2006;1;Feltmålinger, Vandløb;Ja;Miljøstyrelsen;https://vanda.miljoeportal.dk/link/3a9c644a-b8bc-4b76-b1f1-d90d3f125c29;FRB1348;32;700057;6208333;1;08-11-2006 09:40:00 +01:00;;Oxygen indhold; =;9,7;mg/l;2
Station;49000094;PØLE Å, Ns Alsønderup Enge;32;700057;6208333;Gribskov;Region Hovedstaden;Vandløb;Poel Å;15-02-2006;1;Feltmålinger, Vandløb;Ja;Miljøstyrelsen;https://vanda.miljoeportal.dk/link/2eb60a2d-7c56-4734-b330-ed0b2b590077;FRB1348;32;700057;6208333;1;15-02-2006 10:30:00 +01:00;;Oxygen indhold; =;9,6;mg/l;2
Station;49000094;PØLE Å, Ns Alsønderup Enge;32;700057;6208333;Gribskov;Region Hovedstaden;Vandløb;Poel Å;13-10-2009;1;Feltmålinger, Vandløb;Ja;Miljøstyrelsen;https://vanda.miljoeportal.dk/link/31927747-e356-4b63-935b-e02db726a88c;FRB1348;32;700057;6208333;1;13-10-2009 08:15:00 +02:00;;Temperatur; =;6,5;grader C;3
Station;49000094;PØLE Å, Ns Alsønderup Enge;32;700057;6208333;Gribskov;Region Hovedstaden;Vandløb;Poel Å;31-03-2009;1;Feltmålinger, Vandløb;Ja;Miljøstyrelsen;https://vanda.miljoeportal.dk/link/0e72b266-8b20-4fff-ba61-15e8d2165594;FRB1348;32;700057;6208333;1;31-03-2009 08:30:00 +02:00;;Temperatur; =;6,3;grader C;3
Station;49000094;PØLE Å, Ns Alsønderup Enge;32;700057;6208333;Gribskov;Region Hovedstaden;Vandløb;Poel Å;15-05-2012;1;Feltmålinger, Vandløb;Ja;Miljøstyrelsen;https://vanda.miljoeportal.dk/link/636b27fb-e78c-4385-8e29-0fdae42fc4c3;FRB1348;32;700057;6208333;1;15-05-2012 07:50:00 +02:00;;Temperatur; =;12;grader C;3
Station;49000094;PØLE Å, Ns Alsønderup Enge;32;700057;6208333;Gribskov;Region Hovedstaden;Vandløb;Poel Å;11-08-2009;1;Feltmålinger, Vandløb;Ja;Miljøstyrelsen;https://vanda.miljoeportal.dk/link/6cfa9d41-d9cf-4ca9-b77b-5e1e3240c2d1;FRB1348;32;700057;6208333;1;11-08-2009 08:45:00 +02:00;;Temperatur; =;20,9;grader C;3
Station;49000094;PØLE Å, Ns Alsønderup Enge;32;700057;6208333;Gribskov;Region Hovedstaden;Vandløb;Poel Å;11-10-2006;1;Feltmålinger, Vandløb;Ja;Miljøstyrelsen;https://vanda.miljoeportal.dk/link/1b68cd2f-4273-488c-b8e3-79d7dd5916af;FRB1348;32;700057;6208333;1;11-10-2006 09:30:00 +02:00;;Oxygenmætning; =;77;pct;2
Station;49000094;PØLE Å, Ns Alsønderup Enge;32;700057;6208333;Gribskov;Region Hovedstaden;Vandløb;Poel Å;22-06-2006;1;Feltmålinger, Vandløb;Ja;Miljøstyrelsen;https://vanda.miljoeportal.dk/link/b129bc25-f707-41a9-9565-be35761291a1;FRB1348;32;700057;6208333;1;22-06-2006 09:00:00 +02:00;;Oxygen indhold; =;9,9;mg/l;2
Station;49000094;PØLE Å, Ns Alsønderup Enge;32;700057;6208333;Gribskov;Region Hovedstaden;Vandløb;Poel Å;10-01-2012;1;Feltmålinger, Vandløb;Ja;Miljøstyrelsen;https://vanda.miljoeportal.dk/link/839dbd98-f864-4d53-af6c-ef902bca4697;FRB1348;32;700057;6208333;1;10-01-2012 09:10:00 +01:00;;pH; =;8;pH;3
Station;49000094;PØLE Å, Ns Alsønderup Enge;32;700057;6208333;Gribskov;Region Hovedstaden;Vandløb;Poel Å;07-05-2014;1;Feltmålinger, Vandløb;Ja;Miljøstyrelsen;https://vanda.miljoeportal.dk/link/a36d6c2c-0dd9-43ac-a24f-30cd16f1920d;FRB1348;32;700057;6208333;1;07-05-2014 08:00:00 +02:00;;Temperatur; =;11,7;grader C;3
Station;49000094;PØLE Å, Ns Alsønderup Enge;32;700057;6208333;Gribskov;Region Hovedstaden;Vandløb;Poel Å;03-11-2004;1;Feltmålinger, Vandløb;Ja;Miljøstyrelsen;https://vanda.miljoeportal.dk/link/77837f04-178a-4ba7-911d-507d20851074;FRB1348;32;700057;6208333;1;03-11-2004 10:00:00 +01:00;;Oxygenmætning; =;77;pct;3
Station;49000094;PØLE Å, Ns Alsønderup Enge;32;700057;6208333;Gribskov;Region Hovedstaden;Vandløb;Poel Å;06-08-2007;1;Feltmålinger, Vandløb;Ja;Miljøstyrelsen;https://vanda.miljoeportal.dk/link/fb1e3f5e-86a1-40f5-a4df-95cbca333109;FRB1348;32;700057;6208333;1;06-08-2007 12:15:00 +02:00;;Temperatur; =;22,2;grader C;3
Station;49000094;PØLE Å, Ns Alsønderup Enge;32;700057;6208333;Gribskov;Region Hovedstaden;Vandløb;Poel Å;16-08-2011;1;Feltmålinger, Vandløb;Ja;Miljøstyrelsen;https://vanda.miljoeportal.dk/link/66b86f48-996a-467c-91f1-213fd2f6d2c9;FRB1348;32;700057;6208333;1;16-08-2011 08:50:00 +02:00;;pH; =;8,8;pH;3
Station;49000094;PØLE Å, Ns Alsønderup Enge;32;700057;6208333;Gribskov;Region Hovedstaden;Vandløb;Poel Å;02-06-2009;1;Feltmålinger, Vandløb;Ja;Miljøstyrelsen;https://vanda.miljoeportal.dk/link/f2a4813a-ec24-49e0-83bb-cabdcd0bfd3f;FRB1348;32;700057;6208333;1;02-06-2009 07:50:00 +02:00;;Temperatur; =;19,3;grader C;3
Station;49000094;PØLE Å, Ns Alsønderup Enge;32;700057;6208333;Gribskov;Region Hovedstaden;Vandløb;Poel Å;19-07-2011;1;Feltmålinger, Vandløb;Ja;Miljøstyrelsen;https://vanda.miljoeportal.dk/link/efabce75-1b08-4865-9462-7cd6efc38311;FRB1348;32;700057;6208333;1;19-07-2011 10:00:00 +02:00;;pH; =;8,5;pH;3
Station;49000094;PØLE Å, Ns Alsønderup Enge;32;700057;6208333;Gribskov;Region Hovedstaden;Vandløb;Poel Å;24-05-2011;1;Feltmålinger, Vandløb;Ja;Miljøstyrelsen;https://vanda.miljoeportal.dk/link/d5fbcc89-bdef-4ff1-8f32-38e8a42b0e63;FRB1348;32;700057;6208333;1;24-05-2011 08:40:00 +02:00;;Temperatur; =;13,9;grader C;3
Station;49000094;PØLE Å, Ns Alsønderup Enge;32;700057;6208333;Gribskov;Region Hovedstaden;Vandløb;Poel Å;27-04-2005;1;Feltmålinger, Vandløb;Ja;Miljøstyrelsen;https://vanda.miljoeportal.dk/link/f7fc2d68-729d-4444-977d-a540b85617c6;FRB1348;32;700057;6208333;1;27-04-2005 10:00:00 +02:00;;Oxygen indhold; =;10,9;mg/l;3
Station;49000094;PØLE Å, Ns Alsønderup Enge;32;700057;6208333;Gribskov;Region Hovedstaden;Vandløb;Poel Å;19-01-2005;1;Feltmålinger, Vandløb;Ja;Miljøstyrelsen;https://vanda.miljoeportal.dk/link/acc213c6-c2c2-406d-aef1-8553bc895a52;FRB1348;32;700057;6208333;1;19-01-2005 10:00:00 +01:00;;Temperatur; =;2,4;grader C;3
Station;49000094;PØLE Å, Ns Alsønderup Enge;32;700057;6208333;Gribskov;Region Hovedstaden;Vandløb;Poel Å;15-03-2006;1;Feltmålinger, Vandløb;Ja;Miljøstyrelsen;https://vanda.miljoeportal.dk/link/da26959c-4f8c-41ff-8447-f71e56d49fec;FRB1348;32;700057;6208333;1;15-03-2006 09:45:00 +01:00;;Temperatur; =;1,3;grader C;2
Station;49000094;PØLE Å, Ns Alsønderup Enge;32;700057;6208333;Gribskov;Region Hovedstaden;Vandløb;Poel Å;15-12-2004;1;Feltmålinger, Vandløb;Ja;Miljøstyrelsen;https://vanda.miljoeportal.dk/link/76658aed-09d0-4513-ba14-69a7f68fda82;FRB1348;32;700057;6208333;1;15-12-2004 09:45:00 +01:00;;Temperatur; =;4,1;grader C;3
Station;49000094;PØLE Å, Ns Alsønderup Enge;32;700057;6208333;Gribskov;Region Hovedstaden;Vandløb;Poel Å;13-02-2013;1;Feltmålinger, Vandløb;Ja;Miljøstyrelsen;https://vanda.miljoeportal.dk/link/208a562c-447e-42bd-8e62-e82678836e5f;FRB1348;32;700057;6208333;1;13-02-2013 09:05:00 +01:00;;pH; =;7,8;pH;3
Station;49000094;PØLE Å, Ns Alsønderup Enge;32;700057;6208333;Gribskov;Region Hovedstaden;Vandløb;Poel Å;26-02-2013;1;Feltmålinger, Vandløb;Ja;Miljøstyrelsen;https://vanda.miljoeportal.dk/link/16854fab-a265-4b2a-8a3c-330df0775bd7;FRB1348;32;700057;6208333;1;26-02-2013 08:15:00 +01:00;;Temperatur; =;2,3;grader C;3
Station;49000094;PØLE Å, Ns Alsønderup Enge;32;700057;6208333;Gribskov;Region Hovedstaden;Vandløb;Poel Å;26-10-2010;1;Feltmålinger, Vandløb;Ja;Miljøstyrelsen;https://vanda.miljoeportal.dk/link/018d13e1-46a3-4aa7-8f95-f1292c55e1d8;FRB1348;32;700057;6208333;1;26-10-2010 09:00:00 +02:00;;Temperatur; =;5,9;grader C;3
Station;49000094;PØLE Å, Ns Alsønderup Enge;32;700057;6208333;Gribskov;Region Hovedstaden;Vandløb;Poel Å;03-06-2014;1;Feltmålinger, Vandløb;Ja;Miljøstyrelsen;https://vanda.miljoeportal.dk/link/a89f24d3-21e9-4733-88ec-1294d3033dfc;FRB1348;32;700057;6208333;1;03-06-2014 08:55:00 +02:00;;pH; =;8,3;pH;3
Station;49000094;PØLE Å, Ns Alsønderup Enge;32;700057;6208333;Gribskov;Region Hovedstaden;Vandløb;Poel Å;15-02-2006;1;Feltmålinger, Vandløb;Ja;Miljøstyrelsen;https://vanda.miljoeportal.dk/link/2eb60a2d-7c56-4734-b330-ed0b2b590077;FRB1348;32;700057;6208333;1;15-02-2006 10:30:00 +01:00;;Oxygenmætning; =;70;pct;2
Station;49000094;PØLE Å, Ns Alsønderup Enge;32;700057;6208333;Gribskov;Region Hovedstaden;Vandløb;Poel Å;23-11-2005;1;Feltmålinger, Vandløb;Ja;Miljøstyrelsen;https://vanda.miljoeportal.dk/link/01565b47-2354-464e-bc07-7c1d7ef77f54;FRB1348;32;700057;6208333;1;23-11-2005 09:45:00 +01:00;;Temperatur; =;3,4;grader C;3
Station;49000094;PØLE Å, Ns Alsønderup Enge;32;700057;6208333;Gribskov;Region Hovedstaden;Vandløb;Poel Å;16-08-2006;1;Feltmålinger, Vandløb;Ja;Miljøstyrelsen;https://vanda.miljoeportal.dk/link/1a8fdad8-4d20-4876-bf23-7c7bda3e7795;FRB1348;32;700057;6208333;1;16-08-2006 11:05:00 +02:00;;Oxygenmætning; =;87;pct;2
Station;49000094;PØLE Å, Ns Alsønderup Enge;32;700057;6208333;Gribskov;Region Hovedstaden;Vandløb;Poel Å;20-05-2014;1;Feltmålinger, Vandløb;Ja;Miljøstyrelsen;https://vanda.miljoeportal.dk/link/a8148192-d75d-4c45-894d-cdf1d6aa73f3;FRB1348;32;700057;6208333;1;20-05-2014 08:55:00 +02:00;;Temperatur; =;16,3;grader C;3
Station;49000094;PØLE Å, Ns Alsønderup Enge;32;700057;6208333;Gribskov;Region Hovedstaden;Vandløb;Poel Å;20-10-2004;1;Feltmålinger, Vandløb;Ja;Miljøstyrelsen;https://vanda.miljoeportal.dk/link/035e296a-8f72-4127-86ab-f913a83a6cdd;FRB1348;32;700057;6208333;1;20-10-2004 10:20:00 +02:00;;Oxygen indhold; =;9;mg/l;3
Station;49000094;PØLE Å, Ns Alsønderup Enge;32;700057;6208333;Gribskov;Region Hovedstaden;Vandløb;Poel Å;24-04-2013;1;Feltmålinger, Vandløb;Ja;Miljøstyrelsen;https://vanda.miljoeportal.dk/link/2c5fe708-4151-4a00-8c35-5e53ea4bf790;FRB1348;32;700057;6208333;1;24-04-2013 08:45:00 +02:00;;pH; =;8,6;pH;3
Station;49000094;PØLE Å, Ns Alsønderup Enge;32;700057;6208333;Gribskov;Region Hovedstaden;Vandløb;Poel Å;30-08-2005;1;Feltmålinger, Vandløb;Ja;Miljøstyrelsen;https://vanda.miljoeportal.dk/link/880c2c0b-3809-461f-95d6-07d53c5f4355;FRB1348;32;700057;6208333;1;30-08-2005 10:20:00 +02:00;;Oxygen indhold; =;9,4;mg/l;3
Station;49000094;PØLE Å, Ns Alsønderup Enge;32;700057;6208333;Gribskov;Region Hovedstaden;Vandløb;Poel Å;19-01-2005;1;Feltmålinger, Vandløb;Ja;Miljøstyrelsen;https://vanda.miljoeportal.dk/link/acc213c6-c2c2-406d-aef1-8553bc895a52;FRB1348;32;700057;6208333;1;19-01-2005 10:00:00 +01:00;;Oxygen indhold; =;12,4;mg/l;3
Station;49000094;PØLE Å, Ns Alsønderup Enge;32;700057;6208333;Gribskov;Region Hovedstaden;Vandløb;Poel Å;25-03-2014;1;Feltmålinger, Vandløb;Ja;Miljøstyrelsen;https://vanda.miljoeportal.dk/link/af582047-bca2-4aec-ab58-4787c2b3f71d;FRB1348;32;700057;6208333;1;25-03-2014 08:35:00 +01:00;;Temperatur; =;6,6;grader C;3
Station;49000094;PØLE Å, Ns Alsønderup Enge;32;700057;6208333;Gribskov;Region Hovedstaden;Vandløb;Poel Å;27-09-2006;1;Feltmålinger, Vandløb;Ja;Miljøstyrelsen;https://vanda.miljoeportal.dk/link/9edfed0d-ede7-49d5-b9f7-87241b6ef564;FRB1348;32;700057;6208333;1;27-09-2006 09:40:00 +02:00;;Oxygenmætning; =;75;pct;2
Station;49000094;PØLE Å, Ns Alsønderup Enge;32;700057;6208333;Gribskov;Region Hovedstaden;Vandløb;Poel Å;04-12-2013;1;Feltmålinger, Vandløb;Ja;Miljøstyrelsen;https://vanda.miljoeportal.dk/link/f9f26da5-1379-4201-8cce-de20d0fec333;FRB1348;32;700057;6208333;1;04-12-2013 09:00:00 +01:00;;pH; =;8,2;pH;3
Station;49000094;PØLE Å, Ns Alsønderup Enge;32;700057;6208333;Gribskov;Region Hovedstaden;Vandløb;Poel Å;29-03-2006;1;Feltmålinger, Vandløb;Ja;Miljøstyrelsen;https://vanda.miljoeportal.dk/link/fccc001d-8c7f-482d-9601-d154b09c23ff;FRB1348;32;700057;6208333;1;29-03-2006 09:25:00 +02:00;;Oxygenmætning; =;93;pct;2
Station;49000094;PØLE Å, Ns Alsønderup Enge;32;700057;6208333;Gribskov;Region Hovedstaden;Vandløb;Poel Å;01-07-2014;1;Feltmålinger, Vandløb;Ja;Miljøstyrelsen;https://vanda.miljoeportal.dk/link/9e34acd0-1817-4415-8373-f97cf0eddbeb;FRB1348;32;700057;6208333;1;01-07-2014 08:50:00 +02:00;;pH; =;8,5;pH;3
Station;49000094;PØLE Å, Ns Alsønderup Enge;32;700057;6208333;Gribskov;Region Hovedstaden;Vandløb;Poel Å;15-03-2011;1;Feltmålinger, Vandløb;Ja;Miljøstyrelsen;https://vanda.miljoeportal.dk/link/062247fa-5d18-47c3-9f73-be48fb142690;FRB1348;32;700057;6208333;1;15-03-2011 09:20:00 +01:00;;Temperatur; =;3,5;grader C;3
Station;49000094;PØLE Å, Ns Alsønderup Enge;32;700057;6208333;Gribskov;Region Hovedstaden;Vandløb;Poel Å;17-08-2005;1;Feltmålinger, Vandløb;Ja;Miljøstyrelsen;https://vanda.miljoeportal.dk/link/937227f3-0734-49cf-9f8b-0d44ef380f77;FRB1348;32;700057;6208333;1;17-08-2005 11:50:00 +02:00;;Temperatur; =;18,2;grader C;3
Station;49000094;PØLE Å, Ns Alsønderup Enge;32;700057;6208333;Gribskov;Region Hovedstaden;Vandløb;Poel Å;20-03-2012;1;Feltmålinger, Vandløb;Ja;Miljøstyrelsen;https://vanda.miljoeportal.dk/link/1bdac640-ac8b-4c32-810e-321c9c015d0c;FRB1348;32;700057;6208333;1;20-03-2012 09:00:00 +01:00;;Temperatur; =;6,1;grader C;3
Station;49000094;PØLE Å, Ns Alsønderup Enge;32;700057;6208333;Gribskov;Region Hovedstaden;Vandløb;Poel Å;24-07-2012;1;Feltmålinger, Vandløb;Ja;Miljøstyrelsen;https://vanda.miljoeportal.dk/link/42e2c7eb-c4f5-4cf6-a5ee-7e02541e0606;FRB1348;32;700057;6208333;1;24-07-2012 09:55:00 +02:00;;Temperatur; =;21,3;grader C;3
Station;49000094;PØLE Å, Ns Alsønderup Enge;32;700057;6208333;Gribskov;Region Hovedstaden;Vandløb;Poel Å;08-11-2006;1;Feltmålinger, Vandløb;Ja;Miljøstyrelsen;https://vanda.miljoeportal.dk/link/3a9c644a-b8bc-4b76-b1f1-d90d3f125c29;FRB1348;32;700057;6208333;1;08-11-2006 09:40:00 +01:00;;Oxygenmætning; =;83;pct;2
Station;49000094;PØLE Å, Ns Alsønderup Enge;32;700057;6208333;Gribskov;Region Hovedstaden;Vandløb;Poel Å;22-09-2009;1;Feltmålinger, Vandløb;Ja;Miljøstyrelsen;https://vanda.miljoeportal.dk/link/ccbb4093-c17e-4ac1-845d-725de8a5a485;FRB1348;32;700057;6208333;1;22-09-2009 09:05:00 +02:00;;Temperatur; =;14,9;grader C;3
Station;49000094;PØLE Å, Ns Alsønderup Enge;32;700057;6208333;Gribskov;Region Hovedstaden;Vandløb;Poel Å;11-04-2012;1;Feltmålinger, Vandløb;Ja;Miljøstyrelsen;https://vanda.miljoeportal.dk/link/73ac8037-58bc-40d8-bae3-97a5e69b5d7e;FRB1348;32;700057;6208333;1;11-04-2012 09:00:00 +02:00;;pH; =;8,6;pH;3
Station;49000094;PØLE Å, Ns Alsønderup Enge;32;700057;6208333;Gribskov;Region Hovedstaden;Vandløb;Poel Å;21-12-2005;1;Feltmålinger, Vandløb;Ja;Miljøstyrelsen;https://vanda.miljoeportal.dk/link/a6a4f067-a3d6-4572-82b2-f05b2005c547;FRB1348;32;700057;6208333;1;21-12-2005 09:50:00 +01:00;;Oxygen indhold; =;11,2;mg/l;3
Station;49000094;PØLE Å, Ns Alsønderup Enge;32;700057;6208333;Gribskov;Region Hovedstaden;Vandløb;Poel Å;09-02-2010;1;Feltmålinger, Vandløb;Ja;Miljøstyrelsen;https://vanda.miljoeportal.dk/link/49abdd35-07b0-456e-92a7-15d6e9e83232;FRB1348;32;700057;6208333;1;09-02-2010 08:30:00 +01:00;;Temperatur; =;0,3;grader C;3
Station;49000094;PØLE Å, Ns Alsønderup Enge;32;700057;6208333;Gribskov;Region Hovedstaden;Vandløb;Poel Å;13-02-2007;1;Feltmålinger, Vandløb;Ja;Miljøstyrelsen;https://vanda.miljoeportal.dk/link/83ec83da-dc82-4773-a751-46d9e2283829;FRB1348;32;700057;6208333;1;13-02-2007 08:30:00 +01:00;;Temperatur; =;1,5;grader C;3
Station;49000094;PØLE Å, Ns Alsønderup Enge;32;700057;6208333;Gribskov;Region Hovedstaden;Vandløb;Poel Å;31-08-2010;1;Feltmålinger, Vandløb;Ja;Miljøstyrelsen;https://vanda.miljoeportal.dk/link/6fdf39bd-fc52-4180-b5de-b8415107855c;FRB1348;32;700057;6208333;1;31-08-2010 08:50:00 +02:00;;Temperatur; =;14,9;grader C;3
Station;49000094;PØLE Å, Ns Alsønderup Enge;32;700057;6208333;Gribskov;Region Hovedstaden;Vandløb;Poel Å;27-07-2011;1;Feltmålinger, Vandløb;Ja;Miljøstyrelsen;https://vanda.miljoeportal.dk/link/50837c96-dc9e-4278-b13c-21d94afe653c;FRB1348;32;700057;6208333;1;27-07-2011 10:00:00 +02:00;;Temperatur; =;19,6;grader C;3
Station;49000094;PØLE Å, Ns Alsønderup Enge;32;700057;6208333;Gribskov;Region Hovedstaden;Vandløb;Poel Å;07-06-2006;1;Feltmålinger, Vandløb;Ja;Miljøstyrelsen;https://vanda.miljoeportal.dk/link/cd08dd74-b01d-4939-a826-d63476c8536a;FRB1348;32;700057;6208333;1;07-06-2006 09:35:00 +02:00;;Temperatur; =;17,8;grader C;2
Station;49000094;PØLE Å, Ns Alsønderup Enge;32;700057;6208333;Gribskov;Region Hovedstaden;Vandløb;Poel Å;17-08-2010;1;Feltmålinger, Vandløb;Ja;Miljøstyrelsen;https://vanda.miljoeportal.dk/link/684758da-5c95-4489-95d3-4c95c61fb085;FRB1348;32;700057;6208333;1;17-08-2010 09:00:00 +02:00;;Temperatur; =;19,3;grader C;3
Station;49000094;PØLE Å, Ns Alsønderup Enge;32;700057;6208333;Gribskov;Region Hovedstaden;Vandløb;Poel Å;03-06-2008;1;Feltmålinger, Vandløb;Ja;Miljøstyrelsen;https://vanda.miljoeportal.dk/link/cfc0d103-e63f-4d06-9a71-e8c126bb2388;FRB1348;32;700057;6208333;1;03-06-2008 08:40:00 +02:00;;Temperatur; =;21,5;grader C;3
Station;49000094;PØLE Å, Ns Alsønderup Enge;32;700057;6208333;Gribskov;Region Hovedstaden;Vandløb;Poel Å;24-05-2011;1;Feltmålinger, Vandløb;Ja;Miljøstyrelsen;https://vanda.miljoeportal.dk/link/d5fbcc89-bdef-4ff1-8f32-38e8a42b0e63;FRB1348;32;700057;6208333;1;24-05-2011 08:40:00 +02:00;;pH; =;8;pH;3
Station;49000094;PØLE Å, Ns Alsønderup Enge;32;700057;6208333;Gribskov;Region Hovedstaden;Vandløb;Poel Å;20-07-2010;1;Feltmålinger, Vandløb;Ja;Miljøstyrelsen;https://vanda.miljoeportal.dk/link/eb9f48d8-21db-48c4-986c-093403a2e6f7;FRB1348;32;700057;6208333;1;20-07-2010 12:20:00 +02:00;;Temperatur; =;23,4;grader C;3
Station;49000094;PØLE Å, Ns Alsønderup Enge;32;700057;6208333;Gribskov;Region Hovedstaden;Vandløb;Poel Å;13-09-2006;1;Feltmålinger, Vandløb;Ja;Miljøstyrelsen;https://vanda.miljoeportal.dk/link/8dee955d-1a64-4d74-9c47-6cf4b0e014bb;FRB1348;32;700057;6208333;1;13-09-2006 10:00:00 +02:00;;Oxygen indhold; =;12,1;mg/l;2
Station;49000094;PØLE Å, Ns Alsønderup Enge;32;700057;6208333;Gribskov;Region Hovedstaden;Vandløb;Poel Å;15-07-2014;1;Feltmålinger, Vandløb;Ja;Miljøstyrelsen;https://vanda.miljoeportal.dk/link/5c6a5ba0-2783-46be-a790-5cc4714986e2;FRB1348;32;700057;6208333;1;15-07-2014 09:20:00 +02:00;;Temperatur; =;19,4;grader C;3
Station;49000094;PØLE Å, Ns Alsønderup Enge;32;700057;6208333;Gribskov;Region Hovedstaden;Vandløb;Poel Å;25-11-2008;1;Feltmålinger, Vandløb;Ja;Miljøstyrelsen;https://vanda.miljoeportal.dk/link/bc116002-2965-41c4-81f6-663fd2f86715;FRB1348;32;700057;6208333;1;25-11-2008 08:20:00 +01:00;;Temperatur; =;2,4;grader C;3
Station;49000094;PØLE Å, Ns Alsønderup Enge;32;700057;6208333;Gribskov;Region Hovedstaden;Vandløb;Poel Å;19-07-2006;1;Feltmålinger, Vandløb;Ja;Miljøstyrelsen;https://vanda.miljoeportal.dk/link/b2aa62df-e52d-45cd-a132-013d06cd944d;FRB1348;32;700057;6208333;1;19-07-2006 09:35:00 +02:00;;Temperatur; =;23,4;grader C;2
Station;49000094;PØLE Å, Ns Alsønderup Enge;32;700057;6208333;Gribskov;Region Hovedstaden;Vandløb;Poel Å;07-12-2006;1;Feltmålinger, Vandløb;Ja;Miljøstyrelsen;https://vanda.miljoeportal.dk/link/0cf52ba7-003f-4dac-beb2-5b558c1dd738;FRB1348;32;700057;6208333;1;07-12-2006 09:30:00 +01:00;;Oxygenmætning; =;90;pct;2
Station;49000094;PØLE Å, Ns Alsønderup Enge;32;700057;6208333;Gribskov;Region Hovedstaden;Vandløb;Poel Å;12-01-2006;1;Feltmålinger, Vandløb;Ja;Miljøstyrelsen;https://vanda.miljoeportal.dk/link/6a4b015a-e5c3-4051-8687-95e02388c2ab;FRB1348;32;700057;6208333;1;12-01-2006 09:50:00 +01:00;;Oxygen indhold; =;10,9;mg/l;2
Station;49000094;PØLE Å, Ns Alsønderup Enge;32;700057;6208333;Gribskov;Region Hovedstaden;Vandløb;Poel Å;05-07-2011;1;Feltmålinger, Vandløb;Ja;Miljøstyrelsen;https://vanda.miljoeportal.dk/link/05785296-ac03-471a-9cad-0c110a90512e;FRB1348;32;700057;6208333;1;05-07-2011 09:15:00 +02:00;;pH; =;8,3;pH;3
Station;49000094;PØLE Å, Ns Alsønderup Enge;32;700057;6208333;Gribskov;Region Hovedstaden;Vandløb;Poel Å;12-04-2011;1;Feltmålinger, Vandløb;Ja;Miljøstyrelsen;https://vanda.miljoeportal.dk/link/ba196877-c5af-40e4-94c7-1e15fff093b7;FRB1348;32;700057;6208333;1;12-04-2011 09:20:00 +02:00;;Temperatur; =;9,5;grader C;3
Station;49000094;PØLE Å, Ns Alsønderup Enge;32;700057;6208333;Gribskov;Region Hovedstaden;Vandløb;Poel Å;18-08-2009;1;Feltmålinger, Vandløb;Ja;Miljøstyrelsen;https://vanda.miljoeportal.dk/link/46c67175-b1f2-4f8c-b85f-475776fabc5a;FRB1348;32;700057;6208333;1;18-08-2009 09:00:00 +02:00;;Temperatur; =;17,4;grader C;3
Station;49000094;PØLE Å, Ns Alsønderup Enge;32;700057;6208333;Gribskov;Region Hovedstaden;Vandløb;Poel Å;11-11-2008;1;Feltmålinger, Vandløb;Ja;Miljøstyrelsen;https://vanda.miljoeportal.dk/link/608a22e7-b287-4ed7-8afb-52b1c4cbd26e;FRB1348;32;700057;6208333;1;11-11-2008 08:30:00 +01:00;;Temperatur; =;8;grader C;3
Station;49000094;PØLE Å, Ns Alsønderup Enge;32;700057;6208333;Gribskov;Region Hovedstaden;Vandløb;Poel Å;12-10-2005;1;Feltmålinger, Vandløb;Ja;Miljøstyrelsen;https://vanda.miljoeportal.dk/link/7943b622-371f-4e19-bde4-90de9dbebf01;FRB1348;32;700057;6208333;1;12-10-2005 09:30:00 +02:00;;Oxygenmætning; =;65;pct;3
Station;49000094;PØLE Å, Ns Alsønderup Enge;32;700057;6208333;Gribskov;Region Hovedstaden;Vandløb;Poel Å;01-04-2014;1;Feltmålinger, Vandløb;Ja;Miljøstyrelsen;https://vanda.miljoeportal.dk/link/e9935dba-0277-43ca-9d3e-94b1854a18ca;FRB1348;32;700057;6208333;1;01-04-2014 09:30:00 +02:00;;Temperatur; =;7,8;grader C;3
Station;49000094;PØLE Å, Ns Alsønderup Enge;32;700057;6208333;Gribskov;Region Hovedstaden;Vandløb;Poel Å;13-05-2008;1;Feltmålinger, Vandløb;Ja;Miljøstyrelsen;https://vanda.miljoeportal.dk/link/d1beaf48-a0c9-4c93-a7b7-af6ec70e0f67;FRB1348;32;700057;6208333;1;13-05-2008 09:10:00 +02:00;;Temperatur; =;18;grader C;3
Station;49000094;PØLE Å, Ns Alsønderup Enge;32;700057;6208333;Gribskov;Region Hovedstaden;Vandløb;Poel Å;25-05-2005;1;Feltmålinger, Vandløb;Ja;Miljøstyrelsen;https://vanda.miljoeportal.dk/link/38211eba-7fdc-469d-94ab-88182ca163b4;FRB1348;32;700057;6208333;1;25-05-2005 09:55:00 +02:00;;Oxygenmætning; =;101;pct;3
Station;49000094;PØLE Å, Ns Alsønderup Enge;32;700057;6208333;Gribskov;Region Hovedstaden;Vandløb;Poel Å;10-07-2012;1;Feltmålinger, Vandløb;Ja;Miljøstyrelsen;https://vanda.miljoeportal.dk/link/44c80e30-8150-4c25-91ed-c96ed8622dfe;FRB1348;32;700057;6208333;1;10-07-2012 08:30:00 +02:00;;pH; =;8,1;pH;3
Station;49000094;PØLE Å, Ns Alsønderup Enge;32;700057;6208333;Gribskov;Region Hovedstaden;Vandløb;Poel Å;29-10-2013;1;Feltmålinger, Vandløb;Ja;Miljøstyrelsen;https://vanda.miljoeportal.dk/link/0157a57a-df99-4782-b713-f99c86ee05ed;FRB1348;32;700057;6208333;1;29-10-2013 09:00:00 +01:00;;pH; =;8,1;pH;3
Station;49000094;PØLE Å, Ns Alsønderup Enge;32;700057;6208333;Gribskov;Region Hovedstaden;Vandløb;Poel Å;08-07-2008;1;Feltmålinger, Vandløb;Ja;Miljøstyrelsen;https://vanda.miljoeportal.dk/link/7d858d71-cd30-4796-b2e4-12ce386c79f5;FRB1348;32;700057;6208333;1;08-07-2008 09:10:00 +02:00;;Temperatur; =;25;grader C;3
Station;49000094;PØLE Å, Ns Alsønderup Enge;32;700057;6208333;Gribskov;Region Hovedstaden;Vandløb;Poel Å;12-04-2011;1;Feltmålinger, Vandløb;Ja;Miljøstyrelsen;https://vanda.miljoeportal.dk/link/ba196877-c5af-40e4-94c7-1e15fff093b7;FRB1348;32;700057;6208333;1;12-04-2011 09:20:00 +02:00;;pH; =;8,3;pH;3
Station;49000094;PØLE Å, Ns Alsønderup Enge;32;700057;6208333;Gribskov;Region Hovedstaden;Vandløb;Poel Å;25-08-2014;1;Feltmålinger, Vandløb;Ja;Miljøstyrelsen;https://vanda.miljoeportal.dk/link/47a15b1d-b000-4363-9b0d-99822be6dd5e;FRB1348;32;700057;6208333;1;25-08-2014 09:30:00 +02:00;;Temperatur; =;14,2;grader C;3
Station;49000094;PØLE Å, Ns Alsønderup Enge;32;700057;6208333;Gribskov;Region Hovedstaden;Vandløb;Poel Å;16-12-2008;1;Feltmålinger, Vandløb;Ja;Miljøstyrelsen;https://vanda.miljoeportal.dk/link/f41572a7-07e8-43cf-8f0e-108cc26ccca3;FRB1348;32;700057;6208333;1;16-12-2008 09:05:00 +01:00;;Temperatur; =;3,3;grader C;3
Station;49000094;PØLE Å, Ns Alsønderup Enge;32;700057;6208333;Gribskov;Region Hovedstaden;Vandløb;Poel Å;08-04-2008;1;Feltmålinger, Vandløb;Ja;Miljøstyrelsen;https://vanda.miljoeportal.dk/link/664dae70-29f0-420c-9190-b2a6035fe00f;FRB1348;32;700057;6208333;1;08-04-2008 09:10:00 +02:00;;Temperatur; =;10,6;grader C;3
Station;49000094;PØLE Å, Ns Alsønderup Enge;32;700057;6208333;Gribskov;Region Hovedstaden;Vandløb;Poel Å;17-01-2006;1;Feltmålinger, Vandløb;Ja;Miljøstyrelsen;https://vanda.miljoeportal.dk/link/fce51d0d-5979-46c6-b9b4-b6b10ff681f0;FRB1348;32;700057;6208333;1;17-01-2006 09:40:00 +01:00;;Oxygen indhold; =;11,4;mg/l;2
Station;49000094;PØLE Å, Ns Alsønderup Enge;32;700057;6208333;Gribskov;Region Hovedstaden;Vandløb;Poel Å;17-01-2006;1;Feltmålinger, Vandløb;Ja;Miljøstyrelsen;https://vanda.miljoeportal.dk/link/fce51d0d-5979-46c6-b9b4-b6b10ff681f0;FRB1348;32;700057;6208333;1;17-01-2006 09:40:00 +01:00;;Oxygenmætning; =;81;pct;2
Station;49000094;PØLE Å, Ns Alsønderup Enge;32;700057;6208333;Gribskov;Region Hovedstaden;Vandløb;Poel Å;06-06-2007;1;Feltmålinger, Vandløb;Ja;Miljøstyrelsen;https://vanda.miljoeportal.dk/link/d7080545-cfa0-495f-9960-673599522e9a;FRB1348;32;700057;6208333;1;06-06-2007 10:45:00 +02:00;;Temperatur; =;20,3;grader C;3
Station;49000094;PØLE Å, Ns Alsønderup Enge;32;700057;6208333;Gribskov;Region Hovedstaden;Vandløb;Poel Å;13-09-2006;1;Feltmålinger, Vandløb;Ja;Miljøstyrelsen;https://vanda.miljoeportal.dk/link/8dee955d-1a64-4d74-9c47-6cf4b0e014bb;FRB1348;32;700057;6208333;1;13-09-2006 10:00:00 +02:00;;Oxygenmætning; =;124;pct;2
Station;49000094;PØLE Å, Ns Alsønderup Enge;32;700057;6208333;Gribskov;Region Hovedstaden;Vandløb;Poel Å;27-09-2011;1;Feltmålinger, Vandløb;Ja;Miljøstyrelsen;https://vanda.miljoeportal.dk/link/6c636882-f4f3-4f7d-a308-175519d8de17;FRB1348;32;700057;6208333;1;27-09-2011 08:45:00 +02:00;;pH; =;8,2;pH;3
Station;49000094;PØLE Å, Ns Alsønderup Enge;32;700057;6208333;Gribskov;Region Hovedstaden;Vandløb;Poel Å;20-07-2005;1;Feltmålinger, Vandløb;Ja;Miljøstyrelsen;https://vanda.miljoeportal.dk/link/94273c4f-def1-4546-9ad4-d0cdb995ce89;FRB1348;32;700057;6208333;1;20-07-2005 09:30:00 +02:00;;Temperatur; =;19,1;grader C;3
Station;49000094;PØLE Å, Ns Alsønderup Enge;32;700057;6208333;Gribskov;Region Hovedstaden;Vandløb;Poel Å;10-03-2009;1;Feltmålinger, Vandløb;Ja;Miljøstyrelsen;https://vanda.miljoeportal.dk/link/94575501-18c7-4dcb-be84-39d37f3b0aeb;FRB1348;32;700057;6208333;1;10-03-2009 08:05:00 +01:00;;Temperatur; =;3,6;grader C;3
Station;49000094;PØLE Å, Ns Alsønderup Enge;32;700057;6208333;Gribskov;Region Hovedstaden;Vandløb;Poel Å;21-03-2013;1;Feltmålinger, Vandløb;Ja;Miljøstyrelsen;https://vanda.miljoeportal.dk/link/54b22e2f-d5b4-413d-b681-d8061fb1b732;FRB1348;32;700057;6208333;1;21-03-2013 08:10:00 +01:00;;pH; =;8,1;pH;3
Station;49000094;PØLE Å, Ns Alsønderup Enge;32;700057;6208333;Gribskov;Region Hovedstaden;Vandløb;Poel Å;23-10-2013;1;Feltmålinger, Vandløb;Ja;Miljøstyrelsen;https://vanda.miljoeportal.dk/link/521107e8-b9bc-4f05-abb4-d4a44abb2082;FRB1348;32;700057;6208333;1;23-10-2013 09:20:00 +02:00;;pH; =;8,1;pH;3
Station;49000094;PØLE Å, Ns Alsønderup Enge;32;700057;6208333;Gribskov;Region Hovedstaden;Vandløb;Poel Å;23-02-2010;1;Feltmålinger, Vandløb;Ja;Miljøstyrelsen;https://vanda.miljoeportal.dk/link/a0f799d3-06e3-43bc-bd1c-ff7a544c5f18;FRB1348;32;700057;6208333;1;23-02-2010 08:30:00 +01:00;;Temperatur; =;0,3;grader C;3
Station;49000094;PØLE Å, Ns Alsønderup Enge;32;700057;6208333;Gribskov;Region Hovedstaden;Vandløb;Poel Å;19-12-2006;1;Feltmålinger, Vandløb;Ja;Miljøstyrelsen;https://vanda.miljoeportal.dk/link/90757d8c-4e4b-4727-b576-9e5c42635af5;FRB1348;32;700057;6208333;1;19-12-2006 09:15:00 +01:00;;Temperatur; =;5,3;grader C;2
Station;49000094;PØLE Å, Ns Alsønderup Enge;32;700057;6208333;Gribskov;Region Hovedstaden;Vandløb;Poel Å;17-01-2007;1;Feltmålinger, Vandløb;Ja;Miljøstyrelsen;https://vanda.miljoeportal.dk/link/8894d462-371a-4a14-9e85-3aac29a3e4cc;FRB1348;32;700057;6208333;1;17-01-2007 08:45:00 +01:00;;Oxygenmætning; =;94;pct;2
Station;49000094;PØLE Å, Ns Alsønderup Enge;32;700057;6208333;Gribskov;Region Hovedstaden;Vandløb;Poel Å;07-02-2012;1;Feltmålinger, Vandløb;Ja;Miljøstyrelsen;https://vanda.miljoeportal.dk/link/52e6fc7e-8935-4aed-8e1f-3d8b0265ab9b;FRB1348;32;700057;6208333;1;07-02-2012 09:10:00 +01:00;;pH; =;7,7;pH;3
Station;49000094;PØLE Å, Ns Alsønderup Enge;32;700057;6208333;Gribskov;Region Hovedstaden;Vandløb;Poel Å;09-05-2011;1;Feltmålinger, Vandløb;Ja;Miljøstyrelsen;https://vanda.miljoeportal.dk/link/9d8afa59-7b13-4e57-a0e6-304ed18fc931;FRB1348;32;700057;6208333;1;09-05-2011 09:00:00 +02:00;;pH; =;8,2;pH;3
Station;49000094;PØLE Å, Ns Alsønderup Enge;32;700057;6208333;Gribskov;Region Hovedstaden;Vandløb;Poel Å;29-07-2008;1;Feltmålinger, Vandløb;Ja;Miljøstyrelsen;https://vanda.miljoeportal.dk/link/57cf519f-68e7-4f6a-aa17-e6a3c65e2830;FRB1348;32;700057;6208333;1;29-07-2008 11:35:00 +02:00;;Temperatur; =;26,5;grader C;3
Station;49000094;PØLE Å, Ns Alsønderup Enge;32;700057;6208333;Gribskov;Region Hovedstaden;Vandløb;Poel Å;17-12-2013;1;Feltmålinger, Vandløb;Ja;Miljøstyrelsen;https://vanda.miljoeportal.dk/link/8371adda-2c71-42ff-9e35-95de4f60899c;FRB1348;32;700057;6208333;1;17-12-2013 08:20:00 +01:00;;Temperatur; =;5,4;grader C;3
Station;49000094;PØLE Å, Ns Alsønderup Enge;32;700057;6208333;Gribskov;Region Hovedstaden;Vandløb;Poel Å;29-05-2013;1;Feltmålinger, Vandløb;Ja;Miljøstyrelsen;https://vanda.miljoeportal.dk/link/29b7ff0a-7c30-4570-956b-3c3942c4f343;FRB1348;32;700057;6208333;1;29-05-2013 09:00:00 +02:00;;pH; =;8,7;pH;3
Station;49000094;PØLE Å, Ns Alsønderup Enge;32;700057;6208333;Gribskov;Region Hovedstaden;Vandløb;Poel Å;29-01-2008;1;Feltmålinger, Vandløb;Ja;Miljøstyrelsen;https://vanda.miljoeportal.dk/link/7bb745ac-50c8-4d2d-84ed-60293c3ca978;FRB1348;32;700057;6208333;1;29-01-2008 09:00:00 +01:00;;Temperatur; =;6,5;grader C;3
Station;49000094;PØLE Å, Ns Alsønderup Enge;32;700057;6208333;Gribskov;Region Hovedstaden;Vandløb;Poel Å;28-07-2009;1;Feltmålinger, Vandløb;Ja;Miljøstyrelsen;https://vanda.miljoeportal.dk/link/f68d7776-a9b5-40b0-86ff-cc6d6008d33d;FRB1348;32;700057;6208333;1;28-07-2009 10:45:00 +02:00;;Temperatur; =;19,6;grader C;3
Station;49000094;PØLE Å, Ns Alsønderup Enge;32;700057;6208333;Gribskov;Region Hovedstaden;Vandløb;Poel Å;22-06-2005;1;Feltmålinger, Vandløb;Ja;Miljøstyrelsen;https://vanda.miljoeportal.dk/link/df79cff0-e720-4914-bd0b-0b3d38595828;FRB1348;32;700057;6208333;1;22-06-2005 10:10:00 +02:00;;Oxygen indhold; =;4,9;mg/l;3
Station;49000094;PØLE Å, Ns Alsønderup Enge;32;700057;6208333;Gribskov;Region Hovedstaden;Vandløb;Poel Å;01-07-2014;1;Feltmålinger, Vandløb;Ja;Miljøstyrelsen;https://vanda.miljoeportal.dk/link/9e34acd0-1817-4415-8373-f97cf0eddbeb;FRB1348;32;700057;6208333;1;01-07-2014 08:50:00 +02:00;;Temperatur; =;18;grader C;3
Station;49000094;PØLE Å, Ns Alsønderup Enge;32;700057;6208333;Gribskov;Region Hovedstaden;Vandløb;Poel Å;28-08-2013;1;Feltmålinger, Vandløb;Ja;Miljøstyrelsen;https://vanda.miljoeportal.dk/link/b86a5fd2-a038-442b-8b7f-f309012a3939;FRB1348;32;700057;6208333;1;28-08-2013 08:45:00 +02:00;;pH; =;8,1;pH;3
Station;49000094;PØLE Å, Ns Alsønderup Enge;32;700057;6208333;Gribskov;Region Hovedstaden;Vandløb;Poel Å;04-12-2007;1;Feltmålinger, Vandløb;Ja;Miljøstyrelsen;https://vanda.miljoeportal.dk/link/2d4c5af2-bad3-47c5-9547-d9507d4fab77;FRB1348;32;700057;6208333;1;04-12-2007 09:00:00 +01:00;;Temperatur; =;6,7;grader C;3
Station;49000094;PØLE Å, Ns Alsønderup Enge;32;700057;6208333;Gribskov;Region Hovedstaden;Vandløb;Poel Å;16-09-2008;1;Feltmålinger, Vandløb;Ja;Miljøstyrelsen;https://vanda.miljoeportal.dk/link/1eb5a187-381d-4040-af63-68469ea1cb05;FRB1348;32;700057;6208333;1;16-09-2008 09:05:00 +02:00;;Temperatur; =;18,9;grader C;3
Station;49000094;PØLE Å, Ns Alsønderup Enge;32;700057;6208333;Gribskov;Region Hovedstaden;Vandløb;Poel Å;01-12-2004;1;Feltmålinger, Vandløb;Ja;Miljøstyrelsen;https://vanda.miljoeportal.dk/link/e818b944-7736-410c-a434-cfc4bd58b2cf;FRB1348;32;700057;6208333;1;01-12-2004 10:00:00 +01:00;;Oxygenmætning; =;71;pct;3
Station;49000094;PØLE Å, Ns Alsønderup Enge;32;700057;6208333;Gribskov;Region Hovedstaden;Vandløb;Poel Å;03-08-2011;1;Feltmålinger, Vandløb;Ja;Miljøstyrelsen;https://vanda.miljoeportal.dk/link/e5626cf4-31e9-4689-8e8c-75f0357c6aaa;FRB1348;32;700057;6208333;1;03-08-2011 11:30:00 +02:00;;Temperatur; =;24,7;grader C;3
Station;49000094;PØLE Å, Ns Alsønderup Enge;32;700057;6208333;Gribskov;Region Hovedstaden;Vandløb;Poel Å;06-10-2004;1;Feltmålinger, Vandløb;Ja;Miljøstyrelsen;https://vanda.miljoeportal.dk/link/9dfc9330-cdb0-4c11-949d-91f92978ef17;FRB1348;32;700057;6208333;1;06-10-2004 10:00:00 +02:00;;Oxygen indhold; =;7,2;mg/l;3
Station;49000094;PØLE Å, Ns Alsønderup Enge;32;700057;6208333;Gribskov;Region Hovedstaden;Vandløb;Poel Å;30-08-2011;1;Feltmålinger, Vandløb;Ja;Miljøstyrelsen;https://vanda.miljoeportal.dk/link/59b57fbf-73ba-4322-94ab-33d232031418;FRB1348;32;700057;6208333;1;30-08-2011 09:10:00 +02:00;;pH; =;7,8;pH;3
Station;49000094;PØLE Å, Ns Alsønderup Enge;32;700057;6208333;Gribskov;Region Hovedstaden;Vandløb;Poel Å;26-06-2013;1;Feltmålinger, Vandløb;Ja;Miljøstyrelsen;https://vanda.miljoeportal.dk/link/12b2a865-e78e-468c-af00-8c1041218d74;FRB1348;32;700057;6208333;1;26-06-2013 08:50:00 +02:00;;Temperatur; =;17;grader C;3
Station;49000094;PØLE Å, Ns Alsønderup Enge;32;700057;6208333;Gribskov;Region Hovedstaden;Vandløb;Poel Å;01-02-2006;1;Feltmålinger, Vandløb;Ja;Miljøstyrelsen;https://vanda.miljoeportal.dk/link/4be84f81-7ea8-4147-bea0-3b496c1f1e9d;FRB1348;32;700057;6208333;1;01-02-2006 09:50:00 +01:00;;Oxygenmætning; =;59;pct;2
Station;49000094;PØLE Å, Ns Alsønderup Enge;32;700057;6208333;Gribskov;Region Hovedstaden;Vandløb;Poel Å;29-05-2012;1;Feltmålinger, Vandløb;Ja;Miljøstyrelsen;https://vanda.miljoeportal.dk/link/6251d0ac-3eba-442d-8500-c9e096d143a1;FRB1348;32;700057;6208333;1;29-05-2012 08:35:00 +02:00;;Temperatur; =;17,9;grader C;3
Station;49000094;PØLE Å, Ns Alsønderup Enge;32;700057;6208333;Gribskov;Region Hovedstaden;Vandløb;Poel Å;14-09-2005;1;Feltmålinger, Vandløb;Ja;Miljøstyrelsen;https://vanda.miljoeportal.dk/link/11301102-2fcf-4df0-b029-5f4326f45760;FRB1348;32;700057;6208333;1;14-09-2005 09:35:00 +02:00;;Oxygen indhold; =;4,9;mg/l;3
Station;49000094;PØLE Å, Ns Alsønderup Enge;32;700057;6208333;Gribskov;Region Hovedstaden;Vandløb;Poel Å;24-05-2006;1;Feltmålinger, Vandløb;Ja;Miljøstyrelsen;https://vanda.miljoeportal.dk/link/e49ecfe7-06e0-4651-bdec-472cd6ca408c;FRB1348;32;700057;6208333;1;24-05-2006 09:45:00 +02:00;;Temperatur; =;11,8;grader C;2
Station;49000094;PØLE Å, Ns Alsønderup Enge;32;700057;6208333;Gribskov;Region Hovedstaden;Vandløb;Poel Å;30-08-2006;1;Feltmålinger, Vandløb;Ja;Miljøstyrelsen;https://vanda.miljoeportal.dk/link/88ba3774-9170-4bbc-842f-7c10f8d3c8f4;FRB1348;32;700057;6208333;1;30-08-2006 09:40:00 +02:00;;Oxygenmætning; =;77;pct;2
Station;49000094;PØLE Å, Ns Alsønderup Enge;32;700057;6208333;Gribskov;Region Hovedstaden;Vandløb;Poel Å;13-07-2010;1;Feltmålinger, Vandløb;Ja;Miljøstyrelsen;https://vanda.miljoeportal.dk/link/1ba8f346-5e3f-4050-9d18-0fdbfb8639bf;FRB1348;32;700057;6208333;1;13-07-2010 09:20:00 +02:00;;Temperatur; =;24,7;grader C;3
Station;49000094;PØLE Å, Ns Alsønderup Enge;32;700057;6208333;Gribskov;Region Hovedstaden;Vandløb;Poel Å;24-09-2013;1;Feltmålinger, Vandløb;Ja;Miljøstyrelsen;https://vanda.miljoeportal.dk/link/a94e2a6d-80b0-4b50-b15e-0fc605f82f23;FRB1348;32;700057;6208333;1;24-09-2013 09:05:00 +02:00;;pH; =;8,4;pH;3
Station;49000094;PØLE Å, Ns Alsønderup Enge;32;700057;6208333;Gribskov;Region Hovedstaden;Vandløb;Poel Å;22-11-2006;1;Feltmålinger, Vandløb;Ja;Miljøstyrelsen;https://vanda.miljoeportal.dk/link/31525b82-b3d3-4cc4-828a-142e0e338bf1;FRB1348;32;700057;6208333;1;22-11-2006 09:25:00 +01:00;;Temperatur; =;6,3;grader C;2
Station;49000094;PØLE Å, Ns Alsønderup Enge;32;700057;6208333;Gribskov;Region Hovedstaden;Vandløb;Poel Å;19-08-2008;1;Feltmålinger, Vandløb;Ja;Miljøstyrelsen;https://vanda.miljoeportal.dk/link/3958ed80-c31c-4ea9-b372-e858132dd8b0;FRB1348;32;700057;6208333;1;19-08-2008 09:20:00 +02:00;;Temperatur; =;20;grader C;3
Station;49000094;PØLE Å, Ns Alsønderup Enge;32;700057;6208333;Gribskov;Region Hovedstaden;Vandløb;Poel Å;05-08-2008;1;Feltmålinger, Vandløb;Ja;Miljøstyrelsen;https://vanda.miljoeportal.dk/link/f371af0c-bee4-429a-99c4-a75c7b0ba8d2;FRB1348;32;700057;6208333;1;05-08-2008 10:05:00 +02:00;;Temperatur; =;17,6;grader C;3
Station;49000094;PØLE Å, Ns Alsønderup Enge;32;700057;6208333;Gribskov;Region Hovedstaden;Vandløb;Poel Å;05-01-2005;1;Feltmålinger, Vandløb;Ja;Miljøstyrelsen;https://vanda.miljoeportal.dk/link/c3c65597-1e8e-454b-a10a-cf623aff108c;FRB1348;32;700057;6208333;1;05-01-2005 10:10:00 +01:00;;Temperatur; =;3,8;grader C;3
Station;49000094;PØLE Å, Ns Alsønderup Enge;32;700057;6208333;Gribskov;Region Hovedstaden;Vandløb;Poel Å;24-10-2006;1;Feltmålinger, Vandløb;Ja;Miljøstyrelsen;https://vanda.miljoeportal.dk/link/49b0a169-060f-4d59-a3ea-53d70576980e;FRB1348;32;700057;6208333;1;24-10-2006 09:45:00 +02:00;;Oxygenmætning; =;72;pct;2
Station;49000094;PØLE Å, Ns Alsønderup Enge;32;700057;6208333;Gribskov;Region Hovedstaden;Vandløb;Poel Å;23-08-2012;1;Feltmålinger, Vandløb;Ja;Miljøstyrelsen;https://vanda.miljoeportal.dk/link/dded435a-55d8-444d-b651-490681799d6e;FRB1348;32;700057;6208333;1;23-08-2012 08:20:00 +02:00;;Temperatur; =;18,2;grader C;3
Station;49000094;PØLE Å, Ns Alsønderup Enge;32;700057;6208333;Gribskov;Region Hovedstaden;Vandløb;Poel Å;19-07-2006;1;Feltmålinger, Vandløb;Ja;Miljøstyrelsen;https://vanda.miljoeportal.dk/link/b2aa62df-e52d-45cd-a132-013d06cd944d;FRB1348;32;700057;6208333;1;19-07-2006 09:35:00 +02:00;;Oxygen indhold; =;7,2;mg/l;2
Station;49000094;PØLE Å, Ns Alsønderup Enge;32;700057;6208333;Gribskov;Region Hovedstaden;Vandløb;Poel Å;14-01-2014;1;Feltmålinger, Vandløb;Ja;Miljøstyrelsen;https://vanda.miljoeportal.dk/link/4e1fea90-a9d5-4730-a2cd-f4da6cd5bfa2;FRB1348;32;700057;6208333;1;14-01-2014 08:40:00 +01:00;;pH; =;8,1;pH;3
Station;49000094;PØLE Å, Ns Alsønderup Enge;32;700057;6208333;Gribskov;Region Hovedstaden;Vandløb;Poel Å;22-12-2022;1;Feltmålinger, Vandløb;Ja;Miljøstyrelsen;https://vanda.miljoeportal.dk/link/39ab4d40-9a38-4ad0-b5ac-240b49bc9825;FRB1348;32;700057;6208333;1;22-12-2022 13:35:00 +01:00;;pH; =;7,765;pH;2
Station;49000094;PØLE Å, Ns Alsønderup Enge;32;700057;6208333;Gribskov;Region Hovedstaden;Vandløb;Poel Å;29-10-2019;1;Feltmålinger, Vandløb;Ja;Miljøstyrelsen;https://vanda.miljoeportal.dk/link/001415fd-35bc-4558-8ee4-c5d9ac88d7c9;FRB1348;32;700057;6208333;1;29-10-2019 15:00:00 +01:00;;Temperatur; =;8,6;grader C;2
Station;49000094;PØLE Å, Ns Alsønderup Enge;32;700057;6208333;Gribskov;Region Hovedstaden;Vandløb;Poel Å;02-12-2020;1;Feltmålinger, Vandløb;Ja;Miljøstyrelsen;https://vanda.miljoeportal.dk/link/1956e781-f154-4796-8b31-7ff402e2d1f7;FRB1348;32;700057;6208333;1;02-12-2020 14:24:00 +01:00;;Temperatur; =;3,8;grader C;2
Station;49000094;PØLE Å, Ns Alsønderup Enge;32;700057;6208333;Gribskov;Region Hovedstaden;Vandløb;Poel Å;26-05-2015;1;Feltmålinger, Vandløb;Ja;Miljøstyrelsen;https://vanda.miljoeportal.dk/link/102a3d5c-96b6-418b-b25f-e0ea251a99b1;FRB1348;32;700057;6208333;1;26-05-2015 09:15:00 +02:00;;Temperatur; =;13,5;grader C;2
Station;49000094;PØLE Å, Ns Alsønderup Enge;32;700057;6208333;Gribskov;Region Hovedstaden;Vandløb;Poel Å;07-11-2017;1;Feltmålinger, Vandløb;Ja;Miljøstyrelsen;https://vanda.miljoeportal.dk/link/e0cf03c7-da29-44a3-9b30-50de79bd3691;FRB1348;32;700057;6208333;1;07-11-2017 08:35:00 +01:00;;pH; =;8,2;pH;2
Station;49000094;PØLE Å, Ns Alsønderup Enge;32;700057;6208333;Gribskov;Region Hovedstaden;Vandløb;Poel Å;07-04-2021;1;Feltmålinger, Vandløb;Ja;Miljøstyrelsen;https://vanda.miljoeportal.dk/link/88a53f7a-4083-437b-aa29-cf15ea8cc71a;FRB1348;32;700057;6208333;1;07-04-2021 12:15:00 +02:00;;Temperatur; =;6,4;grader C;2
Station;49000094;PØLE Å, Ns Alsønderup Enge;32;700057;6208333;Gribskov;Region Hovedstaden;Vandløb;Poel Å;04-11-2014;1;Feltmålinger, Vandløb;Ja;Miljøstyrelsen;https://vanda.miljoeportal.dk/link/e676b887-ae4a-4e24-9a4d-66bb4309ba6e;FRB1348;32;700057;6208333;1;04-11-2014 08:50:00 +01:00;;Temperatur; =;11;grader C;3
Station;49000094;PØLE Å, Ns Alsønderup Enge;32;700057;6208333;Gribskov;Region Hovedstaden;Vandløb;Poel Å;05-07-2011;1;Feltmålinger, Vandløb;Ja;Miljøstyrelsen;https://vanda.miljoeportal.dk/link/05785296-ac03-471a-9cad-0c110a90512e;FRB1348;32;700057;6208333;1;05-07-2011 09:15:00 +02:00;;Temperatur; =;21,9;grader C;3
Station;49000094;PØLE Å, Ns Alsønderup Enge;32;700057;6208333;Gribskov;Region Hovedstaden;Vandløb;Poel Å;09-09-2013;1;Feltmålinger, Vandløb;Ja;Miljøstyrelsen;https://vanda.miljoeportal.dk/link/48234244-76fe-45a2-a259-f8a7b77bc61e;FRB1348;32;700057;6208333;1;09-09-2013 08:05:00 +02:00;;Temperatur; =;15,7;grader C;3
Station;49000094;PØLE Å, Ns Alsønderup Enge;32;700057;6208333;Gribskov;Region Hovedstaden;Vandløb;Poel Å;25-04-2017;1;Feltmålinger, Vandløb;Ja;Miljøstyrelsen;https://vanda.miljoeportal.dk/link/b3e3f807-30a3-43b6-b891-0c88454a40aa;FRB1348;32;700057;6208333;1;25-04-2017 08:10:00 +02:00;;pH; =;9,1;pH;2
Station;49000094;PØLE Å, Ns Alsønderup Enge;32;700057;6208333;Gribskov;Region Hovedstaden;Vandløb;Poel Å;11-05-2005;1;Feltmålinger, Vandløb;Ja;Miljøstyrelsen;https://vanda.miljoeportal.dk/link/1a5c5265-f604-4989-b6cb-a49a28d7e883;FRB1348;32;700057;6208333;1;11-05-2005 10:30:00 +02:00;;Temperatur; =;12,2;grader C;3
Station;49000094;PØLE Å, Ns Alsønderup Enge;32;700057;6208333;Gribskov;Region Hovedstaden;Vandløb;Poel Å;06-02-2019;1;Feltmålinger, Vandløb;Ja;Miljøstyrelsen;https://vanda.miljoeportal.dk/link/a9fbf1e3-86ce-48d3-b6c3-e57aaac4c7c3;FRB1348;32;700057;6208333;1;06-02-2019 08:35:00 +01:00;;pH; =;8,2;pH;2
Station;49000094;PØLE Å, Ns Alsønderup Enge;32;700057;6208333;Gribskov;Region Hovedstaden;Vandløb;Poel Å;30-08-2011;1;Feltmålinger, Vandløb;Ja;Miljøstyrelsen;https://vanda.miljoeportal.dk/link/59b57fbf-73ba-4322-94ab-33d232031418;FRB1348;32;700057;6208333;1;30-08-2011 09:10:00 +02:00;;Temperatur; =;15,1;grader C;3
Station;49000094;PØLE Å, Ns Alsønderup Enge;32;700057;6208333;Gribskov;Region Hovedstaden;Vandløb;Poel Å;02-03-2006;1;Feltmålinger, Vandløb;Ja;Miljøstyrelsen;https://vanda.miljoeportal.dk/link/9fb8f44b-656b-4cde-995b-886473a83730;FRB1348;32;700057;6208333;1;02-03-2006 10:10:00 +01:00;;Temperatur; =;1,6;grader C;2
Station;49000094;PØLE Å, Ns Alsønderup Enge;32;700057;6208333;Gribskov;Region Hovedstaden;Vandløb;Poel Å;05-10-2022;1;Feltmålinger, Vandløb;Ja;Miljøstyrelsen;https://vanda.miljoeportal.dk/link/f0f6683f-10b9-46ef-af16-62fadad8e149;FRB1348;32;700057;6208333;1;05-10-2022 10:04:00 +02:00;;pH; =;8,39;pH;2
Station;49000094;PØLE Å, Ns Alsønderup Enge;32;700057;6208333;Gribskov;Region Hovedstaden;Vandløb;Poel Å;15-07-2008;1;Feltmålinger, Vandløb;Ja;Miljøstyrelsen;https://vanda.miljoeportal.dk/link/240603f6-a9b9-48b0-8b8f-83a167aada9c;FRB1348;32;700057;6208333;1;15-07-2008 09:00:00 +02:00;;Temperatur; =;22,4;grader C;3
Station;49000094;PØLE Å, Ns Alsønderup Enge;32;700057;6208333;Gribskov;Region Hovedstaden;Vandløb;Poel Å;29-09-2015;1;Feltmålinger, Vandløb;Ja;Miljøstyrelsen;https://vanda.miljoeportal.dk/link/022adadf-b3e9-4251-873c-53df6c57b567;FRB1348;32;700057;6208333;1;29-09-2015 11:15:00 +02:00;;pH; =;9,4;pH;2
Station;49000094;PØLE Å, Ns Alsønderup Enge;32;700057;6208333;Gribskov;Region Hovedstaden;Vandløb;Poel Å;07-07-2020;1;Feltmålinger, Vandløb;Ja;Miljøstyrelsen;https://vanda.miljoeportal.dk/link/4d02417b-5d1d-4e01-8842-10c241007c5d;FRB1348;32;700057;6208333;1;07-07-2020 13:38:00 +02:00;;pH; =;8,8;pH;2
Station;49000094;PØLE Å, Ns Alsønderup Enge;32;700057;6208333;Gribskov;Region Hovedstaden;Vandløb;Poel Å;26-06-2012;1;Feltmålinger, Vandløb;Ja;Miljøstyrelsen;https://vanda.miljoeportal.dk/link/9fc3876a-5abb-4edc-9531-676a73c8b0d8;FRB1348;32;700057;6208333;1;26-06-2012 08:10:00 +02:00;;pH; =;8,4;pH;3
Station;49000094;PØLE Å, Ns Alsønderup Enge;32;700057;6208333;Gribskov;Region Hovedstaden;Vandløb;Poel Å;27-09-2023;1;Feltmålinger, Vandløb;Ja;Miljøstyrelsen;https://vanda.miljoeportal.dk/link/14b015a7-6d1a-4451-b262-887fff3022e2;FRB1348;32;700057;6208333;1;27-09-2023 08:54:00 +02:00;;Salinitet; =;0,3;promille;2
Station;49000094;PØLE Å, Ns Alsønderup Enge;32;700057;6208333;Gribskov;Region Hovedstaden;Vandløb;Poel Å;05-07-2006;1;Feltmålinger, Vandløb;Ja;Miljøstyrelsen;https://vanda.miljoeportal.dk/link/5a1713f6-d3c7-4fbf-a1f1-b02d0bc5983b;FRB1348;32;700057;6208333;1;05-07-2006 09:30:00 +02:00;;Oxygen indhold; =;7,9;mg/l;2
Station;49000094;PØLE Å, Ns Alsønderup Enge;32;700057;6208333;Gribskov;Region Hovedstaden;Vandløb;Poel Å;04-03-2022;1;Feltmålinger, Vandløb;Ja;Miljøstyrelsen;https://vanda.miljoeportal.dk/link/9daafd65-9cc0-49c2-83ae-48dfb615f591;FRB1348;32;700057;6208333;1;04-03-2022 11:10:00 +01:00;;Temperatur; =;4,1;grader C;2
Station;49000094;PØLE Å, Ns Alsønderup Enge;32;700057;6208333;Gribskov;Region Hovedstaden;Vandløb;Poel Å;23-04-2015;1;Feltmålinger, Vandløb;Ja;Miljøstyrelsen;https://vanda.miljoeportal.dk/link/f32ed706-8496-4a40-ad90-397adaa954d5;FRB1348;32;700057;6208333;1;23-04-2015 10:00:00 +02:00;;Temperatur; =;13,1;grader C;2
Station;49000094;PØLE Å, Ns Alsønderup Enge;32;700057;6208333;Gribskov;Region Hovedstaden;Vandløb;Poel Å;23-01-2017;1;Feltmålinger, Vandløb;Ja;Miljøstyrelsen;https://vanda.miljoeportal.dk/link/ebebc84c-a80a-4e4b-8a02-36b638506c55;FRB1348;32;700057;6208333;1;23-01-2017 09:30:00 +01:00;;pH; =;8,1;pH;2
Station;49000094;PØLE Å, Ns Alsønderup Enge;32;700057;6208333;Gribskov;Region Hovedstaden;Vandløb;Poel Å;26-01-2010;1;Feltmålinger, Vandløb;Ja;Miljøstyrelsen;https://vanda.miljoeportal.dk/link/cc2540ae-3421-4f2c-8b24-74ffa3e940ce;FRB1348;32;700057;6208333;1;26-01-2010 08:20:00 +01:00;;Temperatur; =;0;grader C;3
Station;49000094;PØLE Å, Ns Alsønderup Enge;32;700057;6208333;Gribskov;Region Hovedstaden;Vandløb;Poel Å;10-07-2007;1;Feltmålinger, Vandløb;Ja;Miljøstyrelsen;https://vanda.miljoeportal.dk/link/ef131d7d-ebef-48c1-8714-1306324dc771;FRB1348;32;700057;6208333;1;10-07-2007 08:50:00 +02:00;;Temperatur; =;17,3;grader C;3
Station;49000094;PØLE Å, Ns Alsønderup Enge;32;700057;6208333;Gribskov;Region Hovedstaden;Vandløb;Poel Å;22-05-2012;1;Feltmålinger, Vandløb;Ja;Miljøstyrelsen;https://vanda.miljoeportal.dk/link/721bd299-245a-49ac-888b-1aae0358ee2e;FRB1348;32;700057;6208333;1;22-05-2012 09:00:00 +02:00;;pH; =;8,7;pH;3
Station;49000094;PØLE Å, Ns Alsønderup Enge;32;700057;6208333;Gribskov;Region Hovedstaden;Vandløb;Poel Å;11-02-2014;1;Feltmålinger, Vandløb;Ja;Miljøstyrelsen;https://vanda.miljoeportal.dk/link/84608f91-9fb9-42b8-b72e-a3cb085c6432;FRB1348;32;700057;6208333;1;11-02-2014 08:45:00 +01:00;;pH; =;7,9;pH;3
Station;49000094;PØLE Å, Ns Alsønderup Enge;32;700057;6208333;Gribskov;Region Hovedstaden;Vandløb;Poel Å;08-10-2013;1;Feltmålinger, Vandløb;Ja;Miljøstyrelsen;https://vanda.miljoeportal.dk/link/a9b18e9a-f795-471d-8546-4b728429c15b;FRB1348;32;700057;6208333;1;08-10-2013 08:30:00 +02:00;;pH; =;8,3;pH;3
Station;49000094;PØLE Å, Ns Alsønderup Enge;32;700057;6208333;Gribskov;Region Hovedstaden;Vandløb;Poel Å;22-11-2011;1;Feltmålinger, Vandløb;Ja;Miljøstyrelsen;https://vanda.miljoeportal.dk/link/8bb50088-e227-44a9-8429-b95abc451d26;FRB1348;32;700057;6208333;1;22-11-2011 09:05:00 +01:00;;pH; =;8,2;pH;3
Station;49000094;PØLE Å, Ns Alsønderup Enge;32;700057;6208333;Gribskov;Region Hovedstaden;Vandløb;Poel Å;13-12-2011;1;Feltmålinger, Vandløb;Ja;Miljøstyrelsen;https://vanda.miljoeportal.dk/link/6f73615b-16ac-4913-99e9-3d014f4183cf;FRB1348;32;700057;6208333;1;13-12-2011 09:05:00 +01:00;;Temperatur; =;3,1;grader C;3
Station;49000094;PØLE Å, Ns Alsønderup Enge;32;700057;6208333;Gribskov;Region Hovedstaden;Vandløb;Poel Å;28-08-2007;1;Feltmålinger, Vandløb;Ja;Miljøstyrelsen;https://vanda.miljoeportal.dk/link/5ece7e9e-a4bf-4274-8035-d6a8dda057c1;FRB1348;32;700057;6208333;1;28-08-2007 09:15:00 +02:00;;Temperatur; =;15,7;grader C;3
Station;49000094;PØLE Å, Ns Alsønderup Enge;32;700057;6208333;Gribskov;Region Hovedstaden;Vandløb;Poel Å;17-05-2016;1;Feltmålinger, Vandløb;Ja;Miljøstyrelsen;https://vanda.miljoeportal.dk/link/70049c67-ebb7-44e2-8e20-d0941487b8c9;FRB1348;32;700057;6208333;1;17-05-2016 09:40:00 +02:00;;Temperatur; =;12,3;grader C;3
Station;49000094;PØLE Å, Ns Alsønderup Enge;32;700057;6208333;Gribskov;Region Hovedstaden;Vandløb;Poel Å;11-05-2005;1;Feltmålinger, Vandløb;Ja;Miljøstyrelsen;https://vanda.miljoeportal.dk/link/1a5c5265-f604-4989-b6cb-a49a28d7e883;FRB1348;32;700057;6208333;1;11-05-2005 10:30:00 +02:00;;Oxygen indhold; =;14,6;mg/l;3
Station;49000094;PØLE Å, Ns Alsønderup Enge;32;700057;6208333;Gribskov;Region Hovedstaden;Vandløb;Poel Å;30-11-2015;1;Feltmålinger, Vandløb;Ja;Miljøstyrelsen;https://vanda.miljoeportal.dk/link/9c6c9ca7-954b-4038-be7c-c4954ec7e424;FRB1348;32;700057;6208333;1;30-11-2015 08:25:00 +01:00;;Temperatur; =;4,2;grader C;2
Station;49000094;PØLE Å, Ns Alsønderup Enge;32;700057;6208333;Gribskov;Region Hovedstaden;Vandløb;Poel Å;22-11-2019;1;Feltmålinger, Vandløb;Ja;Miljøstyrelsen;https://vanda.miljoeportal.dk/link/c0a3fcfd-5e27-411a-a021-ff197fb0ac65;FRB1348;32;700057;6208333;1;22-11-2019 13:20:00 +01:00;;pH; =;8,2;pH;2
Station;49000094;PØLE Å, Ns Alsønderup Enge;32;700057;6208333;Gribskov;Region Hovedstaden;Vandløb;Poel Å;04-10-2011;1;Feltmålinger, Vandløb;Ja;Miljøstyrelsen;https://vanda.miljoeportal.dk/link/bd8c1130-434a-4763-964e-7c1d013c0853;FRB1348;32;700057;6208333;1;04-10-2011 08:55:00 +02:00;;Temperatur; =;15,4;grader C;3
Station;49000094;PØLE Å, Ns Alsønderup Enge;32;700057;6208333;Gribskov;Region Hovedstaden;Vandløb;Poel Å;30-10-2023;1;Feltmålinger, Vandløb;Ja;Miljøstyrelsen;https://vanda.miljoeportal.dk/link/ade59626-fcd6-4d61-8e75-8e50bb52821d;FRB1348;32;700057;6208333;1;30-10-2023 11:04:00 +01:00;;Temperatur; =;8,1;grader C;2
Station;49000094;PØLE Å, Ns Alsønderup Enge;32;700057;6208333;Gribskov;Region Hovedstaden;Vandløb;Poel Å;26-02-2019;1;Feltmålinger, Vandløb;Ja;Miljøstyrelsen;https://vanda.miljoeportal.dk/link/a0754d23-ac82-459f-9b22-e74858f31760;FRB1348;32;700057;6208333;1;26-02-2019 07:10:00 +01:00;;pH; =;8,5;pH;2
Station;49000094;PØLE Å, Ns Alsønderup Enge;32;700057;6208333;Gribskov;Region Hovedstaden;Vandløb;Poel Å;04-11-2014;1;Feltmålinger, Vandløb;Ja;Miljøstyrelsen;https://vanda.miljoeportal.dk/link/e676b887-ae4a-4e24-9a4d-66bb4309ba6e;FRB1348;32;700057;6208333;1;04-11-2014 08:50:00 +01:00;;pH; =;8,1;pH;3
Station;49000094;PØLE Å, Ns Alsønderup Enge;32;700057;6208333;Gribskov;Region Hovedstaden;Vandløb;Poel Å;10-11-2009;1;Feltmålinger, Vandløb;Ja;Miljøstyrelsen;https://vanda.miljoeportal.dk/link/e3bd79b4-e3f8-4a59-b42c-fc5ab07e9033;FRB1348;32;700057;6208333;1;10-11-2009 08:25:00 +01:00;;Temperatur; =;6,2;grader C;3
Station;49000094;PØLE Å, Ns Alsønderup Enge;32;700057;6208333;Gribskov;Region Hovedstaden;Vandløb;Poel Å;22-04-2014;1;Feltmålinger, Vandløb;Ja;Miljøstyrelsen;https://vanda.miljoeportal.dk/link/b47dd423-0cc0-4884-8332-1b3b4ebad945;FRB1348;32;700057;6208333;1;22-04-2014 08:20:00 +02:00;;Temperatur; =;12,4;grader C;3
Station;49000094;PØLE Å, Ns Alsønderup Enge;32;700057;6208333;Gribskov;Region Hovedstaden;Vandløb;Poel Å;18-04-2018;1;Feltmålinger, Vandløb;Ja;Miljøstyrelsen;https://vanda.miljoeportal.dk/link/b516f9ea-d51a-42b7-8428-ee0568459621;FRB1348;32;700057;6208333;1;18-04-2018 07:40:00 +02:00;;Temperatur; =;12;grader C;2
Station;49000094;PØLE Å, Ns Alsønderup Enge;32;700057;6208333;Gribskov;Region Hovedstaden;Vandløb;Poel Å;01-06-2023;1;Feltmålinger, Vandløb;Ja;Miljøstyrelsen;https://vanda.miljoeportal.dk/link/8b7a9fcc-a45c-49a3-8a12-2e92a866a88c;FRB1348;32;700057;6208333;1;01-06-2023 10:10:00 +02:00;;Temperatur; =;17,9;grader C;2
Station;49000094;PØLE Å, Ns Alsønderup Enge;32;700057;6208333;Gribskov;Region Hovedstaden;Vandløb;Poel Å;15-10-2015;1;Feltmålinger, Vandløb;Ja;Miljøstyrelsen;https://vanda.miljoeportal.dk/link/edc0b532-ec62-489d-9d8e-050ab3bd493d;FRB1348;32;700057;6208333;1;15-10-2015 10:55:00 +02:00;;pH; =;9,6;pH;2
Station;49000094;PØLE Å, Ns Alsønderup Enge;32;700057;6208333;Gribskov;Region Hovedstaden;Vandløb;Poel Å;08-02-2016;1;Feltmålinger, Vandløb;Ja;Miljøstyrelsen;https://vanda.miljoeportal.dk/link/32953f5b-6309-44fe-8eb3-4cc2c0f8c475;FRB1348;32;700057;6208333;1;08-02-2016 09:15:00 +01:00;;Temperatur; =;3,9;grader C;3
Station;49000094;PØLE Å, Ns Alsønderup Enge;32;700057;6208333;Gribskov;Region Hovedstaden;Vandløb;Poel Å;16-03-2005;1;Feltmålinger, Vandløb;Ja;Miljøstyrelsen;https://vanda.miljoeportal.dk/link/17aea882-6fba-4f26-bfbb-552527650032;FRB1348;32;700057;6208333;1;16-03-2005 10:20:00 +01:00;;Temperatur; =;2,1;grader C;3
Station;49000094;PØLE Å, Ns Alsønderup Enge;32;700057;6208333;Gribskov;Region Hovedstaden;Vandløb;Poel Å;03-09-2015;1;Feltmålinger, Vandløb;Ja;Miljøstyrelsen;https://vanda.miljoeportal.dk/link/9ae4cb1b-afd8-404b-9c15-bc9b859b297a;FRB1348;32;700057;6208333;1;03-09-2015 11:15:00 +02:00;;Temperatur; =;17,6;grader C;2
Station;49000094;PØLE Å, Ns Alsønderup Enge;32;700057;6208333;Gribskov;Region Hovedstaden;Vandløb;Poel Å;15-06-2010;1;Feltmålinger, Vandløb;Ja;Miljøstyrelsen;https://vanda.miljoeportal.dk/link/d2eb9385-9618-4ea2-89e0-027380587557;FRB1348;32;700057;6208333;1;15-06-2010 08:45:00 +02:00;;Temperatur; =;14,3;grader C;3
Station;49000094;PØLE Å, Ns Alsønderup Enge;32;700057;6208333;Gribskov;Region Hovedstaden;Vandløb;Poel Å;17-06-2014;1;Feltmålinger, Vandløb;Ja;Miljøstyrelsen;https://vanda.miljoeportal.dk/link/54da624d-8d76-4cec-9e2d-4c880ad277f5;FRB1348;32;700057;6208333;1;17-06-2014 08:30:00 +02:00;;Temperatur; =;19,3;grader C;3
Station;49000094;PØLE Å, Ns Alsønderup Enge;32;700057;6208333;Gribskov;Region Hovedstaden;Vandløb;Poel Å;13-08-2013;1;Feltmålinger, Vandløb;Ja;Miljøstyrelsen;https://vanda.miljoeportal.dk/link/86790353-1429-45b9-87b1-f4e06c1ce7ac;FRB1348;32;700057;6208333;1;13-08-2013 08:35:00 +02:00;;pH; =;8,2;pH;3
Station;49000094;PØLE Å, Ns Alsønderup Enge;32;700057;6208333;Gribskov;Region Hovedstaden;Vandløb;Poel Å;23-05-2022;1;Feltmålinger, Vandløb;Ja;Miljøstyrelsen;https://vanda.miljoeportal.dk/link/8e519e26-9e36-4681-a623-418abddb8d86;FRB1348;32;700057;6208333;1;23-05-2022 12:04:00 +02:00;;Temperatur; =;18,6;grader C;2
Station;49000094;PØLE Å, Ns Alsønderup Enge;32;700057;6208333;Gribskov;Region Hovedstaden;Vandløb;Poel Å;08-12-2015;1;Feltmålinger, Vandløb;Ja;Miljøstyrelsen;https://vanda.miljoeportal.dk/link/7a8f69f7-25d2-40f3-9810-fedfee1f336a;FRB1348;32;700057;6208333;1;08-12-2015 09:05:00 +01:00;;Temperatur; =;6,5;grader C;2
Station;49000094;PØLE Å, Ns Alsønderup Enge;32;700057;6208333;Gribskov;Region Hovedstaden;Vandløb;Poel Å;17-12-2013;1;Feltmålinger, Vandløb;Ja;Miljøstyrelsen;https://vanda.miljoeportal.dk/link/8371adda-2c71-42ff-9e35-95de4f60899c;FRB1348;32;700057;6208333;1;17-12-2013 08:20:00 +01:00;;pH; =;8,1;pH;3
Station;49000094;PØLE Å, Ns Alsønderup Enge;32;700057;6208333;Gribskov;Region Hovedstaden;Vandløb;Poel Å;25-01-2023;1;Feltmålinger, Vandløb;Ja;Miljøstyrelsen;https://vanda.miljoeportal.dk/link/07c43b22-2ae0-4b41-a171-effaa2fe47aa;FRB1348;32;700057;6208333;1;25-01-2023 12:17:00 +01:00;;Temperatur; =;1,5;grader C;2
Station;49000094;PØLE Å, Ns Alsønderup Enge;32;700057;6208333;Gribskov;Region Hovedstaden;Vandløb;Poel Å;03-10-2019;1;Feltmålinger, Vandløb;Ja;Miljøstyrelsen;https://vanda.miljoeportal.dk/link/31cd6650-024e-47bd-9d44-bc3a096354e7;FRB1348;32;700057;6208333;1;03-10-2019 10:00:00 +02:00;;Temperatur; =;10,1;grader C;2
Station;49000094;PØLE Å, Ns Alsønderup Enge;32;700057;6208333;Gribskov;Region Hovedstaden;Vandløb;Poel Å;12-04-2022;1;Feltmålinger, Vandløb;Ja;Miljøstyrelsen;https://vanda.miljoeportal.dk/link/fe0fdec2-4215-46d3-aa0d-ec2b75e0ee01;FRB1348;32;700057;6208333;1;12-04-2022 15:03:00 +02:00;;Temperatur; =;9,3;grader C;2
Station;49000094;PØLE Å, Ns Alsønderup Enge;32;700057;6208333;Gribskov;Region Hovedstaden;Vandløb;Poel Å;25-08-2021;1;Feltmålinger, Vandløb;Ja;Miljøstyrelsen;https://vanda.miljoeportal.dk/link/44fb8e66-b237-4ffa-86cc-2eebbf5534f2;FRB1348;32;700057;6208333;1;25-08-2021 14:37:00 +02:00;;pH; =;8,76;pH;2
Station;49000094;PØLE Å, Ns Alsønderup Enge;32;700057;6208333;Gribskov;Region Hovedstaden;Vandløb;Poel Å;18-12-2018;1;Feltmålinger, Vandløb;Ja;Miljøstyrelsen;https://vanda.miljoeportal.dk/link/c504a997-086d-4917-9042-4155ba973e21;FRB1348;32;700057;6208333;1;18-12-2018 07:10:00 +01:00;;pH; =;8,1;pH;2
Station;49000094;PØLE Å, Ns Alsønderup Enge;32;700057;6208333;Gribskov;Region Hovedstaden;Vandløb;Poel Å;20-04-2010;1;Feltmålinger, Vandløb;Ja;Miljøstyrelsen;https://vanda.miljoeportal.dk/link/8aa3bfad-1b0e-42b8-b6ec-373b6641dc09;FRB1348;32;700057;6208333;1;20-04-2010 08:45:00 +02:00;;Temperatur; =;8,6;grader C;3
Station;49000094;PØLE Å, Ns Alsønderup Enge;32;700057;6208333;Gribskov;Region Hovedstaden;Vandløb;Poel Å;30-10-2023;1;Feltmålinger, Vandløb;Ja;Miljøstyrelsen;https://vanda.miljoeportal.dk/link/ade59626-fcd6-4d61-8e75-8e50bb52821d;FRB1348;32;700057;6208333;1;30-10-2023 11:04:00 +01:00;;Salinitet; =;0,3;promille;2
Station;49000094;PØLE Å, Ns Alsønderup Enge;32;700057;6208333;Gribskov;Region Hovedstaden;Vandløb;Poel Å;04-04-2006;1;Feltmålinger, Vandløb;Ja;Miljøstyrelsen;https://vanda.miljoeportal.dk/link/78ab5fd1-3a9f-4dbb-962a-f08440f96b52;FRB1348;32;700057;6208333;1;04-04-2006 09:30:00 +02:00;;Temperatur; =;4,5;grader C;2
Station;49000094;PØLE Å, Ns Alsønderup Enge;32;700057;6208333;Gribskov;Region Hovedstaden;Vandløb;Poel Å;15-12-2009;1;Feltmålinger, Vandløb;Ja;Miljøstyrelsen;https://vanda.miljoeportal.dk/link/e734f52c-505f-4c1a-9866-ecfc5c4658d7;FRB1348;32;700057;6208333;1;15-12-2009 08:40:00 +01:00;;Temperatur; =;2,7;grader C;3
Station;49000094;PØLE Å, Ns Alsønderup Enge;32;700057;6208333;Gribskov;Region Hovedstaden;Vandløb;Poel Å;20-07-2005;1;Feltmålinger, Vandløb;Ja;Miljøstyrelsen;https://vanda.miljoeportal.dk/link/94273c4f-def1-4546-9ad4-d0cdb995ce89;FRB1348;32;700057;6208333;1;20-07-2005 09:30:00 +02:00;;Oxygenmætning; =;90;pct;3
Station;49000094;PØLE Å, Ns Alsønderup Enge;32;700057;6208333;Gribskov;Region Hovedstaden;Vandløb;Poel Å;26-05-2015;1;Feltmålinger, Vandløb;Ja;Miljøstyrelsen;https://vanda.miljoeportal.dk/link/102a3d5c-96b6-418b-b25f-e0ea251a99b1;FRB1348;32;700057;6208333;1;26-05-2015 09:15:00 +02:00;;pH; =;8,8;pH;2
Station;49000094;PØLE Å, Ns Alsønderup Enge;32;700057;6208333;Gribskov;Region Hovedstaden;Vandløb;Poel Å;19-02-2015;1;Feltmålinger, Vandløb;Ja;Miljøstyrelsen;https://vanda.miljoeportal.dk/link/1ce297a0-3f4b-4763-98f3-3c5e71ddbef4;FRB1348;32;700057;6208333;1;19-02-2015 13:40:00 +01:00;;Temperatur; =;3,4;grader C;2
Station;49000094;PØLE Å, Ns Alsønderup Enge;32;700057;6208333;Gribskov;Region Hovedstaden;Vandløb;Poel Å;23-05-2022;1;Feltmålinger, Vandløb;Ja;Miljøstyrelsen;https://vanda.miljoeportal.dk/link/8e519e26-9e36-4681-a623-418abddb8d86;FRB1348;32;700057;6208333;1;23-05-2022 12:04:00 +02:00;;pH; =;8,99;pH;2
Station;49000094;PØLE Å, Ns Alsønderup Enge;32;700057;6208333;Gribskov;Region Hovedstaden;Vandløb;Poel Å;27-01-2009;1;Feltmålinger, Vandløb;Ja;Miljøstyrelsen;https://vanda.miljoeportal.dk/link/eb1cf580-d600-4ce9-b177-707b57ce7bcf;FRB1348;32;700057;6208333;1;27-01-2009 08:10:00 +01:00;;Temperatur; =;1,8;grader C;3
Station;49000094;PØLE Å, Ns Alsønderup Enge;32;700057;6208333;Gribskov;Region Hovedstaden;Vandløb;Poel Å;25-09-2012;1;Feltmålinger, Vandløb;Ja;Miljøstyrelsen;https://vanda.miljoeportal.dk/link/62ad761d-7158-4f61-9aa1-d15a4e2dabea;FRB1348;32;700057;6208333;1;25-09-2012 08:15:00 +02:00;;pH; =;8,4;pH;3
Station;49000094;PØLE Å, Ns Alsønderup Enge;32;700057;6208333;Gribskov;Region Hovedstaden;Vandløb;Poel Å;04-04-2006;1;Feltmålinger, Vandløb;Ja;Miljøstyrelsen;https://vanda.miljoeportal.dk/link/78ab5fd1-3a9f-4dbb-962a-f08440f96b52;FRB1348;32;700057;6208333;1;04-04-2006 09:30:00 +02:00;;Oxygenmætning; =;82;pct;2
Station;49000094;PØLE Å, Ns Alsønderup Enge;32;700057;6208333;Gribskov;Region Hovedstaden;Vandløb;Poel Å;08-11-2011;1;Feltmålinger, Vandløb;Ja;Miljøstyrelsen;https://vanda.miljoeportal.dk/link/006e09cb-3232-4d40-8c29-ca19433e90bf;FRB1348;32;700057;6208333;1;08-11-2011 08:55:00 +01:00;;Temperatur; =;8,1;grader C;3
Station;49000094;PØLE Å, Ns Alsønderup Enge;32;700057;6208333;Gribskov;Region Hovedstaden;Vandløb;Poel Å;06-04-2017;1;Feltmålinger, Vandløb;Ja;Miljøstyrelsen;https://vanda.miljoeportal.dk/link/d8710951-e1c2-4db6-b3b6-c71dc9568582;FRB1348;32;700057;6208333;1;06-04-2017 08:05:00 +02:00;;pH; =;8,6;pH;2
Station;49000094;PØLE Å, Ns Alsønderup Enge;32;700057;6208333;Gribskov;Region Hovedstaden;Vandløb;Poel Å;16-06-2009;1;Feltmålinger, Vandløb;Ja;Miljøstyrelsen;https://vanda.miljoeportal.dk/link/f423683b-16e8-42ff-ba7a-57a47fee7582;FRB1348;32;700057;6208333;1;16-06-2009 08:15:00 +02:00;;Temperatur; =;15,2;grader C;3
Station;49000094;PØLE Å, Ns Alsønderup Enge;32;700057;6208333;Gribskov;Region Hovedstaden;Vandløb;Poel Å;12-11-2013;1;Feltmålinger, Vandløb;Ja;Miljøstyrelsen;https://vanda.miljoeportal.dk/link/53afab40-1efa-4d04-90f1-da436190db56;FRB1348;32;700057;6208333;1;12-11-2013 09:15:00 +01:00;;pH; =;8,2;pH;3
Station;49000094;PØLE Å, Ns Alsønderup Enge;32;700057;6208333;Gribskov;Region Hovedstaden;Vandløb;Poel Å;03-05-2018;1;Feltmålinger, Vandløb;Ja;Miljøstyrelsen;https://vanda.miljoeportal.dk/link/7a6f40bc-c5b1-478b-8365-f5a4c6ef3937;FRB1348;32;700057;6208333;1;03-05-2018 08:05:00 +02:00;;pH; =;8,6;pH;2
Station;49000094;PØLE Å, Ns Alsønderup Enge;32;700057;6208333;Gribskov;Region Hovedstaden;Vandløb;Poel Å;30-06-2009;1;Feltmålinger, Vandløb;Ja;Miljøstyrelsen;https://vanda.miljoeportal.dk/link/5f7f8ce7-27ff-41bf-b400-4224b1ec4376;FRB1348;32;700057;6208333;1;30-06-2009 08:20:00 +02:00;;Temperatur; =;22,8;grader C;3
Station;49000094;PØLE Å, Ns Alsønderup Enge;32;700057;6208333;Gribskov;Region Hovedstaden;Vandløb;Poel Å;19-08-2020;1;Feltmålinger, Vandløb;Ja;Miljøstyrelsen;https://vanda.miljoeportal.dk/link/63e8a0c7-105a-4518-a48f-8d195dde14dd;FRB1348;32;700057;6208333;1;19-08-2020 11:52:00 +02:00;;pH; =;8,53;pH;2
Station;49000094;PØLE Å, Ns Alsønderup Enge;32;700057;6208333;Gribskov;Region Hovedstaden;Vandløb;Poel Å;21-02-2012;1;Feltmålinger, Vandløb;Ja;Miljøstyrelsen;https://vanda.miljoeportal.dk/link/57f229f9-14ba-4d24-97a9-dbc292b0305d;FRB1348;32;700057;6208333;1;21-02-2012 09:15:00 +01:00;;pH; =;7,9;pH;3
Station;49000094;PØLE Å, Ns Alsønderup Enge;32;700057;6208333;Gribskov;Region Hovedstaden;Vandløb;Poel Å;23-02-2016;1;Feltmålinger, Vandløb;Ja;Miljøstyrelsen;https://vanda.miljoeportal.dk/link/603703bd-6a17-47fd-b7f9-bb97b168e369;FRB1348;32;700057;6208333;1;23-02-2016 11:13:00 +01:00;;pH; =;8,2;pH;3
Station;49000094;PØLE Å, Ns Alsønderup Enge;32;700057;6208333;Gribskov;Region Hovedstaden;Vandløb;Poel Å;15-11-2022;1;Feltmålinger, Vandløb;Ja;Miljøstyrelsen;https://vanda.miljoeportal.dk/link/d544720b-2f2e-4183-8021-043b9ce8b72b;FRB1348;32;700057;6208333;1;15-11-2022 12:49:00 +01:00;;Salinitet; =;0,4;promille;2
Station;49000094;PØLE Å, Ns Alsønderup Enge;32;700057;6208333;Gribskov;Region Hovedstaden;Vandløb;Poel Å;11-05-2010;1;Feltmålinger, Vandløb;Ja;Miljøstyrelsen;https://vanda.miljoeportal.dk/link/39accd74-a33f-43db-a813-edf72a2d67a7;FRB1348;32;700057;6208333;1;11-05-2010 08:45:00 +02:00;;Temperatur; =;9,6;grader C;3
Station;49000094;PØLE Å, Ns Alsønderup Enge;32;700057;6208333;Gribskov;Region Hovedstaden;Vandløb;Poel Å;10-04-2013;1;Feltmålinger, Vandløb;Ja;Miljøstyrelsen;https://vanda.miljoeportal.dk/link/f81fef85-035c-4b02-bc71-a4b5f9f100d9;FRB1348;32;700057;6208333;1;10-04-2013 09:45:00 +02:00;;pH; =;8,4;pH;3
Station;49000094;PØLE Å, Ns Alsønderup Enge;32;700057;6208333;Gribskov;Region Hovedstaden;Vandløb;Poel Å;30-08-2005;1;Feltmålinger, Vandløb;Ja;Miljøstyrelsen;https://vanda.miljoeportal.dk/link/880c2c0b-3809-461f-95d6-07d53c5f4355;FRB1348;32;700057;6208333;1;30-08-2005 10:20:00 +02:00;;Temperatur; =;18,3;grader C;3
Station;49000094;PØLE Å, Ns Alsønderup Enge;32;700057;6208333;Gribskov;Region Hovedstaden;Vandløb;Poel Å;20-11-2018;1;Feltmålinger, Vandløb;Ja;Miljøstyrelsen;https://vanda.miljoeportal.dk/link/c2738523-e4e5-42a2-b8d8-a38c7c66c4c3;FRB1348;32;700057;6208333;1;20-11-2018 09:25:00 +01:00;;Temperatur; =;3,2;grader C;2
Station;49000094;PØLE Å, Ns Alsønderup Enge;32;700057;6208333;Gribskov;Region Hovedstaden;Vandløb;Poel Å;05-02-2020;1;Feltmålinger, Vandløb;Ja;Miljøstyrelsen;https://vanda.miljoeportal.dk/link/2527b884-6200-4a46-b91b-6f06fae5f141;FRB1348;32;700057;6208333;1;05-02-2020 13:07:00 +01:00;;Temperatur; =;4,7;grader C;2
Station;49000094;PØLE Å, Ns Alsønderup Enge;32;700057;6208333;Gribskov;Region Hovedstaden;Vandløb;Poel Å;23-04-2015;1;Feltmålinger, Vandløb;Ja;Miljøstyrelsen;https://vanda.miljoeportal.dk/link/f32ed706-8496-4a40-ad90-397adaa954d5;FRB1348;32;700057;6208333;1;23-04-2015 10:00:00 +02:00;;pH; =;9,1;pH;2
Station;49000094;PØLE Å, Ns Alsønderup Enge;32;700057;6208333;Gribskov;Region Hovedstaden;Vandløb;Poel Å;16-06-2021;1;Feltmålinger, Vandløb;Ja;Miljøstyrelsen;https://vanda.miljoeportal.dk/link/a2c83ffc-10bf-4f8e-bb21-beb34101bfe1;FRB1348;32;700057;6208333;1;16-06-2021 12:52:00 +02:00;;pH; =;8,58;pH;2
Station;49000094;PØLE Å, Ns Alsønderup Enge;32;700057;6208333;Gribskov;Region Hovedstaden;Vandløb;Poel Å;24-04-2007;1;Feltmålinger, Vandløb;Ja;Miljøstyrelsen;https://vanda.miljoeportal.dk/link/2bb28fd6-6e26-4cd3-a6cd-8f910627446e;FRB1348;32;700057;6208333;1;24-04-2007 08:30:00 +02:00;;Temperatur; =;10,1;grader C;3
Station;49000094;PØLE Å, Ns Alsønderup Enge;32;700057;6208333;Gribskov;Region Hovedstaden;Vandløb;Poel Å;06-05-2019;1;Feltmålinger, Vandløb;Ja;Miljøstyrelsen;https://vanda.miljoeportal.dk/link/a98bebac-1698-4376-b264-7fd13e1deea7;FRB1348;32;700057;6208333;1;06-05-2019 12:30:00 +02:00;;pH; =;8,7;pH;2
Station;49000094;PØLE Å, Ns Alsønderup Enge;32;700057;6208333;Gribskov;Region Hovedstaden;Vandløb;Poel Å;24-09-2013;1;Feltmålinger, Vandløb;Ja;Miljøstyrelsen;https://vanda.miljoeportal.dk/link/a94e2a6d-80b0-4b50-b15e-0fc605f82f23;FRB1348;32;700057;6208333;1;24-09-2013 09:05:00 +02:00;;Temperatur; =;12,7;grader C;3
Station;49000094;PØLE Å, Ns Alsønderup Enge;32;700057;6208333;Gribskov;Region Hovedstaden;Vandløb;Poel Å;21-06-2022;1;Feltmålinger, Vandløb;Ja;Miljøstyrelsen;https://vanda.miljoeportal.dk/link/43318e9f-1c9f-4c6e-8744-154e91944aec;FRB1348;32;700057;6208333;1;21-06-2022 11:25:00 +02:00;;pH; =;8,5;pH;2
Station;49000094;PØLE Å, Ns Alsønderup Enge;32;700057;6208333;Gribskov;Region Hovedstaden;Vandløb;Poel Å;05-01-2017;1;Feltmålinger, Vandløb;Ja;Miljøstyrelsen;https://vanda.miljoeportal.dk/link/c108d073-3463-49bf-bb36-e13e090da4c5;FRB1348;32;700057;6208333;1;05-01-2017 08:00:00 +01:00;;pH; =;8,4;pH;2
Station;49000094;PØLE Å, Ns Alsønderup Enge;32;700057;6208333;Gribskov;Region Hovedstaden;Vandløb;Poel Å;08-02-2011;1;Feltmålinger, Vandløb;Ja;Miljøstyrelsen;https://vanda.miljoeportal.dk/link/2005913a-42ba-4e68-bf2b-748f65f02ca4;FRB1348;32;700057;6208333;1;08-02-2011 08:50:00 +01:00;;pH; =;7,8;pH;3
Station;49000094;PØLE Å, Ns Alsønderup Enge;32;700057;6208333;Gribskov;Region Hovedstaden;Vandløb;Poel Å;21-03-2013;1;Feltmålinger, Vandløb;Ja;Miljøstyrelsen;https://vanda.miljoeportal.dk/link/54b22e2f-d5b4-413d-b681-d8061fb1b732;FRB1348;32;700057;6208333;1;21-03-2013 08:10:00 +01:00;;Temperatur; =;0,4;grader C;3
Station;49000094;PØLE Å, Ns Alsønderup Enge;32;700057;6208333;Gribskov;Region Hovedstaden;Vandløb;Poel Å;27-11-2012;1;Feltmålinger, Vandløb;Ja;Miljøstyrelsen;https://vanda.miljoeportal.dk/link/e06ae645-c4eb-4a15-90ef-5b4dde4dec1a;FRB1348;32;700057;6208333;1;27-11-2012 08:10:00 +01:00;;pH; =;8,1;pH;3
Station;49000094;PØLE Å, Ns Alsønderup Enge;32;700057;6208333;Gribskov;Region Hovedstaden;Vandløb;Poel Å;02-11-2022;1;Feltmålinger, Vandløb;Ja;Miljøstyrelsen;https://vanda.miljoeportal.dk/link/854f7855-3133-471e-8646-b180f26a787a;FRB1348;32;700057;6208333;1;02-11-2022 13:00:00 +01:00;;Temperatur; =;12,2;grader C;2
Station;49000094;PØLE Å, Ns Alsønderup Enge;32;700057;6208333;Gribskov;Region Hovedstaden;Vandløb;Poel Å;29-04-2014;1;Feltmålinger, Vandløb;Ja;Miljøstyrelsen;https://vanda.miljoeportal.dk/link/7398da48-d1c8-4ddf-9cc2-57399605d93c;FRB1348;32;700057;6208333;1;29-04-2014 08:40:00 +02:00;;Temperatur; =;13,8;grader C;3
Station;49000094;PØLE Å, Ns Alsønderup Enge;32;700057;6208333;Gribskov;Region Hovedstaden;Vandløb;Poel Å;29-10-2015;1;Feltmålinger, Vandløb;Ja;Miljøstyrelsen;https://vanda.miljoeportal.dk/link/2b2aef24-d408-4469-8317-cad78010cce3;FRB1348;32;700057;6208333;1;29-10-2015 07:20:00 +01:00;;Temperatur; =;7,7;grader C;2
Station;49000094;PØLE Å, Ns Alsønderup Enge;32;700057;6208333;Gribskov;Region Hovedstaden;Vandløb;Poel Å;10-07-2012;1;Feltmålinger, Vandløb;Ja;Miljøstyrelsen;https://vanda.miljoeportal.dk/link/44c80e30-8150-4c25-91ed-c96ed8622dfe;FRB1348;32;700057;6208333;1;10-07-2012 08:30:00 +02:00;;Temperatur; =;18,3;grader C;3
Station;49000094;PØLE Å, Ns Alsønderup Enge;32;700057;6208333;Gribskov;Region Hovedstaden;Vandløb;Poel Å;08-06-2011;1;Feltmålinger, Vandløb;Ja;Miljøstyrelsen;https://vanda.miljoeportal.dk/link/e48a133a-1581-4e46-961a-fc3b855d2917;FRB1348;32;700057;6208333;1;08-06-2011 09:30:00 +02:00;;Temperatur; =;21,1;grader C;3
Station;49000094;PØLE Å, Ns Alsønderup Enge;32;700057;6208333;Gribskov;Region Hovedstaden;Vandløb;Poel Å;22-03-2011;1;Feltmålinger, Vandløb;Ja;Miljøstyrelsen;https://vanda.miljoeportal.dk/link/de8930eb-8eda-45ad-914a-39023324b163;FRB1348;32;700057;6208333;1;22-03-2011 09:30:00 +01:00;;pH; =;7,6;pH;3
Station;49000094;PØLE Å, Ns Alsønderup Enge;32;700057;6208333;Gribskov;Region Hovedstaden;Vandløb;Poel Å;05-02-2013;1;Feltmålinger, Vandløb;Ja;Miljøstyrelsen;https://vanda.miljoeportal.dk/link/b357cdc6-5bc7-4854-9b6f-5c5784b96caa;FRB1348;32;700057;6208333;1;05-02-2013 08:20:00 +01:00;;Temperatur; =;1,7;grader C;3
Station;49000094;PØLE Å, Ns Alsønderup Enge;32;700057;6208333;Gribskov;Region Hovedstaden;Vandløb;Poel Å;23-11-2005;1;Feltmålinger, Vandløb;Ja;Miljøstyrelsen;https://vanda.miljoeportal.dk/link/01565b47-2354-464e-bc07-7c1d7ef77f54;FRB1348;32;700057;6208333;1;23-11-2005 09:45:00 +01:00;;Oxygen indhold; =;8,8;mg/l;3
Station;49000094;PØLE Å, Ns Alsønderup Enge;32;700057;6208333;Gribskov;Region Hovedstaden;Vandløb;Poel Å;24-01-2012;1;Feltmålinger, Vandløb;Ja;Miljøstyrelsen;https://vanda.miljoeportal.dk/link/706c82ff-268c-4e33-afc4-3c171c0ad9d7;FRB1348;32;700057;6208333;1;24-01-2012 09:20:00 +01:00;;Temperatur; =;0,5;grader C;3
Station;49000094;PØLE Å, Ns Alsønderup Enge;32;700057;6208333;Gribskov;Region Hovedstaden;Vandløb;Poel Å;10-05-2006;1;Feltmålinger, Vandløb;Ja;Miljøstyrelsen;https://vanda.miljoeportal.dk/link/a59afdc4-e82a-4491-8705-e782bf90e161;FRB1348;32;700057;6208333;1;10-05-2006 09:30:00 +02:00;;Oxygenmætning; =;95;pct;2
Station;49000094;PØLE Å, Ns Alsønderup Enge;32;700057;6208333;Gribskov;Region Hovedstaden;Vandløb;Poel Å;23-11-2016;1;Feltmålinger, Vandløb;Ja;Miljøstyrelsen;https://vanda.miljoeportal.dk/link/c0c2935f-35e0-4d9e-a7f9-ca0e218802a7;FRB1348;32;700057;6208333;1;23-11-2016 08:15:00 +01:00;;pH; =;8,5;pH;3
Station;49000094;PØLE Å, Ns Alsønderup Enge;32;700057;6208333;Gribskov;Region Hovedstaden;Vandløb;Poel Å;15-01-2008;1;Feltmålinger, Vandløb;Ja;Miljøstyrelsen;https://vanda.miljoeportal.dk/link/3ddffe25-2f0e-47ff-886c-310ffe421971;FRB1348;32;700057;6208333;1;15-01-2008 09:05:00 +01:00;;Temperatur; =;5,3;grader C;3
Station;49000094;PØLE Å, Ns Alsønderup Enge;32;700057;6208333;Gribskov;Region Hovedstaden;Vandløb;Poel Å;14-01-2016;1;Feltmålinger, Vandløb;Ja;Miljøstyrelsen;https://vanda.miljoeportal.dk/link/ef082f2c-d502-4cb8-a95d-813dbbe5bef2;FRB1348;32;700057;6208333;1;14-01-2016 10:45:00 +01:00;;Temperatur; =;1,3;grader C;3
Station;49000094;PØLE Å, Ns Alsønderup Enge;32;700057;6208333;Gribskov;Region Hovedstaden;Vandløb;Poel Å;02-02-2005;1;Feltmålinger, Vandløb;Ja;Miljøstyrelsen;https://vanda.miljoeportal.dk/link/99aceb1a-033d-44e4-9403-d01b82d93418;FRB1348;32;700057;6208333;1;02-02-2005 10:00:00 +01:00;;Oxygen indhold; =;11,1;mg/l;3
Station;49000094;PØLE Å, Ns Alsønderup Enge;32;700057;6208333;Gribskov;Region Hovedstaden;Vandløb;Poel Å;15-07-2014;1;Feltmålinger, Vandløb;Ja;Miljøstyrelsen;https://vanda.miljoeportal.dk/link/5c6a5ba0-2783-46be-a790-5cc4714986e2;FRB1348;32;700057;6208333;1;15-07-2014 09:20:00 +02:00;;pH; =;8,2;pH;3
Station;49000094;PØLE Å, Ns Alsønderup Enge;32;700057;6208333;Gribskov;Region Hovedstaden;Vandløb;Poel Å;29-05-2017;1;Feltmålinger, Vandløb;Ja;Miljøstyrelsen;https://vanda.miljoeportal.dk/link/bb5790c1-f6ac-465a-8453-10e80e2e7d54;FRB1348;32;700057;6208333;1;29-05-2017 07:55:00 +02:00;;Temperatur; =;18,2;grader C;2
Station;49000094;PØLE Å, Ns Alsønderup Enge;32;700057;6208333;Gribskov;Region Hovedstaden;Vandløb;Poel Å;10-05-2006;1;Feltmålinger, Vandløb;Ja;Miljøstyrelsen;https://vanda.miljoeportal.dk/link/a59afdc4-e82a-4491-8705-e782bf90e161;FRB1348;32;700057;6208333;1;10-05-2006 09:30:00 +02:00;;Temperatur; =;17,3;grader C;2
Station;49000094;PØLE Å, Ns Alsønderup Enge;32;700057;6208333;Gribskov;Region Hovedstaden;Vandløb;Poel Å;03-08-2005;1;Feltmålinger, Vandløb;Ja;Miljøstyrelsen;https://vanda.miljoeportal.dk/link/7c52289a-546a-4cc1-afd8-d92799668da7;FRB1348;32;700057;6208333;1;03-08-2005 10:30:00 +02:00;;Oxygenmætning; =;75;pct;3
Station;49000094;PØLE Å, Ns Alsønderup Enge;32;700057;6208333;Gribskov;Region Hovedstaden;Vandløb;Poel Å;01-12-2004;1;Feltmålinger, Vandløb;Ja;Miljøstyrelsen;https://vanda.miljoeportal.dk/link/e818b944-7736-410c-a434-cfc4bd58b2cf;FRB1348;32;700057;6208333;1;01-12-2004 10:00:00 +01:00;;Oxygen indhold; =;9,3;mg/l;3
Station;49000094;PØLE Å, Ns Alsønderup Enge;32;700057;6208333;Gribskov;Region Hovedstaden;Vandløb;Poel Å;26-04-2006;1;Feltmålinger, Vandløb;Ja;Miljøstyrelsen;https://vanda.miljoeportal.dk/link/7ac58d52-7368-4b8f-8ee9-416219f3507c;FRB1348;32;700057;6208333;1;26-04-2006 09:35:00 +02:00;;Oxygen indhold; =;14,2;mg/l;2
Station;49000094;PØLE Å, Ns Alsønderup Enge;32;700057;6208333;Gribskov;Region Hovedstaden;Vandløb;Poel Å;03-06-2014;1;Feltmålinger, Vandløb;Ja;Miljøstyrelsen;https://vanda.miljoeportal.dk/link/a89f24d3-21e9-4733-88ec-1294d3033dfc;FRB1348;32;700057;6208333;1;03-06-2014 08:55:00 +02:00;;Temperatur; =;19,6;grader C;3
Station;49000094;PØLE Å, Ns Alsønderup Enge;32;700057;6208333;Gribskov;Region Hovedstaden;Vandløb;Poel Å;31-05-2018;1;Feltmålinger, Vandløb;Ja;Miljøstyrelsen;https://vanda.miljoeportal.dk/link/2c4f40ff-9eb2-4777-9cf2-3d3c1b04848c;FRB1348;32;700057;6208333;1;31-05-2018 14:59:00 +02:00;;pH; =;8;pH;2
Station;49000094;PØLE Å, Ns Alsønderup Enge;32;700057;6208333;Gribskov;Region Hovedstaden;Vandløb;Poel Å;29-08-2012;1;Feltmålinger, Vandløb;Ja;Miljøstyrelsen;https://vanda.miljoeportal.dk/link/fb18ca37-6a1d-415f-845e-7b8ffa50d06f;FRB1348;32;700057;6208333;1;29-08-2012 08:40:00 +02:00;;pH; =;8,2;pH;3
Station;49000094;PØLE Å, Ns Alsønderup Enge;32;700057;6208333;Gribskov;Region Hovedstaden;Vandløb;Poel Å;11-01-2018;1;Feltmålinger, Vandløb;Ja;Miljøstyrelsen;https://vanda.miljoeportal.dk/link/0cb342ab-9071-4892-a54b-f2eb473bc0f5;FRB1348;32;700057;6208333;1;11-01-2018 09:50:00 +01:00;;Temperatur; =;3,9;grader C;2
Station;49000094;PØLE Å, Ns Alsønderup Enge;32;700057;6208333;Gribskov;Region Hovedstaden;Vandløb;Poel Å;11-06-2013;1;Feltmålinger, Vandløb;Ja;Miljøstyrelsen;https://vanda.miljoeportal.dk/link/a1a9b9b0-97e5-4c1e-b267-289946f1df7e;FRB1348;32;700057;6208333;1;11-06-2013 08:45:00 +02:00;;Temperatur; =;19;grader C;3
Station;49000094;PØLE Å, Ns Alsønderup Enge;32;700057;6208333;Gribskov;Region Hovedstaden;Vandløb;Poel Å;29-04-2014;1;Feltmålinger, Vandløb;Ja;Miljøstyrelsen;https://vanda.miljoeportal.dk/link/7398da48-d1c8-4ddf-9cc2-57399605d93c;FRB1348;32;700057;6208333;1;29-04-2014 08:40:00 +02:00;;pH; =;8,8;pH;3
Station;49000094;PØLE Å, Ns Alsønderup Enge;32;700057;6208333;Gribskov;Region Hovedstaden;Vandløb;Poel Å;20-07-2005;1;Feltmålinger, Vandløb;Ja;Miljøstyrelsen;https://vanda.miljoeportal.dk/link/94273c4f-def1-4546-9ad4-d0cdb995ce89;FRB1348;32;700057;6208333;1;20-07-2005 09:30:00 +02:00;;Oxygen indhold; =;8,3;mg/l;3
Station;49000094;PØLE Å, Ns Alsønderup Enge;32;700057;6208333;Gribskov;Region Hovedstaden;Vandløb;Poel Å;27-09-2011;1;Feltmålinger, Vandløb;Ja;Miljøstyrelsen;https://vanda.miljoeportal.dk/link/6c636882-f4f3-4f7d-a308-175519d8de17;FRB1348;32;700057;6208333;1;27-09-2011 08:45:00 +02:00;;Temperatur; =;13,9;grader C;3
Station;49000094;PØLE Å, Ns Alsønderup Enge;32;700057;6208333;Gribskov;Region Hovedstaden;Vandløb;Poel Å;26-06-2012;1;Feltmålinger, Vandløb;Ja;Miljøstyrelsen;https://vanda.miljoeportal.dk/link/9fc3876a-5abb-4edc-9531-676a73c8b0d8;FRB1348;32;700057;6208333;1;26-06-2012 08:10:00 +02:00;;Temperatur; =;14,7;grader C;3
Station;49000094;PØLE Å, Ns Alsønderup Enge;32;700057;6208333;Gribskov;Region Hovedstaden;Vandløb;Poel Å;19-11-2020;1;Feltmålinger, Vandløb;Ja;Miljøstyrelsen;https://vanda.miljoeportal.dk/link/3d286491-a411-4fe9-af14-677f4e5c7257;FRB1348;32;700057;6208333;1;19-11-2020 11:12:00 +01:00;;Temperatur; =;9,1;grader C;2
Station;49000094;PØLE Å, Ns Alsønderup Enge;32;700057;6208333;Gribskov;Region Hovedstaden;Vandløb;Poel Å;22-02-2011;1;Feltmålinger, Vandløb;Ja;Miljøstyrelsen;https://vanda.miljoeportal.dk/link/472e1eba-9ea0-4432-8ae8-fbb2a5937416;FRB1348;32;700057;6208333;1;22-02-2011 09:10:00 +01:00;;Temperatur; =;0,4;grader C;3
Station;49000094;PØLE Å, Ns Alsønderup Enge;32;700057;6208333;Gribskov;Region Hovedstaden;Vandløb;Poel Å;15-07-2021;1;Feltmålinger, Vandløb;Ja;Miljøstyrelsen;https://vanda.miljoeportal.dk/link/e65f693c-53c4-4549-9526-bf50e51d1dd1;FRB1348;32;700057;6208333;1;15-07-2021 11:20:00 +02:00;;Temperatur; =;27,4;grader C;2
Station;49000094;PØLE Å, Ns Alsønderup Enge;32;700057;6208333;Gribskov;Region Hovedstaden;Vandløb;Poel Å;23-01-2020;1;Feltmålinger, Vandløb;Ja;Miljøstyrelsen;https://vanda.miljoeportal.dk/link/539f7a57-c155-4c16-85da-e463c2143640;FRB1348;32;700057;6208333;1;23-01-2020 16:10:00 +01:00;;Temperatur; =;4,8;grader C;2
Station;49000094;PØLE Å, Ns Alsønderup Enge;32;700057;6208333;Gribskov;Region Hovedstaden;Vandløb;Poel Å;12-01-2010;1;Feltmålinger, Vandløb;Ja;Miljøstyrelsen;https://vanda.miljoeportal.dk/link/fc660e4a-9a2a-457a-a4b2-63963b1cb707;FRB1348;32;700057;6208333;1;12-01-2010 08:45:00 +01:00;;Temperatur; =;0,8;grader C;3
Station;49000094;PØLE Å, Ns Alsønderup Enge;32;700057;6208333;Gribskov;Region Hovedstaden;Vandløb;Poel Å;06-07-2016;1;Feltmålinger, Vandløb;Ja;Miljøstyrelsen;https://vanda.miljoeportal.dk/link/5a3f0607-67c5-4f22-9291-b4fab822fc77;FRB1348;32;700057;6208333;1;06-07-2016 16:22:00 +02:00;;pH; =;9,1;pH;3
Station;49000094;PØLE Å, Ns Alsønderup Enge;32;700057;6208333;Gribskov;Region Hovedstaden;Vandløb;Poel Å;05-03-2013;1;Feltmålinger, Vandløb;Ja;Miljøstyrelsen;https://vanda.miljoeportal.dk/link/b7be07ad-34fe-4a45-b761-bdc1282912d2;FRB1348;32;700057;6208333;1;05-03-2013 08:20:00 +01:00;;Temperatur; =;3,1;grader C;3
Station;49000094;PØLE Å, Ns Alsønderup Enge;32;700057;6208333;Gribskov;Region Hovedstaden;Vandløb;Poel Å;14-09-2005;1;Feltmålinger, Vandløb;Ja;Miljøstyrelsen;https://vanda.miljoeportal.dk/link/11301102-2fcf-4df0-b029-5f4326f45760;FRB1348;32;700057;6208333;1;14-09-2005 09:35:00 +02:00;;Temperatur; =;15,3;grader C;3
Station;49000094;PØLE Å, Ns Alsønderup Enge;32;700057;6208333;Gribskov;Region Hovedstaden;Vandløb;Poel Å;28-09-2005;1;Feltmålinger, Vandløb;Ja;Miljøstyrelsen;https://vanda.miljoeportal.dk/link/87bf789d-3549-42ba-a123-b62b048bdee9;FRB1348;32;700057;6208333;1;28-09-2005 09:55:00 +02:00;;Oxygen indhold; =;5,6;mg/l;3
Station;49000094;PØLE Å, Ns Alsønderup Enge;32;700057;6208333;Gribskov;Region Hovedstaden;Vandløb;Poel Å;01-08-2006;1;Feltmålinger, Vandløb;Ja;Miljøstyrelsen;https://vanda.miljoeportal.dk/link/78f03c7b-494e-4c75-a9ef-0def69ce2bab;FRB1348;32;700057;6208333;1;01-08-2006 10:05:00 +02:00;;Oxygenmætning; =;62;pct;2
Station;49000094;PØLE Å, Ns Alsønderup Enge;32;700057;6208333;Gribskov;Region Hovedstaden;Vandløb;Poel Å;06-08-2012;1;Feltmålinger, Vandløb;Ja;Miljøstyrelsen;https://vanda.miljoeportal.dk/link/f85f0cdd-8a2e-4069-a630-946577a5a360;FRB1348;32;700057;6208333;1;06-08-2012 08:05:00 +02:00;;Temperatur; =;19,7;grader C;3
Station;49000094;PØLE Å, Ns Alsønderup Enge;32;700057;6208333;Gribskov;Region Hovedstaden;Vandløb;Poel Å;29-03-2006;1;Feltmålinger, Vandløb;Ja;Miljøstyrelsen;https://vanda.miljoeportal.dk/link/fccc001d-8c7f-482d-9601-d154b09c23ff;FRB1348;32;700057;6208333;1;29-03-2006 09:25:00 +02:00;;Oxygen indhold; =;12,2;mg/l;2
Station;49000094;PØLE Å, Ns Alsønderup Enge;32;700057;6208333;Gribskov;Region Hovedstaden;Vandløb;Poel Å;24-05-2006;1;Feltmålinger, Vandløb;Ja;Miljøstyrelsen;https://vanda.miljoeportal.dk/link/e49ecfe7-06e0-4651-bdec-472cd6ca408c;FRB1348;32;700057;6208333;1;24-05-2006 09:45:00 +02:00;;Oxygen indhold; =;10,9;mg/l;2
Station;49000094;PØLE Å, Ns Alsønderup Enge;32;700057;6208333;Gribskov;Region Hovedstaden;Vandløb;Poel Å;11-10-2006;1;Feltmålinger, Vandløb;Ja;Miljøstyrelsen;https://vanda.miljoeportal.dk/link/1b68cd2f-4273-488c-b8e3-79d7dd5916af;FRB1348;32;700057;6208333;1;11-10-2006 09:30:00 +02:00;;Oxygen indhold; =;8,2;mg/l;2
Station;49000094;PØLE Å, Ns Alsønderup Enge;32;700057;6208333;Gribskov;Region Hovedstaden;Vandløb;Poel Å;03-05-2011;1;Feltmålinger, Vandløb;Ja;Miljøstyrelsen;https://vanda.miljoeportal.dk/link/6f5d0c99-2229-4269-8956-a8b3c93830e3;FRB1348;32;700057;6208333;1;03-05-2011 08:55:00 +02:00;;Temperatur; =;11,2;grader C;3
Station;49000094;PØLE Å, Ns Alsønderup Enge;32;700057;6208333;Gribskov;Region Hovedstaden;Vandløb;Poel Å;17-01-2007;1;Feltmålinger, Vandløb;Ja;Miljøstyrelsen;https://vanda.miljoeportal.dk/link/8894d462-371a-4a14-9e85-3aac29a3e4cc;FRB1348;32;700057;6208333;1;17-01-2007 08:45:00 +01:00;;Temperatur; =;5,7;grader C;2
Station;49000094;PØLE Å, Ns Alsønderup Enge;32;700057;6208333;Gribskov;Region Hovedstaden;Vandløb;Poel Å;13-11-2012;1;Feltmålinger, Vandløb;Ja;Miljøstyrelsen;https://vanda.miljoeportal.dk/link/99decb6c-1046-45e8-96f2-84638aaa3b3e;FRB1348;32;700057;6208333;1;13-11-2012 08:00:00 +01:00;;pH; =;8,1;pH;3
Station;49000094;PØLE Å, Ns Alsønderup Enge;32;700057;6208333;Gribskov;Region Hovedstaden;Vandløb;Poel Å;03-05-2018;1;Feltmålinger, Vandløb;Ja;Miljøstyrelsen;https://vanda.miljoeportal.dk/link/7a6f40bc-c5b1-478b-8365-f5a4c6ef3937;FRB1348;32;700057;6208333;1;03-05-2018 08:05:00 +02:00;;Temperatur; =;9,8;grader C;2
Station;49000094;PØLE Å, Ns Alsønderup Enge;32;700057;6208333;Gribskov;Region Hovedstaden;Vandløb;Poel Å;04-05-2010;1;Feltmålinger, Vandløb;Ja;Miljøstyrelsen;https://vanda.miljoeportal.dk/link/3a29c4f8-efb4-46da-92a7-b59272cf5842;FRB1348;32;700057;6208333;1;04-05-2010 08:50:00 +02:00;;Temperatur; =;11;grader C;3
Station;49000094;PØLE Å, Ns Alsønderup Enge;32;700057;6208333;Gribskov;Region Hovedstaden;Vandløb;Poel Å;22-11-2011;1;Feltmålinger, Vandløb;Ja;Miljøstyrelsen;https://vanda.miljoeportal.dk/link/8bb50088-e227-44a9-8429-b95abc451d26;FRB1348;32;700057;6208333;1;22-11-2011 09:05:00 +01:00;;Temperatur; =;6,3;grader C;3
Station;49000094;PØLE Å, Ns Alsønderup Enge;32;700057;6208333;Gribskov;Region Hovedstaden;Vandløb;Poel Å;11-05-2005;1;Feltmålinger, Vandløb;Ja;Miljøstyrelsen;https://vanda.miljoeportal.dk/link/1a5c5265-f604-4989-b6cb-a49a28d7e883;FRB1348;32;700057;6208333;1;11-05-2005 10:30:00 +02:00;;Oxygenmætning; =;136;pct;3
Station;49000094;PØLE Å, Ns Alsønderup Enge;32;700057;6208333;Gribskov;Region Hovedstaden;Vandløb;Poel Å;22-11-2006;1;Feltmålinger, Vandløb;Ja;Miljøstyrelsen;https://vanda.miljoeportal.dk/link/31525b82-b3d3-4cc4-828a-142e0e338bf1;FRB1348;32;700057;6208333;1;22-11-2006 09:25:00 +01:00;;Oxygen indhold; =;9,5;mg/l;2
Station;49000094;PØLE Å, Ns Alsønderup Enge;32;700057;6208333;Gribskov;Region Hovedstaden;Vandløb;Poel Å;25-10-2011;1;Feltmålinger, Vandløb;Ja;Miljøstyrelsen;https://vanda.miljoeportal.dk/link/dff99496-c292-4d07-bdf7-6590a2244286;FRB1348;32;700057;6208333;1;25-10-2011 09:10:00 +02:00;;Temperatur; =;7,9;grader C;3
Station;49000094;PØLE Å, Ns Alsønderup Enge;32;700057;6208333;Gribskov;Region Hovedstaden;Vandløb;Poel Å;12-02-2008;1;Feltmålinger, Vandløb;Ja;Miljøstyrelsen;https://vanda.miljoeportal.dk/link/ce1a2cef-bcc0-4656-bee9-bfcd8785f761;FRB1348;32;700057;6208333;1;12-02-2008 08:30:00 +01:00;;Temperatur; =;6,7;grader C;3
Station;49000094;PØLE Å, Ns Alsønderup Enge;32;700057;6208333;Gribskov;Region Hovedstaden;Vandløb;Poel Å;16-03-2005;1;Feltmålinger, Vandløb;Ja;Miljøstyrelsen;https://vanda.miljoeportal.dk/link/17aea882-6fba-4f26-bfbb-552527650032;FRB1348;32;700057;6208333;1;16-03-2005 10:20:00 +01:00;;Oxygenmætning; =;97;pct;3
Station;49000094;PØLE Å, Ns Alsønderup Enge;32;700057;6208333;Gribskov;Region Hovedstaden;Vandløb;Poel Å;19-12-2006;1;Feltmålinger, Vandløb;Ja;Miljøstyrelsen;https://vanda.miljoeportal.dk/link/90757d8c-4e4b-4727-b576-9e5c42635af5;FRB1348;32;700057;6208333;1;19-12-2006 09:15:00 +01:00;;Oxygen indhold; =;10,6;mg/l;2
Station;49000094;PØLE Å, Ns Alsønderup Enge;32;700057;6208333;Gribskov;Region Hovedstaden;Vandløb;Poel Å;29-03-2023;1;Feltmålinger, Vandløb;Ja;Miljøstyrelsen;https://vanda.miljoeportal.dk/link/275e763b-0d64-48e8-824e-d509bd260a72;FRB1348;32;700057;6208333;1;29-03-2023 12:06:00 +02:00;;Salinitet; =;0,3;promille;2
Station;49000094;PØLE Å, Ns Alsønderup Enge;32;700057;6208333;Gribskov;Region Hovedstaden;Vandløb;Poel Å;09-10-2012;1;Feltmålinger, Vandløb;Ja;Miljøstyrelsen;https://vanda.miljoeportal.dk/link/bd02564a-bf2b-4339-ba93-700d6c8c5d9f;FRB1348;32;700057;6208333;1;09-10-2012 08:20:00 +02:00;;pH; =;8,4;pH;3
Station;49000094;PØLE Å, Ns Alsønderup Enge;32;700057;6208333;Gribskov;Region Hovedstaden;Vandløb;Poel Å;05-01-2005;1;Feltmålinger, Vandløb;Ja;Miljøstyrelsen;https://vanda.miljoeportal.dk/link/c3c65597-1e8e-454b-a10a-cf623aff108c;FRB1348;32;700057;6208333;1;05-01-2005 10:10:00 +01:00;;Oxygen indhold; =;12,2;mg/l;3
Station;49000094;PØLE Å, Ns Alsønderup Enge;32;700057;6208333;Gribskov;Region Hovedstaden;Vandløb;Poel Å;01-04-2014;1;Feltmålinger, Vandløb;Ja;Miljøstyrelsen;https://vanda.miljoeportal.dk/link/e9935dba-0277-43ca-9d3e-94b1854a18ca;FRB1348;32;700057;6208333;1;01-04-2014 09:30:00 +02:00;;pH; =;8,8;pH;3
Station;49000094;PØLE Å, Ns Alsønderup Enge;32;700057;6208333;Gribskov;Region Hovedstaden;Vandløb;Poel Å;28-09-2010;1;Feltmålinger, Vandløb;Ja;Miljøstyrelsen;https://vanda.miljoeportal.dk/link/cd71c450-7074-46bb-a0ba-b57a82f9e0ea;FRB1348;32;700057;6208333;1;28-09-2010 08:50:00 +02:00;;Temperatur; =;10,9;grader C;3
Station;49000094;PØLE Å, Ns Alsønderup Enge;32;700057;6208333;Gribskov;Region Hovedstaden;Vandløb;Poel Å;08-02-2011;1;Feltmålinger, Vandløb;Ja;Miljøstyrelsen;https://vanda.miljoeportal.dk/link/2005913a-42ba-4e68-bf2b-748f65f02ca4;FRB1348;32;700057;6208333;1;08-02-2011 08:50:00 +01:00;;Temperatur; =;2,2;grader C;3
Station;49000094;PØLE Å, Ns Alsønderup Enge;32;700057;6208333;Gribskov;Region Hovedstaden;Vandløb;Poel Å;22-06-2006;1;Feltmålinger, Vandløb;Ja;Miljøstyrelsen;https://vanda.miljoeportal.dk/link/b129bc25-f707-41a9-9565-be35761291a1;FRB1348;32;700057;6208333;1;22-06-2006 09:00:00 +02:00;;Oxygenmætning; =;110;pct;2
Station;49000094;PØLE Å, Ns Alsønderup Enge;32;700057;6208333;Gribskov;Region Hovedstaden;Vandløb;Poel Å;07-12-2005;1;Feltmålinger, Vandløb;Ja;Miljøstyrelsen;https://vanda.miljoeportal.dk/link/1e551e6d-5cd5-4bf3-8ed9-02b8c82e3849;FRB1348;32;700057;6208333;1;07-12-2005 10:10:00 +01:00;;Oxygen indhold; =;10,5;mg/l;3
Station;49000094;PØLE Å, Ns Alsønderup Enge;32;700057;6208333;Gribskov;Region Hovedstaden;Vandløb;Poel Å;09-09-2013;1;Feltmålinger, Vandløb;Ja;Miljøstyrelsen;https://vanda.miljoeportal.dk/link/48234244-76fe-45a2-a259-f8a7b77bc61e;FRB1348;32;700057;6208333;1;09-09-2013 08:05:00 +02:00;;pH; =;8,1;pH;3
Station;49000094;PØLE Å, Ns Alsønderup Enge;32;700057;6208333;Gribskov;Region Hovedstaden;Vandløb;Poel Å;10-07-2013;1;Feltmålinger, Vandløb;Ja;Miljøstyrelsen;https://vanda.miljoeportal.dk/link/29e45a22-590e-41e4-9d82-805797d899f7;FRB1348;32;700057;6208333;1;10-07-2013 08:50:00 +02:00;;pH; =;8,3;pH;3
Station;49000094;PØLE Å, Ns Alsønderup Enge;32;700057;6208333;Gribskov;Region Hovedstaden;Vandløb;Poel Å;26-01-2016;1;Feltmålinger, Vandløb;Ja;Miljøstyrelsen;https://vanda.miljoeportal.dk/link/08466362-5ae4-4d3f-8965-1db92af3bf19;FRB1348;32;700057;6208333;1;26-01-2016 09:05:00 +01:00;;pH; =;7,8;pH;3
Station;49000094;PØLE Å, Ns Alsønderup Enge;32;700057;6208333;Gribskov;Region Hovedstaden;Vandløb;Poel Å;26-04-2021;1;Feltmålinger, Vandløb;Ja;Miljøstyrelsen;https://vanda.miljoeportal.dk/link/1e3d78a4-3bc4-406c-8f8e-7c4a2845db21;FRB1348;32;700057;6208333;1;26-04-2021 12:51:00 +02:00;;Temperatur; =;10,9;grader C;2
Station;49000094;PØLE Å, Ns Alsønderup Enge;32;700057;6208333;Gribskov;Region Hovedstaden;Vandløb;Poel Å;23-02-2016;1;Feltmålinger, Vandløb;Ja;Miljøstyrelsen;https://vanda.miljoeportal.dk/link/603703bd-6a17-47fd-b7f9-bb97b168e369;FRB1348;32;700057;6208333;1;23-02-2016 11:13:00 +01:00;;Temperatur; =;4,1;grader C;3
Station;49000094;PØLE Å, Ns Alsønderup Enge;32;700057;6208333;Gribskov;Region Hovedstaden;Vandløb;Poel Å;07-07-2009;1;Feltmålinger, Vandløb;Ja;Miljøstyrelsen;https://vanda.miljoeportal.dk/link/7e775427-085a-4ec6-a7e8-ff2ed888dcc6;FRB1348;32;700057;6208333;1;07-07-2009 10:10:00 +02:00;;Temperatur; =;23;grader C;3
Station;49000094;PØLE Å, Ns Alsønderup Enge;32;700057;6208333;Gribskov;Region Hovedstaden;Vandløb;Poel Å;03-11-2004;1;Feltmålinger, Vandløb;Ja;Miljøstyrelsen;https://vanda.miljoeportal.dk/link/77837f04-178a-4ba7-911d-507d20851074;FRB1348;32;700057;6208333;1;03-11-2004 10:00:00 +01:00;;Oxygen indhold; =;9,2;mg/l;3
Station;49000094;PØLE Å, Ns Alsønderup Enge;32;700057;6208333;Gribskov;Region Hovedstaden;Vandløb;Poel Å;07-12-2005;1;Feltmålinger, Vandløb;Ja;Miljøstyrelsen;https://vanda.miljoeportal.dk/link/1e551e6d-5cd5-4bf3-8ed9-02b8c82e3849;FRB1348;32;700057;6208333;1;07-12-2005 10:10:00 +01:00;;Temperatur; =;3,9;grader C;3
Station;49000094;PØLE Å, Ns Alsønderup Enge;32;700057;6208333;Gribskov;Region Hovedstaden;Vandløb;Poel Å;09-11-2010;1;Feltmålinger, Vandløb;Ja;Miljøstyrelsen;https://vanda.miljoeportal.dk/link/01b09935-0528-403b-a3bd-5bd3d4e21e47;FRB1348;32;700057;6208333;1;09-11-2010 08:50:00 +01:00;;Temperatur; =;4,3;grader C;3
Station;49000094;PØLE Å, Ns Alsønderup Enge;32;700057;6208333;Gribskov;Region Hovedstaden;Vandløb;Poel Å;02-02-2005;1;Feltmålinger, Vandløb;Ja;Miljøstyrelsen;https://vanda.miljoeportal.dk/link/99aceb1a-033d-44e4-9403-d01b82d93418;FRB1348;32;700057;6208333;1;02-02-2005 10:00:00 +01:00;;Oxygenmætning; =;80;pct;3
Station;49000094;PØLE Å, Ns Alsønderup Enge;32;700057;6208333;Gribskov;Region Hovedstaden;Vandløb;Poel Å;13-08-2013;1;Feltmålinger, Vandløb;Ja;Miljøstyrelsen;https://vanda.miljoeportal.dk/link/86790353-1429-45b9-87b1-f4e06c1ce7ac;FRB1348;32;700057;6208333;1;13-08-2013 08:35:00 +02:00;;Temperatur; =;17,4;grader C;3
Station;49000094;PØLE Å, Ns Alsønderup Enge;32;700057;6208333;Gribskov;Region Hovedstaden;Vandløb;Poel Å;07-12-2006;1;Feltmålinger, Vandløb;Ja;Miljøstyrelsen;https://vanda.miljoeportal.dk/link/0cf52ba7-003f-4dac-beb2-5b558c1dd738;FRB1348;32;700057;6208333;1;07-12-2006 09:30:00 +01:00;;Oxygen indhold; =;10,6;mg/l;2
Station;49000094;PØLE Å, Ns Alsønderup Enge;32;700057;6208333;Gribskov;Region Hovedstaden;Vandløb;Poel Å;17-02-2005;1;Feltmålinger, Vandløb;Ja;Miljøstyrelsen;https://vanda.miljoeportal.dk/link/febbf61e-e217-459f-a940-e9c7b8007916;FRB1348;32;700057;6208333;1;17-02-2005 11:05:00 +01:00;;Temperatur; =;0,3;grader C;3
Station;49000094;PØLE Å, Ns Alsønderup Enge;32;700057;6208333;Gribskov;Region Hovedstaden;Vandløb;Poel Å;29-10-2013;1;Feltmålinger, Vandløb;Ja;Miljøstyrelsen;https://vanda.miljoeportal.dk/link/0157a57a-df99-4782-b713-f99c86ee05ed;FRB1348;32;700057;6208333;1;29-10-2013 09:00:00 +01:00;;Temperatur; =;10;grader C;3
Station;49000094;PØLE Å, Ns Alsønderup Enge;32;700057;6208333;Gribskov;Region Hovedstaden;Vandløb;Poel Å;16-08-2006;1;Feltmålinger, Vandløb;Ja;Miljøstyrelsen;https://vanda.miljoeportal.dk/link/1a8fdad8-4d20-4876-bf23-7c7bda3e7795;FRB1348;32;700057;6208333;1;16-08-2006 11:05:00 +02:00;;Temperatur; =;20,7;grader C;2
Station;49000094;PØLE Å, Ns Alsønderup Enge;32;700057;6208333;Gribskov;Region Hovedstaden;Vandløb;Poel Å;03-08-2011;1;Feltmålinger, Vandløb;Ja;Miljøstyrelsen;https://vanda.miljoeportal.dk/link/e5626cf4-31e9-4689-8e8c-75f0357c6aaa;FRB1348;32;700057;6208333;1;03-08-2011 11:30:00 +02:00;;pH; =;8,6;pH;3
Station;49000094;PØLE Å, Ns Alsønderup Enge;32;700057;6208333;Gribskov;Region Hovedstaden;Vandløb;Poel Å;30-08-2006;1;Feltmålinger, Vandløb;Ja;Miljøstyrelsen;https://vanda.miljoeportal.dk/link/88ba3774-9170-4bbc-842f-7c10f8d3c8f4;FRB1348;32;700057;6208333;1;30-08-2006 09:40:00 +02:00;;Temperatur; =;17,4;grader C;2
Station;49000094;PØLE Å, Ns Alsønderup Enge;32;700057;6208333;Gribskov;Region Hovedstaden;Vandløb;Poel Å;17-04-2012;1;Feltmålinger, Vandløb;Ja;Miljøstyrelsen;https://vanda.miljoeportal.dk/link/981424a7-81cf-4145-bb8a-bbaf128c693f;FRB1348;32;700057;6208333;1;17-04-2012 08:00:00 +02:00;;pH; =;9,1;pH;3
Station;49000094;PØLE Å, Ns Alsønderup Enge;32;700057;6208333;Gribskov;Region Hovedstaden;Vandløb;Poel Å;04-07-2019;1;Feltmålinger, Vandløb;Ja;Miljøstyrelsen;https://vanda.miljoeportal.dk/link/fbbe28d4-e9ab-4ffc-ab1a-891786eb4547;FRB1348;32;700057;6208333;1;04-07-2019 10:20:00 +02:00;;pH; =;9,2;pH;2
Station;49000094;PØLE Å, Ns Alsønderup Enge;32;700057;6208333;Gribskov;Region Hovedstaden;Vandløb;Poel Å;08-06-2005;1;Feltmålinger, Vandløb;Ja;Miljøstyrelsen;https://vanda.miljoeportal.dk/link/1960131b-2b8c-4176-9803-9d2a0e389c0a;FRB1348;32;700057;6208333;1;08-06-2005 09:55:00 +02:00;;Oxygenmætning; =;152;pct;3
Station;49000094;PØLE Å, Ns Alsønderup Enge;32;700057;6208333;Gribskov;Region Hovedstaden;Vandløb;Poel Å;24-07-2012;1;Feltmålinger, Vandløb;Ja;Miljøstyrelsen;https://vanda.miljoeportal.dk/link/42e2c7eb-c4f5-4cf6-a5ee-7e02541e0606;FRB1348;32;700057;6208333;1;24-07-2012 09:55:00 +02:00;;pH; =;8,09;pH;3
Station;49000094;PØLE Å, Ns Alsønderup Enge;32;700057;6208333;Gribskov;Region Hovedstaden;Vandløb;Poel Å;08-11-2011;1;Feltmålinger, Vandløb;Ja;Miljøstyrelsen;https://vanda.miljoeportal.dk/link/006e09cb-3232-4d40-8c29-ca19433e90bf;FRB1348;32;700057;6208333;1;08-11-2011 08:55:00 +01:00;;pH; =;8,2;pH;3
Station;49000094;PØLE Å, Ns Alsønderup Enge;32;700057;6208333;Gribskov;Region Hovedstaden;Vandløb;Poel Å;10-04-2018;1;Feltmålinger, Vandløb;Ja;Miljøstyrelsen;https://vanda.miljoeportal.dk/link/540608d0-acdc-4aa1-8355-5bf818324347;FRB1348;32;700057;6208333;1;10-04-2018 07:30:00 +02:00;;Temperatur; =;9,4;grader C;2
Station;49000094;PØLE Å, Ns Alsønderup Enge;32;700057;6208333;Gribskov;Region Hovedstaden;Vandløb;Poel Å;22-05-2013;1;Feltmålinger, Vandløb;Ja;Miljøstyrelsen;https://vanda.miljoeportal.dk/link/6a8864c7-e210-43b2-9a45-7fc8b10e9191;FRB1348;32;700057;6208333;1;22-05-2013 08:20:00 +02:00;;pH; =;8,2;pH;3
Station;49000094;PØLE Å, Ns Alsønderup Enge;32;700057;6208333;Gribskov;Region Hovedstaden;Vandløb;Poel Å;06-11-2007;1;Feltmålinger, Vandløb;Ja;Miljøstyrelsen;https://vanda.miljoeportal.dk/link/c706f189-bf01-48f5-9ddd-7f4522a414e9;FRB1348;32;700057;6208333;1;06-11-2007 08:45:00 +01:00;;Temperatur; =;8,3;grader C;3
Station;49000094;PØLE Å, Ns Alsønderup Enge;32;700057;6208333;Gribskov;Region Hovedstaden;Vandløb;Poel Å;24-06-2008;1;Feltmålinger, Vandløb;Ja;Miljøstyrelsen;https://vanda.miljoeportal.dk/link/736b250b-d320-44a6-b50b-1c34543f15ee;FRB1348;32;700057;6208333;1;24-06-2008 08:45:00 +02:00;;Temperatur; =;16,6;grader C;3
Station;49000094;PØLE Å, Ns Alsønderup Enge;32;700057;6208333;Gribskov;Region Hovedstaden;Vandløb;Poel Å;26-06-2013;1;Feltmålinger, Vandløb;Ja;Miljøstyrelsen;https://vanda.miljoeportal.dk/link/12b2a865-e78e-468c-af00-8c1041218d74;FRB1348;32;700057;6208333;1;26-06-2013 08:50:00 +02:00;;pH; =;8,4;pH;3
Station;49000094;PØLE Å, Ns Alsønderup Enge;32;700057;6208333;Gribskov;Region Hovedstaden;Vandløb;Poel Å;17-01-2013;1;Feltmålinger, Vandløb;Ja;Miljøstyrelsen;https://vanda.miljoeportal.dk/link/9663a7ab-6911-4603-a2be-3a409725a775;FRB1348;32;700057;6208333;1;17-01-2013 08:30:00 +01:00;;pH; =;7,9;pH;3
Station;49000094;PØLE Å, Ns Alsønderup Enge;32;700057;6208333;Gribskov;Region Hovedstaden;Vandløb;Poel Å;28-04-2009;1;Feltmålinger, Vandløb;Ja;Miljøstyrelsen;https://vanda.miljoeportal.dk/link/46809c8a-82fe-4ed2-9de9-1a2af10e016d;FRB1348;32;700057;6208333;1;28-04-2009 09:00:00 +02:00;;Temperatur; =;14,8;grader C;3
Station;49000094;PØLE Å, Ns Alsønderup Enge;32;700057;6208333;Gribskov;Region Hovedstaden;Vandløb;Poel Å;04-10-2011;1;Feltmålinger, Vandløb;Ja;Miljøstyrelsen;https://vanda.miljoeportal.dk/link/bd8c1130-434a-4763-964e-7c1d013c0853;FRB1348;32;700057;6208333;1;04-10-2011 08:55:00 +02:00;;pH; =;8,2;pH;3
Station;49000094;PØLE Å, Ns Alsønderup Enge;32;700057;6208333;Gribskov;Region Hovedstaden;Vandløb;Poel Å;15-08-2023;1;Feltmålinger, Vandløb;Ja;Miljøstyrelsen;https://vanda.miljoeportal.dk/link/3fc241c3-871f-4db1-8528-85a5f95d8ad0;FRB1348;32;700057;6208333;1;15-08-2023 10:14:00 +02:00;;Temperatur; =;20,3;grader C;2
Station;49000094;PØLE Å, Ns Alsønderup Enge;32;700057;6208333;Gribskov;Region Hovedstaden;Vandløb;Poel Å;02-03-2006;1;Feltmålinger, Vandløb;Ja;Miljøstyrelsen;https://vanda.miljoeportal.dk/link/9fb8f44b-656b-4cde-995b-886473a83730;FRB1348;32;700057;6208333;1;02-03-2006 10:10:00 +01:00;;Oxygen indhold; =;10,7;mg/l;2
Station;49000094;PØLE Å, Ns Alsønderup Enge;32;700057;6208333;Gribskov;Region Hovedstaden;Vandløb;Poel Å;05-07-2006;1;Feltmålinger, Vandløb;Ja;Miljøstyrelsen;https://vanda.miljoeportal.dk/link/5a1713f6-d3c7-4fbf-a1f1-b02d0bc5983b;FRB1348;32;700057;6208333;1;05-07-2006 09:30:00 +02:00;;Oxygenmætning; =;92;pct;2
Station;49000094;PØLE Å, Ns Alsønderup Enge;32;700057;6208333;Gribskov;Region Hovedstaden;Vandløb;Poel Å;24-10-2007;1;Feltmålinger, Vandløb;Ja;Miljøstyrelsen;https://vanda.miljoeportal.dk/link/d4c1cf41-76d2-4513-8c45-2eecad852d12;FRB1348;32;700057;6208333;1;24-10-2007 09:00:00 +02:00;;Temperatur; =;6,8;grader C;3
Station;49000094;PØLE Å, Ns Alsønderup Enge;32;700057;6208333;Gribskov;Region Hovedstaden;Vandløb;Poel Å;26-04-2006;1;Feltmålinger, Vandløb;Ja;Miljøstyrelsen;https://vanda.miljoeportal.dk/link/7ac58d52-7368-4b8f-8ee9-416219f3507c;FRB1348;32;700057;6208333;1;26-04-2006 09:35:00 +02:00;;Oxygenmætning; =;127;pct;2
Station;49000094;PØLE Å, Ns Alsønderup Enge;32;700057;6208333;Gribskov;Region Hovedstaden;Vandløb;Poel Å;21-12-2005;1;Feltmålinger, Vandløb;Ja;Miljøstyrelsen;https://vanda.miljoeportal.dk/link/a6a4f067-a3d6-4572-82b2-f05b2005c547;FRB1348;32;700057;6208333;1;21-12-2005 09:50:00 +01:00;;Oxygenmætning; =;79;pct;3
Station;49000094;PØLE Å, Ns Alsønderup Enge;32;700057;6208333;Gribskov;Region Hovedstaden;Vandløb;Poel Å;01-12-2004;1;Feltmålinger, Vandløb;Ja;Miljøstyrelsen;https://vanda.miljoeportal.dk/link/e818b944-7736-410c-a434-cfc4bd58b2cf;FRB1348;32;700057;6208333;1;01-12-2004 10:00:00 +01:00;;Temperatur; =;4,1;grader C;3
Station;49000094;PØLE Å, Ns Alsønderup Enge;32;700057;6208333;Gribskov;Region Hovedstaden;Vandløb;Poel Å;25-02-2014;1;Feltmålinger, Vandløb;Ja;Miljøstyrelsen;https://vanda.miljoeportal.dk/link/b8cf5175-90d2-4323-a69d-7b8d50c7a201;FRB1348;32;700057;6208333;1;25-02-2014 09:10:00 +01:00;;Temperatur; =;4,5;grader C;3
Station;49000094;PØLE Å, Ns Alsønderup Enge;32;700057;6208333;Gribskov;Region Hovedstaden;Vandløb;Poel Å;06-11-2018;1;Feltmålinger, Vandløb;Ja;Miljøstyrelsen;https://vanda.miljoeportal.dk/link/93c4d5e3-72f0-4ac0-b49a-111c0b9c6539;FRB1348;32;700057;6208333;1;06-11-2018 10:05:00 +01:00;;Temperatur; =;8,3;grader C;2
Station;49000094;PØLE Å, Ns Alsønderup Enge;32;700057;6208333;Gribskov;Region Hovedstaden;Vandløb;Poel Å;15-03-2006;1;Feltmålinger, Vandløb;Ja;Miljøstyrelsen;https://vanda.miljoeportal.dk/link/da26959c-4f8c-41ff-8447-f71e56d49fec;FRB1348;32;700057;6208333;1;15-03-2006 09:45:00 +01:00;;Oxygenmætning; =;70;pct;2
Station;49000094;PØLE Å, Ns Alsønderup Enge;32;700057;6208333;Gribskov;Region Hovedstaden;Vandløb;Poel Å;22-06-2005;1;Feltmålinger, Vandløb;Ja;Miljøstyrelsen;https://vanda.miljoeportal.dk/link/df79cff0-e720-4914-bd0b-0b3d38595828;FRB1348;32;700057;6208333;1;22-06-2005 10:10:00 +02:00;;Oxygenmætning; =;54;pct;3
Station;49000094;PØLE Å, Ns Alsønderup Enge;32;700057;6208333;Gribskov;Region Hovedstaden;Vandløb;Poel Å;01-09-2009;1;Feltmålinger, Vandløb;Ja;Miljøstyrelsen;https://vanda.miljoeportal.dk/link/471b24bc-fc4e-4835-a51a-2fa816941ec9;FRB1348;32;700057;6208333;1;01-09-2009 08:55:00 +02:00;;Temperatur; =;16,8;grader C;3
Station;49000094;PØLE Å, Ns Alsønderup Enge;32;700057;6208333;Gribskov;Region Hovedstaden;Vandløb;Poel Å;25-03-2014;1;Feltmålinger, Vandløb;Ja;Miljøstyrelsen;https://vanda.miljoeportal.dk/link/af582047-bca2-4aec-ab58-4787c2b3f71d;FRB1348;32;700057;6208333;1;25-03-2014 08:35:00 +01:00;;pH; =;8,9;pH;3
Station;49000094;PØLE Å, Ns Alsønderup Enge;32;700057;6208333;Gribskov;Region Hovedstaden;Vandløb;Poel Å;29-05-2013;1;Feltmålinger, Vandløb;Ja;Miljøstyrelsen;https://vanda.miljoeportal.dk/link/29b7ff0a-7c30-4570-956b-3c3942c4f343;FRB1348;32;700057;6208333;1;29-05-2013 09:00:00 +02:00;;Temperatur; =;14,7;grader C;3
Station;49000094;PØLE Å, Ns Alsønderup Enge;32;700057;6208333;Gribskov;Region Hovedstaden;Vandløb;Poel Å;09-12-2010;1;Feltmålinger, Vandløb;Ja;Miljøstyrelsen;https://vanda.miljoeportal.dk/link/3253ad5a-c938-4de2-ae04-2dd0fc2e350a;FRB1348;32;700057;6208333;1;09-12-2010 08:45:00 +01:00;;Temperatur; =;1,3;grader C;3
Station;49000094;PØLE Å, Ns Alsønderup Enge;32;700057;6208333;Gribskov;Region Hovedstaden;Vandløb;Poel Å;15-03-2006;1;Feltmålinger, Vandløb;Ja;Miljøstyrelsen;https://vanda.miljoeportal.dk/link/da26959c-4f8c-41ff-8447-f71e56d49fec;FRB1348;32;700057;6208333;1;15-03-2006 09:45:00 +01:00;;Oxygen indhold; =;10;mg/l;2
Station;49000094;PØLE Å, Ns Alsønderup Enge;32;700057;6208333;Gribskov;Region Hovedstaden;Vandløb;Poel Å;05-07-2006;1;Feltmålinger, Vandløb;Ja;Miljøstyrelsen;https://vanda.miljoeportal.dk/link/5a1713f6-d3c7-4fbf-a1f1-b02d0bc5983b;FRB1348;32;700057;6208333;1;05-07-2006 09:30:00 +02:00;;Temperatur; =;23,8;grader C;2
Station;49000094;PØLE Å, Ns Alsønderup Enge;32;700057;6208333;Gribskov;Region Hovedstaden;Vandløb;Poel Å;02-09-2008;1;Feltmålinger, Vandløb;Ja;Miljøstyrelsen;https://vanda.miljoeportal.dk/link/8fc229f1-ce0d-40cc-9c1a-5e3d8826f05a;FRB1348;32;700057;6208333;1;02-09-2008 08:45:00 +02:00;;Temperatur; =;22,2;grader C;3
Station;49000094;PØLE Å, Ns Alsønderup Enge;32;700057;6208333;Gribskov;Region Hovedstaden;Vandløb;Poel Å;27-09-2006;1;Feltmålinger, Vandløb;Ja;Miljøstyrelsen;https://vanda.miljoeportal.dk/link/9edfed0d-ede7-49d5-b9f7-87241b6ef564;FRB1348;32;700057;6208333;1;27-09-2006 09:40:00 +02:00;;Oxygen indhold; =;7,2;mg/l;2
Station;49000094;PØLE Å, Ns Alsønderup Enge;32;700057;6208333;Gribskov;Region Hovedstaden;Vandløb;Poel Å;16-08-2011;1;Feltmålinger, Vandløb;Ja;Miljøstyrelsen;https://vanda.miljoeportal.dk/link/66b86f48-996a-467c-91f1-213fd2f6d2c9;FRB1348;32;700057;6208333;1;16-08-2011 08:50:00 +02:00;;Temperatur; =;17,3;grader C;3
Station;49000094;PØLE Å, Ns Alsønderup Enge;32;700057;6208333;Gribskov;Region Hovedstaden;Vandløb;Poel Å;12-01-2006;1;Feltmålinger, Vandløb;Ja;Miljøstyrelsen;https://vanda.miljoeportal.dk/link/6a4b015a-e5c3-4051-8687-95e02388c2ab;FRB1348;32;700057;6208333;1;12-01-2006 09:50:00 +01:00;;Temperatur; =;1,1;grader C;2
Station;49000094;PØLE Å, Ns Alsønderup Enge;32;700057;6208333;Gribskov;Region Hovedstaden;Vandløb;Poel Å;11-02-2014;1;Feltmålinger, Vandløb;Ja;Miljøstyrelsen;https://vanda.miljoeportal.dk/link/84608f91-9fb9-42b8-b72e-a3cb085c6432;FRB1348;32;700057;6208333;1;11-02-2014 08:45:00 +01:00;;Temperatur; =;2,4;grader C;3
Station;49000094;PØLE Å, Ns Alsønderup Enge;32;700057;6208333;Gribskov;Region Hovedstaden;Vandløb;Poel Å;22-09-2004;1;Feltmålinger, Vandløb;Ja;Miljøstyrelsen;https://vanda.miljoeportal.dk/link/a26e2a42-2a64-4a78-9ea3-182df0faad99;FRB1348;32;700057;6208333;1;22-09-2004 10:20:00 +02:00;;Oxygen indhold; =;8,9;mg/l;3
Station;49000094;PØLE Å, Ns Alsønderup Enge;32;700057;6208333;Gribskov;Region Hovedstaden;Vandløb;Poel Å;10-04-2013;1;Feltmålinger, Vandløb;Ja;Miljøstyrelsen;https://vanda.miljoeportal.dk/link/f81fef85-035c-4b02-bc71-a4b5f9f100d9;FRB1348;32;700057;6208333;1;10-04-2013 09:45:00 +02:00;;Temperatur; =;3,4;grader C;3
Station;49000094;PØLE Å, Ns Alsønderup Enge;32;700057;6208333;Gribskov;Region Hovedstaden;Vandløb;Poel Å;12-12-2012;1;Feltmålinger, Vandløb;Ja;Miljøstyrelsen;https://vanda.miljoeportal.dk/link/f35b7dd2-0dfa-47a5-99c6-a6b3e950045a;FRB1348;32;700057;6208333;1;12-12-2012 08:50:00 +01:00;;pH; =;8;pH;3
Station;49000094;PØLE Å, Ns Alsønderup Enge;32;700057;6208333;Gribskov;Region Hovedstaden;Vandløb;Poel Å;12-10-2005;1;Feltmålinger, Vandløb;Ja;Miljøstyrelsen;https://vanda.miljoeportal.dk/link/7943b622-371f-4e19-bde4-90de9dbebf01;FRB1348;32;700057;6208333;1;12-10-2005 09:30:00 +02:00;;Oxygen indhold; =;7,1;mg/l;3
Station;49000094;PØLE Å, Ns Alsønderup Enge;32;700057;6208333;Gribskov;Region Hovedstaden;Vandløb;Poel Å;23-10-2012;1;Feltmålinger, Vandløb;Ja;Miljøstyrelsen;https://vanda.miljoeportal.dk/link/99a0ea7c-1969-442b-be90-c321eafeafd0;FRB1348;32;700057;6208333;1;23-10-2012 08:25:00 +02:00;;pH; =;8;pH;3
Station;49000094;PØLE Å, Ns Alsønderup Enge;32;700057;6208333;Gribskov;Region Hovedstaden;Vandløb;Poel Å;13-09-2011;1;Feltmålinger, Vandløb;Ja;Miljøstyrelsen;https://vanda.miljoeportal.dk/link/201f7276-d120-4e9e-b9ca-e6c59deabfd0;FRB1348;32;700057;6208333;1;13-09-2011 09:05:00 +02:00;;Temperatur; =;16;grader C;3
Station;49000094;PØLE Å, Ns Alsønderup Enge;32;700057;6208333;Gribskov;Region Hovedstaden;Vandløb;Poel Å;12-11-2015;1;Feltmålinger, Vandløb;Ja;Miljøstyrelsen;https://vanda.miljoeportal.dk/link/4a8f9f3f-aa68-44e7-865e-0da61750ff30;FRB1348;32;700057;6208333;1;12-11-2015 07:30:00 +01:00;;Temperatur; =;11,7;grader C;2
Station;49000094;PØLE Å, Ns Alsønderup Enge;32;700057;6208333;Gribskov;Region Hovedstaden;Vandløb;Poel Å;17-06-2014;1;Feltmålinger, Vandløb;Ja;Miljøstyrelsen;https://vanda.miljoeportal.dk/link/54da624d-8d76-4cec-9e2d-4c880ad277f5;FRB1348;32;700057;6208333;1;17-06-2014 08:30:00 +02:00;;pH; =;8,7;pH;3
Station;49000094;PØLE Å, Ns Alsønderup Enge;32;700057;6208333;Gribskov;Region Hovedstaden;Vandløb;Poel Å;05-03-2019;1;Feltmålinger, Vandløb;Ja;Miljøstyrelsen;https://vanda.miljoeportal.dk/link/5f49540f-c4f4-4241-9278-894391b33bc4;FRB1348;32;700057;6208333;1;05-03-2019 14:45:00 +01:00;;pH; =;9,1;pH;2
Station;49000094;PØLE Å, Ns Alsønderup Enge;32;700057;6208333;Gribskov;Region Hovedstaden;Vandløb;Poel Å;24-01-2012;1;Feltmålinger, Vandløb;Ja;Miljøstyrelsen;https://vanda.miljoeportal.dk/link/706c82ff-268c-4e33-afc4-3c171c0ad9d7;FRB1348;32;700057;6208333;1;24-01-2012 09:20:00 +01:00;;pH; =;8,1;pH;3
Station;49000094;PØLE Å, Ns Alsønderup Enge;32;700057;6208333;Gribskov;Region Hovedstaden;Vandløb;Poel Å;23-10-2013;1;Feltmålinger, Vandløb;Ja;Miljøstyrelsen;https://vanda.miljoeportal.dk/link/521107e8-b9bc-4f05-abb4-d4a44abb2082;FRB1348;32;700057;6208333;1;23-10-2013 09:20:00 +02:00;;Temperatur; =;12,3;grader C;3
Station;49000094;PØLE Å, Ns Alsønderup Enge;32;700057;6208333;Gribskov;Region Hovedstaden;Vandløb;Poel Å;06-10-2004;1;Feltmålinger, Vandløb;Ja;Miljøstyrelsen;https://vanda.miljoeportal.dk/link/9dfc9330-cdb0-4c11-949d-91f92978ef17;FRB1348;32;700057;6208333;1;06-10-2004 10:00:00 +02:00;;Oxygenmætning; =;67;pct;3
Station;49000094;PØLE Å, Ns Alsønderup Enge;32;700057;6208333;Gribskov;Region Hovedstaden;Vandløb;Poel Å;01-08-2006;1;Feltmålinger, Vandløb;Ja;Miljøstyrelsen;https://vanda.miljoeportal.dk/link/78f03c7b-494e-4c75-a9ef-0def69ce2bab;FRB1348;32;700057;6208333;1;01-08-2006 10:05:00 +02:00;;Oxygen indhold; =;5,2;mg/l;2
Station;49000094;PØLE Å, Ns Alsønderup Enge;32;700057;6208333;Gribskov;Region Hovedstaden;Vandløb;Poel Å;22-06-2006;1;Feltmålinger, Vandløb;Ja;Miljøstyrelsen;https://vanda.miljoeportal.dk/link/b129bc25-f707-41a9-9565-be35761291a1;FRB1348;32;700057;6208333;1;22-06-2006 09:00:00 +02:00;;Temperatur; =;20,1;grader C;2
Station;49000094;PØLE Å, Ns Alsønderup Enge;32;700057;6208333;Gribskov;Region Hovedstaden;Vandløb;Poel Å;24-10-2006;1;Feltmålinger, Vandløb;Ja;Miljøstyrelsen;https://vanda.miljoeportal.dk/link/49b0a169-060f-4d59-a3ea-53d70576980e;FRB1348;32;700057;6208333;1;24-10-2006 09:45:00 +02:00;;Oxygen indhold; =;7,5;mg/l;2
Station;49000094;PØLE Å, Ns Alsønderup Enge;32;700057;6208333;Gribskov;Region Hovedstaden;Vandløb;Poel Å;26-04-2006;1;Feltmålinger, Vandløb;Ja;Miljøstyrelsen;https://vanda.miljoeportal.dk/link/7ac58d52-7368-4b8f-8ee9-416219f3507c;FRB1348;32;700057;6208333;1;26-04-2006 09:35:00 +02:00;;Temperatur; =;10,9;grader C;2
Station;49000094;PØLE Å, Ns Alsønderup Enge;32;700057;6208333;Gribskov;Region Hovedstaden;Vandløb;Poel Å;08-03-2016;1;Feltmålinger, Vandløb;Ja;Miljøstyrelsen;https://vanda.miljoeportal.dk/link/b4cca209-6f00-4a74-b4a1-361fdd3d8bb2;FRB1348;32;700057;6208333;1;08-03-2016 10:00:00 +01:00;;Temperatur; =;3,2;grader C;3
Station;49000094;PØLE Å, Ns Alsønderup Enge;32;700057;6208333;Gribskov;Region Hovedstaden;Vandløb;Poel Å;25-02-2014;1;Feltmålinger, Vandløb;Ja;Miljøstyrelsen;https://vanda.miljoeportal.dk/link/b8cf5175-90d2-4323-a69d-7b8d50c7a201;FRB1348;32;700057;6208333;1;25-02-2014 09:10:00 +01:00;;pH; =;8;pH;3
Station;49000094;PØLE Å, Ns Alsønderup Enge;32;700057;6208333;Gribskov;Region Hovedstaden;Vandløb;Poel Å;26-10-2005;1;Feltmålinger, Vandløb;Ja;Miljøstyrelsen;https://vanda.miljoeportal.dk/link/96e81300-e24d-4620-881b-76b79069cf0d;FRB1348;32;700057;6208333;1;26-10-2005 09:55:00 +02:00;;Temperatur; =;9,2;grader C;3
Station;49000094;PØLE Å, Ns Alsønderup Enge;32;700057;6208333;Gribskov;Region Hovedstaden;Vandløb;Poel Å;15-11-2022;1;Feltmålinger, Vandløb;Ja;Miljøstyrelsen;https://vanda.miljoeportal.dk/link/d544720b-2f2e-4183-8021-043b9ce8b72b;FRB1348;32;700057;6208333;1;15-11-2022 12:49:00 +01:00;;Temperatur; =;9,7;grader C;2
Station;49000094;PØLE Å, Ns Alsønderup Enge;32;700057;6208333;Gribskov;Region Hovedstaden;Vandløb;Poel Å;02-03-2006;1;Feltmålinger, Vandløb;Ja;Miljøstyrelsen;https://vanda.miljoeportal.dk/link/9fb8f44b-656b-4cde-995b-886473a83730;FRB1348;32;700057;6208333;1;02-03-2006 10:10:00 +01:00;;Oxygenmætning; =;78;pct;2
Station;49000094;PØLE Å, Ns Alsønderup Enge;32;700057;6208333;Gribskov;Region Hovedstaden;Vandløb;Poel Å;25-05-2010;1;Feltmålinger, Vandløb;Ja;Miljøstyrelsen;https://vanda.miljoeportal.dk/link/d17aebe5-3cd7-4082-b7bd-db01c52dc811;FRB1348;32;700057;6208333;1;25-05-2010 09:00:00 +02:00;;Temperatur; =;13,4;grader C;3
Station;49000094;PØLE Å, Ns Alsønderup Enge;32;700057;6208333;Gribskov;Region Hovedstaden;Vandløb;Poel Å;06-08-2012;1;Feltmålinger, Vandløb;Ja;Miljøstyrelsen;https://vanda.miljoeportal.dk/link/f85f0cdd-8a2e-4069-a630-946577a5a360;FRB1348;32;700057;6208333;1;06-08-2012 08:05:00 +02:00;;pH; =;8,1;pH;3
Station;49000094;PØLE Å, Ns Alsønderup Enge;32;700057;6208333;Gribskov;Region Hovedstaden;Vandløb;Poel Å;31-05-2011;1;Feltmålinger, Vandløb;Ja;Miljøstyrelsen;https://vanda.miljoeportal.dk/link/c1013c84-2b4f-497e-bea4-177abf850575;FRB1348;32;700057;6208333;1;31-05-2011 09:15:00 +02:00;;pH; =;8;pH;3
Station;49000094;PØLE Å, Ns Alsønderup Enge;32;700057;6208333;Gribskov;Region Hovedstaden;Vandløb;Poel Å;10-02-2009;1;Feltmålinger, Vandløb;Ja;Miljøstyrelsen;https://vanda.miljoeportal.dk/link/f9515e69-51da-4a9e-b085-b97eca8aba95;FRB1348;32;700057;6208333;1;10-02-2009 08:05:00 +01:00;;Temperatur; =;1,7;grader C;3
Station;49000094;PØLE Å, Ns Alsønderup Enge;32;700057;6208333;Gribskov;Region Hovedstaden;Vandløb;Poel Å;14-12-2021;1;Feltmålinger, Vandløb;Ja;Miljøstyrelsen;https://vanda.miljoeportal.dk/link/3ab33924-496c-42b4-8d69-4391b39706f7;FRB1348;32;700057;6208333;1;14-12-2021 12:56:00 +01:00;;Temperatur; =;3,5;grader C;2
Station;49000094;PØLE Å, Ns Alsønderup Enge;32;700057;6208333;Gribskov;Region Hovedstaden;Vandløb;Poel Å;08-11-2006;1;Feltmålinger, Vandløb;Ja;Miljøstyrelsen;https://vanda.miljoeportal.dk/link/3a9c644a-b8bc-4b76-b1f1-d90d3f125c29;FRB1348;32;700057;6208333;1;08-11-2006 09:40:00 +01:00;;Temperatur; =;8,9;grader C;2
Station;49000094;PØLE Å, Ns Alsønderup Enge;32;700057;6208333;Gribskov;Region Hovedstaden;Vandløb;Poel Å;12-06-2012;1;Feltmålinger, Vandløb;Ja;Miljøstyrelsen;https://vanda.miljoeportal.dk/link/652f3a03-ce31-4637-8c51-648947782cef;FRB1348;32;700057;6208333;1;12-06-2012 08:10:00 +02:00;;Temperatur; =;16,3;grader C;3
Station;49000094;PØLE Å, Ns Alsønderup Enge;32;700057;6208333;Gribskov;Region Hovedstaden;Vandløb;Poel Å;24-10-2006;1;Feltmålinger, Vandløb;Ja;Miljøstyrelsen;https://vanda.miljoeportal.dk/link/49b0a169-060f-4d59-a3ea-53d70576980e;FRB1348;32;700057;6208333;1;24-10-2006 09:45:00 +02:00;;Temperatur; =;12,6;grader C;2
Station;49000094;PØLE Å, Ns Alsønderup Enge;32;700057;6208333;Gribskov;Region Hovedstaden;Vandløb;Poel Å;17-01-2006;1;Feltmålinger, Vandløb;Ja;Miljøstyrelsen;https://vanda.miljoeportal.dk/link/fce51d0d-5979-46c6-b9b4-b6b10ff681f0;FRB1348;32;700057;6208333;1;17-01-2006 09:40:00 +01:00;;Temperatur; =;1,3;grader C;2
Station;49000094;PØLE Å, Ns Alsønderup Enge;32;700057;6208333;Gribskov;Region Hovedstaden;Vandløb;Poel Å;18-03-2019;1;Feltmålinger, Vandløb;Ja;Miljøstyrelsen;https://vanda.miljoeportal.dk/link/958fac80-fd6f-4ed7-b803-c4e63930801f;FRB1348;32;700057;6208333;1;18-03-2019 11:50:00 +01:00;;pH; =;8,2;pH;2
Station;49000094;PØLE Å, Ns Alsønderup Enge;32;700057;6208333;Gribskov;Region Hovedstaden;Vandløb;Poel Å;07-05-2014;1;Feltmålinger, Vandløb;Ja;Miljøstyrelsen;https://vanda.miljoeportal.dk/link/a36d6c2c-0dd9-43ac-a24f-30cd16f1920d;FRB1348;32;700057;6208333;1;07-05-2014 08:00:00 +02:00;;pH; =;8,5;pH;3
Station;49000094;PØLE Å, Ns Alsønderup Enge;32;700057;6208333;Gribskov;Region Hovedstaden;Vandløb;Poel Å;22-09-2004;1;Feltmålinger, Vandløb;Ja;Miljøstyrelsen;https://vanda.miljoeportal.dk/link/a26e2a42-2a64-4a78-9ea3-182df0faad99;FRB1348;32;700057;6208333;1;22-09-2004 10:20:00 +02:00;;Temperatur; =;12,1;grader C;3
Station;49000094;PØLE Å, Ns Alsønderup Enge;32;700057;6208333;Gribskov;Region Hovedstaden;Vandløb;Poel Å;09-01-2019;1;Feltmålinger, Vandløb;Ja;Miljøstyrelsen;https://vanda.miljoeportal.dk/link/119e7a5b-f114-4a7a-9ad8-bdc4ef0b5939;FRB1348;32;700057;6208333;1;09-01-2019 12:17:00 +01:00;;pH; =;8,5;pH;2
Station;49000094;PØLE Å, Ns Alsønderup Enge;32;700057;6208333;Gribskov;Region Hovedstaden;Vandløb;Poel Å;03-08-2005;1;Feltmålinger, Vandløb;Ja;Miljøstyrelsen;https://vanda.miljoeportal.dk/link/7c52289a-546a-4cc1-afd8-d92799668da7;FRB1348;32;700057;6208333;1;03-08-2005 10:30:00 +02:00;;Temperatur; =;18,7;grader C;3
Station;49000094;PØLE Å, Ns Alsønderup Enge;32;700057;6208333;Gribskov;Region Hovedstaden;Vandløb;Poel Å;07-06-2006;1;Feltmålinger, Vandløb;Ja;Miljøstyrelsen;https://vanda.miljoeportal.dk/link/cd08dd74-b01d-4939-a826-d63476c8536a;FRB1348;32;700057;6208333;1;07-06-2006 09:35:00 +02:00;;Oxygen indhold; =;8,2;mg/l;2
Station;49000094;PØLE Å, Ns Alsønderup Enge;32;700057;6208333;Gribskov;Region Hovedstaden;Vandløb;Poel Å;27-10-2009;1;Feltmålinger, Vandløb;Ja;Miljøstyrelsen;https://vanda.miljoeportal.dk/link/e4466e5b-7a38-482e-8475-45c5bec5e73e;FRB1348;32;700057;6208333;1;27-10-2009 08:50:00 +01:00;;Temperatur; =;9;grader C;3
Station;49000094;PØLE Å, Ns Alsønderup Enge;32;700057;6208333;Gribskov;Region Hovedstaden;Vandløb;Poel Å;30-09-2008;1;Feltmålinger, Vandløb;Ja;Miljøstyrelsen;https://vanda.miljoeportal.dk/link/2841de89-7bc2-440c-9f05-1d5768439e6f;FRB1348;32;700057;6208333;1;30-09-2008 08:45:00 +02:00;;Temperatur; =;18;grader C;3
Station;49000094;PØLE Å, Ns Alsønderup Enge;32;700057;6208333;Gribskov;Region Hovedstaden;Vandløb;Poel Å;10-01-2012;1;Feltmålinger, Vandløb;Ja;Miljøstyrelsen;https://vanda.miljoeportal.dk/link/839dbd98-f864-4d53-af6c-ef902bca4697;FRB1348;32;700057;6208333;1;10-01-2012 09:10:00 +01:00;;Temperatur; =;3,7;grader C;3
Station;49000094;PØLE Å, Ns Alsønderup Enge;32;700057;6208333;Gribskov;Region Hovedstaden;Vandløb;Poel Å;17-08-2005;1;Feltmålinger, Vandløb;Ja;Miljøstyrelsen;https://vanda.miljoeportal.dk/link/937227f3-0734-49cf-9f8b-0d44ef380f77;FRB1348;32;700057;6208333;1;17-08-2005 11:50:00 +02:00;;Oxygen indhold; =;7,5;mg/l;3
Station;49000094;PØLE Å, Ns Alsønderup Enge;32;700057;6208333;Gribskov;Region Hovedstaden;Vandløb;Poel Å;27-01-2021;1;Feltmålinger, Vandløb;Ja;Miljøstyrelsen;https://vanda.miljoeportal.dk/link/64e64004-4c61-4438-ac80-46bfd77f6121;FRB1348;32;700057;6208333;1;27-01-2021 14:36:00 +01:00;;Temperatur; =;2,4;grader C;2
Station;49000094;PØLE Å, Ns Alsønderup Enge;32;700057;6208333;Gribskov;Region Hovedstaden;Vandløb;Poel Å;26-10-2005;1;Feltmålinger, Vandløb;Ja;Miljøstyrelsen;https://vanda.miljoeportal.dk/link/96e81300-e24d-4620-881b-76b79069cf0d;FRB1348;32;700057;6208333;1;26-10-2005 09:55:00 +02:00;;Oxygen indhold; =;9,5;mg/l;3
Station;49000094;PØLE Å, Ns Alsønderup Enge;32;700057;6208333;Gribskov;Region Hovedstaden;Vandløb;Poel Å;07-10-2008;1;Feltmålinger, Vandløb;Ja;Miljøstyrelsen;https://vanda.miljoeportal.dk/link/2b2ecbe9-ea0b-425a-8d34-27be2aa90536;FRB1348;32;700057;6208333;1;07-10-2008 09:20:00 +02:00;;Temperatur; =;17,2;grader C;3
Station;49000094;PØLE Å, Ns Alsønderup Enge;32;700057;6208333;Gribskov;Region Hovedstaden;Vandløb;Poel Å;27-05-2008;1;Feltmålinger, Vandløb;Ja;Miljøstyrelsen;https://vanda.miljoeportal.dk/link/7507094c-58f0-43c4-82cf-967f7fd435cd;FRB1348;32;700057;6208333;1;27-05-2008 08:50:00 +02:00;;Temperatur; =;15,9;grader C;3
Station;49000094;PØLE Å, Ns Alsønderup Enge;32;700057;6208333;Gribskov;Region Hovedstaden;Vandløb;Poel Å;12-05-2009;1;Feltmålinger, Vandløb;Ja;Miljøstyrelsen;https://vanda.miljoeportal.dk/link/08acb77e-4228-4a2f-ba53-6dfa6a61559c;FRB1348;32;700057;6208333;1;12-05-2009 08:55:00 +02:00;;Temperatur; =;14,9;grader C;3
Station;49000094;PØLE Å, Ns Alsønderup Enge;32;700057;6208333;Gribskov;Region Hovedstaden;Vandløb;Poel Å;11-10-2018;1;Feltmålinger, Vandløb;Ja;Miljøstyrelsen;https://vanda.miljoeportal.dk/link/9aa40a8b-3613-424b-99b8-b42018233579;FRB1348;32;700057;6208333;1;11-10-2018 08:10:00 +02:00;;Temperatur; =;12;grader C;2
Station;49000094;PØLE Å, Ns Alsønderup Enge;32;700057;6208333;Gribskov;Region Hovedstaden;Vandløb;Poel Å;12-10-2005;1;Feltmålinger, Vandløb;Ja;Miljøstyrelsen;https://vanda.miljoeportal.dk/link/7943b622-371f-4e19-bde4-90de9dbebf01;FRB1348;32;700057;6208333;1;12-10-2005 09:30:00 +02:00;;Temperatur; =;11,8;grader C;3
Station;49000094;PØLE Å, Ns Alsønderup Enge;32;700057;6208333;Gribskov;Region Hovedstaden;Vandløb;Poel Å;11-01-2011;1;Feltmålinger, Vandløb;Ja;Miljøstyrelsen;https://vanda.miljoeportal.dk/link/30a39ff4-30a0-4caf-809a-31f5d504e9ce;FRB1348;32;700057;6208333;1;11-01-2011 08:55:00 +01:00;;pH; =;7,5;pH;3
Station;49000094;PØLE Å, Ns Alsønderup Enge;32;700057;6208333;Gribskov;Region Hovedstaden;Vandløb;Poel Å;29-03-2023;1;Feltmålinger, Vandløb;Ja;Miljøstyrelsen;https://vanda.miljoeportal.dk/link/275e763b-0d64-48e8-824e-d509bd260a72;FRB1348;32;700057;6208333;1;29-03-2023 12:06:00 +02:00;;pH; =;8,56;pH;2
Station;49000094;PØLE Å, Ns Alsønderup Enge;32;700057;6208333;Gribskov;Region Hovedstaden;Vandløb;Poel Å;29-03-2006;1;Feltmålinger, Vandløb;Ja;Miljøstyrelsen;https://vanda.miljoeportal.dk/link/fccc001d-8c7f-482d-9601-d154b09c23ff;FRB1348;32;700057;6208333;1;29-03-2006 09:25:00 +02:00;;Temperatur; =;3,3;grader C;2
Station;49000094;PØLE Å, Ns Alsønderup Enge;32;700057;6208333;Gribskov;Region Hovedstaden;Vandløb;Poel Å;13-07-2022;1;Feltmålinger, Vandløb;Ja;Miljøstyrelsen;https://vanda.miljoeportal.dk/link/1dad95c7-af11-4b28-86b0-9cff688b2a31;FRB1348;32;700057;6208333;1;13-07-2022 11:10:00 +02:00;;Temperatur; =;23;grader C;2
Station;49000094;PØLE Å, Ns Alsønderup Enge;32;700057;6208333;Gribskov;Region Hovedstaden;Vandløb;Poel Å;29-10-2014;1;Feltmålinger, Vandløb;Ja;Miljøstyrelsen;https://vanda.miljoeportal.dk/link/4db614c1-316c-42d6-9b21-39a067a25ae5;FRB1348;32;700057;6208333;1;29-10-2014 08:10:00 +01:00;;pH; =;8,1;pH;3
Station;49000094;PØLE Å, Ns Alsønderup Enge;32;700057;6208333;Gribskov;Region Hovedstaden;Vandløb;Poel Å;06-03-2018;1;Feltmålinger, Vandløb;Ja;Miljøstyrelsen;https://vanda.miljoeportal.dk/link/81c48428-69bf-4a9a-a167-5405c3af75c8;FRB1348;32;700057;6208333;1;06-03-2018 10:05:00 +01:00;;pH; =;8;pH;2
Station;49000094;PØLE Å, Ns Alsønderup Enge;32;700057;6208333;Gribskov;Region Hovedstaden;Vandløb;Poel Å;31-07-2007;1;Feltmålinger, Vandløb;Ja;Miljøstyrelsen;https://vanda.miljoeportal.dk/link/37a0d684-574e-483a-afc2-0274799d888d;FRB1348;32;700057;6208333;1;31-07-2007 10:00:00 +02:00;;Temperatur; =;16,4;grader C;3
Station;49000094;PØLE Å, Ns Alsønderup Enge;32;700057;6208333;Gribskov;Region Hovedstaden;Vandløb;Poel Å;12-01-2006;1;Feltmålinger, Vandløb;Ja;Miljøstyrelsen;https://vanda.miljoeportal.dk/link/6a4b015a-e5c3-4051-8687-95e02388c2ab;FRB1348;32;700057;6208333;1;12-01-2006 09:50:00 +01:00;;Oxygenmætning; =;76;pct;2
Station;49000094;PØLE Å, Ns Alsønderup Enge;32;700057;6208333;Gribskov;Region Hovedstaden;Vandløb;Poel Å;05-02-2013;1;Feltmålinger, Vandløb;Ja;Miljøstyrelsen;https://vanda.miljoeportal.dk/link/b357cdc6-5bc7-4854-9b6f-5c5784b96caa;FRB1348;32;700057;6208333;1;05-02-2013 08:20:00 +01:00;;pH; =;7,7;pH;3
Station;49000094;PØLE Å, Ns Alsønderup Enge;32;700057;6208333;Gribskov;Region Hovedstaden;Vandløb;Poel Å;23-08-2012;1;Feltmålinger, Vandløb;Ja;Miljøstyrelsen;https://vanda.miljoeportal.dk/link/dded435a-55d8-444d-b651-490681799d6e;FRB1348;32;700057;6208333;1;23-08-2012 08:20:00 +02:00;;pH; =;8,5;pH;3
Station;49000094;PØLE Å, Ns Alsønderup Enge;32;700057;6208333;Gribskov;Region Hovedstaden;Vandløb;Poel Å;30-11-2015;1;Feltmålinger, Vandløb;Ja;Miljøstyrelsen;https://vanda.miljoeportal.dk/link/9c6c9ca7-954b-4038-be7c-c4954ec7e424;FRB1348;32;700057;6208333;1;30-11-2015 08:25:00 +01:00;;pH; =;8,4;pH;2
Station;49000094;PØLE Å, Ns Alsønderup Enge;32;700057;6208333;Gribskov;Region Hovedstaden;Vandløb;Poel Å;22-04-2008;1;Feltmålinger, Vandløb;Ja;Miljøstyrelsen;https://vanda.miljoeportal.dk/link/46204403-3839-40df-aeea-0c65f4ed998a;FRB1348;32;700057;6208333;1;22-04-2008 09:15:00 +02:00;;Temperatur; =;11,8;grader C;3
Station;49000094;PØLE Å, Ns Alsønderup Enge;32;700057;6208333;Gribskov;Region Hovedstaden;Vandløb;Poel Å;07-02-2012;1;Feltmålinger, Vandløb;Ja;Miljøstyrelsen;https://vanda.miljoeportal.dk/link/52e6fc7e-8935-4aed-8e1f-3d8b0265ab9b;FRB1348;32;700057;6208333;1;07-02-2012 09:10:00 +01:00;;Temperatur; =;0;grader C;3
Station;49000094;PØLE Å, Ns Alsønderup Enge;32;700057;6208333;Gribskov;Region Hovedstaden;Vandløb;Poel Å;16-09-2010;1;Feltmålinger, Vandløb;Ja;Miljøstyrelsen;https://vanda.miljoeportal.dk/link/05a24785-837c-4eae-bd56-576e62081db8;FRB1348;32;700057;6208333;1;16-09-2010 09:45:00 +02:00;;Temperatur; =;13,8;grader C;3
Station;49000094;PØLE Å, Ns Alsønderup Enge;32;700057;6208333;Gribskov;Region Hovedstaden;Vandløb;Poel Å;22-11-2006;1;Feltmålinger, Vandløb;Ja;Miljøstyrelsen;https://vanda.miljoeportal.dk/link/31525b82-b3d3-4cc4-828a-142e0e338bf1;FRB1348;32;700057;6208333;1;22-11-2006 09:25:00 +01:00;;Oxygenmætning; =;78;pct;2
Station;49000094;PØLE Å, Ns Alsønderup Enge;32;700057;6208333;Gribskov;Region Hovedstaden;Vandløb;Poel Å;27-09-2006;1;Feltmålinger, Vandløb;Ja;Miljøstyrelsen;https://vanda.miljoeportal.dk/link/9edfed0d-ede7-49d5-b9f7-87241b6ef564;FRB1348;32;700057;6208333;1;27-09-2006 09:40:00 +02:00;;Temperatur; =;17,6;grader C;2
Station;49000094;PØLE Å, Ns Alsønderup Enge;32;700057;6208333;Gribskov;Region Hovedstaden;Vandløb;Poel Å;21-06-2011;1;Feltmålinger, Vandløb;Ja;Miljøstyrelsen;https://vanda.miljoeportal.dk/link/3a2ae31d-6d21-4b5e-8fbc-5f270a161587;FRB1348;32;700057;6208333;1;21-06-2011 09:15:00 +02:00;;pH; =;8,4;pH;3
Station;49000094;PØLE Å, Ns Alsønderup Enge;32;700057;6208333;Gribskov;Region Hovedstaden;Vandløb;Poel Å;11-04-2012;1;Feltmålinger, Vandløb;Ja;Miljøstyrelsen;https://vanda.miljoeportal.dk/link/73ac8037-58bc-40d8-bae3-97a5e69b5d7e;FRB1348;32;700057;6208333;1;11-04-2012 09:00:00 +02:00;;Temperatur; =;9;grader C;3
Station;49000094;PØLE Å, Ns Alsønderup Enge;32;700057;6208333;Gribskov;Region Hovedstaden;Vandløb;Poel Å;20-12-2017;1;Feltmålinger, Vandløb;Ja;Miljøstyrelsen;https://vanda.miljoeportal.dk/link/199f760d-e904-4ada-bcc0-829721123863;FRB1348;32;700057;6208333;1;20-12-2017 08:15:00 +01:00;;Temperatur; =;5,3;grader C;2
Station;49000094;PØLE Å, Ns Alsønderup Enge;32;700057;6208333;Gribskov;Region Hovedstaden;Vandløb;Poel Å;17-06-2008;1;Feltmålinger, Vandløb;Ja;Miljøstyrelsen;https://vanda.miljoeportal.dk/link/08e5bc8a-1ed0-4a98-82c6-7865f3096e9e;FRB1348;32;700057;6208333;1;17-06-2008 09:15:00 +02:00;;Temperatur; =;18,1;grader C;3
Station;49000094;PØLE Å, Ns Alsønderup Enge;32;700057;6208333;Gribskov;Region Hovedstaden;Vandløb;Poel Å;29-12-2004;1;Feltmålinger, Vandløb;Ja;Miljøstyrelsen;https://vanda.miljoeportal.dk/link/52588ba4-51ee-4f9f-8d1b-5943acc8e54f;FRB1348;32;700057;6208333;1;29-12-2004 10:15:00 +01:00;;Temperatur; =;1,1;grader C;3
Station;49000094;PØLE Å, Ns Alsønderup Enge;32;700057;6208333;Gribskov;Region Hovedstaden;Vandløb;Poel Å;20-11-2007;1;Feltmålinger, Vandløb;Ja;Miljøstyrelsen;https://vanda.miljoeportal.dk/link/6f00975c-fc94-4514-a04a-333490153d36;FRB1348;32;700057;6208333;1;20-11-2007 08:45:00 +01:00;;Temperatur; =;6,4;grader C;3
Station;49000094;PØLE Å, Ns Alsønderup Enge;32;700057;6208333;Gribskov;Region Hovedstaden;Vandløb;Poel Å;16-03-2005;1;Feltmålinger, Vandløb;Ja;Miljøstyrelsen;https://vanda.miljoeportal.dk/link/17aea882-6fba-4f26-bfbb-552527650032;FRB1348;32;700057;6208333;1;16-03-2005 10:20:00 +01:00;;Oxygen indhold; =;13,4;mg/l;3
Station;49000094;PØLE Å, Ns Alsønderup Enge;32;700057;6208333;Gribskov;Region Hovedstaden;Vandløb;Poel Å;27-07-2011;1;Feltmålinger, Vandløb;Ja;Miljøstyrelsen;https://vanda.miljoeportal.dk/link/50837c96-dc9e-4278-b13c-21d94afe653c;FRB1348;32;700057;6208333;1;27-07-2011 10:00:00 +02:00;;pH; =;8,4;pH;3
Station;49000094;PØLE Å, Ns Alsønderup Enge;32;700057;6208333;Gribskov;Region Hovedstaden;Vandløb;Poel Å;25-01-2011;1;Feltmålinger, Vandløb;Ja;Miljøstyrelsen;https://vanda.miljoeportal.dk/link/9d9df883-275e-4cf9-b593-5258765e56f9;FRB1348;32;700057;6208333;1;25-01-2011 08:40:00 +01:00;;pH; =;7,5;pH;3
Station;49000094;PØLE Å, Ns Alsønderup Enge;32;700057;6208333;Gribskov;Region Hovedstaden;Vandløb;Poel Å;28-09-2005;1;Feltmålinger, Vandløb;Ja;Miljøstyrelsen;https://vanda.miljoeportal.dk/link/87bf789d-3549-42ba-a123-b62b048bdee9;FRB1348;32;700057;6208333;1;28-09-2005 09:55:00 +02:00;;Oxygenmætning; =;58;pct;3
Station;49000094;PØLE Å, Ns Alsønderup Enge;32;700057;6208333;Gribskov;Region Hovedstaden;Vandløb;Poel Å;07-12-2005;1;Feltmålinger, Vandløb;Ja;Miljøstyrelsen;https://vanda.miljoeportal.dk/link/1e551e6d-5cd5-4bf3-8ed9-02b8c82e3849;FRB1348;32;700057;6208333;1;07-12-2005 10:10:00 +01:00;;Oxygenmætning; =;80;pct;3
Station;49000094;PØLE Å, Ns Alsønderup Enge;32;700057;6208333;Gribskov;Region Hovedstaden;Vandløb;Poel Å;21-04-2009;1;Feltmålinger, Vandløb;Ja;Miljøstyrelsen;https://vanda.miljoeportal.dk/link/177b6094-ddbb-448c-8238-840e6430a268;FRB1348;32;700057;6208333;1;21-04-2009 08:30:00 +02:00;;Temperatur; =;10,9;grader C;3
Station;49000094;PØLE Å, Ns Alsønderup Enge;32;700057;6208333;Gribskov;Region Hovedstaden;Vandløb;Poel Å;13-01-2009;1;Feltmålinger, Vandløb;Ja;Miljøstyrelsen;https://vanda.miljoeportal.dk/link/0aad57e6-280a-462c-ba48-1b61c9093e6e;FRB1348;32;700057;6208333;1;13-01-2009 08:30:00 +01:00;;Temperatur; =;1,8;grader C;3
Station;49000094;PØLE Å, Ns Alsønderup Enge;32;700057;6208333;Gribskov;Region Hovedstaden;Vandløb;Poel Å;08-10-2013;1;Feltmålinger, Vandløb;Ja;Miljøstyrelsen;https://vanda.miljoeportal.dk/link/a9b18e9a-f795-471d-8546-4b728429c15b;FRB1348;32;700057;6208333;1;08-10-2013 08:30:00 +02:00;;Temperatur; =;11,6;grader C;3
Station;49000094;PØLE Å, Ns Alsønderup Enge;32;700057;6208333;Gribskov;Region Hovedstaden;Vandløb;Poel Å;29-05-2007;1;Feltmålinger, Vandløb;Ja;Miljøstyrelsen;https://vanda.miljoeportal.dk/link/d36b6abe-3265-4fb6-bb0e-459e8c259cab;FRB1348;32;700057;6208333;1;29-05-2007 08:35:00 +02:00;;Temperatur; =;18,1;grader C;3
Station;49000094;PØLE Å, Ns Alsønderup Enge;32;700057;6208333;Gribskov;Region Hovedstaden;Vandløb;Poel Å;03-08-2005;1;Feltmålinger, Vandløb;Ja;Miljøstyrelsen;https://vanda.miljoeportal.dk/link/7c52289a-546a-4cc1-afd8-d92799668da7;FRB1348;32;700057;6208333;1;03-08-2005 10:30:00 +02:00;;Oxygen indhold; =;7,1;mg/l;3
Station;49000094;PØLE Å, Ns Alsønderup Enge;32;700057;6208333;Gribskov;Region Hovedstaden;Vandløb;Poel Å;30-08-2006;1;Feltmålinger, Vandløb;Ja;Miljøstyrelsen;https://vanda.miljoeportal.dk/link/88ba3774-9170-4bbc-842f-7c10f8d3c8f4;FRB1348;32;700057;6208333;1;30-08-2006 09:40:00 +02:00;;Oxygen indhold; =;7,4;mg/l;2
Station;49000094;PØLE Å, Ns Alsønderup Enge;32;700057;6208333;Gribskov;Region Hovedstaden;Vandløb;Poel Å;25-10-2018;1;Feltmålinger, Vandløb;Ja;Miljøstyrelsen;https://vanda.miljoeportal.dk/link/4817fe3e-a35f-4db1-a14d-692f99fa1498;FRB1348;32;700057;6208333;1;25-10-2018 08:10:00 +02:00;;Temperatur; =;10;grader C;2
Station;49000094;PØLE Å, Ns Alsønderup Enge;32;700057;6208333;Gribskov;Region Hovedstaden;Vandløb;Poel Å;26-02-2008;1;Feltmålinger, Vandløb;Ja;Miljøstyrelsen;https://vanda.miljoeportal.dk/link/dc37efd4-d9b6-4892-8c38-b290aaf1a99f;FRB1348;32;700057;6208333;1;26-02-2008 08:35:00 +01:00;;Temperatur; =;8;grader C;3
Station;49000094;PØLE Å, Ns Alsønderup Enge;32;700057;6208333;Gribskov;Region Hovedstaden;Vandløb;Poel Å;13-07-2022;1;Feltmålinger, Vandløb;Ja;Miljøstyrelsen;https://vanda.miljoeportal.dk/link/1dad95c7-af11-4b28-86b0-9cff688b2a31;FRB1348;32;700057;6208333;1;13-07-2022 11:10:00 +02:00;;Salinitet; =;0,4;promille;2
Station;49000094;PØLE Å, Ns Alsønderup Enge;32;700057;6208333;Gribskov;Region Hovedstaden;Vandløb;Poel Å;15-12-2004;1;Feltmålinger, Vandløb;Ja;Miljøstyrelsen;https://vanda.miljoeportal.dk/link/76658aed-09d0-4513-ba14-69a7f68fda82;FRB1348;32;700057;6208333;1;15-12-2004 09:45:00 +01:00;;Oxygenmætning; =;79;pct;3
Station;49000094;PØLE Å, Ns Alsønderup Enge;32;700057;6208333;Gribskov;Region Hovedstaden;Vandløb;Poel Å;17-11-2004;1;Feltmålinger, Vandløb;Ja;Miljøstyrelsen;https://vanda.miljoeportal.dk/link/23a08c56-238d-4de7-b129-595afc9ef5d6;FRB1348;32;700057;6208333;1;17-11-2004 09:30:00 +01:00;;Oxygen indhold; =;11;mg/l;3
Station;49000094;PØLE Å, Ns Alsønderup Enge;32;700057;6208333;Gribskov;Region Hovedstaden;Vandløb;Poel Å;29-06-2010;1;Feltmålinger, Vandløb;Ja;Miljøstyrelsen;https://vanda.miljoeportal.dk/link/e3118cea-09d5-4d1a-b61f-d32d3260de4e;FRB1348;32;700057;6208333;1;29-06-2010 09:00:00 +02:00;;Temperatur; =;23,1;grader C;3
Station;49000094;PØLE Å, Ns Alsønderup Enge;32;700057;6208333;Gribskov;Region Hovedstaden;Vandløb;Poel Å;24-05-2006;1;Feltmålinger, Vandløb;Ja;Miljøstyrelsen;https://vanda.miljoeportal.dk/link/e49ecfe7-06e0-4651-bdec-472cd6ca408c;FRB1348;32;700057;6208333;1;24-05-2006 09:45:00 +02:00;;Oxygenmætning; =;101;pct;2
Station;49000094;PØLE Å, Ns Alsønderup Enge;32;700057;6208333;Gribskov;Region Hovedstaden;Vandløb;Poel Å;08-06-2005;1;Feltmålinger, Vandløb;Ja;Miljøstyrelsen;https://vanda.miljoeportal.dk/link/1960131b-2b8c-4176-9803-9d2a0e389c0a;FRB1348;32;700057;6208333;1;08-06-2005 09:55:00 +02:00;;Temperatur; =;14,5;grader C;3
Station;49000094;PØLE Å, Ns Alsønderup Enge;32;700057;6208333;Gribskov;Region Hovedstaden;Vandløb;Poel Å;12-11-2015;1;Feltmålinger, Vandløb;Ja;Miljøstyrelsen;https://vanda.miljoeportal.dk/link/4a8f9f3f-aa68-44e7-865e-0da61750ff30;FRB1348;32;700057;6208333;1;12-11-2015 07:30:00 +01:00;;pH; =;8,3;pH;2
Station;49000094;PØLE Å, Ns Alsønderup Enge;32;700057;6208333;Gribskov;Region Hovedstaden;Vandløb;Poel Å;25-10-2011;1;Feltmålinger, Vandløb;Ja;Miljøstyrelsen;https://vanda.miljoeportal.dk/link/dff99496-c292-4d07-bdf7-6590a2244286;FRB1348;32;700057;6208333;1;25-10-2011 09:10:00 +02:00;;pH; =;8,4;pH;3
Station;49000094;PØLE Å, Ns Alsønderup Enge;32;700057;6208333;Gribskov;Region Hovedstaden;Vandløb;Poel Å;13-04-2005;1;Feltmålinger, Vandløb;Ja;Miljøstyrelsen;https://vanda.miljoeportal.dk/link/f59d22ab-53cd-49aa-9651-ea8b6d9afae9;FRB1348;32;700057;6208333;1;13-04-2005 09:50:00 +02:00;;Oxygenmætning; =;105;pct;3
Station;49000094;PØLE Å, Ns Alsønderup Enge;32;700057;6208333;Gribskov;Region Hovedstaden;Vandløb;Poel Å;17-01-2007;1;Feltmålinger, Vandløb;Ja;Miljøstyrelsen;https://vanda.miljoeportal.dk/link/8894d462-371a-4a14-9e85-3aac29a3e4cc;FRB1348;32;700057;6208333;1;17-01-2007 08:45:00 +01:00;;Oxygen indhold; =;11,7;mg/l;2
Station;49000094;PØLE Å, Ns Alsønderup Enge;32;700057;6208333;Gribskov;Region Hovedstaden;Vandløb;Poel Å;07-06-2006;1;Feltmålinger, Vandløb;Ja;Miljøstyrelsen;https://vanda.miljoeportal.dk/link/cd08dd74-b01d-4939-a826-d63476c8536a;FRB1348;32;700057;6208333;1;07-06-2006 09:35:00 +02:00;;Oxygenmætning; =;86;pct;2
Station;49000094;PØLE Å, Ns Alsønderup Enge;32;700057;6208333;Gribskov;Region Hovedstaden;Vandløb;Poel Å;13-02-2023;1;Feltmålinger, Vandløb;Ja;Miljøstyrelsen;https://vanda.miljoeportal.dk/link/5dd81a36-0fca-4fe9-a04a-44c1a2b396e7;FRB1348;32;700057;6208333;1;13-02-2023 12:46:00 +01:00;;pH; =;8,22;pH;2
Station;49000094;PØLE Å, Ns Alsønderup Enge;32;700057;6208333;Gribskov;Region Hovedstaden;Vandløb;Poel Å;04-10-2023;1;Feltmålinger, Vandløb;Ja;Miljøstyrelsen;https://vanda.miljoeportal.dk/link/4b8aa69d-419f-4863-a569-395fa6366af8;FRB1348;32;700057;6208333;1;04-10-2023 12:55:00 +02:00;;pH; =;8,33;pH;2
Station;49000094;PØLE Å, Ns Alsønderup Enge;32;700057;6208333;Gribskov;Region Hovedstaden;Vandløb;Poel Å;19-08-2020;1;Feltmålinger, Vandløb;Ja;Miljøstyrelsen;https://vanda.miljoeportal.dk/link/63e8a0c7-105a-4518-a48f-8d195dde14dd;FRB1348;32;700057;6208333;1;19-08-2020 11:52:00 +02:00;;Temperatur; =;23,2;grader C;2
Station;49000094;PØLE Å, Ns Alsønderup Enge;32;700057;6208333;Gribskov;Region Hovedstaden;Vandløb;Poel Å;25-02-2022;1;Feltmålinger, Vandløb;Ja;Miljøstyrelsen;https://vanda.miljoeportal.dk/link/7d5ac9ba-2330-46b7-87cd-3cfb595b8efc;FRB1348;32;700057;6208333;1;25-02-2022 14:40:00 +01:00;;pH; =;8,43;pH;2
Station;49000094;PØLE Å, Ns Alsønderup Enge;32;700057;6208333;Gribskov;Region Hovedstaden;Vandløb;Poel Å;23-07-2015;1;Feltmålinger, Vandløb;Ja;Miljøstyrelsen;https://vanda.miljoeportal.dk/link/ab6f2de7-ebb7-4b12-bf96-aef23ffeb664;FRB1348;32;700057;6208333;1;23-07-2015 09:55:00 +02:00;;Temperatur; =;18,5;grader C;2
Station;49000094;PØLE Å, Ns Alsønderup Enge;32;700057;6208333;Gribskov;Region Hovedstaden;Vandløb;Poel Å;30-08-2017;1;Feltmålinger, Vandløb;Ja;Miljøstyrelsen;https://vanda.miljoeportal.dk/link/715aa743-0862-4496-813f-80b22dc196b5;FRB1348;32;700057;6208333;1;30-08-2017 07:35:00 +02:00;;Temperatur; =;18,1;grader C;2
Station;49000094;PØLE Å, Ns Alsønderup Enge;32;700057;6208333;Gribskov;Region Hovedstaden;Vandløb;Poel Å;06-04-2016;1;Feltmålinger, Vandløb;Ja;Miljøstyrelsen;https://vanda.miljoeportal.dk/link/149e3096-6de9-4d24-ab9c-f621c5b8ad32;FRB1348;32;700057;6208333;1;06-04-2016 09:45:00 +02:00;;pH; =;9,1;pH;3
Station;49000094;PØLE Å, Ns Alsønderup Enge;32;700057;6208333;Gribskov;Region Hovedstaden;Vandløb;Poel Å;07-05-2015;1;Feltmålinger, Vandløb;Ja;Miljøstyrelsen;https://vanda.miljoeportal.dk/link/139a20b1-9681-4264-a125-68f029338412;FRB1348;32;700057;6208333;1;07-05-2015 11:30:00 +02:00;;Temperatur; =;14,5;grader C;2
Station;49000094;PØLE Å, Ns Alsønderup Enge;32;700057;6208333;Gribskov;Region Hovedstaden;Vandløb;Poel Å;05-01-2017;1;Feltmålinger, Vandløb;Ja;Miljøstyrelsen;https://vanda.miljoeportal.dk/link/c108d073-3463-49bf-bb36-e13e090da4c5;FRB1348;32;700057;6208333;1;05-01-2017 08:00:00 +01:00;;Temperatur; =;0,2;grader C;2
Station;49000094;PØLE Å, Ns Alsønderup Enge;32;700057;6208333;Gribskov;Region Hovedstaden;Vandløb;Poel Å;25-05-2020;1;Feltmålinger, Vandløb;Ja;Miljøstyrelsen;https://vanda.miljoeportal.dk/link/80a5735d-c84c-49b5-b0b6-b345aa8667c0;FRB1348;32;700057;6208333;1;25-05-2020 15:00:00 +02:00;;pH; =;8,8;pH;2
Station;49000094;PØLE Å, Ns Alsønderup Enge;32;700057;6208333;Gribskov;Region Hovedstaden;Vandløb;Poel Å;28-03-2017;1;Feltmålinger, Vandløb;Ja;Miljøstyrelsen;https://vanda.miljoeportal.dk/link/66b1a6d9-bf28-4134-a03d-f206e51e30d3;FRB1348;32;700057;6208333;1;28-03-2017 10:01:00 +02:00;;pH; =;8,9;pH;2
Station;49000094;PØLE Å, Ns Alsønderup Enge;32;700057;6208333;Gribskov;Region Hovedstaden;Vandløb;Poel Å;13-06-2023;1;Feltmålinger, Vandløb;Ja;Miljøstyrelsen;https://vanda.miljoeportal.dk/link/0711a9c5-ee75-4287-af6e-547bd78b7775;FRB1348;32;700057;6208333;1;13-06-2023 12:35:00 +02:00;;Salinitet; =;0,4;promille;2
Station;49000094;PØLE Å, Ns Alsønderup Enge;32;700057;6208333;Gribskov;Region Hovedstaden;Vandløb;Poel Å;30-01-2018;1;Feltmålinger, Vandløb;Ja;Miljøstyrelsen;https://vanda.miljoeportal.dk/link/a1cec385-6dd1-4cff-89c1-d781a646a576;FRB1348;32;700057;6208333;1;30-01-2018 07:05:00 +01:00;;pH; =;8;pH;2
Station;49000094;PØLE Å, Ns Alsønderup Enge;32;700057;6208333;Gribskov;Region Hovedstaden;Vandløb;Poel Å;30-03-2016;1;Feltmålinger, Vandløb;Ja;Miljøstyrelsen;https://vanda.miljoeportal.dk/link/2a28a3c1-fe8e-4076-94fd-aa50262694ae;FRB1348;32;700057;6208333;1;30-03-2016 08:50:00 +02:00;;Temperatur; =;7,7;grader C;3
Station;49000094;PØLE Å, Ns Alsønderup Enge;32;700057;6208333;Gribskov;Region Hovedstaden;Vandløb;Poel Å;15-10-2015;1;Feltmålinger, Vandløb;Ja;Miljøstyrelsen;https://vanda.miljoeportal.dk/link/edc0b532-ec62-489d-9d8e-050ab3bd493d;FRB1348;32;700057;6208333;1;15-10-2015 10:55:00 +02:00;;Temperatur; =;8,2;grader C;2
Station;49000094;PØLE Å, Ns Alsønderup Enge;32;700057;6208333;Gribskov;Region Hovedstaden;Vandløb;Poel Å;15-11-2016;1;Feltmålinger, Vandløb;Ja;Miljøstyrelsen;https://vanda.miljoeportal.dk/link/164f10b2-f8d5-4487-8ac1-ae8edb0df05b;FRB1348;32;700057;6208333;1;15-11-2016 08:05:00 +01:00;;Temperatur; =;3,5;grader C;3
Station;49000094;PØLE Å, Ns Alsønderup Enge;32;700057;6208333;Gribskov;Region Hovedstaden;Vandløb;Poel Å;20-04-2016;1;Feltmålinger, Vandløb;Ja;Miljøstyrelsen;https://vanda.miljoeportal.dk/link/ef137f82-2e48-4f61-8a13-6ef716bd5505;FRB1348;32;700057;6208333;1;20-04-2016 08:30:00 +02:00;;Temperatur; =;8,8;grader C;3
Station;49000094;PØLE Å, Ns Alsønderup Enge;32;700057;6208333;Gribskov;Region Hovedstaden;Vandløb;Poel Å;13-09-2016;1;Feltmålinger, Vandløb;Ja;Miljøstyrelsen;https://vanda.miljoeportal.dk/link/b5860709-5e0f-4719-aba7-d9cbc5ad8a90;FRB1348;32;700057;6208333;1;13-09-2016 07:55:00 +02:00;;pH; =;8,7;pH;3
Station;49000094;PØLE Å, Ns Alsønderup Enge;32;700057;6208333;Gribskov;Region Hovedstaden;Vandløb;Poel Å;21-05-2019;1;Feltmålinger, Vandløb;Ja;Miljøstyrelsen;https://vanda.miljoeportal.dk/link/9d509523-87bc-4a22-9372-2cb42575f30d;FRB1348;32;700057;6208333;1;21-05-2019 14:15:00 +02:00;;Temperatur; =;20,6;grader C;2
Station;49000094;PØLE Å, Ns Alsønderup Enge;32;700057;6208333;Gribskov;Region Hovedstaden;Vandløb;Poel Å;24-06-2020;1;Feltmålinger, Vandløb;Ja;Miljøstyrelsen;https://vanda.miljoeportal.dk/link/f7f4585b-e0aa-46dc-8893-5567ac39bcdd;FRB1348;32;700057;6208333;1;24-06-2020 06:00:00 +02:00;;Temperatur; =;26,1;grader C;2
Station;49000094;PØLE Å, Ns Alsønderup Enge;32;700057;6208333;Gribskov;Region Hovedstaden;Vandløb;Poel Å;03-06-2015;1;Feltmålinger, Vandløb;Ja;Miljøstyrelsen;https://vanda.miljoeportal.dk/link/05e45376-96fe-41b6-be90-e7ce5c2cc8cb;FRB1348;32;700057;6208333;1;03-06-2015 09:40:00 +02:00;;Temperatur; =;14,2;grader C;2
Station;49000094;PØLE Å, Ns Alsønderup Enge;32;700057;6208333;Gribskov;Region Hovedstaden;Vandløb;Poel Å;12-09-2018;1;Feltmålinger, Vandløb;Ja;Miljøstyrelsen;https://vanda.miljoeportal.dk/link/609764b1-8c20-404d-aa7e-793635590e64;FRB1348;32;700057;6208333;1;12-09-2018 07:35:00 +02:00;;pH; =;8;pH;2
Station;49000094;PØLE Å, Ns Alsønderup Enge;32;700057;6208333;Gribskov;Region Hovedstaden;Vandløb;Poel Å;27-02-2020;1;Feltmålinger, Vandløb;Ja;Miljøstyrelsen;https://vanda.miljoeportal.dk/link/39dfc804-d4a2-4a70-8243-41588e7f72a5;FRB1348;32;700057;6208333;1;27-02-2020 16:25:00 +01:00;;Temperatur; =;4,4;grader C;2
Station;49000094;PØLE Å, Ns Alsønderup Enge;32;700057;6208333;Gribskov;Region Hovedstaden;Vandløb;Poel Å;05-10-2022;1;Feltmålinger, Vandløb;Ja;Miljøstyrelsen;https://vanda.miljoeportal.dk/link/f0f6683f-10b9-46ef-af16-62fadad8e149;FRB1348;32;700057;6208333;1;05-10-2022 10:04:00 +02:00;;Salinitet; =;0,3;promille;2
Station;49000094;PØLE Å, Ns Alsønderup Enge;32;700057;6208333;Gribskov;Region Hovedstaden;Vandløb;Poel Å;24-09-2021;1;Feltmålinger, Vandløb;Ja;Miljøstyrelsen;https://vanda.miljoeportal.dk/link/c47a5663-43b1-4be4-8a0f-171385bd6581;FRB1348;32;700057;6208333;1;24-09-2021 12:26:00 +02:00;;pH; =;8,9;pH;2
Station;49000094;PØLE Å, Ns Alsønderup Enge;32;700057;6208333;Gribskov;Region Hovedstaden;Vandløb;Poel Å;27-02-2018;1;Feltmålinger, Vandløb;Ja;Miljøstyrelsen;https://vanda.miljoeportal.dk/link/776e798b-64fb-442b-b651-78c8a192478b;FRB1348;32;700057;6208333;1;27-02-2018 07:50:00 +01:00;;pH; =;7,9;pH;2
Station;49000094;PØLE Å, Ns Alsønderup Enge;32;700057;6208333;Gribskov;Region Hovedstaden;Vandløb;Poel Å;15-11-2022;1;Feltmålinger, Vandløb;Ja;Miljøstyrelsen;https://vanda.miljoeportal.dk/link/d544720b-2f2e-4183-8021-043b9ce8b72b;FRB1348;32;700057;6208333;1;15-11-2022 12:49:00 +01:00;;pH; =;8,11;pH;2
Station;49000094;PØLE Å, Ns Alsønderup Enge;32;700057;6208333;Gribskov;Region Hovedstaden;Vandløb;Poel Å;10-12-2020;1;Feltmålinger, Vandløb;Ja;Miljøstyrelsen;https://vanda.miljoeportal.dk/link/a49914e6-cee1-428f-ba1c-1c72821b87e4;FRB1348;32;700057;6208333;1;10-12-2020 11:40:00 +01:00;;pH; =;8,47;pH;2
Station;49000094;PØLE Å, Ns Alsønderup Enge;32;700057;6208333;Gribskov;Region Hovedstaden;Vandløb;Poel Å;04-10-2023;1;Feltmålinger, Vandløb;Ja;Miljøstyrelsen;https://vanda.miljoeportal.dk/link/4b8aa69d-419f-4863-a569-395fa6366af8;FRB1348;32;700057;6208333;1;04-10-2023 12:55:00 +02:00;;Temperatur; =;14,5;grader C;2
Station;49000094;PØLE Å, Ns Alsønderup Enge;32;700057;6208333;Gribskov;Region Hovedstaden;Vandløb;Poel Å;28-08-2019;1;Feltmålinger, Vandløb;Ja;Miljøstyrelsen;https://vanda.miljoeportal.dk/link/7e6a5fa8-0507-4449-b12e-fa33aec51036;FRB1348;32;700057;6208333;1;28-08-2019 12:24:00 +02:00;;Temperatur; =;25,3;grader C;2
Station;49000094;PØLE Å, Ns Alsønderup Enge;32;700057;6208333;Gribskov;Region Hovedstaden;Vandløb;Poel Å;19-05-2021;1;Feltmålinger, Vandløb;Ja;Miljøstyrelsen;https://vanda.miljoeportal.dk/link/d621aefa-64b6-40b8-a7c3-afcd96dcacd6;FRB1348;32;700057;6208333;1;19-05-2021 15:31:00 +02:00;;Temperatur; =;18,9;grader C;2
Station;49000094;PØLE Å, Ns Alsønderup Enge;32;700057;6208333;Gribskov;Region Hovedstaden;Vandløb;Poel Å;18-08-2016;1;Feltmålinger, Vandløb;Ja;Miljøstyrelsen;https://vanda.miljoeportal.dk/link/e45940a0-3210-42d0-97cc-618e631f5214;FRB1348;32;700057;6208333;1;18-08-2016 08:20:00 +02:00;;pH; =;8,8;pH;3
Station;49000094;PØLE Å, Ns Alsønderup Enge;32;700057;6208333;Gribskov;Region Hovedstaden;Vandløb;Poel Å;25-01-2023;1;Feltmålinger, Vandløb;Ja;Miljøstyrelsen;https://vanda.miljoeportal.dk/link/07c43b22-2ae0-4b41-a171-effaa2fe47aa;FRB1348;32;700057;6208333;1;25-01-2023 12:17:00 +01:00;;pH; =;7,84;pH;2
Station;49000094;PØLE Å, Ns Alsønderup Enge;32;700057;6208333;Gribskov;Region Hovedstaden;Vandløb;Poel Å;26-01-2016;1;Feltmålinger, Vandløb;Ja;Miljøstyrelsen;https://vanda.miljoeportal.dk/link/08466362-5ae4-4d3f-8965-1db92af3bf19;FRB1348;32;700057;6208333;1;26-01-2016 09:05:00 +01:00;;Temperatur; =;2,6;grader C;3
Station;49000094;PØLE Å, Ns Alsønderup Enge;32;700057;6208333;Gribskov;Region Hovedstaden;Vandløb;Poel Å;25-10-2022;1;Feltmålinger, Vandløb;Ja;Miljøstyrelsen;https://vanda.miljoeportal.dk/link/6012178a-9862-42d3-a395-402f6f6f26db;FRB1348;32;700057;6208333;1;25-10-2022 12:05:00 +02:00;;Salinitet; =;0,3;promille;2
Station;49000094;PØLE Å, Ns Alsønderup Enge;32;700057;6208333;Gribskov;Region Hovedstaden;Vandløb;Poel Å;26-03-2020;1;Feltmålinger, Vandløb;Ja;Miljøstyrelsen;https://vanda.miljoeportal.dk/link/764b1730-ba99-4fc6-b9cb-1e6d4da87920;FRB1348;32;700057;6208333;1;26-03-2020 11:45:00 +01:00;;Temperatur; =;7,8;grader C;2
Station;49000094;PØLE Å, Ns Alsønderup Enge;32;700057;6208333;Gribskov;Region Hovedstaden;Vandløb;Poel Å;03-10-2019;1;Feltmålinger, Vandløb;Ja;Miljøstyrelsen;https://vanda.miljoeportal.dk/link/31cd6650-024e-47bd-9d44-bc3a096354e7;FRB1348;32;700057;6208333;1;03-10-2019 10:00:00 +02:00;;pH; =;8,8;pH;2
Station;49000094;PØLE Å, Ns Alsønderup Enge;32;700057;6208333;Gribskov;Region Hovedstaden;Vandløb;Poel Å;11-12-2014;1;Feltmålinger, Vandløb;Ja;Miljøstyrelsen;https://vanda.miljoeportal.dk/link/c412ff48-12b5-468c-8ddd-b3e93652a808;FRB1348;32;700057;6208333;1;11-12-2014 08:35:00 +01:00;;Temperatur; =;2,3;grader C;3
Station;49000094;PØLE Å, Ns Alsønderup Enge;32;700057;6208333;Gribskov;Region Hovedstaden;Vandløb;Poel Å;08-12-2015;1;Feltmålinger, Vandløb;Ja;Miljøstyrelsen;https://vanda.miljoeportal.dk/link/7a8f69f7-25d2-40f3-9810-fedfee1f336a;FRB1348;32;700057;6208333;1;08-12-2015 09:05:00 +01:00;;pH; =;8,1;pH;2
Station;49000094;PØLE Å, Ns Alsønderup Enge;32;700057;6208333;Gribskov;Region Hovedstaden;Vandløb;Poel Å;17-12-2019;1;Feltmålinger, Vandløb;Ja;Miljøstyrelsen;https://vanda.miljoeportal.dk/link/44dbc904-addd-4748-b373-e65d33731d93;FRB1348;32;700057;6208333;1;17-12-2019 15:55:00 +01:00;;pH; =;8,2;pH;2
Station;49000094;PØLE Å, Ns Alsønderup Enge;32;700057;6208333;Gribskov;Region Hovedstaden;Vandløb;Poel Å;12-02-2018;1;Feltmålinger, Vandløb;Ja;Miljøstyrelsen;https://vanda.miljoeportal.dk/link/673feb68-add3-43b8-9ccf-b30b9c248b1c;FRB1348;32;700057;6208333;1;12-02-2018 07:35:00 +01:00;;Temperatur; =;2,2;grader C;2
Station;49000094;PØLE Å, Ns Alsønderup Enge;32;700057;6208333;Gribskov;Region Hovedstaden;Vandløb;Poel Å;20-11-2018;1;Feltmålinger, Vandløb;Ja;Miljøstyrelsen;https://vanda.miljoeportal.dk/link/c2738523-e4e5-42a2-b8d8-a38c7c66c4c3;FRB1348;32;700057;6208333;1;20-11-2018 09:25:00 +01:00;;pH; =;8,2;pH;2
Station;49000094;PØLE Å, Ns Alsønderup Enge;32;700057;6208333;Gribskov;Region Hovedstaden;Vandløb;Poel Å;06-02-2019;1;Feltmålinger, Vandløb;Ja;Miljøstyrelsen;https://vanda.miljoeportal.dk/link/a9fbf1e3-86ce-48d3-b6c3-e57aaac4c7c3;FRB1348;32;700057;6208333;1;06-02-2019 08:35:00 +01:00;;Temperatur; =;2,1;grader C;2
Station;49000094;PØLE Å, Ns Alsønderup Enge;32;700057;6208333;Gribskov;Region Hovedstaden;Vandløb;Poel Å;12-09-2023;1;Feltmålinger, Vandløb;Ja;Miljøstyrelsen;https://vanda.miljoeportal.dk/link/32dc4965-d031-452a-9660-419bd389be02;FRB1348;32;700057;6208333;1;12-09-2023 12:19:00 +02:00;;Temperatur; =;19,9;grader C;2
Station;49000094;PØLE Å, Ns Alsønderup Enge;32;700057;6208333;Gribskov;Region Hovedstaden;Vandløb;Poel Å;30-12-2020;1;Feltmålinger, Vandløb;Ja;Miljøstyrelsen;https://vanda.miljoeportal.dk/link/4eac24e7-84d0-45cb-b9d4-1298f45f0b2c;FRB1348;32;700057;6208333;1;30-12-2020 13:46:00 +01:00;;Temperatur; =;4,7;grader C;2
Station;49000094;PØLE Å, Ns Alsønderup Enge;32;700057;6208333;Gribskov;Region Hovedstaden;Vandløb;Poel Å;28-08-2018;1;Feltmålinger, Vandløb;Ja;Miljøstyrelsen;https://vanda.miljoeportal.dk/link/2cb8db1d-7f1c-48e1-92b7-a2e4f494c6b4;FRB1348;32;700057;6208333;1;28-08-2018 07:00:00 +02:00;;Temperatur; =;16;grader C;2
Station;49000094;PØLE Å, Ns Alsønderup Enge;32;700057;6208333;Gribskov;Region Hovedstaden;Vandløb;Poel Å;14-12-2021;1;Feltmålinger, Vandløb;Ja;Miljøstyrelsen;https://vanda.miljoeportal.dk/link/3ab33924-496c-42b4-8d69-4391b39706f7;FRB1348;32;700057;6208333;1;14-12-2021 12:56:00 +01:00;;pH; =;8,32;pH;2
Station;49000094;PØLE Å, Ns Alsønderup Enge;32;700057;6208333;Gribskov;Region Hovedstaden;Vandløb;Poel Å;28-01-2015;1;Feltmålinger, Vandløb;Ja;Miljøstyrelsen;https://vanda.miljoeportal.dk/link/c305d6cc-3218-4628-a7c5-25111bd8a37d;FRB1348;32;700057;6208333;1;28-01-2015 10:25:00 +01:00;;Temperatur; =;2,8;grader C;2
Station;49000094;PØLE Å, Ns Alsønderup Enge;32;700057;6208333;Gribskov;Region Hovedstaden;Vandløb;Poel Å;09-02-2022;1;Feltmålinger, Vandløb;Ja;Miljøstyrelsen;https://vanda.miljoeportal.dk/link/440398f2-d45f-4548-a795-a4cef3ab7a83;FRB1348;32;700057;6208333;1;09-02-2022 10:38:00 +01:00;;Temperatur; =;4;grader C;2
Station;49000094;PØLE Å, Ns Alsønderup Enge;32;700057;6208333;Gribskov;Region Hovedstaden;Vandløb;Poel Å;11-01-2018;1;Feltmålinger, Vandløb;Ja;Miljøstyrelsen;https://vanda.miljoeportal.dk/link/0cb342ab-9071-4892-a54b-f2eb473bc0f5;FRB1348;32;700057;6208333;1;11-01-2018 09:50:00 +01:00;;pH; =;7,4;pH;2
Station;49000094;PØLE Å, Ns Alsønderup Enge;32;700057;6208333;Gribskov;Region Hovedstaden;Vandløb;Poel Å;16-01-2023;1;Feltmålinger, Vandløb;Ja;Miljøstyrelsen;https://vanda.miljoeportal.dk/link/aaf3a787-3f2a-4cfe-8f01-a38a398c4fb2;FRB1348;32;700057;6208333;1;16-01-2023 10:52:00 +01:00;;Temperatur; =;4,2;grader C;2
Station;49000094;PØLE Å, Ns Alsønderup Enge;32;700057;6208333;Gribskov;Region Hovedstaden;Vandløb;Poel Å;17-07-2018;1;Feltmålinger, Vandløb;Ja;Miljøstyrelsen;https://vanda.miljoeportal.dk/link/8239f255-2ab2-4589-915c-377ef8a1e23c;FRB1348;32;700057;6208333;1;17-07-2018 08:05:00 +02:00;;pH; =;7,8;pH;2
Station;49000094;PØLE Å, Ns Alsønderup Enge;32;700057;6208333;Gribskov;Region Hovedstaden;Vandløb;Poel Å;26-02-2019;1;Feltmålinger, Vandløb;Ja;Miljøstyrelsen;https://vanda.miljoeportal.dk/link/a0754d23-ac82-459f-9b22-e74858f31760;FRB1348;32;700057;6208333;1;26-02-2019 07:10:00 +01:00;;Temperatur; =;5,5;grader C;2
Station;49000094;PØLE Å, Ns Alsønderup Enge;32;700057;6208333;Gribskov;Region Hovedstaden;Vandløb;Poel Å;22-03-2021;1;Feltmålinger, Vandløb;Ja;Miljøstyrelsen;https://vanda.miljoeportal.dk/link/8525552d-a528-499d-8b64-36a3bf11943a;FRB1348;32;700057;6208333;1;22-03-2021 15:12:00 +01:00;;Temperatur; =;7,8;grader C;2
Station;49000094;PØLE Å, Ns Alsønderup Enge;32;700057;6208333;Gribskov;Region Hovedstaden;Vandløb;Poel Å;12-10-2016;1;Feltmålinger, Vandløb;Ja;Miljøstyrelsen;https://vanda.miljoeportal.dk/link/ddbc02af-abfc-44a4-956c-6b710437ea3f;FRB1348;32;700057;6208333;1;12-10-2016 09:10:00 +02:00;;Temperatur; =;10,1;grader C;3
Station;49000094;PØLE Å, Ns Alsønderup Enge;32;700057;6208333;Gribskov;Region Hovedstaden;Vandløb;Poel Å;28-03-2017;1;Feltmålinger, Vandløb;Ja;Miljøstyrelsen;https://vanda.miljoeportal.dk/link/66b1a6d9-bf28-4134-a03d-f206e51e30d3;FRB1348;32;700057;6208333;1;28-03-2017 10:01:00 +02:00;;Temperatur; =;8;grader C;2
Station;49000094;PØLE Å, Ns Alsønderup Enge;32;700057;6208333;Gribskov;Region Hovedstaden;Vandløb;Poel Å;25-11-2021;1;Feltmålinger, Vandløb;Ja;Miljøstyrelsen;https://vanda.miljoeportal.dk/link/6f6e0718-efab-48c7-9fbb-0bb1305b2ef4;FRB1348;32;700057;6208333;1;25-11-2021 12:27:00 +01:00;;pH; =;8,71;pH;2
Station;49000094;PØLE Å, Ns Alsønderup Enge;32;700057;6208333;Gribskov;Region Hovedstaden;Vandløb;Poel Å;01-06-2023;1;Feltmålinger, Vandløb;Ja;Miljøstyrelsen;https://vanda.miljoeportal.dk/link/8b7a9fcc-a45c-49a3-8a12-2e92a866a88c;FRB1348;32;700057;6208333;1;01-06-2023 10:10:00 +02:00;;Salinitet; =;0,4;promille;2
Station;49000094;PØLE Å, Ns Alsønderup Enge;32;700057;6208333;Gribskov;Region Hovedstaden;Vandløb;Poel Å;03-08-2016;1;Feltmålinger, Vandløb;Ja;Miljøstyrelsen;https://vanda.miljoeportal.dk/link/f93992cf-e0a5-4c8f-9653-ec214eeef946;FRB1348;32;700057;6208333;1;03-08-2016 09:30:00 +02:00;;pH; =;9;pH;3
Station;49000094;PØLE Å, Ns Alsønderup Enge;32;700057;6208333;Gribskov;Region Hovedstaden;Vandløb;Poel Å;25-10-2022;1;Feltmålinger, Vandløb;Ja;Miljøstyrelsen;https://vanda.miljoeportal.dk/link/6012178a-9862-42d3-a395-402f6f6f26db;FRB1348;32;700057;6208333;1;25-10-2022 12:05:00 +02:00;;Temperatur; =;12,4;grader C;2
Station;49000094;PØLE Å, Ns Alsønderup Enge;32;700057;6208333;Gribskov;Region Hovedstaden;Vandløb;Poel Å;12-09-2023;1;Feltmålinger, Vandløb;Ja;Miljøstyrelsen;https://vanda.miljoeportal.dk/link/32dc4965-d031-452a-9660-419bd389be02;FRB1348;32;700057;6208333;1;12-09-2023 12:19:00 +02:00;;Salinitet; =;0,2;promille;2
Station;49000094;PØLE Å, Ns Alsønderup Enge;32;700057;6208333;Gribskov;Region Hovedstaden;Vandløb;Poel Å;07-09-2015;1;Feltmålinger, Vandløb;Ja;Miljøstyrelsen;https://vanda.miljoeportal.dk/link/375c001f-4d42-4269-a40b-ac9ca354e582;FRB1348;32;700057;6208333;1;07-09-2015 11:10:00 +02:00;;pH; =;8,6;pH;2
Station;49000094;PØLE Å, Ns Alsønderup Enge;32;700057;6208333;Gribskov;Region Hovedstaden;Vandløb;Poel Å;21-06-2022;1;Feltmålinger, Vandløb;Ja;Miljøstyrelsen;https://vanda.miljoeportal.dk/link/43318e9f-1c9f-4c6e-8744-154e91944aec;FRB1348;32;700057;6208333;1;21-06-2022 11:25:00 +02:00;;Temperatur; =;19,2;grader C;2
Station;49000094;PØLE Å, Ns Alsønderup Enge;32;700057;6208333;Gribskov;Region Hovedstaden;Vandløb;Poel Å;28-03-2022;1;Feltmålinger, Vandløb;Ja;Miljøstyrelsen;https://vanda.miljoeportal.dk/link/34c44a3b-e310-456d-95aa-3d83a81b9620;FRB1348;32;700057;6208333;1;28-03-2022 09:24:00 +02:00;;Temperatur; =;8,3;grader C;2
Station;49000094;PØLE Å, Ns Alsønderup Enge;32;700057;6208333;Gribskov;Region Hovedstaden;Vandløb;Poel Å;22-02-2021;1;Feltmålinger, Vandløb;Ja;Miljøstyrelsen;https://vanda.miljoeportal.dk/link/2b158bce-acf4-4e27-9701-93179c716c4e;FRB1348;32;700057;6208333;1;22-02-2021 12:44:00 +01:00;;pH; =;7,98;pH;2
Station;49000094;PØLE Å, Ns Alsønderup Enge;32;700057;6208333;Gribskov;Region Hovedstaden;Vandløb;Poel Å;12-03-2015;1;Feltmålinger, Vandløb;Ja;Miljøstyrelsen;https://vanda.miljoeportal.dk/link/93df4838-9f4c-46f6-8949-8629c21d4d57;FRB1348;32;700057;6208333;1;12-03-2015 08:15:00 +01:00;;pH; =;8,8;pH;2
Station;49000094;PØLE Å, Ns Alsønderup Enge;32;700057;6208333;Gribskov;Region Hovedstaden;Vandløb;Poel Å;16-01-2023;1;Feltmålinger, Vandløb;Ja;Miljøstyrelsen;https://vanda.miljoeportal.dk/link/aaf3a787-3f2a-4cfe-8f01-a38a398c4fb2;FRB1348;32;700057;6208333;1;16-01-2023 10:52:00 +01:00;;pH; =;8,025;pH;2
Station;49000094;PØLE Å, Ns Alsønderup Enge;32;700057;6208333;Gribskov;Region Hovedstaden;Vandløb;Poel Å;12-10-2016;1;Feltmålinger, Vandløb;Ja;Miljøstyrelsen;https://vanda.miljoeportal.dk/link/ddbc02af-abfc-44a4-956c-6b710437ea3f;FRB1348;32;700057;6208333;1;12-10-2016 09:10:00 +02:00;;pH; =;8,8;pH;3
Station;49000094;PØLE Å, Ns Alsønderup Enge;32;700057;6208333;Gribskov;Region Hovedstaden;Vandløb;Poel Å;13-07-2022;1;Feltmålinger, Vandløb;Ja;Miljøstyrelsen;https://vanda.miljoeportal.dk/link/1dad95c7-af11-4b28-86b0-9cff688b2a31;FRB1348;32;700057;6208333;1;13-07-2022 11:10:00 +02:00;;pH; =;8,75;pH;2
Station;49000094;PØLE Å, Ns Alsønderup Enge;32;700057;6208333;Gribskov;Region Hovedstaden;Vandløb;Poel Å;28-09-2016;1;Feltmålinger, Vandløb;Ja;Miljøstyrelsen;https://vanda.miljoeportal.dk/link/6279bdb5-4865-4369-9fdc-76760e7af837;FRB1348;32;700057;6208333;1;28-09-2016 08:55:00 +02:00;;Temperatur; =;15,8;grader C;3
Station;49000094;PØLE Å, Ns Alsønderup Enge;32;700057;6208333;Gribskov;Region Hovedstaden;Vandløb;Poel Å;25-02-2022;1;Feltmålinger, Vandløb;Ja;Miljøstyrelsen;https://vanda.miljoeportal.dk/link/7d5ac9ba-2330-46b7-87cd-3cfb595b8efc;FRB1348;32;700057;6208333;1;25-02-2022 14:40:00 +01:00;;Temperatur; =;4,6;grader C;2
Station;49000094;PØLE Å, Ns Alsønderup Enge;32;700057;6208333;Gribskov;Region Hovedstaden;Vandløb;Poel Å;14-01-2015;1;Feltmålinger, Vandløb;Ja;Miljøstyrelsen;https://vanda.miljoeportal.dk/link/5db4e3d7-5673-44d0-879d-dd95665bb3c7;FRB1348;32;700057;6208333;1;14-01-2015 12:50:00 +01:00;;pH; =;8,1;pH;2
Station;49000094;PØLE Å, Ns Alsønderup Enge;32;700057;6208333;Gribskov;Region Hovedstaden;Vandløb;Poel Å;04-11-2020;1;Feltmålinger, Vandløb;Ja;Miljøstyrelsen;https://vanda.miljoeportal.dk/link/e9080b6c-1e8b-4332-89df-5e9a6016bf45;FRB1348;32;700057;6208333;1;04-11-2020 14:52:00 +01:00;;Temperatur; =;10,4;grader C;2
Station;49000094;PØLE Å, Ns Alsønderup Enge;32;700057;6208333;Gribskov;Region Hovedstaden;Vandløb;Poel Å;23-01-2019;1;Feltmålinger, Vandløb;Ja;Miljøstyrelsen;https://vanda.miljoeportal.dk/link/bcccd19d-8f1a-4b7e-8d54-4a399f921204;FRB1348;32;700057;6208333;1;23-01-2019 11:30:00 +01:00;;Temperatur; =;0,7;grader C;2
Station;49000094;PØLE Å, Ns Alsønderup Enge;32;700057;6208333;Gribskov;Region Hovedstaden;Vandløb;Poel Å;24-04-2023;1;Feltmålinger, Vandløb;Ja;Miljøstyrelsen;https://vanda.miljoeportal.dk/link/86581e64-98e4-48b7-97c6-0c0e8e316d8c;FRB1348;32;700057;6208333;1;24-04-2023 13:58:00 +02:00;;Salinitet; =;0,3;promille;2
Station;49000094;PØLE Å, Ns Alsønderup Enge;32;700057;6208333;Gribskov;Region Hovedstaden;Vandløb;Poel Å;23-01-2020;1;Feltmålinger, Vandløb;Ja;Miljøstyrelsen;https://vanda.miljoeportal.dk/link/539f7a57-c155-4c16-85da-e463c2143640;FRB1348;32;700057;6208333;1;23-01-2020 16:10:00 +01:00;;pH; =;8,5;pH;2
Station;49000094;PØLE Å, Ns Alsønderup Enge;32;700057;6208333;Gribskov;Region Hovedstaden;Vandløb;Poel Å;22-11-2019;1;Feltmålinger, Vandløb;Ja;Miljøstyrelsen;https://vanda.miljoeportal.dk/link/c0a3fcfd-5e27-411a-a021-ff197fb0ac65;FRB1348;32;700057;6208333;1;22-11-2019 13:20:00 +01:00;;Temperatur; =;8,5;grader C;2
Station;49000094;PØLE Å, Ns Alsønderup Enge;32;700057;6208333;Gribskov;Region Hovedstaden;Vandløb;Poel Å;12-02-2018;1;Feltmålinger, Vandløb;Ja;Miljøstyrelsen;https://vanda.miljoeportal.dk/link/673feb68-add3-43b8-9ccf-b30b9c248b1c;FRB1348;32;700057;6208333;1;12-02-2018 07:35:00 +01:00;;pH; =;7,7;pH;2
Station;49000094;PØLE Å, Ns Alsønderup Enge;32;700057;6208333;Gribskov;Region Hovedstaden;Vandløb;Poel Å;21-11-2017;1;Feltmålinger, Vandløb;Ja;Miljøstyrelsen;https://vanda.miljoeportal.dk/link/874964fe-f7e2-4c2e-953e-1896d683eeb6;FRB1348;32;700057;6208333;1;21-11-2017 08:30:00 +01:00;;Temperatur; =;3,2;grader C;2
Station;49000094;PØLE Å, Ns Alsønderup Enge;32;700057;6208333;Gribskov;Region Hovedstaden;Vandløb;Poel Å;06-11-2018;1;Feltmålinger, Vandløb;Ja;Miljøstyrelsen;https://vanda.miljoeportal.dk/link/93c4d5e3-72f0-4ac0-b49a-111c0b9c6539;FRB1348;32;700057;6208333;1;06-11-2018 10:05:00 +01:00;;pH; =;8;pH;2
Station;49000094;PØLE Å, Ns Alsønderup Enge;32;700057;6208333;Gribskov;Region Hovedstaden;Vandløb;Poel Å;07-12-2016;1;Feltmålinger, Vandløb;Ja;Miljøstyrelsen;https://vanda.miljoeportal.dk/link/31aa4ad0-0674-4bf6-8ca7-c22f8d7fe70a;FRB1348;32;700057;6208333;1;07-12-2016 07:55:00 +01:00;;pH; =;8,4;pH;3
Station;49000094;PØLE Å, Ns Alsønderup Enge;32;700057;6208333;Gribskov;Region Hovedstaden;Vandløb;Poel Å;17-05-2016;1;Feltmålinger, Vandløb;Ja;Miljøstyrelsen;https://vanda.miljoeportal.dk/link/70049c67-ebb7-44e2-8e20-d0941487b8c9;FRB1348;32;700057;6208333;1;17-05-2016 09:40:00 +02:00;;pH; =;8,5;pH;3
Station;49000094;PØLE Å, Ns Alsønderup Enge;32;700057;6208333;Gribskov;Region Hovedstaden;Vandløb;Poel Å;18-09-2017;1;Feltmålinger, Vandløb;Ja;Miljøstyrelsen;https://vanda.miljoeportal.dk/link/bbfbba9e-0600-4aa0-894c-99a281231795;FRB1348;32;700057;6208333;1;18-09-2017 08:10:00 +02:00;;pH; =;8,9;pH;2
Station;49000094;PØLE Å, Ns Alsønderup Enge;32;700057;6208333;Gribskov;Region Hovedstaden;Vandløb;Poel Å;18-09-2019;1;Feltmålinger, Vandløb;Ja;Miljøstyrelsen;https://vanda.miljoeportal.dk/link/6b5acfa4-72a8-423b-882c-0e0b941c918f;FRB1348;32;700057;6208333;1;18-09-2019 10:15:00 +02:00;;pH; =;8,9;pH;2
Station;49000094;PØLE Å, Ns Alsønderup Enge;32;700057;6208333;Gribskov;Region Hovedstaden;Vandløb;Poel Å;25-04-2019;1;Feltmålinger, Vandløb;Ja;Miljøstyrelsen;https://vanda.miljoeportal.dk/link/0ae71872-688d-491e-90f5-e9a1acf3c32f;FRB1348;32;700057;6208333;1;25-04-2019 11:10:00 +02:00;;Temperatur; =;15,6;grader C;2
Station;49000094;PØLE Å, Ns Alsønderup Enge;32;700057;6208333;Gribskov;Region Hovedstaden;Vandløb;Poel Å;23-06-2016;1;Feltmålinger, Vandløb;Ja;Miljøstyrelsen;https://vanda.miljoeportal.dk/link/e05419d4-7660-4a3c-91b0-efb95a9db95e;FRB1348;32;700057;6208333;1;23-06-2016 09:30:00 +02:00;;pH; =;8,9;pH;3
Station;49000094;PØLE Å, Ns Alsønderup Enge;32;700057;6208333;Gribskov;Region Hovedstaden;Vandløb;Poel Å;10-12-2020;1;Feltmålinger, Vandløb;Ja;Miljøstyrelsen;https://vanda.miljoeportal.dk/link/a49914e6-cee1-428f-ba1c-1c72821b87e4;FRB1348;32;700057;6208333;1;10-12-2020 11:40:00 +01:00;;Temperatur; =;4,4;grader C;2
Station;49000094;PØLE Å, Ns Alsønderup Enge;32;700057;6208333;Gribskov;Region Hovedstaden;Vandløb;Poel Å;19-05-2021;1;Feltmålinger, Vandløb;Ja;Miljøstyrelsen;https://vanda.miljoeportal.dk/link/d621aefa-64b6-40b8-a7c3-afcd96dcacd6;FRB1348;32;700057;6208333;1;19-05-2021 15:31:00 +02:00;;pH; =;9,12;pH;2
Station;49000094;PØLE Å, Ns Alsønderup Enge;32;700057;6208333;Gribskov;Region Hovedstaden;Vandløb;Poel Å;23-01-2019;1;Feltmålinger, Vandløb;Ja;Miljøstyrelsen;https://vanda.miljoeportal.dk/link/bcccd19d-8f1a-4b7e-8d54-4a399f921204;FRB1348;32;700057;6208333;1;23-01-2019 11:30:00 +01:00;;pH; =;8,1;pH;2
Station;49000094;PØLE Å, Ns Alsønderup Enge;32;700057;6208333;Gribskov;Region Hovedstaden;Vandløb;Poel Å;17-12-2019;1;Feltmålinger, Vandløb;Ja;Miljøstyrelsen;https://vanda.miljoeportal.dk/link/44dbc904-addd-4748-b373-e65d33731d93;FRB1348;32;700057;6208333;1;17-12-2019 15:55:00 +01:00;;Temperatur; =;4,9;grader C;2
Station;49000094;PØLE Å, Ns Alsønderup Enge;32;700057;6208333;Gribskov;Region Hovedstaden;Vandløb;Poel Å;14-06-2016;1;Feltmålinger, Vandløb;Ja;Miljøstyrelsen;https://vanda.miljoeportal.dk/link/94620393-fd5e-450c-80ee-f665c27d809e;FRB1348;32;700057;6208333;1;14-06-2016 14:40:00 +02:00;;pH; =;8,4;pH;3
Station;49000094;PØLE Å, Ns Alsønderup Enge;32;700057;6208333;Gribskov;Region Hovedstaden;Vandløb;Poel Å;24-04-2023;1;Feltmålinger, Vandløb;Ja;Miljøstyrelsen;https://vanda.miljoeportal.dk/link/86581e64-98e4-48b7-97c6-0c0e8e316d8c;FRB1348;32;700057;6208333;1;24-04-2023 13:58:00 +02:00;;pH; =;8,31;pH;2
Station;49000094;PØLE Å, Ns Alsønderup Enge;32;700057;6208333;Gribskov;Region Hovedstaden;Vandløb;Poel Å;25-04-2019;1;Feltmålinger, Vandløb;Ja;Miljøstyrelsen;https://vanda.miljoeportal.dk/link/0ae71872-688d-491e-90f5-e9a1acf3c32f;FRB1348;32;700057;6208333;1;25-04-2019 11:10:00 +02:00;;pH; =;8,2;pH;2
Station;49000094;PØLE Å, Ns Alsønderup Enge;32;700057;6208333;Gribskov;Region Hovedstaden;Vandløb;Poel Å;21-12-2016;1;Feltmålinger, Vandløb;Ja;Miljøstyrelsen;https://vanda.miljoeportal.dk/link/2d5797db-3fe5-4ac6-bee2-9b2c9439aba2;FRB1348;32;700057;6208333;1;21-12-2016 08:05:00 +01:00;;Temperatur; =;2,7;grader C;3
Station;49000094;PØLE Å, Ns Alsønderup Enge;32;700057;6208333;Gribskov;Region Hovedstaden;Vandløb;Poel Å;21-11-2017;1;Feltmålinger, Vandløb;Ja;Miljøstyrelsen;https://vanda.miljoeportal.dk/link/874964fe-f7e2-4c2e-953e-1896d683eeb6;FRB1348;32;700057;6208333;1;21-11-2017 08:30:00 +01:00;;pH; =;8,4;pH;2
Station;49000094;PØLE Å, Ns Alsønderup Enge;32;700057;6208333;Gribskov;Region Hovedstaden;Vandløb;Poel Å;13-06-2023;1;Feltmålinger, Vandløb;Ja;Miljøstyrelsen;https://vanda.miljoeportal.dk/link/0711a9c5-ee75-4287-af6e-547bd78b7775;FRB1348;32;700057;6208333;1;13-06-2023 12:35:00 +02:00;;pH; =;8,64;pH;2
Station;49000094;PØLE Å, Ns Alsønderup Enge;32;700057;6208333;Gribskov;Region Hovedstaden;Vandløb;Poel Å;25-11-2021;1;Feltmålinger, Vandløb;Ja;Miljøstyrelsen;https://vanda.miljoeportal.dk/link/6f6e0718-efab-48c7-9fbb-0bb1305b2ef4;FRB1348;32;700057;6208333;1;25-11-2021 12:27:00 +01:00;;Temperatur; =;6,9;grader C;2
Station;49000094;PØLE Å, Ns Alsønderup Enge;32;700057;6208333;Gribskov;Region Hovedstaden;Vandløb;Poel Å;14-09-2020;1;Feltmålinger, Vandløb;Ja;Miljøstyrelsen;https://vanda.miljoeportal.dk/link/9895c089-63ef-4f85-a6f7-5994f8865e8c;FRB1348;32;700057;6208333;1;14-09-2020 15:07:00 +02:00;;pH; =;8,99;pH;2
Station;49000094;PØLE Å, Ns Alsønderup Enge;32;700057;6208333;Gribskov;Region Hovedstaden;Vandløb;Poel Å;20-01-2021;1;Feltmålinger, Vandløb;Ja;Miljøstyrelsen;https://vanda.miljoeportal.dk/link/c25b8c70-1d1f-4b17-bf23-134b9ff19668;FRB1348;32;700057;6208333;1;20-01-2021 12:07:00 +01:00;;pH; =;8,03;pH;2
Station;49000094;PØLE Å, Ns Alsønderup Enge;32;700057;6208333;Gribskov;Region Hovedstaden;Vandløb;Poel Å;27-12-2019;1;Feltmålinger, Vandløb;Ja;Miljøstyrelsen;https://vanda.miljoeportal.dk/link/e4bd4ef9-c576-4fe9-8053-fa321db986aa;FRB1348;32;700057;6208333;1;27-12-2019 14:20:00 +01:00;;Temperatur; =;3,8;grader C;2
Station;49000094;PØLE Å, Ns Alsønderup Enge;32;700057;6208333;Gribskov;Region Hovedstaden;Vandløb;Poel Å;21-03-2018;1;Feltmålinger, Vandløb;Ja;Miljøstyrelsen;https://vanda.miljoeportal.dk/link/35bd9c89-67e5-44cd-9580-63f1cdc40334;FRB1348;32;700057;6208333;1;21-03-2018 09:35:00 +01:00;;pH; =;8;pH;2
Station;49000094;PØLE Å, Ns Alsønderup Enge;32;700057;6208333;Gribskov;Region Hovedstaden;Vandløb;Poel Å;22-02-2021;1;Feltmålinger, Vandløb;Ja;Miljøstyrelsen;https://vanda.miljoeportal.dk/link/2b158bce-acf4-4e27-9701-93179c716c4e;FRB1348;32;700057;6208333;1;22-02-2021 12:44:00 +01:00;;Temperatur; =;4,7;grader C;2
Station;49000094;PØLE Å, Ns Alsønderup Enge;32;700057;6208333;Gribskov;Region Hovedstaden;Vandløb;Poel Å;21-02-2017;1;Feltmålinger, Vandløb;Ja;Miljøstyrelsen;https://vanda.miljoeportal.dk/link/2c8170fc-be0d-4bcd-a433-703367fb933a;FRB1348;32;700057;6208333;1;21-02-2017 13:40:00 +01:00;;Temperatur; =;5,6;grader C;2
Station;49000094;PØLE Å, Ns Alsønderup Enge;32;700057;6208333;Gribskov;Region Hovedstaden;Vandløb;Poel Å;16-04-2020;1;Feltmålinger, Vandløb;Ja;Miljøstyrelsen;https://vanda.miljoeportal.dk/link/95e2b3fe-8ea6-49b5-9a1a-30967f0a1777;FRB1348;32;700057;6208333;1;16-04-2020 12:10:00 +02:00;;pH; =;8,8;pH;2
Station;49000094;PØLE Å, Ns Alsønderup Enge;32;700057;6208333;Gribskov;Region Hovedstaden;Vandløb;Poel Å;27-09-2023;1;Feltmålinger, Vandløb;Ja;Miljøstyrelsen;https://vanda.miljoeportal.dk/link/14b015a7-6d1a-4451-b262-887fff3022e2;FRB1348;32;700057;6208333;1;27-09-2023 08:54:00 +02:00;;pH; =;8,51;pH;2
Station;49000094;PØLE Å, Ns Alsønderup Enge;32;700057;6208333;Gribskov;Region Hovedstaden;Vandløb;Poel Å;07-07-2017;1;Feltmålinger, Vandløb;Ja;Miljøstyrelsen;https://vanda.miljoeportal.dk/link/2f2850bd-4125-47a8-a179-b3cb53b604de;FRB1348;32;700057;6208333;1;07-07-2017 09:30:00 +02:00;;pH; =;9;pH;2
Station;49000094;PØLE Å, Ns Alsønderup Enge;32;700057;6208333;Gribskov;Region Hovedstaden;Vandløb;Poel Å;22-06-2017;1;Feltmålinger, Vandløb;Ja;Miljøstyrelsen;https://vanda.miljoeportal.dk/link/c7fcbbca-7317-4645-a1f9-a7c0026adc04;FRB1348;32;700057;6208333;1;22-06-2017 08:06:00 +02:00;;Temperatur; =;18,4;grader C;2
Station;49000094;PØLE Å, Ns Alsønderup Enge;32;700057;6208333;Gribskov;Region Hovedstaden;Vandløb;Poel Å;07-07-2020;1;Feltmålinger, Vandløb;Ja;Miljøstyrelsen;https://vanda.miljoeportal.dk/link/4d02417b-5d1d-4e01-8842-10c241007c5d;FRB1348;32;700057;6208333;1;07-07-2020 13:38:00 +02:00;;Temperatur; =;16,5;grader C;2
Station;49000094;PØLE Å, Ns Alsønderup Enge;32;700057;6208333;Gribskov;Region Hovedstaden;Vandløb;Poel Å;28-09-2016;1;Feltmålinger, Vandløb;Ja;Miljøstyrelsen;https://vanda.miljoeportal.dk/link/6279bdb5-4865-4369-9fdc-76760e7af837;FRB1348;32;700057;6208333;1;28-09-2016 08:55:00 +02:00;;pH; =;8,4;pH;3
Station;49000094;PØLE Å, Ns Alsønderup Enge;32;700057;6208333;Gribskov;Region Hovedstaden;Vandløb;Poel Å;15-08-2018;1;Feltmålinger, Vandløb;Ja;Miljøstyrelsen;https://vanda.miljoeportal.dk/link/1d873e18-0f3d-46f8-bd34-8765e842050a;FRB1348;32;700057;6208333;1;15-08-2018 11:05:00 +02:00;;Temperatur; =;20;grader C;2
Station;49000094;PØLE Å, Ns Alsønderup Enge;32;700057;6208333;Gribskov;Region Hovedstaden;Vandløb;Poel Å;02-12-2020;1;Feltmålinger, Vandløb;Ja;Miljøstyrelsen;https://vanda.miljoeportal.dk/link/1956e781-f154-4796-8b31-7ff402e2d1f7;FRB1348;32;700057;6208333;1;02-12-2020 14:24:00 +01:00;;pH; =;8,23;pH;2
Station;49000094;PØLE Å, Ns Alsønderup Enge;32;700057;6208333;Gribskov;Region Hovedstaden;Vandløb;Poel Å;08-12-2021;1;Feltmålinger, Vandløb;Ja;Miljøstyrelsen;https://vanda.miljoeportal.dk/link/98dc6f6a-ef22-40cd-a426-e492654ae557;FRB1348;32;700057;6208333;1;08-12-2021 12:48:00 +01:00;;Temperatur; =;0,7;grader C;2
Station;49000094;PØLE Å, Ns Alsønderup Enge;32;700057;6208333;Gribskov;Region Hovedstaden;Vandløb;Poel Å;11-11-2021;1;Feltmålinger, Vandløb;Ja;Miljøstyrelsen;https://vanda.miljoeportal.dk/link/bd0d799b-5918-4ba9-a34b-f776561419e8;FRB1348;32;700057;6208333;1;11-11-2021 14:13:00 +01:00;;pH; =;8,46;pH;2
Station;49000094;PØLE Å, Ns Alsønderup Enge;32;700057;6208333;Gribskov;Region Hovedstaden;Vandløb;Poel Å;07-05-2015;1;Feltmålinger, Vandløb;Ja;Miljøstyrelsen;https://vanda.miljoeportal.dk/link/139a20b1-9681-4264-a125-68f029338412;FRB1348;32;700057;6208333;1;07-05-2015 11:30:00 +02:00;;pH; =;9,1;pH;2
Station;49000094;PØLE Å, Ns Alsønderup Enge;32;700057;6208333;Gribskov;Region Hovedstaden;Vandløb;Poel Å;08-09-2022;1;Feltmålinger, Vandløb;Ja;Miljøstyrelsen;https://vanda.miljoeportal.dk/link/0d922e59-cd5f-41eb-b9e5-3052a53f2231;FRB1348;32;700057;6208333;1;08-09-2022 12:26:00 +02:00;;Salinitet; =;0,4;promille;2
Station;49000094;PØLE Å, Ns Alsønderup Enge;32;700057;6208333;Gribskov;Region Hovedstaden;Vandløb;Poel Å;24-09-2021;1;Feltmålinger, Vandløb;Ja;Miljøstyrelsen;https://vanda.miljoeportal.dk/link/c47a5663-43b1-4be4-8a0f-171385bd6581;FRB1348;32;700057;6208333;1;24-09-2021 12:26:00 +02:00;;Temperatur; =;13,1;grader C;2
Station;49000094;PØLE Å, Ns Alsønderup Enge;32;700057;6208333;Gribskov;Region Hovedstaden;Vandløb;Poel Å;03-06-2015;1;Feltmålinger, Vandløb;Ja;Miljøstyrelsen;https://vanda.miljoeportal.dk/link/05e45376-96fe-41b6-be90-e7ce5c2cc8cb;FRB1348;32;700057;6208333;1;03-06-2015 09:40:00 +02:00;;pH; =;8,2;pH;2
Station;49000094;PØLE Å, Ns Alsønderup Enge;32;700057;6208333;Gribskov;Region Hovedstaden;Vandløb;Poel Å;14-12-2015;1;Feltmålinger, Vandløb;Ja;Miljøstyrelsen;https://vanda.miljoeportal.dk/link/5f5a99f3-3b4e-4cf2-ab40-283221e99d70;FRB1348;32;700057;6208333;1;14-12-2015 07:30:00 +01:00;;pH; =;8,3;pH;2
Station;49000094;PØLE Å, Ns Alsønderup Enge;32;700057;6208333;Gribskov;Region Hovedstaden;Vandløb;Poel Å;09-03-2023;1;Feltmålinger, Vandløb;Ja;Miljøstyrelsen;https://vanda.miljoeportal.dk/link/9a449d9e-44a4-4941-9480-a51d70bfd314;FRB1348;32;700057;6208333;1;09-03-2023 12:05:00 +01:00;;Temperatur; =;2,7;grader C;2
Station;49000094;PØLE Å, Ns Alsønderup Enge;32;700057;6208333;Gribskov;Region Hovedstaden;Vandløb;Poel Å;14-10-2014;1;Feltmålinger, Vandløb;Ja;Miljøstyrelsen;https://vanda.miljoeportal.dk/link/ccd17b7d-7e8a-46ab-bbdc-3b340ce2c038;FRB1348;32;700057;6208333;1;14-10-2014 08:45:00 +02:00;;Temperatur; =;10,8;grader C;3
Station;49000094;PØLE Å, Ns Alsønderup Enge;32;700057;6208333;Gribskov;Region Hovedstaden;Vandløb;Poel Å;16-04-2020;1;Feltmålinger, Vandløb;Ja;Miljøstyrelsen;https://vanda.miljoeportal.dk/link/95e2b3fe-8ea6-49b5-9a1a-30967f0a1777;FRB1348;32;700057;6208333;1;16-04-2020 12:10:00 +02:00;;Temperatur; =;11,7;grader C;2
Station;49000094;PØLE Å, Ns Alsønderup Enge;32;700057;6208333;Gribskov;Region Hovedstaden;Vandløb;Poel Å;30-12-2020;1;Feltmålinger, Vandløb;Ja;Miljøstyrelsen;https://vanda.miljoeportal.dk/link/4eac24e7-84d0-45cb-b9d4-1298f45f0b2c;FRB1348;32;700057;6208333;1;30-12-2020 13:46:00 +01:00;;pH; =;8,26;pH;2
Station;49000094;PØLE Å, Ns Alsønderup Enge;32;700057;6208333;Gribskov;Region Hovedstaden;Vandløb;Poel Å;08-09-2022;1;Feltmålinger, Vandløb;Ja;Miljøstyrelsen;https://vanda.miljoeportal.dk/link/0d922e59-cd5f-41eb-b9e5-3052a53f2231;FRB1348;32;700057;6208333;1;08-09-2022 12:26:00 +02:00;;pH; =;8,6;pH;2
Station;49000094;PØLE Å, Ns Alsønderup Enge;32;700057;6208333;Gribskov;Region Hovedstaden;Vandløb;Poel Å;29-11-2019;1;Feltmålinger, Vandløb;Ja;Miljøstyrelsen;https://vanda.miljoeportal.dk/link/4494dd8e-9099-409b-b0e6-7bf1d1e7997f;FRB1348;32;700057;6208333;1;29-11-2019 13:20:00 +01:00;;pH; =;8,5;pH;2
Station;49000094;PØLE Å, Ns Alsønderup Enge;32;700057;6208333;Gribskov;Region Hovedstaden;Vandløb;Poel Å;26-09-2017;1;Feltmålinger, Vandløb;Ja;Miljøstyrelsen;https://vanda.miljoeportal.dk/link/9c749da0-57b3-4c54-bcee-63f176ceb305;FRB1348;32;700057;6208333;1;26-09-2017 08:10:00 +02:00;;pH; =;8,1;pH;2
Station;49000094;PØLE Å, Ns Alsønderup Enge;32;700057;6208333;Gribskov;Region Hovedstaden;Vandløb;Poel Å;04-06-2019;1;Feltmålinger, Vandløb;Ja;Miljøstyrelsen;https://vanda.miljoeportal.dk/link/621a7974-4535-4c1f-b01f-f705b74b0e3a;FRB1348;32;700057;6208333;1;04-06-2019 14:15:00 +02:00;;Temperatur; =;20,2;grader C;2
Station;49000094;PØLE Å, Ns Alsønderup Enge;32;700057;6208333;Gribskov;Region Hovedstaden;Vandløb;Poel Å;05-02-2020;1;Feltmålinger, Vandløb;Ja;Miljøstyrelsen;https://vanda.miljoeportal.dk/link/2527b884-6200-4a46-b91b-6f06fae5f141;FRB1348;32;700057;6208333;1;05-02-2020 13:07:00 +01:00;;pH; =;8,6;pH;2
Station;49000094;PØLE Å, Ns Alsønderup Enge;32;700057;6208333;Gribskov;Region Hovedstaden;Vandløb;Poel Å;25-05-2020;1;Feltmålinger, Vandløb;Ja;Miljøstyrelsen;https://vanda.miljoeportal.dk/link/80a5735d-c84c-49b5-b0b6-b345aa8667c0;FRB1348;32;700057;6208333;1;25-05-2020 15:00:00 +02:00;;Temperatur; =;17,2;grader C;2
Station;49000094;PØLE Å, Ns Alsønderup Enge;32;700057;6208333;Gribskov;Region Hovedstaden;Vandløb;Poel Å;29-09-2014;1;Feltmålinger, Vandløb;Ja;Miljøstyrelsen;https://vanda.miljoeportal.dk/link/c5baba8e-0c81-4e62-91b0-f7299ef436c2;FRB1348;32;700057;6208333;1;29-09-2014 10:20:00 +02:00;;Temperatur; =;13,6;grader C;3
Station;49000094;PØLE Å, Ns Alsønderup Enge;32;700057;6208333;Gribskov;Region Hovedstaden;Vandløb;Poel Å;08-02-2017;1;Feltmålinger, Vandløb;Ja;Miljøstyrelsen;https://vanda.miljoeportal.dk/link/85f00646-4b80-476c-a5ec-19e319f5ca1a;FRB1348;32;700057;6208333;1;08-02-2017 08:05:00 +01:00;;Temperatur; =;0,5;grader C;2
Station;49000094;PØLE Å, Ns Alsønderup Enge;32;700057;6208333;Gribskov;Region Hovedstaden;Vandløb;Poel Å;22-06-2017;1;Feltmålinger, Vandløb;Ja;Miljøstyrelsen;https://vanda.miljoeportal.dk/link/c7fcbbca-7317-4645-a1f9-a7c0026adc04;FRB1348;32;700057;6208333;1;22-06-2017 08:06:00 +02:00;;pH; =;8,8;pH;2
Station;49000094;PØLE Å, Ns Alsønderup Enge;32;700057;6208333;Gribskov;Region Hovedstaden;Vandløb;Poel Å;09-03-2017;1;Feltmålinger, Vandløb;Ja;Miljøstyrelsen;https://vanda.miljoeportal.dk/link/b409665c-73b1-4275-a79e-2997db116373;FRB1348;32;700057;6208333;1;09-03-2017 08:10:00 +01:00;;pH; =;8,3;pH;2
Station;49000094;PØLE Å, Ns Alsønderup Enge;32;700057;6208333;Gribskov;Region Hovedstaden;Vandløb;Poel Å;08-02-2016;1;Feltmålinger, Vandløb;Ja;Miljøstyrelsen;https://vanda.miljoeportal.dk/link/32953f5b-6309-44fe-8eb3-4cc2c0f8c475;FRB1348;32;700057;6208333;1;08-02-2016 09:15:00 +01:00;;pH; =;8,3;pH;3
Station;49000094;PØLE Å, Ns Alsønderup Enge;32;700057;6208333;Gribskov;Region Hovedstaden;Vandløb;Poel Å;09-01-2019;1;Feltmålinger, Vandløb;Ja;Miljøstyrelsen;https://vanda.miljoeportal.dk/link/119e7a5b-f114-4a7a-9ad8-bdc4ef0b5939;FRB1348;32;700057;6208333;1;09-01-2019 12:17:00 +01:00;;Temperatur; =;1,9;grader C;2
Station;49000094;PØLE Å, Ns Alsønderup Enge;32;700057;6208333;Gribskov;Region Hovedstaden;Vandløb;Poel Å;05-10-2022;1;Feltmålinger, Vandløb;Ja;Miljøstyrelsen;https://vanda.miljoeportal.dk/link/f0f6683f-10b9-46ef-af16-62fadad8e149;FRB1348;32;700057;6208333;1;05-10-2022 10:04:00 +02:00;;Temperatur; =;13,1;grader C;2
Station;49000094;PØLE Å, Ns Alsønderup Enge;32;700057;6208333;Gribskov;Region Hovedstaden;Vandløb;Poel Å;20-10-2021;1;Feltmålinger, Vandløb;Ja;Miljøstyrelsen;https://vanda.miljoeportal.dk/link/1d53c3a9-2408-4ac8-9e75-7b70bdab56cc;FRB1348;32;700057;6208333;1;20-10-2021 14:00:00 +02:00;;Temperatur; =;12,5;grader C;2
Station;49000094;PØLE Å, Ns Alsønderup Enge;32;700057;6208333;Gribskov;Region Hovedstaden;Vandløb;Poel Å;19-11-2020;1;Feltmålinger, Vandløb;Ja;Miljøstyrelsen;https://vanda.miljoeportal.dk/link/3d286491-a411-4fe9-af14-677f4e5c7257;FRB1348;32;700057;6208333;1;19-11-2020 11:12:00 +01:00;;pH; =;8,29;pH;2
Station;49000094;PØLE Å, Ns Alsønderup Enge;32;700057;6208333;Gribskov;Region Hovedstaden;Vandløb;Poel Å;14-06-2016;1;Feltmålinger, Vandløb;Ja;Miljøstyrelsen;https://vanda.miljoeportal.dk/link/94620393-fd5e-450c-80ee-f665c27d809e;FRB1348;32;700057;6208333;1;14-06-2016 14:40:00 +02:00;;Temperatur; =;16,1;grader C;3
Station;49000094;PØLE Å, Ns Alsønderup Enge;32;700057;6208333;Gribskov;Region Hovedstaden;Vandløb;Poel Å;25-03-2015;1;Feltmålinger, Vandløb;Ja;Miljøstyrelsen;https://vanda.miljoeportal.dk/link/982e6815-edd1-4bb1-8bba-559ec20646a3;FRB1348;32;700057;6208333;1;25-03-2015 09:25:00 +01:00;;pH; =;9;pH;2
Station;49000094;PØLE Å, Ns Alsønderup Enge;32;700057;6208333;Gribskov;Region Hovedstaden;Vandløb;Poel Å;24-04-2023;1;Feltmålinger, Vandløb;Ja;Miljøstyrelsen;https://vanda.miljoeportal.dk/link/86581e64-98e4-48b7-97c6-0c0e8e316d8c;FRB1348;32;700057;6208333;1;24-04-2023 13:58:00 +02:00;;Temperatur; =;12,6;grader C;2
Station;49000094;PØLE Å, Ns Alsønderup Enge;32;700057;6208333;Gribskov;Region Hovedstaden;Vandløb;Poel Å;04-12-2014;1;Feltmålinger, Vandløb;Ja;Miljøstyrelsen;https://vanda.miljoeportal.dk/link/34206324-6ebb-4224-8911-1c3b96de0fdf;FRB1348;32;700057;6208333;1;04-12-2014 08:05:00 +01:00;;Temperatur; =;1,7;grader C;3
Station;49000094;PØLE Å, Ns Alsønderup Enge;32;700057;6208333;Gribskov;Region Hovedstaden;Vandløb;Poel Å;09-03-2023;1;Feltmålinger, Vandløb;Ja;Miljøstyrelsen;https://vanda.miljoeportal.dk/link/9a449d9e-44a4-4941-9480-a51d70bfd314;FRB1348;32;700057;6208333;1;09-03-2023 12:05:00 +01:00;;pH; =;8,85;pH;2
Station;49000094;PØLE Å, Ns Alsønderup Enge;32;700057;6208333;Gribskov;Region Hovedstaden;Vandløb;Poel Å;05-03-2019;1;Feltmålinger, Vandløb;Ja;Miljøstyrelsen;https://vanda.miljoeportal.dk/link/5f49540f-c4f4-4241-9278-894391b33bc4;FRB1348;32;700057;6208333;1;05-03-2019 14:45:00 +01:00;;Temperatur; =;6,2;grader C;2
Station;49000094;PØLE Å, Ns Alsønderup Enge;32;700057;6208333;Gribskov;Region Hovedstaden;Vandløb;Poel Å;28-08-2019;1;Feltmålinger, Vandløb;Ja;Miljøstyrelsen;https://vanda.miljoeportal.dk/link/7e6a5fa8-0507-4449-b12e-fa33aec51036;FRB1348;32;700057;6208333;1;28-08-2019 12:24:00 +02:00;;pH; =;9;pH;2
Station;49000094;PØLE Å, Ns Alsønderup Enge;32;700057;6208333;Gribskov;Region Hovedstaden;Vandløb;Poel Å;09-02-2022;1;Feltmålinger, Vandløb;Ja;Miljøstyrelsen;https://vanda.miljoeportal.dk/link/440398f2-d45f-4548-a795-a4cef3ab7a83;FRB1348;32;700057;6208333;1;09-02-2022 10:38:00 +01:00;;pH; =;8,7;pH;2
Station;49000094;PØLE Å, Ns Alsønderup Enge;32;700057;6208333;Gribskov;Region Hovedstaden;Vandløb;Poel Å;04-06-2019;1;Feltmålinger, Vandløb;Ja;Miljøstyrelsen;https://vanda.miljoeportal.dk/link/621a7974-4535-4c1f-b01f-f705b74b0e3a;FRB1348;32;700057;6208333;1;04-06-2019 14:15:00 +02:00;;pH; =;8,6;pH;2
Station;49000094;PØLE Å, Ns Alsønderup Enge;32;700057;6208333;Gribskov;Region Hovedstaden;Vandløb;Poel Å;04-10-2023;1;Feltmålinger, Vandløb;Ja;Miljøstyrelsen;https://vanda.miljoeportal.dk/link/4b8aa69d-419f-4863-a569-395fa6366af8;FRB1348;32;700057;6208333;1;04-10-2023 12:55:00 +02:00;;Salinitet; =;0,3;promille;2
Station;49000094;PØLE Å, Ns Alsønderup Enge;32;700057;6208333;Gribskov;Region Hovedstaden;Vandløb;Poel Å;29-09-2014;1;Feltmålinger, Vandløb;Ja;Miljøstyrelsen;https://vanda.miljoeportal.dk/link/c5baba8e-0c81-4e62-91b0-f7299ef436c2;FRB1348;32;700057;6208333;1;29-09-2014 10:20:00 +02:00;;pH; =;8,3;pH;3
Station;49000094;PØLE Å, Ns Alsønderup Enge;32;700057;6208333;Gribskov;Region Hovedstaden;Vandløb;Poel Å;17-07-2018;1;Feltmålinger, Vandløb;Ja;Miljøstyrelsen;https://vanda.miljoeportal.dk/link/8239f255-2ab2-4589-915c-377ef8a1e23c;FRB1348;32;700057;6208333;1;17-07-2018 08:05:00 +02:00;;Temperatur; =;22,1;grader C;2
Station;49000094;PØLE Å, Ns Alsønderup Enge;32;700057;6208333;Gribskov;Region Hovedstaden;Vandløb;Poel Å;02-10-2017;1;Feltmålinger, Vandløb;Ja;Miljøstyrelsen;https://vanda.miljoeportal.dk/link/5186e2f7-59f6-48ea-9cda-d05cf29a3e6a;FRB1348;32;700057;6208333;1;02-10-2017 08:45:00 +02:00;;pH; =;8,4;pH;2
Station;49000094;PØLE Å, Ns Alsønderup Enge;32;700057;6208333;Gribskov;Region Hovedstaden;Vandløb;Poel Å;14-12-2022;1;Feltmålinger, Vandløb;Ja;Miljøstyrelsen;https://vanda.miljoeportal.dk/link/2c2dddc7-c460-46ca-a520-bc03f46cd495;FRB1348;32;700057;6208333;1;14-12-2022 11:15:00 +01:00;;pH; =;8,09;pH;2
Station;49000094;PØLE Å, Ns Alsønderup Enge;32;700057;6208333;Gribskov;Region Hovedstaden;Vandløb;Poel Å;26-05-2016;1;Feltmålinger, Vandløb;Ja;Miljøstyrelsen;https://vanda.miljoeportal.dk/link/b09d7a5f-041b-47d7-b9bb-bb381c43a8cb;FRB1348;32;700057;6208333;1;26-05-2016 08:15:00 +02:00;;Temperatur; =;17,7;grader C;3
Station;49000094;PØLE Å, Ns Alsønderup Enge;32;700057;6208333;Gribskov;Region Hovedstaden;Vandløb;Poel Å;25-10-2018;1;Feltmålinger, Vandløb;Ja;Miljøstyrelsen;https://vanda.miljoeportal.dk/link/4817fe3e-a35f-4db1-a14d-692f99fa1498;FRB1348;32;700057;6208333;1;25-10-2018 08:10:00 +02:00;;pH; =;8,1;pH;2
Station;49000094;PØLE Å, Ns Alsønderup Enge;32;700057;6208333;Gribskov;Region Hovedstaden;Vandløb;Poel Å;08-09-2022;1;Feltmålinger, Vandløb;Ja;Miljøstyrelsen;https://vanda.miljoeportal.dk/link/0d922e59-cd5f-41eb-b9e5-3052a53f2231;FRB1348;32;700057;6208333;1;08-09-2022 12:26:00 +02:00;;Temperatur; =;17,6;grader C;2
Station;49000094;PØLE Å, Ns Alsønderup Enge;32;700057;6208333;Gribskov;Region Hovedstaden;Vandløb;Poel Å;14-12-2022;1;Feltmålinger, Vandløb;Ja;Miljøstyrelsen;https://vanda.miljoeportal.dk/link/2c2dddc7-c460-46ca-a520-bc03f46cd495;FRB1348;32;700057;6208333;1;14-12-2022 11:15:00 +01:00;;Salinitet; =;0,5;promille;2
Station;49000094;PØLE Å, Ns Alsønderup Enge;32;700057;6208333;Gribskov;Region Hovedstaden;Vandløb;Poel Å;28-01-2015;1;Feltmålinger, Vandløb;Ja;Miljøstyrelsen;https://vanda.miljoeportal.dk/link/c305d6cc-3218-4628-a7c5-25111bd8a37d;FRB1348;32;700057;6208333;1;28-01-2015 10:25:00 +01:00;;pH; =;8,1;pH;2
Station;49000094;PØLE Å, Ns Alsønderup Enge;32;700057;6208333;Gribskov;Region Hovedstaden;Vandløb;Poel Å;22-12-2022;1;Feltmålinger, Vandløb;Ja;Miljøstyrelsen;https://vanda.miljoeportal.dk/link/39ab4d40-9a38-4ad0-b5ac-240b49bc9825;FRB1348;32;700057;6208333;1;22-12-2022 13:35:00 +01:00;;Temperatur; =;3,4;grader C;2
Station;49000094;PØLE Å, Ns Alsønderup Enge;32;700057;6208333;Gribskov;Region Hovedstaden;Vandløb;Poel Å;11-10-2018;1;Feltmålinger, Vandløb;Ja;Miljøstyrelsen;https://vanda.miljoeportal.dk/link/9aa40a8b-3613-424b-99b8-b42018233579;FRB1348;32;700057;6208333;1;11-10-2018 08:10:00 +02:00;;pH; =;8;pH;2
Station;49000094;PØLE Å, Ns Alsønderup Enge;32;700057;6208333;Gribskov;Region Hovedstaden;Vandløb;Poel Å;25-06-2018;1;Feltmålinger, Vandløb;Ja;Miljøstyrelsen;https://vanda.miljoeportal.dk/link/a91d55bb-3ed3-407d-bca6-77863508a87c;FRB1348;32;700057;6208333;1;25-06-2018 07:30:00 +02:00;;Temperatur; =;18;grader C;2
Station;49000094;PØLE Å, Ns Alsønderup Enge;32;700057;6208333;Gribskov;Region Hovedstaden;Vandløb;Poel Å;29-05-2017;1;Feltmålinger, Vandløb;Ja;Miljøstyrelsen;https://vanda.miljoeportal.dk/link/bb5790c1-f6ac-465a-8453-10e80e2e7d54;FRB1348;32;700057;6208333;1;29-05-2017 07:55:00 +02:00;;pH; =;8,4;pH;2
Station;49000094;PØLE Å, Ns Alsønderup Enge;32;700057;6208333;Gribskov;Region Hovedstaden;Vandløb;Poel Å;07-07-2017;1;Feltmålinger, Vandløb;Ja;Miljøstyrelsen;https://vanda.miljoeportal.dk/link/2f2850bd-4125-47a8-a179-b3cb53b604de;FRB1348;32;700057;6208333;1;07-07-2017 09:30:00 +02:00;;Temperatur; =;19,7;grader C;2
Station;49000094;PØLE Å, Ns Alsønderup Enge;32;700057;6208333;Gribskov;Region Hovedstaden;Vandløb;Poel Å;27-01-2021;1;Feltmålinger, Vandløb;Ja;Miljøstyrelsen;https://vanda.miljoeportal.dk/link/64e64004-4c61-4438-ac80-46bfd77f6121;FRB1348;32;700057;6208333;1;27-01-2021 14:36:00 +01:00;;pH; =;8,08;pH;2
Station;49000094;PØLE Å, Ns Alsønderup Enge;32;700057;6208333;Gribskov;Region Hovedstaden;Vandløb;Poel Å;02-11-2022;1;Feltmålinger, Vandløb;Ja;Miljøstyrelsen;https://vanda.miljoeportal.dk/link/854f7855-3133-471e-8646-b180f26a787a;FRB1348;32;700057;6208333;1;02-11-2022 13:00:00 +01:00;;Salinitet; =;0,3;promille;2
Station;49000094;PØLE Å, Ns Alsønderup Enge;32;700057;6208333;Gribskov;Region Hovedstaden;Vandløb;Poel Å;24-09-2018;1;Feltmålinger, Vandløb;Ja;Miljøstyrelsen;https://vanda.miljoeportal.dk/link/4c498d75-792c-4c64-a760-f2fa87e2e235;FRB1348;32;700057;6208333;1;24-09-2018 08:15:00 +02:00;;Temperatur; =;11,9;grader C;2
Station;49000094;PØLE Å, Ns Alsønderup Enge;32;700057;6208333;Gribskov;Region Hovedstaden;Vandløb;Poel Å;16-08-2017;1;Feltmålinger, Vandløb;Ja;Miljøstyrelsen;https://vanda.miljoeportal.dk/link/362f542c-661a-4393-8db1-4e76d5db8b4b;FRB1348;32;700057;6208333;1;16-08-2017 07:20:00 +02:00;;Temperatur; =;18,5;grader C;2
Station;49000094;PØLE Å, Ns Alsønderup Enge;32;700057;6208333;Gribskov;Region Hovedstaden;Vandløb;Poel Å;21-05-2019;1;Feltmålinger, Vandløb;Ja;Miljøstyrelsen;https://vanda.miljoeportal.dk/link/9d509523-87bc-4a22-9372-2cb42575f30d;FRB1348;32;700057;6208333;1;21-05-2019 14:15:00 +02:00;;pH; =;8,7;pH;2
Station;49000094;PØLE Å, Ns Alsønderup Enge;32;700057;6208333;Gribskov;Region Hovedstaden;Vandløb;Poel Å;14-06-2018;1;Feltmålinger, Vandløb;Ja;Miljøstyrelsen;https://vanda.miljoeportal.dk/link/677a8829-de49-4664-9d19-f6919422aa73;FRB1348;32;700057;6208333;1;14-06-2018 08:15:00 +02:00;;Temperatur; =;18,3;grader C;2
Station;49000094;PØLE Å, Ns Alsønderup Enge;32;700057;6208333;Gribskov;Region Hovedstaden;Vandløb;Poel Å;02-03-2021;1;Feltmålinger, Vandløb;Ja;Miljøstyrelsen;https://vanda.miljoeportal.dk/link/802a8caf-48b2-456b-9ce3-ead1b925e16b;FRB1348;32;700057;6208333;1;02-03-2021 11:19:00 +01:00;;Temperatur; =;3,6;grader C;2
Station;49000094;PØLE Å, Ns Alsønderup Enge;32;700057;6208333;Gribskov;Region Hovedstaden;Vandløb;Poel Å;15-08-2018;1;Feltmålinger, Vandløb;Ja;Miljøstyrelsen;https://vanda.miljoeportal.dk/link/1d873e18-0f3d-46f8-bd34-8765e842050a;FRB1348;32;700057;6208333;1;15-08-2018 11:05:00 +02:00;;pH; =;8,4;pH;2
Station;49000094;PØLE Å, Ns Alsønderup Enge;32;700057;6208333;Gribskov;Region Hovedstaden;Vandløb;Poel Å;23-09-2014;1;Feltmålinger, Vandløb;Ja;Miljøstyrelsen;https://vanda.miljoeportal.dk/link/3eff893b-88e4-4d1b-b2ca-6b118faa5da8;FRB1348;32;700057;6208333;1;23-09-2014 08:15:00 +02:00;;pH; =;8,2;pH;3
Station;49000094;PØLE Å, Ns Alsønderup Enge;32;700057;6208333;Gribskov;Region Hovedstaden;Vandløb;Poel Å;28-08-2018;1;Feltmålinger, Vandløb;Ja;Miljøstyrelsen;https://vanda.miljoeportal.dk/link/2cb8db1d-7f1c-48e1-92b7-a2e4f494c6b4;FRB1348;32;700057;6208333;1;28-08-2018 07:00:00 +02:00;;pH; =;8,4;pH;2
Station;49000094;PØLE Å, Ns Alsønderup Enge;32;700057;6208333;Gribskov;Region Hovedstaden;Vandløb;Poel Å;14-12-2022;1;Feltmålinger, Vandløb;Ja;Miljøstyrelsen;https://vanda.miljoeportal.dk/link/2c2dddc7-c460-46ca-a520-bc03f46cd495;FRB1348;32;700057;6208333;1;14-12-2022 11:15:00 +01:00;;Temperatur; =;1,4;grader C;2
Station;49000094;PØLE Å, Ns Alsønderup Enge;32;700057;6208333;Gribskov;Region Hovedstaden;Vandløb;Poel Å;11-12-2014;1;Feltmålinger, Vandløb;Ja;Miljøstyrelsen;https://vanda.miljoeportal.dk/link/c412ff48-12b5-468c-8ddd-b3e93652a808;FRB1348;32;700057;6208333;1;11-12-2014 08:35:00 +01:00;;pH; =;8,2;pH;3
Station;49000094;PØLE Å, Ns Alsønderup Enge;32;700057;6208333;Gribskov;Region Hovedstaden;Vandløb;Poel Å;24-09-2018;1;Feltmålinger, Vandløb;Ja;Miljøstyrelsen;https://vanda.miljoeportal.dk/link/4c498d75-792c-4c64-a760-f2fa87e2e235;FRB1348;32;700057;6208333;1;24-09-2018 08:15:00 +02:00;;pH; =;8;pH;2
Station;49000094;PØLE Å, Ns Alsønderup Enge;32;700057;6208333;Gribskov;Region Hovedstaden;Vandløb;Poel Å;08-11-2016;1;Feltmålinger, Vandløb;Ja;Miljøstyrelsen;https://vanda.miljoeportal.dk/link/4f357775-c33c-4fc5-b90a-dfd60842d51d;FRB1348;32;700057;6208333;1;08-11-2016 14:20:00 +01:00;;Temperatur; =;3;grader C;3
Station;49000094;PØLE Å, Ns Alsønderup Enge;32;700057;6208333;Gribskov;Region Hovedstaden;Vandløb;Poel Å;25-04-2017;1;Feltmålinger, Vandløb;Ja;Miljøstyrelsen;https://vanda.miljoeportal.dk/link/b3e3f807-30a3-43b6-b891-0c88454a40aa;FRB1348;32;700057;6208333;1;25-04-2017 08:10:00 +02:00;;Temperatur; =;6,6;grader C;2
Station;49000094;PØLE Å, Ns Alsønderup Enge;32;700057;6208333;Gribskov;Region Hovedstaden;Vandløb;Poel Å;26-04-2021;1;Feltmålinger, Vandløb;Ja;Miljøstyrelsen;https://vanda.miljoeportal.dk/link/1e3d78a4-3bc4-406c-8f8e-7c4a2845db21;FRB1348;32;700057;6208333;1;26-04-2021 12:51:00 +02:00;;pH; =;8,93;pH;2
Station;49000094;PØLE Å, Ns Alsønderup Enge;32;700057;6208333;Gribskov;Region Hovedstaden;Vandløb;Poel Å;27-12-2019;1;Feltmålinger, Vandløb;Ja;Miljøstyrelsen;https://vanda.miljoeportal.dk/link/e4bd4ef9-c576-4fe9-8053-fa321db986aa;FRB1348;32;700057;6208333;1;27-12-2019 14:20:00 +01:00;;pH; =;8,3;pH;2
Station;49000094;PØLE Å, Ns Alsønderup Enge;32;700057;6208333;Gribskov;Region Hovedstaden;Vandløb;Poel Å;08-03-2016;1;Feltmålinger, Vandløb;Ja;Miljøstyrelsen;https://vanda.miljoeportal.dk/link/b4cca209-6f00-4a74-b4a1-361fdd3d8bb2;FRB1348;32;700057;6208333;1;08-03-2016 10:00:00 +01:00;;pH; =;8,1;pH;3
Station;49000094;PØLE Å, Ns Alsønderup Enge;32;700057;6208333;Gribskov;Region Hovedstaden;Vandløb;Poel Å;08-02-2017;1;Feltmålinger, Vandløb;Ja;Miljøstyrelsen;https://vanda.miljoeportal.dk/link/85f00646-4b80-476c-a5ec-19e319f5ca1a;FRB1348;32;700057;6208333;1;08-02-2017 08:05:00 +01:00;;pH; =;8,5;pH;2
Station;49000094;PØLE Å, Ns Alsønderup Enge;32;700057;6208333;Gribskov;Region Hovedstaden;Vandløb;Poel Å;15-06-2017;1;Feltmålinger, Vandløb;Ja;Miljøstyrelsen;https://vanda.miljoeportal.dk/link/5bcaa31d-6665-4579-86fc-4083c3053861;FRB1348;32;700057;6208333;1;15-06-2017 07:50:00 +02:00;;pH; =;8,9;pH;2
Station;49000094;PØLE Å, Ns Alsønderup Enge;32;700057;6208333;Gribskov;Region Hovedstaden;Vandløb;Poel Å;25-01-2023;1;Feltmålinger, Vandløb;Ja;Miljøstyrelsen;https://vanda.miljoeportal.dk/link/07c43b22-2ae0-4b41-a171-effaa2fe47aa;FRB1348;32;700057;6208333;1;25-01-2023 12:17:00 +01:00;;Salinitet; =;0,2;promille;2
Station;49000094;PØLE Å, Ns Alsønderup Enge;32;700057;6208333;Gribskov;Region Hovedstaden;Vandløb;Poel Å;04-11-2020;1;Feltmålinger, Vandløb;Ja;Miljøstyrelsen;https://vanda.miljoeportal.dk/link/e9080b6c-1e8b-4332-89df-5e9a6016bf45;FRB1348;32;700057;6208333;1;04-11-2020 14:52:00 +01:00;;pH; =;8,42;pH;2
Station;49000094;PØLE Å, Ns Alsønderup Enge;32;700057;6208333;Gribskov;Region Hovedstaden;Vandløb;Poel Å;24-06-2020;1;Feltmålinger, Vandløb;Ja;Miljøstyrelsen;https://vanda.miljoeportal.dk/link/f7f4585b-e0aa-46dc-8893-5567ac39bcdd;FRB1348;32;700057;6208333;1;24-06-2020 06:00:00 +02:00;;pH; =;9,15;pH;2
Station;49000094;PØLE Å, Ns Alsønderup Enge;32;700057;6208333;Gribskov;Region Hovedstaden;Vandløb;Poel Å;21-06-2022;1;Feltmålinger, Vandløb;Ja;Miljøstyrelsen;https://vanda.miljoeportal.dk/link/43318e9f-1c9f-4c6e-8744-154e91944aec;FRB1348;32;700057;6208333;1;21-06-2022 11:25:00 +02:00;;Salinitet; =;0,4;promille;2
Station;49000094;PØLE Å, Ns Alsønderup Enge;32;700057;6208333;Gribskov;Region Hovedstaden;Vandløb;Poel Å;18-12-2018;1;Feltmålinger, Vandløb;Ja;Miljøstyrelsen;https://vanda.miljoeportal.dk/link/c504a997-086d-4917-9042-4155ba973e21;FRB1348;32;700057;6208333;1;18-12-2018 07:10:00 +01:00;;Temperatur; =;2;grader C;2
Station;49000094;PØLE Å, Ns Alsønderup Enge;32;700057;6208333;Gribskov;Region Hovedstaden;Vandløb;Poel Å;13-12-2017;1;Feltmålinger, Vandløb;Ja;Miljøstyrelsen;https://vanda.miljoeportal.dk/link/9cd03f60-77df-48f0-905d-256fc21e5f9a;FRB1348;32;700057;6208333;1;13-12-2017 08:50:00 +01:00;;Temperatur; =;2,2;grader C;2
Station;49000094;PØLE Å, Ns Alsønderup Enge;32;700057;6208333;Gribskov;Region Hovedstaden;Vandløb;Poel Å;30-10-2023;1;Feltmålinger, Vandløb;Ja;Miljøstyrelsen;https://vanda.miljoeportal.dk/link/ade59626-fcd6-4d61-8e75-8e50bb52821d;FRB1348;32;700057;6208333;1;30-10-2023 11:04:00 +01:00;;pH; =;8,2;pH;2
Station;49000094;PØLE Å, Ns Alsønderup Enge;32;700057;6208333;Gribskov;Region Hovedstaden;Vandløb;Poel Å;13-06-2023;1;Feltmålinger, Vandløb;Ja;Miljøstyrelsen;https://vanda.miljoeportal.dk/link/0711a9c5-ee75-4287-af6e-547bd78b7775;FRB1348;32;700057;6208333;1;13-06-2023 12:35:00 +02:00;;Temperatur; =;22,8;grader C;2
Station;49000094;PØLE Å, Ns Alsønderup Enge;32;700057;6208333;Gribskov;Region Hovedstaden;Vandløb;Poel Å;09-08-2022;1;Feltmålinger, Vandløb;Ja;Miljøstyrelsen;https://vanda.miljoeportal.dk/link/70e2a836-e4c1-407e-b520-e4d8a86dc7cc;FRB1348;32;700057;6208333;1;09-08-2022 10:59:00 +02:00;;Temperatur; =;18,6;grader C;2
Station;49000094;PØLE Å, Ns Alsønderup Enge;32;700057;6208333;Gribskov;Region Hovedstaden;Vandløb;Poel Å;06-04-2016;1;Feltmålinger, Vandløb;Ja;Miljøstyrelsen;https://vanda.miljoeportal.dk/link/149e3096-6de9-4d24-ab9c-f621c5b8ad32;FRB1348;32;700057;6208333;1;06-04-2016 09:45:00 +02:00;;Temperatur; =;9,1;grader C;3
Station;49000094;PØLE Å, Ns Alsønderup Enge;32;700057;6208333;Gribskov;Region Hovedstaden;Vandløb;Poel Å;10-04-2018;1;Feltmålinger, Vandløb;Ja;Miljøstyrelsen;https://vanda.miljoeportal.dk/link/540608d0-acdc-4aa1-8355-5bf818324347;FRB1348;32;700057;6208333;1;10-04-2018 07:30:00 +02:00;;pH; =;8,8;pH;2
Station;49000094;PØLE Å, Ns Alsønderup Enge;32;700057;6208333;Gribskov;Region Hovedstaden;Vandløb;Poel Å;27-09-2023;1;Feltmålinger, Vandløb;Ja;Miljøstyrelsen;https://vanda.miljoeportal.dk/link/14b015a7-6d1a-4451-b262-887fff3022e2;FRB1348;32;700057;6208333;1;27-09-2023 08:54:00 +02:00;;Temperatur; =;15,3;grader C;2
Station;49000094;PØLE Å, Ns Alsønderup Enge;32;700057;6208333;Gribskov;Region Hovedstaden;Vandløb;Poel Å;21-12-2016;1;Feltmålinger, Vandløb;Ja;Miljøstyrelsen;https://vanda.miljoeportal.dk/link/2d5797db-3fe5-4ac6-bee2-9b2c9439aba2;FRB1348;32;700057;6208333;1;21-12-2016 08:05:00 +01:00;;pH; =;8,1;pH;3
Station;49000094;PØLE Å, Ns Alsønderup Enge;32;700057;6208333;Gribskov;Region Hovedstaden;Vandløb;Poel Å;23-02-2023;1;Feltmålinger, Vandløb;Ja;Miljøstyrelsen;https://vanda.miljoeportal.dk/link/40650c1c-0b22-4495-9a2f-5fe4d045e383;FRB1348;32;700057;6208333;1;23-02-2023 09:59:00 +01:00;;pH; =;7,25;pH;2
Station;49000094;PØLE Å, Ns Alsønderup Enge;32;700057;6208333;Gribskov;Region Hovedstaden;Vandløb;Poel Å;14-10-2014;1;Feltmålinger, Vandløb;Ja;Miljøstyrelsen;https://vanda.miljoeportal.dk/link/ccd17b7d-7e8a-46ab-bbdc-3b340ce2c038;FRB1348;32;700057;6208333;1;14-10-2014 08:45:00 +02:00;;pH; =;8;pH;3
Station;49000094;PØLE Å, Ns Alsønderup Enge;32;700057;6208333;Gribskov;Region Hovedstaden;Vandløb;Poel Å;08-11-2016;1;Feltmålinger, Vandløb;Ja;Miljøstyrelsen;https://vanda.miljoeportal.dk/link/4f357775-c33c-4fc5-b90a-dfd60842d51d;FRB1348;32;700057;6208333;1;08-11-2016 14:20:00 +01:00;;pH; =;8,3;pH;3
Station;49000094;PØLE Å, Ns Alsønderup Enge;32;700057;6208333;Gribskov;Region Hovedstaden;Vandløb;Poel Å;18-03-2019;1;Feltmålinger, Vandløb;Ja;Miljøstyrelsen;https://vanda.miljoeportal.dk/link/958fac80-fd6f-4ed7-b803-c4e63930801f;FRB1348;32;700057;6208333;1;18-03-2019 11:50:00 +01:00;;Temperatur; =;6,9;grader C;2
Station;49000094;PØLE Å, Ns Alsønderup Enge;32;700057;6208333;Gribskov;Region Hovedstaden;Vandløb;Poel Å;06-03-2018;1;Feltmålinger, Vandløb;Ja;Miljøstyrelsen;https://vanda.miljoeportal.dk/link/81c48428-69bf-4a9a-a167-5405c3af75c8;FRB1348;32;700057;6208333;1;06-03-2018 10:05:00 +01:00;;Temperatur; =;1,1;grader C;2
Station;49000094;PØLE Å, Ns Alsønderup Enge;32;700057;6208333;Gribskov;Region Hovedstaden;Vandløb;Poel Å;29-10-2014;1;Feltmålinger, Vandløb;Ja;Miljøstyrelsen;https://vanda.miljoeportal.dk/link/4db614c1-316c-42d6-9b21-39a067a25ae5;FRB1348;32;700057;6208333;1;29-10-2014 08:10:00 +01:00;;Temperatur; =;9,9;grader C;3
Station;49000094;PØLE Å, Ns Alsønderup Enge;32;700057;6208333;Gribskov;Region Hovedstaden;Vandløb;Poel Å;30-01-2018;1;Feltmålinger, Vandløb;Ja;Miljøstyrelsen;https://vanda.miljoeportal.dk/link/a1cec385-6dd1-4cff-89c1-d781a646a576;FRB1348;32;700057;6208333;1;30-01-2018 07:05:00 +01:00;;Temperatur; =;3,7;grader C;2
Station;49000094;PØLE Å, Ns Alsønderup Enge;32;700057;6208333;Gribskov;Region Hovedstaden;Vandløb;Poel Å;18-09-2019;1;Feltmålinger, Vandløb;Ja;Miljøstyrelsen;https://vanda.miljoeportal.dk/link/6b5acfa4-72a8-423b-882c-0e0b941c918f;FRB1348;32;700057;6208333;1;18-09-2019 10:15:00 +02:00;;Temperatur; =;12,1;grader C;2
Station;49000094;PØLE Å, Ns Alsønderup Enge;32;700057;6208333;Gribskov;Region Hovedstaden;Vandløb;Poel Å;20-12-2017;1;Feltmålinger, Vandløb;Ja;Miljøstyrelsen;https://vanda.miljoeportal.dk/link/199f760d-e904-4ada-bcc0-829721123863;FRB1348;32;700057;6208333;1;20-12-2017 08:15:00 +01:00;;pH; =;7,7;pH;2
Station;49000094;PØLE Å, Ns Alsønderup Enge;32;700057;6208333;Gribskov;Region Hovedstaden;Vandløb;Poel Å;12-04-2022;1;Feltmålinger, Vandløb;Ja;Miljøstyrelsen;https://vanda.miljoeportal.dk/link/fe0fdec2-4215-46d3-aa0d-ec2b75e0ee01;FRB1348;32;700057;6208333;1;12-04-2022 15:03:00 +02:00;;pH; =;9,43;pH;2
Station;49000094;PØLE Å, Ns Alsønderup Enge;32;700057;6208333;Gribskov;Region Hovedstaden;Vandløb;Poel Å;07-09-2015;1;Feltmålinger, Vandløb;Ja;Miljøstyrelsen;https://vanda.miljoeportal.dk/link/375c001f-4d42-4269-a40b-ac9ca354e582;FRB1348;32;700057;6208333;1;07-09-2015 11:10:00 +02:00;;Temperatur; =;14,6;grader C;2
Station;49000094;PØLE Å, Ns Alsønderup Enge;32;700057;6208333;Gribskov;Region Hovedstaden;Vandløb;Poel Å;26-02-2015;1;Feltmålinger, Vandløb;Ja;Miljøstyrelsen;https://vanda.miljoeportal.dk/link/ca17993e-5d78-4ab0-88a5-eab6550eb8be;FRB1348;32;700057;6208333;1;26-02-2015 09:40:00 +01:00;;pH; =;8,2;pH;2
Station;49000094;PØLE Å, Ns Alsønderup Enge;32;700057;6208333;Gribskov;Region Hovedstaden;Vandløb;Poel Å;22-12-2021;1;Feltmålinger, Vandløb;Ja;Miljøstyrelsen;https://vanda.miljoeportal.dk/link/549dbbca-0bb5-4a0e-acd4-f6bf4410a28e;FRB1348;32;700057;6208333;1;22-12-2021 15:54:00 +01:00;;Temperatur; =;2,5;grader C;2
Station;49000094;PØLE Å, Ns Alsønderup Enge;32;700057;6208333;Gribskov;Region Hovedstaden;Vandløb;Poel Å;15-08-2023;1;Feltmålinger, Vandløb;Ja;Miljøstyrelsen;https://vanda.miljoeportal.dk/link/3fc241c3-871f-4db1-8528-85a5f95d8ad0;FRB1348;32;700057;6208333;1;15-08-2023 10:14:00 +02:00;;Salinitet; =;0,2;promille;2
Station;49000094;PØLE Å, Ns Alsønderup Enge;32;700057;6208333;Gribskov;Region Hovedstaden;Vandløb;Poel Å;13-02-2023;1;Feltmålinger, Vandløb;Ja;Miljøstyrelsen;https://vanda.miljoeportal.dk/link/5dd81a36-0fca-4fe9-a04a-44c1a2b396e7;FRB1348;32;700057;6208333;1;13-02-2023 12:46:00 +01:00;;Salinitet; =;0,3;promille;2
Station;49000094;PØLE Å, Ns Alsønderup Enge;32;700057;6208333;Gribskov;Region Hovedstaden;Vandløb;Poel Å;05-12-2019;1;Feltmålinger, Vandløb;Ja;Miljøstyrelsen;https://vanda.miljoeportal.dk/link/361ecea2-acdb-4ca9-85a3-15a305af1254;FRB1348;32;700057;6208333;1;05-12-2019 12:00:00 +01:00;;Temperatur; =;5,4;grader C;2
Station;49000094;PØLE Å, Ns Alsønderup Enge;32;700057;6208333;Gribskov;Region Hovedstaden;Vandløb;Poel Å;01-06-2023;1;Feltmålinger, Vandløb;Ja;Miljøstyrelsen;https://vanda.miljoeportal.dk/link/8b7a9fcc-a45c-49a3-8a12-2e92a866a88c;FRB1348;32;700057;6208333;1;01-06-2023 10:10:00 +02:00;;pH; =;8,3;pH;2
Station;49000094;PØLE Å, Ns Alsønderup Enge;32;700057;6208333;Gribskov;Region Hovedstaden;Vandløb;Poel Å;13-11-2014;1;Feltmålinger, Vandløb;Ja;Miljøstyrelsen;https://vanda.miljoeportal.dk/link/31beedfb-1fed-404c-ba95-7c6c9ba320e5;FRB1348;32;700057;6208333;1;13-11-2014 08:15:00 +01:00;;pH; =;8,2;pH;3
Station;49000094;PØLE Å, Ns Alsønderup Enge;32;700057;6208333;Gribskov;Region Hovedstaden;Vandløb;Poel Å;12-03-2015;1;Feltmålinger, Vandløb;Ja;Miljøstyrelsen;https://vanda.miljoeportal.dk/link/93df4838-9f4c-46f6-8949-8629c21d4d57;FRB1348;32;700057;6208333;1;12-03-2015 08:15:00 +01:00;;Temperatur; =;5,9;grader C;2
Station;49000094;PØLE Å, Ns Alsønderup Enge;32;700057;6208333;Gribskov;Region Hovedstaden;Vandløb;Poel Å;18-08-2016;1;Feltmålinger, Vandløb;Ja;Miljøstyrelsen;https://vanda.miljoeportal.dk/link/e45940a0-3210-42d0-97cc-618e631f5214;FRB1348;32;700057;6208333;1;18-08-2016 08:20:00 +02:00;;Temperatur; =;17,9;grader C;3
Station;49000094;PØLE Å, Ns Alsønderup Enge;32;700057;6208333;Gribskov;Region Hovedstaden;Vandløb;Poel Å;02-03-2021;1;Feltmålinger, Vandløb;Ja;Miljøstyrelsen;https://vanda.miljoeportal.dk/link/802a8caf-48b2-456b-9ce3-ead1b925e16b;FRB1348;32;700057;6208333;1;02-03-2021 11:19:00 +01:00;;pH; =;8,28;pH;2
Station;49000094;PØLE Å, Ns Alsønderup Enge;32;700057;6208333;Gribskov;Region Hovedstaden;Vandløb;Poel Å;23-02-2023;1;Feltmålinger, Vandløb;Ja;Miljøstyrelsen;https://vanda.miljoeportal.dk/link/40650c1c-0b22-4495-9a2f-5fe4d045e383;FRB1348;32;700057;6208333;1;23-02-2023 09:59:00 +01:00;;Salinitet; =;0,3;promille;2
Station;49000094;PØLE Å, Ns Alsønderup Enge;32;700057;6208333;Gribskov;Region Hovedstaden;Vandløb;Poel Å;25-08-2021;1;Feltmålinger, Vandløb;Ja;Miljøstyrelsen;https://vanda.miljoeportal.dk/link/44fb8e66-b237-4ffa-86cc-2eebbf5534f2;FRB1348;32;700057;6208333;1;25-08-2021 14:37:00 +02:00;;Temperatur; =;18,7;grader C;2
Station;49000094;PØLE Å, Ns Alsønderup Enge;32;700057;6208333;Gribskov;Region Hovedstaden;Vandløb;Poel Å;13-02-2023;1;Feltmålinger, Vandløb;Ja;Miljøstyrelsen;https://vanda.miljoeportal.dk/link/5dd81a36-0fca-4fe9-a04a-44c1a2b396e7;FRB1348;32;700057;6208333;1;13-02-2023 12:46:00 +01:00;;Temperatur; =;5;grader C;2
Station;49000094;PØLE Å, Ns Alsønderup Enge;32;700057;6208333;Gribskov;Region Hovedstaden;Vandløb;Poel Å;21-02-2017;1;Feltmålinger, Vandløb;Ja;Miljøstyrelsen;https://vanda.miljoeportal.dk/link/2c8170fc-be0d-4bcd-a433-703367fb933a;FRB1348;32;700057;6208333;1;21-02-2017 13:40:00 +01:00;;pH; =;8,5;pH;2
Station;49000094;PØLE Å, Ns Alsønderup Enge;32;700057;6208333;Gribskov;Region Hovedstaden;Vandløb;Poel Å;23-02-2023;1;Feltmålinger, Vandløb;Ja;Miljøstyrelsen;https://vanda.miljoeportal.dk/link/40650c1c-0b22-4495-9a2f-5fe4d045e383;FRB1348;32;700057;6208333;1;23-02-2023 09:59:00 +01:00;;Temperatur; =;3,8;grader C;2
Station;49000094;PØLE Å, Ns Alsønderup Enge;32;700057;6208333;Gribskov;Region Hovedstaden;Vandløb;Poel Å;22-06-2015;1;Feltmålinger, Vandløb;Ja;Miljøstyrelsen;https://vanda.miljoeportal.dk/link/c1653706-4d9a-47f0-bfd2-aa0ee4fb4af2;FRB1348;32;700057;6208333;1;22-06-2015 11:05:00 +02:00;;pH; =;8,7;pH;2
Station;49000094;PØLE Å, Ns Alsønderup Enge;32;700057;6208333;Gribskov;Region Hovedstaden;Vandløb;Poel Å;14-12-2015;1;Feltmålinger, Vandløb;Ja;Miljøstyrelsen;https://vanda.miljoeportal.dk/link/5f5a99f3-3b4e-4cf2-ab40-283221e99d70;FRB1348;32;700057;6208333;1;14-12-2015 07:30:00 +01:00;;Temperatur; =;3,4;grader C;2
Station;49000094;PØLE Å, Ns Alsønderup Enge;32;700057;6208333;Gribskov;Region Hovedstaden;Vandløb;Poel Å;20-01-2021;1;Feltmålinger, Vandløb;Ja;Miljøstyrelsen;https://vanda.miljoeportal.dk/link/c25b8c70-1d1f-4b17-bf23-134b9ff19668;FRB1348;32;700057;6208333;1;20-01-2021 12:07:00 +01:00;;Temperatur; =;2,4;grader C;2
Station;49000094;PØLE Å, Ns Alsønderup Enge;32;700057;6208333;Gribskov;Region Hovedstaden;Vandløb;Poel Å;22-12-2021;1;Feltmålinger, Vandløb;Ja;Miljøstyrelsen;https://vanda.miljoeportal.dk/link/549dbbca-0bb5-4a0e-acd4-f6bf4410a28e;FRB1348;32;700057;6208333;1;22-12-2021 15:54:00 +01:00;;pH; =;8,54;pH;2
Station;49000094;PØLE Å, Ns Alsønderup Enge;32;700057;6208333;Gribskov;Region Hovedstaden;Vandløb;Poel Å;07-12-2016;1;Feltmålinger, Vandløb;Ja;Miljøstyrelsen;https://vanda.miljoeportal.dk/link/31aa4ad0-0674-4bf6-8ca7-c22f8d7fe70a;FRB1348;32;700057;6208333;1;07-12-2016 07:55:00 +01:00;;Temperatur; =;3;grader C;3
Station;49000094;PØLE Å, Ns Alsønderup Enge;32;700057;6208333;Gribskov;Region Hovedstaden;Vandløb;Poel Å;20-04-2016;1;Feltmålinger, Vandløb;Ja;Miljøstyrelsen;https://vanda.miljoeportal.dk/link/ef137f82-2e48-4f61-8a13-6ef716bd5505;FRB1348;32;700057;6208333;1;20-04-2016 08:30:00 +02:00;;pH; =;8,9;pH;3
Station;49000094;PØLE Å, Ns Alsønderup Enge;32;700057;6208333;Gribskov;Region Hovedstaden;Vandløb;Poel Å;02-10-2017;1;Feltmålinger, Vandløb;Ja;Miljøstyrelsen;https://vanda.miljoeportal.dk/link/5186e2f7-59f6-48ea-9cda-d05cf29a3e6a;FRB1348;32;700057;6208333;1;02-10-2017 08:45:00 +02:00;;Temperatur; =;12,4;grader C;2
Station;49000094;PØLE Å, Ns Alsønderup Enge;32;700057;6208333;Gribskov;Region Hovedstaden;Vandløb;Poel Å;23-01-2017;1;Feltmålinger, Vandløb;Ja;Miljøstyrelsen;https://vanda.miljoeportal.dk/link/ebebc84c-a80a-4e4b-8a02-36b638506c55;FRB1348;32;700057;6208333;1;23-01-2017 09:30:00 +01:00;;Temperatur; =;2,3;grader C;2
Station;49000094;PØLE Å, Ns Alsønderup Enge;32;700057;6208333;Gribskov;Region Hovedstaden;Vandløb;Poel Å;26-03-2020;1;Feltmålinger, Vandløb;Ja;Miljøstyrelsen;https://vanda.miljoeportal.dk/link/764b1730-ba99-4fc6-b9cb-1e6d4da87920;FRB1348;32;700057;6208333;1;26-03-2020 11:45:00 +01:00;;pH; =;9;pH;2
Station;49000094;PØLE Å, Ns Alsønderup Enge;32;700057;6208333;Gribskov;Region Hovedstaden;Vandløb;Poel Å;12-09-2023;1;Feltmålinger, Vandløb;Ja;Miljøstyrelsen;https://vanda.miljoeportal.dk/link/32dc4965-d031-452a-9660-419bd389be02;FRB1348;32;700057;6208333;1;12-09-2023 12:19:00 +02:00;;pH; =;7,95;pH;2
Station;49000094;PØLE Å, Ns Alsønderup Enge;32;700057;6208333;Gribskov;Region Hovedstaden;Vandløb;Poel Å;06-04-2017;1;Feltmålinger, Vandløb;Ja;Miljøstyrelsen;https://vanda.miljoeportal.dk/link/d8710951-e1c2-4db6-b3b6-c71dc9568582;FRB1348;32;700057;6208333;1;06-04-2017 08:05:00 +02:00;;Temperatur; =;9,8;grader C;2
Station;49000094;PØLE Å, Ns Alsønderup Enge;32;700057;6208333;Gribskov;Region Hovedstaden;Vandløb;Poel Å;16-08-2019;1;Feltmålinger, Vandløb;Ja;Miljøstyrelsen;https://vanda.miljoeportal.dk/link/98a232b4-078a-45c7-a202-d108ef8ddf37;FRB1348;32;700057;6208333;1;16-08-2019 06:45:00 +02:00;;pH; =;9;pH;2
Station;49000094;PØLE Å, Ns Alsønderup Enge;32;700057;6208333;Gribskov;Region Hovedstaden;Vandløb;Poel Å;27-02-2020;1;Feltmålinger, Vandløb;Ja;Miljøstyrelsen;https://vanda.miljoeportal.dk/link/39dfc804-d4a2-4a70-8243-41588e7f72a5;FRB1348;32;700057;6208333;1;27-02-2020 16:25:00 +01:00;;pH; =;8,3;pH;2
Station;49000094;PØLE Å, Ns Alsønderup Enge;32;700057;6208333;Gribskov;Region Hovedstaden;Vandløb;Poel Å;23-11-2016;1;Feltmålinger, Vandløb;Ja;Miljøstyrelsen;https://vanda.miljoeportal.dk/link/c0c2935f-35e0-4d9e-a7f9-ca0e218802a7;FRB1348;32;700057;6208333;1;23-11-2016 08:15:00 +01:00;;Temperatur; =;5,1;grader C;3
Station;49000094;PØLE Å, Ns Alsønderup Enge;32;700057;6208333;Gribskov;Region Hovedstaden;Vandløb;Poel Å;30-03-2016;1;Feltmålinger, Vandløb;Ja;Miljøstyrelsen;https://vanda.miljoeportal.dk/link/2a28a3c1-fe8e-4076-94fd-aa50262694ae;FRB1348;32;700057;6208333;1;30-03-2016 08:50:00 +02:00;;pH; =;9;pH;3
Station;49000094;PØLE Å, Ns Alsønderup Enge;32;700057;6208333;Gribskov;Region Hovedstaden;Vandløb;Poel Å;29-03-2023;1;Feltmålinger, Vandløb;Ja;Miljøstyrelsen;https://vanda.miljoeportal.dk/link/275e763b-0d64-48e8-824e-d509bd260a72;FRB1348;32;700057;6208333;1;29-03-2023 12:06:00 +02:00;;Temperatur; =;5,1;grader C;2
Station;49000094;PØLE Å, Ns Alsønderup Enge;32;700057;6208333;Gribskov;Region Hovedstaden;Vandløb;Poel Å;18-09-2017;1;Feltmålinger, Vandløb;Ja;Miljøstyrelsen;https://vanda.miljoeportal.dk/link/bbfbba9e-0600-4aa0-894c-99a281231795;FRB1348;32;700057;6208333;1;18-09-2017 08:10:00 +02:00;;Temperatur; =;12,2;grader C;2
Station;49000094;PØLE Å, Ns Alsønderup Enge;32;700057;6208333;Gribskov;Region Hovedstaden;Vandløb;Poel Å;13-11-2014;1;Feltmålinger, Vandløb;Ja;Miljøstyrelsen;https://vanda.miljoeportal.dk/link/31beedfb-1fed-404c-ba95-7c6c9ba320e5;FRB1348;32;700057;6208333;1;13-11-2014 08:15:00 +01:00;;Temperatur; =;9,3;grader C;3
Station;49000094;PØLE Å, Ns Alsønderup Enge;32;700057;6208333;Gribskov;Region Hovedstaden;Vandløb;Poel Å;15-07-2021;1;Feltmålinger, Vandløb;Ja;Miljøstyrelsen;https://vanda.miljoeportal.dk/link/e65f693c-53c4-4549-9526-bf50e51d1dd1;FRB1348;32;700057;6208333;1;15-07-2021 11:20:00 +02:00;;pH; =;8,97;pH;2
Station;49000094;PØLE Å, Ns Alsønderup Enge;32;700057;6208333;Gribskov;Region Hovedstaden;Vandløb;Poel Å;09-08-2022;1;Feltmålinger, Vandløb;Ja;Miljøstyrelsen;https://vanda.miljoeportal.dk/link/70e2a836-e4c1-407e-b520-e4d8a86dc7cc;FRB1348;32;700057;6208333;1;09-08-2022 10:59:00 +02:00;;pH; =;8,69;pH;2
Station;49000094;PØLE Å, Ns Alsønderup Enge;32;700057;6208333;Gribskov;Region Hovedstaden;Vandløb;Poel Å;11-11-2021;1;Feltmålinger, Vandløb;Ja;Miljøstyrelsen;https://vanda.miljoeportal.dk/link/bd0d799b-5918-4ba9-a34b-f776561419e8;FRB1348;32;700057;6208333;1;11-11-2021 14:13:00 +01:00;;Temperatur; =;9,1;grader C;2
Station;49000094;PØLE Å, Ns Alsønderup Enge;32;700057;6208333;Gribskov;Region Hovedstaden;Vandløb;Poel Å;15-06-2017;1;Feltmålinger, Vandløb;Ja;Miljøstyrelsen;https://vanda.miljoeportal.dk/link/5bcaa31d-6665-4579-86fc-4083c3053861;FRB1348;32;700057;6208333;1;15-06-2017 07:50:00 +02:00;;Temperatur; =;19,7;grader C;2
Station;49000094;PØLE Å, Ns Alsønderup Enge;32;700057;6208333;Gribskov;Region Hovedstaden;Vandløb;Poel Å;29-10-2019;1;Feltmålinger, Vandløb;Ja;Miljøstyrelsen;https://vanda.miljoeportal.dk/link/001415fd-35bc-4558-8ee4-c5d9ac88d7c9;FRB1348;32;700057;6208333;1;29-10-2019 15:00:00 +01:00;;pH; =;8,3;pH;2
Station;49000094;PØLE Å, Ns Alsønderup Enge;32;700057;6208333;Gribskov;Region Hovedstaden;Vandløb;Poel Å;25-10-2022;1;Feltmålinger, Vandløb;Ja;Miljøstyrelsen;https://vanda.miljoeportal.dk/link/6012178a-9862-42d3-a395-402f6f6f26db;FRB1348;32;700057;6208333;1;25-10-2022 12:05:00 +02:00;;pH; =;8,424;pH;2
Station;49000094;PØLE Å, Ns Alsønderup Enge;32;700057;6208333;Gribskov;Region Hovedstaden;Vandløb;Poel Å;25-06-2018;1;Feltmålinger, Vandløb;Ja;Miljøstyrelsen;https://vanda.miljoeportal.dk/link/a91d55bb-3ed3-407d-bca6-77863508a87c;FRB1348;32;700057;6208333;1;25-06-2018 07:30:00 +02:00;;pH; =;8;pH;2
Station;49000094;PØLE Å, Ns Alsønderup Enge;32;700057;6208333;Gribskov;Region Hovedstaden;Vandløb;Poel Å;20-10-2021;1;Feltmålinger, Vandløb;Ja;Miljøstyrelsen;https://vanda.miljoeportal.dk/link/1d53c3a9-2408-4ac8-9e75-7b70bdab56cc;FRB1348;32;700057;6208333;1;20-10-2021 14:00:00 +02:00;;pH; =;8,84;pH;2
Station;49000094;PØLE Å, Ns Alsønderup Enge;32;700057;6208333;Gribskov;Region Hovedstaden;Vandløb;Poel Å;05-12-2019;1;Feltmålinger, Vandløb;Ja;Miljøstyrelsen;https://vanda.miljoeportal.dk/link/361ecea2-acdb-4ca9-85a3-15a305af1254;FRB1348;32;700057;6208333;1;05-12-2019 12:00:00 +01:00;;pH; =;8,3;pH;2
Station;49000094;PØLE Å, Ns Alsønderup Enge;32;700057;6208333;Gribskov;Region Hovedstaden;Vandløb;Poel Å;28-03-2022;1;Feltmålinger, Vandløb;Ja;Miljøstyrelsen;https://vanda.miljoeportal.dk/link/34c44a3b-e310-456d-95aa-3d83a81b9620;FRB1348;32;700057;6208333;1;28-03-2022 09:24:00 +02:00;;pH; =;9,39;pH;2
Station;49000094;PØLE Å, Ns Alsønderup Enge;32;700057;6208333;Gribskov;Region Hovedstaden;Vandløb;Poel Å;08-07-2015;1;Feltmålinger, Vandløb;Ja;Miljøstyrelsen;https://vanda.miljoeportal.dk/link/9374bc06-35ce-46b5-bf79-a4257d1c340c;FRB1348;32;700057;6208333;1;08-07-2015 11:30:00 +02:00;;pH; =;8,2;pH;2
Station;49000094;PØLE Å, Ns Alsønderup Enge;32;700057;6208333;Gribskov;Region Hovedstaden;Vandløb;Poel Å;26-02-2015;1;Feltmålinger, Vandløb;Ja;Miljøstyrelsen;https://vanda.miljoeportal.dk/link/ca17993e-5d78-4ab0-88a5-eab6550eb8be;FRB1348;32;700057;6208333;1;26-02-2015 09:40:00 +01:00;;Temperatur; =;2,8;grader C;2
Station;49000094;PØLE Å, Ns Alsønderup Enge;32;700057;6208333;Gribskov;Region Hovedstaden;Vandløb;Poel Å;21-03-2018;1;Feltmålinger, Vandløb;Ja;Miljøstyrelsen;https://vanda.miljoeportal.dk/link/35bd9c89-67e5-44cd-9580-63f1cdc40334;FRB1348;32;700057;6208333;1;21-03-2018 09:35:00 +01:00;;Temperatur; =;3,5;grader C;2
Station;49000094;PØLE Å, Ns Alsønderup Enge;32;700057;6208333;Gribskov;Region Hovedstaden;Vandløb;Poel Å;07-11-2017;1;Feltmålinger, Vandløb;Ja;Miljøstyrelsen;https://vanda.miljoeportal.dk/link/e0cf03c7-da29-44a3-9b30-50de79bd3691;FRB1348;32;700057;6208333;1;07-11-2017 08:35:00 +01:00;;Temperatur; =;6,7;grader C;2
Station;49000094;PØLE Å, Ns Alsønderup Enge;32;700057;6208333;Gribskov;Region Hovedstaden;Vandløb;Poel Å;31-05-2018;1;Feltmålinger, Vandløb;Ja;Miljøstyrelsen;https://vanda.miljoeportal.dk/link/2c4f40ff-9eb2-4777-9cf2-3d3c1b04848c;FRB1348;32;700057;6208333;1;31-05-2018 14:59:00 +02:00;;Temperatur; =;21,1;grader C;2
Station;49000094;PØLE Å, Ns Alsønderup Enge;32;700057;6208333;Gribskov;Region Hovedstaden;Vandløb;Poel Å;23-07-2015;1;Feltmålinger, Vandløb;Ja;Miljøstyrelsen;https://vanda.miljoeportal.dk/link/ab6f2de7-ebb7-4b12-bf96-aef23ffeb664;FRB1348;32;700057;6208333;1;23-07-2015 09:55:00 +02:00;;pH; =;8,9;pH;2
Station;49000094;PØLE Å, Ns Alsønderup Enge;32;700057;6208333;Gribskov;Region Hovedstaden;Vandløb;Poel Å;22-12-2022;1;Feltmålinger, Vandløb;Ja;Miljøstyrelsen;https://vanda.miljoeportal.dk/link/39ab4d40-9a38-4ad0-b5ac-240b49bc9825;FRB1348;32;700057;6208333;1;22-12-2022 13:35:00 +01:00;;Salinitet; =;0,4;promille;2
Station;49000094;PØLE Å, Ns Alsønderup Enge;32;700057;6208333;Gribskov;Region Hovedstaden;Vandløb;Poel Å;18-04-2018;1;Feltmålinger, Vandløb;Ja;Miljøstyrelsen;https://vanda.miljoeportal.dk/link/b516f9ea-d51a-42b7-8428-ee0568459621;FRB1348;32;700057;6208333;1;18-04-2018 07:40:00 +02:00;;pH; =;8,6;pH;2
Station;49000094;PØLE Å, Ns Alsønderup Enge;32;700057;6208333;Gribskov;Region Hovedstaden;Vandløb;Poel Å;06-05-2019;1;Feltmålinger, Vandløb;Ja;Miljøstyrelsen;https://vanda.miljoeportal.dk/link/a98bebac-1698-4376-b264-7fd13e1deea7;FRB1348;32;700057;6208333;1;06-05-2019 12:30:00 +02:00;;Temperatur; =;13,1;grader C;2
Station;49000094;PØLE Å, Ns Alsønderup Enge;32;700057;6208333;Gribskov;Region Hovedstaden;Vandløb;Poel Å;16-08-2017;1;Feltmålinger, Vandløb;Ja;Miljøstyrelsen;https://vanda.miljoeportal.dk/link/362f542c-661a-4393-8db1-4e76d5db8b4b;FRB1348;32;700057;6208333;1;16-08-2017 07:20:00 +02:00;;pH; =;9;pH;2
Station;49000094;PØLE Å, Ns Alsønderup Enge;32;700057;6208333;Gribskov;Region Hovedstaden;Vandløb;Poel Å;25-03-2015;1;Feltmålinger, Vandløb;Ja;Miljøstyrelsen;https://vanda.miljoeportal.dk/link/982e6815-edd1-4bb1-8bba-559ec20646a3;FRB1348;32;700057;6208333;1;25-03-2015 09:25:00 +01:00;;Temperatur; =;6;grader C;2
Station;49000094;PØLE Å, Ns Alsønderup Enge;32;700057;6208333;Gribskov;Region Hovedstaden;Vandløb;Poel Å;09-03-2023;1;Feltmålinger, Vandløb;Ja;Miljøstyrelsen;https://vanda.miljoeportal.dk/link/9a449d9e-44a4-4941-9480-a51d70bfd314;FRB1348;32;700057;6208333;1;09-03-2023 12:05:00 +01:00;;Salinitet; =;0,3;promille;2
Station;49000094;PØLE Å, Ns Alsønderup Enge;32;700057;6208333;Gribskov;Region Hovedstaden;Vandløb;Poel Å;16-01-2023;1;Feltmålinger, Vandløb;Ja;Miljøstyrelsen;https://vanda.miljoeportal.dk/link/aaf3a787-3f2a-4cfe-8f01-a38a398c4fb2;FRB1348;32;700057;6208333;1;16-01-2023 10:52:00 +01:00;;Salinitet; =;0,2;promille;2
Station;49000094;PØLE Å, Ns Alsønderup Enge;32;700057;6208333;Gribskov;Region Hovedstaden;Vandløb;Poel Å;14-09-2020;1;Feltmålinger, Vandløb;Ja;Miljøstyrelsen;https://vanda.miljoeportal.dk/link/9895c089-63ef-4f85-a6f7-5994f8865e8c;FRB1348;32;700057;6208333;1;14-09-2020 15:07:00 +02:00;;Temperatur; =;18,7;grader C;2
Station;49000094;PØLE Å, Ns Alsønderup Enge;32;700057;6208333;Gribskov;Region Hovedstaden;Vandløb;Poel Å;03-09-2015;1;Feltmålinger, Vandløb;Ja;Miljøstyrelsen;https://vanda.miljoeportal.dk/link/9ae4cb1b-afd8-404b-9c15-bc9b859b297a;FRB1348;32;700057;6208333;1;03-09-2015 11:15:00 +02:00;;pH; =;8,4;pH;2
Station;49000094;PØLE Å, Ns Alsønderup Enge;32;700057;6208333;Gribskov;Region Hovedstaden;Vandløb;Poel Å;26-09-2017;1;Feltmålinger, Vandløb;Ja;Miljøstyrelsen;https://vanda.miljoeportal.dk/link/9c749da0-57b3-4c54-bcee-63f176ceb305;FRB1348;32;700057;6208333;1;26-09-2017 08:10:00 +02:00;;Temperatur; =;15,1;grader C;2
Station;49000094;PØLE Å, Ns Alsønderup Enge;32;700057;6208333;Gribskov;Region Hovedstaden;Vandløb;Poel Å;15-08-2023;1;Feltmålinger, Vandløb;Ja;Miljøstyrelsen;https://vanda.miljoeportal.dk/link/3fc241c3-871f-4db1-8528-85a5f95d8ad0;FRB1348;32;700057;6208333;1;15-08-2023 10:14:00 +02:00;;pH; =;8,37;pH;2
Station;49000094;PØLE Å, Ns Alsønderup Enge;32;700057;6208333;Gribskov;Region Hovedstaden;Vandløb;Poel Å;26-05-2016;1;Feltmålinger, Vandløb;Ja;Miljøstyrelsen;https://vanda.miljoeportal.dk/link/b09d7a5f-041b-47d7-b9bb-bb381c43a8cb;FRB1348;32;700057;6208333;1;26-05-2016 08:15:00 +02:00;;pH; =;8,6;pH;3
Station;49000094;PØLE Å, Ns Alsønderup Enge;32;700057;6208333;Gribskov;Region Hovedstaden;Vandløb;Poel Å;29-09-2015;1;Feltmålinger, Vandløb;Ja;Miljøstyrelsen;https://vanda.miljoeportal.dk/link/022adadf-b3e9-4251-873c-53df6c57b567;FRB1348;32;700057;6208333;1;29-09-2015 11:15:00 +02:00;;Temperatur; =;14,7;grader C;2
Station;49000094;PØLE Å, Ns Alsønderup Enge;32;700057;6208333;Gribskov;Region Hovedstaden;Vandløb;Poel Å;04-03-2022;1;Feltmålinger, Vandløb;Ja;Miljøstyrelsen;https://vanda.miljoeportal.dk/link/9daafd65-9cc0-49c2-83ae-48dfb615f591;FRB1348;32;700057;6208333;1;04-03-2022 11:10:00 +01:00;;pH; =;8,47;pH;2
Station;49000094;PØLE Å, Ns Alsønderup Enge;32;700057;6208333;Gribskov;Region Hovedstaden;Vandløb;Poel Å;13-09-2016;1;Feltmålinger, Vandløb;Ja;Miljøstyrelsen;https://vanda.miljoeportal.dk/link/b5860709-5e0f-4719-aba7-d9cbc5ad8a90;FRB1348;32;700057;6208333;1;13-09-2016 07:55:00 +02:00;;Temperatur; =;19;grader C;3
Station;49000094;PØLE Å, Ns Alsønderup Enge;32;700057;6208333;Gribskov;Region Hovedstaden;Vandløb;Poel Å;04-07-2019;1;Feltmålinger, Vandløb;Ja;Miljøstyrelsen;https://vanda.miljoeportal.dk/link/fbbe28d4-e9ab-4ffc-ab1a-891786eb4547;FRB1348;32;700057;6208333;1;04-07-2019 10:20:00 +02:00;;Temperatur; =;15,2;grader C;2
Station;49000094;PØLE Å, Ns Alsønderup Enge;32;700057;6208333;Gribskov;Region Hovedstaden;Vandløb;Poel Å;12-09-2018;1;Feltmålinger, Vandløb;Ja;Miljøstyrelsen;https://vanda.miljoeportal.dk/link/609764b1-8c20-404d-aa7e-793635590e64;FRB1348;32;700057;6208333;1;12-09-2018 07:35:00 +02:00;;Temperatur; =;13,8;grader C;2
Station;49000094;PØLE Å, Ns Alsønderup Enge;32;700057;6208333;Gribskov;Region Hovedstaden;Vandløb;Poel Å;14-01-2016;1;Feltmålinger, Vandløb;Ja;Miljøstyrelsen;https://vanda.miljoeportal.dk/link/ef082f2c-d502-4cb8-a95d-813dbbe5bef2;FRB1348;32;700057;6208333;1;14-01-2016 10:45:00 +01:00;;pH; =;8,1;pH;3
Station;49000094;PØLE Å, Ns Alsønderup Enge;32;700057;6208333;Gribskov;Region Hovedstaden;Vandløb;Poel Å;04-04-2019;1;Feltmålinger, Vandløb;Ja;Miljøstyrelsen;https://vanda.miljoeportal.dk/link/eaa34c44-03a3-43fd-8e64-ad1372022bad;FRB1348;32;700057;6208333;1;04-04-2019 13:45:00 +02:00;;pH; =;9,4;pH;2
Station;49000094;PØLE Å, Ns Alsønderup Enge;32;700057;6208333;Gribskov;Region Hovedstaden;Vandløb;Poel Å;22-06-2015;1;Feltmålinger, Vandløb;Ja;Miljøstyrelsen;https://vanda.miljoeportal.dk/link/c1653706-4d9a-47f0-bfd2-aa0ee4fb4af2;FRB1348;32;700057;6208333;1;22-06-2015 11:05:00 +02:00;;Temperatur; =;15,5;grader C;2
Station;49000094;PØLE Å, Ns Alsønderup Enge;32;700057;6208333;Gribskov;Region Hovedstaden;Vandløb;Poel Å;27-02-2018;1;Feltmålinger, Vandløb;Ja;Miljøstyrelsen;https://vanda.miljoeportal.dk/link/776e798b-64fb-442b-b651-78c8a192478b;FRB1348;32;700057;6208333;1;27-02-2018 07:50:00 +01:00;;Temperatur; =;1,2;grader C;2
Station;49000094;PØLE Å, Ns Alsønderup Enge;32;700057;6208333;Gribskov;Region Hovedstaden;Vandløb;Poel Å;14-01-2015;1;Feltmålinger, Vandløb;Ja;Miljøstyrelsen;https://vanda.miljoeportal.dk/link/5db4e3d7-5673-44d0-879d-dd95665bb3c7;FRB1348;32;700057;6208333;1;14-01-2015 12:50:00 +01:00;;Temperatur; =;5;grader C;2
Station;49000094;PØLE Å, Ns Alsønderup Enge;32;700057;6208333;Gribskov;Region Hovedstaden;Vandløb;Poel Å;30-08-2017;1;Feltmålinger, Vandløb;Ja;Miljøstyrelsen;https://vanda.miljoeportal.dk/link/715aa743-0862-4496-813f-80b22dc196b5;FRB1348;32;700057;6208333;1;30-08-2017 07:35:00 +02:00;;pH; =;7,9;pH;2
Station;49000094;PØLE Å, Ns Alsønderup Enge;32;700057;6208333;Gribskov;Region Hovedstaden;Vandløb;Poel Å;09-03-2017;1;Feltmålinger, Vandløb;Ja;Miljøstyrelsen;https://vanda.miljoeportal.dk/link/b409665c-73b1-4275-a79e-2997db116373;FRB1348;32;700057;6208333;1;09-03-2017 08:10:00 +01:00;;Temperatur; =;3,7;grader C;2
Station;49000094;PØLE Å, Ns Alsønderup Enge;32;700057;6208333;Gribskov;Region Hovedstaden;Vandløb;Poel Å;16-08-2019;1;Feltmålinger, Vandløb;Ja;Miljøstyrelsen;https://vanda.miljoeportal.dk/link/98a232b4-078a-45c7-a202-d108ef8ddf37;FRB1348;32;700057;6208333;1;16-08-2019 06:45:00 +02:00;;Temperatur; =;18,2;grader C;2
Station;49000094;PØLE Å, Ns Alsønderup Enge;32;700057;6208333;Gribskov;Region Hovedstaden;Vandløb;Poel Å;09-08-2022;1;Feltmålinger, Vandløb;Ja;Miljøstyrelsen;https://vanda.miljoeportal.dk/link/70e2a836-e4c1-407e-b520-e4d8a86dc7cc;FRB1348;32;700057;6208333;1;09-08-2022 10:59:00 +02:00;;Salinitet; =;0,4;promille;2
Station;49000094;PØLE Å, Ns Alsønderup Enge;32;700057;6208333;Gribskov;Region Hovedstaden;Vandløb;Poel Å;19-02-2015;1;Feltmålinger, Vandløb;Ja;Miljøstyrelsen;https://vanda.miljoeportal.dk/link/1ce297a0-3f4b-4763-98f3-3c5e71ddbef4;FRB1348;32;700057;6208333;1;19-02-2015 13:40:00 +01:00;;pH; =;8,2;pH;2
Station;49000094;PØLE Å, Ns Alsønderup Enge;32;700057;6208333;Gribskov;Region Hovedstaden;Vandløb;Poel Å;14-06-2018;1;Feltmålinger, Vandløb;Ja;Miljøstyrelsen;https://vanda.miljoeportal.dk/link/677a8829-de49-4664-9d19-f6919422aa73;FRB1348;32;700057;6208333;1;14-06-2018 08:15:00 +02:00;;pH; =;7,6;pH;2
Station;49000094;PØLE Å, Ns Alsønderup Enge;32;700057;6208333;Gribskov;Region Hovedstaden;Vandløb;Poel Å;29-11-2019;1;Feltmålinger, Vandløb;Ja;Miljøstyrelsen;https://vanda.miljoeportal.dk/link/4494dd8e-9099-409b-b0e6-7bf1d1e7997f;FRB1348;32;700057;6208333;1;29-11-2019 13:20:00 +01:00;;Temperatur; =;5,5;grader C;2
Station;49000094;PØLE Å, Ns Alsønderup Enge;32;700057;6208333;Gribskov;Region Hovedstaden;Vandløb;Poel Å;02-11-2022;1;Feltmålinger, Vandløb;Ja;Miljøstyrelsen;https://vanda.miljoeportal.dk/link/854f7855-3133-471e-8646-b180f26a787a;FRB1348;32;700057;6208333;1;02-11-2022 13:00:00 +01:00;;pH; =;8,48;pH;2
Station;49000094;PØLE Å, Ns Alsønderup Enge;32;700057;6208333;Gribskov;Region Hovedstaden;Vandløb;Poel Å;08-07-2015;1;Feltmålinger, Vandløb;Ja;Miljøstyrelsen;https://vanda.miljoeportal.dk/link/9374bc06-35ce-46b5-bf79-a4257d1c340c;FRB1348;32;700057;6208333;1;08-07-2015 11:30:00 +02:00;;Temperatur; =;20,4;grader C;2
Station;49000094;PØLE Å, Ns Alsønderup Enge;32;700057;6208333;Gribskov;Region Hovedstaden;Vandløb;Poel Å;13-12-2017;1;Feltmålinger, Vandløb;Ja;Miljøstyrelsen;https://vanda.miljoeportal.dk/link/9cd03f60-77df-48f0-905d-256fc21e5f9a;FRB1348;32;700057;6208333;1;13-12-2017 08:50:00 +01:00;;pH; =;8,4;pH;2
Station;49000094;PØLE Å, Ns Alsønderup Enge;32;700057;6208333;Gribskov;Region Hovedstaden;Vandløb;Poel Å;03-08-2016;1;Feltmålinger, Vandløb;Ja;Miljøstyrelsen;https://vanda.miljoeportal.dk/link/f93992cf-e0a5-4c8f-9653-ec214eeef946;FRB1348;32;700057;6208333;1;03-08-2016 09:30:00 +02:00;;Temperatur; =;19,9;grader C;3
Station;49000094;PØLE Å, Ns Alsønderup Enge;32;700057;6208333;Gribskov;Region Hovedstaden;Vandløb;Poel Å;15-11-2016;1;Feltmålinger, Vandløb;Ja;Miljøstyrelsen;https://vanda.miljoeportal.dk/link/164f10b2-f8d5-4487-8ac1-ae8edb0df05b;FRB1348;32;700057;6208333;1;15-11-2016 08:05:00 +01:00;;pH; =;8,3;pH;3
Station;49000094;PØLE Å, Ns Alsønderup Enge;32;700057;6208333;Gribskov;Region Hovedstaden;Vandløb;Poel Å;04-04-2019;1;Feltmålinger, Vandløb;Ja;Miljøstyrelsen;https://vanda.miljoeportal.dk/link/eaa34c44-03a3-43fd-8e64-ad1372022bad;FRB1348;32;700057;6208333;1;04-04-2019 13:45:00 +02:00;;Temperatur; =;12,7;grader C;2
Station;49000094;PØLE Å, Ns Alsønderup Enge;32;700057;6208333;Gribskov;Region Hovedstaden;Vandløb;Poel Å;16-06-2021;1;Feltmålinger, Vandløb;Ja;Miljøstyrelsen;https://vanda.miljoeportal.dk/link/a2c83ffc-10bf-4f8e-bb21-beb34101bfe1;FRB1348;32;700057;6208333;1;16-06-2021 12:52:00 +02:00;;Temperatur; =;21,2;grader C;2
Station;49000094;PØLE Å, Ns Alsønderup Enge;32;700057;6208333;Gribskov;Region Hovedstaden;Vandløb;Poel Å;04-12-2014;1;Feltmålinger, Vandløb;Ja;Miljøstyrelsen;https://vanda.miljoeportal.dk/link/34206324-6ebb-4224-8911-1c3b96de0fdf;FRB1348;32;700057;6208333;1;04-12-2014 08:05:00 +01:00;;pH; =;8,3;pH;3
Station;49000094;PØLE Å, Ns Alsønderup Enge;32;700057;6208333;Gribskov;Region Hovedstaden;Vandløb;Poel Å;22-03-2021;1;Feltmålinger, Vandløb;Ja;Miljøstyrelsen;https://vanda.miljoeportal.dk/link/8525552d-a528-499d-8b64-36a3bf11943a;FRB1348;32;700057;6208333;1;22-03-2021 15:12:00 +01:00;;pH; =;9,26;pH;2
Station;49000094;PØLE Å, Ns Alsønderup Enge;32;700057;6208333;Gribskov;Region Hovedstaden;Vandløb;Poel Å;06-07-2016;1;Feltmålinger, Vandløb;Ja;Miljøstyrelsen;https://vanda.miljoeportal.dk/link/5a3f0607-67c5-4f22-9291-b4fab822fc77;FRB1348;32;700057;6208333;1;06-07-2016 16:22:00 +02:00;;Temperatur; =;18,9;grader C;3
Station;49000094;PØLE Å, Ns Alsønderup Enge;32;700057;6208333;Gribskov;Region Hovedstaden;Vandløb;Poel Å;08-12-2021;1;Feltmålinger, Vandløb;Ja;Miljøstyrelsen;https://vanda.miljoeportal.dk/link/98dc6f6a-ef22-40cd-a426-e492654ae557;FRB1348;32;700057;6208333;1;08-12-2021 12:48:00 +01:00;;pH; =;8,5;pH;2
Station;49000094;PØLE Å, Ns Alsønderup Enge;32;700057;6208333;Gribskov;Region Hovedstaden;Vandløb;Poel Å;07-04-2021;1;Feltmålinger, Vandløb;Ja;Miljøstyrelsen;https://vanda.miljoeportal.dk/link/88a53f7a-4083-437b-aa29-cf15ea8cc71a;FRB1348;32;700057;6208333;1;07-04-2021 12:15:00 +02:00;;pH; =;9,01;pH;2
Station;49000094;PØLE Å, Ns Alsønderup Enge;32;700057;6208333;Gribskov;Region Hovedstaden;Vandløb;Poel Å;23-06-2016;1;Feltmålinger, Vandløb;Ja;Miljøstyrelsen;https://vanda.miljoeportal.dk/link/e05419d4-7660-4a3c-91b0-efb95a9db95e;FRB1348;32;700057;6208333;1;23-06-2016 09:30:00 +02:00;;Temperatur; =;21,1;grader C;3
