Dato (DK normaltid),Vandf¿ring D¿gnmiddel (DMP) (l/s),ks mrk.
19-05-1978 00:00,164.3,2
20-05-1978 00:00,146.8,2
21-05-1978 00:00,144.8,2
22-05-1978 00:00,135.6,2
23-05-1978 00:00,212.3,2
24-05-1978 00:00,146.1,2
25-05-1978 00:00,130,2
26-05-1978 00:00,130,2
27-05-1978 00:00,130,2
28-05-1978 00:00,120,2
29-05-1978 00:00,120,2
30-05-1978 00:00,120,2
31-05-1978 00:00,120,2
01-06-1978 00:00,120,2
02-06-1978 00:00,233.8,2
03-06-1978 00:00,217.4,2
04-06-1978 00:00,201.9,2
05-06-1978 00:00,210.1,2
06-06-1978 00:00,210.5,2
07-06-1978 00:00,267.6,2
08-06-1978 00:00,259,2
09-06-1978 00:00,211.5,2
10-06-1978 00:00,204.5,2
11-06-1978 00:00,212.2,2
12-06-1978 00:00,250.6,2
13-06-1978 00:00,191.7,2
14-06-1978 00:00,178.8,2
15-06-1978 00:00,173,2
16-06-1978 00:00,161.1,2
17-06-1978 00:00,161.8,2
18-06-1978 00:00,156.6,2
19-06-1978 00:00,163.2,2
20-06-1978 00:00,158,2
21-06-1978 00:00,158.7,2
22-06-1978 00:00,159.4,2
23-06-1978 00:00,165.8,2
24-06-1978 00:00,184.3,2
25-06-1978 00:00,144.8,2
26-06-1978 00:00,265.6,2
27-06-1978 00:00,191.9,2
28-06-1978 00:00,386.4,2
29-06-1978 00:00,175.1,2
30-06-1978 00:00,169.9,2
01-07-1978 00:00,151.9,2
02-07-1978 00:00,140.1,2
03-07-1978 00:00,205.3,2
04-07-1978 00:00,147.1,2
05-07-1978 00:00,189.3,2
06-07-1978 00:00,199.2,2
07-07-1978 00:00,305.9,2
08-07-1978 00:00,350.5,2
09-07-1978 00:00,257.1,2
10-07-1978 00:00,203.1,2
11-07-1978 00:00,195.2,2
12-07-1978 00:00,223.7,2
13-07-1978 00:00,185.5,2
14-07-1978 00:00,141.5,2
15-07-1978 00:00,130.5,2
16-07-1978 00:00,129.1,2
17-07-1978 00:00,146.8,2
18-07-1978 00:00,155.2,2
19-07-1978 00:00,153.6,2
20-07-1978 00:00,244.5,2
21-07-1978 00:00,585.8,2
22-07-1978 00:00,239.9,2
23-07-1978 00:00,178.4,2
24-07-1978 00:00,187.6,2
25-07-1978 00:00,273,2
26-07-1978 00:00,231.1,2
27-07-1978 00:00,193.2,2
28-07-1978 00:00,169.7,2
29-07-1978 00:00,168,2
30-07-1978 00:00,146.4,2
31-07-1978 00:00,164.6,2
01-08-1978 00:00,153,2
02-08-1978 00:00,161.4,2
03-08-1978 00:00,171.6,2
04-08-1978 00:00,228.3,2
05-08-1978 00:00,240.8,2
06-08-1978 00:00,216.1,2
07-08-1978 00:00,182,2
08-08-1978 00:00,216,2
09-08-1978 00:00,213,2
10-08-1978 00:00,209.9,2
11-08-1978 00:00,198.8,2
12-08-1978 00:00,194.6,2
13-08-1978 00:00,190.6,2
14-08-1978 00:00,213.5,2
15-08-1978 00:00,230.1,2
16-08-1978 00:00,247.3,2
17-08-1978 00:00,257.3,2
18-08-1978 00:00,290.9,2
19-08-1978 00:00,226.3,2
20-08-1978 00:00,208.4,2
21-08-1978 00:00,267.6,2
22-08-1978 00:00,270.2,2
23-08-1978 00:00,243.4,2
24-08-1978 00:00,232,2
25-08-1978 00:00,227.6,2
26-08-1978 00:00,335.8,2
27-08-1978 00:00,592.4,2
28-08-1978 00:00,357.8,2
29-08-1978 00:00,404.4,2
30-08-1978 00:00,337.7,2
31-08-1978 00:00,209.5,2
01-09-1978 00:00,412.1,2
02-09-1978 00:00,405.6,2
03-09-1978 00:00,315.7,2
04-09-1978 00:00,807.3,2
05-09-1978 00:00,479,2
06-09-1978 00:00,363.7,2
07-09-1978 00:00,287.8,2
08-09-1978 00:00,254.9,2
09-09-1978 00:00,250.5,2
10-09-1978 00:00,365.5,2
11-09-1978 00:00,368,2
12-09-1978 00:00,395.9,2
13-09-1978 00:00,295.2,2
14-09-1978 00:00,384,2
15-09-1978 00:00,545.4,2
16-09-1978 00:00,478.8,2
17-09-1978 00:00,335,2
18-09-1978 00:00,300.1,2
19-09-1978 00:00,340,2
20-09-1978 00:00,269.8,2
21-09-1978 00:00,279,2
22-09-1978 00:00,273.1,2
23-09-1978 00:00,347.1,2
24-09-1978 00:00,545.8,2
25-09-1978 00:00,547.3,2
26-09-1978 00:00,518.7,2
27-09-1978 00:00,581.5,2
28-09-1978 00:00,572.6,2
29-09-1978 00:00,465.4,2
30-09-1978 00:00,379,2
01-10-1978 00:00,363.9,2
02-10-1978 00:00,333.5,2
03-10-1978 00:00,311.9,2
04-10-1978 00:00,312.9,2
05-10-1978 00:00,401.8,2
06-10-1978 00:00,651.2,2
07-10-1978 00:00,448.8,2
08-10-1978 00:00,380.4,2
09-10-1978 00:00,433.6,2
10-10-1978 00:00,399.9,2
11-10-1978 00:00,400,2
12-10-1978 00:00,366.3,2
13-10-1978 00:00,342.6,2
14-10-1978 00:00,320,2
15-10-1978 00:00,298.5,2
16-10-1978 00:00,300,2
17-10-1978 00:00,290,2
18-10-1978 00:00,279.9,2
19-10-1978 00:00,287.6,2
20-10-1978 00:00,295.4,2
21-10-1978 00:00,277.6,2
22-10-1978 00:00,285.2,2
23-10-1978 00:00,319.1,2
24-10-1978 00:00,336.3,2
25-10-1978 00:00,274.5,2
26-10-1978 00:00,257.5,2
27-10-1978 00:00,256.7,2
28-10-1978 00:00,225.3,2
29-10-1978 00:00,217.6,2
30-10-1978 00:00,232.1,2
31-10-1978 00:00,239.4,2
01-11-1978 00:00,231.4,2
02-11-1978 00:00,231,2
03-11-1978 00:00,230,2
04-11-1978 00:00,230,2
05-11-1978 00:00,230,2
06-11-1978 00:00,220,2
07-11-1978 00:00,210,2
08-11-1978 00:00,200,2
09-11-1978 00:00,190,2
10-11-1978 00:00,188,2
11-11-1978 00:00,180,2
12-11-1978 00:00,180,2
13-11-1978 00:00,180,2
14-11-1978 00:00,180,2
15-11-1978 00:00,180,2
16-11-1978 00:00,300,2
17-11-1978 00:00,384.8,2
18-11-1978 00:00,449.5,2
19-11-1978 00:00,442.4,2
20-11-1978 00:00,489.5,2
21-11-1978 00:00,358.2,2
22-11-1978 00:00,361.2,2
23-11-1978 00:00,374,2
24-11-1978 00:00,482.3,2
25-11-1978 00:00,380.3,2
26-11-1978 00:00,325.6,2
27-11-1978 00:00,337.9,2
28-11-1978 00:00,370,2
29-11-1978 00:00,324.9,2
30-11-1978 00:00,273.7,2
01-12-1978 00:00,267.6,2
02-12-1978 00:00,261.5,2
03-12-1978 00:00,255.5,2
04-12-1978 00:00,266.5,2
05-12-1978 00:00,260.4,2
06-12-1978 00:00,245.9,2
07-12-1978 00:00,239.9,2
08-12-1978 00:00,234,2
09-12-1978 00:00,228.1,2
10-12-1978 00:00,247,2
11-12-1978 00:00,249.4,2
12-12-1978 00:00,296.5,2
13-12-1978 00:00,378.1,2
14-12-1978 00:00,435.4,2
15-12-1978 00:00,391.8,2
16-12-1978 00:00,283.3,2
17-12-1978 00:00,256.4,2
18-12-1978 00:00,256.3,2
19-12-1978 00:00,273.9,2
20-12-1978 00:00,264.8,2
21-12-1978 00:00,255.9,2
22-12-1978 00:00,255.8,2
23-12-1978 00:00,247.1,2
24-12-1978 00:00,238.5,2
25-12-1978 00:00,246.8,2
26-12-1978 00:00,400.6,2
27-12-1978 00:00,319.3,2
28-12-1978 00:00,319.1,2
29-12-1978 00:00,309.4,2
30-12-1978 00:00,246.2,2
31-12-1978 00:00,254.7,2
01-01-1979 00:00,260.2,2
02-01-1979 00:00,260.4,2
03-01-1979 00:00,234.8,2
04-01-1979 00:00,243.4,2
05-01-1979 00:00,261,2
06-01-1979 00:00,243.8,2
07-01-1979 00:00,261.4,2
08-01-1979 00:00,252.8,2
09-01-1979 00:00,253,2
10-01-1979 00:00,236,2
11-01-1979 00:00,235,2
12-01-1979 00:00,235,2
13-01-1979 00:00,230,2
14-01-1979 00:00,230,2
15-01-1979 00:00,230,2
16-01-1979 00:00,230,2
17-01-1979 00:00,225,2
18-01-1979 00:00,225,2
19-01-1979 00:00,225,2
20-01-1979 00:00,225,2
21-01-1979 00:00,220,2
22-01-1979 00:00,220,2
23-01-1979 00:00,220,2
24-01-1979 00:00,220,2
25-01-1979 00:00,215,2
26-01-1979 00:00,215,2
27-01-1979 00:00,215,2
28-01-1979 00:00,215,2
29-01-1979 00:00,210,2
30-01-1979 00:00,210,2
31-01-1979 00:00,210,2
01-02-1979 00:00,210,2
02-02-1979 00:00,210,2
03-02-1979 00:00,207.1,2
04-02-1979 00:00,207.3,2
05-02-1979 00:00,207.4,2
06-02-1979 00:00,215.7,2
07-02-1979 00:00,200.9,2
08-02-1979 00:00,210.3,2
09-02-1979 00:00,203.5,2
10-02-1979 00:00,189,2
11-02-1979 00:00,190.3,2
12-02-1979 00:00,191.5,2
13-02-1979 00:00,185,2
14-02-1979 00:00,180,2
15-02-1979 00:00,180,2
16-02-1979 00:00,175,2
17-02-1979 00:00,175,2
18-02-1979 00:00,175,2
19-02-1979 00:00,170,2
20-02-1979 00:00,170,2
21-02-1979 00:00,170,2
22-02-1979 00:00,170,2
23-02-1979 00:00,170,2
24-02-1979 00:00,170,2
25-02-1979 00:00,170,2
26-02-1979 00:00,170,2
27-02-1979 00:00,200,2
28-02-1979 00:00,230,2
01-03-1979 00:00,259,2
02-03-1979 00:00,372,2
03-03-1979 00:00,807.1,2
04-03-1979 00:00,873,2
05-03-1979 00:00,814.8,2
06-03-1979 00:00,834.1,2
07-03-1979 00:00,807.2,2
08-03-1979 00:00,765.6,2
09-03-1979 00:00,877.6,2
10-03-1979 00:00,1116,2
11-03-1979 00:00,901.9,2
12-03-1979 00:00,988.4,2
13-03-1979 00:00,1185,2
14-03-1979 00:00,1136,2
15-03-1979 00:00,968.4,2
16-03-1979 00:00,842.9,2
17-03-1979 00:00,724.5,2
18-03-1979 00:00,655.4,2
19-03-1979 00:00,644.7,2
20-03-1979 00:00,592.3,2
21-03-1979 00:00,554.9,2
22-03-1979 00:00,713.2,2
23-03-1979 00:00,816,2
24-03-1979 00:00,974.1,2
25-03-1979 00:00,986.4,2
26-03-1979 00:00,1138,2
27-03-1979 00:00,1151,2
28-03-1979 00:00,1006,2
29-03-1979 00:00,870.5,2
30-03-1979 00:00,803.8,2
31-03-1979 00:00,769.4,2
01-04-1979 00:00,706.4,2
02-04-1979 00:00,674.1,2
03-04-1979 00:00,913.8,2
04-04-1979 00:00,975.1,2
05-04-1979 00:00,842.1,2
06-04-1979 00:00,747.1,2
07-04-1979 00:00,602.2,2
08-04-1979 00:00,546.4,2
09-04-1979 00:00,569.5,2
10-04-1979 00:00,566.5,2
11-04-1979 00:00,512.5,2
12-04-1979 00:00,414.3,2
13-04-1979 00:00,389.6,2
14-04-1979 00:00,376.4,2
15-04-1979 00:00,363.4,2
16-04-1979 00:00,350.7,2
17-04-1979 00:00,391.7,2
18-04-1979 00:00,434.4,2
19-04-1979 00:00,455.2,2
20-04-1979 00:00,443.6,2
21-04-1979 00:00,409.5,2
22-04-1979 00:00,409.6,2
23-04-1979 00:00,467.3,2
24-04-1979 00:00,515.9,2
25-04-1979 00:00,503.7,2
26-04-1979 00:00,467.6,2
27-04-1979 00:00,421.2,2
28-04-1979 00:00,366.3,2
29-04-1979 00:00,377.1,2
30-04-1979 00:00,491.9,2
01-05-1979 00:00,399.1,2
02-05-1979 00:00,606.6,2
03-05-1979 00:00,633.6,2
04-05-1979 00:00,567.5,2
05-05-1979 00:00,492.4,2
06-05-1979 00:00,456.6,2
07-05-1979 00:00,399.6,2
08-05-1979 00:00,504.9,2
09-05-1979 00:00,468.7,2
10-05-1979 00:00,422.3,2
11-05-1979 00:00,356.6,2
12-05-1979 00:00,335.9,2
13-05-1979 00:00,335.9,2
14-05-1979 00:00,346.4,2
15-05-1979 00:00,346.4,2
16-05-1979 00:00,357,2
17-05-1979 00:00,357.1,2
18-05-1979 00:00,400.5,2
19-05-1979 00:00,391.5,2
20-05-1979 00:00,348.8,2
21-05-1979 00:00,353,2
22-05-1979 00:00,357.1,2
23-05-1979 00:00,338.8,2
24-05-1979 00:00,365.2,2
25-05-1979 00:00,392.1,2
26-05-1979 00:00,318.9,2
27-05-1979 00:00,292.1,2
28-05-1979 00:00,327.1,2
29-05-1979 00:00,280.5,2
30-05-1979 00:00,400.5,2
31-05-1979 00:00,308.4,2
01-06-1979 00:00,292.6,2
02-06-1979 00:00,258.8,2
03-06-1979 00:00,235.9,2
04-06-1979 00:00,231.1,2
05-06-1979 00:00,226.5,2
06-06-1979 00:00,239,2
07-06-1979 00:00,234.3,2
08-06-1979 00:00,320.3,2
09-06-1979 00:00,259.3,2
10-06-1979 00:00,229.1,2
11-06-1979 00:00,224.6,2
12-06-1979 00:00,212.4,2
13-06-1979 00:00,200.6,2
14-06-1979 00:00,196.7,2
15-06-1979 00:00,232.3,2
16-06-1979 00:00,205.5,2
17-06-1979 00:00,187.6,2
18-06-1979 00:00,206.7,2
19-06-1979 00:00,218.7,2
20-06-1979 00:00,231,2
21-06-1979 00:00,235.4,2
22-06-1979 00:00,232,2
23-06-1979 00:00,244.4,2
24-06-1979 00:00,233,2
25-06-1979 00:00,330.8,2
26-06-1979 00:00,320.1,2
27-06-1979 00:00,309.2,2
28-06-1979 00:00,251.2,2
29-06-1979 00:00,257.4,2
30-06-1979 00:00,254.5,2
01-07-1979 00:00,456.5,2
02-07-1979 00:00,343.8,2
03-07-1979 00:00,291.5,2
04-07-1979 00:00,288.4,2
05-07-1979 00:00,276.1,2
06-07-1979 00:00,229.6,2
07-07-1979 00:00,227,2
08-07-1979 00:00,383.7,2
09-07-1979 00:00,444.8,2
10-07-1979 00:00,252.9,2
11-07-1979 00:00,250.2,2
12-07-1979 00:00,199.1,2
13-07-1979 00:00,189.3,2
14-07-1979 00:00,172.6,2
15-07-1979 00:00,163.6,2
16-07-1979 00:00,182.9,2
17-07-1979 00:00,173.7,2
18-07-1979 00:00,193.4,2
19-07-1979 00:00,198.6,2
20-07-1979 00:00,227.2,2
21-07-1979 00:00,160.7,2
22-07-1979 00:00,147.5,2
23-07-1979 00:00,160,2
24-07-1979 00:00,147.1,2
25-07-1979 00:00,147,2
26-07-1979 00:00,146.8,2
27-07-1979 00:00,148.3,2
28-07-1979 00:00,149.8,2
29-07-1979 00:00,241,2
30-07-1979 00:00,235.5,2
31-07-1979 00:00,173.6,2
01-08-1979 00:00,202.9,2
02-08-1979 00:00,308.4,2
03-08-1979 00:00,229,2
04-08-1979 00:00,167.4,2
05-08-1979 00:00,162.6,2
06-08-1979 00:00,170.8,2
07-08-1979 00:00,153.1,2
08-08-1979 00:00,161.1,2
09-08-1979 00:00,197.1,2
10-08-1979 00:00,312.7,2
11-08-1979 00:00,443.7,2
12-08-1979 00:00,203.1,2
13-08-1979 00:00,212.6,2
14-08-1979 00:00,207.2,2
15-08-1979 00:00,209.3,2
16-08-1979 00:00,203.8,2
17-08-1979 00:00,184,2
18-08-1979 00:00,167.6,2
19-08-1979 00:00,152.2,2
20-08-1979 00:00,176.6,2
21-08-1979 00:00,181.1,2
22-08-1979 00:00,192.7,2
23-08-1979 00:00,234.8,2
24-08-1979 00:00,194.7,2
25-08-1979 00:00,199.3,2
26-08-1979 00:00,443.7,2
27-08-1979 00:00,1195,2
28-08-1979 00:00,665.9,2
29-08-1979 00:00,461.2,2
30-08-1979 00:00,405.1,2
31-08-1979 00:00,343.6,2
01-09-1979 00:00,270.9,2
02-09-1979 00:00,236.5,2
03-09-1979 00:00,241.2,2
04-09-1979 00:00,230.8,2
05-09-1979 00:00,220.7,2
06-09-1979 00:00,211,2
07-09-1979 00:00,208.4,2
08-09-1979 00:00,199,2
09-09-1979 00:00,196.6,2
10-09-1979 00:00,207.7,2
11-09-1979 00:00,198.5,2
12-09-1979 00:00,183,2
13-09-1979 00:00,180.7,2
14-09-1979 00:00,191.3,2
15-09-1979 00:00,335.1,2
16-09-1979 00:00,216.7,2
17-09-1979 00:00,230,2
18-09-1979 00:00,349.2,2
19-09-1979 00:00,257.7,2
20-09-1979 00:00,206.7,2
21-09-1979 00:00,319.2,2
22-09-1979 00:00,239.2,2
23-09-1979 00:00,223,2
24-09-1979 00:00,207.3,2
25-09-1979 00:00,199.6,2
26-09-1979 00:00,207,2
27-09-1979 00:00,170.4,2
28-09-1979 00:00,170.3,2
29-09-1979 00:00,156.5,2
30-09-1979 00:00,156.4,2
01-10-1979 00:00,170,2
02-10-1979 00:00,169.9,2
03-10-1979 00:00,183.9,2
04-10-1979 00:00,183.8,2
05-10-1979 00:00,176.5,2
06-10-1979 00:00,156.4,2
07-10-1979 00:00,156.9,2
08-10-1979 00:00,157.3,2
09-10-1979 00:00,164.6,2
10-10-1979 00:00,158.3,2
11-10-1979 00:00,158.8,2
12-10-1979 00:00,159.3,2
13-10-1979 00:00,159.7,2
14-10-1979 00:00,160.2,2
15-10-1979 00:00,174.6,2
16-10-1979 00:00,175.2,2
17-10-1979 00:00,141.7,2
18-10-1979 00:00,221.6,2
19-10-1979 00:00,191.4,2
20-10-1979 00:00,163.2,2
21-10-1979 00:00,192.5,2
22-10-1979 00:00,185.6,2
23-10-1979 00:00,164.7,2
24-10-1979 00:00,165.2,2
25-10-1979 00:00,158.7,2
26-10-1979 00:00,173.3,2
27-10-1979 00:00,152.9,2
28-10-1979 00:00,153.4,2
29-10-1979 00:00,167.7,2
30-10-1979 00:00,161.2,2
31-10-1979 00:00,168.7,2
01-11-1979 00:00,282.2,2
02-11-1979 00:00,215,2
03-11-1979 00:00,170.3,2
04-11-1979 00:00,275.5,2
05-11-1979 00:00,276.2,2
06-11-1979 00:00,304.5,2
07-11-1979 00:00,296,2
08-11-1979 00:00,243.6,2
09-11-1979 00:00,227.6,2
10-11-1979 00:00,181.3,2
11-11-1979 00:00,228.9,2
12-11-1979 00:00,281.6,2
13-11-1979 00:00,339.4,2
14-11-1979 00:00,247.8,2
15-11-1979 00:00,274.9,2
16-11-1979 00:00,482.4,2
17-11-1979 00:00,353,2
18-11-1979 00:00,268.2,2
19-11-1979 00:00,325,2
20-11-1979 00:00,325.9,2
21-11-1979 00:00,298,2
22-11-1979 00:00,244.8,2
23-11-1979 00:00,245.5,2
24-11-1979 00:00,254.8,2
25-11-1979 00:00,264.3,2
26-11-1979 00:00,470.3,2
27-11-1979 00:00,351.6,2
28-11-1979 00:00,569.2,2
29-11-1979 00:00,473.2,2
30-11-1979 00:00,819.7,2
01-12-1979 00:00,611.2,2
02-12-1979 00:00,476.2,2
03-12-1979 00:00,465.6,2
04-12-1979 00:00,538.4,2
05-12-1979 00:00,739.3,2
06-12-1979 00:00,540.6,2
07-12-1979 00:00,435.2,2
08-12-1979 00:00,392.1,2
09-12-1979 00:00,674.7,2
10-12-1979 00:00,1572,2
11-12-1979 00:00,1342,2
12-12-1979 00:00,898.9,2
13-12-1979 00:00,736,2
14-12-1979 00:00,627,2
15-12-1979 00:00,501.4,2
16-12-1979 00:00,478.5,2
17-12-1979 00:00,552.8,2
18-12-1979 00:00,861.8,2
19-12-1979 00:00,701.7,2
20-12-1979 00:00,568.9,2
21-12-1979 00:00,460.1,2
22-12-1979 00:00,415.5,2
23-12-1979 00:00,450.5,2
24-12-1979 00:00,463.1,2
25-12-1979 00:00,440.9,2
26-12-1979 00:00,430.5,2
27-12-1979 00:00,431.4,2
28-12-1979 00:00,801.2,2
29-12-1979 00:00,817.7,2
30-12-1979 00:00,716.6,2
31-12-1979 00:00,675.8,2
01-01-1980 00:00,583.4,2
02-01-1980 00:00,508.7,2
03-01-1980 00:00,404.6,2
04-01-1980 00:00,439.5,2
05-01-1980 00:00,417.6,2
06-01-1980 00:00,396.3,2
07-01-1980 00:00,386.2,2
08-01-1980 00:00,376.3,2
09-01-1980 00:00,335,2
10-01-1980 00:00,388.9,2
11-01-1980 00:00,378.3,2
12-01-1980 00:00,346.7,2
13-01-1980 00:00,336.7,2
14-01-1980 00:00,347.3,2
15-01-1980 00:00,347.6,2
16-01-1980 00:00,327.3,2
17-01-1980 00:00,317.5,2
18-01-1980 00:00,317.7,2
19-01-1980 00:00,308,2
20-01-1980 00:00,298.4,2
21-01-1980 00:00,279.4,2
22-01-1980 00:00,329,2
23-01-1980 00:00,382.1,2
24-01-1980 00:00,350.3,2
25-01-1980 00:00,329.8,2
26-01-1980 00:00,309.9,2
27-01-1980 00:00,290.5,2
28-01-1980 00:00,290.8,2
29-01-1980 00:00,320.8,2
30-01-1980 00:00,362.7,2
31-01-1980 00:00,352.4,2
01-02-1980 00:00,321.6,2
02-02-1980 00:00,301.9,2
03-02-1980 00:00,292.3,2
04-02-1980 00:00,292.6,2
05-02-1980 00:00,292.9,2
06-02-1980 00:00,283.4,2
07-02-1980 00:00,274.1,2
08-02-1980 00:00,283.9,2
09-02-1980 00:00,284.2,2
10-02-1980 00:00,274.9,2
11-02-1980 00:00,334.7,2
12-02-1980 00:00,304.6,2
13-02-1980 00:00,295,2
14-02-1980 00:00,305.1,2
15-02-1980 00:00,367.7,2
16-02-1980 00:00,532.4,2
17-02-1980 00:00,401.3,2
18-02-1980 00:00,379.5,2
19-02-1980 00:00,358.2,2
20-02-1980 00:00,358.5,2
21-02-1980 00:00,348.1,2
22-02-1980 00:00,348.5,2
23-02-1980 00:00,348.7,2
24-02-1980 00:00,348.9,2
25-02-1980 00:00,359.8,2
26-02-1980 00:00,360.1,2
27-02-1980 00:00,339.2,2
28-02-1980 00:00,339.4,2
29-02-1980 00:00,360.9,2
01-03-1980 00:00,630.1,2
02-03-1980 00:00,658.1,2
03-03-1980 00:00,577.2,2
04-03-1980 00:00,500.9,2
05-03-1980 00:00,452.7,2
06-03-1980 00:00,441.2,2
07-03-1980 00:00,526.9,2
08-03-1980 00:00,605.6,2
09-03-1980 00:00,579.4,2
10-03-1980 00:00,553.6,2
11-03-1980 00:00,541,2
12-03-1980 00:00,528.6,2
13-03-1980 00:00,529,2
14-03-1980 00:00,555,2
15-03-1980 00:00,504.5,2
16-03-1980 00:00,480.2,2
17-03-1980 00:00,517.7,2
18-03-1980 00:00,468.6,2
19-03-1980 00:00,445.1,2
20-03-1980 00:00,419.9,2
21-03-1980 00:00,406.8,2
22-03-1980 00:00,371.7,2
23-03-1980 00:00,359.3,2
24-03-1980 00:00,368.5,2
25-03-1980 00:00,366.9,2
26-03-1980 00:00,365.3,2
27-03-1980 00:00,353.1,2
28-03-1980 00:00,405.9,2
29-03-1980 00:00,485.7,2
30-03-1980 00:00,558.6,2
31-03-1980 00:00,582.3,2
01-04-1980 00:00,567.1,2
02-04-1980 00:00,539.4,2
03-04-1980 00:00,488.1,2
04-04-1980 00:00,405.1,2
05-04-1980 00:00,381.6,2
06-04-1980 00:00,369.2,2
07-04-1980 00:00,358,2
08-04-1980 00:00,433.8,2
09-04-1980 00:00,444.5,2
10-04-1980 00:00,432.2,2
11-04-1980 00:00,408.9,2
12-04-1980 00:00,344.1,2
13-04-1980 00:00,343.4,2
14-04-1980 00:00,342.8,2
15-04-1980 00:00,331.9,2
16-04-1980 00:00,311.4,2
17-04-1980 00:00,282,2
18-04-1980 00:00,300.4,2
19-04-1980 00:00,271.6,2
20-04-1980 00:00,280.3,2
21-04-1980 00:00,298.6,2
22-04-1980 00:00,327.3,2
23-04-1980 00:00,307,2
24-04-1980 00:00,600,2
25-04-1980 00:00,400,2
26-04-1980 00:00,314.9,2
27-04-1980 00:00,375.3,2
28-04-1980 00:00,385.2,2
29-04-1980 00:00,384.5,2
30-04-1980 00:00,342.1,2
01-05-1980 00:00,283.2,2
02-05-1980 00:00,264.3,2
03-05-1980 00:00,246,2
04-05-1980 00:00,245.5,2
05-05-1980 00:00,262.7,2
06-05-1980 00:00,289.6,2
07-05-1980 00:00,298.4,2
08-05-1980 00:00,336.8,2
09-05-1980 00:00,260.5,2
10-05-1980 00:00,233.8,2
11-05-1980 00:00,224.9,2
12-05-1980 00:00,232.8,2
13-05-1980 00:00,232.4,2
14-05-1980 00:00,231.9,2
15-05-1980 00:00,231.4,2
16-05-1980 00:00,230.9,2
17-05-1980 00:00,205.8,2
18-05-1980 00:00,182.1,2
19-05-1980 00:00,197.1,2
20-05-1980 00:00,196.6,2
21-05-1980 00:00,212,2
22-05-1980 00:00,195.8,2
23-05-1980 00:00,203.2,2
24-05-1980 00:00,179.7,2
25-05-1980 00:00,179.3,2
26-05-1980 00:00,186.4,2
27-05-1980 00:00,201.4,2
28-05-1980 00:00,196.4,2
29-05-1980 00:00,247.6,2
30-05-1980 00:00,225.4,2
31-05-1980 00:00,204.5,2
01-06-1980 00:00,170.6,2
02-06-1980 00:00,180.3,2
03-06-1980 00:00,183,2
04-06-1980 00:00,158.3,2
05-06-1980 00:00,148,2
06-06-1980 00:00,144.3,2
07-06-1980 00:00,134.8,2
08-06-1980 00:00,125.7,2
09-06-1980 00:00,145.8,2
10-06-1980 00:00,136.4,2
11-06-1980 00:00,314,2
12-06-1980 00:00,747.9,2
13-06-1980 00:00,709.8,2
14-06-1980 00:00,414,2
15-06-1980 00:00,368.3,2
16-06-1980 00:00,398.8,2
17-06-1980 00:00,354.5,2
18-06-1980 00:00,462.9,2
19-06-1980 00:00,644.3,2
20-06-1980 00:00,598.5,2
21-06-1980 00:00,469.1,2
22-06-1980 00:00,383.8,2
23-06-1980 00:00,367.9,2
24-06-1980 00:00,416.3,2
25-06-1980 00:00,551.8,2
26-06-1980 00:00,864.7,2
27-06-1980 00:00,546.6,2
28-06-1980 00:00,550.4,2
29-06-1980 00:00,644.3,2
30-06-1980 00:00,558.2,2
01-07-1980 00:00,499.6,2
02-07-1980 00:00,356.7,2
03-07-1980 00:00,312.9,2
04-07-1980 00:00,280,2
05-07-1980 00:00,280,2
06-07-1980 00:00,292.7,2
07-07-1980 00:00,313.5,2
08-07-1980 00:00,286.8,2
09-07-1980 00:00,737.9,2
10-07-1980 00:00,533.5,2
11-07-1980 00:00,447.7,2
12-07-1980 00:00,362.4,2
13-07-1980 00:00,358.8,2
14-07-1980 00:00,355.3,2
15-07-1980 00:00,304.8,2
16-07-1980 00:00,294.6,2
17-07-1980 00:00,505.9,2
18-07-1980 00:00,388.5,2
19-07-1980 00:00,357.5,2
20-07-1980 00:00,563.3,2
21-07-1980 00:00,466.5,2
22-07-1980 00:00,507,2
23-07-1980 00:00,434.3,2
24-07-1980 00:00,393.1,2
25-07-1980 00:00,331.2,2
26-07-1980 00:00,325.8,2
27-07-1980 00:00,320.4,2
28-07-1980 00:00,307.9,2
29-07-1980 00:00,310,2
30-07-1980 00:00,305,2
31-07-1980 00:00,299.9,2
01-08-1980 00:00,361.2,2
02-08-1980 00:00,339.8,2
03-08-1980 00:00,334,2
04-08-1980 00:00,450,2
05-08-1980 00:00,438.8,2
06-08-1980 00:00,322.1,2
07-08-1980 00:00,327.4,2
08-08-1980 00:00,271.1,2
09-08-1980 00:00,286.8,2
10-08-1980 00:00,259.1,2
11-08-1980 00:00,232.8,2
12-08-1980 00:00,223.3,2
13-08-1980 00:00,221.8,2
14-08-1980 00:00,212.6,2
15-08-1980 00:00,218.6,2
16-08-1980 00:00,209.4,2
17-08-1980 00:00,193.1,2
18-08-1980 00:00,206.3,2
19-08-1980 00:00,259.7,2
20-08-1980 00:00,346.5,2
21-08-1980 00:00,316.4,2
22-08-1980 00:00,279.2,2
23-08-1980 00:00,244.3,2
24-08-1980 00:00,250.6,2
25-08-1980 00:00,290.5,2
26-08-1980 00:00,380.6,2
27-08-1980 00:00,330.8,2
28-08-1980 00:00,267.8,2
29-08-1980 00:00,241.9,2
30-08-1980 00:00,324.4,2
31-08-1980 00:00,368.7,2
01-09-1980 00:00,311.2,2
02-09-1980 00:00,283.4,2
03-09-1980 00:00,265,2
04-09-1980 00:00,255.2,2
05-09-1980 00:00,261.4,2
06-09-1980 00:00,251.7,2
07-09-1980 00:00,249.9,2
08-09-1980 00:00,264.1,2
09-09-1980 00:00,510.7,2
10-09-1980 00:00,739.6,2
11-09-1980 00:00,845.9,2
12-09-1980 00:00,772.3,2
13-09-1980 00:00,543.8,2
14-09-1980 00:00,474.7,2
15-09-1980 00:00,410.5,2
16-09-1980 00:00,351.1,2
17-09-1980 00:00,386.3,2
18-09-1980 00:00,463.9,2
19-09-1980 00:00,357.9,2
20-09-1980 00:00,316.2,2
21-09-1980 00:00,285.9,2
22-09-1980 00:00,272.9,2
23-09-1980 00:00,260.6,2
24-09-1980 00:00,266.5,2
25-09-1980 00:00,388.8,2
26-09-1980 00:00,318,2
27-09-1980 00:00,269.5,2
28-09-1980 00:00,260.6,2
29-09-1980 00:00,259.2,2
30-09-1980 00:00,295.4,2
01-10-1980 00:00,286.1,2
02-10-1980 00:00,284.5,2
03-10-1980 00:00,268,2
04-10-1980 00:00,252,2
05-10-1980 00:00,279.9,2
06-10-1980 00:00,293.6,2
07-10-1980 00:00,419.9,2
08-10-1980 00:00,427.2,2
09-10-1980 00:00,434.5,2
10-10-1980 00:00,343.3,2
11-10-1980 00:00,306.5,2
12-10-1980 00:00,279.3,2
13-10-1980 00:00,282.8,2
14-10-1980 00:00,301.9,2
15-10-1980 00:00,390.9,2
16-10-1980 00:00,452.5,2
17-10-1980 00:00,409.4,2
18-10-1980 00:00,350.9,2
19-10-1980 00:00,321.2,2
20-10-1980 00:00,483.6,2
21-10-1980 00:00,381.9,2
22-10-1980 00:00,386.5,2
23-10-1980 00:00,696.1,2
24-10-1980 00:00,690.7,2
25-10-1980 00:00,555.3,2
26-10-1980 00:00,454.5,2
27-10-1980 00:00,501.6,2
28-10-1980 00:00,826.4,2
29-10-1980 00:00,1120,2
30-10-1980 00:00,914.4,2
31-10-1980 00:00,729.3,2
01-11-1980 00:00,599.8,2
02-11-1980 00:00,548.4,2
03-11-1980 00:00,543.3,2
04-11-1980 00:00,547,2
05-11-1980 00:00,528.2,2
06-11-1980 00:00,509.7,2
07-11-1980 00:00,480.7,2
08-11-1980 00:00,462.9,2
09-11-1980 00:00,487.6,2
10-11-1980 00:00,438.3,2
11-11-1980 00:00,401.3,2
12-11-1980 00:00,498.2,2
13-11-1980 00:00,480,2
14-11-1980 00:00,472.7,2
15-11-1980 00:00,498,2
16-11-1980 00:00,630.7,2
17-11-1980 00:00,574.2,2
18-11-1980 00:00,826.4,2
19-11-1980 00:00,761.8,2
20-11-1980 00:00,753.1,2
21-11-1980 00:00,785.6,2
22-11-1980 00:00,818.9,2
23-11-1980 00:00,740.6,2
24-11-1980 00:00,666,2
25-11-1980 00:00,778.1,2
26-11-1980 00:00,1170,2
27-11-1980 00:00,965.4,2
28-11-1980 00:00,955.9,2
29-11-1980 00:00,841.7,2
30-11-1980 00:00,680.7,2
01-12-1980 00:00,620.9,2
02-12-1980 00:00,663.9,2
03-12-1980 00:00,641.3,2
04-12-1980 00:00,569.5,2
05-12-1980 00:00,524.8,2
06-12-1980 00:00,426.9,2
07-12-1980 00:00,377.6,2
08-12-1980 00:00,369.8,2
09-12-1980 00:00,478.5,2
10-12-1980 00:00,846.5,2
11-12-1980 00:00,1441,2
12-12-1980 00:00,1563,2
13-12-1980 00:00,1163,2
14-12-1980 00:00,1083,2
15-12-1980 00:00,1105,2
16-12-1980 00:00,963.8,2
17-12-1980 00:00,845.6,2
18-12-1980 00:00,895,2
19-12-1980 00:00,930.2,2
20-12-1980 00:00,873.2,2
21-12-1980 00:00,862.4,2
22-12-1980 00:00,821.9,2
23-12-1980 00:00,870.9,2
24-12-1980 00:00,905.8,2
25-12-1980 00:00,1138,2
26-12-1980 00:00,946,2
27-12-1980 00:00,813,2
28-12-1980 00:00,773.3,2
29-12-1980 00:00,748.5,2
30-12-1980 00:00,738.2,2
31-12-1980 00:00,728,2
01-01-1981 00:00,775.8,2
02-01-1981 00:00,694.8,2
03-01-1981 00:00,1067,2
04-01-1981 00:00,974.1,2
05-01-1981 00:00,808.2,2
06-01-1981 00:00,768.4,2
07-01-1981 00:00,687.2,2
08-01-1981 00:00,583.7,2
09-01-1981 00:00,841.6,2
10-01-1981 00:00,1038,2
11-01-1981 00:00,790.5,2
12-01-1981 00:00,736.4,2
13-01-1981 00:00,707.8,2
14-01-1981 00:00,642.3,2
15-01-1981 00:00,759.6,2
16-01-1981 00:00,664,2
17-01-1981 00:00,586.9,2
18-01-1981 00:00,538.8,2
19-01-1981 00:00,517,2
20-01-1981 00:00,495.6,2
21-01-1981 00:00,486.6,2
22-01-1981 00:00,450.6,2
23-01-1981 00:00,498.9,2
24-01-1981 00:00,698.8,2
25-01-1981 00:00,737.8,2
26-01-1981 00:00,611.5,2
27-01-1981 00:00,495.6,2
28-01-1981 00:00,558.7,2
29-01-1981 00:00,625,2
30-01-1981 00:00,680.4,2
31-01-1981 00:00,737.8,2
01-02-1981 00:00,752.4,2
02-02-1981 00:00,767.2,2
03-02-1981 00:00,1170,2
04-02-1981 00:00,1048,2
05-02-1981 00:00,884.9,2
06-02-1981 00:00,853.6,2
07-02-1981 00:00,932.7,2
08-02-1981 00:00,965.2,2
09-02-1981 00:00,792.5,2
10-02-1981 00:00,777.5,2
11-02-1981 00:00,773,2
12-02-1981 00:00,714.6,2
13-02-1981 00:00,672.1,2
14-02-1981 00:00,603.9,2
15-02-1981 00:00,644.5,2
16-02-1981 00:00,630.8,2
17-02-1981 00:00,577.4,2
18-02-1981 00:00,564.4,2
19-02-1981 00:00,548,2
20-02-1981 00:00,522.7,2
21-02-1981 00:00,438.4,2
22-02-1981 00:00,426.9,2
23-02-1981 00:00,438.4,2
24-02-1981 00:00,473.8,2
25-02-1981 00:00,510.3,2
26-02-1981 00:00,498,2
27-02-1981 00:00,473.8,2
28-02-1981 00:00,450.1,2
01-03-1981 00:00,426.9,2
02-03-1981 00:00,418.4,2
03-03-1981 00:00,363.2,2
04-03-1981 00:00,363.2,2
05-03-1981 00:00,384.9,2
06-03-1981 00:00,384.9,2
07-03-1981 00:00,748,2
08-03-1981 00:00,1469,2
09-03-1981 00:00,1260,2
10-03-1981 00:00,948.9,2
11-03-1981 00:00,905.8,2
12-03-1981 00:00,812.3,2
13-03-1981 00:00,723.2,2
14-03-1981 00:00,652.4,2
15-03-1981 00:00,628.9,2
16-03-1981 00:00,615.4,2
17-03-1981 00:00,642.7,2
18-03-1981 00:00,628.9,2
19-03-1981 00:00,791.3,2
20-03-1981 00:00,703,2
21-03-1981 00:00,660.6,2
22-03-1981 00:00,746.6,2
23-03-1981 00:00,707.3,2
24-03-1981 00:00,780.9,2
25-03-1981 00:00,736.4,2
26-03-1981 00:00,889.1,2
27-03-1981 00:00,846.8,2
28-03-1981 00:00,725,2
29-03-1981 00:00,627.1,2
30-03-1981 00:00,613.5,2
31-03-1981 00:00,640.9,2
01-04-1981 00:00,603.8,2
02-04-1981 00:00,537.9,2
03-04-1981 00:00,487.5,2
04-04-1981 00:00,475.3,2
05-04-1981 00:00,454.3,2
06-04-1981 00:00,466.4,2
07-04-1981 00:00,503.3,2
08-04-1981 00:00,490.9,2
09-04-1981 00:00,494.2,2
10-04-1981 00:00,433.6,2
11-04-1981 00:00,384.8,2
12-04-1981 00:00,373.7,2
13-04-1981 00:00,407.4,2
14-04-1981 00:00,430.6,2
15-04-1981 00:00,407.4,2
16-04-1981 00:00,341.3,2
17-04-1981 00:00,362.8,2
18-04-1981 00:00,396.1,2
19-04-1981 00:00,407.4,2
20-04-1981 00:00,384.8,2
21-04-1981 00:00,373.7,2
22-04-1981 00:00,384.8,2
23-04-1981 00:00,371,2
24-04-1981 00:00,382,2
25-04-1981 00:00,360.1,2
26-04-1981 00:00,328.2,2
27-04-1981 00:00,328.2,2
28-04-1981 00:00,328.2,2
29-04-1981 00:00,297.6,2
30-04-1981 00:00,475.3,2
01-05-1981 00:00,349.3,2
02-05-1981 00:00,360.1,2
03-05-1981 00:00,307.7,2
04-05-1981 00:00,317.9,2
05-05-1981 00:00,305.3,2
06-05-1981 00:00,315.5,2
07-05-1981 00:00,357.5,2
08-05-1981 00:00,368.3,2
09-05-1981 00:00,285.5,2
10-05-1981 00:00,275.8,2
11-05-1981 00:00,285.5,2
12-05-1981 00:00,295.3,2
13-05-1981 00:00,344.2,2
14-05-1981 00:00,283.3,2
15-05-1981 00:00,245.5,2
16-05-1981 00:00,254.7,2
17-05-1981 00:00,254.7,2
18-05-1981 00:00,323.3,2
19-05-1981 00:00,303,2
20-05-1981 00:00,271.5,2
21-05-1981 00:00,250,2
22-05-1981 00:00,256.3,2
23-05-1981 00:00,243,2
24-05-1981 00:00,232.2,2
25-05-1981 00:00,262.1,2
26-05-1981 00:00,218.5,2
27-05-1981 00:00,316.6,2
28-05-1981 00:00,519.6,2
29-05-1981 00:00,275.2,2
30-05-1981 00:00,223.4,2
31-05-1981 00:00,200,2
01-06-1981 00:00,204.1,2
02-06-1981 00:00,195.9,2
03-06-1981 00:00,206.8,2
04-06-1981 00:00,246.1,2
05-06-1981 00:00,207.8,2
06-06-1981 00:00,168.3,2
07-06-1981 00:00,155.5,2
08-06-1981 00:00,147.9,2
09-06-1981 00:00,184.6,2
10-06-1981 00:00,160.9,2
11-06-1981 00:00,180.7,2
12-06-1981 00:00,188.7,2
13-06-1981 00:00,185.6,2
14-06-1981 00:00,193.3,2
15-06-1981 00:00,191.3,2
16-06-1981 00:00,183,2
17-06-1981 00:00,175.2,2
18-06-1981 00:00,177.5,2
19-06-1981 00:00,244.6,2
20-06-1981 00:00,203.2,2
21-06-1981 00:00,177.9,2
22-06-1981 00:00,180,2
23-06-1981 00:00,175.1,2
24-06-1981 00:00,191.1,2
25-06-1981 00:00,159.1,2
26-06-1981 00:00,156.9,2
27-06-1981 00:00,177.8,2
28-06-1981 00:00,147.4,2
29-06-1981 00:00,156.2,2
30-06-1981 00:00,193.7,2
01-07-1981 00:00,185.3,2
02-07-1981 00:00,160,2
03-07-1981 00:00,186.5,2
04-07-1981 00:00,208.7,2
05-07-1981 00:00,218.9,2
06-07-1981 00:00,242.9,2
07-07-1981 00:00,252.3,2
08-07-1981 00:00,242.5,2
09-07-1981 00:00,238.3,2
10-07-1981 00:00,242.2,2
11-07-1981 00:00,231.4,2
12-07-1981 00:00,423.8,2
13-07-1981 00:00,294,2
14-07-1981 00:00,283.4,2
15-07-1981 00:00,293.3,2
16-07-1981 00:00,447.1,2
17-07-1981 00:00,912.5,2
18-07-1981 00:00,945.8,2
19-07-1981 00:00,684.5,2
20-07-1981 00:00,476.2,2
21-07-1981 00:00,447,2
22-07-1981 00:00,461.2,2
23-07-1981 00:00,381.8,2
24-07-1981 00:00,291.3,2
25-07-1981 00:00,610.5,2
26-07-1981 00:00,1202,2
27-07-1981 00:00,785.6,2
28-07-1981 00:00,547.9,2
29-07-1981 00:00,445,2
30-07-1981 00:00,445.2,2
31-07-1981 00:00,323.9,2
01-08-1981 00:00,281.7,2
02-08-1981 00:00,252,2
03-08-1981 00:00,275.8,2
04-08-1981 00:00,284.6,2
05-08-1981 00:00,233.7,2
06-08-1981 00:00,227.9,2
07-08-1981 00:00,236,2
08-08-1981 00:00,237.2,2
09-08-1981 00:00,231.5,2
10-08-1981 00:00,246.4,2
11-08-1981 00:00,282.2,2
12-08-1981 00:00,266.2,2
13-08-1981 00:00,274.7,2
14-08-1981 00:00,262.1,2
15-08-1981 00:00,239.6,2
16-08-1981 00:00,597.7,2
17-08-1981 00:00,905.5,2
18-08-1981 00:00,397,2
19-08-1981 00:00,604.6,2
20-08-1981 00:00,619.4,2
21-08-1981 00:00,1417,2
22-08-1981 00:00,928.8,2
23-08-1981 00:00,730.2,2
24-08-1981 00:00,555.9,2
25-08-1981 00:00,546.7,2
26-08-1981 00:00,492.7,2
27-08-1981 00:00,452.4,2
28-08-1981 00:00,384.5,2
29-08-1981 00:00,296.9,2
30-08-1981 00:00,334.4,2
31-08-1981 00:00,328.3,2
01-09-1981 00:00,288.6,2
02-09-1981 00:00,291.3,2
03-09-1981 00:00,302.3,2
04-09-1981 00:00,290.5,2
05-09-1981 00:00,285.2,2
06-09-1981 00:00,279.9,2
07-09-1981 00:00,282.7,2
08-09-1981 00:00,254.6,2
09-09-1981 00:00,264.9,2
10-09-1981 00:00,252.6,2
11-09-1981 00:00,248,2
12-09-1981 00:00,243.4,2
13-09-1981 00:00,298.8,2
14-09-1981 00:00,285.9,2
15-09-1981 00:00,261.7,2
16-09-1981 00:00,284.2,2
17-09-1981 00:00,261.7,2
18-09-1981 00:00,211.6,2
19-09-1981 00:00,245.7,2
20-09-1981 00:00,355.8,2
21-09-1981 00:00,312.2,2
22-09-1981 00:00,251.3,2
23-09-1981 00:00,320.3,2
24-09-1981 00:00,235.7,2
25-09-1981 00:00,228.9,2
26-09-1981 00:00,215.5,2
27-09-1981 00:00,207.6,2
28-09-1981 00:00,227.5,2
29-09-1981 00:00,440.8,2
30-09-1981 00:00,306.9,2
01-10-1981 00:00,304.1,2
02-10-1981 00:00,293.1,2
03-10-1981 00:00,346.3,2
04-10-1981 00:00,543.2,2
05-10-1981 00:00,391.5,2
06-10-1981 00:00,401.4,2
07-10-1981 00:00,449.8,2
08-10-1981 00:00,583.9,2
09-10-1981 00:00,500.7,2
10-10-1981 00:00,545.7,2
11-10-1981 00:00,404.1,2
12-10-1981 00:00,554.3,2
13-10-1981 00:00,452.4,2
14-10-1981 00:00,473.6,2
15-10-1981 00:00,429.3,2
16-10-1981 00:00,380,2
17-10-1981 00:00,349.7,2
18-10-1981 00:00,331.6,2
19-10-1981 00:00,404.4,2
20-10-1981 00:00,856.1,2
21-10-1981 00:00,792.3,2
22-10-1981 00:00,539.1,2
23-10-1981 00:00,457.9,2
24-10-1981 00:00,620.3,2
25-10-1981 00:00,478.8,2
26-10-1981 00:00,473.6,2
27-10-1981 00:00,418,2
28-10-1981 00:00,453.1,2
29-10-1981 00:00,448.1,2
30-10-1981 00:00,571.8,2
31-10-1981 00:00,566,2
01-11-1981 00:00,655.4,2
02-11-1981 00:00,1234,2
03-11-1981 00:00,911.1,2
04-11-1981 00:00,763.4,2
05-11-1981 00:00,679.5,2
06-11-1981 00:00,567.7,2
07-11-1981 00:00,441.8,2
08-11-1981 00:00,418.5,2
09-11-1981 00:00,418.5,2
10-11-1981 00:00,426.2,2
11-11-1981 00:00,640.1,2
12-11-1981 00:00,640.1,2
13-11-1981 00:00,552.3,2
14-11-1981 00:00,460.3,2
15-11-1981 00:00,388.8,2
16-11-1981 00:00,406.2,2
17-11-1981 00:00,434.1,2
18-11-1981 00:00,444.5,2
19-11-1981 00:00,495.3,2
20-11-1981 00:00,557.8,2
21-11-1981 00:00,520.8,2
22-11-1981 00:00,634.4,2
23-11-1981 00:00,628.6,2
24-11-1981 00:00,664.4,2
25-11-1981 00:00,1233,2
26-11-1981 00:00,1249,2
27-11-1981 00:00,1577,2
28-11-1981 00:00,1435,2
29-11-1981 00:00,1132,2
30-11-1981 00:00,979.7,2
01-12-1981 00:00,943,2
02-12-1981 00:00,804.2,2
03-12-1981 00:00,858.5,2
04-12-1981 00:00,869.1,2
05-12-1981 00:00,805.8,2
06-12-1981 00:00,744.3,2
07-12-1981 00:00,740.1,2
08-12-1981 00:00,721.8,2
09-12-1981 00:00,676.2,2
10-12-1981 00:00,645,2
11-12-1981 00:00,627.4,2
12-12-1981 00:00,571.2,2
13-12-1981 00:00,554.2,2
14-12-1981 00:00,512.6,2
15-12-1981 00:00,472,2
16-12-1981 00:00,410,2
17-12-1981 00:00,398.8,2
18-12-1981 00:00,376.9,2
19-12-1981 00:00,355.5,2
20-12-1981 00:00,345,2
21-12-1981 00:00,344.9,2
22-12-1981 00:00,334.6,2
23-12-1981 00:00,344.8,2
24-12-1981 00:00,355.2,2
25-12-1981 00:00,344.7,2
26-12-1981 00:00,334.4,2
27-12-1981 00:00,324.1,2
28-12-1981 00:00,334.3,2
29-12-1981 00:00,344.5,2
30-12-1981 00:00,354.9,2
31-12-1981 00:00,431.8,2
01-01-1982 00:00,482,2
02-01-1982 00:00,404.5,2
03-01-1982 00:00,558.2,2
04-01-1982 00:00,573.2,2
05-01-1982 00:00,471.7,2
06-01-1982 00:00,430.9,2
07-01-1982 00:00,406,2
08-01-1982 00:00,383,2
09-01-1982 00:00,364,2
10-01-1982 00:00,346,2
11-01-1982 00:00,330,2
12-01-1982 00:00,318,2
13-01-1982 00:00,308,2
14-01-1982 00:00,300,2
15-01-1982 00:00,294,2
16-01-1982 00:00,290,2
17-01-1982 00:00,288,2
18-01-1982 00:00,286,2
19-01-1982 00:00,285,2
20-01-1982 00:00,284,2
21-01-1982 00:00,283,2
22-01-1982 00:00,283,2
23-01-1982 00:00,282,2
24-01-1982 00:00,282,2
25-01-1982 00:00,300,2
26-01-1982 00:00,805,2
27-01-1982 00:00,724.3,2
28-01-1982 00:00,534.4,2
29-01-1982 00:00,579.6,2
30-01-1982 00:00,758.3,2
31-01-1982 00:00,658.3,2
01-02-1982 00:00,553.5,2
02-02-1982 00:00,480.3,2
03-02-1982 00:00,438.5,2
04-02-1982 00:00,398.3,2
05-02-1982 00:00,385.2,2
06-02-1982 00:00,470,2
07-02-1982 00:00,769,2
08-02-1982 00:00,701,2
09-02-1982 00:00,668,2
10-02-1982 00:00,1251,2
11-02-1982 00:00,1195,2
12-02-1982 00:00,1280,2
13-02-1982 00:00,1093,2
14-02-1982 00:00,994.7,2
15-02-1982 00:00,900.2,2
16-02-1982 00:00,851.1,2
17-02-1982 00:00,757.1,2
18-02-1982 00:00,706.1,2
19-02-1982 00:00,672.9,2
20-02-1982 00:00,624.4,2
21-02-1982 00:00,604,2
22-02-1982 00:00,588.4,2
23-02-1982 00:00,573,2
24-02-1982 00:00,538.5,2
25-02-1982 00:00,509.1,2
26-02-1982 00:00,452.2,2
27-02-1982 00:00,385.2,2
28-02-1982 00:00,382,2
01-03-1982 00:00,534.4,2
02-03-1982 00:00,579.6,2
03-03-1982 00:00,805,2
04-03-1982 00:00,931.8,2
05-03-1982 00:00,719.2,2
06-03-1982 00:00,621.7,2
07-03-1982 00:00,570.9,2
08-03-1982 00:00,570.9,2
09-03-1982 00:00,555.8,2
10-03-1982 00:00,581.8,2
11-03-1982 00:00,692.7,2
12-03-1982 00:00,612.6,2
13-03-1982 00:00,676.3,2
14-03-1982 00:00,592.7,2
15-03-1982 00:00,950.9,2
16-03-1982 00:00,932.3,2
17-03-1982 00:00,818.1,2
18-03-1982 00:00,732.4,2
19-03-1982 00:00,650.7,2
20-03-1982 00:00,715.7,2
21-03-1982 00:00,646.1,2
22-03-1982 00:00,599.3,2
23-03-1982 00:00,568.9,2
24-03-1982 00:00,564.7,2
25-03-1982 00:00,535.2,2
26-03-1982 00:00,492.2,2
27-03-1982 00:00,450.8,2
28-03-1982 00:00,420.6,2
29-03-1982 00:00,460.8,2
30-03-1982 00:00,460.8,2
31-03-1982 00:00,430.4,2
01-04-1982 00:00,378.9,2
02-04-1982 00:00,366.4,2
03-04-1982 00:00,342.1,2
04-04-1982 00:00,327.4,2
05-04-1982 00:00,375.8,2
06-04-1982 00:00,413.9,2
07-04-1982 00:00,413.9,2
08-04-1982 00:00,440.2,2
09-04-1982 00:00,494.9,2
10-04-1982 00:00,375.8,2
11-04-1982 00:00,339.2,2
12-04-1982 00:00,315.8,2
13-04-1982 00:00,339.2,2
14-04-1982 00:00,351.2,2
15-04-1982 00:00,351.2,2
16-04-1982 00:00,327.4,2
17-04-1982 00:00,284.4,2
18-04-1982 00:00,273.5,2
19-04-1982 00:00,273.5,2
20-04-1982 00:00,318.5,2
21-04-1982 00:00,284.4,2
22-04-1982 00:00,307,2
23-04-1982 00:00,330.2,2
24-04-1982 00:00,284.4,2
25-04-1982 00:00,262.7,2
26-04-1982 00:00,295.6,2
27-04-1982 00:00,262.7,2
28-04-1982 00:00,262.7,2
29-04-1982 00:00,330.2,2
30-04-1982 00:00,366.4,2
01-05-1982 00:00,378.9,2
02-05-1982 00:00,330.2,2
03-05-1982 00:00,354.2,2
04-05-1982 00:00,342.1,2
05-05-1982 00:00,378.9,2
06-05-1982 00:00,417.2,2
07-05-1982 00:00,470.9,2
08-05-1982 00:00,779.4,2
09-05-1982 00:00,556.4,2
10-05-1982 00:00,502.5,2
11-05-1982 00:00,460.8,2
12-05-1982 00:00,433.8,2
13-05-1982 00:00,407.6,2
14-05-1982 00:00,382,2
15-05-1982 00:00,295.6,2
16-05-1982 00:00,271,2
17-05-1982 00:00,271,2
18-05-1982 00:00,463.6,2
19-05-1982 00:00,463.6,2
20-05-1982 00:00,288,2
21-05-1982 00:00,319.2,2
22-05-1982 00:00,253.4,2
23-05-1982 00:00,339.8,2
24-05-1982 00:00,595.1,2
25-05-1982 00:00,449.5,2
26-05-1982 00:00,291.5,2
27-05-1982 00:00,289,2
28-05-1982 00:00,265.2,2
29-05-1982 00:00,224.7,2
30-05-1982 00:00,185.4,2
31-05-1982 00:00,185.4,2
01-06-1982 00:00,192.6,2
02-06-1982 00:00,190.9,2
03-06-1982 00:00,182,2
04-06-1982 00:00,180.3,2
05-06-1982 00:00,171.6,2
06-06-1982 00:00,161.6,2
07-06-1982 00:00,168.4,2
08-06-1982 00:00,176.9,2
09-06-1982 00:00,175.3,2
10-06-1982 00:00,175.3,2
11-06-1982 00:00,173.6,2
12-06-1982 00:00,397.8,2
13-06-1982 00:00,621.7,2
14-06-1982 00:00,989.4,2
15-06-1982 00:00,530.3,2
16-06-1982 00:00,371.5,2
17-06-1982 00:00,310.5,2
18-06-1982 00:00,284.9,2
19-06-1982 00:00,239.4,2
20-06-1982 00:00,191.5,2
21-06-1982 00:00,205.1,2
22-06-1982 00:00,265.2,2
23-06-1982 00:00,375.8,2
24-06-1982 00:00,356.7,2
25-06-1982 00:00,250.9,2
26-06-1982 00:00,256.2,2
27-06-1982 00:00,320.5,2
28-06-1982 00:00,315.8,2
29-06-1982 00:00,502.3,2
30-06-1982 00:00,389.2,2
01-07-1982 00:00,486,2
02-07-1982 00:00,325.7,2
03-07-1982 00:00,238.4,2
04-07-1982 00:00,220.1,2
05-07-1982 00:00,301.8,2
06-07-1982 00:00,510.1,2
07-07-1982 00:00,400.8,2
08-07-1982 00:00,318.1,2
09-07-1982 00:00,249.3,2
10-07-1982 00:00,219.7,2
11-07-1982 00:00,206.7,2
12-07-1982 00:00,221.7,2
13-07-1982 00:00,215.8,2
14-07-1982 00:00,203.8,2
15-07-1982 00:00,180.6,2
16-07-1982 00:00,176.3,2
17-07-1982 00:00,242,2
18-07-1982 00:00,185.6,2
19-07-1982 00:00,168,2
20-07-1982 00:00,157.8,2
21-07-1982 00:00,159.4,2
22-07-1982 00:00,155.8,2
23-07-1982 00:00,151.2,2
24-07-1982 00:00,151.6,2
25-07-1982 00:00,145,2
26-07-1982 00:00,151.3,2
27-07-1982 00:00,156.4,2
28-07-1982 00:00,150.9,2
29-07-1982 00:00,144.5,2
30-07-1982 00:00,163.3,2
31-07-1982 00:00,153,2
01-08-1982 00:00,131.6,2
02-08-1982 00:00,143.6,2
03-08-1982 00:00,144,2
04-08-1982 00:00,140,2
05-08-1982 00:00,135.2,2
06-08-1982 00:00,136.6,2
07-08-1982 00:00,122.2,2
08-08-1982 00:00,133.8,2
09-08-1982 00:00,155.9,2
10-08-1982 00:00,192.4,2
11-08-1982 00:00,136.6,2
12-08-1982 00:00,122.6,2
13-08-1982 00:00,250.8,2
14-08-1982 00:00,197.4,2
15-08-1982 00:00,111,2
16-08-1982 00:00,278.3,2
17-08-1982 00:00,336.3,2
18-08-1982 00:00,421.7,2
19-08-1982 00:00,441.2,2
20-08-1982 00:00,279.7,2
21-08-1982 00:00,292.4,2
22-08-1982 00:00,232.3,2
23-08-1982 00:00,252.9,2
24-08-1982 00:00,317.2,2
25-08-1982 00:00,290.2,2
26-08-1982 00:00,228.6,2
27-08-1982 00:00,296.7,2
28-08-1982 00:00,243.9,2
29-08-1982 00:00,196.8,2
30-08-1982 00:00,224.4,2
31-08-1982 00:00,253.5,2
01-09-1982 00:00,230.8,2
02-09-1982 00:00,217.4,2
03-09-1982 00:00,237.1,2
04-09-1982 00:00,207.7,2
05-09-1982 00:00,187.9,2
06-09-1982 00:00,479.9,2
07-09-1982 00:00,241.1,2
08-09-1982 00:00,269.8,2
09-09-1982 00:00,178.3,2
10-09-1982 00:00,167.4,2
11-09-1982 00:00,163.6,2
12-09-1982 00:00,148.3,2
13-09-1982 00:00,170.6,2
14-09-1982 00:00,169.3,2
15-09-1982 00:00,169.3,2
16-09-1982 00:00,169.3,2
17-09-1982 00:00,161.5,2
18-09-1982 00:00,155,2
19-09-1982 00:00,155,2
20-09-1982 00:00,180.2,2
21-09-1982 00:00,231.6,2
22-09-1982 00:00,173.4,2
23-09-1982 00:00,165.5,2
24-09-1982 00:00,165.5,2
25-09-1982 00:00,159,2
26-09-1982 00:00,151.5,2
27-09-1982 00:00,184.4,2
28-09-1982 00:00,170.8,2
29-09-1982 00:00,169.6,2
30-09-1982 00:00,169.6,2
01-10-1982 00:00,169.6,2
02-10-1982 00:00,149.2,2
03-10-1982 00:00,149.2,2
04-10-1982 00:00,161.8,2
05-10-1982 00:00,154.3,2
06-10-1982 00:00,154.3,2
07-10-1982 00:00,154.3,2
08-10-1982 00:00,361.5,2
09-10-1982 00:00,236.2,2
10-10-1982 00:00,455.2,2
11-10-1982 00:00,187,2
12-10-1982 00:00,207.4,2
13-10-1982 00:00,316.3,2
14-10-1982 00:00,362.2,2
15-10-1982 00:00,275.5,2
16-10-1982 00:00,263.6,2
17-10-1982 00:00,182,2
18-10-1982 00:00,195.4,2
19-10-1982 00:00,192.3,2
20-10-1982 00:00,284,2
21-10-1982 00:00,280.8,2
22-10-1982 00:00,255.4,2
23-10-1982 00:00,212.8,2
24-10-1982 00:00,417.9,2
25-10-1982 00:00,246.6,2
26-10-1982 00:00,479.9,2
27-10-1982 00:00,314,2
28-10-1982 00:00,285,2
29-10-1982 00:00,287.1,2
30-10-1982 00:00,250.3,2
31-10-1982 00:00,241.6,2
01-11-1982 00:00,250.3,2
02-11-1982 00:00,209.6,2
03-11-1982 00:00,201.5,2
04-11-1982 00:00,193.6,2
05-11-1982 00:00,185.9,2
06-11-1982 00:00,187.4,2
07-11-1982 00:00,172.3,2
08-11-1982 00:00,179.8,2
09-11-1982 00:00,181.2,2
10-11-1982 00:00,181.2,2
11-11-1982 00:00,190.5,2
12-11-1982 00:00,182.7,2
13-11-1982 00:00,297.8,2
14-11-1982 00:00,176.6,2
15-11-1982 00:00,185.7,2
16-11-1982 00:00,237,2
17-11-1982 00:00,254.8,2
18-11-1982 00:00,221.5,2
19-11-1982 00:00,277.4,2
20-11-1982 00:00,402.8,2
21-11-1982 00:00,242.6,2
22-11-1982 00:00,371.9,2
23-11-1982 00:00,281.6,2
24-11-1982 00:00,334.1,2
25-11-1982 00:00,274.2,2
26-11-1982 00:00,266.8,2
27-11-1982 00:00,250.2,2
28-11-1982 00:00,489.9,2
29-11-1982 00:00,280.5,2
30-11-1982 00:00,261.5,2
01-12-1982 00:00,263.5,2
02-12-1982 00:00,256.2,2
03-12-1982 00:00,246.9,2
04-12-1982 00:00,230.8,2
05-12-1982 00:00,232.7,2
06-12-1982 00:00,269.7,2
07-12-1982 00:00,281.5,2
08-12-1982 00:00,281.5,2
09-12-1982 00:00,238.4,2
10-12-1982 00:00,664.1,2
11-12-1982 00:00,858.5,2
12-12-1982 00:00,785.8,2
13-12-1982 00:00,593,2
14-12-1982 00:00,517.9,2
15-12-1982 00:00,854.7,2
16-12-1982 00:00,916.5,2
17-12-1982 00:00,631.3,2
18-12-1982 00:00,472.8,2
19-12-1982 00:00,404.1,2
20-12-1982 00:00,622.3,2
21-12-1982 00:00,889.1,2
22-12-1982 00:00,775.8,2
23-12-1982 00:00,643.2,2
24-12-1982 00:00,545.3,2
25-12-1982 00:00,581.7,2
26-12-1982 00:00,501.2,2
27-12-1982 00:00,685,2
28-12-1982 00:00,662.8,2
29-12-1982 00:00,547.8,2
30-12-1982 00:00,533.6,2
31-12-1982 00:00,505.7,2
01-01-1983 00:00,431.23,2
02-01-1983 00:00,446.292,2
03-01-1983 00:00,516.142,2
04-01-1983 00:00,831.297,2
05-01-1983 00:00,834.661,2
06-01-1983 00:00,720.561,2
07-01-1983 00:00,675.506,2
08-01-1983 00:00,528.156,2
09-01-1983 00:00,559.433,2
10-01-1983 00:00,1295.798,2
11-01-1983 00:00,1038.83,2
12-01-1983 00:00,858.673,2
13-01-1983 00:00,775.715,2
14-01-1983 00:00,696.254,2
15-01-1983 00:00,605.057,2
16-01-1983 00:00,562.756,2
17-01-1983 00:00,705.38,2
18-01-1983 00:00,897.946,2
19-01-1983 00:00,695.23,2
20-01-1983 00:00,650.163,2
21-01-1983 00:00,637.316,2
22-01-1983 00:00,505.358,2
23-01-1983 00:00,465.745,2
24-01-1983 00:00,468.042,2
25-01-1983 00:00,633.131,2
26-01-1983 00:00,574.255,2
27-01-1983 00:00,576.955,2
28-01-1983 00:00,520.181,2
29-01-1983 00:00,582.401,2
30-01-1983 00:00,525.238,2
31-01-1983 00:00,470.418,2
01-02-1983 00:00,669.9,2
02-02-1983 00:00,722.644,2
03-02-1983 00:00,611.905,2
04-02-1983 00:00,553.129,2
05-02-1983 00:00,540.768,2
06-02-1983 00:00,589.21,2
07-02-1983 00:00,531.092,2
08-02-1983 00:00,504.171,2
09-02-1983 00:00,477.749,2
10-02-1983 00:00,465.918,2
11-02-1983 00:00,412.831,2
12-02-1983 00:00,362.243,2
13-02-1983 00:00,314.229,2
14-02-1983 00:00,320,2
15-02-1983 00:00,298.5,2
16-02-1983 00:00,329.063,2
17-02-1983 00:00,315.733,2
18-02-1983 00:00,314.698,2
19-02-1983 00:00,313.667,2
20-02-1983 00:00,312.64,2
21-02-1983 00:00,299.671,2
22-02-1983 00:00,286.959,2
23-02-1983 00:00,286.005,2
24-02-1983 00:00,285.054,2
25-02-1983 00:00,284.107,2
26-02-1983 00:00,283.163,2
27-02-1983 00:00,270.844,2
28-02-1983 00:00,432.215,2
01-03-1983 00:00,501.393,2
02-03-1983 00:00,402.752,2
03-03-1983 00:00,375.437,2
04-03-1983 00:00,348.981,2
05-03-1983 00:00,373.121,2
06-03-1983 00:00,746.134,2
07-03-1983 00:00,661.028,2
08-03-1983 00:00,691.987,2
09-03-1983 00:00,578.805,2
10-03-1983 00:00,608.132,2
11-03-1983 00:00,654.031,2
12-03-1983 00:00,500.042,2
13-03-1983 00:00,456.383,2
14-03-1983 00:00,455.057,2
15-03-1983 00:00,631.232,2
16-03-1983 00:00,629.55,2
17-03-1983 00:00,643.704,2
18-03-1983 00:00,674.1,2
19-03-1983 00:00,563.129,2
20-03-1983 00:00,503.014,2
21-03-1983 00:00,685.05,2
22-03-1983 00:00,818.535,2
23-03-1983 00:00,633.575,2
24-03-1983 00:00,1074.813,2
25-03-1983 00:00,870.24,2
26-03-1983 00:00,716.877,2
27-03-1983 00:00,637.975,2
28-03-1983 00:00,672.041,2
29-03-1983 00:00,1109.514,2
30-03-1983 00:00,1342.244,2
31-03-1983 00:00,1156.046,2
01-04-1983 00:00,925.039,2
02-04-1983 00:00,1101.568,2
03-04-1983 00:00,1291.162,2
04-04-1983 00:00,1656.441,2
05-04-1983 00:00,1234.143,2
06-04-1983 00:00,1174.894,2
07-04-1983 00:00,1283.227,2
08-04-1983 00:00,1020.608,2
09-04-1983 00:00,872.47,2
10-04-1983 00:00,768.237,2
11-04-1983 00:00,896.09,2
12-04-1983 00:00,808.133,2
13-04-1983 00:00,758.059,2
14-04-1983 00:00,709.231,2
15-04-1983 00:00,694.72,2
16-04-1983 00:00,615.39,2
17-04-1983 00:00,585.919,2
18-04-1983 00:00,603.615,2
19-04-1983 00:00,589.891,2
20-04-1983 00:00,901.645,2
21-04-1983 00:00,736.395,2
22-04-1983 00:00,665.664,2
23-04-1983 00:00,598.123,2
24-04-1983 00:00,548.846,2
25-04-1983 00:00,545.902,2
26-04-1983 00:00,470.149,2
27-04-1983 00:00,570.294,2
28-04-1983 00:00,629.543,2
29-04-1983 00:00,549.222,2
30-04-1983 00:00,607.418,2
01-05-1983 00:00,499.564,2
02-05-1983 00:00,585.774,2
03-05-1983 00:00,677.384,2
04-05-1983 00:00,826.548,2
05-05-1983 00:00,686.926,2
06-05-1983 00:00,619.824,2
07-05-1983 00:00,541.079,2
08-05-1983 00:00,495.088,2
09-05-1983 00:00,535.455,2
10-05-1983 00:00,577.028,2
11-05-1983 00:00,732.179,2
12-05-1983 00:00,616.699,2
13-05-1983 00:00,553.484,2
14-05-1983 00:00,705.413,2
15-05-1983 00:00,547.845,2
16-05-1983 00:00,574.46,2
17-05-1983 00:00,778.019,2
18-05-1983 00:00,676.068,2
19-05-1983 00:00,580.642,2
20-05-1983 00:00,487.879,2
21-05-1983 00:00,402.917,2
22-05-1983 00:00,422.621,2
23-05-1983 00:00,355.767,2
24-05-1983 00:00,449.649,2
25-05-1983 00:00,456.728,2
26-05-1983 00:00,412.701,2
27-05-1983 00:00,419.623,2
28-05-1983 00:00,377.774,2
29-05-1983 00:00,640.302,2
30-05-1983 00:00,532.666,2
31-05-1983 00:00,472.968,2
01-06-1983 00:00,429.219,2
02-06-1983 00:00,387.737,2
03-06-1983 00:00,382.698,2
04-06-1983 00:00,322.141,2
05-06-1983 00:00,534.808,2
06-06-1983 00:00,345.747,2
07-06-1983 00:00,319.813,2
08-06-1983 00:00,326.086,2
09-06-1983 00:00,387.617,2
10-06-1983 00:00,382.747,2
11-06-1983 00:00,313.418,2
12-06-1983 00:00,299.226,2
13-06-1983 00:00,295.289,2
14-06-1983 00:00,301.3,2
15-06-1983 00:00,277.407,2
16-06-1983 00:00,341.754,2
17-06-1983 00:00,542.63,2
18-06-1983 00:00,292.871,2
19-06-1983 00:00,236.545,2
20-06-1983 00:00,267.058,2
21-06-1983 00:00,246.791,2
22-06-1983 00:00,248.87,2
23-06-1983 00:00,233.554,2
24-06-1983 00:00,205.648,2
25-06-1983 00:00,188.159,2
26-06-1983 00:00,172.268,2
27-06-1983 00:00,245.089,2
28-06-1983 00:00,375.51,2
29-06-1983 00:00,304.443,2
30-06-1983 00:00,251.06,2
01-07-1983 00:00,325.224,2
02-07-1983 00:00,258.898,2
03-07-1983 00:00,246.594,2
04-07-1983 00:00,219.179,2
05-07-1983 00:00,224.527,2
06-07-1983 00:00,192.906,2
07-07-1983 00:00,185.527,2
08-07-1983 00:00,200,2
09-07-1983 00:00,183.633,2
10-07-1983 00:00,182.264,2
11-07-1983 00:00,194.705,2
12-07-1983 00:00,193.099,2
13-07-1983 00:00,190.984,2
14-07-1983 00:00,188.928,2
15-07-1983 00:00,174.2,2
16-07-1983 00:00,158.206,2
17-07-1983 00:00,154.537,2
18-07-1983 00:00,187.102,2
19-07-1983 00:00,176.738,2
20-07-1983 00:00,149.563,2
21-07-1983 00:00,146.129,2
22-07-1983 00:00,142.775,2
23-07-1983 00:00,139.5,2
24-07-1983 00:00,136.301,2
25-07-1983 00:00,143.548,2
26-07-1983 00:00,145.56,2
27-07-1983 00:00,152.943,2
28-07-1983 00:00,160.456,2
29-07-1983 00:00,168.099,2
30-07-1983 00:00,158.955,2
31-07-1983 00:00,139.863,2
01-08-1983 00:00,146.916,2
02-08-1983 00:00,154.099,2
03-08-1983 00:00,161.41,2
04-08-1983 00:00,147.543,2
05-08-1983 00:00,154.632,2
06-08-1983 00:00,141.266,2
07-08-1983 00:00,138.228,2
08-08-1983 00:00,154.942,2
09-08-1983 00:00,151.502,2
10-08-1983 00:00,148.138,2
11-08-1983 00:00,140,2
12-08-1983 00:00,140,2
13-08-1983 00:00,140,2
14-08-1983 00:00,147.408,2
15-08-1983 00:00,155.029,2
16-08-1983 00:00,162.864,2
17-08-1983 00:00,225.835,2
18-08-1983 00:00,137.002,2
19-08-1983 00:00,137.716,2
20-08-1983 00:00,131.889,2
21-08-1983 00:00,126.167,2
22-08-1983 00:00,146.637,2
23-08-1983 00:00,147.395,2
24-08-1983 00:00,141.345,2
25-08-1983 00:00,148.925,2
26-08-1983 00:00,149.696,2
27-08-1983 00:00,143.573,2
28-08-1983 00:00,130.944,2
29-08-1983 00:00,145.08,2
30-08-1983 00:00,152.825,2
31-08-1983 00:00,146.604,2
01-09-1983 00:00,154.417,2
02-09-1983 00:00,162.453,2
03-09-1983 00:00,148.923,2
04-09-1983 00:00,375.521,2
05-09-1983 00:00,334.275,2
06-09-1983 00:00,315.191,2
07-09-1983 00:00,267.764,2
08-09-1983 00:00,175.123,2
09-09-1983 00:00,291.168,2
10-09-1983 00:00,156.56,2
11-09-1983 00:00,144.002,2
12-09-1983 00:00,167.876,2
13-09-1983 00:00,218.974,2
14-09-1983 00:00,171.903,2
15-09-1983 00:00,241.949,2
16-09-1983 00:00,282.904,2
17-09-1983 00:00,348.726,2
18-09-1983 00:00,213.883,2
19-09-1983 00:00,225.261,2
20-09-1983 00:00,255.796,2
21-09-1983 00:00,278.302,2
22-09-1983 00:00,556.177,2
23-09-1983 00:00,235.835,2
24-09-1983 00:00,193.721,2
25-09-1983 00:00,179.175,2
26-09-1983 00:00,189.831,2
27-09-1983 00:00,183.636,2
28-09-1983 00:00,185.913,2
29-09-1983 00:00,179.709,2
30-09-1983 00:00,165.309,2
01-10-1983 00:00,135.973,2
02-10-1983 00:00,204.299,2
03-10-1983 00:00,180.257,2
04-10-1983 00:00,157.374,2
05-10-1983 00:00,151.34,2
06-10-1983 00:00,214.639,2
07-10-1983 00:00,288.206,2
08-10-1983 00:00,313.651,2
09-10-1983 00:00,194.58,2
10-10-1983 00:00,320.964,2
11-10-1983 00:00,267.028,2
12-10-1983 00:00,198.461,2
13-10-1983 00:00,290.312,2
14-10-1983 00:00,190.618,2
15-10-1983 00:00,182.229,2
16-10-1983 00:00,165.285,2
17-10-1983 00:00,165.883,2
18-10-1983 00:00,193.309,2
19-10-1983 00:00,330.102,2
20-10-1983 00:00,185.485,2
21-10-1983 00:00,168.302,2
22-10-1983 00:00,168.913,2
23-10-1983 00:00,160.847,2
24-10-1983 00:00,170.142,2
25-10-1983 00:00,227.226,2
26-10-1983 00:00,238.112,2
27-10-1983 00:00,172.006,2
28-10-1983 00:00,190.837,2
29-10-1983 00:00,155.795,2
30-10-1983 00:00,165.035,2
31-10-1983 00:00,183.61,2
01-11-1983 00:00,175.164,2
02-11-1983 00:00,184.939,2
03-11-1983 00:00,176.484,2
04-11-1983 00:00,168.175,2
05-11-1983 00:00,168.833,2
06-11-1983 00:00,160.648,2
07-11-1983 00:00,170.159,2
08-11-1983 00:00,170.826,2
09-11-1983 00:00,162.566,2
10-11-1983 00:00,163.211,2
11-11-1983 00:00,163.859,2
12-11-1983 00:00,155.698,2
13-11-1983 00:00,147.691,2
14-11-1983 00:00,165.821,2
15-11-1983 00:00,597.727,2
16-11-1983 00:00,235.282,2
17-11-1983 00:00,205.666,2
18-11-1983 00:00,206.453,2
19-11-1983 00:00,187.792,2
20-11-1983 00:00,260.289,2
21-11-1983 00:00,208.835,2
22-11-1983 00:00,251.291,2
23-11-1983 00:00,252.219,2
24-11-1983 00:00,220.563,2
25-11-1983 00:00,297.05,2
26-11-1983 00:00,659.777,2
27-11-1983 00:00,777.161,2
28-11-1983 00:00,580.757,2
29-11-1983 00:00,395.696,2
30-11-1983 00:00,332.537,2
01-12-1983 00:00,262.921,2
02-12-1983 00:00,241.234,2
03-12-1983 00:00,241.206,2
04-12-1983 00:00,273.952,2
05-12-1983 00:00,262.805,2
06-12-1983 00:00,251.853,2
07-12-1983 00:00,241.098,2
08-12-1983 00:00,296.634,2
09-12-1983 00:00,549.819,2
10-12-1983 00:00,564.859,2
11-12-1983 00:00,356.828,2
12-12-1983 00:00,344.362,2
13-12-1983 00:00,332.115,2
14-12-1983 00:00,273.706,2
15-12-1983 00:00,332.108,2
16-12-1983 00:00,285.002,2
17-12-1983 00:00,240.949,2
18-12-1983 00:00,230.42,2
19-12-1983 00:00,382.174,2
20-12-1983 00:00,864.807,2
21-12-1983 00:00,549.622,2
22-12-1983 00:00,519.956,2
23-12-1983 00:00,724.843,2
24-12-1983 00:00,534.691,2
25-12-1983 00:00,519.942,2
26-12-1983 00:00,435.134,2
27-12-1983 00:00,476.742,2
28-12-1983 00:00,435.126,2
29-12-1983 00:00,395.112,2
30-12-1983 00:00,421.602,2
31-12-1983 00:00,421.598,2
01-01-1984 00:00,393.149,2
02-01-1984 00:00,406.147,2
03-01-1984 00:00,842.881,2
04-01-1984 00:00,576.886,2
05-01-1984 00:00,502.477,2
06-01-1984 00:00,576.602,2
07-01-1984 00:00,576.46,2
08-01-1984 00:00,754.436,2
09-01-1984 00:00,654.634,2
10-01-1984 00:00,501.838,2
11-01-1984 00:00,654.324,2
12-01-1984 00:00,654.169,2
13-01-1984 00:00,736.573,2
14-01-1984 00:00,702.892,2
15-01-1984 00:00,770.394,2
16-01-1984 00:00,653.548,2
17-01-1984 00:00,894.635,2
18-01-1984 00:00,735.729,2
19-01-1984 00:00,590.092,2
20-01-1984 00:00,544.485,2
21-01-1984 00:00,486.144,2
22-01-1984 00:00,457.964,2
23-01-1984 00:00,430.5,2
24-01-1984 00:00,416.982,2
25-01-1984 00:00,403.648,2
26-01-1984 00:00,390.499,2
27-01-1984 00:00,377.536,2
28-01-1984 00:00,429.932,2
29-01-1984 00:00,457.132,2
30-01-1984 00:00,603.98,2
31-01-1984 00:00,603.834,2
01-02-1984 00:00,733.372,2
02-02-1984 00:00,700.214,2
03-02-1984 00:00,892.339,2
04-02-1984 00:00,874.393,2
05-02-1984 00:00,1025.112,2
06-02-1984 00:00,967.851,2
07-02-1984 00:00,968.171,2
08-02-1984 00:00,930.857,2
09-02-1984 00:00,804.395,2
10-02-1984 00:00,653.252,2
11-02-1984 00:00,559.975,2
12-02-1984 00:00,501.228,2
13-02-1984 00:00,545.406,2
14-02-1984 00:00,560.625,2
15-02-1984 00:00,530.991,2
16-02-1984 00:00,473.549,2
17-02-1984 00:00,418.878,2
18-02-1984 00:00,392.682,2
19-02-1984 00:00,379.929,2
20-02-1984 00:00,342.415,2
21-02-1984 00:00,318.361,2
22-02-1984 00:00,318.503,2
23-02-1984 00:00,306.815,2
24-02-1984 00:00,306.952,2
25-02-1984 00:00,295.44,2
26-02-1984 00:00,295.574,2
27-02-1984 00:00,319.213,2
28-02-1984 00:00,307.505,2
29-02-1984 00:00,307.643,2
01-03-1984 00:00,319.64,2
02-03-1984 00:00,344.069,2
03-03-1984 00:00,519.809,2
04-03-1984 00:00,382.209,2
05-03-1984 00:00,395.355,2
06-03-1984 00:00,369.732,2
07-03-1984 00:00,369.891,2
08-03-1984 00:00,320.581,2
09-03-1984 00:00,297.078,2
10-03-1984 00:00,297.159,2
11-03-1984 00:00,274.399,2
12-03-1984 00:00,285.801,2
13-03-1984 00:00,285.879,2
14-03-1984 00:00,274.625,2
15-03-1984 00:00,274.701,2
16-03-1984 00:00,297.64,2
17-03-1984 00:00,297.72,2
18-03-1984 00:00,286.269,2
19-03-1984 00:00,297.881,2
20-03-1984 00:00,286.425,2
21-03-1984 00:00,286.503,2
22-03-1984 00:00,275.23,2
23-03-1984 00:00,253.177,2
24-03-1984 00:00,231.895,2
25-03-1984 00:00,231.961,2
26-03-1984 00:00,232.028,2
27-03-1984 00:00,298.525,2
28-03-1984 00:00,287.05,2
29-03-1984 00:00,451.878,2
30-03-1984 00:00,346.899,2
31-03-1984 00:00,346.99,2
01-04-1984 00:00,322.63,2
02-04-1984 00:00,299.01,2
03-04-1984 00:00,438.654,2
04-04-1984 00:00,411.74,2
05-04-1984 00:00,322.973,2
06-04-1984 00:00,347.534,2
07-04-1984 00:00,412.05,2
08-04-1984 00:00,347.715,2
09-04-1984 00:00,399.002,2
10-04-1984 00:00,347.897,2
11-04-1984 00:00,335.645,2
12-04-1984 00:00,335.733,2
13-04-1984 00:00,299.9,2
14-04-1984 00:00,254.743,2
15-04-1984 00:00,254.815,2
16-04-1984 00:00,277.13,2
17-04-1984 00:00,288.62,2
18-04-1984 00:00,266.059,2
19-04-1984 00:00,244.264,2
20-04-1984 00:00,244.333,2
21-04-1984 00:00,244.402,2
22-04-1984 00:00,244.472,2
23-04-1984 00:00,255.387,2
24-04-1984 00:00,255.459,2
25-04-1984 00:00,255.531,2
26-04-1984 00:00,255.602,2
27-04-1984 00:00,244.818,2
28-04-1984 00:00,223.763,2
29-04-1984 00:00,213.562,2
30-04-1984 00:00,223.893,2
01-05-1984 00:00,234.428,2
02-05-1984 00:00,245.166,2
03-05-1984 00:00,224.087,2
04-05-1984 00:00,203.799,2
05-05-1984 00:00,203.859,2
06-05-1984 00:00,194.042,2
07-05-1984 00:00,267.469,2
08-05-1984 00:00,214.266,2
09-05-1984 00:00,204.373,2
10-05-1984 00:00,214.676,2
11-05-1984 00:00,214.881,2
12-05-1984 00:00,195.047,2
13-05-1984 00:00,195.237,2
14-05-1984 00:00,205.361,2
15-05-1984 00:00,215.703,2
16-05-1984 00:00,205.758,2
17-05-1984 00:00,196.001,2
18-05-1984 00:00,186.434,2
19-05-1984 00:00,405.857,2
20-05-1984 00:00,216.737,2
21-05-1984 00:00,216.945,2
22-05-1984 00:00,187.172,2
23-05-1984 00:00,238.378,2
24-05-1984 00:00,249.419,2
25-05-1984 00:00,381.479,2
26-05-1984 00:00,260.913,2
27-05-1984 00:00,239.275,2
28-05-1984 00:00,218.404,2
29-05-1984 00:00,198.313,2
30-05-1984 00:00,188.657,2
31-05-1984 00:00,216.309,2
01-06-1984 00:00,734.744,2
02-06-1984 00:00,253.313,2
03-06-1984 00:00,219.074,2
04-06-1984 00:00,206.609,2
05-06-1984 00:00,194.556,2
06-06-1984 00:00,489.629,2
07-06-1984 00:00,635.161,2
08-06-1984 00:00,392.401,2
09-06-1984 00:00,265.251,2
10-06-1984 00:00,235.52,2
11-06-1984 00:00,217.361,2
12-06-1984 00:00,191.512,2
13-06-1984 00:00,300,2
14-06-1984 00:00,298.769,2
15-06-1984 00:00,259.162,2
16-06-1984 00:00,183.46,2
17-06-1984 00:00,172.169,2
18-06-1984 00:00,176.575,2
19-06-1984 00:00,180.904,2
20-06-1984 00:00,170.465,2
21-06-1984 00:00,228.498,2
22-06-1984 00:00,208.64,2
23-06-1984 00:00,373.758,2
24-06-1984 00:00,570.189,2
25-06-1984 00:00,487.776,2
26-06-1984 00:00,353.374,2
27-06-1984 00:00,293.082,2
28-06-1984 00:00,239.967,2
29-06-1984 00:00,275.388,2
30-06-1984 00:00,184.359,2
01-07-1984 00:00,163.393,2
02-07-1984 00:00,173.347,2
03-07-1984 00:00,209.3,2
04-07-1984 00:00,187.285,2
05-07-1984 00:00,196,2
06-07-1984 00:00,183.938,2
07-07-1984 00:00,187.288,2
08-07-1984 00:00,190.616,2
09-07-1984 00:00,210.866,2
10-07-1984 00:00,240.772,2
11-07-1984 00:00,280,2
12-07-1984 00:00,228,2
13-07-1984 00:00,204,2
14-07-1984 00:00,224,2
15-07-1984 00:00,194,2
16-07-1984 00:00,185,2
17-07-1984 00:00,213,2
18-07-1984 00:00,176,2
19-07-1984 00:00,172,2
20-07-1984 00:00,178,2
21-07-1984 00:00,177.885,2
22-07-1984 00:00,180.962,2
23-07-1984 00:00,191.391,2
24-07-1984 00:00,187.085,2
25-07-1984 00:00,175.791,2
26-07-1984 00:00,165,2
27-07-1984 00:00,162,2
28-07-1984 00:00,160,2
29-07-1984 00:00,146.938,2
30-07-1984 00:00,157.808,2
31-07-1984 00:00,152.85,2
01-08-1984 00:00,148.078,2
02-08-1984 00:00,166.471,2
03-08-1984 00:00,202.289,2
04-08-1984 00:00,173.475,2
05-08-1984 00:00,147.111,2
06-08-1984 00:00,206.55,2
07-08-1984 00:00,155.144,2
08-08-1984 00:00,137.668,2
09-08-1984 00:00,127.968,2
10-08-1984 00:00,125.174,2
11-08-1984 00:00,122.45,2
12-08-1984 00:00,119.795,2
13-08-1984 00:00,136.435,2
14-08-1984 00:00,133.579,2
15-08-1984 00:00,150.758,2
16-08-1984 00:00,147.706,2
17-08-1984 00:00,131.701,2
18-08-1984 00:00,116.796,2
19-08-1984 00:00,114.367,2
20-08-1984 00:00,117.822,2
21-08-1984 00:00,159.623,2
22-08-1984 00:00,137.038,2
23-08-1984 00:00,128.229,2
24-08-1984 00:00,119.819,2
25-08-1984 00:00,117.435,2
26-08-1984 00:00,115.105,2
27-08-1984 00:00,130.032,2
28-08-1984 00:00,133.452,2
29-08-1984 00:00,187.2,2
30-08-1984 00:00,178.488,2
31-08-1984 00:00,170,2
01-09-1984 00:00,170,2
02-09-1984 00:00,169.456,2
03-09-1984 00:00,300.215,2
04-09-1984 00:00,320.83,2
05-09-1984 00:00,462.45,2
06-09-1984 00:00,175.479,2
07-09-1984 00:00,150.991,2
08-09-1984 00:00,191.174,2
09-09-1984 00:00,157.771,2
10-09-1984 00:00,234.843,2
11-09-1984 00:00,215.731,2
12-09-1984 00:00,180.415,2
13-09-1984 00:00,179.853,2
14-09-1984 00:00,260.795,2
15-09-1984 00:00,147.119,2
16-09-1984 00:00,139.201,2
17-09-1984 00:00,153.769,2
18-09-1984 00:00,153.277,2
19-09-1984 00:00,307.76,2
20-09-1984 00:00,256.333,2
21-09-1984 00:00,295.638,2
22-09-1984 00:00,191.459,2
23-09-1984 00:00,158.505,2
24-09-1984 00:00,216.324,2
25-09-1984 00:00,173.267,2
26-09-1984 00:00,252.061,2
27-09-1984 00:00,333.176,2
28-09-1984 00:00,179.97,2
29-09-1984 00:00,171.424,2
30-09-1984 00:00,179.021,2
01-10-1984 00:00,281.723,2
02-10-1984 00:00,461.682,2
03-10-1984 00:00,504.965,2
04-10-1984 00:00,358.645,2
05-10-1984 00:00,384.75,2
06-10-1984 00:00,311.959,2
07-10-1984 00:00,336.606,2
08-10-1984 00:00,387.468,2
09-10-1984 00:00,468.974,2
10-10-1984 00:00,269.278,2
11-10-1984 00:00,403.244,2
12-10-1984 00:00,353.047,2
13-10-1984 00:00,317.401,2
14-10-1984 00:00,318.188,2
15-10-1984 00:00,272.753,2
16-10-1984 00:00,230.211,2
17-10-1984 00:00,210.34,2
18-10-1984 00:00,263.718,2
19-10-1984 00:00,451.605,2
20-10-1984 00:00,359.948,2
21-10-1984 00:00,254.763,2
22-10-1984 00:00,300.765,2
23-10-1984 00:00,557.67,2
24-10-1984 00:00,302.295,2
25-10-1984 00:00,327.015,2
26-10-1984 00:00,327.833,2
27-10-1984 00:00,281.327,2
28-10-1984 00:00,259.503,2
29-10-1984 00:00,355.194,2
30-10-1984 00:00,283.525,2
31-10-1984 00:00,294.822,2
01-11-1984 00:00,282.911,2
02-11-1984 00:00,271.213,2
03-11-1984 00:00,259.73,2
04-11-1984 00:00,259.443,2
05-11-1984 00:00,259.158,2
06-11-1984 00:00,237.145,2
07-11-1984 00:00,236.879,2
08-11-1984 00:00,226.066,2
09-11-1984 00:00,225.81,2
10-11-1984 00:00,205.1,2
11-11-1984 00:00,246.536,2
12-11-1984 00:00,225.044,2
13-11-1984 00:00,224.79,2
14-11-1984 00:00,224.536,2
15-11-1984 00:00,224.282,2
16-11-1984 00:00,203.685,2
17-11-1984 00:00,203.45,2
18-11-1984 00:00,193.366,2
19-11-1984 00:00,244.359,2
20-11-1984 00:00,233.454,2
21-11-1984 00:00,233.194,2
22-11-1984 00:00,222.516,2
23-11-1984 00:00,696.681,2
24-11-1984 00:00,870.183,2
25-11-1984 00:00,465.695,2
26-11-1984 00:00,371.508,2
27-11-1984 00:00,321.611,2
28-11-1984 00:00,297.654,2
29-11-1984 00:00,274.495,2
30-11-1984 00:00,263.074,2
01-12-1984 00:00,262.789,2
02-12-1984 00:00,240.872,2
03-12-1984 00:00,273.318,2
04-12-1984 00:00,307.437,2
05-12-1984 00:00,318.955,2
06-12-1984 00:00,367.803,2
07-12-1984 00:00,330.303,2
08-12-1984 00:00,249.947,2
09-12-1984 00:00,271.566,2
10-12-1984 00:00,260.243,2
11-12-1984 00:00,249.131,2
12-12-1984 00:00,228.427,2
13-12-1984 00:00,239.269,2
14-12-1984 00:00,229.177,2
15-12-1984 00:00,219.255,2
16-12-1984 00:00,209.507,2
17-12-1984 00:00,240.829,2
18-12-1984 00:00,296.812,2
19-12-1984 00:00,263.299,2
20-12-1984 00:00,521.885,2
21-12-1984 00:00,522.595,2
22-12-1984 00:00,359.278,2
23-12-1984 00:00,322.842,2
24-12-1984 00:00,335.489,2
25-12-1984 00:00,323.832,2
26-12-1984 00:00,336.509,2
27-12-1984 00:00,324.826,2
28-12-1984 00:00,301.47,2
29-12-1984 00:00,290.284,2
30-12-1984 00:00,279.262,2
31-12-1984 00:00,268.407,2
01-01-1985 00:00,234.834,2
02-01-1985 00:00,234.732,2
03-01-1985 00:00,234.627,2
04-01-1985 00:00,213.78,2
05-01-1985 00:00,213.684,2
06-01-1985 00:00,203.527,2
07-01-1985 00:00,193.58,2
08-01-1985 00:00,193.494,2
09-01-1985 00:00,223.558,2
10-01-1985 00:00,203.164,2
11-01-1985 00:00,213.116,2
12-01-1985 00:00,183.516,2
13-01-1985 00:00,164.801,2
14-01-1985 00:00,164.725,2
15-01-1985 00:00,164.652,2
16-01-1985 00:00,183.188,2
17-01-1985 00:00,183.105,2
18-01-1985 00:00,192.63,2
19-01-1985 00:00,192.543,2
20-01-1985 00:00,155.303,2
21-01-1985 00:00,164.204,2
22-01-1985 00:00,276.23,2
23-01-1985 00:00,222.18,2
24-01-1985 00:00,192.113,2
25-01-1985 00:00,192.029,2
26-01-1985 00:00,172.996,2
27-01-1985 00:00,172.919,2
28-01-1985 00:00,201.541,2
29-01-1985 00:00,191.685,2
30-01-1985 00:00,867.881,2
31-01-1985 00:00,904.23,2
01-02-1985 00:00,1177.9,2
02-02-1985 00:00,1177.521,2
03-02-1985 00:00,830,2
04-02-1985 00:00,560,2
05-02-1985 00:00,463.773,2
06-02-1985 00:00,395.984,2
07-02-1985 00:00,382.843,2
08-02-1985 00:00,320,2
09-02-1985 00:00,310,2
10-02-1985 00:00,300,2
11-02-1985 00:00,290,2
12-02-1985 00:00,280,2
13-02-1985 00:00,270,2
14-02-1985 00:00,260,2
15-02-1985 00:00,255,2
16-02-1985 00:00,250,2
17-02-1985 00:00,240,2
18-02-1985 00:00,235,2
19-02-1985 00:00,230,2
20-02-1985 00:00,225,2
21-02-1985 00:00,220,2
22-02-1985 00:00,215,2
23-02-1985 00:00,210,2
24-02-1985 00:00,342.519,2
25-02-1985 00:00,271.615,2
26-02-1985 00:00,207.411,2
27-02-1985 00:00,218.74,2
28-02-1985 00:00,209.243,2
01-03-1985 00:00,231.344,2
02-03-1985 00:00,211.095,2
03-03-1985 00:00,460.757,2
04-03-1985 00:00,353.407,2
05-03-1985 00:00,354.799,2
06-03-1985 00:00,381.067,2
07-03-1985 00:00,585.224,2
08-03-1985 00:00,493.487,2
09-03-1985 00:00,381.209,2
10-03-1985 00:00,355.032,2
11-03-1985 00:00,394.701,2
12-03-1985 00:00,342.294,2
13-03-1985 00:00,329.703,2
14-03-1985 00:00,329.746,2
15-03-1985 00:00,422.259,2
16-03-1985 00:00,381.545,2
17-03-1985 00:00,329.881,2
18-03-1985 00:00,305.221,2
19-03-1985 00:00,342.614,2
20-03-1985 00:00,355.497,2
21-03-1985 00:00,408.783,2
22-03-1985 00:00,465.05,2
23-03-1985 00:00,509.171,2
24-03-1985 00:00,602.156,2
25-03-1985 00:00,554.958,2
26-03-1985 00:00,570.596,2
27-03-1985 00:00,806.68,2
28-03-1985 00:00,667.821,2
29-03-1985 00:00,602.456,2
30-03-1985 00:00,570.829,2
31-03-1985 00:00,1095.375,2
01-04-1985 00:00,956.425,2
02-04-1985 00:00,1055.032,2
03-04-1985 00:00,861.987,2
04-04-1985 00:00,807.23,2
05-04-1985 00:00,719.195,2
06-04-1985 00:00,843.759,2
07-04-1985 00:00,862.271,2
08-04-1985 00:00,976.348,2
09-04-1985 00:00,1178.968,2
10-04-1985 00:00,1221.403,2
11-04-1985 00:00,937.931,2
12-04-1985 00:00,825.904,2
13-04-1985 00:00,737.012,2
14-04-1985 00:00,702.652,2
15-04-1985 00:00,652.333,2
16-04-1985 00:00,603.535,2
17-04-1985 00:00,587.654,2
18-04-1985 00:00,540.922,2
19-04-1985 00:00,495.775,2
20-04-1985 00:00,481.116,2
21-04-1985 00:00,424.129,2
22-04-1985 00:00,466.692,2
23-04-1985 00:00,572.131,2
24-04-1985 00:00,510.712,2
25-04-1985 00:00,481.034,2
26-04-1985 00:00,510.551,2
27-04-1985 00:00,525.533,2
28-04-1985 00:00,423.796,2
29-04-1985 00:00,409.934,2
30-04-1985 00:00,603.21,2
01-05-1985 00:00,603.118,2
02-05-1985 00:00,880.808,2
03-05-1985 00:00,587.008,2
04-05-1985 00:00,495.033,2
05-05-1985 00:00,465.75,2
06-05-1985 00:00,437.198,2
07-05-1985 00:00,451.272,2
08-05-1985 00:00,480.03,2
09-05-1985 00:00,465.448,2
10-05-1985 00:00,494.559,2
11-05-1985 00:00,422.884,2
12-05-1985 00:00,395.462,2
13-05-1985 00:00,355.774,2
14-05-1985 00:00,343.214,2
15-05-1985 00:00,318.372,2
16-05-1985 00:00,282.401,2
17-05-1985 00:00,282.631,2
18-05-1985 00:00,271.169,2
19-05-1985 00:00,237.501,2
20-05-1985 00:00,237.703,2
21-05-1985 00:00,237.905,2
22-05-1985 00:00,238.106,2
23-05-1985 00:00,227.392,2
24-05-1985 00:00,227.587,2
25-05-1985 00:00,217.059,2
26-05-1985 00:00,206.726,2
27-05-1985 00:00,196.592,2
28-05-1985 00:00,217.623,2
29-05-1985 00:00,228.564,2
30-05-1985 00:00,218.001,2
31-05-1985 00:00,218.19,2
01-06-1985 00:00,197.464,2
02-06-1985 00:00,197.639,2
03-06-1985 00:00,218.758,2
04-06-1985 00:00,194.333,2
05-06-1985 00:00,201.007,2
06-06-1985 00:00,228.605,2
07-06-1985 00:00,224.786,2
08-06-1985 00:00,372.608,2
09-06-1985 00:00,317.6,2
10-06-1985 00:00,301,2
11-06-1985 00:00,344.027,2
12-06-1985 00:00,388.975,2
13-06-1985 00:00,422.425,2
14-06-1985 00:00,329.086,2
15-06-1985 00:00,226.159,2
16-06-1985 00:00,222.597,2
17-06-1985 00:00,209.388,2
18-06-1985 00:00,196.676,2
19-06-1985 00:00,193.547,2
20-06-1985 00:00,196.895,2
21-06-1985 00:00,228.428,2
22-06-1985 00:00,203.473,2
23-06-1985 00:00,197.716,2
24-06-1985 00:00,219.054,2
25-06-1985 00:00,356.379,2
26-06-1985 00:00,405.826,2
27-06-1985 00:00,307.077,2
28-06-1985 00:00,222.406,2
29-06-1985 00:00,216.593,2
30-06-1985 00:00,194.076,2
01-07-1985 00:00,205.483,2
02-07-1985 00:00,208.509,2
03-07-1985 00:00,202.52,2
04-07-1985 00:00,197.058,2
05-07-1985 00:00,199.468,2
06-07-1985 00:00,173.593,2
07-07-1985 00:00,190,2
08-07-1985 00:00,190,2
09-07-1985 00:00,190,2
10-07-1985 00:00,183.629,2
11-07-1985 00:00,196.009,2
12-07-1985 00:00,198.943,2
13-07-1985 00:00,201.835,2
14-07-1985 00:00,195.484,2
15-07-1985 00:00,637.905,2
16-07-1985 00:00,229.044,2
17-07-1985 00:00,231.697,2
18-07-1985 00:00,172.317,2
19-07-1985 00:00,183.458,2
20-07-1985 00:00,186.238,2
21-07-1985 00:00,157.021,2
22-07-1985 00:00,175.422,2
23-07-1985 00:00,337.117,2
24-07-1985 00:00,213.895,2
25-07-1985 00:00,183.525,2
26-07-1985 00:00,178.355,2
27-07-1985 00:00,221.576,2
28-07-1985 00:00,183.6,2
29-07-1985 00:00,329.062,2
30-07-1985 00:00,463.707,2
31-07-1985 00:00,215.034,2
01-08-1985 00:00,171.585,2
02-08-1985 00:00,160.027,2
03-08-1985 00:00,264.757,2
04-08-1985 00:00,201.41,2
05-08-1985 00:00,196.333,2
06-08-1985 00:00,198.796,2
07-08-1985 00:00,197.265,2
08-08-1985 00:00,216.509,2
09-08-1985 00:00,195.441,2
10-08-1985 00:00,194.467,2
11-08-1985 00:00,305.896,2
12-08-1985 00:00,230.174,2
13-08-1985 00:00,183.118,2
14-08-1985 00:00,199.831,2
15-08-1985 00:00,605.382,2
16-08-1985 00:00,181.365,2
17-08-1985 00:00,590.244,2
18-08-1985 00:00,296.991,2
19-08-1985 00:00,275.219,2
20-08-1985 00:00,203.107,2
21-08-1985 00:00,244.33,2
22-08-1985 00:00,209.521,2
23-08-1985 00:00,170.877,2
24-08-1985 00:00,157.22,2
25-08-1985 00:00,198.932,2
26-08-1985 00:00,232.21,2
27-08-1985 00:00,202.944,2
28-08-1985 00:00,201.196,2
29-08-1985 00:00,252.539,2
30-08-1985 00:00,231.949,2
31-08-1985 00:00,196.41,2
01-09-1985 00:00,179.499,2
02-09-1985 00:00,242.732,2
03-09-1985 00:00,184.668,2
04-09-1985 00:00,291.253,2
05-09-1985 00:00,148.124,2
06-09-1985 00:00,436.124,2
07-09-1985 00:00,535.661,2
08-09-1985 00:00,405.144,2
09-09-1985 00:00,199.193,2
10-09-1985 00:00,164.203,2
11-09-1985 00:00,248.853,2
12-09-1985 00:00,195.56,2
13-09-1985 00:00,168.277,2
14-09-1985 00:00,162.6,2
15-09-1985 00:00,254.611,2
16-09-1985 00:00,253.208,2
17-09-1985 00:00,495.028,2
18-09-1985 00:00,210.378,2
19-09-1985 00:00,224.699,2
20-09-1985 00:00,215.639,2
21-09-1985 00:00,230.087,2
22-09-1985 00:00,261.703,2
23-09-1985 00:00,275.723,2
24-09-1985 00:00,207,2
25-09-1985 00:00,319.776,2
26-09-1985 00:00,216.859,2
27-09-1985 00:00,277.022,2
28-09-1985 00:00,189.869,2
29-09-1985 00:00,181.294,2
30-09-1985 00:00,199.364,2
01-10-1985 00:00,199.616,2
02-10-1985 00:00,199.869,2
03-10-1985 00:00,200.122,2
04-10-1985 00:00,209.606,2
05-10-1985 00:00,200.629,2
06-10-1985 00:00,191.817,2
07-10-1985 00:00,201.137,2
08-10-1985 00:00,324.546,2
09-10-1985 00:00,324.916,2
10-10-1985 00:00,270.74,2
11-10-1985 00:00,250.469,2
12-10-1985 00:00,193.294,2
13-10-1985 00:00,184.598,2
14-10-1985 00:00,184.836,2
15-10-1985 00:00,185.075,2
16-10-1985 00:00,194.286,2
17-10-1985 00:00,203.701,2
18-10-1985 00:00,194.784,2
19-10-1985 00:00,186.035,2
20-10-1985 00:00,177.456,2
21-10-1985 00:00,186.517,2
22-10-1985 00:00,186.759,2
23-10-1985 00:00,187.001,2
24-10-1985 00:00,244.296,2
25-10-1985 00:00,254.756,2
26-10-1985 00:00,187.729,2
27-10-1985 00:00,187.972,2
28-10-1985 00:00,188.216,2
29-10-1985 00:00,216.295,2
30-10-1985 00:00,256.309,2
31-10-1985 00:00,198.059,2
01-11-1985 00:00,198.314,2
02-11-1985 00:00,267.666,2
03-11-1985 00:00,227.361,2
04-11-1985 00:00,208.415,2
05-11-1985 00:00,227.93,2
06-11-1985 00:00,557.961,2
07-11-1985 00:00,371.569,2
08-11-1985 00:00,291.115,2
09-11-1985 00:00,409.72,2
10-11-1985 00:00,462.372,2
11-11-1985 00:00,397.987,2
12-11-1985 00:00,385.957,2
13-11-1985 00:00,304.24,2
14-11-1985 00:00,241.034,2
15-11-1985 00:00,221.735,2
16-11-1985 00:00,203.111,2
17-11-1985 00:00,194.295,2
18-11-1985 00:00,194.774,2
19-11-1985 00:00,195.255,2
20-11-1985 00:00,195.737,2
21-11-1985 00:00,196.221,2
22-11-1985 00:00,245.614,2
23-11-1985 00:00,206.615,2
24-11-1985 00:00,197.681,2
25-11-1985 00:00,198.17,2
26-11-1985 00:00,198.661,2
27-11-1985 00:00,218.336,2
28-11-1985 00:00,218.867,2
29-11-1985 00:00,209.676,2
30-11-1985 00:00,191.28,2
01-12-1985 00:00,191,2
02-12-1985 00:00,420,2
03-12-1985 00:00,1390,2
04-12-1985 00:00,1680,2
05-12-1985 00:00,1590,2
06-12-1985 00:00,1632.44,2
07-12-1985 00:00,1236.819,2
08-12-1985 00:00,981.164,2
09-12-1985 00:00,945.44,2
10-12-1985 00:00,1809.573,2
11-12-1985 00:00,1286.57,2
12-12-1985 00:00,968.945,2
13-12-1985 00:00,1066.381,2
14-12-1985 00:00,991.1,2
15-12-1985 00:00,1011.818,2
16-12-1985 00:00,1032.738,2
17-12-1985 00:00,1256.253,2
18-12-1985 00:00,1016.911,2
19-12-1985 00:00,980.496,2
20-12-1985 00:00,1020.325,2
21-12-1985 00:00,1285.295,2
22-12-1985 00:00,1062.625,2
23-12-1985 00:00,876.019,2
24-12-1985 00:00,704.775,2
25-12-1985 00:00,739.414,2
26-12-1985 00:00,1089.461,2
27-12-1985 00:00,828.501,2
28-12-1985 00:00,777.64,2
29-12-1985 00:00,678.594,2
30-12-1985 00:00,570.016,2
31-12-1985 00:00,469.422,2
01-01-1986 00:00,428.923,2
02-01-1986 00:00,429.833,2
03-01-1986 00:00,500.456,2
04-01-1986 00:00,459.061,2
05-01-1986 00:00,446.211,2
06-01-1986 00:00,406.722,2
07-01-1986 00:00,331.49,2
08-01-1986 00:00,320.182,2
09-01-1986 00:00,297.313,2
10-01-1986 00:00,286.469,2
11-01-1986 00:00,334.516,2
12-01-1986 00:00,509.77,2
13-01-1986 00:00,731.919,2
14-01-1986 00:00,838.122,2
15-01-1986 00:00,700.75,2
16-01-1986 00:00,589.089,2
17-01-1986 00:00,485.505,2
18-01-1986 00:00,458.011,2
19-01-1986 00:00,880.854,2
20-01-1986 00:00,1838.493,2
21-01-1986 00:00,2257.759,2
22-01-1986 00:00,1969.4,2
23-01-1986 00:00,1844.896,2
24-01-1986 00:00,1533.822,2
25-01-1986 00:00,1246.753,2
26-01-1986 00:00,1043.154,2
27-01-1986 00:00,928.758,2
28-01-1986 00:00,732.334,2
29-01-1986 00:00,633.834,2
30-01-1986 00:00,575,2
31-01-1986 00:00,550,2
01-02-1986 00:00,480,2
02-02-1986 00:00,450,2
03-02-1986 00:00,435,2
04-02-1986 00:00,420,2
05-02-1986 00:00,355,2
06-02-1986 00:00,375,2
07-02-1986 00:00,330,2
08-02-1986 00:00,300,2
09-02-1986 00:00,285,2
10-02-1986 00:00,275,2
11-02-1986 00:00,275,2
12-02-1986 00:00,270,2
13-02-1986 00:00,300,2
14-02-1986 00:00,370.371,2
15-02-1986 00:00,345.334,2
16-02-1986 00:00,320.984,2
17-02-1986 00:00,297.332,2
18-02-1986 00:00,251.641,2
19-02-1986 00:00,241.08,2
20-02-1986 00:00,241.592,2
21-02-1986 00:00,231.183,2
22-02-1986 00:00,242.622,2
23-02-1986 00:00,243.138,2
24-02-1986 00:00,230,2
25-02-1986 00:00,220,2
26-02-1986 00:00,215,2
27-02-1986 00:00,210,2
28-02-1986 00:00,210,2
01-03-1986 00:00,205,2
02-03-1986 00:00,205,2
03-03-1986 00:00,200,2
04-03-1986 00:00,200,2
05-03-1986 00:00,240,2
06-03-1986 00:00,358.447,2
07-03-1986 00:00,272.433,2
08-03-1986 00:00,238.783,2
09-03-1986 00:00,239.301,2
10-03-1986 00:00,228.788,2
11-03-1986 00:00,240.341,2
12-03-1986 00:00,229.793,2
13-03-1986 00:00,219.418,2
14-03-1986 00:00,219.905,2
15-03-1986 00:00,220.394,2
16-03-1986 00:00,220.884,2
17-03-1986 00:00,243.497,2
18-03-1986 00:00,244.028,2
19-03-1986 00:00,267.228,2
20-03-1986 00:00,279.253,2
21-03-1986 00:00,303.728,2
22-03-1986 00:00,291.717,2
23-03-1986 00:00,887.035,2
24-03-1986 00:00,573.593,2
25-03-1986 00:00,741.741,2
26-03-1986 00:00,590.339,2
27-03-1986 00:00,574.698,2
28-03-1986 00:00,690.878,2
29-03-1986 00:00,691.3,2
30-03-1986 00:00,708.967,2
31-03-1986 00:00,692.145,2
01-04-1986 00:00,641.809,2
02-04-1986 00:00,658.966,2
03-04-1986 00:00,609.602,2
04-04-1986 00:00,577.659,2
05-04-1986 00:00,485.259,2
06-04-1986 00:00,456.095,2
07-04-1986 00:00,441.931,2
08-04-1986 00:00,413.828,2
09-04-1986 00:00,386.45,2
10-04-1986 00:00,346.642,2
11-04-1986 00:00,373.44,2
12-04-1986 00:00,347.149,2
13-04-1986 00:00,334.41,2
14-04-1986 00:00,374.247,2
15-04-1986 00:00,430.027,2
16-04-1986 00:00,402.176,2
17-04-1986 00:00,519.585,2
18-04-1986 00:00,459.857,2
19-04-1986 00:00,417.035,2
20-04-1986 00:00,417.328,2
21-04-1986 00:00,431.829,2
22-04-1986 00:00,475.895,2
23-04-1986 00:00,446.841,2
24-04-1986 00:00,404.463,2
25-04-1986 00:00,569.47,2
26-04-1986 00:00,405.037,2
27-04-1986 00:00,377.771,2
28-04-1986 00:00,378.044,2
29-04-1986 00:00,351.505,2
30-04-1986 00:00,338.644,2
01-05-1986 00:00,338.896,2
02-05-1986 00:00,313.474,2
03-05-1986 00:00,276.693,2
04-05-1986 00:00,253.245,2
05-05-1986 00:00,253.446,2
06-05-1986 00:00,242.116,2
07-05-1986 00:00,253.848,2
08-05-1986 00:00,526.903,2
09-05-1986 00:00,354.102,2
10-05-1986 00:00,328.173,2
11-05-1986 00:00,423.548,2
12-05-1986 00:00,315.854,2
13-05-1986 00:00,355.147,2
14-05-1986 00:00,303.709,2
15-05-1986 00:00,355.671,2
16-05-1986 00:00,342.695,2
17-05-1986 00:00,277.779,2
18-05-1986 00:00,276.064,2
19-05-1986 00:00,262.513,2
20-05-1986 00:00,249.297,2
21-05-1986 00:00,413.301,2
22-05-1986 00:00,300,2
23-05-1986 00:00,267.692,2
24-05-1986 00:00,434.487,2
25-05-1986 00:00,312.513,2
26-05-1986 00:00,310.68,2
27-05-1986 00:00,333.869,2
28-05-1986 00:00,319.407,2
29-05-1986 00:00,246.778,2
30-05-1986 00:00,267.957,2
31-05-1986 00:00,211.451,2
01-06-1986 00:00,199.819,2
02-06-1986 00:00,198.555,2
03-06-1986 00:00,187.308,2
04-06-1986 00:00,294.799,2
05-06-1986 00:00,184.931,2
06-06-1986 00:00,303.276,2
07-06-1986 00:00,182.592,2
08-06-1986 00:00,211.296,2
09-06-1986 00:00,189.986,2
10-06-1986 00:00,188.8,2
11-06-1986 00:00,180,2
12-06-1986 00:00,172,2
13-06-1986 00:00,164,2
14-06-1986 00:00,156.406,2
15-06-1986 00:00,155.405,2
16-06-1986 00:00,172.513,2
17-06-1986 00:00,162.327,2
18-06-1986 00:00,155.296,2
19-06-1986 00:00,174.711,2
20-06-1986 00:00,182,2
21-06-1986 00:00,180,2
22-06-1986 00:00,179,2
23-06-1986 00:00,177,2
24-06-1986 00:00,175,2
25-06-1986 00:00,173,2
26-06-1986 00:00,172,2
27-06-1986 00:00,170,2
28-06-1986 00:00,168,2
29-06-1986 00:00,167,2
30-06-1986 00:00,165,2
01-07-1986 00:00,163,2
02-07-1986 00:00,162,2
03-07-1986 00:00,160,2
04-07-1986 00:00,166.695,2
05-07-1986 00:00,168.272,2
06-07-1986 00:00,177.088,2
07-07-1986 00:00,150.158,2
08-07-1986 00:00,216.057,2
09-07-1986 00:00,195.828,2
10-07-1986 00:00,144.843,2
11-07-1986 00:00,246.114,2
12-07-1986 00:00,141.425,2
13-07-1986 00:00,139.752,2
14-07-1986 00:00,153.069,2
15-07-1986 00:00,158.979,2
16-07-1986 00:00,127.793,2
17-07-1986 00:00,133.292,2
18-07-1986 00:00,325.386,2
19-07-1986 00:00,138.829,2
20-07-1986 00:00,129.774,2
21-07-1986 00:00,145.344,2
22-07-1986 00:00,281.214,2
23-07-1986 00:00,290.81,2
24-07-1986 00:00,300.506,2
25-07-1986 00:00,265.651,2
26-07-1986 00:00,210.569,2
27-07-1986 00:00,153.114,2
28-07-1986 00:00,176.259,2
29-07-1986 00:00,219.561,2
30-07-1986 00:00,287.79,2
31-07-1986 00:00,203.313,2
01-08-1986 00:00,209.366,2
02-08-1986 00:00,215.435,2
03-08-1986 00:00,221.518,2
04-08-1986 00:00,218.146,2
05-08-1986 00:00,187.843,2
06-08-1986 00:00,168.049,2
07-08-1986 00:00,173.636,2
08-08-1986 00:00,347.426,2
09-08-1986 00:00,137.208,2
10-08-1986 00:00,120.742,2
11-08-1986 00:00,140.13,2
12-08-1986 00:00,152.857,2
13-08-1986 00:00,253.593,2
14-08-1986 00:00,213.377,2
15-08-1986 00:00,256.097,2
16-08-1986 00:00,355.513,2
17-08-1986 00:00,179.501,2
18-08-1986 00:00,146.459,2
19-08-1986 00:00,144.248,2
20-08-1986 00:00,179.625,2
21-08-1986 00:00,154.29,2
22-08-1986 00:00,146.759,2
23-08-1986 00:00,139.654,2
24-08-1986 00:00,132.947,2
25-08-1986 00:00,139.427,2
26-08-1986 00:00,132.945,2
27-08-1986 00:00,286.783,2
28-08-1986 00:00,120.989,2
29-08-1986 00:00,158.346,2
30-08-1986 00:00,164.642,2
31-08-1986 00:00,110.559,2
01-09-1986 00:00,151.197,2
02-09-1986 00:00,151.306,2
03-09-1986 00:00,133.716,2
04-09-1986 00:00,122.967,2
05-09-1986 00:00,140,2
06-09-1986 00:00,139,2
07-09-1986 00:00,147,2
08-09-1986 00:00,194,2
09-09-1986 00:00,192,2
10-09-1986 00:00,190,2
11-09-1986 00:00,188,2
12-09-1986 00:00,185.842,2
13-09-1986 00:00,167.18,2
14-09-1986 00:00,366.029,2
15-09-1986 00:00,248.033,2
16-09-1986 00:00,186.634,2
17-09-1986 00:00,167.909,2
18-09-1986 00:00,168.092,2
19-09-1986 00:00,177.648,2
20-09-1986 00:00,224.26,2
21-09-1986 00:00,172.178,2
22-09-1986 00:00,169.522,2
23-09-1986 00:00,185.361,2
24-09-1986 00:00,211.418,2
25-09-1986 00:00,170.751,2
26-09-1986 00:00,245.621,2
27-09-1986 00:00,148.491,2
28-09-1986 00:00,146.224,2
29-09-1986 00:00,152.278,2
30-09-1986 00:00,144.202,2
01-10-1986 00:00,152.701,2
02-10-1986 00:00,161.418,2
03-10-1986 00:00,161.639,2
04-10-1986 00:00,145.012,2
05-10-1986 00:00,162.084,2
06-10-1986 00:00,220,2
07-10-1986 00:00,190,2
08-10-1986 00:00,225,2
09-10-1986 00:00,185,2
10-10-1986 00:00,180,2
11-10-1986 00:00,180,2
12-10-1986 00:00,175,2
13-10-1986 00:00,180,2
14-10-1986 00:00,185,2
15-10-1986 00:00,185,2
16-10-1986 00:00,185,2
17-10-1986 00:00,185,2
18-10-1986 00:00,185,2
19-10-1986 00:00,190,2
20-10-1986 00:00,200,2
21-10-1986 00:00,370,2
22-10-1986 00:00,225,2
23-10-1986 00:00,245,2
24-10-1986 00:00,205,2
25-10-1986 00:00,200,2
26-10-1986 00:00,210,2
27-10-1986 00:00,225,2
28-10-1986 00:00,255,2
29-10-1986 00:00,255,2
30-10-1986 00:00,215,2
31-10-1986 00:00,260,2
01-11-1986 00:00,210,2
02-11-1986 00:00,200,2
03-11-1986 00:00,200,2
04-11-1986 00:00,215,2
05-11-1986 00:00,250,2
06-11-1986 00:00,330,2
07-11-1986 00:00,240,2
08-11-1986 00:00,250,2
09-11-1986 00:00,275,2
10-11-1986 00:00,225,2
11-11-1986 00:00,190,2
12-11-1986 00:00,180,2
13-11-1986 00:00,171.051,2
14-11-1986 00:00,171.289,2
15-11-1986 00:00,171.528,2
16-11-1986 00:00,190.256,2
17-11-1986 00:00,219.769,2
18-11-1986 00:00,306.638,2
19-11-1986 00:00,559.542,2
20-11-1986 00:00,590.387,2
21-11-1986 00:00,406.492,2
22-11-1986 00:00,343.842,2
23-11-1986 00:00,308.532,2
24-11-1986 00:00,286.002,2
25-11-1986 00:00,264.179,2
26-11-1986 00:00,222.405,2
27-11-1986 00:00,202.791,2
28-11-1986 00:00,203.066,2
29-11-1986 00:00,193.663,2
30-11-1986 00:00,184.439,2
01-12-1986 00:00,184.694,2
02-12-1986 00:00,204.169,2
03-12-1986 00:00,256.004,2
04-12-1986 00:00,386.586,2
05-12-1986 00:00,324.996,2
06-12-1986 00:00,362.109,2
07-12-1986 00:00,246.588,2
08-12-1986 00:00,236.349,2
09-12-1986 00:00,226.283,2
10-12-1986 00:00,206.504,2
11-12-1986 00:00,206.89,2
12-12-1986 00:00,207.277,2
13-12-1986 00:00,197.823,2
14-12-1986 00:00,218.111,2
15-12-1986 00:00,228.786,2
16-12-1986 00:00,406.423,2
17-12-1986 00:00,295.523,2
18-12-1986 00:00,434.562,2
19-12-1986 00:00,995.8,2
20-12-1986 00:00,612.012,2
21-12-1986 00:00,423.089,2
22-12-1986 00:00,358.635,2
23-12-1986 00:00,310.373,2
24-12-1986 00:00,287.574,2
25-12-1986 00:00,265.479,2
26-12-1986 00:00,265.956,2
27-12-1986 00:00,255.392,2
28-12-1986 00:00,266.912,2
29-12-1986 00:00,735.166,2
30-12-1986 00:00,389.235,2
31-12-1986 00:00,339.016,2
01-01-1987 00:00,274.778,2
02-01-1987 00:00,261.376,2
03-01-1987 00:00,253.65,2
04-01-1987 00:00,225.918,2
05-01-1987 00:00,249.334,2
06-01-1987 00:00,228.943,2
07-01-1987 00:00,213.38,2
08-01-1987 00:00,212.234,2
09-01-1987 00:00,211.64,2
10-01-1987 00:00,180.766,2
11-01-1987 00:00,192.125,2
12-01-1987 00:00,183,2
13-01-1987 00:00,174,2
14-01-1987 00:00,165.125,2
15-01-1987 00:00,157.125,2
16-01-1987 00:00,149.875,2
17-01-1987 00:00,142.25,2
18-01-1987 00:00,140.587,2
19-01-1987 00:00,127.197,2
20-01-1987 00:00,105.819,2
21-01-1987 00:00,176.438,2
22-01-1987 00:00,197.933,2
23-01-1987 00:00,225.745,2
24-01-1987 00:00,209.427,2
25-01-1987 00:00,443.322,2
26-01-1987 00:00,321.987,2
27-01-1987 00:00,268.251,2
28-01-1987 00:00,258.897,2
29-01-1987 00:00,222.212,2
30-01-1987 00:00,316.988,2
31-01-1987 00:00,352.677,2
01-02-1987 00:00,333.934,2
02-02-1987 00:00,264.015,2
03-02-1987 00:00,248.204,2
04-02-1987 00:00,234.238,2
05-02-1987 00:00,283.074,2
06-02-1987 00:00,1231.768,2
07-02-1987 00:00,974.734,2
08-02-1987 00:00,596.414,2
09-02-1987 00:00,586.565,2
10-02-1987 00:00,830.841,2
11-02-1987 00:00,803.531,2
12-02-1987 00:00,691.381,2
13-02-1987 00:00,723.948,2
14-02-1987 00:00,631.757,2
15-02-1987 00:00,551.83,2
16-02-1987 00:00,481.3,2
17-02-1987 00:00,408.314,2
18-02-1987 00:00,396.324,2
19-02-1987 00:00,367.286,2
20-02-1987 00:00,354.951,2
21-02-1987 00:00,324.948,2
22-02-1987 00:00,337.574,2
23-02-1987 00:00,334.594,2
24-02-1987 00:00,319.162,2
25-02-1987 00:00,308.501,2
26-02-1987 00:00,292.35,2
27-02-1987 00:00,291.121,2
28-02-1987 00:00,277.419,2
01-03-1987 00:00,255.938,2
02-03-1987 00:00,259.114,2
03-03-1987 00:00,256.212,2
04-03-1987 00:00,253.352,2
05-03-1987 00:00,234.995,2
06-03-1987 00:00,265.873,2
07-03-1987 00:00,241.931,2
08-03-1987 00:00,215.333,2
09-03-1987 00:00,228.638,2
10-03-1987 00:00,224.722,2
11-03-1987 00:00,224.418,2
12-03-1987 00:00,214.186,2
13-03-1987 00:00,202.764,2
14-03-1987 00:00,202.504,2
15-03-1987 00:00,191.647,2
16-03-1987 00:00,211.946,2
17-03-1987 00:00,231.374,2
18-03-1987 00:00,359.281,2
19-03-1987 00:00,395.084,2
20-03-1987 00:00,452.881,2
21-03-1987 00:00,347.679,2
22-03-1987 00:00,323.791,2
23-03-1987 00:00,399.208,2
24-03-1987 00:00,372.138,2
25-03-1987 00:00,363.975,2
26-03-1987 00:00,590.646,2
27-03-1987 00:00,661.704,2
28-03-1987 00:00,813.577,2
29-03-1987 00:00,703.764,2
30-03-1987 00:00,593.254,2
31-03-1987 00:00,564.097,2
01-04-1987 00:00,542.816,2
02-04-1987 00:00,543.598,2
03-04-1987 00:00,481.688,2
04-04-1987 00:00,415.626,2
05-04-1987 00:00,407.673,2
06-04-1987 00:00,408.773,2
07-04-1987 00:00,403.776,2
08-04-1987 00:00,435.735,2
09-04-1987 00:00,489.994,2
10-04-1987 00:00,472.091,2
11-04-1987 00:00,536.827,2
12-04-1987 00:00,424.241,2
13-04-1987 00:00,405.802,2
14-04-1987 00:00,390.406,2
15-04-1987 00:00,386.287,2
16-04-1987 00:00,378.543,2
17-04-1987 00:00,354.361,2
18-04-1987 00:00,336.832,2
19-04-1987 00:00,321.83,2
20-04-1987 00:00,1779.897,2
21-04-1987 00:00,1228.189,2
22-04-1987 00:00,892.005,2
23-04-1987 00:00,716.852,2
24-04-1987 00:00,644.579,2
25-04-1987 00:00,606.959,2
26-04-1987 00:00,557.532,2
27-04-1987 00:00,502.817,2
28-04-1987 00:00,501.833,2
29-04-1987 00:00,462.83,2
30-04-1987 00:00,407.67,2
01-05-1987 00:00,339.711,2
02-05-1987 00:00,327.178,2
03-05-1987 00:00,310.039,2
04-05-1987 00:00,303.061,2
05-05-1987 00:00,288.037,2
06-05-1987 00:00,281.171,2
07-05-1987 00:00,272.213,2
08-05-1987 00:00,239.439,2
09-05-1987 00:00,221.694,2
10-05-1987 00:00,216.076,2
11-05-1987 00:00,253.787,2
12-05-1987 00:00,432.44,2
13-05-1987 00:00,698.75,2
14-05-1987 00:00,405.761,2
15-05-1987 00:00,325.09,2
16-05-1987 00:00,271.276,2
17-05-1987 00:00,239.168,2
18-05-1987 00:00,264.12,2
19-05-1987 00:00,276.723,2
20-05-1987 00:00,375.416,2
21-05-1987 00:00,349.842,2
22-05-1987 00:00,270.052,2
23-05-1987 00:00,207.671,2
24-05-1987 00:00,186.641,2
25-05-1987 00:00,174.42,2
26-05-1987 00:00,175.971,2
27-05-1987 00:00,167.052,2
28-05-1987 00:00,177.301,2
29-05-1987 00:00,185.168,2
30-05-1987 00:00,163.652,2
31-05-1987 00:00,157.652,2
01-06-1987 00:00,192.515,2
02-06-1987 00:00,219.668,2
03-06-1987 00:00,193.456,2
04-06-1987 00:00,224.347,2
05-06-1987 00:00,160.11,2
06-06-1987 00:00,158.171,2
07-06-1987 00:00,204.618,2
08-06-1987 00:00,216.629,2
09-06-1987 00:00,173.793,2
10-06-1987 00:00,147.472,2
11-06-1987 00:00,148.083,2
12-06-1987 00:00,142.824,2
13-06-1987 00:00,130.381,2
14-06-1987 00:00,203.125,2
15-06-1987 00:00,169.018,2
16-06-1987 00:00,546.946,2
17-06-1987 00:00,294.582,2
18-06-1987 00:00,424.256,2
19-06-1987 00:00,332.888,2
20-06-1987 00:00,252.122,2
21-06-1987 00:00,217.028,2
22-06-1987 00:00,208.029,2
23-06-1987 00:00,260.448,2
24-06-1987 00:00,237.763,2
25-06-1987 00:00,175.657,2
26-06-1987 00:00,379.277,2
27-06-1987 00:00,249.555,2
28-06-1987 00:00,183.663,2
29-06-1987 00:00,296.757,2
30-06-1987 00:00,239.903,2
01-07-1987 00:00,223.144,2
02-07-1987 00:00,221.98,2
03-07-1987 00:00,220.46,2
04-07-1987 00:00,213.152,2
05-07-1987 00:00,221.21,2
06-07-1987 00:00,277.269,2
07-07-1987 00:00,166.012,2
08-07-1987 00:00,174.76,2
09-07-1987 00:00,179.402,2
10-07-1987 00:00,205.694,2
11-07-1987 00:00,176.484,2
12-07-1987 00:00,204.214,2
13-07-1987 00:00,198.069,2
14-07-1987 00:00,204.321,2
15-07-1987 00:00,210.969,2
16-07-1987 00:00,282.154,2
17-07-1987 00:00,199.469,2
18-07-1987 00:00,373.561,2
19-07-1987 00:00,1174.297,2
20-07-1987 00:00,1504.172,2
21-07-1987 00:00,1265.388,2
22-07-1987 00:00,948.635,2
23-07-1987 00:00,696.959,2
24-07-1987 00:00,475.745,2
25-07-1987 00:00,377.319,2
26-07-1987 00:00,355.528,2
27-07-1987 00:00,340.381,2
28-07-1987 00:00,321.317,2
29-07-1987 00:00,310.822,2
30-07-1987 00:00,410.071,2
31-07-1987 00:00,411.109,2
01-08-1987 00:00,422.872,2
02-08-1987 00:00,386.974,2
03-08-1987 00:00,325.718,2
04-08-1987 00:00,360.797,2
05-08-1987 00:00,498.534,2
06-08-1987 00:00,479.841,2
07-08-1987 00:00,291.817,2
08-08-1987 00:00,239.827,2
09-08-1987 00:00,250.687,2
10-08-1987 00:00,273.159,2
11-08-1987 00:00,305.724,2
12-08-1987 00:00,231.286,2
13-08-1987 00:00,220.64,2
14-08-1987 00:00,361.31,2
15-08-1987 00:00,376.566,2
16-08-1987 00:00,294.929,2
17-08-1987 00:00,424.588,2
18-08-1987 00:00,327.442,2
19-08-1987 00:00,292.397,2
20-08-1987 00:00,275.296,2
21-08-1987 00:00,265.062,2
22-08-1987 00:00,252.622,2
23-08-1987 00:00,244.421,2
24-08-1987 00:00,386.146,2
25-08-1987 00:00,284.872,2
26-08-1987 00:00,238.79,2
27-08-1987 00:00,248.948,2
28-08-1987 00:00,285.602,2
29-08-1987 00:00,227.64,2
30-08-1987 00:00,214.16,2
31-08-1987 00:00,220.279,2
01-09-1987 00:00,224.031,2
02-09-1987 00:00,217.685,2
03-09-1987 00:00,217.712,2
04-09-1987 00:00,218.605,2
05-09-1987 00:00,285.915,2
06-09-1987 00:00,248.262,2
07-09-1987 00:00,429.443,2
08-09-1987 00:00,438.262,2
09-09-1987 00:00,323.936,2
10-09-1987 00:00,316.338,2
11-09-1987 00:00,335.155,2
12-09-1987 00:00,507.187,2
13-09-1987 00:00,728.259,2
14-09-1987 00:00,472.322,2
15-09-1987 00:00,418.815,2
16-09-1987 00:00,387.693,2
17-09-1987 00:00,362.476,2
18-09-1987 00:00,338.752,2
19-09-1987 00:00,302.237,2
20-09-1987 00:00,363.967,2
21-09-1987 00:00,295.263,2
22-09-1987 00:00,368.335,2
23-09-1987 00:00,295.406,2
24-09-1987 00:00,349.381,2
25-09-1987 00:00,364.599,2
26-09-1987 00:00,303.896,2
27-09-1987 00:00,424.499,2
28-09-1987 00:00,399.857,2
29-09-1987 00:00,321.368,2
30-09-1987 00:00,301.397,2
01-10-1987 00:00,299.456,2
02-10-1987 00:00,293.51,2
03-10-1987 00:00,291.267,2
04-10-1987 00:00,277.233,2
05-10-1987 00:00,287.562,2
06-10-1987 00:00,275.364,2
07-10-1987 00:00,267.301,2
08-10-1987 00:00,256.624,2
09-10-1987 00:00,266.761,2
10-10-1987 00:00,214.195,2
11-10-1987 00:00,213.017,2
12-10-1987 00:00,280.483,2
13-10-1987 00:00,225.31,2
14-10-1987 00:00,225.498,2
15-10-1987 00:00,343.673,2
16-10-1987 00:00,392.274,2
17-10-1987 00:00,255.223,2
18-10-1987 00:00,228.961,2
19-10-1987 00:00,236.061,2
20-10-1987 00:00,231.355,2
21-10-1987 00:00,214.205,2
22-10-1987 00:00,228.571,2
23-10-1987 00:00,232.974,2
24-10-1987 00:00,474.811,2
25-10-1987 00:00,354.624,2
26-10-1987 00:00,283.052,2
27-10-1987 00:00,269.127,2
28-10-1987 00:00,242.616,2
29-10-1987 00:00,240.524,2
30-10-1987 00:00,239.321,2
31-10-1987 00:00,233.415,2
01-11-1987 00:00,387.988,2
02-11-1987 00:00,259.583,2
03-11-1987 00:00,280.686,2
04-11-1987 00:00,325.704,2
05-11-1987 00:00,313.954,2
06-11-1987 00:00,304.05,2
07-11-1987 00:00,291.634,2
08-11-1987 00:00,285.864,2
09-11-1987 00:00,321.338,2
10-11-1987 00:00,313.041,2
11-11-1987 00:00,244.041,2
12-11-1987 00:00,593.14,2
13-11-1987 00:00,375.176,2
14-11-1987 00:00,313.196,2
15-11-1987 00:00,277.556,2
16-11-1987 00:00,403.459,2
17-11-1987 00:00,390.498,2
18-11-1987 00:00,314.692,2
19-11-1987 00:00,666.862,2
20-11-1987 00:00,449.566,2
21-11-1987 00:00,375.163,2
22-11-1987 00:00,511.581,2
23-11-1987 00:00,392.01,2
24-11-1987 00:00,356.215,2
25-11-1987 00:00,522.393,2
26-11-1987 00:00,707.094,2
27-11-1987 00:00,534.431,2
28-11-1987 00:00,503.622,2
29-11-1987 00:00,523.907,2
30-11-1987 00:00,439.125,2
01-12-1987 00:00,408.275,2
02-12-1987 00:00,371.793,2
03-12-1987 00:00,324.5,2
04-12-1987 00:00,311.512,2
05-12-1987 00:00,297.682,2
06-12-1987 00:00,292.675,2
07-12-1987 00:00,295.955,2
08-12-1987 00:00,270.33,2
09-12-1987 00:00,253.48,2
10-12-1987 00:00,253.082,2
11-12-1987 00:00,269.971,2
12-12-1987 00:00,281.81,2
13-12-1987 00:00,275.498,2
14-12-1987 00:00,261.827,2
15-12-1987 00:00,251.231,2
16-12-1987 00:00,235.614,2
17-12-1987 00:00,234.76,2
18-12-1987 00:00,674.272,2
19-12-1987 00:00,550.356,2
20-12-1987 00:00,582.9,2
21-12-1987 00:00,608.141,2
22-12-1987 00:00,741.4,2
23-12-1987 00:00,564.505,2
24-12-1987 00:00,512.662,2
25-12-1987 00:00,453.66,2
26-12-1987 00:00,523.027,2
27-12-1987 00:00,575.122,2
28-12-1987 00:00,704.576,2
29-12-1987 00:00,1023.029,2
30-12-1987 00:00,727.136,2
31-12-1987 00:00,626.089,2
01-01-1988 00:00,571.113,2
02-01-1988 00:00,1212.147,2
03-01-1988 00:00,1105.906,2
04-01-1988 00:00,902.972,2
05-01-1988 00:00,763.951,2
06-01-1988 00:00,1002.91,2
07-01-1988 00:00,1233.21,2
08-01-1988 00:00,978.62,2
09-01-1988 00:00,792.291,2
10-01-1988 00:00,897.197,2
11-01-1988 00:00,1181.624,2
12-01-1988 00:00,1014.977,2
13-01-1988 00:00,859.323,2
14-01-1988 00:00,763.569,2
15-01-1988 00:00,707.648,2
16-01-1988 00:00,652.123,2
17-01-1988 00:00,608.78,2
18-01-1988 00:00,593.282,2
19-01-1988 00:00,560.776,2
20-01-1988 00:00,511.17,2
21-01-1988 00:00,483.344,2
22-01-1988 00:00,470.945,2
23-01-1988 00:00,627.016,2
24-01-1988 00:00,485.106,2
25-01-1988 00:00,714.408,2
26-01-1988 00:00,739.652,2
27-01-1988 00:00,606.833,2
28-01-1988 00:00,597.159,2
29-01-1988 00:00,798.538,2
30-01-1988 00:00,700.754,2
31-01-1988 00:00,636.606,2
01-02-1988 00:00,772.384,2
02-02-1988 00:00,1018.269,2
03-02-1988 00:00,920.159,2
04-02-1988 00:00,790.886,2
05-02-1988 00:00,791.942,2
06-02-1988 00:00,1077.451,2
07-02-1988 00:00,1029.228,2
08-02-1988 00:00,904.549,2
09-02-1988 00:00,847.624,2
10-02-1988 00:00,958.899,2
11-02-1988 00:00,898.672,2
12-02-1988 00:00,801.304,2
13-02-1988 00:00,631.797,2
14-02-1988 00:00,597.318,2
15-02-1988 00:00,591.813,2
16-02-1988 00:00,587.004,2
17-02-1988 00:00,765.549,2
18-02-1988 00:00,618.171,2
19-02-1988 00:00,775.163,2
20-02-1988 00:00,710.549,2
21-02-1988 00:00,759.143,2
22-02-1988 00:00,835.972,2
23-02-1988 00:00,878.602,2
24-02-1988 00:00,693.795,2
25-02-1988 00:00,632.631,2
26-02-1988 00:00,613.205,2
27-02-1988 00:00,615.444,2
28-02-1988 00:00,754.84,2
29-02-1988 00:00,728.361,2
01-03-1988 00:00,661.371,2
02-03-1988 00:00,601.222,2
03-03-1988 00:00,597.734,2
04-03-1988 00:00,675.398,2
05-03-1988 00:00,631.58,2
06-03-1988 00:00,567.795,2
07-03-1988 00:00,544.223,2
08-03-1988 00:00,526.321,2
09-03-1988 00:00,513.758,2
10-03-1988 00:00,541.304,2
11-03-1988 00:00,483.483,2
12-03-1988 00:00,411.521,2
13-03-1988 00:00,392.934,2
14-03-1988 00:00,404.924,2
15-03-1988 00:00,403.761,2
16-03-1988 00:00,625.076,2
17-03-1988 00:00,825.505,2
18-03-1988 00:00,633.857,2
19-03-1988 00:00,597.158,2
20-03-1988 00:00,632.249,2
21-03-1988 00:00,690.438,2
22-03-1988 00:00,651.232,2
23-03-1988 00:00,613.931,2
24-03-1988 00:00,593.335,2
25-03-1988 00:00,891.852,2
26-03-1988 00:00,935.678,2
27-03-1988 00:00,746.156,2
28-03-1988 00:00,810.105,2
29-03-1988 00:00,711.017,2
30-03-1988 00:00,644.913,2
31-03-1988 00:00,591.875,2
01-04-1988 00:00,570.287,2
02-04-1988 00:00,583.795,2
03-04-1988 00:00,534.443,2
04-04-1988 00:00,512.266,2
05-04-1988 00:00,500.613,2
06-04-1988 00:00,474.297,2
07-04-1988 00:00,439.281,2
08-04-1988 00:00,428.473,2
09-04-1988 00:00,403.625,2
10-04-1988 00:00,451.612,2
11-04-1988 00:00,488.301,2
12-04-1988 00:00,439.298,2
13-04-1988 00:00,415.598,2
14-04-1988 00:00,393.863,2
15-04-1988 00:00,384.43,2
16-04-1988 00:00,377.549,2
17-04-1988 00:00,426.189,2
18-04-1988 00:00,355.715,2
19-04-1988 00:00,327.363,2
20-04-1988 00:00,316.411,2
21-04-1988 00:00,316.24,2
22-04-1988 00:00,338.272,2
23-04-1988 00:00,515.262,2
24-04-1988 00:00,360.743,2
25-04-1988 00:00,325.826,2
26-04-1988 00:00,308.574,2
27-04-1988 00:00,298.594,2
28-04-1988 00:00,285.007,2
29-04-1988 00:00,320.281,2
30-04-1988 00:00,276.116,2
01-05-1988 00:00,298.425,2
02-05-1988 00:00,285.343,2
03-05-1988 00:00,327.111,2
04-05-1988 00:00,391.344,2
05-05-1988 00:00,350.289,2
06-05-1988 00:00,321.052,2
07-05-1988 00:00,253.162,2
08-05-1988 00:00,242.654,2
09-05-1988 00:00,238.818,2
10-05-1988 00:00,233.236,2
11-05-1988 00:00,222.196,2
12-05-1988 00:00,215.778,2
13-05-1988 00:00,215.485,2
14-05-1988 00:00,203.647,2
15-05-1988 00:00,204.209,2
16-05-1988 00:00,211.963,2
17-05-1988 00:00,206.245,2
18-05-1988 00:00,205.606,2
19-05-1988 00:00,205.242,2
20-05-1988 00:00,362.287,2
21-05-1988 00:00,313.572,2
22-05-1988 00:00,186.569,2
23-05-1988 00:00,179.363,2
24-05-1988 00:00,190,2
25-05-1988 00:00,200.592,2
26-05-1988 00:00,180.084,2
27-05-1988 00:00,184.615,2
28-05-1988 00:00,183.173,2
29-05-1988 00:00,227.3,2
30-05-1988 00:00,496.151,2
31-05-1988 00:00,253.693,2
01-06-1988 00:00,308.82,2
02-06-1988 00:00,372.917,2
03-06-1988 00:00,288.167,2
04-06-1988 00:00,264.043,2
05-06-1988 00:00,266.898,2
06-06-1988 00:00,272.179,2
07-06-1988 00:00,263.256,2
08-06-1988 00:00,253.282,2
09-06-1988 00:00,213.993,2
10-06-1988 00:00,188.244,2
11-06-1988 00:00,193.219,2
12-06-1988 00:00,186.486,2
13-06-1988 00:00,250.326,2
14-06-1988 00:00,170.701,2
15-06-1988 00:00,156.718,2
16-06-1988 00:00,210.274,2
17-06-1988 00:00,142.757,2
18-06-1988 00:00,138.112,2
19-06-1988 00:00,136.962,2
20-06-1988 00:00,152.084,2
21-06-1988 00:00,159.97,2
22-06-1988 00:00,176.561,2
23-06-1988 00:00,184.568,2
24-06-1988 00:00,197.649,2
25-06-1988 00:00,187.24,2
26-06-1988 00:00,182.855,2
27-06-1988 00:00,255.318,2
28-06-1988 00:00,153.093,2
29-06-1988 00:00,160.839,2
30-06-1988 00:00,164.093,2
01-07-1988 00:00,180.126,2
02-07-1988 00:00,203.114,2
03-07-1988 00:00,186.088,2
04-07-1988 00:00,202.263,2
05-07-1988 00:00,211.936,2
06-07-1988 00:00,533.616,2
07-07-1988 00:00,328.246,2
08-07-1988 00:00,308.23,2
09-07-1988 00:00,364.087,2
10-07-1988 00:00,292.504,2
11-07-1988 00:00,222.546,2
12-07-1988 00:00,236.878,2
13-07-1988 00:00,261.181,2
14-07-1988 00:00,256.783,2
15-07-1988 00:00,312.108,2
16-07-1988 00:00,232.969,2
17-07-1988 00:00,194.681,2
18-07-1988 00:00,349.664,2
19-07-1988 00:00,311.038,2
20-07-1988 00:00,320.622,2
21-07-1988 00:00,201.92,2
22-07-1988 00:00,379.438,2
23-07-1988 00:00,313.803,2
24-07-1988 00:00,211.428,2
25-07-1988 00:00,193.499,2
26-07-1988 00:00,231.459,2
27-07-1988 00:00,279.978,2
28-07-1988 00:00,174.586,2
29-07-1988 00:00,324.858,2
30-07-1988 00:00,210.829,2
31-07-1988 00:00,308.786,2
01-08-1988 00:00,199.018,2
02-08-1988 00:00,286.896,2
03-08-1988 00:00,182.003,2
04-08-1988 00:00,305.302,2
05-08-1988 00:00,218.45,2
06-08-1988 00:00,156.328,2
07-08-1988 00:00,150.528,2
08-08-1988 00:00,153.36,2
09-08-1988 00:00,156.885,2
10-08-1988 00:00,155.316,2
11-08-1988 00:00,345.102,2
12-08-1988 00:00,335.099,2
13-08-1988 00:00,168.935,2
14-08-1988 00:00,146.033,2
15-08-1988 00:00,148.268,2
16-08-1988 00:00,157.979,2
17-08-1988 00:00,173.675,2
18-08-1988 00:00,153.677,2
19-08-1988 00:00,154.45,2
20-08-1988 00:00,326.758,2
21-08-1988 00:00,209.954,2
22-08-1988 00:00,170.707,2
23-08-1988 00:00,274.81,2
24-08-1988 00:00,220.029,2
25-08-1988 00:00,178.536,2
26-08-1988 00:00,469.95,2
27-08-1988 00:00,162.44,2
28-08-1988 00:00,154.618,2
29-08-1988 00:00,172.63,2
30-08-1988 00:00,167.355,2
31-08-1988 00:00,177.016,2
01-09-1988 00:00,181.783,2
02-09-1988 00:00,239.308,2
03-09-1988 00:00,214.394,2
04-09-1988 00:00,175.545,2
05-09-1988 00:00,194.022,2
06-09-1988 00:00,192.629,2
07-09-1988 00:00,172.408,2
08-09-1988 00:00,155.581,2
09-09-1988 00:00,123.776,2
10-09-1988 00:00,137.625,2
11-09-1988 00:00,172.026,2
12-09-1988 00:00,224.029,2
13-09-1988 00:00,370.111,2
14-09-1988 00:00,182.742,2
15-09-1988 00:00,142.915,2
16-09-1988 00:00,142.542,2
17-09-1988 00:00,136.885,2
18-09-1988 00:00,135.184,2
19-09-1988 00:00,144.496,2
20-09-1988 00:00,151.904,2
21-09-1988 00:00,151.919,2
22-09-1988 00:00,155.454,2
23-09-1988 00:00,162.615,2
24-09-1988 00:00,380.871,2
25-09-1988 00:00,259.792,2
26-09-1988 00:00,389.302,2
27-09-1988 00:00,243.86,2
28-09-1988 00:00,455.739,2
29-09-1988 00:00,455.895,2
30-09-1988 00:00,262.575,2
01-10-1988 00:00,171.911,2
02-10-1988 00:00,161.957,2
03-10-1988 00:00,163.73,2
04-10-1988 00:00,172.683,2
05-10-1988 00:00,178.8,2
06-10-1988 00:00,232.216,2
07-10-1988 00:00,399.793,2
08-10-1988 00:00,369.715,2
09-10-1988 00:00,369.33,2
10-10-1988 00:00,352.972,2
11-10-1988 00:00,211.458,2
12-10-1988 00:00,219.969,2
13-10-1988 00:00,341.57,2
14-10-1988 00:00,241.151,2
15-10-1988 00:00,179.992,2
16-10-1988 00:00,169.996,2
17-10-1988 00:00,319.475,2
18-10-1988 00:00,234.908,2
19-10-1988 00:00,199.569,2
20-10-1988 00:00,189.415,2
21-10-1988 00:00,185.474,2
22-10-1988 00:00,174.513,2
23-10-1988 00:00,177.103,2
24-10-1988 00:00,192.357,2
25-10-1988 00:00,201.377,2
26-10-1988 00:00,213.628,2
27-10-1988 00:00,246.909,2
28-10-1988 00:00,216.638,2
29-10-1988 00:00,251.768,2
30-10-1988 00:00,199.535,2
31-10-1988 00:00,451.1,2
01-11-1988 00:00,528.968,2
02-11-1988 00:00,287.649,2
03-11-1988 00:00,222.899,2
04-11-1988 00:00,203.953,2
05-11-1988 00:00,196.72,2
06-11-1988 00:00,196.613,2
07-11-1988 00:00,196.961,2
08-11-1988 00:00,183.903,2
09-11-1988 00:00,180.267,2
10-11-1988 00:00,189.311,2
11-11-1988 00:00,185.803,2
12-11-1988 00:00,178.192,2
13-11-1988 00:00,200.765,2
14-11-1988 00:00,184.499,2
15-11-1988 00:00,183.15,2
16-11-1988 00:00,179.924,2
17-11-1988 00:00,181.282,2
18-11-1988 00:00,311.697,2
19-11-1988 00:00,194.519,2
20-11-1988 00:00,185.025,2
21-11-1988 00:00,181.257,2
22-11-1988 00:00,168.524,2
23-11-1988 00:00,166.87,2
24-11-1988 00:00,164.599,2
25-11-1988 00:00,161.532,2
26-11-1988 00:00,157.304,2
27-11-1988 00:00,180.019,2
28-11-1988 00:00,375.146,2
29-11-1988 00:00,539.756,2
30-11-1988 00:00,249.196,2
01-12-1988 00:00,202.956,2
02-12-1988 00:00,200.975,2
03-12-1988 00:00,189.091,2
04-12-1988 00:00,278.156,2
05-12-1988 00:00,328.291,2
06-12-1988 00:00,339.183,2
07-12-1988 00:00,323.635,2
08-12-1988 00:00,354.8,2
09-12-1988 00:00,396.166,2
10-12-1988 00:00,321.002,2
11-12-1988 00:00,360.023,2
12-12-1988 00:00,368.738,2
13-12-1988 00:00,305.966,2
14-12-1988 00:00,267.257,2
15-12-1988 00:00,251.062,2
16-12-1988 00:00,255.344,2
17-12-1988 00:00,343.601,2
18-12-1988 00:00,425.797,2
19-12-1988 00:00,538.938,2
20-12-1988 00:00,341.41,2
21-12-1988 00:00,323.564,2
22-12-1988 00:00,323.161,2
23-12-1988 00:00,574.641,2
24-12-1988 00:00,785.522,2
25-12-1988 00:00,649.357,2
26-12-1988 00:00,607.638,2
27-12-1988 00:00,555.997,2
28-12-1988 00:00,510.444,2
29-12-1988 00:00,483.092,2
30-12-1988 00:00,453.282,2
31-12-1988 00:00,424.4,2
01-01-1989 00:00,394.908,2
02-01-1989 00:00,372.575,2
03-01-1989 00:00,338.01,2
04-01-1989 00:00,331.925,2
05-01-1989 00:00,336.937,2
06-01-1989 00:00,314.752,2
07-01-1989 00:00,305.445,2
08-01-1989 00:00,326.587,2
09-01-1989 00:00,325.607,2
10-01-1989 00:00,414.023,2
11-01-1989 00:00,356.411,2
12-01-1989 00:00,335.937,2
13-01-1989 00:00,332.328,2
14-01-1989 00:00,385.161,2
15-01-1989 00:00,302.201,2
16-01-1989 00:00,298.028,2
17-01-1989 00:00,287.699,2
18-01-1989 00:00,276.625,2
19-01-1989 00:00,267.315,2
20-01-1989 00:00,275.534,2
21-01-1989 00:00,268.573,2
22-01-1989 00:00,259.298,2
23-01-1989 00:00,273.81,2
24-01-1989 00:00,261.649,2
25-01-1989 00:00,252.843,2
26-01-1989 00:00,250.795,2
27-01-1989 00:00,246.806,2
28-01-1989 00:00,242.057,2
29-01-1989 00:00,233.295,2
30-01-1989 00:00,242.896,2
31-01-1989 00:00,235.239,2
01-02-1989 00:00,238.585,2
02-02-1989 00:00,250.453,2
03-02-1989 00:00,240.522,2
04-02-1989 00:00,232.37,2
05-02-1989 00:00,265.323,2
06-02-1989 00:00,254.645,2
07-02-1989 00:00,236.845,2
08-02-1989 00:00,237.018,2
09-02-1989 00:00,232.593,2
10-02-1989 00:00,224.288,2
11-02-1989 00:00,219.571,2
12-02-1989 00:00,252.254,2
13-02-1989 00:00,232.38,2
14-02-1989 00:00,316.352,2
15-02-1989 00:00,400.484,2
16-02-1989 00:00,318.033,2
17-02-1989 00:00,262.802,2
18-02-1989 00:00,322.561,2
19-02-1989 00:00,274.6,2
20-02-1989 00:00,248.865,2
21-02-1989 00:00,232.877,2
22-02-1989 00:00,239.032,2
23-02-1989 00:00,268.191,2
24-02-1989 00:00,235.739,2
25-02-1989 00:00,232.901,2
26-02-1989 00:00,318.308,2
27-02-1989 00:00,240.647,2
28-02-1989 00:00,247.567,2
01-03-1989 00:00,420.666,2
02-03-1989 00:00,295.291,2
03-03-1989 00:00,259.343,2
04-03-1989 00:00,242.195,2
05-03-1989 00:00,235.026,2
06-03-1989 00:00,240.39,2
07-03-1989 00:00,244.485,2
08-03-1989 00:00,229.887,2
09-03-1989 00:00,225.445,2
10-03-1989 00:00,257.257,2
11-03-1989 00:00,298.427,2
12-03-1989 00:00,218.252,2
13-03-1989 00:00,453.491,2
14-03-1989 00:00,341.837,2
15-03-1989 00:00,520.033,2
16-03-1989 00:00,453.38,2
17-03-1989 00:00,335.829,2
18-03-1989 00:00,281.111,2
19-03-1989 00:00,278.895,2
20-03-1989 00:00,273.136,2
21-03-1989 00:00,372.334,2
22-03-1989 00:00,545.817,2
23-03-1989 00:00,410.772,2
24-03-1989 00:00,738.564,2
25-03-1989 00:00,468.528,2
26-03-1989 00:00,359.512,2
27-03-1989 00:00,334.862,2
28-03-1989 00:00,356.931,2
29-03-1989 00:00,367.853,2
30-03-1989 00:00,476.092,2
31-03-1989 00:00,402.189,2
01-04-1989 00:00,377.626,2
02-04-1989 00:00,313.592,2
03-04-1989 00:00,284.646,2
04-04-1989 00:00,248.62,2
05-04-1989 00:00,246.396,2
06-04-1989 00:00,258.51,2
07-04-1989 00:00,239.512,2
08-04-1989 00:00,247.365,2
09-04-1989 00:00,219.546,2
10-04-1989 00:00,225.744,2
11-04-1989 00:00,225.946,2
12-04-1989 00:00,216.897,2
13-04-1989 00:00,251.893,2
14-04-1989 00:00,256.821,2
15-04-1989 00:00,197.038,2
16-04-1989 00:00,189.827,2
17-04-1989 00:00,196.294,2
18-04-1989 00:00,222.832,2
19-04-1989 00:00,225.147,2
20-04-1989 00:00,424.099,2
21-04-1989 00:00,202.146,2
22-04-1989 00:00,191.489,2
23-04-1989 00:00,187.317,2
24-04-1989 00:00,189.898,2
25-04-1989 00:00,247.743,2
26-04-1989 00:00,382.688,2
27-04-1989 00:00,433.548,2
28-04-1989 00:00,266.491,2
29-04-1989 00:00,201.201,2
30-04-1989 00:00,187.538,2
01-05-1989 00:00,177.468,2
02-05-1989 00:00,176.676,2
03-05-1989 00:00,175.318,2
04-05-1989 00:00,162.863,2
05-05-1989 00:00,162.318,2
06-05-1989 00:00,146.457,2
07-05-1989 00:00,146.142,2
08-05-1989 00:00,150.441,2
09-05-1989 00:00,145.831,2
10-05-1989 00:00,140.78,2
11-05-1989 00:00,135.661,2
12-05-1989 00:00,289.975,2
13-05-1989 00:00,156.002,2
14-05-1989 00:00,147.403,2
15-05-1989 00:00,144.503,2
16-05-1989 00:00,154.48,2
17-05-1989 00:00,128,2
18-05-1989 00:00,142,2
19-05-1989 00:00,134,2
20-05-1989 00:00,126,2
21-05-1989 00:00,120,2
22-05-1989 00:00,117,2
23-05-1989 00:00,114,2
24-05-1989 00:00,111,2
25-05-1989 00:00,109,2
26-05-1989 00:00,100.984,2
27-05-1989 00:00,101.322,2
28-05-1989 00:00,99.046,2
29-05-1989 00:00,112.481,2
30-05-1989 00:00,128.339,2
31-05-1989 00:00,113.846,2
01-06-1989 00:00,119.768,2
02-06-1989 00:00,129.044,2
03-06-1989 00:00,98.765,2
04-06-1989 00:00,102.53,2
05-06-1989 00:00,189.811,2
06-06-1989 00:00,179.97,2
07-06-1989 00:00,95.838,2
08-06-1989 00:00,132.759,2
09-06-1989 00:00,174.591,2
10-06-1989 00:00,163.295,2
11-06-1989 00:00,79.756,2
12-06-1989 00:00,87.484,2
13-06-1989 00:00,89.124,2
14-06-1989 00:00,83.722,2
15-06-1989 00:00,100.419,2
16-06-1989 00:00,102.665,2
17-06-1989 00:00,92.218,2
18-06-1989 00:00,87.618,2
19-06-1989 00:00,93.173,2
20-06-1989 00:00,97.059,2
21-06-1989 00:00,99.048,2
22-06-1989 00:00,98.263,2
23-06-1989 00:00,98.427,2
24-06-1989 00:00,87.951,2
25-06-1989 00:00,85.596,2
26-06-1989 00:00,86.737,2
27-06-1989 00:00,76.823,2
28-06-1989 00:00,85.223,2
29-06-1989 00:00,90,2
30-06-1989 00:00,101,2
01-07-1989 00:00,87,2
02-07-1989 00:00,93,2
03-07-1989 00:00,97,2
04-07-1989 00:00,105,2
05-07-1989 00:00,105,2
06-07-1989 00:00,98,2
07-07-1989 00:00,98,2
08-07-1989 00:00,95,2
09-07-1989 00:00,103,2
10-07-1989 00:00,103,2
11-07-1989 00:00,94,2
12-07-1989 00:00,95,2
13-07-1989 00:00,164,2
14-07-1989 00:00,309,2
15-07-1989 00:00,230,2
16-07-1989 00:00,206,2
17-07-1989 00:00,150,2
18-07-1989 00:00,192,2
19-07-1989 00:00,126,2
20-07-1989 00:00,115,2
21-07-1989 00:00,114,2
22-07-1989 00:00,113,2
23-07-1989 00:00,115,2
24-07-1989 00:00,119,2
25-07-1989 00:00,122,2
26-07-1989 00:00,122,2
27-07-1989 00:00,170,2
28-07-1989 00:00,135,2
29-07-1989 00:00,105,2
30-07-1989 00:00,107,2
31-07-1989 00:00,350,2
01-08-1989 00:00,270,2
02-08-1989 00:00,340,2
03-08-1989 00:00,185,2
04-08-1989 00:00,160,2
05-08-1989 00:00,150,2
06-08-1989 00:00,145,2
07-08-1989 00:00,150,2
08-08-1989 00:00,577,2
09-08-1989 00:00,620,2
10-08-1989 00:00,300,2
11-08-1989 00:00,217,2
12-08-1989 00:00,213,2
13-08-1989 00:00,187,2
14-08-1989 00:00,180,2
15-08-1989 00:00,180,2
16-08-1989 00:00,180,2
17-08-1989 00:00,240,2
18-08-1989 00:00,195,2
19-08-1989 00:00,185,2
20-08-1989 00:00,185,2
21-08-1989 00:00,190,2
22-08-1989 00:00,185,2
23-08-1989 00:00,190,2
24-08-1989 00:00,214,2
25-08-1989 00:00,180,2
26-08-1989 00:00,178,2
27-08-1989 00:00,182,2
28-08-1989 00:00,445,2
29-08-1989 00:00,414,2
30-08-1989 00:00,310,2
31-08-1989 00:00,275,2
01-09-1989 00:00,254.349,2
02-09-1989 00:00,239.178,2
03-09-1989 00:00,199.835,2
04-09-1989 00:00,177.835,2
05-09-1989 00:00,164.896,2
06-09-1989 00:00,172.34,2
07-09-1989 00:00,162.017,2
08-09-1989 00:00,164.342,2
09-09-1989 00:00,192.453,2
10-09-1989 00:00,166.247,2
11-09-1989 00:00,175.208,2
12-09-1989 00:00,172.987,2
13-09-1989 00:00,181.746,2
14-09-1989 00:00,335.827,2
15-09-1989 00:00,197.063,2
16-09-1989 00:00,158.842,2
17-09-1989 00:00,241.58,2
18-09-1989 00:00,359.521,2
19-09-1989 00:00,191.933,2
20-09-1989 00:00,172.753,2
21-09-1989 00:00,152.514,2
22-09-1989 00:00,152.393,2
23-09-1989 00:00,151.502,2
24-09-1989 00:00,147.134,2
25-09-1989 00:00,160.547,2
26-09-1989 00:00,245.989,2
27-09-1989 00:00,190.917,2
28-09-1989 00:00,183.408,2
29-09-1989 00:00,176.184,2
30-09-1989 00:00,169.158,2
01-10-1989 00:00,153.185,2
02-10-1989 00:00,141.456,2
03-10-1989 00:00,123.463,2
04-10-1989 00:00,110.976,2
05-10-1989 00:00,105.366,2
06-10-1989 00:00,124.298,2
07-10-1989 00:00,319.755,2
08-10-1989 00:00,418.179,2
09-10-1989 00:00,221.197,2
10-10-1989 00:00,226.227,2
11-10-1989 00:00,475.747,2
12-10-1989 00:00,215,2
13-10-1989 00:00,360,2
14-10-1989 00:00,285,2
15-10-1989 00:00,260,2
16-10-1989 00:00,420,2
17-10-1989 00:00,575,2
18-10-1989 00:00,375,2
19-10-1989 00:00,315,2
20-10-1989 00:00,290,2
21-10-1989 00:00,375,2
22-10-1989 00:00,375,2
23-10-1989 00:00,315,2
24-10-1989 00:00,450,2
25-10-1989 00:00,440,2
26-10-1989 00:00,390,2
27-10-1989 00:00,340,2
28-10-1989 00:00,292.726,2
29-10-1989 00:00,296.932,2
30-10-1989 00:00,355.478,2
31-10-1989 00:00,294.59,2
01-11-1989 00:00,319.162,2
02-11-1989 00:00,273.341,2
03-11-1989 00:00,412.827,2
04-11-1989 00:00,319.429,2
05-11-1989 00:00,277.759,2
06-11-1989 00:00,277.544,2
07-11-1989 00:00,462.791,2
08-11-1989 00:00,297.302,2
09-11-1989 00:00,318.897,2
10-11-1989 00:00,271.357,2
11-11-1989 00:00,273.391,2
12-11-1989 00:00,244.251,2
13-11-1989 00:00,247.351,2
14-11-1989 00:00,253.432,2
15-11-1989 00:00,250,2
16-11-1989 00:00,274.187,2
17-11-1989 00:00,290.352,2
18-11-1989 00:00,217.178,2
19-11-1989 00:00,213.31,2
20-11-1989 00:00,222.4,2
21-11-1989 00:00,225.518,2
22-11-1989 00:00,249.278,2
23-11-1989 00:00,235.119,2
24-11-1989 00:00,220.854,2
25-11-1989 00:00,205.142,2
26-11-1989 00:00,256.799,2
27-11-1989 00:00,270.02,2
28-11-1989 00:00,233.524,2
29-11-1989 00:00,215.288,2
30-11-1989 00:00,213.924,2
01-12-1989 00:00,209.653,2
02-12-1989 00:00,201.682,2
03-12-1989 00:00,202.287,2
04-12-1989 00:00,164.761,2
05-12-1989 00:00,257.357,2
06-12-1989 00:00,225.453,2
07-12-1989 00:00,205.257,2
08-12-1989 00:00,207.67,2
09-12-1989 00:00,207.587,2
10-12-1989 00:00,196.754,2
11-12-1989 00:00,211.598,2
12-12-1989 00:00,224.465,2
13-12-1989 00:00,233.552,2
14-12-1989 00:00,201.551,2
15-12-1989 00:00,198.123,2
16-12-1989 00:00,190.763,2
17-12-1989 00:00,653.231,2
18-12-1989 00:00,474.507,2
19-12-1989 00:00,737.009,2
20-12-1989 00:00,467.328,2
21-12-1989 00:00,950.522,2
22-12-1989 00:00,720.396,2
23-12-1989 00:00,515.14,2
24-12-1989 00:00,440.099,2
25-12-1989 00:00,387.677,2
26-12-1989 00:00,358.237,2
27-12-1989 00:00,343.855,2
28-12-1989 00:00,329.912,2
29-12-1989 00:00,300.56,2
30-12-1989 00:00,265.569,2
31-12-1989 00:00,287.758,2
01-01-1990 00:00,254.139,2
02-01-1990 00:00,233.263,2
03-01-1990 00:00,225.725,2
04-01-1990 00:00,226.154,2
05-01-1990 00:00,231.703,2
06-01-1990 00:00,215.353,2
07-01-1990 00:00,233.097,2
08-01-1990 00:00,314.618,2
09-01-1990 00:00,254.958,2
10-01-1990 00:00,278.028,2
11-01-1990 00:00,271.405,2
12-01-1990 00:00,240.621,2
13-01-1990 00:00,266.582,2
14-01-1990 00:00,232.323,2
15-01-1990 00:00,386.735,2
16-01-1990 00:00,418.893,2
17-01-1990 00:00,451.212,2
18-01-1990 00:00,370.425,2
19-01-1990 00:00,324.097,2
20-01-1990 00:00,296.874,2
21-01-1990 00:00,281.12,2
22-01-1990 00:00,349.14,2
23-01-1990 00:00,349.427,2
24-01-1990 00:00,408.734,2
25-01-1990 00:00,457.417,2
26-01-1990 00:00,1133.54,2
27-01-1990 00:00,722.993,2
28-01-1990 00:00,685.88,2
29-01-1990 00:00,570.89,2
30-01-1990 00:00,476.844,2
31-01-1990 00:00,426.399,2
01-02-1990 00:00,395.198,2
02-02-1990 00:00,365.947,2
03-02-1990 00:00,322.063,2
04-02-1990 00:00,571.47,2
05-02-1990 00:00,380.802,2
06-02-1990 00:00,374.014,2
07-02-1990 00:00,394.217,2
08-02-1990 00:00,1086.392,2
09-02-1990 00:00,713.299,2
10-02-1990 00:00,552.953,2
11-02-1990 00:00,533.18,2
12-02-1990 00:00,485.288,2
13-02-1990 00:00,718.222,2
14-02-1990 00:00,522.618,2
15-02-1990 00:00,436.636,2
16-02-1990 00:00,403.454,2
17-02-1990 00:00,376.977,2
18-02-1990 00:00,413.386,2
19-02-1990 00:00,369.266,2
20-02-1990 00:00,410.269,2
21-02-1990 00:00,398.099,2
22-02-1990 00:00,366.785,2
23-02-1990 00:00,341.191,2
24-02-1990 00:00,326.416,2
25-02-1990 00:00,326.293,2
26-02-1990 00:00,545.712,2
27-02-1990 00:00,446.984,2
28-02-1990 00:00,385.545,2
01-03-1990 00:00,513.302,2
02-03-1990 00:00,438.589,2
03-03-1990 00:00,343.027,2
04-03-1990 00:00,360.099,2
05-03-1990 00:00,351.822,2
06-03-1990 00:00,512.526,2
07-03-1990 00:00,413.23,2
08-03-1990 00:00,376.069,2
09-03-1990 00:00,575.584,2
10-03-1990 00:00,469.601,2
11-03-1990 00:00,467.054,2
12-03-1990 00:00,400.578,2
13-03-1990 00:00,354.376,2
14-03-1990 00:00,375.672,2
15-03-1990 00:00,337.486,2
16-03-1990 00:00,325.904,2
17-03-1990 00:00,311.839,2
18-03-1990 00:00,298.811,2
19-03-1990 00:00,300.756,2
20-03-1990 00:00,361.656,2
21-03-1990 00:00,283.925,2
22-03-1990 00:00,276.602,2
23-03-1990 00:00,266.906,2
24-03-1990 00:00,249.901,2
25-03-1990 00:00,248.546,2
26-03-1990 00:00,244.675,2
27-03-1990 00:00,252.38,2
28-03-1990 00:00,244.357,2
29-03-1990 00:00,237.697,2
30-03-1990 00:00,237.53,2
31-03-1990 00:00,217.623,2
01-04-1990 00:00,215.735,2
02-04-1990 00:00,230.669,2
03-04-1990 00:00,227.163,2
04-04-1990 00:00,222.628,2
05-04-1990 00:00,207.218,2
06-04-1990 00:00,210.274,2
07-04-1990 00:00,211.872,2
08-04-1990 00:00,205.309,2
09-04-1990 00:00,212.054,2
10-04-1990 00:00,214.719,2
11-04-1990 00:00,284.854,2
12-04-1990 00:00,191.329,2
13-04-1990 00:00,189.78,2
14-04-1990 00:00,225.364,2
15-04-1990 00:00,486.785,2
16-04-1990 00:00,503.6,2
17-04-1990 00:00,434.02,2
18-04-1990 00:00,372.091,2
19-04-1990 00:00,302.956,2
20-04-1990 00:00,266.729,2
21-04-1990 00:00,252.246,2
22-04-1990 00:00,237.879,2
23-04-1990 00:00,244.259,2
24-04-1990 00:00,236.747,2
25-04-1990 00:00,238.601,2
26-04-1990 00:00,233.769,2
27-04-1990 00:00,503.769,2
28-04-1990 00:00,288.243,2
29-04-1990 00:00,255.125,2
30-04-1990 00:00,254.562,2
01-05-1990 00:00,235.473,2
02-05-1990 00:00,231.881,2
03-05-1990 00:00,233.927,2
04-05-1990 00:00,225.24,2
05-05-1990 00:00,227.348,2
06-05-1990 00:00,207.235,2
07-05-1990 00:00,218.166,2
08-05-1990 00:00,214.713,2
09-05-1990 00:00,198.614,2
10-05-1990 00:00,193.466,2
11-05-1990 00:00,188.235,2
12-05-1990 00:00,183.081,2
13-05-1990 00:00,181.28,2
14-05-1990 00:00,235.763,2
15-05-1990 00:00,194.533,2
16-05-1990 00:00,181.722,2
17-05-1990 00:00,211.09,2
18-05-1990 00:00,168.071,2
19-05-1990 00:00,160.659,2
20-05-1990 00:00,154.682,2
21-05-1990 00:00,181.801,2
22-05-1990 00:00,160.535,2
23-05-1990 00:00,159.205,2
24-05-1990 00:00,211.868,2
25-05-1990 00:00,159.542,2
26-05-1990 00:00,134.149,2
27-05-1990 00:00,160.168,2
28-05-1990 00:00,192.094,2
29-05-1990 00:00,121.272,2
30-05-1990 00:00,117.474,2
31-05-1990 00:00,119.233,2
01-06-1990 00:00,116.079,2
02-06-1990 00:00,143.811,2
03-06-1990 00:00,137.678,2
04-06-1990 00:00,147.29,2
05-06-1990 00:00,212.037,2
06-06-1990 00:00,110.578,2
07-06-1990 00:00,107.792,2
08-06-1990 00:00,110.735,2
09-06-1990 00:00,110.497,2
10-06-1990 00:00,115.867,2
11-06-1990 00:00,159.875,2
12-06-1990 00:00,214.458,2
13-06-1990 00:00,159.871,2
14-06-1990 00:00,158.547,2
15-06-1990 00:00,405.264,2
16-06-1990 00:00,440.681,2
17-06-1990 00:00,174.737,2
18-06-1990 00:00,160.615,2
19-06-1990 00:00,160.95,2
20-06-1990 00:00,420.147,2
21-06-1990 00:00,690.122,2
22-06-1990 00:00,353.454,2
23-06-1990 00:00,333.989,2
24-06-1990 00:00,213.078,2
25-06-1990 00:00,203.165,2
26-06-1990 00:00,214.399,2
27-06-1990 00:00,212.616,2
28-06-1990 00:00,431.808,2
29-06-1990 00:00,156.405,2
30-06-1990 00:00,141.058,2
01-07-1990 00:00,345.61,2
02-07-1990 00:00,397.579,2
03-07-1990 00:00,292.78,2
04-07-1990 00:00,148.01,2
05-07-1990 00:00,193.473,2
06-07-1990 00:00,432.508,2
07-07-1990 00:00,445.444,2
08-07-1990 00:00,198.282,2
09-07-1990 00:00,189.295,2
10-07-1990 00:00,150.228,2
11-07-1990 00:00,176.654,2
12-07-1990 00:00,151.798,2
13-07-1990 00:00,152.852,2
14-07-1990 00:00,131.759,2
15-07-1990 00:00,133.521,2
16-07-1990 00:00,143.829,2
17-07-1990 00:00,154.524,2
18-07-1990 00:00,156.762,2
19-07-1990 00:00,138.257,2
20-07-1990 00:00,132.977,2
21-07-1990 00:00,118.329,2
22-07-1990 00:00,116.458,2
23-07-1990 00:00,111.247,2
24-07-1990 00:00,84.273,2
25-07-1990 00:00,163.693,2
26-07-1990 00:00,100.298,2
27-07-1990 00:00,98.931,2
28-07-1990 00:00,90.975,2
29-07-1990 00:00,134.204,2
30-07-1990 00:00,100.236,2
31-07-1990 00:00,98.965,2
01-08-1990 00:00,99.05,2
02-08-1990 00:00,91.352,2
03-08-1990 00:00,88.702,2
04-08-1990 00:00,78.479,2
05-08-1990 00:00,113.511,2
06-08-1990 00:00,219.776,2
07-08-1990 00:00,123.166,2
08-08-1990 00:00,123.687,2
09-08-1990 00:00,142.972,2
10-08-1990 00:00,246.391,2
11-08-1990 00:00,139.078,2
12-08-1990 00:00,108.235,2
13-08-1990 00:00,137.625,2
14-08-1990 00:00,137.01,2
15-08-1990 00:00,140.603,2
16-08-1990 00:00,331.927,2
17-08-1990 00:00,205.282,2
18-08-1990 00:00,95.843,2
19-08-1990 00:00,106.052,2
20-08-1990 00:00,321.034,2
21-08-1990 00:00,464.287,2
22-08-1990 00:00,292.885,2
23-08-1990 00:00,160.367,2
24-08-1990 00:00,150.972,2
25-08-1990 00:00,144.083,2
26-08-1990 00:00,145.11,2
27-08-1990 00:00,149.73,2
28-08-1990 00:00,124.815,2
29-08-1990 00:00,130.093,2
30-08-1990 00:00,138.124,2
31-08-1990 00:00,134.009,2
01-09-1990 00:00,163.653,2
02-09-1990 00:00,126.797,2
03-09-1990 00:00,133.977,2
04-09-1990 00:00,123.86,2
05-09-1990 00:00,145.249,2
06-09-1990 00:00,117.609,2
07-09-1990 00:00,210.13,2
08-09-1990 00:00,67.568,2
09-09-1990 00:00,34.187,2
10-09-1990 00:00,167.492,2
11-09-1990 00:00,183.008,2
12-09-1990 00:00,88.733,2
13-09-1990 00:00,81.095,2
14-09-1990 00:00,81.332,2
15-09-1990 00:00,77.519,2
16-09-1990 00:00,94.426,2
17-09-1990 00:00,119.729,2
18-09-1990 00:00,224.888,2
19-09-1990 00:00,233.977,2
20-09-1990 00:00,216.096,2
21-09-1990 00:00,340.525,2
22-09-1990 00:00,489.435,2
23-09-1990 00:00,511.285,2
24-09-1990 00:00,352.997,2
25-09-1990 00:00,578.415,2
26-09-1990 00:00,565.459,2
27-09-1990 00:00,469.342,2
28-09-1990 00:00,351.868,2
29-09-1990 00:00,365.116,2
30-09-1990 00:00,271.966,2
01-10-1990 00:00,347.902,2
02-10-1990 00:00,177.75,2
03-10-1990 00:00,229.246,2
04-10-1990 00:00,365.666,2
05-10-1990 00:00,472.578,2
06-10-1990 00:00,746.427,2
07-10-1990 00:00,782.574,2
08-10-1990 00:00,715.815,2
09-10-1990 00:00,631.233,2
10-10-1990 00:00,526.272,2
11-10-1990 00:00,428.417,2
12-10-1990 00:00,603.443,2
13-10-1990 00:00,553.089,2
14-10-1990 00:00,505.478,2
15-10-1990 00:00,452.96,2
16-10-1990 00:00,376.671,2
17-10-1990 00:00,318.122,2
18-10-1990 00:00,300.22,2
19-10-1990 00:00,345.718,2
20-10-1990 00:00,272.927,2
21-10-1990 00:00,262.38,2
22-10-1990 00:00,259.01,2
23-10-1990 00:00,258.308,2
24-10-1990 00:00,249.746,2
25-10-1990 00:00,244.76,2
26-10-1990 00:00,238.413,2
27-10-1990 00:00,224.325,2
28-10-1990 00:00,219.477,2
29-10-1990 00:00,387.737,2
30-10-1990 00:00,506.587,2
31-10-1990 00:00,438.441,2
01-11-1990 00:00,574.857,2
02-11-1990 00:00,364.95,2
03-11-1990 00:00,308.305,2
04-11-1990 00:00,287.527,2
05-11-1990 00:00,262.34,2
06-11-1990 00:00,246.838,2
07-11-1990 00:00,233.148,2
08-11-1990 00:00,221.877,2
09-11-1990 00:00,222.191,2
10-11-1990 00:00,212.728,2
11-11-1990 00:00,209.518,2
12-11-1990 00:00,224.124,2
13-11-1990 00:00,219.7,2
14-11-1990 00:00,383.396,2
15-11-1990 00:00,290.491,2
16-11-1990 00:00,345.55,2
17-11-1990 00:00,667.896,2
18-11-1990 00:00,351.536,2
19-11-1990 00:00,308.63,2
20-11-1990 00:00,281.874,2
21-11-1990 00:00,305.911,2
22-11-1990 00:00,248.019,2
23-11-1990 00:00,240.598,2
24-11-1990 00:00,452.44,2
25-11-1990 00:00,273.464,2
26-11-1990 00:00,333.96,2
27-11-1990 00:00,859.342,2
28-11-1990 00:00,843.809,2
29-11-1990 00:00,730.162,2
30-11-1990 00:00,466.134,2
01-12-1990 00:00,366.096,2
02-12-1990 00:00,340.629,2
03-12-1990 00:00,358.708,2
04-12-1990 00:00,345.613,2
05-12-1990 00:00,314.723,2
06-12-1990 00:00,309.442,2
07-12-1990 00:00,315.864,2
08-12-1990 00:00,294.66,2
09-12-1990 00:00,283.829,2
10-12-1990 00:00,281.049,2
11-12-1990 00:00,276.068,2
12-12-1990 00:00,417.896,2
13-12-1990 00:00,328.329,2
14-12-1990 00:00,278.896,2
15-12-1990 00:00,293.51,2
16-12-1990 00:00,281.05,2
17-12-1990 00:00,282.437,2
18-12-1990 00:00,275.847,2
19-12-1990 00:00,284.379,2
20-12-1990 00:00,307.807,2
21-12-1990 00:00,426.558,2
22-12-1990 00:00,246.115,2
23-12-1990 00:00,376.44,2
24-12-1990 00:00,283.392,2
25-12-1990 00:00,260.134,2
26-12-1990 00:00,281.95,2
27-12-1990 00:00,689.185,2
28-12-1990 00:00,459.96,2
29-12-1990 00:00,553.258,2
30-12-1990 00:00,572.983,2
31-12-1990 00:00,489.556,2
01-01-1991 00:00,455.865,2
02-01-1991 00:00,542.102,2
03-01-1991 00:00,610.53,2
04-01-1991 00:00,580.325,2
05-01-1991 00:00,540.026,2
06-01-1991 00:00,559.844,2
07-01-1991 00:00,658.614,2
08-01-1991 00:00,681.578,2
09-01-1991 00:00,804.164,2
10-01-1991 00:00,862.429,2
11-01-1991 00:00,837.138,2
12-01-1991 00:00,779.302,2
13-01-1991 00:00,592.85,2
14-01-1991 00:00,456.564,2
15-01-1991 00:00,388.242,2
16-01-1991 00:00,354.178,2
17-01-1991 00:00,326.306,2
18-01-1991 00:00,296.674,2
19-01-1991 00:00,277.263,2
20-01-1991 00:00,268.539,2
21-01-1991 00:00,406.825,2
22-01-1991 00:00,357.553,2
23-01-1991 00:00,343.428,2
24-01-1991 00:00,364.466,2
25-01-1991 00:00,379.736,2
26-01-1991 00:00,389.898,2
27-01-1991 00:00,363.351,2
28-01-1991 00:00,351.439,2
29-01-1991 00:00,333.855,2
30-01-1991 00:00,313.507,2
31-01-1991 00:00,290.988,2
01-02-1991 00:00,267.273,2
02-02-1991 00:00,241.913,2
03-02-1991 00:00,227.363,2
04-02-1991 00:00,223.184,2
05-02-1991 00:00,217.027,2
06-02-1991 00:00,208.579,2
07-02-1991 00:00,208.003,2
08-02-1991 00:00,201.545,2
09-02-1991 00:00,221.893,2
10-02-1991 00:00,244.944,2
11-02-1991 00:00,231.599,2
12-02-1991 00:00,229.22,2
13-02-1991 00:00,224.819,2
14-02-1991 00:00,215.971,2
15-02-1991 00:00,223.531,2
16-02-1991 00:00,216.728,2
17-02-1991 00:00,212.305,2
18-02-1991 00:00,217.505,2
19-02-1991 00:00,217.464,2
20-02-1991 00:00,229.56,2
21-02-1991 00:00,268.767,2
22-02-1991 00:00,326.839,2
23-02-1991 00:00,617.679,2
24-02-1991 00:00,1033.725,2
25-02-1991 00:00,1089.477,2
26-02-1991 00:00,971.889,2
27-02-1991 00:00,676.351,2
28-02-1991 00:00,516.569,2
01-03-1991 00:00,481.386,2
02-03-1991 00:00,441.926,2
03-03-1991 00:00,431.84,2
04-03-1991 00:00,438.391,2
05-03-1991 00:00,417.783,2
06-03-1991 00:00,410.389,2
07-03-1991 00:00,408.039,2
08-03-1991 00:00,386.054,2
09-03-1991 00:00,356.68,2
10-03-1991 00:00,336.951,2
11-03-1991 00:00,335.934,2
12-03-1991 00:00,303.863,2
13-03-1991 00:00,301.525,2
14-03-1991 00:00,292.091,2
15-03-1991 00:00,299.689,2
16-03-1991 00:00,278.633,2
17-03-1991 00:00,268.34,2
18-03-1991 00:00,290.833,2
19-03-1991 00:00,452.701,2
20-03-1991 00:00,620.984,2
21-03-1991 00:00,473.833,2
22-03-1991 00:00,388.246,2
23-03-1991 00:00,346.091,2
24-03-1991 00:00,324.757,2
25-03-1991 00:00,320.312,2
26-03-1991 00:00,311.731,2
27-03-1991 00:00,303.752,2
28-03-1991 00:00,264.66,2
29-03-1991 00:00,251.811,2
30-03-1991 00:00,255.278,2
31-03-1991 00:00,246.899,2
01-04-1991 00:00,315.236,2
02-04-1991 00:00,458.354,2
03-04-1991 00:00,339.989,2
04-04-1991 00:00,370.7,2
05-04-1991 00:00,314.751,2
06-04-1991 00:00,290.968,2
07-04-1991 00:00,283.309,2
08-04-1991 00:00,281.795,2
09-04-1991 00:00,355.843,2
10-04-1991 00:00,275.87,2
11-04-1991 00:00,261.795,2
12-04-1991 00:00,251.997,2
13-04-1991 00:00,234.8,2
14-04-1991 00:00,227.452,2
15-04-1991 00:00,230.807,2
16-04-1991 00:00,227.85,2
17-04-1991 00:00,216.378,2
18-04-1991 00:00,211.485,2
19-04-1991 00:00,210.303,2
20-04-1991 00:00,202.796,2
21-04-1991 00:00,195.691,2
22-04-1991 00:00,207.172,2
23-04-1991 00:00,200.084,2
24-04-1991 00:00,192.909,2
25-04-1991 00:00,201.439,2
26-04-1991 00:00,186.075,2
27-04-1991 00:00,181.586,2
28-04-1991 00:00,371.652,2
29-04-1991 00:00,855.527,2
30-04-1991 00:00,553.028,2
01-05-1991 00:00,654.607,2
02-05-1991 00:00,432.864,2
03-05-1991 00:00,1056.576,2
04-05-1991 00:00,1165.487,2
05-05-1991 00:00,1461.331,2
06-05-1991 00:00,1289.115,2
07-05-1991 00:00,1047.356,2
08-05-1991 00:00,768.505,2
09-05-1991 00:00,595.708,2
10-05-1991 00:00,558.32,2
11-05-1991 00:00,509.938,2
12-05-1991 00:00,491.524,2
13-05-1991 00:00,469.667,2
14-05-1991 00:00,448.375,2
15-05-1991 00:00,425.523,2
16-05-1991 00:00,389.93,2
17-05-1991 00:00,347.612,2
18-05-1991 00:00,280.432,2
19-05-1991 00:00,253.466,2
20-05-1991 00:00,245.023,2
21-05-1991 00:00,253.187,2
22-05-1991 00:00,269.077,2
23-05-1991 00:00,258.125,2
24-05-1991 00:00,237.561,2
25-05-1991 00:00,203.216,2
26-05-1991 00:00,197.04,2
27-05-1991 00:00,206.604,2
28-05-1991 00:00,200.36,2
29-05-1991 00:00,208.136,2
30-05-1991 00:00,198.516,2
31-05-1991 00:00,196.331,2
01-06-1991 00:00,214.714,2
02-06-1991 00:00,188.714,2
03-06-1991 00:00,233.095,2
04-06-1991 00:00,457.245,2
05-06-1991 00:00,576.936,2
06-06-1991 00:00,508.183,2
07-06-1991 00:00,462.514,2
08-06-1991 00:00,424.777,2
09-06-1991 00:00,366.267,2
10-06-1991 00:00,321.62,2
11-06-1991 00:00,245.76,2
12-06-1991 00:00,262.734,2
13-06-1991 00:00,427.331,2
14-06-1991 00:00,465.383,2
15-06-1991 00:00,599.396,2
16-06-1991 00:00,848.311,2
17-06-1991 00:00,983.84,2
18-06-1991 00:00,864.661,2
19-06-1991 00:00,809.772,2
20-06-1991 00:00,638.425,2
21-06-1991 00:00,604.217,2
22-06-1991 00:00,515.7,2
23-06-1991 00:00,453.836,2
24-06-1991 00:00,448.476,2
25-06-1991 00:00,469.022,2
26-06-1991 00:00,507.537,2
27-06-1991 00:00,497.436,2
28-06-1991 00:00,450.181,2
29-06-1991 00:00,782.471,2
30-06-1991 00:00,853.109,2
01-07-1991 00:00,811.015,2
02-07-1991 00:00,625.547,2
03-07-1991 00:00,538.078,2
04-07-1991 00:00,481.509,2
05-07-1991 00:00,493.169,2
06-07-1991 00:00,463.922,2
07-07-1991 00:00,438.479,2
08-07-1991 00:00,477.571,2
09-07-1991 00:00,413.517,2
10-07-1991 00:00,340.747,2
11-07-1991 00:00,243.724,2
12-07-1991 00:00,200.727,2
13-07-1991 00:00,183.004,2
14-07-1991 00:00,200.658,2
15-07-1991 00:00,245.004,2
16-07-1991 00:00,224.611,2
17-07-1991 00:00,248.993,2
18-07-1991 00:00,223.235,2
19-07-1991 00:00,233.362,2
20-07-1991 00:00,319.466,2
21-07-1991 00:00,299.287,2
22-07-1991 00:00,320.362,2
23-07-1991 00:00,275.073,2
24-07-1991 00:00,250.913,2
25-07-1991 00:00,331.074,2
26-07-1991 00:00,245.542,2
27-07-1991 00:00,199.796,2
28-07-1991 00:00,185.658,2
29-07-1991 00:00,190.159,2
30-07-1991 00:00,182.377,2
31-07-1991 00:00,185.75,2
01-08-1991 00:00,181.569,2
02-08-1991 00:00,171.299,2
03-08-1991 00:00,172.479,2
04-08-1991 00:00,135.783,2
05-08-1991 00:00,214.398,2
06-08-1991 00:00,185.578,2
07-08-1991 00:00,203.639,2
08-08-1991 00:00,172.872,2
09-08-1991 00:00,157.739,2
10-08-1991 00:00,167.319,2
11-08-1991 00:00,189.799,2
12-08-1991 00:00,218.119,2
13-08-1991 00:00,178.452,2
14-08-1991 00:00,166.064,2
15-08-1991 00:00,159.662,2
16-08-1991 00:00,211.75,2
17-08-1991 00:00,204.377,2
18-08-1991 00:00,434.841,2
19-08-1991 00:00,616.881,2
20-08-1991 00:00,600.854,2
21-08-1991 00:00,555.564,2
22-08-1991 00:00,527.141,2
23-08-1991 00:00,357.256,2
24-08-1991 00:00,334.144,2
25-08-1991 00:00,224.895,2
26-08-1991 00:00,211.957,2
27-08-1991 00:00,200.559,2
28-08-1991 00:00,267.543,2
29-08-1991 00:00,237.222,2
30-08-1991 00:00,230.446,2
31-08-1991 00:00,213.628,2
01-09-1991 00:00,200.629,2
02-09-1991 00:00,201.942,2
03-09-1991 00:00,194.64,2
04-09-1991 00:00,197.937,2
05-09-1991 00:00,208.772,2
06-09-1991 00:00,193.025,2
07-09-1991 00:00,215.598,2
08-09-1991 00:00,186.542,2
09-09-1991 00:00,196.453,2
10-09-1991 00:00,184.34,2
11-09-1991 00:00,188.964,2
12-09-1991 00:00,181.255,2
13-09-1991 00:00,192.311,2
14-09-1991 00:00,159.445,2
15-09-1991 00:00,152.583,2
16-09-1991 00:00,152.47,2
17-09-1991 00:00,230.158,2
18-09-1991 00:00,153.823,2
19-09-1991 00:00,141.176,2
20-09-1991 00:00,152.491,2
21-09-1991 00:00,131.915,2
22-09-1991 00:00,131.25,2
23-09-1991 00:00,206.532,2
24-09-1991 00:00,238.672,2
25-09-1991 00:00,198.081,2
26-09-1991 00:00,600.303,2
27-09-1991 00:00,1094.57,2
28-09-1991 00:00,975.149,2
29-09-1991 00:00,768.895,2
30-09-1991 00:00,655.867,2
01-10-1991 00:00,504.151,2
02-10-1991 00:00,394.477,2
03-10-1991 00:00,268.237,2
04-10-1991 00:00,307.357,2
05-10-1991 00:00,211.382,2
06-10-1991 00:00,200.898,2
07-10-1991 00:00,194.458,2
08-10-1991 00:00,200.239,2
09-10-1991 00:00,201.81,2
10-10-1991 00:00,176.811,2
11-10-1991 00:00,176.266,2
12-10-1991 00:00,181.705,2
13-10-1991 00:00,183.552,2
14-10-1991 00:00,284.548,2
15-10-1991 00:00,254.464,2
16-10-1991 00:00,227.004,2
17-10-1991 00:00,458.475,2
18-10-1991 00:00,432.482,2
19-10-1991 00:00,550.584,2
20-10-1991 00:00,557.809,2
21-10-1991 00:00,501.581,2
22-10-1991 00:00,428.477,2
23-10-1991 00:00,498.611,2
24-10-1991 00:00,261.085,2
25-10-1991 00:00,253.928,2
26-10-1991 00:00,228.686,2
27-10-1991 00:00,216.549,2
28-10-1991 00:00,274.516,2
29-10-1991 00:00,215.416,2
30-10-1991 00:00,207.018,2
31-10-1991 00:00,199.624,2
01-11-1991 00:00,197.814,2
02-11-1991 00:00,462.86,2
03-11-1991 00:00,281.11,2
04-11-1991 00:00,244.055,2
05-11-1991 00:00,394.189,2
06-11-1991 00:00,443.907,2
07-11-1991 00:00,657.353,2
08-11-1991 00:00,695.996,2
09-11-1991 00:00,438.594,2
10-11-1991 00:00,361.019,2
11-11-1991 00:00,524.195,2
12-11-1991 00:00,428.206,2
13-11-1991 00:00,554.857,2
14-11-1991 00:00,420.02,2
15-11-1991 00:00,502.543,2
16-11-1991 00:00,407.154,2
17-11-1991 00:00,356.997,2
18-11-1991 00:00,348.014,2
19-11-1991 00:00,332.932,2
20-11-1991 00:00,313.351,2
21-11-1991 00:00,293.659,2
22-11-1991 00:00,296.389,2
23-11-1991 00:00,276.843,2
24-11-1991 00:00,272.675,2
25-11-1991 00:00,275.576,2
26-11-1991 00:00,271.55,2
27-11-1991 00:00,485.555,2
28-11-1991 00:00,377.248,2
29-11-1991 00:00,342.413,2
30-11-1991 00:00,305.722,2
01-12-1991 00:00,298.545,2
02-12-1991 00:00,313.922,2
03-12-1991 00:00,321.021,2
04-12-1991 00:00,306.525,2
05-12-1991 00:00,294.283,2
06-12-1991 00:00,277.693,2
07-12-1991 00:00,249.975,2
08-12-1991 00:00,247.948,2
09-12-1991 00:00,250.47,2
10-12-1991 00:00,247.552,2
11-12-1991 00:00,245.783,2
12-12-1991 00:00,243.452,2
13-12-1991 00:00,259.14,2
14-12-1991 00:00,258.205,2
15-12-1991 00:00,272.223,2
16-12-1991 00:00,294.037,2
17-12-1991 00:00,279.109,2
18-12-1991 00:00,796.032,2
19-12-1991 00:00,684.316,2
20-12-1991 00:00,670.571,2
21-12-1991 00:00,602.539,2
22-12-1991 00:00,469.174,2
23-12-1991 00:00,902.41,2
24-12-1991 00:00,1190.174,2
25-12-1991 00:00,1023.483,2
26-12-1991 00:00,1029.68,2
27-12-1991 00:00,1017.522,2
28-12-1991 00:00,872.885,2
29-12-1991 00:00,723.662,2
30-12-1991 00:00,604.305,2
31-12-1991 00:00,542.258,2
01-01-1992 00:00,533.404,2
02-01-1992 00:00,540.374,2
03-01-1992 00:00,505.367,2
04-01-1992 00:00,780.937,2
05-01-1992 00:00,771.071,2
06-01-1992 00:00,587.306,2
07-01-1992 00:00,569.255,2
08-01-1992 00:00,575.364,2
09-01-1992 00:00,781.85,2
10-01-1992 00:00,751.24,2
11-01-1992 00:00,597.643,2
12-01-1992 00:00,531.43,2
13-01-1992 00:00,463.145,2
14-01-1992 00:00,467.611,2
15-01-1992 00:00,445.065,2
16-01-1992 00:00,430.092,2
17-01-1992 00:00,404.495,2
18-01-1992 00:00,387.833,2
19-01-1992 00:00,652.568,2
20-01-1992 00:00,824.756,2
21-01-1992 00:00,707.473,2
22-01-1992 00:00,467.186,2
23-01-1992 00:00,407.64,2
24-01-1992 00:00,404.598,2
25-01-1992 00:00,423.14,2
26-01-1992 00:00,402.802,2
27-01-1992 00:00,385.045,2
28-01-1992 00:00,362.724,2
29-01-1992 00:00,363.353,2
30-01-1992 00:00,350.579,2
31-01-1992 00:00,353.119,2
01-02-1992 00:00,355.276,2
02-02-1992 00:00,356.564,2
03-02-1992 00:00,614.402,2
04-02-1992 00:00,432.538,2
05-02-1992 00:00,411.093,2
06-02-1992 00:00,451.039,2
07-02-1992 00:00,402.964,2
08-02-1992 00:00,380.262,2
09-02-1992 00:00,368.307,2
10-02-1992 00:00,407.722,2
11-02-1992 00:00,377.98,2
12-02-1992 00:00,357.402,2
13-02-1992 00:00,425.752,2
14-02-1992 00:00,387.25,2
15-02-1992 00:00,540.704,2
16-02-1992 00:00,508.614,2
17-02-1992 00:00,407.728,2
18-02-1992 00:00,368.617,2
19-02-1992 00:00,366.866,2
20-02-1992 00:00,360.313,2
21-02-1992 00:00,359.408,2
22-02-1992 00:00,358.037,2
23-02-1992 00:00,492.74,2
24-02-1992 00:00,385.374,2
25-02-1992 00:00,432.577,2
26-02-1992 00:00,478.716,2
27-02-1992 00:00,425.606,2
28-02-1992 00:00,342.978,2
29-02-1992 00:00,332.173,2
01-03-1992 00:00,331.122,2
02-03-1992 00:00,365.095,2
03-03-1992 00:00,453.513,2
04-03-1992 00:00,360.689,2
05-03-1992 00:00,336.432,2
06-03-1992 00:00,324.657,2
07-03-1992 00:00,320.24,2
08-03-1992 00:00,320.86,2
09-03-1992 00:00,320.007,2
10-03-1992 00:00,322.933,2
11-03-1992 00:00,365.391,2
12-03-1992 00:00,500.543,2
13-03-1992 00:00,499.441,2
14-03-1992 00:00,420.048,2
15-03-1992 00:00,400.867,2
16-03-1992 00:00,387.521,2
17-03-1992 00:00,432.92,2
18-03-1992 00:00,412.852,2
19-03-1992 00:00,462.996,2
20-03-1992 00:00,605.546,2
21-03-1992 00:00,531.673,2
22-03-1992 00:00,732.544,2
23-03-1992 00:00,848.962,2
24-03-1992 00:00,630.403,2
25-03-1992 00:00,556.772,2
26-03-1992 00:00,520.012,2
27-03-1992 00:00,500.654,2
28-03-1992 00:00,705.535,2
29-03-1992 00:00,579.24,2
30-03-1992 00:00,488.97,2
31-03-1992 00:00,455.318,2
01-04-1992 00:00,426.312,2
02-04-1992 00:00,657.683,2
03-04-1992 00:00,546.504,2
04-04-1992 00:00,470.1,2
05-04-1992 00:00,473.581,2
06-04-1992 00:00,440.186,2
07-04-1992 00:00,419.311,2
08-04-1992 00:00,400.449,2
09-04-1992 00:00,380.964,2
10-04-1992 00:00,368.916,2
11-04-1992 00:00,360.503,2
12-04-1992 00:00,351.412,2
13-04-1992 00:00,434.322,2
14-04-1992 00:00,369.571,2
15-04-1992 00:00,498.552,2
16-04-1992 00:00,527.659,2
17-04-1992 00:00,372.059,2
18-04-1992 00:00,454.234,2
19-04-1992 00:00,417.69,2
20-04-1992 00:00,345.961,2
21-04-1992 00:00,346.912,2
22-04-1992 00:00,377.641,2
23-04-1992 00:00,355.77,2
24-04-1992 00:00,343.1,2
25-04-1992 00:00,384.161,2
26-04-1992 00:00,362.854,2
27-04-1992 00:00,598.427,2
28-04-1992 00:00,523.632,2
29-04-1992 00:00,639.434,2
30-04-1992 00:00,458.941,2
01-05-1992 00:00,450.686,2
02-05-1992 00:00,448.698,2
03-05-1992 00:00,366.226,2
04-05-1992 00:00,358.051,2
05-05-1992 00:00,343.078,2
06-05-1992 00:00,331.916,2
07-05-1992 00:00,357.558,2
08-05-1992 00:00,439.168,2
09-05-1992 00:00,515.004,2
10-05-1992 00:00,343.441,2
11-05-1992 00:00,324.73,2
12-05-1992 00:00,370.985,2
13-05-1992 00:00,364.581,2
14-05-1992 00:00,302.381,2
15-05-1992 00:00,269.848,2
16-05-1992 00:00,255.921,2
17-05-1992 00:00,250.211,2
18-05-1992 00:00,237.7,2
19-05-1992 00:00,240.352,2
20-05-1992 00:00,233.76,2
21-05-1992 00:00,227.167,2
22-05-1992 00:00,220.575,2
23-05-1992 00:00,213.983,2
24-05-1992 00:00,207.39,2
25-05-1992 00:00,200.798,2
26-05-1992 00:00,194.206,2
27-05-1992 00:00,187.613,2
28-05-1992 00:00,178.078,2
29-05-1992 00:00,177.535,2
30-05-1992 00:00,168.102,2
31-05-1992 00:00,161.379,2
01-06-1992 00:00,166.998,2
02-06-1992 00:00,166.075,2
03-06-1992 00:00,160.267,2
04-06-1992 00:00,156.927,2
05-06-1992 00:00,151.841,2
06-06-1992 00:00,140.195,2
07-06-1992 00:00,131.846,2
08-06-1992 00:00,131.24,2
09-06-1992 00:00,138.277,2
10-06-1992 00:00,136.652,2
11-06-1992 00:00,136.93,2
12-06-1992 00:00,135.994,2
13-06-1992 00:00,132.462,2
14-06-1992 00:00,127.877,2
15-06-1992 00:00,129.682,2
16-06-1992 00:00,110.41,2
17-06-1992 00:00,106.514,2
18-06-1992 00:00,101.985,2
19-06-1992 00:00,125.132,2
20-06-1992 00:00,112.129,2
21-06-1992 00:00,106.833,2
22-06-1992 00:00,103.516,2
23-06-1992 00:00,108.355,2
24-06-1992 00:00,105.522,2
25-06-1992 00:00,107.972,2
26-06-1992 00:00,109.764,2
27-06-1992 00:00,116.997,2
28-06-1992 00:00,107.485,2
29-06-1992 00:00,117.964,2
30-06-1992 00:00,137.833,2
01-07-1992 00:00,135.4,2
02-07-1992 00:00,100.733,2
03-07-1992 00:00,126.131,2
04-07-1992 00:00,106.546,2
05-07-1992 00:00,90.18,2
06-07-1992 00:00,110.965,2
07-07-1992 00:00,124.012,2
08-07-1992 00:00,78.721,2
09-07-1992 00:00,100.987,2
10-07-1992 00:00,89.888,2
11-07-1992 00:00,81.557,2
12-07-1992 00:00,104.309,2
13-07-1992 00:00,94.517,2
14-07-1992 00:00,167.687,2
15-07-1992 00:00,163.685,2
16-07-1992 00:00,142.662,2
17-07-1992 00:00,111.306,2
18-07-1992 00:00,174.808,2
19-07-1992 00:00,176.653,2
20-07-1992 00:00,153.5,2
21-07-1992 00:00,129.735,2
22-07-1992 00:00,155.63,2
23-07-1992 00:00,165.112,2
24-07-1992 00:00,122.128,2
25-07-1992 00:00,125.186,2
26-07-1992 00:00,114.017,2
27-07-1992 00:00,104.892,2
28-07-1992 00:00,142.972,2
29-07-1992 00:00,101.705,2
30-07-1992 00:00,47.072,2
31-07-1992 00:00,49.251,2
01-08-1992 00:00,51.354,2
02-08-1992 00:00,53.851,2
03-08-1992 00:00,378.143,2
04-08-1992 00:00,318.58,2
05-08-1992 00:00,158.862,2
06-08-1992 00:00,133.963,2
07-08-1992 00:00,169.07,2
08-08-1992 00:00,176.115,2
09-08-1992 00:00,124.837,2
10-08-1992 00:00,115.815,2
11-08-1992 00:00,116.483,2
12-08-1992 00:00,124.775,2
13-08-1992 00:00,211.854,2
14-08-1992 00:00,134.68,2
15-08-1992 00:00,65.573,2
16-08-1992 00:00,74.762,2
17-08-1992 00:00,149.901,2
18-08-1992 00:00,143.509,2
19-08-1992 00:00,96.02,2
20-08-1992 00:00,93.647,2
21-08-1992 00:00,291.97,2
22-08-1992 00:00,499.474,2
23-08-1992 00:00,344.87,2
24-08-1992 00:00,282.851,2
25-08-1992 00:00,215.054,2
26-08-1992 00:00,197.119,2
27-08-1992 00:00,172.97,2
28-08-1992 00:00,141.066,2
29-08-1992 00:00,127.308,2
30-08-1992 00:00,129.732,2
31-08-1992 00:00,156.031,2
01-09-1992 00:00,248.823,2
02-09-1992 00:00,512.051,2
03-09-1992 00:00,433.921,2
04-09-1992 00:00,244.66,2
05-09-1992 00:00,193.948,2
06-09-1992 00:00,143.517,2
07-09-1992 00:00,124.671,2
08-09-1992 00:00,116.575,2
09-09-1992 00:00,129.691,2
10-09-1992 00:00,105.407,2
11-09-1992 00:00,110.162,2
12-09-1992 00:00,125.645,2
13-09-1992 00:00,132.673,2
14-09-1992 00:00,159.632,2
15-09-1992 00:00,228.995,2
16-09-1992 00:00,223.623,2
17-09-1992 00:00,136.36,2
18-09-1992 00:00,114.637,2
19-09-1992 00:00,141.172,2
20-09-1992 00:00,148.861,2
21-09-1992 00:00,154.954,2
22-09-1992 00:00,164.144,2
23-09-1992 00:00,164.88,2
24-09-1992 00:00,168.242,2
25-09-1992 00:00,159.297,2
26-09-1992 00:00,155.674,2
27-09-1992 00:00,152.269,2
28-09-1992 00:00,148.101,2
29-09-1992 00:00,155.145,2
30-09-1992 00:00,149.711,2
01-10-1992 00:00,137.964,2
02-10-1992 00:00,134.651,2
03-10-1992 00:00,125.619,2
04-10-1992 00:00,122.916,2
05-10-1992 00:00,128.63,2
06-10-1992 00:00,124.42,2
07-10-1992 00:00,125.546,2
08-10-1992 00:00,123.327,2
09-10-1992 00:00,136.332,2
10-10-1992 00:00,122.062,2
11-10-1992 00:00,116.312,2
12-10-1992 00:00,119.467,2
13-10-1992 00:00,117.691,2
14-10-1992 00:00,190.39,2
15-10-1992 00:00,355.771,2
16-10-1992 00:00,636.829,2
17-10-1992 00:00,374.956,2
18-10-1992 00:00,172.772,2
19-10-1992 00:00,149.577,2
20-10-1992 00:00,169.849,2
21-10-1992 00:00,187.722,2
22-10-1992 00:00,300.204,2
23-10-1992 00:00,243.734,2
24-10-1992 00:00,331.398,2
25-10-1992 00:00,202.687,2
26-10-1992 00:00,168.687,2
27-10-1992 00:00,159.322,2
28-10-1992 00:00,396.443,2
29-10-1992 00:00,503.207,2
30-10-1992 00:00,278.002,2
31-10-1992 00:00,198.786,2
01-11-1992 00:00,159.191,2
02-11-1992 00:00,215.499,2
03-11-1992 00:00,514.577,2
04-11-1992 00:00,295.817,2
05-11-1992 00:00,224.668,2
06-11-1992 00:00,306.699,2
07-11-1992 00:00,447.163,2
08-11-1992 00:00,285.736,2
09-11-1992 00:00,228.559,2
10-11-1992 00:00,235.344,2
11-11-1992 00:00,119.167,2
12-11-1992 00:00,673.136,2
13-11-1992 00:00,1130.888,2
14-11-1992 00:00,1054.166,2
15-11-1992 00:00,407.676,2
16-11-1992 00:00,528.635,2
17-11-1992 00:00,512.465,2
18-11-1992 00:00,334.458,2
19-11-1992 00:00,462.052,2
20-11-1992 00:00,594.759,2
21-11-1992 00:00,426.454,2
22-11-1992 00:00,362.974,2
23-11-1992 00:00,338.432,2
24-11-1992 00:00,495.189,2
25-11-1992 00:00,593.839,2
26-11-1992 00:00,841.92,2
27-11-1992 00:00,998.883,2
28-11-1992 00:00,870.728,2
29-11-1992 00:00,687.594,2
30-11-1992 00:00,570.746,2
01-12-1992 00:00,578.795,2
02-12-1992 00:00,517.387,2
03-12-1992 00:00,844.917,2
04-12-1992 00:00,708.29,2
05-12-1992 00:00,627.504,2
06-12-1992 00:00,535.78,2
07-12-1992 00:00,446.579,2
08-12-1992 00:00,463.042,2
09-12-1992 00:00,446.953,2
10-12-1992 00:00,400.064,2
11-12-1992 00:00,635.301,2
12-12-1992 00:00,1088.27,2
13-12-1992 00:00,729.928,2
14-12-1992 00:00,852.033,2
15-12-1992 00:00,689.987,2
16-12-1992 00:00,584.737,2
17-12-1992 00:00,527.278,2
18-12-1992 00:00,500.438,2
19-12-1992 00:00,653.646,2
20-12-1992 00:00,486.336,2
21-12-1992 00:00,440.461,2
22-12-1992 00:00,401.984,2
23-12-1992 00:00,368.377,2
24-12-1992 00:00,355.479,2
25-12-1992 00:00,330.079,2
26-12-1992 00:00,331.384,2
27-12-1992 00:00,328.722,2
28-12-1992 00:00,318.28,2
29-12-1992 00:00,339.485,2
30-12-1992 00:00,335.357,2
31-12-1992 00:00,301.389,2
01-01-1993 00:00,280.154,2
02-01-1993 00:00,267.521,2
03-01-1993 00:00,259.957,2
04-01-1993 00:00,263.221,2
05-01-1993 00:00,268.58,2
06-01-1993 00:00,321.216,2
07-01-1993 00:00,267.997,2
08-01-1993 00:00,286.555,2
09-01-1993 00:00,291.207,2
10-01-1993 00:00,376.7,2
11-01-1993 00:00,768.718,2
12-01-1993 00:00,597.5,2
13-01-1993 00:00,471.572,2
14-01-1993 00:00,924.067,2
15-01-1993 00:00,727.185,2
16-01-1993 00:00,700.358,2
17-01-1993 00:00,673.77,2
18-01-1993 00:00,580.004,2
19-01-1993 00:00,560.293,2
20-01-1993 00:00,593.824,2
21-01-1993 00:00,595.452,2
22-01-1993 00:00,728.004,2
23-01-1993 00:00,680.353,2
24-01-1993 00:00,1100.764,2
25-01-1993 00:00,1234.527,2
26-01-1993 00:00,1202.935,2
27-01-1993 00:00,1091.864,2
28-01-1993 00:00,778.497,2
29-01-1993 00:00,646.619,2
30-01-1993 00:00,545.915,2
31-01-1993 00:00,532.524,2
01-02-1993 00:00,487.789,2
02-02-1993 00:00,464.811,2
03-02-1993 00:00,507.918,2
04-02-1993 00:00,532.805,2
05-02-1993 00:00,521.284,2
06-02-1993 00:00,503.456,2
07-02-1993 00:00,454.293,2
08-02-1993 00:00,517.478,2
09-02-1993 00:00,558.177,2
10-02-1993 00:00,537.49,2
11-02-1993 00:00,504.204,2
12-02-1993 00:00,482.015,2
13-02-1993 00:00,457.027,2
14-02-1993 00:00,438.905,2
15-02-1993 00:00,425.815,2
16-02-1993 00:00,479.291,2
17-02-1993 00:00,799.558,2
18-02-1993 00:00,540.822,2
19-02-1993 00:00,746.087,2
20-02-1993 00:00,555.274,2
21-02-1993 00:00,636.488,2
22-02-1993 00:00,461.516,2
23-02-1993 00:00,425.136,2
24-02-1993 00:00,478.573,2
25-02-1993 00:00,430.597,2
26-02-1993 00:00,433.635,2
27-02-1993 00:00,452.016,2
28-02-1993 00:00,405.907,2
01-03-1993 00:00,377.402,2
02-03-1993 00:00,353.729,2
03-03-1993 00:00,353.737,2
04-03-1993 00:00,349.234,2
05-03-1993 00:00,393.591,2
06-03-1993 00:00,343.541,2
07-03-1993 00:00,324.199,2
08-03-1993 00:00,317.082,2
09-03-1993 00:00,309.651,2
10-03-1993 00:00,314.626,2
11-03-1993 00:00,301.039,2
12-03-1993 00:00,295.695,2
13-03-1993 00:00,291.144,2
14-03-1993 00:00,353.701,2
15-03-1993 00:00,320.4,2
16-03-1993 00:00,335.964,2
17-03-1993 00:00,294.16,2
18-03-1993 00:00,351.936,2
19-03-1993 00:00,314.573,2
20-03-1993 00:00,289.47,2
21-03-1993 00:00,276.67,2
22-03-1993 00:00,278.824,2
23-03-1993 00:00,337.701,2
24-03-1993 00:00,321.535,2
25-03-1993 00:00,273.813,2
26-03-1993 00:00,264.907,2
27-03-1993 00:00,252.8,2
28-03-1993 00:00,244.271,2
29-03-1993 00:00,248.449,2
30-03-1993 00:00,244.002,2
31-03-1993 00:00,237.662,2
01-04-1993 00:00,230.36,2
02-04-1993 00:00,226.23,2
03-04-1993 00:00,223.061,2
04-04-1993 00:00,268.084,2
05-04-1993 00:00,268.015,2
06-04-1993 00:00,264.989,2
07-04-1993 00:00,313.839,2
08-04-1993 00:00,243.835,2
09-04-1993 00:00,225.773,2
10-04-1993 00:00,217.28,2
11-04-1993 00:00,213.607,2
12-04-1993 00:00,212.281,2
13-04-1993 00:00,221.871,2
14-04-1993 00:00,215.458,2
15-04-1993 00:00,209.264,2
16-04-1993 00:00,207.054,2
17-04-1993 00:00,214.675,2
18-04-1993 00:00,205.748,2
19-04-1993 00:00,210.971,2
20-04-1993 00:00,204.38,2
21-04-1993 00:00,203.758,2
22-04-1993 00:00,204.619,2
23-04-1993 00:00,210.813,2
24-04-1993 00:00,198.513,2
25-04-1993 00:00,189.537,2
26-04-1993 00:00,197.569,2
27-04-1993 00:00,196.104,2
28-04-1993 00:00,197.476,2
29-04-1993 00:00,188.875,2
30-04-1993 00:00,183.043,2
01-05-1993 00:00,180.168,2
02-05-1993 00:00,182.742,2
03-05-1993 00:00,174.691,2
04-05-1993 00:00,179.246,2
05-05-1993 00:00,178.973,2
06-05-1993 00:00,180.32,2
07-05-1993 00:00,173.06,2
08-05-1993 00:00,166.016,2
09-05-1993 00:00,164.305,2
10-05-1993 00:00,172.97,2
11-05-1993 00:00,168.452,2
12-05-1993 00:00,171.693,2
13-05-1993 00:00,167.496,2
14-05-1993 00:00,164.242,2
15-05-1993 00:00,155.576,2
16-05-1993 00:00,173.569,2
17-05-1993 00:00,165.674,2
18-05-1993 00:00,160.55,2
19-05-1993 00:00,155.12,2
20-05-1993 00:00,142.487,2
21-05-1993 00:00,147.494,2
22-05-1993 00:00,302.672,2
23-05-1993 00:00,325.196,2
24-05-1993 00:00,190.569,2
25-05-1993 00:00,175.896,2
26-05-1993 00:00,139.251,2
27-05-1993 00:00,139.312,2
28-05-1993 00:00,143.475,2
29-05-1993 00:00,146.184,2
30-05-1993 00:00,133.643,2
31-05-1993 00:00,218.758,2
01-06-1993 00:00,231.952,2
02-06-1993 00:00,149.063,2
03-06-1993 00:00,143.539,2
04-06-1993 00:00,111.681,2
05-06-1993 00:00,132.22,2
06-06-1993 00:00,144.803,2
07-06-1993 00:00,134.38,2
08-06-1993 00:00,134.588,2
09-06-1993 00:00,115.74,2
10-06-1993 00:00,147.946,2
11-06-1993 00:00,142.744,2
12-06-1993 00:00,120.593,2
13-06-1993 00:00,112.689,2
14-06-1993 00:00,119.078,2
15-06-1993 00:00,115.964,2
16-06-1993 00:00,148.241,2
17-06-1993 00:00,158.211,2
18-06-1993 00:00,131.634,2
19-06-1993 00:00,131.619,2
20-06-1993 00:00,135.951,2
21-06-1993 00:00,121.591,2
22-06-1993 00:00,161.077,2
23-06-1993 00:00,159.488,2
24-06-1993 00:00,213.94,2
25-06-1993 00:00,161.688,2
26-06-1993 00:00,165.135,2
27-06-1993 00:00,166.218,2
28-06-1993 00:00,200.574,2
29-06-1993 00:00,146.644,2
30-06-1993 00:00,117.268,2
01-07-1993 00:00,118.825,2
02-07-1993 00:00,124.465,2
03-07-1993 00:00,161.898,2
04-07-1993 00:00,201.797,2
05-07-1993 00:00,146.155,2
06-07-1993 00:00,133.84,2
07-07-1993 00:00,158.196,2
08-07-1993 00:00,138.882,2
09-07-1993 00:00,119.774,2
10-07-1993 00:00,107.702,2
11-07-1993 00:00,101.983,2
12-07-1993 00:00,245.819,2
13-07-1993 00:00,324.465,2
14-07-1993 00:00,259.538,2
15-07-1993 00:00,150.617,2
16-07-1993 00:00,127.112,2
17-07-1993 00:00,141.509,2
18-07-1993 00:00,134.894,2
19-07-1993 00:00,98.157,2
20-07-1993 00:00,100.413,2
21-07-1993 00:00,123.059,2
22-07-1993 00:00,380.151,2
23-07-1993 00:00,285.285,2
24-07-1993 00:00,253.826,2
25-07-1993 00:00,244.315,2
26-07-1993 00:00,355.686,2
27-07-1993 00:00,325.633,2
28-07-1993 00:00,225.489,2
29-07-1993 00:00,150.052,2
30-07-1993 00:00,211.291,2
31-07-1993 00:00,339.612,2
01-08-1993 00:00,365.949,2
02-08-1993 00:00,330.207,2
03-08-1993 00:00,305.404,2
04-08-1993 00:00,301.104,2
05-08-1993 00:00,259.351,2
06-08-1993 00:00,285.306,2
07-08-1993 00:00,332.352,2
08-08-1993 00:00,337.784,2
09-08-1993 00:00,296.963,2
10-08-1993 00:00,335.089,2
11-08-1993 00:00,346.23,2
12-08-1993 00:00,320.917,2
13-08-1993 00:00,382.981,2
14-08-1993 00:00,408.774,2
15-08-1993 00:00,317.584,2
16-08-1993 00:00,241.256,2
17-08-1993 00:00,211.893,2
18-08-1993 00:00,190.268,2
19-08-1993 00:00,177.448,2
20-08-1993 00:00,169.805,2
21-08-1993 00:00,162.413,2
22-08-1993 00:00,151.62,2
23-08-1993 00:00,154.316,2
24-08-1993 00:00,155.354,2
25-08-1993 00:00,187.959,2
26-08-1993 00:00,197.006,2
27-08-1993 00:00,222.428,2
28-08-1993 00:00,181.668,2
29-08-1993 00:00,137.456,2
30-08-1993 00:00,203.952,2
31-08-1993 00:00,237.199,2
01-09-1993 00:00,223.993,2
02-09-1993 00:00,201.443,2
03-09-1993 00:00,239.323,2
04-09-1993 00:00,315.285,2
05-09-1993 00:00,325.011,2
06-09-1993 00:00,267.372,2
07-09-1993 00:00,112.799,2
08-09-1993 00:00,176.23,2
09-09-1993 00:00,181.345,2
10-09-1993 00:00,105.659,2
11-09-1993 00:00,135.12,2
12-09-1993 00:00,574.823,2
13-09-1993 00:00,1147.674,2
14-09-1993 00:00,1109.409,2
15-09-1993 00:00,1432.962,2
16-09-1993 00:00,1288.446,2
17-09-1993 00:00,1031.336,2
18-09-1993 00:00,706.057,2
19-09-1993 00:00,488.771,2
20-09-1993 00:00,402.272,2
21-09-1993 00:00,329.914,2
22-09-1993 00:00,318.415,2
23-09-1993 00:00,546.094,2
24-09-1993 00:00,505.436,2
25-09-1993 00:00,500.796,2
26-09-1993 00:00,402.8,2
27-09-1993 00:00,448.48,2
28-09-1993 00:00,409.077,2
29-09-1993 00:00,381.075,2
30-09-1993 00:00,348.031,2
01-10-1993 00:00,325.152,2
02-10-1993 00:00,271.523,2
03-10-1993 00:00,298.488,2
04-10-1993 00:00,385.916,2
05-10-1993 00:00,287.339,2
06-10-1993 00:00,275.49,2
07-10-1993 00:00,308.67,2
08-10-1993 00:00,320.195,2
09-10-1993 00:00,434.078,2
10-10-1993 00:00,720.513,2
11-10-1993 00:00,717.487,2
12-10-1993 00:00,744.076,2
13-10-1993 00:00,959.212,2
14-10-1993 00:00,860.46,2
15-10-1993 00:00,941.488,2
16-10-1993 00:00,834.256,2
17-10-1993 00:00,598.012,2
18-10-1993 00:00,486.979,2
19-10-1993 00:00,444.336,2
20-10-1993 00:00,421.711,2
21-10-1993 00:00,408.326,2
22-10-1993 00:00,434.424,2
23-10-1993 00:00,393.375,2
24-10-1993 00:00,377.369,2
25-10-1993 00:00,370.288,2
26-10-1993 00:00,339.135,2
27-10-1993 00:00,325.703,2
28-10-1993 00:00,317.6,2
29-10-1993 00:00,323.287,2
30-10-1993 00:00,298.297,2
31-10-1993 00:00,284.195,2
01-11-1993 00:00,278.301,2
02-11-1993 00:00,272.65,2
03-11-1993 00:00,264.522,2
04-11-1993 00:00,259.02,2
05-11-1993 00:00,249.781,2
06-11-1993 00:00,233.39,2
07-11-1993 00:00,225.173,2
08-11-1993 00:00,351.84,2
09-11-1993 00:00,307.184,2
10-11-1993 00:00,261.416,2
11-11-1993 00:00,240.489,2
12-11-1993 00:00,281.546,2
13-11-1993 00:00,256.306,2
14-11-1993 00:00,642.94,2
15-11-1993 00:00,707.249,2
16-11-1993 00:00,577.74,2
17-11-1993 00:00,459.599,2
18-11-1993 00:00,400.855,2
19-11-1993 00:00,369.762,2
20-11-1993 00:00,342.09,2
21-11-1993 00:00,324.414,2
22-11-1993 00:00,316.85,2
23-11-1993 00:00,299.623,2
24-11-1993 00:00,276.267,2
25-11-1993 00:00,265.657,2
26-11-1993 00:00,263.156,2
27-11-1993 00:00,283.694,2
28-11-1993 00:00,256.553,2
29-11-1993 00:00,239.555,2
30-11-1993 00:00,249.286,2
01-12-1993 00:00,272.524,2
02-12-1993 00:00,302.792,2
03-12-1993 00:00,683.387,2
04-12-1993 00:00,857.938,2
05-12-1993 00:00,769.548,2
06-12-1993 00:00,598.273,2
07-12-1993 00:00,574.133,2
08-12-1993 00:00,583.983,2
09-12-1993 00:00,726.831,2
10-12-1993 00:00,830.321,2
11-12-1993 00:00,933.922,2
12-12-1993 00:00,928.563,2
13-12-1993 00:00,797.241,2
14-12-1993 00:00,582.79,2
15-12-1993 00:00,557.362,2
16-12-1993 00:00,645.286,2
17-12-1993 00:00,744.254,2
18-12-1993 00:00,629.102,2
19-12-1993 00:00,702.897,2
20-12-1993 00:00,907.473,2
21-12-1993 00:00,824.709,2
22-12-1993 00:00,662.255,2
23-12-1993 00:00,709.511,2
24-12-1993 00:00,639.419,2
25-12-1993 00:00,700.693,2
26-12-1993 00:00,905.997,2
27-12-1993 00:00,798.99,2
28-12-1993 00:00,702.154,2
29-12-1993 00:00,683.268,2
30-12-1993 00:00,807.697,2
31-12-1993 00:00,978.522,2
01-01-1994 00:00,926.977,2
02-01-1994 00:00,890.128,2
03-01-1994 00:00,812.327,2
04-01-1994 00:00,776.85,2
05-01-1994 00:00,867.412,2
06-01-1994 00:00,935.992,2
07-01-1994 00:00,910.092,2
08-01-1994 00:00,833.007,2
09-01-1994 00:00,708.028,2
10-01-1994 00:00,641.156,2
11-01-1994 00:00,598.322,2
12-01-1994 00:00,593.259,2
13-01-1994 00:00,784.245,2
14-01-1994 00:00,775.64,2
15-01-1994 00:00,770.948,2
16-01-1994 00:00,731.091,2
17-01-1994 00:00,645.421,2
18-01-1994 00:00,703.916,2
19-01-1994 00:00,1149.908,2
20-01-1994 00:00,1247.73,2
21-01-1994 00:00,1189,2
22-01-1994 00:00,1131,2
23-01-1994 00:00,1072.207,2
24-01-1994 00:00,1032.675,2
25-01-1994 00:00,987.181,2
26-01-1994 00:00,1014.84,2
27-01-1994 00:00,1057.531,2
28-01-1994 00:00,1138.669,2
29-01-1994 00:00,1166.695,2
30-01-1994 00:00,1154.46,2
31-01-1994 00:00,1145.636,2
01-02-1994 00:00,1073.061,2
02-02-1994 00:00,1089.692,2
03-02-1994 00:00,1247.244,2
04-02-1994 00:00,1184.441,2
05-02-1994 00:00,1037.058,2
06-02-1994 00:00,921.764,2
07-02-1994 00:00,827.143,2
08-02-1994 00:00,809.041,2
09-02-1994 00:00,805.93,2
10-02-1994 00:00,828.704,2
11-02-1994 00:00,778.349,2
12-02-1994 00:00,666.562,2
13-02-1994 00:00,607.034,2
14-02-1994 00:00,549.256,2
15-02-1994 00:00,487.122,2
16-02-1994 00:00,413.763,2
17-02-1994 00:00,399.232,2
18-02-1994 00:00,384.037,2
19-02-1994 00:00,372.296,2
20-02-1994 00:00,377.397,2
21-02-1994 00:00,407.321,2
22-02-1994 00:00,473.568,2
23-02-1994 00:00,472.906,2
24-02-1994 00:00,448.996,2
25-02-1994 00:00,433.192,2
26-02-1994 00:00,419.628,2
27-02-1994 00:00,428.31,2
28-02-1994 00:00,478.487,2
01-03-1994 00:00,427.889,2
02-03-1994 00:00,412.539,2
03-03-1994 00:00,440.267,2
04-03-1994 00:00,669.864,2
05-03-1994 00:00,675.824,2
06-03-1994 00:00,939.394,2
07-03-1994 00:00,1346.806,2
08-03-1994 00:00,1767.638,2
09-03-1994 00:00,1822.399,2
10-03-1994 00:00,1724.922,2
11-03-1994 00:00,1489.022,2
12-03-1994 00:00,1255.125,2
13-03-1994 00:00,1171.9,2
14-03-1994 00:00,1292.822,2
15-03-1994 00:00,1288.165,2
16-03-1994 00:00,1088.903,2
17-03-1994 00:00,1012.497,2
18-03-1994 00:00,944.31,2
19-03-1994 00:00,885.903,2
20-03-1994 00:00,814.843,2
21-03-1994 00:00,765.696,2
22-03-1994 00:00,725.639,2
23-03-1994 00:00,761.339,2
24-03-1994 00:00,872.025,2
25-03-1994 00:00,795.601,2
26-03-1994 00:00,808.685,2
27-03-1994 00:00,702.972,2
28-03-1994 00:00,650.621,2
29-03-1994 00:00,727.825,2
30-03-1994 00:00,632.941,2
31-03-1994 00:00,665.413,2
01-04-1994 00:00,730.177,2
02-04-1994 00:00,664.676,2
03-04-1994 00:00,599.453,2
04-04-1994 00:00,624.269,2
05-04-1994 00:00,691.262,2
06-04-1994 00:00,640.015,2
07-04-1994 00:00,626.722,2
08-04-1994 00:00,588.461,2
09-04-1994 00:00,571.017,2
10-04-1994 00:00,557.259,2
11-04-1994 00:00,474.899,2
12-04-1994 00:00,409.606,2
13-04-1994 00:00,487.399,2
14-04-1994 00:00,1007.418,2
15-04-1994 00:00,1042.676,2
16-04-1994 00:00,949.708,2
17-04-1994 00:00,836.153,2
18-04-1994 00:00,657.096,2
19-04-1994 00:00,510.826,2
20-04-1994 00:00,497.996,2
21-04-1994 00:00,508.477,2
22-04-1994 00:00,517.318,2
23-04-1994 00:00,488.475,2
24-04-1994 00:00,474.425,2
25-04-1994 00:00,458.278,2
26-04-1994 00:00,437.197,2
27-04-1994 00:00,424.72,2
28-04-1994 00:00,404.067,2
29-04-1994 00:00,369.805,2
30-04-1994 00:00,391.485,2
01-05-1994 00:00,350.42,2
02-05-1994 00:00,350.306,2
03-05-1994 00:00,348.595,2
04-05-1994 00:00,343.228,2
05-05-1994 00:00,328.812,2
06-05-1994 00:00,320.931,2
07-05-1994 00:00,303.649,2
08-05-1994 00:00,301.129,2
09-05-1994 00:00,304.732,2
10-05-1994 00:00,301.268,2
11-05-1994 00:00,291.874,2
12-05-1994 00:00,292.064,2
13-05-1994 00:00,286.136,2
14-05-1994 00:00,278.793,2
15-05-1994 00:00,325.833,2
16-05-1994 00:00,327.267,2
17-05-1994 00:00,337.071,2
18-05-1994 00:00,446.227,2
19-05-1994 00:00,304.235,2
20-05-1994 00:00,269.224,2
21-05-1994 00:00,245.734,2
22-05-1994 00:00,227.126,2
23-05-1994 00:00,369.664,2
24-05-1994 00:00,336.006,2
25-05-1994 00:00,264.306,2
26-05-1994 00:00,357.835,2
27-05-1994 00:00,263.707,2
28-05-1994 00:00,235.53,2
29-05-1994 00:00,230.688,2
30-05-1994 00:00,360.195,2
31-05-1994 00:00,286.408,2
01-06-1994 00:00,251.556,2
02-06-1994 00:00,248.521,2
03-06-1994 00:00,340.356,2
04-06-1994 00:00,290.971,2
05-06-1994 00:00,257.922,2
06-06-1994 00:00,245.314,2
07-06-1994 00:00,234.545,2
08-06-1994 00:00,224.009,2
09-06-1994 00:00,263.965,2
10-06-1994 00:00,282.242,2
11-06-1994 00:00,246.584,2
12-06-1994 00:00,220.284,2
13-06-1994 00:00,240.11,2
14-06-1994 00:00,252.07,2
15-06-1994 00:00,296.726,2
16-06-1994 00:00,235.508,2
17-06-1994 00:00,215.174,2
18-06-1994 00:00,180.371,2
19-06-1994 00:00,268.423,2
20-06-1994 00:00,250.806,2
21-06-1994 00:00,178.717,2
22-06-1994 00:00,294.953,2
23-06-1994 00:00,246.763,2
24-06-1994 00:00,221.421,2
25-06-1994 00:00,206.822,2
26-06-1994 00:00,232.613,2
27-06-1994 00:00,222.876,2
28-06-1994 00:00,211.925,2
29-06-1994 00:00,218.769,2
30-06-1994 00:00,320.768,2
01-07-1994 00:00,248.177,2
02-07-1994 00:00,200.88,2
03-07-1994 00:00,183.002,2
04-07-1994 00:00,184.126,2
05-07-1994 00:00,189.897,2
06-07-1994 00:00,167.296,2
07-07-1994 00:00,137.316,2
08-07-1994 00:00,108.591,2
09-07-1994 00:00,151.501,2
10-07-1994 00:00,141.779,2
11-07-1994 00:00,146.859,2
12-07-1994 00:00,159.087,2
13-07-1994 00:00,140.477,2
14-07-1994 00:00,120.693,2
15-07-1994 00:00,141.431,2
16-07-1994 00:00,123.377,2
17-07-1994 00:00,84.951,2
18-07-1994 00:00,229.277,2
19-07-1994 00:00,142.243,2
20-07-1994 00:00,108.464,2
21-07-1994 00:00,101.128,2
22-07-1994 00:00,98.592,2
23-07-1994 00:00,100.302,2
24-07-1994 00:00,92.475,2
25-07-1994 00:00,100.542,2
26-07-1994 00:00,98.149,2
27-07-1994 00:00,99.317,2
28-07-1994 00:00,93.463,2
29-07-1994 00:00,88.964,2
30-07-1994 00:00,78.071,2
31-07-1994 00:00,111.218,2
01-08-1994 00:00,95.127,2
02-08-1994 00:00,98.564,2
03-08-1994 00:00,88.908,2
04-08-1994 00:00,73.14,2
05-08-1994 00:00,86.784,2
06-08-1994 00:00,74.16,2
07-08-1994 00:00,69.921,2
08-08-1994 00:00,76.885,2
09-08-1994 00:00,77.236,2
10-08-1994 00:00,74,2
11-08-1994 00:00,77.131,2
12-08-1994 00:00,65.154,2
13-08-1994 00:00,104.096,2
14-08-1994 00:00,82.549,2
15-08-1994 00:00,148.87,2
16-08-1994 00:00,82.444,2
17-08-1994 00:00,76.343,2
18-08-1994 00:00,242.416,2
19-08-1994 00:00,293.2,2
20-08-1994 00:00,156.885,2
21-08-1994 00:00,164.89,2
22-08-1994 00:00,140.344,2
23-08-1994 00:00,128.774,2
24-08-1994 00:00,122.275,2
25-08-1994 00:00,189.379,2
26-08-1994 00:00,244.752,2
27-08-1994 00:00,160.956,2
28-08-1994 00:00,128,2
29-08-1994 00:00,265,2
30-08-1994 00:00,180,2
31-08-1994 00:00,140,2
01-09-1994 00:00,141.882,2
02-09-1994 00:00,192.107,2
03-09-1994 00:00,130.197,2
04-09-1994 00:00,122.596,2
05-09-1994 00:00,166.101,2
06-09-1994 00:00,158.97,2
07-09-1994 00:00,124.225,2
08-09-1994 00:00,113.427,2
09-09-1994 00:00,300.312,2
10-09-1994 00:00,360.906,2
11-09-1994 00:00,325.795,2
12-09-1994 00:00,376.415,2
13-09-1994 00:00,306.858,2
14-09-1994 00:00,243.588,2
15-09-1994 00:00,822.032,2
16-09-1994 00:00,1580.118,2
17-09-1994 00:00,1636.535,2
18-09-1994 00:00,1447.795,2
19-09-1994 00:00,1154.247,2
20-09-1994 00:00,1019.958,2
21-09-1994 00:00,858.412,2
22-09-1994 00:00,668.63,2
23-09-1994 00:00,604.553,2
24-09-1994 00:00,524.551,2
25-09-1994 00:00,475.561,2
26-09-1994 00:00,440.593,2
27-09-1994 00:00,451.582,2
28-09-1994 00:00,462.849,2
29-09-1994 00:00,514.934,2
30-09-1994 00:00,445.685,2
01-10-1994 00:00,418.869,2
02-10-1994 00:00,363.748,2
03-10-1994 00:00,499.213,2
04-10-1994 00:00,420.265,2
05-10-1994 00:00,415.989,2
06-10-1994 00:00,375.412,2
07-10-1994 00:00,358.102,2
08-10-1994 00:00,315.575,2
09-10-1994 00:00,304.252,2
10-10-1994 00:00,300.519,2
11-10-1994 00:00,298.491,2
12-10-1994 00:00,275.758,2
13-10-1994 00:00,239.459,2
14-10-1994 00:00,263.881,2
15-10-1994 00:00,256.313,2
16-10-1994 00:00,240.945,2
17-10-1994 00:00,236.797,2
18-10-1994 00:00,233.53,2
19-10-1994 00:00,226.832,2
20-10-1994 00:00,218.82,2
21-10-1994 00:00,221.113,2
22-10-1994 00:00,215.791,2
23-10-1994 00:00,345.042,2
24-10-1994 00:00,271.039,2
25-10-1994 00:00,251.098,2
26-10-1994 00:00,250.685,2
27-10-1994 00:00,247.051,2
28-10-1994 00:00,227.372,2
29-10-1994 00:00,213.893,2
30-10-1994 00:00,283.05,2
31-10-1994 00:00,502.92,2
01-11-1994 00:00,635.749,2
02-11-1994 00:00,397.124,2
03-11-1994 00:00,323.163,2
04-11-1994 00:00,300.205,2
05-11-1994 00:00,253.327,2
06-11-1994 00:00,243.299,2
07-11-1994 00:00,243.633,2
08-11-1994 00:00,247.942,2
09-11-1994 00:00,225.302,2
10-11-1994 00:00,216.701,2
11-11-1994 00:00,206.98,2
12-11-1994 00:00,198.112,2
13-11-1994 00:00,195.434,2
14-11-1994 00:00,657.99,2
15-11-1994 00:00,603.532,2
16-11-1994 00:00,516.752,2
17-11-1994 00:00,472.051,2
18-11-1994 00:00,549.342,2
19-11-1994 00:00,420.535,2
20-11-1994 00:00,637.009,2
21-11-1994 00:00,924.986,2
22-11-1994 00:00,697.539,2
23-11-1994 00:00,596.056,2
24-11-1994 00:00,599.209,2
25-11-1994 00:00,494.348,2
26-11-1994 00:00,396.195,2
27-11-1994 00:00,382.263,2
28-11-1994 00:00,370.194,2
29-11-1994 00:00,352.131,2
30-11-1994 00:00,342.071,2
01-12-1994 00:00,345.126,2
02-12-1994 00:00,361.223,2
03-12-1994 00:00,344.717,2
04-12-1994 00:00,406.064,2
05-12-1994 00:00,473.263,2
06-12-1994 00:00,405.72,2
07-12-1994 00:00,368.782,2
08-12-1994 00:00,519.388,2
09-12-1994 00:00,774.959,2
10-12-1994 00:00,584.146,2
11-12-1994 00:00,701.195,2
12-12-1994 00:00,728.703,2
13-12-1994 00:00,642.472,2
14-12-1994 00:00,552.061,2
15-12-1994 00:00,495.682,2
16-12-1994 00:00,561.698,2
17-12-1994 00:00,513.727,2
18-12-1994 00:00,472.037,2
19-12-1994 00:00,568.98,2
20-12-1994 00:00,487.404,2
21-12-1994 00:00,464.253,2
22-12-1994 00:00,451.207,2
23-12-1994 00:00,445.32,2
24-12-1994 00:00,408.132,2
25-12-1994 00:00,384.18,2
26-12-1994 00:00,536.061,2
27-12-1994 00:00,653.778,2
28-12-1994 00:00,551,2
29-12-1994 00:00,822.396,2
30-12-1994 00:00,857.117,2
31-12-1994 00:00,848,2
01-01-1995 00:00,694.627,2
02-01-1995 00:00,602.056,2
03-01-1995 00:00,526.734,2
04-01-1995 00:00,488.567,2
05-01-1995 00:00,458.361,2
06-01-1995 00:00,422.9,2
07-01-1995 00:00,385.689,2
08-01-1995 00:00,374,2
09-01-1995 00:00,380,2
10-01-1995 00:00,553,2
11-01-1995 00:00,616,2
12-01-1995 00:00,490,2
13-01-1995 00:00,440,2
14-01-1995 00:00,454,2
15-01-1995 00:00,647.141,2
16-01-1995 00:00,588,2
17-01-1995 00:00,556,2
18-01-1995 00:00,503,2
19-01-1995 00:00,464,2
20-01-1995 00:00,473,2
21-01-1995 00:00,517,2
22-01-1995 00:00,690,2
23-01-1995 00:00,977,2
24-01-1995 00:00,1364,2
25-01-1995 00:00,1192.084,2
26-01-1995 00:00,1041.064,2
27-01-1995 00:00,969.053,2
28-01-1995 00:00,823.881,2
29-01-1995 00:00,918.72,2
30-01-1995 00:00,779.768,2
31-01-1995 00:00,663.159,2
01-02-1995 00:00,1029.488,2
02-02-1995 00:00,1423.165,2
03-02-1995 00:00,1333.552,2
04-02-1995 00:00,1248.973,2
05-02-1995 00:00,1176.03,2
06-02-1995 00:00,1082.723,2
07-02-1995 00:00,1027.593,2
08-02-1995 00:00,922.413,2
09-02-1995 00:00,809.359,2
10-02-1995 00:00,724.791,2
11-02-1995 00:00,671.529,2
12-02-1995 00:00,881.809,2
13-02-1995 00:00,755.791,2
14-02-1995 00:00,736.826,2
15-02-1995 00:00,830.33,2
16-02-1995 00:00,1043.07,2
17-02-1995 00:00,1098.188,2
18-02-1995 00:00,1147.869,2
19-02-1995 00:00,1020.536,2
20-02-1995 00:00,992.293,2
21-02-1995 00:00,1119.308,2
22-02-1995 00:00,1107.652,2
23-02-1995 00:00,940.896,2
24-02-1995 00:00,832.504,2
25-02-1995 00:00,748.07,2
26-02-1995 00:00,689.158,2
27-02-1995 00:00,654.135,2
28-02-1995 00:00,731.218,2
01-03-1995 00:00,765.933,2
02-03-1995 00:00,776.642,2
03-03-1995 00:00,709.406,2
04-03-1995 00:00,650.127,2
05-03-1995 00:00,604.82,2
06-03-1995 00:00,764.171,2
07-03-1995 00:00,642.292,2
08-03-1995 00:00,530.138,2
09-03-1995 00:00,491.873,2
10-03-1995 00:00,474.539,2
11-03-1995 00:00,455.966,2
12-03-1995 00:00,441.23,2
13-03-1995 00:00,438.543,2
14-03-1995 00:00,432.868,2
15-03-1995 00:00,431.874,2
16-03-1995 00:00,440.748,2
17-03-1995 00:00,508.676,2
18-03-1995 00:00,714.864,2
19-03-1995 00:00,639.564,2
20-03-1995 00:00,568.405,2
21-03-1995 00:00,495.338,2
22-03-1995 00:00,472.035,2
23-03-1995 00:00,518.735,2
24-03-1995 00:00,450.288,2
25-03-1995 00:00,446.122,2
26-03-1995 00:00,403.357,2
27-03-1995 00:00,424.399,2
28-03-1995 00:00,417.163,2
29-03-1995 00:00,397.732,2
30-03-1995 00:00,373.947,2
31-03-1995 00:00,451.918,2
01-04-1995 00:00,499.594,2
02-04-1995 00:00,419.308,2
03-04-1995 00:00,473.971,2
04-04-1995 00:00,470.511,2
05-04-1995 00:00,454.776,2
06-04-1995 00:00,820.768,2
07-04-1995 00:00,871.11,2
08-04-1995 00:00,863.676,2
09-04-1995 00:00,725.881,2
10-04-1995 00:00,631.379,2
11-04-1995 00:00,629.805,2
12-04-1995 00:00,580.457,2
13-04-1995 00:00,524.048,2
14-04-1995 00:00,485.131,2
15-04-1995 00:00,517.079,2
16-04-1995 00:00,541.868,2
17-04-1995 00:00,596.585,2
18-04-1995 00:00,649.159,2
19-04-1995 00:00,722.792,2
20-04-1995 00:00,680.238,2
21-04-1995 00:00,672.095,2
22-04-1995 00:00,598.596,2
23-04-1995 00:00,581.097,2
24-04-1995 00:00,531.208,2
25-04-1995 00:00,493.585,2
26-04-1995 00:00,483.238,2
27-04-1995 00:00,496.431,2
28-04-1995 00:00,466.318,2
29-04-1995 00:00,407.35,2
30-04-1995 00:00,389.596,2
01-05-1995 00:00,378.872,2
02-05-1995 00:00,370,2
03-05-1995 00:00,365.423,2
04-05-1995 00:00,359.111,2
05-05-1995 00:00,346.753,2
06-05-1995 00:00,333.452,2
07-05-1995 00:00,315.861,2
08-05-1995 00:00,545.006,2
09-05-1995 00:00,724.487,2
10-05-1995 00:00,517.023,2
11-05-1995 00:00,501.061,2
12-05-1995 00:00,406.432,2
13-05-1995 00:00,364.82,2
14-05-1995 00:00,366.552,2
15-05-1995 00:00,358.844,2
16-05-1995 00:00,385.326,2
17-05-1995 00:00,367.537,2
18-05-1995 00:00,568.341,2
19-05-1995 00:00,352.567,2
20-05-1995 00:00,316.608,2
21-05-1995 00:00,401.087,2
22-05-1995 00:00,315.528,2
23-05-1995 00:00,304.843,2
24-05-1995 00:00,299.301,2
25-05-1995 00:00,282.41,2
26-05-1995 00:00,288,2
27-05-1995 00:00,276.21,2
28-05-1995 00:00,279.275,2
29-05-1995 00:00,290.341,2
30-05-1995 00:00,502.248,2
31-05-1995 00:00,484.791,2
01-06-1995 00:00,366.557,2
02-06-1995 00:00,469.534,2
03-06-1995 00:00,369.519,2
04-06-1995 00:00,304.329,2
05-06-1995 00:00,293.812,2
06-06-1995 00:00,297.163,2
07-06-1995 00:00,302.846,2
08-06-1995 00:00,650.95,2
09-06-1995 00:00,480.08,2
10-06-1995 00:00,350.117,2
11-06-1995 00:00,347.894,2
12-06-1995 00:00,294.334,2
13-06-1995 00:00,264.759,2
14-06-1995 00:00,466.341,2
15-06-1995 00:00,331.133,2
16-06-1995 00:00,321.273,2
17-06-1995 00:00,288.341,2
18-06-1995 00:00,286.595,2
19-06-1995 00:00,253.197,2
20-06-1995 00:00,219.601,2
21-06-1995 00:00,220.968,2
22-06-1995 00:00,227.031,2
23-06-1995 00:00,216.071,2
24-06-1995 00:00,199.174,2
25-06-1995 00:00,194.21,2
26-06-1995 00:00,197.09,2
27-06-1995 00:00,196.211,2
28-06-1995 00:00,194.804,2
29-06-1995 00:00,193.588,2
30-06-1995 00:00,194.9,2
01-07-1995 00:00,216.234,2
02-07-1995 00:00,195.232,2
03-07-1995 00:00,197.16,2
04-07-1995 00:00,272.353,2
05-07-1995 00:00,256.975,2
06-07-1995 00:00,198.475,2
07-07-1995 00:00,169.597,2
08-07-1995 00:00,164.979,2
09-07-1995 00:00,162.614,2
10-07-1995 00:00,213.113,2
11-07-1995 00:00,178.138,2
12-07-1995 00:00,164.038,2
13-07-1995 00:00,173.729,2
14-07-1995 00:00,179.834,2
15-07-1995 00:00,178.942,2
16-07-1995 00:00,254.784,2
17-07-1995 00:00,313.399,2
18-07-1995 00:00,243.655,2
19-07-1995 00:00,174.863,2
20-07-1995 00:00,154.578,2
21-07-1995 00:00,155.482,2
22-07-1995 00:00,158.931,2
23-07-1995 00:00,137.282,2
24-07-1995 00:00,150.899,2
25-07-1995 00:00,191.031,2
26-07-1995 00:00,138.364,2
27-07-1995 00:00,130.41,2
28-07-1995 00:00,128.833,2
29-07-1995 00:00,124.833,2
30-07-1995 00:00,122.076,2
31-07-1995 00:00,123.432,2
01-08-1995 00:00,123.803,2
02-08-1995 00:00,125.637,2
03-08-1995 00:00,126.394,2
04-08-1995 00:00,128.07,2
05-08-1995 00:00,125.094,2
06-08-1995 00:00,121.15,2
07-08-1995 00:00,125.349,2
08-08-1995 00:00,127.864,2
09-08-1995 00:00,120.236,2
10-08-1995 00:00,121.738,2
11-08-1995 00:00,123.294,2
12-08-1995 00:00,113.407,2
13-08-1995 00:00,112.969,2
14-08-1995 00:00,118.344,2
15-08-1995 00:00,119.662,2
16-08-1995 00:00,120.74,2
17-08-1995 00:00,122.916,2
18-08-1995 00:00,124.843,2
19-08-1995 00:00,123.581,2
20-08-1995 00:00,113.633,2
21-08-1995 00:00,122.056,2
22-08-1995 00:00,123.826,2
23-08-1995 00:00,118.534,2
24-08-1995 00:00,183.016,2
25-08-1995 00:00,168.033,2
26-08-1995 00:00,276.474,2
27-08-1995 00:00,135.88,2
28-08-1995 00:00,213.222,2
29-08-1995 00:00,128.639,2
30-08-1995 00:00,121.435,2
31-08-1995 00:00,115.704,2
01-09-1995 00:00,119.225,2
02-09-1995 00:00,131.2,2
03-09-1995 00:00,164.859,2
04-09-1995 00:00,302.833,2
05-09-1995 00:00,202.898,2
06-09-1995 00:00,164.231,2
07-09-1995 00:00,145.267,2
08-09-1995 00:00,145.157,2
09-09-1995 00:00,149.627,2
10-09-1995 00:00,309.73,2
11-09-1995 00:00,198.81,2
12-09-1995 00:00,336.021,2
13-09-1995 00:00,199.576,2
14-09-1995 00:00,301.684,2
15-09-1995 00:00,318.464,2
16-09-1995 00:00,197.36,2
17-09-1995 00:00,197.432,2
18-09-1995 00:00,178.697,2
19-09-1995 00:00,174,2
20-09-1995 00:00,189,2
21-09-1995 00:00,196,2
22-09-1995 00:00,189,2
23-09-1995 00:00,182,2
24-09-1995 00:00,179,2
25-09-1995 00:00,172,2
26-09-1995 00:00,214,2
27-09-1995 00:00,232,2
28-09-1995 00:00,309,2
29-09-1995 00:00,371,2
30-09-1995 00:00,307,2
01-10-1995 00:00,215.446,2
02-10-1995 00:00,198.132,2
03-10-1995 00:00,177.857,2
04-10-1995 00:00,175.211,2
05-10-1995 00:00,187.889,2
06-10-1995 00:00,235.437,2
07-10-1995 00:00,168.097,2
08-10-1995 00:00,168.683,2
09-10-1995 00:00,168.556,2
10-10-1995 00:00,162.035,2
11-10-1995 00:00,161.975,2
12-10-1995 00:00,157.127,2
13-10-1995 00:00,155.471,2
14-10-1995 00:00,149.072,2
15-10-1995 00:00,146.904,2
16-10-1995 00:00,152.344,2
17-10-1995 00:00,147.746,2
18-10-1995 00:00,158.139,2
19-10-1995 00:00,180.008,2
20-10-1995 00:00,151.862,2
21-10-1995 00:00,149.356,2
22-10-1995 00:00,132.903,2
23-10-1995 00:00,132.97,2
24-10-1995 00:00,135.099,2
25-10-1995 00:00,139.648,2
26-10-1995 00:00,132.194,2
27-10-1995 00:00,182.682,2
28-10-1995 00:00,135.106,2
29-10-1995 00:00,124.857,2
30-10-1995 00:00,128.284,2
31-10-1995 00:00,332.619,2
01-11-1995 00:00,587.142,2
02-11-1995 00:00,327.091,2
03-11-1995 00:00,468.509,2
04-11-1995 00:00,290.204,2
05-11-1995 00:00,232.814,2
06-11-1995 00:00,233.055,2
07-11-1995 00:00,218.696,2
08-11-1995 00:00,208.668,2
09-11-1995 00:00,231.043,2
10-11-1995 00:00,448.469,2
11-11-1995 00:00,342.301,2
12-11-1995 00:00,255.623,2
13-11-1995 00:00,236.492,2
14-11-1995 00:00,220.435,2
15-11-1995 00:00,234.488,2
16-11-1995 00:00,273.155,2
17-11-1995 00:00,351.673,2
18-11-1995 00:00,268.329,2
19-11-1995 00:00,290.621,2
20-11-1995 00:00,263.721,2
21-11-1995 00:00,274.504,2
22-11-1995 00:00,258.782,2
23-11-1995 00:00,329.917,2
24-11-1995 00:00,362.795,2
25-11-1995 00:00,296.673,2
26-11-1995 00:00,266.883,2
27-11-1995 00:00,261.114,2
28-11-1995 00:00,254.122,2
29-11-1995 00:00,226.141,2
30-11-1995 00:00,208.798,2
01-12-1995 00:00,208.651,2
02-12-1995 00:00,188.81,2
03-12-1995 00:00,191.632,2
04-12-1995 00:00,203.111,2
05-12-1995 00:00,193.652,2
06-12-1995 00:00,190.388,2
07-12-1995 00:00,187.071,2
08-12-1995 00:00,199.486,2
09-12-1995 00:00,190.912,2
10-12-1995 00:00,205.112,2
11-12-1995 00:00,273.005,2
12-12-1995 00:00,204.065,2
13-12-1995 00:00,198.306,2
14-12-1995 00:00,188.739,2
15-12-1995 00:00,174.482,2
16-12-1995 00:00,154.827,2
17-12-1995 00:00,152.956,2
18-12-1995 00:00,161.562,2
19-12-1995 00:00,161.199,2
20-12-1995 00:00,154.175,2
21-12-1995 00:00,145.005,2
22-12-1995 00:00,145.727,2
23-12-1995 00:00,150.091,2
24-12-1995 00:00,149,2
25-12-1995 00:00,148,2
26-12-1995 00:00,147,2
27-12-1995 00:00,146,2
28-12-1995 00:00,145,2
29-12-1995 00:00,144,2
30-12-1995 00:00,143,2
31-12-1995 00:00,142,2
01-01-1996 00:00,142,2
02-01-1996 00:00,142,2
03-01-1996 00:00,143,2
04-01-1996 00:00,143.751,2
05-01-1996 00:00,143,2
06-01-1996 00:00,142.881,2
07-01-1996 00:00,143.126,2
08-01-1996 00:00,144.106,2
09-01-1996 00:00,241.559,2
10-01-1996 00:00,364.454,2
11-01-1996 00:00,325.923,2
12-01-1996 00:00,306.544,2
13-01-1996 00:00,283.244,2
14-01-1996 00:00,217.854,2
15-01-1996 00:00,210.306,2
16-01-1996 00:00,223.437,2
17-01-1996 00:00,214.483,2
18-01-1996 00:00,210.746,2
19-01-1996 00:00,206.354,2
20-01-1996 00:00,196.612,2
21-01-1996 00:00,190.603,2
22-01-1996 00:00,194.229,2
23-01-1996 00:00,191.427,2
24-01-1996 00:00,185.487,2
25-01-1996 00:00,188.047,2
26-01-1996 00:00,185.594,2
27-01-1996 00:00,179.053,2
28-01-1996 00:00,172.523,2
29-01-1996 00:00,170.1,2
30-01-1996 00:00,176.656,2
31-01-1996 00:00,178.923,2
01-02-1996 00:00,180.215,2
02-02-1996 00:00,183.666,2
03-02-1996 00:00,177.514,2
04-02-1996 00:00,174.821,2
05-02-1996 00:00,175.526,2
06-02-1996 00:00,168.764,2
07-02-1996 00:00,156.348,2
08-02-1996 00:00,164.652,2
09-02-1996 00:00,175.595,2
10-02-1996 00:00,164.686,2
11-02-1996 00:00,155.015,2
12-02-1996 00:00,165.086,2
13-02-1996 00:00,178.006,2
14-02-1996 00:00,175.181,2
15-02-1996 00:00,186.338,2
16-02-1996 00:00,290.908,2
17-02-1996 00:00,260,2
18-02-1996 00:00,230,2
19-02-1996 00:00,210,2
20-02-1996 00:00,206.742,2
21-02-1996 00:00,203.937,2
22-02-1996 00:00,194.127,2
23-02-1996 00:00,190.717,2
24-02-1996 00:00,185.409,2
25-02-1996 00:00,184.958,2
26-02-1996 00:00,261.887,2
27-02-1996 00:00,253.198,2
28-02-1996 00:00,223.603,2
29-02-1996 00:00,215,2
01-03-1996 00:00,212,2
02-03-1996 00:00,210,2
03-03-1996 00:00,208,2
04-03-1996 00:00,205,2
05-03-1996 00:00,201.11,2
06-03-1996 00:00,201,2
07-03-1996 00:00,200,2
08-03-1996 00:00,199,2
09-03-1996 00:00,198.786,2
10-03-1996 00:00,196.135,2
11-03-1996 00:00,194.281,2
12-03-1996 00:00,199.412,2
13-03-1996 00:00,222.149,2
14-03-1996 00:00,194.051,2
15-03-1996 00:00,191.722,2
16-03-1996 00:00,188.226,2
17-03-1996 00:00,182.098,2
18-03-1996 00:00,187.971,2
19-03-1996 00:00,192.321,2
20-03-1996 00:00,197.928,2
21-03-1996 00:00,198.416,2
22-03-1996 00:00,197.143,2
23-03-1996 00:00,199.294,2
24-03-1996 00:00,233.332,2
25-03-1996 00:00,203.536,2
26-03-1996 00:00,199.441,2
27-03-1996 00:00,196.245,2
28-03-1996 00:00,218.27,2
29-03-1996 00:00,247.745,2
30-03-1996 00:00,223.798,2
31-03-1996 00:00,210.074,2
01-04-1996 00:00,229.223,2
02-04-1996 00:00,217.654,2
03-04-1996 00:00,203.989,2
04-04-1996 00:00,199.593,2
05-04-1996 00:00,196.618,2
06-04-1996 00:00,200.638,2
07-04-1996 00:00,206.547,2
08-04-1996 00:00,211.859,2
09-04-1996 00:00,220.925,2
10-04-1996 00:00,214.606,2
11-04-1996 00:00,215.542,2
12-04-1996 00:00,220.2,2
13-04-1996 00:00,205.081,2
14-04-1996 00:00,198.786,2
15-04-1996 00:00,200.803,2
16-04-1996 00:00,198.578,2
17-04-1996 00:00,198.158,2
18-04-1996 00:00,197.634,2
19-04-1996 00:00,195.48,2
20-04-1996 00:00,189.023,2
21-04-1996 00:00,184.731,2
22-04-1996 00:00,187.07,2
23-04-1996 00:00,185.319,2
24-04-1996 00:00,423.179,2
25-04-1996 00:00,274.773,2
26-04-1996 00:00,216.164,2
27-04-1996 00:00,195.876,2
28-04-1996 00:00,192.322,2
29-04-1996 00:00,198.696,2
30-04-1996 00:00,171.631,2
01-05-1996 00:00,182.374,2
02-05-1996 00:00,183.871,2
03-05-1996 00:00,182.261,2
04-05-1996 00:00,311.588,2
05-05-1996 00:00,213.282,2
06-05-1996 00:00,194.274,2
07-05-1996 00:00,186.611,2
08-05-1996 00:00,181.853,2
09-05-1996 00:00,178.677,2
10-05-1996 00:00,181.374,2
11-05-1996 00:00,332.223,2
12-05-1996 00:00,367.514,2
13-05-1996 00:00,227.438,2
14-05-1996 00:00,204.608,2
15-05-1996 00:00,197.579,2
16-05-1996 00:00,189.604,2
17-05-1996 00:00,188.138,2
18-05-1996 00:00,518.346,2
19-05-1996 00:00,406.979,2
20-05-1996 00:00,426.034,2
21-05-1996 00:00,763.906,2
22-05-1996 00:00,429.14,2
23-05-1996 00:00,327.618,2
24-05-1996 00:00,350.489,2
25-05-1996 00:00,596.011,2
26-05-1996 00:00,401.495,2
27-05-1996 00:00,350.092,2
28-05-1996 00:00,328.398,2
29-05-1996 00:00,438.984,2
30-05-1996 00:00,349.897,2
31-05-1996 00:00,291.019,2
01-06-1996 00:00,254.714,2
02-06-1996 00:00,231.7,2
03-06-1996 00:00,233.132,2
04-06-1996 00:00,226.691,2
05-06-1996 00:00,218.742,2
06-06-1996 00:00,213.086,2
07-06-1996 00:00,206.741,2
08-06-1996 00:00,204.075,2
09-06-1996 00:00,744.373,2
10-06-1996 00:00,779.657,2
11-06-1996 00:00,475.203,2
12-06-1996 00:00,432.132,2
13-06-1996 00:00,323.703,2
14-06-1996 00:00,245.038,2
15-06-1996 00:00,225.098,2
16-06-1996 00:00,211.667,2
17-06-1996 00:00,211.025,2
18-06-1996 00:00,236.019,2
19-06-1996 00:00,224.701,2
20-06-1996 00:00,207.52,2
21-06-1996 00:00,298.082,2
22-06-1996 00:00,230.47,2
23-06-1996 00:00,188.605,2
24-06-1996 00:00,197.373,2
25-06-1996 00:00,186.536,2
26-06-1996 00:00,184.093,2
27-06-1996 00:00,184.57,2
28-06-1996 00:00,179.908,2
29-06-1996 00:00,183.696,2
30-06-1996 00:00,175.196,2
01-07-1996 00:00,248.699,2
02-07-1996 00:00,204.069,2
03-07-1996 00:00,195.595,2
04-07-1996 00:00,489.441,2
05-07-1996 00:00,433.889,2
06-07-1996 00:00,253.325,2
07-07-1996 00:00,248.159,2
08-07-1996 00:00,196.876,2
09-07-1996 00:00,205.044,2
10-07-1996 00:00,215.756,2
11-07-1996 00:00,182.949,2
12-07-1996 00:00,180.033,2
13-07-1996 00:00,175.816,2
14-07-1996 00:00,168.668,2
15-07-1996 00:00,178.087,2
16-07-1996 00:00,167.104,2
17-07-1996 00:00,153.17,2
18-07-1996 00:00,148.809,2
19-07-1996 00:00,147.438,2
20-07-1996 00:00,137.844,2
21-07-1996 00:00,130.811,2
22-07-1996 00:00,134.902,2
23-07-1996 00:00,133.023,2
24-07-1996 00:00,130.258,2
25-07-1996 00:00,129.824,2
26-07-1996 00:00,130.335,2
27-07-1996 00:00,225.852,2
28-07-1996 00:00,170,2
29-07-1996 00:00,135.415,2
30-07-1996 00:00,127.199,2
31-07-1996 00:00,118.841,2
01-08-1996 00:00,136.871,2
02-08-1996 00:00,227.592,2
03-08-1996 00:00,123.567,2
04-08-1996 00:00,110.438,2
05-08-1996 00:00,125.946,2
06-08-1996 00:00,136.608,2
07-08-1996 00:00,148.151,2
08-08-1996 00:00,130.251,2
09-08-1996 00:00,129.672,2
10-08-1996 00:00,125.221,2
11-08-1996 00:00,123.457,2
12-08-1996 00:00,132.738,2
13-08-1996 00:00,147.268,2
14-08-1996 00:00,216.74,2
15-08-1996 00:00,146.12,2
16-08-1996 00:00,126.45,2
17-08-1996 00:00,111.471,2
18-08-1996 00:00,106.29,2
19-08-1996 00:00,120.027,2
20-08-1996 00:00,113.443,2
21-08-1996 00:00,118.202,2
22-08-1996 00:00,118.445,2
23-08-1996 00:00,117.942,2
24-08-1996 00:00,184.017,2
25-08-1996 00:00,149.079,2
26-08-1996 00:00,117.646,2
27-08-1996 00:00,119.701,2
28-08-1996 00:00,117.408,2
29-08-1996 00:00,372.176,2
30-08-1996 00:00,240.63,2
31-08-1996 00:00,386.134,2
01-09-1996 00:00,157.888,2
02-09-1996 00:00,160.127,2
03-09-1996 00:00,128.016,2
04-09-1996 00:00,123.901,2
05-09-1996 00:00,122.832,2
06-09-1996 00:00,129.397,2
07-09-1996 00:00,116.358,2
08-09-1996 00:00,115.115,2
09-09-1996 00:00,124.32,2
10-09-1996 00:00,122.719,2
11-09-1996 00:00,128.296,2
12-09-1996 00:00,302.311,2
13-09-1996 00:00,183.57,2
14-09-1996 00:00,123.723,2
15-09-1996 00:00,124.763,2
16-09-1996 00:00,122.771,2
17-09-1996 00:00,125.392,2
18-09-1996 00:00,121.86,2
19-09-1996 00:00,119.98,2
20-09-1996 00:00,122.703,2
21-09-1996 00:00,118.075,2
22-09-1996 00:00,116.104,2
23-09-1996 00:00,125.589,2
24-09-1996 00:00,129.391,2
25-09-1996 00:00,111.93,2
26-09-1996 00:00,132.175,2
27-09-1996 00:00,120.476,2
28-09-1996 00:00,185.049,2
29-09-1996 00:00,342.853,2
30-09-1996 00:00,510.529,2
01-10-1996 00:00,220.416,2
02-10-1996 00:00,170.507,2
03-10-1996 00:00,119.544,2
04-10-1996 00:00,134.449,2
05-10-1996 00:00,118.712,2
06-10-1996 00:00,114.115,2
07-10-1996 00:00,116.526,2
08-10-1996 00:00,119.798,2
09-10-1996 00:00,123.913,2
10-10-1996 00:00,119.322,2
11-10-1996 00:00,114.097,2
12-10-1996 00:00,107.868,2
13-10-1996 00:00,102.441,2
14-10-1996 00:00,106.414,2
15-10-1996 00:00,97.316,2
16-10-1996 00:00,95.034,2
17-10-1996 00:00,183.207,2
18-10-1996 00:00,111.471,2
19-10-1996 00:00,99.744,2
20-10-1996 00:00,112.265,2
21-10-1996 00:00,111.235,2
22-10-1996 00:00,216.744,2
23-10-1996 00:00,110.636,2
24-10-1996 00:00,109.659,2
25-10-1996 00:00,82.172,2
26-10-1996 00:00,57.497,2
27-10-1996 00:00,89.176,2
28-10-1996 00:00,360.166,2
29-10-1996 00:00,334,2
30-10-1996 00:00,341.476,2
31-10-1996 00:00,230.485,2
01-11-1996 00:00,140.399,2
02-11-1996 00:00,145.748,2
03-11-1996 00:00,250.63,2
04-11-1996 00:00,229.711,2
05-11-1996 00:00,331.651,2
06-11-1996 00:00,351.88,2
07-11-1996 00:00,458.208,2
08-11-1996 00:00,393.274,2
09-11-1996 00:00,292.607,2
10-11-1996 00:00,236.914,2
11-11-1996 00:00,268.563,2
12-11-1996 00:00,382.09,2
13-11-1996 00:00,404.738,2
14-11-1996 00:00,351.468,2
15-11-1996 00:00,290.919,2
16-11-1996 00:00,249.265,2
17-11-1996 00:00,219.155,2
18-11-1996 00:00,210.218,2
19-11-1996 00:00,377.67,2
20-11-1996 00:00,419.988,2
21-11-1996 00:00,318.147,2
22-11-1996 00:00,284.575,2
23-11-1996 00:00,279.414,2
24-11-1996 00:00,247.424,2
25-11-1996 00:00,211.348,2
26-11-1996 00:00,192.776,2
27-11-1996 00:00,210.156,2
28-11-1996 00:00,205.181,2
29-11-1996 00:00,210,2
30-11-1996 00:00,270,2
01-12-1996 00:00,327.112,2
02-12-1996 00:00,389.461,2
03-12-1996 00:00,386.056,2
04-12-1996 00:00,389.317,2
05-12-1996 00:00,314.882,2
06-12-1996 00:00,388.283,2
07-12-1996 00:00,305.533,2
08-12-1996 00:00,249.824,2
09-12-1996 00:00,233.596,2
10-12-1996 00:00,231.568,2
11-12-1996 00:00,231.169,2
12-12-1996 00:00,227.295,2
13-12-1996 00:00,230.995,2
14-12-1996 00:00,224.065,2
15-12-1996 00:00,325.643,2
16-12-1996 00:00,279.561,2
17-12-1996 00:00,306.679,2
18-12-1996 00:00,298.538,2
19-12-1996 00:00,293.574,2
20-12-1996 00:00,253.889,2
21-12-1996 00:00,213.103,2
22-12-1996 00:00,204.033,2
23-12-1996 00:00,196.537,2
24-12-1996 00:00,191.547,2
25-12-1996 00:00,173.91,2
26-12-1996 00:00,162.834,2
27-12-1996 00:00,150.224,2
28-12-1996 00:00,149.229,2
29-12-1996 00:00,147.234,2
30-12-1996 00:00,148.707,2
31-12-1996 00:00,147.7,2
01-01-1997 00:00,145,2
02-01-1997 00:00,143.345,2
03-01-1997 00:00,138,2
04-01-1997 00:00,137.5,2
05-01-1997 00:00,135,2
06-01-1997 00:00,133,2
07-01-1997 00:00,132,2
08-01-1997 00:00,130,2
09-01-1997 00:00,130,2
10-01-1997 00:00,129,2
11-01-1997 00:00,129,2
12-01-1997 00:00,129,2
13-01-1997 00:00,128,2
14-01-1997 00:00,128,2
15-01-1997 00:00,128,2
16-01-1997 00:00,128,2
17-01-1997 00:00,128,2
18-01-1997 00:00,128,2
19-01-1997 00:00,128,2
20-01-1997 00:00,128,2
21-01-1997 00:00,128,2
22-01-1997 00:00,128.397,2
23-01-1997 00:00,126.457,2
24-01-1997 00:00,127.441,2
25-01-1997 00:00,127,2
26-01-1997 00:00,126,2
27-01-1997 00:00,126,2
28-01-1997 00:00,125,2
29-01-1997 00:00,125,2
30-01-1997 00:00,126.1,2
31-01-1997 00:00,126.944,2
01-02-1997 00:00,122.815,2
02-02-1997 00:00,121.36,2
03-02-1997 00:00,119.516,2
04-02-1997 00:00,137.073,2
05-02-1997 00:00,455.379,2
06-02-1997 00:00,381.704,2
07-02-1997 00:00,339.732,2
08-02-1997 00:00,265.435,2
09-02-1997 00:00,225.969,2
10-02-1997 00:00,223.392,2
11-02-1997 00:00,271.955,2
12-02-1997 00:00,252.846,2
13-02-1997 00:00,348.921,2
14-02-1997 00:00,357.844,2
15-02-1997 00:00,345.607,2
16-02-1997 00:00,288.435,2
17-02-1997 00:00,248.035,2
18-02-1997 00:00,256.153,2
19-02-1997 00:00,432.401,2
20-02-1997 00:00,499.202,2
21-02-1997 00:00,498.158,2
22-02-1997 00:00,402.649,2
23-02-1997 00:00,359.756,2
24-02-1997 00:00,351.274,2
25-02-1997 00:00,499.913,2
26-02-1997 00:00,464.879,2
27-02-1997 00:00,402.161,2
28-02-1997 00:00,370.036,2
01-03-1997 00:00,370.527,2
02-03-1997 00:00,353.094,2
03-03-1997 00:00,358.754,2
04-03-1997 00:00,348.228,2
05-03-1997 00:00,309.555,2
06-03-1997 00:00,298.566,2
07-03-1997 00:00,291.691,2
08-03-1997 00:00,269.401,2
09-03-1997 00:00,256.525,2
10-03-1997 00:00,246.653,2
11-03-1997 00:00,235.971,2
12-03-1997 00:00,234.768,2
13-03-1997 00:00,231.791,2
14-03-1997 00:00,261.306,2
15-03-1997 00:00,295.261,2
16-03-1997 00:00,264.375,2
17-03-1997 00:00,238.114,2
18-03-1997 00:00,225.127,2
19-03-1997 00:00,216.821,2
20-03-1997 00:00,216.819,2
21-03-1997 00:00,210.809,2
22-03-1997 00:00,203.179,2
23-03-1997 00:00,199.387,2
24-03-1997 00:00,195.54,2
25-03-1997 00:00,195.181,2
26-03-1997 00:00,199.069,2
27-03-1997 00:00,262.044,2
28-03-1997 00:00,225.648,2
29-03-1997 00:00,210.49,2
30-03-1997 00:00,205.834,2
31-03-1997 00:00,194.647,2
01-04-1997 00:00,191.304,2
02-04-1997 00:00,191.815,2
03-04-1997 00:00,220.637,2
04-04-1997 00:00,252.303,2
05-04-1997 00:00,239.113,2
06-04-1997 00:00,248.43,2
07-04-1997 00:00,235.609,2
08-04-1997 00:00,210.686,2
09-04-1997 00:00,203.625,2
10-04-1997 00:00,191.448,2
11-04-1997 00:00,171.119,2
12-04-1997 00:00,184.602,2
13-04-1997 00:00,188.015,2
14-04-1997 00:00,180.9,2
15-04-1997 00:00,170.149,2
16-04-1997 00:00,181.695,2
17-04-1997 00:00,175.626,2
18-04-1997 00:00,167.493,2
19-04-1997 00:00,164.675,2
20-04-1997 00:00,167.374,2
21-04-1997 00:00,167.05,2
22-04-1997 00:00,166.778,2
23-04-1997 00:00,162.509,2
24-04-1997 00:00,281.852,2
25-04-1997 00:00,373.74,2
26-04-1997 00:00,245.742,2
27-04-1997 00:00,195.187,2
28-04-1997 00:00,185.042,2
29-04-1997 00:00,240.616,2
30-04-1997 00:00,203.458,2
01-05-1997 00:00,181.644,2
02-05-1997 00:00,168.046,2
03-05-1997 00:00,165.256,2
04-05-1997 00:00,172.536,2
05-05-1997 00:00,275.204,2
06-05-1997 00:00,236.117,2
07-05-1997 00:00,531.718,2
08-05-1997 00:00,330.17,2
09-05-1997 00:00,268.191,2
10-05-1997 00:00,265.801,2
11-05-1997 00:00,243.79,2
12-05-1997 00:00,262.187,2
13-05-1997 00:00,230.157,2
14-05-1997 00:00,210.744,2
15-05-1997 00:00,203.063,2
16-05-1997 00:00,188.912,2
17-05-1997 00:00,190.294,2
18-05-1997 00:00,181.702,2
19-05-1997 00:00,177.435,2
20-05-1997 00:00,205.501,2
21-05-1997 00:00,301.31,2
22-05-1997 00:00,357.502,2
23-05-1997 00:00,302.051,2
24-05-1997 00:00,224.935,2
25-05-1997 00:00,194.9,2
26-05-1997 00:00,210.187,2
27-05-1997 00:00,399.027,2
28-05-1997 00:00,286.183,2
29-05-1997 00:00,243,2
30-05-1997 00:00,225,2
31-05-1997 00:00,208,2
01-06-1997 00:00,195,2
02-06-1997 00:00,182,2
03-06-1997 00:00,173,2
04-06-1997 00:00,165,2
05-06-1997 00:00,156,2
06-06-1997 00:00,148,2
07-06-1997 00:00,140,2
08-06-1997 00:00,132,2
09-06-1997 00:00,134.718,2
10-06-1997 00:00,128,2
11-06-1997 00:00,127,2
12-06-1997 00:00,126,2
13-06-1997 00:00,126.223,2
14-06-1997 00:00,123.43,2
15-06-1997 00:00,117.619,2
16-06-1997 00:00,121.06,2
17-06-1997 00:00,119.331,2
18-06-1997 00:00,112.61,2
19-06-1997 00:00,110.278,2
20-06-1997 00:00,109.597,2
21-06-1997 00:00,124.957,2
22-06-1997 00:00,272.626,2
23-06-1997 00:00,403.79,2
24-06-1997 00:00,487.076,2
25-06-1997 00:00,344.743,2
26-06-1997 00:00,184.537,2
27-06-1997 00:00,188.816,2
28-06-1997 00:00,283.059,2
29-06-1997 00:00,188.396,2
30-06-1997 00:00,369.802,2
01-07-1997 00:00,1098.201,2
02-07-1997 00:00,801.207,2
03-07-1997 00:00,582.422,2
04-07-1997 00:00,636.987,2
05-07-1997 00:00,738.347,2
06-07-1997 00:00,506.934,2
07-07-1997 00:00,389.383,2
08-07-1997 00:00,311.573,2
09-07-1997 00:00,288.684,2
10-07-1997 00:00,299.792,2
11-07-1997 00:00,259.922,2
12-07-1997 00:00,228.606,2
13-07-1997 00:00,209.918,2
14-07-1997 00:00,197.752,2
15-07-1997 00:00,182.411,2
16-07-1997 00:00,170.128,2
17-07-1997 00:00,167.169,2
18-07-1997 00:00,164.757,2
19-07-1997 00:00,154.553,2
20-07-1997 00:00,150.099,2
21-07-1997 00:00,139.803,2
22-07-1997 00:00,139.748,2
23-07-1997 00:00,137.468,2
24-07-1997 00:00,131.254,2
25-07-1997 00:00,142.066,2
26-07-1997 00:00,130.571,2
27-07-1997 00:00,207.532,2
28-07-1997 00:00,224.534,2
29-07-1997 00:00,184.546,2
30-07-1997 00:00,148.548,2
31-07-1997 00:00,218.626,2
01-08-1997 00:00,268.968,2
02-08-1997 00:00,195.161,2
03-08-1997 00:00,159.974,2
04-08-1997 00:00,157.834,2
05-08-1997 00:00,195.243,2
06-08-1997 00:00,187.064,2
07-08-1997 00:00,162.183,2
08-08-1997 00:00,146.868,2
09-08-1997 00:00,139.687,2
10-08-1997 00:00,130.324,2
11-08-1997 00:00,122.246,2
12-08-1997 00:00,120.407,2
13-08-1997 00:00,117.726,2
14-08-1997 00:00,115.633,2
15-08-1997 00:00,109.672,2
16-08-1997 00:00,107.871,2
17-08-1997 00:00,105.616,2
18-08-1997 00:00,103.865,2
19-08-1997 00:00,104.054,2
20-08-1997 00:00,103.349,2
21-08-1997 00:00,101.272,2
22-08-1997 00:00,99.904,2
23-08-1997 00:00,98,2
24-08-1997 00:00,98,2
25-08-1997 00:00,97,2
26-08-1997 00:00,97.142,2
27-08-1997 00:00,168.685,2
28-08-1997 00:00,166.897,2
29-08-1997 00:00,130.562,2
30-08-1997 00:00,154.334,2
31-08-1997 00:00,117.956,2
01-09-1997 00:00,99.42,2
02-09-1997 00:00,92.52,2
03-09-1997 00:00,106.925,2
04-09-1997 00:00,103.454,2
05-09-1997 00:00,100.801,2
06-09-1997 00:00,96.978,2
07-09-1997 00:00,115.165,2
08-09-1997 00:00,180.143,2
09-09-1997 00:00,178.002,2
10-09-1997 00:00,167.887,2
11-09-1997 00:00,124.282,2
12-09-1997 00:00,108.412,2
13-09-1997 00:00,107.887,2
14-09-1997 00:00,100.144,2
15-09-1997 00:00,92.108,2
16-09-1997 00:00,90.195,2
17-09-1997 00:00,89.779,2
18-09-1997 00:00,84.351,2
19-09-1997 00:00,83.904,2
20-09-1997 00:00,86.291,2
21-09-1997 00:00,85.686,2
22-09-1997 00:00,85.167,2
23-09-1997 00:00,85.796,2
24-09-1997 00:00,88.59,2
25-09-1997 00:00,86.623,2
26-09-1997 00:00,87.058,2
27-09-1997 00:00,96.155,2
28-09-1997 00:00,94.556,2
29-09-1997 00:00,84.553,2
30-09-1997 00:00,92.596,2
01-10-1997 00:00,109.56,2
02-10-1997 00:00,231.188,2
03-10-1997 00:00,164.553,2
04-10-1997 00:00,115.784,2
05-10-1997 00:00,176.719,2
06-10-1997 00:00,126.938,2
07-10-1997 00:00,106.357,2
08-10-1997 00:00,105.776,2
09-10-1997 00:00,381.517,2
10-10-1997 00:00,625.7,2
11-10-1997 00:00,594.123,2
12-10-1997 00:00,541.593,2
13-10-1997 00:00,453.301,2
14-10-1997 00:00,285.701,2
15-10-1997 00:00,209.673,2
16-10-1997 00:00,171.055,2
17-10-1997 00:00,156.976,2
18-10-1997 00:00,167.835,2
19-10-1997 00:00,159.251,2
20-10-1997 00:00,154.15,2
21-10-1997 00:00,152.276,2
22-10-1997 00:00,155.01,2
23-10-1997 00:00,159.247,2
24-10-1997 00:00,194.887,2
25-10-1997 00:00,167.924,2
26-10-1997 00:00,158.148,2
27-10-1997 00:00,149.184,2
28-10-1997 00:00,153.22,2
29-10-1997 00:00,226.085,2
30-10-1997 00:00,182.917,2
31-10-1997 00:00,152.331,2
01-11-1997 00:00,147.485,2
02-11-1997 00:00,151.061,2
03-11-1997 00:00,145.955,2
04-11-1997 00:00,141.613,2
05-11-1997 00:00,142.933,2
06-11-1997 00:00,192.302,2
07-11-1997 00:00,237.344,2
08-11-1997 00:00,237.89,2
09-11-1997 00:00,188.43,2
10-11-1997 00:00,171.778,2
11-11-1997 00:00,161.882,2
12-11-1997 00:00,157.092,2
13-11-1997 00:00,255.345,2
14-11-1997 00:00,285.785,2
15-11-1997 00:00,232.398,2
16-11-1997 00:00,235.117,2
17-11-1997 00:00,193.421,2
18-11-1997 00:00,194.307,2
19-11-1997 00:00,181.762,2
20-11-1997 00:00,175.511,2
21-11-1997 00:00,179.797,2
22-11-1997 00:00,178.846,2
23-11-1997 00:00,185.805,2
24-11-1997 00:00,175.173,2
25-11-1997 00:00,169.502,2
26-11-1997 00:00,165.188,2
27-11-1997 00:00,160.83,2
28-11-1997 00:00,158.901,2
29-11-1997 00:00,177.34,2
30-11-1997 00:00,261.902,2
01-12-1997 00:00,223.41,2
02-12-1997 00:00,196.892,2
03-12-1997 00:00,186.34,2
04-12-1997 00:00,180.889,2
05-12-1997 00:00,179.17,2
06-12-1997 00:00,197.717,2
07-12-1997 00:00,243.744,2
08-12-1997 00:00,216.322,2
09-12-1997 00:00,201.126,2
10-12-1997 00:00,240.52,2
11-12-1997 00:00,468.329,2
12-12-1997 00:00,342.96,2
13-12-1997 00:00,310.229,2
14-12-1997 00:00,438.68,2
15-12-1997 00:00,343.931,2
16-12-1997 00:00,240.499,2
17-12-1997 00:00,218.018,2
18-12-1997 00:00,278.831,2
19-12-1997 00:00,230.907,2
20-12-1997 00:00,216.521,2
21-12-1997 00:00,209.821,2
22-12-1997 00:00,201.803,2
23-12-1997 00:00,249.316,2
24-12-1997 00:00,240.322,2
25-12-1997 00:00,353.829,2
26-12-1997 00:00,528.219,2
27-12-1997 00:00,484.477,2
28-12-1997 00:00,384.926,2
29-12-1997 00:00,345.482,2
30-12-1997 00:00,308.882,2
31-12-1997 00:00,298.784,2
01-01-1998 00:00,327.108,2
02-01-1998 00:00,302.862,2
03-01-1998 00:00,326.466,2
04-01-1998 00:00,676.926,2
05-01-1998 00:00,594.659,2
06-01-1998 00:00,541.945,2
07-01-1998 00:00,498.479,2
08-01-1998 00:00,570.862,2
09-01-1998 00:00,461.461,2
10-01-1998 00:00,459.675,2
11-01-1998 00:00,405.314,2
12-01-1998 00:00,381.274,2
13-01-1998 00:00,389.723,2
14-01-1998 00:00,354.953,2
15-01-1998 00:00,353.871,2
16-01-1998 00:00,405.87,2
17-01-1998 00:00,358.232,2
18-01-1998 00:00,376.645,2
19-01-1998 00:00,506.696,2
20-01-1998 00:00,620.125,2
21-01-1998 00:00,490.151,2
22-01-1998 00:00,377.418,2
23-01-1998 00:00,342.104,2
24-01-1998 00:00,320,2
25-01-1998 00:00,310,2
26-01-1998 00:00,306.544,2
27-01-1998 00:00,305,2
28-01-1998 00:00,300,2
29-01-1998 00:00,293.065,2
30-01-1998 00:00,285,2
31-01-1998 00:00,275.864,2
01-02-1998 00:00,270,2
02-02-1998 00:00,265,2
03-02-1998 00:00,260,2
04-02-1998 00:00,392.737,2
05-02-1998 00:00,667.549,2
06-02-1998 00:00,525.499,2
07-02-1998 00:00,398.08,2
08-02-1998 00:00,368.912,2
09-02-1998 00:00,362.012,2
10-02-1998 00:00,367.56,2
11-02-1998 00:00,414.231,2
12-02-1998 00:00,851.979,2
13-02-1998 00:00,821.382,2
14-02-1998 00:00,780.719,2
15-02-1998 00:00,989.55,2
16-02-1998 00:00,932.882,2
17-02-1998 00:00,792.663,2
18-02-1998 00:00,638.698,2
19-02-1998 00:00,575.703,2
20-02-1998 00:00,530.004,2
21-02-1998 00:00,495.426,2
22-02-1998 00:00,644.148,2
23-02-1998 00:00,536.152,2
24-02-1998 00:00,486.914,2
25-02-1998 00:00,475.992,2
26-02-1998 00:00,451.082,2
27-02-1998 00:00,436.024,2
28-02-1998 00:00,428.113,2
01-03-1998 00:00,401.93,2
02-03-1998 00:00,459.262,2
03-03-1998 00:00,654.15,2
04-03-1998 00:00,1141.699,2
05-03-1998 00:00,1304.149,2
06-03-1998 00:00,1281.529,2
07-03-1998 00:00,997.986,2
08-03-1998 00:00,833.251,2
09-03-1998 00:00,726.941,2
10-03-1998 00:00,651.965,2
11-03-1998 00:00,607.445,2
12-03-1998 00:00,570.201,2
13-03-1998 00:00,573.449,2
14-03-1998 00:00,517.169,2
15-03-1998 00:00,469.429,2
16-03-1998 00:00,453.91,2
17-03-1998 00:00,509.619,2
18-03-1998 00:00,498.283,2
19-03-1998 00:00,458.225,2
20-03-1998 00:00,445.104,2
21-03-1998 00:00,394.81,2
22-03-1998 00:00,381.427,2
23-03-1998 00:00,402.722,2
24-03-1998 00:00,355.088,2
25-03-1998 00:00,329.096,2
26-03-1998 00:00,323.077,2
27-03-1998 00:00,377.135,2
28-03-1998 00:00,345.237,2
29-03-1998 00:00,316.391,2
30-03-1998 00:00,307.66,2
31-03-1998 00:00,301.894,2
01-04-1998 00:00,374.001,2
02-04-1998 00:00,396.127,2
03-04-1998 00:00,455.047,2
04-04-1998 00:00,1045.048,2
05-04-1998 00:00,1112.313,2
06-04-1998 00:00,873.133,2
07-04-1998 00:00,814.357,2
08-04-1998 00:00,681.706,2
09-04-1998 00:00,611.267,2
10-04-1998 00:00,541.355,2
11-04-1998 00:00,512.323,2
12-04-1998 00:00,738.382,2
13-04-1998 00:00,599,2
14-04-1998 00:00,556.752,2
15-04-1998 00:00,549.18,2
16-04-1998 00:00,642.51,2
17-04-1998 00:00,688.914,2
18-04-1998 00:00,581.254,2
19-04-1998 00:00,498.087,2
20-04-1998 00:00,454.366,2
21-04-1998 00:00,427.972,2
22-04-1998 00:00,395.792,2
23-04-1998 00:00,374.325,2
24-04-1998 00:00,358.381,2
25-04-1998 00:00,328.878,2
26-04-1998 00:00,457.933,2
27-04-1998 00:00,462.776,2
28-04-1998 00:00,435.582,2
29-04-1998 00:00,396.413,2
30-04-1998 00:00,356.556,2
01-05-1998 00:00,297.445,2
02-05-1998 00:00,265.101,2
03-05-1998 00:00,252.592,2
04-05-1998 00:00,256.499,2
05-05-1998 00:00,267.532,2
06-05-1998 00:00,282.659,2
07-05-1998 00:00,295.06,2
08-05-1998 00:00,237.115,2
09-05-1998 00:00,206.88,2
10-05-1998 00:00,199.518,2
11-05-1998 00:00,199.94,2
12-05-1998 00:00,200.871,2
13-05-1998 00:00,189.828,2
14-05-1998 00:00,181.875,2
15-05-1998 00:00,184.248,2
16-05-1998 00:00,174.659,2
17-05-1998 00:00,169.944,2
18-05-1998 00:00,172.048,2
19-05-1998 00:00,166.555,2
20-05-1998 00:00,159.602,2
21-05-1998 00:00,163.512,2
22-05-1998 00:00,172.27,2
23-05-1998 00:00,158.638,2
24-05-1998 00:00,152.08,2
25-05-1998 00:00,158.311,2
26-05-1998 00:00,167.363,2
27-05-1998 00:00,156.18,2
28-05-1998 00:00,156.926,2
29-05-1998 00:00,175.618,2
30-05-1998 00:00,167.337,2
31-05-1998 00:00,156.405,2
01-06-1998 00:00,153.809,2
02-06-1998 00:00,157.799,2
03-06-1998 00:00,157.509,2
04-06-1998 00:00,167.351,2
05-06-1998 00:00,170.52,2
06-06-1998 00:00,157.674,2
07-06-1998 00:00,146.891,2
08-06-1998 00:00,186.518,2
09-06-1998 00:00,179.044,2
10-06-1998 00:00,228.39,2
11-06-1998 00:00,238.57,2
12-06-1998 00:00,209.557,2
13-06-1998 00:00,185.325,2
14-06-1998 00:00,163.129,2
15-06-1998 00:00,161.248,2
16-06-1998 00:00,269.889,2
17-06-1998 00:00,534.02,2
18-06-1998 00:00,532.037,2
19-06-1998 00:00,339.688,2
20-06-1998 00:00,251.361,2
21-06-1998 00:00,205.512,2
22-06-1998 00:00,310.477,2
23-06-1998 00:00,374.617,2
24-06-1998 00:00,284.397,2
25-06-1998 00:00,217.749,2
26-06-1998 00:00,219.278,2
27-06-1998 00:00,237.622,2
28-06-1998 00:00,310.114,2
29-06-1998 00:00,424.106,2
30-06-1998 00:00,494.014,2
01-07-1998 00:00,663.218,2
02-07-1998 00:00,601.165,2
03-07-1998 00:00,453.991,2
04-07-1998 00:00,344.121,2
05-07-1998 00:00,310.273,2
06-07-1998 00:00,341.938,2
07-07-1998 00:00,318.09,2
08-07-1998 00:00,727.389,2
09-07-1998 00:00,724.129,2
10-07-1998 00:00,622.332,2
11-07-1998 00:00,507.517,2
12-07-1998 00:00,523.652,2
13-07-1998 00:00,456.046,2
14-07-1998 00:00,400.889,2
15-07-1998 00:00,407.234,2
16-07-1998 00:00,361.34,2
17-07-1998 00:00,320.66,2
18-07-1998 00:00,384.895,2
19-07-1998 00:00,490.576,2
20-07-1998 00:00,456.957,2
21-07-1998 00:00,388.706,2
22-07-1998 00:00,556.444,2
23-07-1998 00:00,513.217,2
24-07-1998 00:00,475.355,2
25-07-1998 00:00,424.867,2
26-07-1998 00:00,347.801,2
27-07-1998 00:00,305.718,2
28-07-1998 00:00,318.831,2
29-07-1998 00:00,367.352,2
30-07-1998 00:00,424.637,2
31-07-1998 00:00,490.047,2
01-08-1998 00:00,481.781,2
02-08-1998 00:00,410.265,2
03-08-1998 00:00,360.402,2
04-08-1998 00:00,330.727,2
05-08-1998 00:00,324.529,2
06-08-1998 00:00,370.714,2
07-08-1998 00:00,450.462,2
08-08-1998 00:00,461.63,2
09-08-1998 00:00,660.945,2
10-08-1998 00:00,576.914,2
11-08-1998 00:00,483.848,2
12-08-1998 00:00,420.078,2
13-08-1998 00:00,428.468,2
14-08-1998 00:00,391.199,2
15-08-1998 00:00,333.268,2
16-08-1998 00:00,325.432,2
17-08-1998 00:00,304.85,2
18-08-1998 00:00,278.196,2
19-08-1998 00:00,258.835,2
20-08-1998 00:00,241.937,2
21-08-1998 00:00,332.616,2
22-08-1998 00:00,487.408,2
23-08-1998 00:00,445.411,2
24-08-1998 00:00,376.282,2
25-08-1998 00:00,314.968,2
26-08-1998 00:00,275.01,2
27-08-1998 00:00,256.151,2
28-08-1998 00:00,259.115,2
29-08-1998 00:00,244.883,2
30-08-1998 00:00,224.934,2
31-08-1998 00:00,218.44,2
01-09-1998 00:00,249.929,2
02-09-1998 00:00,243.323,2
03-09-1998 00:00,207.549,2
04-09-1998 00:00,200.314,2
05-09-1998 00:00,191.679,2
06-09-1998 00:00,184.194,2
07-09-1998 00:00,179.183,2
08-09-1998 00:00,178.316,2
09-09-1998 00:00,197.524,2
10-09-1998 00:00,259.585,2
11-09-1998 00:00,225.852,2
12-09-1998 00:00,205.166,2
13-09-1998 00:00,398.519,2
14-09-1998 00:00,941.87,2
15-09-1998 00:00,979.311,2
16-09-1998 00:00,838.128,2
17-09-1998 00:00,670.503,2
18-09-1998 00:00,537.148,2
19-09-1998 00:00,443.957,2
20-09-1998 00:00,382.227,2
21-09-1998 00:00,354.793,2
22-09-1998 00:00,324.858,2
23-09-1998 00:00,298.981,2
24-09-1998 00:00,275.886,2
25-09-1998 00:00,272.885,2
26-09-1998 00:00,261.308,2
27-09-1998 00:00,250.138,2
28-09-1998 00:00,252.885,2
29-09-1998 00:00,255.726,2
30-09-1998 00:00,243.302,2
01-10-1998 00:00,232.128,2
02-10-1998 00:00,223.413,2
03-10-1998 00:00,212.998,2
04-10-1998 00:00,198.645,2
05-10-1998 00:00,224.961,2
06-10-1998 00:00,229.396,2
07-10-1998 00:00,229.656,2
08-10-1998 00:00,214.134,2
09-10-1998 00:00,214.633,2
10-10-1998 00:00,249.948,2
11-10-1998 00:00,334.601,2
12-10-1998 00:00,425.115,2
13-10-1998 00:00,414.982,2
14-10-1998 00:00,510.881,2
15-10-1998 00:00,723.043,2
16-10-1998 00:00,675.807,2
17-10-1998 00:00,1084.789,2
18-10-1998 00:00,974.988,2
19-10-1998 00:00,755.274,2
20-10-1998 00:00,653.113,2
21-10-1998 00:00,582.4,2
22-10-1998 00:00,731.553,2
23-10-1998 00:00,746.179,2
24-10-1998 00:00,709.439,2
25-10-1998 00:00,826.136,2
26-10-1998 00:00,1096.062,2
27-10-1998 00:00,1029.832,2
28-10-1998 00:00,1287.442,2
29-10-1998 00:00,1515.564,2
30-10-1998 00:00,1257.076,2
31-10-1998 00:00,1002.979,2
01-11-1998 00:00,855.527,2
02-11-1998 00:00,767.3,2
03-11-1998 00:00,707.025,2
04-11-1998 00:00,680.38,2
05-11-1998 00:00,709.062,2
06-11-1998 00:00,694.201,2
07-11-1998 00:00,672.956,2
08-11-1998 00:00,620.553,2
09-11-1998 00:00,581.021,2
10-11-1998 00:00,652.773,2
11-11-1998 00:00,725.583,2
12-11-1998 00:00,797.078,2
13-11-1998 00:00,751.085,2
14-11-1998 00:00,622.212,2
15-11-1998 00:00,587.527,2
16-11-1998 00:00,538,2
17-11-1998 00:00,511,2
18-11-1998 00:00,484,2
19-11-1998 00:00,464,2
20-11-1998 00:00,447,2
21-11-1998 00:00,427,2
22-11-1998 00:00,413,2
23-11-1998 00:00,396,2
24-11-1998 00:00,390.438,2
25-11-1998 00:00,378,2
26-11-1998 00:00,372,2
27-11-1998 00:00,370,2
28-11-1998 00:00,365,2
29-11-1998 00:00,343,2
30-11-1998 00:00,326,2
01-12-1998 00:00,315,2
02-12-1998 00:00,304,2
03-12-1998 00:00,295,2
04-12-1998 00:00,290,2
05-12-1998 00:00,285,2
06-12-1998 00:00,283,2
07-12-1998 00:00,281,2
08-12-1998 00:00,279,2
09-12-1998 00:00,278,2
10-12-1998 00:00,277,2
11-12-1998 00:00,276.5,2
12-12-1998 00:00,277.521,2
13-12-1998 00:00,640.245,2
14-12-1998 00:00,871.163,2
15-12-1998 00:00,834.136,2
16-12-1998 00:00,770.741,2
17-12-1998 00:00,699.008,2
18-12-1998 00:00,636.116,2
19-12-1998 00:00,562.605,2
20-12-1998 00:00,514.382,2
21-12-1998 00:00,465.576,2
22-12-1998 00:00,467.042,2
23-12-1998 00:00,467.355,2
24-12-1998 00:00,465.918,2
25-12-1998 00:00,560.877,2
26-12-1998 00:00,827.054,2
27-12-1998 00:00,986.635,2
28-12-1998 00:00,859.393,2
29-12-1998 00:00,791.668,2
30-12-1998 00:00,717.653,2
31-12-1998 00:00,608.244,2
01-01-1999 00:00,534.39,2
02-01-1999 00:00,505.527,2
03-01-1999 00:00,514.456,2
04-01-1999 00:00,546.31,2
05-01-1999 00:00,713.758,2
06-01-1999 00:00,777.256,2
07-01-1999 00:00,895.33,2
08-01-1999 00:00,829.79,2
09-01-1999 00:00,646.778,2
10-01-1999 00:00,553.155,2
11-01-1999 00:00,510.844,2
12-01-1999 00:00,502.596,2
13-01-1999 00:00,485.139,2
14-01-1999 00:00,506.201,2
15-01-1999 00:00,723.855,2
16-01-1999 00:00,894.036,2
17-01-1999 00:00,815.029,2
18-01-1999 00:00,676.869,2
19-01-1999 00:00,591.42,2
20-01-1999 00:00,588.58,2
21-01-1999 00:00,682.012,2
22-01-1999 00:00,660.672,2
23-01-1999 00:00,572.467,2
24-01-1999 00:00,623.433,2
25-01-1999 00:00,752.844,2
26-01-1999 00:00,804.773,2
27-01-1999 00:00,721.554,2
28-01-1999 00:00,628.374,2
29-01-1999 00:00,537.763,2
30-01-1999 00:00,427.252,2
31-01-1999 00:00,420.107,2
01-02-1999 00:00,504.386,2
02-02-1999 00:00,496.692,2
03-02-1999 00:00,526.297,2
04-02-1999 00:00,617.368,2
05-02-1999 00:00,817.043,2
06-02-1999 00:00,706.8,2
07-02-1999 00:00,588.292,2
08-02-1999 00:00,574.599,2
09-02-1999 00:00,596.513,2
10-02-1999 00:00,570.297,2
11-02-1999 00:00,540.209,2
12-02-1999 00:00,508.667,2
13-02-1999 00:00,431.215,2
14-02-1999 00:00,411.77,2
15-02-1999 00:00,461.057,2
16-02-1999 00:00,750.762,2
17-02-1999 00:00,655.402,2
18-02-1999 00:00,540.557,2
19-02-1999 00:00,591.275,2
20-02-1999 00:00,771.104,2
21-02-1999 00:00,732.472,2
22-02-1999 00:00,749.297,2
23-02-1999 00:00,745.857,2
24-02-1999 00:00,697.498,2
25-02-1999 00:00,642.565,2
26-02-1999 00:00,739.785,2
27-02-1999 00:00,779.927,2
28-02-1999 00:00,837.121,2
01-03-1999 00:00,823.137,2
02-03-1999 00:00,752.796,2
03-03-1999 00:00,974.01,2
04-03-1999 00:00,1169.066,2
05-03-1999 00:00,1028.231,2
06-03-1999 00:00,998.804,2
07-03-1999 00:00,1561.567,2
08-03-1999 00:00,1483.097,2
09-03-1999 00:00,1361.558,2
10-03-1999 00:00,1310.884,2
11-03-1999 00:00,1261.732,2
12-03-1999 00:00,1067.664,2
13-03-1999 00:00,940.67,2
14-03-1999 00:00,849.252,2
15-03-1999 00:00,807.799,2
16-03-1999 00:00,745.977,2
17-03-1999 00:00,688.059,2
18-03-1999 00:00,649.096,2
19-03-1999 00:00,639.2,2
20-03-1999 00:00,606.173,2
21-03-1999 00:00,571.614,2
22-03-1999 00:00,563.995,2
23-03-1999 00:00,570.29,2
24-03-1999 00:00,553.349,2
25-03-1999 00:00,525.265,2
26-03-1999 00:00,508.329,2
27-03-1999 00:00,476.137,2
28-03-1999 00:00,453.846,2
29-03-1999 00:00,449.31,2
30-03-1999 00:00,465.081,2
31-03-1999 00:00,453.485,2
01-04-1999 00:00,415.269,2
02-04-1999 00:00,399.891,2
03-04-1999 00:00,391.127,2
04-04-1999 00:00,387.098,2
05-04-1999 00:00,383.581,2
06-04-1999 00:00,452.398,2
07-04-1999 00:00,534.285,2
08-04-1999 00:00,512.445,2
09-04-1999 00:00,479.107,2
10-04-1999 00:00,406.894,2
11-04-1999 00:00,370.327,2
12-04-1999 00:00,394.222,2
13-04-1999 00:00,527.916,2
14-04-1999 00:00,486.962,2
15-04-1999 00:00,685.987,2
16-04-1999 00:00,704.121,2
17-04-1999 00:00,530.083,2
18-04-1999 00:00,770.9,2
19-04-1999 00:00,1004.618,2
20-04-1999 00:00,814.637,2
21-04-1999 00:00,743.331,2
22-04-1999 00:00,661.469,2
23-04-1999 00:00,641.71,2
24-04-1999 00:00,628.284,2
25-04-1999 00:00,505.284,2
26-04-1999 00:00,474.836,2
27-04-1999 00:00,516.095,2
28-04-1999 00:00,507.035,2
29-04-1999 00:00,459.779,2
30-04-1999 00:00,410.18,2
01-05-1999 00:00,380.611,2
02-05-1999 00:00,360.041,2
03-05-1999 00:00,350.952,2
04-05-1999 00:00,342.351,2
05-05-1999 00:00,333.758,2
06-05-1999 00:00,329.146,2
07-05-1999 00:00,311.616,2
08-05-1999 00:00,300.734,2
09-05-1999 00:00,314.39,2
10-05-1999 00:00,315.597,2
11-05-1999 00:00,455.678,2
12-05-1999 00:00,566.635,2
13-05-1999 00:00,715.324,2
14-05-1999 00:00,668.027,2
15-05-1999 00:00,502.697,2
16-05-1999 00:00,430.708,2
17-05-1999 00:00,383.638,2
18-05-1999 00:00,361.487,2
19-05-1999 00:00,346.629,2
20-05-1999 00:00,329.023,2
21-05-1999 00:00,311.175,2
22-05-1999 00:00,312.396,2
23-05-1999 00:00,298.744,2
24-05-1999 00:00,275.25,2
25-05-1999 00:00,287.073,2
26-05-1999 00:00,284.541,2
27-05-1999 00:00,268.475,2
28-05-1999 00:00,261.753,2
29-05-1999 00:00,249.362,2
30-05-1999 00:00,280.911,2
31-05-1999 00:00,300.811,2
01-06-1999 00:00,265.965,2
02-06-1999 00:00,250.461,2
03-06-1999 00:00,312.331,2
04-06-1999 00:00,429.127,2
05-06-1999 00:00,465.258,2
06-06-1999 00:00,520.947,2
07-06-1999 00:00,459.241,2
08-06-1999 00:00,400.398,2
09-06-1999 00:00,570.662,2
10-06-1999 00:00,528.727,2
11-06-1999 00:00,422.164,2
12-06-1999 00:00,453.085,2
13-06-1999 00:00,371.225,2
14-06-1999 00:00,306.091,2
15-06-1999 00:00,279.049,2
16-06-1999 00:00,267.363,2
17-06-1999 00:00,262.537,2
18-06-1999 00:00,241.097,2
19-06-1999 00:00,223.732,2
20-06-1999 00:00,220.239,2
21-06-1999 00:00,283.408,2
22-06-1999 00:00,236.295,2
23-06-1999 00:00,211.921,2
24-06-1999 00:00,210.644,2
25-06-1999 00:00,337.345,2
26-06-1999 00:00,396.29,2
27-06-1999 00:00,520.71,2
28-06-1999 00:00,455.021,2
29-06-1999 00:00,549.886,2
30-06-1999 00:00,427.361,2
01-07-1999 00:00,312.936,2
02-07-1999 00:00,271.129,2
03-07-1999 00:00,248.137,2
04-07-1999 00:00,259.156,2
05-07-1999 00:00,237.59,2
06-07-1999 00:00,223.842,2
07-07-1999 00:00,214.569,2
08-07-1999 00:00,203.553,2
09-07-1999 00:00,197.411,2
10-07-1999 00:00,191.945,2
11-07-1999 00:00,185.988,2
12-07-1999 00:00,187.365,2
13-07-1999 00:00,203.411,2
14-07-1999 00:00,189.775,2
15-07-1999 00:00,191.57,2
16-07-1999 00:00,176.405,2
17-07-1999 00:00,174.527,2
18-07-1999 00:00,173.275,2
19-07-1999 00:00,167.206,2
20-07-1999 00:00,198.004,2
21-07-1999 00:00,219.985,2
22-07-1999 00:00,208.259,2
23-07-1999 00:00,197.703,2
24-07-1999 00:00,181.906,2
25-07-1999 00:00,164.884,2
26-07-1999 00:00,150.94,2
27-07-1999 00:00,143.312,2
28-07-1999 00:00,135.399,2
29-07-1999 00:00,127.534,2
30-07-1999 00:00,124.958,2
31-07-1999 00:00,123.307,2
01-08-1999 00:00,118.473,2
02-08-1999 00:00,115.503,2
03-08-1999 00:00,119.181,2
04-08-1999 00:00,115.411,2
05-08-1999 00:00,109.169,2
06-08-1999 00:00,98.687,2
07-08-1999 00:00,95.532,2
08-08-1999 00:00,117.844,2
09-08-1999 00:00,190.86,2
10-08-1999 00:00,274.763,2
11-08-1999 00:00,230.434,2
12-08-1999 00:00,171.402,2
13-08-1999 00:00,165.192,2
14-08-1999 00:00,142.529,2
15-08-1999 00:00,213.502,2
16-08-1999 00:00,353.702,2
17-08-1999 00:00,418.648,2
18-08-1999 00:00,405.522,2
19-08-1999 00:00,391.189,2
20-08-1999 00:00,556.752,2
21-08-1999 00:00,449.036,2
22-08-1999 00:00,383.027,2
23-08-1999 00:00,301.377,2
24-08-1999 00:00,230.138,2
25-08-1999 00:00,193.888,2
26-08-1999 00:00,182.58,2
27-08-1999 00:00,239.458,2
28-08-1999 00:00,208.671,2
29-08-1999 00:00,164.794,2
30-08-1999 00:00,151.372,2
31-08-1999 00:00,175.91,2
01-09-1999 00:00,161.162,2
02-09-1999 00:00,144.242,2
03-09-1999 00:00,133.44,2
04-09-1999 00:00,127.064,2
05-09-1999 00:00,122.05,2
06-09-1999 00:00,118.666,2
07-09-1999 00:00,117.576,2
08-09-1999 00:00,131.108,2
09-09-1999 00:00,143.184,2
10-09-1999 00:00,117.905,2
11-09-1999 00:00,103.17,2
12-09-1999 00:00,101.693,2
13-09-1999 00:00,97.629,2
14-09-1999 00:00,95.688,2
15-09-1999 00:00,93.392,2
16-09-1999 00:00,91.749,2
17-09-1999 00:00,91.87,2
18-09-1999 00:00,92.643,2
19-09-1999 00:00,92.697,2
20-09-1999 00:00,89.324,2
21-09-1999 00:00,89.647,2
22-09-1999 00:00,96.378,2
23-09-1999 00:00,97.929,2
24-09-1999 00:00,139.633,2
25-09-1999 00:00,144.255,2
26-09-1999 00:00,155.865,2
27-09-1999 00:00,152.389,2
28-09-1999 00:00,174.073,2
29-09-1999 00:00,167.056,2
30-09-1999 00:00,188.8,2
01-10-1999 00:00,225.229,2
02-10-1999 00:00,233.098,2
03-10-1999 00:00,267.453,2
04-10-1999 00:00,222.276,2
05-10-1999 00:00,189.673,2
06-10-1999 00:00,191.433,2
07-10-1999 00:00,189.866,2
08-10-1999 00:00,214.409,2
09-10-1999 00:00,224.155,2
10-10-1999 00:00,225.807,2
11-10-1999 00:00,221.599,2
12-10-1999 00:00,230.416,2
13-10-1999 00:00,243.049,2
14-10-1999 00:00,349.052,2
15-10-1999 00:00,268.59,2
16-10-1999 00:00,220.906,2
17-10-1999 00:00,200.05,2
18-10-1999 00:00,203.184,2
19-10-1999 00:00,194.699,2
20-10-1999 00:00,188.559,2
21-10-1999 00:00,191.238,2
22-10-1999 00:00,175.674,2
23-10-1999 00:00,172.728,2
24-10-1999 00:00,254.814,2
25-10-1999 00:00,235.838,2
26-10-1999 00:00,236.044,2
27-10-1999 00:00,261.257,2
28-10-1999 00:00,236.57,2
29-10-1999 00:00,231.536,2
30-10-1999 00:00,216.836,2
31-10-1999 00:00,210.586,2
01-11-1999 00:00,216.451,2
02-11-1999 00:00,234.183,2
03-11-1999 00:00,312.457,2
04-11-1999 00:00,244.706,2
05-11-1999 00:00,224.302,2
06-11-1999 00:00,213.62,2
07-11-1999 00:00,202.587,2
08-11-1999 00:00,201.403,2
09-11-1999 00:00,270.488,2
10-11-1999 00:00,278.314,2
11-11-1999 00:00,218.393,2
12-11-1999 00:00,197.723,2
13-11-1999 00:00,191.352,2
14-11-1999 00:00,181.911,2
15-11-1999 00:00,181.473,2
16-11-1999 00:00,177.979,2
17-11-1999 00:00,179.778,2
18-11-1999 00:00,239.527,2
19-11-1999 00:00,286.271,2
20-11-1999 00:00,225.594,2
21-11-1999 00:00,200.747,2
22-11-1999 00:00,204.837,2
23-11-1999 00:00,172.701,2
24-11-1999 00:00,170.386,2
25-11-1999 00:00,177.672,2
26-11-1999 00:00,189.104,2
27-11-1999 00:00,188.164,2
28-11-1999 00:00,186.963,2
29-11-1999 00:00,181.922,2
30-11-1999 00:00,185.395,2
01-12-1999 00:00,222.915,2
02-12-1999 00:00,226.627,2
03-12-1999 00:00,397.739,2
04-12-1999 00:00,555.325,2
05-12-1999 00:00,474.385,2
06-12-1999 00:00,468.903,2
07-12-1999 00:00,565.023,2
08-12-1999 00:00,517.018,2
09-12-1999 00:00,620.958,2
10-12-1999 00:00,619.717,2
11-12-1999 00:00,518.792,2
12-12-1999 00:00,762.065,2
13-12-1999 00:00,701.4,2
14-12-1999 00:00,574.022,2
15-12-1999 00:00,520.815,2
16-12-1999 00:00,463.897,2
17-12-1999 00:00,666.981,2
18-12-1999 00:00,997.746,2
19-12-1999 00:00,797.915,2
20-12-1999 00:00,623.929,2
21-12-1999 00:00,535.265,2
22-12-1999 00:00,543.896,2
23-12-1999 00:00,611.455,2
24-12-1999 00:00,713.046,2
25-12-1999 00:00,966.943,2
26-12-1999 00:00,1106.58,2
27-12-1999 00:00,1057.817,2
28-12-1999 00:00,1021.458,2
29-12-1999 00:00,907.177,2
30-12-1999 00:00,776.753,2
31-12-1999 00:00,717.65,2
01-01-2000 00:00,682.378,2
02-01-2000 00:00,658.87,2
03-01-2000 00:00,623.69,2
04-01-2000 00:00,564.253,2
05-01-2000 00:00,669.638,2
06-01-2000 00:00,674.954,2
07-01-2000 00:00,681.821,2
08-01-2000 00:00,602.807,2
09-01-2000 00:00,537.12,2
10-01-2000 00:00,492.957,2
11-01-2000 00:00,442.106,2
12-01-2000 00:00,428.214,2
13-01-2000 00:00,410,2
14-01-2000 00:00,386,2
15-01-2000 00:00,375,2
16-01-2000 00:00,358.281,2
17-01-2000 00:00,351.61,2
18-01-2000 00:00,335,2
19-01-2000 00:00,315,2
20-01-2000 00:00,317,2
21-01-2000 00:00,304.742,2
22-01-2000 00:00,295,2
23-01-2000 00:00,280,2
24-01-2000 00:00,263.312,2
25-01-2000 00:00,253.79,2
26-01-2000 00:00,260.861,2
27-01-2000 00:00,299.901,2
28-01-2000 00:00,374.78,2
29-01-2000 00:00,564.813,2
30-01-2000 00:00,553.807,2
31-01-2000 00:00,622.822,2
01-02-2000 00:00,738.903,2
02-02-2000 00:00,704.62,2
03-02-2000 00:00,609.627,2
04-02-2000 00:00,521.187,2
05-02-2000 00:00,485.653,2
06-02-2000 00:00,451.926,2
07-02-2000 00:00,491.893,2
08-02-2000 00:00,475.849,2
09-02-2000 00:00,538.974,2
10-02-2000 00:00,511.452,2
11-02-2000 00:00,506.151,2
12-02-2000 00:00,462.665,2
13-02-2000 00:00,496.233,2
14-02-2000 00:00,449.895,2
15-02-2000 00:00,456.88,2
16-02-2000 00:00,450.82,2
17-02-2000 00:00,476.308,2
18-02-2000 00:00,418.231,2
19-02-2000 00:00,409.815,2
20-02-2000 00:00,401.25,2
21-02-2000 00:00,351.202,2
22-02-2000 00:00,336.331,2
23-02-2000 00:00,323.551,2
24-02-2000 00:00,367.647,2
25-02-2000 00:00,403.592,2
26-02-2000 00:00,421.528,2
27-02-2000 00:00,404.795,2
28-02-2000 00:00,396.734,2
29-02-2000 00:00,403.993,2
01-03-2000 00:00,508.318,2
02-03-2000 00:00,497.76,2
03-03-2000 00:00,572.821,2
04-03-2000 00:00,518.635,2
05-03-2000 00:00,440.057,2
06-03-2000 00:00,375.352,2
07-03-2000 00:00,554.945,2
08-03-2000 00:00,861.529,2
09-03-2000 00:00,909.717,2
10-03-2000 00:00,756.944,2
11-03-2000 00:00,714.145,2
12-03-2000 00:00,807.784,2
13-03-2000 00:00,869.088,2
14-03-2000 00:00,912.061,2
15-03-2000 00:00,846.42,2
16-03-2000 00:00,750.485,2
17-03-2000 00:00,663.55,2
18-03-2000 00:00,579.712,2
19-03-2000 00:00,517.145,2
20-03-2000 00:00,484.354,2
21-03-2000 00:00,473.137,2
22-03-2000 00:00,461.123,2
23-03-2000 00:00,442.243,2
24-03-2000 00:00,415.966,2
25-03-2000 00:00,367.783,2
26-03-2000 00:00,437.201,2
27-03-2000 00:00,581.023,2
28-03-2000 00:00,610.22,2
29-03-2000 00:00,677.147,2
30-03-2000 00:00,792.136,2
31-03-2000 00:00,758.912,2
01-04-2000 00:00,636.939,2
02-04-2000 00:00,578.521,2
03-04-2000 00:00,533.145,2
04-04-2000 00:00,511.317,2
05-04-2000 00:00,587.443,2
06-04-2000 00:00,525.721,2
07-04-2000 00:00,459.768,2
08-04-2000 00:00,388.038,2
09-04-2000 00:00,350.106,2
10-04-2000 00:00,344.981,2
11-04-2000 00:00,376.788,2
12-04-2000 00:00,370.741,2
13-04-2000 00:00,585.755,2
14-04-2000 00:00,616.683,2
15-04-2000 00:00,496.637,2
16-04-2000 00:00,536.283,2
17-04-2000 00:00,518.847,2
18-04-2000 00:00,519.813,2
19-04-2000 00:00,490.308,2
20-04-2000 00:00,458.502,2
21-04-2000 00:00,372.473,2
22-04-2000 00:00,348.654,2
23-04-2000 00:00,522.913,2
24-04-2000 00:00,538.104,2
25-04-2000 00:00,465.46,2
26-04-2000 00:00,451.775,2
27-04-2000 00:00,433.867,2
28-04-2000 00:00,404.432,2
29-04-2000 00:00,341.337,2
30-04-2000 00:00,302.954,2
01-05-2000 00:00,278.989,2
02-05-2000 00:00,273.598,2
03-05-2000 00:00,258.422,2
04-05-2000 00:00,248.539,2
05-05-2000 00:00,247.28,2
06-05-2000 00:00,243.466,2
07-05-2000 00:00,229.206,2
08-05-2000 00:00,224.598,2
09-05-2000 00:00,226.288,2
10-05-2000 00:00,216.471,2
11-05-2000 00:00,216.719,2
12-05-2000 00:00,211.985,2
13-05-2000 00:00,204.348,2
14-05-2000 00:00,204.721,2
15-05-2000 00:00,203.172,2
16-05-2000 00:00,207.648,2
17-05-2000 00:00,254.268,2
18-05-2000 00:00,309.175,2
19-05-2000 00:00,230.722,2
20-05-2000 00:00,209.337,2
21-05-2000 00:00,275.58,2
22-05-2000 00:00,213.986,2
23-05-2000 00:00,185.506,2
24-05-2000 00:00,223.664,2
25-05-2000 00:00,224.853,2
26-05-2000 00:00,217.71,2
27-05-2000 00:00,215.795,2
28-05-2000 00:00,225.49,2
29-05-2000 00:00,222.535,2
30-05-2000 00:00,193.994,2
31-05-2000 00:00,200.204,2
01-06-2000 00:00,176.4,2
02-06-2000 00:00,251.187,2
03-06-2000 00:00,190.876,2
04-06-2000 00:00,193.192,2
05-06-2000 00:00,247.555,2
06-06-2000 00:00,200.396,2
07-06-2000 00:00,289.692,2
08-06-2000 00:00,233.908,2
09-06-2000 00:00,178.962,2
10-06-2000 00:00,160.63,2
11-06-2000 00:00,152.975,2
12-06-2000 00:00,146.684,2
13-06-2000 00:00,150.501,2
14-06-2000 00:00,148.463,2
15-06-2000 00:00,147.013,2
16-06-2000 00:00,145.12,2
17-06-2000 00:00,144.447,2
18-06-2000 00:00,142.844,2
19-06-2000 00:00,137.107,2
20-06-2000 00:00,133.205,2
21-06-2000 00:00,136.346,2
22-06-2000 00:00,150.055,2
23-06-2000 00:00,149.63,2
24-06-2000 00:00,142.278,2
25-06-2000 00:00,152.494,2
26-06-2000 00:00,214.959,2
27-06-2000 00:00,231.656,2
28-06-2000 00:00,194.166,2
29-06-2000 00:00,180.773,2
30-06-2000 00:00,175.772,2
01-07-2000 00:00,232.705,2
02-07-2000 00:00,230.318,2
03-07-2000 00:00,185.625,2
04-07-2000 00:00,160.59,2
05-07-2000 00:00,144.758,2
06-07-2000 00:00,142.56,2
07-07-2000 00:00,141.124,2
08-07-2000 00:00,140.276,2
09-07-2000 00:00,148.077,2
10-07-2000 00:00,200.66,2
11-07-2000 00:00,230.643,2
12-07-2000 00:00,196.247,2
13-07-2000 00:00,171.55,2
14-07-2000 00:00,167.139,2
15-07-2000 00:00,165.434,2
16-07-2000 00:00,161.159,2
17-07-2000 00:00,149.839,2
18-07-2000 00:00,144.052,2
19-07-2000 00:00,141.945,2
20-07-2000 00:00,141.409,2
21-07-2000 00:00,142.018,2
22-07-2000 00:00,142.101,2
23-07-2000 00:00,137.696,2
24-07-2000 00:00,138.964,2
25-07-2000 00:00,139.689,2
26-07-2000 00:00,135.403,2
27-07-2000 00:00,135.334,2
28-07-2000 00:00,137.772,2
29-07-2000 00:00,139.158,2
30-07-2000 00:00,136.586,2
31-07-2000 00:00,135.571,2
01-08-2000 00:00,149.665,2
02-08-2000 00:00,239.402,2
03-08-2000 00:00,476.059,2
04-08-2000 00:00,442.648,2
05-08-2000 00:00,327.944,2
06-08-2000 00:00,252.414,2
07-08-2000 00:00,220.427,2
08-08-2000 00:00,194.4,2
09-08-2000 00:00,173.155,2
10-08-2000 00:00,155.191,2
11-08-2000 00:00,175.966,2
12-08-2000 00:00,174.044,2
13-08-2000 00:00,162.071,2
14-08-2000 00:00,149.858,2
15-08-2000 00:00,155.582,2
16-08-2000 00:00,156.04,2
17-08-2000 00:00,157.983,2
18-08-2000 00:00,181.963,2
19-08-2000 00:00,177.906,2
20-08-2000 00:00,163.017,2
21-08-2000 00:00,149.506,2
22-08-2000 00:00,140.108,2
23-08-2000 00:00,133.432,2
24-08-2000 00:00,144.519,2
25-08-2000 00:00,211.361,2
26-08-2000 00:00,186.207,2
27-08-2000 00:00,148.726,2
28-08-2000 00:00,127.776,2
29-08-2000 00:00,124.224,2
30-08-2000 00:00,128.598,2
31-08-2000 00:00,167.04,2
01-09-2000 00:00,155.911,2
02-09-2000 00:00,282.259,2
03-09-2000 00:00,650.285,2
04-09-2000 00:00,503.372,2
05-09-2000 00:00,373.532,2
06-09-2000 00:00,290.372,2
07-09-2000 00:00,268.705,2
08-09-2000 00:00,240.866,2
09-09-2000 00:00,207.17,2
10-09-2000 00:00,178.05,2
11-09-2000 00:00,165.967,2
12-09-2000 00:00,218.774,2
13-09-2000 00:00,580.008,2
14-09-2000 00:00,560.349,2
15-09-2000 00:00,410.772,2
16-09-2000 00:00,309.968,2
17-09-2000 00:00,258.995,2
18-09-2000 00:00,237.728,2
19-09-2000 00:00,231.274,2
20-09-2000 00:00,226.456,2
21-09-2000 00:00,215.671,2
22-09-2000 00:00,200.165,2
23-09-2000 00:00,188.967,2
24-09-2000 00:00,181.236,2
25-09-2000 00:00,176.013,2
26-09-2000 00:00,174.64,2
27-09-2000 00:00,183.366,2
28-09-2000 00:00,221.339,2
29-09-2000 00:00,212.775,2
30-09-2000 00:00,188.213,2
01-10-2000 00:00,168.715,2
02-10-2000 00:00,182.926,2
03-10-2000 00:00,218.61,2
04-10-2000 00:00,199.381,2
05-10-2000 00:00,185.721,2
06-10-2000 00:00,187.053,2
07-10-2000 00:00,184.673,2
08-10-2000 00:00,193.951,2
09-10-2000 00:00,210.666,2
10-10-2000 00:00,275.436,2
11-10-2000 00:00,328.486,2
12-10-2000 00:00,396.842,2
13-10-2000 00:00,344.187,2
14-10-2000 00:00,294.899,2
15-10-2000 00:00,256.46,2
16-10-2000 00:00,235.038,2
17-10-2000 00:00,220.704,2
18-10-2000 00:00,214.548,2
19-10-2000 00:00,205.6,2
20-10-2000 00:00,202.061,2
21-10-2000 00:00,204.041,2
22-10-2000 00:00,197.773,2
23-10-2000 00:00,199.111,2
24-10-2000 00:00,318.64,2
25-10-2000 00:00,348.999,2
26-10-2000 00:00,357.235,2
27-10-2000 00:00,269.539,2
28-10-2000 00:00,263.813,2
29-10-2000 00:00,273.772,2
30-10-2000 00:00,352.457,2
31-10-2000 00:00,359.663,2
01-11-2000 00:00,286.138,2
02-11-2000 00:00,278.292,2
03-11-2000 00:00,283.164,2
04-11-2000 00:00,359.586,2
05-11-2000 00:00,292.445,2
06-11-2000 00:00,258.804,2
07-11-2000 00:00,313.431,2
08-11-2000 00:00,384.799,2
09-11-2000 00:00,301.097,2
10-11-2000 00:00,260.89,2
11-11-2000 00:00,246.15,2
12-11-2000 00:00,308.897,2
13-11-2000 00:00,311.271,2
14-11-2000 00:00,272.17,2
15-11-2000 00:00,250.014,2
16-11-2000 00:00,260.035,2
17-11-2000 00:00,248.841,2
18-11-2000 00:00,274.416,2
19-11-2000 00:00,285.963,2
20-11-2000 00:00,328.827,2
21-11-2000 00:00,280.835,2
22-11-2000 00:00,417.072,2
23-11-2000 00:00,495.217,2
24-11-2000 00:00,455.379,2
25-11-2000 00:00,341.06,2
26-11-2000 00:00,302.384,2
27-11-2000 00:00,282.104,2
28-11-2000 00:00,281.277,2
29-11-2000 00:00,396.679,2
30-11-2000 00:00,334.72,2
01-12-2000 00:00,306.245,2
02-12-2000 00:00,316.795,2
03-12-2000 00:00,309.919,2
04-12-2000 00:00,290.265,2
05-12-2000 00:00,282.268,2
06-12-2000 00:00,280.117,2
07-12-2000 00:00,300.463,2
08-12-2000 00:00,351.533,2
09-12-2000 00:00,404.893,2
10-12-2000 00:00,329.373,2
11-12-2000 00:00,338.415,2
12-12-2000 00:00,358.613,2
13-12-2000 00:00,501.668,2
14-12-2000 00:00,602.854,2
15-12-2000 00:00,608.455,2
16-12-2000 00:00,749.621,2
17-12-2000 00:00,696.229,2
18-12-2000 00:00,537.666,2
19-12-2000 00:00,459.336,2
20-12-2000 00:00,406.847,2
21-12-2000 00:00,376.711,2
22-12-2000 00:00,371.784,2
23-12-2000 00:00,367.395,2
24-12-2000 00:00,359.983,2
25-12-2000 00:00,336.835,2
26-12-2000 00:00,311.738,2
27-12-2000 00:00,298.996,2
28-12-2000 00:00,316.126,2
29-12-2000 00:00,375.375,2
30-12-2000 00:00,364.422,2
31-12-2000 00:00,320.786,2
01-01-2001 00:00,300.134,2
02-01-2001 00:00,502.259,2
03-01-2001 00:00,508.36,2
04-01-2001 00:00,475.567,2
05-01-2001 00:00,502.728,2
06-01-2001 00:00,748.701,2
07-01-2001 00:00,685.96,2
08-01-2001 00:00,562.074,2
09-01-2001 00:00,518.978,2
10-01-2001 00:00,481.797,2
11-01-2001 00:00,435.67,2
12-01-2001 00:00,404.975,2
13-01-2001 00:00,384.108,2
14-01-2001 00:00,367.872,2
15-01-2001 00:00,358.215,2
16-01-2001 00:00,356.418,2
17-01-2001 00:00,384.814,2
18-01-2001 00:00,346.923,2
19-01-2001 00:00,323.894,2
20-01-2001 00:00,335.709,2
21-01-2001 00:00,321.429,2
22-01-2001 00:00,314.637,2
23-01-2001 00:00,319.023,2
24-01-2001 00:00,386.809,2
25-01-2001 00:00,439.78,2
26-01-2001 00:00,504.176,2
27-01-2001 00:00,469.149,2
28-01-2001 00:00,383.269,2
29-01-2001 00:00,354.878,2
30-01-2001 00:00,343.301,2
31-01-2001 00:00,330,2
01-02-2001 00:00,315,2
02-02-2001 00:00,305,2
03-02-2001 00:00,296.229,2
04-02-2001 00:00,273.282,2
05-02-2001 00:00,268.542,2
06-02-2001 00:00,314.386,2
07-02-2001 00:00,500.148,2
08-02-2001 00:00,553.169,2
09-02-2001 00:00,617.762,2
10-02-2001 00:00,511.404,2
11-02-2001 00:00,592.436,2
12-02-2001 00:00,1284.94,2
13-02-2001 00:00,1156.39,2
14-02-2001 00:00,878.022,2
15-02-2001 00:00,727.497,2
16-02-2001 00:00,651.398,2
17-02-2001 00:00,627.127,2
18-02-2001 00:00,604.096,2
19-02-2001 00:00,571.678,2
20-02-2001 00:00,527.195,2
21-02-2001 00:00,474.181,2
22-02-2001 00:00,393.72,2
23-02-2001 00:00,352.093,2
24-02-2001 00:00,318.607,2
25-02-2001 00:00,309.926,2
26-02-2001 00:00,316.49,2
27-02-2001 00:00,312.349,2
28-02-2001 00:00,303.82,2
01-03-2001 00:00,314.485,2
02-03-2001 00:00,325.756,2
03-03-2001 00:00,305.81,2
04-03-2001 00:00,284.929,2
05-03-2001 00:00,271.586,2
06-03-2001 00:00,261.045,2
07-03-2001 00:00,263.305,2
08-03-2001 00:00,283.149,2
09-03-2001 00:00,342.074,2
10-03-2001 00:00,395.404,2
11-03-2001 00:00,388.177,2
12-03-2001 00:00,428.224,2
13-03-2001 00:00,432.619,2
14-03-2001 00:00,464.592,2
15-03-2001 00:00,428.004,2
16-03-2001 00:00,466.651,2
17-03-2001 00:00,414.213,2
18-03-2001 00:00,380.729,2
19-03-2001 00:00,360.798,2
20-03-2001 00:00,359.44,2
21-03-2001 00:00,346.261,2
22-03-2001 00:00,330.343,2
23-03-2001 00:00,315.118,2
24-03-2001 00:00,283.502,2
25-03-2001 00:00,263.8,2
26-03-2001 00:00,257.047,2
27-03-2001 00:00,253.989,2
28-03-2001 00:00,253.51,2
29-03-2001 00:00,256.658,2
30-03-2001 00:00,289.394,2
31-03-2001 00:00,269.283,2
01-04-2001 00:00,266.339,2
02-04-2001 00:00,260.941,2
03-04-2001 00:00,257.794,2
04-04-2001 00:00,260.575,2
05-04-2001 00:00,386.814,2
06-04-2001 00:00,315.458,2
07-04-2001 00:00,299.627,2
08-04-2001 00:00,396.23,2
09-04-2001 00:00,299.941,2
10-04-2001 00:00,264.583,2
11-04-2001 00:00,249.413,2
12-04-2001 00:00,250.146,2
13-04-2001 00:00,244.633,2
14-04-2001 00:00,232.312,2
15-04-2001 00:00,216.951,2
16-04-2001 00:00,209.964,2
17-04-2001 00:00,211.102,2
18-04-2001 00:00,273.496,2
19-04-2001 00:00,362.716,2
20-04-2001 00:00,270.501,2
21-04-2001 00:00,234.663,2
22-04-2001 00:00,226.474,2
23-04-2001 00:00,377.232,2
24-04-2001 00:00,566.343,2
25-04-2001 00:00,401.097,2
26-04-2001 00:00,684.846,2
27-04-2001 00:00,578.149,2
28-04-2001 00:00,433.916,2
29-04-2001 00:00,404.188,2
30-04-2001 00:00,349.234,2
01-05-2001 00:00,326.115,2
02-05-2001 00:00,306.403,2
03-05-2001 00:00,293.2,2
04-05-2001 00:00,363.915,2
05-05-2001 00:00,299.337,2
06-05-2001 00:00,260.389,2
07-05-2001 00:00,248.789,2
08-05-2001 00:00,235.968,2
09-05-2001 00:00,224.457,2
10-05-2001 00:00,215.742,2
11-05-2001 00:00,205.213,2
12-05-2001 00:00,196.188,2
13-05-2001 00:00,188.603,2
14-05-2001 00:00,187.963,2
15-05-2001 00:00,193.936,2
16-05-2001 00:00,208.579,2
17-05-2001 00:00,247.886,2
18-05-2001 00:00,235.673,2
19-05-2001 00:00,219.613,2
20-05-2001 00:00,206.981,2
21-05-2001 00:00,199.497,2
22-05-2001 00:00,199.388,2
23-05-2001 00:00,199.792,2
24-05-2001 00:00,195.71,2
25-05-2001 00:00,197.202,2
26-05-2001 00:00,191.963,2
27-05-2001 00:00,185.996,2
28-05-2001 00:00,181.885,2
29-05-2001 00:00,213.149,2
30-05-2001 00:00,313.847,2
31-05-2001 00:00,238.179,2
01-06-2001 00:00,184.766,2
02-06-2001 00:00,192.91,2
03-06-2001 00:00,346.971,2
04-06-2001 00:00,338.227,2
05-06-2001 00:00,266.58,2
06-06-2001 00:00,214.944,2
07-06-2001 00:00,249.375,2
08-06-2001 00:00,253.123,2
09-06-2001 00:00,196.402,2
10-06-2001 00:00,179.765,2
11-06-2001 00:00,178.489,2
12-06-2001 00:00,197.818,2
13-06-2001 00:00,192.12,2
14-06-2001 00:00,183.542,2
15-06-2001 00:00,180.458,2
16-06-2001 00:00,217.368,2
17-06-2001 00:00,244.154,2
18-06-2001 00:00,207.415,2
19-06-2001 00:00,179.763,2
20-06-2001 00:00,170.396,2
21-06-2001 00:00,169.819,2
22-06-2001 00:00,166.384,2
23-06-2001 00:00,194.044,2
24-06-2001 00:00,165.177,2
25-06-2001 00:00,160.468,2
26-06-2001 00:00,183.851,2
27-06-2001 00:00,193.04,2
28-06-2001 00:00,160.694,2
29-06-2001 00:00,164.618,2
30-06-2001 00:00,159.082,2
01-07-2001 00:00,203.312,2
02-07-2001 00:00,197.492,2
03-07-2001 00:00,168.695,2
04-07-2001 00:00,156.83,2
05-07-2001 00:00,144.188,2
06-07-2001 00:00,144.611,2
07-07-2001 00:00,150.063,2
08-07-2001 00:00,166.21,2
09-07-2001 00:00,183.155,2
10-07-2001 00:00,183.955,2
11-07-2001 00:00,196.279,2
12-07-2001 00:00,216.103,2
13-07-2001 00:00,272.248,2
14-07-2001 00:00,235.974,2
15-07-2001 00:00,186.552,2
16-07-2001 00:00,172.91,2
17-07-2001 00:00,231.561,2
18-07-2001 00:00,218.368,2
19-07-2001 00:00,185.674,2
20-07-2001 00:00,165.052,2
21-07-2001 00:00,156.215,2
22-07-2001 00:00,150.335,2
23-07-2001 00:00,145.294,2
24-07-2001 00:00,144.629,2
25-07-2001 00:00,141.255,2
26-07-2001 00:00,139.15,2
27-07-2001 00:00,140.128,2
28-07-2001 00:00,129.324,2
29-07-2001 00:00,129.415,2
30-07-2001 00:00,130.649,2
31-07-2001 00:00,128.569,2
01-08-2001 00:00,126.887,2
02-08-2001 00:00,134.118,2
03-08-2001 00:00,136.864,2
04-08-2001 00:00,134.522,2
05-08-2001 00:00,199.38,2
06-08-2001 00:00,261.025,2
07-08-2001 00:00,303.407,2
08-08-2001 00:00,281.971,2
09-08-2001 00:00,286.319,2
10-08-2001 00:00,204.801,2
11-08-2001 00:00,183.679,2
12-08-2001 00:00,205.819,2
13-08-2001 00:00,341.519,2
14-08-2001 00:00,315.491,2
15-08-2001 00:00,211.758,2
16-08-2001 00:00,174.209,2
17-08-2001 00:00,156.744,2
18-08-2001 00:00,151.374,2
19-08-2001 00:00,152.181,2
20-08-2001 00:00,304.93,2
21-08-2001 00:00,262.648,2
22-08-2001 00:00,208.835,2
23-08-2001 00:00,186.743,2
24-08-2001 00:00,263.989,2
25-08-2001 00:00,262.144,2
26-08-2001 00:00,220.775,2
27-08-2001 00:00,334.246,2
28-08-2001 00:00,385.706,2
29-08-2001 00:00,314.733,2
30-08-2001 00:00,247.244,2
31-08-2001 00:00,208.787,2
01-09-2001 00:00,190.046,2
02-09-2001 00:00,190.83,2
03-09-2001 00:00,208.223,2
04-09-2001 00:00,242.432,2
05-09-2001 00:00,233.647,2
06-09-2001 00:00,219.409,2
07-09-2001 00:00,207.102,2
08-09-2001 00:00,229.637,2
09-09-2001 00:00,349.087,2
10-09-2001 00:00,390.629,2
11-09-2001 00:00,382.348,2
12-09-2001 00:00,346.753,2
13-09-2001 00:00,250.264,2
14-09-2001 00:00,247.327,2
15-09-2001 00:00,216.554,2
16-09-2001 00:00,199.872,2
17-09-2001 00:00,330.792,2
18-09-2001 00:00,747.435,2
19-09-2001 00:00,1090.3,2
20-09-2001 00:00,853.965,2
21-09-2001 00:00,682.344,2
22-09-2001 00:00,635.82,2
23-09-2001 00:00,525.772,2
24-09-2001 00:00,435.75,2
25-09-2001 00:00,363.612,2
26-09-2001 00:00,334.444,2
27-09-2001 00:00,332.808,2
28-09-2001 00:00,365.153,2
29-09-2001 00:00,329.29,2
30-09-2001 00:00,320.146,2
01-10-2001 00:00,423.057,2
02-10-2001 00:00,515.81,2
03-10-2001 00:00,438.624,2
04-10-2001 00:00,438.56,2
05-10-2001 00:00,525.007,2
06-10-2001 00:00,421.883,2
07-10-2001 00:00,347.657,2
08-10-2001 00:00,327.634,2
09-10-2001 00:00,311.231,2
10-10-2001 00:00,383.726,2
11-10-2001 00:00,462.22,2
12-10-2001 00:00,394.56,2
13-10-2001 00:00,358.458,2
14-10-2001 00:00,324.958,2
15-10-2001 00:00,296.981,2
16-10-2001 00:00,280.674,2
17-10-2001 00:00,272.032,2
18-10-2001 00:00,267.169,2
19-10-2001 00:00,264.379,2
20-10-2001 00:00,260.977,2
21-10-2001 00:00,252.822,2
22-10-2001 00:00,246.114,2
23-10-2001 00:00,243.313,2
24-10-2001 00:00,235.637,2
25-10-2001 00:00,232.658,2
26-10-2001 00:00,236.073,2
27-10-2001 00:00,269.077,2
28-10-2001 00:00,303.868,2
29-10-2001 00:00,263.715,2
30-10-2001 00:00,366.215,2
31-10-2001 00:00,328.388,2
01-11-2001 00:00,302.531,2
02-11-2001 00:00,256.832,2
03-11-2001 00:00,239.858,2
04-11-2001 00:00,245.962,2
05-11-2001 00:00,304.675,2
06-11-2001 00:00,333.737,2
07-11-2001 00:00,427.075,2
08-11-2001 00:00,501.856,2
09-11-2001 00:00,460.119,2
10-11-2001 00:00,354.832,2
11-11-2001 00:00,311.593,2
12-11-2001 00:00,324.928,2
13-11-2001 00:00,339.035,2
14-11-2001 00:00,296.113,2
15-11-2001 00:00,272.253,2
16-11-2001 00:00,260.525,2
17-11-2001 00:00,252.677,2
18-11-2001 00:00,247.363,2
19-11-2001 00:00,240.898,2
20-11-2001 00:00,232.764,2
21-11-2001 00:00,230.904,2
22-11-2001 00:00,358.502,2
23-11-2001 00:00,297.174,2
24-11-2001 00:00,255.278,2
25-11-2001 00:00,244.778,2
26-11-2001 00:00,331.094,2
27-11-2001 00:00,344.197,2
28-11-2001 00:00,346.524,2
29-11-2001 00:00,327.041,2
30-11-2001 00:00,289.517,2
01-12-2001 00:00,267.855,2
02-12-2001 00:00,398.706,2
03-12-2001 00:00,375.157,2
04-12-2001 00:00,317.787,2
05-12-2001 00:00,325.927,2
06-12-2001 00:00,315.759,2
07-12-2001 00:00,295.579,2
08-12-2001 00:00,293.372,2
09-12-2001 00:00,273.222,2
10-12-2001 00:00,263.643,2
11-12-2001 00:00,258.158,2
12-12-2001 00:00,250.615,2
13-12-2001 00:00,246.361,2
14-12-2001 00:00,239.55,2
15-12-2001 00:00,229.492,2
16-12-2001 00:00,220.589,2
17-12-2001 00:00,214.266,2
18-12-2001 00:00,212.908,2
19-12-2001 00:00,202.108,2
20-12-2001 00:00,179.485,2
21-12-2001 00:00,255.425,2
22-12-2001 00:00,228.7,2
23-12-2001 00:00,197.189,2
24-12-2001 00:00,248.13,2
25-12-2001 00:00,516.884,2
26-12-2001 00:00,404.362,2
27-12-2001 00:00,375,2
28-12-2001 00:00,340,2
29-12-2001 00:00,329.023,2
30-12-2001 00:00,320.208,2
31-12-2001 00:00,303.561,2
01-01-2002 00:00,319.664,2
02-01-2002 00:00,627.372,2
03-01-2002 00:00,504.756,2
04-01-2002 00:00,388.768,2
05-01-2002 00:00,363.529,2
06-01-2002 00:00,436.347,2
07-01-2002 00:00,405.857,2
08-01-2002 00:00,327.2,2
09-01-2002 00:00,362.897,2
10-01-2002 00:00,334.309,2
11-01-2002 00:00,314.209,2
12-01-2002 00:00,294.39,2
13-01-2002 00:00,285.493,2
14-01-2002 00:00,287.387,2
15-01-2002 00:00,283.665,2
16-01-2002 00:00,279.708,2
17-01-2002 00:00,280.22,2
18-01-2002 00:00,315.553,2
19-01-2002 00:00,367.51,2
20-01-2002 00:00,451.038,2
21-01-2002 00:00,660.737,2
22-01-2002 00:00,573.162,2
23-01-2002 00:00,512.599,2
24-01-2002 00:00,640.406,2
25-01-2002 00:00,843.924,2
26-01-2002 00:00,902.993,2
27-01-2002 00:00,1534.16,2
28-01-2002 00:00,1310.775,2
29-01-2002 00:00,1113.191,2
30-01-2002 00:00,921.271,2
31-01-2002 00:00,1191.261,2
01-02-2002 00:00,1444.89,2
02-02-2002 00:00,1270.615,2
03-02-2002 00:00,1066.277,2
04-02-2002 00:00,908.541,2
05-02-2002 00:00,917.943,2
06-02-2002 00:00,918.196,2
07-02-2002 00:00,802.864,2
08-02-2002 00:00,842.15,2
09-02-2002 00:00,939.139,2
10-02-2002 00:00,903.904,2
11-02-2002 00:00,883.334,2
12-02-2002 00:00,961.852,2
13-02-2002 00:00,840.768,2
14-02-2002 00:00,628.691,2
15-02-2002 00:00,556.703,2
16-02-2002 00:00,551.982,2
17-02-2002 00:00,539.182,2
18-02-2002 00:00,545.883,2
19-02-2002 00:00,622.921,2
20-02-2002 00:00,715.456,2
21-02-2002 00:00,658.023,2
22-02-2002 00:00,732.035,2
23-02-2002 00:00,901.295,2
24-02-2002 00:00,934.305,2
25-02-2002 00:00,849.351,2
26-02-2002 00:00,1045.478,2
27-02-2002 00:00,2027.506,2
28-02-2002 00:00,1831.82,2
01-03-2002 00:00,1491.502,2
02-03-2002 00:00,1224.813,2
03-03-2002 00:00,1119.679,2
04-03-2002 00:00,1133.88,2
05-03-2002 00:00,1027.535,2
06-03-2002 00:00,1090.255,2
07-03-2002 00:00,1203.613,2
08-03-2002 00:00,1063.702,2
09-03-2002 00:00,949.299,2
10-03-2002 00:00,802.446,2
11-03-2002 00:00,761.902,2
12-03-2002 00:00,804.767,2
13-03-2002 00:00,768.309,2
14-03-2002 00:00,699.851,2
15-03-2002 00:00,659.158,2
16-03-2002 00:00,562.591,2
17-03-2002 00:00,490.936,2
18-03-2002 00:00,491.997,2
19-03-2002 00:00,642.001,2
20-03-2002 00:00,592.431,2
21-03-2002 00:00,514.575,2
22-03-2002 00:00,525.876,2
23-03-2002 00:00,475.39,2
24-03-2002 00:00,439.421,2
25-03-2002 00:00,413.72,2
26-03-2002 00:00,374.85,2
27-03-2002 00:00,355.747,2
28-03-2002 00:00,365.966,2
29-03-2002 00:00,361.469,2
30-03-2002 00:00,349.328,2
31-03-2002 00:00,343.833,2
01-04-2002 00:00,344.56,2
02-04-2002 00:00,332.295,2
03-04-2002 00:00,298.383,2
04-04-2002 00:00,282.103,2
05-04-2002 00:00,282.47,2
06-04-2002 00:00,297.833,2
07-04-2002 00:00,306.636,2
08-04-2002 00:00,310.562,2
09-04-2002 00:00,290.867,2
10-04-2002 00:00,276.059,2
11-04-2002 00:00,264.869,2
12-04-2002 00:00,238.892,2
13-04-2002 00:00,257.847,2
14-04-2002 00:00,255.375,2
15-04-2002 00:00,279.872,2
16-04-2002 00:00,277.592,2
17-04-2002 00:00,247.259,2
18-04-2002 00:00,251.997,2
19-04-2002 00:00,260.9,2
20-04-2002 00:00,246.421,2
21-04-2002 00:00,232.516,2
22-04-2002 00:00,225.536,2
23-04-2002 00:00,248.405,2
24-04-2002 00:00,245.297,2
25-04-2002 00:00,235.116,2
26-04-2002 00:00,233.141,2
27-04-2002 00:00,329.003,2
28-04-2002 00:00,343.374,2
29-04-2002 00:00,334.635,2
30-04-2002 00:00,302.091,2
01-05-2002 00:00,238.399,2
02-05-2002 00:00,211.592,2
03-05-2002 00:00,315.101,2
04-05-2002 00:00,470.196,2
05-05-2002 00:00,567.512,2
06-05-2002 00:00,403.853,2
07-05-2002 00:00,288.214,2
08-05-2002 00:00,253.345,2
09-05-2002 00:00,254.422,2
10-05-2002 00:00,256.262,2
11-05-2002 00:00,234.826,2
12-05-2002 00:00,210.575,2
13-05-2002 00:00,207.91,2
14-05-2002 00:00,221.882,2
15-05-2002 00:00,228.652,2
16-05-2002 00:00,223.327,2
17-05-2002 00:00,244.586,2
18-05-2002 00:00,221.184,2
19-05-2002 00:00,211.049,2
20-05-2002 00:00,210.764,2
21-05-2002 00:00,208.444,2
22-05-2002 00:00,207.506,2
23-05-2002 00:00,199.01,2
24-05-2002 00:00,260.453,2
25-05-2002 00:00,295.758,2
26-05-2002 00:00,257.937,2
27-05-2002 00:00,381.315,2
28-05-2002 00:00,345.119,2
29-05-2002 00:00,283.233,2
30-05-2002 00:00,348.072,2
31-05-2002 00:00,311.964,2
01-06-2002 00:00,271.456,2
02-06-2002 00:00,236.672,2
03-06-2002 00:00,224.016,2
04-06-2002 00:00,224.537,2
05-06-2002 00:00,215.109,2
06-06-2002 00:00,205.839,2
07-06-2002 00:00,199.562,2
08-06-2002 00:00,194.233,2
09-06-2002 00:00,187.887,2
10-06-2002 00:00,186.857,2
11-06-2002 00:00,618.56,2
12-06-2002 00:00,806.072,2
13-06-2002 00:00,665.442,2
14-06-2002 00:00,610.496,2
15-06-2002 00:00,534.549,2
16-06-2002 00:00,593.236,2
17-06-2002 00:00,500.097,2
18-06-2002 00:00,383.921,2
19-06-2002 00:00,394.988,2
20-06-2002 00:00,388.061,2
21-06-2002 00:00,461.858,2
22-06-2002 00:00,401.51,2
23-06-2002 00:00,304.356,2
24-06-2002 00:00,272.819,2
25-06-2002 00:00,254.842,2
26-06-2002 00:00,242.182,2
27-06-2002 00:00,338.761,2
28-06-2002 00:00,474.021,2
29-06-2002 00:00,507.516,2
30-06-2002 00:00,398.856,2
01-07-2002 00:00,353.526,2
02-07-2002 00:00,343.514,2
03-07-2002 00:00,310.445,2
04-07-2002 00:00,365.84,2
05-07-2002 00:00,452.763,2
06-07-2002 00:00,420.03,2
07-07-2002 00:00,401.15,2
08-07-2002 00:00,324.758,2
09-07-2002 00:00,271.114,2
10-07-2002 00:00,238.585,2
11-07-2002 00:00,224.08,2
12-07-2002 00:00,214.293,2
13-07-2002 00:00,205.098,2
14-07-2002 00:00,182.711,2
15-07-2002 00:00,174.32,2
16-07-2002 00:00,170.822,2
17-07-2002 00:00,170.365,2
18-07-2002 00:00,210.076,2
19-07-2002 00:00,231.013,2
20-07-2002 00:00,198.712,2
21-07-2002 00:00,188.362,2
22-07-2002 00:00,692.83,2
23-07-2002 00:00,1422.694,2
24-07-2002 00:00,1140.817,2
25-07-2002 00:00,839.614,2
26-07-2002 00:00,701.66,2
27-07-2002 00:00,614.68,2
28-07-2002 00:00,515.326,2
29-07-2002 00:00,452.411,2
30-07-2002 00:00,410.794,2
31-07-2002 00:00,383.048,2
01-08-2002 00:00,419.585,2
02-08-2002 00:00,434,2
03-08-2002 00:00,647,2
04-08-2002 00:00,682,2
05-08-2002 00:00,640,2
06-08-2002 00:00,600,2
07-08-2002 00:00,560,2
08-08-2002 00:00,520,2
09-08-2002 00:00,480,2
10-08-2002 00:00,447.548,2
11-08-2002 00:00,407.145,2
12-08-2002 00:00,537.176,2
13-08-2002 00:00,745.971,2
14-08-2002 00:00,622.425,2
15-08-2002 00:00,501.076,2
16-08-2002 00:00,435.473,2
17-08-2002 00:00,401.93,2
18-08-2002 00:00,375.685,2
19-08-2002 00:00,351.093,2
20-08-2002 00:00,340.229,2
21-08-2002 00:00,314.032,2
22-08-2002 00:00,288.095,2
23-08-2002 00:00,273.228,2
24-08-2002 00:00,258.312,2
25-08-2002 00:00,245.574,2
26-08-2002 00:00,241.012,2
27-08-2002 00:00,308.584,2
28-08-2002 00:00,275.925,2
29-08-2002 00:00,243.116,2
30-08-2002 00:00,228.8,2
31-08-2002 00:00,216.795,2
01-09-2002 00:00,201.404,2
02-09-2002 00:00,193.788,2
03-09-2002 00:00,189.348,2
04-09-2002 00:00,183.727,2
05-09-2002 00:00,176.995,2
06-09-2002 00:00,172.147,2
07-09-2002 00:00,165.354,2
08-09-2002 00:00,156.9,2
09-09-2002 00:00,149.34,2
10-09-2002 00:00,144.576,2
11-09-2002 00:00,145.192,2
12-09-2002 00:00,146.743,2
13-09-2002 00:00,147.728,2
14-09-2002 00:00,146.645,2
15-09-2002 00:00,145.288,2
16-09-2002 00:00,144.729,2
17-09-2002 00:00,145.402,2
18-09-2002 00:00,148.087,2
19-09-2002 00:00,150.689,2
20-09-2002 00:00,153.651,2
21-09-2002 00:00,164.798,2
22-09-2002 00:00,175.828,2
23-09-2002 00:00,195.208,2
24-09-2002 00:00,185.77,2
25-09-2002 00:00,172.197,2
26-09-2002 00:00,173.76,2
27-09-2002 00:00,194.279,2
28-09-2002 00:00,189.897,2
29-09-2002 00:00,175.562,2
30-09-2002 00:00,165.54,2
01-10-2002 00:00,160.514,2
02-10-2002 00:00,158.278,2
03-10-2002 00:00,155.755,2
04-10-2002 00:00,165.232,2
05-10-2002 00:00,194.972,2
06-10-2002 00:00,215.053,2
07-10-2002 00:00,206.917,2
08-10-2002 00:00,187.534,2
09-10-2002 00:00,174.837,2
10-10-2002 00:00,165.786,2
11-10-2002 00:00,164.146,2
12-10-2002 00:00,161.055,2
13-10-2002 00:00,159.869,2
14-10-2002 00:00,251.144,2
15-10-2002 00:00,417.563,2
16-10-2002 00:00,316.388,2
17-10-2002 00:00,582.901,2
18-10-2002 00:00,836.685,2
19-10-2002 00:00,651.699,2
20-10-2002 00:00,453.112,2
21-10-2002 00:00,384.591,2
22-10-2002 00:00,425.34,2
23-10-2002 00:00,543.504,2
24-10-2002 00:00,606.407,2
25-10-2002 00:00,480.167,2
26-10-2002 00:00,464.376,2
27-10-2002 00:00,461.286,2
28-10-2002 00:00,644.879,2
29-10-2002 00:00,591.423,2
30-10-2002 00:00,479.928,2
31-10-2002 00:00,397.936,2
01-11-2002 00:00,370.982,2
02-11-2002 00:00,337.39,2
03-11-2002 00:00,312.463,2
04-11-2002 00:00,297.787,2
05-11-2002 00:00,289.35,2
06-11-2002 00:00,283.152,2
07-11-2002 00:00,274.812,2
08-11-2002 00:00,274.903,2
09-11-2002 00:00,374.579,2
10-11-2002 00:00,335.873,2
11-11-2002 00:00,301.964,2
12-11-2002 00:00,313.712,2
13-11-2002 00:00,358.857,2
14-11-2002 00:00,397.536,2
15-11-2002 00:00,450.414,2
16-11-2002 00:00,390.9,2
17-11-2002 00:00,602.346,2
18-11-2002 00:00,804.927,2
19-11-2002 00:00,799.36,2
20-11-2002 00:00,655.945,2
21-11-2002 00:00,537.727,2
22-11-2002 00:00,476.349,2
23-11-2002 00:00,453.043,2
24-11-2002 00:00,677.086,2
25-11-2002 00:00,717.179,2
26-11-2002 00:00,584.63,2
27-11-2002 00:00,485.062,2
28-11-2002 00:00,435.519,2
29-11-2002 00:00,440.87,2
30-11-2002 00:00,446.749,2
01-12-2002 00:00,396.118,2
02-12-2002 00:00,368.276,2
03-12-2002 00:00,348.231,2
04-12-2002 00:00,342.463,2
05-12-2002 00:00,337.881,2
06-12-2002 00:00,322.974,2
07-12-2002 00:00,311.01,2
08-12-2002 00:00,310,2
09-12-2002 00:00,309,2
10-12-2002 00:00,308.745,2
11-12-2002 00:00,298.238,2
12-12-2002 00:00,289.439,2
13-12-2002 00:00,284.023,2
14-12-2002 00:00,277.254,2
15-12-2002 00:00,271.336,2
16-12-2002 00:00,267.733,2
17-12-2002 00:00,267.351,2
18-12-2002 00:00,263.903,2
19-12-2002 00:00,262.425,2
20-12-2002 00:00,284.955,2
21-12-2002 00:00,285.46,2
22-12-2002 00:00,262.204,2
23-12-2002 00:00,250.216,2
24-12-2002 00:00,249.17,2
25-12-2002 00:00,245.119,2
26-12-2002 00:00,248.001,2
27-12-2002 00:00,361.578,2
28-12-2002 00:00,744.778,2
29-12-2002 00:00,707.496,2
30-12-2002 00:00,503.404,2
31-12-2002 00:00,389.996,2
01-01-2003 00:00,321.956,2
02-01-2003 00:00,304.166,2
03-01-2003 00:00,300.012,2
04-01-2003 00:00,274.666,2
05-01-2003 00:00,262.866,2
06-01-2003 00:00,267.787,2
07-01-2003 00:00,252.709,2
08-01-2003 00:00,247.61,2
09-01-2003 00:00,250.976,2
10-01-2003 00:00,259.799,2
11-01-2003 00:00,256.604,2
12-01-2003 00:00,357.774,2
13-01-2003 00:00,658.788,2
14-01-2003 00:00,712.565,2
15-01-2003 00:00,710.58,2
16-01-2003 00:00,596.599,2
17-01-2003 00:00,495.205,2
18-01-2003 00:00,449.657,2
19-01-2003 00:00,423.155,2
20-01-2003 00:00,465.202,2
21-01-2003 00:00,559.746,2
22-01-2003 00:00,605.001,2
23-01-2003 00:00,508.33,2
24-01-2003 00:00,458.319,2
25-01-2003 00:00,402.945,2
26-01-2003 00:00,423.625,2
27-01-2003 00:00,407.51,2
28-01-2003 00:00,641.501,2
29-01-2003 00:00,615.417,2
30-01-2003 00:00,501.988,2
31-01-2003 00:00,450,2
01-02-2003 00:00,420,2
02-02-2003 00:00,396.419,2
03-02-2003 00:00,419.732,2
04-02-2003 00:00,369.781,2
05-02-2003 00:00,326.179,2
06-02-2003 00:00,310.531,2
07-02-2003 00:00,308.607,2
08-02-2003 00:00,330.646,2
09-02-2003 00:00,326.786,2
10-02-2003 00:00,315.298,2
11-02-2003 00:00,309.088,2
12-02-2003 00:00,303.386,2
13-02-2003 00:00,274.519,2
14-02-2003 00:00,258.975,2
15-02-2003 00:00,233.081,2
16-02-2003 00:00,243.353,2
17-02-2003 00:00,238.72,2
18-02-2003 00:00,235.049,2
19-02-2003 00:00,230.839,2
20-02-2003 00:00,227.203,2
21-02-2003 00:00,221.558,2
22-02-2003 00:00,216.799,2
23-02-2003 00:00,212.631,2
24-02-2003 00:00,211.933,2
25-02-2003 00:00,212.775,2
26-02-2003 00:00,214.904,2
27-02-2003 00:00,208.82,2
28-02-2003 00:00,203.28,2
01-03-2003 00:00,195.209,2
02-03-2003 00:00,189.441,2
03-03-2003 00:00,188.184,2
04-03-2003 00:00,187.019,2
05-03-2003 00:00,187.205,2
06-03-2003 00:00,189.334,2
07-03-2003 00:00,200.746,2
08-03-2003 00:00,208.248,2
09-03-2003 00:00,230.665,2
10-03-2003 00:00,251.663,2
11-03-2003 00:00,264.19,2
12-03-2003 00:00,291.366,2
13-03-2003 00:00,266.624,2
14-03-2003 00:00,247.507,2
15-03-2003 00:00,232.484,2
16-03-2003 00:00,227.371,2
17-03-2003 00:00,228.75,2
18-03-2003 00:00,231.708,2
19-03-2003 00:00,233.796,2
20-03-2003 00:00,234.794,2
21-03-2003 00:00,234.57,2
22-03-2003 00:00,216.867,2
23-03-2003 00:00,203.371,2
24-03-2003 00:00,207.657,2
25-03-2003 00:00,214.172,2
26-03-2003 00:00,215.527,2
27-03-2003 00:00,209.478,2
28-03-2003 00:00,216.513,2
29-03-2003 00:00,214.946,2
30-03-2003 00:00,211.113,2
31-03-2003 00:00,233.769,2
01-04-2003 00:00,233.261,2
02-04-2003 00:00,245.139,2
03-04-2003 00:00,228.016,2
04-04-2003 00:00,220.337,2
05-04-2003 00:00,219.708,2
06-04-2003 00:00,215.743,2
07-04-2003 00:00,207.615,2
08-04-2003 00:00,204.873,2
09-04-2003 00:00,201.895,2
10-04-2003 00:00,248.233,2
11-04-2003 00:00,337.599,2
12-04-2003 00:00,267.618,2
13-04-2003 00:00,232.295,2
14-04-2003 00:00,220.773,2
15-04-2003 00:00,216.904,2
16-04-2003 00:00,211.091,2
17-04-2003 00:00,208.487,2
18-04-2003 00:00,197.351,2
19-04-2003 00:00,196.606,2
20-04-2003 00:00,195.363,2
21-04-2003 00:00,192.797,2
22-04-2003 00:00,198.296,2
23-04-2003 00:00,201.622,2
24-04-2003 00:00,196.399,2
25-04-2003 00:00,196.857,2
26-04-2003 00:00,199.275,2
27-04-2003 00:00,404.061,2
28-04-2003 00:00,385.078,2
29-04-2003 00:00,539.456,2
30-04-2003 00:00,504.319,2
01-05-2003 00:00,1058.793,2
02-05-2003 00:00,828.037,2
03-05-2003 00:00,748.921,2
04-05-2003 00:00,607.9,2
05-05-2003 00:00,488.081,2
06-05-2003 00:00,505.841,2
07-05-2003 00:00,446.506,2
08-05-2003 00:00,373.893,2
09-05-2003 00:00,335.531,2
10-05-2003 00:00,312.364,2
11-05-2003 00:00,348.064,2
12-05-2003 00:00,553.907,2
13-05-2003 00:00,794.475,2
14-05-2003 00:00,643.073,2
15-05-2003 00:00,655.178,2
16-05-2003 00:00,565.761,2
17-05-2003 00:00,437.833,2
18-05-2003 00:00,377.545,2
19-05-2003 00:00,397.219,2
20-05-2003 00:00,759.422,2
21-05-2003 00:00,771.653,2
22-05-2003 00:00,559.001,2
23-05-2003 00:00,655.755,2
24-05-2003 00:00,650.095,2
25-05-2003 00:00,554.544,2
26-05-2003 00:00,448.285,2
27-05-2003 00:00,395.375,2
28-05-2003 00:00,354.191,2
29-05-2003 00:00,314.93,2
30-05-2003 00:00,285.664,2
31-05-2003 00:00,252.367,2
01-06-2003 00:00,225.82,2
02-06-2003 00:00,217.422,2
03-06-2003 00:00,211.173,2
04-06-2003 00:00,209.974,2
05-06-2003 00:00,217.947,2
06-06-2003 00:00,219.75,2
07-06-2003 00:00,239.504,2
08-06-2003 00:00,297.369,2
09-06-2003 00:00,434.799,2
10-06-2003 00:00,250.637,2
11-06-2003 00:00,249.651,2
12-06-2003 00:00,228.597,2
13-06-2003 00:00,220.379,2
14-06-2003 00:00,217.678,2
15-06-2003 00:00,224.264,2
16-06-2003 00:00,362.723,2
17-06-2003 00:00,236.266,2
18-06-2003 00:00,220.662,2
19-06-2003 00:00,227.573,2
20-06-2003 00:00,303.535,2
21-06-2003 00:00,264.894,2
22-06-2003 00:00,222.134,2
23-06-2003 00:00,230.235,2
24-06-2003 00:00,256.653,2
25-06-2003 00:00,216.157,2
26-06-2003 00:00,225.02,2
27-06-2003 00:00,214.222,2
28-06-2003 00:00,207.404,2
29-06-2003 00:00,203.893,2
30-06-2003 00:00,201.686,2
01-07-2003 00:00,279.963,2
02-07-2003 00:00,253.894,2
03-07-2003 00:00,255.401,2
04-07-2003 00:00,777.401,2
05-07-2003 00:00,409.708,2
06-07-2003 00:00,282.632,2
07-07-2003 00:00,240.937,2
08-07-2003 00:00,223.461,2
09-07-2003 00:00,213.175,2
10-07-2003 00:00,205.948,2
11-07-2003 00:00,243.37,2
12-07-2003 00:00,286.557,2
13-07-2003 00:00,207.924,2
14-07-2003 00:00,197.219,2
15-07-2003 00:00,219.146,2
16-07-2003 00:00,211.014,2
17-07-2003 00:00,194.281,2
18-07-2003 00:00,502.01,2
19-07-2003 00:00,282.146,2
20-07-2003 00:00,213.738,2
21-07-2003 00:00,203.071,2
22-07-2003 00:00,203.341,2
23-07-2003 00:00,188.223,2
24-07-2003 00:00,182.866,2
25-07-2003 00:00,202.679,2
26-07-2003 00:00,197.9,2
27-07-2003 00:00,200.813,2
28-07-2003 00:00,187.31,2
29-07-2003 00:00,182.559,2
30-07-2003 00:00,178.019,2
31-07-2003 00:00,174.421,2
01-08-2003 00:00,169.346,2
02-08-2003 00:00,206.503,2
03-08-2003 00:00,225.568,2
04-08-2003 00:00,187.664,2
05-08-2003 00:00,169.097,2
06-08-2003 00:00,162.135,2
07-08-2003 00:00,157.974,2
08-08-2003 00:00,148.13,2
09-08-2003 00:00,146.337,2
10-08-2003 00:00,144.181,2
11-08-2003 00:00,143.857,2
12-08-2003 00:00,147.297,2
13-08-2003 00:00,150.907,2
14-08-2003 00:00,148.364,2
15-08-2003 00:00,151.554,2
16-08-2003 00:00,171.832,2
17-08-2003 00:00,153.87,2
18-08-2003 00:00,144.115,2
19-08-2003 00:00,154.827,2
20-08-2003 00:00,154.332,2
21-08-2003 00:00,149.188,2
22-08-2003 00:00,182.319,2
23-08-2003 00:00,193.761,2
24-08-2003 00:00,165.34,2
25-08-2003 00:00,144.5,2
26-08-2003 00:00,136.834,2
27-08-2003 00:00,149.437,2
28-08-2003 00:00,165.572,2
29-08-2003 00:00,170.453,2
30-08-2003 00:00,266.668,2
31-08-2003 00:00,249.87,2
01-09-2003 00:00,336.26,2
02-09-2003 00:00,285.255,2
03-09-2003 00:00,212.468,2
04-09-2003 00:00,179.025,2
05-09-2003 00:00,160.863,2
06-09-2003 00:00,148.4,2
07-09-2003 00:00,137.681,2
08-09-2003 00:00,133.617,2
09-09-2003 00:00,131.668,2
10-09-2003 00:00,320.473,2
11-09-2003 00:00,1146.265,2
12-09-2003 00:00,851.759,2
13-09-2003 00:00,497.346,2
14-09-2003 00:00,339.572,2
15-09-2003 00:00,289.616,2
16-09-2003 00:00,239.194,2
17-09-2003 00:00,205.477,2
18-09-2003 00:00,186.558,2
19-09-2003 00:00,174.375,2
20-09-2003 00:00,164.537,2
21-09-2003 00:00,174.481,2
22-09-2003 00:00,197.127,2
23-09-2003 00:00,234.36,2
24-09-2003 00:00,209.668,2
25-09-2003 00:00,174.577,2
26-09-2003 00:00,160.82,2
27-09-2003 00:00,149.849,2
28-09-2003 00:00,147.116,2
29-09-2003 00:00,147.81,2
30-09-2003 00:00,146.372,2
01-10-2003 00:00,145.298,2
02-10-2003 00:00,144.701,2
03-10-2003 00:00,142.828,2
04-10-2003 00:00,140.366,2
05-10-2003 00:00,137.928,2
06-10-2003 00:00,138.417,2
07-10-2003 00:00,145.428,2
08-10-2003 00:00,177.96,2
09-10-2003 00:00,259.073,2
10-10-2003 00:00,252.758,2
11-10-2003 00:00,247.317,2
12-10-2003 00:00,244.061,2
13-10-2003 00:00,188.407,2
14-10-2003 00:00,165.855,2
15-10-2003 00:00,154.906,2
16-10-2003 00:00,149.791,2
17-10-2003 00:00,148.297,2
18-10-2003 00:00,146.783,2
19-10-2003 00:00,150.278,2
20-10-2003 00:00,422.162,2
21-10-2003 00:00,326.128,2
22-10-2003 00:00,230.927,2
23-10-2003 00:00,190.099,2
24-10-2003 00:00,172.854,2
25-10-2003 00:00,166.532,2
26-10-2003 00:00,158.928,2
27-10-2003 00:00,151.648,2
28-10-2003 00:00,151.253,2
29-10-2003 00:00,151.092,2
30-10-2003 00:00,165.379,2
31-10-2003 00:00,221.952,2
01-11-2003 00:00,197.412,2
02-11-2003 00:00,187.884,2
03-11-2003 00:00,235.397,2
04-11-2003 00:00,319.688,2
05-11-2003 00:00,239.077,2
06-11-2003 00:00,221.313,2
07-11-2003 00:00,204.537,2
08-11-2003 00:00,193.771,2
09-11-2003 00:00,185.357,2
10-11-2003 00:00,179.842,2
11-11-2003 00:00,177.337,2
12-11-2003 00:00,175.265,2
13-11-2003 00:00,175.949,2
14-11-2003 00:00,175.858,2
15-11-2003 00:00,174.22,2
16-11-2003 00:00,180.484,2
17-11-2003 00:00,186.438,2
18-11-2003 00:00,199.371,2
19-11-2003 00:00,383.722,2
20-11-2003 00:00,563.09,2
21-11-2003 00:00,572.983,2
22-11-2003 00:00,510.195,2
23-11-2003 00:00,564.8,2
24-11-2003 00:00,474.155,2
25-11-2003 00:00,484.688,2
26-11-2003 00:00,426.822,2
27-11-2003 00:00,368.44,2
28-11-2003 00:00,338.1,2
29-11-2003 00:00,310.649,2
30-11-2003 00:00,295.371,2
01-12-2003 00:00,277.084,2
02-12-2003 00:00,265.454,2
03-12-2003 00:00,258.96,2
04-12-2003 00:00,253.635,2
05-12-2003 00:00,264.431,2
06-12-2003 00:00,316.433,2
07-12-2003 00:00,275.77,2
08-12-2003 00:00,251.72,2
09-12-2003 00:00,244.292,2
10-12-2003 00:00,231.994,2
11-12-2003 00:00,235.021,2
12-12-2003 00:00,326.246,2
13-12-2003 00:00,452.735,2
14-12-2003 00:00,675.132,2
15-12-2003 00:00,753.499,2
16-12-2003 00:00,542.827,2
17-12-2003 00:00,493.099,2
18-12-2003 00:00,480.413,2
19-12-2003 00:00,430.421,2
20-12-2003 00:00,407.099,2
21-12-2003 00:00,578.948,2
22-12-2003 00:00,517.007,2
23-12-2003 00:00,394.273,2
24-12-2003 00:00,353.856,2
25-12-2003 00:00,382.275,2
26-12-2003 00:00,386.095,2
27-12-2003 00:00,389.112,2
28-12-2003 00:00,351.95,2
29-12-2003 00:00,349.16,2
30-12-2003 00:00,348.05,2
31-12-2003 00:00,346.94,2
01-01-2004 00:00,345.83,2
02-01-2004 00:00,330.43,2
03-01-2004 00:00,310.303,2
04-01-2004 00:00,295.17,2
05-01-2004 00:00,285.142,2
06-01-2004 00:00,271.749,2
07-01-2004 00:00,324.803,2
08-01-2004 00:00,430.386,2
09-01-2004 00:00,370.872,2
10-01-2004 00:00,322.783,2
11-01-2004 00:00,348.892,2
12-01-2004 00:00,677.747,2
13-01-2004 00:00,691.617,2
14-01-2004 00:00,767.332,2
15-01-2004 00:00,611.705,2
16-01-2004 00:00,536.292,2
17-01-2004 00:00,655.681,2
18-01-2004 00:00,568.681,2
19-01-2004 00:00,541.183,2
20-01-2004 00:00,501.944,2
21-01-2004 00:00,429.404,2
22-01-2004 00:00,389.857,2
23-01-2004 00:00,356.234,2
24-01-2004 00:00,346.161,2
25-01-2004 00:00,330.915,2
26-01-2004 00:00,321.475,2
27-01-2004 00:00,287.018,2
28-01-2004 00:00,271.138,2
29-01-2004 00:00,273.663,2
30-01-2004 00:00,266.485,2
31-01-2004 00:00,353.391,2
01-02-2004 00:00,1179.648,2
02-02-2004 00:00,1134.09,2
03-02-2004 00:00,1052.332,2
04-02-2004 00:00,1171.726,2
05-02-2004 00:00,1060.423,2
06-02-2004 00:00,924.933,2
07-02-2004 00:00,848.773,2
08-02-2004 00:00,756.098,2
09-02-2004 00:00,666.712,2
10-02-2004 00:00,593.447,2
11-02-2004 00:00,546.294,2
12-02-2004 00:00,502.026,2
13-02-2004 00:00,479.322,2
14-02-2004 00:00,460.349,2
15-02-2004 00:00,445.547,2
16-02-2004 00:00,434.069,2
17-02-2004 00:00,425.372,2
18-02-2004 00:00,417.736,2
19-02-2004 00:00,388.509,2
20-02-2004 00:00,333.667,2
21-02-2004 00:00,312.967,2
22-02-2004 00:00,308.373,2
23-02-2004 00:00,309.655,2
24-02-2004 00:00,342.105,2
25-02-2004 00:00,361.303,2
26-02-2004 00:00,371.287,2
27-02-2004 00:00,363.484,2
28-02-2004 00:00,321.229,2
29-02-2004 00:00,301.71,2
01-03-2004 00:00,298.249,2
02-03-2004 00:00,303.163,2
03-03-2004 00:00,276.921,2
04-03-2004 00:00,255.28,2
05-03-2004 00:00,241.246,2
06-03-2004 00:00,232.372,2
07-03-2004 00:00,227.752,2
08-03-2004 00:00,226.716,2
09-03-2004 00:00,232.105,2
10-03-2004 00:00,234.369,2
11-03-2004 00:00,230.195,2
12-03-2004 00:00,228.747,2
13-03-2004 00:00,251.704,2
14-03-2004 00:00,327.663,2
15-03-2004 00:00,311.368,2
16-03-2004 00:00,303.423,2
17-03-2004 00:00,321.85,2
18-03-2004 00:00,298.858,2
19-03-2004 00:00,397.596,2
20-03-2004 00:00,474.009,2
21-03-2004 00:00,830.015,2
22-03-2004 00:00,860.838,2
23-03-2004 00:00,733.913,2
24-03-2004 00:00,710.379,2
25-03-2004 00:00,583.182,2
26-03-2004 00:00,459.017,2
27-03-2004 00:00,421.397,2
28-03-2004 00:00,409.665,2
29-03-2004 00:00,425.05,2
30-03-2004 00:00,429.647,2
31-03-2004 00:00,410.447,2
01-04-2004 00:00,385.425,2
02-04-2004 00:00,346.222,2
03-04-2004 00:00,322.054,2
04-04-2004 00:00,352.754,2
05-04-2004 00:00,361.317,2
06-04-2004 00:00,403.402,2
07-04-2004 00:00,515.935,2
08-04-2004 00:00,457.1,2
09-04-2004 00:00,401.096,2
10-04-2004 00:00,349.162,2
11-04-2004 00:00,321.756,2
12-04-2004 00:00,306.809,2
13-04-2004 00:00,297.245,2
14-04-2004 00:00,291.271,2
15-04-2004 00:00,282.313,2
16-04-2004 00:00,270.982,2
17-04-2004 00:00,263.685,2
18-04-2004 00:00,256.531,2
19-04-2004 00:00,254.126,2
20-04-2004 00:00,249.857,2
21-04-2004 00:00,284.609,2
22-04-2004 00:00,286.206,2
23-04-2004 00:00,283.61,2
24-04-2004 00:00,281.999,2
25-04-2004 00:00,272.572,2
26-04-2004 00:00,444.301,2
27-04-2004 00:00,361.966,2
28-04-2004 00:00,298.744,2
29-04-2004 00:00,272.176,2
30-04-2004 00:00,256.802,2
01-05-2004 00:00,241.901,2
02-05-2004 00:00,243.731,2
03-05-2004 00:00,241.044,2
04-05-2004 00:00,260.049,2
05-05-2004 00:00,363.838,2
06-05-2004 00:00,300.276,2
07-05-2004 00:00,262.926,2
08-05-2004 00:00,230.891,2
09-05-2004 00:00,225.689,2
10-05-2004 00:00,224.225,2
11-05-2004 00:00,216.404,2
12-05-2004 00:00,271.045,2
13-05-2004 00:00,321.241,2
14-05-2004 00:00,247.476,2
15-05-2004 00:00,233.417,2
16-05-2004 00:00,209.714,2
17-05-2004 00:00,192.629,2
18-05-2004 00:00,190.096,2
19-05-2004 00:00,164.577,2
20-05-2004 00:00,147.255,2
21-05-2004 00:00,135.856,2
22-05-2004 00:00,170.724,2
23-05-2004 00:00,290.157,2
24-05-2004 00:00,212.721,2
25-05-2004 00:00,173.284,2
26-05-2004 00:00,158.943,2
27-05-2004 00:00,169.437,2
28-05-2004 00:00,157.64,2
29-05-2004 00:00,142.677,2
30-05-2004 00:00,130.181,2
31-05-2004 00:00,125.464,2
01-06-2004 00:00,122.044,2
02-06-2004 00:00,124.807,2
03-06-2004 00:00,123.762,2
04-06-2004 00:00,124.032,2
05-06-2004 00:00,126.94,2
06-06-2004 00:00,125.748,2
07-06-2004 00:00,133.775,2
08-06-2004 00:00,158.087,2
09-06-2004 00:00,152.99,2
10-06-2004 00:00,150.561,2
11-06-2004 00:00,176.42,2
12-06-2004 00:00,235.916,2
13-06-2004 00:00,180.908,2
14-06-2004 00:00,150.551,2
15-06-2004 00:00,159.837,2
16-06-2004 00:00,160.396,2
17-06-2004 00:00,152.044,2
18-06-2004 00:00,180.201,2
19-06-2004 00:00,370.884,2
20-06-2004 00:00,397.259,2
21-06-2004 00:00,306.74,2
22-06-2004 00:00,363.094,2
23-06-2004 00:00,275.631,2
24-06-2004 00:00,375.924,2
25-06-2004 00:00,450.902,2
26-06-2004 00:00,533.994,2
27-06-2004 00:00,357.936,2
28-06-2004 00:00,243.497,2
29-06-2004 00:00,347.122,2
30-06-2004 00:00,465.434,2
01-07-2004 00:00,509.815,2
02-07-2004 00:00,660.024,2
03-07-2004 00:00,500.046,2
04-07-2004 00:00,449.407,2
05-07-2004 00:00,369.01,2
06-07-2004 00:00,282.782,2
07-07-2004 00:00,256.644,2
08-07-2004 00:00,248.209,2
09-07-2004 00:00,280.498,2
10-07-2004 00:00,330.587,2
11-07-2004 00:00,570.995,2
12-07-2004 00:00,635.118,2
13-07-2004 00:00,453.645,2
14-07-2004 00:00,332.344,2
15-07-2004 00:00,330.203,2
16-07-2004 00:00,277.806,2
17-07-2004 00:00,228.324,2
18-07-2004 00:00,266.981,2
19-07-2004 00:00,354.57,2
20-07-2004 00:00,342.37,2
21-07-2004 00:00,612.813,2
22-07-2004 00:00,656.503,2
23-07-2004 00:00,479.114,2
24-07-2004 00:00,348.912,2
25-07-2004 00:00,310.25,2
26-07-2004 00:00,408.838,2
27-07-2004 00:00,328.157,2
28-07-2004 00:00,263.101,2
29-07-2004 00:00,234.048,2
30-07-2004 00:00,211.977,2
31-07-2004 00:00,194.252,2
01-08-2004 00:00,183.564,2
02-08-2004 00:00,178.083,2
03-08-2004 00:00,179.361,2
04-08-2004 00:00,186.059,2
05-08-2004 00:00,179.753,2
06-08-2004 00:00,173.891,2
07-08-2004 00:00,162.147,2
08-08-2004 00:00,153.364,2
09-08-2004 00:00,150.966,2
10-08-2004 00:00,151.942,2
11-08-2004 00:00,149.188,2
12-08-2004 00:00,148.665,2
13-08-2004 00:00,165.915,2
14-08-2004 00:00,268.094,2
15-08-2004 00:00,207.163,2
16-08-2004 00:00,198.92,2
17-08-2004 00:00,366.137,2
18-08-2004 00:00,323.416,2
19-08-2004 00:00,241.009,2
20-08-2004 00:00,194.422,2
21-08-2004 00:00,178.709,2
22-08-2004 00:00,159.982,2
23-08-2004 00:00,153.727,2
24-08-2004 00:00,160.405,2
25-08-2004 00:00,508.956,2
26-08-2004 00:00,620.433,2
27-08-2004 00:00,487.988,2
28-08-2004 00:00,385.345,2
29-08-2004 00:00,280.322,2
30-08-2004 00:00,283.149,2
31-08-2004 00:00,317.912,2
01-09-2004 00:00,354.161,2
02-09-2004 00:00,349.202,2
03-09-2004 00:00,262.196,2
04-09-2004 00:00,210.436,2
05-09-2004 00:00,184.981,2
06-09-2004 00:00,171.467,2
07-09-2004 00:00,165.989,2
08-09-2004 00:00,159.247,2
09-09-2004 00:00,155.862,2
10-09-2004 00:00,154.486,2
11-09-2004 00:00,151.194,2
12-09-2004 00:00,159.833,2
13-09-2004 00:00,195.031,2
14-09-2004 00:00,180.96,2
15-09-2004 00:00,167.718,2
16-09-2004 00:00,161.76,2
17-09-2004 00:00,154.201,2
18-09-2004 00:00,147.164,2
19-09-2004 00:00,203.039,2
20-09-2004 00:00,213.601,2
21-09-2004 00:00,325.757,2
22-09-2004 00:00,251.9,2
23-09-2004 00:00,209.463,2
24-09-2004 00:00,205.377,2
25-09-2004 00:00,173.569,2
26-09-2004 00:00,165.496,2
27-09-2004 00:00,183.546,2
28-09-2004 00:00,172.442,2
29-09-2004 00:00,159.684,2
30-09-2004 00:00,150.565,2
01-10-2004 00:00,146.173,2
02-10-2004 00:00,145.134,2
03-10-2004 00:00,177.656,2
04-10-2004 00:00,179.409,2
05-10-2004 00:00,212.196,2
06-10-2004 00:00,271.126,2
07-10-2004 00:00,213.849,2
08-10-2004 00:00,178.21,2
09-10-2004 00:00,161.525,2
10-10-2004 00:00,151.557,2
11-10-2004 00:00,145.287,2
12-10-2004 00:00,143.619,2
13-10-2004 00:00,139.473,2
14-10-2004 00:00,132.927,2
15-10-2004 00:00,129.325,2
16-10-2004 00:00,163.199,2
17-10-2004 00:00,441.81,2
18-10-2004 00:00,734.311,2
19-10-2004 00:00,712.142,2
20-10-2004 00:00,602.868,2
21-10-2004 00:00,481.609,2
22-10-2004 00:00,415.017,2
23-10-2004 00:00,360.722,2
24-10-2004 00:00,542.451,2
25-10-2004 00:00,475.092,2
26-10-2004 00:00,360.227,2
27-10-2004 00:00,308.649,2
28-10-2004 00:00,297.549,2
29-10-2004 00:00,283.752,2
30-10-2004 00:00,370.597,2
31-10-2004 00:00,302.751,2
01-11-2004 00:00,270.904,2
02-11-2004 00:00,258.957,2
03-11-2004 00:00,252.503,2
04-11-2004 00:00,245.16,2
05-11-2004 00:00,300.651,2
06-11-2004 00:00,329.693,2
07-11-2004 00:00,285.904,2
08-11-2004 00:00,256.349,2
09-11-2004 00:00,242.409,2
10-11-2004 00:00,318.792,2
11-11-2004 00:00,295.132,2
12-11-2004 00:00,290.729,2
13-11-2004 00:00,381.277,2
14-11-2004 00:00,319.062,2
15-11-2004 00:00,294.254,2
16-11-2004 00:00,304.42,2
17-11-2004 00:00,286.266,2
18-11-2004 00:00,412.59,2
19-11-2004 00:00,365.626,2
20-11-2004 00:00,315.11,2
21-11-2004 00:00,294.079,2
22-11-2004 00:00,456.34,2
23-11-2004 00:00,723.626,2
24-11-2004 00:00,630.761,2
25-11-2004 00:00,536.662,2
26-11-2004 00:00,488.534,2
27-11-2004 00:00,757.454,2
28-11-2004 00:00,772.787,2
29-11-2004 00:00,683.022,2
30-11-2004 00:00,561.719,2
01-12-2004 00:00,476.837,2
02-12-2004 00:00,555.534,2
03-12-2004 00:00,542.436,2
04-12-2004 00:00,514.347,2
05-12-2004 00:00,486.401,2
06-12-2004 00:00,456.602,2
07-12-2004 00:00,431.822,2
08-12-2004 00:00,411.495,2
09-12-2004 00:00,412.081,2
10-12-2004 00:00,403.001,2
11-12-2004 00:00,383.323,2
12-12-2004 00:00,368.07,2
13-12-2004 00:00,337.618,2
14-12-2004 00:00,299.795,2
15-12-2004 00:00,281.696,2
16-12-2004 00:00,282.431,2
17-12-2004 00:00,311.142,2
18-12-2004 00:00,376.068,2
19-12-2004 00:00,450.837,2
20-12-2004 00:00,405.857,2
21-12-2004 00:00,411.597,2
22-12-2004 00:00,458.275,2
23-12-2004 00:00,713.779,2
24-12-2004 00:00,851.248,2
25-12-2004 00:00,1175.067,2
26-12-2004 00:00,1228.108,2
27-12-2004 00:00,1016.252,2
28-12-2004 00:00,875.275,2
29-12-2004 00:00,748.715,2
30-12-2004 00:00,712.464,2
31-12-2004 00:00,769.272,2
01-01-2005 00:00,680.118,2
02-01-2005 00:00,676.279,2
03-01-2005 00:00,684.942,2
04-01-2005 00:00,970.466,2
05-01-2005 00:00,1074.951,2
06-01-2005 00:00,993.442,2
07-01-2005 00:00,901.179,2
08-01-2005 00:00,900.868,2
09-01-2005 00:00,794.768,2
10-01-2005 00:00,755.533,2
11-01-2005 00:00,640.041,2
12-01-2005 00:00,628.653,2
13-01-2005 00:00,616.924,2
14-01-2005 00:00,596.05,2
15-01-2005 00:00,562.41,2
16-01-2005 00:00,533.801,2
17-01-2005 00:00,515.046,2
18-01-2005 00:00,627.153,2
19-01-2005 00:00,636.836,2
20-01-2005 00:00,654.689,2
21-01-2005 00:00,724.462,2
22-01-2005 00:00,636.068,2
23-01-2005 00:00,557.013,2
24-01-2005 00:00,488.091,2
25-01-2005 00:00,464.182,2
26-01-2005 00:00,405.457,2
27-01-2005 00:00,402.645,2
28-01-2005 00:00,400.185,2
29-01-2005 00:00,376.874,2
30-01-2005 00:00,376.13,2
31-01-2005 00:00,419.255,2
01-02-2005 00:00,426.248,2
02-02-2005 00:00,407.642,2
03-02-2005 00:00,386.367,2
04-02-2005 00:00,371.381,2
05-02-2005 00:00,348.22,2
06-02-2005 00:00,321.153,2
07-02-2005 00:00,305.371,2
08-02-2005 00:00,296.818,2
09-02-2005 00:00,296.818,2
10-02-2005 00:00,387.07,2
11-02-2005 00:00,445.544,2
12-02-2005 00:00,426.373,2
13-02-2005 00:00,587.879,2
14-02-2005 00:00,562.74,2
15-02-2005 00:00,509.617,2
16-02-2005 00:00,463.07,2
17-02-2005 00:00,462.964,2
18-02-2005 00:00,454.276,2
19-02-2005 00:00,503.422,2
20-02-2005 00:00,522.856,2
21-02-2005 00:00,496.993,2
22-02-2005 00:00,454.507,2
23-02-2005 00:00,418.46,2
24-02-2005 00:00,406.261,2
25-02-2005 00:00,410.158,2
26-02-2005 00:00,397.937,2
27-02-2005 00:00,367.812,2
28-02-2005 00:00,354.16,2
01-03-2005 00:00,354.553,2
02-03-2005 00:00,362.109,2
03-03-2005 00:00,345.156,2
04-03-2005 00:00,338.499,2
05-03-2005 00:00,328.681,2
06-03-2005 00:00,319.878,2
07-03-2005 00:00,327.924,2
08-03-2005 00:00,377.337,2
09-03-2005 00:00,381.603,2
10-03-2005 00:00,342.147,2
11-03-2005 00:00,470.371,2
12-03-2005 00:00,595.479,2
13-03-2005 00:00,493.967,2
14-03-2005 00:00,423.617,2
15-03-2005 00:00,448.746,2
16-03-2005 00:00,928.204,2
17-03-2005 00:00,1345.121,2
18-03-2005 00:00,1294.136,2
19-03-2005 00:00,1162.697,2
20-03-2005 00:00,981.774,2
21-03-2005 00:00,853.484,2
22-03-2005 00:00,776.992,2
23-03-2005 00:00,742.066,2
24-03-2005 00:00,698.393,2
25-03-2005 00:00,629.947,2
26-03-2005 00:00,540.681,2
27-03-2005 00:00,479.259,2
28-03-2005 00:00,443.545,2
29-03-2005 00:00,446.733,2
30-03-2005 00:00,495.644,2
31-03-2005 00:00,497.453,2
01-04-2005 00:00,475.143,2
02-04-2005 00:00,443.504,2
03-04-2005 00:00,369.62,2
04-04-2005 00:00,335.693,2
05-04-2005 00:00,351.617,2
06-04-2005 00:00,406.68,2
07-04-2005 00:00,401.324,2
08-04-2005 00:00,346.346,2
09-04-2005 00:00,306.779,2
10-04-2005 00:00,292.692,2
11-04-2005 00:00,285.131,2
12-04-2005 00:00,282.093,2
13-04-2005 00:00,281.718,2
14-04-2005 00:00,321.636,2
15-04-2005 00:00,305.673,2
16-04-2005 00:00,280.406,2
17-04-2005 00:00,262.568,2
18-04-2005 00:00,253.539,2
19-04-2005 00:00,243.763,2
20-04-2005 00:00,240.838,2
21-04-2005 00:00,236.93,2
22-04-2005 00:00,233.886,2
23-04-2005 00:00,227.184,2
24-04-2005 00:00,219.66,2
25-04-2005 00:00,222.743,2
26-04-2005 00:00,220.055,2
27-04-2005 00:00,223.276,2
28-04-2005 00:00,237.465,2
29-04-2005 00:00,226.683,2
30-04-2005 00:00,213.589,2
01-05-2005 00:00,211.505,2
02-05-2005 00:00,286.374,2
03-05-2005 00:00,381.461,2
04-05-2005 00:00,339.697,2
05-05-2005 00:00,294.871,2
06-05-2005 00:00,354.204,2
07-05-2005 00:00,356.292,2
08-05-2005 00:00,288.738,2
09-05-2005 00:00,306.111,2
10-05-2005 00:00,487.271,2
11-05-2005 00:00,406.193,2
12-05-2005 00:00,313.752,2
13-05-2005 00:00,265.313,2
14-05-2005 00:00,244.822,2
15-05-2005 00:00,229.743,2
16-05-2005 00:00,221.679,2
17-05-2005 00:00,221.017,2
18-05-2005 00:00,283.594,2
19-05-2005 00:00,264.8,2
20-05-2005 00:00,232.585,2
21-05-2005 00:00,332.837,2
22-05-2005 00:00,411.835,2
23-05-2005 00:00,344.413,2
24-05-2005 00:00,340.703,2
25-05-2005 00:00,295.816,2
26-05-2005 00:00,254.842,2
27-05-2005 00:00,222.59,2
28-05-2005 00:00,209.613,2
29-05-2005 00:00,191.544,2
30-05-2005 00:00,186.902,2
31-05-2005 00:00,269.569,2
01-06-2005 00:00,406.989,2
02-06-2005 00:00,352.849,2
03-06-2005 00:00,370.739,2
04-06-2005 00:00,846.099,2
05-06-2005 00:00,798.85,2
06-06-2005 00:00,565.127,2
07-06-2005 00:00,451.723,2
08-06-2005 00:00,359.078,2
09-06-2005 00:00,291.2,2
10-06-2005 00:00,261.855,2
11-06-2005 00:00,239.964,2
12-06-2005 00:00,276.907,2
13-06-2005 00:00,304.228,2
14-06-2005 00:00,336.55,2
15-06-2005 00:00,254.415,2
16-06-2005 00:00,218.018,2
17-06-2005 00:00,216.668,2
18-06-2005 00:00,208.209,2
19-06-2005 00:00,190.206,2
20-06-2005 00:00,182.453,2
21-06-2005 00:00,177.649,2
22-06-2005 00:00,181.053,2
23-06-2005 00:00,176.792,2
24-06-2005 00:00,173.611,2
25-06-2005 00:00,194.572,2
26-06-2005 00:00,204.277,2
27-06-2005 00:00,171.556,2
28-06-2005 00:00,169.007,2
29-06-2005 00:00,171.917,2
30-06-2005 00:00,169.951,2
01-07-2005 00:00,164.762,2
02-07-2005 00:00,158.592,2
03-07-2005 00:00,152.366,2
04-07-2005 00:00,147.521,2
05-07-2005 00:00,155.792,2
06-07-2005 00:00,318.441,2
07-07-2005 00:00,476.234,2
08-07-2005 00:00,406.698,2
09-07-2005 00:00,273.966,2
10-07-2005 00:00,202.84,2
11-07-2005 00:00,173.442,2
12-07-2005 00:00,164.817,2
13-07-2005 00:00,164.692,2
14-07-2005 00:00,162.304,2
15-07-2005 00:00,170.893,2
16-07-2005 00:00,319.889,2
17-07-2005 00:00,280.238,2
18-07-2005 00:00,209.498,2
19-07-2005 00:00,220.975,2
20-07-2005 00:00,302.945,2
21-07-2005 00:00,556.286,2
22-07-2005 00:00,437.382,2
23-07-2005 00:00,278.188,2
24-07-2005 00:00,218.819,2
25-07-2005 00:00,201.65,2
26-07-2005 00:00,201.232,2
27-07-2005 00:00,174.044,2
28-07-2005 00:00,172.91,2
29-07-2005 00:00,196.698,2
30-07-2005 00:00,439.107,2
31-07-2005 00:00,625.196,2
01-08-2005 00:00,670.093,2
02-08-2005 00:00,567.404,2
03-08-2005 00:00,388.287,2
04-08-2005 00:00,308.295,2
05-08-2005 00:00,265.117,2
06-08-2005 00:00,335,2
07-08-2005 00:00,300,2
08-08-2005 00:00,390,2
09-08-2005 00:00,426.06,2
10-08-2005 00:00,322.412,2
11-08-2005 00:00,267.261,2
12-08-2005 00:00,255.689,2
13-08-2005 00:00,271.743,2
14-08-2005 00:00,228.197,2
15-08-2005 00:00,204.884,2
16-08-2005 00:00,191.831,2
17-08-2005 00:00,183.268,2
18-08-2005 00:00,175.949,2
19-08-2005 00:00,169.332,2
20-08-2005 00:00,163.834,2
21-08-2005 00:00,160.012,2
22-08-2005 00:00,161.804,2
23-08-2005 00:00,159.608,2
24-08-2005 00:00,158.82,2
25-08-2005 00:00,181.183,2
26-08-2005 00:00,286.502,2
27-08-2005 00:00,265.483,2
28-08-2005 00:00,233.365,2
29-08-2005 00:00,199.623,2
30-08-2005 00:00,173.241,2
31-08-2005 00:00,146.037,2
01-09-2005 00:00,137.864,2
02-09-2005 00:00,134.699,2
03-09-2005 00:00,131.238,2
04-09-2005 00:00,127.809,2
05-09-2005 00:00,127.531,2
06-09-2005 00:00,128.676,2
07-09-2005 00:00,127.379,2
08-09-2005 00:00,127.19,2
09-09-2005 00:00,123.314,2
10-09-2005 00:00,121.353,2
11-09-2005 00:00,117.222,2
12-09-2005 00:00,115.818,2
13-09-2005 00:00,118.055,2
14-09-2005 00:00,121.348,2
15-09-2005 00:00,121.581,2
16-09-2005 00:00,140.786,2
17-09-2005 00:00,152.084,2
18-09-2005 00:00,140.629,2
19-09-2005 00:00,131.694,2
20-09-2005 00:00,128.239,2
21-09-2005 00:00,126.163,2
22-09-2005 00:00,126.761,2
23-09-2005 00:00,124.874,2
24-09-2005 00:00,120.052,2
25-09-2005 00:00,117.507,2
26-09-2005 00:00,115.968,2
27-09-2005 00:00,117.343,2
28-09-2005 00:00,145.153,2
29-09-2005 00:00,143.515,2
30-09-2005 00:00,205.879,2
01-10-2005 00:00,208.217,2
02-10-2005 00:00,242.021,2
03-10-2005 00:00,205.614,2
04-10-2005 00:00,176.421,2
05-10-2005 00:00,161.193,2
06-10-2005 00:00,149.282,2
07-10-2005 00:00,143.969,2
08-10-2005 00:00,140.211,2
09-10-2005 00:00,133.82,2
10-10-2005 00:00,132.998,2
11-10-2005 00:00,134.94,2
12-10-2005 00:00,135.257,2
13-10-2005 00:00,135.348,2
14-10-2005 00:00,135.301,2
15-10-2005 00:00,133.475,2
16-10-2005 00:00,131.222,2
17-10-2005 00:00,131.449,2
18-10-2005 00:00,132.952,2
19-10-2005 00:00,134.993,2
20-10-2005 00:00,137.809,2
21-10-2005 00:00,143.37,2
22-10-2005 00:00,232.284,2
23-10-2005 00:00,216.955,2
24-10-2005 00:00,183.906,2
25-10-2005 00:00,307.721,2
26-10-2005 00:00,513.043,2
27-10-2005 00:00,416.739,2
28-10-2005 00:00,301.265,2
29-10-2005 00:00,230.367,2
30-10-2005 00:00,202.338,2
31-10-2005 00:00,205.202,2
01-11-2005 00:00,177.09,2
02-11-2005 00:00,204.034,2
03-11-2005 00:00,257.987,2
04-11-2005 00:00,306.431,2
05-11-2005 00:00,319.465,2
06-11-2005 00:00,301.301,2
07-11-2005 00:00,247.152,2
08-11-2005 00:00,229.523,2
09-11-2005 00:00,222.957,2
10-11-2005 00:00,207.783,2
11-11-2005 00:00,214.344,2
12-11-2005 00:00,256.026,2
13-11-2005 00:00,238.242,2
14-11-2005 00:00,225.583,2
15-11-2005 00:00,296.296,2
16-11-2005 00:00,286.344,2
17-11-2005 00:00,245.985,2
18-11-2005 00:00,212.91,2
19-11-2005 00:00,192.441,2
20-11-2005 00:00,180.724,2
21-11-2005 00:00,174.726,2
22-11-2005 00:00,177.333,2
23-11-2005 00:00,182.636,2
24-11-2005 00:00,190,2
25-11-2005 00:00,194.549,2
26-11-2005 00:00,230.956,2
27-11-2005 00:00,215.493,2
28-11-2005 00:00,197.749,2
29-11-2005 00:00,187.702,2
30-11-2005 00:00,185.85,2
01-12-2005 00:00,180.566,2
02-12-2005 00:00,181.133,2
03-12-2005 00:00,178.342,2
04-12-2005 00:00,183.28,2
05-12-2005 00:00,215.581,2
06-12-2005 00:00,289.64,2
07-12-2005 00:00,263.972,2
08-12-2005 00:00,255.801,2
09-12-2005 00:00,242.533,2
10-12-2005 00:00,218.576,2
11-12-2005 00:00,226.016,2
12-12-2005 00:00,217.645,2
13-12-2005 00:00,211.273,2
14-12-2005 00:00,232.32,2
15-12-2005 00:00,279.539,2
16-12-2005 00:00,335.515,2
17-12-2005 00:00,296.348,2
18-12-2005 00:00,250.563,2
19-12-2005 00:00,227.983,2
20-12-2005 00:00,256.815,2
21-12-2005 00:00,249.485,2
22-12-2005 00:00,275.876,2
23-12-2005 00:00,256.843,2
24-12-2005 00:00,282.878,2
25-12-2005 00:00,267.63,2
26-12-2005 00:00,245.493,2
27-12-2005 00:00,231.118,2
28-12-2005 00:00,221.502,2
29-12-2005 00:00,231.44,2
30-12-2005 00:00,245.876,2
31-12-2005 00:00,240.656,2
01-01-2006 00:00,244.552,2
02-01-2006 00:00,277.124,2
03-01-2006 00:00,266.005,2
04-01-2006 00:00,247.308,2
05-01-2006 00:00,239.786,2
06-01-2006 00:00,240.037,2
07-01-2006 00:00,223.678,2
08-01-2006 00:00,212.975,2
09-01-2006 00:00,209.758,2
10-01-2006 00:00,205.766,2
11-01-2006 00:00,269.688,2
12-01-2006 00:00,343.111,2
13-01-2006 00:00,301.404,2
14-01-2006 00:00,274.925,2
15-01-2006 00:00,253.373,2
16-01-2006 00:00,233.332,2
17-01-2006 00:00,222.568,2
18-01-2006 00:00,216.168,2
19-01-2006 00:00,205.864,2
20-01-2006 00:00,208.321,2
21-01-2006 00:00,208.923,2
22-01-2006 00:00,191.374,2
23-01-2006 00:00,188.041,2
24-01-2006 00:00,185.224,2
25-01-2006 00:00,191.184,2
26-01-2006 00:00,195.814,2
27-01-2006 00:00,203.176,2
28-01-2006 00:00,203.429,2
29-01-2006 00:00,200.161,2
30-01-2006 00:00,200.682,2
31-01-2006 00:00,201.414,2
01-02-2006 00:00,195.51,2
02-02-2006 00:00,187.786,2
03-02-2006 00:00,186.559,2
04-02-2006 00:00,194.744,2
05-02-2006 00:00,206.957,2
06-02-2006 00:00,253,2
07-02-2006 00:00,692,2
08-02-2006 00:00,884,2
09-02-2006 00:00,1006,2
10-02-2006 00:00,982,2
11-02-2006 00:00,752,2
12-02-2006 00:00,620,2
13-02-2006 00:00,524,2
14-02-2006 00:00,433,2
15-02-2006 00:00,395,2
16-02-2006 00:00,442,2
17-02-2006 00:00,448,2
18-02-2006 00:00,414,2
19-02-2006 00:00,423,2
20-02-2006 00:00,445,2
21-02-2006 00:00,403.091,2
22-02-2006 00:00,378.049,2
23-02-2006 00:00,364.831,2
24-02-2006 00:00,349.717,2
25-02-2006 00:00,333.551,2
26-02-2006 00:00,320.028,2
27-02-2006 00:00,305.291,2
28-02-2006 00:00,299.708,2
01-03-2006 00:00,311.969,2
02-03-2006 00:00,320.74,2
03-03-2006 00:00,320.967,2
04-03-2006 00:00,310.803,2
05-03-2006 00:00,288.46,2
06-03-2006 00:00,277.027,2
07-03-2006 00:00,272.512,2
08-03-2006 00:00,261.166,2
09-03-2006 00:00,255.579,2
10-03-2006 00:00,250.326,2
11-03-2006 00:00,239.78,2
12-03-2006 00:00,228.12,2
13-03-2006 00:00,226.569,2
14-03-2006 00:00,224.931,2
15-03-2006 00:00,225.119,2
16-03-2006 00:00,228.504,2
17-03-2006 00:00,232.192,2
18-03-2006 00:00,237.141,2
19-03-2006 00:00,242.793,2
20-03-2006 00:00,246.88,2
21-03-2006 00:00,239.926,2
22-03-2006 00:00,243.645,2
23-03-2006 00:00,243.756,2
24-03-2006 00:00,248.403,2
25-03-2006 00:00,251.979,2
26-03-2006 00:00,273.921,2
27-03-2006 00:00,452.511,2
28-03-2006 00:00,676.768,2
29-03-2006 00:00,662.812,2
30-03-2006 00:00,593.961,2
31-03-2006 00:00,672.442,2
01-04-2006 00:00,607.069,2
02-04-2006 00:00,573.013,2
03-04-2006 00:00,528.36,2
04-04-2006 00:00,550.333,2
05-04-2006 00:00,597.113,2
06-04-2006 00:00,568.825,2
07-04-2006 00:00,600.469,2
08-04-2006 00:00,538.461,2
09-04-2006 00:00,601.639,2
10-04-2006 00:00,604.32,2
11-04-2006 00:00,483.684,2
12-04-2006 00:00,428.243,2
13-04-2006 00:00,425.067,2
14-04-2006 00:00,444.286,2
15-04-2006 00:00,401.355,2
16-04-2006 00:00,373.447,2
17-04-2006 00:00,356.172,2
18-04-2006 00:00,349.183,2
19-04-2006 00:00,355.607,2
20-04-2006 00:00,446.134,2
21-04-2006 00:00,422.124,2
22-04-2006 00:00,414.146,2
23-04-2006 00:00,362.39,2
24-04-2006 00:00,338.965,2
25-04-2006 00:00,328.408,2
26-04-2006 00:00,328.188,2
27-04-2006 00:00,345.566,2
28-04-2006 00:00,341.073,2
29-04-2006 00:00,316.567,2
30-04-2006 00:00,324.43,2
01-05-2006 00:00,311.322,2
02-05-2006 00:00,292.415,2
03-05-2006 00:00,285.745,2
04-05-2006 00:00,257.116,2
05-05-2006 00:00,236.964,2
06-05-2006 00:00,222.663,2
07-05-2006 00:00,213.635,2
08-05-2006 00:00,203.343,2
09-05-2006 00:00,193.918,2
10-05-2006 00:00,215.878,2
11-05-2006 00:00,209.391,2
12-05-2006 00:00,173.042,2
13-05-2006 00:00,159.558,2
14-05-2006 00:00,180.383,2
15-05-2006 00:00,199.168,2
16-05-2006 00:00,234.589,2
17-05-2006 00:00,226.916,2
18-05-2006 00:00,253.039,2
19-05-2006 00:00,372.352,2
20-05-2006 00:00,332.451,2
21-05-2006 00:00,364.647,2
22-05-2006 00:00,319.08,2
23-05-2006 00:00,375.483,2
24-05-2006 00:00,353.344,2
25-05-2006 00:00,327.792,2
26-05-2006 00:00,273.453,2
27-05-2006 00:00,219.898,2
28-05-2006 00:00,328.266,2
29-05-2006 00:00,412.669,2
30-05-2006 00:00,362.303,2
31-05-2006 00:00,293.621,2
01-06-2006 00:00,291.583,2
02-06-2006 00:00,272.308,2
03-06-2006 00:00,238.513,2
04-06-2006 00:00,220.798,2
05-06-2006 00:00,188.654,2
06-06-2006 00:00,175.169,2
07-06-2006 00:00,165.616,2
08-06-2006 00:00,154.419,2
09-06-2006 00:00,152.563,2
10-06-2006 00:00,144.536,2
11-06-2006 00:00,133.849,2
12-06-2006 00:00,130.565,2
13-06-2006 00:00,134.287,2
14-06-2006 00:00,134.051,2
15-06-2006 00:00,148.98,2
16-06-2006 00:00,154.466,2
17-06-2006 00:00,160.591,2
18-06-2006 00:00,169.488,2
19-06-2006 00:00,183.71,2
20-06-2006 00:00,256.889,2
21-06-2006 00:00,247.126,2
22-06-2006 00:00,232.286,2
23-06-2006 00:00,208.056,2
24-06-2006 00:00,172.802,2
25-06-2006 00:00,147.87,2
26-06-2006 00:00,227.906,2
27-06-2006 00:00,326.834,2
28-06-2006 00:00,252.769,2
29-06-2006 00:00,185.703,2
30-06-2006 00:00,149.09,2
01-07-2006 00:00,122.888,2
02-07-2006 00:00,108.228,2
03-07-2006 00:00,99.074,2
04-07-2006 00:00,98.362,2
05-07-2006 00:00,97.845,2
06-07-2006 00:00,93.888,2
07-07-2006 00:00,92.95,2
08-07-2006 00:00,94.279,2
09-07-2006 00:00,94.628,2
10-07-2006 00:00,96.384,2
11-07-2006 00:00,105.596,2
12-07-2006 00:00,111.085,2
13-07-2006 00:00,103.116,2
14-07-2006 00:00,98.851,2
15-07-2006 00:00,105.311,2
16-07-2006 00:00,95.505,2
17-07-2006 00:00,92.927,2
18-07-2006 00:00,93.227,2
19-07-2006 00:00,96.87,2
20-07-2006 00:00,95.104,2
21-07-2006 00:00,103.948,2
22-07-2006 00:00,136.961,2
23-07-2006 00:00,115.734,2
24-07-2006 00:00,106.93,2
25-07-2006 00:00,99.015,2
26-07-2006 00:00,97.535,2
27-07-2006 00:00,95.515,2
28-07-2006 00:00,201,2
29-07-2006 00:00,301,2
30-07-2006 00:00,237,2
31-07-2006 00:00,236,2
01-08-2006 00:00,251,2
02-08-2006 00:00,327,2
03-08-2006 00:00,359,2
04-08-2006 00:00,268,2
05-08-2006 00:00,227,2
06-08-2006 00:00,182,2
07-08-2006 00:00,160,2
08-08-2006 00:00,151,2
09-08-2006 00:00,145,2
10-08-2006 00:00,141,2
11-08-2006 00:00,138,2
12-08-2006 00:00,160,2
13-08-2006 00:00,297,2
14-08-2006 00:00,622.331,2
15-08-2006 00:00,751.953,2
16-08-2006 00:00,751.611,2
17-08-2006 00:00,634.698,2
18-08-2006 00:00,429.13,2
19-08-2006 00:00,345.649,2
20-08-2006 00:00,342.181,2
21-08-2006 00:00,375.694,2
22-08-2006 00:00,349.207,2
23-08-2006 00:00,540.874,2
24-08-2006 00:00,949.8,2
25-08-2006 00:00,853.757,2
26-08-2006 00:00,645.302,2
27-08-2006 00:00,529.582,2
28-08-2006 00:00,913.624,2
29-08-2006 00:00,893.311,2
30-08-2006 00:00,940.779,2
31-08-2006 00:00,899.168,2
01-09-2006 00:00,739.83,2
02-09-2006 00:00,638.612,2
03-09-2006 00:00,606.39,2
04-09-2006 00:00,576.077,2
05-09-2006 00:00,578.047,2
06-09-2006 00:00,563.815,2
07-09-2006 00:00,539.281,2
08-09-2006 00:00,592.041,2
09-09-2006 00:00,578.483,2
10-09-2006 00:00,472.369,2
11-09-2006 00:00,403.54,2
12-09-2006 00:00,345.977,2
13-09-2006 00:00,297.05,2
14-09-2006 00:00,264.791,2
15-09-2006 00:00,244.477,2
16-09-2006 00:00,223.1,2
17-09-2006 00:00,209.99,2
18-09-2006 00:00,207.951,2
19-09-2006 00:00,210.196,2
20-09-2006 00:00,198.613,2
21-09-2006 00:00,193.429,2
22-09-2006 00:00,190.926,2
23-09-2006 00:00,184.477,2
24-09-2006 00:00,177.949,2
25-09-2006 00:00,178.68,2
26-09-2006 00:00,180.796,2
27-09-2006 00:00,264.249,2
28-09-2006 00:00,334.757,2
29-09-2006 00:00,302.39,2
30-09-2006 00:00,276.134,2
01-10-2006 00:00,246.937,2
02-10-2006 00:00,478.876,2
03-10-2006 00:00,662.294,2
04-10-2006 00:00,671.194,2
05-10-2006 00:00,596.622,2
06-10-2006 00:00,560.159,2
07-10-2006 00:00,572.378,2
08-10-2006 00:00,535.435,2
09-10-2006 00:00,452.062,2
10-10-2006 00:00,357.541,2
11-10-2006 00:00,304.926,2
12-10-2006 00:00,281.969,2
13-10-2006 00:00,263.899,2
14-10-2006 00:00,247.934,2
15-10-2006 00:00,235.158,2
16-10-2006 00:00,239.275,2
17-10-2006 00:00,223.773,2
18-10-2006 00:00,229.937,2
19-10-2006 00:00,215.131,2
20-10-2006 00:00,231.442,2
21-10-2006 00:00,254.345,2
22-10-2006 00:00,242.428,2
23-10-2006 00:00,361.145,2
24-10-2006 00:00,471.039,2
25-10-2006 00:00,492.319,2
26-10-2006 00:00,454.498,2
27-10-2006 00:00,407.841,2
28-10-2006 00:00,340.95,2
29-10-2006 00:00,443.434,2
30-10-2006 00:00,450.897,2
31-10-2006 00:00,519.221,2
01-11-2006 00:00,595.45,2
02-11-2006 00:00,601.228,2
03-11-2006 00:00,494.243,2
04-11-2006 00:00,420.051,2
05-11-2006 00:00,415.113,2
06-11-2006 00:00,558.202,2
07-11-2006 00:00,517.351,2
08-11-2006 00:00,529.71,2
09-11-2006 00:00,777.371,2
10-11-2006 00:00,881.149,2
11-11-2006 00:00,847.525,2
12-11-2006 00:00,909.478,2
13-11-2006 00:00,866.974,2
14-11-2006 00:00,875.357,2
15-11-2006 00:00,909.375,2
16-11-2006 00:00,951.633,2
17-11-2006 00:00,877.467,2
18-11-2006 00:00,800.249,2
19-11-2006 00:00,720.285,2
20-11-2006 00:00,715.704,2
21-11-2006 00:00,699.41,2
22-11-2006 00:00,768.92,2
23-11-2006 00:00,726.518,2
24-11-2006 00:00,739.766,2
25-11-2006 00:00,685.486,2
26-11-2006 00:00,652.229,2
27-11-2006 00:00,607.656,2
28-11-2006 00:00,534.855,2
29-11-2006 00:00,498.873,2
30-11-2006 00:00,485.534,2
01-12-2006 00:00,467.485,2
02-12-2006 00:00,473.959,2
03-12-2006 00:00,569.541,2
04-12-2006 00:00,585.206,2
05-12-2006 00:00,596.612,2
06-12-2006 00:00,657.844,2
07-12-2006 00:00,673.189,2
08-12-2006 00:00,736.867,2
09-12-2006 00:00,730.687,2
10-12-2006 00:00,632.639,2
11-12-2006 00:00,588.824,2
12-12-2006 00:00,646.111,2
13-12-2006 00:00,663.797,2
14-12-2006 00:00,868.71,2
15-12-2006 00:00,973.073,2
16-12-2006 00:00,959.134,2
17-12-2006 00:00,898.851,2
18-12-2006 00:00,868.491,2
19-12-2006 00:00,827.512,2
20-12-2006 00:00,776.958,2
21-12-2006 00:00,704.587,2
22-12-2006 00:00,642.987,2
23-12-2006 00:00,593.026,2
24-12-2006 00:00,560.352,2
25-12-2006 00:00,528.375,2
26-12-2006 00:00,495.018,2
27-12-2006 00:00,474.399,2
28-12-2006 00:00,452.946,2
29-12-2006 00:00,436.671,2
30-12-2006 00:00,443.866,2
31-12-2006 00:00,688.398,2
01-01-2007 00:00,847.696,2
02-01-2007 00:00,807.119,2
03-01-2007 00:00,756.178,2
04-01-2007 00:00,766.763,2
05-01-2007 00:00,753.503,2
06-01-2007 00:00,678.428,2
07-01-2007 00:00,605.201,2
08-01-2007 00:00,614.027,2
09-01-2007 00:00,672.482,2
10-01-2007 00:00,643.785,2
11-01-2007 00:00,689.861,2
12-01-2007 00:00,910.853,2
13-01-2007 00:00,940.01,2
14-01-2007 00:00,871.039,2
15-01-2007 00:00,818.365,2
16-01-2007 00:00,713.528,2
17-01-2007 00:00,706.857,2
18-01-2007 00:00,917.99,2
19-01-2007 00:00,1220.556,2
20-01-2007 00:00,1303.965,2
21-01-2007 00:00,1482.547,2
22-01-2007 00:00,1262.867,2
23-01-2007 00:00,1129.308,2
24-01-2007 00:00,1071.881,2
25-01-2007 00:00,1013.355,2
26-01-2007 00:00,940.743,2
27-01-2007 00:00,896.767,2
28-01-2007 00:00,879.866,2
29-01-2007 00:00,972.749,2
30-01-2007 00:00,912.918,2
31-01-2007 00:00,919.707,2
01-02-2007 00:00,950.066,2
02-02-2007 00:00,913.643,2
03-02-2007 00:00,891.847,2
04-02-2007 00:00,803.553,2
05-02-2007 00:00,749.145,2
06-02-2007 00:00,746.585,2
07-02-2007 00:00,695.463,2
08-02-2007 00:00,643.699,2
09-02-2007 00:00,602.389,2
10-02-2007 00:00,556.105,2
11-02-2007 00:00,521.445,2
12-02-2007 00:00,507.607,2
13-02-2007 00:00,525.169,2
14-02-2007 00:00,542.17,2
15-02-2007 00:00,535.806,2
16-02-2007 00:00,523.466,2
17-02-2007 00:00,488.491,2
18-02-2007 00:00,450.683,2
19-02-2007 00:00,451.197,2
20-02-2007 00:00,450.788,2
21-02-2007 00:00,474.885,2
22-02-2007 00:00,494.195,2
23-02-2007 00:00,496.914,2
24-02-2007 00:00,496.452,2
25-02-2007 00:00,558.579,2
26-02-2007 00:00,823.702,2
27-02-2007 00:00,1012.83,2
28-02-2007 00:00,1093.326,2
01-03-2007 00:00,1249.502,2
02-03-2007 00:00,1279.118,2
03-03-2007 00:00,1152.954,2
04-03-2007 00:00,1056.579,2
05-03-2007 00:00,986.533,2
06-03-2007 00:00,992.013,2
07-03-2007 00:00,1036.567,2
08-03-2007 00:00,1060.559,2
09-03-2007 00:00,983.941,2
10-03-2007 00:00,937.487,2
11-03-2007 00:00,843.24,2
12-03-2007 00:00,785.487,2
13-03-2007 00:00,704.035,2
14-03-2007 00:00,657.777,2
15-03-2007 00:00,627.618,2
16-03-2007 00:00,595.738,2
17-03-2007 00:00,623.671,2
18-03-2007 00:00,666.591,2
19-03-2007 00:00,669.483,2
20-03-2007 00:00,657.466,2
21-03-2007 00:00,561.381,2
22-03-2007 00:00,504.643,2
23-03-2007 00:00,479.091,2
24-03-2007 00:00,479.722,2
25-03-2007 00:00,433.805,2
26-03-2007 00:00,405.103,2
27-03-2007 00:00,382.489,2
28-03-2007 00:00,397.164,2
29-03-2007 00:00,389.972,2
30-03-2007 00:00,381.688,2
31-03-2007 00:00,366.237,2
01-04-2007 00:00,349.002,2
02-04-2007 00:00,342.07,2
03-04-2007 00:00,376.391,2
04-04-2007 00:00,385.947,2
05-04-2007 00:00,347.395,2
06-04-2007 00:00,305.399,2
07-04-2007 00:00,288.167,2
08-04-2007 00:00,308.99,2
09-04-2007 00:00,447.696,2
10-04-2007 00:00,429.348,2
11-04-2007 00:00,371.206,2
12-04-2007 00:00,327.864,2
13-04-2007 00:00,313.51,2
14-04-2007 00:00,300.496,2
15-04-2007 00:00,284.059,2
16-04-2007 00:00,281.991,2
17-04-2007 00:00,281.76,2
18-04-2007 00:00,273.443,2
19-04-2007 00:00,290.286,2
20-04-2007 00:00,285.322,2
21-04-2007 00:00,269.056,2
22-04-2007 00:00,259.977,2
23-04-2007 00:00,256.05,2
24-04-2007 00:00,254.277,2
25-04-2007 00:00,239.157,2
26-04-2007 00:00,245.115,2
27-04-2007 00:00,240.685,2
28-04-2007 00:00,252.388,2
29-04-2007 00:00,272.363,2
30-04-2007 00:00,249.484,2
01-05-2007 00:00,233.322,2
02-05-2007 00:00,223.426,2
03-05-2007 00:00,222.499,2
04-05-2007 00:00,213.541,2
05-05-2007 00:00,206.4,2
06-05-2007 00:00,199.011,2
07-05-2007 00:00,209.745,2
08-05-2007 00:00,227.822,2
09-05-2007 00:00,351.199,2
10-05-2007 00:00,347.391,2
11-05-2007 00:00,407.758,2
12-05-2007 00:00,355.852,2
13-05-2007 00:00,386.284,2
14-05-2007 00:00,336.755,2
15-05-2007 00:00,269.98,2
16-05-2007 00:00,241.765,2
17-05-2007 00:00,868.168,2
18-05-2007 00:00,844.308,2
19-05-2007 00:00,624.269,2
20-05-2007 00:00,511.732,2
21-05-2007 00:00,403.562,2
22-05-2007 00:00,355.304,2
23-05-2007 00:00,331.451,2
24-05-2007 00:00,312.669,2
25-05-2007 00:00,289.234,2
26-05-2007 00:00,263.311,2
27-05-2007 00:00,266.512,2
28-05-2007 00:00,270.667,2
29-05-2007 00:00,353.879,2
30-05-2007 00:00,378.361,2
31-05-2007 00:00,327.281,2
01-06-2007 00:00,284.308,2
02-06-2007 00:00,285.663,2
03-06-2007 00:00,285.703,2
04-06-2007 00:00,289.077,2
05-06-2007 00:00,294.171,2
06-06-2007 00:00,279.297,2
07-06-2007 00:00,259.919,2
08-06-2007 00:00,246.908,2
09-06-2007 00:00,236.429,2
10-06-2007 00:00,236.749,2
11-06-2007 00:00,245.482,2
12-06-2007 00:00,265.236,2
13-06-2007 00:00,287.824,2
14-06-2007 00:00,430.409,2
15-06-2007 00:00,342.855,2
16-06-2007 00:00,498.243,2
17-06-2007 00:00,1153.5,2
18-06-2007 00:00,1114.892,2
19-06-2007 00:00,791.947,2
20-06-2007 00:00,552.748,2
21-06-2007 00:00,397.365,2
22-06-2007 00:00,1032.12,2
23-06-2007 00:00,1399.832,2
24-06-2007 00:00,1117.418,2
25-06-2007 00:00,1279.299,2
26-06-2007 00:00,1162.93,2
27-06-2007 00:00,1328.609,2
28-06-2007 00:00,1698.489,2
29-06-2007 00:00,1527.528,2
30-06-2007 00:00,1327.139,2
01-07-2007 00:00,1128.461,2
02-07-2007 00:00,980.678,2
03-07-2007 00:00,1382.965,2
04-07-2007 00:00,1407.597,2
05-07-2007 00:00,1840.055,2
06-07-2007 00:00,2578.401,2
07-07-2007 00:00,2855.959,2
08-07-2007 00:00,2648.077,2
09-07-2007 00:00,2276.562,2
10-07-2007 00:00,1854.217,2
11-07-2007 00:00,1577.349,2
12-07-2007 00:00,1455.304,2
13-07-2007 00:00,1320.24,2
14-07-2007 00:00,1180.923,2
15-07-2007 00:00,1061.963,2
16-07-2007 00:00,965.203,2
17-07-2007 00:00,864.216,2
18-07-2007 00:00,782.024,2
19-07-2007 00:00,736.094,2
20-07-2007 00:00,668.594,2
21-07-2007 00:00,632.405,2
22-07-2007 00:00,680.256,2
23-07-2007 00:00,1223.47,2
24-07-2007 00:00,1193.702,2
25-07-2007 00:00,1453.803,2
26-07-2007 00:00,1494.971,2
27-07-2007 00:00,1247.787,2
28-07-2007 00:00,1143.197,2
29-07-2007 00:00,1038.094,2
30-07-2007 00:00,968.407,2
31-07-2007 00:00,1029.398,2
01-08-2007 00:00,974.969,2
02-08-2007 00:00,887.711,2
03-08-2007 00:00,815.046,2
04-08-2007 00:00,718.012,2
05-08-2007 00:00,632.513,2
06-08-2007 00:00,589.999,2
07-08-2007 00:00,537.323,2
08-08-2007 00:00,503.231,2
09-08-2007 00:00,455.137,2
10-08-2007 00:00,520.291,2
11-08-2007 00:00,794.913,2
12-08-2007 00:00,736.736,2
13-08-2007 00:00,629.133,2
14-08-2007 00:00,556.371,2
15-08-2007 00:00,488.454,2
16-08-2007 00:00,512.631,2
17-08-2007 00:00,614.352,2
18-08-2007 00:00,528.256,2
19-08-2007 00:00,459.118,2
20-08-2007 00:00,420.046,2
21-08-2007 00:00,416.576,2
22-08-2007 00:00,396.032,2
23-08-2007 00:00,457.045,2
24-08-2007 00:00,429.201,2
25-08-2007 00:00,347.174,2
26-08-2007 00:00,362.052,2
27-08-2007 00:00,388.033,2
28-08-2007 00:00,362.749,2
29-08-2007 00:00,367.677,2
30-08-2007 00:00,340.945,2
31-08-2007 00:00,352.061,2
01-09-2007 00:00,392.396,2
02-09-2007 00:00,315.216,2
03-09-2007 00:00,417.2,2
04-09-2007 00:00,332.132,2
05-09-2007 00:00,290.659,2
06-09-2007 00:00,270.253,2
07-09-2007 00:00,254.156,2
08-09-2007 00:00,239.144,2
09-09-2007 00:00,228.654,2
10-09-2007 00:00,416.574,2
11-09-2007 00:00,520.68,2
12-09-2007 00:00,415.541,2
13-09-2007 00:00,333.424,2
14-09-2007 00:00,339.533,2
15-09-2007 00:00,382.374,2
16-09-2007 00:00,344.647,2
17-09-2007 00:00,303.042,2
18-09-2007 00:00,355.784,2
19-09-2007 00:00,352.061,2
20-09-2007 00:00,493.904,2
21-09-2007 00:00,473.81,2
22-09-2007 00:00,406.007,2
23-09-2007 00:00,349.281,2
24-09-2007 00:00,325.959,2
25-09-2007 00:00,389.544,2
26-09-2007 00:00,474.46,2
27-09-2007 00:00,409.113,2
28-09-2007 00:00,364.873,2
29-09-2007 00:00,539.3,2
30-09-2007 00:00,782.341,2
01-10-2007 00:00,688.689,2
02-10-2007 00:00,558.038,2
03-10-2007 00:00,474.623,2
04-10-2007 00:00,427.872,2
05-10-2007 00:00,571.183,2
06-10-2007 00:00,472.132,2
07-10-2007 00:00,394.819,2
08-10-2007 00:00,356.487,2
09-10-2007 00:00,339.434,2
10-10-2007 00:00,323.322,2
11-10-2007 00:00,318.436,2
12-10-2007 00:00,322.945,2
13-10-2007 00:00,299.067,2
14-10-2007 00:00,278.297,2
15-10-2007 00:00,274.238,2
16-10-2007 00:00,282.218,2
17-10-2007 00:00,433.015,2
18-10-2007 00:00,399.071,2
19-10-2007 00:00,327.944,2
20-10-2007 00:00,299.721,2
21-10-2007 00:00,274.496,2
22-10-2007 00:00,282.465,2
23-10-2007 00:00,275.158,2
24-10-2007 00:00,269.744,2
25-10-2007 00:00,258.511,2
26-10-2007 00:00,266.279,2
27-10-2007 00:00,247.449,2
28-10-2007 00:00,262.103,2
29-10-2007 00:00,351.919,2
30-10-2007 00:00,452.33,2
31-10-2007 00:00,372.974,2
01-11-2007 00:00,321.145,2
02-11-2007 00:00,283.52,2
03-11-2007 00:00,285.695,2
04-11-2007 00:00,254.279,2
05-11-2007 00:00,264.003,2
06-11-2007 00:00,408.911,2
07-11-2007 00:00,488.403,2
08-11-2007 00:00,452.359,2
09-11-2007 00:00,474.777,2
10-11-2007 00:00,460.736,2
11-11-2007 00:00,367.708,2
12-11-2007 00:00,341.961,2
13-11-2007 00:00,384.678,2
14-11-2007 00:00,344.896,2
15-11-2007 00:00,303.551,2
16-11-2007 00:00,284.749,2
17-11-2007 00:00,301.987,2
18-11-2007 00:00,269.367,2
19-11-2007 00:00,281.152,2
20-11-2007 00:00,260.255,2
21-11-2007 00:00,271.314,2
22-11-2007 00:00,259.715,2
23-11-2007 00:00,286.07,2
24-11-2007 00:00,324.195,2
25-11-2007 00:00,450.9,2
26-11-2007 00:00,453.2,2
27-11-2007 00:00,380.114,2
28-11-2007 00:00,338.694,2
29-11-2007 00:00,368.958,2
30-11-2007 00:00,368.634,2
01-12-2007 00:00,423.06,2
02-12-2007 00:00,450.059,2
03-12-2007 00:00,589.656,2
04-12-2007 00:00,568.828,2
05-12-2007 00:00,473.174,2
06-12-2007 00:00,454.977,2
07-12-2007 00:00,668.126,2
08-12-2007 00:00,795.494,2
09-12-2007 00:00,709.967,2
10-12-2007 00:00,609.067,2
11-12-2007 00:00,574.9,2
12-12-2007 00:00,554.68,2
13-12-2007 00:00,510.779,2
14-12-2007 00:00,477.549,2
15-12-2007 00:00,439.041,2
16-12-2007 00:00,394.651,2
17-12-2007 00:00,384.64,2
18-12-2007 00:00,403.06,2
19-12-2007 00:00,382.354,2
20-12-2007 00:00,356.85,2
21-12-2007 00:00,345.294,2
22-12-2007 00:00,326.733,2
23-12-2007 00:00,311.414,2
24-12-2007 00:00,316.345,2
25-12-2007 00:00,326.521,2
26-12-2007 00:00,306.771,2
27-12-2007 00:00,301.002,2
28-12-2007 00:00,404.269,2
29-12-2007 00:00,395.507,2
30-12-2007 00:00,360.367,2
31-12-2007 00:00,322.793,2
01-01-2008 00:00,304.315,2
02-01-2008 00:00,318.157,2
03-01-2008 00:00,304.217,2
04-01-2008 00:00,321.668,2
05-01-2008 00:00,310.736,2
06-01-2008 00:00,360.1,2
07-01-2008 00:00,396.773,2
08-01-2008 00:00,543.762,2
09-01-2008 00:00,480.164,2
10-01-2008 00:00,515.786,2
11-01-2008 00:00,524.12,2
12-01-2008 00:00,483.324,2
13-01-2008 00:00,407.388,2
14-01-2008 00:00,381.122,2
15-01-2008 00:00,388.883,2
16-01-2008 00:00,534.236,2
17-01-2008 00:00,472.516,2
18-01-2008 00:00,485.851,2
19-01-2008 00:00,569.066,2
20-01-2008 00:00,505.666,2
21-01-2008 00:00,455.51,2
22-01-2008 00:00,411.132,2
23-01-2008 00:00,423.698,2
24-01-2008 00:00,608.066,2
25-01-2008 00:00,571.15,2
26-01-2008 00:00,574.739,2
27-01-2008 00:00,614.576,2
28-01-2008 00:00,549.785,2
29-01-2008 00:00,500.187,2
30-01-2008 00:00,482.519,2
31-01-2008 00:00,475.698,2
01-02-2008 00:00,525.364,2
02-02-2008 00:00,534.247,2
03-02-2008 00:00,450.712,2
04-02-2008 00:00,414.716,2
05-02-2008 00:00,406.273,2
06-02-2008 00:00,556.511,2
07-02-2008 00:00,549.192,2
08-02-2008 00:00,451.215,2
09-02-2008 00:00,418.555,2
10-02-2008 00:00,394.907,2
11-02-2008 00:00,383.425,2
12-02-2008 00:00,379.711,2
13-02-2008 00:00,379.494,2
14-02-2008 00:00,399.849,2
15-02-2008 00:00,388.094,2
16-02-2008 00:00,338.194,2
17-02-2008 00:00,318.884,2
18-02-2008 00:00,325.884,2
19-02-2008 00:00,328.455,2
20-02-2008 00:00,332.164,2
21-02-2008 00:00,328.814,2
22-02-2008 00:00,380.891,2
23-02-2008 00:00,355.73,2
24-02-2008 00:00,328.3,2
25-02-2008 00:00,320.122,2
26-02-2008 00:00,341.12,2
27-02-2008 00:00,372.556,2
28-02-2008 00:00,344.291,2
29-02-2008 00:00,320.31,2
01-03-2008 00:00,458.442,2
02-03-2008 00:00,426.753,2
03-03-2008 00:00,420.156,2
04-03-2008 00:00,533.307,2
05-03-2008 00:00,438.841,2
06-03-2008 00:00,507.344,2
07-03-2008 00:00,473.813,2
08-03-2008 00:00,421.578,2
09-03-2008 00:00,390.277,2
10-03-2008 00:00,393.479,2
11-03-2008 00:00,387.944,2
12-03-2008 00:00,465.246,2
13-03-2008 00:00,591.058,2
14-03-2008 00:00,767.036,2
15-03-2008 00:00,756.017,2
16-03-2008 00:00,674.346,2
17-03-2008 00:00,583.188,2
18-03-2008 00:00,598.63,2
19-03-2008 00:00,543.852,2
20-03-2008 00:00,514.08,2
21-03-2008 00:00,736.385,2
22-03-2008 00:00,853.046,2
23-03-2008 00:00,712.371,2
24-03-2008 00:00,644.68,2
25-03-2008 00:00,617.678,2
26-03-2008 00:00,628.449,2
27-03-2008 00:00,550.012,2
28-03-2008 00:00,494.568,2
29-03-2008 00:00,448.178,2
30-03-2008 00:00,432.79,2
31-03-2008 00:00,417.338,2
01-04-2008 00:00,483.675,2
02-04-2008 00:00,515.161,2
03-04-2008 00:00,422.699,2
04-04-2008 00:00,386.719,2
05-04-2008 00:00,465.721,2
06-04-2008 00:00,492.478,2
07-04-2008 00:00,434.869,2
08-04-2008 00:00,450.74,2
09-04-2008 00:00,440.084,2
10-04-2008 00:00,394.18,2
11-04-2008 00:00,323.064,2
12-04-2008 00:00,390.937,2
13-04-2008 00:00,353.184,2
14-04-2008 00:00,303.617,2
15-04-2008 00:00,287.359,2
16-04-2008 00:00,292.784,2
17-04-2008 00:00,503.587,2
18-04-2008 00:00,459.32,2
19-04-2008 00:00,380.218,2
20-04-2008 00:00,301.628,2
21-04-2008 00:00,275.373,2
22-04-2008 00:00,259.606,2
23-04-2008 00:00,245.508,2
24-04-2008 00:00,234.638,2
25-04-2008 00:00,227.294,2
26-04-2008 00:00,234.514,2
27-04-2008 00:00,256.699,2
28-04-2008 00:00,245.926,2
29-04-2008 00:00,225.266,2
30-04-2008 00:00,222.402,2
01-05-2008 00:00,308.987,2
02-05-2008 00:00,314.167,2
03-05-2008 00:00,248.638,2
04-05-2008 00:00,220.349,2
05-05-2008 00:00,209.562,2
06-05-2008 00:00,210.217,2
07-05-2008 00:00,207.576,2
08-05-2008 00:00,208.169,2
09-05-2008 00:00,234.091,2
10-05-2008 00:00,231.725,2
11-05-2008 00:00,218.269,2
12-05-2008 00:00,210.453,2
13-05-2008 00:00,201.744,2
14-05-2008 00:00,195.585,2
15-05-2008 00:00,165.58,2
16-05-2008 00:00,162.68,2
17-05-2008 00:00,163.597,2
18-05-2008 00:00,158.129,2
19-05-2008 00:00,172.903,2
20-05-2008 00:00,180.144,2
21-05-2008 00:00,170.47,2
22-05-2008 00:00,166.18,2
23-05-2008 00:00,162.882,2
24-05-2008 00:00,159.564,2
25-05-2008 00:00,151.384,2
26-05-2008 00:00,190.392,2
27-05-2008 00:00,305.616,2
28-05-2008 00:00,238.658,2
29-05-2008 00:00,188.081,2
30-05-2008 00:00,178.849,2
31-05-2008 00:00,156.89,2
01-06-2008 00:00,140.381,2
02-06-2008 00:00,137.904,2
03-06-2008 00:00,147.478,2
04-06-2008 00:00,146.41,2
05-06-2008 00:00,149.688,2
06-06-2008 00:00,157.203,2
07-06-2008 00:00,164.301,2
08-06-2008 00:00,171.23,2
09-06-2008 00:00,171.337,2
10-06-2008 00:00,173.763,2
11-06-2008 00:00,168.677,2
12-06-2008 00:00,172.232,2
13-06-2008 00:00,169.37,2
14-06-2008 00:00,231.446,2
15-06-2008 00:00,189.432,2
16-06-2008 00:00,169.18,2
17-06-2008 00:00,221.913,2
18-06-2008 00:00,168.312,2
19-06-2008 00:00,137.745,2
20-06-2008 00:00,152.073,2
21-06-2008 00:00,170.832,2
22-06-2008 00:00,151.263,2
23-06-2008 00:00,191.003,2
24-06-2008 00:00,154.311,2
25-06-2008 00:00,135.98,2
26-06-2008 00:00,135.829,2
27-06-2008 00:00,166.686,2
28-06-2008 00:00,297.106,2
29-06-2008 00:00,262.515,2
30-06-2008 00:00,193.285,2
01-07-2008 00:00,162.709,2
02-07-2008 00:00,146.105,2
03-07-2008 00:00,120.457,2
04-07-2008 00:00,109.744,2
05-07-2008 00:00,109.95,2
06-07-2008 00:00,123.475,2
07-07-2008 00:00,201.247,2
08-07-2008 00:00,260.135,2
09-07-2008 00:00,257.602,2
10-07-2008 00:00,184.498,2
11-07-2008 00:00,205.089,2
12-07-2008 00:00,234.583,2
13-07-2008 00:00,206.676,2
14-07-2008 00:00,150.225,2
15-07-2008 00:00,129.996,2
16-07-2008 00:00,132.965,2
17-07-2008 00:00,166.685,2
18-07-2008 00:00,169.945,2
19-07-2008 00:00,223.304,2
20-07-2008 00:00,230.689,2
21-07-2008 00:00,174.621,2
22-07-2008 00:00,150.831,2
23-07-2008 00:00,128.074,2
24-07-2008 00:00,115.723,2
25-07-2008 00:00,104.004,2
26-07-2008 00:00,99.422,2
27-07-2008 00:00,92.768,2
28-07-2008 00:00,91.268,2
29-07-2008 00:00,90.312,2
30-07-2008 00:00,91.659,2
31-07-2008 00:00,89.736,2
01-08-2008 00:00,87.355,2
02-08-2008 00:00,142.78,2
03-08-2008 00:00,152.132,2
04-08-2008 00:00,289.859,2
05-08-2008 00:00,792.393,2
06-08-2008 00:00,850.729,2
07-08-2008 00:00,652.684,2
08-08-2008 00:00,604.217,2
09-08-2008 00:00,433.538,2
10-08-2008 00:00,378.688,2
11-08-2008 00:00,354.539,2
12-08-2008 00:00,235.889,2
13-08-2008 00:00,185.389,2
14-08-2008 00:00,164.413,2
15-08-2008 00:00,164.084,2
16-08-2008 00:00,145.175,2
17-08-2008 00:00,135.484,2
18-08-2008 00:00,142.89,2
19-08-2008 00:00,188.028,2
20-08-2008 00:00,310.031,2
21-08-2008 00:00,327.679,2
22-08-2008 00:00,279.582,2
23-08-2008 00:00,346.959,2
24-08-2008 00:00,770.112,2
25-08-2008 00:00,636.817,2
26-08-2008 00:00,456.97,2
27-08-2008 00:00,427.403,2
28-08-2008 00:00,479.801,2
29-08-2008 00:00,441.337,2
30-08-2008 00:00,331.589,2
31-08-2008 00:00,212.091,2
01-09-2008 00:00,215.658,2
02-09-2008 00:00,217.903,2
03-09-2008 00:00,196.056,2
04-09-2008 00:00,245.099,2
05-09-2008 00:00,352.134,2
06-09-2008 00:00,353.13,2
07-09-2008 00:00,335,2
08-09-2008 00:00,317,2
09-09-2008 00:00,299,2
10-09-2008 00:00,281,2
11-09-2008 00:00,280.438,2
12-09-2008 00:00,224.103,2
13-09-2008 00:00,195.747,2
14-09-2008 00:00,184.724,2
15-09-2008 00:00,178.599,2
16-09-2008 00:00,177.377,2
17-09-2008 00:00,181.601,2
18-09-2008 00:00,178.105,2
19-09-2008 00:00,174.987,2
20-09-2008 00:00,234.842,2
21-09-2008 00:00,267.513,2
22-09-2008 00:00,220.702,2
23-09-2008 00:00,322.04,2
24-09-2008 00:00,219.818,2
25-09-2008 00:00,183.545,2
26-09-2008 00:00,173.527,2
27-09-2008 00:00,169.29,2
28-09-2008 00:00,168.2,2
29-09-2008 00:00,189.263,2
30-09-2008 00:00,267.381,2
01-10-2008 00:00,284.114,2
02-10-2008 00:00,399.675,2
03-10-2008 00:00,275.962,2
04-10-2008 00:00,205.267,2
05-10-2008 00:00,336.844,2
06-10-2008 00:00,445.421,2
07-10-2008 00:00,339.497,2
08-10-2008 00:00,261.934,2
09-10-2008 00:00,224.038,2
10-10-2008 00:00,213.133,2
11-10-2008 00:00,203.16,2
12-10-2008 00:00,198.587,2
13-10-2008 00:00,193.038,2
14-10-2008 00:00,188.056,2
15-10-2008 00:00,223.543,2
16-10-2008 00:00,507.761,2
17-10-2008 00:00,596.616,2
18-10-2008 00:00,508.27,2
19-10-2008 00:00,508.303,2
20-10-2008 00:00,410.755,2
21-10-2008 00:00,395.355,2
22-10-2008 00:00,354.488,2
23-10-2008 00:00,301.09,2
24-10-2008 00:00,320.445,2
25-10-2008 00:00,391.118,2
26-10-2008 00:00,418.457,2
27-10-2008 00:00,586.065,2
28-10-2008 00:00,563.448,2
29-10-2008 00:00,525.4,2
30-10-2008 00:00,417.41,2
31-10-2008 00:00,509.617,2
01-11-2008 00:00,564.548,2
02-11-2008 00:00,436.303,2
03-11-2008 00:00,366.969,2
04-11-2008 00:00,336.931,2
05-11-2008 00:00,321.691,2
06-11-2008 00:00,305.298,2
07-11-2008 00:00,303.796,2
08-11-2008 00:00,311.748,2
09-11-2008 00:00,303.373,2
10-11-2008 00:00,328.458,2
11-11-2008 00:00,542.482,2
12-11-2008 00:00,621.49,2
13-11-2008 00:00,575.075,2
14-11-2008 00:00,572.932,2
15-11-2008 00:00,621.339,2
16-11-2008 00:00,493.354,2
17-11-2008 00:00,430.769,2
18-11-2008 00:00,461.28,2
19-11-2008 00:00,594.672,2
20-11-2008 00:00,568.395,2
21-11-2008 00:00,520.871,2
22-11-2008 00:00,457.377,2
23-11-2008 00:00,420.958,2
24-11-2008 00:00,384.488,2
25-11-2008 00:00,363.434,2
26-11-2008 00:00,375.238,2
27-11-2008 00:00,389.796,2
28-11-2008 00:00,374.647,2
29-11-2008 00:00,405.827,2
30-11-2008 00:00,484.619,2
01-12-2008 00:00,445.743,2
02-12-2008 00:00,848.644,2
03-12-2008 00:00,1214.624,2
04-12-2008 00:00,1069.455,2
05-12-2008 00:00,975.918,2
06-12-2008 00:00,898.537,2
07-12-2008 00:00,761.517,2
08-12-2008 00:00,655.017,2
09-12-2008 00:00,686.949,2
10-12-2008 00:00,762.13,2
11-12-2008 00:00,653.929,2
12-12-2008 00:00,618.406,2
13-12-2008 00:00,587.796,2
14-12-2008 00:00,512.421,2
15-12-2008 00:00,472.569,2
16-12-2008 00:00,442.695,2
17-12-2008 00:00,394.306,2
18-12-2008 00:00,398.463,2
19-12-2008 00:00,453.453,2
20-12-2008 00:00,552.818,2
21-12-2008 00:00,500.856,2
22-12-2008 00:00,544.881,2
23-12-2008 00:00,482.182,2
24-12-2008 00:00,474.991,2
25-12-2008 00:00,446.955,2
26-12-2008 00:00,397.184,2
27-12-2008 00:00,373.441,2
28-12-2008 00:00,378.111,2
29-12-2008 00:00,368.069,2
30-12-2008 00:00,403.587,2
31-12-2008 00:00,410.269,2
01-01-2009 00:00,391.649,2
02-01-2009 00:00,355.212,2
03-01-2009 00:00,315.194,2
04-01-2009 00:00,306.387,2
05-01-2009 00:00,274.121,2
06-01-2009 00:00,257.548,2
07-01-2009 00:00,261.048,2
08-01-2009 00:00,248.18,2
09-01-2009 00:00,272.661,2
10-01-2009 00:00,261.392,2
11-01-2009 00:00,250.998,2
12-01-2009 00:00,251.209,2
13-01-2009 00:00,332.64,2
14-01-2009 00:00,348.487,2
15-01-2009 00:00,311.063,2
16-01-2009 00:00,279.12,2
17-01-2009 00:00,265.53,2
18-01-2009 00:00,276.279,2
19-01-2009 00:00,430.38,2
20-01-2009 00:00,504.687,2
21-01-2009 00:00,437.733,2
22-01-2009 00:00,391.278,2
23-01-2009 00:00,475.104,2
24-01-2009 00:00,545.579,2
25-01-2009 00:00,506.756,2
26-01-2009 00:00,423.721,2
27-01-2009 00:00,344.338,2
28-01-2009 00:00,309.621,2
29-01-2009 00:00,338.393,2
30-01-2009 00:00,342.782,2
31-01-2009 00:00,303.469,2
01-02-2009 00:00,253.222,2
02-02-2009 00:00,196.934,2
03-02-2009 00:00,211.62,2
04-02-2009 00:00,251.121,2
05-02-2009 00:00,309.825,2
06-02-2009 00:00,375.215,2
07-02-2009 00:00,323.516,2
08-02-2009 00:00,435.012,2
09-02-2009 00:00,394.157,2
10-02-2009 00:00,368.22,2
11-02-2009 00:00,376.429,2
12-02-2009 00:00,380.167,2
13-02-2009 00:00,352.628,2
14-02-2009 00:00,372.514,2
15-02-2009 00:00,362.125,2
16-02-2009 00:00,357.639,2
17-02-2009 00:00,343.566,2
18-02-2009 00:00,316.634,2
19-02-2009 00:00,282.742,2
20-02-2009 00:00,264.569,2
21-02-2009 00:00,259.547,2
22-02-2009 00:00,407.928,2
23-02-2009 00:00,503.483,2
24-02-2009 00:00,428.189,2
25-02-2009 00:00,407.358,2
26-02-2009 00:00,428.814,2
27-02-2009 00:00,409.903,2
28-02-2009 00:00,369.476,2
01-03-2009 00:00,346.856,2
02-03-2009 00:00,361.909,2
03-03-2009 00:00,389.04,2
04-03-2009 00:00,351.829,2
05-03-2009 00:00,329.264,2
06-03-2009 00:00,323.573,2
07-03-2009 00:00,339.593,2
08-03-2009 00:00,363.655,2
09-03-2009 00:00,384.746,2
10-03-2009 00:00,359.641,2
11-03-2009 00:00,338.719,2
12-03-2009 00:00,332.778,2
13-03-2009 00:00,468.843,2
14-03-2009 00:00,424.815,2
15-03-2009 00:00,455.268,2
16-03-2009 00:00,414.598,2
17-03-2009 00:00,497.46,2
18-03-2009 00:00,454.768,2
19-03-2009 00:00,410.165,2
20-03-2009 00:00,373.289,2
21-03-2009 00:00,347.179,2
22-03-2009 00:00,332.289,2
23-03-2009 00:00,330.132,2
24-03-2009 00:00,311.458,2
25-03-2009 00:00,300.079,2
26-03-2009 00:00,292.23,2
27-03-2009 00:00,416.496,2
28-03-2009 00:00,384.191,2
29-03-2009 00:00,338.849,2
30-03-2009 00:00,314.491,2
31-03-2009 00:00,293.923,2
01-04-2009 00:00,283.064,2
02-04-2009 00:00,273.613,2
03-04-2009 00:00,266.292,2
04-04-2009 00:00,254.617,2
05-04-2009 00:00,244.631,2
06-04-2009 00:00,243.38,2
07-04-2009 00:00,243.568,2
08-04-2009 00:00,238.918,2
09-04-2009 00:00,281.184,2
10-04-2009 00:00,238.339,2
11-04-2009 00:00,223.57,2
12-04-2009 00:00,214.26,2
13-04-2009 00:00,206.882,2
14-04-2009 00:00,207.117,2
15-04-2009 00:00,221.716,2
16-04-2009 00:00,221.384,2
17-04-2009 00:00,208.159,2
18-04-2009 00:00,205.657,2
19-04-2009 00:00,196.283,2
20-04-2009 00:00,196.264,2
21-04-2009 00:00,203.269,2
22-04-2009 00:00,193.593,2
23-04-2009 00:00,193.472,2
24-04-2009 00:00,191.119,2
25-04-2009 00:00,193.617,2
26-04-2009 00:00,239.537,2
27-04-2009 00:00,241.859,2
28-04-2009 00:00,209.361,2
29-04-2009 00:00,202.035,2
30-04-2009 00:00,194.091,2
01-05-2009 00:00,187.678,2
02-05-2009 00:00,185.35,2
03-05-2009 00:00,184.984,2
04-05-2009 00:00,231.886,2
05-05-2009 00:00,251.752,2
06-05-2009 00:00,294.354,2
07-05-2009 00:00,249.532,2
08-05-2009 00:00,219.984,2
09-05-2009 00:00,297.249,2
10-05-2009 00:00,256.562,2
11-05-2009 00:00,218.359,2
12-05-2009 00:00,200.553,2
13-05-2009 00:00,188.977,2
14-05-2009 00:00,197.657,2
15-05-2009 00:00,206.292,2
16-05-2009 00:00,180.212,2
17-05-2009 00:00,185.295,2
18-05-2009 00:00,169.176,2
19-05-2009 00:00,163.683,2
20-05-2009 00:00,165.653,2
21-05-2009 00:00,169.16,2
22-05-2009 00:00,164.806,2
23-05-2009 00:00,193.302,2
24-05-2009 00:00,173.801,2
25-05-2009 00:00,154.57,2
26-05-2009 00:00,150.096,2
27-05-2009 00:00,142.012,2
28-05-2009 00:00,193.488,2
29-05-2009 00:00,197.179,2
30-05-2009 00:00,178.101,2
31-05-2009 00:00,158.123,2
01-06-2009 00:00,145.756,2
02-06-2009 00:00,150.223,2
03-06-2009 00:00,168.529,2
04-06-2009 00:00,178.11,2
05-06-2009 00:00,241.181,2
06-06-2009 00:00,240.333,2
07-06-2009 00:00,201.149,2
08-06-2009 00:00,214.393,2
09-06-2009 00:00,210.254,2
10-06-2009 00:00,276.751,2
11-06-2009 00:00,389.357,2
12-06-2009 00:00,1724.794,2
13-06-2009 00:00,1980.814,2
14-06-2009 00:00,1657.2,2
15-06-2009 00:00,1381.84,2
16-06-2009 00:00,1096.92,2
17-06-2009 00:00,890.815,2
18-06-2009 00:00,803.245,2
19-06-2009 00:00,797.152,2
20-06-2009 00:00,792.48,2
21-06-2009 00:00,716.612,2
22-06-2009 00:00,694.241,2
23-06-2009 00:00,593.165,2
24-06-2009 00:00,483.125,2
25-06-2009 00:00,410.883,2
26-06-2009 00:00,367.597,2
27-06-2009 00:00,330.649,2
28-06-2009 00:00,308.354,2
29-06-2009 00:00,301.682,2
30-06-2009 00:00,299.433,2
01-07-2009 00:00,290.977,2
02-07-2009 00:00,270.747,2
03-07-2009 00:00,261.697,2
04-07-2009 00:00,249.003,2
05-07-2009 00:00,233.936,2
06-07-2009 00:00,234.919,2
07-07-2009 00:00,282.671,2
08-07-2009 00:00,316.022,2
09-07-2009 00:00,323.97,2
10-07-2009 00:00,284.218,2
11-07-2009 00:00,405.353,2
12-07-2009 00:00,375.034,2
13-07-2009 00:00,350.07,2
14-07-2009 00:00,295.524,2
15-07-2009 00:00,247.453,2
16-07-2009 00:00,216.477,2
17-07-2009 00:00,195.883,2
18-07-2009 00:00,206.443,2
19-07-2009 00:00,275.645,2
20-07-2009 00:00,229.22,2
21-07-2009 00:00,229.68,2
22-07-2009 00:00,200.602,2
23-07-2009 00:00,339.105,2
24-07-2009 00:00,382.616,2
25-07-2009 00:00,338.947,2
26-07-2009 00:00,298.671,2
27-07-2009 00:00,237.737,2
28-07-2009 00:00,203.141,2
29-07-2009 00:00,177.997,2
30-07-2009 00:00,171.866,2
31-07-2009 00:00,162.137,2
01-08-2009 00:00,150.986,2
02-08-2009 00:00,144.305,2
03-08-2009 00:00,145.907,2
04-08-2009 00:00,263.417,2
05-08-2009 00:00,253.69,2
06-08-2009 00:00,203.33,2
07-08-2009 00:00,168.589,2
08-08-2009 00:00,142.41,2
09-08-2009 00:00,137.419,2
10-08-2009 00:00,135.462,2
11-08-2009 00:00,553.136,2
12-08-2009 00:00,437.682,2
13-08-2009 00:00,340.024,2
14-08-2009 00:00,268.768,2
15-08-2009 00:00,283.341,2
16-08-2009 00:00,319.397,2
17-08-2009 00:00,251.4,2
18-08-2009 00:00,400.106,2
19-08-2009 00:00,335.295,2
20-08-2009 00:00,245.846,2
21-08-2009 00:00,196.371,2
22-08-2009 00:00,175.375,2
23-08-2009 00:00,162.455,2
24-08-2009 00:00,161.182,2
25-08-2009 00:00,158.023,2
26-08-2009 00:00,162.219,2
27-08-2009 00:00,160.232,2
28-08-2009 00:00,158.831,2
29-08-2009 00:00,153.574,2
30-08-2009 00:00,156.268,2
31-08-2009 00:00,174.238,2
01-09-2009 00:00,198.779,2
02-09-2009 00:00,244.936,2
03-09-2009 00:00,303.028,2
04-09-2009 00:00,435.886,2
05-09-2009 00:00,347.5,2
06-09-2009 00:00,391.421,2
07-09-2009 00:00,289.691,2
08-09-2009 00:00,228.778,2
09-09-2009 00:00,186.066,2
10-09-2009 00:00,159.353,2
11-09-2009 00:00,144.096,2
12-09-2009 00:00,141.059,2
13-09-2009 00:00,133,2
14-09-2009 00:00,143,2
15-09-2009 00:00,140,2
16-09-2009 00:00,136,2
17-09-2009 00:00,138,2
18-09-2009 00:00,135,2
19-09-2009 00:00,136,2
20-09-2009 00:00,142,2
21-09-2009 00:00,176,2
22-09-2009 00:00,160,2
23-09-2009 00:00,158,2
24-09-2009 00:00,152,2
25-09-2009 00:00,152,2
26-09-2009 00:00,142,2
27-09-2009 00:00,147,2
28-09-2009 00:00,176,2
29-09-2009 00:00,170,2
30-09-2009 00:00,161,2
01-10-2009 00:00,162,2
02-10-2009 00:00,175,2
03-10-2009 00:00,339,2
04-10-2009 00:00,432,2
05-10-2009 00:00,291,2
06-10-2009 00:00,198,2
07-10-2009 00:00,250,2
08-10-2009 00:00,226,2
09-10-2009 00:00,204,2
10-10-2009 00:00,197,2
11-10-2009 00:00,207,2
12-10-2009 00:00,212,2
13-10-2009 00:00,199,2
14-10-2009 00:00,192,2
15-10-2009 00:00,189,2
16-10-2009 00:00,163.405,2
17-10-2009 00:00,282.964,2
18-10-2009 00:00,214.388,2
19-10-2009 00:00,164.326,2
20-10-2009 00:00,150.276,2
21-10-2009 00:00,144.239,2
22-10-2009 00:00,153.803,2
23-10-2009 00:00,163.437,2
24-10-2009 00:00,186.017,2
25-10-2009 00:00,219.873,2
26-10-2009 00:00,295.538,2
27-10-2009 00:00,375.267,2
28-10-2009 00:00,285.626,2
29-10-2009 00:00,340.199,2
30-10-2009 00:00,256.849,2
31-10-2009 00:00,209.44,2
01-11-2009 00:00,175.316,2
02-11-2009 00:00,196.691,2
03-11-2009 00:00,337.531,2
04-11-2009 00:00,293.753,2
05-11-2009 00:00,396.196,2
06-11-2009 00:00,398.979,2
07-11-2009 00:00,338.204,2
08-11-2009 00:00,262.34,2
09-11-2009 00:00,227.084,2
10-11-2009 00:00,417.422,2
11-11-2009 00:00,439.7,2
12-11-2009 00:00,367.669,2
13-11-2009 00:00,333.207,2
14-11-2009 00:00,453.803,2
15-11-2009 00:00,456.431,2
16-11-2009 00:00,432.831,2
17-11-2009 00:00,496.479,2
18-11-2009 00:00,454.889,2
19-11-2009 00:00,526.364,2
20-11-2009 00:00,472.666,2
21-11-2009 00:00,364.659,2
22-11-2009 00:00,331.31,2
23-11-2009 00:00,367.474,2
24-11-2009 00:00,334.418,2
25-11-2009 00:00,358.075,2
26-11-2009 00:00,364.555,2
27-11-2009 00:00,352.299,2
28-11-2009 00:00,303.089,2
29-11-2009 00:00,367.107,2
30-11-2009 00:00,327.506,2
01-12-2009 00:00,290.756,2
02-12-2009 00:00,263.107,2
03-12-2009 00:00,257.282,2
04-12-2009 00:00,249.809,2
05-12-2009 00:00,243.525,2
06-12-2009 00:00,240.314,2
07-12-2009 00:00,320.537,2
08-12-2009 00:00,353.397,2
09-12-2009 00:00,343.595,2
10-12-2009 00:00,336.565,2
11-12-2009 00:00,397.779,2
12-12-2009 00:00,328.869,2
13-12-2009 00:00,284.832,2
14-12-2009 00:00,269.534,2
15-12-2009 00:00,263.482,2
16-12-2009 00:00,434.701,2
17-12-2009 00:00,436.044,2
18-12-2009 00:00,363.587,2
19-12-2009 00:00,307.379,2
20-12-2009 00:00,272.028,2
21-12-2009 00:00,249.528,2
22-12-2009 00:00,248.343,2
23-12-2009 00:00,278.925,2
24-12-2009 00:00,303.804,2
25-12-2009 00:00,459.896,2
26-12-2009 00:00,778.125,2
27-12-2009 00:00,738.622,2
28-12-2009 00:00,708.019,2
29-12-2009 00:00,679.116,2
30-12-2009 00:00,602.232,2
31-12-2009 00:00,489.878,2
01-01-2010 00:00,403.135,2
02-01-2010 00:00,338.276,2
03-01-2010 00:00,303.117,2
04-01-2010 00:00,296.563,2
05-01-2010 00:00,285.855,2
06-01-2010 00:00,304.527,2
07-01-2010 00:00,319.368,2
08-01-2010 00:00,301.317,2
09-01-2010 00:00,247.433,2
10-01-2010 00:00,220.762,2
11-01-2010 00:00,215.743,2
12-01-2010 00:00,215.205,2
13-01-2010 00:00,225.096,2
14-01-2010 00:00,245.431,2
15-01-2010 00:00,234.677,2
16-01-2010 00:00,215.632,2
17-01-2010 00:00,201.787,2
18-01-2010 00:00,211.382,2
19-01-2010 00:00,209.837,2
20-01-2010 00:00,209.796,2
21-01-2010 00:00,206.604,2
22-01-2010 00:00,202.281,2
23-01-2010 00:00,196.956,2
24-01-2010 00:00,191.038,2
25-01-2010 00:00,185.473,2
26-01-2010 00:00,183.009,2
27-01-2010 00:00,192.168,2
28-01-2010 00:00,205.183,2
29-01-2010 00:00,200.916,2
30-01-2010 00:00,193.184,2
31-01-2010 00:00,180.017,2
01-02-2010 00:00,184.603,2
02-02-2010 00:00,187.345,2
03-02-2010 00:00,197.871,2
04-02-2010 00:00,202.365,2
05-02-2010 00:00,199.807,2
06-02-2010 00:00,195.957,2
07-02-2010 00:00,187.122,2
08-02-2010 00:00,185.941,2
09-02-2010 00:00,188.237,2
10-02-2010 00:00,187.675,2
11-02-2010 00:00,187.019,2
12-02-2010 00:00,178.214,2
13-02-2010 00:00,180.129,2
14-02-2010 00:00,178.16,2
15-02-2010 00:00,177.569,2
16-02-2010 00:00,179.924,2
17-02-2010 00:00,182.087,2
18-02-2010 00:00,184.917,2
19-02-2010 00:00,204.861,2
20-02-2010 00:00,264.841,2
21-02-2010 00:00,244.635,2
22-02-2010 00:00,206.113,2
23-02-2010 00:00,195.318,2
24-02-2010 00:00,189.793,2
25-02-2010 00:00,221.814,2
26-02-2010 00:00,341.332,2
27-02-2010 00:00,493.352,2
28-02-2010 00:00,528.945,2
01-03-2010 00:00,636.31,2
02-03-2010 00:00,595.011,2
03-03-2010 00:00,516.443,2
04-03-2010 00:00,456.639,2
05-03-2010 00:00,386.819,2
06-03-2010 00:00,329.82,2
07-03-2010 00:00,294.276,2
08-03-2010 00:00,279.428,2
09-03-2010 00:00,277.374,2
10-03-2010 00:00,263.209,2
11-03-2010 00:00,261.134,2
12-03-2010 00:00,278.055,2
13-03-2010 00:00,302.66,2
14-03-2010 00:00,335.521,2
15-03-2010 00:00,334.632,2
16-03-2010 00:00,353.809,2
17-03-2010 00:00,363.511,2
18-03-2010 00:00,399.139,2
19-03-2010 00:00,447.445,2
20-03-2010 00:00,501.397,2
21-03-2010 00:00,688.246,2
22-03-2010 00:00,695.369,2
23-03-2010 00:00,642.128,2
24-03-2010 00:00,563.696,2
25-03-2010 00:00,499.489,2
26-03-2010 00:00,446.44,2
27-03-2010 00:00,750.966,2
28-03-2010 00:00,826.553,2
29-03-2010 00:00,708.168,2
30-03-2010 00:00,605.921,2
31-03-2010 00:00,562.282,2
01-04-2010 00:00,578.273,2
02-04-2010 00:00,525.593,2
03-04-2010 00:00,454.107,2
04-04-2010 00:00,460.205,2
05-04-2010 00:00,513.795,2
06-04-2010 00:00,444.945,2
07-04-2010 00:00,408.936,2
08-04-2010 00:00,372.437,2
09-04-2010 00:00,343.203,2
10-04-2010 00:00,314.074,2
11-04-2010 00:00,284.403,2
12-04-2010 00:00,275.865,2
13-04-2010 00:00,270.387,2
14-04-2010 00:00,255.685,2
15-04-2010 00:00,250.105,2
16-04-2010 00:00,242.823,2
17-04-2010 00:00,236.819,2
18-04-2010 00:00,230.32,2
19-04-2010 00:00,227.928,2
20-04-2010 00:00,235.441,2
21-04-2010 00:00,323.179,2
22-04-2010 00:00,372.059,2
23-04-2010 00:00,312.652,2
24-04-2010 00:00,268.847,2
25-04-2010 00:00,239.761,2
26-04-2010 00:00,227.399,2
27-04-2010 00:00,230.744,2
28-04-2010 00:00,226.581,2
29-04-2010 00:00,227.443,2
30-04-2010 00:00,380.237,2
01-05-2010 00:00,482.863,2
02-05-2010 00:00,395.95,2
03-05-2010 00:00,332.349,2
04-05-2010 00:00,277.16,2
05-05-2010 00:00,350.999,2
06-05-2010 00:00,280.849,2
07-05-2010 00:00,241.031,2
08-05-2010 00:00,276.151,2
09-05-2010 00:00,271.839,2
10-05-2010 00:00,246.137,2
11-05-2010 00:00,231.383,2
12-05-2010 00:00,395.586,2
13-05-2010 00:00,608.239,2
14-05-2010 00:00,504.413,2
15-05-2010 00:00,580.527,2
16-05-2010 00:00,728.139,2
17-05-2010 00:00,587.325,2
18-05-2010 00:00,460.422,2
19-05-2010 00:00,406.497,2
20-05-2010 00:00,407.625,2
21-05-2010 00:00,355.923,2
22-05-2010 00:00,312.111,2
23-05-2010 00:00,282.61,2
24-05-2010 00:00,267.536,2
25-05-2010 00:00,256.917,2
26-05-2010 00:00,247.731,2
27-05-2010 00:00,236.394,2
28-05-2010 00:00,236.744,2
29-05-2010 00:00,257.538,2
30-05-2010 00:00,274.385,2
31-05-2010 00:00,220.752,2
01-06-2010 00:00,201.947,2
02-06-2010 00:00,197.878,2
03-06-2010 00:00,183.396,2
04-06-2010 00:00,177.016,2
05-06-2010 00:00,170.191,2
06-06-2010 00:00,183.137,2
07-06-2010 00:00,366.638,2
08-06-2010 00:00,674.465,2
09-06-2010 00:00,716.323,2
10-06-2010 00:00,592.741,2
11-06-2010 00:00,609.671,2
12-06-2010 00:00,755.953,2
13-06-2010 00:00,627.895,2
14-06-2010 00:00,445.431,2
15-06-2010 00:00,365.727,2
16-06-2010 00:00,327.429,2
17-06-2010 00:00,287.794,2
18-06-2010 00:00,260.71,2
19-06-2010 00:00,240.525,2
20-06-2010 00:00,308.337,2
21-06-2010 00:00,248.667,2
22-06-2010 00:00,214.697,2
23-06-2010 00:00,200.609,2
24-06-2010 00:00,190.503,2
25-06-2010 00:00,184.886,2
26-06-2010 00:00,175.459,2
27-06-2010 00:00,166.919,2
28-06-2010 00:00,163.582,2
29-06-2010 00:00,157.755,2
30-06-2010 00:00,153.555,2
01-07-2010 00:00,174.032,2
02-07-2010 00:00,195.893,2
03-07-2010 00:00,186.121,2
04-07-2010 00:00,170.929,2
05-07-2010 00:00,168.496,2
06-07-2010 00:00,172.493,2
07-07-2010 00:00,171.476,2
08-07-2010 00:00,165.724,2
09-07-2010 00:00,162.461,2
10-07-2010 00:00,155.496,2
11-07-2010 00:00,152.581,2
12-07-2010 00:00,154.683,2
13-07-2010 00:00,418.229,2
14-07-2010 00:00,592.434,2
15-07-2010 00:00,446.215,2
16-07-2010 00:00,317.298,2
17-07-2010 00:00,231.299,2
18-07-2010 00:00,209.985,2
19-07-2010 00:00,182.378,2
20-07-2010 00:00,151.876,2
21-07-2010 00:00,135.749,2
22-07-2010 00:00,155.604,2
23-07-2010 00:00,163.166,2
24-07-2010 00:00,136.129,2
25-07-2010 00:00,118.574,2
26-07-2010 00:00,118.188,2
27-07-2010 00:00,123.859,2
28-07-2010 00:00,119.417,2
29-07-2010 00:00,124.849,2
30-07-2010 00:00,235.785,2
31-07-2010 00:00,278.878,2
01-08-2010 00:00,205.945,2
02-08-2010 00:00,179.54,2
03-08-2010 00:00,162.826,2
04-08-2010 00:00,145.2,2
05-08-2010 00:00,130.457,2
06-08-2010 00:00,144.729,2
07-08-2010 00:00,186.495,2
08-08-2010 00:00,183.858,2
09-08-2010 00:00,446.795,2
10-08-2010 00:00,386.579,2
11-08-2010 00:00,277.779,2
12-08-2010 00:00,329.009,2
13-08-2010 00:00,737.297,2
14-08-2010 00:00,761.023,2
15-08-2010 00:00,1429.013,2
16-08-2010 00:00,1391.559,2
17-08-2010 00:00,1088.352,2
18-08-2010 00:00,1046.495,2
19-08-2010 00:00,954.18,2
20-08-2010 00:00,777.769,2
21-08-2010 00:00,618.692,2
22-08-2010 00:00,565.06,2
23-08-2010 00:00,523.554,2
24-08-2010 00:00,666.334,2
25-08-2010 00:00,636.422,2
26-08-2010 00:00,446.835,2
27-08-2010 00:00,351.671,2
28-08-2010 00:00,320.984,2
29-08-2010 00:00,365.117,2
30-08-2010 00:00,431.455,2
31-08-2010 00:00,368.075,2
01-09-2010 00:00,350.324,2
02-09-2010 00:00,314.152,2
03-09-2010 00:00,275.772,2
04-09-2010 00:00,269.088,2
05-09-2010 00:00,243.402,2
06-09-2010 00:00,231.937,2
07-09-2010 00:00,228.309,2
08-09-2010 00:00,220.501,2
09-09-2010 00:00,215.565,2
10-09-2010 00:00,254.374,2
11-09-2010 00:00,295.664,2
12-09-2010 00:00,261.546,2
13-09-2010 00:00,404.852,2
14-09-2010 00:00,418.388,2
15-09-2010 00:00,424.22,2
16-09-2010 00:00,373.564,2
17-09-2010 00:00,307.718,2
18-09-2010 00:00,304.826,2
19-09-2010 00:00,256.672,2
20-09-2010 00:00,357.357,2
21-09-2010 00:00,524.612,2
22-09-2010 00:00,409.404,2
23-09-2010 00:00,319.944,2
24-09-2010 00:00,295.716,2
25-09-2010 00:00,282.74,2
26-09-2010 00:00,259.974,2
27-09-2010 00:00,234.918,2
28-09-2010 00:00,224.734,2
29-09-2010 00:00,214.874,2
30-09-2010 00:00,206.22,2
01-10-2010 00:00,198.675,2
02-10-2010 00:00,191.649,2
03-10-2010 00:00,185.425,2
04-10-2010 00:00,184.376,2
05-10-2010 00:00,181.158,2
06-10-2010 00:00,178.635,2
07-10-2010 00:00,417.735,2
08-10-2010 00:00,492.321,2
09-10-2010 00:00,335.517,2
10-10-2010 00:00,256.013,2
11-10-2010 00:00,228.032,2
12-10-2010 00:00,212.219,2
13-10-2010 00:00,207.275,2
14-10-2010 00:00,203.203,2
15-10-2010 00:00,192.724,2
16-10-2010 00:00,181.747,2
17-10-2010 00:00,178.931,2
18-10-2010 00:00,178.463,2
19-10-2010 00:00,250.986,2
20-10-2010 00:00,264.143,2
21-10-2010 00:00,313.181,2
22-10-2010 00:00,307.669,2
23-10-2010 00:00,408.959,2
24-10-2010 00:00,489.802,2
25-10-2010 00:00,495.449,2
26-10-2010 00:00,547.68,2
27-10-2010 00:00,516.582,2
28-10-2010 00:00,543.166,2
29-10-2010 00:00,465.33,2
30-10-2010 00:00,390.337,2
31-10-2010 00:00,417.689,2
01-11-2010 00:00,399.646,2
02-11-2010 00:00,383.644,2
03-11-2010 00:00,452.094,2
04-11-2010 00:00,487.674,2
05-11-2010 00:00,709.44,2
06-11-2010 00:00,809.778,2
07-11-2010 00:00,745.335,2
08-11-2010 00:00,614.336,2
09-11-2010 00:00,570.328,2
10-11-2010 00:00,511.76,2
11-11-2010 00:00,462.814,2
12-11-2010 00:00,601.883,2
13-11-2010 00:00,613.833,2
14-11-2010 00:00,516.263,2
15-11-2010 00:00,552.825,2
16-11-2010 00:00,551.107,2
17-11-2010 00:00,505.413,2
18-11-2010 00:00,447.925,2
19-11-2010 00:00,444.093,2
20-11-2010 00:00,619.468,2
21-11-2010 00:00,643.427,2
22-11-2010 00:00,564.016,2
23-11-2010 00:00,848.307,2
24-11-2010 00:00,1103.13,2
25-11-2010 00:00,984.004,2
26-11-2010 00:00,873.236,2
27-11-2010 00:00,783.262,2
28-11-2010 00:00,694.284,2
29-11-2010 00:00,634.362,2
30-11-2010 00:00,574.347,2
01-12-2010 00:00,525.848,2
02-12-2010 00:00,494.234,2
03-12-2010 00:00,491.199,2
04-12-2010 00:00,478.078,2
05-12-2010 00:00,468.462,2
06-12-2010 00:00,464.848,2
07-12-2010 00:00,455.825,2
08-12-2010 00:00,445.392,2
09-12-2010 00:00,437.839,2
10-12-2010 00:00,421.52,2
11-12-2010 00:00,678.674,2
12-12-2010 00:00,1001.688,2
13-12-2010 00:00,911.629,2
14-12-2010 00:00,752.412,2
15-12-2010 00:00,628.525,2
16-12-2010 00:00,559.586,2
17-12-2010 00:00,504.09,2
18-12-2010 00:00,465.178,2
19-12-2010 00:00,438.784,2
20-12-2010 00:00,416.228,2
21-12-2010 00:00,397.083,2
22-12-2010 00:00,377.913,2
23-12-2010 00:00,369.168,2
24-12-2010 00:00,363.647,2
25-12-2010 00:00,348.697,2
26-12-2010 00:00,335.767,2
27-12-2010 00:00,333.755,2
28-12-2010 00:00,326.574,2
29-12-2010 00:00,329.855,2
30-12-2010 00:00,325.703,2
31-12-2010 00:00,327,2
01-01-2011 00:00,425.765,2
02-01-2011 00:00,377.568,2
03-01-2011 00:00,334.507,2
04-01-2011 00:00,312.387,2
05-01-2011 00:00,331.517,2
06-01-2011 00:00,333.357,2
07-01-2011 00:00,339.269,2
08-01-2011 00:00,353.654,2
09-01-2011 00:00,569.42,2
10-01-2011 00:00,555.127,2
11-01-2011 00:00,536.894,2
12-01-2011 00:00,517.741,2
13-01-2011 00:00,479.798,2
14-01-2011 00:00,474.2,2
15-01-2011 00:00,594.227,2
16-01-2011 00:00,1256.359,2
17-01-2011 00:00,1537.977,2
18-01-2011 00:00,1611.519,2
19-01-2011 00:00,1426.036,2
20-01-2011 00:00,1189.85,2
21-01-2011 00:00,1074.381,2
22-01-2011 00:00,933.205,2
23-01-2011 00:00,857.409,2
24-01-2011 00:00,776.489,2
25-01-2011 00:00,812.405,2
26-01-2011 00:00,802.709,2
27-01-2011 00:00,706.099,2
28-01-2011 00:00,618.932,2
29-01-2011 00:00,543.744,2
30-01-2011 00:00,508.591,2
31-01-2011 00:00,473.455,2
01-02-2011 00:00,451.184,2
02-02-2011 00:00,450.74,2
03-02-2011 00:00,519.403,2
04-02-2011 00:00,645.281,2
05-02-2011 00:00,1020.754,2
06-02-2011 00:00,987.632,2
07-02-2011 00:00,1017.143,2
08-02-2011 00:00,948.495,2
09-02-2011 00:00,781.22,2
10-02-2011 00:00,698.706,2
11-02-2011 00:00,698.168,2
12-02-2011 00:00,720.635,2
13-02-2011 00:00,651.815,2
14-02-2011 00:00,591.324,2
15-02-2011 00:00,567,2
16-02-2011 00:00,559,2
17-02-2011 00:00,547.486,2
18-02-2011 00:00,439.742,2
19-02-2011 00:00,366.929,2
20-02-2011 00:00,315.322,2
21-02-2011 00:00,293.039,2
22-02-2011 00:00,283.18,2
23-02-2011 00:00,274.703,2
24-02-2011 00:00,270.608,2
25-02-2011 00:00,268.027,2
26-02-2011 00:00,268.301,2
27-02-2011 00:00,267.877,2
28-02-2011 00:00,265.603,2
01-03-2011 00:00,265.815,2
02-03-2011 00:00,265.063,2
03-03-2011 00:00,264.274,2
04-03-2011 00:00,268.667,2
05-03-2011 00:00,275.983,2
06-03-2011 00:00,272.172,2
07-03-2011 00:00,265.66,2
08-03-2011 00:00,263.931,2
09-03-2011 00:00,273.875,2
10-03-2011 00:00,329.718,2
11-03-2011 00:00,380.598,2
12-03-2011 00:00,355.173,2
13-03-2011 00:00,341.863,2
14-03-2011 00:00,354.464,2
15-03-2011 00:00,357,2
16-03-2011 00:00,321.919,2
17-03-2011 00:00,319.418,2
18-03-2011 00:00,350.231,2
19-03-2011 00:00,338.238,2
20-03-2011 00:00,331.053,2
21-03-2011 00:00,341.956,2
22-03-2011 00:00,332.951,2
23-03-2011 00:00,321.392,2
24-03-2011 00:00,311.376,2
25-03-2011 00:00,311.406,2
26-03-2011 00:00,290.821,2
27-03-2011 00:00,271.353,2
28-03-2011 00:00,263.427,2
29-03-2011 00:00,263.374,2
30-03-2011 00:00,258.449,2
31-03-2011 00:00,285.747,2
01-04-2011 00:00,360.669,2
02-04-2011 00:00,348.383,2
03-04-2011 00:00,345.147,2
04-04-2011 00:00,343.885,2
05-04-2011 00:00,326.315,2
06-04-2011 00:00,336.385,2
07-04-2011 00:00,344.761,2
08-04-2011 00:00,343.426,2
09-04-2011 00:00,365.859,2
10-04-2011 00:00,354.71,2
11-04-2011 00:00,335.764,2
12-04-2011 00:00,339.409,2
13-04-2011 00:00,660.067,2
14-04-2011 00:00,566.076,2
15-04-2011 00:00,467.726,2
16-04-2011 00:00,451.76,2
17-04-2011 00:00,467.347,2
18-04-2011 00:00,426.231,2
19-04-2011 00:00,382.392,2
20-04-2011 00:00,355.077,2
21-04-2011 00:00,337.214,2
22-04-2011 00:00,318.955,2
23-04-2011 00:00,292.562,2
24-04-2011 00:00,275.398,2
25-04-2011 00:00,260.633,2
26-04-2011 00:00,257.324,2
27-04-2011 00:00,246.069,2
28-04-2011 00:00,233.268,2
29-04-2011 00:00,225.149,2
30-04-2011 00:00,216.105,2
01-05-2011 00:00,210.968,2
02-05-2011 00:00,209.333,2
03-05-2011 00:00,213.674,2
04-05-2011 00:00,230.449,2
05-05-2011 00:00,240.763,2
06-05-2011 00:00,222.555,2
07-05-2011 00:00,202.126,2
08-05-2011 00:00,189.678,2
09-05-2011 00:00,192.556,2
10-05-2011 00:00,191.712,2
11-05-2011 00:00,188.994,2
12-05-2011 00:00,191.065,2
13-05-2011 00:00,188.776,2
14-05-2011 00:00,198.993,2
15-05-2011 00:00,266.665,2
16-05-2011 00:00,247.48,2
17-05-2011 00:00,334.484,2
18-05-2011 00:00,367.379,2
19-05-2011 00:00,289.735,2
20-05-2011 00:00,244.17,2
21-05-2011 00:00,216.457,2
22-05-2011 00:00,251.352,2
23-05-2011 00:00,509.368,2
24-05-2011 00:00,426.124,2
25-05-2011 00:00,399.877,2
26-05-2011 00:00,328.5,2
27-05-2011 00:00,369.527,2
28-05-2011 00:00,346.347,2
29-05-2011 00:00,407.235,2
30-05-2011 00:00,402.28,2
31-05-2011 00:00,313.563,2
01-06-2011 00:00,292.692,2
02-06-2011 00:00,270.672,2
03-06-2011 00:00,235.275,2
04-06-2011 00:00,213.817,2
05-06-2011 00:00,198.897,2
06-06-2011 00:00,208.073,2
07-06-2011 00:00,566.447,2
08-06-2011 00:00,578.273,2
09-06-2011 00:00,1089.815,2
10-06-2011 00:00,918.631,2
11-06-2011 00:00,767.559,2
12-06-2011 00:00,651.129,2
13-06-2011 00:00,537.182,2
14-06-2011 00:00,459.248,2
15-06-2011 00:00,327.364,2
16-06-2011 00:00,266.275,2
17-06-2011 00:00,342.847,2
18-06-2011 00:00,358.419,2
19-06-2011 00:00,395.057,2
20-06-2011 00:00,408.506,2
21-06-2011 00:00,360.929,2
22-06-2011 00:00,276.585,2
23-06-2011 00:00,514.405,2
24-06-2011 00:00,490.008,2
25-06-2011 00:00,357.653,2
26-06-2011 00:00,289.643,2
27-06-2011 00:00,258.75,2
28-06-2011 00:00,244.88,2
29-06-2011 00:00,210.846,2
30-06-2011 00:00,194.229,2
01-07-2011 00:00,188.537,2
02-07-2011 00:00,293.359,2
03-07-2011 00:00,375.397,2
04-07-2011 00:00,305.13,2
05-07-2011 00:00,252.206,2
06-07-2011 00:00,211.917,2
07-07-2011 00:00,190.364,2
08-07-2011 00:00,290.737,2
09-07-2011 00:00,357.673,2
10-07-2011 00:00,378.965,2
11-07-2011 00:00,358.658,2
12-07-2011 00:00,364.341,2
13-07-2011 00:00,291.432,2
14-07-2011 00:00,468.68,2
15-07-2011 00:00,918.138,2
16-07-2011 00:00,724.174,2
17-07-2011 00:00,469.181,2
18-07-2011 00:00,435.745,2
19-07-2011 00:00,399.247,2
20-07-2011 00:00,326.619,2
21-07-2011 00:00,312.154,2
22-07-2011 00:00,780.434,2
23-07-2011 00:00,899.016,2
24-07-2011 00:00,777.305,2
25-07-2011 00:00,654.774,2
26-07-2011 00:00,567.729,2
27-07-2011 00:00,471.467,2
28-07-2011 00:00,391.771,2
29-07-2011 00:00,448.493,2
30-07-2011 00:00,437.603,2
31-07-2011 00:00,404.741,2
01-08-2011 00:00,398.961,2
02-08-2011 00:00,487.163,2
03-08-2011 00:00,356.486,2
04-08-2011 00:00,301.325,2
05-08-2011 00:00,254.783,2
06-08-2011 00:00,228.915,2
07-08-2011 00:00,241.997,2
08-08-2011 00:00,312.807,2
09-08-2011 00:00,465.082,2
10-08-2011 00:00,438.09,2
11-08-2011 00:00,358.699,2
12-08-2011 00:00,378.384,2
13-08-2011 00:00,325.163,2
14-08-2011 00:00,285.276,2
15-08-2011 00:00,570.029,2
16-08-2011 00:00,625.913,2
17-08-2011 00:00,512.893,2
18-08-2011 00:00,444.063,2
19-08-2011 00:00,403.993,2
20-08-2011 00:00,366.98,2
21-08-2011 00:00,338.541,2
22-08-2011 00:00,321.604,2
23-08-2011 00:00,261.118,2
24-08-2011 00:00,351.535,2
25-08-2011 00:00,411.638,2
26-08-2011 00:00,368.047,2
27-08-2011 00:00,817.353,2
28-08-2011 00:00,1438.397,2
29-08-2011 00:00,1242.763,2
30-08-2011 00:00,1088.205,2
31-08-2011 00:00,977.055,2
01-09-2011 00:00,829.557,2
02-09-2011 00:00,639.02,2
03-09-2011 00:00,512.902,2
04-09-2011 00:00,425.617,2
05-09-2011 00:00,527.066,2
06-09-2011 00:00,704.608,2
07-09-2011 00:00,757.828,2
08-09-2011 00:00,838.599,2
09-09-2011 00:00,686.84,2
10-09-2011 00:00,595.565,2
11-09-2011 00:00,499.366,2
12-09-2011 00:00,680.582,2
13-09-2011 00:00,740.945,2
14-09-2011 00:00,633.522,2
15-09-2011 00:00,614.078,2
16-09-2011 00:00,583.519,2
17-09-2011 00:00,498.972,2
18-09-2011 00:00,456.353,2
19-09-2011 00:00,513.14,2
20-09-2011 00:00,454.367,2
21-09-2011 00:00,403.014,2
22-09-2011 00:00,458.681,2
23-09-2011 00:00,425.141,2
24-09-2011 00:00,368.97,2
25-09-2011 00:00,332.773,2
26-09-2011 00:00,315.897,2
27-09-2011 00:00,293.009,2
28-09-2011 00:00,279.655,2
29-09-2011 00:00,269.007,2
30-09-2011 00:00,259.721,2
01-10-2011 00:00,251.06,2
02-10-2011 00:00,245.975,2
03-10-2011 00:00,245.618,2
04-10-2011 00:00,246.846,2
05-10-2011 00:00,230.863,2
06-10-2011 00:00,290.802,2
07-10-2011 00:00,401.568,2
08-10-2011 00:00,336.187,2
09-10-2011 00:00,290.891,2
10-10-2011 00:00,412.166,2
11-10-2011 00:00,574.608,2
12-10-2011 00:00,572.527,2
13-10-2011 00:00,553.612,2
14-10-2011 00:00,508.292,2
15-10-2011 00:00,434.645,2
16-10-2011 00:00,383.43,2
17-10-2011 00:00,346.395,2
18-10-2011 00:00,369.151,2
19-10-2011 00:00,456.541,2
20-10-2011 00:00,363.422,2
21-10-2011 00:00,299.263,2
22-10-2011 00:00,267.495,2
23-10-2011 00:00,247.955,2
24-10-2011 00:00,239.719,2
25-10-2011 00:00,237.248,2
26-10-2011 00:00,230.247,2
27-10-2011 00:00,229.611,2
28-10-2011 00:00,227.144,2
29-10-2011 00:00,219.301,2
30-10-2011 00:00,219.512,2
31-10-2011 00:00,215.488,2
01-11-2011 00:00,217.42,2
02-11-2011 00:00,216.501,2
03-11-2011 00:00,218.227,2
04-11-2011 00:00,215.383,2
05-11-2011 00:00,213.14,2
06-11-2011 00:00,208.546,2
07-11-2011 00:00,205.616,2
08-11-2011 00:00,207.154,2
09-11-2011 00:00,204.271,2
10-11-2011 00:00,206.72,2
11-11-2011 00:00,206.069,2
12-11-2011 00:00,202.632,2
13-11-2011 00:00,198.388,2
14-11-2011 00:00,201.502,2
15-11-2011 00:00,203.99,2
16-11-2011 00:00,206.327,2
17-11-2011 00:00,204.379,2
18-11-2011 00:00,203.216,2
19-11-2011 00:00,202.107,2
20-11-2011 00:00,204.173,2
21-11-2011 00:00,201.966,2
22-11-2011 00:00,203.603,2
23-11-2011 00:00,203.385,2
24-11-2011 00:00,201.74,2
25-11-2011 00:00,209.512,2
26-11-2011 00:00,236.467,2
27-11-2011 00:00,277.54,2
28-11-2011 00:00,255.687,2
29-11-2011 00:00,256.559,2
30-11-2011 00:00,261.771,2
01-12-2011 00:00,261.78,2
02-12-2011 00:00,324.489,2
03-12-2011 00:00,425.785,2
04-12-2011 00:00,515.262,2
05-12-2011 00:00,447.01,2
06-12-2011 00:00,408.488,2
07-12-2011 00:00,370.11,2
08-12-2011 00:00,324.917,2
09-12-2011 00:00,456.157,2
10-12-2011 00:00,435.334,2
11-12-2011 00:00,384.904,2
12-12-2011 00:00,348.875,2
13-12-2011 00:00,383.154,2
14-12-2011 00:00,468.132,2
15-12-2011 00:00,488.343,2
16-12-2011 00:00,469.14,2
17-12-2011 00:00,428.26,2
18-12-2011 00:00,399.203,2
19-12-2011 00:00,383.271,2
20-12-2011 00:00,362.02,2
21-12-2011 00:00,342.518,2
22-12-2011 00:00,333.042,2
23-12-2011 00:00,341.553,2
24-12-2011 00:00,398.3,2
25-12-2011 00:00,435.966,2
26-12-2011 00:00,416.627,2
27-12-2011 00:00,385.186,2
28-12-2011 00:00,375.614,2
29-12-2011 00:00,366.168,2
30-12-2011 00:00,343.17,2
31-12-2011 00:00,331.532,2
01-01-2012 00:00,378.75,2
02-01-2012 00:00,630.734,2
03-01-2012 00:00,658.475,2
04-01-2012 00:00,801.085,2
05-01-2012 00:00,1067.065,2
06-01-2012 00:00,1476.438,2
07-01-2012 00:00,1222.125,2
08-01-2012 00:00,1128.617,2
09-01-2012 00:00,975.015,2
10-01-2012 00:00,915.893,2
11-01-2012 00:00,812.721,2
12-01-2012 00:00,716.378,2
13-01-2012 00:00,658.387,2
14-01-2012 00:00,570.603,2
15-01-2012 00:00,505.893,2
16-01-2012 00:00,462.455,2
17-01-2012 00:00,454.04,2
18-01-2012 00:00,441.181,2
19-01-2012 00:00,517.137,2
20-01-2012 00:00,589.379,2
21-01-2012 00:00,563.508,2
22-01-2012 00:00,653.59,2
23-01-2012 00:00,654.773,2
24-01-2012 00:00,551.771,2
25-01-2012 00:00,485.513,2
26-01-2012 00:00,452.829,2
27-01-2012 00:00,438.775,2
28-01-2012 00:00,425.18,2
29-01-2012 00:00,405.265,2
30-01-2012 00:00,392.651,2
31-01-2012 00:00,390.027,2
01-02-2012 00:00,373.034,2
02-02-2012 00:00,354.822,2
03-02-2012 00:00,323.6,2
04-02-2012 00:00,305.479,2
05-02-2012 00:00,293.814,2
06-02-2012 00:00,274.251,2
07-02-2012 00:00,259.568,2
08-02-2012 00:00,245.268,2
09-02-2012 00:00,246.459,2
10-02-2012 00:00,245.372,2
11-02-2012 00:00,236.153,2
12-02-2012 00:00,232.037,2
13-02-2012 00:00,233.98,2
14-02-2012 00:00,241.328,2
15-02-2012 00:00,284.167,2
16-02-2012 00:00,289.845,2
17-02-2012 00:00,516.687,2
18-02-2012 00:00,612.986,2
19-02-2012 00:00,778.116,2
20-02-2012 00:00,587.328,2
21-02-2012 00:00,548.379,2
22-02-2012 00:00,566.457,2
23-02-2012 00:00,649.936,2
24-02-2012 00:00,706.431,2
25-02-2012 00:00,699.237,2
26-02-2012 00:00,633.09,2
27-02-2012 00:00,592.485,2
28-02-2012 00:00,613.848,2
29-02-2012 00:00,626.476,2
01-03-2012 00:00,567.417,2
02-03-2012 00:00,490.564,2
03-03-2012 00:00,441.806,2
04-03-2012 00:00,418.431,2
05-03-2012 00:00,404.439,2
06-03-2012 00:00,383.401,2
07-03-2012 00:00,369.467,2
08-03-2012 00:00,382.771,2
09-03-2012 00:00,374.468,2
10-03-2012 00:00,426.8,2
11-03-2012 00:00,439.484,2
12-03-2012 00:00,430.863,2
13-03-2012 00:00,406.252,2
14-03-2012 00:00,454.74,2
15-03-2012 00:00,451.998,2
16-03-2012 00:00,375.011,2
17-03-2012 00:00,334.202,2
18-03-2012 00:00,356.485,2
19-03-2012 00:00,341.804,2
20-03-2012 00:00,333.833,2
21-03-2012 00:00,323.077,2
22-03-2012 00:00,319.642,2
23-03-2012 00:00,308.815,2
24-03-2012 00:00,319.944,2
25-03-2012 00:00,325.421,2
26-03-2012 00:00,320.011,2
27-03-2012 00:00,313.508,2
28-03-2012 00:00,311.952,2
29-03-2012 00:00,308.843,2
30-03-2012 00:00,305.166,2
31-03-2012 00:00,296.626,2
01-04-2012 00:00,295.349,2
02-04-2012 00:00,293.911,2
03-04-2012 00:00,280.852,2
04-04-2012 00:00,296.696,2
05-04-2012 00:00,291.387,2
06-04-2012 00:00,266.234,2
07-04-2012 00:00,277.614,2
08-04-2012 00:00,267.668,2
09-04-2012 00:00,267.701,2
10-04-2012 00:00,291.378,2
11-04-2012 00:00,295.041,2
12-04-2012 00:00,281.36,2
13-04-2012 00:00,277.168,2
14-04-2012 00:00,263.904,2
15-04-2012 00:00,253.722,2
16-04-2012 00:00,243.145,2
17-04-2012 00:00,235.185,2
18-04-2012 00:00,238.175,2
19-04-2012 00:00,264.282,2
20-04-2012 00:00,342.162,2
21-04-2012 00:00,282.795,2
22-04-2012 00:00,287.375,2
23-04-2012 00:00,361.143,2
24-04-2012 00:00,311.965,2
25-04-2012 00:00,469.956,2
26-04-2012 00:00,472.082,2
27-04-2012 00:00,381.141,2
28-04-2012 00:00,331.816,2
29-04-2012 00:00,304.491,2
30-04-2012 00:00,289.058,2
01-05-2012 00:00,279.74,2
02-05-2012 00:00,260.614,2
03-05-2012 00:00,278.168,2
04-05-2012 00:00,296.465,2
05-05-2012 00:00,259.176,2
06-05-2012 00:00,249.096,2
07-05-2012 00:00,238.374,2
08-05-2012 00:00,220.026,2
09-05-2012 00:00,216.855,2
10-05-2012 00:00,260.987,2
11-05-2012 00:00,265.215,2
12-05-2012 00:00,240.736,2
13-05-2012 00:00,234.496,2
14-05-2012 00:00,233.463,2
15-05-2012 00:00,234.198,2
16-05-2012 00:00,228.343,2
17-05-2012 00:00,245.086,2
18-05-2012 00:00,226.141,2
19-05-2012 00:00,198.315,2
20-05-2012 00:00,181.979,2
21-05-2012 00:00,176.767,2
22-05-2012 00:00,174.285,2
23-05-2012 00:00,176.636,2
24-05-2012 00:00,168.028,2
25-05-2012 00:00,163.633,2
26-05-2012 00:00,154.778,2
27-05-2012 00:00,150.091,2
28-05-2012 00:00,146.391,2
29-05-2012 00:00,154.791,2
30-05-2012 00:00,184.161,2
31-05-2012 00:00,200.618,2
01-06-2012 00:00,187.983,2
02-06-2012 00:00,269.608,2
03-06-2012 00:00,260.849,2
04-06-2012 00:00,208.66,2
05-06-2012 00:00,191.634,2
06-06-2012 00:00,190.152,2
07-06-2012 00:00,187.269,2
08-06-2012 00:00,205.117,2
09-06-2012 00:00,274.847,2
10-06-2012 00:00,231.541,2
11-06-2012 00:00,218.901,2
12-06-2012 00:00,230.175,2
13-06-2012 00:00,195.109,2
14-06-2012 00:00,169.408,2
15-06-2012 00:00,158.255,2
16-06-2012 00:00,154.195,2
17-06-2012 00:00,187.674,2
18-06-2012 00:00,186.702,2
19-06-2012 00:00,209.402,2
20-06-2012 00:00,183.977,2
21-06-2012 00:00,178.11,2
22-06-2012 00:00,218.597,2
23-06-2012 00:00,340.791,2
24-06-2012 00:00,365.427,2
25-06-2012 00:00,683.684,2
26-06-2012 00:00,634.031,2
27-06-2012 00:00,458.705,2
28-06-2012 00:00,374.384,2
29-06-2012 00:00,347.884,2
30-06-2012 00:00,426.194,2
01-07-2012 00:00,329.365,2
02-07-2012 00:00,246.677,2
03-07-2012 00:00,217.682,2
04-07-2012 00:00,191.224,2
05-07-2012 00:00,170.043,2
06-07-2012 00:00,180.365,2
07-07-2012 00:00,200.844,2
08-07-2012 00:00,175.848,2
09-07-2012 00:00,159.925,2
10-07-2012 00:00,166.939,2
11-07-2012 00:00,184.57,2
12-07-2012 00:00,248.544,2
13-07-2012 00:00,257.461,2
14-07-2012 00:00,218.705,2
15-07-2012 00:00,246.221,2
16-07-2012 00:00,203.63,2
17-07-2012 00:00,270.749,2
18-07-2012 00:00,240.999,2
19-07-2012 00:00,360.015,2
20-07-2012 00:00,645.386,2
21-07-2012 00:00,518.02,2
22-07-2012 00:00,378.188,2
23-07-2012 00:00,300.974,2
24-07-2012 00:00,250.822,2
25-07-2012 00:00,217.106,2
26-07-2012 00:00,201.3,2
27-07-2012 00:00,190.705,2
28-07-2012 00:00,207.759,2
29-07-2012 00:00,261.798,2
30-07-2012 00:00,235.091,2
31-07-2012 00:00,289.515,2
01-08-2012 00:00,346.591,2
02-08-2012 00:00,320.357,2
03-08-2012 00:00,283.578,2
04-08-2012 00:00,215.541,2
05-08-2012 00:00,182.887,2
06-08-2012 00:00,178.674,2
07-08-2012 00:00,195.548,2
08-08-2012 00:00,173.914,2
09-08-2012 00:00,161.271,2
10-08-2012 00:00,153.858,2
11-08-2012 00:00,147.7,2
12-08-2012 00:00,140.171,2
13-08-2012 00:00,134.582,2
14-08-2012 00:00,132.278,2
15-08-2012 00:00,132.522,2
16-08-2012 00:00,131.361,2
17-08-2012 00:00,129.964,2
18-08-2012 00:00,128.831,2
19-08-2012 00:00,126.195,2
20-08-2012 00:00,125.449,2
21-08-2012 00:00,126.702,2
22-08-2012 00:00,143.647,2
23-08-2012 00:00,152.964,2
24-08-2012 00:00,150.722,2
25-08-2012 00:00,153.84,2
26-08-2012 00:00,180,2
27-08-2012 00:00,435.865,2
28-08-2012 00:00,382.738,2
29-08-2012 00:00,303.269,2
30-08-2012 00:00,274.212,2
31-08-2012 00:00,248.371,2
01-09-2012 00:00,198.979,2
02-09-2012 00:00,167.355,2
03-09-2012 00:00,153.153,2
04-09-2012 00:00,145.484,2
05-09-2012 00:00,138.429,2
06-09-2012 00:00,135.772,2
07-09-2012 00:00,152.429,2
08-09-2012 00:00,142.901,2
09-09-2012 00:00,137.762,2
10-09-2012 00:00,135.894,2
11-09-2012 00:00,163.99,2
12-09-2012 00:00,234.8,2
13-09-2012 00:00,211.142,2
14-09-2012 00:00,195.922,2
15-09-2012 00:00,210.155,2
16-09-2012 00:00,177.859,2
17-09-2012 00:00,159.64,2
18-09-2012 00:00,183.522,2
19-09-2012 00:00,202.376,2
20-09-2012 00:00,170.549,2
21-09-2012 00:00,166.948,2
22-09-2012 00:00,156.032,2
23-09-2012 00:00,164.985,2
24-09-2012 00:00,159.997,2
25-09-2012 00:00,265.441,2
26-09-2012 00:00,382.556,2
27-09-2012 00:00,553.316,2
28-09-2012 00:00,445.9,2
29-09-2012 00:00,310.259,2
30-09-2012 00:00,254.744,2
01-10-2012 00:00,235.301,2
02-10-2012 00:00,285.669,2
03-10-2012 00:00,270.486,2
04-10-2012 00:00,347.253,2
05-10-2012 00:00,385.642,2
06-10-2012 00:00,537.314,2
07-10-2012 00:00,429.539,2
08-10-2012 00:00,321.596,2
09-10-2012 00:00,367.005,2
10-10-2012 00:00,474.34,2
11-10-2012 00:00,445.843,2
12-10-2012 00:00,334.454,2
13-10-2012 00:00,488.173,2
14-10-2012 00:00,606.348,2
15-10-2012 00:00,607.786,2
16-10-2012 00:00,523.183,2
17-10-2012 00:00,450.657,2
18-10-2012 00:00,403.062,2
19-10-2012 00:00,375.322,2
20-10-2012 00:00,319.635,2
21-10-2012 00:00,277.491,2
22-10-2012 00:00,264.271,2
23-10-2012 00:00,271.032,2
24-10-2012 00:00,258.132,2
25-10-2012 00:00,239.718,2
26-10-2012 00:00,246.336,2
27-10-2012 00:00,232.921,2
28-10-2012 00:00,220.881,2
29-10-2012 00:00,218.988,2
30-10-2012 00:00,250.201,2
31-10-2012 00:00,244.791,2
01-11-2012 00:00,231.185,2
02-11-2012 00:00,240.402,2
03-11-2012 00:00,225.861,2
04-11-2012 00:00,272.722,2
05-11-2012 00:00,359.939,2
06-11-2012 00:00,399.188,2
07-11-2012 00:00,369.389,2
08-11-2012 00:00,318.952,2
09-11-2012 00:00,294.974,2
10-11-2012 00:00,272.693,2
11-11-2012 00:00,366.142,2
12-11-2012 00:00,372.235,2
13-11-2012 00:00,310.086,2
14-11-2012 00:00,281.126,2
15-11-2012 00:00,268.352,2
16-11-2012 00:00,263.384,2
17-11-2012 00:00,263.381,2
18-11-2012 00:00,259.654,2
19-11-2012 00:00,262.738,2
20-11-2012 00:00,268.923,2
21-11-2012 00:00,252.388,2
22-11-2012 00:00,237.19,2
23-11-2012 00:00,232.898,2
24-11-2012 00:00,256.387,2
25-11-2012 00:00,272.818,2
26-11-2012 00:00,488.294,2
27-11-2012 00:00,453.82,2
28-11-2012 00:00,389.792,2
29-11-2012 00:00,344.44,2
30-11-2012 00:00,304.799,2
01-12-2012 00:00,284.137,2
02-12-2012 00:00,267.425,2
03-12-2012 00:00,255.189,2
04-12-2012 00:00,254.19,2
05-12-2012 00:00,260.169,2
06-12-2012 00:00,254,2
07-12-2012 00:00,244.473,2
08-12-2012 00:00,236.84,2
09-12-2012 00:00,232.024,2
10-12-2012 00:00,236.11,2
11-12-2012 00:00,240.487,2
12-12-2012 00:00,243.45,2
13-12-2012 00:00,241.001,2
14-12-2012 00:00,239.115,2
15-12-2012 00:00,271.782,2
16-12-2012 00:00,403.187,2
17-12-2012 00:00,527.215,2
18-12-2012 00:00,568.877,2
19-12-2012 00:00,531.073,2
20-12-2012 00:00,459.485,2
21-12-2012 00:00,418.029,2
22-12-2012 00:00,435.193,2
23-12-2012 00:00,429.928,2
24-12-2012 00:00,468.917,2
25-12-2012 00:00,686.47,2
26-12-2012 00:00,696.383,2
27-12-2012 00:00,658.464,2
28-12-2012 00:00,592.551,2
29-12-2012 00:00,554.159,2
30-12-2012 00:00,534.928,2
31-12-2012 00:00,554.33,2
01-01-2013 00:00,633.629,2
02-01-2013 00:00,617.827,2
03-01-2013 00:00,644.859,2
04-01-2013 00:00,651.7,2
05-01-2013 00:00,579.604,2
06-01-2013 00:00,532.103,2
07-01-2013 00:00,514.021,2
08-01-2013 00:00,564.009,2
09-01-2013 00:00,614.764,2
10-01-2013 00:00,736.426,2
11-01-2013 00:00,703.794,2
12-01-2013 00:00,591.712,2
13-01-2013 00:00,510.164,2
14-01-2013 00:00,459.61,2
15-01-2013 00:00,436.582,2
16-01-2013 00:00,411.48,2
17-01-2013 00:00,380.064,2
18-01-2013 00:00,360.447,2
19-01-2013 00:00,344.994,2
20-01-2013 00:00,326.92,2
21-01-2013 00:00,310.53,2
22-01-2013 00:00,282.597,2
23-01-2013 00:00,266.882,2
24-01-2013 00:00,255.48,2
25-01-2013 00:00,242.096,2
26-01-2013 00:00,236.21,2
27-01-2013 00:00,239.499,2
28-01-2013 00:00,285.961,2
29-01-2013 00:00,390.185,2
30-01-2013 00:00,681.4,2
31-01-2013 00:00,761.031,2
01-02-2013 00:00,668.497,2
02-02-2013 00:00,600.693,2
03-02-2013 00:00,510.875,2
04-02-2013 00:00,526.819,2
05-02-2013 00:00,649.21,2
06-02-2013 00:00,654.532,2
07-02-2013 00:00,593.897,2
08-02-2013 00:00,535.055,2
09-02-2013 00:00,515.91,2
10-02-2013 00:00,484.506,2
11-02-2013 00:00,471.975,2
12-02-2013 00:00,449.588,2
13-02-2013 00:00,410.019,2
14-02-2013 00:00,382.517,2
15-02-2013 00:00,362.553,2
16-02-2013 00:00,337.73,2
17-02-2013 00:00,325.934,2
18-02-2013 00:00,357.629,2
19-02-2013 00:00,513.31,2
20-02-2013 00:00,489.92,2
21-02-2013 00:00,428.998,2
22-02-2013 00:00,366.558,2
23-02-2013 00:00,335.857,2
24-02-2013 00:00,316.646,2
25-02-2013 00:00,308.271,2
26-02-2013 00:00,308.643,2
27-02-2013 00:00,327.5,2
28-02-2013 00:00,355.047,2
01-03-2013 00:00,386.263,2
02-03-2013 00:00,369.671,2
03-03-2013 00:00,359.172,2
04-03-2013 00:00,349.811,2
05-03-2013 00:00,343.71,2
06-03-2013 00:00,342.241,2
07-03-2013 00:00,325.309,2
08-03-2013 00:00,307.3,2
09-03-2013 00:00,294.937,2
10-03-2013 00:00,294.436,2
11-03-2013 00:00,286.468,2
12-03-2013 00:00,276.036,2
13-03-2013 00:00,272.787,2
14-03-2013 00:00,283.637,2
15-03-2013 00:00,282.7,2
16-03-2013 00:00,265.286,2
17-03-2013 00:00,255.25,2
18-03-2013 00:00,247.926,2
19-03-2013 00:00,248.057,2
20-03-2013 00:00,258.599,2
21-03-2013 00:00,263.297,2
22-03-2013 00:00,256.655,2
23-03-2013 00:00,243.449,2
24-03-2013 00:00,234.013,2
25-03-2013 00:00,229.027,2
26-03-2013 00:00,229.102,2
27-03-2013 00:00,226.902,2
28-03-2013 00:00,218.588,2
29-03-2013 00:00,222.775,2
30-03-2013 00:00,244.729,2
31-03-2013 00:00,233.479,2
01-04-2013 00:00,222.08,2
02-04-2013 00:00,220.765,2
03-04-2013 00:00,217.128,2
04-04-2013 00:00,191.239,2
05-04-2013 00:00,200.507,2
06-04-2013 00:00,206.083,2
07-04-2013 00:00,216.117,2
08-04-2013 00:00,251.928,2
09-04-2013 00:00,243.579,2
10-04-2013 00:00,226.291,2
11-04-2013 00:00,225.822,2
12-04-2013 00:00,240.267,2
13-04-2013 00:00,241.328,2
14-04-2013 00:00,229.155,2
15-04-2013 00:00,244.101,2
16-04-2013 00:00,249.316,2
17-04-2013 00:00,241.987,2
18-04-2013 00:00,284.99,2
19-04-2013 00:00,264.218,2
20-04-2013 00:00,242.52,2
21-04-2013 00:00,227.385,2
22-04-2013 00:00,216.328,2
23-04-2013 00:00,224.627,2
24-04-2013 00:00,219.949,2
25-04-2013 00:00,243.708,2
26-04-2013 00:00,412.019,2
27-04-2013 00:00,344.561,2
28-04-2013 00:00,278.596,2
29-04-2013 00:00,258.504,2
30-04-2013 00:00,254.488,2
01-05-2013 00:00,231.218,2
02-05-2013 00:00,220.286,2
03-05-2013 00:00,213.519,2
04-05-2013 00:00,203.82,2
05-05-2013 00:00,192.993,2
06-05-2013 00:00,191.932,2
07-05-2013 00:00,193.219,2
08-05-2013 00:00,399.133,2
09-05-2013 00:00,630.364,2
10-05-2013 00:00,708.354,2
11-05-2013 00:00,515.529,2
12-05-2013 00:00,396.316,2
13-05-2013 00:00,343.207,2
14-05-2013 00:00,298.66,2
15-05-2013 00:00,266.106,2
16-05-2013 00:00,239.472,2
17-05-2013 00:00,219.332,2
18-05-2013 00:00,198.95,2
19-05-2013 00:00,194.396,2
20-05-2013 00:00,220.394,2
21-05-2013 00:00,210.027,2
22-05-2013 00:00,909.021,2
23-05-2013 00:00,1115.749,2
24-05-2013 00:00,812.596,2
25-05-2013 00:00,664.389,2
26-05-2013 00:00,581.756,2
27-05-2013 00:00,592.388,2
28-05-2013 00:00,484.179,2
29-05-2013 00:00,362.593,2
30-05-2013 00:00,302.297,2
31-05-2013 00:00,284.114,2
01-06-2013 00:00,314.805,2
02-06-2013 00:00,251.276,2
03-06-2013 00:00,218.854,2
04-06-2013 00:00,203.568,2
05-06-2013 00:00,200.714,2
06-06-2013 00:00,192.739,2
07-06-2013 00:00,188.487,2
08-06-2013 00:00,195.767,2
09-06-2013 00:00,206.199,2
10-06-2013 00:00,190.257,2
11-06-2013 00:00,198.104,2
12-06-2013 00:00,248.21,2
13-06-2013 00:00,374.547,2
14-06-2013 00:00,539.694,2
15-06-2013 00:00,470.421,2
16-06-2013 00:00,570.773,2
17-06-2013 00:00,469.697,2
18-06-2013 00:00,349.614,2
19-06-2013 00:00,301.03,2
20-06-2013 00:00,314.911,2
21-06-2013 00:00,270.818,2
22-06-2013 00:00,253.006,2
23-06-2013 00:00,284.771,2
24-06-2013 00:00,291.707,2
25-06-2013 00:00,241.022,2
26-06-2013 00:00,208.322,2
27-06-2013 00:00,297.005,2
28-06-2013 00:00,287.328,2
29-06-2013 00:00,263.639,2
30-06-2013 00:00,256.448,2
01-07-2013 00:00,218.039,2
02-07-2013 00:00,190.707,2
03-07-2013 00:00,170.612,2
04-07-2013 00:00,163.072,2
05-07-2013 00:00,153.977,2
06-07-2013 00:00,145.974,2
07-07-2013 00:00,139.347,2
08-07-2013 00:00,134.808,2
09-07-2013 00:00,134.219,2
10-07-2013 00:00,131.874,2
11-07-2013 00:00,130.758,2
12-07-2013 00:00,129.978,2
13-07-2013 00:00,132.731,2
14-07-2013 00:00,126.739,2
15-07-2013 00:00,123.863,2
16-07-2013 00:00,122.59,2
17-07-2013 00:00,124.435,2
18-07-2013 00:00,125.23,2
19-07-2013 00:00,121.561,2
20-07-2013 00:00,121.759,2
21-07-2013 00:00,117.453,2
22-07-2013 00:00,114.797,2
23-07-2013 00:00,112.71,2
24-07-2013 00:00,111.184,2
25-07-2013 00:00,121.584,2
26-07-2013 00:00,139.024,2
27-07-2013 00:00,137.523,2
28-07-2013 00:00,128.944,2
29-07-2013 00:00,117.19,2
30-07-2013 00:00,114.723,2
31-07-2013 00:00,130.194,2
01-08-2013 00:00,134.18,2
02-08-2013 00:00,122.256,2
03-08-2013 00:00,113.076,2
04-08-2013 00:00,108.496,2
05-08-2013 00:00,106.868,2
06-08-2013 00:00,109.429,2
07-08-2013 00:00,108.788,2
08-08-2013 00:00,147.007,2
09-08-2013 00:00,198.94,2
10-08-2013 00:00,157.454,2
11-08-2013 00:00,187.152,2
12-08-2013 00:00,214.845,2
13-08-2013 00:00,240.657,2
14-08-2013 00:00,272.658,2
15-08-2013 00:00,237.938,2
16-08-2013 00:00,173.846,2
17-08-2013 00:00,231.037,2
18-08-2013 00:00,270.375,2
19-08-2013 00:00,209.73,2
20-08-2013 00:00,168.501,2
21-08-2013 00:00,150.255,2
22-08-2013 00:00,139.245,2
23-08-2013 00:00,130.305,2
24-08-2013 00:00,124.031,2
25-08-2013 00:00,118.738,2
26-08-2013 00:00,116.925,2
27-08-2013 00:00,116.885,2
28-08-2013 00:00,116.266,2
29-08-2013 00:00,115.969,2
30-08-2013 00:00,118.154,2
31-08-2013 00:00,139.181,2
01-09-2013 00:00,131.587,2
02-09-2013 00:00,184.736,2
03-09-2013 00:00,214.46,2
04-09-2013 00:00,174.917,2
05-09-2013 00:00,159.875,2
06-09-2013 00:00,145.03,2
07-09-2013 00:00,133.805,2
08-09-2013 00:00,121.75,2
09-09-2013 00:00,130.385,2
10-09-2013 00:00,207.804,2
11-09-2013 00:00,278.373,2
12-09-2013 00:00,277.15,2
13-09-2013 00:00,214.94,2
14-09-2013 00:00,180.808,2
15-09-2013 00:00,204.688,2
16-09-2013 00:00,206.056,2
17-09-2013 00:00,189.136,2
18-09-2013 00:00,190.171,2
19-09-2013 00:00,194.284,2
20-09-2013 00:00,184.681,2
21-09-2013 00:00,167.525,2
22-09-2013 00:00,157.262,2
23-09-2013 00:00,157.823,2
24-09-2013 00:00,150.537,2
25-09-2013 00:00,142.545,2
26-09-2013 00:00,132.731,2
27-09-2013 00:00,133.416,2
28-09-2013 00:00,130.182,2
29-09-2013 00:00,125.819,2
30-09-2013 00:00,123.015,2
01-10-2013 00:00,121.718,2
02-10-2013 00:00,121.362,2
03-10-2013 00:00,121.174,2
04-10-2013 00:00,117.517,2
05-10-2013 00:00,114.408,2
06-10-2013 00:00,113.308,2
07-10-2013 00:00,114.825,2
08-10-2013 00:00,116.016,2
09-10-2013 00:00,137.622,2
10-10-2013 00:00,132.016,2
11-10-2013 00:00,125.564,2
12-10-2013 00:00,116.941,2
13-10-2013 00:00,124.562,2
14-10-2013 00:00,297.594,2
15-10-2013 00:00,327.378,2
16-10-2013 00:00,232.053,2
17-10-2013 00:00,187.778,2
18-10-2013 00:00,170.993,2
19-10-2013 00:00,159.199,2
20-10-2013 00:00,238.991,2
21-10-2013 00:00,321.732,2
22-10-2013 00:00,408.593,2
23-10-2013 00:00,350.608,2
24-10-2013 00:00,248.065,2
25-10-2013 00:00,224.108,2
26-10-2013 00:00,221.08,2
27-10-2013 00:00,200.464,2
28-10-2013 00:00,239.069,2
29-10-2013 00:00,271.396,2
30-10-2013 00:00,250.928,2
31-10-2013 00:00,220.772,2
01-11-2013 00:00,252.679,2
02-11-2013 00:00,261.807,2
03-11-2013 00:00,293.906,2
04-11-2013 00:00,303.769,2
05-11-2013 00:00,293.33,2
06-11-2013 00:00,259.863,2
07-11-2013 00:00,228.596,2
08-11-2013 00:00,257.64,2
09-11-2013 00:00,274.52,2
10-11-2013 00:00,398.92,2
11-11-2013 00:00,477.011,2
12-11-2013 00:00,434.225,2
13-11-2013 00:00,529.916,2
14-11-2013 00:00,439.362,2
15-11-2013 00:00,349.119,2
16-11-2013 00:00,293.386,2
17-11-2013 00:00,255.807,2
18-11-2013 00:00,231.804,2
19-11-2013 00:00,235.34,2
20-11-2013 00:00,251.32,2
21-11-2013 00:00,238.01,2
22-11-2013 00:00,217.862,2
23-11-2013 00:00,204.288,2
24-11-2013 00:00,193.052,2
25-11-2013 00:00,186.759,2
26-11-2013 00:00,185.51,2
27-11-2013 00:00,212.7,2
28-11-2013 00:00,229.194,2
29-11-2013 00:00,228.831,2
30-11-2013 00:00,303.133,2
01-12-2013 00:00,294.492,2
02-12-2013 00:00,250.519,2
03-12-2013 00:00,224.193,2
04-12-2013 00:00,239.5,2
05-12-2013 00:00,286.55,2
06-12-2013 00:00,337.206,2
07-12-2013 00:00,319.652,2
08-12-2013 00:00,283.253,2
09-12-2013 00:00,362.198,2
10-12-2013 00:00,385.465,2
11-12-2013 00:00,349.698,2
12-12-2013 00:00,304.077,2
13-12-2013 00:00,289.455,2
14-12-2013 00:00,415.271,2
15-12-2013 00:00,470.626,2
16-12-2013 00:00,437.367,2
17-12-2013 00:00,407.891,2
18-12-2013 00:00,379.426,2
19-12-2013 00:00,363.084,2
20-12-2013 00:00,370.077,2
21-12-2013 00:00,361.512,2
22-12-2013 00:00,351.162,2
23-12-2013 00:00,334.881,2
24-12-2013 00:00,374.348,2
25-12-2013 00:00,414.569,2
26-12-2013 00:00,369.722,2
27-12-2013 00:00,368.423,2
28-12-2013 00:00,452.542,2
29-12-2013 00:00,448.125,2
30-12-2013 00:00,390.633,2
31-12-2013 00:00,342.457,2
01-01-2014 00:00,313.636,2
02-01-2014 00:00,306.977,2
03-01-2014 00:00,375.965,2
04-01-2014 00:00,409.132,2
05-01-2014 00:00,381.972,2
06-01-2014 00:00,366.853,2
07-01-2014 00:00,432.56,2
08-01-2014 00:00,439.762,2
09-01-2014 00:00,479.551,2
10-01-2014 00:00,737.626,2
11-01-2014 00:00,726.459,2
12-01-2014 00:00,757.597,2
13-01-2014 00:00,601.025,2
14-01-2014 00:00,575.845,2
15-01-2014 00:00,568.966,2
16-01-2014 00:00,549.678,2
17-01-2014 00:00,577.764,2
18-01-2014 00:00,622.297,2
19-01-2014 00:00,616.817,2
20-01-2014 00:00,516.794,2
21-01-2014 00:00,475.287,2
22-01-2014 00:00,512.193,2
23-01-2014 00:00,510.193,2
24-01-2014 00:00,458.533,2
25-01-2014 00:00,377.783,2
26-01-2014 00:00,333.603,2
27-01-2014 00:00,323.858,2
28-01-2014 00:00,325.499,2
29-01-2014 00:00,318.399,2
30-01-2014 00:00,305.43,2
31-01-2014 00:00,299.362,2
01-02-2014 00:00,306.601,2
02-02-2014 00:00,475.592,2
03-02-2014 00:00,453.503,2
04-02-2014 00:00,380.364,2
05-02-2014 00:00,349.249,2
06-02-2014 00:00,342.528,2
07-02-2014 00:00,408.252,2
08-02-2014 00:00,589.016,2
09-02-2014 00:00,665.824,2
10-02-2014 00:00,653.636,2
11-02-2014 00:00,540.659,2
12-02-2014 00:00,504.025,2
13-02-2014 00:00,495.188,2
14-02-2014 00:00,483.713,2
15-02-2014 00:00,459.5,2
16-02-2014 00:00,446.831,2
17-02-2014 00:00,425.835,2
18-02-2014 00:00,405.881,2
19-02-2014 00:00,403.826,2
20-02-2014 00:00,402.941,2
21-02-2014 00:00,489.719,2
22-02-2014 00:00,679.969,2
23-02-2014 00:00,609.811,2
24-02-2014 00:00,533.248,2
25-02-2014 00:00,494.536,2
26-02-2014 00:00,458.792,2
27-02-2014 00:00,442.035,2
28-02-2014 00:00,431.537,2
01-03-2014 00:00,406.134,2
02-03-2014 00:00,394.004,2
03-03-2014 00:00,359.049,2
04-03-2014 00:00,340.631,2
05-03-2014 00:00,322.376,2
06-03-2014 00:00,307.82,2
07-03-2014 00:00,305.939,2
08-03-2014 00:00,292.46,2
09-03-2014 00:00,282.073,2
10-03-2014 00:00,274.337,2
11-03-2014 00:00,270.509,2
12-03-2014 00:00,268.544,2
13-03-2014 00:00,263.457,2
14-03-2014 00:00,243.479,2
15-03-2014 00:00,246.25,2
16-03-2014 00:00,277.209,2
17-03-2014 00:00,328.655,2
18-03-2014 00:00,311.501,2
19-03-2014 00:00,296.455,2
20-03-2014 00:00,276.977,2
21-03-2014 00:00,254.079,2
22-03-2014 00:00,250.301,2
23-03-2014 00:00,250.163,2
24-03-2014 00:00,252.06,2
25-03-2014 00:00,259.65,2
26-03-2014 00:00,392.626,2
27-03-2014 00:00,392.775,2
28-03-2014 00:00,355.464,2
29-03-2014 00:00,308.056,2
30-03-2014 00:00,279.063,2
31-03-2014 00:00,273.988,2
01-04-2014 00:00,264.851,2
02-04-2014 00:00,260.883,2
03-04-2014 00:00,243.465,2
04-04-2014 00:00,237.206,2
05-04-2014 00:00,232.779,2
06-04-2014 00:00,231.78,2
07-04-2014 00:00,245.105,2
08-04-2014 00:00,269.83,2
09-04-2014 00:00,267.267,2
10-04-2014 00:00,247.703,2
11-04-2014 00:00,240.671,2
12-04-2014 00:00,242.228,2
13-04-2014 00:00,242.904,2
14-04-2014 00:00,279.308,2
15-04-2014 00:00,298.264,2
16-04-2014 00:00,260.011,2
17-04-2014 00:00,232.561,2
18-04-2014 00:00,300.379,2
19-04-2014 00:00,298.089,2
20-04-2014 00:00,246.803,2
21-04-2014 00:00,224.583,2
22-04-2014 00:00,223.148,2
23-04-2014 00:00,218.248,2
24-04-2014 00:00,214.041,2
25-04-2014 00:00,214.421,2
26-04-2014 00:00,223.993,2
27-04-2014 00:00,240.825,2
28-04-2014 00:00,234.927,2
29-04-2014 00:00,229.753,2
30-04-2014 00:00,223.346,2
01-05-2014 00:00,208.531,2
02-05-2014 00:00,199.159,2
03-05-2014 00:00,194.833,2
04-05-2014 00:00,182.142,2
05-05-2014 00:00,178.742,2
06-05-2014 00:00,181.772,2
07-05-2014 00:00,260.217,2
08-05-2014 00:00,437.852,2
09-05-2014 00:00,490.742,2
10-05-2014 00:00,527.953,2
11-05-2014 00:00,534.516,2
12-05-2014 00:00,512.025,2
13-05-2014 00:00,475.728,2
14-05-2014 00:00,556.527,2
15-05-2014 00:00,651.116,2
16-05-2014 00:00,517.339,2
17-05-2014 00:00,424.09,2
18-05-2014 00:00,386.703,2
19-05-2014 00:00,514.466,2
20-05-2014 00:00,464.424,2
21-05-2014 00:00,400.62,2
22-05-2014 00:00,334.75,2
23-05-2014 00:00,291.358,2
24-05-2014 00:00,257.085,2
25-05-2014 00:00,229.789,2
26-05-2014 00:00,211.184,2
27-05-2014 00:00,201.345,2
28-05-2014 00:00,198.012,2
29-05-2014 00:00,186.651,2
30-05-2014 00:00,176.962,2
31-05-2014 00:00,169.014,2
01-06-2014 00:00,162.37,2
02-06-2014 00:00,162.629,2
03-06-2014 00:00,164.271,2
04-06-2014 00:00,176.972,2
05-06-2014 00:00,184.754,2
06-06-2014 00:00,202.98,2
07-06-2014 00:00,210.309,2
08-06-2014 00:00,199.805,2
09-06-2014 00:00,175.508,2
10-06-2014 00:00,159.043,2
11-06-2014 00:00,143.597,2
12-06-2014 00:00,146.319,2
13-06-2014 00:00,147.191,2
14-06-2014 00:00,142.011,2
15-06-2014 00:00,134.121,2
16-06-2014 00:00,128.981,2
17-06-2014 00:00,124.046,2
18-06-2014 00:00,119.244,2
19-06-2014 00:00,115.259,2
20-06-2014 00:00,170.655,2
21-06-2014 00:00,241.395,2
22-06-2014 00:00,208.615,2
23-06-2014 00:00,161.159,2
24-06-2014 00:00,136.164,2
25-06-2014 00:00,121.146,2
26-06-2014 00:00,121.055,2
27-06-2014 00:00,136.239,2
28-06-2014 00:00,135.944,2
29-06-2014 00:00,130.047,2
30-06-2014 00:00,115.751,2
01-07-2014 00:00,109.438,2
02-07-2014 00:00,117.11,2
03-07-2014 00:00,133.563,2
04-07-2014 00:00,131.395,2
05-07-2014 00:00,125.945,2
06-07-2014 00:00,110.812,2
07-07-2014 00:00,106.306,2
08-07-2014 00:00,115.772,2
09-07-2014 00:00,112.776,2
10-07-2014 00:00,106.142,2
11-07-2014 00:00,98.402,2
12-07-2014 00:00,92.791,2
13-07-2014 00:00,220.984,2
14-07-2014 00:00,438.199,2
15-07-2014 00:00,356.304,2
16-07-2014 00:00,241.139,2
17-07-2014 00:00,180.28,2
18-07-2014 00:00,150.363,2
19-07-2014 00:00,137.44,2
20-07-2014 00:00,124.945,2
21-07-2014 00:00,113.646,2
22-07-2014 00:00,113.67,2
23-07-2014 00:00,107.063,2
24-07-2014 00:00,104.231,2
25-07-2014 00:00,96.411,2
26-07-2014 00:00,92.994,2
27-07-2014 00:00,90.255,2
28-07-2014 00:00,87.953,2
29-07-2014 00:00,88.274,2
30-07-2014 00:00,88.398,2
31-07-2014 00:00,90.357,2
01-08-2014 00:00,90.941,2
02-08-2014 00:00,89.846,2
03-08-2014 00:00,97.487,2
04-08-2014 00:00,151.942,2
05-08-2014 00:00,275.333,2
06-08-2014 00:00,278.095,2
07-08-2014 00:00,222.343,2
08-08-2014 00:00,171.819,2
09-08-2014 00:00,143.286,2
10-08-2014 00:00,133.858,2
11-08-2014 00:00,147.663,2
12-08-2014 00:00,171.973,2
13-08-2014 00:00,187.878,2
14-08-2014 00:00,179.068,2
15-08-2014 00:00,151.595,2
16-08-2014 00:00,174.385,2
17-08-2014 00:00,206.28,2
18-08-2014 00:00,307.334,2
19-08-2014 00:00,314.062,2
20-08-2014 00:00,266.191,2
21-08-2014 00:00,217.115,2
22-08-2014 00:00,175.428,2
23-08-2014 00:00,184.729,2
24-08-2014 00:00,198.516,2
25-08-2014 00:00,210.47,2
26-08-2014 00:00,206.255,2
27-08-2014 00:00,192.261,2
28-08-2014 00:00,171.755,2
29-08-2014 00:00,157.2,2
30-08-2014 00:00,206.352,2
31-08-2014 00:00,364.697,2
01-09-2014 00:00,469.946,2
02-09-2014 00:00,375.572,2
03-09-2014 00:00,272.471,2
04-09-2014 00:00,199.375,2
05-09-2014 00:00,164.968,2
06-09-2014 00:00,149.217,2
07-09-2014 00:00,140.553,2
08-09-2014 00:00,153.001,2
09-09-2014 00:00,162.79,2
10-09-2014 00:00,222.022,2
11-09-2014 00:00,235.472,2
12-09-2014 00:00,186.677,2
13-09-2014 00:00,159.498,2
14-09-2014 00:00,180.954,2
15-09-2014 00:00,179.187,2
16-09-2014 00:00,142.127,2
17-09-2014 00:00,127.357,2
18-09-2014 00:00,122.257,2
19-09-2014 00:00,122.039,2
20-09-2014 00:00,122.068,2
21-09-2014 00:00,122.097,2
22-09-2014 00:00,138.831,2
23-09-2014 00:00,170.216,2
24-09-2014 00:00,175.925,2
25-09-2014 00:00,207.207,2
26-09-2014 00:00,200.109,2
27-09-2014 00:00,170.664,2
28-09-2014 00:00,146.431,2
29-09-2014 00:00,130.915,2
30-09-2014 00:00,125.603,2
01-10-2014 00:00,135.677,2
02-10-2014 00:00,153.507,2
03-10-2014 00:00,147.9,2
04-10-2014 00:00,141.581,2
05-10-2014 00:00,126.281,2
06-10-2014 00:00,119.754,2
07-10-2014 00:00,126.891,2
08-10-2014 00:00,189.929,2
09-10-2014 00:00,191.417,2
10-10-2014 00:00,161.729,2
11-10-2014 00:00,141.453,2
12-10-2014 00:00,151.818,2
13-10-2014 00:00,174.636,2
14-10-2014 00:00,370.874,2
15-10-2014 00:00,459.261,2
16-10-2014 00:00,512.678,2
17-10-2014 00:00,590.814,2
18-10-2014 00:00,671.397,2
19-10-2014 00:00,506.306,2
20-10-2014 00:00,591.635,2
21-10-2014 00:00,463.108,2
22-10-2014 00:00,432.25,2
23-10-2014 00:00,408.389,2
24-10-2014 00:00,344.602,2
25-10-2014 00:00,319.043,2
26-10-2014 00:00,328.915,2
27-10-2014 00:00,283.653,2
28-10-2014 00:00,266.725,2
29-10-2014 00:00,272.08,2
30-10-2014 00:00,263.443,2
31-10-2014 00:00,232.399,2
01-11-2014 00:00,208.92,2
02-11-2014 00:00,192.945,2
03-11-2014 00:00,196.468,2
04-11-2014 00:00,212.678,2
05-11-2014 00:00,260.274,2
06-11-2014 00:00,383.574,2
07-11-2014 00:00,328.682,2
08-11-2014 00:00,254.681,2
09-11-2014 00:00,218.471,2
10-11-2014 00:00,199.041,2
11-11-2014 00:00,198.82,2
12-11-2014 00:00,198.736,2
13-11-2014 00:00,196.716,2
14-11-2014 00:00,188.113,2
15-11-2014 00:00,182.515,2
16-11-2014 00:00,168.234,2
17-11-2014 00:00,225.194,2
18-11-2014 00:00,270.782,2
19-11-2014 00:00,274.68,2
20-11-2014 00:00,254.096,2
21-11-2014 00:00,225.077,2
22-11-2014 00:00,204.837,2
23-11-2014 00:00,188.079,2
24-11-2014 00:00,214.202,2
25-11-2014 00:00,289.117,2
26-11-2014 00:00,283.143,2
27-11-2014 00:00,253.539,2
28-11-2014 00:00,226.107,2
29-11-2014 00:00,205.035,2
30-11-2014 00:00,188.278,2
01-12-2014 00:00,176.226,2
02-12-2014 00:00,171.936,2
03-12-2014 00:00,169.825,2
04-12-2014 00:00,169.948,2
05-12-2014 00:00,175.543,2
06-12-2014 00:00,187.337,2
07-12-2014 00:00,195.227,2
08-12-2014 00:00,299.626,2
09-12-2014 00:00,293.997,2
10-12-2014 00:00,291.432,2
11-12-2014 00:00,423.302,2
12-12-2014 00:00,481.736,2
13-12-2014 00:00,652.163,2
14-12-2014 00:00,539.706,2
15-12-2014 00:00,440.5,2
16-12-2014 00:00,417.109,2
17-12-2014 00:00,369.549,2
18-12-2014 00:00,365.648,2
19-12-2014 00:00,559.415,2
20-12-2014 00:00,532.628,2
21-12-2014 00:00,499.976,2
22-12-2014 00:00,697.803,2
23-12-2014 00:00,739.897,2
24-12-2014 00:00,701.051,2
25-12-2014 00:00,856.66,2
26-12-2014 00:00,715.054,2
27-12-2014 00:00,578.971,2
28-12-2014 00:00,498.168,2
29-12-2014 00:00,456.499,2
30-12-2014 00:00,422.908,2
31-12-2014 00:00,459.773,2
01-01-2015 00:00,460.244,2
02-01-2015 00:00,456.086,2
03-01-2015 00:00,470.207,2
04-01-2015 00:00,440.564,2
05-01-2015 00:00,403.43,2
06-01-2015 00:00,379.777,2
07-01-2015 00:00,344.549,2
08-01-2015 00:00,364.031,2
09-01-2015 00:00,425.452,2
10-01-2015 00:00,600.025,2
11-01-2015 00:00,703.861,2
12-01-2015 00:00,621.443,2
13-01-2015 00:00,621.642,2
14-01-2015 00:00,625.967,2
15-01-2015 00:00,608.171,2
16-01-2015 00:00,791.443,2
17-01-2015 00:00,742.227,2
18-01-2015 00:00,653.175,2
19-01-2015 00:00,589.34,2
20-01-2015 00:00,618.637,2
21-01-2015 00:00,670.744,2
22-01-2015 00:00,596.211,2
23-01-2015 00:00,535.171,2
24-01-2015 00:00,502.842,2
25-01-2015 00:00,478.373,2
26-01-2015 00:00,470.89,2
27-01-2015 00:00,582.828,2
28-01-2015 00:00,580.046,2
29-01-2015 00:00,575.849,2
30-01-2015 00:00,566.685,2
31-01-2015 00:00,520.907,2
01-02-2015 00:00,492.455,2
02-02-2015 00:00,487.408,2
03-02-2015 00:00,477.946,2
04-02-2015 00:00,441.455,2
05-02-2015 00:00,408.916,2
06-02-2015 00:00,376.747,2
07-02-2015 00:00,399.118,2
08-02-2015 00:00,406.223,2
09-02-2015 00:00,382.07,2
10-02-2015 00:00,349.428,2
11-02-2015 00:00,318.925,2
12-02-2015 00:00,297.101,2
13-02-2015 00:00,298,2
14-02-2015 00:00,299,2
15-02-2015 00:00,297,2
16-02-2015 00:00,301,2
17-02-2015 00:00,312.01,2
18-02-2015 00:00,310.149,2
19-02-2015 00:00,319.74,2
20-02-2015 00:00,327.59,2
21-02-2015 00:00,450.954,2
22-02-2015 00:00,640.968,2
23-02-2015 00:00,612.832,2
24-02-2015 00:00,647.536,2
25-02-2015 00:00,587.885,2
26-02-2015 00:00,500.998,2
27-02-2015 00:00,457.092,2
28-02-2015 00:00,441.276,2
01-03-2015 00:00,442.93,2
02-03-2015 00:00,467.045,2
03-03-2015 00:00,457.729,2
04-03-2015 00:00,452.56,2
05-03-2015 00:00,421.473,2
06-03-2015 00:00,395.577,2
07-03-2015 00:00,381.276,2
08-03-2015 00:00,362.891,2
09-03-2015 00:00,349.823,2
10-03-2015 00:00,341.98,2
11-03-2015 00:00,346.653,2
12-03-2015 00:00,316.933,2
13-03-2015 00:00,290.797,2
14-03-2015 00:00,277.944,2
15-03-2015 00:00,270.107,2
16-03-2015 00:00,268.634,2
17-03-2015 00:00,264.411,2
18-03-2015 00:00,262.594,2
19-03-2015 00:00,267.486,2
20-03-2015 00:00,274.315,2
21-03-2015 00:00,320.199,2
22-03-2015 00:00,332.905,2
23-03-2015 00:00,298.342,2
24-03-2015 00:00,282.59,2
25-03-2015 00:00,271.286,2
26-03-2015 00:00,256.639,2
27-03-2015 00:00,252.073,2
28-03-2015 00:00,254.195,2
29-03-2015 00:00,327.322,2
30-03-2015 00:00,541.329,2
31-03-2015 00:00,640.965,2
01-04-2015 00:00,645.274,2
02-04-2015 00:00,565.169,2
03-04-2015 00:00,477.824,2
04-04-2015 00:00,417.308,2
05-04-2015 00:00,384.093,2
06-04-2015 00:00,355.234,2
07-04-2015 00:00,325.84,2
08-04-2015 00:00,314.586,2
09-04-2015 00:00,304.406,2
10-04-2015 00:00,301.436,2
11-04-2015 00:00,288.247,2
12-04-2015 00:00,291.594,2
13-04-2015 00:00,478.596,2
14-04-2015 00:00,557.336,2
15-04-2015 00:00,535.29,2
16-04-2015 00:00,483.275,2
17-04-2015 00:00,433.388,2
18-04-2015 00:00,360.886,2
19-04-2015 00:00,299.907,2
20-04-2015 00:00,271.619,2
21-04-2015 00:00,256.325,2
22-04-2015 00:00,249.662,2
23-04-2015 00:00,242.381,2
24-04-2015 00:00,234.622,2
25-04-2015 00:00,233.733,2
26-04-2015 00:00,245.53,2
27-04-2015 00:00,247.231,2
28-04-2015 00:00,238.678,2
29-04-2015 00:00,241.92,2
30-04-2015 00:00,276.688,2
01-05-2015 00:00,335.329,2
02-05-2015 00:00,288.701,2
03-05-2015 00:00,251.757,2
04-05-2015 00:00,277.614,2
05-05-2015 00:00,314.178,2
06-05-2015 00:00,384.235,2
07-05-2015 00:00,391.791,2
08-05-2015 00:00,323.241,2
09-05-2015 00:00,277.745,2
10-05-2015 00:00,258.471,2
11-05-2015 00:00,255.225,2
12-05-2015 00:00,250.087,2
13-05-2015 00:00,280.839,2
14-05-2015 00:00,301.469,2
15-05-2015 00:00,276.521,2
16-05-2015 00:00,249.265,2
17-05-2015 00:00,247.807,2
18-05-2015 00:00,279.32,2
19-05-2015 00:00,389.379,2
20-05-2015 00:00,404.779,2
21-05-2015 00:00,313.115,2
22-05-2015 00:00,258.633,2
23-05-2015 00:00,237.248,2
24-05-2015 00:00,225.245,2
25-05-2015 00:00,211.303,2
26-05-2015 00:00,213.78,2
27-05-2015 00:00,205.711,2
28-05-2015 00:00,214.088,2
29-05-2015 00:00,295.575,2
30-05-2015 00:00,312.45,2
31-05-2015 00:00,294.82,2
01-06-2015 00:00,370.729,2
02-06-2015 00:00,406.872,2
03-06-2015 00:00,389.972,2
04-06-2015 00:00,329.679,2
05-06-2015 00:00,258.794,2
06-06-2015 00:00,219.178,2
07-06-2015 00:00,192.126,2
08-06-2015 00:00,182.805,2
09-06-2015 00:00,180.097,2
10-06-2015 00:00,179.143,2
11-06-2015 00:00,178.445,2
12-06-2015 00:00,178.141,2
13-06-2015 00:00,178.563,2
14-06-2015 00:00,192.545,2
15-06-2015 00:00,184.319,2
16-06-2015 00:00,168.228,2
17-06-2015 00:00,170.508,2
18-06-2015 00:00,270.887,2
19-06-2015 00:00,312.593,2
20-06-2015 00:00,287.041,2
21-06-2015 00:00,227.003,2
22-06-2015 00:00,203.916,2
23-06-2015 00:00,255.953,2
24-06-2015 00:00,223.822,2
25-06-2015 00:00,184.599,2
26-06-2015 00:00,170.134,2
27-06-2015 00:00,172.71,2
28-06-2015 00:00,172.024,2
29-06-2015 00:00,194.15,2
30-06-2015 00:00,194.85,2
01-07-2015 00:00,174.277,2
02-07-2015 00:00,159.035,2
03-07-2015 00:00,145.549,2
04-07-2015 00:00,138.647,2
05-07-2015 00:00,136.815,2
06-07-2015 00:00,160.706,2
07-07-2015 00:00,178.325,2
08-07-2015 00:00,242.653,2
09-07-2015 00:00,307.139,2
10-07-2015 00:00,422.724,2
11-07-2015 00:00,345.765,2
12-07-2015 00:00,246.319,2
13-07-2015 00:00,212.995,2
14-07-2015 00:00,206.363,2
15-07-2015 00:00,175.271,2
16-07-2015 00:00,154.731,2
17-07-2015 00:00,147.596,2
18-07-2015 00:00,142.866,2
19-07-2015 00:00,136.65,2
20-07-2015 00:00,204.846,2
21-07-2015 00:00,251.664,2
22-07-2015 00:00,210.786,2
23-07-2015 00:00,171.593,2
24-07-2015 00:00,151.475,2
25-07-2015 00:00,152.061,2
26-07-2015 00:00,241.774,2
27-07-2015 00:00,292.778,2
28-07-2015 00:00,341.336,2
29-07-2015 00:00,420.453,2
30-07-2015 00:00,327.786,2
31-07-2015 00:00,291.455,2
01-08-2015 00:00,276.318,2
02-08-2015 00:00,219.525,2
03-08-2015 00:00,187.234,2
04-08-2015 00:00,166.253,2
05-08-2015 00:00,200.826,2
06-08-2015 00:00,201.955,2
07-08-2015 00:00,175.656,2
08-08-2015 00:00,157.754,2
09-08-2015 00:00,138.721,2
10-08-2015 00:00,130.087,2
11-08-2015 00:00,166.588,2
12-08-2015 00:00,199.694,2
13-08-2015 00:00,165.699,2
14-08-2015 00:00,141.705,2
15-08-2015 00:00,126.929,2
16-08-2015 00:00,140.62,2
17-08-2015 00:00,173.315,2
18-08-2015 00:00,153.586,2
19-08-2015 00:00,138.216,2
20-08-2015 00:00,129.456,2
21-08-2015 00:00,123.538,2
22-08-2015 00:00,118.83,2
23-08-2015 00:00,113.445,2
24-08-2015 00:00,115.047,2
25-08-2015 00:00,141.254,2
26-08-2015 00:00,161.35,2
27-08-2015 00:00,200.524,2
28-08-2015 00:00,318.959,2
29-08-2015 00:00,252.566,2
30-08-2015 00:00,178.864,2
31-08-2015 00:00,187.081,2
01-09-2015 00:00,506.308,2
02-09-2015 00:00,474.366,2
03-09-2015 00:00,315.416,2
04-09-2015 00:00,235.13,2
05-09-2015 00:00,302.014,2
06-09-2015 00:00,674.744,2
07-09-2015 00:00,601.365,2
08-09-2015 00:00,434.81,2
09-09-2015 00:00,324.54,2
10-09-2015 00:00,275.493,2
11-09-2015 00:00,236.587,2
12-09-2015 00:00,208.502,2
13-09-2015 00:00,193.956,2
14-09-2015 00:00,190.512,2
15-09-2015 00:00,258.966,2
16-09-2015 00:00,371.266,2
17-09-2015 00:00,430.256,2
18-09-2015 00:00,331.684,2
19-09-2015 00:00,242.835,2
20-09-2015 00:00,286.259,2
21-09-2015 00:00,324.475,2
22-09-2015 00:00,323.839,2
23-09-2015 00:00,508.98,2
24-09-2015 00:00,630.549,2
25-09-2015 00:00,479.517,2
26-09-2015 00:00,389.321,2
27-09-2015 00:00,315.954,2
28-09-2015 00:00,255.631,2
29-09-2015 00:00,227.548,2
30-09-2015 00:00,207.282,2
01-10-2015 00:00,194.201,2
02-10-2015 00:00,186.683,2
03-10-2015 00:00,180.476,2
04-10-2015 00:00,173.668,2
05-10-2015 00:00,169.306,2
06-10-2015 00:00,169.996,2
07-10-2015 00:00,171.261,2
08-10-2015 00:00,167.58,2
09-10-2015 00:00,171.687,2
10-10-2015 00:00,163.57,2
11-10-2015 00:00,156.469,2
12-10-2015 00:00,154.348,2
13-10-2015 00:00,167.911,2
14-10-2015 00:00,259.733,2
15-10-2015 00:00,238.596,2
16-10-2015 00:00,195.142,2
17-10-2015 00:00,190.641,2
18-10-2015 00:00,180.05,2
19-10-2015 00:00,169.051,2
20-10-2015 00:00,166.896,2
21-10-2015 00:00,168.795,2
22-10-2015 00:00,171.317,2
23-10-2015 00:00,170.169,2
24-10-2015 00:00,164.802,2
25-10-2015 00:00,154.73,2
26-10-2015 00:00,154.103,2
27-10-2015 00:00,154.029,2
28-10-2015 00:00,154.512,2
29-10-2015 00:00,151.409,2
30-10-2015 00:00,150.235,2
31-10-2015 00:00,147.001,2
01-11-2015 00:00,143.523,2
02-11-2015 00:00,146.06,2
03-11-2015 00:00,150.875,2
04-11-2015 00:00,150.937,2
05-11-2015 00:00,179.799,2
06-11-2015 00:00,221.578,2
07-11-2015 00:00,229.713,2
08-11-2015 00:00,335.92,2
09-11-2015 00:00,430.103,2
10-11-2015 00:00,482.936,2
11-11-2015 00:00,436.706,2
12-11-2015 00:00,529.98,2
13-11-2015 00:00,489.726,2
14-11-2015 00:00,476.315,2
15-11-2015 00:00,405.447,2
16-11-2015 00:00,366.61,2
17-11-2015 00:00,401.28,2
18-11-2015 00:00,596.051,2
19-11-2015 00:00,759.709,2
20-11-2015 00:00,674.769,2
21-11-2015 00:00,556.935,2
22-11-2015 00:00,553.507,2
23-11-2015 00:00,560.872,2
24-11-2015 00:00,579.876,2
25-11-2015 00:00,853.845,2
26-11-2015 00:00,870.64,2
27-11-2015 00:00,754.755,2
28-11-2015 00:00,718.75,2
29-11-2015 00:00,805.126,2
30-11-2015 00:00,884.291,2
01-12-2015 00:00,807.231,2
02-12-2015 00:00,737.81,2
03-12-2015 00:00,694.444,2
04-12-2015 00:00,698.203,2
05-12-2015 00:00,675.397,2
06-12-2015 00:00,667.854,2
07-12-2015 00:00,620.298,2
08-12-2015 00:00,565.18,2
09-12-2015 00:00,527.513,2
10-12-2015 00:00,492.134,2
11-12-2015 00:00,533.35,2
12-12-2015 00:00,594.436,2
13-12-2015 00:00,562.414,2
14-12-2015 00:00,540.679,2
15-12-2015 00:00,636.224,2
16-12-2015 00:00,666.85,2
17-12-2015 00:00,626.471,2
18-12-2015 00:00,597.887,2
19-12-2015 00:00,531.12,2
20-12-2015 00:00,488.336,2
21-12-2015 00:00,460.49,2
22-12-2015 00:00,524.688,2
23-12-2015 00:00,691.84,2
24-12-2015 00:00,719.072,2
25-12-2015 00:00,638.134,2
26-12-2015 00:00,691.882,2
27-12-2015 00:00,1228.795,2
28-12-2015 00:00,1246.38,2
29-12-2015 00:00,1023.797,2
30-12-2015 00:00,910.037,2
31-12-2015 00:00,821.787,2
01-01-2016 00:00,751.957,2
02-01-2016 00:00,702.946,2
03-01-2016 00:00,629.125,2
04-01-2016 00:00,524.472,2
05-01-2016 00:00,480.205,2
06-01-2016 00:00,462.386,2
07-01-2016 00:00,439.116,2
08-01-2016 00:00,426.914,2
09-01-2016 00:00,425.848,2
10-01-2016 00:00,445.089,2
11-01-2016 00:00,527.338,2
12-01-2016 00:00,525.952,2
13-01-2016 00:00,494.34,2
14-01-2016 00:00,455.27,2
15-01-2016 00:00,418.005,2
16-01-2016 00:00,385.571,2
17-01-2016 00:00,360.407,2
18-01-2016 00:00,341.367,2
19-01-2016 00:00,337.162,2
20-01-2016 00:00,337.765,2
21-01-2016 00:00,321.894,2
22-01-2016 00:00,307.259,2
23-01-2016 00:00,297.453,2
24-01-2016 00:00,308.217,2
25-01-2016 00:00,418.684,2
26-01-2016 00:00,463.448,2
27-01-2016 00:00,499.334,2
28-01-2016 00:00,595.708,2
29-01-2016 00:00,537.392,2
30-01-2016 00:00,567.607,2
31-01-2016 00:00,627.242,2
01-02-2016 00:00,561.55,2
02-02-2016 00:00,584.173,2
03-02-2016 00:00,533.306,2
04-02-2016 00:00,486.348,2
05-02-2016 00:00,478.705,2
06-02-2016 00:00,478.046,2
07-02-2016 00:00,459.17,2
08-02-2016 00:00,459.921,2
09-02-2016 00:00,499.698,2
10-02-2016 00:00,696.203,2
11-02-2016 00:00,857.455,2
12-02-2016 00:00,710.308,2
13-02-2016 00:00,630.931,2
14-02-2016 00:00,585.154,2
15-02-2016 00:00,521.075,2
16-02-2016 00:00,503.052,2
17-02-2016 00:00,478.406,2
18-02-2016 00:00,465.051,2
19-02-2016 00:00,454.5,2
20-02-2016 00:00,475.008,2
21-02-2016 00:00,623.597,2
22-02-2016 00:00,663.932,2
23-02-2016 00:00,577.997,2
24-02-2016 00:00,507.432,2
25-02-2016 00:00,470.033,2
26-02-2016 00:00,443.674,2
27-02-2016 00:00,413.598,2
28-02-2016 00:00,392.378,2
29-02-2016 00:00,377.279,2
01-03-2016 00:00,353.204,2
02-03-2016 00:00,402.349,2
03-03-2016 00:00,651.064,2
04-03-2016 00:00,618.608,2
05-03-2016 00:00,534.414,2
06-03-2016 00:00,643.143,2
07-03-2016 00:00,805.727,2
08-03-2016 00:00,794.06,2
09-03-2016 00:00,742.45,2
10-03-2016 00:00,658.575,2
11-03-2016 00:00,601.008,2
12-03-2016 00:00,556.75,2
13-03-2016 00:00,531.813,2
14-03-2016 00:00,478.291,2
15-03-2016 00:00,456.717,2
16-03-2016 00:00,431.108,2
17-03-2016 00:00,414.01,2
18-03-2016 00:00,384.02,2
19-03-2016 00:00,359.28,2
20-03-2016 00:00,344.782,2
21-03-2016 00:00,334.634,2
22-03-2016 00:00,332.627,2
23-03-2016 00:00,326.217,2
24-03-2016 00:00,316.212,2
25-03-2016 00:00,308.894,2
26-03-2016 00:00,311.553,2
27-03-2016 00:00,307.445,2
28-03-2016 00:00,328.948,2
29-03-2016 00:00,342.719,2
30-03-2016 00:00,341.092,2
31-03-2016 00:00,396.249,2
01-04-2016 00:00,347.098,2
02-04-2016 00:00,311.567,2
03-04-2016 00:00,292.644,2
04-04-2016 00:00,288.319,2
05-04-2016 00:00,294.513,2
06-04-2016 00:00,475.592,2
07-04-2016 00:00,510.989,2
08-04-2016 00:00,452.963,2
09-04-2016 00:00,394.515,2
10-04-2016 00:00,355.335,2
11-04-2016 00:00,332.731,2
12-04-2016 00:00,320.014,2
13-04-2016 00:00,314.181,2
14-04-2016 00:00,385.832,2
15-04-2016 00:00,377.62,2
16-04-2016 00:00,346.494,2
17-04-2016 00:00,309.344,2
18-04-2016 00:00,283.505,2
19-04-2016 00:00,264.497,2
20-04-2016 00:00,255.376,2
21-04-2016 00:00,245.098,2
22-04-2016 00:00,234.33,2
23-04-2016 00:00,226.295,2
24-04-2016 00:00,223.112,2
25-04-2016 00:00,240.278,2
26-04-2016 00:00,314.468,2
27-04-2016 00:00,624.756,2
28-04-2016 00:00,610.361,2
29-04-2016 00:00,488.332,2
30-04-2016 00:00,391.675,2
01-05-2016 00:00,347.372,2
02-05-2016 00:00,326.276,2
03-05-2016 00:00,335.72,2
04-05-2016 00:00,339.891,2
05-05-2016 00:00,289.772,2
06-05-2016 00:00,244.451,2
07-05-2016 00:00,224.22,2
08-05-2016 00:00,213.219,2
09-05-2016 00:00,207.463,2
10-05-2016 00:00,206.821,2
11-05-2016 00:00,204.943,2
12-05-2016 00:00,197.235,2
13-05-2016 00:00,194.183,2
14-05-2016 00:00,190.211,2
15-05-2016 00:00,254.952,2
16-05-2016 00:00,277.729,2
17-05-2016 00:00,232.721,2
18-05-2016 00:00,210.766,2
19-05-2016 00:00,202.279,2
20-05-2016 00:00,210.074,2
21-05-2016 00:00,213.096,2
22-05-2016 00:00,242.759,2
23-05-2016 00:00,241.863,2
24-05-2016 00:00,231.562,2
25-05-2016 00:00,230.41,2
26-05-2016 00:00,228.848,2
27-05-2016 00:00,228.892,2
28-05-2016 00:00,229.032,2
29-05-2016 00:00,228.598,2
30-05-2016 00:00,308.976,2
31-05-2016 00:00,325.342,2
01-06-2016 00:00,328.227,2
02-06-2016 00:00,265.465,2
03-06-2016 00:00,224.021,2
04-06-2016 00:00,208.397,2
05-06-2016 00:00,203.293,2
06-06-2016 00:00,199.852,2
07-06-2016 00:00,201.315,2
08-06-2016 00:00,207.747,2
09-06-2016 00:00,208.777,2
10-06-2016 00:00,203.367,2
11-06-2016 00:00,197.646,2
12-06-2016 00:00,190.86,2
13-06-2016 00:00,186.596,2
14-06-2016 00:00,193.941,2
15-06-2016 00:00,218.8,2
16-06-2016 00:00,347.409,2
17-06-2016 00:00,423.586,2
18-06-2016 00:00,292.598,2
19-06-2016 00:00,219.958,2
20-06-2016 00:00,189.743,2
21-06-2016 00:00,209.163,2
22-06-2016 00:00,222.427,2
23-06-2016 00:00,190.767,2
24-06-2016 00:00,185.217,2
25-06-2016 00:00,187.528,2
26-06-2016 00:00,162.135,2
27-06-2016 00:00,143.234,2
28-06-2016 00:00,134.051,2
29-06-2016 00:00,140.972,2
30-06-2016 00:00,174.282,2
01-07-2016 00:00,244.013,2
02-07-2016 00:00,285.731,2
03-07-2016 00:00,313.201,2
04-07-2016 00:00,327.911,2
05-07-2016 00:00,285.106,2
06-07-2016 00:00,566.297,2
07-07-2016 00:00,727.764,2
08-07-2016 00:00,515.319,2
09-07-2016 00:00,415.751,2
10-07-2016 00:00,365.059,2
11-07-2016 00:00,503.027,2
12-07-2016 00:00,572.145,2
13-07-2016 00:00,475.857,2
14-07-2016 00:00,359.385,2
15-07-2016 00:00,299.986,2
16-07-2016 00:00,256.127,2
17-07-2016 00:00,221.047,2
18-07-2016 00:00,202.583,2
19-07-2016 00:00,204.366,2
20-07-2016 00:00,196.23,2
21-07-2016 00:00,175.821,2
22-07-2016 00:00,159.241,2
23-07-2016 00:00,148.192,2
24-07-2016 00:00,139.973,2
25-07-2016 00:00,134.361,2
26-07-2016 00:00,132.453,2
27-07-2016 00:00,131.241,2
28-07-2016 00:00,129.199,2
29-07-2016 00:00,129.531,2
30-07-2016 00:00,147.953,2
31-07-2016 00:00,174.39,2
01-08-2016 00:00,170.692,2
02-08-2016 00:00,176.782,2
03-08-2016 00:00,173.245,2
04-08-2016 00:00,244.009,2
05-08-2016 00:00,236.958,2
06-08-2016 00:00,198.962,2
07-08-2016 00:00,158.785,2
08-08-2016 00:00,135.925,2
09-08-2016 00:00,134.443,2
10-08-2016 00:00,125.487,2
11-08-2016 00:00,156.564,2
12-08-2016 00:00,152.116,2
13-08-2016 00:00,138.008,2
14-08-2016 00:00,139.893,2
15-08-2016 00:00,131.596,2
16-08-2016 00:00,122.681,2
17-08-2016 00:00,117.081,2
18-08-2016 00:00,114.075,2
19-08-2016 00:00,113.357,2
20-08-2016 00:00,113.578,2
21-08-2016 00:00,114.194,2
22-08-2016 00:00,116.951,2
23-08-2016 00:00,153.669,2
24-08-2016 00:00,169.594,2
25-08-2016 00:00,152.928,2
26-08-2016 00:00,133.004,2
27-08-2016 00:00,120.949,2
28-08-2016 00:00,136.351,2
29-08-2016 00:00,179.074,2
30-08-2016 00:00,169.767,2
31-08-2016 00:00,149.644,2
01-09-2016 00:00,136.069,2
02-09-2016 00:00,129.622,2
03-09-2016 00:00,129.998,2
04-09-2016 00:00,129.895,2
05-09-2016 00:00,156.635,2
06-09-2016 00:00,159.374,2
07-09-2016 00:00,149.617,2
08-09-2016 00:00,141.285,2
09-09-2016 00:00,133.435,2
10-09-2016 00:00,125.898,2
11-09-2016 00:00,118.526,2
12-09-2016 00:00,113.926,2
13-09-2016 00:00,113.912,2
14-09-2016 00:00,115.095,2
15-09-2016 00:00,116.096,2
16-09-2016 00:00,117.372,2
17-09-2016 00:00,117.165,2
18-09-2016 00:00,116.213,2
19-09-2016 00:00,115.493,2
20-09-2016 00:00,116.286,2
21-09-2016 00:00,123.925,2
22-09-2016 00:00,131.176,2
23-09-2016 00:00,133.568,2
24-09-2016 00:00,129.528,2
25-09-2016 00:00,125.548,2
26-09-2016 00:00,122.468,2
27-09-2016 00:00,122.593,2
28-09-2016 00:00,127.168,2
29-09-2016 00:00,139.921,2
30-09-2016 00:00,178.11,2
01-10-2016 00:00,194.68,2
02-10-2016 00:00,186.623,2
03-10-2016 00:00,276.359,2
04-10-2016 00:00,336.208,2
05-10-2016 00:00,266.826,2
06-10-2016 00:00,227.527,2
07-10-2016 00:00,235.491,2
08-10-2016 00:00,197.525,2
09-10-2016 00:00,180.661,2
10-10-2016 00:00,197.344,2
11-10-2016 00:00,229.752,2
12-10-2016 00:00,192.882,2
13-10-2016 00:00,168.662,2
14-10-2016 00:00,155.477,2
15-10-2016 00:00,146.179,2
16-10-2016 00:00,202.799,2
17-10-2016 00:00,226.048,2
18-10-2016 00:00,201.338,2
19-10-2016 00:00,192.147,2
20-10-2016 00:00,216.365,2
21-10-2016 00:00,273.255,2
22-10-2016 00:00,337.644,2
23-10-2016 00:00,331.485,2
24-10-2016 00:00,252.328,2
25-10-2016 00:00,200.163,2
26-10-2016 00:00,176.408,2
27-10-2016 00:00,171.001,2
28-10-2016 00:00,190.088,2
29-10-2016 00:00,217.794,2
30-10-2016 00:00,190.489,2
31-10-2016 00:00,170.477,2
01-11-2016 00:00,220.965,2
02-11-2016 00:00,233.573,2
03-11-2016 00:00,221.731,2
04-11-2016 00:00,212.435,2
05-11-2016 00:00,283.146,2
06-11-2016 00:00,402.797,2
07-11-2016 00:00,362.651,2
08-11-2016 00:00,267.688,2
09-11-2016 00:00,228.624,2
10-11-2016 00:00,219.477,2
11-11-2016 00:00,212.695,2
12-11-2016 00:00,199.642,2
13-11-2016 00:00,183.521,2
14-11-2016 00:00,176.811,2
15-11-2016 00:00,233.249,2
16-11-2016 00:00,272.261,2
17-11-2016 00:00,275.035,2
18-11-2016 00:00,297.315,2
19-11-2016 00:00,320.198,2
20-11-2016 00:00,298.78,2
21-11-2016 00:00,268.061,2
22-11-2016 00:00,245.462,2
23-11-2016 00:00,254.455,2
24-11-2016 00:00,257.273,2
25-11-2016 00:00,248.924,2
26-11-2016 00:00,230.667,2
27-11-2016 00:00,207.022,2
28-11-2016 00:00,191.482,2
29-11-2016 00:00,179.621,2
30-11-2016 00:00,166.586,2
01-12-2016 00:00,171.369,2
02-12-2016 00:00,176.166,2
03-12-2016 00:00,166.913,2
04-12-2016 00:00,158.16,2
05-12-2016 00:00,155.613,2
06-12-2016 00:00,160.013,2
07-12-2016 00:00,166.108,2
08-12-2016 00:00,194.094,2
09-12-2016 00:00,188.05,2
10-12-2016 00:00,334.374,2
11-12-2016 00:00,390.372,2
12-12-2016 00:00,317.765,2
13-12-2016 00:00,264.249,2
14-12-2016 00:00,237.252,2
15-12-2016 00:00,214.049,2
16-12-2016 00:00,201.794,2
17-12-2016 00:00,190.204,2
18-12-2016 00:00,187.184,2
19-12-2016 00:00,189.891,2
20-12-2016 00:00,185.064,2
21-12-2016 00:00,183.566,2
22-12-2016 00:00,182.523,2
23-12-2016 00:00,184.428,2
24-12-2016 00:00,197.427,2
25-12-2016 00:00,213.905,2
26-12-2016 00:00,205.42,2
27-12-2016 00:00,195.783,2
28-12-2016 00:00,188.456,2
29-12-2016 00:00,181.588,2
30-12-2016 00:00,176.784,2
31-12-2016 00:00,176.918,2
01-01-2017 00:00,197.061,2
02-01-2017 00:00,240.607,2
03-01-2017 00:00,225.009,2
04-01-2017 00:00,236.478,2
05-01-2017 00:00,203.652,2
06-01-2017 00:00,177.28,2
07-01-2017 00:00,173.177,2
08-01-2017 00:00,198.876,2
09-01-2017 00:00,190.978,2
10-01-2017 00:00,194.599,2
11-01-2017 00:00,202.952,2
12-01-2017 00:00,260.288,2
13-01-2017 00:00,245.196,2
14-01-2017 00:00,222.705,2
15-01-2017 00:00,207.26,2
16-01-2017 00:00,190.24,2
17-01-2017 00:00,180.777,2
18-01-2017 00:00,175.708,2
19-01-2017 00:00,184.478,2
20-01-2017 00:00,184.082,2
21-01-2017 00:00,184.993,2
22-01-2017 00:00,188.957,2
23-01-2017 00:00,186.689,2
24-01-2017 00:00,181.547,2
25-01-2017 00:00,181.064,2
26-01-2017 00:00,176.701,2
27-01-2017 00:00,174.178,2
28-01-2017 00:00,168.472,2
29-01-2017 00:00,163.809,2
30-01-2017 00:00,167.717,2
31-01-2017 00:00,166.044,2
01-02-2017 00:00,164.304,2
02-02-2017 00:00,162.148,2
03-02-2017 00:00,160.214,2
04-02-2017 00:00,171.873,2
05-02-2017 00:00,186.51,2
06-02-2017 00:00,183.617,2
07-02-2017 00:00,169.59,2
08-02-2017 00:00,162.153,2
09-02-2017 00:00,166.896,2
10-02-2017 00:00,167.872,2
11-02-2017 00:00,161.211,2
12-02-2017 00:00,154.933,2
13-02-2017 00:00,147.15,2
14-02-2017 00:00,142.821,2
15-02-2017 00:00,151.342,2
16-02-2017 00:00,160.474,2
17-02-2017 00:00,171.277,2
18-02-2017 00:00,169.709,2
19-02-2017 00:00,176.618,2
20-02-2017 00:00,214.913,2
21-02-2017 00:00,284.863,2
22-02-2017 00:00,343.652,2
23-02-2017 00:00,374.507,2
24-02-2017 00:00,475.344,2
25-02-2017 00:00,483.995,2
26-02-2017 00:00,668.775,2
27-02-2017 00:00,665.686,2
28-02-2017 00:00,539.726,2
01-03-2017 00:00,422.721,2
02-03-2017 00:00,411.634,2
03-03-2017 00:00,402.472,2
04-03-2017 00:00,359.155,2
05-03-2017 00:00,348.212,2
06-03-2017 00:00,395.523,2
07-03-2017 00:00,328.598,2
08-03-2017 00:00,285.257,2
09-03-2017 00:00,264.677,2
10-03-2017 00:00,234.957,2
11-03-2017 00:00,216.746,2
12-03-2017 00:00,198.813,2
13-03-2017 00:00,189.855,2
14-03-2017 00:00,186.078,2
15-03-2017 00:00,178.865,2
16-03-2017 00:00,176.821,2
17-03-2017 00:00,180.023,2
18-03-2017 00:00,273.387,2
19-03-2017 00:00,342.298,2
20-03-2017 00:00,350.392,2
21-03-2017 00:00,505.074,2
22-03-2017 00:00,445.341,2
23-03-2017 00:00,342.315,2
24-03-2017 00:00,323.768,2
25-03-2017 00:00,316.435,2
26-03-2017 00:00,302.289,2
27-03-2017 00:00,285.552,2
28-03-2017 00:00,250.301,2
29-03-2017 00:00,219.974,2
30-03-2017 00:00,228.348,2
31-03-2017 00:00,265.09,2
01-04-2017 00:00,231.216,2
02-04-2017 00:00,211.142,2
03-04-2017 00:00,201.485,2
04-04-2017 00:00,193.772,2
05-04-2017 00:00,197.364,2
06-04-2017 00:00,196.646,2
07-04-2017 00:00,192.843,2
08-04-2017 00:00,189.753,2
09-04-2017 00:00,185.469,2
10-04-2017 00:00,182.965,2
11-04-2017 00:00,175.814,2
12-04-2017 00:00,257.652,2
13-04-2017 00:00,249.937,2
14-04-2017 00:00,229.744,2
15-04-2017 00:00,324.061,2
16-04-2017 00:00,492.855,2
17-04-2017 00:00,378.023,2
18-04-2017 00:00,292.096,2
19-04-2017 00:00,259.255,2
20-04-2017 00:00,244.3,2
21-04-2017 00:00,230.166,2
22-04-2017 00:00,216.992,2
23-04-2017 00:00,208.561,2
24-04-2017 00:00,255.501,2
25-04-2017 00:00,286.917,2
26-04-2017 00:00,246.762,2
27-04-2017 00:00,219.509,2
28-04-2017 00:00,241.802,2
29-04-2017 00:00,355.621,2
30-04-2017 00:00,459.805,2
01-05-2017 00:00,371.76,2
02-05-2017 00:00,297.319,2
03-05-2017 00:00,236.461,2
04-05-2017 00:00,200.388,2
05-05-2017 00:00,189.087,2
06-05-2017 00:00,187.376,2
07-05-2017 00:00,181.862,2
08-05-2017 00:00,199.971,2
09-05-2017 00:00,197.787,2
10-05-2017 00:00,238.318,2
11-05-2017 00:00,284.195,2
12-05-2017 00:00,287.084,2
13-05-2017 00:00,230.787,2
14-05-2017 00:00,190.11,2
15-05-2017 00:00,175.984,2
16-05-2017 00:00,176.014,2
17-05-2017 00:00,181.959,2
18-05-2017 00:00,183.807,2
19-05-2017 00:00,178.501,2
20-05-2017 00:00,170.453,2
21-05-2017 00:00,159.07,2
22-05-2017 00:00,159.804,2
23-05-2017 00:00,164.606,2
24-05-2017 00:00,163.742,2
25-05-2017 00:00,155.556,2
26-05-2017 00:00,147.202,2
27-05-2017 00:00,142.223,2
28-05-2017 00:00,136.005,2
29-05-2017 00:00,130.068,2
30-05-2017 00:00,135.402,2
31-05-2017 00:00,135.208,2
01-06-2017 00:00,130.445,2
02-06-2017 00:00,134.452,2
03-06-2017 00:00,134.277,2
04-06-2017 00:00,151.996,2
05-06-2017 00:00,241.318,2
06-06-2017 00:00,233.774,2
07-06-2017 00:00,356.102,2
08-06-2017 00:00,472.273,2
09-06-2017 00:00,429.271,2
10-06-2017 00:00,317.081,2
11-06-2017 00:00,232.039,2
12-06-2017 00:00,228.717,2
13-06-2017 00:00,218.246,2
14-06-2017 00:00,180.301,2
15-06-2017 00:00,157.59,2
16-06-2017 00:00,191.741,2
17-06-2017 00:00,216.637,2
18-06-2017 00:00,190.421,2
19-06-2017 00:00,170.538,2
20-06-2017 00:00,159.31,2
21-06-2017 00:00,126.328,2
22-06-2017 00:00,134.531,2
23-06-2017 00:00,146.698,2
24-06-2017 00:00,200.433,2
25-06-2017 00:00,251.809,2
26-06-2017 00:00,201.897,2
27-06-2017 00:00,149.741,2
28-06-2017 00:00,128.048,2
29-06-2017 00:00,141.343,2
30-06-2017 00:00,205.329,2
01-07-2017 00:00,317.817,2
02-07-2017 00:00,256.001,2
03-07-2017 00:00,180.368,2
04-07-2017 00:00,177.215,2
05-07-2017 00:00,159.59,2
06-07-2017 00:00,140.829,2
07-07-2017 00:00,127.647,2
08-07-2017 00:00,130.682,2
09-07-2017 00:00,127.869,2
10-07-2017 00:00,119.474,2
11-07-2017 00:00,121.582,2
12-07-2017 00:00,136.621,2
13-07-2017 00:00,127.484,2
14-07-2017 00:00,117.117,2
15-07-2017 00:00,106.588,2
16-07-2017 00:00,117.41,2
17-07-2017 00:00,162.362,2
18-07-2017 00:00,145.635,2
19-07-2017 00:00,127.245,2
20-07-2017 00:00,111.744,2
21-07-2017 00:00,150.09,2
22-07-2017 00:00,185.355,2
23-07-2017 00:00,165.902,2
24-07-2017 00:00,320.795,2
25-07-2017 00:00,365.667,2
26-07-2017 00:00,257.558,2
27-07-2017 00:00,196.687,2
28-07-2017 00:00,236.678,2
29-07-2017 00:00,207.153,2
30-07-2017 00:00,250.827,2
31-07-2017 00:00,417.383,2
01-08-2017 00:00,372.695,2
02-08-2017 00:00,269.252,2
03-08-2017 00:00,365.39,2
04-08-2017 00:00,891.436,2
05-08-2017 00:00,775.499,2
06-08-2017 00:00,461.177,2
07-08-2017 00:00,335.522,2
08-08-2017 00:00,294.663,2
09-08-2017 00:00,248.747,2
10-08-2017 00:00,220.413,2
11-08-2017 00:00,190.564,2
12-08-2017 00:00,172.894,2
13-08-2017 00:00,167.841,2
14-08-2017 00:00,152.85,2
15-08-2017 00:00,143.704,2
16-08-2017 00:00,181.496,2
17-08-2017 00:00,194.993,2
18-08-2017 00:00,250.235,2
19-08-2017 00:00,260.782,2
20-08-2017 00:00,215.493,2
21-08-2017 00:00,310.378,2
22-08-2017 00:00,289.825,2
23-08-2017 00:00,206.574,2
24-08-2017 00:00,168.635,2
25-08-2017 00:00,151.923,2
26-08-2017 00:00,136.709,2
27-08-2017 00:00,123.558,2
28-08-2017 00:00,117.644,2
29-08-2017 00:00,120.01,2
30-08-2017 00:00,134.524,2
31-08-2017 00:00,251.463,2
01-09-2017 00:00,252.049,2
02-09-2017 00:00,188.414,2
03-09-2017 00:00,147.006,2
04-09-2017 00:00,130.7,2
05-09-2017 00:00,124.504,2
06-09-2017 00:00,171.291,2
07-09-2017 00:00,596.325,2
08-09-2017 00:00,686.862,2
09-09-2017 00:00,651.545,2
10-09-2017 00:00,895.226,2
11-09-2017 00:00,689.12,2
12-09-2017 00:00,503.339,2
13-09-2017 00:00,523.851,2
14-09-2017 00:00,662.505,2
15-09-2017 00:00,588.142,2
16-09-2017 00:00,455.829,2
17-09-2017 00:00,416.679,2
18-09-2017 00:00,371.894,2
19-09-2017 00:00,324.973,2
20-09-2017 00:00,422.938,2
21-09-2017 00:00,485.528,2
22-09-2017 00:00,450,2
23-09-2017 00:00,361.602,2
24-09-2017 00:00,305.376,2
25-09-2017 00:00,263.912,2
26-09-2017 00:00,241.705,2
27-09-2017 00:00,228.357,2
28-09-2017 00:00,217.721,2
29-09-2017 00:00,436.797,2
30-09-2017 00:00,488.747,2
01-10-2017 00:00,391.319,2
02-10-2017 00:00,420.865,2
03-10-2017 00:00,568.929,2
04-10-2017 00:00,569.814,2
05-10-2017 00:00,615.648,2
06-10-2017 00:00,482.291,2
07-10-2017 00:00,458.726,2
08-10-2017 00:00,662.406,2
09-10-2017 00:00,654.998,2
10-10-2017 00:00,560.557,2
11-10-2017 00:00,510.191,2
12-10-2017 00:00,538.065,2
13-10-2017 00:00,470.298,2
14-10-2017 00:00,403.238,2
15-10-2017 00:00,347.163,2
16-10-2017 00:00,325.943,2
17-10-2017 00:00,312.592,2
18-10-2017 00:00,301.381,2
19-10-2017 00:00,295.606,2
20-10-2017 00:00,298.132,2
21-10-2017 00:00,454.139,2
22-10-2017 00:00,550.4,2
23-10-2017 00:00,558.781,2
24-10-2017 00:00,484.892,2
25-10-2017 00:00,655.628,2
26-10-2017 00:00,639.995,2
27-10-2017 00:00,578.256,2
28-10-2017 00:00,499.014,2
29-10-2017 00:00,429.598,2
30-10-2017 00:00,403.796,2
31-10-2017 00:00,381.303,2
01-11-2017 00:00,353.477,2
02-11-2017 00:00,440.609,2
03-11-2017 00:00,443.207,2
04-11-2017 00:00,380.48,2
05-11-2017 00:00,337.287,2
06-11-2017 00:00,306.127,2
07-11-2017 00:00,290.013,2
08-11-2017 00:00,284.381,2
09-11-2017 00:00,279.857,2
10-11-2017 00:00,301.852,2
11-11-2017 00:00,328.975,2
12-11-2017 00:00,294.966,2
13-11-2017 00:00,268.396,2
14-11-2017 00:00,277.583,2
15-11-2017 00:00,306.369,2
16-11-2017 00:00,282.537,2
17-11-2017 00:00,302.319,2
18-11-2017 00:00,323.917,2
19-11-2017 00:00,375.035,2
20-11-2017 00:00,415.802,2
21-11-2017 00:00,388.438,2
22-11-2017 00:00,513.937,2
23-11-2017 00:00,603.868,2
24-11-2017 00:00,503.636,2
25-11-2017 00:00,441.408,2
26-11-2017 00:00,395.557,2
27-11-2017 00:00,388.963,2
28-11-2017 00:00,532.588,2
29-11-2017 00:00,602.457,2
30-11-2017 00:00,535.946,2
01-12-2017 00:00,453.126,2
02-12-2017 00:00,406.015,2
03-12-2017 00:00,407.13,2
04-12-2017 00:00,390.329,2
05-12-2017 00:00,365.397,2
06-12-2017 00:00,369.405,2
07-12-2017 00:00,391.224,2
08-12-2017 00:00,434.656,2
09-12-2017 00:00,400.247,2
10-12-2017 00:00,355.691,2
11-12-2017 00:00,342.376,2
12-12-2017 00:00,370.188,2
13-12-2017 00:00,473.861,2
14-12-2017 00:00,661.883,2
15-12-2017 00:00,753.289,2
16-12-2017 00:00,627.667,2
17-12-2017 00:00,540.684,2
18-12-2017 00:00,489.509,2
19-12-2017 00:00,450.963,2
20-12-2017 00:00,408.84,2
21-12-2017 00:00,388.778,2
22-12-2017 00:00,378.625,2
23-12-2017 00:00,401.246,2
24-12-2017 00:00,425.908,2
25-12-2017 00:00,587.895,2
26-12-2017 00:00,597.596,2
27-12-2017 00:00,526.91,2
28-12-2017 00:00,500.498,2
29-12-2017 00:00,461.824,2
30-12-2017 00:00,447.392,2
31-12-2017 00:00,520.018,2
01-01-2018 00:00,621.546,2
02-01-2018 00:00,642.671,2
03-01-2018 00:00,686.024,2
04-01-2018 00:00,829.321,2
05-01-2018 00:00,782.763,2
06-01-2018 00:00,736.054,2
07-01-2018 00:00,653.758,2
08-01-2018 00:00,574.266,2
09-01-2018 00:00,538.792,2
10-01-2018 00:00,536.927,2
11-01-2018 00:00,534.955,2
12-01-2018 00:00,496.465,2
13-01-2018 00:00,456.625,2
14-01-2018 00:00,430.223,2
15-01-2018 00:00,426.266,2
16-01-2018 00:00,513.857,2
17-01-2018 00:00,552.413,2
18-01-2018 00:00,503.745,2
19-01-2018 00:00,473.63,2
20-01-2018 00:00,435.788,2
21-01-2018 00:00,403.373,2
22-01-2018 00:00,386.353,2
23-01-2018 00:00,373.842,2
24-01-2018 00:00,472.277,2
25-01-2018 00:00,538.621,2
26-01-2018 00:00,479.106,2
27-01-2018 00:00,426.38,2
28-01-2018 00:00,483.831,2
29-01-2018 00:00,539.12,2
30-01-2018 00:00,530.01,2
31-01-2018 00:00,496.666,2
01-02-2018 00:00,517.846,2
02-02-2018 00:00,488.57,2
03-02-2018 00:00,490.349,2
04-02-2018 00:00,429.351,2
05-02-2018 00:00,399.005,2
06-02-2018 00:00,367.592,2
07-02-2018 00:00,353.43,2
08-02-2018 00:00,339.369,2
09-02-2018 00:00,326.332,2
10-02-2018 00:00,312.304,2
11-02-2018 00:00,313.852,2
12-02-2018 00:00,340.219,2
13-02-2018 00:00,319.952,2
14-02-2018 00:00,300.918,2
15-02-2018 00:00,293.982,2
16-02-2018 00:00,312.897,2
17-02-2018 00:00,369.213,2
18-02-2018 00:00,336.34,2
19-02-2018 00:00,310.38,2
20-02-2018 00:00,299.619,2
21-02-2018 00:00,294.63,2
22-02-2018 00:00,296.897,2
23-02-2018 00:00,290.079,2
24-02-2018 00:00,275.988,2
25-02-2018 00:00,256.538,2
26-02-2018 00:00,242.738,2
27-02-2018 00:00,229.653,2
28-02-2018 00:00,210.769,2
01-03-2018 00:00,210.622,2
02-03-2018 00:00,217.683,2
03-03-2018 00:00,224.861,2
04-03-2018 00:00,221.392,2
05-03-2018 00:00,208.444,2
06-03-2018 00:00,224.251,2
07-03-2018 00:00,244.402,2
08-03-2018 00:00,274.164,2
09-03-2018 00:00,352.506,2
10-03-2018 00:00,355.254,2
11-03-2018 00:00,383.686,2
12-03-2018 00:00,614.684,2
13-03-2018 00:00,1083.724,2
14-03-2018 00:00,860.429,2
15-03-2018 00:00,699.754,2
16-03-2018 00:00,552.13,2
17-03-2018 00:00,476.153,2
18-03-2018 00:00,428.301,2
19-03-2018 00:00,388.339,2
20-03-2018 00:00,368.498,2
21-03-2018 00:00,355.888,2
22-03-2018 00:00,420.839,2
23-03-2018 00:00,487.757,2
24-03-2018 00:00,411.713,2
25-03-2018 00:00,375.495,2
26-03-2018 00:00,364.218,2
27-03-2018 00:00,339.349,2
28-03-2018 00:00,313.786,2
29-03-2018 00:00,293.528,2
30-03-2018 00:00,279.208,2
31-03-2018 00:00,272.826,2
01-04-2018 00:00,265.932,2
02-04-2018 00:00,260.664,2
03-04-2018 00:00,286.576,2
04-04-2018 00:00,336.815,2
05-04-2018 00:00,359.839,2
06-04-2018 00:00,332.796,2
07-04-2018 00:00,307.365,2
08-04-2018 00:00,281.303,2
09-04-2018 00:00,261.489,2
10-04-2018 00:00,255.106,2
11-04-2018 00:00,246.558,2
12-04-2018 00:00,246.545,2
13-04-2018 00:00,250.03,2
14-04-2018 00:00,238.007,2
15-04-2018 00:00,237.272,2
16-04-2018 00:00,252.217,2
17-04-2018 00:00,252.355,2
18-04-2018 00:00,244.566,2
19-04-2018 00:00,238.375,2
20-04-2018 00:00,230.153,2
21-04-2018 00:00,221.826,2
22-04-2018 00:00,210.667,2
23-04-2018 00:00,223.561,2
24-04-2018 00:00,219.465,2
25-04-2018 00:00,230.059,2
26-04-2018 00:00,238.703,2
27-04-2018 00:00,207.893,2
28-04-2018 00:00,206.222,2
29-04-2018 00:00,195.677,2
30-04-2018 00:00,189.72,2
01-05-2018 00:00,218.944,2
02-05-2018 00:00,237.92,2
03-05-2018 00:00,215.264,2
04-05-2018 00:00,197.803,2
05-05-2018 00:00,183.519,2
06-05-2018 00:00,173.234,2
07-05-2018 00:00,170.635,2
08-05-2018 00:00,170.524,2
09-05-2018 00:00,167.954,2
10-05-2018 00:00,160.732,2
11-05-2018 00:00,159.086,2
12-05-2018 00:00,155.83,2
13-05-2018 00:00,151.105,2
14-05-2018 00:00,145.262,2
15-05-2018 00:00,145.66,2
16-05-2018 00:00,145.087,2
17-05-2018 00:00,142.578,2
18-05-2018 00:00,140.197,2
19-05-2018 00:00,147.825,2
20-05-2018 00:00,213.572,2
21-05-2018 00:00,197.846,2
22-05-2018 00:00,173.246,2
23-05-2018 00:00,158.936,2
24-05-2018 00:00,153.001,2
25-05-2018 00:00,143.892,2
26-05-2018 00:00,146.854,2
27-05-2018 00:00,222.084,2
28-05-2018 00:00,266.235,2
29-05-2018 00:00,,2
30-05-2018 00:00,273.779,2
31-05-2018 00:00,191.437,2
01-06-2018 00:00,154.719,2
02-06-2018 00:00,140.007,2
03-06-2018 00:00,126.589,2
04-06-2018 00:00,119.673,2
05-06-2018 00:00,112.668,2
06-06-2018 00:00,108.806,2
07-06-2018 00:00,108.3,2
08-06-2018 00:00,105.875,2
09-06-2018 00:00,101.999,2
10-06-2018 00:00,96.954,2
11-06-2018 00:00,96.072,2
12-06-2018 00:00,97.611,2
13-06-2018 00:00,99.39,2
14-06-2018 00:00,86.609,2
15-06-2018 00:00,82.249,2
16-06-2018 00:00,89.07,2
17-06-2018 00:00,109.577,2
18-06-2018 00:00,111.116,2
19-06-2018 00:00,104.304,2
20-06-2018 00:00,102.113,2
21-06-2018 00:00,96.882,2
22-06-2018 00:00,133.979,2
23-06-2018 00:00,178.744,2
24-06-2018 00:00,149.004,2
25-06-2018 00:00,122.898,2
26-06-2018 00:00,108.576,2
27-06-2018 00:00,99.496,2
28-06-2018 00:00,97.728,2
29-06-2018 00:00,90.779,2
30-06-2018 00:00,86.697,2
01-07-2018 00:00,83.873,2
02-07-2018 00:00,82.601,2
03-07-2018 00:00,70.688,2
04-07-2018 00:00,72.053,2
05-07-2018 00:00,79.385,2
06-07-2018 00:00,83.96,2
07-07-2018 00:00,77.295,2
08-07-2018 00:00,77.081,2
09-07-2018 00:00,80.246,2
10-07-2018 00:00,79.753,2
11-07-2018 00:00,84.021,2
12-07-2018 00:00,100.924,2
13-07-2018 00:00,102.204,2
14-07-2018 00:00,94.965,2
15-07-2018 00:00,87.851,2
16-07-2018 00:00,80.29,2
17-07-2018 00:00,75.524,2
18-07-2018 00:00,83.45,2
19-07-2018 00:00,127.037,2
20-07-2018 00:00,103.442,2
21-07-2018 00:00,84.103,2
22-07-2018 00:00,75.646,2
23-07-2018 00:00,76.802,2
24-07-2018 00:00,77.65,2
25-07-2018 00:00,73.594,2
26-07-2018 00:00,70.212,2
27-07-2018 00:00,70.487,2
28-07-2018 00:00,68.831,2
29-07-2018 00:00,96.34,2
30-07-2018 00:00,99.253,2
31-07-2018 00:00,91.687,2
01-08-2018 00:00,86.085,2
02-08-2018 00:00,92.712,2
03-08-2018 00:00,89.392,2
04-08-2018 00:00,86.981,2
05-08-2018 00:00,99.187,2
06-08-2018 00:00,97.554,2
07-08-2018 00:00,99.612,2
08-08-2018 00:00,90.456,2
09-08-2018 00:00,87.385,2
10-08-2018 00:00,147.045,2
11-08-2018 00:00,163.14,2
12-08-2018 00:00,252.369,2
13-08-2018 00:00,455.498,2
14-08-2018 00:00,455.543,2
15-08-2018 00:00,322.316,2
16-08-2018 00:00,234.285,2
17-08-2018 00:00,174.869,2
18-08-2018 00:00,156.102,2
19-08-2018 00:00,134.478,2
20-08-2018 00:00,131.114,2
21-08-2018 00:00,123.633,2
22-08-2018 00:00,118.284,2
23-08-2018 00:00,106.558,2
24-08-2018 00:00,131.372,2
25-08-2018 00:00,165.671,2
26-08-2018 00:00,234.964,2
27-08-2018 00:00,260.784,2
28-08-2018 00:00,343.419,2
29-08-2018 00:00,305.961,2
30-08-2018 00:00,296.513,2
31-08-2018 00:00,396.964,2
01-09-2018 00:00,334.095,2
02-09-2018 00:00,248.627,2
03-09-2018 00:00,183.555,2
04-09-2018 00:00,154.481,2
05-09-2018 00:00,138.749,2
06-09-2018 00:00,127.716,2
07-09-2018 00:00,122.176,2
08-09-2018 00:00,143.004,2
09-09-2018 00:00,130.697,2
10-09-2018 00:00,116.991,2
11-09-2018 00:00,124.17,2
12-09-2018 00:00,147.196,2
13-09-2018 00:00,135.674,2
14-09-2018 00:00,121.678,2
15-09-2018 00:00,127.138,2
16-09-2018 00:00,126.412,2
17-09-2018 00:00,113.684,2
18-09-2018 00:00,105.382,2
19-09-2018 00:00,103.966,2
20-09-2018 00:00,109.259,2
21-09-2018 00:00,126.369,2
22-09-2018 00:00,154.278,2
23-09-2018 00:00,166.927,2
24-09-2018 00:00,231.5,2
25-09-2018 00:00,306.68,2
26-09-2018 00:00,252.97,2
27-09-2018 00:00,189.976,2
28-09-2018 00:00,153.55,2
29-09-2018 00:00,164.565,2
30-09-2018 00:00,166.573,2
01-10-2018 00:00,141.533,2
02-10-2018 00:00,139.006,2
03-10-2018 00:00,172.702,2
04-10-2018 00:00,170.887,2
05-10-2018 00:00,166.68,2
06-10-2018 00:00,147.197,2
07-10-2018 00:00,182.348,2
08-10-2018 00:00,190.848,2
09-10-2018 00:00,153.1,2
10-10-2018 00:00,135.595,2
11-10-2018 00:00,125.114,2
12-10-2018 00:00,116.231,2
13-10-2018 00:00,110.317,2
14-10-2018 00:00,104.91,2
15-10-2018 00:00,98.125,2
16-10-2018 00:00,96.484,2
17-10-2018 00:00,95.299,2
18-10-2018 00:00,90.661,2
19-10-2018 00:00,93.534,2
20-10-2018 00:00,98.73,2
21-10-2018 00:00,99.328,2
22-10-2018 00:00,104.153,2
23-10-2018 00:00,231.239,2
24-10-2018 00:00,288.748,2
25-10-2018 00:00,294.689,2
26-10-2018 00:00,275.88,2
27-10-2018 00:00,323.235,2
28-10-2018 00:00,279.611,2
29-10-2018 00:00,194.663,2
30-10-2018 00:00,165.809,2
31-10-2018 00:00,165.588,2
01-11-2018 00:00,153.635,2
02-11-2018 00:00,148.369,2
03-11-2018 00:00,143.825,2
04-11-2018 00:00,139.39,2
05-11-2018 00:00,132.551,2
06-11-2018 00:00,129.001,2
07-11-2018 00:00,122.693,2
08-11-2018 00:00,113.927,2
09-11-2018 00:00,105.873,2
10-11-2018 00:00,108.957,2
11-11-2018 00:00,132.197,2
12-11-2018 00:00,167.495,2
13-11-2018 00:00,258.122,2
14-11-2018 00:00,213.725,2
15-11-2018 00:00,172.761,2
16-11-2018 00:00,144.725,2
17-11-2018 00:00,123.229,2
18-11-2018 00:00,113.627,2
19-11-2018 00:00,111.441,2
20-11-2018 00:00,113.347,2
21-11-2018 00:00,110.017,2
22-11-2018 00:00,106.553,2
23-11-2018 00:00,106.774,2
24-11-2018 00:00,106.969,2
25-11-2018 00:00,107.085,2
26-11-2018 00:00,104.408,2
27-11-2018 00:00,103.662,2
28-11-2018 00:00,105.024,2
29-11-2018 00:00,142.733,2
30-11-2018 00:00,236.507,2
01-12-2018 00:00,214.928,2
02-12-2018 00:00,191.58,2
03-12-2018 00:00,242.977,2
04-12-2018 00:00,212.099,2
05-12-2018 00:00,168.531,2
06-12-2018 00:00,156.091,2
07-12-2018 00:00,203.421,2
08-12-2018 00:00,320.361,2
09-12-2018 00:00,369.984,2
10-12-2018 00:00,296.595,2
11-12-2018 00:00,246.261,2
12-12-2018 00:00,219.786,2
13-12-2018 00:00,203.944,2
14-12-2018 00:00,186.645,2
15-12-2018 00:00,166.638,2
16-12-2018 00:00,161.607,2
17-12-2018 00:00,149.786,2
18-12-2018 00:00,144.538,2
19-12-2018 00:00,149.578,2
20-12-2018 00:00,160.137,2
21-12-2018 00:00,193.017,2
22-12-2018 00:00,313.966,2
23-12-2018 00:00,328.976,2
24-12-2018 00:00,292.688,2
25-12-2018 00:00,271.08,2
26-12-2018 00:00,246.832,2
27-12-2018 00:00,207.953,2
28-12-2018 00:00,188.092,2
29-12-2018 00:00,188.232,2
30-12-2018 00:00,251.485,2
31-12-2018 00:00,259.564,2
01-01-2019 00:00,246.76,2
02-01-2019 00:00,195.782,2
03-01-2019 00:00,187.669,2
04-01-2019 00:00,184.957,2
05-01-2019 00:00,182.005,2
06-01-2019 00:00,172.952,2
07-01-2019 00:00,174.984,2
08-01-2019 00:00,252.742,2
09-01-2019 00:00,320.88,2
10-01-2019 00:00,306.1,2
11-01-2019 00:00,283.634,2
12-01-2019 00:00,263.633,2
13-01-2019 00:00,312.76,2
14-01-2019 00:00,337.964,2
15-01-2019 00:00,320.544,2
16-01-2019 00:00,356.371,2
17-01-2019 00:00,414.018,2
18-01-2019 00:00,449.346,2
19-01-2019 00:00,392.907,2
20-01-2019 00:00,352.385,2
21-01-2019 00:00,335.39,2
22-01-2019 00:00,344.041,2
23-01-2019 00:00,329.037,2
24-01-2019 00:00,288.854,2
25-01-2019 00:00,254.267,2
26-01-2019 00:00,237.226,2
27-01-2019 00:00,257.335,2
28-01-2019 00:00,365.628,2
29-01-2019 00:00,405.185,2
30-01-2019 00:00,339.719,2
31-01-2019 00:00,310.146,2
01-02-2019 00:00,313.396,2
02-02-2019 00:00,294.634,2
03-02-2019 00:00,270.147,2
04-02-2019 00:00,256.153,2
05-02-2019 00:00,272.134,2
06-02-2019 00:00,278.548,2
07-02-2019 00:00,332.119,2
08-02-2019 00:00,357.449,2
09-02-2019 00:00,453.771,2
10-02-2019 00:00,478.501,2
11-02-2019 00:00,443.006,2
12-02-2019 00:00,397.284,2
13-02-2019 00:00,376.211,2
14-02-2019 00:00,349.563,2
15-02-2019 00:00,324.486,2
16-02-2019 00:00,304.344,2
17-02-2019 00:00,288.475,2
18-02-2019 00:00,278.633,2
19-02-2019 00:00,275.945,2
20-02-2019 00:00,277.785,2
21-02-2019 00:00,370.826,2
22-02-2019 00:00,399.139,2
23-02-2019 00:00,360.217,2
24-02-2019 00:00,330.379,2
25-02-2019 00:00,317.4,2
26-02-2019 00:00,312.434,2
27-02-2019 00:00,304.252,2
28-02-2019 00:00,279.47,2
01-03-2019 00:00,252.395,2
02-03-2019 00:00,237.253,2
03-03-2019 00:00,243.607,2
04-03-2019 00:00,344.057,2
05-03-2019 00:00,552.47,2
06-03-2019 00:00,627.534,2
07-03-2019 00:00,800.514,2
08-03-2019 00:00,695.187,2
09-03-2019 00:00,602.671,2
10-03-2019 00:00,619.614,2
11-03-2019 00:00,538.235,2
12-03-2019 00:00,489.984,2
13-03-2019 00:00,780.058,2
14-03-2019 00:00,758.956,2
15-03-2019 00:00,823.683,2
16-03-2019 00:00,1050.398,2
17-03-2019 00:00,1132.982,2
18-03-2019 00:00,965.283,2
19-03-2019 00:00,817.355,2
20-03-2019 00:00,730.451,2
21-03-2019 00:00,673.191,2
22-03-2019 00:00,640.01,2
23-03-2019 00:00,586.599,2
24-03-2019 00:00,545.128,2
25-03-2019 00:00,602.777,2
26-03-2019 00:00,603.673,2
27-03-2019 00:00,530.621,2
28-03-2019 00:00,452.604,2
29-03-2019 00:00,409.758,2
30-03-2019 00:00,391.644,2
31-03-2019 00:00,364.817,2
01-04-2019 00:00,351.156,2
02-04-2019 00:00,344.301,2
03-04-2019 00:00,332.7,2
04-04-2019 00:00,332.073,2
05-04-2019 00:00,314.589,2
06-04-2019 00:00,285.022,2
07-04-2019 00:00,259.929,2
08-04-2019 00:00,251.44,2
09-04-2019 00:00,261.075,2
10-04-2019 00:00,259.646,2
11-04-2019 00:00,250.755,2
12-04-2019 00:00,247.635,2
13-04-2019 00:00,234.716,2
14-04-2019 00:00,221.31,2
15-04-2019 00:00,215.2,2
16-04-2019 00:00,209.713,2
17-04-2019 00:00,206.616,2
18-04-2019 00:00,219.607,2
19-04-2019 00:00,209.252,2
20-04-2019 00:00,206.687,2
21-04-2019 00:00,205.575,2
22-04-2019 00:00,200.651,2
23-04-2019 00:00,198.913,2
24-04-2019 00:00,214.684,2
25-04-2019 00:00,215.491,2
26-04-2019 00:00,208.325,2
27-04-2019 00:00,232.554,2
28-04-2019 00:00,308.594,2
29-04-2019 00:00,302.389,2
30-04-2019 00:00,255.007,2
01-05-2019 00:00,240.846,2
02-05-2019 00:00,199.512,2
03-05-2019 00:00,203.015,2
04-05-2019 00:00,237.729,2
05-05-2019 00:00,249.629,2
06-05-2019 00:00,225.569,2
07-05-2019 00:00,222.246,2
08-05-2019 00:00,229.214,2
09-05-2019 00:00,266.523,2
10-05-2019 00:00,288.879,2
11-05-2019 00:00,314.538,2
12-05-2019 00:00,273.014,2
13-05-2019 00:00,222.257,2
14-05-2019 00:00,201.044,2
15-05-2019 00:00,190.292,2
16-05-2019 00:00,177.978,2
17-05-2019 00:00,176.943,2
18-05-2019 00:00,230.931,2
19-05-2019 00:00,214.451,2
20-05-2019 00:00,188.853,2
21-05-2019 00:00,200.832,2
22-05-2019 00:00,285.287,2
23-05-2019 00:00,294.583,2
24-05-2019 00:00,243.649,2
25-05-2019 00:00,206.134,2
26-05-2019 00:00,190.436,2
27-05-2019 00:00,208.451,2
28-05-2019 00:00,195.478,2
29-05-2019 00:00,169.767,2
30-05-2019 00:00,158.777,2
31-05-2019 00:00,184.164,2
01-06-2019 00:00,216.583,2
02-06-2019 00:00,186.729,2
03-06-2019 00:00,170.162,2
04-06-2019 00:00,169.201,2
05-06-2019 00:00,162.641,2
06-06-2019 00:00,157.233,2
07-06-2019 00:00,206.569,2
08-06-2019 00:00,254.071,2
09-06-2019 00:00,256.888,2
10-06-2019 00:00,221.884,2
11-06-2019 00:00,171.324,2
12-06-2019 00:00,199.826,2
13-06-2019 00:00,320.327,2
14-06-2019 00:00,377.363,2
15-06-2019 00:00,348.643,2
16-06-2019 00:00,333.689,2
17-06-2019 00:00,281.999,2
18-06-2019 00:00,228.432,2
19-06-2019 00:00,210.315,2
20-06-2019 00:00,204.275,2
21-06-2019 00:00,203.951,2
22-06-2019 00:00,191.259,2
23-06-2019 00:00,170.326,2
24-06-2019 00:00,165.827,2
25-06-2019 00:00,183.453,2
26-06-2019 00:00,180.202,2
27-06-2019 00:00,115.558,2
28-06-2019 00:00,127.859,2
29-06-2019 00:00,123.304,2
30-06-2019 00:00,114.181,2
01-07-2019 00:00,104.636,2
02-07-2019 00:00,107.25,2
03-07-2019 00:00,108.736,2
04-07-2019 00:00,114.396,2
05-07-2019 00:00,196.957,2
06-07-2019 00:00,213.559,2
07-07-2019 00:00,207.12,2
08-07-2019 00:00,303.043,2
09-07-2019 00:00,344.093,2
10-07-2019 00:00,270.183,2
11-07-2019 00:00,216.335,2
12-07-2019 00:00,188.666,2
13-07-2019 00:00,168.175,2
14-07-2019 00:00,159.532,2
15-07-2019 00:00,132.582,2
16-07-2019 00:00,112.467,2
17-07-2019 00:00,111.444,2
18-07-2019 00:00,108.49,2
19-07-2019 00:00,106.029,2
20-07-2019 00:00,183.407,2
21-07-2019 00:00,175.3,2
22-07-2019 00:00,152.985,2
23-07-2019 00:00,158.578,2
24-07-2019 00:00,145.032,2
25-07-2019 00:00,122.408,2
26-07-2019 00:00,101.085,2
27-07-2019 00:00,95.472,2
28-07-2019 00:00,85.493,2
29-07-2019 00:00,96.578,2
30-07-2019 00:00,92.912,2
31-07-2019 00:00,128.231,2
01-08-2019 00:00,234.853,2
02-08-2019 00:00,235.803,2
03-08-2019 00:00,207.096,2
04-08-2019 00:00,175.67,2
05-08-2019 00:00,147.938,2
06-08-2019 00:00,150.784,2
07-08-2019 00:00,148.143,2
08-08-2019 00:00,184.894,2
09-08-2019 00:00,432.183,2
10-08-2019 00:00,522.849,2
11-08-2019 00:00,774.309,2
12-08-2019 00:00,530.217,2
13-08-2019 00:00,375.951,2
14-08-2019 00:00,301.17,2
15-08-2019 00:00,256.57,2
16-08-2019 00:00,224.225,2
17-08-2019 00:00,217.961,2
18-08-2019 00:00,242.016,2
19-08-2019 00:00,293.969,2
20-08-2019 00:00,277.634,2
21-08-2019 00:00,305.271,2
22-08-2019 00:00,260.484,2
23-08-2019 00:00,207.467,2
24-08-2019 00:00,182.243,2
25-08-2019 00:00,172.753,2
26-08-2019 00:00,158.197,2
27-08-2019 00:00,147.664,2
28-08-2019 00:00,143.148,2
29-08-2019 00:00,141.24,2
30-08-2019 00:00,136.162,2
31-08-2019 00:00,124.066,2
01-09-2019 00:00,118.759,2
02-09-2019 00:00,137.487,2
03-09-2019 00:00,135.803,2
04-09-2019 00:00,123.762,2
05-09-2019 00:00,143.878,2
06-09-2019 00:00,177.841,2
07-09-2019 00:00,202.067,2
08-09-2019 00:00,192.846,2
09-09-2019 00:00,177.789,2
10-09-2019 00:00,260.362,2
11-09-2019 00:00,426.322,2
12-09-2019 00:00,394.057,2
13-09-2019 00:00,406.029,2
14-09-2019 00:00,410.986,2
15-09-2019 00:00,329.539,2
16-09-2019 00:00,270.181,2
17-09-2019 00:00,245.06,2
18-09-2019 00:00,273.61,2
19-09-2019 00:00,260.509,2
20-09-2019 00:00,241.906,2
21-09-2019 00:00,220.051,2
22-09-2019 00:00,184.393,2
23-09-2019 00:00,165.049,2
24-09-2019 00:00,173.629,2
25-09-2019 00:00,167.176,2
26-09-2019 00:00,157.568,2
27-09-2019 00:00,198.126,2
28-09-2019 00:00,271.084,2
29-09-2019 00:00,301.629,2
30-09-2019 00:00,328.34,2
01-10-2019 00:00,333.461,2
02-10-2019 00:00,308.937,2
03-10-2019 00:00,289.377,2
04-10-2019 00:00,267.727,2
05-10-2019 00:00,240.495,2
06-10-2019 00:00,211.151,2
07-10-2019 00:00,186.685,2
08-10-2019 00:00,218.201,2
09-10-2019 00:00,302.867,2
10-10-2019 00:00,350.056,2
11-10-2019 00:00,454.124,2
12-10-2019 00:00,1096.74,2
13-10-2019 00:00,918.035,2
14-10-2019 00:00,890.087,2
15-10-2019 00:00,839.883,2
16-10-2019 00:00,723.45,2
17-10-2019 00:00,652.228,2
18-10-2019 00:00,650.089,2
19-10-2019 00:00,570.661,2
20-10-2019 00:00,574.04,2
21-10-2019 00:00,499.825,2
22-10-2019 00:00,454.706,2
23-10-2019 00:00,416.725,2
24-10-2019 00:00,386.356,2
25-10-2019 00:00,360.67,2
26-10-2019 00:00,344.575,2
27-10-2019 00:00,347.623,2
28-10-2019 00:00,346.847,2
29-10-2019 00:00,342.013,2
30-10-2019 00:00,323.465,2
31-10-2019 00:00,296.84,2
01-11-2019 00:00,286.183,2
02-11-2019 00:00,325.14,2
03-11-2019 00:00,393.941,2
04-11-2019 00:00,379.803,2
05-11-2019 00:00,337.309,2
06-11-2019 00:00,334.466,2
07-11-2019 00:00,342.272,2
08-11-2019 00:00,337.947,2
09-11-2019 00:00,326.196,2
10-11-2019 00:00,309.61,2
11-11-2019 00:00,303.754,2
12-11-2019 00:00,301.795,2
13-11-2019 00:00,295.936,2
14-11-2019 00:00,286.307,2
15-11-2019 00:00,278.999,2
16-11-2019 00:00,346.9,2
17-11-2019 00:00,452.239,2
18-11-2019 00:00,441.053,2
19-11-2019 00:00,412.565,2
20-11-2019 00:00,378.977,2
21-11-2019 00:00,377.834,2
22-11-2019 00:00,405.208,2
23-11-2019 00:00,403.709,2
24-11-2019 00:00,365.982,2
25-11-2019 00:00,339.842,2
26-11-2019 00:00,328.069,2
27-11-2019 00:00,322.167,2
28-11-2019 00:00,364.004,2
29-11-2019 00:00,389.565,2
30-11-2019 00:00,408.55,2
01-12-2019 00:00,373.412,2
02-12-2019 00:00,348.778,2
03-12-2019 00:00,344.982,2
04-12-2019 00:00,364.836,2
05-12-2019 00:00,377.744,2
06-12-2019 00:00,410.319,2
07-12-2019 00:00,439.204,2
08-12-2019 00:00,499.264,2
09-12-2019 00:00,577.488,2
10-12-2019 00:00,519.511,2
11-12-2019 00:00,465.223,2
12-12-2019 00:00,458.001,2
13-12-2019 00:00,451.216,2
14-12-2019 00:00,439.618,2
15-12-2019 00:00,611.316,2
16-12-2019 00:00,629.537,2
17-12-2019 00:00,566.895,2
18-12-2019 00:00,564.414,2
19-12-2019 00:00,505.455,2
20-12-2019 00:00,471.087,2
21-12-2019 00:00,467.974,2
22-12-2019 00:00,461.508,2
23-12-2019 00:00,466.078,2
24-12-2019 00:00,495.34,2
25-12-2019 00:00,472.753,2
26-12-2019 00:00,452.203,2
27-12-2019 00:00,422.906,2
28-12-2019 00:00,401.418,2
29-12-2019 00:00,386.087,2
30-12-2019 00:00,,2
31-12-2019 00:00,371.157,2
01-01-2020 00:00,364.1,2
02-01-2020 00:00,355.508,2
03-01-2020 00:00,357.67,2
04-01-2020 00:00,378.255,2
05-01-2020 00:00,380.855,2
06-01-2020 00:00,367.395,2
07-01-2020 00:00,358.329,2
08-01-2020 00:00,377.164,2
09-01-2020 00:00,416.575,2
10-01-2020 00:00,530.91,2
11-01-2020 00:00,513.727,2
12-01-2020 00:00,496.434,2
13-01-2020 00:00,545.556,2
14-01-2020 00:00,538.948,2
15-01-2020 00:00,575.127,2
16-01-2020 00:00,571.506,2
17-01-2020 00:00,508.322,2
18-01-2020 00:00,472.2,2
19-01-2020 00:00,438.214,2
20-01-2020 00:00,413.864,2
21-01-2020 00:00,399.541,2
22-01-2020 00:00,389.287,2
23-01-2020 00:00,380.749,2
24-01-2020 00:00,395.596,2
25-01-2020 00:00,417.964,2
26-01-2020 00:00,393.323,2
27-01-2020 00:00,374.767,2
28-01-2020 00:00,409.241,2
29-01-2020 00:00,425.822,2
30-01-2020 00:00,447.012,2
31-01-2020 00:00,582.259,2
01-02-2020 00:00,599.864,2
02-02-2020 00:00,508.893,2
03-02-2020 00:00,459.467,2
04-02-2020 00:00,451.672,2
05-02-2020 00:00,446.76,2
06-02-2020 00:00,412.854,2
07-02-2020 00:00,388.348,2
08-02-2020 00:00,383.051,2
09-02-2020 00:00,413.185,2
10-02-2020 00:00,632.303,2
11-02-2020 00:00,678.693,2
12-02-2020 00:00,623.1,2
13-02-2020 00:00,543.659,2
14-02-2020 00:00,501.295,2
15-02-2020 00:00,524.616,2
16-02-2020 00:00,589.42,2
17-02-2020 00:00,816.972,2
18-02-2020 00:00,741.213,2
19-02-2020 00:00,801.028,2
20-02-2020 00:00,765.584,2
21-02-2020 00:00,831.73,2
22-02-2020 00:00,839.894,2
23-02-2020 00:00,865.662,2
24-02-2020 00:00,789.945,2
25-02-2020 00:00,843.638,2
26-02-2020 00:00,1227.054,2
27-02-2020 00:00,1116.522,2
28-02-2020 00:00,940.585,2
29-02-2020 00:00,916.596,2
01-03-2020 00:00,953.104,2
02-03-2020 00:00,810.458,2
03-03-2020 00:00,673.072,2
04-03-2020 00:00,583.655,2
05-03-2020 00:00,546.453,2
06-03-2020 00:00,519.945,2
07-03-2020 00:00,506.29,2
08-03-2020 00:00,500.018,2
09-03-2020 00:00,496.637,2
10-03-2020 00:00,516.917,2
11-03-2020 00:00,537.747,2
12-03-2020 00:00,522.9,2
13-03-2020 00:00,500.359,2
14-03-2020 00:00,473.097,2
15-03-2020 00:00,446.791,2
16-03-2020 00:00,422.935,2
17-03-2020 00:00,410.973,2
18-03-2020 00:00,401.858,2
19-03-2020 00:00,390.231,2
20-03-2020 00:00,376.259,2
21-03-2020 00:00,360.839,2
22-03-2020 00:00,342.167,2
23-03-2020 00:00,319.392,2
24-03-2020 00:00,311.261,2
25-03-2020 00:00,299.907,2
26-03-2020 00:00,288.54,2
27-03-2020 00:00,283.868,2
28-03-2020 00:00,287.818,2
29-03-2020 00:00,283.682,2
30-03-2020 00:00,285.302,2
31-03-2020 00:00,273.215,2
01-04-2020 00:00,257.943,2
02-04-2020 00:00,288.121,2
03-04-2020 00:00,274.594,2
04-04-2020 00:00,252.768,2
05-04-2020 00:00,239.212,2
06-04-2020 00:00,233.5,2
07-04-2020 00:00,228.763,2
08-04-2020 00:00,233.09,2
09-04-2020 00:00,222.108,2
10-04-2020 00:00,215.333,2
11-04-2020 00:00,211.192,2
12-04-2020 00:00,213.134,2
13-04-2020 00:00,203.117,2
14-04-2020 00:00,200.269,2
15-04-2020 00:00,208.807,2
16-04-2020 00:00,201.519,2
17-04-2020 00:00,194.926,2
18-04-2020 00:00,183.504,2
19-04-2020 00:00,176.454,2
20-04-2020 00:00,183.786,2
21-04-2020 00:00,182.795,2
22-04-2020 00:00,178.325,2
23-04-2020 00:00,180.708,2
24-04-2020 00:00,183.428,2
25-04-2020 00:00,206.095,2
26-04-2020 00:00,202.173,2
27-04-2020 00:00,189.567,2
28-04-2020 00:00,188.251,2
29-04-2020 00:00,182.881,2
30-04-2020 00:00,211.071,2
01-05-2020 00:00,272.673,2
02-05-2020 00:00,279.453,2
03-05-2020 00:00,293.954,2
04-05-2020 00:00,240.853,2
05-05-2020 00:00,209.541,2
06-05-2020 00:00,194.521,2
07-05-2020 00:00,184.704,2
08-05-2020 00:00,181.286,2
09-05-2020 00:00,163.733,2
10-05-2020 00:00,156.418,2
11-05-2020 00:00,153.509,2
12-05-2020 00:00,154.282,2
13-05-2020 00:00,174.482,2
14-05-2020 00:00,166.674,2
15-05-2020 00:00,153.251,2
16-05-2020 00:00,159.098,2
17-05-2020 00:00,210.512,2
18-05-2020 00:00,217.535,2
19-05-2020 00:00,285.187,2
20-05-2020 00:00,263.913,2
21-05-2020 00:00,202.504,2
22-05-2020 00:00,168.879,2
23-05-2020 00:00,210.393,2
24-05-2020 00:00,235.272,2
25-05-2020 00:00,245.198,2
26-05-2020 00:00,221.949,2
27-05-2020 00:00,183.308,2
28-05-2020 00:00,161.837,2
29-05-2020 00:00,152.307,2
30-05-2020 00:00,152.338,2
31-05-2020 00:00,143.956,2
01-06-2020 00:00,133.253,2
02-06-2020 00:00,133.722,2
03-06-2020 00:00,131.919,2
04-06-2020 00:00,129.463,2
05-06-2020 00:00,225.858,2
06-06-2020 00:00,366.492,2
07-06-2020 00:00,396.303,2
08-06-2020 00:00,307.606,2
09-06-2020 00:00,267.756,2
10-06-2020 00:00,222.656,2
11-06-2020 00:00,183.183,2
12-06-2020 00:00,197.934,2
13-06-2020 00:00,266.919,2
14-06-2020 00:00,205.104,2
15-06-2020 00:00,150.671,2
16-06-2020 00:00,156.779,2
17-06-2020 00:00,144.375,2
18-06-2020 00:00,143.77,2
19-06-2020 00:00,182.616,2
20-06-2020 00:00,289.116,2
21-06-2020 00:00,330.405,2
22-06-2020 00:00,268.518,2
23-06-2020 00:00,225.779,2
24-06-2020 00:00,174.086,2
25-06-2020 00:00,148.231,2
26-06-2020 00:00,134.6,2
27-06-2020 00:00,124.943,2
28-06-2020 00:00,133.747,2
29-06-2020 00:00,193.144,2
30-06-2020 00:00,206.028,2
01-07-2020 00:00,235.783,2
02-07-2020 00:00,248.866,2
03-07-2020 00:00,196.99,2
04-07-2020 00:00,212.761,2
05-07-2020 00:00,341.201,2
06-07-2020 00:00,339.119,2
07-07-2020 00:00,291.6,2
08-07-2020 00:00,301.923,2
09-07-2020 00:00,279.253,2
10-07-2020 00:00,222.982,2
11-07-2020 00:00,193.168,2
12-07-2020 00:00,165.578,2
13-07-2020 00:00,151.104,2
14-07-2020 00:00,152.359,2
15-07-2020 00:00,199.356,2
16-07-2020 00:00,188.016,2
17-07-2020 00:00,164.004,2
18-07-2020 00:00,138.494,2
19-07-2020 00:00,130.348,2
20-07-2020 00:00,126.362,2
21-07-2020 00:00,127.902,2
22-07-2020 00:00,124.992,2
23-07-2020 00:00,124.66,2
24-07-2020 00:00,178.715,2
25-07-2020 00:00,179.037,2
26-07-2020 00:00,169.898,2
27-07-2020 00:00,213.538,2
28-07-2020 00:00,184.348,2
29-07-2020 00:00,151.451,2
30-07-2020 00:00,147.242,2
31-07-2020 00:00,134.727,2
01-08-2020 00:00,121.9,2
02-08-2020 00:00,109.759,2
03-08-2020 00:00,119.879,2
04-08-2020 00:00,110.789,2
05-08-2020 00:00,131.951,2
06-08-2020 00:00,131.119,2
07-08-2020 00:00,121.345,2
08-08-2020 00:00,113.774,2
09-08-2020 00:00,106.866,2
10-08-2020 00:00,107.783,2
11-08-2020 00:00,104.369,2
12-08-2020 00:00,108.881,2
13-08-2020 00:00,110.007,2
14-08-2020 00:00,106.317,2
15-08-2020 00:00,105.472,2
16-08-2020 00:00,101.725,2
17-08-2020 00:00,106.089,2
18-08-2020 00:00,107.643,2
19-08-2020 00:00,120.612,2
20-08-2020 00:00,192.863,2
21-08-2020 00:00,250.827,2
22-08-2020 00:00,221.633,2
23-08-2020 00:00,162.196,2
24-08-2020 00:00,182.361,2
25-08-2020 00:00,157.964,2
26-08-2020 00:00,166.436,2
27-08-2020 00:00,203.293,2
28-08-2020 00:00,247.285,2
29-08-2020 00:00,273.688,2
30-08-2020 00:00,247.155,2
31-08-2020 00:00,242.848,2
01-09-2020 00:00,201.348,2
02-09-2020 00:00,177.78,2
03-09-2020 00:00,153.111,2
04-09-2020 00:00,167.921,2
05-09-2020 00:00,166.838,2
06-09-2020 00:00,165.933,2
07-09-2020 00:00,145.6,2
08-09-2020 00:00,152.665,2
09-09-2020 00:00,159.992,2
10-09-2020 00:00,197.191,2
11-09-2020 00:00,175.322,2
12-09-2020 00:00,144.306,2
13-09-2020 00:00,157.226,2
14-09-2020 00:00,136.713,2
15-09-2020 00:00,127.42,2
16-09-2020 00:00,119.568,2
17-09-2020 00:00,118.891,2
18-09-2020 00:00,122.038,2
19-09-2020 00:00,117.737,2
20-09-2020 00:00,113.954,2
21-09-2020 00:00,112.052,2
22-09-2020 00:00,111.583,2
23-09-2020 00:00,108.869,2
24-09-2020 00:00,110.486,2
25-09-2020 00:00,219.801,2
26-09-2020 00:00,586.103,2
27-09-2020 00:00,445.857,2
28-09-2020 00:00,324.675,2
29-09-2020 00:00,245.795,2
30-09-2020 00:00,172.283,2
01-10-2020 00:00,151.209,2
02-10-2020 00:00,175.897,2
03-10-2020 00:00,192.585,2
04-10-2020 00:00,239.817,2
05-10-2020 00:00,282.758,2
06-10-2020 00:00,294.148,2
07-10-2020 00:00,283.558,2
08-10-2020 00:00,300.335,2
09-10-2020 00:00,306.758,2
10-10-2020 00:00,290.246,2
11-10-2020 00:00,277.772,2
12-10-2020 00:00,207.968,2
13-10-2020 00:00,195.592,2
14-10-2020 00:00,168.667,2
15-10-2020 00:00,152.54,2
16-10-2020 00:00,134.017,2
17-10-2020 00:00,130.923,2
18-10-2020 00:00,127.573,2
19-10-2020 00:00,139.773,2
20-10-2020 00:00,149.672,2
21-10-2020 00:00,168.736,2
22-10-2020 00:00,257.052,2
23-10-2020 00:00,285.199,2
24-10-2020 00:00,326.794,2
25-10-2020 00:00,330.371,2
26-10-2020 00:00,401.44,2
27-10-2020 00:00,409.608,2
28-10-2020 00:00,357.201,2
29-10-2020 00:00,333.361,2
30-10-2020 00:00,332.063,2
31-10-2020 00:00,308.293,2
01-11-2020 00:00,236.939,2
02-11-2020 00:00,274.812,2
03-11-2020 00:00,306.07,2
04-11-2020 00:00,232.776,2
05-11-2020 00:00,201.915,2
06-11-2020 00:00,198.741,2
07-11-2020 00:00,187.673,2
08-11-2020 00:00,171.305,2
09-11-2020 00:00,162.969,2
10-11-2020 00:00,177.601,2
11-11-2020 00:00,175.601,2
12-11-2020 00:00,164.52,2
13-11-2020 00:00,203.56,2
14-11-2020 00:00,199.277,2
15-11-2020 00:00,184.114,2
16-11-2020 00:00,203.253,2
17-11-2020 00:00,192.696,2
18-11-2020 00:00,197.784,2
19-11-2020 00:00,206.407,2
20-11-2020 00:00,205.902,2
21-11-2020 00:00,178.734,2
22-11-2020 00:00,200.402,2
23-11-2020 00:00,189.118,2
24-11-2020 00:00,193.487,2
25-11-2020 00:00,212.01,2
26-11-2020 00:00,181.603,2
27-11-2020 00:00,172.361,2
28-11-2020 00:00,162.136,2
29-11-2020 00:00,150.975,2
30-11-2020 00:00,154.747,2
01-12-2020 00:00,185.905,2
02-12-2020 00:00,194.83,2
03-12-2020 00:00,178.327,2
04-12-2020 00:00,158.149,2
05-12-2020 00:00,145.884,2
06-12-2020 00:00,142.303,2
07-12-2020 00:00,148.33,2
08-12-2020 00:00,149.762,2
09-12-2020 00:00,167.93,2
10-12-2020 00:00,213.685,2
11-12-2020 00:00,215.188,2
12-12-2020 00:00,175.749,2
13-12-2020 00:00,153.66,2
14-12-2020 00:00,153.194,2
15-12-2020 00:00,250.703,2
16-12-2020 00:00,404.624,2
17-12-2020 00:00,394.461,2
18-12-2020 00:00,412.399,2
19-12-2020 00:00,377.014,2
20-12-2020 00:00,298.262,2
21-12-2020 00:00,252.23,2
22-12-2020 00:00,313.958,2
23-12-2020 00:00,370.801,2
24-12-2020 00:00,319.978,2
25-12-2020 00:00,239.573,2
26-12-2020 00:00,219.259,2
27-12-2020 00:00,306.139,2
28-12-2020 00:00,411.559,2
29-12-2020 00:00,437.799,2
30-12-2020 00:00,420.406,2
31-12-2020 00:00,547.207,2
01-01-2021 00:00,563.816,2
02-01-2021 00:00,496.159,2
03-01-2021 00:00,394.08,2
04-01-2021 00:00,339.166,2
05-01-2021 00:00,323.203,2
06-01-2021 00:00,326.917,2
07-01-2021 00:00,388.188,2
08-01-2021 00:00,429.839,2
09-01-2021 00:00,392.694,2
10-01-2021 00:00,339.004,2
11-01-2021 00:00,368.204,2
12-01-2021 00:00,605.713,2
13-01-2021 00:00,602.346,2
14-01-2021 00:00,602.421,2
15-01-2021 00:00,495.12,2
16-01-2021 00:00,421.077,2
17-01-2021 00:00,376.329,2
18-01-2021 00:00,353.699,2
19-01-2021 00:00,400.289,2
20-01-2021 00:00,647.542,2
21-01-2021 00:00,831.493,2
22-01-2021 00:00,735.894,2
23-01-2021 00:00,622.193,2
24-01-2021 00:00,514.641,2
25-01-2021 00:00,467.568,2
26-01-2021 00:00,444.982,2
27-01-2021 00:00,435.602,2
28-01-2021 00:00,447.985,2
29-01-2021 00:00,415.995,2
30-01-2021 00:00,347.494,2
31-01-2021 00:00,313.82,2
01-02-2021 00:00,304.919,2
02-02-2021 00:00,293.239,2
03-02-2021 00:00,283.962,2
04-02-2021 00:00,270.563,2
05-02-2021 00:00,237.521,2
06-02-2021 00:00,216.439,2
07-02-2021 00:00,207.319,2
08-02-2021 00:00,201.786,2
09-02-2021 00:00,199.68,2
10-02-2021 00:00,196.597,2
11-02-2021 00:00,190.207,2
12-02-2021 00:00,182.983,2
13-02-2021 00:00,175.006,2
14-02-2021 00:00,167.911,2
15-02-2021 00:00,167.634,2
16-02-2021 00:00,172.05,2
17-02-2021 00:00,343.372,2
18-02-2021 00:00,435.692,2
19-02-2021 00:00,521.531,2
20-02-2021 00:00,484.532,2
21-02-2021 00:00,411.453,2
22-02-2021 00:00,381.859,2
23-02-2021 00:00,347.008,2
24-02-2021 00:00,359.673,2
25-02-2021 00:00,357.948,2
26-02-2021 00:00,309.58,2
27-02-2021 00:00,290.283,2
28-02-2021 00:00,281.042,2
01-03-2021 00:00,271.477,2
02-03-2021 00:00,258.23,2
03-03-2021 00:00,253.333,2
04-03-2021 00:00,247.739,2
05-03-2021 00:00,234.414,2
06-03-2021 00:00,240.547,2
07-03-2021 00:00,245.181,2
08-03-2021 00:00,243.261,2
09-03-2021 00:00,243.972,2
10-03-2021 00:00,242.066,2
11-03-2021 00:00,299.611,2
12-03-2021 00:00,427.538,2
13-03-2021 00:00,530.151,2
14-03-2021 00:00,574.524,2
15-03-2021 00:00,529.068,2
16-03-2021 00:00,484.654,2
17-03-2021 00:00,417.445,2
18-03-2021 00:00,360.789,2
19-03-2021 00:00,322.555,2
20-03-2021 00:00,341.525,2
21-03-2021 00:00,337.432,2
22-03-2021 00:00,321.714,2
23-03-2021 00:00,303.07,2
24-03-2021 00:00,292.034,2
25-03-2021 00:00,264.032,2
26-03-2021 00:00,242.56,2
27-03-2021 00:00,240.507,2
28-03-2021 00:00,263.104,2
29-03-2021 00:00,347.683,2
30-03-2021 00:00,337.485,2
31-03-2021 00:00,278.582,2
01-04-2021 00:00,258.688,2
02-04-2021 00:00,244.148,2
03-04-2021 00:00,230.972,2
04-04-2021 00:00,229.15,2
05-04-2021 00:00,279.479,2
06-04-2021 00:00,334.299,2
07-04-2021 00:00,303.061,2
08-04-2021 00:00,271.881,2
09-04-2021 00:00,291.396,2
10-04-2021 00:00,299.979,2
11-04-2021 00:00,287.492,2
12-04-2021 00:00,358.489,2
13-04-2021 00:00,292.639,2
14-04-2021 00:00,240.057,2
15-04-2021 00:00,222.515,2
16-04-2021 00:00,218.373,2
17-04-2021 00:00,208.51,2
18-04-2021 00:00,206.133,2
19-04-2021 00:00,205.261,2
20-04-2021 00:00,203.526,2
21-04-2021 00:00,203.535,2
22-04-2021 00:00,197.21,2
23-04-2021 00:00,199.149,2
24-04-2021 00:00,188.652,2
25-04-2021 00:00,184.263,2
26-04-2021 00:00,199.756,2
27-04-2021 00:00,202.007,2
28-04-2021 00:00,191.762,2
29-04-2021 00:00,184.169,2
30-04-2021 00:00,213.315,2
01-05-2021 00:00,197.73,2
02-05-2021 00:00,177.057,2
03-05-2021 00:00,194.647,2
04-05-2021 00:00,268.35,2
05-05-2021 00:00,393.354,2
06-05-2021 00:00,430.958,2
07-05-2021 00:00,406.224,2
08-05-2021 00:00,372.387,2
09-05-2021 00:00,341.679,2
10-05-2021 00:00,332.464,2
11-05-2021 00:00,330.978,2
12-05-2021 00:00,376.286,2
13-05-2021 00:00,340.624,2
14-05-2021 00:00,376.655,2
15-05-2021 00:00,336.774,2
16-05-2021 00:00,270.977,2
17-05-2021 00:00,260.621,2
18-05-2021 00:00,279.589,2
19-05-2021 00:00,243.619,2
20-05-2021 00:00,222.129,2
21-05-2021 00:00,249.258,2
22-05-2021 00:00,351.255,2
23-05-2021 00:00,345.556,2
24-05-2021 00:00,276.948,2
25-05-2021 00:00,281.42,2
26-05-2021 00:00,502.452,2
27-05-2021 00:00,501.591,2
28-05-2021 00:00,541.698,2
29-05-2021 00:00,433.325,2
30-05-2021 00:00,349.127,2
31-05-2021 00:00,300.997,2
01-06-2021 00:00,281.625,2
02-06-2021 00:00,276.745,2
03-06-2021 00:00,265.661,2
04-06-2021 00:00,253.489,2
05-06-2021 00:00,214.015,2
06-06-2021 00:00,177.866,2
07-06-2021 00:00,171.486,2
08-06-2021 00:00,175.432,2
09-06-2021 00:00,164.424,2
10-06-2021 00:00,158.155,2
11-06-2021 00:00,161.026,2
12-06-2021 00:00,153.258,2
13-06-2021 00:00,141.22,2
14-06-2021 00:00,144.204,2
15-06-2021 00:00,142.892,2
16-06-2021 00:00,142.838,2
17-06-2021 00:00,141.041,2
18-06-2021 00:00,136.441,2
19-06-2021 00:00,132.727,2
20-06-2021 00:00,131.544,2
21-06-2021 00:00,173.871,2
22-06-2021 00:00,190.365,2
23-06-2021 00:00,154.977,2
24-06-2021 00:00,138.158,2
25-06-2021 00:00,129.497,2
26-06-2021 00:00,123.135,2
27-06-2021 00:00,121.978,2
28-06-2021 00:00,116.372,2
29-06-2021 00:00,116.014,2
30-06-2021 00:00,142.274,2
01-07-2021 00:00,205.22,2
02-07-2021 00:00,237.582,2
03-07-2021 00:00,220.095,2
04-07-2021 00:00,202.057,2
05-07-2021 00:00,259.234,2
06-07-2021 00:00,242.192,2
07-07-2021 00:00,222.528,2
08-07-2021 00:00,207.442,2
09-07-2021 00:00,183.042,2
10-07-2021 00:00,415.973,2
11-07-2021 00:00,651.923,2
12-07-2021 00:00,424.333,2
13-07-2021 00:00,310.066,2
14-07-2021 00:00,250.255,2
15-07-2021 00:00,216.215,2
16-07-2021 00:00,202.229,2
17-07-2021 00:00,165.63,2
18-07-2021 00:00,150.495,2
19-07-2021 00:00,141.212,2
20-07-2021 00:00,130.253,2
21-07-2021 00:00,121.896,2
22-07-2021 00:00,120.882,2
23-07-2021 00:00,114.008,2
24-07-2021 00:00,112.741,2
25-07-2021 00:00,108.219,2
26-07-2021 00:00,109.397,2
27-07-2021 00:00,183.204,2
28-07-2021 00:00,357.173,2
29-07-2021 00:00,329.584,2
30-07-2021 00:00,435.84,2
31-07-2021 00:00,444.52,2
01-08-2021 00:00,415.732,2
02-08-2021 00:00,362.19,2
03-08-2021 00:00,323.332,2
04-08-2021 00:00,294.446,2
05-08-2021 00:00,257.755,2
06-08-2021 00:00,207.898,2
07-08-2021 00:00,272.093,2
08-08-2021 00:00,755.158,2
09-08-2021 00:00,720.613,2
10-08-2021 00:00,704.059,2
11-08-2021 00:00,549.259,2
12-08-2021 00:00,372.744,2
13-08-2021 00:00,313.151,2
14-08-2021 00:00,276.308,2
15-08-2021 00:00,258.167,2
16-08-2021 00:00,326.177,2
17-08-2021 00:00,635.781,2
18-08-2021 00:00,1157.499,2
19-08-2021 00:00,810.802,2
20-08-2021 00:00,583.627,2
21-08-2021 00:00,421.249,2
22-08-2021 00:00,353.505,2
23-08-2021 00:00,311.255,2
24-08-2021 00:00,280.732,2
25-08-2021 00:00,274.323,2
26-08-2021 00:00,268.644,2
27-08-2021 00:00,279.284,2
28-08-2021 00:00,323.766,2
29-08-2021 00:00,326.202,2
30-08-2021 00:00,260.068,2
31-08-2021 00:00,205.522,2
01-09-2021 00:00,177.4,2
02-09-2021 00:00,187.353,2
03-09-2021 00:00,178.095,2
04-09-2021 00:00,160.274,2
05-09-2021 00:00,148.492,2
06-09-2021 00:00,144.777,2
07-09-2021 00:00,146.498,2
08-09-2021 00:00,144.048,2
09-09-2021 00:00,138.072,2
10-09-2021 00:00,138.2,2
11-09-2021 00:00,156.931,2
12-09-2021 00:00,231.249,2
13-09-2021 00:00,228.24,2
14-09-2021 00:00,176.472,2
15-09-2021 00:00,159.214,2
16-09-2021 00:00,242.045,2
17-09-2021 00:00,279.461,2
18-09-2021 00:00,245.578,2
19-09-2021 00:00,183.78,2
20-09-2021 00:00,157.348,2
21-09-2021 00:00,155.571,2
22-09-2021 00:00,157.575,2
23-09-2021 00:00,159.877,2
24-09-2021 00:00,202.656,2
25-09-2021 00:00,188.697,2
26-09-2021 00:00,159.1,2
27-09-2021 00:00,147.579,2
28-09-2021 00:00,216.392,2
29-09-2021 00:00,312.113,2
30-09-2021 00:00,485.981,2
01-10-2021 00:00,502.495,2
02-10-2021 00:00,399.79,2
03-10-2021 00:00,352.718,2
04-10-2021 00:00,312.791,2
05-10-2021 00:00,282.314,2
06-10-2021 00:00,344.41,2
07-10-2021 00:00,323.718,2
08-10-2021 00:00,279.25,2
09-10-2021 00:00,242.665,2
10-10-2021 00:00,195.208,2
11-10-2021 00:00,181.536,2
12-10-2021 00:00,185.064,2
13-10-2021 00:00,189.924,2
14-10-2021 00:00,185.639,2
15-10-2021 00:00,217.387,2
16-10-2021 00:00,224.657,2
17-10-2021 00:00,182.949,2
18-10-2021 00:00,167.709,2
19-10-2021 00:00,187.506,2
20-10-2021 00:00,297.565,2
21-10-2021 00:00,584.272,2
22-10-2021 00:00,786.38,2
23-10-2021 00:00,696.635,2
24-10-2021 00:00,534.414,2
25-10-2021 00:00,434.462,2
26-10-2021 00:00,405.013,2
27-10-2021 00:00,375.347,2
28-10-2021 00:00,321.676,2
29-10-2021 00:00,288.973,2
30-10-2021 00:00,270.097,2
31-10-2021 00:00,268.102,2
01-11-2021 00:00,288.374,2
02-11-2021 00:00,289.911,2
03-11-2021 00:00,254.767,2
04-11-2021 00:00,229.255,2
05-11-2021 00:00,219.972,2
06-11-2021 00:00,209.255,2
07-11-2021 00:00,323.992,2
08-11-2021 00:00,376.467,2
09-11-2021 00:00,326.466,2
10-11-2021 00:00,266.535,2
11-11-2021 00:00,241.282,2
12-11-2021 00:00,233.301,2
13-11-2021 00:00,223.523,2
14-11-2021 00:00,217.158,2
15-11-2021 00:00,215.926,2
16-11-2021 00:00,223.657,2
17-11-2021 00:00,225.541,2
18-11-2021 00:00,261.902,2
19-11-2021 00:00,261.228,2
20-11-2021 00:00,241.259,2
21-11-2021 00:00,224.444,2
22-11-2021 00:00,216.52,2
23-11-2021 00:00,210.705,2
24-11-2021 00:00,211.215,2
25-11-2021 00:00,248.151,2
26-11-2021 00:00,312.662,2
27-11-2021 00:00,339.135,2
28-11-2021 00:00,341.611,2
29-11-2021 00:00,386.304,2
30-11-2021 00:00,396.466,2
01-12-2021 00:00,471.637,2
02-12-2021 00:00,815.418,2
03-12-2021 00:00,734.526,2
04-12-2021 00:00,826.724,2
05-12-2021 00:00,696.966,2
06-12-2021 00:00,556.837,2
07-12-2021 00:00,487.305,2
08-12-2021 00:00,467.834,2
09-12-2021 00:00,432.798,2
10-12-2021 00:00,403.372,2
11-12-2021 00:00,416.324,2
12-12-2021 00:00,424.288,2
13-12-2021 00:00,471.57,2
14-12-2021 00:00,553.981,2
15-12-2021 00:00,595.048,2
16-12-2021 00:00,539.63,2
17-12-2021 00:00,485.461,2
18-12-2021 00:00,453.813,2
19-12-2021 00:00,433.786,2
20-12-2021 00:00,405.736,2
21-12-2021 00:00,391.635,2
22-12-2021 00:00,378.827,2
23-12-2021 00:00,396.461,2
24-12-2021 00:00,374.308,2
25-12-2021 00:00,340.401,2
26-12-2021 00:00,314.23,2
27-12-2021 00:00,309.337,2
28-12-2021 00:00,314.045,2
29-12-2021 00:00,345.308,2
30-12-2021 00:00,369.378,2
31-12-2021 00:00,478.545,2