Stedtype,StedID,Stedtekst,GeoZone,x-koordinat,y-koordinat,Kommune,Region,Medie,Vandområde,Dato,Måling nr,Undersøgelsestype,Teknisk anvisning,Dataejer,Link,Målested navn,Målested GeoZone,"Målested, x-koordinat","Målested, y-koordinat",Dybdemåling nr,Startdato,Bunddybde (m),Sigtdybde (m),Springlag,Springlag startdybde (m),Springlag slutdybde (m),Sigt til bund,Højdereference,Referencekote (m),Målt vandstand (m),Vandstandskote (m),Kvalitetsmærke
Station,49000042,"ARRESØ, kemi",32,693898,6209574,Halsnæs,Region Hovedstaden,Sø,Arresø,20-06-2007,1,"Måledybder, Sø",Ja,Miljøstyrelsen,https://vanda.miljoeportal.dk/link/474ba545-f982-4f96-9fe0-b5a6cead87e2,Aktivitetssted,32,693898,6209574,1,20-06-2007 11:00:00 +02:00,"4,7","0,7",,,,Nej,,,,,2
Station,49000042,"ARRESØ, kemi",32,693898,6209574,Halsnæs,Region Hovedstaden,Sø,Arresø,7/3/24,1,"Måledybder, Sø",Ja,Miljøstyrelsen,https://vanda.miljoeportal.dk/link/d929dce6-e39f-4541-bf68-79d437806bfd,49000042,32,"6,938,980,170,014,180","6,209,573,957,434,570",1,07-03-2024 10:57:14 +01:00,"4,6","0,9",,,,Nej,,,,,2
Station,49000042,"ARRESØ, kemi",32,693898,6209574,Halsnæs,Region Hovedstaden,Sø,Arresø,4/8/73,1,"Måledybder, Sø",Ja,Miljøstyrelsen,https://vanda.miljoeportal.dk/link/cd64fe4f-c395-42ec-b822-5c2c002910ff,Aktivitetssted,32,693898,6209574,1,04-08-1973 09:00:00 +01:00,9999,"0,3",,,,Nej,,,,,2
Station,49000042,"ARRESØ, kemi",32,693898,6209574,Halsnæs,Region Hovedstaden,Sø,Arresø,15-10-1996,1,"Måledybder, Sø",Ja,Miljøstyrelsen,https://vanda.miljoeportal.dk/link/a67979b7-6fce-4c17-a0e4-0ccdaf4ae851,Aktivitetssted,32,693898,6209574,1,15-10-1996 10:50:00 +02:00,"4,5","0,5",,,,Nej,,,,,2
Station,49000042,"ARRESØ, kemi",32,693898,6209574,Halsnæs,Region Hovedstaden,Sø,Arresø,6/5/14,1,"Måledybder, Sø",Ja,Miljøstyrelsen,https://vanda.miljoeportal.dk/link/a9b6bf84-552c-48af-8e43-0ef76dd593d8,Aktivitetssted,32,693898,6209574,1,06-05-2014 10:00:00 +02:00,"4,5","0,8",,,,Nej,,,,,3
Station,49000042,"ARRESØ, kemi",32,693898,6209574,Halsnæs,Region Hovedstaden,Sø,Arresø,5/4/18,1,"Måledybder, Sø",Ja,Miljøstyrelsen,https://vanda.miljoeportal.dk/link/687826e3-b699-41e6-b00e-a8dedca6d175,Aktivitetssted,32,693898,6209574,1,05-04-2018 10:00:00 +02:00,"4,2","0,6",,,,Nej,,,,,3
Station,49000042,"ARRESØ, kemi",32,693898,6209574,Halsnæs,Region Hovedstaden,Sø,Arresø,22-06-1999,1,"Måledybder, Sø",Ja,Miljøstyrelsen,https://vanda.miljoeportal.dk/link/75ebc327-5c81-488f-8d27-f0d3f555af60,Aktivitetssted,32,693898,6209574,1,22-06-1999 10:20:00 +02:00,"4,8","0,3",,,,Nej,,,,,2
Station,49000042,"ARRESØ, kemi",32,693898,6209574,Halsnæs,Region Hovedstaden,Sø,Arresø,14-06-1994,1,"Måledybder, Sø",Ja,Miljøstyrelsen,https://vanda.miljoeportal.dk/link/cd5f31dc-ccb6-4a54-80cb-867d6f837028,Aktivitetssted,32,693898,6209574,1,14-06-1994 10:00:00 +02:00,"4,4","0,5",,,,Nej,,,,,2
Station,49000042,"ARRESØ, kemi",32,693898,6209574,Halsnæs,Region Hovedstaden,Sø,Arresø,5/3/01,1,"Måledybder, Sø",Ja,Miljøstyrelsen,https://vanda.miljoeportal.dk/link/401e9fbd-4c0a-4c5d-a286-118ca54e6bec,Aktivitetssted,32,693898,6209574,1,05-03-2001 10:20:00 +01:00,9999,"0,6",,,,Nej,,,,,2
Station,49000042,"ARRESØ, kemi",32,693898,6209574,Halsnæs,Region Hovedstaden,Sø,Arresø,24-04-2012,1,"Måledybder, Sø",Ja,Miljøstyrelsen,https://vanda.miljoeportal.dk/link/a498a8b7-2b65-427a-9011-cf44d532a630,Aktivitetssted,32,693898,6209574,1,24-04-2012 13:50:00 +02:00,"4,8","0,6",,,,Nej,,,,,2
Station,49000042,"ARRESØ, kemi",32,693898,6209574,Halsnæs,Region Hovedstaden,Sø,Arresø,19-03-2002,1,"Måledybder, Sø",Ja,Miljøstyrelsen,https://vanda.miljoeportal.dk/link/3069de9d-ea69-4c15-b4b6-6659dd72747d,Aktivitetssted,32,693898,6209574,1,19-03-2002 11:00:00 +01:00,"5,3","0,9",,,,Nej,,,,,2
Station,49000042,"ARRESØ, kemi",32,693898,6209574,Halsnæs,Region Hovedstaden,Sø,Arresø,15-07-2014,1,"Måledybder, Sø",Ja,Miljøstyrelsen,https://vanda.miljoeportal.dk/link/da01c5cf-ca9d-4d9d-908e-1613f5564fd8,Aktivitetssted,32,693898,6209574,1,15-07-2014 09:47:00 +02:00,"4,7","0,6",,,,Nej,,,,,3
Station,49000042,"ARRESØ, kemi",32,693898,6209574,Halsnæs,Region Hovedstaden,Sø,Arresø,2/12/03,1,"Måledybder, Sø",Ja,Miljøstyrelsen,https://vanda.miljoeportal.dk/link/aab4f7b5-126b-40e5-8c26-675ef6c14b86,Aktivitetssted,32,693898,6209574,1,02-12-2003 11:00:00 +01:00,"4,9","0,8",,,,Nej,,,,,2
Station,49000042,"ARRESØ, kemi",32,693898,6209574,Halsnæs,Region Hovedstaden,Sø,Arresø,12/7/95,1,"Måledybder, Sø",Ja,Miljøstyrelsen,https://vanda.miljoeportal.dk/link/2ec2092f-4f72-4063-bcc4-77531223daae,Aktivitetssted,32,693898,6209574,1,12-07-1995 11:00:00 +02:00,"4,5","0,4",,,,Nej,,,,,2
Station,49000042,"ARRESØ, kemi",32,693898,6209574,Halsnæs,Region Hovedstaden,Sø,Arresø,17-08-1976,1,"Måledybder, Sø",Ja,Miljøstyrelsen,https://vanda.miljoeportal.dk/link/e27c7c3a-abe1-4c5e-940f-ec4046f41381,Aktivitetssted,32,693898,6209574,1,17-08-1976 09:00:00 +01:00,9999,"0,4",,,,Nej,,,,,2
Station,49000042,"ARRESØ, kemi",32,693898,6209574,Halsnæs,Region Hovedstaden,Sø,Arresø,7/4/16,1,"Måledybder, Sø",Ja,Miljøstyrelsen,https://vanda.miljoeportal.dk/link/ab140ebf-1bfe-4f40-8825-1346e614f21d,Aktivitetssted,32,693898,6209574,1,07-04-2016 10:00:00 +02:00,"4,5","0,7",,,,Nej,,,,,3
Station,49000042,"ARRESØ, kemi",32,693898,6209574,Halsnæs,Region Hovedstaden,Sø,Arresø,6/4/10,1,"Måledybder, Sø",Ja,Miljøstyrelsen,https://vanda.miljoeportal.dk/link/e779676d-290b-4c58-8f42-7593c2ee701d,Aktivitetssted,32,693898,6209574,1,06-04-2010 13:00:00 +02:00,"4,6","0,5",,,,Nej,,,,,2
Station,49000042,"ARRESØ, kemi",32,693898,6209574,Halsnæs,Region Hovedstaden,Sø,Arresø,12/9/07,1,"Måledybder, Sø",Ja,Miljøstyrelsen,https://vanda.miljoeportal.dk/link/71c0d296-20c0-4cd0-a442-74bec7ebb048,Aktivitetssted,32,693898,6209574,1,12-09-2007 12:00:00 +02:00,"4,5","0,6",,,,Nej,,,,,2
Station,49000042,"ARRESØ, kemi",32,693898,6209574,Halsnæs,Region Hovedstaden,Sø,Arresø,6/5/98,1,"Måledybder, Sø",Ja,Miljøstyrelsen,https://vanda.miljoeportal.dk/link/22e7cd28-2541-45a5-8e86-300518bb9e2e,Aktivitetssted,32,693898,6209574,1,06-05-1998 10:30:00 +02:00,"4,8","0,5",,,,Nej,,,,,2
Station,49000042,"ARRESØ, kemi",32,693898,6209574,Halsnæs,Region Hovedstaden,Sø,Arresø,24-08-1993,1,"Måledybder, Sø",Ja,Miljøstyrelsen,https://vanda.miljoeportal.dk/link/de27ec95-c989-417a-8500-73859f307d79,Aktivitetssted,32,693898,6209574,1,24-08-1993 10:15:00 +02:00,"4,1","0,2",,,,Nej,,,,,2
Station,49000042,"ARRESØ, kemi",32,693898,6209574,Halsnæs,Region Hovedstaden,Sø,Arresø,13-04-1999,1,"Måledybder, Sø",Ja,Miljøstyrelsen,https://vanda.miljoeportal.dk/link/b25ed505-25dd-497e-88dc-d2ef2dea7a9c,Aktivitetssted,32,693898,6209574,1,13-04-1999 10:50:00 +02:00,5,"0,4",,,,Nej,,,,,2
Station,49000042,"ARRESØ, kemi",32,693898,6209574,Halsnæs,Region Hovedstaden,Sø,Arresø,5/9/13,1,"Måledybder, Sø",Ja,Miljøstyrelsen,https://vanda.miljoeportal.dk/link/d95be3b6-a3a0-4343-93d6-efe447479c42,Aktivitetssted,32,693898,6209574,1,05-09-2013 13:41:00 +02:00,"4,5","0,6",,,,Nej,,,,,2
Station,49000042,"ARRESØ, kemi",32,693898,6209574,Halsnæs,Region Hovedstaden,Sø,Arresø,8/6/04,1,"Måledybder, Sø",Ja,Miljøstyrelsen,https://vanda.miljoeportal.dk/link/b189d559-5e41-42d6-8f36-e63aa8050295,Aktivitetssted,32,693898,6209574,1,08-06-2004 11:30:00 +02:00,"4,6","0,44",,,,Nej,,,,,2
Station,49000042,"ARRESØ, kemi",32,693898,6209574,Halsnæs,Region Hovedstaden,Sø,Arresø,14-11-2000,1,"Måledybder, Sø",Ja,Miljøstyrelsen,https://vanda.miljoeportal.dk/link/29679ada-be9f-4950-bf1a-17611d679f27,Aktivitetssted,32,693898,6209574,1,14-11-2000 10:05:00 +01:00,5,"0,5",,,,Nej,,,,,2
Station,49000042,"ARRESØ, kemi",32,693898,6209574,Halsnæs,Region Hovedstaden,Sø,Arresø,29-09-1992,1,"Måledybder, Sø",Ja,Miljøstyrelsen,https://vanda.miljoeportal.dk/link/7fa22325-7241-4ead-97fc-48e1a5f66a8a,Aktivitetssted,32,693898,6209574,1,29-09-1992 10:20:00 +01:00,"4,2","0,4",,,,Nej,,,,,2
Station,49000042,"ARRESØ, kemi",32,693898,6209574,Halsnæs,Region Hovedstaden,Sø,Arresø,2/7/24,1,"Måledybder, Sø",Ja,Miljøstyrelsen,https://vanda.miljoeportal.dk/link/064cb97b-d830-4279-9ae3-e7e6813abe59,49000042,32,"6,938,980,170,014,180","6,209,573,957,434,570",1,02-07-2024 10:58:53 +02:00,"4,6","0,55",,,,Nej,,,,,2
Station,49000042,"ARRESØ, kemi",32,693898,6209574,Halsnæs,Region Hovedstaden,Sø,Arresø,14-09-1978,1,"Måledybder, Sø",Ja,Miljøstyrelsen,https://vanda.miljoeportal.dk/link/0877484c-a643-4365-9840-b98fd5a4ce01,Aktivitetssted,32,693898,6209574,1,14-09-1978 09:00:00 +01:00,9999,"0,2",,,,Nej,,,,,2
Station,49000042,"ARRESØ, kemi",32,693898,6209574,Halsnæs,Region Hovedstaden,Sø,Arresø,6/8/96,1,"Måledybder, Sø",Ja,Miljøstyrelsen,https://vanda.miljoeportal.dk/link/79d74ef6-4bbf-452e-b72e-863d1217ab92,Aktivitetssted,32,693898,6209574,1,06-08-1996 11:00:00 +02:00,"4,5","0,6",,,,Nej,,,,,2
Station,49000042,"ARRESØ, kemi",32,693898,6209574,Halsnæs,Region Hovedstaden,Sø,Arresø,29-09-2011,1,"Måledybder, Sø",Ja,Miljøstyrelsen,https://vanda.miljoeportal.dk/link/3af4600b-f03d-42ef-bee7-d149e7d4e076,Aktivitetssted,32,693898,6209574,1,29-09-2011 11:23:00 +02:00,"4,5","0,35",,,,Nej,,,,,2
Station,49000042,"ARRESØ, kemi",32,693898,6209574,Halsnæs,Region Hovedstaden,Sø,Arresø,17-08-2018,1,"Måledybder, Sø",Ja,Miljøstyrelsen,https://vanda.miljoeportal.dk/link/23258d59-b488-473a-95a0-424670d00b10,Aktivitetssted,32,693898,6209574,1,17-08-2018 09:30:00 +02:00,"4,2","0,4",,,,Nej,,,,,3
Station,49000042,"ARRESØ, kemi",32,693898,6209574,Halsnæs,Region Hovedstaden,Sø,Arresø,30-04-2013,1,"Måledybder, Sø",Ja,Miljøstyrelsen,https://vanda.miljoeportal.dk/link/e24d9b36-f797-4239-87b1-8cafae1155fa,Aktivitetssted,32,693898,6209574,1,30-04-2013 10:15:00 +02:00,"4,5","0,4",,,,Nej,,,,,2
Station,49000042,"ARRESØ, kemi",32,693898,6209574,Halsnæs,Region Hovedstaden,Sø,Arresø,15-06-2006,1,"Måledybder, Sø",Ja,Miljøstyrelsen,https://vanda.miljoeportal.dk/link/c8432213-58fe-4e8e-924f-a75b1c05ee18,Aktivitetssted,32,693898,6209574,1,15-06-2006 10:45:00 +02:00,"4,6","0,7",,,,Nej,,,,,2
Station,49000042,"ARRESØ, kemi",32,693898,6209574,Halsnæs,Region Hovedstaden,Sø,Arresø,16-02-1993,1,"Måledybder, Sø",Ja,Miljøstyrelsen,https://vanda.miljoeportal.dk/link/2729d740-2adf-4434-b315-fefc65671f93,Aktivitetssted,32,693898,6209574,1,16-02-1993 10:30:00 +01:00,"4,9","0,4",,,,Nej,,,,,2
Station,49000042,"ARRESØ, kemi",32,693898,6209574,Halsnæs,Region Hovedstaden,Sø,Arresø,12/9/11,1,"Måledybder, Sø",Ja,Miljøstyrelsen,https://vanda.miljoeportal.dk/link/3b420f78-5d58-4146-8655-9a176ba092a1,Aktivitetssted,32,693898,6209574,1,12-09-2011 11:00:00 +02:00,"4,5","0,55",,,,Nej,,,,,2
Station,49000042,"ARRESØ, kemi",32,693898,6209574,Halsnæs,Region Hovedstaden,Sø,Arresø,19-10-1993,1,"Måledybder, Sø",Ja,Miljøstyrelsen,https://vanda.miljoeportal.dk/link/eeb1cb6e-8627-447b-a4d1-bc2d61aefe96,Aktivitetssted,32,693898,6209574,1,19-10-1993 11:30:00 +01:00,"4,7","0,2",,,,Nej,,,,,2
Station,49000042,"ARRESØ, kemi",32,693898,6209574,Halsnæs,Region Hovedstaden,Sø,Arresø,8/12/92,1,"Måledybder, Sø",Ja,Miljøstyrelsen,https://vanda.miljoeportal.dk/link/07539606-3b7d-405e-ad4f-c1c3b8c88621,Aktivitetssted,32,693898,6209574,1,08-12-1992 10:30:00 +01:00,"4,2","0,2",,,,Nej,,,,,2
Station,49000042,"ARRESØ, kemi",32,693898,6209574,Halsnæs,Region Hovedstaden,Sø,Arresø,10/12/13,1,"Måledybder, Sø",Ja,Miljøstyrelsen,https://vanda.miljoeportal.dk/link/17caf1a3-23c3-46a0-9e0a-adfa7be2c128,Aktivitetssted,32,693898,6209574,1,10-12-2013 11:04:00 +01:00,"4,9","0,5",,,,Nej,,,,,2
Station,49000042,"ARRESØ, kemi",32,693898,6209574,Halsnæs,Region Hovedstaden,Sø,Arresø,23-03-2009,1,"Måledybder, Sø",Ja,Miljøstyrelsen,https://vanda.miljoeportal.dk/link/3b34fbfb-f0d6-48e1-b723-26479b0531a4,Aktivitetssted,32,693898,6209574,1,23-03-2009 10:30:00 +01:00,"4,5","0,7",,,,Nej,,,,,2
Station,49000042,"ARRESØ, kemi",32,693898,6209574,Halsnæs,Region Hovedstaden,Sø,Arresø,19-08-2004,1,"Måledybder, Sø",Ja,Miljøstyrelsen,https://vanda.miljoeportal.dk/link/f61f6306-7229-4beb-9ce7-e2a1931fe8c2,Aktivitetssted,32,693898,6209574,1,19-08-2004 11:30:00 +02:00,"4,6","0,49",,,,Nej,,,,,2
Station,49000042,"ARRESØ, kemi",32,693898,6209574,Halsnæs,Region Hovedstaden,Sø,Arresø,21-04-2008,1,"Måledybder, Sø",Ja,Miljøstyrelsen,https://vanda.miljoeportal.dk/link/38df232a-d6ce-4587-bf97-98dee87d9dff,Aktivitetssted,32,693898,6209574,1,21-04-2008 11:25:00 +02:00,"4,8","0,6",,,,Nej,,,,,2
Station,49000042,"ARRESØ, kemi",32,693898,6209574,Halsnæs,Region Hovedstaden,Sø,Arresø,26-09-2000,1,"Måledybder, Sø",Ja,Miljøstyrelsen,https://vanda.miljoeportal.dk/link/75b9d2b6-b0c3-4d94-8330-fac0916209ab,Aktivitetssted,32,693898,6209574,1,26-09-2000 10:30:00 +02:00,"4,7","0,5",,,,Nej,,,,,2
Station,49000042,"ARRESØ, kemi",32,693898,6209574,Halsnæs,Region Hovedstaden,Sø,Arresø,13-10-1989,1,"Måledybder, Sø",Ja,Miljøstyrelsen,https://vanda.miljoeportal.dk/link/8780a9e3-fb37-4bb0-abcf-50f91d46a126,Aktivitetssted,32,693898,6209574,1,13-10-1989 10:00:00 +01:00,4,"0,4",,,,Nej,,,,,2
Station,49000042,"ARRESØ, kemi",32,693898,6209574,Halsnæs,Region Hovedstaden,Sø,Arresø,24-09-1997,1,"Måledybder, Sø",Ja,Miljøstyrelsen,https://vanda.miljoeportal.dk/link/b241c52e-da3e-4286-8279-3f94edce72d8,Aktivitetssted,32,693898,6209574,1,24-09-1997 10:50:00 +02:00,"4,5","0,3",,,,Nej,,,,,2
Station,49000042,"ARRESØ, kemi",32,693898,6209574,Halsnæs,Region Hovedstaden,Sø,Arresø,15-08-1991,1,"Måledybder, Sø",Ja,Miljøstyrelsen,https://vanda.miljoeportal.dk/link/3e2b48ad-01d2-4612-8494-153f705bb023,Aktivitetssted,32,693898,6209574,1,15-08-1991 10:00:00 +02:00,"4,6","0,3",,,,Nej,,,,,2
Station,49000042,"ARRESØ, kemi",32,693898,6209574,Halsnæs,Region Hovedstaden,Sø,Arresø,16-08-2022,1,"Måledybder, Sø",Ja,Miljøstyrelsen,https://vanda.miljoeportal.dk/link/9d4d3f78-2150-4d03-9e76-33cc5c3a31c4,Aktivitetssted,32,"6,938,979,998,364,560","6,209,574,003,611,640",1,16-08-2022 09:00:00 +02:00,"4,4","0,35",,,,Nej,,,,,2
Station,49000042,"ARRESØ, kemi",32,693898,6209574,Halsnæs,Region Hovedstaden,Sø,Arresø,8/4/98,1,"Måledybder, Sø",Ja,Miljøstyrelsen,https://vanda.miljoeportal.dk/link/73612b53-674a-4641-b2d0-47bd983a4afb,Aktivitetssted,32,693898,6209574,1,08-04-1998 10:45:00 +02:00,5,"0,7",,,,Nej,,,,,2
Station,49000042,"ARRESØ, kemi",32,693898,6209574,Halsnæs,Region Hovedstaden,Sø,Arresø,2/2/89,1,"Måledybder, Sø",Ja,Miljøstyrelsen,https://vanda.miljoeportal.dk/link/b2faecb8-9794-469c-8ee7-ae517493e6a9,Aktivitetssted,32,693898,6209574,1,02-02-1989 09:00:00 +01:00,"4,1","0,4",,,,Nej,,,,,2
Station,49000042,"ARRESØ, kemi",32,693898,6209574,Halsnæs,Region Hovedstaden,Sø,Arresø,4/6/96,1,"Måledybder, Sø",Ja,Miljøstyrelsen,https://vanda.miljoeportal.dk/link/c7a319a1-ebfa-4fed-8160-84ef14ca4099,Aktivitetssted,32,693898,6209574,1,04-06-1996 10:15:00 +02:00,"4,5","0,5",,,,Nej,,,,,2
Station,49000042,"ARRESØ, kemi",32,693898,6209574,Halsnæs,Region Hovedstaden,Sø,Arresø,20-09-1994,1,"Måledybder, Sø",Ja,Miljøstyrelsen,https://vanda.miljoeportal.dk/link/cc207ea0-b458-4dbb-a072-d3f2e997add7,Aktivitetssted,32,693898,6209574,1,20-09-1994 10:45:00 +02:00,"4,5","0,2",,,,Nej,,,,,2
Station,49000042,"ARRESØ, kemi",32,693898,6209574,Halsnæs,Region Hovedstaden,Sø,Arresø,23-10-2014,1,"Måledybder, Sø",Ja,Miljøstyrelsen,https://vanda.miljoeportal.dk/link/b4d482cd-66d7-4fc7-a410-d1f8cf03de6e,Aktivitetssted,32,693898,6209574,1,23-10-2014 09:30:00 +02:00,"4,6","0,6",,,,Nej,,,,,3
Station,49000042,"ARRESØ, kemi",32,693898,6209574,Halsnæs,Region Hovedstaden,Sø,Arresø,26-08-1998,1,"Måledybder, Sø",Ja,Miljøstyrelsen,https://vanda.miljoeportal.dk/link/55ac8c62-d7cb-4c55-a174-4237e99d5b87,Aktivitetssted,32,693898,6209574,1,26-08-1998 10:50:00 +02:00,"4,8","0,3",,,,Nej,,,,,2
Station,49000042,"ARRESØ, kemi",32,693898,6209574,Halsnæs,Region Hovedstaden,Sø,Arresø,3/8/76,1,"Måledybder, Sø",Ja,Miljøstyrelsen,https://vanda.miljoeportal.dk/link/846d4f4b-91e0-4526-a75d-45fd2b2a968b,Aktivitetssted,32,693898,6209574,1,03-08-1976 09:00:00 +01:00,9999,"0,3",,,,Nej,,,,,2
Station,49000042,"ARRESØ, kemi",32,693898,6209574,Halsnæs,Region Hovedstaden,Sø,Arresø,11/8/98,1,"Måledybder, Sø",Ja,Miljøstyrelsen,https://vanda.miljoeportal.dk/link/f2768b79-402f-4c37-bc78-777b188570d5,Aktivitetssted,32,693898,6209574,1,11-08-1998 10:55:00 +02:00,"4,7","0,5",,,,Nej,,,,,2
Station,49000042,"ARRESØ, kemi",32,693898,6209574,Halsnæs,Region Hovedstaden,Sø,Arresø,14-10-2010,1,"Måledybder, Sø",Ja,Miljøstyrelsen,https://vanda.miljoeportal.dk/link/61f676e9-8847-4068-af0b-889cbb60714e,Aktivitetssted,32,693898,6209574,1,14-10-2010 12:20:00 +02:00,"4,5","0,4",,,,Nej,,,,,2
Station,49000042,"ARRESØ, kemi",32,693898,6209574,Halsnæs,Region Hovedstaden,Sø,Arresø,7/8/01,1,"Måledybder, Sø",Ja,Miljøstyrelsen,https://vanda.miljoeportal.dk/link/3885df3b-0699-4fb4-992a-55a29fec42c5,Aktivitetssted,32,693898,6209574,1,07-08-2001 11:45:00 +02:00,"4,4","0,5",,,,Nej,,,,,2
Station,49000042,"ARRESØ, kemi",32,693898,6209574,Halsnæs,Region Hovedstaden,Sø,Arresø,27-05-1997,1,"Måledybder, Sø",Ja,Miljøstyrelsen,https://vanda.miljoeportal.dk/link/fcaa9451-85be-4795-8d4c-2ed1ffccbebe,Aktivitetssted,32,693898,6209574,1,27-05-1997 10:30:00 +02:00,"4,8","0,5",,,,Nej,,,,,2
Station,49000042,"ARRESØ, kemi",32,693898,6209574,Halsnæs,Region Hovedstaden,Sø,Arresø,19-10-1977,1,"Måledybder, Sø",Ja,Miljøstyrelsen,https://vanda.miljoeportal.dk/link/962c1a72-746d-4d42-8b37-7efc4148df63,Aktivitetssted,32,693898,6209574,1,19-10-1977 09:00:00 +01:00,9999,"0,2",,,,Nej,,,,,2
Station,49000042,"ARRESØ, kemi",32,693898,6209574,Halsnæs,Region Hovedstaden,Sø,Arresø,16-09-2013,1,"Måledybder, Sø",Ja,Miljøstyrelsen,https://vanda.miljoeportal.dk/link/5c63ae4b-fc96-45ae-a0bd-199dc7b4730a,Aktivitetssted,32,693898,6209574,1,16-09-2013 10:00:00 +02:00,"4,5","0,55",,,,Nej,,,,,2
Station,49000042,"ARRESØ, kemi",32,693898,6209574,Halsnæs,Region Hovedstaden,Sø,Arresø,2/7/18,1,"Måledybder, Sø",Ja,Miljøstyrelsen,https://vanda.miljoeportal.dk/link/4aeed2fe-9ebb-4ca9-aadd-df6a95132e3a,Aktivitetssted,32,693898,6209574,1,02-07-2018 10:00:00 +02:00,"4,4","0,25",,,,Nej,,,,,3
Station,49000042,"ARRESØ, kemi",32,693898,6209574,Halsnæs,Region Hovedstaden,Sø,Arresø,14-03-2016,1,"Måledybder, Sø",Ja,Miljøstyrelsen,https://vanda.miljoeportal.dk/link/3b06bd70-bef1-45d0-80f3-0474483e5912,Aktivitetssted,32,693898,6209574,1,14-03-2016 12:30:00 +01:00,"4,5","1,2",,,,Nej,,,,,3
Station,49000042,"ARRESØ, kemi",32,693898,6209574,Halsnæs,Region Hovedstaden,Sø,Arresø,11/1/94,1,"Måledybder, Sø",Ja,Miljøstyrelsen,https://vanda.miljoeportal.dk/link/a30ea101-b5c7-418f-a08e-094086b22ee0,Aktivitetssted,32,693898,6209574,1,11-01-1994 10:30:00 +01:00,5,"0,2",,,,Nej,,,,,2
Station,49000042,"ARRESØ, kemi",32,693898,6209574,Halsnæs,Region Hovedstaden,Sø,Arresø,11/4/11,1,"Måledybder, Sø",Ja,Miljøstyrelsen,https://vanda.miljoeportal.dk/link/6c3798f7-0aa5-4e78-9aa3-34a1b3e4360a,Aktivitetssted,32,693898,6209574,1,11-04-2011 10:30:00 +02:00,"4,7","0,6",,,,Nej,,,,,2
Station,49000042,"ARRESØ, kemi",32,693898,6209574,Halsnæs,Region Hovedstaden,Sø,Arresø,8/7/97,1,"Måledybder, Sø",Ja,Miljøstyrelsen,https://vanda.miljoeportal.dk/link/c1aa7c93-6df2-4343-954e-517f226e58e3,Aktivitetssted,32,693898,6209574,1,08-07-1997 11:30:00 +02:00,"4,5","0,4",,,,Nej,,,,,2
Station,49000042,"ARRESØ, kemi",32,693898,6209574,Halsnæs,Region Hovedstaden,Sø,Arresø,7/7/88,1,"Måledybder, Sø",Ja,Miljøstyrelsen,https://vanda.miljoeportal.dk/link/d693f33d-3c7b-463b-a157-f8ba07d064dc,Aktivitetssted,32,693898,6209574,1,07-07-1988 09:00:00 +02:00,"4,1","0,3",,,,Nej,,,,,2
Station,49000042,"ARRESØ, kemi",32,693898,6209574,Halsnæs,Region Hovedstaden,Sø,Arresø,10/8/09,1,"Måledybder, Sø",Ja,Miljøstyrelsen,https://vanda.miljoeportal.dk/link/42874bb5-32bf-4eb3-9942-f1811a0516e8,Aktivitetssted,32,693898,6209574,1,10-08-2009 10:30:00 +02:00,"4,4","0,6",,,,Nej,,,,,2
Station,49000042,"ARRESØ, kemi",32,693898,6209574,Halsnæs,Region Hovedstaden,Sø,Arresø,31-10-1989,1,"Måledybder, Sø",Ja,Miljøstyrelsen,https://vanda.miljoeportal.dk/link/c732c49e-5219-4fa8-8039-a797fbb2b964,Aktivitetssted,32,693898,6209574,1,31-10-1989 10:00:00 +01:00,"4,4","0,4",,,,Nej,,,,,2
Station,49000042,"ARRESØ, kemi",32,693898,6209574,Halsnæs,Region Hovedstaden,Sø,Arresø,12/8/97,1,"Måledybder, Sø",Ja,Miljøstyrelsen,https://vanda.miljoeportal.dk/link/555f7a58-0065-4ded-a02d-444953c998d6,Aktivitetssted,32,693898,6209574,1,12-08-1997 11:00:00 +02:00,"4,6","0,4",,,,Nej,,,,,2
Station,49000042,"ARRESØ, kemi",32,693898,6209574,Halsnæs,Region Hovedstaden,Sø,Arresø,20-04-2022,1,"Måledybder, Sø",Ja,Miljøstyrelsen,https://vanda.miljoeportal.dk/link/787840ca-d806-4435-b297-8d5f53f68eb0,Aktivitetssted,32,"6,938,979,998,364,560","6,209,574,003,611,640",1,20-04-2022 11:10:00 +02:00,"4,3","0,7",,,,Nej,,,,,2
Station,49000042,"ARRESØ, kemi",32,693898,6209574,Halsnæs,Region Hovedstaden,Sø,Arresø,2/6/92,1,"Måledybder, Sø",Ja,Miljøstyrelsen,https://vanda.miljoeportal.dk/link/2655f440-75bf-4bc2-a401-56c301859c7e,Aktivitetssted,32,693898,6209574,1,02-06-1992 09:00:00 +02:00,"4,6","0,5",,,,Nej,,,,,2
Station,49000042,"ARRESØ, kemi",32,693898,6209574,Halsnæs,Region Hovedstaden,Sø,Arresø,8/8/06,1,"Måledybder, Sø",Ja,Miljøstyrelsen,https://vanda.miljoeportal.dk/link/78d6ee55-8985-4838-af2d-2ada4b10defe,Aktivitetssted,32,693898,6209574,1,08-08-2006 10:00:00 +02:00,"4,3","0,4",,,,Nej,,,,,2
Station,49000095,ARRESØ ST A,32,692735,6209960,Halsnæs,Region Hovedstaden,Sø,Arresø,11/11/14,1,"Måledybder, Sø",Ja,Miljøstyrelsen,https://vanda.miljoeportal.dk/link/4429f97c-13fd-4ad3-8544-4afab89ba3d4,Aktivitetssted,32,692735,6209960,1,11-11-2014 11:30:00 +01:00,"3,7",,,,,,,,,,2
Station,49000042,"ARRESØ, kemi",32,693898,6209574,Halsnæs,Region Hovedstaden,Sø,Arresø,30-08-2010,1,"Måledybder, Sø",Ja,Miljøstyrelsen,https://vanda.miljoeportal.dk/link/f0a8b8a1-786d-44f2-bcbc-1759133283fe,Aktivitetssted,32,693898,6209574,1,30-08-2010 12:30:00 +02:00,"4,6","0,4",,,,Nej,,,,,2
Station,49000042,"ARRESØ, kemi",32,693898,6209574,Halsnæs,Region Hovedstaden,Sø,Arresø,4/7/78,1,"Måledybder, Sø",Ja,Miljøstyrelsen,https://vanda.miljoeportal.dk/link/b30c9909-2609-4c6f-bed0-cd24061fecf1,Aktivitetssted,32,693898,6209574,1,04-07-1978 09:00:00 +01:00,9999,"0,4",,,,Nej,,,,,2
Station,49000042,"ARRESØ, kemi",32,693898,6209574,Halsnæs,Region Hovedstaden,Sø,Arresø,24-05-1988,1,"Måledybder, Sø",Ja,Miljøstyrelsen,https://vanda.miljoeportal.dk/link/b8a0becf-f294-48fc-a67c-478120a05083,Aktivitetssted,32,693898,6209574,1,24-05-1988 09:00:00 +02:00,4,"0,6",,,,Nej,,,,,2
Station,49000042,"ARRESØ, kemi",32,693898,6209574,Halsnæs,Region Hovedstaden,Sø,Arresø,24-03-1999,1,"Måledybder, Sø",Ja,Miljøstyrelsen,https://vanda.miljoeportal.dk/link/311d5863-51d0-49e0-bb20-cfc05613f441,Aktivitetssted,32,693898,6209574,1,24-03-1999 12:20:00 +01:00,"5,1","0,6",,,,Nej,,,,,2
Station,49000042,"ARRESØ, kemi",32,693898,6209574,Halsnæs,Region Hovedstaden,Sø,Arresø,19-09-1995,1,"Måledybder, Sø",Ja,Miljøstyrelsen,https://vanda.miljoeportal.dk/link/38eafb7f-0551-43a0-ac25-ffb76c14859f,Aktivitetssted,32,693898,6209574,1,19-09-1995 10:00:00 +02:00,"4,4","0,2",,,,Nej,,,,,2
Station,49000042,"ARRESØ, kemi",32,693898,6209574,Halsnæs,Region Hovedstaden,Sø,Arresø,6/7/95,1,"Måledybder, Sø",Ja,Miljøstyrelsen,https://vanda.miljoeportal.dk/link/f28a384a-191a-43f7-b3b5-4619d7d867ec,Aktivitetssted,32,693898,6209574,1,06-07-1995 11:30:00 +02:00,"4,7","0,2",,,,Nej,,,,,2
Station,49000042,"ARRESØ, kemi",32,693898,6209574,Halsnæs,Region Hovedstaden,Sø,Arresø,2/8/10,1,"Måledybder, Sø",Ja,Miljøstyrelsen,https://vanda.miljoeportal.dk/link/a0b47bcb-3dbe-4ee5-97a0-14d16e6b2506,Aktivitetssted,32,693898,6209574,1,02-08-2010 11:45:00 +02:00,"4,2","0,4",,,,Nej,,,,,2
Station,49000042,"ARRESØ, kemi",32,693898,6209574,Halsnæs,Region Hovedstaden,Sø,Arresø,17-04-1997,1,"Måledybder, Sø",Ja,Miljøstyrelsen,https://vanda.miljoeportal.dk/link/14f59365-44ae-427b-bf2f-7da785c1ede7,Aktivitetssted,32,693898,6209574,1,17-04-1997 10:00:00 +02:00,"4,8","0,4",,,,Nej,,,,,2
Station,49000042,"ARRESØ, kemi",32,693898,6209574,Halsnæs,Region Hovedstaden,Sø,Arresø,5/9/96,1,"Måledybder, Sø",Ja,Miljøstyrelsen,https://vanda.miljoeportal.dk/link/e90f6e85-6593-466c-8e3f-dc466e5592f8,Aktivitetssted,32,693898,6209574,1,05-09-1996 10:50:00 +02:00,"5,3","0,5",,,,Nej,,,,,2
Station,49000042,"ARRESØ, kemi",32,693898,6209574,Halsnæs,Region Hovedstaden,Sø,Arresø,3/12/07,1,"Måledybder, Sø",Ja,Miljøstyrelsen,https://vanda.miljoeportal.dk/link/3f207b01-8b1c-42ad-ad2d-0e14815f0d07,Aktivitetssted,32,693898,6209574,1,03-12-2007 11:00:00 +01:00,"4,5","0,5",,,,Nej,,,,,2
Station,49000042,"ARRESØ, kemi",32,693898,6209574,Halsnæs,Region Hovedstaden,Sø,Arresø,9/5/00,1,"Måledybder, Sø",Ja,Miljøstyrelsen,https://vanda.miljoeportal.dk/link/7d8dc73d-3695-4acd-8970-30b67d7e3f63,Aktivitetssted,32,693898,6209574,1,09-05-2000 10:30:00 +02:00,"4,9","0,6",,,,Nej,,,,,2
Station,49000042,"ARRESØ, kemi",32,693898,6209574,Halsnæs,Region Hovedstaden,Sø,Arresø,8/3/90,1,"Måledybder, Sø",Ja,Miljøstyrelsen,https://vanda.miljoeportal.dk/link/4d14cd2a-0315-4d50-8485-679d9c80486a,Aktivitetssted,32,693898,6209574,1,08-03-1990 09:30:00 +01:00,"4,4","0,2",,,,Nej,,,,,2
Station,49000042,"ARRESØ, kemi",32,693898,6209574,Halsnæs,Region Hovedstaden,Sø,Arresø,4/6/12,1,"Måledybder, Sø",Ja,Miljøstyrelsen,https://vanda.miljoeportal.dk/link/bb45dd20-b3da-4111-bd78-0d0f52cc5caf,Aktivitetssted,32,693898,6209574,1,04-06-2012 11:00:00 +02:00,"4,6","0,3",,,,Nej,,,,,2
Station,49000042,"ARRESØ, kemi",32,693898,6209574,Halsnæs,Region Hovedstaden,Sø,Arresø,8/11/90,1,"Måledybder, Sø",Ja,Miljøstyrelsen,https://vanda.miljoeportal.dk/link/80bf3927-da8d-460a-be97-27613fc040ba,Aktivitetssted,32,693898,6209574,1,08-11-1990 10:00:00 +01:00,"4,8","0,2",,,,Nej,,,,,2
Station,49000042,"ARRESØ, kemi",32,693898,6209574,Halsnæs,Region Hovedstaden,Sø,Arresø,27-07-1993,1,"Måledybder, Sø",Ja,Miljøstyrelsen,https://vanda.miljoeportal.dk/link/a92d0948-7000-4e51-83a3-38d6a3e516be,Aktivitetssted,32,693898,6209574,1,27-07-1993 11:00:00 +02:00,"4,4","0,2",,,,Nej,,,,,2
Station,49000042,"ARRESØ, kemi",32,693898,6209574,Halsnæs,Region Hovedstaden,Sø,Arresø,25-04-1979,1,"Måledybder, Sø",Ja,Miljøstyrelsen,https://vanda.miljoeportal.dk/link/4e255a98-b36e-4976-8706-881cfdde3543,Aktivitetssted,32,693898,6209574,1,25-04-1979 09:00:00 +01:00,9999,"0,5",,,,Nej,,,,,2
Station,49000042,"ARRESØ, kemi",32,693898,6209574,Halsnæs,Region Hovedstaden,Sø,Arresø,30-11-2009,1,"Måledybder, Sø",Ja,Miljøstyrelsen,https://vanda.miljoeportal.dk/link/9832c6e0-2aab-4e8f-b738-fa51602b8bb8,Aktivitetssted,32,693898,6209574,1,30-11-2009 12:00:00 +01:00,"4,8","0,35",,,,Nej,,,,,2
Station,49000042,"ARRESØ, kemi",32,693898,6209574,Halsnæs,Region Hovedstaden,Sø,Arresø,4/7/11,1,"Måledybder, Sø",Ja,Miljøstyrelsen,https://vanda.miljoeportal.dk/link/de651037-3eea-4177-ade6-71afbcbd14fa,Aktivitetssted,32,693898,6209574,1,04-07-2011 11:15:00 +02:00,"4,6","0,4",,,,Nej,,,,,2
Station,49000042,"ARRESØ, kemi",32,693898,6209574,Halsnæs,Region Hovedstaden,Sø,Arresø,27-04-1999,1,"Måledybder, Sø",Ja,Miljøstyrelsen,https://vanda.miljoeportal.dk/link/4d78cd25-3050-456d-9719-ed4bc9158d37,Aktivitetssted,32,693898,6209574,1,27-04-1999 10:40:00 +02:00,5,"0,4",,,,Nej,,,,,2
Station,49000042,"ARRESØ, kemi",32,693898,6209574,Halsnæs,Region Hovedstaden,Sø,Arresø,17-06-2024,1,"Måledybder, Sø",Ja,Miljøstyrelsen,https://vanda.miljoeportal.dk/link/3757baed-f7f0-42cc-befb-d28edc9e1cd8,49000042,32,"6,938,980,170,014,180","6,209,573,957,434,570",1,17-06-2024 10:40:10 +02:00,"4,7","0,25",,,,Nej,,,,,2
Station,49000042,"ARRESØ, kemi",32,693898,6209574,Halsnæs,Region Hovedstaden,Sø,Arresø,19-04-1979,1,"Måledybder, Sø",Ja,Miljøstyrelsen,https://vanda.miljoeportal.dk/link/b3d6c4f4-ef87-4d95-8843-4c081498f99a,Aktivitetssted,32,693898,6209574,1,19-04-1979 09:00:00 +01:00,9999,"0,7",,,,Nej,,,,,2
Station,49000042,"ARRESØ, kemi",32,693898,6209574,Halsnæs,Region Hovedstaden,Sø,Arresø,13-03-1991,1,"Måledybder, Sø",Ja,Miljøstyrelsen,https://vanda.miljoeportal.dk/link/bf35c117-806f-4b7a-bd09-1b7ede8e058f,Aktivitetssted,32,693898,6209574,1,13-03-1991 10:30:00 +01:00,"4,6","0,4",,,,Nej,,,,,2
Station,49000042,"ARRESØ, kemi",32,693898,6209574,Halsnæs,Region Hovedstaden,Sø,Arresø,16-08-2016,1,"Måledybder, Sø",Ja,Miljøstyrelsen,https://vanda.miljoeportal.dk/link/c5f58563-8683-4cf3-8a44-df5865d02620,Aktivitetssted,32,693898,6209574,1,16-08-2016 11:00:00 +02:00,"4,4","0,7",,,,Nej,,,,,3
Station,49000042,"ARRESØ, kemi",32,693898,6209574,Halsnæs,Region Hovedstaden,Sø,Arresø,23-05-2012,1,"Måledybder, Sø",Ja,Miljøstyrelsen,https://vanda.miljoeportal.dk/link/d64d4785-459f-4971-9783-335fb697b70a,Aktivitetssted,32,693898,6209574,1,23-05-2012 10:00:00 +02:00,"4,9","0,35",,,,Nej,,,,,2
Station,49000042,"ARRESØ, kemi",32,693898,6209574,Halsnæs,Region Hovedstaden,Sø,Arresø,21-04-1988,1,"Måledybder, Sø",Ja,Miljøstyrelsen,https://vanda.miljoeportal.dk/link/265a3794-4dec-4a55-96d1-44e512afd9b8,Aktivitetssted,32,693898,6209574,1,21-04-1988 09:00:00 +02:00,"4,8","0,3",,,,Nej,,,,,2
Station,49000042,"ARRESØ, kemi",32,693898,6209574,Halsnæs,Region Hovedstaden,Sø,Arresø,9/8/94,1,"Måledybder, Sø",Ja,Miljøstyrelsen,https://vanda.miljoeportal.dk/link/095317e2-b656-4cca-8018-0a9f60f5c50a,Aktivitetssted,32,693898,6209574,1,09-08-1994 10:30:00 +02:00,"4,3","0,6",,,,Nej,,,,,2
Station,49000042,"ARRESØ, kemi",32,693898,6209574,Halsnæs,Region Hovedstaden,Sø,Arresø,1/10/13,1,"Måledybder, Sø",Ja,Miljøstyrelsen,https://vanda.miljoeportal.dk/link/fa429510-7a6b-4ddd-98ee-420e22796731,Aktivitetssted,32,693898,6209574,1,01-10-2013 09:50:00 +02:00,"4,5","0,65",,,,Nej,,,,,2
Station,49000042,"ARRESØ, kemi",32,693898,6209574,Halsnæs,Region Hovedstaden,Sø,Arresø,19-05-1992,1,"Måledybder, Sø",Ja,Miljøstyrelsen,https://vanda.miljoeportal.dk/link/eb9b8848-6db1-47fb-93ba-1b12d63dea9a,Aktivitetssted,32,693898,6209574,1,19-05-1992 10:00:00 +02:00,"4,8","0,7",,,,Nej,,,,,2
Station,49000042,"ARRESØ, kemi",32,693898,6209574,Halsnæs,Region Hovedstaden,Sø,Arresø,3/10/95,1,"Måledybder, Sø",Ja,Miljøstyrelsen,https://vanda.miljoeportal.dk/link/4e90e8bc-fcdc-4f45-aca3-87b146bee2c8,Aktivitetssted,32,693898,6209574,1,03-10-1995 11:15:00 +01:00,"4,5","0,3",,,,Nej,,,,,2
Station,49000042,"ARRESØ, kemi",32,693898,6209574,Halsnæs,Region Hovedstaden,Sø,Arresø,20-03-2001,1,"Måledybder, Sø",Ja,Miljøstyrelsen,https://vanda.miljoeportal.dk/link/fcaa9976-a186-4e8c-9895-59ab41fcb48b,Aktivitetssted,32,693898,6209574,1,20-03-2001 10:30:00 +01:00,"5,4",1,,,,Nej,,,,,2
Station,49000042,"ARRESØ, kemi",32,693898,6209574,Halsnæs,Region Hovedstaden,Sø,Arresø,17-12-1985,1,"Måledybder, Sø",Ja,Miljøstyrelsen,https://vanda.miljoeportal.dk/link/9b8b35d1-b659-4780-a0ce-151cb0982e1d,Aktivitetssted,32,693898,6209574,1,17-12-1985 09:00:00 +01:00,"4,5","0,2",,,,Nej,,,,,2
Station,49000042,"ARRESØ, kemi",32,693898,6209574,Halsnæs,Region Hovedstaden,Sø,Arresø,13-05-2020,1,"Måledybder, Sø",Ja,Miljøstyrelsen,https://vanda.miljoeportal.dk/link/82646230-43d5-4e01-8ade-978dd0f01061,Aktivitetssted,32,693898,6209574,1,13-05-2020 10:00:00 +02:00,"4,2","0,35",,,,Nej,,,,,2
Station,49000042,"ARRESØ, kemi",32,693898,6209574,Halsnæs,Region Hovedstaden,Sø,Arresø,20-08-2002,1,"Måledybder, Sø",Ja,Miljøstyrelsen,https://vanda.miljoeportal.dk/link/6f3a5d68-5c5a-409c-9990-f6f2d412196b,Aktivitetssted,32,693898,6209574,1,20-08-2002 09:30:00 +02:00,"4,7","0,6",,,,Nej,,,,,2
Station,49000042,"ARRESØ, kemi",32,693898,6209574,Halsnæs,Region Hovedstaden,Sø,Arresø,15-02-1990,1,"Måledybder, Sø",Ja,Miljøstyrelsen,https://vanda.miljoeportal.dk/link/6b45be37-4624-41d3-95dd-867c59927526,Aktivitetssted,32,693898,6209574,1,15-02-1990 10:15:00 +01:00,"4,1","0,3",,,,Nej,,,,,2
Station,49000042,"ARRESØ, kemi",32,693898,6209574,Halsnæs,Region Hovedstaden,Sø,Arresø,4/11/03,1,"Måledybder, Sø",Ja,Miljøstyrelsen,https://vanda.miljoeportal.dk/link/28cff205-0e69-47b8-b0b0-30b2fc447eb9,Aktivitetssted,32,693898,6209574,1,04-11-2003 12:00:00 +01:00,5,"0,5",,,,Nej,,,,,2
Station,49000042,"ARRESØ, kemi",32,693898,6209574,Halsnæs,Region Hovedstaden,Sø,Arresø,22-10-2013,1,"Måledybder, Sø",Ja,Miljøstyrelsen,https://vanda.miljoeportal.dk/link/2a62ee2d-ff67-4281-81ee-ecfe1abb8f17,Aktivitetssted,32,693898,6209574,1,22-10-2013 10:00:00 +02:00,"4,4","0,7",,,,Nej,,,,,2
Station,49000042,"ARRESØ, kemi",32,693898,6209574,Halsnæs,Region Hovedstaden,Sø,Arresø,20-02-2007,1,"Måledybder, Sø",Ja,Miljøstyrelsen,https://vanda.miljoeportal.dk/link/c6f347af-f5f2-4920-9d2c-de472e2a77e2,Aktivitetssted,32,693898,6209574,1,20-02-2007 11:00:00 +01:00,"5,2","0,7",,,,Nej,,,,,2
Station,49000042,"ARRESØ, kemi",32,693898,6209574,Halsnæs,Region Hovedstaden,Sø,Arresø,1/11/10,1,"Måledybder, Sø",Ja,Miljøstyrelsen,https://vanda.miljoeportal.dk/link/d2df8bcc-3d65-49b4-b418-0b89e494c544,Aktivitetssted,32,693898,6209574,1,01-11-2010 11:30:00 +01:00,"4,5",,,,,,,,,,2
Station,49000042,"ARRESØ, kemi",32,693898,6209574,Halsnæs,Region Hovedstaden,Sø,Arresø,30-06-1998,1,"Måledybder, Sø",Ja,Miljøstyrelsen,https://vanda.miljoeportal.dk/link/6ebe1f1e-f0e5-4f18-a569-ebaa7fdcb78f,Aktivitetssted,32,693898,6209574,1,30-06-1998 10:55:00 +02:00,"4,8","0,4",,,,Nej,,,,,2
Station,49000042,"ARRESØ, kemi",32,693898,6209574,Halsnæs,Region Hovedstaden,Sø,Arresø,26-05-2005,1,"Måledybder, Sø",Ja,Miljøstyrelsen,https://vanda.miljoeportal.dk/link/af98ffe3-b29e-4c31-94de-04719bef6ba6,Aktivitetssted,32,693898,6209574,1,26-05-2005 12:50:00 +02:00,"4,7","0,52",,,,Nej,,,,,2
Station,49000042,"ARRESØ, kemi",32,693898,6209574,Halsnæs,Region Hovedstaden,Sø,Arresø,11/8/88,1,"Måledybder, Sø",Ja,Miljøstyrelsen,https://vanda.miljoeportal.dk/link/c5e940ad-8e60-4745-a77a-9985ecf0416b,Aktivitetssted,32,693898,6209574,1,11-08-1988 09:00:00 +02:00,"3,9","0,6",,,,Nej,,,,,2
Station,49000042,"ARRESØ, kemi",32,693898,6209574,Halsnæs,Region Hovedstaden,Sø,Arresø,21-08-2012,1,"Måledybder, Sø",Ja,Miljøstyrelsen,https://vanda.miljoeportal.dk/link/285ab24f-23a7-4d47-b60b-078bb63ac9ac,Aktivitetssted,32,693898,6209574,1,21-08-2012 11:27:00 +02:00,"4,3","0,6",,,,Nej,,,,,2
Station,49000042,"ARRESØ, kemi",32,693898,6209574,Halsnæs,Region Hovedstaden,Sø,Arresø,18-07-2022,1,"Måledybder, Sø",Ja,Miljøstyrelsen,https://vanda.miljoeportal.dk/link/b6ef8cdd-0e04-4ce3-96cc-e78d77a99eb9,Aktivitetssted,32,"6,938,979,998,364,560","6,209,574,003,611,640",1,18-07-2022 10:14:00 +02:00,"4,3","0,25",,,,Nej,,,,,2
Station,49000042,"ARRESØ, kemi",32,693898,6209574,Halsnæs,Region Hovedstaden,Sø,Arresø,17-07-1986,1,"Måledybder, Sø",Ja,Miljøstyrelsen,https://vanda.miljoeportal.dk/link/ac56c1d2-17ec-4f61-a9c9-b548edcadeef,Aktivitetssted,32,693898,6209574,1,17-07-1986 09:00:00 +02:00,"4,3","0,4",,,,Nej,,,,,2
Station,49000042,"ARRESØ, kemi",32,693898,6209574,Halsnæs,Region Hovedstaden,Sø,Arresø,4/11/97,1,"Måledybder, Sø",Ja,Miljøstyrelsen,https://vanda.miljoeportal.dk/link/c0dd18c1-d765-4c68-8f02-b50cb0c2b935,Aktivitetssted,32,693898,6209574,1,04-11-1997 11:20:00 +01:00,"4,8","0,4",,,,Nej,,,,,2
Station,49000042,"ARRESØ, kemi",32,693898,6209574,Halsnæs,Region Hovedstaden,Sø,Arresø,19-03-1992,1,"Måledybder, Sø",Ja,Miljøstyrelsen,https://vanda.miljoeportal.dk/link/99676403-f5b9-4c1f-8b74-a0cee9bda381,Aktivitetssted,32,693898,6209574,1,19-03-1992 10:00:00 +01:00,5,"0,5",,,,Nej,,,,,2
Station,49000042,"ARRESØ, kemi",32,693898,6209574,Halsnæs,Region Hovedstaden,Sø,Arresø,24-06-1997,1,"Måledybder, Sø",Ja,Miljøstyrelsen,https://vanda.miljoeportal.dk/link/92197c63-969f-41c3-a924-e420003434d9,Aktivitetssted,32,693898,6209574,1,24-06-1997 10:30:00 +02:00,"4,6","0,4",,,,Nej,,,,,2
Station,49000042,"ARRESØ, kemi",32,693898,6209574,Halsnæs,Region Hovedstaden,Sø,Arresø,21-09-1977,1,"Måledybder, Sø",Ja,Miljøstyrelsen,https://vanda.miljoeportal.dk/link/c8e27b06-fe0a-472c-9f2f-19871dae7884,Aktivitetssted,32,693898,6209574,1,21-09-1977 09:00:00 +01:00,9999,"0,4",,,,Nej,,,,,2
Station,49000042,"ARRESØ, kemi",32,693898,6209574,Halsnæs,Region Hovedstaden,Sø,Arresø,3/4/08,1,"Måledybder, Sø",Ja,Miljøstyrelsen,https://vanda.miljoeportal.dk/link/0b46afcd-6c84-4c50-bfa1-a25963cf65a6,Aktivitetssted,32,693898,6209574,1,03-04-2008 11:00:00 +02:00,"4,9","0,7",,,,Nej,,,,,2
Station,49000042,"ARRESØ, kemi",32,693898,6209574,Halsnæs,Region Hovedstaden,Sø,Arresø,13-10-2022,1,"Måledybder, Sø",Ja,Miljøstyrelsen,https://vanda.miljoeportal.dk/link/5511a005-7e39-4a7f-8cbd-a801321ff43f,Aktivitetssted,32,"6,938,979,998,364,560","6,209,574,003,611,640",1,13-10-2022 11:30:00 +02:00,"3,8","0,5",,,,Nej,,,,,2
Station,49000042,"ARRESØ, kemi",32,693898,6209574,Halsnæs,Region Hovedstaden,Sø,Arresø,8/6/09,1,"Måledybder, Sø",Ja,Miljøstyrelsen,https://vanda.miljoeportal.dk/link/93f93183-8609-49fc-a7b8-08806b7ec4b5,Aktivitetssted,32,693898,6209574,1,08-06-2009 11:00:00 +02:00,"4,5","0,3",,,,Nej,,,,,2
Station,49000042,"ARRESØ, kemi",32,693898,6209574,Halsnæs,Region Hovedstaden,Sø,Arresø,5/8/14,1,"Måledybder, Sø",Ja,Miljøstyrelsen,https://vanda.miljoeportal.dk/link/5155e918-4cf6-4a26-94ae-9af073c104d9,Aktivitetssted,32,693898,6209574,1,05-08-2014 11:30:00 +02:00,"3,7","0,7",,,,Nej,,,,,3
Station,49000042,"ARRESØ, kemi",32,693898,6209574,Halsnæs,Region Hovedstaden,Sø,Arresø,17-09-2002,1,"Måledybder, Sø",Ja,Miljøstyrelsen,https://vanda.miljoeportal.dk/link/39852952-fa74-40d0-a254-7d9f6a0dff22,Aktivitetssted,32,693898,6209574,1,17-09-2002 09:00:00 +02:00,"4,6","0,5",,,,Nej,,,,,2
Station,49000042,"ARRESØ, kemi",32,693898,6209574,Halsnæs,Region Hovedstaden,Sø,Arresø,29-03-1976,1,"Måledybder, Sø",Ja,Miljøstyrelsen,https://vanda.miljoeportal.dk/link/10de51c9-1a2f-4239-9f1f-fba5b8d85a74,Aktivitetssted,32,693898,6209574,1,29-03-1976 09:00:00 +01:00,9999,"0,3",,,,Nej,,,,,2
Station,49000042,"ARRESØ, kemi",32,693898,6209574,Halsnæs,Region Hovedstaden,Sø,Arresø,14-01-1992,1,"Måledybder, Sø",Ja,Miljøstyrelsen,https://vanda.miljoeportal.dk/link/84d8f5d6-7277-494c-931c-9d7bf5758d1c,Aktivitetssted,32,693898,6209574,1,14-01-1992 10:00:00 +01:00,"4,7","0,4",,,,Nej,,,,,2
Station,49000042,"ARRESØ, kemi",32,693898,6209574,Halsnæs,Region Hovedstaden,Sø,Arresø,5/8/87,1,"Måledybder, Sø",Ja,Miljøstyrelsen,https://vanda.miljoeportal.dk/link/a73b6a45-c600-4ae3-9525-a7d7b1e62b38,Aktivitetssted,32,693898,6209574,1,05-08-1987 09:00:00 +02:00,"4,6","0,3",,,,Nej,,,,,2
Station,49000042,"ARRESØ, kemi",32,693898,6209574,Halsnæs,Region Hovedstaden,Sø,Arresø,21-07-2009,1,"Måledybder, Sø",Ja,Miljøstyrelsen,https://vanda.miljoeportal.dk/link/cd4cc05f-10af-47f3-9696-ac48fabdafc2,Aktivitetssted,32,693898,6209574,1,21-07-2009 11:00:00 +02:00,"4,5","0,4",,,,Nej,,,,,2
Station,49000042,"ARRESØ, kemi",32,693898,6209574,Halsnæs,Region Hovedstaden,Sø,Arresø,16-08-1978,1,"Måledybder, Sø",Ja,Miljøstyrelsen,https://vanda.miljoeportal.dk/link/5352ce3c-f484-408f-ac35-a77494b0947a,Aktivitetssted,32,693898,6209574,1,16-08-1978 09:00:00 +01:00,9999,"0,5",,,,Nej,,,,,2
Station,49000042,"ARRESØ, kemi",32,693898,6209574,Halsnæs,Region Hovedstaden,Sø,Arresø,19-07-1978,1,"Måledybder, Sø",Ja,Miljøstyrelsen,https://vanda.miljoeportal.dk/link/43f89b08-c4b4-4b8d-a394-291108635926,Aktivitetssted,32,693898,6209574,1,19-07-1978 09:00:00 +01:00,9999,"0,4",,,,Nej,,,,,2
Station,49000042,"ARRESØ, kemi",32,693898,6209574,Halsnæs,Region Hovedstaden,Sø,Arresø,27-07-1988,1,"Måledybder, Sø",Ja,Miljøstyrelsen,https://vanda.miljoeportal.dk/link/43b31dd0-3a95-4ee2-b0d0-71a6285e6fe1,Aktivitetssted,32,693898,6209574,1,27-07-1988 09:00:00 +02:00,"4,6","0,7",,,,Nej,,,,,2
Station,49000042,"ARRESØ, kemi",32,693898,6209574,Halsnæs,Region Hovedstaden,Sø,Arresø,17-09-2012,1,"Måledybder, Sø",Ja,Miljøstyrelsen,https://vanda.miljoeportal.dk/link/68a10380-2e91-41bb-997c-f589b251071e,Aktivitetssted,32,693898,6209574,1,17-09-2012 12:35:00 +02:00,"4,6","0,4",,,,Nej,,,,,2
Station,49000042,"ARRESØ, kemi",32,693898,6209574,Halsnæs,Region Hovedstaden,Sø,Arresø,28-09-2022,1,"Måledybder, Sø",Ja,Miljøstyrelsen,https://vanda.miljoeportal.dk/link/1854964c-2b77-456a-8770-b5459b0b9e97,Aktivitetssted,32,"6,938,979,998,364,560","6,209,574,003,611,640",1,28-09-2022 10:00:00 +02:00,"4,2","0,5",,,,Nej,,,,,2
Station,49000042,"ARRESØ, kemi",32,693898,6209574,Halsnæs,Region Hovedstaden,Sø,Arresø,5/10/77,1,"Måledybder, Sø",Ja,Miljøstyrelsen,https://vanda.miljoeportal.dk/link/31b03f2d-1cf3-4eba-8fe1-dfdb10eb5fd8,Aktivitetssted,32,693898,6209574,1,05-10-1977 09:00:00 +01:00,9999,"0,2",,,,Nej,,,,,2
Station,49000042,"ARRESØ, kemi",32,693898,6209574,Halsnæs,Region Hovedstaden,Sø,Arresø,30-09-2024,1,"Måledybder, Sø",Ja,Miljøstyrelsen,https://vanda.miljoeportal.dk/link/2d0137f8-461e-4e62-b13c-5560478dbbe4,49000042,32,"6,938,980,170,014,180","6,209,573,957,434,570",1,30-09-2024 10:24:02 +02:00,"4,3","0,5",,,,Nej,,,,,2
Station,49000042,"ARRESØ, kemi",32,693898,6209574,Halsnæs,Region Hovedstaden,Sø,Arresø,5/12/06,1,"Måledybder, Sø",Ja,Miljøstyrelsen,https://vanda.miljoeportal.dk/link/5b8b5ff3-00ac-470a-b0f1-6a77c835ed3f,Aktivitetssted,32,693898,6209574,1,05-12-2006 11:15:00 +01:00,"4,9","0,87",,,,Nej,,,,,2
Station,49000042,"ARRESØ, kemi",32,693898,6209574,Halsnæs,Region Hovedstaden,Sø,Arresø,10/1/12,1,"Måledybder, Sø",Ja,Miljøstyrelsen,https://vanda.miljoeportal.dk/link/628cec43-2201-476a-8e6c-88a844bab3eb,Aktivitetssted,32,693898,6209574,1,10-01-2012 11:00:00 +01:00,"4,8","0,35",,,,Nej,,,,,2
Station,49000096,ARRESØ ST B,32,695956,6208568,Gribskov,Region Hovedstaden,Sø,Arresø,8/11/18,1,"Måledybder, Sø",Ja,Miljøstyrelsen,https://vanda.miljoeportal.dk/link/b492016b-60d2-444c-9c25-f8ccabb3c421,Aktivitetssted,32,695956,6208568,1,08-11-2018 11:00:00 +01:00,"3,7",,,,,,,,,,3
Station,49000042,"ARRESØ, kemi",32,693898,6209574,Halsnæs,Region Hovedstaden,Sø,Arresø,6/8/12,1,"Måledybder, Sø",Ja,Miljøstyrelsen,https://vanda.miljoeportal.dk/link/424738c3-eda4-4a77-901d-f9bbc96ee6c3,Aktivitetssted,32,693898,6209574,1,06-08-2012 11:24:00 +02:00,"4,5","0,5",,,,Nej,,,,,2
Station,49000042,"ARRESØ, kemi",32,693898,6209574,Halsnæs,Region Hovedstaden,Sø,Arresø,26-04-2022,1,"Måledybder, Sø",Ja,Miljøstyrelsen,https://vanda.miljoeportal.dk/link/cc2ddb04-6749-44df-82a3-d0722da18563,49000042,32,"6,938,980,170,014,180","6,209,573,957,434,570",1,26-04-2022 14:25:05 +02:00,"1,5","1,5",,,,Nej,,,,,2
Station,49000042,"ARRESØ, kemi",32,693898,6209574,Halsnæs,Region Hovedstaden,Sø,Arresø,8/11/73,1,"Måledybder, Sø",Ja,Miljøstyrelsen,https://vanda.miljoeportal.dk/link/4ed9d969-73ad-4c18-b44c-7cdc80df35cb,Aktivitetssted,32,693898,6209574,1,08-11-1973 09:00:00 +01:00,9999,"0,3",,,,Nej,,,,,2
Station,49000042,"ARRESØ, kemi",32,693898,6209574,Halsnæs,Region Hovedstaden,Sø,Arresø,21-05-2024,1,"Måledybder, Sø",Ja,Miljøstyrelsen,https://vanda.miljoeportal.dk/link/f1e2f2fb-397e-488d-9317-c400d01f07c5,49000042,32,"6,938,980,170,014,180","6,209,573,957,434,570",1,21-05-2024 11:15:05 +02:00,"4,8","0,3",,,,Nej,,,,,2
Station,49000042,"ARRESØ, kemi",32,693898,6209574,Halsnæs,Region Hovedstaden,Sø,Arresø,11/10/90,1,"Måledybder, Sø",Ja,Miljøstyrelsen,https://vanda.miljoeportal.dk/link/b4ddb4b6-b4a1-4494-a83b-a5f56ff831ea,Aktivitetssted,32,693898,6209574,1,11-10-1990 09:30:00 +01:00,"4,7","0,2",,,,Nej,,,,,2
Station,49000042,"ARRESØ, kemi",32,693898,6209574,Halsnæs,Region Hovedstaden,Sø,Arresø,8/12/14,1,"Måledybder, Sø",Ja,Miljøstyrelsen,https://vanda.miljoeportal.dk/link/aba238c7-dc9e-45e0-916a-72f2d4320c00,Aktivitetssted,32,693898,6209574,1,08-12-2014 12:30:00 +01:00,5,"0,65",,,,Nej,,,,,3
Station,49000042,"ARRESØ, kemi",32,693898,6209574,Halsnæs,Region Hovedstaden,Sø,Arresø,6/6/91,1,"Måledybder, Sø",Ja,Miljøstyrelsen,https://vanda.miljoeportal.dk/link/b6205bfa-b139-4e9e-9b8a-cf30a7d8225a,Aktivitetssted,32,693898,6209574,1,06-06-1991 10:00:00 +02:00,"4,6","0,3",,,,Nej,,,,,2
Station,49000042,"ARRESØ, kemi",32,693898,6209574,Halsnæs,Region Hovedstaden,Sø,Arresø,5/11/02,1,"Måledybder, Sø",Ja,Miljøstyrelsen,https://vanda.miljoeportal.dk/link/0c066d09-fd3d-484a-955d-26ce500fe98a,Aktivitetssted,32,693898,6209574,1,05-11-2002 11:00:00 +01:00,"4,8","0,5",,,,Nej,,,,,2
Station,49000042,"ARRESØ, kemi",32,693898,6209574,Halsnæs,Region Hovedstaden,Sø,Arresø,21-05-1987,1,"Måledybder, Sø",Ja,Miljøstyrelsen,https://vanda.miljoeportal.dk/link/93722b2c-9687-4501-874b-2c6ae0e9b0ad,Aktivitetssted,32,693898,6209574,1,21-05-1987 09:00:00 +02:00,"4,5","0,4",,,,Nej,,,,,2
Station,49000042,"ARRESØ, kemi",32,693898,6209574,Halsnæs,Region Hovedstaden,Sø,Arresø,23-11-1994,1,"Måledybder, Sø",Ja,Miljøstyrelsen,https://vanda.miljoeportal.dk/link/8fac7fc3-8390-4652-a4e8-0e23c1480bd5,Aktivitetssted,32,693898,6209574,1,23-11-1994 11:00:00 +01:00,"4,8","0,3",,,,Nej,,,,,2
Station,49000042,"ARRESØ, kemi",32,693898,6209574,Halsnæs,Region Hovedstaden,Sø,Arresø,16-04-2002,1,"Måledybder, Sø",Ja,Miljøstyrelsen,https://vanda.miljoeportal.dk/link/20f9744c-db1e-4296-a269-fb8900489442,Aktivitetssted,32,693898,6209574,1,16-04-2002 10:15:00 +02:00,5,"1,2",,,,Nej,,,,,2
Station,49000042,"ARRESØ, kemi",32,693898,6209574,Halsnæs,Region Hovedstaden,Sø,Arresø,27-07-1977,1,"Måledybder, Sø",Ja,Miljøstyrelsen,https://vanda.miljoeportal.dk/link/12799077-6ee4-4fe8-8f66-e01070fafa1a,Aktivitetssted,32,693898,6209574,1,27-07-1977 09:00:00 +01:00,9999,"0,4",,,,Nej,,,,,2
Station,49000042,"ARRESØ, kemi",32,693898,6209574,Halsnæs,Region Hovedstaden,Sø,Arresø,27-06-1989,1,"Måledybder, Sø",Ja,Miljøstyrelsen,https://vanda.miljoeportal.dk/link/960f93e0-f60e-4b71-b21e-bab674f4d812,Aktivitetssted,32,693898,6209574,1,27-06-1989 10:00:00 +02:00,"4,4","0,5",,,,Nej,,,,,2
Station,49000042,"ARRESØ, kemi",32,693898,6209574,Halsnæs,Region Hovedstaden,Sø,Arresø,17-05-2016,1,"Måledybder, Sø",Ja,Miljøstyrelsen,https://vanda.miljoeportal.dk/link/3d27ae0c-dd0e-49ad-923c-f45f5546e968,Aktivitetssted,32,693898,6209574,1,17-05-2016 11:00:00 +02:00,"4,8","0,5",,,,Nej,,,,,3
Station,49000042,"ARRESØ, kemi",32,693898,6209574,Halsnæs,Region Hovedstaden,Sø,Arresø,19-08-1985,1,"Måledybder, Sø",Ja,Miljøstyrelsen,https://vanda.miljoeportal.dk/link/1959198f-96bd-482b-b7c7-a6df4239a339,Aktivitetssted,32,693898,6209574,1,19-08-1985 09:00:00 +02:00,"3,8","0,3",,,,Nej,,,,,2
Station,49000042,"ARRESØ, kemi",32,693898,6209574,Halsnæs,Region Hovedstaden,Sø,Arresø,29-06-1977,1,"Måledybder, Sø",Ja,Miljøstyrelsen,https://vanda.miljoeportal.dk/link/efc51c2e-74ac-4a1a-a472-66591e16dbc2,Aktivitetssted,32,693898,6209574,1,29-06-1977 09:00:00 +01:00,9999,"0,2",,,,Nej,,,,,2
Station,49000042,"ARRESØ, kemi",32,693898,6209574,Halsnæs,Region Hovedstaden,Sø,Arresø,13-06-1990,1,"Måledybder, Sø",Ja,Miljøstyrelsen,https://vanda.miljoeportal.dk/link/ef901b13-3a68-4a02-943c-1336a317da43,Aktivitetssted,32,693898,6209574,1,13-06-1990 10:30:00 +02:00,"4,1","0,5",,,,Nej,,,,,2
Station,49000042,"ARRESØ, kemi",32,693898,6209574,Halsnæs,Region Hovedstaden,Sø,Arresø,2/7/13,1,"Måledybder, Sø",Ja,Miljøstyrelsen,https://vanda.miljoeportal.dk/link/97f16ac0-060b-4e2d-94a9-75b23a27ab3f,Aktivitetssted,32,693898,6209574,1,02-07-2013 10:30:00 +02:00,"4,7","0,6",,,,Nej,,,,,2
Station,49000042,"ARRESØ, kemi",32,693898,6209574,Halsnæs,Region Hovedstaden,Sø,Arresø,25-06-2002,1,"Måledybder, Sø",Ja,Miljøstyrelsen,https://vanda.miljoeportal.dk/link/408d248a-fb11-4661-9402-2648b7b9ee74,Aktivitetssted,32,693898,6209574,1,25-06-2002 10:30:00 +02:00,"4,7","0,6",,,,Nej,,,,,2
Station,49000042,"ARRESØ, kemi",32,693898,6209574,Halsnæs,Region Hovedstaden,Sø,Arresø,22-08-2006,1,"Måledybder, Sø",Ja,Miljøstyrelsen,https://vanda.miljoeportal.dk/link/7bd65b6e-166e-4e35-ae3c-29a0f1749845,Aktivitetssted,32,693898,6209574,1,22-08-2006 11:00:00 +02:00,"4,5","0,44",,,,Nej,,,,,2
Station,49000042,"ARRESØ, kemi",32,693898,6209574,Halsnæs,Region Hovedstaden,Sø,Arresø,30-11-1977,1,"Måledybder, Sø",Ja,Miljøstyrelsen,https://vanda.miljoeportal.dk/link/59166e30-2e50-4a96-9d81-58bfc907b7f3,Aktivitetssted,32,693898,6209574,1,30-11-1977 09:00:00 +01:00,9999,"0,4",,,,Nej,,,,,2
Station,49000042,"ARRESØ, kemi",32,693898,6209574,Halsnæs,Region Hovedstaden,Sø,Arresø,23-06-2014,1,"Måledybder, Sø",Ja,Miljøstyrelsen,https://vanda.miljoeportal.dk/link/d59ec0bc-fa6b-44c4-89eb-ac984c390450,Aktivitetssted,32,693898,6209574,1,23-06-2014 10:30:00 +02:00,"4,6","0,5",,,,Nej,,,,,3
Station,49000042,"ARRESØ, kemi",32,693898,6209574,Halsnæs,Region Hovedstaden,Sø,Arresø,13-06-1995,1,"Måledybder, Sø",Ja,Miljøstyrelsen,https://vanda.miljoeportal.dk/link/021997fc-7f73-42ed-afef-ea32805c6432,Aktivitetssted,32,693898,6209574,1,13-06-1995 10:45:00 +02:00,"4,3","0,8",,,,Nej,,,,,2
Station,49000042,"ARRESØ, kemi",32,693898,6209574,Halsnæs,Region Hovedstaden,Sø,Arresø,6/9/90,1,"Måledybder, Sø",Ja,Miljøstyrelsen,https://vanda.miljoeportal.dk/link/11b43e48-d89b-41dd-a2ba-8abf9d96b9c2,Aktivitetssted,32,693898,6209574,1,06-09-1990 10:00:00 +02:00,"4,6","0,5",,,,Nej,,,,,2
Station,49000042,"ARRESØ, kemi",32,693898,6209574,Halsnæs,Region Hovedstaden,Sø,Arresø,27-04-2004,1,"Måledybder, Sø",Ja,Miljøstyrelsen,https://vanda.miljoeportal.dk/link/03f43dfa-35e8-4c15-9aa7-ba7df90ce0cf,Aktivitetssted,32,693898,6209574,1,27-04-2004 12:00:00 +02:00,5,"0,6",,,,Nej,,,,,2
Station,49000042,"ARRESØ, kemi",32,693898,6209574,Halsnæs,Region Hovedstaden,Sø,Arresø,9/5/07,1,"Måledybder, Sø",Ja,Miljøstyrelsen,https://vanda.miljoeportal.dk/link/e9e7d1f7-ebaf-42dd-ab21-321995fac055,Aktivitetssted,32,693898,6209574,1,09-05-2007 11:15:00 +02:00,"4,9","0,3",,,,Nej,,,,,2
Station,49000042,"ARRESØ, kemi",32,693898,6209574,Halsnæs,Region Hovedstaden,Sø,Arresø,11/5/04,1,"Måledybder, Sø",Ja,Miljøstyrelsen,https://vanda.miljoeportal.dk/link/707b76b1-3b5f-4ce8-bde2-dccc82134032,Aktivitetssted,32,693898,6209574,1,11-05-2004 11:15:00 +02:00,"4,8","0,54",,,,Nej,,,,,2
Station,49000042,"ARRESØ, kemi",32,693898,6209574,Halsnæs,Region Hovedstaden,Sø,Arresø,27-01-1993,1,"Måledybder, Sø",Ja,Miljøstyrelsen,https://vanda.miljoeportal.dk/link/820e3c26-abc3-4b20-803a-6a0ae7354e54,Aktivitetssted,32,693898,6209574,1,27-01-1993 12:00:00 +01:00,5,"0,2",,,,Nej,,,,,2
Station,49000042,"ARRESØ, kemi",32,693898,6209574,Halsnæs,Region Hovedstaden,Sø,Arresø,23-07-2008,1,"Måledybder, Sø",Ja,Miljøstyrelsen,https://vanda.miljoeportal.dk/link/2eee69eb-6162-4188-a63a-0013e147f7ad,Aktivitetssted,32,693898,6209574,1,23-07-2008 12:30:00 +02:00,"4,1","0,5",,,,Nej,,,,,2
Station,49000042,"ARRESØ, kemi",32,693898,6209574,Halsnæs,Region Hovedstaden,Sø,Arresø,12/1/77,1,"Måledybder, Sø",Ja,Miljøstyrelsen,https://vanda.miljoeportal.dk/link/502d342d-b942-4477-b5f9-8c8551a85640,Aktivitetssted,32,693898,6209574,1,12-01-1977 09:00:00 +01:00,9999,"1,2",,,,Nej,,,,,2
Station,49000097,ARRESØ ST C,32,694929,6209746,Gribskov,Region Hovedstaden,Sø,Arresø,8/11/18,1,"Måledybder, Sø",Ja,Miljøstyrelsen,https://vanda.miljoeportal.dk/link/c1804c94-a8cf-4709-b099-87547642478b,Aktivitetssted,32,694929,6209746,1,08-11-2018 12:00:00 +01:00,"3,6",,,,,,,,,,3
Station,49000042,"ARRESØ, kemi",32,693898,6209574,Halsnæs,Region Hovedstaden,Sø,Arresø,15-02-1996,1,"Måledybder, Sø",Ja,Miljøstyrelsen,https://vanda.miljoeportal.dk/link/754394c8-f009-47db-86d1-5c027c22dde6,Aktivitetssted,32,693898,6209574,1,15-02-1996 10:15:00 +01:00,"3,5",,,,,,,,,,2
Station,49000042,"ARRESØ, kemi",32,693898,6209574,Halsnæs,Region Hovedstaden,Sø,Arresø,6/1/99,1,"Måledybder, Sø",Ja,Miljøstyrelsen,https://vanda.miljoeportal.dk/link/4828a235-b1f1-4ae5-86ee-3b1489640e67,Aktivitetssted,32,693898,6209574,1,06-01-1999 12:30:00 +01:00,"5,1","0,3",,,,Nej,,,,,2
Station,49000042,"ARRESØ, kemi",32,693898,6209574,Halsnæs,Region Hovedstaden,Sø,Arresø,11/11/14,1,"Måledybder, Sø",Ja,Miljøstyrelsen,https://vanda.miljoeportal.dk/link/bf93cb7f-a600-430e-a644-d9cde6d25276,Aktivitetssted,32,693898,6209574,1,11-11-2014 10:00:00 +01:00,"4,8","0,75",,,,Nej,,,,,3
Station,49000042,"ARRESØ, kemi",32,693898,6209574,Halsnæs,Region Hovedstaden,Sø,Arresø,7/9/93,1,"Måledybder, Sø",Ja,Miljøstyrelsen,https://vanda.miljoeportal.dk/link/aef2239d-f29a-4383-b377-955f1e627dac,Aktivitetssted,32,693898,6209574,1,07-09-1993 10:00:00 +02:00,"4,4","0,3",,,,Nej,,,,,2
Station,49000042,"ARRESØ, kemi",32,693898,6209574,Halsnæs,Region Hovedstaden,Sø,Arresø,16-03-1993,1,"Måledybder, Sø",Ja,Miljøstyrelsen,https://vanda.miljoeportal.dk/link/b4b9da11-30b8-4d84-8c68-8d82cf5c2b25,Aktivitetssted,32,693898,6209574,1,16-03-1993 12:45:00 +01:00,5,"0,2",,,,Nej,,,,,2
Station,49000042,"ARRESØ, kemi",32,693898,6209574,Halsnæs,Region Hovedstaden,Sø,Arresø,25-08-2008,1,"Måledybder, Sø",Ja,Miljøstyrelsen,https://vanda.miljoeportal.dk/link/3e8c0eea-f296-4d5b-9456-2e40d0c0492c,Aktivitetssted,32,693898,6209574,1,25-08-2008 11:15:00 +02:00,"4,3","0,3",,,,Nej,,,,,2
Station,49000042,"ARRESØ, kemi",32,693898,6209574,Halsnæs,Region Hovedstaden,Sø,Arresø,1/7/03,1,"Måledybder, Sø",Ja,Miljøstyrelsen,https://vanda.miljoeportal.dk/link/760eff3d-cdff-4513-8f3d-e733f37e7646,Aktivitetssted,32,693898,6209574,1,01-07-2003 09:20:00 +02:00,"4,7","0,7",,,,Nej,,,,,2
Station,49000042,"ARRESØ, kemi",32,693898,6209574,Halsnæs,Region Hovedstaden,Sø,Arresø,7/7/04,1,"Måledybder, Sø",Ja,Miljøstyrelsen,https://vanda.miljoeportal.dk/link/7a74bc3f-0873-4e83-842d-66508cd69080,Aktivitetssted,32,693898,6209574,1,07-07-2004 11:00:00 +02:00,"4,7","0,4",,,,Nej,,,,,2
Station,49000042,"ARRESØ, kemi",32,693898,6209574,Halsnæs,Region Hovedstaden,Sø,Arresø,18-06-2003,1,"Måledybder, Sø",Ja,Miljøstyrelsen,https://vanda.miljoeportal.dk/link/6386de12-b884-415c-a935-d33edefafb28,Aktivitetssted,32,693898,6209574,1,18-06-2003 09:30:00 +02:00,"4,7","0,7",,,,Nej,,,,,2
Station,49000042,"ARRESØ, kemi",32,693898,6209574,Halsnæs,Region Hovedstaden,Sø,Arresø,12/4/94,1,"Måledybder, Sø",Ja,Miljøstyrelsen,https://vanda.miljoeportal.dk/link/f9cf0709-fcca-47c5-9bda-79758af8dbcb,Aktivitetssted,32,693898,6209574,1,12-04-1994 10:00:00 +02:00,"4,6","0,4",,,,Nej,,,,,2
Station,49000042,"ARRESØ, kemi",32,693898,6209574,Halsnæs,Region Hovedstaden,Sø,Arresø,5/5/08,1,"Måledybder, Sø",Ja,Miljøstyrelsen,https://vanda.miljoeportal.dk/link/dcd63b74-34ab-42b6-b18a-0118cceb13c5,Aktivitetssted,32,693898,6209574,1,05-05-2008 11:00:00 +02:00,"4,7","0,6",,,,Nej,,,,,2
Station,49000042,"ARRESØ, kemi",32,693898,6209574,Halsnæs,Region Hovedstaden,Sø,Arresø,13-06-1979,1,"Måledybder, Sø",Ja,Miljøstyrelsen,https://vanda.miljoeportal.dk/link/45dfb07d-2786-4acb-af98-fea559dc7fae,Aktivitetssted,32,693898,6209574,1,13-06-1979 09:00:00 +01:00,9999,"0,4",,,,Nej,,,,,2
Station,49000042,"ARRESØ, kemi",32,693898,6209574,Halsnæs,Region Hovedstaden,Sø,Arresø,22-10-1992,1,"Måledybder, Sø",Ja,Miljøstyrelsen,https://vanda.miljoeportal.dk/link/cc077c9a-cece-43ec-8992-c6b2ce599a1a,Aktivitetssted,32,693898,6209574,1,22-10-1992 10:00:00 +01:00,"4,3","0,5",,,,Nej,,,,,2
Station,49000042,"ARRESØ, kemi",32,693898,6209574,Halsnæs,Region Hovedstaden,Sø,Arresø,20-05-2014,1,"Måledybder, Sø",Ja,Miljøstyrelsen,https://vanda.miljoeportal.dk/link/d476864a-3419-4014-a3b5-d1b5c003a337,Aktivitetssted,32,693898,6209574,1,20-05-2014 10:30:00 +02:00,"4,8","0,7",,,,Nej,,,,,3
Station,49000042,"ARRESØ, kemi",32,693898,6209574,Halsnæs,Region Hovedstaden,Sø,Arresø,8/10/73,1,"Måledybder, Sø",Ja,Miljøstyrelsen,https://vanda.miljoeportal.dk/link/d65b7304-705b-4abc-855d-0a11159bb791,Aktivitetssted,32,693898,6209574,1,08-10-1973 09:00:00 +01:00,9999,"0,3",,,,Nej,,,,,2
Station,49000042,"ARRESØ, kemi",32,693898,6209574,Halsnæs,Region Hovedstaden,Sø,Arresø,11/8/08,1,"Måledybder, Sø",Ja,Miljøstyrelsen,https://vanda.miljoeportal.dk/link/2e2c36bf-3839-4bf0-bbec-204061a089f3,Aktivitetssted,32,693898,6209574,1,11-08-2008 10:15:00 +02:00,"4,2","0,3",,,,Nej,,,,,2
Station,49000042,"ARRESØ, kemi",32,693898,6209574,Halsnæs,Region Hovedstaden,Sø,Arresø,28-09-2009,1,"Måledybder, Sø",Ja,Miljøstyrelsen,https://vanda.miljoeportal.dk/link/51f8b026-f22a-465c-8868-12c038bddbc5,Aktivitetssted,32,693898,6209574,1,28-09-2009 11:10:00 +02:00,"4,2","0,5",,,,Nej,,,,,2
Station,49000042,"ARRESØ, kemi",32,693898,6209574,Halsnæs,Region Hovedstaden,Sø,Arresø,15-07-2024,1,"Måledybder, Sø",Ja,Miljøstyrelsen,https://vanda.miljoeportal.dk/link/193dda0a-8b33-4eec-b7f0-fe4873ebc1dd,49000042,32,"6,938,980,170,014,180","6,209,573,957,434,570",1,15-07-2024 11:25:39 +02:00,"4,5","0,3",,,,Nej,,,,,2
Station,49000042,"ARRESØ, kemi",32,693898,6209574,Halsnæs,Region Hovedstaden,Sø,Arresø,12/1/10,1,"Måledybder, Sø",Ja,Miljøstyrelsen,https://vanda.miljoeportal.dk/link/c66ec0b5-3d9a-4463-8f48-6358492f37e7,Aktivitetssted,32,693898,6209574,1,12-01-2010 11:00:00 +01:00,"3,1","1,6",,,,Nej,,,,,2
Station,49000042,"ARRESØ, kemi",32,693898,6209574,Halsnæs,Region Hovedstaden,Sø,Arresø,10/8/93,1,"Måledybder, Sø",Ja,Miljøstyrelsen,https://vanda.miljoeportal.dk/link/cd016c6d-77bc-4291-90dd-13d94c9c22fd,Aktivitetssted,32,693898,6209574,1,10-08-1993 11:00:00 +02:00,4,"0,3",,,,Nej,,,,,2
Station,49000042,"ARRESØ, kemi",32,693898,6209574,Halsnæs,Region Hovedstaden,Sø,Arresø,6/7/99,1,"Måledybder, Sø",Ja,Miljøstyrelsen,https://vanda.miljoeportal.dk/link/4018dc7c-6fda-4f87-8c2b-5b3f4454778a,Aktivitetssted,32,693898,6209574,1,06-07-1999 10:15:00 +02:00,"4,8","0,4",,,,Nej,,,,,2
Station,49000042,"ARRESØ, kemi",32,693898,6209574,Halsnæs,Region Hovedstaden,Sø,Arresø,4/8/04,1,"Måledybder, Sø",Ja,Miljøstyrelsen,https://vanda.miljoeportal.dk/link/de51a251-bf09-460f-ae07-5e1ff3bdde8f,Aktivitetssted,32,693898,6209574,1,04-08-2004 10:15:00 +02:00,"4,7","0,55",,,,Nej,,,,,2
Station,49000042,"ARRESØ, kemi",32,693898,6209574,Halsnæs,Region Hovedstaden,Sø,Arresø,28-03-1990,1,"Måledybder, Sø",Ja,Miljøstyrelsen,https://vanda.miljoeportal.dk/link/a190a015-fab6-42a4-8769-d478bd913f6a,Aktivitetssted,32,693898,6209574,1,28-03-1990 10:30:00 +02:00,"4,9","0,3",,,,Nej,,,,,2
Station,49000042,"ARRESØ, kemi",32,693898,6209574,Halsnæs,Region Hovedstaden,Sø,Arresø,1/4/73,1,"Måledybder, Sø",Ja,Miljøstyrelsen,https://vanda.miljoeportal.dk/link/c6944877-7523-4f80-b828-2ea89ffba70e,Aktivitetssted,32,693898,6209574,1,01-04-1973 09:00:00 +01:00,9999,"0,3",,,,Nej,,,,,2
Station,49000042,"ARRESØ, kemi",32,693898,6209574,Halsnæs,Region Hovedstaden,Sø,Arresø,6/11/12,1,"Måledybder, Sø",Ja,Miljøstyrelsen,https://vanda.miljoeportal.dk/link/dfba4062-719e-4925-ad99-f8bfb51b32b5,Aktivitetssted,32,693898,6209574,1,06-11-2012 11:42:00 +01:00,"4,6","0,4",,,,Nej,,,,,2
Station,49000042,"ARRESØ, kemi",32,693898,6209574,Halsnæs,Region Hovedstaden,Sø,Arresø,2/8/07,1,"Måledybder, Sø",Ja,Miljøstyrelsen,https://vanda.miljoeportal.dk/link/9b343c77-2a9c-4136-956c-ef3c6087c7b8,Aktivitetssted,32,693898,6209574,1,02-08-2007 10:15:00 +02:00,5,"0,55",,,,Nej,,,,,2
Station,49000042,"ARRESØ, kemi",32,693898,6209574,Halsnæs,Region Hovedstaden,Sø,Arresø,12/4/12,1,"Måledybder, Sø",Ja,Miljøstyrelsen,https://vanda.miljoeportal.dk/link/913e2c0e-0135-4ff7-ad1c-3db66e31e805,Aktivitetssted,32,693898,6209574,1,12-04-2012 11:21:00 +02:00,"4,8","0,4",,,,Nej,,,,,2
Station,49000042,"ARRESØ, kemi",32,693898,6209574,Halsnæs,Region Hovedstaden,Sø,Arresø,7/3/00,1,"Måledybder, Sø",Ja,Miljøstyrelsen,https://vanda.miljoeportal.dk/link/52d5910c-71eb-4596-b034-5a1257e0ee38,Aktivitetssted,32,693898,6209574,1,07-03-2000 10:30:00 +01:00,"5,2","0,3",,,,Nej,,,,,2
Station,49000042,"ARRESØ, kemi",32,693898,6209574,Halsnæs,Region Hovedstaden,Sø,Arresø,8/1/02,1,"Måledybder, Sø",Ja,Miljøstyrelsen,https://vanda.miljoeportal.dk/link/4a922de1-da36-4c5e-8bdb-6c1e3a6f44d5,Aktivitetssted,32,693898,6209574,1,08-01-2002 10:30:00 +01:00,9999,"0,6",,,,Nej,,,,,2
Station,49000042,"ARRESØ, kemi",32,693898,6209574,Halsnæs,Region Hovedstaden,Sø,Arresø,13-07-1977,1,"Måledybder, Sø",Ja,Miljøstyrelsen,https://vanda.miljoeportal.dk/link/f59a4b21-12fd-4abb-a903-afaf4c07d34e,Aktivitetssted,32,693898,6209574,1,13-07-1977 09:00:00 +01:00,9999,"0,3",,,,Nej,,,,,2
Station,49000097,ARRESØ ST C,32,694929,6209746,Gribskov,Region Hovedstaden,Sø,Arresø,11/11/09,1,"Måledybder, Sø",Ja,Miljøstyrelsen,https://vanda.miljoeportal.dk/link/552bbc12-bb6c-4af8-b09c-1ff4cefee0d5,Aktivitetssted,32,694929,6209746,1,11-11-2009 10:00:00 +01:00,4,,,,,,,,,,2
Station,49000042,"ARRESØ, kemi",32,693898,6209574,Halsnæs,Region Hovedstaden,Sø,Arresø,20-06-2011,1,"Måledybder, Sø",Ja,Miljøstyrelsen,https://vanda.miljoeportal.dk/link/4ba9bcb5-edaf-4af8-982c-49991c39d9ce,Aktivitetssted,32,693898,6209574,1,20-06-2011 11:30:00 +02:00,"4,6","0,4",,,,Nej,,,,,2
Station,49000042,"ARRESØ, kemi",32,693898,6209574,Halsnæs,Region Hovedstaden,Sø,Arresø,8/3/88,1,"Måledybder, Sø",Ja,Miljøstyrelsen,https://vanda.miljoeportal.dk/link/fc8dea83-e11f-4c47-b6ef-bc743c804203,Aktivitetssted,32,693898,6209574,1,08-03-1988 09:00:00 +01:00,"4,5","0,3",,,,Nej,,,,,2
Station,49000042,"ARRESØ, kemi",32,693898,6209574,Halsnæs,Region Hovedstaden,Sø,Arresø,5/11/07,1,"Måledybder, Sø",Ja,Miljøstyrelsen,https://vanda.miljoeportal.dk/link/e5908a8f-b2e5-419b-8377-26c3d272bfb9,Aktivitetssted,32,693898,6209574,1,05-11-2007 12:30:00 +01:00,"4,8","0,5",,,,Nej,,,,,2
Station,49000042,"ARRESØ, kemi",32,693898,6209574,Halsnæs,Region Hovedstaden,Sø,Arresø,25-06-1976,1,"Måledybder, Sø",Ja,Miljøstyrelsen,https://vanda.miljoeportal.dk/link/cf3111fe-465b-4dfa-80bd-c4e91ccbcbfa,Aktivitetssted,32,693898,6209574,1,25-06-1976 09:00:00 +01:00,9999,"0,3",,,,Nej,,,,,2
Station,49000042,"ARRESØ, kemi",32,693898,6209574,Halsnæs,Region Hovedstaden,Sø,Arresø,10/10/16,1,"Måledybder, Sø",Ja,Miljøstyrelsen,https://vanda.miljoeportal.dk/link/5cdc3227-e500-438b-8aa4-0731d1e71ccd,Aktivitetssted,32,693898,6209574,1,10-10-2016 10:30:00 +02:00,"4,6","0,6",,,,Nej,,,,,3
Station,49000042,"ARRESØ, kemi",32,693898,6209574,Halsnæs,Region Hovedstaden,Sø,Arresø,20-08-1996,1,"Måledybder, Sø",Ja,Miljøstyrelsen,https://vanda.miljoeportal.dk/link/044e91b6-6b29-4d1c-9684-76a011eab21e,Aktivitetssted,32,693898,6209574,1,20-08-1996 10:30:00 +02:00,"4,4","0,5",,,,Nej,,,,,2
Station,49000042,"ARRESØ, kemi",32,693898,6209574,Halsnæs,Region Hovedstaden,Sø,Arresø,11/10/78,1,"Måledybder, Sø",Ja,Miljøstyrelsen,https://vanda.miljoeportal.dk/link/90069488-7f8e-4793-be5b-2778dfd142fe,Aktivitetssted,32,693898,6209574,1,11-10-1978 09:00:00 +01:00,9999,"0,4",,,,Nej,,,,,2
Station,49000042,"ARRESØ, kemi",32,693898,6209574,Halsnæs,Region Hovedstaden,Sø,Arresø,24-10-1991,1,"Måledybder, Sø",Ja,Miljøstyrelsen,https://vanda.miljoeportal.dk/link/a7b518ba-f3b3-4b6e-ab78-66d4ac285350,Aktivitetssted,32,693898,6209574,1,24-10-1991 10:10:00 +01:00,"4,6","0,3",,,,Nej,,,,,2
Station,49000042,"ARRESØ, kemi",32,693898,6209574,Halsnæs,Region Hovedstaden,Sø,Arresø,27-04-2009,1,"Måledybder, Sø",Ja,Miljøstyrelsen,https://vanda.miljoeportal.dk/link/6a90cb00-18b4-4b3f-8ced-04270c559981,Aktivitetssted,32,693898,6209574,1,27-04-2009 10:45:00 +02:00,"4,6","0,6",,,,Nej,,,,,2
Station,49000042,"ARRESØ, kemi",32,693898,6209574,Halsnæs,Region Hovedstaden,Sø,Arresø,18-06-2018,1,"Måledybder, Sø",Ja,Miljøstyrelsen,https://vanda.miljoeportal.dk/link/2a80cb9f-47ea-4c25-b752-4640360e94d8,Aktivitetssted,32,693898,6209574,1,18-06-2018 10:30:00 +02:00,"4,5","0,5",,,,Nej,,,,,3
Station,49000042,"ARRESØ, kemi",32,693898,6209574,Halsnæs,Region Hovedstaden,Sø,Arresø,22-04-1998,1,"Måledybder, Sø",Ja,Miljøstyrelsen,https://vanda.miljoeportal.dk/link/528b1af5-d0ea-45ff-b2f9-515262510fc8,Aktivitetssted,32,693898,6209574,1,22-04-1998 11:00:00 +02:00,"4,6","0,5",,,,Nej,,,,,2
Station,49000042,"ARRESØ, kemi",32,693898,6209574,Halsnæs,Region Hovedstaden,Sø,Arresø,2/6/08,1,"Måledybder, Sø",Ja,Miljøstyrelsen,https://vanda.miljoeportal.dk/link/ebfbe073-90b6-4f3e-bcd6-2057e5436a21,Aktivitetssted,32,693898,6209574,1,02-06-2008 11:00:00 +02:00,"4,5","0,6",,,,Nej,,,,,2
Station,49000042,"ARRESØ, kemi",32,693898,6209574,Halsnæs,Region Hovedstaden,Sø,Arresø,16-05-1995,1,"Måledybder, Sø",Ja,Miljøstyrelsen,https://vanda.miljoeportal.dk/link/7d1e8f93-9ef4-4483-9894-e586274bc352,Aktivitetssted,32,693898,6209574,1,16-05-1995 11:00:00 +02:00,"2,7","0,3",,,,Nej,,,,,2
Station,49000042,"ARRESØ, kemi",32,693898,6209574,Halsnæs,Region Hovedstaden,Sø,Arresø,12/8/92,1,"Måledybder, Sø",Ja,Miljøstyrelsen,https://vanda.miljoeportal.dk/link/0e10503c-6dae-47d5-9c89-e5e22a4843b0,Aktivitetssted,32,693898,6209574,1,12-08-1992 12:00:00 +02:00,"4,3","0,4",,,,Nej,,,,,2
Station,49000042,"ARRESØ, kemi",32,693898,6209574,Halsnæs,Region Hovedstaden,Sø,Arresø,18-04-2001,1,"Måledybder, Sø",Ja,Miljøstyrelsen,https://vanda.miljoeportal.dk/link/e3f8c158-e6fc-4bce-b12e-bc2194efc776,Aktivitetssted,32,693898,6209574,1,18-04-2001 10:30:00 +02:00,"5,2","0,7",,,,Nej,,,,,2
Station,49000042,"ARRESØ, kemi",32,693898,6209574,Halsnæs,Region Hovedstaden,Sø,Arresø,17-09-1987,1,"Måledybder, Sø",Ja,Miljøstyrelsen,https://vanda.miljoeportal.dk/link/042573d0-e68f-4144-8652-6e23a6f148db,Aktivitetssted,32,693898,6209574,1,17-09-1987 09:00:00 +02:00,"4,5","0,3",,,,Nej,,,,,2
Station,49000042,"ARRESØ, kemi",32,693898,6209574,Halsnæs,Region Hovedstaden,Sø,Arresø,30-06-2016,1,"Måledybder, Sø",Ja,Miljøstyrelsen,https://vanda.miljoeportal.dk/link/ba192104-f273-436a-8933-e0c2d30c7045,Aktivitetssted,32,693898,6209574,1,30-06-2016 12:30:00 +02:00,"4,6","0,9",,,,Nej,,,,,3
Station,49000042,"ARRESØ, kemi",32,693898,6209574,Halsnæs,Region Hovedstaden,Sø,Arresø,3/10/18,1,"Måledybder, Sø",Ja,Miljøstyrelsen,https://vanda.miljoeportal.dk/link/dd539b01-1a4a-4eb6-8700-7b0e043186b9,Aktivitetssted,32,693898,6209574,1,03-10-2018 12:00:00 +02:00,"4,3","0,1",,,,Nej,,,,,3
Station,49000042,"ARRESØ, kemi",32,693898,6209574,Halsnæs,Region Hovedstaden,Sø,Arresø,5/7/90,1,"Måledybder, Sø",Ja,Miljøstyrelsen,https://vanda.miljoeportal.dk/link/648660d5-a63f-4e8b-a885-879b22693551,Aktivitetssted,32,693898,6209574,1,05-07-1990 09:45:00 +02:00,"4,7","0,2",,,,Nej,,,,,2
Station,49000042,"ARRESØ, kemi",32,693898,6209574,Halsnæs,Region Hovedstaden,Sø,Arresø,8/5/73,1,"Måledybder, Sø",Ja,Miljøstyrelsen,https://vanda.miljoeportal.dk/link/a246f169-617e-44ed-8c10-0059087192cc,Aktivitetssted,32,693898,6209574,1,08-05-1973 09:00:00 +01:00,9999,"0,3",,,,Nej,,,,,2
Station,49000042,"ARRESØ, kemi",32,693898,6209574,Halsnæs,Region Hovedstaden,Sø,Arresø,11/8/11,1,"Måledybder, Sø",Ja,Miljøstyrelsen,https://vanda.miljoeportal.dk/link/c1948d89-ab0a-4062-b8ed-daf108aeac88,Aktivitetssted,32,693898,6209574,1,11-08-2011 10:30:00 +02:00,"4,5","0,5",,,,Nej,,,,,2
Station,49000042,"ARRESØ, kemi",32,693898,6209574,Halsnæs,Region Hovedstaden,Sø,Arresø,26-10-1976,1,"Måledybder, Sø",Ja,Miljøstyrelsen,https://vanda.miljoeportal.dk/link/ab208e96-1b28-43dd-858a-dfb6bcb63907,Aktivitetssted,32,693898,6209574,1,26-10-1976 09:00:00 +01:00,9999,"0,3",,,,Nej,,,,,2
Station,49000042,"ARRESØ, kemi",32,693898,6209574,Halsnæs,Region Hovedstaden,Sø,Arresø,15-05-2018,1,"Måledybder, Sø",Ja,Miljøstyrelsen,https://vanda.miljoeportal.dk/link/5a261167-d088-423c-9f1a-636c51cc7e57,Aktivitetssted,32,693898,6209574,1,15-05-2018 10:00:00 +02:00,4,"0,6",,,,Nej,,,,,3
Station,49000042,"ARRESØ, kemi",32,693898,6209574,Halsnæs,Region Hovedstaden,Sø,Arresø,23-04-1996,1,"Måledybder, Sø",Ja,Miljøstyrelsen,https://vanda.miljoeportal.dk/link/22c18cb1-67cb-476e-b77c-fbf5f0640954,Aktivitetssted,32,693898,6209574,1,23-04-1996 10:45:00 +02:00,"4,7","0,7",,,,Nej,,,,,2
Station,49000042,"ARRESØ, kemi",32,693898,6209574,Halsnæs,Region Hovedstaden,Sø,Arresø,12/12/95,1,"Måledybder, Sø",Ja,Miljøstyrelsen,https://vanda.miljoeportal.dk/link/1515032c-7f7e-44fd-89f7-ab32b1a0ac9c,Aktivitetssted,32,693898,6209574,1,12-12-1995 11:00:00 +01:00,"4,5","0,4",,,,Nej,,,,,2
Station,49000042,"ARRESØ, kemi",32,693898,6209574,Halsnæs,Region Hovedstaden,Sø,Arresø,9/2/22,1,"Måledybder, Sø",Ja,Miljøstyrelsen,https://vanda.miljoeportal.dk/link/5c5385aa-c792-4f3e-9cbf-91242ba1c830,Aktivitetssted,32,"6,938,979,998,364,560","6,209,574,003,611,640",1,09-02-2022 10:30:00 +01:00,"4,4","0,6",,,,Nej,,,,,2
Station,49000042,"ARRESØ, kemi",32,693898,6209574,Halsnæs,Region Hovedstaden,Sø,Arresø,6/12/18,1,"Måledybder, Sø",Ja,Miljøstyrelsen,https://vanda.miljoeportal.dk/link/109e75c8-3a85-4786-af17-61b48a2c3bda,Aktivitetssted,32,693898,6209574,1,06-12-2018 11:00:00 +01:00,"4,6","0,5",,,,Nej,,,,,3
Station,49000042,"ARRESØ, kemi",32,693898,6209574,Halsnæs,Region Hovedstaden,Sø,Arresø,9/4/91,1,"Måledybder, Sø",Ja,Miljøstyrelsen,https://vanda.miljoeportal.dk/link/0cfeeda8-3dca-4a76-98c1-975a7490f8c3,Aktivitetssted,32,693898,6209574,1,09-04-1991 10:00:00 +02:00,"4,7","0,5",,,,Nej,,,,,2
Station,49000042,"ARRESØ, kemi",32,693898,6209574,Halsnæs,Region Hovedstaden,Sø,Arresø,9/10/02,1,"Måledybder, Sø",Ja,Miljøstyrelsen,https://vanda.miljoeportal.dk/link/69744e55-5a6c-41a2-b990-9b85d82fa7e8,Aktivitetssted,32,693898,6209574,1,09-10-2002 11:30:00 +02:00,"4,6","0,6",,,,Nej,,,,,2
Station,49000042,"ARRESØ, kemi",32,693898,6209574,Halsnæs,Region Hovedstaden,Sø,Arresø,25-04-2000,1,"Måledybder, Sø",Ja,Miljøstyrelsen,https://vanda.miljoeportal.dk/link/34520287-7b5b-458b-8db1-3cab66ec75fd,Aktivitetssted,32,693898,6209574,1,25-04-2000 10:50:00 +02:00,"5,2","0,5",,,,Nej,,,,,2
Station,49000042,"ARRESØ, kemi",32,693898,6209574,Halsnæs,Region Hovedstaden,Sø,Arresø,26-08-2003,1,"Måledybder, Sø",Ja,Miljøstyrelsen,https://vanda.miljoeportal.dk/link/f4b88c8a-8e01-4fcc-b2bb-35a4ae6ba820,Aktivitetssted,32,693898,6209574,1,26-08-2003 11:30:00 +02:00,"4,5","0,5",,,,Nej,,,,,2
Station,49000042,"ARRESØ, kemi",32,693898,6209574,Halsnæs,Region Hovedstaden,Sø,Arresø,17-05-1977,1,"Måledybder, Sø",Ja,Miljøstyrelsen,https://vanda.miljoeportal.dk/link/41b76818-6f91-4fd8-be8e-864973ee12e7,Aktivitetssted,32,693898,6209574,1,17-05-1977 09:00:00 +01:00,9999,"0,4",,,,Nej,,,,,2
Station,49000042,"ARRESØ, kemi",32,693898,6209574,Halsnæs,Region Hovedstaden,Sø,Arresø,29-05-2001,1,"Måledybder, Sø",Ja,Miljøstyrelsen,https://vanda.miljoeportal.dk/link/9ac10d17-a0d4-4c59-a249-0fef6a0f8db6,Aktivitetssted,32,693898,6209574,1,29-05-2001 11:30:00 +02:00,"4,7","0,6",,,,Nej,,,,,2
Station,49000042,"ARRESØ, kemi",32,693898,6209574,Halsnæs,Region Hovedstaden,Sø,Arresø,11/7/06,1,"Måledybder, Sø",Ja,Miljøstyrelsen,https://vanda.miljoeportal.dk/link/ea40aa39-e767-40c9-b28a-0797033ba731,Aktivitetssted,32,693898,6209574,1,11-07-2006 10:40:00 +02:00,"4,6","0,75",,,,Nej,,,,,2
Station,49000042,"ARRESØ, kemi",32,693898,6209574,Halsnæs,Region Hovedstaden,Sø,Arresø,24-03-2004,1,"Måledybder, Sø",Ja,Miljøstyrelsen,https://vanda.miljoeportal.dk/link/145f92d6-32ea-4670-9bcb-476ee5271813,Aktivitetssted,32,693898,6209574,1,24-03-2004 12:00:00 +01:00,"5,1","0,8",,,,Nej,,,,,2
Station,49000042,"ARRESØ, kemi",32,693898,6209574,Halsnæs,Region Hovedstaden,Sø,Arresø,10/6/97,1,"Måledybder, Sø",Ja,Miljøstyrelsen,https://vanda.miljoeportal.dk/link/22e2968a-2909-4fe8-bc7f-439446020b27,Aktivitetssted,32,693898,6209574,1,10-06-1997 10:00:00 +02:00,"4,3","0,6",,,,Nej,,,,,2
Station,49000042,"ARRESØ, kemi",32,693898,6209574,Halsnæs,Region Hovedstaden,Sø,Arresø,22-10-2024,1,"Måledybder, Sø",Ja,Miljøstyrelsen,https://vanda.miljoeportal.dk/link/e5bb0a32-04f6-48e0-bb25-476c018375a9,49000042,32,"6,938,980,170,014,180","6,209,573,957,434,570",1,22-10-2024 11:38:13 +02:00,"4,3","0,5",,,,Nej,Lokal kote,0,1,-1,2
Station,49000042,"ARRESØ, kemi",32,693898,6209574,Halsnæs,Region Hovedstaden,Sø,Arresø,4/7/96,1,"Måledybder, Sø",Ja,Miljøstyrelsen,https://vanda.miljoeportal.dk/link/a818ead3-11af-4c2c-a56b-017240b227a4,Aktivitetssted,32,693898,6209574,1,04-07-1996 11:00:00 +02:00,"4,7","0,4",,,,Nej,,,,,2
Station,49000042,"ARRESØ, kemi",32,693898,6209574,Halsnæs,Region Hovedstaden,Sø,Arresø,28-06-1994,1,"Måledybder, Sø",Ja,Miljøstyrelsen,https://vanda.miljoeportal.dk/link/67ee2f88-2e99-46f6-ab24-91e2aaeef4b9,Aktivitetssted,32,693898,6209574,1,28-06-1994 10:00:00 +02:00,"4,6","0,2",,,,Nej,,,,,2
Station,49000042,"ARRESØ, kemi",32,693898,6209574,Halsnæs,Region Hovedstaden,Sø,Arresø,19-02-2008,1,"Måledybder, Sø",Ja,Miljøstyrelsen,https://vanda.miljoeportal.dk/link/3559c3bc-2e75-40b1-9034-7eebd16902b8,Aktivitetssted,32,693898,6209574,1,19-02-2008 11:30:00 +01:00,"4,8","0,6",,,,Nej,,,,,2
Station,49000042,"ARRESØ, kemi",32,693898,6209574,Halsnæs,Region Hovedstaden,Sø,Arresø,20-05-1973,1,"Måledybder, Sø",Ja,Miljøstyrelsen,https://vanda.miljoeportal.dk/link/364704d5-0be3-4fb3-9b8c-4cf8d842b0af,Aktivitetssted,32,693898,6209574,1,20-05-1973 09:00:00 +01:00,9999,"0,4",,,,Nej,,,,,2
Station,49000042,"ARRESØ, kemi",32,693898,6209574,Halsnæs,Region Hovedstaden,Sø,Arresø,10/4/96,1,"Måledybder, Sø",Ja,Miljøstyrelsen,https://vanda.miljoeportal.dk/link/f38f44e7-5d10-43e8-8f5f-fb3c1ea8278a,Aktivitetssted,32,693898,6209574,1,10-04-1996 11:00:00 +02:00,4,"0,6",,,,Nej,,,,,2
Station,49000042,"ARRESØ, kemi",32,693898,6209574,Halsnæs,Region Hovedstaden,Sø,Arresø,6/9/94,1,"Måledybder, Sø",Ja,Miljøstyrelsen,https://vanda.miljoeportal.dk/link/cc677400-b08c-4eb8-b555-f91ca0031d1f,Aktivitetssted,32,693898,6209574,1,06-09-1994 12:00:00 +02:00,"4,4","0,3",,,,Nej,,,,,2
Station,49000042,"ARRESØ, kemi",32,693898,6209574,Halsnæs,Region Hovedstaden,Sø,Arresø,6/10/76,1,"Måledybder, Sø",Ja,Miljøstyrelsen,https://vanda.miljoeportal.dk/link/01a32d57-a059-4eff-a3ed-77e6c3524181,Aktivitetssted,32,693898,6209574,1,06-10-1976 09:00:00 +01:00,9999,"0,2",,,,Nej,,,,,2
Station,49000042,"ARRESØ, kemi",32,693898,6209574,Halsnæs,Region Hovedstaden,Sø,Arresø,5/9/89,1,"Måledybder, Sø",Ja,Miljøstyrelsen,https://vanda.miljoeportal.dk/link/cb9572b8-3ef3-4a32-9a75-c72d0ab45444,Aktivitetssted,32,693898,6209574,1,05-09-1989 10:00:00 +02:00,"4,2","0,4",,,,Nej,,,,,2
Station,49000042,"ARRESØ, kemi",32,693898,6209574,Halsnæs,Region Hovedstaden,Sø,Arresø,11/8/03,1,"Måledybder, Sø",Ja,Miljøstyrelsen,https://vanda.miljoeportal.dk/link/a3d39f0d-fd7c-43e6-a2c4-14c5f05ca93e,Aktivitetssted,32,693898,6209574,1,11-08-2003 09:00:00 +02:00,"4,5","0,6",,,,Nej,,,,,2
Station,49000096,ARRESØ ST B,32,695956,6208568,Gribskov,Region Hovedstaden,Sø,Arresø,5/11/02,1,"Måledybder, Sø",Ja,Miljøstyrelsen,https://vanda.miljoeportal.dk/link/b749ceff-8804-4cc2-9cc7-8676083ecfab,Aktivitetssted,32,695956,6208568,1,05-11-2002 10:00:00 +01:00,4,,,,,,,,,,2
Station,49000042,"ARRESØ, kemi",32,693898,6209574,Halsnæs,Region Hovedstaden,Sø,Arresø,6/1/98,1,"Måledybder, Sø",Ja,Miljøstyrelsen,https://vanda.miljoeportal.dk/link/c0c29257-f134-43b4-8534-25fd0fc84832,Aktivitetssted,32,693898,6209574,1,06-01-1998 11:00:00 +01:00,"4,8","0,5",,,,Nej,,,,,2
Station,49000042,"ARRESØ, kemi",32,693898,6209574,Halsnæs,Region Hovedstaden,Sø,Arresø,29-06-2020,1,"Måledybder, Sø",Ja,Miljøstyrelsen,https://vanda.miljoeportal.dk/link/af8876d8-d0f4-414d-83ea-88a0f3fdef63,Aktivitetssted,32,693898,6209574,1,29-06-2020 11:30:00 +02:00,"4,6","0,6",,,,Nej,,,,,2
Station,49000042,"ARRESØ, kemi",32,693898,6209574,Halsnæs,Region Hovedstaden,Sø,Arresø,13-12-1994,1,"Måledybder, Sø",Ja,Miljøstyrelsen,https://vanda.miljoeportal.dk/link/f0e3a92c-7215-41b0-9b57-91bfc2ae269c,Aktivitetssted,32,693898,6209574,1,13-12-1994 11:00:00 +01:00,"4,7","0,2",,,,Nej,,,,,2
Station,49000042,"ARRESØ, kemi",32,693898,6209574,Halsnæs,Region Hovedstaden,Sø,Arresø,11/2/16,1,"Måledybder, Sø",Ja,Miljøstyrelsen,https://vanda.miljoeportal.dk/link/68e1ea64-278a-42af-af8e-1ff5f70d5409,Aktivitetssted,32,693898,6209574,1,11-02-2016 12:30:00 +01:00,"4,7","0,7",,,,Nej,,,,,3
Station,49000042,"ARRESØ, kemi",32,693898,6209574,Halsnæs,Region Hovedstaden,Sø,Arresø,16-11-1977,1,"Måledybder, Sø",Ja,Miljøstyrelsen,https://vanda.miljoeportal.dk/link/8d500ab7-ab84-4c47-949a-04cc54ab954b,Aktivitetssted,32,693898,6209574,1,16-11-1977 09:00:00 +01:00,9999,"0,2",,,,Nej,,,,,2
Station,49000042,"ARRESØ, kemi",32,693898,6209574,Halsnæs,Region Hovedstaden,Sø,Arresø,17-10-2006,1,"Måledybder, Sø",Ja,Miljøstyrelsen,https://vanda.miljoeportal.dk/link/bcaa7cd4-5cd4-493e-a9db-537dbb549f4d,Aktivitetssted,32,693898,6209574,1,17-10-2006 10:30:00 +02:00,"4,6","0,49",,,,Nej,,,,,2
Station,49000042,"ARRESØ, kemi",32,693898,6209574,Halsnæs,Region Hovedstaden,Sø,Arresø,20-10-2020,1,"Måledybder, Sø",Ja,Miljøstyrelsen,https://vanda.miljoeportal.dk/link/4ca43043-a600-4fc8-b881-9b1f50d6200e,Aktivitetssted,32,693898,6209574,1,20-10-2020 09:30:00 +02:00,"4,3","0,5",,,,Nej,,,,,2
Station,49000042,"ARRESØ, kemi",32,693898,6209574,Halsnæs,Region Hovedstaden,Sø,Arresø,14-10-2004,1,"Måledybder, Sø",Ja,Miljøstyrelsen,https://vanda.miljoeportal.dk/link/f808f12e-b87d-44cd-921c-65e0be48bd71,Aktivitetssted,32,693898,6209574,1,14-10-2004 10:30:00 +02:00,"4,6","0,42",,,,Nej,,,,,2
Station,49000042,"ARRESØ, kemi",32,693898,6209574,Halsnæs,Region Hovedstaden,Sø,Arresø,20-08-2013,1,"Måledybder, Sø",Ja,Miljøstyrelsen,https://vanda.miljoeportal.dk/link/efdcb16a-951b-44fd-8c76-be5ac8e18fc6,Aktivitetssted,32,693898,6209574,1,20-08-2013 10:00:00 +02:00,"4,4","0,65",,,,Nej,,,,,2
Station,49000042,"ARRESØ, kemi",32,693898,6209574,Halsnæs,Region Hovedstaden,Sø,Arresø,29-06-1993,1,"Måledybder, Sø",Ja,Miljøstyrelsen,https://vanda.miljoeportal.dk/link/18eac2d2-2cde-4b70-ab26-4823e46a1c90,Aktivitetssted,32,693898,6209574,1,29-06-1993 10:00:00 +02:00,"4,5","0,3",,,,Nej,,,,,2
Station,49000042,"ARRESØ, kemi",32,693898,6209574,Halsnæs,Region Hovedstaden,Sø,Arresø,20-08-1973,1,"Måledybder, Sø",Ja,Miljøstyrelsen,https://vanda.miljoeportal.dk/link/e8f078d9-4e37-4c2e-bfa1-4b68eba3bd42,Aktivitetssted,32,693898,6209574,1,20-08-1973 09:00:00 +01:00,9999,"0,4",,,,Nej,,,,,2
Station,49000042,"ARRESØ, kemi",32,693898,6209574,Halsnæs,Region Hovedstaden,Sø,Arresø,17-02-1988,1,"Måledybder, Sø",Ja,Miljøstyrelsen,https://vanda.miljoeportal.dk/link/e8d53c59-c3dc-42d6-8c05-54b746417481,Aktivitetssted,32,693898,6209574,1,17-02-1988 09:00:00 +01:00,5,"0,2",,,,Nej,,,,,2
Station,49000042,"ARRESØ, kemi",32,693898,6209574,Halsnæs,Region Hovedstaden,Sø,Arresø,18-06-2013,1,"Måledybder, Sø",Ja,Miljøstyrelsen,https://vanda.miljoeportal.dk/link/e661f6ba-7163-43be-bc7a-7bffa12e6a08,Aktivitetssted,32,693898,6209574,1,18-06-2013 10:00:00 +02:00,"4,7","0,45",,,,Nej,,,,,2
Station,49000042,"ARRESØ, kemi",32,693898,6209574,Halsnæs,Region Hovedstaden,Sø,Arresø,25-04-2007,1,"Måledybder, Sø",Ja,Miljøstyrelsen,https://vanda.miljoeportal.dk/link/18d4fdd0-684e-4c1f-8948-f4ca7e3f0306,Aktivitetssted,32,693898,6209574,1,25-04-2007 11:00:00 +02:00,"3,5","0,6",,,,Nej,,,,,2
Station,49000042,"ARRESØ, kemi",32,693898,6209574,Halsnæs,Region Hovedstaden,Sø,Arresø,23-05-2000,1,"Måledybder, Sø",Ja,Miljøstyrelsen,https://vanda.miljoeportal.dk/link/e9d2f732-3d33-4b30-a40b-01a407c0cde2,Aktivitetssted,32,693898,6209574,1,23-05-2000 11:00:00 +02:00,"4,8","0,6",,,,Nej,,,,,2
Station,49000042,"ARRESØ, kemi",32,693898,6209574,Halsnæs,Region Hovedstaden,Sø,Arresø,18-01-2022,1,"Måledybder, Sø",Ja,Miljøstyrelsen,https://vanda.miljoeportal.dk/link/697f2b78-a4d1-46fd-8316-02ba5997d0ee,Aktivitetssted,32,"6,938,979,998,364,560","6,209,574,003,611,640",1,18-01-2022 11:00:00 +01:00,"4,3","0,7",,,,Nej,,,,,2
Station,49000042,"ARRESØ, kemi",32,693898,6209574,Halsnæs,Region Hovedstaden,Sø,Arresø,26-04-2011,1,"Måledybder, Sø",Ja,Miljøstyrelsen,https://vanda.miljoeportal.dk/link/a3dbec5c-9cc1-4314-bdac-8417ba0b50ff,Aktivitetssted,32,693898,6209574,1,26-04-2011 11:30:00 +02:00,"4,6","0,6",,,,Nej,,,,,2
Station,49000042,"ARRESØ, kemi",32,693898,6209574,Halsnæs,Region Hovedstaden,Sø,Arresø,12/1/89,1,"Måledybder, Sø",Ja,Miljøstyrelsen,https://vanda.miljoeportal.dk/link/dfbbebd8-c1da-4ffc-a342-1f01a5fdd4ff,Aktivitetssted,32,693898,6209574,1,12-01-1989 09:00:00 +01:00,"4,1","0,3",,,,Nej,,,,,2
Station,49000042,"ARRESØ, kemi",32,693898,6209574,Halsnæs,Region Hovedstaden,Sø,Arresø,5/12/00,1,"Måledybder, Sø",Ja,Miljøstyrelsen,https://vanda.miljoeportal.dk/link/2caa8f1c-841f-4a35-8ea5-50135c2e5027,Aktivitetssted,32,693898,6209574,1,05-12-2000 10:30:00 +01:00,"5,1","0,8",,,,Nej,,,,,2
Station,49000042,"ARRESØ, kemi",32,693898,6209574,Halsnæs,Region Hovedstaden,Sø,Arresø,7/9/09,1,"Måledybder, Sø",Ja,Miljøstyrelsen,https://vanda.miljoeportal.dk/link/e48ebad1-8762-4491-a0df-a45ed66dcb78,Aktivitetssted,32,693898,6209574,1,07-09-2009 11:30:00 +02:00,"4,4","0,3",,,,Nej,,,,,2
Station,49000042,"ARRESØ, kemi",32,693898,6209574,Halsnæs,Region Hovedstaden,Sø,Arresø,3/8/05,1,"Måledybder, Sø",Ja,Miljøstyrelsen,https://vanda.miljoeportal.dk/link/3d018917-c36e-4a61-9e47-e214c7b84c73,Aktivitetssted,32,693898,6209574,1,03-08-2005 13:15:00 +02:00,"4,4","0,42",,,,Nej,,,,,2
Station,49000042,"ARRESØ, kemi",32,693898,6209574,Halsnæs,Region Hovedstaden,Sø,Arresø,10/8/95,1,"Måledybder, Sø",Ja,Miljøstyrelsen,https://vanda.miljoeportal.dk/link/1afd29bf-fa3a-46ad-9cfe-d3a7b999e2bc,Aktivitetssted,32,693898,6209574,1,10-08-1995 11:10:00 +02:00,"4,4","0,3",,,,Nej,,,,,2
Station,49000042,"ARRESØ, kemi",32,693898,6209574,Halsnæs,Region Hovedstaden,Sø,Arresø,7/11/95,1,"Måledybder, Sø",Ja,Miljøstyrelsen,https://vanda.miljoeportal.dk/link/0c98b367-61f6-4486-9b75-d758b503a211,Aktivitetssted,32,693898,6209574,1,07-11-1995 11:00:00 +01:00,"4,6","0,3",,,,Nej,,,,,2
Station,49000042,"ARRESØ, kemi",32,693898,6209574,Halsnæs,Region Hovedstaden,Sø,Arresø,26-06-1979,1,"Måledybder, Sø",Ja,Miljøstyrelsen,https://vanda.miljoeportal.dk/link/e3f04e1c-e75c-4c4b-b2af-87998c50c116,Aktivitetssted,32,693898,6209574,1,26-06-1979 09:00:00 +01:00,9999,"0,3",,,,Nej,,,,,2
Station,49000042,"ARRESØ, kemi",32,693898,6209574,Halsnæs,Region Hovedstaden,Sø,Arresø,4/1/00,1,"Måledybder, Sø",Ja,Miljøstyrelsen,https://vanda.miljoeportal.dk/link/e5147ca1-d34b-4f5a-9109-4bdb00681e09,Aktivitetssted,32,693898,6209574,1,04-01-2000 10:20:00 +01:00,"5,2","0,5",,,,Nej,,,,,2
Station,49000042,"ARRESØ, kemi",32,693898,6209574,Halsnæs,Region Hovedstaden,Sø,Arresø,14-12-2016,1,"Måledybder, Sø",Ja,Miljøstyrelsen,https://vanda.miljoeportal.dk/link/d336d160-7780-4c61-8c6a-bdf78453d3c2,Aktivitetssted,32,693898,6209574,1,14-12-2016 13:00:00 +01:00,4,"0,9",,,,Nej,,,,,3
Station,49000042,"ARRESØ, kemi",32,693898,6209574,Halsnæs,Region Hovedstaden,Sø,Arresø,18-08-2005,1,"Måledybder, Sø",Ja,Miljøstyrelsen,https://vanda.miljoeportal.dk/link/c2ec55e5-d445-462d-9fe2-3af50501669b,Aktivitetssted,32,693898,6209574,1,18-08-2005 12:00:00 +02:00,"4,5","0,4",,,,Nej,,,,,2
Station,49000042,"ARRESØ, kemi",32,693898,6209574,Halsnæs,Region Hovedstaden,Sø,Arresø,3/11/98,1,"Måledybder, Sø",Ja,Miljøstyrelsen,https://vanda.miljoeportal.dk/link/e5327555-540f-4b52-8032-0f3e092a3ff8,Aktivitetssted,32,693898,6209574,1,03-11-1998 11:00:00 +01:00,"4,5","0,6",,,,Nej,,,,,2
Station,49000042,"ARRESØ, kemi",32,693898,6209574,Halsnæs,Region Hovedstaden,Sø,Arresø,20-09-2010,1,"Måledybder, Sø",Ja,Miljøstyrelsen,https://vanda.miljoeportal.dk/link/1e36d406-1a56-4bd7-8d45-8ad8bc4536a2,Aktivitetssted,32,693898,6209574,1,20-09-2010 12:00:00 +02:00,"4,4","0,4",,,,Nej,,,,,2
Station,49000042,"ARRESØ, kemi",32,693898,6209574,Halsnæs,Region Hovedstaden,Sø,Arresø,26-08-1987,1,"Måledybder, Sø",Ja,Miljøstyrelsen,https://vanda.miljoeportal.dk/link/70520450-3660-417c-bec0-c957e92bc0af,Aktivitetssted,32,693898,6209574,1,26-08-1987 09:00:00 +02:00,4,"0,4",,,,Nej,,,,,2
Station,49000042,"ARRESØ, kemi",32,693898,6209574,Halsnæs,Region Hovedstaden,Sø,Arresø,8/8/89,1,"Måledybder, Sø",Ja,Miljøstyrelsen,https://vanda.miljoeportal.dk/link/17100f0c-126c-40d6-9ae5-161456730b16,Aktivitetssted,32,693898,6209574,1,08-08-1989 10:00:00 +02:00,"4,7","0,6",,,,Nej,,,,,2
Station,49000042,"ARRESØ, kemi",32,693898,6209574,Halsnæs,Region Hovedstaden,Sø,Arresø,8/12/05,1,"Måledybder, Sø",Ja,Miljøstyrelsen,https://vanda.miljoeportal.dk/link/85dd09a4-cd56-4a1c-b7aa-ac32e31db618,Aktivitetssted,32,693898,6209574,1,08-12-2005 12:15:00 +01:00,"4,8","0,84",,,,Nej,,,,,2
Station,49000042,"ARRESØ, kemi",32,693898,6209574,Halsnæs,Region Hovedstaden,Sø,Arresø,12/8/20,1,"Måledybder, Sø",Ja,Miljøstyrelsen,https://vanda.miljoeportal.dk/link/6c9fb548-6908-4371-876a-1e9421f31f77,Aktivitetssted,32,693898,6209574,1,12-08-2020 14:00:00 +02:00,"3,4","0,3",,,,Nej,,,,,2
Station,49000042,"ARRESØ, kemi",32,693898,6209574,Halsnæs,Region Hovedstaden,Sø,Arresø,1/12/08,1,"Måledybder, Sø",Ja,Miljøstyrelsen,https://vanda.miljoeportal.dk/link/1f500afb-d16a-4310-9431-e3a7eba11057,Aktivitetssted,32,693898,6209574,1,01-12-2008 12:00:00 +01:00,"4,5","0,5",,,,Nej,,,,,2
Station,49000042,"ARRESØ, kemi",32,693898,6209574,Halsnæs,Region Hovedstaden,Sø,Arresø,19-09-1985,1,"Måledybder, Sø",Ja,Miljøstyrelsen,https://vanda.miljoeportal.dk/link/fa7ad9f8-b582-468a-b2ef-3c543e09a13b,Aktivitetssted,32,693898,6209574,1,19-09-1985 09:00:00 +02:00,"4,2","0,2",,,,Nej,,,,,2
Station,49000042,"ARRESØ, kemi",32,693898,6209574,Halsnæs,Region Hovedstaden,Sø,Arresø,29-07-2003,1,"Måledybder, Sø",Ja,Miljøstyrelsen,https://vanda.miljoeportal.dk/link/fc37d86d-89fb-4d60-bff9-cd049d474917,Aktivitetssted,32,693898,6209574,1,29-07-2003 11:30:00 +02:00,"4,6","0,5",,,,Nej,,,,,2
Station,49000042,"ARRESØ, kemi",32,693898,6209574,Halsnæs,Region Hovedstaden,Sø,Arresø,2/9/20,1,"Måledybder, Sø",Ja,Miljøstyrelsen,https://vanda.miljoeportal.dk/link/982ed95a-5151-42e9-8813-8d3db067394b,Aktivitetssted,32,693898,6209574,1,02-09-2020 13:00:00 +02:00,"3,8","0,6",,,,Nej,,,,,2
Station,49000042,"ARRESØ, kemi",32,693898,6209574,Halsnæs,Region Hovedstaden,Sø,Arresø,11/9/20,1,"Måledybder, Sø",Ja,Miljøstyrelsen,https://vanda.miljoeportal.dk/link/46dbb553-bebc-461e-8da3-8d3775708101,Aktivitetssted,32,693898,6209574,1,11-09-2020 11:00:00 +02:00,"4,1","0,5",,,,Nej,,,,,2
Station,49000042,"ARRESØ, kemi",32,693898,6209574,Halsnæs,Region Hovedstaden,Sø,Arresø,11/6/02,1,"Måledybder, Sø",Ja,Miljøstyrelsen,https://vanda.miljoeportal.dk/link/1b628f9c-1a62-4aa1-8e99-6584d36f1c04,Aktivitetssted,32,693898,6209574,1,11-06-2002 11:00:00 +02:00,"4,9","0,8",,,,Nej,,,,,2
Station,49000042,"ARRESØ, kemi",32,693898,6209574,Halsnæs,Region Hovedstaden,Sø,Arresø,14-05-2002,1,"Måledybder, Sø",Ja,Miljøstyrelsen,https://vanda.miljoeportal.dk/link/a33931b9-a749-41f4-9e31-250c206e1713,Aktivitetssted,32,693898,6209574,1,14-05-2002 11:20:00 +02:00,5,"0,9",,,,Nej,,,,,2
Station,49000042,"ARRESØ, kemi",32,693898,6209574,Halsnæs,Region Hovedstaden,Sø,Arresø,11/7/91,1,"Måledybder, Sø",Ja,Miljøstyrelsen,https://vanda.miljoeportal.dk/link/d1c5fe78-0de0-46d7-84fb-c386edb82a15,Aktivitetssted,32,693898,6209574,1,11-07-1991 11:00:00 +02:00,"4,8","0,3",,,,Nej,,,,,2
Station,49000042,"ARRESØ, kemi",32,693898,6209574,Halsnæs,Region Hovedstaden,Sø,Arresø,2/12/04,1,"Måledybder, Sø",Ja,Miljøstyrelsen,https://vanda.miljoeportal.dk/link/661d8aa6-f62f-4343-867f-8e7f07ad56cf,Aktivitetssted,32,693898,6209574,1,02-12-2004 10:10:00 +01:00,"4,7","0,66",,,,Nej,,,,,2
Station,49000042,"ARRESØ, kemi",32,693898,6209574,Halsnæs,Region Hovedstaden,Sø,Arresø,19-05-1998,1,"Måledybder, Sø",Ja,Miljøstyrelsen,https://vanda.miljoeportal.dk/link/d77c85c4-8d6d-42c9-be2a-8daea6542936,Aktivitetssted,32,693898,6209574,1,19-05-1998 10:00:00 +02:00,"4,8","0,5",,,,Nej,,,,,2
Station,49000042,"ARRESØ, kemi",32,693898,6209574,Halsnæs,Region Hovedstaden,Sø,Arresø,10/6/14,1,"Måledybder, Sø",Ja,Miljøstyrelsen,https://vanda.miljoeportal.dk/link/00157666-e8df-4967-8a91-e6b073475064,Aktivitetssted,32,693898,6209574,1,10-06-2014 11:45:00 +02:00,"4,6","0,75",,,,Nej,,,,,3
Station,49000042,"ARRESØ, kemi",32,693898,6209574,Halsnæs,Region Hovedstaden,Sø,Arresø,14-05-2013,1,"Måledybder, Sø",Ja,Miljøstyrelsen,https://vanda.miljoeportal.dk/link/f3727ed8-38fe-4926-a058-d4cbaf0fc807,Aktivitetssted,32,693898,6209574,1,14-05-2013 11:00:00 +02:00,"4,8","0,5",,,,Nej,,,,,2
Station,49000042,"ARRESØ, kemi",32,693898,6209574,Halsnæs,Region Hovedstaden,Sø,Arresø,17-06-1992,1,"Måledybder, Sø",Ja,Miljøstyrelsen,https://vanda.miljoeportal.dk/link/3e61fd6f-a964-40ec-8aa3-c96eafec177e,Aktivitetssted,32,693898,6209574,1,17-06-1992 09:30:00 +02:00,"4,7","0,4",,,,Nej,,,,,2
Station,49000042,"ARRESØ, kemi",32,693898,6209574,Halsnæs,Region Hovedstaden,Sø,Arresø,10/7/01,1,"Måledybder, Sø",Ja,Miljøstyrelsen,https://vanda.miljoeportal.dk/link/49e5c504-a977-4af4-bf57-a379053bfb56,Aktivitetssted,32,693898,6209574,1,10-07-2001 10:45:00 +02:00,"4,5","0,5",,,,Nej,,,,,2
Station,49000097,ARRESØ ST C,32,694929,6209746,Gribskov,Region Hovedstaden,Sø,Arresø,11/11/14,1,"Måledybder, Sø",Ja,Miljøstyrelsen,https://vanda.miljoeportal.dk/link/8d5d69ef-5a6e-457b-ac06-2034f24e1432,Aktivitetssted,32,694929,6209746,1,11-11-2014 10:45:00 +01:00,"3,6",,,,,,,,,,2
Station,49000042,"ARRESØ, kemi",32,693898,6209574,Halsnæs,Region Hovedstaden,Sø,Arresø,26-10-1978,1,"Måledybder, Sø",Ja,Miljøstyrelsen,https://vanda.miljoeportal.dk/link/f39a7979-2ebe-4d37-a4e4-78c88a844613,Aktivitetssted,32,693898,6209574,1,26-10-1978 09:00:00 +01:00,9999,"0,2",,,,Nej,,,,,2
Station,49000042,"ARRESØ, kemi",32,693898,6209574,Halsnæs,Region Hovedstaden,Sø,Arresø,3/12/02,1,"Måledybder, Sø",Ja,Miljøstyrelsen,https://vanda.miljoeportal.dk/link/3643c4df-9dc2-48a6-a22d-fa9fbb29b4c5,Aktivitetssted,32,693898,6209574,1,03-12-2002 11:45:00 +01:00,"4,9","0,7",,,,Nej,,,,,2
Station,49000042,"ARRESØ, kemi",32,693898,6209574,Halsnæs,Region Hovedstaden,Sø,Arresø,2/11/77,1,"Måledybder, Sø",Ja,Miljøstyrelsen,https://vanda.miljoeportal.dk/link/11571135-df23-4311-ab35-4cc648f08d71,Aktivitetssted,32,693898,6209574,1,02-11-1977 09:00:00 +01:00,9999,"0,3",,,,Nej,,,,,2
Station,49000042,"ARRESØ, kemi",32,693898,6209574,Halsnæs,Region Hovedstaden,Sø,Arresø,7/1/14,1,"Måledybder, Sø",Ja,Miljøstyrelsen,https://vanda.miljoeportal.dk/link/5c22a742-d1a1-4ba6-b657-2104ed057c63,Aktivitetssted,32,693898,6209574,1,07-01-2014 11:08:00 +01:00,5,"0,6",,,,Nej,,,,,3
Station,49000042,"ARRESØ, kemi",32,693898,6209574,Halsnæs,Region Hovedstaden,Sø,Arresø,9/12/20,1,"Måledybder, Sø",Ja,Miljøstyrelsen,https://vanda.miljoeportal.dk/link/5053dab3-9d45-4504-b946-b9c1ad003259,Aktivitetssted,32,693898,6209574,1,09-12-2020 10:00:00 +01:00,"4,4","0,6",,,,Nej,,,,,2
Station,49000042,"ARRESØ, kemi",32,693898,6209574,Halsnæs,Region Hovedstaden,Sø,Arresø,6/3/14,1,"Måledybder, Sø",Ja,Miljøstyrelsen,https://vanda.miljoeportal.dk/link/2973a596-19b9-4707-a3eb-094281ad7a32,Aktivitetssted,32,693898,6209574,1,06-03-2014 10:30:00 +01:00,"4,8","0,9",,,,Nej,,,,,3
Station,49000042,"ARRESØ, kemi",32,693898,6209574,Halsnæs,Region Hovedstaden,Sø,Arresø,15-06-1993,1,"Måledybder, Sø",Ja,Miljøstyrelsen,https://vanda.miljoeportal.dk/link/8c47eefb-01ce-496c-9c73-8643bac42a72,Aktivitetssted,32,693898,6209574,1,15-06-1993 11:00:00 +02:00,"3,5","0,3",,,,Nej,,,,,2
Station,49000042,"ARRESØ, kemi",32,693898,6209574,Halsnæs,Region Hovedstaden,Sø,Arresø,14-07-1993,1,"Måledybder, Sø",Ja,Miljøstyrelsen,https://vanda.miljoeportal.dk/link/05df8510-9ce9-4275-b3b7-210adffffcb8,Aktivitetssted,32,693898,6209574,1,14-07-1993 11:00:00 +02:00,"4,5","0,2",,,,Nej,,,,,2
Station,49000042,"ARRESØ, kemi",32,693898,6209574,Halsnæs,Region Hovedstaden,Sø,Arresø,2/5/02,1,"Måledybder, Sø",Ja,Miljøstyrelsen,https://vanda.miljoeportal.dk/link/70200e1c-6a53-4b43-83f0-df5a37b28064,Aktivitetssted,32,693898,6209574,1,02-05-2002 10:30:00 +02:00,5,"0,6",,,,Nej,,,,,2
Station,49000095,ARRESØ ST A,32,692735,6209960,Halsnæs,Region Hovedstaden,Sø,Arresø,8/11/18,1,"Måledybder, Sø",Ja,Miljøstyrelsen,https://vanda.miljoeportal.dk/link/108dea54-3fc2-46f7-9d61-67d032dc3d49,Aktivitetssted,32,692735,6209960,1,08-11-2018 10:00:00 +01:00,"3,4",,,,,,,,,,3
Station,49000042,"ARRESØ, kemi",32,693898,6209574,Halsnæs,Region Hovedstaden,Sø,Arresø,14-04-2009,1,"Måledybder, Sø",Ja,Miljøstyrelsen,https://vanda.miljoeportal.dk/link/1ff3329a-1be3-4eea-954d-1e208230acd7,Aktivitetssted,32,693898,6209574,1,14-04-2009 11:00:00 +02:00,"4,8","0,7",,,,Nej,,,,,2
Station,49000042,"ARRESØ, kemi",32,693898,6209574,Halsnæs,Region Hovedstaden,Sø,Arresø,30-06-2008,1,"Måledybder, Sø",Ja,Miljøstyrelsen,https://vanda.miljoeportal.dk/link/3eea160e-aa89-4c4a-8dba-90b48c987995,Aktivitetssted,32,693898,6209574,1,30-06-2008 10:30:00 +02:00,"4,4","0,4",,,,Nej,,,,,2
Station,49000042,"ARRESØ, kemi",32,693898,6209574,Halsnæs,Region Hovedstaden,Sø,Arresø,17-05-1989,1,"Måledybder, Sø",Ja,Miljøstyrelsen,https://vanda.miljoeportal.dk/link/c0c7ae61-27ad-423b-8e2a-e897cde5efe4,Aktivitetssted,32,693898,6209574,1,17-05-1989 09:15:00 +02:00,"4,5","0,5",,,,Nej,,,,,2
Station,49000042,"ARRESØ, kemi",32,693898,6209574,Halsnæs,Region Hovedstaden,Sø,Arresø,27-08-1997,1,"Måledybder, Sø",Ja,Miljøstyrelsen,https://vanda.miljoeportal.dk/link/b675cf8b-a2c4-43eb-95b7-e7d44f0d44af,Aktivitetssted,32,693898,6209574,1,27-08-1997 10:45:00 +02:00,4,"0,5",,,,Nej,,,,,2
Station,49000042,"ARRESØ, kemi",32,693898,6209574,Halsnæs,Region Hovedstaden,Sø,Arresø,8/3/10,1,"Måledybder, Sø",Ja,Miljøstyrelsen,https://vanda.miljoeportal.dk/link/15acfc2a-9991-4447-8102-413722115cf7,Aktivitetssted,32,693898,6209574,1,08-03-2010 12:30:00 +01:00,"2,8","2,5",,,,Nej,,,,,2
Station,49000042,"ARRESØ, kemi",32,693898,6209574,Halsnæs,Region Hovedstaden,Sø,Arresø,13-06-1989,1,"Måledybder, Sø",Ja,Miljøstyrelsen,https://vanda.miljoeportal.dk/link/30a00117-246c-484c-a1b2-376b659ded7e,Aktivitetssted,32,693898,6209574,1,13-06-1989 10:00:00 +02:00,"4,5","0,5",,,,Nej,,,,,2
Station,49000042,"ARRESØ, kemi",32,693898,6209574,Halsnæs,Region Hovedstaden,Sø,Arresø,11/5/99,1,"Måledybder, Sø",Ja,Miljøstyrelsen,https://vanda.miljoeportal.dk/link/bf3aa9c5-737a-42e2-9553-1d21ae42323b,Aktivitetssted,32,693898,6209574,1,11-05-1999 11:00:00 +02:00,"4,8","0,4",,,,Nej,,,,,2
Station,49000042,"ARRESØ, kemi",32,693898,6209574,Halsnæs,Region Hovedstaden,Sø,Arresø,25-02-1992,1,"Måledybder, Sø",Ja,Miljøstyrelsen,https://vanda.miljoeportal.dk/link/87efa81b-1bd3-41bb-9d84-c562e80998fe,Aktivitetssted,32,693898,6209574,1,25-02-1992 10:00:00 +01:00,5,"0,3",,,,Nej,,,,,2
Station,49000042,"ARRESØ, kemi",32,693898,6209574,Halsnæs,Region Hovedstaden,Sø,Arresø,11/3/87,1,"Måledybder, Sø",Ja,Miljøstyrelsen,https://vanda.miljoeportal.dk/link/488e43b9-1c7f-41fe-9885-e9f610c546f7,Aktivitetssted,32,693898,6209574,1,11-03-1987 09:00:00 +01:00,"2,5",,,,,,,,,,2
Station,49000042,"ARRESØ, kemi",32,693898,6209574,Halsnæs,Region Hovedstaden,Sø,Arresø,18-01-2005,1,"Måledybder, Sø",Ja,Miljøstyrelsen,https://vanda.miljoeportal.dk/link/808a98b3-4cc1-4acf-9d82-1d0a3179024f,Aktivitetssted,32,693898,6209574,1,18-01-2005 11:15:00 +01:00,"4,9","0,55",,,,Nej,,,,,2
Station,49000042,"ARRESØ, kemi",32,693898,6209574,Halsnæs,Region Hovedstaden,Sø,Arresø,9/12/93,1,"Måledybder, Sø",Ja,Miljøstyrelsen,https://vanda.miljoeportal.dk/link/0ed96425-7fca-4703-8f9c-a6a23d503bc4,Aktivitetssted,32,693898,6209574,1,09-12-1993 11:00:00 +01:00,"4,7","0,2",,,,Nej,,,,,2
Station,49000042,"ARRESØ, kemi",32,693898,6209574,Halsnæs,Region Hovedstaden,Sø,Arresø,2/5/16,1,"Måledybder, Sø",Ja,Miljøstyrelsen,https://vanda.miljoeportal.dk/link/c18bea52-2199-40e3-a87d-02d9d3d287b6,Aktivitetssted,32,693898,6209574,1,02-05-2016 13:45:00 +02:00,"4,8","0,6",,,,Nej,,,,,3
Station,49000042,"ARRESØ, kemi",32,693898,6209574,Halsnæs,Region Hovedstaden,Sø,Arresø,17-05-2010,1,"Måledybder, Sø",Ja,Miljøstyrelsen,https://vanda.miljoeportal.dk/link/d339dac2-c3ac-4dea-b582-b126414a4d44,Aktivitetssted,32,693898,6209574,1,17-05-2010 11:30:00 +02:00,"4,5","0,5",,,,Nej,,,,,2
Station,49000042,"ARRESØ, kemi",32,693898,6209574,Halsnæs,Region Hovedstaden,Sø,Arresø,14-10-1997,1,"Måledybder, Sø",Ja,Miljøstyrelsen,https://vanda.miljoeportal.dk/link/5e1eb02b-a180-4452-aae7-b609f9131539,Aktivitetssted,32,693898,6209574,1,14-10-1997 10:30:00 +02:00,"4,8","0,4",,,,Nej,,,,,2
Station,49000042,"ARRESØ, kemi",32,693898,6209574,Halsnæs,Region Hovedstaden,Sø,Arresø,16-06-1977,1,"Måledybder, Sø",Ja,Miljøstyrelsen,https://vanda.miljoeportal.dk/link/5b56198c-1aff-447b-bbac-b3f92e8671aa,Aktivitetssted,32,693898,6209574,1,16-06-1977 09:00:00 +01:00,9999,"0,4",,,,Nej,,,,,2
Station,49000042,"ARRESØ, kemi",32,693898,6209574,Halsnæs,Region Hovedstaden,Sø,Arresø,4/3/98,1,"Måledybder, Sø",Ja,Miljøstyrelsen,https://vanda.miljoeportal.dk/link/ce9da0fe-1b62-415e-8e90-3a13c316cae3,Aktivitetssted,32,693898,6209574,1,04-03-1998 10:00:00 +01:00,"4,8","0,4",,,,Nej,,,,,2
Station,49000042,"ARRESØ, kemi",32,693898,6209574,Halsnæs,Region Hovedstaden,Sø,Arresø,18-06-1996,1,"Måledybder, Sø",Ja,Miljøstyrelsen,https://vanda.miljoeportal.dk/link/3f9fe5ab-f578-4d4d-b31a-cd07fd75545f,Aktivitetssted,32,693898,6209574,1,18-06-1996 10:00:00 +02:00,"4,5","0,3",,,,Nej,,,,,2
Station,49000042,"ARRESØ, kemi",32,693898,6209574,Halsnæs,Region Hovedstaden,Sø,Arresø,5/12/91,1,"Måledybder, Sø",Ja,Miljøstyrelsen,https://vanda.miljoeportal.dk/link/612392f8-ac1f-42ba-8327-4be2ba8f408f,Aktivitetssted,32,693898,6209574,1,05-12-1991 09:40:00 +01:00,5,"0,4",,,,Nej,,,,,2
Station,49000042,"ARRESØ, kemi",32,693898,6209574,Halsnæs,Region Hovedstaden,Sø,Arresø,25-10-1988,1,"Måledybder, Sø",Ja,Miljøstyrelsen,https://vanda.miljoeportal.dk/link/8f507eb7-db7f-4a6e-a14e-9a1643323148,Aktivitetssted,32,693898,6209574,1,25-10-1988 09:00:00 +01:00,"4,8","0,3",,,,Nej,,,,,2
Station,49000042,"ARRESØ, kemi",32,693898,6209574,Halsnæs,Region Hovedstaden,Sø,Arresø,26-07-1994,1,"Måledybder, Sø",Ja,Miljøstyrelsen,https://vanda.miljoeportal.dk/link/d9de0691-8a92-4dd2-8afc-7b7b12b44bcf,Aktivitetssted,32,693898,6209574,1,26-07-1994 11:00:00 +02:00,"4,4","0,5",,,,Nej,,,,,2
Station,49000042,"ARRESØ, kemi",32,693898,6209574,Halsnæs,Region Hovedstaden,Sø,Arresø,14-11-1991,1,"Måledybder, Sø",Ja,Miljøstyrelsen,https://vanda.miljoeportal.dk/link/442a3730-ecea-4b18-99e8-3cbef16b283d,Aktivitetssted,32,693898,6209574,1,14-11-1991 10:00:00 +01:00,4,"0,3",,,,Nej,,,,,2
Station,49000042,"ARRESØ, kemi",32,693898,6209574,Halsnæs,Region Hovedstaden,Sø,Arresø,23-05-1991,1,"Måledybder, Sø",Ja,Miljøstyrelsen,https://vanda.miljoeportal.dk/link/4bf14821-fbbe-4f47-9c37-cf4b1b4ca1b2,Aktivitetssted,32,693898,6209574,1,23-05-1991 10:30:00 +02:00,"4,5","0,1",,,,Nej,,,,,2
Station,49000042,"ARRESØ, kemi",32,693898,6209574,Halsnæs,Region Hovedstaden,Sø,Arresø,2/5/95,1,"Måledybder, Sø",Ja,Miljøstyrelsen,https://vanda.miljoeportal.dk/link/6852984c-1f66-4823-b166-522f6f1e6a9a,Aktivitetssted,32,693898,6209574,1,02-05-1995 11:20:00 +02:00,"4,8",1,,,,Nej,,,,,2
Station,49000042,"ARRESØ, kemi",32,693898,6209574,Halsnæs,Region Hovedstaden,Sø,Arresø,25-07-2016,1,"Måledybder, Sø",Ja,Miljøstyrelsen,https://vanda.miljoeportal.dk/link/62f70f39-fa76-433b-b4c7-2000705a03d8,Aktivitetssted,32,693898,6209574,1,25-07-2016 13:00:00 +02:00,4,"0,65",,,,Nej,,,,,3
Station,49000042,"ARRESØ, kemi",32,693898,6209574,Halsnæs,Region Hovedstaden,Sø,Arresø,9/4/85,1,"Måledybder, Sø",Ja,Miljøstyrelsen,https://vanda.miljoeportal.dk/link/337e5f6d-f39a-4710-84a9-2eaca61f596c,Aktivitetssted,32,693898,6209574,1,09-04-1985 09:00:00 +02:00,"4,8","0,6",,,,Nej,,,,,2
Station,49000042,"ARRESØ, kemi",32,693898,6209574,Halsnæs,Region Hovedstaden,Sø,Arresø,12/7/94,1,"Måledybder, Sø",Ja,Miljøstyrelsen,https://vanda.miljoeportal.dk/link/e126760e-99a7-41b5-8fa0-3578f8d4fb13,Aktivitetssted,32,693898,6209574,1,12-07-1994 10:30:00 +02:00,"4,5","0,3",,,,Nej,,,,,2
Station,49000042,"ARRESØ, kemi",32,693898,6209574,Halsnæs,Region Hovedstaden,Sø,Arresø,5/5/88,1,"Måledybder, Sø",Ja,Miljøstyrelsen,https://vanda.miljoeportal.dk/link/bc800b00-8251-4b1e-a40c-b9b6b428adda,Aktivitetssted,32,693898,6209574,1,05-05-1988 09:00:00 +02:00,"4,5","0,8",,,,Nej,,,,,2
Station,49000042,"ARRESØ, kemi",32,693898,6209574,Halsnæs,Region Hovedstaden,Sø,Arresø,30-03-1995,1,"Måledybder, Sø",Ja,Miljøstyrelsen,https://vanda.miljoeportal.dk/link/927fc3f6-a241-4760-adce-e8850cef611a,Aktivitetssted,32,693898,6209574,1,30-03-1995 11:30:00 +02:00,"4,6","0,3",,,,Nej,,,,,2
Station,49000042,"ARRESØ, kemi",32,693898,6209574,Halsnæs,Region Hovedstaden,Sø,Arresø,3/6/03,1,"Måledybder, Sø",Ja,Miljøstyrelsen,https://vanda.miljoeportal.dk/link/5cbbce47-f78c-4071-84da-25b85e243d98,Aktivitetssted,32,693898,6209574,1,03-06-2003 11:40:00 +02:00,"4,7","0,8",,,,Nej,,,,,2
Station,49000042,"ARRESØ, kemi",32,693898,6209574,Halsnæs,Region Hovedstaden,Sø,Arresø,9/9/98,1,"Måledybder, Sø",Ja,Miljøstyrelsen,https://vanda.miljoeportal.dk/link/7c6f8f13-fefc-4207-91bc-be44f480195b,Aktivitetssted,32,693898,6209574,1,09-09-1998 11:05:00 +02:00,"4,7","0,2",,,,Nej,,,,,2
Station,49000042,"ARRESØ, kemi",32,693898,6209574,Halsnæs,Region Hovedstaden,Sø,Arresø,14-06-2010,1,"Måledybder, Sø",Ja,Miljøstyrelsen,https://vanda.miljoeportal.dk/link/9d74e35b-02d2-4b36-8740-cda5ca80884a,Aktivitetssted,32,693898,6209574,1,14-06-2010 11:00:00 +02:00,"4,7","0,45",,,,Nej,,,,,2
Station,49000042,"ARRESØ, kemi",32,693898,6209574,Halsnæs,Region Hovedstaden,Sø,Arresø,20-10-1999,1,"Måledybder, Sø",Ja,Miljøstyrelsen,https://vanda.miljoeportal.dk/link/01242d98-e8fa-4205-aae1-9f16672ec91b,Aktivitetssted,32,693898,6209574,1,20-10-1999 10:45:00 +02:00,"4,9","0,5",,,,Nej,,,,,2
Station,49000042,"ARRESØ, kemi",32,693898,6209574,Halsnæs,Region Hovedstaden,Sø,Arresø,12/4/76,1,"Måledybder, Sø",Ja,Miljøstyrelsen,https://vanda.miljoeportal.dk/link/882c0620-86cf-47fa-b3a5-3cbfb831345f,Aktivitetssted,32,693898,6209574,1,12-04-1976 09:00:00 +01:00,9999,"0,4",,,,Nej,,,,,2
Station,49000042,"ARRESØ, kemi",32,693898,6209574,Halsnæs,Region Hovedstaden,Sø,Arresø,24-08-2009,1,"Måledybder, Sø",Ja,Miljøstyrelsen,https://vanda.miljoeportal.dk/link/c8489daa-8240-41d7-9113-1a03aa268b83,Aktivitetssted,32,693898,6209574,1,24-08-2009 10:30:00 +02:00,"4,2","0,4",,,,Nej,,,,,2
Station,49000042,"ARRESØ, kemi",32,693898,6209574,Halsnæs,Region Hovedstaden,Sø,Arresø,26-04-1987,1,"Måledybder, Sø",Ja,Miljøstyrelsen,https://vanda.miljoeportal.dk/link/1d7c1564-796a-4f36-94f8-9c07d8c14434,Aktivitetssted,32,693898,6209574,1,26-04-1987 09:00:00 +02:00,"4,5","0,4",,,,Nej,,,,,2
Station,49000042,"ARRESØ, kemi",32,693898,6209574,Halsnæs,Region Hovedstaden,Sø,Arresø,20-05-2003,1,"Måledybder, Sø",Ja,Miljøstyrelsen,https://vanda.miljoeportal.dk/link/cfa64094-9757-4593-86fb-9063bccd551a,Aktivitetssted,32,693898,6209574,1,20-05-2003 09:15:00 +02:00,5,"0,9",,,,Nej,,,,,2
Station,49000042,"ARRESØ, kemi",32,693898,6209574,Halsnæs,Region Hovedstaden,Sø,Arresø,17-05-2006,1,"Måledybder, Sø",Ja,Miljøstyrelsen,https://vanda.miljoeportal.dk/link/31f3b95c-e0b7-42e8-9723-7be54c93ab5b,Aktivitetssted,32,693898,6209574,1,17-05-2006 10:15:00 +02:00,"4,9","0,69",,,,Nej,,,,,2
Station,49000042,"ARRESØ, kemi",32,693898,6209574,Halsnæs,Region Hovedstaden,Sø,Arresø,22-04-2014,1,"Måledybder, Sø",Ja,Miljøstyrelsen,https://vanda.miljoeportal.dk/link/306751e3-587f-4842-a6ab-d6a4f5b8587c,Aktivitetssted,32,693898,6209574,1,22-04-2014 10:00:00 +02:00,"4,5","0,7",,,,Nej,,,,,3
Station,49000042,"ARRESØ, kemi",32,693898,6209574,Halsnæs,Region Hovedstaden,Sø,Arresø,19-09-1989,1,"Måledybder, Sø",Ja,Miljøstyrelsen,https://vanda.miljoeportal.dk/link/5c776eb3-421d-4494-a587-aff9e5aa19e4,Aktivitetssted,32,693898,6209574,1,19-09-1989 10:15:00 +02:00,4,"0,3",,,,Nej,,,,,2
Station,49000042,"ARRESØ, kemi",32,693898,6209574,Halsnæs,Region Hovedstaden,Sø,Arresø,30-09-2014,1,"Måledybder, Sø",Ja,Miljøstyrelsen,https://vanda.miljoeportal.dk/link/6117cb36-ac1d-4a57-8788-870d699dbc9c,Aktivitetssted,32,693898,6209574,1,30-09-2014 13:00:00 +02:00,"4,5","0,7",,,,Nej,,,,,3
Station,49000042,"ARRESØ, kemi",32,693898,6209574,Halsnæs,Region Hovedstaden,Sø,Arresø,26-05-2004,1,"Måledybder, Sø",Ja,Miljøstyrelsen,https://vanda.miljoeportal.dk/link/33babf9c-21c6-437e-8ca8-78c327476bd3,Aktivitetssted,32,693898,6209574,1,26-05-2004 10:30:00 +02:00,"4,7","0,4",,,,Nej,,,,,2
Station,49000042,"ARRESØ, kemi",32,693898,6209574,Halsnæs,Region Hovedstaden,Sø,Arresø,20-04-1993,1,"Måledybder, Sø",Ja,Miljøstyrelsen,https://vanda.miljoeportal.dk/link/24ff4c74-ae04-42e5-a08d-9544a0ff9fd3,Aktivitetssted,32,693898,6209574,1,20-04-1993 10:30:00 +02:00,"4,8","0,4",,,,Nej,,,,,2
Station,49000042,"ARRESØ, kemi",32,693898,6209574,Halsnæs,Region Hovedstaden,Sø,Arresø,16-05-2022,1,"Måledybder, Sø",Ja,Miljøstyrelsen,https://vanda.miljoeportal.dk/link/72e49c42-3a6c-43bb-b1f6-2947a60f8937,Aktivitetssted,32,"6,938,979,998,364,560","6,209,574,003,611,640",1,16-05-2022 10:45:00 +02:00,"4,9","0,45",,,,Nej,,,,,2
Station,49000042,"ARRESØ, kemi",32,693898,6209574,Halsnæs,Region Hovedstaden,Sø,Arresø,8/2/00,1,"Måledybder, Sø",Ja,Miljøstyrelsen,https://vanda.miljoeportal.dk/link/541bfae9-1c27-4bac-a019-7ed2b30de405,Aktivitetssted,32,693898,6209574,1,08-02-2000 10:00:00 +01:00,"5,1","0,3",,,,Nej,,,,,2
Station,49000042,"ARRESØ, kemi",32,693898,6209574,Halsnæs,Region Hovedstaden,Sø,Arresø,7/5/12,1,"Måledybder, Sø",Ja,Miljøstyrelsen,https://vanda.miljoeportal.dk/link/e8f0632d-25be-4d14-961c-384c5df6ab89,Aktivitetssted,32,693898,6209574,1,07-05-2012 11:00:00 +02:00,"4,7","0,5",,,,Nej,,,,,2
Station,49000042,"ARRESØ, kemi",32,693898,6209574,Halsnæs,Region Hovedstaden,Sø,Arresø,25-05-1999,1,"Måledybder, Sø",Ja,Miljøstyrelsen,https://vanda.miljoeportal.dk/link/45584142-61e4-4b4f-84ac-206a726676a6,Aktivitetssted,32,693898,6209574,1,25-05-1999 10:45:00 +02:00,"4,8","0,3",,,,Nej,,,,,2
Station,49000042,"ARRESØ, kemi",32,693898,6209574,Halsnæs,Region Hovedstaden,Sø,Arresø,1/5/18,1,"Måledybder, Sø",Ja,Miljøstyrelsen,https://vanda.miljoeportal.dk/link/24d4c03a-0ba8-4794-a7c4-7b87dcac653c,Aktivitetssted,32,693898,6209574,1,01-05-2018 10:30:00 +02:00,"4,5","0,45",,,,Nej,,,,,3
Station,49000042,"ARRESØ, kemi",32,693898,6209574,Halsnæs,Region Hovedstaden,Sø,Arresø,7/8/13,1,"Måledybder, Sø",Ja,Miljøstyrelsen,https://vanda.miljoeportal.dk/link/b1e2685c-3159-4902-8179-119abacf4414,Aktivitetssted,32,693898,6209574,1,07-08-2013 10:30:00 +02:00,"4,6","0,65",,,,Nej,,,,,2
Station,49000042,"ARRESØ, kemi",32,693898,6209574,Halsnæs,Region Hovedstaden,Sø,Arresø,31-10-2018,1,"Måledybder, Sø",Ja,Miljøstyrelsen,https://vanda.miljoeportal.dk/link/d457fe5b-620b-46b0-a41f-4aa561b93c28,Aktivitetssted,32,693898,6209574,1,31-10-2018 11:00:00 +01:00,"4,2","0,2",,,,Nej,,,,,3
Station,49000042,"ARRESØ, kemi",32,693898,6209574,Halsnæs,Region Hovedstaden,Sø,Arresø,6/6/86,1,"Måledybder, Sø",Ja,Miljøstyrelsen,https://vanda.miljoeportal.dk/link/34575c10-1a8e-4ccb-8a22-badefbdb4b87,Aktivitetssted,32,693898,6209574,1,06-06-1986 09:00:00 +02:00,4,"0,3",,,,Nej,,,,,2
Station,49000042,"ARRESØ, kemi",32,693898,6209574,Halsnæs,Region Hovedstaden,Sø,Arresø,30-07-1998,1,"Måledybder, Sø",Ja,Miljøstyrelsen,https://vanda.miljoeportal.dk/link/afa290f1-5fac-40ac-9e71-a85efb92715f,Aktivitetssted,32,693898,6209574,1,30-07-1998 11:30:00 +02:00,"4,6","0,4",,,,Nej,,,,,2
Station,49000042,"ARRESØ, kemi",32,693898,6209574,Halsnæs,Region Hovedstaden,Sø,Arresø,8/6/76,1,"Måledybder, Sø",Ja,Miljøstyrelsen,https://vanda.miljoeportal.dk/link/44fa6dcd-5a6d-4e50-98b1-308b8232d04b,Aktivitetssted,32,693898,6209574,1,08-06-1976 09:00:00 +01:00,9999,"0,3",,,,Nej,,,,,2
Station,49000042,"ARRESØ, kemi",32,693898,6209574,Halsnæs,Region Hovedstaden,Sø,Arresø,22-09-1976,1,"Måledybder, Sø",Ja,Miljøstyrelsen,https://vanda.miljoeportal.dk/link/242340e9-6b11-499f-9d91-eb661f5b24c6,Aktivitetssted,32,693898,6209574,1,22-09-1976 09:00:00 +01:00,9999,"0,3",,,,Nej,,,,,2
Station,49000042,"ARRESØ, kemi",32,693898,6209574,Halsnæs,Region Hovedstaden,Sø,Arresø,20-04-2016,1,"Måledybder, Sø",Ja,Miljøstyrelsen,https://vanda.miljoeportal.dk/link/5a464062-0598-45e8-bf5b-3b66286384a9,Aktivitetssted,32,693898,6209574,1,20-04-2016 12:18:00 +02:00,"4,5","0,4",,,,Nej,,,,,3
Station,49000042,"ARRESØ, kemi",32,693898,6209574,Halsnæs,Region Hovedstaden,Sø,Arresø,3/2/99,1,"Måledybder, Sø",Ja,Miljøstyrelsen,https://vanda.miljoeportal.dk/link/8258779e-ec16-4b2a-9ed5-03fa6a2a09c1,Aktivitetssted,32,693898,6209574,1,03-02-1999 11:00:00 +01:00,"4,5","0,5",,,,Nej,,,,,2
Station,49000042,"ARRESØ, kemi",32,693898,6209574,Halsnæs,Region Hovedstaden,Sø,Arresø,17-04-1986,1,"Måledybder, Sø",Ja,Miljøstyrelsen,https://vanda.miljoeportal.dk/link/0c42f968-97c3-499e-9723-56b71eec4777,Aktivitetssted,32,693898,6209574,1,17-04-1986 09:00:00 +02:00,"3,8","0,5",,,,Nej,,,,,2
Station,49000042,"ARRESØ, kemi",32,693898,6209574,Halsnæs,Region Hovedstaden,Sø,Arresø,24-07-2001,1,"Måledybder, Sø",Ja,Miljøstyrelsen,https://vanda.miljoeportal.dk/link/eeb82668-3112-4140-8284-c539999f6273,Aktivitetssted,32,693898,6209574,1,24-07-2001 10:45:00 +02:00,"4,7","0,3",,,,Nej,,,,,2
Station,49000042,"ARRESØ, kemi",32,693898,6209574,Halsnæs,Region Hovedstaden,Sø,Arresø,18-06-1986,1,"Måledybder, Sø",Ja,Miljøstyrelsen,https://vanda.miljoeportal.dk/link/f899c040-19ce-43c8-9476-6e4f2e29c36e,Aktivitetssted,32,693898,6209574,1,18-06-1986 09:00:00 +02:00,"4,8","0,3",,,,Nej,,,,,2
Station,49000042,"ARRESØ, kemi",32,693898,6209574,Halsnæs,Region Hovedstaden,Sø,Arresø,16-05-1979,1,"Måledybder, Sø",Ja,Miljøstyrelsen,https://vanda.miljoeportal.dk/link/888ba404-044e-4b10-9f0f-5b311f3a7385,Aktivitetssted,32,693898,6209574,1,16-05-1979 09:00:00 +01:00,9999,"0,7",,,,Nej,,,,,2
Station,49000042,"ARRESØ, kemi",32,693898,6209574,Halsnæs,Region Hovedstaden,Sø,Arresø,9/7/02,1,"Måledybder, Sø",Ja,Miljøstyrelsen,https://vanda.miljoeportal.dk/link/2cd1f4f6-8269-4842-b3a0-f1210e021c48,Aktivitetssted,32,693898,6209574,1,09-07-2002 10:00:00 +02:00,"4,9","0,6",,,,Nej,,,,,2
Station,49000042,"ARRESØ, kemi",32,693898,6209574,Halsnæs,Region Hovedstaden,Sø,Arresø,6/6/00,1,"Måledybder, Sø",Ja,Miljøstyrelsen,https://vanda.miljoeportal.dk/link/793239cc-9bed-418a-a9bd-86706e6fdc68,Aktivitetssted,32,693898,6209574,1,06-06-2000 10:15:00 +02:00,"4,8","0,9",,,,Nej,,,,,2
Station,49000042,"ARRESØ, kemi",32,693898,6209574,Halsnæs,Region Hovedstaden,Sø,Arresø,22-06-2022,1,"Måledybder, Sø",Ja,Miljøstyrelsen,https://vanda.miljoeportal.dk/link/2e95c718-e564-47b3-ae0f-38756dbea2cb,Aktivitetssted,32,"6,938,979,998,364,560","6,209,574,003,611,640",1,22-06-2022 10:30:00 +02:00,"4,7","0,6",,,,Nej,,,,,2
Station,49000042,"ARRESØ, kemi",32,693898,6209574,Halsnæs,Region Hovedstaden,Sø,Arresø,5/3/02,1,"Måledybder, Sø",Ja,Miljøstyrelsen,https://vanda.miljoeportal.dk/link/db4206fb-d5ce-4686-a5f3-1ef7cc0aac83,Aktivitetssted,32,693898,6209574,1,05-03-2002 11:00:00 +01:00,"5,3","0,7",,,,Nej,,,,,2
Station,49000042,"ARRESØ, kemi",32,693898,6209574,Halsnæs,Region Hovedstaden,Sø,Arresø,4/7/07,1,"Måledybder, Sø",Ja,Miljøstyrelsen,https://vanda.miljoeportal.dk/link/2ac26c89-e5cd-407c-801b-efdf411068b6,Aktivitetssted,32,693898,6209574,1,04-07-2007 12:00:00 +02:00,"4,8","0,5",,,,Nej,,,,,2
Station,49000042,"ARRESØ, kemi",32,693898,6209574,Halsnæs,Region Hovedstaden,Sø,Arresø,9/4/03,1,"Måledybder, Sø",Ja,Miljøstyrelsen,https://vanda.miljoeportal.dk/link/45deaf63-3581-4143-8769-5da1b35172d2,Aktivitetssted,32,693898,6209574,1,09-04-2003 12:00:00 +02:00,5,1,,,,Nej,,,,,2
Station,49000042,"ARRESØ, kemi",32,693898,6209574,Halsnæs,Region Hovedstaden,Sø,Arresø,2/11/01,1,"Måledybder, Sø",Ja,Miljøstyrelsen,https://vanda.miljoeportal.dk/link/c7828bb3-b8b2-4c5a-a2d8-3d3e2be6133b,Aktivitetssted,32,693898,6209574,1,02-11-2001 10:30:00 +01:00,"4,9","0,6",,,,Nej,,,,,2
Station,49000042,"ARRESØ, kemi",32,693898,6209574,Halsnæs,Region Hovedstaden,Sø,Arresø,21-09-2004,1,"Måledybder, Sø",Ja,Miljøstyrelsen,https://vanda.miljoeportal.dk/link/cf506d49-301f-4c63-a3df-0c3c4818c7aa,Aktivitetssted,32,693898,6209574,1,21-09-2004 11:15:00 +02:00,"4,6","0,3",,,,Nej,,,,,2
Station,49000042,"ARRESØ, kemi",32,693898,6209574,Halsnæs,Region Hovedstaden,Sø,Arresø,19-04-2006,1,"Måledybder, Sø",Ja,Miljøstyrelsen,https://vanda.miljoeportal.dk/link/ac7c62cb-2ee9-4a77-851d-bc71f0c3d6c0,Aktivitetssted,32,693898,6209574,1,19-04-2006 10:00:00 +02:00,"4,8","0,86",,,,Nej,,,,,2
Station,49000042,"ARRESØ, kemi",32,693898,6209574,Halsnæs,Region Hovedstaden,Sø,Arresø,28-09-2020,1,"Måledybder, Sø",Ja,Miljøstyrelsen,https://vanda.miljoeportal.dk/link/a238d963-cae3-4a51-a05c-62d8327f8fef,Aktivitetssted,32,693898,6209574,1,28-09-2020 10:30:00 +02:00,4,"0,3",,,,Nej,,,,,2
Station,49000042,"ARRESØ, kemi",32,693898,6209574,Halsnæs,Region Hovedstaden,Sø,Arresø,21-09-1993,1,"Måledybder, Sø",Ja,Miljøstyrelsen,https://vanda.miljoeportal.dk/link/aa40a550-91a3-443d-be5a-0d62fee2e474,Aktivitetssted,32,693898,6209574,1,21-09-1993 11:00:00 +02:00,"4,6","0,3",,,,Nej,,,,,2
Station,49000042,"ARRESØ, kemi",32,693898,6209574,Halsnæs,Region Hovedstaden,Sø,Arresø,28-05-2002,1,"Måledybder, Sø",Ja,Miljøstyrelsen,https://vanda.miljoeportal.dk/link/d0a33ab0-776e-4340-9e87-cadb33e9717b,Aktivitetssted,32,693898,6209574,1,28-05-2002 10:15:00 +02:00,"4,9","1,1",,,,Nej,,,,,2
Station,49000042,"ARRESØ, kemi",32,693898,6209574,Halsnæs,Region Hovedstaden,Sø,Arresø,11/10/05,1,"Måledybder, Sø",Ja,Miljøstyrelsen,https://vanda.miljoeportal.dk/link/1a703537-1c65-474b-b78a-3806cc1333e6,Aktivitetssted,32,693898,6209574,1,11-10-2005 13:15:00 +02:00,"4,6","0,42",,,,Nej,,,,,2
Station,49000042,"ARRESØ, kemi",32,693898,6209574,Halsnæs,Region Hovedstaden,Sø,Arresø,7/2/95,1,"Måledybder, Sø",Ja,Miljøstyrelsen,https://vanda.miljoeportal.dk/link/9c6eee3b-06ff-469c-a4f8-286109679423,Aktivitetssted,32,693898,6209574,1,07-02-1995 11:00:00 +01:00,"2,7","0,2",,,,Nej,,,,,2
Station,49000042,"ARRESØ, kemi",32,693898,6209574,Halsnæs,Region Hovedstaden,Sø,Arresø,15-10-1985,1,"Måledybder, Sø",Ja,Miljøstyrelsen,https://vanda.miljoeportal.dk/link/7f62e1c1-cddd-4025-ac59-d301f06c1572,Aktivitetssted,32,693898,6209574,1,15-10-1985 11:30:00 +01:00,"3,8","0,2",,,,Nej,,,,,2
Station,49000042,"ARRESØ, kemi",32,693898,6209574,Halsnæs,Region Hovedstaden,Sø,Arresø,15-12-2011,1,"Måledybder, Sø",Ja,Miljøstyrelsen,https://vanda.miljoeportal.dk/link/60d68b8a-6ff0-4744-a07d-691686a709fc,Aktivitetssted,32,693898,6209574,1,15-12-2011 11:00:00 +01:00,"4,8","0,3",,,,Nej,,,,,2
Station,49000042,"ARRESØ, kemi",32,693898,6209574,Halsnæs,Region Hovedstaden,Sø,Arresø,8/6/99,1,"Måledybder, Sø",Ja,Miljøstyrelsen,https://vanda.miljoeportal.dk/link/78637db4-1710-4d1f-b773-33594eaee9b4,Aktivitetssted,32,693898,6209574,1,08-06-1999 10:00:00 +02:00,"4,8","0,4",,,,Nej,,,,,2
Station,49000042,"ARRESØ, kemi",32,693898,6209574,Halsnæs,Region Hovedstaden,Sø,Arresø,21-10-1986,1,"Måledybder, Sø",Ja,Miljøstyrelsen,https://vanda.miljoeportal.dk/link/57bccd8c-2e54-4b13-b2ae-be6436716cbe,Aktivitetssted,32,693898,6209574,1,21-10-1986 09:00:00 +01:00,4,"0,2",,,,Nej,,,,,2
Station,49000042,"ARRESØ, kemi",32,693898,6209574,Halsnæs,Region Hovedstaden,Sø,Arresø,3/4/01,1,"Måledybder, Sø",Ja,Miljøstyrelsen,https://vanda.miljoeportal.dk/link/4bb070b7-35aa-4b2c-b5e3-74f58ca9de95,Aktivitetssted,32,693898,6209574,1,03-04-2001 11:15:00 +02:00,5,"0,9",,,,Nej,,,,,2
Station,49000042,"ARRESØ, kemi",32,693898,6209574,Halsnæs,Region Hovedstaden,Sø,Arresø,5/9/00,1,"Måledybder, Sø",Ja,Miljøstyrelsen,https://vanda.miljoeportal.dk/link/f7921e63-d72b-40b6-a418-13545528c153,Aktivitetssted,32,693898,6209574,1,05-09-2000 10:15:00 +02:00,"4,7","0,4",,,,Nej,,,,,2
Station,49000042,"ARRESØ, kemi",32,693898,6209574,Halsnæs,Region Hovedstaden,Sø,Arresø,6/5/03,1,"Måledybder, Sø",Ja,Miljøstyrelsen,https://vanda.miljoeportal.dk/link/b681afd3-7fb2-4def-91e0-9d65700d948c,Aktivitetssted,32,693898,6209574,1,06-05-2003 09:00:00 +02:00,"4,8","0,9",,,,Nej,,,,,2
Station,49000042,"ARRESØ, kemi",32,693898,6209574,Halsnæs,Region Hovedstaden,Sø,Arresø,3/4/24,1,"Måledybder, Sø",Ja,Miljøstyrelsen,https://vanda.miljoeportal.dk/link/e562fbec-574c-4bb6-bd32-77a0bd6bd435,49000042,32,"6,938,980,170,014,180","6,209,573,957,434,570",1,03-04-2024 10:15:54 +02:00,5,"0,8",,,,Nej,,,,,2
Station,49000042,"ARRESØ, kemi",32,693898,6209574,Halsnæs,Region Hovedstaden,Sø,Arresø,10/2/98,1,"Måledybder, Sø",Ja,Miljøstyrelsen,https://vanda.miljoeportal.dk/link/f8a7b4bb-1d76-48e3-bcd1-b5f78bc15675,Aktivitetssted,32,693898,6209574,1,10-02-1998 10:30:00 +01:00,"5,2","0,6",,,,Nej,,,,,2
Station,49000042,"ARRESØ, kemi",32,693898,6209574,Halsnæs,Region Hovedstaden,Sø,Arresø,6/8/18,1,"Måledybder, Sø",Ja,Miljøstyrelsen,https://vanda.miljoeportal.dk/link/475e25e2-0bf4-4657-8c2a-23452e1516f4,Aktivitetssted,32,693898,6209574,1,06-08-2018 11:00:00 +02:00,"4,1","0,4",,,,Nej,,,,,3
Station,49000042,"ARRESØ, kemi",32,693898,6209574,Halsnæs,Region Hovedstaden,Sø,Arresø,18-07-2013,1,"Måledybder, Sø",Ja,Miljøstyrelsen,https://vanda.miljoeportal.dk/link/8fd1bc16-0a6d-470c-ae0d-2bb010bed7de,Aktivitetssted,32,693898,6209574,1,18-07-2013 08:43:00 +02:00,"4,7","0,6",,,,Nej,,,,,2
Station,49000042,"ARRESØ, kemi",32,693898,6209574,Halsnæs,Region Hovedstaden,Sø,Arresø,16-01-2007,1,"Måledybder, Sø",Ja,Miljøstyrelsen,https://vanda.miljoeportal.dk/link/cc32c8cd-9bca-43e9-bb54-ac86013ca052,Aktivitetssted,32,693898,6209574,1,16-01-2007 11:15:00 +01:00,5,"0,35",,,,Nej,,,,,2
Station,49000042,"ARRESØ, kemi",32,693898,6209574,Halsnæs,Region Hovedstaden,Sø,Arresø,22-08-1995,1,"Måledybder, Sø",Ja,Miljøstyrelsen,https://vanda.miljoeportal.dk/link/e1113f8b-859e-4a78-b818-1b2ace66214e,Aktivitetssted,32,693898,6209574,1,22-08-1995 10:30:00 +02:00,4,"0,5",,,,Nej,,,,,2
Station,49000042,"ARRESØ, kemi",32,693898,6209574,Halsnæs,Region Hovedstaden,Sø,Arresø,15-11-2016,1,"Måledybder, Sø",Ja,Miljøstyrelsen,https://vanda.miljoeportal.dk/link/40fbe460-2b15-464b-94a0-7e65c64d20cf,Aktivitetssted,32,693898,6209574,1,15-11-2016 11:30:00 +01:00,"4,7","0,95",,,,Nej,,,,,3
Station,49000042,"ARRESØ, kemi",32,693898,6209574,Halsnæs,Region Hovedstaden,Sø,Arresø,17-09-1996,1,"Måledybder, Sø",Ja,Miljøstyrelsen,https://vanda.miljoeportal.dk/link/fd670fc8-7cea-4e76-a9d0-52d022ab4121,Aktivitetssted,32,693898,6209574,1,17-09-1996 11:00:00 +02:00,"4,1","0,4",,,,Nej,,,,,2
Station,49000042,"ARRESØ, kemi",32,693898,6209574,Halsnæs,Region Hovedstaden,Sø,Arresø,12/9/73,1,"Måledybder, Sø",Ja,Miljøstyrelsen,https://vanda.miljoeportal.dk/link/f15b9025-5a7b-49b9-a2a5-ac296d5cf30f,Aktivitetssted,32,693898,6209574,1,12-09-1973 09:00:00 +01:00,9999,"0,3",,,,Nej,,,,,2
Station,49000042,"ARRESØ, kemi",32,693898,6209574,Halsnæs,Region Hovedstaden,Sø,Arresø,19-09-1990,1,"Måledybder, Sø",Ja,Miljøstyrelsen,https://vanda.miljoeportal.dk/link/b3555f02-cfe6-45d2-92ea-655841b78d76,Aktivitetssted,32,693898,6209574,1,19-09-1990 10:00:00 +02:00,"4,4","0,4",,,,Nej,,,,,2
Station,49000042,"ARRESØ, kemi",32,693898,6209574,Halsnæs,Region Hovedstaden,Sø,Arresø,3/5/93,1,"Måledybder, Sø",Ja,Miljøstyrelsen,https://vanda.miljoeportal.dk/link/f16cec7d-9b03-425c-a183-9cf50d6898a9,Aktivitetssted,32,693898,6209574,1,03-05-1993 10:00:00 +02:00,"4,6","0,5",,,,Nej,,,,,2
Station,49000042,"ARRESØ, kemi",32,693898,6209574,Halsnæs,Region Hovedstaden,Sø,Arresø,20-07-1999,1,"Måledybder, Sø",Ja,Miljøstyrelsen,https://vanda.miljoeportal.dk/link/d1472073-73ab-400d-85e7-086b96ffccf4,Aktivitetssted,32,693898,6209574,1,20-07-1999 10:30:00 +02:00,"4,7","0,3",,,,Nej,,,,,2
Station,49000042,"ARRESØ, kemi",32,693898,6209574,Halsnæs,Region Hovedstaden,Sø,Arresø,10/7/73,1,"Måledybder, Sø",Ja,Miljøstyrelsen,https://vanda.miljoeportal.dk/link/ba208ba3-979c-4d56-b664-c433d630e55c,Aktivitetssted,32,693898,6209574,1,10-07-1973 09:00:00 +01:00,9999,"0,3",,,,Nej,,,,,2
Station,49000042,"ARRESØ, kemi",32,693898,6209574,Halsnæs,Region Hovedstaden,Sø,Arresø,8/9/92,1,"Måledybder, Sø",Ja,Miljøstyrelsen,https://vanda.miljoeportal.dk/link/69cc3b23-0904-41b8-883a-dc9141607384,Aktivitetssted,32,693898,6209574,1,08-09-1992 10:30:00 +02:00,4,"0,2",,,,Nej,,,,,2
Station,49000042,"ARRESØ, kemi",32,693898,6209574,Halsnæs,Region Hovedstaden,Sø,Arresø,22-06-1987,1,"Måledybder, Sø",Ja,Miljøstyrelsen,https://vanda.miljoeportal.dk/link/d15f6c72-ecca-4c83-8549-1cebc59031dc,Aktivitetssted,32,693898,6209574,1,22-06-1987 09:00:00 +02:00,"4,5","0,4",,,,Nej,,,,,2
Station,49000042,"ARRESØ, kemi",32,693898,6209574,Halsnæs,Region Hovedstaden,Sø,Arresø,1/6/16,1,"Måledybder, Sø",Ja,Miljøstyrelsen,https://vanda.miljoeportal.dk/link/2d8c1dd7-b071-4e33-860c-6728b6419d05,Aktivitetssted,32,693898,6209574,1,01-06-2016 10:00:00 +02:00,"4,6","0,5",,,,Nej,,,,,3
Station,49000042,"ARRESØ, kemi",32,693898,6209574,Halsnæs,Region Hovedstaden,Sø,Arresø,20-08-2024,1,"Måledybder, Sø",Ja,Miljøstyrelsen,https://vanda.miljoeportal.dk/link/673240df-7fc0-477d-b482-14f237a8b1f8,49000042,32,"6,938,980,170,014,180","6,209,573,957,434,570",1,20-08-2024 10:23:31 +02:00,"4,5","0,4",,,,Nej,,,,,2
Station,49000042,"ARRESØ, kemi",32,693898,6209574,Halsnæs,Region Hovedstaden,Sø,Arresø,24-05-1976,1,"Måledybder, Sø",Ja,Miljøstyrelsen,https://vanda.miljoeportal.dk/link/0247ff9c-0d73-4929-9b8c-45f555d39ea8,Aktivitetssted,32,693898,6209574,1,24-05-1976 09:00:00 +01:00,9999,"0,3",,,,Nej,,,,,2
Station,49000042,"ARRESØ, kemi",32,693898,6209574,Halsnæs,Region Hovedstaden,Sø,Arresø,16-06-2008,1,"Måledybder, Sø",Ja,Miljøstyrelsen,https://vanda.miljoeportal.dk/link/bc945458-1a93-44f6-8c4a-c93f9d1bb15e,Aktivitetssted,32,693898,6209574,1,16-06-2008 11:45:00 +02:00,"4,5","0,25",,,,Nej,,,,,2
Station,49000042,"ARRESØ, kemi",32,693898,6209574,Halsnæs,Region Hovedstaden,Sø,Arresø,28-03-2011,1,"Måledybder, Sø",Ja,Miljøstyrelsen,https://vanda.miljoeportal.dk/link/2815f7fd-f147-4df4-8037-e31075eceac1,Aktivitetssted,32,693898,6209574,1,28-03-2011 11:30:00 +02:00,"4,7","0,7",,,,Nej,,,,,2
Station,49000042,"ARRESØ, kemi",32,693898,6209574,Halsnæs,Region Hovedstaden,Sø,Arresø,2/2/10,1,"Måledybder, Sø",Ja,Miljøstyrelsen,https://vanda.miljoeportal.dk/link/52252744-e5c3-40d4-9bee-9922c73056a1,Aktivitetssted,32,693898,6209574,1,02-02-2010 11:00:00 +01:00,"3,1","1,5",,,,Nej,,,,,2
Station,49000042,"ARRESØ, kemi",32,693898,6209574,Halsnæs,Region Hovedstaden,Sø,Arresø,15-07-2003,1,"Måledybder, Sø",Ja,Miljøstyrelsen,https://vanda.miljoeportal.dk/link/59a0fd85-4c7c-4ae2-86e7-e7b8a5e60ab3,Aktivitetssted,32,693898,6209574,1,15-07-2003 11:30:00 +02:00,"4,6","0,8",,,,Nej,,,,,2
Station,49000042,"ARRESØ, kemi",32,693898,6209574,Halsnæs,Region Hovedstaden,Sø,Arresø,11/5/09,1,"Måledybder, Sø",Ja,Miljøstyrelsen,https://vanda.miljoeportal.dk/link/9a002668-caac-4444-b837-7593dd2b7590,Aktivitetssted,32,693898,6209574,1,11-05-2009 11:00:00 +02:00,"4,5","0,5",,,,Nej,,,,,2
Station,49000042,"ARRESØ, kemi",32,693898,6209574,Halsnæs,Region Hovedstaden,Sø,Arresø,31-05-1994,1,"Måledybder, Sø",Ja,Miljøstyrelsen,https://vanda.miljoeportal.dk/link/d19aaa1f-8e4d-4b9d-b0a2-25bea3536e8d,Aktivitetssted,32,693898,6209574,1,31-05-1994 10:00:00 +02:00,"4,5","0,5",,,,Nej,,,,,2
Station,49000042,"ARRESØ, kemi",32,693898,6209574,Halsnæs,Region Hovedstaden,Sø,Arresø,25-09-1991,1,"Måledybder, Sø",Ja,Miljøstyrelsen,https://vanda.miljoeportal.dk/link/d713fd57-cb72-441a-81dd-bcd4e5d121a5,Aktivitetssted,32,693898,6209574,1,25-09-1991 10:00:00 +02:00,"4,3","0,3",,,,Nej,,,,,2
Station,49000042,"ARRESØ, kemi",32,693898,6209574,Halsnæs,Region Hovedstaden,Sø,Arresø,14-09-1976,1,"Måledybder, Sø",Ja,Miljøstyrelsen,https://vanda.miljoeportal.dk/link/9909a132-e220-4f4c-82f3-dcae19758027,Aktivitetssted,32,693898,6209574,1,14-09-1976 09:00:00 +01:00,9999,"0,4",,,,Nej,,,,,2
Station,49000042,"ARRESØ, kemi",32,693898,6209574,Halsnæs,Region Hovedstaden,Sø,Arresø,20-07-2006,1,"Måledybder, Sø",Ja,Miljøstyrelsen,https://vanda.miljoeportal.dk/link/9f41d359-395a-49bf-9d41-6ba76b107970,Aktivitetssted,32,693898,6209574,1,20-07-2006 10:15:00 +02:00,"4,4","0,6",,,,Nej,,,,,2
Station,49000042,"ARRESØ, kemi",32,693898,6209574,Halsnæs,Region Hovedstaden,Sø,Arresø,7/8/86,1,"Måledybder, Sø",Ja,Miljøstyrelsen,https://vanda.miljoeportal.dk/link/8984552d-ba2a-47e6-9607-0501a2eba58b,Aktivitetssted,32,693898,6209574,1,07-08-1986 09:00:00 +02:00,"4,1","0,4",,,,Nej,,,,,2
Station,49000042,"ARRESØ, kemi",32,693898,6209574,Halsnæs,Region Hovedstaden,Sø,Arresø,27-08-2014,1,"Måledybder, Sø",Ja,Miljøstyrelsen,https://vanda.miljoeportal.dk/link/7c407f1b-a296-4322-93e2-d204e927ab07,Aktivitetssted,32,693898,6209574,1,27-08-2014 09:53:00 +02:00,"4,6","0,6",,,,Nej,,,,,3
Station,49000042,"ARRESØ, kemi",32,693898,6209574,Halsnæs,Region Hovedstaden,Sø,Arresø,4/7/22,1,"Måledybder, Sø",Ja,Miljøstyrelsen,https://vanda.miljoeportal.dk/link/bf6641b6-2fd0-4339-8593-1281a6685a88,Aktivitetssted,32,"6,938,979,998,364,560","6,209,574,003,611,640",1,04-07-2022 10:30:00 +02:00,"4,6","0,3",,,,Nej,,,,,2
Station,49000095,ARRESØ ST A,32,692735,6209960,Halsnæs,Region Hovedstaden,Sø,Arresø,5/11/02,1,"Måledybder, Sø",Ja,Miljøstyrelsen,https://vanda.miljoeportal.dk/link/f4bab91b-3c8a-4467-aa59-a0aae3099d3d,Aktivitetssted,32,692735,6209960,1,05-11-2002 10:00:00 +01:00,4,,,,,,,,,,2
Station,49000042,"ARRESØ, kemi",32,693898,6209574,Halsnæs,Region Hovedstaden,Sø,Arresø,8/11/06,1,"Måledybder, Sø",Ja,Miljøstyrelsen,https://vanda.miljoeportal.dk/link/4b7dd53d-92c0-4704-897e-9f9283eaaea4,Aktivitetssted,32,693898,6209574,1,08-11-2006 10:30:00 +01:00,"4,9","0,5",,,,Nej,,,,,2
Station,49000042,"ARRESØ, kemi",32,693898,6209574,Halsnæs,Region Hovedstaden,Sø,Arresø,6/9/06,1,"Måledybder, Sø",Ja,Miljøstyrelsen,https://vanda.miljoeportal.dk/link/f134a6f5-310c-4b29-be5e-5e1656b6dfd8,Aktivitetssted,32,693898,6209574,1,06-09-2006 14:00:00 +02:00,"4,7","0,35",,,,Nej,,,,,2
Station,49000042,"ARRESØ, kemi",32,693898,6209574,Halsnæs,Region Hovedstaden,Sø,Arresø,3/5/89,1,"Måledybder, Sø",Ja,Miljøstyrelsen,https://vanda.miljoeportal.dk/link/2a6d2b29-d532-4546-8811-a6ee870c760c,Aktivitetssted,32,693898,6209574,1,03-05-1989 09:30:00 +02:00,"4,4","0,8",,,,Nej,,,,,2
Station,49000042,"ARRESØ, kemi",32,693898,6209574,Halsnæs,Region Hovedstaden,Sø,Arresø,4/8/20,1,"Måledybder, Sø",Ja,Miljøstyrelsen,https://vanda.miljoeportal.dk/link/0e5d06de-1c26-47db-aa2f-0b47c6cd7150,Aktivitetssted,32,693898,6209574,1,04-08-2020 10:00:00 +02:00,"4,4","0,4",,,,Nej,,,,,2
Station,49000042,"ARRESØ, kemi",32,693898,6209574,Halsnæs,Region Hovedstaden,Sø,Arresø,29-08-2007,1,"Måledybder, Sø",Ja,Miljøstyrelsen,https://vanda.miljoeportal.dk/link/47c32acd-5883-4529-bd85-de61b9b6c7b6,Aktivitetssted,32,693898,6209574,1,29-08-2007 09:45:00 +02:00,"4,8","0,4",,,,Nej,,,,,2
Station,49000042,"ARRESØ, kemi",32,693898,6209574,Halsnæs,Region Hovedstaden,Sø,Arresø,9/12/97,1,"Måledybder, Sø",Ja,Miljøstyrelsen,https://vanda.miljoeportal.dk/link/f1640616-3581-4c43-8d2b-0e53fec9c89c,Aktivitetssted,32,693898,6209574,1,09-12-1997 11:00:00 +01:00,"4,6","0,5",,,,Nej,,,,,2
Station,49000042,"ARRESØ, kemi",32,693898,6209574,Halsnæs,Region Hovedstaden,Sø,Arresø,30-05-1989,1,"Måledybder, Sø",Ja,Miljøstyrelsen,https://vanda.miljoeportal.dk/link/739d1b2a-baa1-4e5a-b8c5-5685394077f7,Aktivitetssted,32,693898,6209574,1,30-05-1989 09:50:00 +02:00,"4,2","0,5",,,,Nej,,,,,2
Station,49000042,"ARRESØ, kemi",32,693898,6209574,Halsnæs,Region Hovedstaden,Sø,Arresø,29-08-2016,1,"Måledybder, Sø",Ja,Miljøstyrelsen,https://vanda.miljoeportal.dk/link/6303d87b-e002-43a2-8654-bf975127c1c8,Aktivitetssted,32,693898,6209574,1,29-08-2016 11:00:00 +02:00,"4,5","0,5",,,,Nej,,,,,3
Station,49000042,"ARRESØ, kemi",32,693898,6209574,Halsnæs,Region Hovedstaden,Sø,Arresø,3/12/96,1,"Måledybder, Sø",Ja,Miljøstyrelsen,https://vanda.miljoeportal.dk/link/477c05b9-3e2e-44df-8d2e-0c4c6d019af3,Aktivitetssted,32,693898,6209574,1,03-12-1996 10:45:00 +01:00,"4,8","0,4",,,,Nej,,,,,2
Station,49000042,"ARRESØ, kemi",32,693898,6209574,Halsnæs,Region Hovedstaden,Sø,Arresø,22-03-1994,1,"Måledybder, Sø",Ja,Miljøstyrelsen,https://vanda.miljoeportal.dk/link/65f76e6c-db16-4abe-95fc-781a5aa21091,Aktivitetssted,32,693898,6209574,1,22-03-1994 10:30:00 +01:00,"4,8","0,5",,,,Nej,,,,,2
Station,49000042,"ARRESØ, kemi",32,693898,6209574,Halsnæs,Region Hovedstaden,Sø,Arresø,3/9/18,1,"Måledybder, Sø",Ja,Miljøstyrelsen,https://vanda.miljoeportal.dk/link/c589bbc5-844f-4323-9b5e-8b8ebcd96ce5,Aktivitetssted,32,693898,6209574,1,03-09-2018 10:30:00 +02:00,"4,3","0,4",,,,Nej,,,,,3
Station,49000097,ARRESØ ST C,32,694929,6209746,Gribskov,Region Hovedstaden,Sø,Arresø,5/11/02,1,"Måledybder, Sø",Ja,Miljøstyrelsen,https://vanda.miljoeportal.dk/link/b1166204-3107-4ed2-9bad-48b1867f6424,Aktivitetssted,32,694929,6209746,1,05-11-2002 10:00:00 +01:00,4,,,,,,,,,,2
Station,49000042,"ARRESØ, kemi",32,693898,6209574,Halsnæs,Region Hovedstaden,Sø,Arresø,12/7/10,1,"Måledybder, Sø",Ja,Miljøstyrelsen,https://vanda.miljoeportal.dk/link/42a471c4-02ea-47b0-9bed-8f24154c78bd,Aktivitetssted,32,693898,6209574,1,12-07-2010 12:15:00 +02:00,"4,6","0,75",,,,Nej,,,,,2
Station,49000042,"ARRESØ, kemi",32,693898,6209574,Halsnæs,Region Hovedstaden,Sø,Arresø,10/8/77,1,"Måledybder, Sø",Ja,Miljøstyrelsen,https://vanda.miljoeportal.dk/link/28fc2734-9437-4b39-8765-0cc78cc383cd,Aktivitetssted,32,693898,6209574,1,10-08-1977 09:00:00 +01:00,9999,"0,4",,,,Nej,,,,,2
Station,49000042,"ARRESØ, kemi",32,693898,6209574,Halsnæs,Region Hovedstaden,Sø,Arresø,24-02-1976,1,"Måledybder, Sø",Ja,Miljøstyrelsen,https://vanda.miljoeportal.dk/link/062b5781-86bc-4d7e-b788-47c3a43bd9f7,Aktivitetssted,32,693898,6209574,1,24-02-1976 09:00:00 +01:00,9999,1,,,,Nej,,,,,2
Station,49000042,"ARRESØ, kemi",32,693898,6209574,Halsnæs,Region Hovedstaden,Sø,Arresø,13-09-2005,1,"Måledybder, Sø",Ja,Miljøstyrelsen,https://vanda.miljoeportal.dk/link/a5e843d2-4466-452a-aeb7-362b7b3f3cd8,Aktivitetssted,32,693898,6209574,1,13-09-2005 09:45:00 +02:00,"4,6","0,37",,,,Nej,,,,,2
Station,49000042,"ARRESØ, kemi",32,693898,6209574,Halsnæs,Region Hovedstaden,Sø,Arresø,30-05-1995,1,"Måledybder, Sø",Ja,Miljøstyrelsen,https://vanda.miljoeportal.dk/link/4747e6ca-70a5-4f4b-b37e-6c6abec20679,Aktivitetssted,32,693898,6209574,1,30-05-1995 11:30:00 +02:00,"4,4","0,6",,,,Nej,,,,,2
Station,49000042,"ARRESØ, kemi",32,693898,6209574,Halsnæs,Region Hovedstaden,Sø,Arresø,14-03-1995,1,"Måledybder, Sø",Ja,Miljøstyrelsen,https://vanda.miljoeportal.dk/link/76ed1fc0-d904-4b41-81d0-01f44ce05448,Aktivitetssted,32,693898,6209574,1,14-03-1995 10:30:00 +01:00,5,"0,3",,,,Nej,,,,,2
Station,49000042,"ARRESØ, kemi",32,693898,6209574,Halsnæs,Region Hovedstaden,Sø,Arresø,17-11-1992,1,"Måledybder, Sø",Ja,Miljøstyrelsen,https://vanda.miljoeportal.dk/link/78d2f207-2d18-4f19-9043-bea53a03d186,Aktivitetssted,32,693898,6209574,1,17-11-1992 10:00:00 +01:00,"4,6","0,3",,,,Nej,,,,,2
Station,49000042,"ARRESØ, kemi",32,693898,6209574,Halsnæs,Region Hovedstaden,Sø,Arresø,22-04-1992,1,"Måledybder, Sø",Ja,Miljøstyrelsen,https://vanda.miljoeportal.dk/link/1e7a3280-3843-425b-9272-c5aabc4317d7,Aktivitetssted,32,693898,6209574,1,22-04-1992 11:15:00 +02:00,"4,7","0,6",,,,Nej,,,,,2
Station,49000042,"ARRESØ, kemi",32,693898,6209574,Halsnæs,Region Hovedstaden,Sø,Arresø,10/10/11,1,"Måledybder, Sø",Ja,Miljøstyrelsen,https://vanda.miljoeportal.dk/link/2d7203ae-d46b-4da5-8b39-c0b802b8f955,Aktivitetssted,32,693898,6209574,1,10-10-2011 11:22:00 +02:00,"4,5","0,35",,,,Nej,,,,,2
Station,49000042,"ARRESØ, kemi",32,693898,6209574,Halsnæs,Region Hovedstaden,Sø,Arresø,2/5/79,1,"Måledybder, Sø",Ja,Miljøstyrelsen,https://vanda.miljoeportal.dk/link/86213ce3-9f2d-4fe4-80b6-d86e9663122a,Aktivitetssted,32,693898,6209574,1,02-05-1979 09:00:00 +01:00,9999,"0,3",,,,Nej,,,,,2
Station,49000042,"ARRESØ, kemi",32,693898,6209574,Halsnæs,Region Hovedstaden,Sø,Arresø,4/4/89,1,"Måledybder, Sø",Ja,Miljøstyrelsen,https://vanda.miljoeportal.dk/link/106c5c72-32f1-4106-b713-a1ab3cd3f69b,Aktivitetssted,32,693898,6209574,1,04-04-1989 10:00:00 +02:00,"4,5","0,3",,,,Nej,,,,,2
Station,49000042,"ARRESØ, kemi",32,693898,6209574,Halsnæs,Region Hovedstaden,Sø,Arresø,18-09-1986,1,"Måledybder, Sø",Ja,Miljøstyrelsen,https://vanda.miljoeportal.dk/link/fb992579-057c-4f75-ab51-834270b76d87,Aktivitetssted,32,693898,6209574,1,18-09-1986 09:00:00 +02:00,"4,3","0,2",,,,Nej,,,,,2
Station,49000042,"ARRESØ, kemi",32,693898,6209574,Halsnæs,Region Hovedstaden,Sø,Arresø,20-04-1995,1,"Måledybder, Sø",Ja,Miljøstyrelsen,https://vanda.miljoeportal.dk/link/877a7852-052c-4be6-8ba1-69d732929b7b,Aktivitetssted,32,693898,6209574,1,20-04-1995 11:00:00 +02:00,"4,9","0,4",,,,Nej,,,,,2
Station,49000042,"ARRESØ, kemi",32,693898,6209574,Halsnæs,Region Hovedstaden,Sø,Arresø,11/9/01,1,"Måledybder, Sø",Ja,Miljøstyrelsen,https://vanda.miljoeportal.dk/link/6bdf7842-e925-43e3-95c4-90d5c79a30de,Aktivitetssted,32,693898,6209574,1,11-09-2001 10:40:00 +02:00,"4,7","0,6",,,,Nej,,,,,2
Station,49000042,"ARRESØ, kemi",32,693898,6209574,Halsnæs,Region Hovedstaden,Sø,Arresø,11/4/90,1,"Måledybder, Sø",Ja,Miljøstyrelsen,https://vanda.miljoeportal.dk/link/df73a1ea-d442-43ea-92af-ab62aa39dc33,Aktivitetssted,32,693898,6209574,1,11-04-1990 10:00:00 +02:00,"4,8","0,4",,,,Nej,,,,,2
Station,49000042,"ARRESØ, kemi",32,693898,6209574,Halsnæs,Region Hovedstaden,Sø,Arresø,3/3/04,1,"Måledybder, Sø",Ja,Miljøstyrelsen,https://vanda.miljoeportal.dk/link/baa7dc7c-7ebb-4c7c-a6eb-ce1fec804905,Aktivitetssted,32,693898,6209574,1,03-03-2004 12:00:00 +01:00,"4,8","0,75",,,,Nej,,,,,2
Station,49000042,"ARRESØ, kemi",32,693898,6209574,Halsnæs,Region Hovedstaden,Sø,Arresø,9/5/85,1,"Måledybder, Sø",Ja,Miljøstyrelsen,https://vanda.miljoeportal.dk/link/a9315e08-f16a-49cb-978e-5534dde979a2,Aktivitetssted,32,693898,6209574,1,09-05-1985 10:00:00 +02:00,"4,7","0,5",,,,Nej,,,,,2
Station,49000042,"ARRESØ, kemi",32,693898,6209574,Halsnæs,Region Hovedstaden,Sø,Arresø,19-06-1985,1,"Måledybder, Sø",Ja,Miljøstyrelsen,https://vanda.miljoeportal.dk/link/b7c4165b-162a-4843-80c2-ee59dc0fd68d,Aktivitetssted,32,693898,6209574,1,19-06-1985 09:00:00 +02:00,"4,5","0,5",,,,Nej,,,,,2
Station,49000042,"ARRESØ, kemi",32,693898,6209574,Halsnæs,Region Hovedstaden,Sø,Arresø,14-11-1978,1,"Måledybder, Sø",Ja,Miljøstyrelsen,https://vanda.miljoeportal.dk/link/fcab6fba-873d-437c-a48a-e0e36cd827c9,Aktivitetssted,32,693898,6209574,1,14-11-1978 09:00:00 +01:00,9999,"0,3",,,,Nej,,,,,2
Station,49000042,"ARRESØ, kemi",32,693898,6209574,Halsnæs,Region Hovedstaden,Sø,Arresø,19-07-2007,1,"Måledybder, Sø",Ja,Miljøstyrelsen,https://vanda.miljoeportal.dk/link/9194a41f-98f4-4fab-8ec5-244e40d559b1,Aktivitetssted,32,693898,6209574,1,19-07-2007 11:00:00 +02:00,"4,6","0,3",,,,Nej,,,,,2
Station,49000042,"ARRESØ, kemi",32,693898,6209574,Halsnæs,Region Hovedstaden,Sø,Arresø,4/5/76,1,"Måledybder, Sø",Ja,Miljøstyrelsen,https://vanda.miljoeportal.dk/link/cc30fb5a-2c78-4e04-aae0-27a3d54532a1,Aktivitetssted,32,693898,6209574,1,04-05-1976 09:00:00 +01:00,9999,"0,2",,,,Nej,,,,,2
Station,49000042,"ARRESØ, kemi",32,693898,6209574,Halsnæs,Region Hovedstaden,Sø,Arresø,6/12/90,1,"Måledybder, Sø",Ja,Miljøstyrelsen,https://vanda.miljoeportal.dk/link/4c8747af-1ad7-4cf1-b646-77c70e36ffd2,Aktivitetssted,32,693898,6209574,1,06-12-1990 11:00:00 +01:00,"4,7","0,3",,,,Nej,,,,,2
Station,49000042,"ARRESØ, kemi",32,693898,6209574,Halsnæs,Region Hovedstaden,Sø,Arresø,20-06-2000,1,"Måledybder, Sø",Ja,Miljøstyrelsen,https://vanda.miljoeportal.dk/link/5d73f0dd-562a-4051-a09d-28292bc3015d,Aktivitetssted,32,693898,6209574,1,20-06-2000 11:00:00 +02:00,"4,6","0,5",,,,Nej,,,,,2
Station,49000042,"ARRESØ, kemi",32,693898,6209574,Halsnæs,Region Hovedstaden,Sø,Arresø,11/4/00,1,"Måledybder, Sø",Ja,Miljøstyrelsen,https://vanda.miljoeportal.dk/link/ca29ed5d-7ef2-49d4-a33f-dc16c4e81ac3,Aktivitetssted,32,693898,6209574,1,11-04-2000 10:30:00 +02:00,"5,2","0,6",,,,Nej,,,,,2
Station,49000042,"ARRESØ, kemi",32,693898,6209574,Halsnæs,Region Hovedstaden,Sø,Arresø,18-07-2000,1,"Måledybder, Sø",Ja,Miljøstyrelsen,https://vanda.miljoeportal.dk/link/b264b28f-5b63-4bab-90f4-6b9abffa1328,Aktivitetssted,32,693898,6209574,1,18-07-2000 09:30:00 +02:00,"4,7","0,5",,,,Nej,,,,,2
Station,49000042,"ARRESØ, kemi",32,693898,6209574,Halsnæs,Region Hovedstaden,Sø,Arresø,20-04-2010,1,"Måledybder, Sø",Ja,Miljøstyrelsen,https://vanda.miljoeportal.dk/link/a35fc552-416f-4047-8fb8-9b1524391809,Aktivitetssted,32,693898,6209574,1,20-04-2010 12:00:00 +02:00,9999,"0,6",,,,Nej,,,,,3
Station,49000042,"ARRESØ, kemi",32,693898,6209574,Halsnæs,Region Hovedstaden,Sø,Arresø,21-08-1986,1,"Måledybder, Sø",Ja,Miljøstyrelsen,https://vanda.miljoeportal.dk/link/a5730bd3-3aea-437d-b633-831bde8224e0,Aktivitetssted,32,693898,6209574,1,21-08-1986 09:00:00 +02:00,"3,6","0,2",,,,Nej,,,,,2
Station,49000042,"ARRESØ, kemi",32,693898,6209574,Halsnæs,Region Hovedstaden,Sø,Arresø,21-08-2001,1,"Måledybder, Sø",Ja,Miljøstyrelsen,https://vanda.miljoeportal.dk/link/cf75e348-f5a8-4749-b9bc-590fc53b0e24,Aktivitetssted,32,693898,6209574,1,21-08-2001 11:15:00 +02:00,"4,6","0,5",,,,Nej,,,,,2
Station,49000042,"ARRESØ, kemi",32,693898,6209574,Halsnæs,Region Hovedstaden,Sø,Arresø,15-10-2008,1,"Måledybder, Sø",Ja,Miljøstyrelsen,https://vanda.miljoeportal.dk/link/e201ff0c-e7f2-4b4c-bcea-255ce9126241,Aktivitetssted,32,693898,6209574,1,15-10-2008 10:30:00 +02:00,"4,3","0,45",,,,Nej,,,,,2
Station,49000042,"ARRESØ, kemi",32,693898,6209574,Halsnæs,Region Hovedstaden,Sø,Arresø,8/12/88,1,"Måledybder, Sø",Ja,Miljøstyrelsen,https://vanda.miljoeportal.dk/link/fa252633-cd0d-4013-a1a8-ef36a4066e82,Aktivitetssted,32,693898,6209574,1,08-12-1988 09:00:00 +01:00,"4,8","0,4",,,,Nej,,,,,2
Station,49000042,"ARRESØ, kemi",32,693898,6209574,Halsnæs,Region Hovedstaden,Sø,Arresø,2/6/93,1,"Måledybder, Sø",Ja,Miljøstyrelsen,https://vanda.miljoeportal.dk/link/b84a1c43-25fa-48fd-815e-f3672128c3e3,Aktivitetssted,32,693898,6209574,1,02-06-1993 10:30:00 +02:00,"4,5","0,2",,,,Nej,,,,,2
Station,49000042,"ARRESØ, kemi",32,693898,6209574,Halsnæs,Region Hovedstaden,Sø,Arresø,3/5/77,1,"Måledybder, Sø",Ja,Miljøstyrelsen,https://vanda.miljoeportal.dk/link/9333e3f1-ed27-40c1-a48c-31929843eab5,Aktivitetssted,32,693898,6209574,1,03-05-1977 09:00:00 +01:00,9999,"0,3",,,,Nej,,,,,2
Station,49000042,"ARRESØ, kemi",32,693898,6209574,Halsnæs,Region Hovedstaden,Sø,Arresø,24-06-1998,1,"Måledybder, Sø",Ja,Miljøstyrelsen,https://vanda.miljoeportal.dk/link/010aed52-957e-474b-b0a5-3b914c7dbb81,Aktivitetssted,32,693898,6209574,1,24-06-1998 11:50:00 +02:00,"4,9","0,4",,,,Nej,,,,,2
Station,49000042,"ARRESØ, kemi",32,693898,6209574,Halsnæs,Region Hovedstaden,Sø,Arresø,19-10-2009,1,"Måledybder, Sø",Ja,Miljøstyrelsen,https://vanda.miljoeportal.dk/link/04529f7a-491d-41d2-b6e4-7d571bd4d6bd,Aktivitetssted,32,693898,6209574,1,19-10-2009 12:00:00 +02:00,"4,5","0,5",,,,Nej,,,,,2
Station,49000042,"ARRESØ, kemi",32,693898,6209574,Halsnæs,Region Hovedstaden,Sø,Arresø,2/11/99,1,"Måledybder, Sø",Ja,Miljøstyrelsen,https://vanda.miljoeportal.dk/link/8a1ceb36-df8e-4174-8765-c12dead77e45,Aktivitetssted,32,693898,6209574,1,02-11-1999 10:35:00 +01:00,"4,8","0,5",,,,Nej,,,,,2
Station,49000042,"ARRESØ, kemi",32,693898,6209574,Halsnæs,Region Hovedstaden,Sø,Arresø,25-03-1998,1,"Måledybder, Sø",Ja,Miljøstyrelsen,https://vanda.miljoeportal.dk/link/4de77352-0361-4b75-bb27-9e45fa4ea601,Aktivitetssted,32,693898,6209574,1,25-03-1998 11:00:00 +01:00,"4,9","0,5",,,,Nej,,,,,2
Station,49000042,"ARRESØ, kemi",32,693898,6209574,Halsnæs,Region Hovedstaden,Sø,Arresø,18-03-1997,1,"Måledybder, Sø",Ja,Miljøstyrelsen,https://vanda.miljoeportal.dk/link/8cacfdee-9570-497a-bfa8-412367dd4b14,Aktivitetssted,32,693898,6209574,1,18-03-1997 10:00:00 +01:00,"4,5","0,5",,,,Nej,,,,,2
Station,49000042,"ARRESØ, kemi",32,693898,6209574,Halsnæs,Region Hovedstaden,Sø,Arresø,29-04-1985,1,"Måledybder, Sø",Ja,Miljøstyrelsen,https://vanda.miljoeportal.dk/link/01f648dd-39f5-4197-8d40-2d6301ebbb6d,Aktivitetssted,32,693898,6209574,1,29-04-1985 09:40:00 +02:00,"4,5","0,5",,,,Nej,,,,,2
Station,49000042,"ARRESØ, kemi",32,693898,6209574,Halsnæs,Region Hovedstaden,Sø,Arresø,25-07-1985,1,"Måledybder, Sø",Ja,Miljøstyrelsen,https://vanda.miljoeportal.dk/link/e35c8ad8-5761-435c-bc37-3fa84405117c,Aktivitetssted,32,693898,6209574,1,25-07-1985 09:00:00 +02:00,4,"0,4",,,,Nej,,,,,2
Station,49000042,"ARRESØ, kemi",32,693898,6209574,Halsnæs,Region Hovedstaden,Sø,Arresø,7/8/24,1,"Måledybder, Sø",Ja,Miljøstyrelsen,https://vanda.miljoeportal.dk/link/aa5b4221-3e56-43b6-a9b7-251b0b2cab5a,49000042,32,"6,938,980,170,014,180","6,209,573,957,434,570",1,07-08-2024 10:37:13 +02:00,"4,5","0,35",,,,Nej,,,,,2
Station,49000042,"ARRESØ, kemi",32,693898,6209574,Halsnæs,Region Hovedstaden,Sø,Arresø,27-04-1976,1,"Måledybder, Sø",Ja,Miljøstyrelsen,https://vanda.miljoeportal.dk/link/dba2f586-d602-4241-a4e4-7656745a8b04,Aktivitetssted,32,693898,6209574,1,27-04-1976 09:00:00 +01:00,9999,"0,1",,,,Nej,,,,,2
Station,49000042,"ARRESØ, kemi",32,693898,6209574,Halsnæs,Region Hovedstaden,Sø,Arresø,10/2/94,1,"Måledybder, Sø",Ja,Miljøstyrelsen,https://vanda.miljoeportal.dk/link/775d7a2e-18cb-4523-b699-07857553a1a6,Aktivitetssted,32,693898,6209574,1,10-02-1994 11:15:00 +01:00,"4,9","0,3",,,,Nej,,,,,2
Station,49000042,"ARRESØ, kemi",32,693898,6209574,Halsnæs,Region Hovedstaden,Sø,Arresø,2/8/78,1,"Måledybder, Sø",Ja,Miljøstyrelsen,https://vanda.miljoeportal.dk/link/ecbdffbc-39a8-4b23-a7b8-3a36b81c6e0b,Aktivitetssted,32,693898,6209574,1,02-08-1978 09:00:00 +01:00,9999,"0,4",,,,Nej,,,,,2
Station,49000042,"ARRESØ, kemi",32,693898,6209574,Halsnæs,Region Hovedstaden,Sø,Arresø,11/11/09,1,"Måledybder, Sø",Ja,Miljøstyrelsen,https://vanda.miljoeportal.dk/link/3057af2c-5ebb-4b1a-99bb-032d832d02e6,Aktivitetssted,32,693898,6209574,1,11-11-2009 12:00:00 +01:00,"4,5","0,5",,,,Nej,,,,,2
Station,49000042,"ARRESØ, kemi",32,693898,6209574,Halsnæs,Region Hovedstaden,Sø,Arresø,27-09-2016,1,"Måledybder, Sø",Ja,Miljøstyrelsen,https://vanda.miljoeportal.dk/link/b6c6ea67-b2c9-40e4-9b94-651b4877be09,Aktivitetssted,32,693898,6209574,1,27-09-2016 10:30:00 +02:00,"4,5","0,65",,,,Nej,,,,,3
Station,49000042,"ARRESØ, kemi",32,693898,6209574,Halsnæs,Region Hovedstaden,Sø,Arresø,19-11-2018,1,"Måledybder, Sø",Ja,Miljøstyrelsen,https://vanda.miljoeportal.dk/link/7f153bd8-97f7-4059-95d1-35e99d7834b3,Aktivitetssted,32,693898,6209574,1,19-11-2018 10:30:00 +01:00,"4,7","0,5",,,,Nej,,,,,3
Station,49000042,"ARRESØ, kemi",32,693898,6209574,Halsnæs,Region Hovedstaden,Sø,Arresø,10/4/79,1,"Måledybder, Sø",Ja,Miljøstyrelsen,https://vanda.miljoeportal.dk/link/36fb0197-c11b-49de-ad20-fbfc7f6d52db,Aktivitetssted,32,693898,6209574,1,10-04-1979 09:00:00 +01:00,9999,"0,4",,,,Nej,,,,,2
Station,49000042,"ARRESØ, kemi",32,693898,6209574,Halsnæs,Region Hovedstaden,Sø,Arresø,5/11/13,1,"Måledybder, Sø",Ja,Miljøstyrelsen,https://vanda.miljoeportal.dk/link/57737e6a-de62-4ffa-9173-e5a9fc4f3bee,Aktivitetssted,32,693898,6209574,1,05-11-2013 09:30:00 +01:00,"4,8","0,5",,,,Nej,,,,,2
Station,49000042,"ARRESØ, kemi",32,693898,6209574,Halsnæs,Region Hovedstaden,Sø,Arresø,11/1/90,1,"Måledybder, Sø",Ja,Miljøstyrelsen,https://vanda.miljoeportal.dk/link/c3f62f38-f5ab-4649-a34a-2ee6328bd591,Aktivitetssted,32,693898,6209574,1,11-01-1990 10:00:00 +01:00,3,"0,4",,,,Nej,,,,,2
Station,49000042,"ARRESØ, kemi",32,693898,6209574,Halsnæs,Region Hovedstaden,Sø,Arresø,12/9/16,1,"Måledybder, Sø",Ja,Miljøstyrelsen,https://vanda.miljoeportal.dk/link/326ac404-ba19-46d1-b888-d3617f1edde2,Aktivitetssted,32,693898,6209574,1,12-09-2016 10:56:00 +02:00,"4,5","0,6",,,,Nej,,,,,3
Station,49000042,"ARRESØ, kemi",32,693898,6209574,Halsnæs,Region Hovedstaden,Sø,Arresø,17-09-2018,1,"Måledybder, Sø",Ja,Miljøstyrelsen,https://vanda.miljoeportal.dk/link/83e4dbc5-95ef-4a65-9565-9b68452abf6d,Aktivitetssted,32,693898,6209574,1,17-09-2018 10:00:00 +02:00,"4,2","0,3",,,,Nej,,,,,3
Station,49000042,"ARRESØ, kemi",32,693898,6209574,Halsnæs,Region Hovedstaden,Sø,Arresø,30-11-1999,1,"Måledybder, Sø",Ja,Miljøstyrelsen,https://vanda.miljoeportal.dk/link/257c837c-ef2b-4560-bfb2-c366caac328a,Aktivitetssted,32,693898,6209574,1,30-11-1999 10:20:00 +01:00,"4,7","0,6",,,,Nej,,,,,2
Station,49000042,"ARRESØ, kemi",32,693898,6209574,Halsnæs,Region Hovedstaden,Sø,Arresø,18-10-1994,1,"Måledybder, Sø",Ja,Miljøstyrelsen,https://vanda.miljoeportal.dk/link/77d04350-0133-44d1-b0ec-4e634c8389a0,Aktivitetssted,32,693898,6209574,1,18-10-1994 11:00:00 +01:00,"4,3","0,2",,,,Nej,,,,,2
Station,49000042,"ARRESØ, kemi",32,693898,6209574,Halsnæs,Region Hovedstaden,Sø,Arresø,15-08-2000,1,"Måledybder, Sø",Ja,Miljøstyrelsen,https://vanda.miljoeportal.dk/link/c7362caf-a355-4a4c-84ff-ed4d952d3bd4,Aktivitetssted,32,693898,6209574,1,15-08-2000 10:15:00 +02:00,"4,5","0,5",,,,Nej,,,,,2
Station,49000042,"ARRESØ, kemi",32,693898,6209574,Halsnæs,Region Hovedstaden,Sø,Arresø,23-05-2011,1,"Måledybder, Sø",Ja,Miljøstyrelsen,https://vanda.miljoeportal.dk/link/6c3baa26-d6f4-4d05-994e-2d207926350d,Aktivitetssted,32,693898,6209574,1,23-05-2011 11:00:00 +02:00,"4,5","0,35",,,,Nej,,,,,2
Station,49000042,"ARRESØ, kemi",32,693898,6209574,Halsnæs,Region Hovedstaden,Sø,Arresø,7/2/24,1,"Måledybder, Sø",Ja,Miljøstyrelsen,https://vanda.miljoeportal.dk/link/d8b88ad2-da02-45b1-aef9-232ad5eea603,Aktivitetssted,32,"6,938,979,998,364,560","6,209,574,003,611,640",1,07-02-2024 11:00:00 +01:00,"4,5","0,4",,,,Nej,,,,,2
Station,49000042,"ARRESØ, kemi",32,693898,6209574,Halsnæs,Region Hovedstaden,Sø,Arresø,29-04-2010,1,"Måledybder, Sø",Ja,Miljøstyrelsen,https://vanda.miljoeportal.dk/link/7620ee9a-993e-40c0-bf80-f2734d4ae306,Aktivitetssted,32,693898,6209574,1,29-04-2010 12:30:00 +02:00,"4,8","0,55",,,,Nej,,,,,2
Station,49000042,"ARRESØ, kemi",32,693898,6209574,Halsnæs,Region Hovedstaden,Sø,Arresø,11/5/05,1,"Måledybder, Sø",Ja,Miljøstyrelsen,https://vanda.miljoeportal.dk/link/270f818c-1de3-49a7-9965-1160edec969c,Aktivitetssted,32,693898,6209574,1,11-05-2005 12:45:00 +02:00,"4,9","0,62",,,,Nej,,,,,2
Station,49000042,"ARRESØ, kemi",32,693898,6209574,Halsnæs,Region Hovedstaden,Sø,Arresø,3/4/02,1,"Måledybder, Sø",Ja,Miljøstyrelsen,https://vanda.miljoeportal.dk/link/208b1efd-4e07-4bff-a3f4-8fbb1fa58872,Aktivitetssted,32,693898,6209574,1,03-04-2002 10:45:00 +02:00,"5,1","0,9",,,,Nej,,,,,2
Station,49000042,"ARRESØ, kemi",32,693898,6209574,Halsnæs,Region Hovedstaden,Sø,Arresø,26-09-2006,1,"Måledybder, Sø",Ja,Miljøstyrelsen,https://vanda.miljoeportal.dk/link/6375658d-e377-447f-99af-59622d1b0e0d,Aktivitetssted,32,693898,6209574,1,26-09-2006 14:15:00 +02:00,"4,6","0,44",,,,Nej,,,,,2
Station,49000042,"ARRESØ, kemi",32,693898,6209574,Halsnæs,Region Hovedstaden,Sø,Arresø,9/9/14,1,"Måledybder, Sø",Ja,Miljøstyrelsen,https://vanda.miljoeportal.dk/link/a97007c2-a47b-4a87-adca-6305d65c8dc9,Aktivitetssted,32,693898,6209574,1,09-09-2014 12:00:00 +02:00,"4,6","0,4",,,,Nej,,,,,3
Station,49000042,"ARRESØ, kemi",32,693898,6209574,Halsnæs,Region Hovedstaden,Sø,Arresø,3/10/01,1,"Måledybder, Sø",Ja,Miljøstyrelsen,https://vanda.miljoeportal.dk/link/0d8b2d9f-fffc-461b-9180-c90c542c5b01,Aktivitetssted,32,693898,6209574,1,03-10-2001 11:00:00 +02:00,"4,8","1,1",,,,Nej,,,,,2
Station,49000042,"ARRESØ, kemi",32,693898,6209574,Halsnæs,Region Hovedstaden,Sø,Arresø,22-06-2004,1,"Måledybder, Sø",Ja,Miljøstyrelsen,https://vanda.miljoeportal.dk/link/f238c943-275d-4fbb-932f-8daaf0b08e7b,Aktivitetssted,32,693898,6209574,1,22-06-2004 11:30:00 +02:00,"4,7","0,47",,,,Nej,,,,,2
Station,49000042,"ARRESØ, kemi",32,693898,6209574,Halsnæs,Region Hovedstaden,Sø,Arresø,10/3/09,1,"Måledybder, Sø",Ja,Miljøstyrelsen,https://vanda.miljoeportal.dk/link/7a16b384-6260-43a6-b43c-cbcea7bb794e,Aktivitetssted,32,693898,6209574,1,10-03-2009 11:00:00 +01:00,"4,9","0,5",,,,Nej,,,,,2
Station,49000042,"ARRESØ, kemi",32,693898,6209574,Halsnæs,Region Hovedstaden,Sø,Arresø,28-06-2010,1,"Måledybder, Sø",Ja,Miljøstyrelsen,https://vanda.miljoeportal.dk/link/4b331e2b-8373-446a-9a4b-b96572689ceb,Aktivitetssted,32,693898,6209574,1,28-06-2010 11:30:00 +02:00,"4,5","0,55",,,,Nej,,,,,2
Station,49000042,"ARRESØ, kemi",32,693898,6209574,Halsnæs,Region Hovedstaden,Sø,Arresø,10/5/76,1,"Måledybder, Sø",Ja,Miljøstyrelsen,https://vanda.miljoeportal.dk/link/bf25b37a-dc87-4802-b5cb-ac1e47b3101e,Aktivitetssted,32,693898,6209574,1,10-05-1976 09:00:00 +01:00,9999,"0,3",,,,Nej,,,,,2
Station,49000042,"ARRESØ, kemi",32,693898,6209574,Halsnæs,Region Hovedstaden,Sø,Arresø,9/1/13,1,"Måledybder, Sø",Ja,Miljøstyrelsen,https://vanda.miljoeportal.dk/link/18fd7922-c373-40c5-b8eb-2fb018781b4f,Aktivitetssted,32,693898,6209574,1,09-01-2013 10:30:00 +01:00,"4,8","0,8",,,,Nej,,,,,2
Station,49000042,"ARRESØ, kemi",32,693898,6209574,Halsnæs,Region Hovedstaden,Sø,Arresø,31-08-1999,1,"Måledybder, Sø",Ja,Miljøstyrelsen,https://vanda.miljoeportal.dk/link/0b4127ae-abd7-4b31-b4eb-a14f2bef341a,Aktivitetssted,32,693898,6209574,1,31-08-1999 11:00:00 +02:00,"4,5","0,5",,,,Nej,,,,,2
Station,49000042,"ARRESØ, kemi",32,693898,6209574,Halsnæs,Region Hovedstaden,Sø,Arresø,1/6/06,1,"Måledybder, Sø",Ja,Miljøstyrelsen,https://vanda.miljoeportal.dk/link/9f15d0d4-ca8a-49bd-a06c-ded7275eaad0,Aktivitetssted,32,693898,6209574,1,01-06-2006 11:15:00 +02:00,"4,6","0,7",,,,Nej,,,,,2
Station,49000042,"ARRESØ, kemi",32,693898,6209574,Halsnæs,Region Hovedstaden,Sø,Arresø,12/4/07,1,"Måledybder, Sø",Ja,Miljøstyrelsen,https://vanda.miljoeportal.dk/link/0858352f-a406-411d-853d-bc9081a0d34e,Aktivitetssted,32,693898,6209574,1,12-04-2007 11:00:00 +02:00,"4,9","0,4",,,,Nej,,,,,2
Station,49000042,"ARRESØ, kemi",32,693898,6209574,Halsnæs,Region Hovedstaden,Sø,Arresø,26-06-2001,1,"Måledybder, Sø",Ja,Miljøstyrelsen,https://vanda.miljoeportal.dk/link/6be116d5-1044-4a16-8f78-c326fb939e44,Aktivitetssted,32,693898,6209574,1,26-06-2001 10:30:00 +02:00,"4,8","0,5",,,,Nej,,,,,2
Station,49000042,"ARRESØ, kemi",32,693898,6209574,Halsnæs,Region Hovedstaden,Sø,Arresø,3/8/99,1,"Måledybder, Sø",Ja,Miljøstyrelsen,https://vanda.miljoeportal.dk/link/95991048-dd22-4b69-975d-c1b853c37e03,Aktivitetssted,32,693898,6209574,1,03-08-1999 12:30:00 +02:00,"4,7","0,3",,,,Nej,,,,,2
Station,49000042,"ARRESØ, kemi",32,693898,6209574,Halsnæs,Region Hovedstaden,Sø,Arresø,13-07-1998,1,"Måledybder, Sø",Ja,Miljøstyrelsen,https://vanda.miljoeportal.dk/link/1aab906b-1b5b-4401-9f18-2a3defde91cc,Aktivitetssted,32,693898,6209574,1,13-07-1998 10:20:00 +02:00,"4,7","0,5",,,,Nej,,,,,2
Station,49000042,"ARRESØ, kemi",32,693898,6209574,Halsnæs,Region Hovedstaden,Sø,Arresø,15-05-1990,1,"Måledybder, Sø",Ja,Miljøstyrelsen,https://vanda.miljoeportal.dk/link/850f5475-7f9a-49e9-867b-8e4777f4792c,Aktivitetssted,32,693898,6209574,1,15-05-1990 10:00:00 +02:00,"4,7","0,6",,,,Nej,,,,,2
Station,49000042,"ARRESØ, kemi",32,693898,6209574,Halsnæs,Region Hovedstaden,Sø,Arresø,2/12/76,1,"Måledybder, Sø",Ja,Miljøstyrelsen,https://vanda.miljoeportal.dk/link/cfaa91f2-ee0b-4cc3-b74d-19bc481b8432,Aktivitetssted,32,693898,6209574,1,02-12-1976 09:00:00 +01:00,9999,"0,2",,,,Nej,,,,,2
Station,49000042,"ARRESØ, kemi",32,693898,6209574,Halsnæs,Region Hovedstaden,Sø,Arresø,28-05-2018,1,"Måledybder, Sø",Ja,Miljøstyrelsen,https://vanda.miljoeportal.dk/link/ab71d733-ffc0-4188-82d8-1b5d6e3adc09,Aktivitetssted,32,693898,6209574,1,28-05-2018 09:30:00 +02:00,"3,8","0,5",,,,Nej,,,,,3
Station,49000042,"ARRESØ, kemi",32,693898,6209574,Halsnæs,Region Hovedstaden,Sø,Arresø,16-08-2007,1,"Måledybder, Sø",Ja,Miljøstyrelsen,https://vanda.miljoeportal.dk/link/f25f11bb-a627-4062-816a-213596acc671,Aktivitetssted,32,693898,6209574,1,16-08-2007 11:00:00 +02:00,"4,8","0,4",,,,Nej,,,,,2
Station,49000042,"ARRESØ, kemi",32,693898,6209574,Halsnæs,Region Hovedstaden,Sø,Arresø,15-05-2001,1,"Måledybder, Sø",Ja,Miljøstyrelsen,https://vanda.miljoeportal.dk/link/a1f18e4d-7832-4835-969b-999e40b2b9b0,Aktivitetssted,32,693898,6209574,1,15-05-2001 10:40:00 +02:00,5,"0,6",,,,Nej,,,,,2
Station,49000042,"ARRESØ, kemi",32,693898,6209574,Halsnæs,Region Hovedstaden,Sø,Arresø,1/7/14,1,"Måledybder, Sø",Ja,Miljøstyrelsen,https://vanda.miljoeportal.dk/link/01a12721-80c2-4c21-89d1-9b8b7dc26637,Aktivitetssted,32,693898,6209574,1,01-07-2014 12:30:00 +02:00,"4,5","0,6",,,,Nej,,,,,3
Station,49000042,"ARRESØ, kemi",32,693898,6209574,Halsnæs,Region Hovedstaden,Sø,Arresø,23-07-2018,1,"Måledybder, Sø",Ja,Miljøstyrelsen,https://vanda.miljoeportal.dk/link/be259d15-0732-4ed2-b73f-ab09bd044988,Aktivitetssted,32,693898,6209574,1,23-07-2018 12:30:00 +02:00,"4,4","0,4",,,,Nej,,,,,3
Station,49000042,"ARRESØ, kemi",32,693898,6209574,Halsnæs,Region Hovedstaden,Sø,Arresø,22-08-1989,1,"Måledybder, Sø",Ja,Miljøstyrelsen,https://vanda.miljoeportal.dk/link/2154da47-43eb-4892-aa50-5a2654deade4,Aktivitetssted,32,693898,6209574,1,22-08-1989 09:45:00 +02:00,4,"0,4",,,,Nej,,,,,2
Station,49000042,"ARRESØ, kemi",32,693898,6209574,Halsnæs,Region Hovedstaden,Sø,Arresø,14-07-2008,1,"Måledybder, Sø",Ja,Miljøstyrelsen,https://vanda.miljoeportal.dk/link/4c77a414-c81f-45cd-94e7-ad6b15f90f66,Aktivitetssted,32,693898,6209574,1,14-07-2008 10:30:00 +02:00,"4,4","0,45",,,,Nej,,,,,2
Station,49000042,"ARRESØ, kemi",32,693898,6209574,Halsnæs,Region Hovedstaden,Sø,Arresø,27-09-2005,1,"Måledybder, Sø",Ja,Miljøstyrelsen,https://vanda.miljoeportal.dk/link/8e58f4f1-09ef-458a-9176-c9b23b535e7d,Aktivitetssted,32,693898,6209574,1,27-09-2005 09:00:00 +02:00,"4,3","0,52",,,,Nej,,,,,2
Station,49000095,ARRESØ ST A,32,692735,6209960,Halsnæs,Region Hovedstaden,Sø,Arresø,11/11/09,1,"Måledybder, Sø",Ja,Miljøstyrelsen,https://vanda.miljoeportal.dk/link/f3097cb2-78f9-498d-b5c3-ac9f5dc31bcb,Aktivitetssted,32,692735,6209960,1,11-11-2009 10:00:00 +01:00,4,,,,,,,,,,2
Station,49000042,"ARRESØ, kemi",32,693898,6209574,Halsnæs,Region Hovedstaden,Sø,Arresø,9/11/05,1,"Måledybder, Sø",Ja,Miljøstyrelsen,https://vanda.miljoeportal.dk/link/74ab870d-0e75-4a7a-8b13-6545d315f257,Aktivitetssted,32,693898,6209574,1,09-11-2005 10:00:00 +01:00,"4,7","0,56",,,,Nej,,,,,2
Station,49000042,"ARRESØ, kemi",32,693898,6209574,Halsnæs,Region Hovedstaden,Sø,Arresø,27-10-2022,1,"Måledybder, Sø",Ja,Miljøstyrelsen,https://vanda.miljoeportal.dk/link/6ebd7d19-7cc2-4a8c-a529-073b6ee8ed06,Aktivitetssted,32,"6,938,979,998,364,560","6,209,574,003,611,640",1,27-10-2022 11:05:00 +02:00,"4,5","0,7",,,,Nej,,,,,2
Station,49000042,"ARRESØ, kemi",32,693898,6209574,Halsnæs,Region Hovedstaden,Sø,Arresø,15-07-1987,1,"Måledybder, Sø",Ja,Miljøstyrelsen,https://vanda.miljoeportal.dk/link/abd1b1cd-90d4-4ee0-8386-eb13d5971dc1,Aktivitetssted,32,693898,6209574,1,15-07-1987 09:00:00 +02:00,"4,1","0,4",,,,Nej,,,,,2
Station,49000042,"ARRESØ, kemi",32,693898,6209574,Halsnæs,Region Hovedstaden,Sø,Arresø,28-05-1973,1,"Måledybder, Sø",Ja,Miljøstyrelsen,https://vanda.miljoeportal.dk/link/29e3879c-b785-46c6-a27d-7ad5f1c92692,Aktivitetssted,32,693898,6209574,1,28-05-1973 09:00:00 +01:00,9999,"0,5",,,,Nej,,,,,2
Station,49000042,"ARRESØ, kemi",32,693898,6209574,Halsnæs,Region Hovedstaden,Sø,Arresø,25-03-2003,1,"Måledybder, Sø",Ja,Miljøstyrelsen,https://vanda.miljoeportal.dk/link/9841a64b-813b-4ca4-a203-4f7860e7762e,Aktivitetssted,32,693898,6209574,1,25-03-2003 12:40:00 +01:00,5,"0,9",,,,Nej,,,,,2
Station,49000042,"ARRESØ, kemi",32,693898,6209574,Halsnæs,Region Hovedstaden,Sø,Arresø,16-09-2014,1,"Måledybder, Sø",Ja,Miljøstyrelsen,https://vanda.miljoeportal.dk/link/7065e04c-a29e-4401-842c-21b2954a502b,Aktivitetssted,32,693898,6209574,1,16-09-2014 10:30:00 +02:00,"4,4","0,5",,,,Nej,,,,,3
Station,49000042,"ARRESØ, kemi",32,693898,6209574,Halsnæs,Region Hovedstaden,Sø,Arresø,30-06-1992,1,"Måledybder, Sø",Ja,Miljøstyrelsen,https://vanda.miljoeportal.dk/link/cc207283-8d0b-4112-a370-fd4621c538a6,Aktivitetssted,32,693898,6209574,1,30-06-1992 10:30:00 +02:00,"4,7","0,4",,,,Nej,,,,,2
Station,49000042,"ARRESØ, kemi",32,693898,6209574,Halsnæs,Region Hovedstaden,Sø,Arresø,23-06-2005,1,"Måledybder, Sø",Ja,Miljøstyrelsen,https://vanda.miljoeportal.dk/link/0eb811e2-047a-4861-a402-9e5409a4e879,Aktivitetssted,32,693898,6209574,1,23-06-2005 11:00:00 +02:00,"4,7","0,47",,,,Nej,,,,,2
Station,49000042,"ARRESØ, kemi",32,693898,6209574,Halsnæs,Region Hovedstaden,Sø,Arresø,26-02-1986,1,"Måledybder, Sø",Ja,Miljøstyrelsen,https://vanda.miljoeportal.dk/link/32acac1c-5c73-4703-9b32-c165e8612adf,Aktivitetssted,32,693898,6209574,1,26-02-1986 09:00:00 +01:00,"4,8","0,8",,,,Nej,,,,,2
Station,49000042,"ARRESØ, kemi",32,693898,6209574,Halsnæs,Region Hovedstaden,Sø,Arresø,3/1/01,1,"Måledybder, Sø",Ja,Miljøstyrelsen,https://vanda.miljoeportal.dk/link/54c0a114-7dd6-4c0a-8777-5dc0c38c2584,Aktivitetssted,32,693898,6209574,1,03-01-2001 10:40:00 +01:00,"5,1","0,8",,,,Nej,,,,,2
Station,49000042,"ARRESØ, kemi",32,693898,6209574,Halsnæs,Region Hovedstaden,Sø,Arresø,3/5/01,1,"Måledybder, Sø",Ja,Miljøstyrelsen,https://vanda.miljoeportal.dk/link/d1a18d2a-44ba-40ff-ab63-3bf660c8fdfc,Aktivitetssted,32,693898,6209574,1,03-05-2001 10:40:00 +02:00,"5,2","0,6",,,,Nej,,,,,2
Station,49000042,"ARRESØ, kemi",32,693898,6209574,Halsnæs,Region Hovedstaden,Sø,Arresø,2/5/24,1,"Måledybder, Sø",Ja,Miljøstyrelsen,https://vanda.miljoeportal.dk/link/47d41e9b-84a7-4eb0-a810-54104adf1046,49000042,32,"6,938,980,170,014,180","6,209,573,957,434,570",1,02-05-2024 10:36:46 +02:00,"4,3","0,6",,,,Nej,,,,,2
Station,49000042,"ARRESØ, kemi",32,693898,6209574,Halsnæs,Region Hovedstaden,Sø,Arresø,30-04-1987,1,"Måledybder, Sø",Ja,Miljøstyrelsen,https://vanda.miljoeportal.dk/link/a800ac20-3cd3-4e5e-878d-785d568e57cf,Aktivitetssted,32,693898,6209574,1,30-04-1987 09:00:00 +02:00,"4,3","0,5",,,,Nej,,,,,2
Station,49000042,"ARRESØ, kemi",32,693898,6209574,Halsnæs,Region Hovedstaden,Sø,Arresø,16-07-2020,1,"Måledybder, Sø",Ja,Miljøstyrelsen,https://vanda.miljoeportal.dk/link/7ea58bcb-8e87-4a01-8a91-81e5205cef12,Aktivitetssted,32,693898,6209574,1,16-07-2020 09:30:00 +02:00,"4,5","0,4",,,,Nej,,,,,2
Station,49000042,"ARRESØ, kemi",32,693898,6209574,Halsnæs,Region Hovedstaden,Sø,Arresø,23-03-1977,1,"Måledybder, Sø",Ja,Miljøstyrelsen,https://vanda.miljoeportal.dk/link/6bd4b699-4782-41ca-8de1-6016c15b99f1,Aktivitetssted,32,693898,6209574,1,23-03-1977 09:00:00 +01:00,9999,"0,3",,,,Nej,,,,,2
Station,49000042,"ARRESØ, kemi",32,693898,6209574,Halsnæs,Region Hovedstaden,Sø,Arresø,27-07-1989,1,"Måledybder, Sø",Ja,Miljøstyrelsen,https://vanda.miljoeportal.dk/link/5293510a-b641-4513-8d08-9ddbd5d19dc1,Aktivitetssted,32,693898,6209574,1,27-07-1989 10:20:00 +02:00,"4,5","0,6",,,,Nej,,,,,2
Station,49000042,"ARRESØ, kemi",32,693898,6209574,Halsnæs,Region Hovedstaden,Sø,Arresø,23-05-1990,1,"Måledybder, Sø",Ja,Miljøstyrelsen,https://vanda.miljoeportal.dk/link/0302c014-8604-4694-a955-84cf66c21d5a,Aktivitetssted,32,693898,6209574,1,23-05-1990 10:30:00 +02:00,"4,5","0,7",,,,Nej,,,,,2
Station,49000042,"ARRESØ, kemi",32,693898,6209574,Halsnæs,Region Hovedstaden,Sø,Arresø,6/2/02,1,"Måledybder, Sø",Ja,Miljøstyrelsen,https://vanda.miljoeportal.dk/link/56b7eec9-53a2-4e68-ae62-23625554b921,Aktivitetssted,32,693898,6209574,1,06-02-2002 10:15:00 +01:00,"5,2","0,7",,,,Nej,,,,,2
Station,49000042,"ARRESØ, kemi",32,693898,6209574,Halsnæs,Region Hovedstaden,Sø,Arresø,14-04-2004,1,"Måledybder, Sø",Ja,Miljøstyrelsen,https://vanda.miljoeportal.dk/link/d50bdba1-4255-4c64-9a41-3209a2cb3bfc,Aktivitetssted,32,693898,6209574,1,14-04-2004 12:00:00 +02:00,"5,2","0,85",,,,Nej,,,,,2
Station,49000042,"ARRESØ, kemi",32,693898,6209574,Halsnæs,Region Hovedstaden,Sø,Arresø,14-12-2022,1,"Måledybder, Sø",Ja,Miljøstyrelsen,https://vanda.miljoeportal.dk/link/1f675fb4-8875-4064-8c31-622d2a85404f,Aktivitetssted,32,"6,938,979,998,364,560","6,209,574,003,611,640",1,14-12-2022 10:30:00 +01:00,"4,8","0,9",,,,Nej,,,,,2
Station,49000042,"ARRESØ, kemi",32,693898,6209574,Halsnæs,Region Hovedstaden,Sø,Arresø,11/7/16,1,"Måledybder, Sø",Ja,Miljøstyrelsen,https://vanda.miljoeportal.dk/link/9493e191-9fa7-4a0f-a884-c2a9ca7df2c7,Aktivitetssted,32,693898,6209574,1,11-07-2016 10:00:00 +02:00,"4,3","0,7",,,,Nej,,,,,3
Station,49000042,"ARRESØ, kemi",32,693898,6209574,Halsnæs,Region Hovedstaden,Sø,Arresø,12/5/11,1,"Måledybder, Sø",Ja,Miljøstyrelsen,https://vanda.miljoeportal.dk/link/718f4a89-58b5-4bbb-aaa1-7fd84a48f302,Aktivitetssted,32,693898,6209574,1,12-05-2011 13:00:00 +02:00,"4,6","0,35",,,,Nej,,,,,2
Station,49000042,"ARRESØ, kemi",32,693898,6209574,Halsnæs,Region Hovedstaden,Sø,Arresø,6/10/98,1,"Måledybder, Sø",Ja,Miljøstyrelsen,https://vanda.miljoeportal.dk/link/2d80b095-696b-4d3d-9597-cca62a9164ed,Aktivitetssted,32,693898,6209574,1,06-10-1998 11:10:00 +02:00,"4,7","0,4",,,,Nej,,,,,2
Station,49000042,"ARRESØ, kemi",32,693898,6209574,Halsnæs,Region Hovedstaden,Sø,Arresø,30-07-1991,1,"Måledybder, Sø",Ja,Miljøstyrelsen,https://vanda.miljoeportal.dk/link/9f790fd3-ebac-4d76-9135-bcd5e5757bf6,Aktivitetssted,32,693898,6209574,1,30-07-1991 10:00:00 +02:00,"4,4","0,6",,,,Nej,,,,,2
Station,49000042,"ARRESØ, kemi",32,693898,6209574,Halsnæs,Region Hovedstaden,Sø,Arresø,22-09-2008,1,"Måledybder, Sø",Ja,Miljøstyrelsen,https://vanda.miljoeportal.dk/link/71fb92fb-58e8-461e-92f5-9d7eb101dd60,Aktivitetssted,32,693898,6209574,1,22-09-2008 11:00:00 +02:00,"4,4","0,4",,,,Nej,,,,,2
Station,49000042,"ARRESØ, kemi",32,693898,6209574,Halsnæs,Region Hovedstaden,Sø,Arresø,4/9/02,1,"Måledybder, Sø",Ja,Miljøstyrelsen,https://vanda.miljoeportal.dk/link/74ee46c8-bef2-420e-945e-b9815d0441f0,Aktivitetssted,32,693898,6209574,1,04-09-2002 10:00:00 +02:00,"4,7","0,55",,,,Nej,,,,,2
Station,49000042,"ARRESØ, kemi",32,693898,6209574,Halsnæs,Region Hovedstaden,Sø,Arresø,23-08-1978,1,"Måledybder, Sø",Ja,Miljøstyrelsen,https://vanda.miljoeportal.dk/link/910e3101-44a5-4c0b-ac80-af4e31b4a702,Aktivitetssted,32,693898,6209574,1,23-08-1978 09:00:00 +01:00,9999,"0,4",,,,Nej,,,,,2
Station,49000042,"ARRESØ, kemi",32,693898,6209574,Halsnæs,Region Hovedstaden,Sø,Arresø,5/9/95,1,"Måledybder, Sø",Ja,Miljøstyrelsen,https://vanda.miljoeportal.dk/link/a1e1f7c0-f9a9-4045-bba8-ce6c2df6c736,Aktivitetssted,32,693898,6209574,1,05-09-1995 11:00:00 +02:00,"4,5","0,4",,,,Nej,,,,,2
Station,49000042,"ARRESØ, kemi",32,693898,6209574,Halsnæs,Region Hovedstaden,Sø,Arresø,2/6/20,1,"Måledybder, Sø",Ja,Miljøstyrelsen,https://vanda.miljoeportal.dk/link/f71c4f2d-c436-4724-974d-e647f9ff78a2,Aktivitetssted,32,693898,6209574,1,02-06-2020 11:50:00 +02:00,"4,5","0,3",,,,Nej,,,,,2
Station,49000042,"ARRESØ, kemi",32,693898,6209574,Halsnæs,Region Hovedstaden,Sø,Arresø,7/5/96,1,"Måledybder, Sø",Ja,Miljøstyrelsen,https://vanda.miljoeportal.dk/link/aec6ec71-b084-4862-bd7e-d80574a535d9,Aktivitetssted,32,693898,6209574,1,07-05-1996 10:45:00 +02:00,"4,7","0,3",,,,Nej,,,,,2
Station,49000042,"ARRESØ, kemi",32,693898,6209574,Halsnæs,Region Hovedstaden,Sø,Arresø,1/6/77,1,"Måledybder, Sø",Ja,Miljøstyrelsen,https://vanda.miljoeportal.dk/link/d755ffd1-b656-4f12-8f1f-ac7a2d5defbb,Aktivitetssted,32,693898,6209574,1,01-06-1977 09:00:00 +01:00,9999,"0,3",,,,Nej,,,,,2
Station,49000042,"ARRESØ, kemi",32,693898,6209574,Halsnæs,Region Hovedstaden,Sø,Arresø,22-05-1986,1,"Måledybder, Sø",Ja,Miljøstyrelsen,https://vanda.miljoeportal.dk/link/47f028fd-2644-4e03-b80d-c982e85a6491,Aktivitetssted,32,693898,6209574,1,22-05-1986 09:00:00 +02:00,"4,5","0,2",,,,Nej,,,,,2
Station,49000042,"ARRESØ, kemi",32,693898,6209574,Halsnæs,Region Hovedstaden,Sø,Arresø,7/10/03,1,"Måledybder, Sø",Ja,Miljøstyrelsen,https://vanda.miljoeportal.dk/link/8a7741cd-f240-4037-956e-3a4b669b0bee,Aktivitetssted,32,693898,6209574,1,07-10-2003 11:00:00 +02:00,"4,7","0,5",,,,Nej,,,,,2
Station,49000042,"ARRESØ, kemi",32,693898,6209574,Halsnæs,Region Hovedstaden,Sø,Arresø,20-10-1987,1,"Måledybder, Sø",Ja,Miljøstyrelsen,https://vanda.miljoeportal.dk/link/5f58ba3d-6680-4758-9b15-79db5f4f56c6,Aktivitetssted,32,693898,6209574,1,20-10-1987 09:00:00 +01:00,"4,3","0,4",,,,Nej,,,,,2
Station,49000042,"ARRESØ, kemi",32,693898,6209574,Halsnæs,Region Hovedstaden,Sø,Arresø,10/3/08,1,"Måledybder, Sø",Ja,Miljøstyrelsen,https://vanda.miljoeportal.dk/link/49adb310-2285-462d-b07b-8ebcf594d27f,Aktivitetssted,32,693898,6209574,1,10-03-2008 11:00:00 +01:00,"4,9","0,6",,,,Nej,,,,,2
Station,49000042,"ARRESØ, kemi",32,693898,6209574,Halsnæs,Region Hovedstaden,Sø,Arresø,3/9/24,1,"Måledybder, Sø",Ja,Miljøstyrelsen,https://vanda.miljoeportal.dk/link/4cdb4347-9efb-4eb7-8a11-efda386e9528,49000042,32,"6,938,980,170,014,180","6,209,573,957,434,570",1,03-09-2024 11:44:51 +02:00,4,"0,4",,,,Nej,,,,,2
Station,49000042,"ARRESØ, kemi",32,693898,6209574,Halsnæs,Region Hovedstaden,Sø,Arresø,14-01-2008,1,"Måledybder, Sø",Ja,Miljøstyrelsen,https://vanda.miljoeportal.dk/link/1cb9ea4d-277c-4b10-99fd-d1959a4f5033,Aktivitetssted,32,693898,6209574,1,14-01-2008 11:30:00 +01:00,"4,6","0,55",,,,Nej,,,,,2
Station,49000042,"ARRESØ, kemi",32,693898,6209574,Halsnæs,Region Hovedstaden,Sø,Arresø,17-08-2010,1,"Måledybder, Sø",Ja,Miljøstyrelsen,https://vanda.miljoeportal.dk/link/0f4b9d25-c5a0-449a-8bca-c1b14cdec693,Aktivitetssted,32,693898,6209574,1,17-08-2010 10:00:00 +02:00,"4,5","0,5",,,,Nej,,,,,2
Station,49000042,"ARRESØ, kemi",32,693898,6209574,Halsnæs,Region Hovedstaden,Sø,Arresø,29-04-1997,1,"Måledybder, Sø",Ja,Miljøstyrelsen,https://vanda.miljoeportal.dk/link/936ab8ab-f001-4c57-9442-bba9e4714cfa,Aktivitetssted,32,693898,6209574,1,29-04-1997 10:30:00 +02:00,"4,8","0,4",,,,Nej,,,,,2
Station,49000042,"ARRESØ, kemi",32,693898,6209574,Halsnæs,Region Hovedstaden,Sø,Arresø,23-07-2012,1,"Måledybder, Sø",Ja,Miljøstyrelsen,https://vanda.miljoeportal.dk/link/dec24c25-e62c-465b-bf4d-309c99da586c,Aktivitetssted,32,693898,6209574,1,23-07-2012 10:59:00 +02:00,"4,6","0,45",,,,Nej,,,,,2
Station,49000042,"ARRESØ, kemi",32,693898,6209574,Halsnæs,Region Hovedstaden,Sø,Arresø,25-05-2009,1,"Måledybder, Sø",Ja,Miljøstyrelsen,https://vanda.miljoeportal.dk/link/05f76927-0af0-498d-915a-eeeaa2ef9faf,Aktivitetssted,32,693898,6209574,1,25-05-2009 11:15:00 +02:00,"4,5","0,45",,,,Nej,,,,,2
Station,49000042,"ARRESØ, kemi",32,693898,6209574,Halsnæs,Region Hovedstaden,Sø,Arresø,24-07-2002,1,"Måledybder, Sø",Ja,Miljøstyrelsen,https://vanda.miljoeportal.dk/link/886310f7-83e0-461f-bd13-42136a8a24ca,Aktivitetssted,32,693898,6209574,1,24-07-2002 09:00:00 +02:00,"4,9","0,5",,,,Nej,,,,,2
Station,49000042,"ARRESØ, kemi",32,693898,6209574,Halsnæs,Region Hovedstaden,Sø,Arresø,13-04-2005,1,"Måledybder, Sø",Ja,Miljøstyrelsen,https://vanda.miljoeportal.dk/link/557d6c33-2fb8-4089-b873-a04c5e6192d6,Aktivitetssted,32,693898,6209574,1,13-04-2005 09:15:00 +02:00,5,"0,65",,,,Nej,,,,,2
Station,49000042,"ARRESØ, kemi",32,693898,6209574,Halsnæs,Region Hovedstaden,Sø,Arresø,17-08-1999,1,"Måledybder, Sø",Ja,Miljøstyrelsen,https://vanda.miljoeportal.dk/link/4d393083-8cad-4d0b-85ae-74ebb04ff844,Aktivitetssted,32,693898,6209574,1,17-08-1999 11:00:00 +02:00,"4,7","0,4",,,,Nej,,,,,2
Station,49000042,"ARRESØ, kemi",32,693898,6209574,Halsnæs,Region Hovedstaden,Sø,Arresø,23-05-2007,1,"Måledybder, Sø",Ja,Miljøstyrelsen,https://vanda.miljoeportal.dk/link/450bccaf-5a79-4fa9-b963-c688c6a1fca0,Aktivitetssted,32,693898,6209574,1,23-05-2007 10:30:00 +02:00,"4,7","0,5",,,,Nej,,,,,2
Station,49000042,"ARRESØ, kemi",32,693898,6209574,Halsnæs,Region Hovedstaden,Sø,Arresø,22-01-2020,1,"Måledybder, Sø",Ja,Miljøstyrelsen,https://vanda.miljoeportal.dk/link/fa06f41f-3322-430e-9fc9-b957ac419cd2,Aktivitetssted,32,693898,6209574,1,22-01-2020 12:20:00 +01:00,"4,3","0,5",,,,Nej,,,,,2
Station,49000042,"ARRESØ, kemi",32,693898,6209574,Halsnæs,Region Hovedstaden,Sø,Arresø,8/5/91,1,"Måledybder, Sø",Ja,Miljøstyrelsen,https://vanda.miljoeportal.dk/link/250cf62e-99f1-42cd-b168-c1d6f6e9e37b,Aktivitetssted,32,693898,6209574,1,08-05-1991 10:00:00 +02:00,5,"0,4",,,,Nej,,,,,2
Station,49000042,"ARRESØ, kemi",32,693898,6209574,Halsnæs,Region Hovedstaden,Sø,Arresø,5/5/86,1,"Måledybder, Sø",Ja,Miljøstyrelsen,https://vanda.miljoeportal.dk/link/228b5213-2709-4a09-be3e-ed48ab06c118,Aktivitetssted,32,693898,6209574,1,05-05-1986 09:00:00 +02:00,"4,5","0,3",,,,Nej,,,,,2
Station,49000042,"ARRESØ, kemi",32,693898,6209574,Halsnæs,Region Hovedstaden,Sø,Arresø,5/9/78,1,"Måledybder, Sø",Ja,Miljøstyrelsen,https://vanda.miljoeportal.dk/link/8a8c6c50-511c-4694-b3ee-ecc0d3eb82c4,Aktivitetssted,32,693898,6209574,1,05-09-1978 09:00:00 +01:00,9999,"0,3",,,,Nej,,,,,2
Station,49000042,"ARRESØ, kemi",32,693898,6209574,Halsnæs,Region Hovedstaden,Sø,Arresø,15-06-2020,1,"Måledybder, Sø",Ja,Miljøstyrelsen,https://vanda.miljoeportal.dk/link/822e9293-186b-4e00-924a-dece9d9072ab,Aktivitetssted,32,693898,6209574,1,15-06-2020 10:30:00 +02:00,"4,5","0,35",,,,Nej,,,,,2
Station,49000042,"ARRESØ, kemi",32,693898,6209574,Halsnæs,Region Hovedstaden,Sø,Arresø,23-04-2003,1,"Måledybder, Sø",Ja,Miljøstyrelsen,https://vanda.miljoeportal.dk/link/a4038616-bd3f-422e-a661-8c15bdc58e08,Aktivitetssted,32,693898,6209574,1,23-04-2003 10:30:00 +02:00,"4,9","0,7",,,,Nej,,,,,2
Station,49000042,"ARRESØ, kemi",32,693898,6209574,Halsnæs,Region Hovedstaden,Sø,Arresø,19-07-1976,1,"Måledybder, Sø",Ja,Miljøstyrelsen,https://vanda.miljoeportal.dk/link/fbb667d3-c3e2-4a1b-b62c-e67aecaab589,Aktivitetssted,32,693898,6209574,1,19-07-1976 09:00:00 +01:00,9999,"0,4",,,,Nej,,,,,2
Station,49000042,"ARRESØ, kemi",32,693898,6209574,Halsnæs,Region Hovedstaden,Sø,Arresø,22-08-1990,1,"Måledybder, Sø",Ja,Miljøstyrelsen,https://vanda.miljoeportal.dk/link/be14c1a6-764a-42c9-b772-a7cddf4412cf,Aktivitetssted,32,693898,6209574,1,22-08-1990 10:00:00 +02:00,"4,7","0,3",,,,Nej,,,,,2
Station,49000042,"ARRESØ, kemi",32,693898,6209574,Halsnæs,Region Hovedstaden,Sø,Arresø,18-07-1990,1,"Måledybder, Sø",Ja,Miljøstyrelsen,https://vanda.miljoeportal.dk/link/473f228f-9ff1-456b-a0dd-5c43d3fe8ea4,Aktivitetssted,32,693898,6209574,1,18-07-1990 10:30:00 +02:00,"4,3","0,3",,,,Nej,,,,,2
Station,49000042,"ARRESØ, kemi",32,693898,6209574,Halsnæs,Region Hovedstaden,Sø,Arresø,1/10/12,1,"Måledybder, Sø",Ja,Miljøstyrelsen,https://vanda.miljoeportal.dk/link/d4c6550c-5a15-429b-9eeb-ee0439b12534,Aktivitetssted,32,693898,6209574,1,01-10-2012 11:32:00 +02:00,"4,5","0,45",,,,Nej,,,,,2
Station,49000042,"ARRESØ, kemi",32,693898,6209574,Halsnæs,Region Hovedstaden,Sø,Arresø,6/4/22,1,"Måledybder, Sø",Ja,Miljøstyrelsen,https://vanda.miljoeportal.dk/link/74735460-8335-4b5a-b059-1be50d89ddf0,Aktivitetssted,32,"6,938,979,998,364,560","6,209,574,003,611,640",1,06-04-2022 12:00:00 +02:00,"4,3","0,6",,,,Nej,,,,,2
Station,49000042,"ARRESØ, kemi",32,693898,6209574,Halsnæs,Region Hovedstaden,Sø,Arresø,5/12/12,1,"Måledybder, Sø",Ja,Miljøstyrelsen,https://vanda.miljoeportal.dk/link/94b8f7c1-779b-46f8-adfb-04bfc3858604,Aktivitetssted,32,693898,6209574,1,05-12-2012 11:30:00 +01:00,"4,8","0,6",,,,Nej,,,,,2
Station,49000042,"ARRESØ, kemi",32,693898,6209574,Halsnæs,Region Hovedstaden,Sø,Arresø,25-04-1990,1,"Måledybder, Sø",Ja,Miljøstyrelsen,https://vanda.miljoeportal.dk/link/4d49dcaf-11a9-4b42-b6fc-e47a66378146,Aktivitetssted,32,693898,6209574,1,25-04-1990 10:30:00 +02:00,"4,9","0,4",,,,Nej,,,,,2
Station,49000042,"ARRESØ, kemi",32,693898,6209574,Halsnæs,Region Hovedstaden,Sø,Arresø,6/5/92,1,"Måledybder, Sø",Ja,Miljøstyrelsen,https://vanda.miljoeportal.dk/link/94e4e2da-89b5-4362-9679-d05dd6d7fc88,Aktivitetssted,32,693898,6209574,1,06-05-1992 10:30:00 +02:00,5,"0,6",,,,Nej,,,,,2
Station,49000042,"ARRESØ, kemi",32,693898,6209574,Halsnæs,Region Hovedstaden,Sø,Arresø,30-03-1993,1,"Måledybder, Sø",Ja,Miljøstyrelsen,https://vanda.miljoeportal.dk/link/454b359e-404c-4428-98aa-1d7b8d7f0014,Aktivitetssted,32,693898,6209574,1,30-03-1993 10:30:00 +02:00,"4,7","0,3",,,,Nej,,,,,2
Station,49000042,"ARRESØ, kemi",32,693898,6209574,Halsnæs,Region Hovedstaden,Sø,Arresø,22-10-2012,1,"Måledybder, Sø",Ja,Miljøstyrelsen,https://vanda.miljoeportal.dk/link/6747c8d0-2024-4bf0-8cda-d4e845803d99,Aktivitetssted,32,693898,6209574,1,22-10-2012 12:26:00 +02:00,"4,7","0,55",,,,Nej,,,,,2
Station,49000042,"ARRESØ, kemi",32,693898,6209574,Halsnæs,Region Hovedstaden,Sø,Arresø,10/11/20,1,"Måledybder, Sø",Ja,Miljøstyrelsen,https://vanda.miljoeportal.dk/link/609d08b7-e5e0-46da-9192-4631714b05fe,Aktivitetssted,32,693898,6209574,1,10-11-2020 13:40:00 +01:00,"3,8","0,7",,,,Nej,,,,,2
Station,49000042,"ARRESØ, kemi",32,693898,6209574,Halsnæs,Region Hovedstaden,Sø,Arresø,30-01-2001,1,"Måledybder, Sø",Ja,Miljøstyrelsen,https://vanda.miljoeportal.dk/link/1ee5df97-7764-4d50-864c-af853cae5339,Aktivitetssted,32,693898,6209574,1,30-01-2001 10:00:00 +01:00,"4,9","0,8",,,,Nej,,,,,2
Station,49000042,"ARRESØ, kemi",32,693898,6209574,Halsnæs,Region Hovedstaden,Sø,Arresø,4/4/79,1,"Måledybder, Sø",Ja,Miljøstyrelsen,https://vanda.miljoeportal.dk/link/37d7dcfd-02a6-45dd-8c13-5ca549cea123,Aktivitetssted,32,693898,6209574,1,04-04-1979 09:00:00 +01:00,9999,"0,8",,,,Nej,,,,,2
Station,49000042,"ARRESØ, kemi",32,693898,6209574,Halsnæs,Region Hovedstaden,Sø,Arresø,7/11/11,1,"Måledybder, Sø",Ja,Miljøstyrelsen,https://vanda.miljoeportal.dk/link/961f918a-8963-442d-ac74-fa6a7d1e1107,Aktivitetssted,32,693898,6209574,1,07-11-2011 11:00:00 +01:00,"4,5","0,5",,,,Nej,,,,,2
Station,49000042,"ARRESØ, kemi",32,693898,6209574,Halsnæs,Region Hovedstaden,Sø,Arresø,29-05-2013,1,"Måledybder, Sø",Ja,Miljøstyrelsen,https://vanda.miljoeportal.dk/link/9be76f26-22ea-4901-9930-1fef40cd5109,Aktivitetssted,32,693898,6209574,1,29-05-2013 14:00:00 +02:00,"4,9","0,45",,,,Nej,,,,,2
Station,49000042,"ARRESØ, kemi",32,693898,6209574,Halsnæs,Region Hovedstaden,Sø,Arresø,27-09-1988,1,"Måledybder, Sø",Ja,Miljøstyrelsen,https://vanda.miljoeportal.dk/link/09aa8b65-9896-409c-a40a-0d4950e36fd6,Aktivitetssted,32,693898,6209574,1,27-09-1988 09:00:00 +01:00,"4,2","0,2",,,,Nej,,,,,2
Station,49000042,"ARRESØ, kemi",32,693898,6209574,Halsnæs,Region Hovedstaden,Sø,Arresø,4/6/24,1,"Måledybder, Sø",Ja,Miljøstyrelsen,https://vanda.miljoeportal.dk/link/684e3c9c-2607-4b83-ae14-b6bb152bf4ea,49000042,32,"6,938,980,170,014,180","6,209,573,957,434,570",1,04-06-2024 10:17:17 +02:00,"4,6","0,45",,,,Nej,,,,,2
Station,49000042,"ARRESØ, kemi",32,693898,6209574,Halsnæs,Region Hovedstaden,Sø,Arresø,30-07-1992,1,"Måledybder, Sø",Ja,Miljøstyrelsen,https://vanda.miljoeportal.dk/link/7fec1f25-3599-4f0b-a557-243790c8345e,Aktivitetssted,32,693898,6209574,1,30-07-1992 11:15:00 +02:00,"4,4","0,4",,,,Nej,,,,,2
Station,49000042,"ARRESØ, kemi",32,693898,6209574,Halsnæs,Region Hovedstaden,Sø,Arresø,29-11-2022,1,"Måledybder, Sø",Ja,Miljøstyrelsen,https://vanda.miljoeportal.dk/link/617f88f4-741f-49a3-a014-9832f366f59b,Aktivitetssted,32,"6,938,979,998,364,560","6,209,574,003,611,640",1,29-11-2022 12:00:00 +01:00,"4,8","0,5",,,,Nej,,,,,2
Station,49000042,"ARRESØ, kemi",32,693898,6209574,Halsnæs,Region Hovedstaden,Sø,Arresø,5/3/12,1,"Måledybder, Sø",Ja,Miljøstyrelsen,https://vanda.miljoeportal.dk/link/b9982ff7-4d00-4c7b-afa0-da4a50605cc9,Aktivitetssted,32,693898,6209574,1,05-03-2012 13:00:00 +01:00,5,"0,5",,,,Nej,,,,,2
Station,49000042,"ARRESØ, kemi",32,693898,6209574,Halsnæs,Region Hovedstaden,Sø,Arresø,7/7/05,1,"Måledybder, Sø",Ja,Miljøstyrelsen,https://vanda.miljoeportal.dk/link/fe24f154-1d7a-4192-a4dd-930d148d182f,Aktivitetssted,32,693898,6209574,1,07-07-2005 11:00:00 +02:00,"4,6","0,55",,,,Nej,,,,,2
Station,49000042,"ARRESØ, kemi",32,693898,6209574,Halsnæs,Region Hovedstaden,Sø,Arresø,16-04-2013,1,"Måledybder, Sø",Ja,Miljøstyrelsen,https://vanda.miljoeportal.dk/link/89a73010-ede4-41f6-9817-94bd70341442,Aktivitetssted,32,693898,6209574,1,16-04-2013 11:30:00 +02:00,"4,8","0,9",,,,Nej,,,,,2
Station,49000042,"ARRESØ, kemi",32,693898,6209574,Halsnæs,Region Hovedstaden,Sø,Arresø,27-11-1986,1,"Måledybder, Sø",Ja,Miljøstyrelsen,https://vanda.miljoeportal.dk/link/240fd911-4697-4bf9-8e6e-ed839dbf5dc5,Aktivitetssted,32,693898,6209574,1,27-11-1986 09:00:00 +01:00,"4,5","0,2",,,,Nej,,,,,2
Station,49000042,"ARRESØ, kemi",32,693898,6209574,Halsnæs,Region Hovedstaden,Sø,Arresø,2/9/04,1,"Måledybder, Sø",Ja,Miljøstyrelsen,https://vanda.miljoeportal.dk/link/fb4ef098-b5e5-45ce-a44f-7f6ef95c24a7,Aktivitetssted,32,693898,6209574,1,02-09-2004 10:45:00 +02:00,"4,7","0,4",,,,Nej,,,,,2
Station,49000042,"ARRESØ, kemi",32,693898,6209574,Halsnæs,Region Hovedstaden,Sø,Arresø,25-08-1992,1,"Måledybder, Sø",Ja,Miljøstyrelsen,https://vanda.miljoeportal.dk/link/2626bb4c-55a4-430f-81ea-c1a8d39b3c29,Aktivitetssted,32,693898,6209574,1,25-08-1992 10:15:00 +02:00,"4,5","0,4",,,,Nej,,,,,2
Station,49000042,"ARRESØ, kemi",32,693898,6209574,Halsnæs,Region Hovedstaden,Sø,Arresø,18-04-1989,1,"Måledybder, Sø",Ja,Miljøstyrelsen,https://vanda.miljoeportal.dk/link/807babb9-1220-4aaa-be24-e86af7ba6d5a,Aktivitetssted,32,693898,6209574,1,18-04-1989 09:45:00 +02:00,"4,1","0,5",,,,Nej,,,,,2
Station,49000042,"ARRESØ, kemi",32,693898,6209574,Halsnæs,Region Hovedstaden,Sø,Arresø,4/3/97,1,"Måledybder, Sø",Ja,Miljøstyrelsen,https://vanda.miljoeportal.dk/link/f9bbc1d2-8eb6-423d-a887-8166ce72a3ac,Aktivitetssted,32,693898,6209574,1,04-03-1997 10:00:00 +01:00,"4,5","0,2",,,,Nej,,,,,2
Station,49000042,"ARRESØ, kemi",32,693898,6209574,Halsnæs,Region Hovedstaden,Sø,Arresø,5/12/89,1,"Måledybder, Sø",Ja,Miljøstyrelsen,https://vanda.miljoeportal.dk/link/35baf770-672c-43f9-95c9-ed552f938baf,Aktivitetssted,32,693898,6209574,1,05-12-1989 10:00:00 +01:00,"4,6","0,4",,,,Nej,,,,,2
Station,49000042,"ARRESØ, kemi",32,693898,6209574,Halsnæs,Region Hovedstaden,Sø,Arresø,22-06-2009,1,"Måledybder, Sø",Ja,Miljøstyrelsen,https://vanda.miljoeportal.dk/link/b40144e9-73da-44c6-99c8-ea1fb7e5afe6,Aktivitetssted,32,693898,6209574,1,22-06-2009 14:30:00 +02:00,"4,7","0,35",,,,Nej,,,,,2
Station,49000042,"ARRESØ, kemi",32,693898,6209574,Halsnæs,Region Hovedstaden,Sø,Arresø,13-02-1979,1,"Måledybder, Sø",Ja,Miljøstyrelsen,https://vanda.miljoeportal.dk/link/898c6200-4520-40df-96f0-a42a5bb83831,Aktivitetssted,32,693898,6209574,1,13-02-1979 09:00:00 +01:00,9999,"2,2",,,,Nej,,,,,2
Station,49000042,"ARRESØ, kemi",32,693898,6209574,Halsnæs,Region Hovedstaden,Sø,Arresø,4/7/12,1,"Måledybder, Sø",Ja,Miljøstyrelsen,https://vanda.miljoeportal.dk/link/2f1af5b2-2201-41b1-a001-332436c3aa0c,Aktivitetssted,32,693898,6209574,1,04-07-2012 11:34:00 +02:00,"4,5","0,4",,,,Nej,,,,,2
Station,49000042,"ARRESØ, kemi",32,693898,6209574,Halsnæs,Region Hovedstaden,Sø,Arresø,29-08-2022,1,"Måledybder, Sø",Ja,Miljøstyrelsen,https://vanda.miljoeportal.dk/link/f383da46-ecfb-47b8-be8d-136f003af97b,49000042,32,"6,938,980,170,014,180","6,209,573,957,434,570",1,29-08-2022 09:33:21 +02:00,4,"0,25",,,,Nej,,,,,2
Station,49000042,"ARRESØ, kemi",32,693898,6209574,Halsnæs,Region Hovedstaden,Sø,Arresø,23-07-1996,1,"Måledybder, Sø",Ja,Miljøstyrelsen,https://vanda.miljoeportal.dk/link/1fc449b0-91c2-4dd6-8b88-4e66204d7b37,Aktivitetssted,32,693898,6209574,1,23-07-1996 11:30:00 +02:00,"4,5","0,8",,,,Nej,,,,,2
Station,49000042,"ARRESØ, kemi",32,693898,6209574,Halsnæs,Region Hovedstaden,Sø,Arresø,11/9/97,1,"Måledybder, Sø",Ja,Miljøstyrelsen,https://vanda.miljoeportal.dk/link/9fcd11f4-5565-4900-bcc2-d78bd13cbc59,Aktivitetssted,32,693898,6209574,1,11-09-1997 11:00:00 +02:00,"4,6","0,3",,,,Nej,,,,,2
Station,49000042,"ARRESØ, kemi",32,693898,6209574,Halsnæs,Region Hovedstaden,Sø,Arresø,18-07-2011,1,"Måledybder, Sø",Ja,Miljøstyrelsen,https://vanda.miljoeportal.dk/link/ccc6aced-a14b-418e-9819-9c4286ba0b5d,Aktivitetssted,32,693898,6209574,1,18-07-2011 11:32:00 +02:00,"4,5","0,4",,,,Nej,,,,,2
Station,49000042,"ARRESØ, kemi",32,693898,6209574,Halsnæs,Region Hovedstaden,Sø,Arresø,9/10/24,1,"Måledybder, Sø",Ja,Miljøstyrelsen,https://vanda.miljoeportal.dk/link/07c2e20e-0362-410d-9ca8-bef13857ddc8,49000042,32,"6,938,980,170,014,180","6,209,573,957,434,570",1,09-10-2024 11:10:47 +02:00,"4,7","0,5",,,,Nej,,,,,2
Station,49000042,"ARRESØ, kemi",32,693898,6209574,Halsnæs,Region Hovedstaden,Sø,Arresø,8/3/89,1,"Måledybder, Sø",Ja,Miljøstyrelsen,https://vanda.miljoeportal.dk/link/fb5b4b7e-e5ad-49d5-ba22-b93a60231bc3,Aktivitetssted,32,693898,6209574,1,08-03-1989 09:00:00 +01:00,"4,2","0,3",,,,Nej,,,,,2
Station,49000042,"ARRESØ, kemi",32,693898,6209574,Halsnæs,Region Hovedstaden,Sø,Arresø,21-04-1977,1,"Måledybder, Sø",Ja,Miljøstyrelsen,https://vanda.miljoeportal.dk/link/d51c9c47-0a65-4741-b513-cffd6c0cdcc7,Aktivitetssted,32,693898,6209574,1,21-04-1977 09:00:00 +01:00,9999,"0,3",,,,Nej,,,,,2
Station,49000042,"ARRESØ, kemi",32,693898,6209574,Halsnæs,Region Hovedstaden,Sø,Arresø,29-08-2011,1,"Måledybder, Sø",Ja,Miljøstyrelsen,https://vanda.miljoeportal.dk/link/42cca3f3-c998-4728-a898-29ae98930cff,Aktivitetssted,32,693898,6209574,1,29-08-2011 12:00:00 +02:00,"4,6","0,4",,,,Nej,,,,,2
Station,49000042,"ARRESØ, kemi",32,693898,6209574,Halsnæs,Region Hovedstaden,Sø,Arresø,12/9/91,1,"Måledybder, Sø",Ja,Miljøstyrelsen,https://vanda.miljoeportal.dk/link/ce996ea4-408d-4ff4-baf3-14c6175cf58c,Aktivitetssted,32,693898,6209574,1,12-09-1991 10:00:00 +02:00,"4,6","0,3",,,,Nej,,,,,2
Station,49000042,"ARRESØ, kemi",32,693898,6209574,Halsnæs,Region Hovedstaden,Sø,Arresø,11/7/79,1,"Måledybder, Sø",Ja,Miljøstyrelsen,https://vanda.miljoeportal.dk/link/5e8f0562-787e-4038-a714-47e186cb3b7b,Aktivitetssted,32,693898,6209574,1,11-07-1979 09:00:00 +01:00,9999,"0,2",,,,Nej,,,,,2
Station,49000042,"ARRESØ, kemi",32,693898,6209574,Halsnæs,Region Hovedstaden,Sø,Arresø,8/10/07,1,"Måledybder, Sø",Ja,Miljøstyrelsen,https://vanda.miljoeportal.dk/link/1c2e255f-3193-465f-977e-97e0745f8a25,Aktivitetssted,32,693898,6209574,1,08-10-2007 11:00:00 +02:00,"4,6","0,6",,,,Nej,,,,,2
Station,49000042,"ARRESØ, kemi",32,693898,6209574,Halsnæs,Region Hovedstaden,Sø,Arresø,28-08-1978,1,"Måledybder, Sø",Ja,Miljøstyrelsen,https://vanda.miljoeportal.dk/link/b084c335-5234-42fd-903b-18d8f01c1d54,Aktivitetssted,32,693898,6209574,1,28-08-1978 09:00:00 +01:00,9999,"0,3",,,,Nej,,,,,2
Station,49000042,"ARRESØ, kemi",32,693898,6209574,Halsnæs,Region Hovedstaden,Sø,Arresø,4/11/04,1,"Måledybder, Sø",Ja,Miljøstyrelsen,https://vanda.miljoeportal.dk/link/2e40fcb1-ad74-488b-8cb6-d0d29c1fd41c,Aktivitetssted,32,693898,6209574,1,04-11-2004 10:45:00 +01:00,"4,8","0,55",,,,Nej,,,,,2
Station,49000042,"ARRESØ, kemi",32,693898,6209574,Halsnæs,Region Hovedstaden,Sø,Arresø,28-08-1991,1,"Måledybder, Sø",Ja,Miljøstyrelsen,https://vanda.miljoeportal.dk/link/0e2fd854-68d0-4879-9651-93c7995088a3,Aktivitetssted,32,693898,6209574,1,28-08-1991 10:20:00 +02:00,"4,5","0,4",,,,Nej,,,,,2
Station,49000042,"ARRESØ, kemi",32,693898,6209574,Halsnæs,Region Hovedstaden,Sø,Arresø,9/8/78,1,"Måledybder, Sø",Ja,Miljøstyrelsen,https://vanda.miljoeportal.dk/link/de26844b-88f5-430a-a113-8dc528bb6a39,Aktivitetssted,32,693898,6209574,1,09-08-1978 09:00:00 +01:00,9999,"0,5",,,,Nej,,,,,2
Station,49000042,"ARRESØ, kemi",32,693898,6209574,Halsnæs,Region Hovedstaden,Sø,Arresø,10/1/18,1,"Måledybder, Sø",Ja,Miljøstyrelsen,https://vanda.miljoeportal.dk/link/ca769de2-3122-4c88-a1c3-adcb7781a8e4,Aktivitetssted,32,693898,6209574,1,10-01-2018 12:30:00 +01:00,"4,7","0,7",,,,Nej,,,,,3
Station,49000042,"ARRESØ, kemi",32,693898,6209574,Halsnæs,Region Hovedstaden,Sø,Arresø,30-08-2005,1,"Måledybder, Sø",Ja,Miljøstyrelsen,https://vanda.miljoeportal.dk/link/a9562c2a-a13f-4ffb-bb9e-7566bd35f4eb,Aktivitetssted,32,693898,6209574,1,30-08-2005 09:05:00 +02:00,"4,6","0,43",,,,Nej,,,,,2
Station,49000042,"ARRESØ, kemi",32,693898,6209574,Halsnæs,Region Hovedstaden,Sø,Arresø,22-09-1999,1,"Måledybder, Sø",Ja,Miljøstyrelsen,https://vanda.miljoeportal.dk/link/235b260b-1713-4683-8614-065844cb1887,Aktivitetssted,32,693898,6209574,1,22-09-1999 10:30:00 +02:00,"4,6","0,3",,,,Nej,,,,,2
Station,49000042,"ARRESØ, kemi",32,693898,6209574,Halsnæs,Region Hovedstaden,Sø,Arresø,17-05-1993,1,"Måledybder, Sø",Ja,Miljøstyrelsen,https://vanda.miljoeportal.dk/link/1056e471-b9b6-4931-97fa-57568397f667,Aktivitetssted,32,693898,6209574,1,17-05-1993 11:30:00 +02:00,"4,4","0,6",,,,Nej,,,,,2
Station,49000042,"ARRESØ, kemi",32,693898,6209574,Halsnæs,Region Hovedstaden,Sø,Arresø,13-06-2016,1,"Måledybder, Sø",Ja,Miljøstyrelsen,https://vanda.miljoeportal.dk/link/003b3c87-7f42-4e02-80d2-4677b785e64d,Aktivitetssted,32,693898,6209574,1,13-06-2016 10:30:00 +02:00,4,1,,,,Nej,,,,,3
Station,49000042,"ARRESØ, kemi",32,693898,6209574,Halsnæs,Region Hovedstaden,Sø,Arresø,8/3/22,1,"Måledybder, Sø",Ja,Miljøstyrelsen,https://vanda.miljoeportal.dk/link/6c9ec77d-ab3f-423f-8784-a8502e1b10e8,Aktivitetssted,32,"6,938,979,998,364,560","6,209,574,003,611,640",1,08-03-2022 12:00:00 +01:00,"4,3","0,9",,,,Nej,,,,,2
Station,49000042,"ARRESØ, kemi",32,693898,6209574,Halsnæs,Region Hovedstaden,Sø,Arresø,16-10-1995,1,"Måledybder, Sø",Ja,Miljøstyrelsen,https://vanda.miljoeportal.dk/link/58167fce-1ffe-4778-96f1-3e7f4e4d2b5a,Aktivitetssted,32,693898,6209574,1,16-10-1995 11:00:00 +01:00,"4,7","0,4",,,,Nej,,,,,2
Station,49000042,"ARRESØ, kemi",32,693898,6209574,Halsnæs,Region Hovedstaden,Sø,Arresø,30-03-1977,1,"Måledybder, Sø",Ja,Miljøstyrelsen,https://vanda.miljoeportal.dk/link/41d657d4-9e2a-4587-aeb9-0451a8c5049b,Aktivitetssted,32,693898,6209574,1,30-03-1977 09:00:00 +01:00,9999,"0,3",,,,Nej,,,,,2
Station,49000042,"ARRESØ, kemi",32,693898,6209574,Halsnæs,Region Hovedstaden,Sø,Arresø,1/4/14,1,"Måledybder, Sø",Ja,Miljøstyrelsen,https://vanda.miljoeportal.dk/link/59fb45c2-7ac3-48b5-a623-fabb4e1840f6,Aktivitetssted,32,693898,6209574,1,01-04-2014 13:00:00 +02:00,"5,2","0,6",,,,Nej,,,,,3
Station,49000042,"ARRESØ, kemi",32,693898,6209574,Halsnæs,Region Hovedstaden,Sø,Arresø,7/9/77,1,"Måledybder, Sø",Ja,Miljøstyrelsen,https://vanda.miljoeportal.dk/link/843a2781-5159-40bd-abbb-4b46aee4925a,Aktivitetssted,32,693898,6209574,1,07-09-1977 09:00:00 +01:00,9999,"0,1",,,,Nej,,,,,2
Station,49000042,"ARRESØ, kemi",32,693898,6209574,Halsnæs,Region Hovedstaden,Sø,Arresø,8/6/05,1,"Måledybder, Sø",Ja,Miljøstyrelsen,https://vanda.miljoeportal.dk/link/ecc4d1ea-4a70-4b08-aa48-e4a0b726d743,Aktivitetssted,32,693898,6209574,1,08-06-2005 10:30:00 +02:00,"4,8","0,42",,,,Nej,,,,,2
Station,49000042,"ARRESØ, kemi",32,693898,6209574,Halsnæs,Region Hovedstaden,Sø,Arresø,26-07-1978,1,"Måledybder, Sø",Ja,Miljøstyrelsen,https://vanda.miljoeportal.dk/link/a944da90-de01-45a7-a7ed-e6bb4728a2eb,Aktivitetssted,32,693898,6209574,1,26-07-1978 09:00:00 +01:00,9999,"0,5",,,,Nej,,,,,2
Station,49000042,"ARRESØ, kemi",32,693898,6209574,Halsnæs,Region Hovedstaden,Sø,Arresø,13-05-1997,1,"Måledybder, Sø",Ja,Miljøstyrelsen,https://vanda.miljoeportal.dk/link/b802d5c0-191a-46c7-b6c5-937b773e9d46,Aktivitetssted,32,693898,6209574,1,13-05-1997 10:30:00 +02:00,"4,8","0,3",,,,Nej,,,,,2
Station,49000042,"ARRESØ, kemi",32,693898,6209574,Halsnæs,Region Hovedstaden,Sø,Arresø,14-07-1992,1,"Måledybder, Sø",Ja,Miljøstyrelsen,https://vanda.miljoeportal.dk/link/02717294-0335-439a-87d6-b70ec958185c,Aktivitetssted,32,693898,6209574,1,14-07-1992 11:00:00 +02:00,"4,3","0,4",,,,Nej,,,,,2
Station,49000042,"ARRESØ, kemi",32,693898,6209574,Halsnæs,Region Hovedstaden,Sø,Arresø,26-02-2020,1,"Måledybder, Sø",Ja,Miljøstyrelsen,https://vanda.miljoeportal.dk/link/0d30f980-8651-4ede-85a4-c01e3bb74e20,Aktivitetssted,32,693898,6209574,1,26-02-2020 10:45:00 +01:00,4,"0,3",,,,Nej,,,,,2
Station,49000042,"ARRESØ, kemi",32,693898,6209574,Halsnæs,Region Hovedstaden,Sø,Arresø,2/6/98,1,"Måledybder, Sø",Ja,Miljøstyrelsen,https://vanda.miljoeportal.dk/link/98c8d326-1e12-429e-89e6-9cba25f6b108,Aktivitetssted,32,693898,6209574,1,02-06-1998 11:00:00 +02:00,"4,7","0,3",,,,Nej,,,,,2
Station,49000042,"ARRESØ, kemi",32,693898,6209574,Halsnæs,Region Hovedstaden,Sø,Arresø,31-07-2000,1,"Måledybder, Sø",Ja,Miljøstyrelsen,https://vanda.miljoeportal.dk/link/a5172b86-db42-486e-a4bd-5f2fce977562,Aktivitetssted,32,693898,6209574,1,31-07-2000 13:00:00 +02:00,"4,6","0,6",,,,Nej,,,,,2
Station,49000042,"ARRESØ, kemi",32,693898,6209574,Halsnæs,Region Hovedstaden,Sø,Arresø,17-09-2003,1,"Måledybder, Sø",Ja,Miljøstyrelsen,https://vanda.miljoeportal.dk/link/9d635d83-1f32-4e70-8c0e-fe5849eb21a5,Aktivitetssted,32,693898,6209574,1,17-09-2003 09:30:00 +02:00,"4,7","0,55",,,,Nej,,,,,2
Station,49000042,"ARRESØ, kemi",32,693898,6209574,Halsnæs,Region Hovedstaden,Sø,Arresø,3/5/94,1,"Måledybder, Sø",Ja,Miljøstyrelsen,https://vanda.miljoeportal.dk/link/ff02438e-61a2-409a-82bd-c3bb62f76d0d,Aktivitetssted,32,693898,6209574,1,03-05-1994 11:00:00 +02:00,"4,7","0,4",,,,Nej,,,,,2
Station,49000042,"ARRESØ, kemi",32,693898,6209574,Halsnæs,Region Hovedstaden,Sø,Arresø,30-05-1985,1,"Måledybder, Sø",Ja,Miljøstyrelsen,https://vanda.miljoeportal.dk/link/e08a5fc9-b4d3-45ac-b5c4-44940428e332,Aktivitetssted,32,693898,6209574,1,30-05-1985 09:00:00 +02:00,"4,3","0,6",,,,Nej,,,,,2
Station,49000042,"ARRESØ, kemi",32,693898,6209574,Halsnæs,Region Hovedstaden,Sø,Arresø,11/7/89,1,"Måledybder, Sø",Ja,Miljøstyrelsen,https://vanda.miljoeportal.dk/link/df8704e0-43de-4946-aee7-f916c40f1651,Aktivitetssted,32,693898,6209574,1,11-07-1989 10:00:00 +02:00,"4,4","0,4",,,,Nej,,,,,2
Station,49000042,"ARRESØ, kemi",32,693898,6209574,Halsnæs,Region Hovedstaden,Sø,Arresø,25-07-1995,1,"Måledybder, Sø",Ja,Miljøstyrelsen,https://vanda.miljoeportal.dk/link/cad33d93-97c2-4ff6-b38c-7c4ba4d5f380,Aktivitetssted,32,693898,6209574,1,25-07-1995 12:50:00 +02:00,"4,5","0,4",,,,Nej,,,,,2
Station,49000042,"ARRESØ, kemi",32,693898,6209574,Halsnæs,Region Hovedstaden,Sø,Arresø,19-10-2000,1,"Måledybder, Sø",Ja,Miljøstyrelsen,https://vanda.miljoeportal.dk/link/926c5f7e-15b1-4c88-9924-73346550b9c6,Aktivitetssted,32,693898,6209574,1,19-10-2000 10:30:00 +02:00,"4,8","0,6",,,,Nej,,,,,2
Station,49000042,"ARRESØ, kemi",32,693898,6209574,Halsnæs,Region Hovedstaden,Sø,Arresø,16-04-2018,1,"Måledybder, Sø",Ja,Miljøstyrelsen,https://vanda.miljoeportal.dk/link/f874bd91-67d9-4595-9c55-42870c4ff593,Aktivitetssted,32,693898,6209574,1,16-04-2018 13:00:00 +02:00,"4,5","0,6",,,,Nej,,,,,3
Station,49000042,"ARRESØ, kemi",32,693898,6209574,Halsnæs,Region Hovedstaden,Sø,Arresø,6/7/09,1,"Måledybder, Sø",Ja,Miljøstyrelsen,https://vanda.miljoeportal.dk/link/e4a5c4f6-ff35-49f2-aea2-8046da9678af,Aktivitetssted,32,693898,6209574,1,06-07-2009 11:00:00 +02:00,"4,4","0,55",,,,Nej,,,,,2
Station,49000096,ARRESØ ST B,32,695956,6208568,Gribskov,Region Hovedstaden,Sø,Arresø,11/11/14,1,"Måledybder, Sø",Ja,Miljøstyrelsen,https://vanda.miljoeportal.dk/link/72f8edbc-ccf0-40a8-90b8-d5fecebd8867,Aktivitetssted,32,695956,6208568,1,11-11-2014 10:00:00 +01:00,4,,,,,,,,,,2
Station,49000042,"ARRESØ, kemi",32,693898,6209574,Halsnæs,Region Hovedstaden,Sø,Arresø,9/9/08,1,"Måledybder, Sø",Ja,Miljøstyrelsen,https://vanda.miljoeportal.dk/link/361821a5-6ff0-4bd3-b852-e565c5b5b306,Aktivitetssted,32,693898,6209574,1,09-09-2008 10:30:00 +02:00,"4,4","0,4",,,,Nej,,,,,2
Station,49000042,"ARRESØ, kemi",32,693898,6209574,Halsnæs,Region Hovedstaden,Sø,Arresø,4/12/01,1,"Måledybder, Sø",Ja,Miljøstyrelsen,https://vanda.miljoeportal.dk/link/888429d0-0929-4b6b-a5c6-1c94f1284526,Aktivitetssted,32,693898,6209574,1,04-12-2001 10:20:00 +01:00,5,"0,4",,,,Nej,,,,,2
Station,49000096,ARRESØ ST B,32,695956,6208568,Gribskov,Region Hovedstaden,Sø,Arresø,11/11/09,1,"Måledybder, Sø",Ja,Miljøstyrelsen,https://vanda.miljoeportal.dk/link/6e50b9d4-af74-49d1-917b-6f06d8929c97,Aktivitetssted,32,695956,6208568,1,11-11-2009 10:00:00 +01:00,4,,,,,,,,,,2
Station,49000042,"ARRESØ, kemi",32,693898,6209574,Halsnæs,Region Hovedstaden,Sø,Arresø,29-06-2006,1,"Måledybder, Sø",Ja,Miljøstyrelsen,https://vanda.miljoeportal.dk/link/30f96f1c-a158-4074-b99c-bc759d8b02e3,Aktivitetssted,32,693898,6209574,1,29-06-2006 10:30:00 +02:00,"4,5","0,82",,,,Nej,,,,,2
Station,49000042,"ARRESØ, kemi",32,693898,6209574,Halsnæs,Region Hovedstaden,Sø,Arresø,4/7/00,1,"Måledybder, Sø",Ja,Miljøstyrelsen,https://vanda.miljoeportal.dk/link/691e88d3-737a-4f2a-91c2-cdb8b9d4a895,Aktivitetssted,32,693898,6209574,1,04-07-2000 10:10:00 +02:00,"4,6","0,5",,,,Nej,,,,,2
Station,49000042,"ARRESØ, kemi",32,693898,6209574,Halsnæs,Region Hovedstaden,Sø,Arresø,16-06-1973,1,"Måledybder, Sø",Ja,Miljøstyrelsen,https://vanda.miljoeportal.dk/link/19d82a70-b6dd-41cb-a663-c873d1de1cd4,Aktivitetssted,32,693898,6209574,1,16-06-1973 09:00:00 +01:00,9999,"0,4",,,,Nej,,,,,2
Station,49000042,"ARRESØ, kemi",32,693898,6209574,Halsnæs,Region Hovedstaden,Sø,Arresø,13-05-1987,1,"Måledybder, Sø",Ja,Miljøstyrelsen,https://vanda.miljoeportal.dk/link/23d1a453-e814-4c12-803d-ef5009da4d41,Aktivitetssted,32,693898,6209574,1,13-05-1987 09:00:00 +02:00,"4,2","0,4",,,,Nej,,,,,2
Station,49000042,"ARRESØ, kemi",32,693898,6209574,Halsnæs,Region Hovedstaden,Sø,Arresø,23-04-1991,1,"Måledybder, Sø",Ja,Miljøstyrelsen,https://vanda.miljoeportal.dk/link/747bcf06-5759-4f3d-9d6b-0980d55011ff,Aktivitetssted,32,693898,6209574,1,23-04-1991 10:00:00 +02:00,"4,7","0,4",,,,Nej,,,,,2
Station,49000042,"ARRESØ, kemi",32,693898,6209574,Halsnæs,Region Hovedstaden,Sø,Arresø,31-08-1988,1,"Måledybder, Sø",Ja,Miljøstyrelsen,https://vanda.miljoeportal.dk/link/c259e39c-2f94-4f8f-bc8f-0dfa215bd568,Aktivitetssted,32,693898,6209574,1,31-08-1988 09:00:00 +02:00,4,"0,3",,,,Nej,,,,,2
Station,49000042,"ARRESØ, kemi",32,693898,6209574,Halsnæs,Region Hovedstaden,Sø,Arresø,3/9/12,1,"Måledybder, Sø",Ja,Miljøstyrelsen,https://vanda.miljoeportal.dk/link/6d07b08c-33c7-497a-bf87-c6e896450a46,Aktivitetssted,32,693898,6209574,1,03-09-2012 11:00:00 +02:00,"4,5","0,45",,,,Nej,,,,,2
Station,49000042,"ARRESØ, kemi",32,693898,6209574,Halsnæs,Region Hovedstaden,Sø,Arresø,31-05-2010,1,"Måledybder, Sø",Ja,Miljøstyrelsen,https://vanda.miljoeportal.dk/link/ba52603f-67d6-416c-b6ef-885986bb14ec,Aktivitetssted,32,693898,6209574,1,31-05-2010 11:00:00 +02:00,"4,5","0,45",,,,Nej,,,,,2
Station,49000042,"ARRESØ, kemi",32,693898,6209574,Halsnæs,Region Hovedstaden,Sø,Arresø,7/4/88,1,"Måledybder, Sø",Ja,Miljøstyrelsen,https://vanda.miljoeportal.dk/link/e3ab6c79-513d-49f1-906a-b03159ae8c00,Aktivitetssted,32,693898,6209574,1,07-04-1988 09:00:00 +02:00,"4,3","0,6",,,,Nej,,,,,2
Station,49000042,"ARRESØ, kemi",32,693898,6209574,Halsnæs,Region Hovedstaden,Sø,Arresø,21-05-1996,1,"Måledybder, Sø",Ja,Miljøstyrelsen,https://vanda.miljoeportal.dk/link/a6d930f1-ae06-4012-a62c-c7fcf6cc8474,Aktivitetssted,32,693898,6209574,1,21-05-1996 12:00:00 +02:00,"4,7","0,4",,,,Nej,,,,,2
Station,49000042,"ARRESØ, kemi",32,693898,6209574,Halsnæs,Region Hovedstaden,Sø,Arresø,12/9/22,1,"Måledybder, Sø",Ja,Miljøstyrelsen,https://vanda.miljoeportal.dk/link/2c3aff36-95ea-44cb-8287-93f72f922579,Aktivitetssted,32,"6,938,979,998,364,560","6,209,574,003,611,640",1,12-09-2022 10:00:00 +02:00,"4,4","0,25",,,,Nej,,,,,2
Station,49000042,"ARRESØ, kemi",32,693898,6209574,Halsnæs,Region Hovedstaden,Sø,Arresø,6/6/11,1,"Måledybder, Sø",Ja,Miljøstyrelsen,https://vanda.miljoeportal.dk/link/1480061c-fda9-4a60-90dc-71efbbaf719f,Aktivitetssted,32,693898,6209574,1,06-06-2011 11:30:00 +02:00,"4,5","0,35",,,,Nej,,,,,2
Station,49000042,"ARRESØ, kemi",32,693898,6209574,Halsnæs,Region Hovedstaden,Sø,Arresø,3/5/22,1,"Måledybder, Sø",Ja,Miljøstyrelsen,https://vanda.miljoeportal.dk/link/3cea935e-2c61-482b-8f04-587b595b00e9,Aktivitetssted,32,"6,938,979,998,364,560","6,209,574,003,611,640",1,03-05-2022 10:20:00 +02:00,"3,9","0,4",,,,Nej,,,,,2
Station,49000042,"ARRESØ, kemi",32,693898,6209574,Halsnæs,Region Hovedstaden,Sø,Arresø,29-07-1997,1,"Måledybder, Sø",Ja,Miljøstyrelsen,https://vanda.miljoeportal.dk/link/86fd3755-b18f-46f0-8633-f611bbbf4e0e,Aktivitetssted,32,693898,6209574,1,29-07-1997 10:45:00 +02:00,"4,6","0,3",,,,Nej,,,,,2
Station,49000042,"ARRESØ, kemi",32,693898,6209574,Halsnæs,Region Hovedstaden,Sø,Arresø,25-06-1991,1,"Måledybder, Sø",Ja,Miljøstyrelsen,https://vanda.miljoeportal.dk/link/e4bd40df-5d53-487e-b174-2e2f1392c618,Aktivitetssted,32,693898,6209574,1,25-06-1991 10:00:00 +02:00,"4,8","0,4",,,,Nej,,,,,2
Station,49000042,"ARRESØ, kemi",32,693898,6209574,Halsnæs,Region Hovedstaden,Sø,Arresø,6/6/07,1,"Måledybder, Sø",Ja,Miljøstyrelsen,https://vanda.miljoeportal.dk/link/0cfa7449-f467-4179-9338-0a475801aa8d,Aktivitetssted,32,693898,6209574,1,06-06-2007 11:00:00 +02:00,"4,7","0,6",,,,Nej,,,,,2
Station,49000042,"ARRESØ, kemi",32,693898,6209574,Halsnæs,Region Hovedstaden,Sø,Arresø,17-05-1994,1,"Måledybder, Sø",Ja,Miljøstyrelsen,https://vanda.miljoeportal.dk/link/3b4e4309-d741-4fb8-8bd1-fe466e3397de,Aktivitetssted,32,693898,6209574,1,17-05-1994 10:00:00 +02:00,4,"0,6",,,,Nej,,,,,2
Station,49000042,"ARRESØ, kemi",32,693898,6209574,Halsnæs,Region Hovedstaden,Sø,Arresø,13-03-2007,1,"Måledybder, Sø",Ja,Miljøstyrelsen,https://vanda.miljoeportal.dk/link/1a16fad1-9084-4964-a8d1-a850b8dbc016,Aktivitetssted,32,693898,6209574,1,13-03-2007 11:30:00 +01:00,"5,1","0,6",,,,Nej,,,,,2
Station,49000042,"ARRESØ, kemi",32,693898,6209574,Halsnæs,Region Hovedstaden,Sø,Arresø,12/6/01,1,"Måledybder, Sø",Ja,Miljøstyrelsen,https://vanda.miljoeportal.dk/link/e39ced08-fe11-4414-b709-3acfd89fa524,Aktivitetssted,32,693898,6209574,1,12-06-2001 10:50:00 +02:00,"4,8","0,5",,,,Nej,,,,,2
Station,49000042,"ARRESØ, kemi",32,693898,6209574,Halsnæs,Region Hovedstaden,Sø,Arresø,20-06-1990,1,"Måledybder, Sø",Ja,Miljøstyrelsen,https://vanda.miljoeportal.dk/link/e7371d8c-b199-4c0a-bdbd-303f0ce365ee,Aktivitetssted,32,693898,6209574,1,20-06-1990 10:00:00 +02:00,"4,6","0,5",,,,Nej,,,,,2
Station,49000042,"ARRESØ, kemi",32,693898,6209574,Halsnæs,Region Hovedstaden,Sø,Arresø,19-07-2005,1,"Måledybder, Sø",Ja,Miljøstyrelsen,https://vanda.miljoeportal.dk/link/cba3a4d5-1142-4855-8082-98b2a2d00921,Aktivitetssted,32,693898,6209574,1,19-07-2005 09:30:00 +02:00,"4,4","0,44",,,,Nej,,,,,2
Station,49000042,"ARRESØ, kemi",32,693898,6209574,Halsnæs,Region Hovedstaden,Sø,Arresø,1/8/90,1,"Måledybder, Sø",Ja,Miljøstyrelsen,https://vanda.miljoeportal.dk/link/c2fea3db-89c1-4be4-95ff-b737004eaa17,Aktivitetssted,32,693898,6209574,1,01-08-1990 10:30:00 +02:00,"4,6","0,4",,,,Nej,,,,,2
Station,49000042,"ARRESØ, kemi",32,693898,6209574,Halsnæs,Region Hovedstaden,Sø,Arresø,27-04-2005,1,"Måledybder, Sø",Ja,Miljøstyrelsen,https://vanda.miljoeportal.dk/link/a9f4ad72-3c5f-4f6b-8187-a524e86d4ce0,Aktivitetssted,32,693898,6209574,1,27-04-2005 10:30:00 +02:00,"4,7","0,47",,,,Nej,,,,,2
Station,49000042,"ARRESØ, kemi",32,693898,6209574,Halsnæs,Region Hovedstaden,Sø,Arresø,1/4/97,1,"Måledybder, Sø",Ja,Miljøstyrelsen,https://vanda.miljoeportal.dk/link/f149889b-ddd8-455e-a63f-ac4e6ee76c4e,Aktivitetssted,32,693898,6209574,1,01-04-1997 11:15:00 +02:00,4,"0,3",,,,Nej,,,,,2
Station,49000042,"ARRESØ, kemi",32,693898,6209574,Halsnæs,Region Hovedstaden,Sø,Arresø,2/5/06,1,"Måledybder, Sø",Ja,Miljøstyrelsen,https://vanda.miljoeportal.dk/link/edb5178c-6fc9-4ee7-a889-c58494d0df1c,Aktivitetssted,32,693898,6209574,1,02-05-2006 10:45:00 +02:00,"4,8","0,57",,,,Nej,,,,,2
Station,49000042,"ARRESØ, kemi",32,693898,6209574,Halsnæs,Region Hovedstaden,Sø,Arresø,6/8/02,1,"Måledybder, Sø",Ja,Miljøstyrelsen,https://vanda.miljoeportal.dk/link/3b4567e0-1258-4dee-a8b7-b511be733113,Aktivitetssted,32,693898,6209574,1,06-08-2002 10:00:00 +02:00,"4,7","0,45",,,,Nej,,,,,2
Station,49000042,"ARRESØ, kemi",32,693898,6209574,Halsnæs,Region Hovedstaden,Sø,Arresø,9/6/88,1,"Måledybder, Sø",Ja,Miljøstyrelsen,https://vanda.miljoeportal.dk/link/b8d5b03c-2538-4ee3-bc75-512b476c6c12,Aktivitetssted,32,693898,6209574,1,09-06-1988 09:00:00 +02:00,"4,5",,,,,,,,,,2
Station,49000042,"ARRESØ, kemi",32,693898,6209574,Halsnæs,Region Hovedstaden,Sø,Arresø,21-06-2012,1,"Måledybder, Sø",Ja,Miljøstyrelsen,https://vanda.miljoeportal.dk/link/a329d86b-1807-4a11-9dd3-03d05e2bac50,Aktivitetssted,32,693898,6209574,1,21-06-2012 10:38:00 +02:00,"4,5","0,3",,,,Nej,,,,,2
Station,49000042,"ARRESØ, kemi",32,693898,6209574,Halsnæs,Region Hovedstaden,Sø,Arresø,29-03-2000,1,"Måledybder, Sø",Ja,Miljøstyrelsen,https://vanda.miljoeportal.dk/link/bd4ba97e-2888-4054-9bf6-ea5374e223b6,Aktivitetssted,32,693898,6209574,1,29-03-2000 10:20:00 +02:00,"5,3","0,4",,,,Nej,,,,,2
Station,49000042,"ARRESØ, kemi",32,693898,6209574,Halsnæs,Region Hovedstaden,Sø,Arresø,10/10/91,1,"Måledybder, Sø",Ja,Miljøstyrelsen,https://vanda.miljoeportal.dk/link/4f80bcd7-d40b-423c-9edc-f9c01eab43b3,Aktivitetssted,32,693898,6209574,1,10-10-1991 10:00:00 +01:00,"4,8","0,5",,,,Nej,,,,,2
Station,49000042,"ARRESØ, kemi",32,693898,6209574,Halsnæs,Region Hovedstaden,Sø,Arresø,1/10/96,1,"Måledybder, Sø",Ja,Miljøstyrelsen,https://vanda.miljoeportal.dk/link/f8608f8c-d29b-45c1-b032-ad259d12b982,Aktivitetssted,32,693898,6209574,1,01-10-1996 10:30:00 +02:00,"4,5","0,3",,,,Nej,,,,,2
Station,49000042,"ARRESØ, kemi",32,693898,6209574,Halsnæs,Region Hovedstaden,Sø,Arresø,2/6/22,1,"Måledybder, Sø",Ja,Miljøstyrelsen,https://vanda.miljoeportal.dk/link/d149ae0b-d867-416c-8649-d86adbff75fd,Aktivitetssted,32,"6,938,979,998,364,560","6,209,574,003,611,640",1,02-06-2022 10:00:00 +02:00,5,"0,5",,,,Nej,,,,,2
Station,49000042,"ARRESØ, kemi",32,693898,6209574,Halsnæs,Region Hovedstaden,Sø,Arresø,20-07-2004,1,"Måledybder, Sø",Ja,Miljøstyrelsen,https://vanda.miljoeportal.dk/link/bbab6223-0bc8-449e-9165-5c2f212dc5d5,Aktivitetssted,32,693898,6209574,1,20-07-2004 11:15:00 +02:00,"4,7","0,45",,,,Nej,,,,,2
Station,49000042,"ARRESØ, kemi",32,693898,6209574,Halsnæs,Region Hovedstaden,Sø,Arresø,25-04-2024,1,"Måledybder, Sø",Ja,Miljøstyrelsen,https://vanda.miljoeportal.dk/link/d42fc29c-90d0-4f5a-805b-ba14afe28866,49000042,32,"6,938,980,170,014,180","6,209,573,957,434,570",1,25-04-2024 11:10:00 +02:00,"4,3","0,6",,,,Nej,,,,,2
Station,49000042,"ARRESØ, kemi",32,693898,6209574,Halsnæs,Region Hovedstaden,Sø,Arresø,5/11/96,1,"Måledybder, Sø",Ja,Miljøstyrelsen,https://vanda.miljoeportal.dk/link/9e9285d8-3b1b-4c81-8c26-8f64f16dccc8,Aktivitetssted,32,693898,6209574,1,05-11-1996 10:00:00 +01:00,"4,5","0,3",,,,Nej,,,,,2
Station,49000042,"ARRESØ, kemi",32,693898,6209574,Halsnæs,Region Hovedstaden,Sø,Arresø,16-01-2024,1,"Måledybder, Sø",Ja,Miljøstyrelsen,https://vanda.miljoeportal.dk/link/07a7dfe0-b85c-44ac-97d4-230073096b1a,Aktivitetssted,32,"6,938,979,998,364,560","6,209,574,003,611,640",1,16-01-2024 13:00:00 +01:00,"0,8","0,8",,,,Ja,,,,,2