﻿Stedtype;StedID;Stedtekst;Referencer;GeoZone;x-koordinat;y-koordinat;Kommune;Region;Medie;Vandområde;Dato;Måling nr;Undersøgelsestype;Teknisk anvisning;Dataejer;Link;Målested navn;Målested GeoZone;Målested, x-koordinat;Målested, y-koordinat;Prøvetagning;Prøve;Prøvetype;Delprøve;Sedimentlag-fra (cm);Sedimentlag-til (cm);Analysefraktion;CASnr;ScKode;Stofparameter;Resultat-attribut;Resultat;Enhed;Detektionsgrænse LD;Kvantifikationsgrænse LQ;Kvalitetsmærke
Station;49000096;ARRESØ ST B;FRB490063B;32;695956;6208568;Gribskov;Region Hovedstaden;Sø;Arresø;11-11-1997;1;Næringsstoffer sediment, Sø;Ja;Miljøstyrelsen;https://vanda.miljoeportal.dk/link/9a89f45a-168d-415e-b802-9718cada3fb7;Aktivitetssted;32;695956;6208568;1;5;Blandingsprøve;1;20;30;Ej oplyst;;312;Jern; =;12,0820005738642;g/kg TS;9999999;;2
Station;49000095;ARRESØ ST A;FRB490063A;32;692735;6209960;Halsnæs;Region Hovedstaden;Sø;Arresø;27-12-1993;1;Næringsstoffer sediment, Sø;Ja;Miljøstyrelsen;https://vanda.miljoeportal.dk/link/1f5197b5-1d76-499d-b479-8635d30c8b4b;Aktivitetssted;32;692735;6209960;2;3;Blandingsprøve;1;5;10;Ej oplyst;;280;Calcium; =;75,0000035623088;g/kg TS;9999999;;2
Station;49000097;ARRESØ ST C;FRB490063C;32;694929;6209746;Gribskov;Region Hovedstaden;Sø;Arresø;11-11-2014;1;Næringsstoffer sediment, Sø;Ja;Miljøstyrelsen;https://vanda.miljoeportal.dk/link/fa1c24a4-3113-44bd-977e-1625b5d6d902;Aktivitetssted;32;694929;6209746;1;1;Blandingsprøve;1;0;2;Ej oplyst;;36;Tørstof,total; =;3;pct VV;9999999;;2
Station;49000095;ARRESØ ST A;FRB490063A;32;692735;6209960;Halsnæs;Region Hovedstaden;Sø;Arresø;11-11-2009;1;Næringsstoffer sediment, Sø;Ja;Miljøstyrelsen;https://vanda.miljoeportal.dk/link/7d157e1d-8fe8-4773-81a5-48b803b6e9ec;Aktivitetssted;32;692735;6209960;1;3;Blandingsprøve;1;5;10;Ej oplyst;;36;Tørstof,total; =;6,79;pct VV;9999999;;2
Station;49000095;ARRESØ ST A;FRB490063A;32;692735;6209960;Halsnæs;Region Hovedstaden;Sø;Arresø;27-12-1993;1;Næringsstoffer sediment, Sø;Ja;Miljøstyrelsen;https://vanda.miljoeportal.dk/link/1f5197b5-1d76-499d-b479-8635d30c8b4b;Aktivitetssted;32;692735;6209960;1;4;Blandingsprøve;1;10;20;Ej oplyst;;280;Calcium; =;58,0000027548522;g/kg TS;9999999;;2
Station;49000096;ARRESØ ST B;FRB490063B;32;695956;6208568;Gribskov;Region Hovedstaden;Sø;Arresø;11-11-1997;1;Næringsstoffer sediment, Sø;Ja;Miljøstyrelsen;https://vanda.miljoeportal.dk/link/9a89f45a-168d-415e-b802-9718cada3fb7;Aktivitetssted;32;695956;6208568;1;6;Blandingsprøve;1;30;41;Ej oplyst;;253;Nitrogen,total N; =;9,63000045740046;g/kg TS;9999999;;2
Station;49000095;ARRESØ ST A;FRB490063A;32;692735;6209960;Halsnæs;Region Hovedstaden;Sø;Arresø;27-12-1993;1;Næringsstoffer sediment, Sø;Ja;Miljøstyrelsen;https://vanda.miljoeportal.dk/link/1f5197b5-1d76-499d-b479-8635d30c8b4b;Aktivitetssted;32;692735;6209960;2;1;Blandingsprøve;1;0;2;Ej oplyst;;39;Glødetab, total; =;7,24000010788441;pct TS;9999999;;1
Station;49000095;ARRESØ ST A;FRB490063A;32;692735;6209960;Halsnæs;Region Hovedstaden;Sø;Arresø;11-11-2014;1;Næringsstoffer sediment, Sø;Ja;Miljøstyrelsen;https://vanda.miljoeportal.dk/link/7a8b4b64-8f15-45c6-9c78-7b8b5f25367c;Aktivitetssted;32;692735;6209960;1;6;Blandingsprøve;1;30;50;Ej oplyst;;261;Phosphor, total-P; =;0,720000034198165;g/kg TS;9999999;;2
Station;49000096;ARRESØ ST B;FRB490063B;32;695956;6208568;Gribskov;Region Hovedstaden;Sø;Arresø;08-11-2018;1;Næringsstoffer sediment, Sø;Ja;Miljøstyrelsen;https://vanda.miljoeportal.dk/link/ad06c7b4-5524-4ef2-80d6-606d87074051;Aktivitetssted;32;695956;6208568;1;2;Blandingsprøve;1;2;5;Ej oplyst;;312;Jern; =;13,0000006174669;g/kg TS;9999999;;2
Station;49000096;ARRESØ ST B;FRB490063B;32;695956;6208568;Gribskov;Region Hovedstaden;Sø;Arresø;11-11-2009;1;Næringsstoffer sediment, Sø;Ja;Miljøstyrelsen;https://vanda.miljoeportal.dk/link/50375709-7eb1-4b8d-ae7f-4a39ddb08980;Aktivitetssted;32;695956;6208568;1;5;Blandingsprøve;1;20;30;Ej oplyst;;261;Phosphor, total-P; =;0,409000019426458;g/kg TS;9999999;;2
Station;49000096;ARRESØ ST B;FRB490063B;32;695956;6208568;Gribskov;Region Hovedstaden;Sø;Arresø;11-11-2009;1;Næringsstoffer sediment, Sø;Ja;Miljøstyrelsen;https://vanda.miljoeportal.dk/link/50375709-7eb1-4b8d-ae7f-4a39ddb08980;Aktivitetssted;32;695956;6208568;1;1;Blandingsprøve;1;0;2;Ej oplyst;;39;Glødetab, total; =;32;pct TS;9999999;;2
Station;49000097;ARRESØ ST C;FRB490063C;32;694929;6209746;Gribskov;Region Hovedstaden;Sø;Arresø;11-11-1997;1;Næringsstoffer sediment, Sø;Ja;Miljøstyrelsen;https://vanda.miljoeportal.dk/link/a9e6988d-37ab-4237-b542-d2fc5f942333;Aktivitetssted;32;694929;6209746;1;6;Blandingsprøve;1;30;39;Ej oplyst;;36;Tørstof,total; =;12;pct VV;9999999;;2
Station;49000097;ARRESØ ST C;FRB490063C;32;694929;6209746;Gribskov;Region Hovedstaden;Sø;Arresø;11-11-1997;1;Næringsstoffer sediment, Sø;Ja;Miljøstyrelsen;https://vanda.miljoeportal.dk/link/a9e6988d-37ab-4237-b542-d2fc5f942333;Aktivitetssted;32;694929;6209746;1;4;Blandingsprøve;1;10;20;Ej oplyst;;253;Nitrogen,total N; =;16,9200008036569;g/kg TS;9999999;;2
Station;49000096;ARRESØ ST B;FRB490063B;32;695956;6208568;Gribskov;Region Hovedstaden;Sø;Arresø;05-11-2002;1;Næringsstoffer sediment, Sø;Ja;Miljøstyrelsen;https://vanda.miljoeportal.dk/link/f11240b4-a108-4df4-bba7-61922127c168;Aktivitetssted;32;695956;6208568;1;1;Blandingsprøve;1;0;2;Ej oplyst;;253;Nitrogen,total N; =;15,70000074571;g/kg TS;9999999;;2
Station;49000096;ARRESØ ST B;FRB490063B;32;695956;6208568;Gribskov;Region Hovedstaden;Sø;Arresø;05-11-2002;1;Næringsstoffer sediment, Sø;Ja;Miljøstyrelsen;https://vanda.miljoeportal.dk/link/f11240b4-a108-4df4-bba7-61922127c168;Aktivitetssted;32;695956;6208568;1;5;Blandingsprøve;1;20;30;Ej oplyst;;280;Calcium; =;64,5000030635856;g/kg TS;9999999;;2
Station;49000095;ARRESØ ST A;FRB490063A;32;692735;6209960;Halsnæs;Region Hovedstaden;Sø;Arresø;27-12-1993;1;Næringsstoffer sediment, Sø;Ja;Miljøstyrelsen;https://vanda.miljoeportal.dk/link/1f5197b5-1d76-499d-b479-8635d30c8b4b;Aktivitetssted;32;692735;6209960;1;4;Blandingsprøve;1;10;20;Ej oplyst;;264;Phosphor, Ca-adsorberet; =;0,271000012871809;g/kg TS;9999999;;2
Station;49000097;ARRESØ ST C;FRB490063C;32;694929;6209746;Gribskov;Region Hovedstaden;Sø;Arresø;11-11-1997;1;Næringsstoffer sediment, Sø;Ja;Miljøstyrelsen;https://vanda.miljoeportal.dk/link/a9e6988d-37ab-4237-b542-d2fc5f942333;Aktivitetssted;32;694929;6209746;1;2;Blandingsprøve;1;2;5;Ej oplyst;;36;Tørstof,total; =;5,2;pct VV;9999999;;2
Station;49000096;ARRESØ ST B;FRB490063B;32;695956;6208568;Gribskov;Region Hovedstaden;Sø;Arresø;08-11-2018;1;Næringsstoffer sediment, Sø;Ja;Miljøstyrelsen;https://vanda.miljoeportal.dk/link/ad06c7b4-5524-4ef2-80d6-606d87074051;Aktivitetssted;32;695956;6208568;1;3;Blandingsprøve;1;5;10;Ej oplyst;;39;Glødetab, total; =;28,8;pct TS;9999999;;2
Station;49000096;ARRESØ ST B;FRB490063B;32;695956;6208568;Gribskov;Region Hovedstaden;Sø;Arresø;11-11-1997;1;Næringsstoffer sediment, Sø;Ja;Miljøstyrelsen;https://vanda.miljoeportal.dk/link/9a89f45a-168d-415e-b802-9718cada3fb7;Aktivitetssted;32;695956;6208568;1;6;Blandingsprøve;1;30;41;Ej oplyst;;280;Calcium; =;120,000005699694;g/kg TS;9999999;;2
Station;49000097;ARRESØ ST C;FRB490063C;32;694929;6209746;Gribskov;Region Hovedstaden;Sø;Arresø;05-11-2002;1;Næringsstoffer sediment, Sø;Ja;Miljøstyrelsen;https://vanda.miljoeportal.dk/link/b0c7144e-fb25-47e9-9829-821356e038d2;Aktivitetssted;32;694929;6209746;1;1;Blandingsprøve;1;0;2;Ej oplyst;;36;Tørstof,total; =;4,11;pct VV;9999999;;2
Station;49000096;ARRESØ ST B;FRB490063B;32;695956;6208568;Gribskov;Region Hovedstaden;Sø;Arresø;05-11-2002;1;Næringsstoffer sediment, Sø;Ja;Miljøstyrelsen;https://vanda.miljoeportal.dk/link/f11240b4-a108-4df4-bba7-61922127c168;Aktivitetssted;32;695956;6208568;1;2;Blandingsprøve;1;2;5;Ej oplyst;;253;Nitrogen,total N; =;10,8000005129725;g/kg TS;9999999;;2
Station;49000095;ARRESØ ST A;FRB490063A;32;692735;6209960;Halsnæs;Region Hovedstaden;Sø;Arresø;05-11-2002;1;Næringsstoffer sediment, Sø;Ja;Miljøstyrelsen;https://vanda.miljoeportal.dk/link/1799b391-4a2d-4559-baf3-debaca726093;Aktivitetssted;32;692735;6209960;1;3;Blandingsprøve;1;5;10;Ej oplyst;;253;Nitrogen,total N; =;9,75000046310015;g/kg TS;9999999;;2
Station;49000097;ARRESØ ST C;FRB490063C;32;694929;6209746;Gribskov;Region Hovedstaden;Sø;Arresø;11-11-1997;1;Næringsstoffer sediment, Sø;Ja;Miljøstyrelsen;https://vanda.miljoeportal.dk/link/a9e6988d-37ab-4237-b542-d2fc5f942333;Aktivitetssted;32;694929;6209746;1;3;Blandingsprøve;1;5;10;Ej oplyst;;280;Calcium; =;180,000008549541;g/kg TS;9999999;;2
Station;49000097;ARRESØ ST C;FRB490063C;32;694929;6209746;Gribskov;Region Hovedstaden;Sø;Arresø;27-12-1993;1;Næringsstoffer sediment, Sø;Ja;Miljøstyrelsen;https://vanda.miljoeportal.dk/link/3d96bdf7-4c02-46b7-95c2-b0a492355762;Aktivitetssted;32;694929;6209746;1;1;Blandingsprøve;1;0;2;Ej oplyst;;253;Nitrogen,total N; =;3,74000017764047;g/kg TS;9999999;;2
Station;49000095;ARRESØ ST A;FRB490063A;32;692735;6209960;Halsnæs;Region Hovedstaden;Sø;Arresø;27-12-1993;1;Næringsstoffer sediment, Sø;Ja;Miljøstyrelsen;https://vanda.miljoeportal.dk/link/1f5197b5-1d76-499d-b479-8635d30c8b4b;Aktivitetssted;32;692735;6209960;1;6;Blandingsprøve;1;30;38;Ej oplyst;;265;Phosphor, Al-adsorberet; =;0,126000005984679;g/kg TS;9999999;;2
Station;49000095;ARRESØ ST A;FRB490063A;32;692735;6209960;Halsnæs;Region Hovedstaden;Sø;Arresø;27-12-1993;1;Næringsstoffer sediment, Sø;Ja;Miljøstyrelsen;https://vanda.miljoeportal.dk/link/1f5197b5-1d76-499d-b479-8635d30c8b4b;Aktivitetssted;32;692735;6209960;2;2;Blandingsprøve;1;2;5;Ej oplyst;;253;Nitrogen,total N; =;5,05000023986213;g/kg TS;9999999;;2
Station;49000095;ARRESØ ST A;FRB490063A;32;692735;6209960;Halsnæs;Region Hovedstaden;Sø;Arresø;27-12-1993;1;Næringsstoffer sediment, Sø;Ja;Miljøstyrelsen;https://vanda.miljoeportal.dk/link/1f5197b5-1d76-499d-b479-8635d30c8b4b;Aktivitetssted;32;692735;6209960;1;5;Blandingsprøve;1;20;30;Ej oplyst;;253;Nitrogen,total N; =;12,5000005937181;g/kg TS;9999999;;2
Station;49000095;ARRESØ ST A;FRB490063A;32;692735;6209960;Halsnæs;Region Hovedstaden;Sø;Arresø;11-11-2009;1;Næringsstoffer sediment, Sø;Ja;Miljøstyrelsen;https://vanda.miljoeportal.dk/link/7d157e1d-8fe8-4773-81a5-48b803b6e9ec;Aktivitetssted;32;692735;6209960;1;4;Blandingsprøve;1;10;20;Ej oplyst;;39;Glødetab, total; =;31,3;pct TS;9999999;;2
Station;49000096;ARRESØ ST B;FRB490063B;32;695956;6208568;Gribskov;Region Hovedstaden;Sø;Arresø;11-11-1997;1;Næringsstoffer sediment, Sø;Ja;Miljøstyrelsen;https://vanda.miljoeportal.dk/link/9a89f45a-168d-415e-b802-9718cada3fb7;Aktivitetssted;32;695956;6208568;1;4;Blandingsprøve;1;10;20;Ej oplyst;;261;Phosphor, total-P; =;1,80000008549541;g/kg TS;9999999;;2
Station;49000095;ARRESØ ST A;FRB490063A;32;692735;6209960;Halsnæs;Region Hovedstaden;Sø;Arresø;11-11-1997;1;Næringsstoffer sediment, Sø;Ja;Miljøstyrelsen;https://vanda.miljoeportal.dk/link/67278144-484b-47a5-b7eb-3814aa77dea3;Aktivitetssted;32;692735;6209960;1;5;Blandingsprøve;1;20;30;Ej oplyst;;261;Phosphor, total-P; =;1,11000005272217;g/kg TS;9999999;;2
Station;49000095;ARRESØ ST A;FRB490063A;32;692735;6209960;Halsnæs;Region Hovedstaden;Sø;Arresø;11-11-2009;1;Næringsstoffer sediment, Sø;Ja;Miljøstyrelsen;https://vanda.miljoeportal.dk/link/7d157e1d-8fe8-4773-81a5-48b803b6e9ec;Aktivitetssted;32;692735;6209960;1;4;Blandingsprøve;1;10;20;Ej oplyst;;36;Tørstof,total; =;8,65;pct VV;9999999;;2
Station;49000097;ARRESØ ST C;FRB490063C;32;694929;6209746;Gribskov;Region Hovedstaden;Sø;Arresø;11-11-1997;1;Næringsstoffer sediment, Sø;Ja;Miljøstyrelsen;https://vanda.miljoeportal.dk/link/a9e6988d-37ab-4237-b542-d2fc5f942333;Aktivitetssted;32;694929;6209746;1;4;Blandingsprøve;1;10;20;Ej oplyst;;280;Calcium; =;180,000008549541;g/kg TS;9999999;;2
Station;49000095;ARRESØ ST A;FRB490063A;32;692735;6209960;Halsnæs;Region Hovedstaden;Sø;Arresø;27-12-1993;1;Næringsstoffer sediment, Sø;Ja;Miljøstyrelsen;https://vanda.miljoeportal.dk/link/1f5197b5-1d76-499d-b479-8635d30c8b4b;Aktivitetssted;32;692735;6209960;2;5;Blandingsprøve;1;20;30;Ej oplyst;;261;Phosphor, total-P; =;1,03300004906487;g/kg TS;9999999;;2
Station;49000095;ARRESØ ST A;FRB490063A;32;692735;6209960;Halsnæs;Region Hovedstaden;Sø;Arresø;27-12-1993;1;Næringsstoffer sediment, Sø;Ja;Miljøstyrelsen;https://vanda.miljoeportal.dk/link/1f5197b5-1d76-499d-b479-8635d30c8b4b;Aktivitetssted;32;692735;6209960;2;2;Blandingsprøve;1;2;5;Ej oplyst;;265;Phosphor, Al-adsorberet; =;0,00800000037997961;g/kg TS;9999999;;2
Station;49000096;ARRESØ ST B;FRB490063B;32;695956;6208568;Gribskov;Region Hovedstaden;Sø;Arresø;11-11-2014;1;Næringsstoffer sediment, Sø;Ja;Miljøstyrelsen;https://vanda.miljoeportal.dk/link/f2c1f9e1-5e0d-4328-aecb-f67202f09df7;Aktivitetssted;32;695956;6208568;1;5;Blandingsprøve;1;20;30;Ej oplyst;;261;Phosphor, total-P; =;0,520000024698675;g/kg TS;9999999;;2
Station;49000096;ARRESØ ST B;FRB490063B;32;695956;6208568;Gribskov;Region Hovedstaden;Sø;Arresø;08-11-2018;1;Næringsstoffer sediment, Sø;Ja;Miljøstyrelsen;https://vanda.miljoeportal.dk/link/ad06c7b4-5524-4ef2-80d6-606d87074051;Aktivitetssted;32;695956;6208568;1;4;Blandingsprøve;1;10;20;Ej oplyst;;312;Jern; =;14,0000006649643;g/kg TS;9999999;;2
Station;49000096;ARRESØ ST B;FRB490063B;32;695956;6208568;Gribskov;Region Hovedstaden;Sø;Arresø;11-11-2014;1;Næringsstoffer sediment, Sø;Ja;Miljøstyrelsen;https://vanda.miljoeportal.dk/link/f2c1f9e1-5e0d-4328-aecb-f67202f09df7;Aktivitetssted;32;695956;6208568;1;3;Blandingsprøve;1;5;10;Ej oplyst;;39;Glødetab, total; =;29;pct TS;9999999;;2
Station;49000096;ARRESØ ST B;FRB490063B;32;695956;6208568;Gribskov;Region Hovedstaden;Sø;Arresø;11-11-1997;1;Næringsstoffer sediment, Sø;Ja;Miljøstyrelsen;https://vanda.miljoeportal.dk/link/9a89f45a-168d-415e-b802-9718cada3fb7;Aktivitetssted;32;695956;6208568;1;5;Blandingsprøve;1;20;30;Ej oplyst;;261;Phosphor, total-P; =;1,4900000707712;g/kg TS;9999999;;2
Station;49000096;ARRESØ ST B;FRB490063B;32;695956;6208568;Gribskov;Region Hovedstaden;Sø;Arresø;08-11-2018;1;Næringsstoffer sediment, Sø;Ja;Miljøstyrelsen;https://vanda.miljoeportal.dk/link/ad06c7b4-5524-4ef2-80d6-606d87074051;Aktivitetssted;32;695956;6208568;1;2;Blandingsprøve;1;2;5;Ej oplyst;;261;Phosphor, total-P; =;1,90000009024516;g/kg TS;9999999;;2
Station;49000095;ARRESØ ST A;FRB490063A;32;692735;6209960;Halsnæs;Region Hovedstaden;Sø;Arresø;11-11-2014;1;Næringsstoffer sediment, Sø;Ja;Miljøstyrelsen;https://vanda.miljoeportal.dk/link/7a8b4b64-8f15-45c6-9c78-7b8b5f25367c;Aktivitetssted;32;692735;6209960;1;4;Blandingsprøve;1;10;20;Ej oplyst;;36;Tørstof,total; =;8,1;pct VV;9999999;;2
Station;49000097;ARRESØ ST C;FRB490063C;32;694929;6209746;Gribskov;Region Hovedstaden;Sø;Arresø;05-11-2002;1;Næringsstoffer sediment, Sø;Ja;Miljøstyrelsen;https://vanda.miljoeportal.dk/link/b0c7144e-fb25-47e9-9829-821356e038d2;Aktivitetssted;32;694929;6209746;1;4;Blandingsprøve;1;10;20;Ej oplyst;;280;Calcium; =;173,000008217059;g/kg TS;9999999;;2
Station;49000095;ARRESØ ST A;FRB490063A;32;692735;6209960;Halsnæs;Region Hovedstaden;Sø;Arresø;27-12-1993;1;Næringsstoffer sediment, Sø;Ja;Miljøstyrelsen;https://vanda.miljoeportal.dk/link/1f5197b5-1d76-499d-b479-8635d30c8b4b;Aktivitetssted;32;692735;6209960;2;6;Blandingsprøve;1;30;38;Ej oplyst;;1138;Adsorberet P; =;0,00900000042747706;g/kg TS;9999999;;2
Station;49000095;ARRESØ ST A;FRB490063A;32;692735;6209960;Halsnæs;Region Hovedstaden;Sø;Arresø;27-12-1993;1;Næringsstoffer sediment, Sø;Ja;Miljøstyrelsen;https://vanda.miljoeportal.dk/link/1f5197b5-1d76-499d-b479-8635d30c8b4b;Aktivitetssted;32;692735;6209960;1;2;Blandingsprøve;1;2;5;Ej oplyst;;1141;Organisk bundet P; =;0,321000015246682;g/kg TS;9999999;;2
Station;49000096;ARRESØ ST B;FRB490063B;32;695956;6208568;Gribskov;Region Hovedstaden;Sø;Arresø;05-11-2002;1;Næringsstoffer sediment, Sø;Ja;Miljøstyrelsen;https://vanda.miljoeportal.dk/link/f11240b4-a108-4df4-bba7-61922127c168;Aktivitetssted;32;695956;6208568;1;5;Blandingsprøve;1;20;30;Ej oplyst;;253;Nitrogen,total N; =;1,17000005557202;g/kg TS;9999999;;2
Station;49000095;ARRESØ ST A;FRB490063A;32;692735;6209960;Halsnæs;Region Hovedstaden;Sø;Arresø;11-11-2009;1;Næringsstoffer sediment, Sø;Ja;Miljøstyrelsen;https://vanda.miljoeportal.dk/link/7d157e1d-8fe8-4773-81a5-48b803b6e9ec;Aktivitetssted;32;692735;6209960;1;1;Blandingsprøve;1;0;2;Ej oplyst;;312;Jern; =;8,7900004175026;g/kg TS;9999999;;2
Station;49000095;ARRESØ ST A;FRB490063A;32;692735;6209960;Halsnæs;Region Hovedstaden;Sø;Arresø;08-11-2018;1;Næringsstoffer sediment, Sø;Ja;Miljøstyrelsen;https://vanda.miljoeportal.dk/link/6f37ad8b-0299-47bb-bceb-a3f7ef3dd5ac;Aktivitetssted;32;692735;6209960;1;5;Blandingsprøve;1;20;30;Ej oplyst;;36;Tørstof,total; =;9,43;pct VV;9999999;;2
Station;49000095;ARRESØ ST A;FRB490063A;32;692735;6209960;Halsnæs;Region Hovedstaden;Sø;Arresø;05-11-2002;1;Næringsstoffer sediment, Sø;Ja;Miljøstyrelsen;https://vanda.miljoeportal.dk/link/1799b391-4a2d-4559-baf3-debaca726093;Aktivitetssted;32;692735;6209960;1;4;Blandingsprøve;1;10;20;Ej oplyst;;312;Jern; =;12,4000005889684;g/kg TS;9999999;;2
Station;49000096;ARRESØ ST B;FRB490063B;32;695956;6208568;Gribskov;Region Hovedstaden;Sø;Arresø;08-11-2018;1;Næringsstoffer sediment, Sø;Ja;Miljøstyrelsen;https://vanda.miljoeportal.dk/link/ad06c7b4-5524-4ef2-80d6-606d87074051;Aktivitetssted;32;695956;6208568;1;5;Blandingsprøve;1;20;30;Ej oplyst;;312;Jern; =;15,0000007124618;g/kg TS;9999999;;2
Station;49000097;ARRESØ ST C;FRB490063C;32;694929;6209746;Gribskov;Region Hovedstaden;Sø;Arresø;11-11-2009;1;Næringsstoffer sediment, Sø;Ja;Miljøstyrelsen;https://vanda.miljoeportal.dk/link/5a2cc418-087b-4905-8650-dca9072d28dd;Aktivitetssted;32;694929;6209746;1;6;Blandingsprøve;1;30;39;Ej oplyst;;312;Jern; =;11,5000005462207;g/kg TS;9999999;;2
Station;49000096;ARRESØ ST B;FRB490063B;32;695956;6208568;Gribskov;Region Hovedstaden;Sø;Arresø;11-11-2014;1;Næringsstoffer sediment, Sø;Ja;Miljøstyrelsen;https://vanda.miljoeportal.dk/link/f2c1f9e1-5e0d-4328-aecb-f67202f09df7;Aktivitetssted;32;695956;6208568;1;4;Blandingsprøve;1;10;20;Ej oplyst;;39;Glødetab, total; =;22;pct TS;9999999;;2
Station;49000095;ARRESØ ST A;FRB490063A;32;692735;6209960;Halsnæs;Region Hovedstaden;Sø;Arresø;08-11-2018;1;Næringsstoffer sediment, Sø;Ja;Miljøstyrelsen;https://vanda.miljoeportal.dk/link/6f37ad8b-0299-47bb-bceb-a3f7ef3dd5ac;Aktivitetssted;32;692735;6209960;1;6;Blandingsprøve;1;30;49;Ej oplyst;;36;Tørstof,total; =;14,3;pct VV;9999999;;2
Station;49000095;ARRESØ ST A;FRB490063A;32;692735;6209960;Halsnæs;Region Hovedstaden;Sø;Arresø;11-11-2014;1;Næringsstoffer sediment, Sø;Ja;Miljøstyrelsen;https://vanda.miljoeportal.dk/link/7a8b4b64-8f15-45c6-9c78-7b8b5f25367c;Aktivitetssted;32;692735;6209960;1;1;Blandingsprøve;1;0;2;Ej oplyst;;312;Jern; =;9,40000044647604;g/kg TS;9999999;;2
Station;49000097;ARRESØ ST C;FRB490063C;32;694929;6209746;Gribskov;Region Hovedstaden;Sø;Arresø;11-11-2014;1;Næringsstoffer sediment, Sø;Ja;Miljøstyrelsen;https://vanda.miljoeportal.dk/link/fa1c24a4-3113-44bd-977e-1625b5d6d902;Aktivitetssted;32;694929;6209746;1;5;Blandingsprøve;1;20;30;Ej oplyst;;261;Phosphor, total-P; =;0,650000030873343;g/kg TS;9999999;;2
Station;49000095;ARRESØ ST A;FRB490063A;32;692735;6209960;Halsnæs;Region Hovedstaden;Sø;Arresø;05-11-2002;1;Næringsstoffer sediment, Sø;Ja;Miljøstyrelsen;https://vanda.miljoeportal.dk/link/1799b391-4a2d-4559-baf3-debaca726093;Aktivitetssted;32;692735;6209960;1;4;Blandingsprøve;1;10;20;Ej oplyst;;261;Phosphor, total-P; =;0,662000031443313;g/kg TS;9999999;;2
Station;49000096;ARRESØ ST B;FRB490063B;32;695956;6208568;Gribskov;Region Hovedstaden;Sø;Arresø;11-11-2014;1;Næringsstoffer sediment, Sø;Ja;Miljøstyrelsen;https://vanda.miljoeportal.dk/link/f2c1f9e1-5e0d-4328-aecb-f67202f09df7;Aktivitetssted;32;695956;6208568;1;1;Blandingsprøve;1;0;2;Ej oplyst;;36;Tørstof,total; =;2,9;pct VV;9999999;;2
Station;49000095;ARRESØ ST A;FRB490063A;32;692735;6209960;Halsnæs;Region Hovedstaden;Sø;Arresø;27-12-1993;1;Næringsstoffer sediment, Sø;Ja;Miljøstyrelsen;https://vanda.miljoeportal.dk/link/1f5197b5-1d76-499d-b479-8635d30c8b4b;Aktivitetssted;32;692735;6209960;1;6;Blandingsprøve;1;30;38;Ej oplyst;;263;Phosphor, Fe-adsorberet; =;0,52200002479367;g/kg TS;9999999;;2
Station;49000097;ARRESØ ST C;FRB490063C;32;694929;6209746;Gribskov;Region Hovedstaden;Sø;Arresø;11-11-1997;1;Næringsstoffer sediment, Sø;Ja;Miljøstyrelsen;https://vanda.miljoeportal.dk/link/a9e6988d-37ab-4237-b542-d2fc5f942333;Aktivitetssted;32;694929;6209746;1;6;Blandingsprøve;1;30;39;Ej oplyst;;280;Calcium; =;130,000006174669;g/kg TS;9999999;;2
Station;49000097;ARRESØ ST C;FRB490063C;32;694929;6209746;Gribskov;Region Hovedstaden;Sø;Arresø;05-11-2002;1;Næringsstoffer sediment, Sø;Ja;Miljøstyrelsen;https://vanda.miljoeportal.dk/link/b0c7144e-fb25-47e9-9829-821356e038d2;Aktivitetssted;32;694929;6209746;1;5;Blandingsprøve;1;20;30;Ej oplyst;;36;Tørstof,total; =;14,5;pct VV;9999999;;2
Station;49000095;ARRESØ ST A;FRB490063A;32;692735;6209960;Halsnæs;Region Hovedstaden;Sø;Arresø;27-12-1993;1;Næringsstoffer sediment, Sø;Ja;Miljøstyrelsen;https://vanda.miljoeportal.dk/link/1f5197b5-1d76-499d-b479-8635d30c8b4b;Aktivitetssted;32;692735;6209960;2;5;Blandingsprøve;1;20;30;Ej oplyst;;1141;Organisk bundet P; =;0,275000013061799;g/kg TS;9999999;;2
Station;49000096;ARRESØ ST B;FRB490063B;32;695956;6208568;Gribskov;Region Hovedstaden;Sø;Arresø;11-11-2009;1;Næringsstoffer sediment, Sø;Ja;Miljøstyrelsen;https://vanda.miljoeportal.dk/link/50375709-7eb1-4b8d-ae7f-4a39ddb08980;Aktivitetssted;32;695956;6208568;1;3;Blandingsprøve;1;5;10;Ej oplyst;;39;Glødetab, total; =;17,5;pct TS;9999999;;2
Station;49000095;ARRESØ ST A;FRB490063A;32;692735;6209960;Halsnæs;Region Hovedstaden;Sø;Arresø;27-12-1993;1;Næringsstoffer sediment, Sø;Ja;Miljøstyrelsen;https://vanda.miljoeportal.dk/link/1f5197b5-1d76-499d-b479-8635d30c8b4b;Aktivitetssted;32;692735;6209960;2;5;Blandingsprøve;1;20;30;Ej oplyst;;36;Tørstof,total; =;14,5000002160668;pct VV;9999999;;2
Station;49000095;ARRESØ ST A;FRB490063A;32;692735;6209960;Halsnæs;Region Hovedstaden;Sø;Arresø;11-11-1997;1;Næringsstoffer sediment, Sø;Ja;Miljøstyrelsen;https://vanda.miljoeportal.dk/link/67278144-484b-47a5-b7eb-3814aa77dea3;Aktivitetssted;32;692735;6209960;1;1;Blandingsprøve;1;0;2;Ej oplyst;;312;Jern; =;6,80000032298267;g/kg TS;9999999;;2
Station;49000097;ARRESØ ST C;FRB490063C;32;694929;6209746;Gribskov;Region Hovedstaden;Sø;Arresø;27-12-1993;1;Næringsstoffer sediment, Sø;Ja;Miljøstyrelsen;https://vanda.miljoeportal.dk/link/3d96bdf7-4c02-46b7-95c2-b0a492355762;Aktivitetssted;32;694929;6209746;1;2;Blandingsprøve;1;2;5;Ej oplyst;;280;Calcium; =;25,0000011874363;g/kg TS;9999999;;2
Station;49000095;ARRESØ ST A;FRB490063A;32;692735;6209960;Halsnæs;Region Hovedstaden;Sø;Arresø;08-11-2018;1;Næringsstoffer sediment, Sø;Ja;Miljøstyrelsen;https://vanda.miljoeportal.dk/link/6f37ad8b-0299-47bb-bceb-a3f7ef3dd5ac;Aktivitetssted;32;692735;6209960;1;4;Blandingsprøve;1;10;20;Ej oplyst;;261;Phosphor, total-P; =;0,920000043697655;g/kg TS;9999999;;2
Station;49000095;ARRESØ ST A;FRB490063A;32;692735;6209960;Halsnæs;Region Hovedstaden;Sø;Arresø;27-12-1993;1;Næringsstoffer sediment, Sø;Ja;Miljøstyrelsen;https://vanda.miljoeportal.dk/link/1f5197b5-1d76-499d-b479-8635d30c8b4b;Aktivitetssted;32;692735;6209960;1;5;Blandingsprøve;1;20;30;Ej oplyst;;265;Phosphor, Al-adsorberet; =;0,0370000017574057;g/kg TS;9999999;;2
Station;49000097;ARRESØ ST C;FRB490063C;32;694929;6209746;Gribskov;Region Hovedstaden;Sø;Arresø;05-11-2002;1;Næringsstoffer sediment, Sø;Ja;Miljøstyrelsen;https://vanda.miljoeportal.dk/link/b0c7144e-fb25-47e9-9829-821356e038d2;Aktivitetssted;32;694929;6209746;1;6;Blandingsprøve;1;30;50;Ej oplyst;;280;Calcium; =;106,00000503473;g/kg TS;9999999;;2
Station;49000095;ARRESØ ST A;FRB490063A;32;692735;6209960;Halsnæs;Region Hovedstaden;Sø;Arresø;11-11-2009;1;Næringsstoffer sediment, Sø;Ja;Miljøstyrelsen;https://vanda.miljoeportal.dk/link/7d157e1d-8fe8-4773-81a5-48b803b6e9ec;Aktivitetssted;32;692735;6209960;1;6;Blandingsprøve;1;30;45;Ej oplyst;;39;Glødetab, total; =;36,8;pct TS;9999999;;2
Station;49000096;ARRESØ ST B;FRB490063B;32;695956;6208568;Gribskov;Region Hovedstaden;Sø;Arresø;11-11-2009;1;Næringsstoffer sediment, Sø;Ja;Miljøstyrelsen;https://vanda.miljoeportal.dk/link/50375709-7eb1-4b8d-ae7f-4a39ddb08980;Aktivitetssted;32;695956;6208568;1;6;Blandingsprøve;1;30;48;Ej oplyst;;261;Phosphor, total-P; =;0,271000012871809;g/kg TS;9999999;;2
Station;49000096;ARRESØ ST B;FRB490063B;32;695956;6208568;Gribskov;Region Hovedstaden;Sø;Arresø;11-11-1997;1;Næringsstoffer sediment, Sø;Ja;Miljøstyrelsen;https://vanda.miljoeportal.dk/link/9a89f45a-168d-415e-b802-9718cada3fb7;Aktivitetssted;32;695956;6208568;1;1;Blandingsprøve;1;0;2;Ej oplyst;;36;Tørstof,total; =;3,4;pct VV;9999999;;2
Station;49000097;ARRESØ ST C;FRB490063C;32;694929;6209746;Gribskov;Region Hovedstaden;Sø;Arresø;27-12-1993;1;Næringsstoffer sediment, Sø;Ja;Miljøstyrelsen;https://vanda.miljoeportal.dk/link/3d96bdf7-4c02-46b7-95c2-b0a492355762;Aktivitetssted;32;694929;6209746;1;3;Blandingsprøve;1;5;8;Ej oplyst;;253;Nitrogen,total N; =;0,250000011874363;g/kg TS;9999999;;2
Station;49000097;ARRESØ ST C;FRB490063C;32;694929;6209746;Gribskov;Region Hovedstaden;Sø;Arresø;11-11-2014;1;Næringsstoffer sediment, Sø;Ja;Miljøstyrelsen;https://vanda.miljoeportal.dk/link/fa1c24a4-3113-44bd-977e-1625b5d6d902;Aktivitetssted;32;694929;6209746;1;2;Blandingsprøve;1;2;5;Ej oplyst;;39;Glødetab, total; =;37;pct TS;9999999;;2
Station;49000097;ARRESØ ST C;FRB490063C;32;694929;6209746;Gribskov;Region Hovedstaden;Sø;Arresø;27-12-1993;1;Næringsstoffer sediment, Sø;Ja;Miljøstyrelsen;https://vanda.miljoeportal.dk/link/3d96bdf7-4c02-46b7-95c2-b0a492355762;Aktivitetssted;32;694929;6209746;1;3;Blandingsprøve;1;5;8;Ej oplyst;;1141;Organisk bundet P; =;0,250000011874363;g/kg TS;9999999;;2
Station;49000097;ARRESØ ST C;FRB490063C;32;694929;6209746;Gribskov;Region Hovedstaden;Sø;Arresø;05-11-2002;1;Næringsstoffer sediment, Sø;Ja;Miljøstyrelsen;https://vanda.miljoeportal.dk/link/b0c7144e-fb25-47e9-9829-821356e038d2;Aktivitetssted;32;694929;6209746;1;3;Blandingsprøve;1;5;10;Ej oplyst;;261;Phosphor, total-P; =;0,842000039992854;g/kg TS;9999999;;2
Station;49000097;ARRESØ ST C;FRB490063C;32;694929;6209746;Gribskov;Region Hovedstaden;Sø;Arresø;11-11-2014;1;Næringsstoffer sediment, Sø;Ja;Miljøstyrelsen;https://vanda.miljoeportal.dk/link/fa1c24a4-3113-44bd-977e-1625b5d6d902;Aktivitetssted;32;694929;6209746;1;4;Blandingsprøve;1;10;20;Ej oplyst;;261;Phosphor, total-P; =;1,20000005699694;g/kg TS;9999999;;2
Station;49000097;ARRESØ ST C;FRB490063C;32;694929;6209746;Gribskov;Region Hovedstaden;Sø;Arresø;11-11-2009;1;Næringsstoffer sediment, Sø;Ja;Miljøstyrelsen;https://vanda.miljoeportal.dk/link/5a2cc418-087b-4905-8650-dca9072d28dd;Aktivitetssted;32;694929;6209746;1;5;Blandingsprøve;1;20;30;Ej oplyst;;39;Glødetab, total; =;16,8;pct TS;9999999;;2
Station;49000095;ARRESØ ST A;FRB490063A;32;692735;6209960;Halsnæs;Region Hovedstaden;Sø;Arresø;11-11-2014;1;Næringsstoffer sediment, Sø;Ja;Miljøstyrelsen;https://vanda.miljoeportal.dk/link/7a8b4b64-8f15-45c6-9c78-7b8b5f25367c;Aktivitetssted;32;692735;6209960;1;3;Blandingsprøve;1;5;10;Ej oplyst;;36;Tørstof,total; =;6,4;pct VV;9999999;;2
Station;49000096;ARRESØ ST B;FRB490063B;32;695956;6208568;Gribskov;Region Hovedstaden;Sø;Arresø;11-11-2009;1;Næringsstoffer sediment, Sø;Ja;Miljøstyrelsen;https://vanda.miljoeportal.dk/link/50375709-7eb1-4b8d-ae7f-4a39ddb08980;Aktivitetssted;32;695956;6208568;1;5;Blandingsprøve;1;20;30;Ej oplyst;;36;Tørstof,total; =;30,3;pct VV;9999999;;2
Station;49000097;ARRESØ ST C;FRB490063C;32;694929;6209746;Gribskov;Region Hovedstaden;Sø;Arresø;08-11-2018;1;Næringsstoffer sediment, Sø;Ja;Miljøstyrelsen;https://vanda.miljoeportal.dk/link/613136f4-b66a-4491-9cdb-c24372244bc3;Aktivitetssted;32;694929;6209746;1;3;Blandingsprøve;1;5;10;Ej oplyst;;312;Jern; =;12,0000005699694;g/kg TS;9999999;;2
Station;49000095;ARRESØ ST A;FRB490063A;32;692735;6209960;Halsnæs;Region Hovedstaden;Sø;Arresø;27-12-1993;1;Næringsstoffer sediment, Sø;Ja;Miljøstyrelsen;https://vanda.miljoeportal.dk/link/1f5197b5-1d76-499d-b479-8635d30c8b4b;Aktivitetssted;32;692735;6209960;1;1;Blandingsprøve;1;0;2;Ej oplyst;;312;Jern; =;11,000000522472;g/kg TS;9999999;;2
Station;49000097;ARRESØ ST C;FRB490063C;32;694929;6209746;Gribskov;Region Hovedstaden;Sø;Arresø;11-11-2014;1;Næringsstoffer sediment, Sø;Ja;Miljøstyrelsen;https://vanda.miljoeportal.dk/link/fa1c24a4-3113-44bd-977e-1625b5d6d902;Aktivitetssted;32;694929;6209746;1;5;Blandingsprøve;1;20;30;Ej oplyst;;36;Tørstof,total; =;12;pct VV;9999999;;2
Station;49000097;ARRESØ ST C;FRB490063C;32;694929;6209746;Gribskov;Region Hovedstaden;Sø;Arresø;11-11-1997;1;Næringsstoffer sediment, Sø;Ja;Miljøstyrelsen;https://vanda.miljoeportal.dk/link/a9e6988d-37ab-4237-b542-d2fc5f942333;Aktivitetssted;32;694929;6209746;1;5;Blandingsprøve;1;20;30;Ej oplyst;;261;Phosphor, total-P; =;1,83000008692034;g/kg TS;9999999;;2
Station;49000096;ARRESØ ST B;FRB490063B;32;695956;6208568;Gribskov;Region Hovedstaden;Sø;Arresø;11-11-1997;1;Næringsstoffer sediment, Sø;Ja;Miljøstyrelsen;https://vanda.miljoeportal.dk/link/9a89f45a-168d-415e-b802-9718cada3fb7;Aktivitetssted;32;695956;6208568;1;3;Blandingsprøve;1;5;10;Ej oplyst;;280;Calcium; =;149,807007115451;g/kg TS;9999999;;2
Station;49000096;ARRESØ ST B;FRB490063B;32;695956;6208568;Gribskov;Region Hovedstaden;Sø;Arresø;11-11-1997;1;Næringsstoffer sediment, Sø;Ja;Miljøstyrelsen;https://vanda.miljoeportal.dk/link/9a89f45a-168d-415e-b802-9718cada3fb7;Aktivitetssted;32;695956;6208568;1;1;Blandingsprøve;1;0;2;Ej oplyst;;261;Phosphor, total-P; =;1,91000009072013;g/kg TS;9999999;;2
Station;49000095;ARRESØ ST A;FRB490063A;32;692735;6209960;Halsnæs;Region Hovedstaden;Sø;Arresø;27-12-1993;1;Næringsstoffer sediment, Sø;Ja;Miljøstyrelsen;https://vanda.miljoeportal.dk/link/1f5197b5-1d76-499d-b479-8635d30c8b4b;Aktivitetssted;32;692735;6209960;2;5;Blandingsprøve;1;20;30;Ej oplyst;;264;Phosphor, Ca-adsorberet; =;0,0100000004749745;g/kg TS;9999999;;2
Station;49000095;ARRESØ ST A;FRB490063A;32;692735;6209960;Halsnæs;Region Hovedstaden;Sø;Arresø;08-11-2018;1;Næringsstoffer sediment, Sø;Ja;Miljøstyrelsen;https://vanda.miljoeportal.dk/link/6f37ad8b-0299-47bb-bceb-a3f7ef3dd5ac;Aktivitetssted;32;692735;6209960;1;5;Blandingsprøve;1;20;30;Ej oplyst;;312;Jern; =;16,0000007599592;g/kg TS;9999999;;2
Station;49000095;ARRESØ ST A;FRB490063A;32;692735;6209960;Halsnæs;Region Hovedstaden;Sø;Arresø;11-11-2014;1;Næringsstoffer sediment, Sø;Ja;Miljøstyrelsen;https://vanda.miljoeportal.dk/link/7a8b4b64-8f15-45c6-9c78-7b8b5f25367c;Aktivitetssted;32;692735;6209960;1;5;Blandingsprøve;1;20;30;Ej oplyst;;39;Glødetab, total; =;29;pct TS;9999999;;2
Station;49000097;ARRESØ ST C;FRB490063C;32;694929;6209746;Gribskov;Region Hovedstaden;Sø;Arresø;11-11-2009;1;Næringsstoffer sediment, Sø;Ja;Miljøstyrelsen;https://vanda.miljoeportal.dk/link/5a2cc418-087b-4905-8650-dca9072d28dd;Aktivitetssted;32;694929;6209746;1;1;Blandingsprøve;1;0;2;Ej oplyst;;261;Phosphor, total-P; =;1,60000007599592;g/kg TS;9999999;;2
Station;49000095;ARRESØ ST A;FRB490063A;32;692735;6209960;Halsnæs;Region Hovedstaden;Sø;Arresø;27-12-1993;1;Næringsstoffer sediment, Sø;Ja;Miljøstyrelsen;https://vanda.miljoeportal.dk/link/1f5197b5-1d76-499d-b479-8635d30c8b4b;Aktivitetssted;32;692735;6209960;1;5;Blandingsprøve;1;20;30;Ej oplyst;;39;Glødetab, total; =;21,500000320375;pct TS;9999999;;2
Station;49000095;ARRESØ ST A;FRB490063A;32;692735;6209960;Halsnæs;Region Hovedstaden;Sø;Arresø;27-12-1993;1;Næringsstoffer sediment, Sø;Ja;Miljøstyrelsen;https://vanda.miljoeportal.dk/link/1f5197b5-1d76-499d-b479-8635d30c8b4b;Aktivitetssted;32;692735;6209960;1;2;Blandingsprøve;1;2;5;Ej oplyst;;253;Nitrogen,total N; =;10,600000503473;g/kg TS;9999999;;2
Station;49000096;ARRESØ ST B;FRB490063B;32;695956;6208568;Gribskov;Region Hovedstaden;Sø;Arresø;05-11-2002;1;Næringsstoffer sediment, Sø;Ja;Miljøstyrelsen;https://vanda.miljoeportal.dk/link/f11240b4-a108-4df4-bba7-61922127c168;Aktivitetssted;32;695956;6208568;1;4;Blandingsprøve;1;10;20;Ej oplyst;;39;Glødetab, total; =;18,1;pct TS;9999999;;2
Station;49000095;ARRESØ ST A;FRB490063A;32;692735;6209960;Halsnæs;Region Hovedstaden;Sø;Arresø;11-11-2014;1;Næringsstoffer sediment, Sø;Ja;Miljøstyrelsen;https://vanda.miljoeportal.dk/link/7a8b4b64-8f15-45c6-9c78-7b8b5f25367c;Aktivitetssted;32;692735;6209960;1;5;Blandingsprøve;1;20;30;Ej oplyst;;261;Phosphor, total-P; =;1,00000004749745;g/kg TS;9999999;;2
Station;49000095;ARRESØ ST A;FRB490063A;32;692735;6209960;Halsnæs;Region Hovedstaden;Sø;Arresø;11-11-2009;1;Næringsstoffer sediment, Sø;Ja;Miljøstyrelsen;https://vanda.miljoeportal.dk/link/7d157e1d-8fe8-4773-81a5-48b803b6e9ec;Aktivitetssted;32;692735;6209960;1;1;Blandingsprøve;1;0;2;Ej oplyst;;261;Phosphor, total-P; =;1,41000006697141;g/kg TS;9999999;;2
Station;49000096;ARRESØ ST B;FRB490063B;32;695956;6208568;Gribskov;Region Hovedstaden;Sø;Arresø;11-11-1997;1;Næringsstoffer sediment, Sø;Ja;Miljøstyrelsen;https://vanda.miljoeportal.dk/link/9a89f45a-168d-415e-b802-9718cada3fb7;Aktivitetssted;32;695956;6208568;1;3;Blandingsprøve;1;5;10;Ej oplyst;;312;Jern; =;6,50600030901842;g/kg TS;9999999;;2
Station;49000095;ARRESØ ST A;FRB490063A;32;692735;6209960;Halsnæs;Region Hovedstaden;Sø;Arresø;27-12-1993;1;Næringsstoffer sediment, Sø;Ja;Miljøstyrelsen;https://vanda.miljoeportal.dk/link/1f5197b5-1d76-499d-b479-8635d30c8b4b;Aktivitetssted;32;692735;6209960;1;3;Blandingsprøve;1;5;10;Ej oplyst;;36;Tørstof,total; =;13,6000002026558;pct VV;9999999;;2
Station;49000095;ARRESØ ST A;FRB490063A;32;692735;6209960;Halsnæs;Region Hovedstaden;Sø;Arresø;27-12-1993;1;Næringsstoffer sediment, Sø;Ja;Miljøstyrelsen;https://vanda.miljoeportal.dk/link/1f5197b5-1d76-499d-b479-8635d30c8b4b;Aktivitetssted;32;692735;6209960;2;6;Blandingsprøve;1;30;38;Ej oplyst;;312;Jern; =;14,0000006649643;g/kg TS;9999999;;2
Station;49000097;ARRESØ ST C;FRB490063C;32;694929;6209746;Gribskov;Region Hovedstaden;Sø;Arresø;11-11-1997;1;Næringsstoffer sediment, Sø;Ja;Miljøstyrelsen;https://vanda.miljoeportal.dk/link/a9e6988d-37ab-4237-b542-d2fc5f942333;Aktivitetssted;32;694929;6209746;1;1;Blandingsprøve;1;0;2;Ej oplyst;;39;Glødetab, total; =;48;pct TS;9999999;;2
Station;49000097;ARRESØ ST C;FRB490063C;32;694929;6209746;Gribskov;Region Hovedstaden;Sø;Arresø;11-11-2014;1;Næringsstoffer sediment, Sø;Ja;Miljøstyrelsen;https://vanda.miljoeportal.dk/link/fa1c24a4-3113-44bd-977e-1625b5d6d902;Aktivitetssted;32;694929;6209746;1;6;Blandingsprøve;1;30;50;Ej oplyst;;312;Jern; =;17,0000008074567;g/kg TS;9999999;;2
Station;49000095;ARRESØ ST A;FRB490063A;32;692735;6209960;Halsnæs;Region Hovedstaden;Sø;Arresø;11-11-2014;1;Næringsstoffer sediment, Sø;Ja;Miljøstyrelsen;https://vanda.miljoeportal.dk/link/7a8b4b64-8f15-45c6-9c78-7b8b5f25367c;Aktivitetssted;32;692735;6209960;1;1;Blandingsprøve;1;0;2;Ej oplyst;;36;Tørstof,total; =;3,3;pct VV;9999999;;2
Station;49000095;ARRESØ ST A;FRB490063A;32;692735;6209960;Halsnæs;Region Hovedstaden;Sø;Arresø;08-11-2018;1;Næringsstoffer sediment, Sø;Ja;Miljøstyrelsen;https://vanda.miljoeportal.dk/link/6f37ad8b-0299-47bb-bceb-a3f7ef3dd5ac;Aktivitetssted;32;692735;6209960;1;4;Blandingsprøve;1;10;20;Ej oplyst;;36;Tørstof,total; =;13,9;pct VV;9999999;;2
Station;49000095;ARRESØ ST A;FRB490063A;32;692735;6209960;Halsnæs;Region Hovedstaden;Sø;Arresø;27-12-1993;1;Næringsstoffer sediment, Sø;Ja;Miljøstyrelsen;https://vanda.miljoeportal.dk/link/1f5197b5-1d76-499d-b479-8635d30c8b4b;Aktivitetssted;32;692735;6209960;1;1;Blandingsprøve;1;0;2;Ej oplyst;;39;Glødetab, total; =;32,3000004813075;pct TS;9999999;;2
Station;49000097;ARRESØ ST C;FRB490063C;32;694929;6209746;Gribskov;Region Hovedstaden;Sø;Arresø;05-11-2002;1;Næringsstoffer sediment, Sø;Ja;Miljøstyrelsen;https://vanda.miljoeportal.dk/link/b0c7144e-fb25-47e9-9829-821356e038d2;Aktivitetssted;32;694929;6209746;1;3;Blandingsprøve;1;5;10;Ej oplyst;;253;Nitrogen,total N; =;12,5000005937181;g/kg TS;9999999;;2
Station;49000097;ARRESØ ST C;FRB490063C;32;694929;6209746;Gribskov;Region Hovedstaden;Sø;Arresø;11-11-2009;1;Næringsstoffer sediment, Sø;Ja;Miljøstyrelsen;https://vanda.miljoeportal.dk/link/5a2cc418-087b-4905-8650-dca9072d28dd;Aktivitetssted;32;694929;6209746;1;6;Blandingsprøve;1;30;39;Ej oplyst;;36;Tørstof,total; =;15,8;pct VV;9999999;;2
Station;49000097;ARRESØ ST C;FRB490063C;32;694929;6209746;Gribskov;Region Hovedstaden;Sø;Arresø;11-11-2009;1;Næringsstoffer sediment, Sø;Ja;Miljøstyrelsen;https://vanda.miljoeportal.dk/link/5a2cc418-087b-4905-8650-dca9072d28dd;Aktivitetssted;32;694929;6209746;1;4;Blandingsprøve;1;10;20;Ej oplyst;;312;Jern; =;9,88000046927482;g/kg TS;9999999;;2
Station;49000096;ARRESØ ST B;FRB490063B;32;695956;6208568;Gribskov;Region Hovedstaden;Sø;Arresø;11-11-2009;1;Næringsstoffer sediment, Sø;Ja;Miljøstyrelsen;https://vanda.miljoeportal.dk/link/50375709-7eb1-4b8d-ae7f-4a39ddb08980;Aktivitetssted;32;695956;6208568;1;3;Blandingsprøve;1;5;10;Ej oplyst;;36;Tørstof,total; =;10,6;pct VV;9999999;;2
Station;49000096;ARRESØ ST B;FRB490063B;32;695956;6208568;Gribskov;Region Hovedstaden;Sø;Arresø;11-11-2009;1;Næringsstoffer sediment, Sø;Ja;Miljøstyrelsen;https://vanda.miljoeportal.dk/link/50375709-7eb1-4b8d-ae7f-4a39ddb08980;Aktivitetssted;32;695956;6208568;1;5;Blandingsprøve;1;20;30;Ej oplyst;;39;Glødetab, total; =;11;pct TS;9999999;;2
Station;49000097;ARRESØ ST C;FRB490063C;32;694929;6209746;Gribskov;Region Hovedstaden;Sø;Arresø;11-11-2009;1;Næringsstoffer sediment, Sø;Ja;Miljøstyrelsen;https://vanda.miljoeportal.dk/link/5a2cc418-087b-4905-8650-dca9072d28dd;Aktivitetssted;32;694929;6209746;1;4;Blandingsprøve;1;10;20;Ej oplyst;;36;Tørstof,total; =;8,87;pct VV;9999999;;2
Station;49000097;ARRESØ ST C;FRB490063C;32;694929;6209746;Gribskov;Region Hovedstaden;Sø;Arresø;11-11-2014;1;Næringsstoffer sediment, Sø;Ja;Miljøstyrelsen;https://vanda.miljoeportal.dk/link/fa1c24a4-3113-44bd-977e-1625b5d6d902;Aktivitetssted;32;694929;6209746;1;1;Blandingsprøve;1;0;2;Ej oplyst;;312;Jern; =;9,50000045122579;g/kg TS;9999999;;2
Station;49000095;ARRESØ ST A;FRB490063A;32;692735;6209960;Halsnæs;Region Hovedstaden;Sø;Arresø;27-12-1993;1;Næringsstoffer sediment, Sø;Ja;Miljøstyrelsen;https://vanda.miljoeportal.dk/link/1f5197b5-1d76-499d-b479-8635d30c8b4b;Aktivitetssted;32;692735;6209960;1;1;Blandingsprøve;1;0;2;Ej oplyst;;1141;Organisk bundet P; =;0,595000028260984;g/kg TS;9999999;;2
Station;49000095;ARRESØ ST A;FRB490063A;32;692735;6209960;Halsnæs;Region Hovedstaden;Sø;Arresø;05-11-2002;1;Næringsstoffer sediment, Sø;Ja;Miljøstyrelsen;https://vanda.miljoeportal.dk/link/1799b391-4a2d-4559-baf3-debaca726093;Aktivitetssted;32;692735;6209960;1;4;Blandingsprøve;1;10;20;Ej oplyst;;39;Glødetab, total; =;17,6;pct TS;9999999;;2
Station;49000097;ARRESØ ST C;FRB490063C;32;694929;6209746;Gribskov;Region Hovedstaden;Sø;Arresø;11-11-1997;1;Næringsstoffer sediment, Sø;Ja;Miljøstyrelsen;https://vanda.miljoeportal.dk/link/a9e6988d-37ab-4237-b542-d2fc5f942333;Aktivitetssted;32;694929;6209746;1;3;Blandingsprøve;1;5;10;Ej oplyst;;312;Jern; =;7,81200037105009;g/kg TS;9999999;;2
Station;49000096;ARRESØ ST B;FRB490063B;32;695956;6208568;Gribskov;Region Hovedstaden;Sø;Arresø;11-11-1997;1;Næringsstoffer sediment, Sø;Ja;Miljøstyrelsen;https://vanda.miljoeportal.dk/link/9a89f45a-168d-415e-b802-9718cada3fb7;Aktivitetssted;32;695956;6208568;1;5;Blandingsprøve;1;20;30;Ej oplyst;;280;Calcium; =;150,000007124618;g/kg TS;9999999;;2
Station;49000096;ARRESØ ST B;FRB490063B;32;695956;6208568;Gribskov;Region Hovedstaden;Sø;Arresø;08-11-2018;1;Næringsstoffer sediment, Sø;Ja;Miljøstyrelsen;https://vanda.miljoeportal.dk/link/ad06c7b4-5524-4ef2-80d6-606d87074051;Aktivitetssted;32;695956;6208568;1;5;Blandingsprøve;1;20;30;Ej oplyst;;36;Tørstof,total; =;14,4;pct VV;9999999;;2
Station;49000097;ARRESØ ST C;FRB490063C;32;694929;6209746;Gribskov;Region Hovedstaden;Sø;Arresø;11-11-1997;1;Næringsstoffer sediment, Sø;Ja;Miljøstyrelsen;https://vanda.miljoeportal.dk/link/a9e6988d-37ab-4237-b542-d2fc5f942333;Aktivitetssted;32;694929;6209746;1;6;Blandingsprøve;1;30;39;Ej oplyst;;312;Jern; =;13,74200065271;g/kg TS;9999999;;2
Station;49000095;ARRESØ ST A;FRB490063A;32;692735;6209960;Halsnæs;Region Hovedstaden;Sø;Arresø;27-12-1993;1;Næringsstoffer sediment, Sø;Ja;Miljøstyrelsen;https://vanda.miljoeportal.dk/link/1f5197b5-1d76-499d-b479-8635d30c8b4b;Aktivitetssted;32;692735;6209960;2;4;Blandingsprøve;1;10;20;Ej oplyst;;312;Jern; =;14,0000006649643;g/kg TS;9999999;;2
Station;49000095;ARRESØ ST A;FRB490063A;32;692735;6209960;Halsnæs;Region Hovedstaden;Sø;Arresø;27-12-1993;1;Næringsstoffer sediment, Sø;Ja;Miljøstyrelsen;https://vanda.miljoeportal.dk/link/1f5197b5-1d76-499d-b479-8635d30c8b4b;Aktivitetssted;32;692735;6209960;2;3;Blandingsprøve;1;5;10;Ej oplyst;;253;Nitrogen,total N; =;12,6000005984679;g/kg TS;9999999;;2
Station;49000096;ARRESØ ST B;FRB490063B;32;695956;6208568;Gribskov;Region Hovedstaden;Sø;Arresø;11-11-2009;1;Næringsstoffer sediment, Sø;Ja;Miljøstyrelsen;https://vanda.miljoeportal.dk/link/50375709-7eb1-4b8d-ae7f-4a39ddb08980;Aktivitetssted;32;695956;6208568;1;1;Blandingsprøve;1;0;2;Ej oplyst;;312;Jern; =;8,64000041037798;g/kg TS;9999999;;2
Station;49000095;ARRESØ ST A;FRB490063A;32;692735;6209960;Halsnæs;Region Hovedstaden;Sø;Arresø;27-12-1993;1;Næringsstoffer sediment, Sø;Ja;Miljøstyrelsen;https://vanda.miljoeportal.dk/link/1f5197b5-1d76-499d-b479-8635d30c8b4b;Aktivitetssted;32;692735;6209960;2;5;Blandingsprøve;1;20;30;Ej oplyst;;263;Phosphor, Fe-adsorberet; =;0,362000017194077;g/kg TS;9999999;;2
Station;49000095;ARRESØ ST A;FRB490063A;32;692735;6209960;Halsnæs;Region Hovedstaden;Sø;Arresø;27-12-1993;1;Næringsstoffer sediment, Sø;Ja;Miljøstyrelsen;https://vanda.miljoeportal.dk/link/1f5197b5-1d76-499d-b479-8635d30c8b4b;Aktivitetssted;32;692735;6209960;1;4;Blandingsprøve;1;10;20;Ej oplyst;;263;Phosphor, Fe-adsorberet; =;0,0880000041797757;g/kg TS;9999999;;2
Station;49000095;ARRESØ ST A;FRB490063A;32;692735;6209960;Halsnæs;Region Hovedstaden;Sø;Arresø;27-12-1993;1;Næringsstoffer sediment, Sø;Ja;Miljøstyrelsen;https://vanda.miljoeportal.dk/link/1f5197b5-1d76-499d-b479-8635d30c8b4b;Aktivitetssted;32;692735;6209960;1;5;Blandingsprøve;1;20;30;Ej oplyst;;261;Phosphor, total-P; =;0,745000035385601;g/kg TS;9999999;;2
Station;49000097;ARRESØ ST C;FRB490063C;32;694929;6209746;Gribskov;Region Hovedstaden;Sø;Arresø;05-11-2002;1;Næringsstoffer sediment, Sø;Ja;Miljøstyrelsen;https://vanda.miljoeportal.dk/link/b0c7144e-fb25-47e9-9829-821356e038d2;Aktivitetssted;32;694929;6209746;1;3;Blandingsprøve;1;5;10;Ej oplyst;;39;Glødetab, total; =;20,3;pct TS;9999999;;2
Station;49000095;ARRESØ ST A;FRB490063A;32;692735;6209960;Halsnæs;Region Hovedstaden;Sø;Arresø;11-11-1997;1;Næringsstoffer sediment, Sø;Ja;Miljøstyrelsen;https://vanda.miljoeportal.dk/link/67278144-484b-47a5-b7eb-3814aa77dea3;Aktivitetssted;32;692735;6209960;1;2;Blandingsprøve;1;2;5;Ej oplyst;;39;Glødetab, total; =;44;pct TS;9999999;;2
Station;49000096;ARRESØ ST B;FRB490063B;32;695956;6208568;Gribskov;Region Hovedstaden;Sø;Arresø;11-11-1997;1;Næringsstoffer sediment, Sø;Ja;Miljøstyrelsen;https://vanda.miljoeportal.dk/link/9a89f45a-168d-415e-b802-9718cada3fb7;Aktivitetssted;32;695956;6208568;1;6;Blandingsprøve;1;30;41;Ej oplyst;;39;Glødetab, total; =;18;pct TS;9999999;;2
Station;49000095;ARRESØ ST A;FRB490063A;32;692735;6209960;Halsnæs;Region Hovedstaden;Sø;Arresø;11-11-1997;1;Næringsstoffer sediment, Sø;Ja;Miljøstyrelsen;https://vanda.miljoeportal.dk/link/67278144-484b-47a5-b7eb-3814aa77dea3;Aktivitetssted;32;692735;6209960;1;5;Blandingsprøve;1;20;30;Ej oplyst;;312;Jern; =;16,0340007615741;g/kg TS;9999999;;2
Station;49000095;ARRESØ ST A;FRB490063A;32;692735;6209960;Halsnæs;Region Hovedstaden;Sø;Arresø;27-12-1993;1;Næringsstoffer sediment, Sø;Ja;Miljøstyrelsen;https://vanda.miljoeportal.dk/link/1f5197b5-1d76-499d-b479-8635d30c8b4b;Aktivitetssted;32;692735;6209960;1;6;Blandingsprøve;1;30;38;Ej oplyst;;280;Calcium; =;61,0000028973445;g/kg TS;9999999;;2
Station;49000096;ARRESØ ST B;FRB490063B;32;695956;6208568;Gribskov;Region Hovedstaden;Sø;Arresø;08-11-2018;1;Næringsstoffer sediment, Sø;Ja;Miljøstyrelsen;https://vanda.miljoeportal.dk/link/ad06c7b4-5524-4ef2-80d6-606d87074051;Aktivitetssted;32;695956;6208568;1;5;Blandingsprøve;1;20;30;Ej oplyst;;39;Glødetab, total; =;20,6;pct TS;9999999;;2
Station;49000095;ARRESØ ST A;FRB490063A;32;692735;6209960;Halsnæs;Region Hovedstaden;Sø;Arresø;27-12-1993;1;Næringsstoffer sediment, Sø;Ja;Miljøstyrelsen;https://vanda.miljoeportal.dk/link/1f5197b5-1d76-499d-b479-8635d30c8b4b;Aktivitetssted;32;692735;6209960;1;2;Blandingsprøve;1;2;5;Ej oplyst;;36;Tørstof,total; =;10,9000001624227;pct VV;9999999;;2
Station;49000095;ARRESØ ST A;FRB490063A;32;692735;6209960;Halsnæs;Region Hovedstaden;Sø;Arresø;27-12-1993;1;Næringsstoffer sediment, Sø;Ja;Miljøstyrelsen;https://vanda.miljoeportal.dk/link/1f5197b5-1d76-499d-b479-8635d30c8b4b;Aktivitetssted;32;692735;6209960;2;3;Blandingsprøve;1;5;10;Ej oplyst;;1138;Adsorberet P; =;0,0190000009024516;g/kg TS;9999999;;2
Station;49000095;ARRESØ ST A;FRB490063A;32;692735;6209960;Halsnæs;Region Hovedstaden;Sø;Arresø;05-11-2002;1;Næringsstoffer sediment, Sø;Ja;Miljøstyrelsen;https://vanda.miljoeportal.dk/link/1799b391-4a2d-4559-baf3-debaca726093;Aktivitetssted;32;692735;6209960;1;5;Blandingsprøve;1;20;30;Ej oplyst;;280;Calcium; =;158,000007504597;g/kg TS;9999999;;2
Station;49000095;ARRESØ ST A;FRB490063A;32;692735;6209960;Halsnæs;Region Hovedstaden;Sø;Arresø;27-12-1993;1;Næringsstoffer sediment, Sø;Ja;Miljøstyrelsen;https://vanda.miljoeportal.dk/link/1f5197b5-1d76-499d-b479-8635d30c8b4b;Aktivitetssted;32;692735;6209960;2;2;Blandingsprøve;1;2;5;Ej oplyst;;36;Tørstof,total; =;23,1000003442168;pct VV;9999999;;2
Station;49000095;ARRESØ ST A;FRB490063A;32;692735;6209960;Halsnæs;Region Hovedstaden;Sø;Arresø;05-11-2002;1;Næringsstoffer sediment, Sø;Ja;Miljøstyrelsen;https://vanda.miljoeportal.dk/link/1799b391-4a2d-4559-baf3-debaca726093;Aktivitetssted;32;692735;6209960;1;2;Blandingsprøve;1;2;5;Ej oplyst;;39;Glødetab, total; =;19,8;pct TS;9999999;;2
Station;49000097;ARRESØ ST C;FRB490063C;32;694929;6209746;Gribskov;Region Hovedstaden;Sø;Arresø;11-11-2009;1;Næringsstoffer sediment, Sø;Ja;Miljøstyrelsen;https://vanda.miljoeportal.dk/link/5a2cc418-087b-4905-8650-dca9072d28dd;Aktivitetssted;32;694929;6209746;1;3;Blandingsprøve;1;5;10;Ej oplyst;;312;Jern; =;9,10000043222681;g/kg TS;9999999;;2
Station;49000096;ARRESØ ST B;FRB490063B;32;695956;6208568;Gribskov;Region Hovedstaden;Sø;Arresø;05-11-2002;1;Næringsstoffer sediment, Sø;Ja;Miljøstyrelsen;https://vanda.miljoeportal.dk/link/f11240b4-a108-4df4-bba7-61922127c168;Aktivitetssted;32;695956;6208568;1;2;Blandingsprøve;1;2;5;Ej oplyst;;312;Jern; =;14,0000006649643;g/kg TS;9999999;;2
Station;49000096;ARRESØ ST B;FRB490063B;32;695956;6208568;Gribskov;Region Hovedstaden;Sø;Arresø;11-11-1997;1;Næringsstoffer sediment, Sø;Ja;Miljøstyrelsen;https://vanda.miljoeportal.dk/link/9a89f45a-168d-415e-b802-9718cada3fb7;Aktivitetssted;32;695956;6208568;1;2;Blandingsprøve;1;2;5;Ej oplyst;;39;Glødetab, total; =;42;pct TS;9999999;;2
Station;49000095;ARRESØ ST A;FRB490063A;32;692735;6209960;Halsnæs;Region Hovedstaden;Sø;Arresø;27-12-1993;1;Næringsstoffer sediment, Sø;Ja;Miljøstyrelsen;https://vanda.miljoeportal.dk/link/1f5197b5-1d76-499d-b479-8635d30c8b4b;Aktivitetssted;32;692735;6209960;2;2;Blandingsprøve;1;2;5;Ej oplyst;;261;Phosphor, total-P; =;0,448000021278858;g/kg TS;9999999;;2
Station;49000095;ARRESØ ST A;FRB490063A;32;692735;6209960;Halsnæs;Region Hovedstaden;Sø;Arresø;11-11-1997;1;Næringsstoffer sediment, Sø;Ja;Miljøstyrelsen;https://vanda.miljoeportal.dk/link/67278144-484b-47a5-b7eb-3814aa77dea3;Aktivitetssted;32;692735;6209960;1;2;Blandingsprøve;1;2;5;Ej oplyst;;312;Jern; =;6,50600030901842;g/kg TS;9999999;;2
Station;49000095;ARRESØ ST A;FRB490063A;32;692735;6209960;Halsnæs;Region Hovedstaden;Sø;Arresø;27-12-1993;1;Næringsstoffer sediment, Sø;Ja;Miljøstyrelsen;https://vanda.miljoeportal.dk/link/1f5197b5-1d76-499d-b479-8635d30c8b4b;Aktivitetssted;32;692735;6209960;2;6;Blandingsprøve;1;30;38;Ej oplyst;;263;Phosphor, Fe-adsorberet; =;0,0900000042747706;g/kg TS;9999999;;2
Station;49000097;ARRESØ ST C;FRB490063C;32;694929;6209746;Gribskov;Region Hovedstaden;Sø;Arresø;11-11-2009;1;Næringsstoffer sediment, Sø;Ja;Miljøstyrelsen;https://vanda.miljoeportal.dk/link/5a2cc418-087b-4905-8650-dca9072d28dd;Aktivitetssted;32;694929;6209746;1;2;Blandingsprøve;1;2;5;Ej oplyst;;36;Tørstof,total; =;4,8;pct VV;9999999;;2
Station;49000095;ARRESØ ST A;FRB490063A;32;692735;6209960;Halsnæs;Region Hovedstaden;Sø;Arresø;11-11-1997;1;Næringsstoffer sediment, Sø;Ja;Miljøstyrelsen;https://vanda.miljoeportal.dk/link/67278144-484b-47a5-b7eb-3814aa77dea3;Aktivitetssted;32;692735;6209960;1;5;Blandingsprøve;1;20;30;Ej oplyst;;280;Calcium; =;170,000008074567;g/kg TS;9999999;;2
Station;49000095;ARRESØ ST A;FRB490063A;32;692735;6209960;Halsnæs;Region Hovedstaden;Sø;Arresø;27-12-1993;1;Næringsstoffer sediment, Sø;Ja;Miljøstyrelsen;https://vanda.miljoeportal.dk/link/1f5197b5-1d76-499d-b479-8635d30c8b4b;Aktivitetssted;32;692735;6209960;2;2;Blandingsprøve;1;2;5;Ej oplyst;;39;Glødetab, total; =;8,52000012695789;pct TS;9999999;;1
Station;49000097;ARRESØ ST C;FRB490063C;32;694929;6209746;Gribskov;Region Hovedstaden;Sø;Arresø;11-11-2014;1;Næringsstoffer sediment, Sø;Ja;Miljøstyrelsen;https://vanda.miljoeportal.dk/link/fa1c24a4-3113-44bd-977e-1625b5d6d902;Aktivitetssted;32;694929;6209746;1;6;Blandingsprøve;1;30;50;Ej oplyst;;36;Tørstof,total; =;18;pct VV;9999999;;2
Station;49000095;ARRESØ ST A;FRB490063A;32;692735;6209960;Halsnæs;Region Hovedstaden;Sø;Arresø;27-12-1993;1;Næringsstoffer sediment, Sø;Ja;Miljøstyrelsen;https://vanda.miljoeportal.dk/link/1f5197b5-1d76-499d-b479-8635d30c8b4b;Aktivitetssted;32;692735;6209960;1;1;Blandingsprøve;1;0;2;Ej oplyst;;265;Phosphor, Al-adsorberet; =;0,126000005984679;g/kg TS;9999999;;2
Station;49000096;ARRESØ ST B;FRB490063B;32;695956;6208568;Gribskov;Region Hovedstaden;Sø;Arresø;08-11-2018;1;Næringsstoffer sediment, Sø;Ja;Miljøstyrelsen;https://vanda.miljoeportal.dk/link/ad06c7b4-5524-4ef2-80d6-606d87074051;Aktivitetssted;32;695956;6208568;1;6;Blandingsprøve;1;30;48;Ej oplyst;;39;Glødetab, total; =;26;pct TS;9999999;;2
Station;49000095;ARRESØ ST A;FRB490063A;32;692735;6209960;Halsnæs;Region Hovedstaden;Sø;Arresø;27-12-1993;1;Næringsstoffer sediment, Sø;Ja;Miljøstyrelsen;https://vanda.miljoeportal.dk/link/1f5197b5-1d76-499d-b479-8635d30c8b4b;Aktivitetssted;32;692735;6209960;1;3;Blandingsprøve;1;5;10;Ej oplyst;;280;Calcium; =;65,0000030873343;g/kg TS;9999999;;2
Station;49000095;ARRESØ ST A;FRB490063A;32;692735;6209960;Halsnæs;Region Hovedstaden;Sø;Arresø;27-12-1993;1;Næringsstoffer sediment, Sø;Ja;Miljøstyrelsen;https://vanda.miljoeportal.dk/link/1f5197b5-1d76-499d-b479-8635d30c8b4b;Aktivitetssted;32;692735;6209960;1;4;Blandingsprøve;1;10;20;Ej oplyst;;265;Phosphor, Al-adsorberet;<;0,00500000023748726;g/kg TS;9999999;;2
Station;49000095;ARRESØ ST A;FRB490063A;32;692735;6209960;Halsnæs;Region Hovedstaden;Sø;Arresø;27-12-1993;1;Næringsstoffer sediment, Sø;Ja;Miljøstyrelsen;https://vanda.miljoeportal.dk/link/1f5197b5-1d76-499d-b479-8635d30c8b4b;Aktivitetssted;32;692735;6209960;2;3;Blandingsprøve;1;5;10;Ej oplyst;;36;Tørstof,total; =;12,3000001832843;pct VV;9999999;;2
Station;49000095;ARRESØ ST A;FRB490063A;32;692735;6209960;Halsnæs;Region Hovedstaden;Sø;Arresø;08-11-2018;1;Næringsstoffer sediment, Sø;Ja;Miljøstyrelsen;https://vanda.miljoeportal.dk/link/6f37ad8b-0299-47bb-bceb-a3f7ef3dd5ac;Aktivitetssted;32;692735;6209960;1;1;Blandingsprøve;1;0;2;Ej oplyst;;39;Glødetab, total; =;41,1;pct TS;9999999;;2
Station;49000096;ARRESØ ST B;FRB490063B;32;695956;6208568;Gribskov;Region Hovedstaden;Sø;Arresø;05-11-2002;1;Næringsstoffer sediment, Sø;Ja;Miljøstyrelsen;https://vanda.miljoeportal.dk/link/f11240b4-a108-4df4-bba7-61922127c168;Aktivitetssted;32;695956;6208568;1;2;Blandingsprøve;1;2;5;Ej oplyst;;39;Glødetab, total; =;21;pct TS;9999999;;2
Station;49000095;ARRESØ ST A;FRB490063A;32;692735;6209960;Halsnæs;Region Hovedstaden;Sø;Arresø;27-12-1993;1;Næringsstoffer sediment, Sø;Ja;Miljøstyrelsen;https://vanda.miljoeportal.dk/link/1f5197b5-1d76-499d-b479-8635d30c8b4b;Aktivitetssted;32;692735;6209960;2;3;Blandingsprøve;1;5;10;Ej oplyst;;265;Phosphor, Al-adsorberet; =;0,00800000037997961;g/kg TS;9999999;;2
Station;49000096;ARRESØ ST B;FRB490063B;32;695956;6208568;Gribskov;Region Hovedstaden;Sø;Arresø;11-11-2009;1;Næringsstoffer sediment, Sø;Ja;Miljøstyrelsen;https://vanda.miljoeportal.dk/link/50375709-7eb1-4b8d-ae7f-4a39ddb08980;Aktivitetssted;32;695956;6208568;1;6;Blandingsprøve;1;30;48;Ej oplyst;;39;Glødetab, total; =;6,5;pct TS;9999999;;2
Station;49000095;ARRESØ ST A;FRB490063A;32;692735;6209960;Halsnæs;Region Hovedstaden;Sø;Arresø;27-12-1993;1;Næringsstoffer sediment, Sø;Ja;Miljøstyrelsen;https://vanda.miljoeportal.dk/link/1f5197b5-1d76-499d-b479-8635d30c8b4b;Aktivitetssted;32;692735;6209960;1;4;Blandingsprøve;1;10;20;Ej oplyst;;312;Jern; =;14,0000006649643;g/kg TS;9999999;;2
Station;49000095;ARRESØ ST A;FRB490063A;32;692735;6209960;Halsnæs;Region Hovedstaden;Sø;Arresø;11-11-2009;1;Næringsstoffer sediment, Sø;Ja;Miljøstyrelsen;https://vanda.miljoeportal.dk/link/7d157e1d-8fe8-4773-81a5-48b803b6e9ec;Aktivitetssted;32;692735;6209960;1;2;Blandingsprøve;1;2;5;Ej oplyst;;261;Phosphor, total-P; =;1,41000006697141;g/kg TS;9999999;;2
Station;49000095;ARRESØ ST A;FRB490063A;32;692735;6209960;Halsnæs;Region Hovedstaden;Sø;Arresø;11-11-2009;1;Næringsstoffer sediment, Sø;Ja;Miljøstyrelsen;https://vanda.miljoeportal.dk/link/7d157e1d-8fe8-4773-81a5-48b803b6e9ec;Aktivitetssted;32;692735;6209960;1;3;Blandingsprøve;1;5;10;Ej oplyst;;312;Jern; =;9,74000046262518;g/kg TS;9999999;;2
Station;49000095;ARRESØ ST A;FRB490063A;32;692735;6209960;Halsnæs;Region Hovedstaden;Sø;Arresø;27-12-1993;1;Næringsstoffer sediment, Sø;Ja;Miljøstyrelsen;https://vanda.miljoeportal.dk/link/1f5197b5-1d76-499d-b479-8635d30c8b4b;Aktivitetssted;32;692735;6209960;2;3;Blandingsprøve;1;5;10;Ej oplyst;;312;Jern; =;17,0000008074567;g/kg TS;9999999;;2
Station;49000097;ARRESØ ST C;FRB490063C;32;694929;6209746;Gribskov;Region Hovedstaden;Sø;Arresø;11-11-1997;1;Næringsstoffer sediment, Sø;Ja;Miljøstyrelsen;https://vanda.miljoeportal.dk/link/a9e6988d-37ab-4237-b542-d2fc5f942333;Aktivitetssted;32;694929;6209746;1;4;Blandingsprøve;1;10;20;Ej oplyst;;39;Glødetab, total; =;32;pct TS;9999999;;2
Station;49000095;ARRESØ ST A;FRB490063A;32;692735;6209960;Halsnæs;Region Hovedstaden;Sø;Arresø;11-11-1997;1;Næringsstoffer sediment, Sø;Ja;Miljøstyrelsen;https://vanda.miljoeportal.dk/link/67278144-484b-47a5-b7eb-3814aa77dea3;Aktivitetssted;32;692735;6209960;1;2;Blandingsprøve;1;2;5;Ej oplyst;;280;Calcium; =;140,000006649643;g/kg TS;9999999;;2
Station;49000095;ARRESØ ST A;FRB490063A;32;692735;6209960;Halsnæs;Region Hovedstaden;Sø;Arresø;05-11-2002;1;Næringsstoffer sediment, Sø;Ja;Miljøstyrelsen;https://vanda.miljoeportal.dk/link/1799b391-4a2d-4559-baf3-debaca726093;Aktivitetssted;32;692735;6209960;1;3;Blandingsprøve;1;5;10;Ej oplyst;;39;Glødetab, total; =;16,6;pct TS;9999999;;2
Station;49000095;ARRESØ ST A;FRB490063A;32;692735;6209960;Halsnæs;Region Hovedstaden;Sø;Arresø;11-11-1997;1;Næringsstoffer sediment, Sø;Ja;Miljøstyrelsen;https://vanda.miljoeportal.dk/link/67278144-484b-47a5-b7eb-3814aa77dea3;Aktivitetssted;32;692735;6209960;1;1;Blandingsprøve;1;0;2;Ej oplyst;;280;Calcium; =;140,000006649643;g/kg TS;9999999;;2
Station;49000095;ARRESØ ST A;FRB490063A;32;692735;6209960;Halsnæs;Region Hovedstaden;Sø;Arresø;27-12-1993;1;Næringsstoffer sediment, Sø;Ja;Miljøstyrelsen;https://vanda.miljoeportal.dk/link/1f5197b5-1d76-499d-b479-8635d30c8b4b;Aktivitetssted;32;692735;6209960;1;4;Blandingsprøve;1;10;20;Ej oplyst;;261;Phosphor, total-P; =;0,650000030873343;g/kg TS;9999999;;2
Station;49000097;ARRESØ ST C;FRB490063C;32;694929;6209746;Gribskov;Region Hovedstaden;Sø;Arresø;05-11-2002;1;Næringsstoffer sediment, Sø;Ja;Miljøstyrelsen;https://vanda.miljoeportal.dk/link/b0c7144e-fb25-47e9-9829-821356e038d2;Aktivitetssted;32;694929;6209746;1;1;Blandingsprøve;1;0;2;Ej oplyst;;253;Nitrogen,total N; =;15,8000007504597;g/kg TS;9999999;;2
Station;49000095;ARRESØ ST A;FRB490063A;32;692735;6209960;Halsnæs;Region Hovedstaden;Sø;Arresø;11-11-1997;1;Næringsstoffer sediment, Sø;Ja;Miljøstyrelsen;https://vanda.miljoeportal.dk/link/67278144-484b-47a5-b7eb-3814aa77dea3;Aktivitetssted;32;692735;6209960;1;2;Blandingsprøve;1;2;5;Ej oplyst;;36;Tørstof,total; =;3,7;pct VV;9999999;;2
Station;49000096;ARRESØ ST B;FRB490063B;32;695956;6208568;Gribskov;Region Hovedstaden;Sø;Arresø;08-11-2018;1;Næringsstoffer sediment, Sø;Ja;Miljøstyrelsen;https://vanda.miljoeportal.dk/link/ad06c7b4-5524-4ef2-80d6-606d87074051;Aktivitetssted;32;695956;6208568;1;1;Blandingsprøve;1;0;2;Ej oplyst;;261;Phosphor, total-P; =;1,80000008549541;g/kg TS;9999999;;2
Station;49000095;ARRESØ ST A;FRB490063A;32;692735;6209960;Halsnæs;Region Hovedstaden;Sø;Arresø;05-11-2002;1;Næringsstoffer sediment, Sø;Ja;Miljøstyrelsen;https://vanda.miljoeportal.dk/link/1799b391-4a2d-4559-baf3-debaca726093;Aktivitetssted;32;692735;6209960;1;1;Blandingsprøve;1;0;2;Ej oplyst;;280;Calcium; =;140,000006649643;g/kg TS;9999999;;2
Station;49000095;ARRESØ ST A;FRB490063A;32;692735;6209960;Halsnæs;Region Hovedstaden;Sø;Arresø;27-12-1993;1;Næringsstoffer sediment, Sø;Ja;Miljøstyrelsen;https://vanda.miljoeportal.dk/link/1f5197b5-1d76-499d-b479-8635d30c8b4b;Aktivitetssted;32;692735;6209960;1;3;Blandingsprøve;1;5;10;Ej oplyst;;312;Jern; =;18,0000008549541;g/kg TS;9999999;;2
Station;49000096;ARRESØ ST B;FRB490063B;32;695956;6208568;Gribskov;Region Hovedstaden;Sø;Arresø;11-11-1997;1;Næringsstoffer sediment, Sø;Ja;Miljøstyrelsen;https://vanda.miljoeportal.dk/link/9a89f45a-168d-415e-b802-9718cada3fb7;Aktivitetssted;32;695956;6208568;1;4;Blandingsprøve;1;10;20;Ej oplyst;;253;Nitrogen,total N; =;20,000000949949;g/kg TS;9999999;;2
Station;49000097;ARRESØ ST C;FRB490063C;32;694929;6209746;Gribskov;Region Hovedstaden;Sø;Arresø;08-11-2018;1;Næringsstoffer sediment, Sø;Ja;Miljøstyrelsen;https://vanda.miljoeportal.dk/link/613136f4-b66a-4491-9cdb-c24372244bc3;Aktivitetssted;32;694929;6209746;1;1;Blandingsprøve;1;0;2;Ej oplyst;;36;Tørstof,total; =;3;pct VV;9999999;;2
Station;49000096;ARRESØ ST B;FRB490063B;32;695956;6208568;Gribskov;Region Hovedstaden;Sø;Arresø;11-11-2014;1;Næringsstoffer sediment, Sø;Ja;Miljøstyrelsen;https://vanda.miljoeportal.dk/link/f2c1f9e1-5e0d-4328-aecb-f67202f09df7;Aktivitetssted;32;695956;6208568;1;1;Blandingsprøve;1;0;2;Ej oplyst;;312;Jern; =;10,0000004749745;g/kg TS;9999999;;2
Station;49000095;ARRESØ ST A;FRB490063A;32;692735;6209960;Halsnæs;Region Hovedstaden;Sø;Arresø;27-12-1993;1;Næringsstoffer sediment, Sø;Ja;Miljøstyrelsen;https://vanda.miljoeportal.dk/link/1f5197b5-1d76-499d-b479-8635d30c8b4b;Aktivitetssted;32;692735;6209960;1;6;Blandingsprøve;1;30;38;Ej oplyst;;36;Tørstof,total; =;13,5000002011657;pct VV;9999999;;2
Station;49000095;ARRESØ ST A;FRB490063A;32;692735;6209960;Halsnæs;Region Hovedstaden;Sø;Arresø;27-12-1993;1;Næringsstoffer sediment, Sø;Ja;Miljøstyrelsen;https://vanda.miljoeportal.dk/link/1f5197b5-1d76-499d-b479-8635d30c8b4b;Aktivitetssted;32;692735;6209960;2;5;Blandingsprøve;1;20;30;Ej oplyst;;1138;Adsorberet P; =;0,020000000949949;g/kg TS;9999999;;2
Station;49000095;ARRESØ ST A;FRB490063A;32;692735;6209960;Halsnæs;Region Hovedstaden;Sø;Arresø;27-12-1993;1;Næringsstoffer sediment, Sø;Ja;Miljøstyrelsen;https://vanda.miljoeportal.dk/link/1f5197b5-1d76-499d-b479-8635d30c8b4b;Aktivitetssted;32;692735;6209960;2;1;Blandingsprøve;1;0;2;Ej oplyst;;261;Phosphor, total-P; =;0,477000022656284;g/kg TS;9999999;;2
Station;49000096;ARRESØ ST B;FRB490063B;32;695956;6208568;Gribskov;Region Hovedstaden;Sø;Arresø;08-11-2018;1;Næringsstoffer sediment, Sø;Ja;Miljøstyrelsen;https://vanda.miljoeportal.dk/link/ad06c7b4-5524-4ef2-80d6-606d87074051;Aktivitetssted;32;695956;6208568;1;3;Blandingsprøve;1;5;10;Ej oplyst;;261;Phosphor, total-P; =;2,20000010449439;g/kg TS;9999999;;2
Station;49000096;ARRESØ ST B;FRB490063B;32;695956;6208568;Gribskov;Region Hovedstaden;Sø;Arresø;11-11-2014;1;Næringsstoffer sediment, Sø;Ja;Miljøstyrelsen;https://vanda.miljoeportal.dk/link/f2c1f9e1-5e0d-4328-aecb-f67202f09df7;Aktivitetssted;32;695956;6208568;1;5;Blandingsprøve;1;20;30;Ej oplyst;;36;Tørstof,total; =;13;pct VV;9999999;;2
Station;49000095;ARRESØ ST A;FRB490063A;32;692735;6209960;Halsnæs;Region Hovedstaden;Sø;Arresø;05-11-2002;1;Næringsstoffer sediment, Sø;Ja;Miljøstyrelsen;https://vanda.miljoeportal.dk/link/1799b391-4a2d-4559-baf3-debaca726093;Aktivitetssted;32;692735;6209960;1;3;Blandingsprøve;1;5;10;Ej oplyst;;312;Jern; =;13,5000006412156;g/kg TS;9999999;;2
Station;49000096;ARRESØ ST B;FRB490063B;32;695956;6208568;Gribskov;Region Hovedstaden;Sø;Arresø;11-11-2014;1;Næringsstoffer sediment, Sø;Ja;Miljøstyrelsen;https://vanda.miljoeportal.dk/link/f2c1f9e1-5e0d-4328-aecb-f67202f09df7;Aktivitetssted;32;695956;6208568;1;5;Blandingsprøve;1;20;30;Ej oplyst;;39;Glødetab, total; =;17;pct TS;9999999;;2
Station;49000096;ARRESØ ST B;FRB490063B;32;695956;6208568;Gribskov;Region Hovedstaden;Sø;Arresø;11-11-1997;1;Næringsstoffer sediment, Sø;Ja;Miljøstyrelsen;https://vanda.miljoeportal.dk/link/9a89f45a-168d-415e-b802-9718cada3fb7;Aktivitetssted;32;695956;6208568;1;2;Blandingsprøve;1;2;5;Ej oplyst;;36;Tørstof,total; =;3,9;pct VV;9999999;;2
Station;49000097;ARRESØ ST C;FRB490063C;32;694929;6209746;Gribskov;Region Hovedstaden;Sø;Arresø;27-12-1993;1;Næringsstoffer sediment, Sø;Ja;Miljøstyrelsen;https://vanda.miljoeportal.dk/link/3d96bdf7-4c02-46b7-95c2-b0a492355762;Aktivitetssted;32;694929;6209746;1;2;Blandingsprøve;1;2;5;Ej oplyst;;261;Phosphor, total-P; =;0,410000019473955;g/kg TS;9999999;;2
Station;49000097;ARRESØ ST C;FRB490063C;32;694929;6209746;Gribskov;Region Hovedstaden;Sø;Arresø;27-12-1993;1;Næringsstoffer sediment, Sø;Ja;Miljøstyrelsen;https://vanda.miljoeportal.dk/link/3d96bdf7-4c02-46b7-95c2-b0a492355762;Aktivitetssted;32;694929;6209746;1;3;Blandingsprøve;1;5;8;Ej oplyst;;264;Phosphor, Ca-adsorberet; =;0,334000015864149;g/kg TS;9999999;;2
Station;49000097;ARRESØ ST C;FRB490063C;32;694929;6209746;Gribskov;Region Hovedstaden;Sø;Arresø;05-11-2002;1;Næringsstoffer sediment, Sø;Ja;Miljøstyrelsen;https://vanda.miljoeportal.dk/link/b0c7144e-fb25-47e9-9829-821356e038d2;Aktivitetssted;32;694929;6209746;1;6;Blandingsprøve;1;30;50;Ej oplyst;;261;Phosphor, total-P; =;0,595000028260984;g/kg TS;9999999;;2
Station;49000095;ARRESØ ST A;FRB490063A;32;692735;6209960;Halsnæs;Region Hovedstaden;Sø;Arresø;27-12-1993;1;Næringsstoffer sediment, Sø;Ja;Miljøstyrelsen;https://vanda.miljoeportal.dk/link/1f5197b5-1d76-499d-b479-8635d30c8b4b;Aktivitetssted;32;692735;6209960;1;3;Blandingsprøve;1;5;10;Ej oplyst;;264;Phosphor, Ca-adsorberet; =;0,233000011066906;g/kg TS;9999999;;2
Station;49000097;ARRESØ ST C;FRB490063C;32;694929;6209746;Gribskov;Region Hovedstaden;Sø;Arresø;27-12-1993;1;Næringsstoffer sediment, Sø;Ja;Miljøstyrelsen;https://vanda.miljoeportal.dk/link/3d96bdf7-4c02-46b7-95c2-b0a492355762;Aktivitetssted;32;694929;6209746;1;1;Blandingsprøve;1;0;2;Ej oplyst;;36;Tørstof,total; =;15,500000230968;pct VV;9999999;;2
Station;49000095;ARRESØ ST A;FRB490063A;32;692735;6209960;Halsnæs;Region Hovedstaden;Sø;Arresø;27-12-1993;1;Næringsstoffer sediment, Sø;Ja;Miljøstyrelsen;https://vanda.miljoeportal.dk/link/1f5197b5-1d76-499d-b479-8635d30c8b4b;Aktivitetssted;32;692735;6209960;1;4;Blandingsprøve;1;10;20;Ej oplyst;;1141;Organisk bundet P; =;0,278000013204291;g/kg TS;9999999;;2
Station;49000095;ARRESØ ST A;FRB490063A;32;692735;6209960;Halsnæs;Region Hovedstaden;Sø;Arresø;27-12-1993;1;Næringsstoffer sediment, Sø;Ja;Miljøstyrelsen;https://vanda.miljoeportal.dk/link/1f5197b5-1d76-499d-b479-8635d30c8b4b;Aktivitetssted;32;692735;6209960;1;2;Blandingsprøve;1;2;5;Ej oplyst;;261;Phosphor, total-P; =;0,701000033295713;g/kg TS;9999999;;2
Station;49000095;ARRESØ ST A;FRB490063A;32;692735;6209960;Halsnæs;Region Hovedstaden;Sø;Arresø;05-11-2002;1;Næringsstoffer sediment, Sø;Ja;Miljøstyrelsen;https://vanda.miljoeportal.dk/link/1799b391-4a2d-4559-baf3-debaca726093;Aktivitetssted;32;692735;6209960;1;2;Blandingsprøve;1;2;5;Ej oplyst;;36;Tørstof,total; =;16,5;pct VV;9999999;;2
Station;49000096;ARRESØ ST B;FRB490063B;32;695956;6208568;Gribskov;Region Hovedstaden;Sø;Arresø;11-11-1997;1;Næringsstoffer sediment, Sø;Ja;Miljøstyrelsen;https://vanda.miljoeportal.dk/link/9a89f45a-168d-415e-b802-9718cada3fb7;Aktivitetssted;32;695956;6208568;1;2;Blandingsprøve;1;2;5;Ej oplyst;;261;Phosphor, total-P; =;1,90000009024516;g/kg TS;9999999;;2
Station;49000096;ARRESØ ST B;FRB490063B;32;695956;6208568;Gribskov;Region Hovedstaden;Sø;Arresø;11-11-2009;1;Næringsstoffer sediment, Sø;Ja;Miljøstyrelsen;https://vanda.miljoeportal.dk/link/50375709-7eb1-4b8d-ae7f-4a39ddb08980;Aktivitetssted;32;695956;6208568;1;6;Blandingsprøve;1;30;48;Ej oplyst;;36;Tørstof,total; =;44,5;pct VV;9999999;;2
Station;49000095;ARRESØ ST A;FRB490063A;32;692735;6209960;Halsnæs;Region Hovedstaden;Sø;Arresø;11-11-1997;1;Næringsstoffer sediment, Sø;Ja;Miljøstyrelsen;https://vanda.miljoeportal.dk/link/67278144-484b-47a5-b7eb-3814aa77dea3;Aktivitetssted;32;692735;6209960;1;6;Blandingsprøve;1;30;43;Ej oplyst;;36;Tørstof,total; =;15;pct VV;9999999;;2
Station;49000097;ARRESØ ST C;FRB490063C;32;694929;6209746;Gribskov;Region Hovedstaden;Sø;Arresø;11-11-1997;1;Næringsstoffer sediment, Sø;Ja;Miljøstyrelsen;https://vanda.miljoeportal.dk/link/a9e6988d-37ab-4237-b542-d2fc5f942333;Aktivitetssted;32;694929;6209746;1;6;Blandingsprøve;1;30;39;Ej oplyst;;261;Phosphor, total-P; =;1,07000005082227;g/kg TS;9999999;;2
Station;49000095;ARRESØ ST A;FRB490063A;32;692735;6209960;Halsnæs;Region Hovedstaden;Sø;Arresø;27-12-1993;1;Næringsstoffer sediment, Sø;Ja;Miljøstyrelsen;https://vanda.miljoeportal.dk/link/1f5197b5-1d76-499d-b479-8635d30c8b4b;Aktivitetssted;32;692735;6209960;2;1;Blandingsprøve;1;0;2;Ej oplyst;;1141;Organisk bundet P; =;0,175000008312054;g/kg TS;9999999;;2
Station;49000095;ARRESØ ST A;FRB490063A;32;692735;6209960;Halsnæs;Region Hovedstaden;Sø;Arresø;11-11-1997;1;Næringsstoffer sediment, Sø;Ja;Miljøstyrelsen;https://vanda.miljoeportal.dk/link/67278144-484b-47a5-b7eb-3814aa77dea3;Aktivitetssted;32;692735;6209960;1;4;Blandingsprøve;1;10;20;Ej oplyst;;253;Nitrogen,total N; =;18,8600008958019;g/kg TS;9999999;;2
Station;49000097;ARRESØ ST C;FRB490063C;32;694929;6209746;Gribskov;Region Hovedstaden;Sø;Arresø;11-11-2009;1;Næringsstoffer sediment, Sø;Ja;Miljøstyrelsen;https://vanda.miljoeportal.dk/link/5a2cc418-087b-4905-8650-dca9072d28dd;Aktivitetssted;32;694929;6209746;1;2;Blandingsprøve;1;2;5;Ej oplyst;;39;Glødetab, total; =;33,9;pct TS;9999999;;2
Station;49000095;ARRESØ ST A;FRB490063A;32;692735;6209960;Halsnæs;Region Hovedstaden;Sø;Arresø;27-12-1993;1;Næringsstoffer sediment, Sø;Ja;Miljøstyrelsen;https://vanda.miljoeportal.dk/link/1f5197b5-1d76-499d-b479-8635d30c8b4b;Aktivitetssted;32;692735;6209960;2;4;Blandingsprøve;1;10;20;Ej oplyst;;39;Glødetab, total; =;20,3000003024936;pct TS;9999999;;2
Station;49000095;ARRESØ ST A;FRB490063A;32;692735;6209960;Halsnæs;Region Hovedstaden;Sø;Arresø;27-12-1993;1;Næringsstoffer sediment, Sø;Ja;Miljøstyrelsen;https://vanda.miljoeportal.dk/link/1f5197b5-1d76-499d-b479-8635d30c8b4b;Aktivitetssted;32;692735;6209960;1;6;Blandingsprøve;1;30;38;Ej oplyst;;1141;Organisk bundet P; =;0,381000018096529;g/kg TS;9999999;;2
Station;49000097;ARRESØ ST C;FRB490063C;32;694929;6209746;Gribskov;Region Hovedstaden;Sø;Arresø;27-12-1993;1;Næringsstoffer sediment, Sø;Ja;Miljøstyrelsen;https://vanda.miljoeportal.dk/link/3d96bdf7-4c02-46b7-95c2-b0a492355762;Aktivitetssted;32;694929;6209746;1;3;Blandingsprøve;1;5;8;Ej oplyst;;265;Phosphor, Al-adsorberet;<;0,00500000023748726;g/kg TS;9999999;;2
Station;49000097;ARRESØ ST C;FRB490063C;32;694929;6209746;Gribskov;Region Hovedstaden;Sø;Arresø;11-11-1997;1;Næringsstoffer sediment, Sø;Ja;Miljøstyrelsen;https://vanda.miljoeportal.dk/link/a9e6988d-37ab-4237-b542-d2fc5f942333;Aktivitetssted;32;694929;6209746;1;1;Blandingsprøve;1;0;2;Ej oplyst;;36;Tørstof,total; =;3,3;pct VV;9999999;;2
Station;49000097;ARRESØ ST C;FRB490063C;32;694929;6209746;Gribskov;Region Hovedstaden;Sø;Arresø;11-11-1997;1;Næringsstoffer sediment, Sø;Ja;Miljøstyrelsen;https://vanda.miljoeportal.dk/link/a9e6988d-37ab-4237-b542-d2fc5f942333;Aktivitetssted;32;694929;6209746;1;3;Blandingsprøve;1;5;10;Ej oplyst;;253;Nitrogen,total N; =;17,6200008369051;g/kg TS;9999999;;2
Station;49000095;ARRESØ ST A;FRB490063A;32;692735;6209960;Halsnæs;Region Hovedstaden;Sø;Arresø;05-11-2002;1;Næringsstoffer sediment, Sø;Ja;Miljøstyrelsen;https://vanda.miljoeportal.dk/link/1799b391-4a2d-4559-baf3-debaca726093;Aktivitetssted;32;692735;6209960;1;6;Blandingsprøve;1;30;50;Ej oplyst;;280;Calcium; =;197,000009356998;g/kg TS;9999999;;2
Station;49000097;ARRESØ ST C;FRB490063C;32;694929;6209746;Gribskov;Region Hovedstaden;Sø;Arresø;11-11-1997;1;Næringsstoffer sediment, Sø;Ja;Miljøstyrelsen;https://vanda.miljoeportal.dk/link/a9e6988d-37ab-4237-b542-d2fc5f942333;Aktivitetssted;32;694929;6209746;1;1;Blandingsprøve;1;0;2;Ej oplyst;;253;Nitrogen,total N; =;24,9200011836365;g/kg TS;9999999;;2
Station;49000095;ARRESØ ST A;FRB490063A;32;692735;6209960;Halsnæs;Region Hovedstaden;Sø;Arresø;11-11-1997;1;Næringsstoffer sediment, Sø;Ja;Miljøstyrelsen;https://vanda.miljoeportal.dk/link/67278144-484b-47a5-b7eb-3814aa77dea3;Aktivitetssted;32;692735;6209960;1;5;Blandingsprøve;1;20;30;Ej oplyst;;36;Tørstof,total; =;10;pct VV;9999999;;2
Station;49000095;ARRESØ ST A;FRB490063A;32;692735;6209960;Halsnæs;Region Hovedstaden;Sø;Arresø;27-12-1993;1;Næringsstoffer sediment, Sø;Ja;Miljøstyrelsen;https://vanda.miljoeportal.dk/link/1f5197b5-1d76-499d-b479-8635d30c8b4b;Aktivitetssted;32;692735;6209960;2;4;Blandingsprøve;1;10;20;Ej oplyst;;1138;Adsorberet P; =;0,00600000028498471;g/kg TS;9999999;;2
Station;49000097;ARRESØ ST C;FRB490063C;32;694929;6209746;Gribskov;Region Hovedstaden;Sø;Arresø;27-12-1993;1;Næringsstoffer sediment, Sø;Ja;Miljøstyrelsen;https://vanda.miljoeportal.dk/link/3d96bdf7-4c02-46b7-95c2-b0a492355762;Aktivitetssted;32;694929;6209746;1;2;Blandingsprøve;1;2;5;Ej oplyst;;1138;Adsorberet P;<;0,00500000023748726;g/kg TS;9999999;;2
Station;49000095;ARRESØ ST A;FRB490063A;32;692735;6209960;Halsnæs;Region Hovedstaden;Sø;Arresø;11-11-2014;1;Næringsstoffer sediment, Sø;Ja;Miljøstyrelsen;https://vanda.miljoeportal.dk/link/7a8b4b64-8f15-45c6-9c78-7b8b5f25367c;Aktivitetssted;32;692735;6209960;1;4;Blandingsprøve;1;10;20;Ej oplyst;;312;Jern; =;12,0000005699694;g/kg TS;9999999;;2
Station;49000097;ARRESØ ST C;FRB490063C;32;694929;6209746;Gribskov;Region Hovedstaden;Sø;Arresø;08-11-2018;1;Næringsstoffer sediment, Sø;Ja;Miljøstyrelsen;https://vanda.miljoeportal.dk/link/613136f4-b66a-4491-9cdb-c24372244bc3;Aktivitetssted;32;694929;6209746;1;2;Blandingsprøve;1;2;5;Ej oplyst;;261;Phosphor, total-P; =;1,60000007599592;g/kg TS;9999999;;2
Station;49000097;ARRESØ ST C;FRB490063C;32;694929;6209746;Gribskov;Region Hovedstaden;Sø;Arresø;27-12-1993;1;Næringsstoffer sediment, Sø;Ja;Miljøstyrelsen;https://vanda.miljoeportal.dk/link/3d96bdf7-4c02-46b7-95c2-b0a492355762;Aktivitetssted;32;694929;6209746;1;2;Blandingsprøve;1;2;5;Ej oplyst;;1141;Organisk bundet P; =;0,220000010449439;g/kg TS;9999999;;2
Station;49000096;ARRESØ ST B;FRB490063B;32;695956;6208568;Gribskov;Region Hovedstaden;Sø;Arresø;11-11-1997;1;Næringsstoffer sediment, Sø;Ja;Miljøstyrelsen;https://vanda.miljoeportal.dk/link/9a89f45a-168d-415e-b802-9718cada3fb7;Aktivitetssted;32;695956;6208568;1;1;Blandingsprøve;1;0;2;Ej oplyst;;39;Glødetab, total; =;42;pct TS;9999999;;2
Station;49000095;ARRESØ ST A;FRB490063A;32;692735;6209960;Halsnæs;Region Hovedstaden;Sø;Arresø;27-12-1993;1;Næringsstoffer sediment, Sø;Ja;Miljøstyrelsen;https://vanda.miljoeportal.dk/link/1f5197b5-1d76-499d-b479-8635d30c8b4b;Aktivitetssted;32;692735;6209960;1;1;Blandingsprøve;1;0;2;Ej oplyst;;263;Phosphor, Fe-adsorberet; =;0,219000010401942;g/kg TS;9999999;;2
Station;49000097;ARRESØ ST C;FRB490063C;32;694929;6209746;Gribskov;Region Hovedstaden;Sø;Arresø;11-11-2014;1;Næringsstoffer sediment, Sø;Ja;Miljøstyrelsen;https://vanda.miljoeportal.dk/link/fa1c24a4-3113-44bd-977e-1625b5d6d902;Aktivitetssted;32;694929;6209746;1;2;Blandingsprøve;1;2;5;Ej oplyst;;261;Phosphor, total-P; =;1,70000008074567;g/kg TS;9999999;;2
Station;49000095;ARRESØ ST A;FRB490063A;32;692735;6209960;Halsnæs;Region Hovedstaden;Sø;Arresø;27-12-1993;1;Næringsstoffer sediment, Sø;Ja;Miljøstyrelsen;https://vanda.miljoeportal.dk/link/1f5197b5-1d76-499d-b479-8635d30c8b4b;Aktivitetssted;32;692735;6209960;2;6;Blandingsprøve;1;30;38;Ej oplyst;;280;Calcium; =;54,0000025648624;g/kg TS;9999999;;2
Station;49000095;ARRESØ ST A;FRB490063A;32;692735;6209960;Halsnæs;Region Hovedstaden;Sø;Arresø;08-11-2018;1;Næringsstoffer sediment, Sø;Ja;Miljøstyrelsen;https://vanda.miljoeportal.dk/link/6f37ad8b-0299-47bb-bceb-a3f7ef3dd5ac;Aktivitetssted;32;692735;6209960;1;2;Blandingsprøve;1;2;5;Ej oplyst;;39;Glødetab, total; =;40,7;pct TS;9999999;;2
Station;49000095;ARRESØ ST A;FRB490063A;32;692735;6209960;Halsnæs;Region Hovedstaden;Sø;Arresø;11-11-1997;1;Næringsstoffer sediment, Sø;Ja;Miljøstyrelsen;https://vanda.miljoeportal.dk/link/67278144-484b-47a5-b7eb-3814aa77dea3;Aktivitetssted;32;692735;6209960;1;5;Blandingsprøve;1;20;30;Ej oplyst;;253;Nitrogen,total N; =;13,740000652615;g/kg TS;9999999;;2
Station;49000097;ARRESØ ST C;FRB490063C;32;694929;6209746;Gribskov;Region Hovedstaden;Sø;Arresø;11-11-1997;1;Næringsstoffer sediment, Sø;Ja;Miljøstyrelsen;https://vanda.miljoeportal.dk/link/a9e6988d-37ab-4237-b542-d2fc5f942333;Aktivitetssted;32;694929;6209746;1;6;Blandingsprøve;1;30;39;Ej oplyst;;253;Nitrogen,total N; =;12,8900006122421;g/kg TS;9999999;;2
Station;49000095;ARRESØ ST A;FRB490063A;32;692735;6209960;Halsnæs;Region Hovedstaden;Sø;Arresø;27-12-1993;1;Næringsstoffer sediment, Sø;Ja;Miljøstyrelsen;https://vanda.miljoeportal.dk/link/1f5197b5-1d76-499d-b479-8635d30c8b4b;Aktivitetssted;32;692735;6209960;2;4;Blandingsprøve;1;10;20;Ej oplyst;;1141;Organisk bundet P; =;0,378000017954037;g/kg TS;9999999;;2
Station;49000096;ARRESØ ST B;FRB490063B;32;695956;6208568;Gribskov;Region Hovedstaden;Sø;Arresø;08-11-2018;1;Næringsstoffer sediment, Sø;Ja;Miljøstyrelsen;https://vanda.miljoeportal.dk/link/ad06c7b4-5524-4ef2-80d6-606d87074051;Aktivitetssted;32;695956;6208568;1;4;Blandingsprøve;1;10;20;Ej oplyst;;39;Glødetab, total; =;27,3;pct TS;9999999;;2
Station;49000095;ARRESØ ST A;FRB490063A;32;692735;6209960;Halsnæs;Region Hovedstaden;Sø;Arresø;11-11-1997;1;Næringsstoffer sediment, Sø;Ja;Miljøstyrelsen;https://vanda.miljoeportal.dk/link/67278144-484b-47a5-b7eb-3814aa77dea3;Aktivitetssted;32;692735;6209960;1;1;Blandingsprøve;1;0;2;Ej oplyst;;36;Tørstof,total; =;2,8;pct VV;9999999;;2
Station;49000097;ARRESØ ST C;FRB490063C;32;694929;6209746;Gribskov;Region Hovedstaden;Sø;Arresø;11-11-1997;1;Næringsstoffer sediment, Sø;Ja;Miljøstyrelsen;https://vanda.miljoeportal.dk/link/a9e6988d-37ab-4237-b542-d2fc5f942333;Aktivitetssted;32;694929;6209746;1;1;Blandingsprøve;1;0;2;Ej oplyst;;280;Calcium; =;150,000007124618;g/kg TS;9999999;;2
Station;49000095;ARRESØ ST A;FRB490063A;32;692735;6209960;Halsnæs;Region Hovedstaden;Sø;Arresø;05-11-2002;1;Næringsstoffer sediment, Sø;Ja;Miljøstyrelsen;https://vanda.miljoeportal.dk/link/1799b391-4a2d-4559-baf3-debaca726093;Aktivitetssted;32;692735;6209960;1;5;Blandingsprøve;1;20;30;Ej oplyst;;261;Phosphor, total-P; =;0,481000022846274;g/kg TS;9999999;;2
Station;49000095;ARRESØ ST A;FRB490063A;32;692735;6209960;Halsnæs;Region Hovedstaden;Sø;Arresø;05-11-2002;1;Næringsstoffer sediment, Sø;Ja;Miljøstyrelsen;https://vanda.miljoeportal.dk/link/1799b391-4a2d-4559-baf3-debaca726093;Aktivitetssted;32;692735;6209960;1;5;Blandingsprøve;1;20;30;Ej oplyst;;39;Glødetab, total; =;17,7;pct TS;9999999;;2
Station;49000095;ARRESØ ST A;FRB490063A;32;692735;6209960;Halsnæs;Region Hovedstaden;Sø;Arresø;27-12-1993;1;Næringsstoffer sediment, Sø;Ja;Miljøstyrelsen;https://vanda.miljoeportal.dk/link/1f5197b5-1d76-499d-b479-8635d30c8b4b;Aktivitetssted;32;692735;6209960;1;3;Blandingsprøve;1;5;10;Ej oplyst;;253;Nitrogen,total N; =;11,8000005604699;g/kg TS;9999999;;2
Station;49000097;ARRESØ ST C;FRB490063C;32;694929;6209746;Gribskov;Region Hovedstaden;Sø;Arresø;27-12-1993;1;Næringsstoffer sediment, Sø;Ja;Miljøstyrelsen;https://vanda.miljoeportal.dk/link/3d96bdf7-4c02-46b7-95c2-b0a492355762;Aktivitetssted;32;694929;6209746;1;1;Blandingsprøve;1;0;2;Ej oplyst;;264;Phosphor, Ca-adsorberet; =;1,05000004987232;g/kg TS;9999999;;2
Station;49000097;ARRESØ ST C;FRB490063C;32;694929;6209746;Gribskov;Region Hovedstaden;Sø;Arresø;11-11-2014;1;Næringsstoffer sediment, Sø;Ja;Miljøstyrelsen;https://vanda.miljoeportal.dk/link/fa1c24a4-3113-44bd-977e-1625b5d6d902;Aktivitetssted;32;694929;6209746;1;3;Blandingsprøve;1;5;10;Ej oplyst;;261;Phosphor, total-P; =;1,70000008074567;g/kg TS;9999999;;2
Station;49000097;ARRESØ ST C;FRB490063C;32;694929;6209746;Gribskov;Region Hovedstaden;Sø;Arresø;11-11-1997;1;Næringsstoffer sediment, Sø;Ja;Miljøstyrelsen;https://vanda.miljoeportal.dk/link/a9e6988d-37ab-4237-b542-d2fc5f942333;Aktivitetssted;32;694929;6209746;1;4;Blandingsprøve;1;10;20;Ej oplyst;;36;Tørstof,total; =;7,6;pct VV;9999999;;2
Station;49000095;ARRESØ ST A;FRB490063A;32;692735;6209960;Halsnæs;Region Hovedstaden;Sø;Arresø;11-11-1997;1;Næringsstoffer sediment, Sø;Ja;Miljøstyrelsen;https://vanda.miljoeportal.dk/link/67278144-484b-47a5-b7eb-3814aa77dea3;Aktivitetssted;32;692735;6209960;1;1;Blandingsprøve;1;0;2;Ej oplyst;;39;Glødetab, total; =;45;pct TS;9999999;;2
Station;49000095;ARRESØ ST A;FRB490063A;32;692735;6209960;Halsnæs;Region Hovedstaden;Sø;Arresø;27-12-1993;1;Næringsstoffer sediment, Sø;Ja;Miljøstyrelsen;https://vanda.miljoeportal.dk/link/1f5197b5-1d76-499d-b479-8635d30c8b4b;Aktivitetssted;32;692735;6209960;2;6;Blandingsprøve;1;30;38;Ej oplyst;;36;Tørstof,total; =;16,7000002488494;pct VV;9999999;;2
Station;49000096;ARRESØ ST B;FRB490063B;32;695956;6208568;Gribskov;Region Hovedstaden;Sø;Arresø;08-11-2018;1;Næringsstoffer sediment, Sø;Ja;Miljøstyrelsen;https://vanda.miljoeportal.dk/link/ad06c7b4-5524-4ef2-80d6-606d87074051;Aktivitetssted;32;695956;6208568;1;4;Blandingsprøve;1;10;20;Ej oplyst;;36;Tørstof,total; =;9,3;pct VV;9999999;;2
Station;49000095;ARRESØ ST A;FRB490063A;32;692735;6209960;Halsnæs;Region Hovedstaden;Sø;Arresø;11-11-2009;1;Næringsstoffer sediment, Sø;Ja;Miljøstyrelsen;https://vanda.miljoeportal.dk/link/7d157e1d-8fe8-4773-81a5-48b803b6e9ec;Aktivitetssted;32;692735;6209960;1;4;Blandingsprøve;1;10;20;Ej oplyst;;312;Jern; =;9,01000042795204;g/kg TS;9999999;;2
Station;49000097;ARRESØ ST C;FRB490063C;32;694929;6209746;Gribskov;Region Hovedstaden;Sø;Arresø;05-11-2002;1;Næringsstoffer sediment, Sø;Ja;Miljøstyrelsen;https://vanda.miljoeportal.dk/link/b0c7144e-fb25-47e9-9829-821356e038d2;Aktivitetssted;32;694929;6209746;1;4;Blandingsprøve;1;10;20;Ej oplyst;;253;Nitrogen,total N; =;11,8000005604699;g/kg TS;9999999;;2
Station;49000095;ARRESØ ST A;FRB490063A;32;692735;6209960;Halsnæs;Region Hovedstaden;Sø;Arresø;08-11-2018;1;Næringsstoffer sediment, Sø;Ja;Miljøstyrelsen;https://vanda.miljoeportal.dk/link/6f37ad8b-0299-47bb-bceb-a3f7ef3dd5ac;Aktivitetssted;32;692735;6209960;1;3;Blandingsprøve;1;5;10;Ej oplyst;;312;Jern; =;15,0000007124618;g/kg TS;9999999;;2
Station;49000097;ARRESØ ST C;FRB490063C;32;694929;6209746;Gribskov;Region Hovedstaden;Sø;Arresø;05-11-2002;1;Næringsstoffer sediment, Sø;Ja;Miljøstyrelsen;https://vanda.miljoeportal.dk/link/b0c7144e-fb25-47e9-9829-821356e038d2;Aktivitetssted;32;694929;6209746;1;4;Blandingsprøve;1;10;20;Ej oplyst;;36;Tørstof,total; =;14,1;pct VV;9999999;;2
Station;49000095;ARRESØ ST A;FRB490063A;32;692735;6209960;Halsnæs;Region Hovedstaden;Sø;Arresø;27-12-1993;1;Næringsstoffer sediment, Sø;Ja;Miljøstyrelsen;https://vanda.miljoeportal.dk/link/1f5197b5-1d76-499d-b479-8635d30c8b4b;Aktivitetssted;32;692735;6209960;1;2;Blandingsprøve;1;2;5;Ej oplyst;;280;Calcium; =;83,0000039422884;g/kg TS;9999999;;2
Station;49000097;ARRESØ ST C;FRB490063C;32;694929;6209746;Gribskov;Region Hovedstaden;Sø;Arresø;11-11-2009;1;Næringsstoffer sediment, Sø;Ja;Miljøstyrelsen;https://vanda.miljoeportal.dk/link/5a2cc418-087b-4905-8650-dca9072d28dd;Aktivitetssted;32;694929;6209746;1;6;Blandingsprøve;1;30;39;Ej oplyst;;261;Phosphor, total-P; =;0,504000023938716;g/kg TS;9999999;;2
Station;49000096;ARRESØ ST B;FRB490063B;32;695956;6208568;Gribskov;Region Hovedstaden;Sø;Arresø;05-11-2002;1;Næringsstoffer sediment, Sø;Ja;Miljøstyrelsen;https://vanda.miljoeportal.dk/link/f11240b4-a108-4df4-bba7-61922127c168;Aktivitetssted;32;695956;6208568;1;6;Blandingsprøve;1;30;50;Ej oplyst;;253;Nitrogen,total N; =;13,7000006507151;g/kg TS;9999999;;2
Station;49000097;ARRESØ ST C;FRB490063C;32;694929;6209746;Gribskov;Region Hovedstaden;Sø;Arresø;05-11-2002;1;Næringsstoffer sediment, Sø;Ja;Miljøstyrelsen;https://vanda.miljoeportal.dk/link/b0c7144e-fb25-47e9-9829-821356e038d2;Aktivitetssted;32;694929;6209746;1;1;Blandingsprøve;1;0;2;Ej oplyst;;312;Jern; =;10,970000521047;g/kg TS;9999999;;2
Station;49000097;ARRESØ ST C;FRB490063C;32;694929;6209746;Gribskov;Region Hovedstaden;Sø;Arresø;27-12-1993;1;Næringsstoffer sediment, Sø;Ja;Miljøstyrelsen;https://vanda.miljoeportal.dk/link/3d96bdf7-4c02-46b7-95c2-b0a492355762;Aktivitetssted;32;694929;6209746;1;1;Blandingsprøve;1;0;2;Ej oplyst;;312;Jern; =;9,60000045597553;g/kg TS;9999999;;2
Station;49000096;ARRESØ ST B;FRB490063B;32;695956;6208568;Gribskov;Region Hovedstaden;Sø;Arresø;05-11-2002;1;Næringsstoffer sediment, Sø;Ja;Miljøstyrelsen;https://vanda.miljoeportal.dk/link/f11240b4-a108-4df4-bba7-61922127c168;Aktivitetssted;32;695956;6208568;1;1;Blandingsprøve;1;0;2;Ej oplyst;;36;Tørstof,total; =;6,41;pct VV;9999999;;2
Station;49000096;ARRESØ ST B;FRB490063B;32;695956;6208568;Gribskov;Region Hovedstaden;Sø;Arresø;11-11-1997;1;Næringsstoffer sediment, Sø;Ja;Miljøstyrelsen;https://vanda.miljoeportal.dk/link/9a89f45a-168d-415e-b802-9718cada3fb7;Aktivitetssted;32;695956;6208568;1;1;Blandingsprøve;1;0;2;Ej oplyst;;253;Nitrogen,total N; =;24,6800011722371;g/kg TS;9999999;;2
Station;49000097;ARRESØ ST C;FRB490063C;32;694929;6209746;Gribskov;Region Hovedstaden;Sø;Arresø;05-11-2002;1;Næringsstoffer sediment, Sø;Ja;Miljøstyrelsen;https://vanda.miljoeportal.dk/link/b0c7144e-fb25-47e9-9829-821356e038d2;Aktivitetssted;32;694929;6209746;1;2;Blandingsprøve;1;2;5;Ej oplyst;;261;Phosphor, total-P; =;1,32000006269664;g/kg TS;9999999;;2
Station;49000096;ARRESØ ST B;FRB490063B;32;695956;6208568;Gribskov;Region Hovedstaden;Sø;Arresø;05-11-2002;1;Næringsstoffer sediment, Sø;Ja;Miljøstyrelsen;https://vanda.miljoeportal.dk/link/f11240b4-a108-4df4-bba7-61922127c168;Aktivitetssted;32;695956;6208568;1;3;Blandingsprøve;1;5;10;Ej oplyst;;36;Tørstof,total; =;20,3;pct VV;9999999;;2
Station;49000095;ARRESØ ST A;FRB490063A;32;692735;6209960;Halsnæs;Region Hovedstaden;Sø;Arresø;27-12-1993;1;Næringsstoffer sediment, Sø;Ja;Miljøstyrelsen;https://vanda.miljoeportal.dk/link/1f5197b5-1d76-499d-b479-8635d30c8b4b;Aktivitetssted;32;692735;6209960;2;2;Blandingsprøve;1;2;5;Ej oplyst;;264;Phosphor, Ca-adsorberet; =;0,191000009072013;g/kg TS;9999999;;2
Station;49000095;ARRESØ ST A;FRB490063A;32;692735;6209960;Halsnæs;Region Hovedstaden;Sø;Arresø;11-11-1997;1;Næringsstoffer sediment, Sø;Ja;Miljøstyrelsen;https://vanda.miljoeportal.dk/link/67278144-484b-47a5-b7eb-3814aa77dea3;Aktivitetssted;32;692735;6209960;1;5;Blandingsprøve;1;20;30;Ej oplyst;;39;Glødetab, total; =;21;pct TS;9999999;;2
Station;49000096;ARRESØ ST B;FRB490063B;32;695956;6208568;Gribskov;Region Hovedstaden;Sø;Arresø;05-11-2002;1;Næringsstoffer sediment, Sø;Ja;Miljøstyrelsen;https://vanda.miljoeportal.dk/link/f11240b4-a108-4df4-bba7-61922127c168;Aktivitetssted;32;695956;6208568;1;5;Blandingsprøve;1;20;30;Ej oplyst;;261;Phosphor, total-P; =;0,579000027501024;g/kg TS;9999999;;2
Station;49000097;ARRESØ ST C;FRB490063C;32;694929;6209746;Gribskov;Region Hovedstaden;Sø;Arresø;27-12-1993;1;Næringsstoffer sediment, Sø;Ja;Miljøstyrelsen;https://vanda.miljoeportal.dk/link/3d96bdf7-4c02-46b7-95c2-b0a492355762;Aktivitetssted;32;694929;6209746;1;3;Blandingsprøve;1;5;8;Ej oplyst;;280;Calcium; =;87,0000041322783;g/kg TS;9999999;;2
Station;49000097;ARRESØ ST C;FRB490063C;32;694929;6209746;Gribskov;Region Hovedstaden;Sø;Arresø;11-11-2009;1;Næringsstoffer sediment, Sø;Ja;Miljøstyrelsen;https://vanda.miljoeportal.dk/link/5a2cc418-087b-4905-8650-dca9072d28dd;Aktivitetssted;32;694929;6209746;1;4;Blandingsprøve;1;10;20;Ej oplyst;;261;Phosphor, total-P; =;0,818000038852915;g/kg TS;9999999;;2
Station;49000095;ARRESØ ST A;FRB490063A;32;692735;6209960;Halsnæs;Region Hovedstaden;Sø;Arresø;27-12-1993;1;Næringsstoffer sediment, Sø;Ja;Miljøstyrelsen;https://vanda.miljoeportal.dk/link/1f5197b5-1d76-499d-b479-8635d30c8b4b;Aktivitetssted;32;692735;6209960;2;4;Blandingsprøve;1;10;20;Ej oplyst;;253;Nitrogen,total N; =;11,8000005604699;g/kg TS;9999999;;2
Station;49000095;ARRESØ ST A;FRB490063A;32;692735;6209960;Halsnæs;Region Hovedstaden;Sø;Arresø;27-12-1993;1;Næringsstoffer sediment, Sø;Ja;Miljøstyrelsen;https://vanda.miljoeportal.dk/link/1f5197b5-1d76-499d-b479-8635d30c8b4b;Aktivitetssted;32;692735;6209960;1;3;Blandingsprøve;1;5;10;Ej oplyst;;1138;Adsorberet P; =;0,0160000007599592;g/kg TS;9999999;;2
Station;49000097;ARRESØ ST C;FRB490063C;32;694929;6209746;Gribskov;Region Hovedstaden;Sø;Arresø;08-11-2018;1;Næringsstoffer sediment, Sø;Ja;Miljøstyrelsen;https://vanda.miljoeportal.dk/link/613136f4-b66a-4491-9cdb-c24372244bc3;Aktivitetssted;32;694929;6209746;1;1;Blandingsprøve;1;0;2;Ej oplyst;;261;Phosphor, total-P; =;1,50000007124618;g/kg TS;9999999;;2
Station;49000096;ARRESØ ST B;FRB490063B;32;695956;6208568;Gribskov;Region Hovedstaden;Sø;Arresø;11-11-1997;1;Næringsstoffer sediment, Sø;Ja;Miljøstyrelsen;https://vanda.miljoeportal.dk/link/9a89f45a-168d-415e-b802-9718cada3fb7;Aktivitetssted;32;695956;6208568;1;1;Blandingsprøve;1;0;2;Ej oplyst;;312;Jern; =;7,87400037399493;g/kg TS;9999999;;2
Station;49000095;ARRESØ ST A;FRB490063A;32;692735;6209960;Halsnæs;Region Hovedstaden;Sø;Arresø;27-12-1993;1;Næringsstoffer sediment, Sø;Ja;Miljøstyrelsen;https://vanda.miljoeportal.dk/link/1f5197b5-1d76-499d-b479-8635d30c8b4b;Aktivitetssted;32;692735;6209960;2;2;Blandingsprøve;1;2;5;Ej oplyst;;1138;Adsorberet P; =;0,011000000522472;g/kg TS;9999999;;2
Station;49000097;ARRESØ ST C;FRB490063C;32;694929;6209746;Gribskov;Region Hovedstaden;Sø;Arresø;11-11-1997;1;Næringsstoffer sediment, Sø;Ja;Miljøstyrelsen;https://vanda.miljoeportal.dk/link/a9e6988d-37ab-4237-b542-d2fc5f942333;Aktivitetssted;32;694929;6209746;1;2;Blandingsprøve;1;2;5;Ej oplyst;;280;Calcium; =;150,000007124618;g/kg TS;9999999;;2
Station;49000097;ARRESØ ST C;FRB490063C;32;694929;6209746;Gribskov;Region Hovedstaden;Sø;Arresø;11-11-2014;1;Næringsstoffer sediment, Sø;Ja;Miljøstyrelsen;https://vanda.miljoeportal.dk/link/fa1c24a4-3113-44bd-977e-1625b5d6d902;Aktivitetssted;32;694929;6209746;1;5;Blandingsprøve;1;20;30;Ej oplyst;;39;Glødetab, total; =;19;pct TS;9999999;;2
Station;49000095;ARRESØ ST A;FRB490063A;32;692735;6209960;Halsnæs;Region Hovedstaden;Sø;Arresø;11-11-1997;1;Næringsstoffer sediment, Sø;Ja;Miljøstyrelsen;https://vanda.miljoeportal.dk/link/67278144-484b-47a5-b7eb-3814aa77dea3;Aktivitetssted;32;692735;6209960;1;1;Blandingsprøve;1;0;2;Ej oplyst;;253;Nitrogen,total N; =;25,0000011874363;g/kg TS;9999999;;2
Station;49000095;ARRESØ ST A;FRB490063A;32;692735;6209960;Halsnæs;Region Hovedstaden;Sø;Arresø;11-11-1997;1;Næringsstoffer sediment, Sø;Ja;Miljøstyrelsen;https://vanda.miljoeportal.dk/link/67278144-484b-47a5-b7eb-3814aa77dea3;Aktivitetssted;32;692735;6209960;1;3;Blandingsprøve;1;5;10;Ej oplyst;;312;Jern; =;6,69000031775795;g/kg TS;9999999;;2
Station;49000096;ARRESØ ST B;FRB490063B;32;695956;6208568;Gribskov;Region Hovedstaden;Sø;Arresø;11-11-1997;1;Næringsstoffer sediment, Sø;Ja;Miljøstyrelsen;https://vanda.miljoeportal.dk/link/9a89f45a-168d-415e-b802-9718cada3fb7;Aktivitetssted;32;695956;6208568;1;4;Blandingsprøve;1;10;20;Ej oplyst;;39;Glødetab, total; =;36,2;pct TS;9999999;;2
Station;49000095;ARRESØ ST A;FRB490063A;32;692735;6209960;Halsnæs;Region Hovedstaden;Sø;Arresø;27-12-1993;1;Næringsstoffer sediment, Sø;Ja;Miljøstyrelsen;https://vanda.miljoeportal.dk/link/1f5197b5-1d76-499d-b479-8635d30c8b4b;Aktivitetssted;32;692735;6209960;2;2;Blandingsprøve;1;2;5;Ej oplyst;;263;Phosphor, Fe-adsorberet; =;0,0370000017574057;g/kg TS;9999999;;2
Station;49000097;ARRESØ ST C;FRB490063C;32;694929;6209746;Gribskov;Region Hovedstaden;Sø;Arresø;11-11-1997;1;Næringsstoffer sediment, Sø;Ja;Miljøstyrelsen;https://vanda.miljoeportal.dk/link/a9e6988d-37ab-4237-b542-d2fc5f942333;Aktivitetssted;32;694929;6209746;1;4;Blandingsprøve;1;10;20;Ej oplyst;;261;Phosphor, total-P; =;1,69000008027069;g/kg TS;9999999;;2
Station;49000095;ARRESØ ST A;FRB490063A;32;692735;6209960;Halsnæs;Region Hovedstaden;Sø;Arresø;11-11-1997;1;Næringsstoffer sediment, Sø;Ja;Miljøstyrelsen;https://vanda.miljoeportal.dk/link/67278144-484b-47a5-b7eb-3814aa77dea3;Aktivitetssted;32;692735;6209960;1;3;Blandingsprøve;1;5;10;Ej oplyst;;36;Tørstof,total; =;4,8;pct VV;9999999;;2
Station;49000096;ARRESØ ST B;FRB490063B;32;695956;6208568;Gribskov;Region Hovedstaden;Sø;Arresø;08-11-2018;1;Næringsstoffer sediment, Sø;Ja;Miljøstyrelsen;https://vanda.miljoeportal.dk/link/ad06c7b4-5524-4ef2-80d6-606d87074051;Aktivitetssted;32;695956;6208568;1;1;Blandingsprøve;1;0;2;Ej oplyst;;36;Tørstof,total; =;3,3;pct VV;9999999;;2
Station;49000097;ARRESØ ST C;FRB490063C;32;694929;6209746;Gribskov;Region Hovedstaden;Sø;Arresø;11-11-2009;1;Næringsstoffer sediment, Sø;Ja;Miljøstyrelsen;https://vanda.miljoeportal.dk/link/5a2cc418-087b-4905-8650-dca9072d28dd;Aktivitetssted;32;694929;6209746;1;3;Blandingsprøve;1;5;10;Ej oplyst;;36;Tørstof,total; =;6,14;pct VV;9999999;;2
Station;49000095;ARRESØ ST A;FRB490063A;32;692735;6209960;Halsnæs;Region Hovedstaden;Sø;Arresø;27-12-1993;1;Næringsstoffer sediment, Sø;Ja;Miljøstyrelsen;https://vanda.miljoeportal.dk/link/1f5197b5-1d76-499d-b479-8635d30c8b4b;Aktivitetssted;32;692735;6209960;2;6;Blandingsprøve;1;30;38;Ej oplyst;;253;Nitrogen,total N; =;13,1000006222166;g/kg TS;9999999;;2
Station;49000096;ARRESØ ST B;FRB490063B;32;695956;6208568;Gribskov;Region Hovedstaden;Sø;Arresø;05-11-2002;1;Næringsstoffer sediment, Sø;Ja;Miljøstyrelsen;https://vanda.miljoeportal.dk/link/f11240b4-a108-4df4-bba7-61922127c168;Aktivitetssted;32;695956;6208568;1;2;Blandingsprøve;1;2;5;Ej oplyst;;261;Phosphor, total-P; =;0,796000037807971;g/kg TS;9999999;;2
Station;49000096;ARRESØ ST B;FRB490063B;32;695956;6208568;Gribskov;Region Hovedstaden;Sø;Arresø;11-11-1997;1;Næringsstoffer sediment, Sø;Ja;Miljøstyrelsen;https://vanda.miljoeportal.dk/link/9a89f45a-168d-415e-b802-9718cada3fb7;Aktivitetssted;32;695956;6208568;1;5;Blandingsprøve;1;20;30;Ej oplyst;;39;Glødetab, total; =;25;pct TS;9999999;;2
Station;49000096;ARRESØ ST B;FRB490063B;32;695956;6208568;Gribskov;Region Hovedstaden;Sø;Arresø;11-11-2014;1;Næringsstoffer sediment, Sø;Ja;Miljøstyrelsen;https://vanda.miljoeportal.dk/link/f2c1f9e1-5e0d-4328-aecb-f67202f09df7;Aktivitetssted;32;695956;6208568;1;2;Blandingsprøve;1;2;5;Ej oplyst;;261;Phosphor, total-P; =;1,50000007124618;g/kg TS;9999999;;2
Station;49000095;ARRESØ ST A;FRB490063A;32;692735;6209960;Halsnæs;Region Hovedstaden;Sø;Arresø;11-11-2009;1;Næringsstoffer sediment, Sø;Ja;Miljøstyrelsen;https://vanda.miljoeportal.dk/link/7d157e1d-8fe8-4773-81a5-48b803b6e9ec;Aktivitetssted;32;692735;6209960;1;5;Blandingsprøve;1;20;30;Ej oplyst;;261;Phosphor, total-P; =;0,803000038140454;g/kg TS;9999999;;2
Station;49000095;ARRESØ ST A;FRB490063A;32;692735;6209960;Halsnæs;Region Hovedstaden;Sø;Arresø;11-11-1997;1;Næringsstoffer sediment, Sø;Ja;Miljøstyrelsen;https://vanda.miljoeportal.dk/link/67278144-484b-47a5-b7eb-3814aa77dea3;Aktivitetssted;32;692735;6209960;1;4;Blandingsprøve;1;10;20;Ej oplyst;;280;Calcium; =;180,000008549541;g/kg TS;9999999;;2
Station;49000095;ARRESØ ST A;FRB490063A;32;692735;6209960;Halsnæs;Region Hovedstaden;Sø;Arresø;11-11-2014;1;Næringsstoffer sediment, Sø;Ja;Miljøstyrelsen;https://vanda.miljoeportal.dk/link/7a8b4b64-8f15-45c6-9c78-7b8b5f25367c;Aktivitetssted;32;692735;6209960;1;3;Blandingsprøve;1;5;10;Ej oplyst;;312;Jern; =;10,0000004749745;g/kg TS;9999999;;2
Station;49000096;ARRESØ ST B;FRB490063B;32;695956;6208568;Gribskov;Region Hovedstaden;Sø;Arresø;11-11-2009;1;Næringsstoffer sediment, Sø;Ja;Miljøstyrelsen;https://vanda.miljoeportal.dk/link/50375709-7eb1-4b8d-ae7f-4a39ddb08980;Aktivitetssted;32;695956;6208568;1;2;Blandingsprøve;1;2;5;Ej oplyst;;39;Glødetab, total; =;28,2;pct TS;9999999;;2
Station;49000095;ARRESØ ST A;FRB490063A;32;692735;6209960;Halsnæs;Region Hovedstaden;Sø;Arresø;27-12-1993;1;Næringsstoffer sediment, Sø;Ja;Miljøstyrelsen;https://vanda.miljoeportal.dk/link/1f5197b5-1d76-499d-b479-8635d30c8b4b;Aktivitetssted;32;692735;6209960;1;2;Blandingsprøve;1;2;5;Ej oplyst;;312;Jern; =;14,0000006649643;g/kg TS;9999999;;2
Station;49000096;ARRESØ ST B;FRB490063B;32;695956;6208568;Gribskov;Region Hovedstaden;Sø;Arresø;11-11-2014;1;Næringsstoffer sediment, Sø;Ja;Miljøstyrelsen;https://vanda.miljoeportal.dk/link/f2c1f9e1-5e0d-4328-aecb-f67202f09df7;Aktivitetssted;32;695956;6208568;1;4;Blandingsprøve;1;10;20;Ej oplyst;;36;Tørstof,total; =;9,2;pct VV;9999999;;2
Station;49000095;ARRESØ ST A;FRB490063A;32;692735;6209960;Halsnæs;Region Hovedstaden;Sø;Arresø;27-12-1993;1;Næringsstoffer sediment, Sø;Ja;Miljøstyrelsen;https://vanda.miljoeportal.dk/link/1f5197b5-1d76-499d-b479-8635d30c8b4b;Aktivitetssted;32;692735;6209960;1;3;Blandingsprøve;1;5;10;Ej oplyst;;39;Glødetab, total; =;20,1000002995133;pct TS;9999999;;2
Station;49000095;ARRESØ ST A;FRB490063A;32;692735;6209960;Halsnæs;Region Hovedstaden;Sø;Arresø;27-12-1993;1;Næringsstoffer sediment, Sø;Ja;Miljøstyrelsen;https://vanda.miljoeportal.dk/link/1f5197b5-1d76-499d-b479-8635d30c8b4b;Aktivitetssted;32;692735;6209960;2;2;Blandingsprøve;1;2;5;Ej oplyst;;312;Jern; =;6,70000031823292;g/kg TS;9999999;;2
Station;49000096;ARRESØ ST B;FRB490063B;32;695956;6208568;Gribskov;Region Hovedstaden;Sø;Arresø;05-11-2002;1;Næringsstoffer sediment, Sø;Ja;Miljøstyrelsen;https://vanda.miljoeportal.dk/link/f11240b4-a108-4df4-bba7-61922127c168;Aktivitetssted;32;695956;6208568;1;4;Blandingsprøve;1;10;20;Ej oplyst;;253;Nitrogen,total N; =;9,86000046832487;g/kg TS;9999999;;2
Station;49000097;ARRESØ ST C;FRB490063C;32;694929;6209746;Gribskov;Region Hovedstaden;Sø;Arresø;11-11-2009;1;Næringsstoffer sediment, Sø;Ja;Miljøstyrelsen;https://vanda.miljoeportal.dk/link/5a2cc418-087b-4905-8650-dca9072d28dd;Aktivitetssted;32;694929;6209746;1;2;Blandingsprøve;1;2;5;Ej oplyst;;261;Phosphor, total-P; =;1,5300000726711;g/kg TS;9999999;;2
Station;49000096;ARRESØ ST B;FRB490063B;32;695956;6208568;Gribskov;Region Hovedstaden;Sø;Arresø;05-11-2002;1;Næringsstoffer sediment, Sø;Ja;Miljøstyrelsen;https://vanda.miljoeportal.dk/link/f11240b4-a108-4df4-bba7-61922127c168;Aktivitetssted;32;695956;6208568;1;1;Blandingsprøve;1;0;2;Ej oplyst;;312;Jern; =;16,3000007742085;g/kg TS;9999999;;2
Station;49000095;ARRESØ ST A;FRB490063A;32;692735;6209960;Halsnæs;Region Hovedstaden;Sø;Arresø;27-12-1993;1;Næringsstoffer sediment, Sø;Ja;Miljøstyrelsen;https://vanda.miljoeportal.dk/link/1f5197b5-1d76-499d-b479-8635d30c8b4b;Aktivitetssted;32;692735;6209960;2;1;Blandingsprøve;1;0;2;Ej oplyst;;253;Nitrogen,total N; =;4,18000019853935;g/kg TS;9999999;;2
Station;49000095;ARRESØ ST A;FRB490063A;32;692735;6209960;Halsnæs;Region Hovedstaden;Sø;Arresø;11-11-2014;1;Næringsstoffer sediment, Sø;Ja;Miljøstyrelsen;https://vanda.miljoeportal.dk/link/7a8b4b64-8f15-45c6-9c78-7b8b5f25367c;Aktivitetssted;32;692735;6209960;1;5;Blandingsprøve;1;20;30;Ej oplyst;;312;Jern; =;13,0000006174669;g/kg TS;9999999;;2
Station;49000095;ARRESØ ST A;FRB490063A;32;692735;6209960;Halsnæs;Region Hovedstaden;Sø;Arresø;27-12-1993;1;Næringsstoffer sediment, Sø;Ja;Miljøstyrelsen;https://vanda.miljoeportal.dk/link/1f5197b5-1d76-499d-b479-8635d30c8b4b;Aktivitetssted;32;692735;6209960;1;4;Blandingsprøve;1;10;20;Ej oplyst;;39;Glødetab, total; =;21,6000003218651;pct TS;9999999;;2
Station;49000095;ARRESØ ST A;FRB490063A;32;692735;6209960;Halsnæs;Region Hovedstaden;Sø;Arresø;11-11-1997;1;Næringsstoffer sediment, Sø;Ja;Miljøstyrelsen;https://vanda.miljoeportal.dk/link/67278144-484b-47a5-b7eb-3814aa77dea3;Aktivitetssted;32;692735;6209960;1;6;Blandingsprøve;1;30;43;Ej oplyst;;261;Phosphor, total-P; =;0,590000028023496;g/kg TS;9999999;;2
Station;49000095;ARRESØ ST A;FRB490063A;32;692735;6209960;Halsnæs;Region Hovedstaden;Sø;Arresø;27-12-1993;1;Næringsstoffer sediment, Sø;Ja;Miljøstyrelsen;https://vanda.miljoeportal.dk/link/1f5197b5-1d76-499d-b479-8635d30c8b4b;Aktivitetssted;32;692735;6209960;1;1;Blandingsprøve;1;0;2;Ej oplyst;;261;Phosphor, total-P; =;1,41800006735139;g/kg TS;9999999;;2
Station;49000096;ARRESØ ST B;FRB490063B;32;695956;6208568;Gribskov;Region Hovedstaden;Sø;Arresø;11-11-2014;1;Næringsstoffer sediment, Sø;Ja;Miljøstyrelsen;https://vanda.miljoeportal.dk/link/f2c1f9e1-5e0d-4328-aecb-f67202f09df7;Aktivitetssted;32;695956;6208568;1;2;Blandingsprøve;1;2;5;Ej oplyst;;36;Tørstof,total; =;4,3;pct VV;9999999;;2
Station;49000096;ARRESØ ST B;FRB490063B;32;695956;6208568;Gribskov;Region Hovedstaden;Sø;Arresø;08-11-2018;1;Næringsstoffer sediment, Sø;Ja;Miljøstyrelsen;https://vanda.miljoeportal.dk/link/ad06c7b4-5524-4ef2-80d6-606d87074051;Aktivitetssted;32;695956;6208568;1;3;Blandingsprøve;1;5;10;Ej oplyst;;312;Jern; =;12,0000005699694;g/kg TS;9999999;;2
Station;49000097;ARRESØ ST C;FRB490063C;32;694929;6209746;Gribskov;Region Hovedstaden;Sø;Arresø;11-11-1997;1;Næringsstoffer sediment, Sø;Ja;Miljøstyrelsen;https://vanda.miljoeportal.dk/link/a9e6988d-37ab-4237-b542-d2fc5f942333;Aktivitetssted;32;694929;6209746;1;4;Blandingsprøve;1;10;20;Ej oplyst;;312;Jern; =;10,4930004983908;g/kg TS;9999999;;2
Station;49000095;ARRESØ ST A;FRB490063A;32;692735;6209960;Halsnæs;Region Hovedstaden;Sø;Arresø;27-12-1993;1;Næringsstoffer sediment, Sø;Ja;Miljøstyrelsen;https://vanda.miljoeportal.dk/link/1f5197b5-1d76-499d-b479-8635d30c8b4b;Aktivitetssted;32;692735;6209960;2;1;Blandingsprøve;1;0;2;Ej oplyst;;280;Calcium; =;28,0000013299286;g/kg TS;9999999;;2
Station;49000097;ARRESØ ST C;FRB490063C;32;694929;6209746;Gribskov;Region Hovedstaden;Sø;Arresø;11-11-2009;1;Næringsstoffer sediment, Sø;Ja;Miljøstyrelsen;https://vanda.miljoeportal.dk/link/5a2cc418-087b-4905-8650-dca9072d28dd;Aktivitetssted;32;694929;6209746;1;1;Blandingsprøve;1;0;2;Ej oplyst;;312;Jern; =;8,73000041465275;g/kg TS;9999999;;2
Station;49000095;ARRESØ ST A;FRB490063A;32;692735;6209960;Halsnæs;Region Hovedstaden;Sø;Arresø;27-12-1993;1;Næringsstoffer sediment, Sø;Ja;Miljøstyrelsen;https://vanda.miljoeportal.dk/link/1f5197b5-1d76-499d-b479-8635d30c8b4b;Aktivitetssted;32;692735;6209960;2;2;Blandingsprøve;1;2;5;Ej oplyst;;280;Calcium; =;33,0000015674159;g/kg TS;9999999;;2
Station;49000097;ARRESØ ST C;FRB490063C;32;694929;6209746;Gribskov;Region Hovedstaden;Sø;Arresø;27-12-1993;1;Næringsstoffer sediment, Sø;Ja;Miljøstyrelsen;https://vanda.miljoeportal.dk/link/3d96bdf7-4c02-46b7-95c2-b0a492355762;Aktivitetssted;32;694929;6209746;1;2;Blandingsprøve;1;2;5;Ej oplyst;;39;Glødetab, total; =;1,14000001698732;pct TS;9999999;;1
Station;49000097;ARRESØ ST C;FRB490063C;32;694929;6209746;Gribskov;Region Hovedstaden;Sø;Arresø;05-11-2002;1;Næringsstoffer sediment, Sø;Ja;Miljøstyrelsen;https://vanda.miljoeportal.dk/link/b0c7144e-fb25-47e9-9829-821356e038d2;Aktivitetssted;32;694929;6209746;1;6;Blandingsprøve;1;30;50;Ej oplyst;;253;Nitrogen,total N; =;12,3000005842187;g/kg TS;9999999;;2
Station;49000095;ARRESØ ST A;FRB490063A;32;692735;6209960;Halsnæs;Region Hovedstaden;Sø;Arresø;11-11-1997;1;Næringsstoffer sediment, Sø;Ja;Miljøstyrelsen;https://vanda.miljoeportal.dk/link/67278144-484b-47a5-b7eb-3814aa77dea3;Aktivitetssted;32;692735;6209960;1;6;Blandingsprøve;1;30;43;Ej oplyst;;312;Jern; =;14,0720006683841;g/kg TS;9999999;;2
Station;49000095;ARRESØ ST A;FRB490063A;32;692735;6209960;Halsnæs;Region Hovedstaden;Sø;Arresø;11-11-1997;1;Næringsstoffer sediment, Sø;Ja;Miljøstyrelsen;https://vanda.miljoeportal.dk/link/67278144-484b-47a5-b7eb-3814aa77dea3;Aktivitetssted;32;692735;6209960;1;4;Blandingsprøve;1;10;20;Ej oplyst;;36;Tørstof,total; =;6,3;pct VV;9999999;;2
Station;49000096;ARRESØ ST B;FRB490063B;32;695956;6208568;Gribskov;Region Hovedstaden;Sø;Arresø;11-11-1997;1;Næringsstoffer sediment, Sø;Ja;Miljøstyrelsen;https://vanda.miljoeportal.dk/link/9a89f45a-168d-415e-b802-9718cada3fb7;Aktivitetssted;32;695956;6208568;1;3;Blandingsprøve;1;5;10;Ej oplyst;;261;Phosphor, total-P; =;2,15000010211952;g/kg TS;9999999;;2
Station;49000097;ARRESØ ST C;FRB490063C;32;694929;6209746;Gribskov;Region Hovedstaden;Sø;Arresø;08-11-2018;1;Næringsstoffer sediment, Sø;Ja;Miljøstyrelsen;https://vanda.miljoeportal.dk/link/613136f4-b66a-4491-9cdb-c24372244bc3;Aktivitetssted;32;694929;6209746;1;5;Blandingsprøve;1;20;30;Ej oplyst;;261;Phosphor, total-P; =;1,20000005699694;g/kg TS;9999999;;2
Station;49000096;ARRESØ ST B;FRB490063B;32;695956;6208568;Gribskov;Region Hovedstaden;Sø;Arresø;11-11-2009;1;Næringsstoffer sediment, Sø;Ja;Miljøstyrelsen;https://vanda.miljoeportal.dk/link/50375709-7eb1-4b8d-ae7f-4a39ddb08980;Aktivitetssted;32;695956;6208568;1;4;Blandingsprøve;1;10;20;Ej oplyst;;261;Phosphor, total-P; =;0,555000026361086;g/kg TS;9999999;;2
Station;49000095;ARRESØ ST A;FRB490063A;32;692735;6209960;Halsnæs;Region Hovedstaden;Sø;Arresø;27-12-1993;1;Næringsstoffer sediment, Sø;Ja;Miljøstyrelsen;https://vanda.miljoeportal.dk/link/1f5197b5-1d76-499d-b479-8635d30c8b4b;Aktivitetssted;32;692735;6209960;1;2;Blandingsprøve;1;2;5;Ej oplyst;;39;Glødetab, total; =;18,0000002682209;pct TS;9999999;;1
Station;49000095;ARRESØ ST A;FRB490063A;32;692735;6209960;Halsnæs;Region Hovedstaden;Sø;Arresø;27-12-1993;1;Næringsstoffer sediment, Sø;Ja;Miljøstyrelsen;https://vanda.miljoeportal.dk/link/1f5197b5-1d76-499d-b479-8635d30c8b4b;Aktivitetssted;32;692735;6209960;1;4;Blandingsprøve;1;10;20;Ej oplyst;;253;Nitrogen,total N; =;13,0000006174669;g/kg TS;9999999;;2
Station;49000096;ARRESØ ST B;FRB490063B;32;695956;6208568;Gribskov;Region Hovedstaden;Sø;Arresø;05-11-2002;1;Næringsstoffer sediment, Sø;Ja;Miljøstyrelsen;https://vanda.miljoeportal.dk/link/f11240b4-a108-4df4-bba7-61922127c168;Aktivitetssted;32;695956;6208568;1;1;Blandingsprøve;1;0;2;Ej oplyst;;261;Phosphor, total-P; =;1,18000005604699;g/kg TS;9999999;;2
Station;49000095;ARRESØ ST A;FRB490063A;32;692735;6209960;Halsnæs;Region Hovedstaden;Sø;Arresø;11-11-2009;1;Næringsstoffer sediment, Sø;Ja;Miljøstyrelsen;https://vanda.miljoeportal.dk/link/7d157e1d-8fe8-4773-81a5-48b803b6e9ec;Aktivitetssted;32;692735;6209960;1;3;Blandingsprøve;1;5;10;Ej oplyst;;39;Glødetab, total; =;31,7;pct TS;9999999;;2
Station;49000097;ARRESØ ST C;FRB490063C;32;694929;6209746;Gribskov;Region Hovedstaden;Sø;Arresø;27-12-1993;1;Næringsstoffer sediment, Sø;Ja;Miljøstyrelsen;https://vanda.miljoeportal.dk/link/3d96bdf7-4c02-46b7-95c2-b0a492355762;Aktivitetssted;32;694929;6209746;1;2;Blandingsprøve;1;2;5;Ej oplyst;;312;Jern; =;9,90000047022477;g/kg TS;9999999;;2
Station;49000095;ARRESØ ST A;FRB490063A;32;692735;6209960;Halsnæs;Region Hovedstaden;Sø;Arresø;27-12-1993;1;Næringsstoffer sediment, Sø;Ja;Miljøstyrelsen;https://vanda.miljoeportal.dk/link/1f5197b5-1d76-499d-b479-8635d30c8b4b;Aktivitetssted;32;692735;6209960;2;6;Blandingsprøve;1;30;38;Ej oplyst;;265;Phosphor, Al-adsorberet;<;0,00500000023748726;g/kg TS;9999999;;2
Station;49000095;ARRESØ ST A;FRB490063A;32;692735;6209960;Halsnæs;Region Hovedstaden;Sø;Arresø;27-12-1993;1;Næringsstoffer sediment, Sø;Ja;Miljøstyrelsen;https://vanda.miljoeportal.dk/link/1f5197b5-1d76-499d-b479-8635d30c8b4b;Aktivitetssted;32;692735;6209960;1;3;Blandingsprøve;1;5;10;Ej oplyst;;1141;Organisk bundet P; =;0,279000013251789;g/kg TS;9999999;;2
Station;49000095;ARRESØ ST A;FRB490063A;32;692735;6209960;Halsnæs;Region Hovedstaden;Sø;Arresø;05-11-2002;1;Næringsstoffer sediment, Sø;Ja;Miljøstyrelsen;https://vanda.miljoeportal.dk/link/1799b391-4a2d-4559-baf3-debaca726093;Aktivitetssted;32;692735;6209960;1;6;Blandingsprøve;1;30;50;Ej oplyst;;261;Phosphor, total-P; =;0,485000023036264;g/kg TS;9999999;;2
Station;49000096;ARRESØ ST B;FRB490063B;32;695956;6208568;Gribskov;Region Hovedstaden;Sø;Arresø;11-11-2009;1;Næringsstoffer sediment, Sø;Ja;Miljøstyrelsen;https://vanda.miljoeportal.dk/link/50375709-7eb1-4b8d-ae7f-4a39ddb08980;Aktivitetssted;32;695956;6208568;1;2;Blandingsprøve;1;2;5;Ej oplyst;;36;Tørstof,total; =;6,49;pct VV;9999999;;2
Station;49000096;ARRESØ ST B;FRB490063B;32;695956;6208568;Gribskov;Region Hovedstaden;Sø;Arresø;08-11-2018;1;Næringsstoffer sediment, Sø;Ja;Miljøstyrelsen;https://vanda.miljoeportal.dk/link/ad06c7b4-5524-4ef2-80d6-606d87074051;Aktivitetssted;32;695956;6208568;1;5;Blandingsprøve;1;20;30;Ej oplyst;;261;Phosphor, total-P; =;0,730000034673139;g/kg TS;9999999;;2
Station;49000095;ARRESØ ST A;FRB490063A;32;692735;6209960;Halsnæs;Region Hovedstaden;Sø;Arresø;27-12-1993;1;Næringsstoffer sediment, Sø;Ja;Miljøstyrelsen;https://vanda.miljoeportal.dk/link/1f5197b5-1d76-499d-b479-8635d30c8b4b;Aktivitetssted;32;692735;6209960;2;3;Blandingsprøve;1;5;10;Ej oplyst;;1141;Organisk bundet P; =;0,311000014771707;g/kg TS;9999999;;2
Station;49000097;ARRESØ ST C;FRB490063C;32;694929;6209746;Gribskov;Region Hovedstaden;Sø;Arresø;08-11-2018;1;Næringsstoffer sediment, Sø;Ja;Miljøstyrelsen;https://vanda.miljoeportal.dk/link/613136f4-b66a-4491-9cdb-c24372244bc3;Aktivitetssted;32;694929;6209746;1;4;Blandingsprøve;1;10;20;Ej oplyst;;261;Phosphor, total-P; =;1,90000009024516;g/kg TS;9999999;;2
Station;49000097;ARRESØ ST C;FRB490063C;32;694929;6209746;Gribskov;Region Hovedstaden;Sø;Arresø;11-11-2009;1;Næringsstoffer sediment, Sø;Ja;Miljøstyrelsen;https://vanda.miljoeportal.dk/link/5a2cc418-087b-4905-8650-dca9072d28dd;Aktivitetssted;32;694929;6209746;1;4;Blandingsprøve;1;10;20;Ej oplyst;;39;Glødetab, total; =;24;pct TS;9999999;;2
Station;49000097;ARRESØ ST C;FRB490063C;32;694929;6209746;Gribskov;Region Hovedstaden;Sø;Arresø;27-12-1993;1;Næringsstoffer sediment, Sø;Ja;Miljøstyrelsen;https://vanda.miljoeportal.dk/link/3d96bdf7-4c02-46b7-95c2-b0a492355762;Aktivitetssted;32;694929;6209746;1;2;Blandingsprøve;1;2;5;Ej oplyst;;253;Nitrogen,total N; =;0,410000019473955;g/kg TS;9999999;;2
Station;49000095;ARRESØ ST A;FRB490063A;32;692735;6209960;Halsnæs;Region Hovedstaden;Sø;Arresø;11-11-2009;1;Næringsstoffer sediment, Sø;Ja;Miljøstyrelsen;https://vanda.miljoeportal.dk/link/7d157e1d-8fe8-4773-81a5-48b803b6e9ec;Aktivitetssted;32;692735;6209960;1;2;Blandingsprøve;1;2;5;Ej oplyst;;39;Glødetab, total; =;31,8;pct TS;9999999;;2
Station;49000095;ARRESØ ST A;FRB490063A;32;692735;6209960;Halsnæs;Region Hovedstaden;Sø;Arresø;11-11-1997;1;Næringsstoffer sediment, Sø;Ja;Miljøstyrelsen;https://vanda.miljoeportal.dk/link/67278144-484b-47a5-b7eb-3814aa77dea3;Aktivitetssted;32;692735;6209960;1;4;Blandingsprøve;1;10;20;Ej oplyst;;312;Jern; =;9,06000043032691;g/kg TS;9999999;;2
Station;49000097;ARRESØ ST C;FRB490063C;32;694929;6209746;Gribskov;Region Hovedstaden;Sø;Arresø;11-11-1997;1;Næringsstoffer sediment, Sø;Ja;Miljøstyrelsen;https://vanda.miljoeportal.dk/link/a9e6988d-37ab-4237-b542-d2fc5f942333;Aktivitetssted;32;694929;6209746;1;2;Blandingsprøve;1;2;5;Ej oplyst;;39;Glødetab, total; =;38;pct TS;9999999;;2
Station;49000097;ARRESØ ST C;FRB490063C;32;694929;6209746;Gribskov;Region Hovedstaden;Sø;Arresø;08-11-2018;1;Næringsstoffer sediment, Sø;Ja;Miljøstyrelsen;https://vanda.miljoeportal.dk/link/613136f4-b66a-4491-9cdb-c24372244bc3;Aktivitetssted;32;694929;6209746;1;4;Blandingsprøve;1;10;20;Ej oplyst;;312;Jern; =;13,0000006174669;g/kg TS;9999999;;2
Station;49000097;ARRESØ ST C;FRB490063C;32;694929;6209746;Gribskov;Region Hovedstaden;Sø;Arresø;11-11-1997;1;Næringsstoffer sediment, Sø;Ja;Miljøstyrelsen;https://vanda.miljoeportal.dk/link/a9e6988d-37ab-4237-b542-d2fc5f942333;Aktivitetssted;32;694929;6209746;1;2;Blandingsprøve;1;2;5;Ej oplyst;;312;Jern; =;6,30500029947143;g/kg TS;9999999;;2
Station;49000097;ARRESØ ST C;FRB490063C;32;694929;6209746;Gribskov;Region Hovedstaden;Sø;Arresø;11-11-1997;1;Næringsstoffer sediment, Sø;Ja;Miljøstyrelsen;https://vanda.miljoeportal.dk/link/a9e6988d-37ab-4237-b542-d2fc5f942333;Aktivitetssted;32;694929;6209746;1;5;Blandingsprøve;1;20;30;Ej oplyst;;312;Jern; =;10,7820005121175;g/kg TS;9999999;;2
Station;49000097;ARRESØ ST C;FRB490063C;32;694929;6209746;Gribskov;Region Hovedstaden;Sø;Arresø;08-11-2018;1;Næringsstoffer sediment, Sø;Ja;Miljøstyrelsen;https://vanda.miljoeportal.dk/link/613136f4-b66a-4491-9cdb-c24372244bc3;Aktivitetssted;32;694929;6209746;1;1;Blandingsprøve;1;0;2;Ej oplyst;;39;Glødetab, total; =;31,4;pct TS;9999999;;2
Station;49000095;ARRESØ ST A;FRB490063A;32;692735;6209960;Halsnæs;Region Hovedstaden;Sø;Arresø;11-11-2009;1;Næringsstoffer sediment, Sø;Ja;Miljøstyrelsen;https://vanda.miljoeportal.dk/link/7d157e1d-8fe8-4773-81a5-48b803b6e9ec;Aktivitetssted;32;692735;6209960;1;2;Blandingsprøve;1;2;5;Ej oplyst;;312;Jern; =;7,96000037807971;g/kg TS;9999999;;2
Station;49000097;ARRESØ ST C;FRB490063C;32;694929;6209746;Gribskov;Region Hovedstaden;Sø;Arresø;11-11-2009;1;Næringsstoffer sediment, Sø;Ja;Miljøstyrelsen;https://vanda.miljoeportal.dk/link/5a2cc418-087b-4905-8650-dca9072d28dd;Aktivitetssted;32;694929;6209746;1;3;Blandingsprøve;1;5;10;Ej oplyst;;39;Glødetab, total; =;32;pct TS;9999999;;2
Station;49000097;ARRESØ ST C;FRB490063C;32;694929;6209746;Gribskov;Region Hovedstaden;Sø;Arresø;27-12-1993;1;Næringsstoffer sediment, Sø;Ja;Miljøstyrelsen;https://vanda.miljoeportal.dk/link/3d96bdf7-4c02-46b7-95c2-b0a492355762;Aktivitetssted;32;694929;6209746;1;1;Blandingsprøve;1;0;2;Ej oplyst;;265;Phosphor, Al-adsorberet; =;0,0640000030398369;g/kg TS;9999999;;2
Station;49000097;ARRESØ ST C;FRB490063C;32;694929;6209746;Gribskov;Region Hovedstaden;Sø;Arresø;11-11-2014;1;Næringsstoffer sediment, Sø;Ja;Miljøstyrelsen;https://vanda.miljoeportal.dk/link/fa1c24a4-3113-44bd-977e-1625b5d6d902;Aktivitetssted;32;694929;6209746;1;4;Blandingsprøve;1;10;20;Ej oplyst;;36;Tørstof,total; =;7,9;pct VV;9999999;;2
Station;49000097;ARRESØ ST C;FRB490063C;32;694929;6209746;Gribskov;Region Hovedstaden;Sø;Arresø;05-11-2002;1;Næringsstoffer sediment, Sø;Ja;Miljøstyrelsen;https://vanda.miljoeportal.dk/link/b0c7144e-fb25-47e9-9829-821356e038d2;Aktivitetssted;32;694929;6209746;1;2;Blandingsprøve;1;2;5;Ej oplyst;;39;Glødetab, total; =;27;pct TS;9999999;;2
Station;49000095;ARRESØ ST A;FRB490063A;32;692735;6209960;Halsnæs;Region Hovedstaden;Sø;Arresø;11-11-1997;1;Næringsstoffer sediment, Sø;Ja;Miljøstyrelsen;https://vanda.miljoeportal.dk/link/67278144-484b-47a5-b7eb-3814aa77dea3;Aktivitetssted;32;692735;6209960;1;1;Blandingsprøve;1;0;2;Ej oplyst;;261;Phosphor, total-P; =;2,10000009974465;g/kg TS;9999999;;2
Station;49000096;ARRESØ ST B;FRB490063B;32;695956;6208568;Gribskov;Region Hovedstaden;Sø;Arresø;05-11-2002;1;Næringsstoffer sediment, Sø;Ja;Miljøstyrelsen;https://vanda.miljoeportal.dk/link/f11240b4-a108-4df4-bba7-61922127c168;Aktivitetssted;32;695956;6208568;1;3;Blandingsprøve;1;5;10;Ej oplyst;;312;Jern; =;14,0000006649643;g/kg TS;9999999;;2
Station;49000096;ARRESØ ST B;FRB490063B;32;695956;6208568;Gribskov;Region Hovedstaden;Sø;Arresø;11-11-2014;1;Næringsstoffer sediment, Sø;Ja;Miljøstyrelsen;https://vanda.miljoeportal.dk/link/f2c1f9e1-5e0d-4328-aecb-f67202f09df7;Aktivitetssted;32;695956;6208568;1;6;Blandingsprøve;1;30;50;Ej oplyst;;36;Tørstof,total; =;19;pct VV;9999999;;2
Station;49000096;ARRESØ ST B;FRB490063B;32;695956;6208568;Gribskov;Region Hovedstaden;Sø;Arresø;11-11-1997;1;Næringsstoffer sediment, Sø;Ja;Miljøstyrelsen;https://vanda.miljoeportal.dk/link/9a89f45a-168d-415e-b802-9718cada3fb7;Aktivitetssted;32;695956;6208568;1;3;Blandingsprøve;1;5;10;Ej oplyst;;39;Glødetab, total; =;46;pct TS;9999999;;2
Station;49000095;ARRESØ ST A;FRB490063A;32;692735;6209960;Halsnæs;Region Hovedstaden;Sø;Arresø;05-11-2002;1;Næringsstoffer sediment, Sø;Ja;Miljøstyrelsen;https://vanda.miljoeportal.dk/link/1799b391-4a2d-4559-baf3-debaca726093;Aktivitetssted;32;692735;6209960;1;1;Blandingsprøve;1;0;2;Ej oplyst;;36;Tørstof,total; =;5,7;pct VV;9999999;;2
Station;49000095;ARRESØ ST A;FRB490063A;32;692735;6209960;Halsnæs;Region Hovedstaden;Sø;Arresø;27-12-1993;1;Næringsstoffer sediment, Sø;Ja;Miljøstyrelsen;https://vanda.miljoeportal.dk/link/1f5197b5-1d76-499d-b479-8635d30c8b4b;Aktivitetssted;32;692735;6209960;1;3;Blandingsprøve;1;5;10;Ej oplyst;;265;Phosphor, Al-adsorberet;<;0,00500000023748726;g/kg TS;9999999;;2
Station;49000097;ARRESØ ST C;FRB490063C;32;694929;6209746;Gribskov;Region Hovedstaden;Sø;Arresø;11-11-1997;1;Næringsstoffer sediment, Sø;Ja;Miljøstyrelsen;https://vanda.miljoeportal.dk/link/a9e6988d-37ab-4237-b542-d2fc5f942333;Aktivitetssted;32;694929;6209746;1;5;Blandingsprøve;1;20;30;Ej oplyst;;39;Glødetab, total; =;29;pct TS;9999999;;2
Station;49000095;ARRESØ ST A;FRB490063A;32;692735;6209960;Halsnæs;Region Hovedstaden;Sø;Arresø;11-11-1997;1;Næringsstoffer sediment, Sø;Ja;Miljøstyrelsen;https://vanda.miljoeportal.dk/link/67278144-484b-47a5-b7eb-3814aa77dea3;Aktivitetssted;32;692735;6209960;1;3;Blandingsprøve;1;5;10;Ej oplyst;;261;Phosphor, total-P; =;1,64000007789582;g/kg TS;9999999;;2
Station;49000095;ARRESØ ST A;FRB490063A;32;692735;6209960;Halsnæs;Region Hovedstaden;Sø;Arresø;27-12-1993;1;Næringsstoffer sediment, Sø;Ja;Miljøstyrelsen;https://vanda.miljoeportal.dk/link/1f5197b5-1d76-499d-b479-8635d30c8b4b;Aktivitetssted;32;692735;6209960;2;1;Blandingsprøve;1;0;2;Ej oplyst;;36;Tørstof,total; =;19,6000002920628;pct VV;9999999;;2
Station;49000095;ARRESØ ST A;FRB490063A;32;692735;6209960;Halsnæs;Region Hovedstaden;Sø;Arresø;27-12-1993;1;Næringsstoffer sediment, Sø;Ja;Miljøstyrelsen;https://vanda.miljoeportal.dk/link/1f5197b5-1d76-499d-b479-8635d30c8b4b;Aktivitetssted;32;692735;6209960;1;5;Blandingsprøve;1;20;30;Ej oplyst;;280;Calcium; =;53,0000025173649;g/kg TS;9999999;;2
Station;49000095;ARRESØ ST A;FRB490063A;32;692735;6209960;Halsnæs;Region Hovedstaden;Sø;Arresø;05-11-2002;1;Næringsstoffer sediment, Sø;Ja;Miljøstyrelsen;https://vanda.miljoeportal.dk/link/1799b391-4a2d-4559-baf3-debaca726093;Aktivitetssted;32;692735;6209960;1;3;Blandingsprøve;1;5;10;Ej oplyst;;280;Calcium; =;130,000006174669;g/kg TS;9999999;;2
Station;49000096;ARRESØ ST B;FRB490063B;32;695956;6208568;Gribskov;Region Hovedstaden;Sø;Arresø;11-11-1997;1;Næringsstoffer sediment, Sø;Ja;Miljøstyrelsen;https://vanda.miljoeportal.dk/link/9a89f45a-168d-415e-b802-9718cada3fb7;Aktivitetssted;32;695956;6208568;1;5;Blandingsprøve;1;20;30;Ej oplyst;;253;Nitrogen,total N; =;18,840000894852;g/kg TS;9999999;;2
Station;49000097;ARRESØ ST C;FRB490063C;32;694929;6209746;Gribskov;Region Hovedstaden;Sø;Arresø;27-12-1993;1;Næringsstoffer sediment, Sø;Ja;Miljøstyrelsen;https://vanda.miljoeportal.dk/link/3d96bdf7-4c02-46b7-95c2-b0a492355762;Aktivitetssted;32;694929;6209746;1;3;Blandingsprøve;1;5;8;Ej oplyst;;1138;Adsorberet P;<;0,00500000023748726;g/kg TS;9999999;;2
Station;49000095;ARRESØ ST A;FRB490063A;32;692735;6209960;Halsnæs;Region Hovedstaden;Sø;Arresø;11-11-1997;1;Næringsstoffer sediment, Sø;Ja;Miljøstyrelsen;https://vanda.miljoeportal.dk/link/67278144-484b-47a5-b7eb-3814aa77dea3;Aktivitetssted;32;692735;6209960;1;2;Blandingsprøve;1;2;5;Ej oplyst;;253;Nitrogen,total N; =;25,8000012254342;g/kg TS;9999999;;2
Station;49000097;ARRESØ ST C;FRB490063C;32;694929;6209746;Gribskov;Region Hovedstaden;Sø;Arresø;05-11-2002;1;Næringsstoffer sediment, Sø;Ja;Miljøstyrelsen;https://vanda.miljoeportal.dk/link/b0c7144e-fb25-47e9-9829-821356e038d2;Aktivitetssted;32;694929;6209746;1;6;Blandingsprøve;1;30;50;Ej oplyst;;39;Glødetab, total; =;20,7;pct TS;9999999;;2
Station;49000095;ARRESØ ST A;FRB490063A;32;692735;6209960;Halsnæs;Region Hovedstaden;Sø;Arresø;05-11-2002;1;Næringsstoffer sediment, Sø;Ja;Miljøstyrelsen;https://vanda.miljoeportal.dk/link/1799b391-4a2d-4559-baf3-debaca726093;Aktivitetssted;32;692735;6209960;1;1;Blandingsprøve;1;0;2;Ej oplyst;;312;Jern; =;13,7000006507151;g/kg TS;9999999;;2
Station;49000097;ARRESØ ST C;FRB490063C;32;694929;6209746;Gribskov;Region Hovedstaden;Sø;Arresø;27-12-1993;1;Næringsstoffer sediment, Sø;Ja;Miljøstyrelsen;https://vanda.miljoeportal.dk/link/3d96bdf7-4c02-46b7-95c2-b0a492355762;Aktivitetssted;32;694929;6209746;1;1;Blandingsprøve;1;0;2;Ej oplyst;;1138;Adsorberet P; =;0,00700000033248216;g/kg TS;9999999;;2
Station;49000095;ARRESØ ST A;FRB490063A;32;692735;6209960;Halsnæs;Region Hovedstaden;Sø;Arresø;11-11-1997;1;Næringsstoffer sediment, Sø;Ja;Miljøstyrelsen;https://vanda.miljoeportal.dk/link/67278144-484b-47a5-b7eb-3814aa77dea3;Aktivitetssted;32;692735;6209960;1;6;Blandingsprøve;1;30;43;Ej oplyst;;253;Nitrogen,total N; =;9,2200004379265;g/kg TS;9999999;;2
Station;49000095;ARRESØ ST A;FRB490063A;32;692735;6209960;Halsnæs;Region Hovedstaden;Sø;Arresø;11-11-2009;1;Næringsstoffer sediment, Sø;Ja;Miljøstyrelsen;https://vanda.miljoeportal.dk/link/7d157e1d-8fe8-4773-81a5-48b803b6e9ec;Aktivitetssted;32;692735;6209960;1;1;Blandingsprøve;1;0;2;Ej oplyst;;39;Glødetab, total; =;35,6;pct TS;9999999;;2
Station;49000095;ARRESØ ST A;FRB490063A;32;692735;6209960;Halsnæs;Region Hovedstaden;Sø;Arresø;27-12-1993;1;Næringsstoffer sediment, Sø;Ja;Miljøstyrelsen;https://vanda.miljoeportal.dk/link/1f5197b5-1d76-499d-b479-8635d30c8b4b;Aktivitetssted;32;692735;6209960;2;1;Blandingsprøve;1;0;2;Ej oplyst;;312;Jern; =;3,90000018524006;g/kg TS;9999999;;2
Station;49000095;ARRESØ ST A;FRB490063A;32;692735;6209960;Halsnæs;Region Hovedstaden;Sø;Arresø;05-11-2002;1;Næringsstoffer sediment, Sø;Ja;Miljøstyrelsen;https://vanda.miljoeportal.dk/link/1799b391-4a2d-4559-baf3-debaca726093;Aktivitetssted;32;692735;6209960;1;2;Blandingsprøve;1;2;5;Ej oplyst;;261;Phosphor, total-P; =;0,67500003206078;g/kg TS;9999999;;2
Station;49000096;ARRESØ ST B;FRB490063B;32;695956;6208568;Gribskov;Region Hovedstaden;Sø;Arresø;05-11-2002;1;Næringsstoffer sediment, Sø;Ja;Miljøstyrelsen;https://vanda.miljoeportal.dk/link/f11240b4-a108-4df4-bba7-61922127c168;Aktivitetssted;32;695956;6208568;1;4;Blandingsprøve;1;10;20;Ej oplyst;;261;Phosphor, total-P; =;0,56900002702605;g/kg TS;9999999;;2
Station;49000095;ARRESØ ST A;FRB490063A;32;692735;6209960;Halsnæs;Region Hovedstaden;Sø;Arresø;11-11-2014;1;Næringsstoffer sediment, Sø;Ja;Miljøstyrelsen;https://vanda.miljoeportal.dk/link/7a8b4b64-8f15-45c6-9c78-7b8b5f25367c;Aktivitetssted;32;692735;6209960;1;6;Blandingsprøve;1;30;50;Ej oplyst;;312;Jern; =;15,0000007124618;g/kg TS;9999999;;2
Station;49000097;ARRESØ ST C;FRB490063C;32;694929;6209746;Gribskov;Region Hovedstaden;Sø;Arresø;08-11-2018;1;Næringsstoffer sediment, Sø;Ja;Miljøstyrelsen;https://vanda.miljoeportal.dk/link/613136f4-b66a-4491-9cdb-c24372244bc3;Aktivitetssted;32;694929;6209746;1;5;Blandingsprøve;1;20;30;Ej oplyst;;39;Glødetab, total; =;38,7;pct TS;9999999;;2
Station;49000096;ARRESØ ST B;FRB490063B;32;695956;6208568;Gribskov;Region Hovedstaden;Sø;Arresø;05-11-2002;1;Næringsstoffer sediment, Sø;Ja;Miljøstyrelsen;https://vanda.miljoeportal.dk/link/f11240b4-a108-4df4-bba7-61922127c168;Aktivitetssted;32;695956;6208568;1;5;Blandingsprøve;1;20;30;Ej oplyst;;39;Glødetab, total; =;18,1;pct TS;9999999;;2
Station;49000097;ARRESØ ST C;FRB490063C;32;694929;6209746;Gribskov;Region Hovedstaden;Sø;Arresø;11-11-2014;1;Næringsstoffer sediment, Sø;Ja;Miljøstyrelsen;https://vanda.miljoeportal.dk/link/fa1c24a4-3113-44bd-977e-1625b5d6d902;Aktivitetssted;32;694929;6209746;1;2;Blandingsprøve;1;2;5;Ej oplyst;;312;Jern; =;10,0000004749745;g/kg TS;9999999;;2
Station;49000096;ARRESØ ST B;FRB490063B;32;695956;6208568;Gribskov;Region Hovedstaden;Sø;Arresø;11-11-1997;1;Næringsstoffer sediment, Sø;Ja;Miljøstyrelsen;https://vanda.miljoeportal.dk/link/9a89f45a-168d-415e-b802-9718cada3fb7;Aktivitetssted;32;695956;6208568;1;2;Blandingsprøve;1;2;5;Ej oplyst;;312;Jern; =;7,64700036321301;g/kg TS;9999999;;2
Station;49000095;ARRESØ ST A;FRB490063A;32;692735;6209960;Halsnæs;Region Hovedstaden;Sø;Arresø;27-12-1993;1;Næringsstoffer sediment, Sø;Ja;Miljøstyrelsen;https://vanda.miljoeportal.dk/link/1f5197b5-1d76-499d-b479-8635d30c8b4b;Aktivitetssted;32;692735;6209960;2;1;Blandingsprøve;1;0;2;Ej oplyst;;1138;Adsorberet P; =;0,0140000006649643;g/kg TS;9999999;;2
Station;49000095;ARRESØ ST A;FRB490063A;32;692735;6209960;Halsnæs;Region Hovedstaden;Sø;Arresø;05-11-2002;1;Næringsstoffer sediment, Sø;Ja;Miljøstyrelsen;https://vanda.miljoeportal.dk/link/1799b391-4a2d-4559-baf3-debaca726093;Aktivitetssted;32;692735;6209960;1;1;Blandingsprøve;1;0;2;Ej oplyst;;253;Nitrogen,total N; =;14,8000007029623;g/kg TS;9999999;;2
Station;49000097;ARRESØ ST C;FRB490063C;32;694929;6209746;Gribskov;Region Hovedstaden;Sø;Arresø;11-11-2014;1;Næringsstoffer sediment, Sø;Ja;Miljøstyrelsen;https://vanda.miljoeportal.dk/link/fa1c24a4-3113-44bd-977e-1625b5d6d902;Aktivitetssted;32;694929;6209746;1;4;Blandingsprøve;1;10;20;Ej oplyst;;39;Glødetab, total; =;29;pct TS;9999999;;2
Station;49000095;ARRESØ ST A;FRB490063A;32;692735;6209960;Halsnæs;Region Hovedstaden;Sø;Arresø;27-12-1993;1;Næringsstoffer sediment, Sø;Ja;Miljøstyrelsen;https://vanda.miljoeportal.dk/link/1f5197b5-1d76-499d-b479-8635d30c8b4b;Aktivitetssted;32;692735;6209960;1;2;Blandingsprøve;1;2;5;Ej oplyst;;264;Phosphor, Ca-adsorberet; =;0,253000012016855;g/kg TS;9999999;;2
Station;49000097;ARRESØ ST C;FRB490063C;32;694929;6209746;Gribskov;Region Hovedstaden;Sø;Arresø;08-11-2018;1;Næringsstoffer sediment, Sø;Ja;Miljøstyrelsen;https://vanda.miljoeportal.dk/link/613136f4-b66a-4491-9cdb-c24372244bc3;Aktivitetssted;32;694929;6209746;1;3;Blandingsprøve;1;5;10;Ej oplyst;;261;Phosphor, total-P; =;1,70000008074567;g/kg TS;9999999;;2
Station;49000095;ARRESØ ST A;FRB490063A;32;692735;6209960;Halsnæs;Region Hovedstaden;Sø;Arresø;27-12-1993;1;Næringsstoffer sediment, Sø;Ja;Miljøstyrelsen;https://vanda.miljoeportal.dk/link/1f5197b5-1d76-499d-b479-8635d30c8b4b;Aktivitetssted;32;692735;6209960;1;2;Blandingsprøve;1;2;5;Ej oplyst;;263;Phosphor, Fe-adsorberet; =;0,0750000035623088;g/kg TS;9999999;;2
Station;49000095;ARRESØ ST A;FRB490063A;32;692735;6209960;Halsnæs;Region Hovedstaden;Sø;Arresø;05-11-2002;1;Næringsstoffer sediment, Sø;Ja;Miljøstyrelsen;https://vanda.miljoeportal.dk/link/1799b391-4a2d-4559-baf3-debaca726093;Aktivitetssted;32;692735;6209960;1;2;Blandingsprøve;1;2;5;Ej oplyst;;253;Nitrogen,total N; =;10,7000005082227;g/kg TS;9999999;;2
Station;49000095;ARRESØ ST A;FRB490063A;32;692735;6209960;Halsnæs;Region Hovedstaden;Sø;Arresø;05-11-2002;1;Næringsstoffer sediment, Sø;Ja;Miljøstyrelsen;https://vanda.miljoeportal.dk/link/1799b391-4a2d-4559-baf3-debaca726093;Aktivitetssted;32;692735;6209960;1;2;Blandingsprøve;1;2;5;Ej oplyst;;312;Jern; =;11,9000005652197;g/kg TS;9999999;;2
Station;49000095;ARRESØ ST A;FRB490063A;32;692735;6209960;Halsnæs;Region Hovedstaden;Sø;Arresø;05-11-2002;1;Næringsstoffer sediment, Sø;Ja;Miljøstyrelsen;https://vanda.miljoeportal.dk/link/1799b391-4a2d-4559-baf3-debaca726093;Aktivitetssted;32;692735;6209960;1;5;Blandingsprøve;1;20;30;Ej oplyst;;36;Tørstof,total; =;21,6;pct VV;9999999;;2
Station;49000097;ARRESØ ST C;FRB490063C;32;694929;6209746;Gribskov;Region Hovedstaden;Sø;Arresø;08-11-2018;1;Næringsstoffer sediment, Sø;Ja;Miljøstyrelsen;https://vanda.miljoeportal.dk/link/613136f4-b66a-4491-9cdb-c24372244bc3;Aktivitetssted;32;694929;6209746;1;5;Blandingsprøve;1;20;30;Ej oplyst;;36;Tørstof,total; =;9,4;pct VV;9999999;;2
Station;49000095;ARRESØ ST A;FRB490063A;32;692735;6209960;Halsnæs;Region Hovedstaden;Sø;Arresø;27-12-1993;1;Næringsstoffer sediment, Sø;Ja;Miljøstyrelsen;https://vanda.miljoeportal.dk/link/1f5197b5-1d76-499d-b479-8635d30c8b4b;Aktivitetssted;32;692735;6209960;2;5;Blandingsprøve;1;20;30;Ej oplyst;;280;Calcium; =;64,0000030398369;g/kg TS;9999999;;2
Station;49000097;ARRESØ ST C;FRB490063C;32;694929;6209746;Gribskov;Region Hovedstaden;Sø;Arresø;27-12-1993;1;Næringsstoffer sediment, Sø;Ja;Miljøstyrelsen;https://vanda.miljoeportal.dk/link/3d96bdf7-4c02-46b7-95c2-b0a492355762;Aktivitetssted;32;694929;6209746;1;3;Blandingsprøve;1;5;8;Ej oplyst;;312;Jern; =;20,000000949949;g/kg TS;9999999;;2
Station;49000097;ARRESØ ST C;FRB490063C;32;694929;6209746;Gribskov;Region Hovedstaden;Sø;Arresø;11-11-2014;1;Næringsstoffer sediment, Sø;Ja;Miljøstyrelsen;https://vanda.miljoeportal.dk/link/fa1c24a4-3113-44bd-977e-1625b5d6d902;Aktivitetssted;32;694929;6209746;1;5;Blandingsprøve;1;20;30;Ej oplyst;;312;Jern; =;17,0000008074567;g/kg TS;9999999;;2
Station;49000095;ARRESØ ST A;FRB490063A;32;692735;6209960;Halsnæs;Region Hovedstaden;Sø;Arresø;27-12-1993;1;Næringsstoffer sediment, Sø;Ja;Miljøstyrelsen;https://vanda.miljoeportal.dk/link/1f5197b5-1d76-499d-b479-8635d30c8b4b;Aktivitetssted;32;692735;6209960;2;4;Blandingsprøve;1;10;20;Ej oplyst;;265;Phosphor, Al-adsorberet; =;0,0280000013299286;g/kg TS;9999999;;2
Station;49000097;ARRESØ ST C;FRB490063C;32;694929;6209746;Gribskov;Region Hovedstaden;Sø;Arresø;05-11-2002;1;Næringsstoffer sediment, Sø;Ja;Miljøstyrelsen;https://vanda.miljoeportal.dk/link/b0c7144e-fb25-47e9-9829-821356e038d2;Aktivitetssted;32;694929;6209746;1;5;Blandingsprøve;1;20;30;Ej oplyst;;39;Glødetab, total; =;20;pct TS;9999999;;2
Station;49000095;ARRESØ ST A;FRB490063A;32;692735;6209960;Halsnæs;Region Hovedstaden;Sø;Arresø;11-11-2014;1;Næringsstoffer sediment, Sø;Ja;Miljøstyrelsen;https://vanda.miljoeportal.dk/link/7a8b4b64-8f15-45c6-9c78-7b8b5f25367c;Aktivitetssted;32;692735;6209960;1;5;Blandingsprøve;1;20;30;Ej oplyst;;36;Tørstof,total; =;10;pct VV;9999999;;2
Station;49000095;ARRESØ ST A;FRB490063A;32;692735;6209960;Halsnæs;Region Hovedstaden;Sø;Arresø;27-12-1993;1;Næringsstoffer sediment, Sø;Ja;Miljøstyrelsen;https://vanda.miljoeportal.dk/link/1f5197b5-1d76-499d-b479-8635d30c8b4b;Aktivitetssted;32;692735;6209960;1;5;Blandingsprøve;1;20;30;Ej oplyst;;312;Jern; =;18,0000008549541;g/kg TS;9999999;;2
Station;49000095;ARRESØ ST A;FRB490063A;32;692735;6209960;Halsnæs;Region Hovedstaden;Sø;Arresø;11-11-1997;1;Næringsstoffer sediment, Sø;Ja;Miljøstyrelsen;https://vanda.miljoeportal.dk/link/67278144-484b-47a5-b7eb-3814aa77dea3;Aktivitetssted;32;692735;6209960;1;3;Blandingsprøve;1;5;10;Ej oplyst;;39;Glødetab, total; =;31;pct TS;9999999;;2
Station;49000096;ARRESØ ST B;FRB490063B;32;695956;6208568;Gribskov;Region Hovedstaden;Sø;Arresø;11-11-1997;1;Næringsstoffer sediment, Sø;Ja;Miljøstyrelsen;https://vanda.miljoeportal.dk/link/9a89f45a-168d-415e-b802-9718cada3fb7;Aktivitetssted;32;695956;6208568;1;2;Blandingsprøve;1;2;5;Ej oplyst;;253;Nitrogen,total N; =;25,1400011940859;g/kg TS;9999999;;2
Station;49000097;ARRESØ ST C;FRB490063C;32;694929;6209746;Gribskov;Region Hovedstaden;Sø;Arresø;11-11-1997;1;Næringsstoffer sediment, Sø;Ja;Miljøstyrelsen;https://vanda.miljoeportal.dk/link/a9e6988d-37ab-4237-b542-d2fc5f942333;Aktivitetssted;32;694929;6209746;1;6;Blandingsprøve;1;30;39;Ej oplyst;;39;Glødetab, total; =;24;pct TS;9999999;;2
Station;49000097;ARRESØ ST C;FRB490063C;32;694929;6209746;Gribskov;Region Hovedstaden;Sø;Arresø;11-11-2014;1;Næringsstoffer sediment, Sø;Ja;Miljøstyrelsen;https://vanda.miljoeportal.dk/link/fa1c24a4-3113-44bd-977e-1625b5d6d902;Aktivitetssted;32;694929;6209746;1;1;Blandingsprøve;1;0;2;Ej oplyst;;39;Glødetab, total; =;39;pct TS;9999999;;2
Station;49000095;ARRESØ ST A;FRB490063A;32;692735;6209960;Halsnæs;Region Hovedstaden;Sø;Arresø;27-12-1993;1;Næringsstoffer sediment, Sø;Ja;Miljøstyrelsen;https://vanda.miljoeportal.dk/link/1f5197b5-1d76-499d-b479-8635d30c8b4b;Aktivitetssted;32;692735;6209960;2;4;Blandingsprøve;1;10;20;Ej oplyst;;263;Phosphor, Fe-adsorberet; =;0,0440000020898879;g/kg TS;9999999;;2
Station;49000097;ARRESØ ST C;FRB490063C;32;694929;6209746;Gribskov;Region Hovedstaden;Sø;Arresø;11-11-1997;1;Næringsstoffer sediment, Sø;Ja;Miljøstyrelsen;https://vanda.miljoeportal.dk/link/a9e6988d-37ab-4237-b542-d2fc5f942333;Aktivitetssted;32;694929;6209746;1;3;Blandingsprøve;1;5;10;Ej oplyst;;261;Phosphor, total-P; =;1,56000007409602;g/kg TS;9999999;;2
Station;49000097;ARRESØ ST C;FRB490063C;32;694929;6209746;Gribskov;Region Hovedstaden;Sø;Arresø;11-11-2009;1;Næringsstoffer sediment, Sø;Ja;Miljøstyrelsen;https://vanda.miljoeportal.dk/link/5a2cc418-087b-4905-8650-dca9072d28dd;Aktivitetssted;32;694929;6209746;1;3;Blandingsprøve;1;5;10;Ej oplyst;;261;Phosphor, total-P; =;1,27000006032176;g/kg TS;9999999;;2
Station;49000095;ARRESØ ST A;FRB490063A;32;692735;6209960;Halsnæs;Region Hovedstaden;Sø;Arresø;27-12-1993;1;Næringsstoffer sediment, Sø;Ja;Miljøstyrelsen;https://vanda.miljoeportal.dk/link/1f5197b5-1d76-499d-b479-8635d30c8b4b;Aktivitetssted;32;692735;6209960;2;4;Blandingsprøve;1;10;20;Ej oplyst;;264;Phosphor, Ca-adsorberet; =;0,121000005747192;g/kg TS;9999999;;2
Station;49000095;ARRESØ ST A;FRB490063A;32;692735;6209960;Halsnæs;Region Hovedstaden;Sø;Arresø;27-12-1993;1;Næringsstoffer sediment, Sø;Ja;Miljøstyrelsen;https://vanda.miljoeportal.dk/link/1f5197b5-1d76-499d-b479-8635d30c8b4b;Aktivitetssted;32;692735;6209960;2;6;Blandingsprøve;1;30;38;Ej oplyst;;261;Phosphor, total-P; =;0,598000028403476;g/kg TS;9999999;;2
Station;49000095;ARRESØ ST A;FRB490063A;32;692735;6209960;Halsnæs;Region Hovedstaden;Sø;Arresø;08-11-2018;1;Næringsstoffer sediment, Sø;Ja;Miljøstyrelsen;https://vanda.miljoeportal.dk/link/6f37ad8b-0299-47bb-bceb-a3f7ef3dd5ac;Aktivitetssted;32;692735;6209960;1;5;Blandingsprøve;1;20;30;Ej oplyst;;261;Phosphor, total-P; =;1,70000008074567;g/kg TS;9999999;;2
Station;49000097;ARRESØ ST C;FRB490063C;32;694929;6209746;Gribskov;Region Hovedstaden;Sø;Arresø;08-11-2018;1;Næringsstoffer sediment, Sø;Ja;Miljøstyrelsen;https://vanda.miljoeportal.dk/link/613136f4-b66a-4491-9cdb-c24372244bc3;Aktivitetssted;32;694929;6209746;1;3;Blandingsprøve;1;5;10;Ej oplyst;;39;Glødetab, total; =;36,6;pct TS;9999999;;2
Station;49000097;ARRESØ ST C;FRB490063C;32;694929;6209746;Gribskov;Region Hovedstaden;Sø;Arresø;11-11-1997;1;Næringsstoffer sediment, Sø;Ja;Miljøstyrelsen;https://vanda.miljoeportal.dk/link/a9e6988d-37ab-4237-b542-d2fc5f942333;Aktivitetssted;32;694929;6209746;1;1;Blandingsprøve;1;0;2;Ej oplyst;;312;Jern; =;6,65700031619053;g/kg TS;9999999;;2
Station;49000096;ARRESØ ST B;FRB490063B;32;695956;6208568;Gribskov;Region Hovedstaden;Sø;Arresø;05-11-2002;1;Næringsstoffer sediment, Sø;Ja;Miljøstyrelsen;https://vanda.miljoeportal.dk/link/f11240b4-a108-4df4-bba7-61922127c168;Aktivitetssted;32;695956;6208568;1;4;Blandingsprøve;1;10;20;Ej oplyst;;312;Jern; =;16,4000007789582;g/kg TS;9999999;;2
Station;49000096;ARRESØ ST B;FRB490063B;32;695956;6208568;Gribskov;Region Hovedstaden;Sø;Arresø;05-11-2002;1;Næringsstoffer sediment, Sø;Ja;Miljøstyrelsen;https://vanda.miljoeportal.dk/link/f11240b4-a108-4df4-bba7-61922127c168;Aktivitetssted;32;695956;6208568;1;6;Blandingsprøve;1;30;50;Ej oplyst;;39;Glødetab, total; =;20,6;pct TS;9999999;;2
Station;49000095;ARRESØ ST A;FRB490063A;32;692735;6209960;Halsnæs;Region Hovedstaden;Sø;Arresø;08-11-2018;1;Næringsstoffer sediment, Sø;Ja;Miljøstyrelsen;https://vanda.miljoeportal.dk/link/6f37ad8b-0299-47bb-bceb-a3f7ef3dd5ac;Aktivitetssted;32;692735;6209960;1;2;Blandingsprøve;1;2;5;Ej oplyst;;261;Phosphor, total-P; =;2,20000010449439;g/kg TS;9999999;;2
Station;49000096;ARRESØ ST B;FRB490063B;32;695956;6208568;Gribskov;Region Hovedstaden;Sø;Arresø;11-11-2014;1;Næringsstoffer sediment, Sø;Ja;Miljøstyrelsen;https://vanda.miljoeportal.dk/link/f2c1f9e1-5e0d-4328-aecb-f67202f09df7;Aktivitetssted;32;695956;6208568;1;2;Blandingsprøve;1;2;5;Ej oplyst;;312;Jern; =;11,000000522472;g/kg TS;9999999;;2
Station;49000097;ARRESØ ST C;FRB490063C;32;694929;6209746;Gribskov;Region Hovedstaden;Sø;Arresø;11-11-2014;1;Næringsstoffer sediment, Sø;Ja;Miljøstyrelsen;https://vanda.miljoeportal.dk/link/fa1c24a4-3113-44bd-977e-1625b5d6d902;Aktivitetssted;32;694929;6209746;1;3;Blandingsprøve;1;5;10;Ej oplyst;;39;Glødetab, total; =;34;pct TS;9999999;;2
Station;49000095;ARRESØ ST A;FRB490063A;32;692735;6209960;Halsnæs;Region Hovedstaden;Sø;Arresø;27-12-1993;1;Næringsstoffer sediment, Sø;Ja;Miljøstyrelsen;https://vanda.miljoeportal.dk/link/1f5197b5-1d76-499d-b479-8635d30c8b4b;Aktivitetssted;32;692735;6209960;2;5;Blandingsprøve;1;20;30;Ej oplyst;;312;Jern; =;17,0000008074567;g/kg TS;9999999;;2
Station;49000095;ARRESØ ST A;FRB490063A;32;692735;6209960;Halsnæs;Region Hovedstaden;Sø;Arresø;05-11-2002;1;Næringsstoffer sediment, Sø;Ja;Miljøstyrelsen;https://vanda.miljoeportal.dk/link/1799b391-4a2d-4559-baf3-debaca726093;Aktivitetssted;32;692735;6209960;1;1;Blandingsprøve;1;0;2;Ej oplyst;;261;Phosphor, total-P; =;1,20000005699694;g/kg TS;9999999;;2
Station;49000097;ARRESØ ST C;FRB490063C;32;694929;6209746;Gribskov;Region Hovedstaden;Sø;Arresø;08-11-2018;1;Næringsstoffer sediment, Sø;Ja;Miljøstyrelsen;https://vanda.miljoeportal.dk/link/613136f4-b66a-4491-9cdb-c24372244bc3;Aktivitetssted;32;694929;6209746;1;6;Blandingsprøve;1;30;50;Ej oplyst;;261;Phosphor, total-P; =;0,790000037522986;g/kg TS;9999999;;2
Station;49000095;ARRESØ ST A;FRB490063A;32;692735;6209960;Halsnæs;Region Hovedstaden;Sø;Arresø;05-11-2002;1;Næringsstoffer sediment, Sø;Ja;Miljøstyrelsen;https://vanda.miljoeportal.dk/link/1799b391-4a2d-4559-baf3-debaca726093;Aktivitetssted;32;692735;6209960;1;4;Blandingsprøve;1;10;20;Ej oplyst;;36;Tørstof,total; =;19,7;pct VV;9999999;;2
Station;49000097;ARRESØ ST C;FRB490063C;32;694929;6209746;Gribskov;Region Hovedstaden;Sø;Arresø;11-11-2014;1;Næringsstoffer sediment, Sø;Ja;Miljøstyrelsen;https://vanda.miljoeportal.dk/link/fa1c24a4-3113-44bd-977e-1625b5d6d902;Aktivitetssted;32;694929;6209746;1;4;Blandingsprøve;1;10;20;Ej oplyst;;312;Jern; =;12,0000005699694;g/kg TS;9999999;;2
Station;49000097;ARRESØ ST C;FRB490063C;32;694929;6209746;Gribskov;Region Hovedstaden;Sø;Arresø;11-11-1997;1;Næringsstoffer sediment, Sø;Ja;Miljøstyrelsen;https://vanda.miljoeportal.dk/link/a9e6988d-37ab-4237-b542-d2fc5f942333;Aktivitetssted;32;694929;6209746;1;1;Blandingsprøve;1;0;2;Ej oplyst;;261;Phosphor, total-P; =;2,0400000968948;g/kg TS;9999999;;2
Station;49000095;ARRESØ ST A;FRB490063A;32;692735;6209960;Halsnæs;Region Hovedstaden;Sø;Arresø;11-11-2009;1;Næringsstoffer sediment, Sø;Ja;Miljøstyrelsen;https://vanda.miljoeportal.dk/link/7d157e1d-8fe8-4773-81a5-48b803b6e9ec;Aktivitetssted;32;692735;6209960;1;5;Blandingsprøve;1;20;30;Ej oplyst;;312;Jern; =;8,92000042367726;g/kg TS;9999999;;2
Station;49000095;ARRESØ ST A;FRB490063A;32;692735;6209960;Halsnæs;Region Hovedstaden;Sø;Arresø;05-11-2002;1;Næringsstoffer sediment, Sø;Ja;Miljøstyrelsen;https://vanda.miljoeportal.dk/link/1799b391-4a2d-4559-baf3-debaca726093;Aktivitetssted;32;692735;6209960;1;3;Blandingsprøve;1;5;10;Ej oplyst;;261;Phosphor, total-P; =;0,697000033105724;g/kg TS;9999999;;2
Station;49000096;ARRESØ ST B;FRB490063B;32;695956;6208568;Gribskov;Region Hovedstaden;Sø;Arresø;11-11-1997;1;Næringsstoffer sediment, Sø;Ja;Miljøstyrelsen;https://vanda.miljoeportal.dk/link/9a89f45a-168d-415e-b802-9718cada3fb7;Aktivitetssted;32;695956;6208568;1;4;Blandingsprøve;1;10;20;Ej oplyst;;280;Calcium; =;180,000008549541;g/kg TS;9999999;;2
Station;49000095;ARRESØ ST A;FRB490063A;32;692735;6209960;Halsnæs;Region Hovedstaden;Sø;Arresø;27-12-1993;1;Næringsstoffer sediment, Sø;Ja;Miljøstyrelsen;https://vanda.miljoeportal.dk/link/1f5197b5-1d76-499d-b479-8635d30c8b4b;Aktivitetssted;32;692735;6209960;1;5;Blandingsprøve;1;20;30;Ej oplyst;;36;Tørstof,total; =;16,3000002428889;pct VV;9999999;;2
Station;49000095;ARRESØ ST A;FRB490063A;32;692735;6209960;Halsnæs;Region Hovedstaden;Sø;Arresø;05-11-2002;1;Næringsstoffer sediment, Sø;Ja;Miljøstyrelsen;https://vanda.miljoeportal.dk/link/1799b391-4a2d-4559-baf3-debaca726093;Aktivitetssted;32;692735;6209960;1;6;Blandingsprøve;1;30;50;Ej oplyst;;253;Nitrogen,total N; =;9,25000043935142;g/kg TS;9999999;;2
Station;49000096;ARRESØ ST B;FRB490063B;32;695956;6208568;Gribskov;Region Hovedstaden;Sø;Arresø;08-11-2018;1;Næringsstoffer sediment, Sø;Ja;Miljøstyrelsen;https://vanda.miljoeportal.dk/link/ad06c7b4-5524-4ef2-80d6-606d87074051;Aktivitetssted;32;695956;6208568;1;2;Blandingsprøve;1;2;5;Ej oplyst;;36;Tørstof,total; =;5,7;pct VV;9999999;;2
Station;49000097;ARRESØ ST C;FRB490063C;32;694929;6209746;Gribskov;Region Hovedstaden;Sø;Arresø;05-11-2002;1;Næringsstoffer sediment, Sø;Ja;Miljøstyrelsen;https://vanda.miljoeportal.dk/link/b0c7144e-fb25-47e9-9829-821356e038d2;Aktivitetssted;32;694929;6209746;1;6;Blandingsprøve;1;30;50;Ej oplyst;;36;Tørstof,total; =;14,8;pct VV;9999999;;2
Station;49000096;ARRESØ ST B;FRB490063B;32;695956;6208568;Gribskov;Region Hovedstaden;Sø;Arresø;05-11-2002;1;Næringsstoffer sediment, Sø;Ja;Miljøstyrelsen;https://vanda.miljoeportal.dk/link/f11240b4-a108-4df4-bba7-61922127c168;Aktivitetssted;32;695956;6208568;1;4;Blandingsprøve;1;10;20;Ej oplyst;;280;Calcium; =;56,6000026883558;g/kg TS;9999999;;2
Station;49000095;ARRESØ ST A;FRB490063A;32;692735;6209960;Halsnæs;Region Hovedstaden;Sø;Arresø;11-11-2014;1;Næringsstoffer sediment, Sø;Ja;Miljøstyrelsen;https://vanda.miljoeportal.dk/link/7a8b4b64-8f15-45c6-9c78-7b8b5f25367c;Aktivitetssted;32;692735;6209960;1;1;Blandingsprøve;1;0;2;Ej oplyst;;261;Phosphor, total-P; =;1,40000006649643;g/kg TS;9999999;;2
Station;49000096;ARRESØ ST B;FRB490063B;32;695956;6208568;Gribskov;Region Hovedstaden;Sø;Arresø;05-11-2002;1;Næringsstoffer sediment, Sø;Ja;Miljøstyrelsen;https://vanda.miljoeportal.dk/link/f11240b4-a108-4df4-bba7-61922127c168;Aktivitetssted;32;695956;6208568;1;6;Blandingsprøve;1;30;50;Ej oplyst;;36;Tørstof,total; =;15,2;pct VV;9999999;;2
Station;49000096;ARRESØ ST B;FRB490063B;32;695956;6208568;Gribskov;Region Hovedstaden;Sø;Arresø;11-11-2009;1;Næringsstoffer sediment, Sø;Ja;Miljøstyrelsen;https://vanda.miljoeportal.dk/link/50375709-7eb1-4b8d-ae7f-4a39ddb08980;Aktivitetssted;32;695956;6208568;1;2;Blandingsprøve;1;2;5;Ej oplyst;;261;Phosphor, total-P; =;1,16000005509704;g/kg TS;9999999;;2
Station;49000095;ARRESØ ST A;FRB490063A;32;692735;6209960;Halsnæs;Region Hovedstaden;Sø;Arresø;11-11-1997;1;Næringsstoffer sediment, Sø;Ja;Miljøstyrelsen;https://vanda.miljoeportal.dk/link/67278144-484b-47a5-b7eb-3814aa77dea3;Aktivitetssted;32;692735;6209960;1;3;Blandingsprøve;1;5;10;Ej oplyst;;280;Calcium; =;150,000007124618;g/kg TS;9999999;;2
Station;49000095;ARRESØ ST A;FRB490063A;32;692735;6209960;Halsnæs;Region Hovedstaden;Sø;Arresø;27-12-1993;1;Næringsstoffer sediment, Sø;Ja;Miljøstyrelsen;https://vanda.miljoeportal.dk/link/1f5197b5-1d76-499d-b479-8635d30c8b4b;Aktivitetssted;32;692735;6209960;1;5;Blandingsprøve;1;20;30;Ej oplyst;;1141;Organisk bundet P; =;0,338000016054139;g/kg TS;9999999;;2
Station;49000095;ARRESØ ST A;FRB490063A;32;692735;6209960;Halsnæs;Region Hovedstaden;Sø;Arresø;08-11-2018;1;Næringsstoffer sediment, Sø;Ja;Miljøstyrelsen;https://vanda.miljoeportal.dk/link/6f37ad8b-0299-47bb-bceb-a3f7ef3dd5ac;Aktivitetssted;32;692735;6209960;1;1;Blandingsprøve;1;0;2;Ej oplyst;;312;Jern; =;8,50000040372834;g/kg TS;9999999;;2
Station;49000095;ARRESØ ST A;FRB490063A;32;692735;6209960;Halsnæs;Region Hovedstaden;Sø;Arresø;05-11-2002;1;Næringsstoffer sediment, Sø;Ja;Miljøstyrelsen;https://vanda.miljoeportal.dk/link/1799b391-4a2d-4559-baf3-debaca726093;Aktivitetssted;32;692735;6209960;1;1;Blandingsprøve;1;0;2;Ej oplyst;;39;Glødetab, total; =;26,9;pct TS;9999999;;2
Station;49000095;ARRESØ ST A;FRB490063A;32;692735;6209960;Halsnæs;Region Hovedstaden;Sø;Arresø;08-11-2018;1;Næringsstoffer sediment, Sø;Ja;Miljøstyrelsen;https://vanda.miljoeportal.dk/link/6f37ad8b-0299-47bb-bceb-a3f7ef3dd5ac;Aktivitetssted;32;692735;6209960;1;2;Blandingsprøve;1;2;5;Ej oplyst;;36;Tørstof,total; =;4,5;pct VV;9999999;;2
Station;49000095;ARRESØ ST A;FRB490063A;32;692735;6209960;Halsnæs;Region Hovedstaden;Sø;Arresø;27-12-1993;1;Næringsstoffer sediment, Sø;Ja;Miljøstyrelsen;https://vanda.miljoeportal.dk/link/1f5197b5-1d76-499d-b479-8635d30c8b4b;Aktivitetssted;32;692735;6209960;2;3;Blandingsprøve;1;5;10;Ej oplyst;;264;Phosphor, Ca-adsorberet; =;0,257000012206845;g/kg TS;9999999;;2
Station;49000097;ARRESØ ST C;FRB490063C;32;694929;6209746;Gribskov;Region Hovedstaden;Sø;Arresø;11-11-1997;1;Næringsstoffer sediment, Sø;Ja;Miljøstyrelsen;https://vanda.miljoeportal.dk/link/a9e6988d-37ab-4237-b542-d2fc5f942333;Aktivitetssted;32;694929;6209746;1;2;Blandingsprøve;1;2;5;Ej oplyst;;253;Nitrogen,total N; =;20,5200009746477;g/kg TS;9999999;;2
Station;49000095;ARRESØ ST A;FRB490063A;32;692735;6209960;Halsnæs;Region Hovedstaden;Sø;Arresø;27-12-1993;1;Næringsstoffer sediment, Sø;Ja;Miljøstyrelsen;https://vanda.miljoeportal.dk/link/1f5197b5-1d76-499d-b479-8635d30c8b4b;Aktivitetssted;32;692735;6209960;1;4;Blandingsprøve;1;10;20;Ej oplyst;;36;Tørstof,total; =;14,3000002130866;pct VV;9999999;;2
Station;49000096;ARRESØ ST B;FRB490063B;32;695956;6208568;Gribskov;Region Hovedstaden;Sø;Arresø;11-11-2014;1;Næringsstoffer sediment, Sø;Ja;Miljøstyrelsen;https://vanda.miljoeportal.dk/link/f2c1f9e1-5e0d-4328-aecb-f67202f09df7;Aktivitetssted;32;695956;6208568;1;2;Blandingsprøve;1;2;5;Ej oplyst;;39;Glødetab, total; =;32;pct TS;9999999;;2
Station;49000095;ARRESØ ST A;FRB490063A;32;692735;6209960;Halsnæs;Region Hovedstaden;Sø;Arresø;27-12-1993;1;Næringsstoffer sediment, Sø;Ja;Miljøstyrelsen;https://vanda.miljoeportal.dk/link/1f5197b5-1d76-499d-b479-8635d30c8b4b;Aktivitetssted;32;692735;6209960;1;1;Blandingsprøve;1;0;2;Ej oplyst;;264;Phosphor, Ca-adsorberet; =;0,427000020281412;g/kg TS;9999999;;2
Station;49000095;ARRESØ ST A;FRB490063A;32;692735;6209960;Halsnæs;Region Hovedstaden;Sø;Arresø;11-11-2014;1;Næringsstoffer sediment, Sø;Ja;Miljøstyrelsen;https://vanda.miljoeportal.dk/link/7a8b4b64-8f15-45c6-9c78-7b8b5f25367c;Aktivitetssted;32;692735;6209960;1;6;Blandingsprøve;1;30;50;Ej oplyst;;39;Glødetab, total; =;36;pct TS;9999999;;2
Station;49000097;ARRESØ ST C;FRB490063C;32;694929;6209746;Gribskov;Region Hovedstaden;Sø;Arresø;11-11-2014;1;Næringsstoffer sediment, Sø;Ja;Miljøstyrelsen;https://vanda.miljoeportal.dk/link/fa1c24a4-3113-44bd-977e-1625b5d6d902;Aktivitetssted;32;694929;6209746;1;1;Blandingsprøve;1;0;2;Ej oplyst;;261;Phosphor, total-P; =;1,80000008549541;g/kg TS;9999999;;2
Station;49000095;ARRESØ ST A;FRB490063A;32;692735;6209960;Halsnæs;Region Hovedstaden;Sø;Arresø;11-11-2009;1;Næringsstoffer sediment, Sø;Ja;Miljøstyrelsen;https://vanda.miljoeportal.dk/link/7d157e1d-8fe8-4773-81a5-48b803b6e9ec;Aktivitetssted;32;692735;6209960;1;6;Blandingsprøve;1;30;45;Ej oplyst;;312;Jern; =;11,6000005509704;g/kg TS;9999999;;2
Station;49000095;ARRESØ ST A;FRB490063A;32;692735;6209960;Halsnæs;Region Hovedstaden;Sø;Arresø;11-11-1997;1;Næringsstoffer sediment, Sø;Ja;Miljøstyrelsen;https://vanda.miljoeportal.dk/link/67278144-484b-47a5-b7eb-3814aa77dea3;Aktivitetssted;32;692735;6209960;1;3;Blandingsprøve;1;5;10;Ej oplyst;;253;Nitrogen,total N; =;24,1400011465885;g/kg TS;9999999;;2
Station;49000097;ARRESØ ST C;FRB490063C;32;694929;6209746;Gribskov;Region Hovedstaden;Sø;Arresø;27-12-1993;1;Næringsstoffer sediment, Sø;Ja;Miljøstyrelsen;https://vanda.miljoeportal.dk/link/3d96bdf7-4c02-46b7-95c2-b0a492355762;Aktivitetssted;32;694929;6209746;1;3;Blandingsprøve;1;5;8;Ej oplyst;;261;Phosphor, total-P; =;0,594000028213486;g/kg TS;9999999;;2
Station;49000096;ARRESØ ST B;FRB490063B;32;695956;6208568;Gribskov;Region Hovedstaden;Sø;Arresø;11-11-2014;1;Næringsstoffer sediment, Sø;Ja;Miljøstyrelsen;https://vanda.miljoeportal.dk/link/f2c1f9e1-5e0d-4328-aecb-f67202f09df7;Aktivitetssted;32;695956;6208568;1;6;Blandingsprøve;1;30;50;Ej oplyst;;39;Glødetab, total; =;13;pct TS;9999999;;2
Station;49000097;ARRESØ ST C;FRB490063C;32;694929;6209746;Gribskov;Region Hovedstaden;Sø;Arresø;05-11-2002;1;Næringsstoffer sediment, Sø;Ja;Miljøstyrelsen;https://vanda.miljoeportal.dk/link/b0c7144e-fb25-47e9-9829-821356e038d2;Aktivitetssted;32;694929;6209746;1;2;Blandingsprøve;1;2;5;Ej oplyst;;36;Tørstof,total; =;10;pct VV;9999999;;2
Station;49000095;ARRESØ ST A;FRB490063A;32;692735;6209960;Halsnæs;Region Hovedstaden;Sø;Arresø;27-12-1993;1;Næringsstoffer sediment, Sø;Ja;Miljøstyrelsen;https://vanda.miljoeportal.dk/link/1f5197b5-1d76-499d-b479-8635d30c8b4b;Aktivitetssted;32;692735;6209960;2;5;Blandingsprøve;1;20;30;Ej oplyst;;265;Phosphor, Al-adsorberet; =;0,366000017384067;g/kg TS;9999999;;2
Station;49000095;ARRESØ ST A;FRB490063A;32;692735;6209960;Halsnæs;Region Hovedstaden;Sø;Arresø;11-11-2009;1;Næringsstoffer sediment, Sø;Ja;Miljøstyrelsen;https://vanda.miljoeportal.dk/link/7d157e1d-8fe8-4773-81a5-48b803b6e9ec;Aktivitetssted;32;692735;6209960;1;3;Blandingsprøve;1;5;10;Ej oplyst;;261;Phosphor, total-P; =;1,44000006839633;g/kg TS;9999999;;2
Station;49000095;ARRESØ ST A;FRB490063A;32;692735;6209960;Halsnæs;Region Hovedstaden;Sø;Arresø;08-11-2018;1;Næringsstoffer sediment, Sø;Ja;Miljøstyrelsen;https://vanda.miljoeportal.dk/link/6f37ad8b-0299-47bb-bceb-a3f7ef3dd5ac;Aktivitetssted;32;692735;6209960;1;1;Blandingsprøve;1;0;2;Ej oplyst;;261;Phosphor, total-P; =;1,60000007599592;g/kg TS;9999999;;2
Station;49000095;ARRESØ ST A;FRB490063A;32;692735;6209960;Halsnæs;Region Hovedstaden;Sø;Arresø;11-11-2014;1;Næringsstoffer sediment, Sø;Ja;Miljøstyrelsen;https://vanda.miljoeportal.dk/link/7a8b4b64-8f15-45c6-9c78-7b8b5f25367c;Aktivitetssted;32;692735;6209960;1;2;Blandingsprøve;1;2;5;Ej oplyst;;36;Tørstof,total; =;4,9;pct VV;9999999;;2
Station;49000095;ARRESØ ST A;FRB490063A;32;692735;6209960;Halsnæs;Region Hovedstaden;Sø;Arresø;11-11-2014;1;Næringsstoffer sediment, Sø;Ja;Miljøstyrelsen;https://vanda.miljoeportal.dk/link/7a8b4b64-8f15-45c6-9c78-7b8b5f25367c;Aktivitetssted;32;692735;6209960;1;2;Blandingsprøve;1;2;5;Ej oplyst;;312;Jern; =;11,000000522472;g/kg TS;9999999;;2
Station;49000096;ARRESØ ST B;FRB490063B;32;695956;6208568;Gribskov;Region Hovedstaden;Sø;Arresø;05-11-2002;1;Næringsstoffer sediment, Sø;Ja;Miljøstyrelsen;https://vanda.miljoeportal.dk/link/f11240b4-a108-4df4-bba7-61922127c168;Aktivitetssted;32;695956;6208568;1;1;Blandingsprøve;1;0;2;Ej oplyst;;280;Calcium; =;19,2000009119511;g/kg TS;9999999;;2
Station;49000096;ARRESØ ST B;FRB490063B;32;695956;6208568;Gribskov;Region Hovedstaden;Sø;Arresø;11-11-2014;1;Næringsstoffer sediment, Sø;Ja;Miljøstyrelsen;https://vanda.miljoeportal.dk/link/f2c1f9e1-5e0d-4328-aecb-f67202f09df7;Aktivitetssted;32;695956;6208568;1;3;Blandingsprøve;1;5;10;Ej oplyst;;312;Jern; =;12,0000005699694;g/kg TS;9999999;;2
Station;49000095;ARRESØ ST A;FRB490063A;32;692735;6209960;Halsnæs;Region Hovedstaden;Sø;Arresø;27-12-1993;1;Næringsstoffer sediment, Sø;Ja;Miljøstyrelsen;https://vanda.miljoeportal.dk/link/1f5197b5-1d76-499d-b479-8635d30c8b4b;Aktivitetssted;32;692735;6209960;2;6;Blandingsprøve;1;30;38;Ej oplyst;;264;Phosphor, Ca-adsorberet; =;0,225000010686927;g/kg TS;9999999;;2
Station;49000096;ARRESØ ST B;FRB490063B;32;695956;6208568;Gribskov;Region Hovedstaden;Sø;Arresø;08-11-2018;1;Næringsstoffer sediment, Sø;Ja;Miljøstyrelsen;https://vanda.miljoeportal.dk/link/ad06c7b4-5524-4ef2-80d6-606d87074051;Aktivitetssted;32;695956;6208568;1;1;Blandingsprøve;1;0;2;Ej oplyst;;39;Glødetab, total; =;35,6;pct TS;9999999;;2
Station;49000097;ARRESØ ST C;FRB490063C;32;694929;6209746;Gribskov;Region Hovedstaden;Sø;Arresø;11-11-2009;1;Næringsstoffer sediment, Sø;Ja;Miljøstyrelsen;https://vanda.miljoeportal.dk/link/5a2cc418-087b-4905-8650-dca9072d28dd;Aktivitetssted;32;694929;6209746;1;1;Blandingsprøve;1;0;2;Ej oplyst;;36;Tørstof,total; =;2,78;pct VV;9999999;;2
Station;49000095;ARRESØ ST A;FRB490063A;32;692735;6209960;Halsnæs;Region Hovedstaden;Sø;Arresø;27-12-1993;1;Næringsstoffer sediment, Sø;Ja;Miljøstyrelsen;https://vanda.miljoeportal.dk/link/1f5197b5-1d76-499d-b479-8635d30c8b4b;Aktivitetssted;32;692735;6209960;2;3;Blandingsprøve;1;5;10;Ej oplyst;;39;Glødetab, total; =;21,2000003159046;pct TS;9999999;;2
Station;49000097;ARRESØ ST C;FRB490063C;32;694929;6209746;Gribskov;Region Hovedstaden;Sø;Arresø;11-11-2014;1;Næringsstoffer sediment, Sø;Ja;Miljøstyrelsen;https://vanda.miljoeportal.dk/link/fa1c24a4-3113-44bd-977e-1625b5d6d902;Aktivitetssted;32;694929;6209746;1;6;Blandingsprøve;1;30;50;Ej oplyst;;261;Phosphor, total-P; =;0,520000024698675;g/kg TS;9999999;;2
Station;49000097;ARRESØ ST C;FRB490063C;32;694929;6209746;Gribskov;Region Hovedstaden;Sø;Arresø;11-11-2009;1;Næringsstoffer sediment, Sø;Ja;Miljøstyrelsen;https://vanda.miljoeportal.dk/link/5a2cc418-087b-4905-8650-dca9072d28dd;Aktivitetssted;32;694929;6209746;1;5;Blandingsprøve;1;20;30;Ej oplyst;;36;Tørstof,total; =;12,8;pct VV;9999999;;2
Station;49000097;ARRESØ ST C;FRB490063C;32;694929;6209746;Gribskov;Region Hovedstaden;Sø;Arresø;27-12-1993;1;Næringsstoffer sediment, Sø;Ja;Miljøstyrelsen;https://vanda.miljoeportal.dk/link/3d96bdf7-4c02-46b7-95c2-b0a492355762;Aktivitetssted;32;694929;6209746;1;2;Blandingsprøve;1;2;5;Ej oplyst;;263;Phosphor, Fe-adsorberet; =;0,0120000005699694;g/kg TS;9999999;;2
Station;49000097;ARRESØ ST C;FRB490063C;32;694929;6209746;Gribskov;Region Hovedstaden;Sø;Arresø;05-11-2002;1;Næringsstoffer sediment, Sø;Ja;Miljøstyrelsen;https://vanda.miljoeportal.dk/link/b0c7144e-fb25-47e9-9829-821356e038d2;Aktivitetssted;32;694929;6209746;1;2;Blandingsprøve;1;2;5;Ej oplyst;;280;Calcium; =;179,000008502044;g/kg TS;9999999;;2
Station;49000097;ARRESØ ST C;FRB490063C;32;694929;6209746;Gribskov;Region Hovedstaden;Sø;Arresø;27-12-1993;1;Næringsstoffer sediment, Sø;Ja;Miljøstyrelsen;https://vanda.miljoeportal.dk/link/3d96bdf7-4c02-46b7-95c2-b0a492355762;Aktivitetssted;32;694929;6209746;1;2;Blandingsprøve;1;2;5;Ej oplyst;;265;Phosphor, Al-adsorberet;<;0,00500000023748726;g/kg TS;9999999;;2
Station;49000096;ARRESØ ST B;FRB490063B;32;695956;6208568;Gribskov;Region Hovedstaden;Sø;Arresø;11-11-2014;1;Næringsstoffer sediment, Sø;Ja;Miljøstyrelsen;https://vanda.miljoeportal.dk/link/f2c1f9e1-5e0d-4328-aecb-f67202f09df7;Aktivitetssted;32;695956;6208568;1;3;Blandingsprøve;1;5;10;Ej oplyst;;261;Phosphor, total-P; =;1,50000007124618;g/kg TS;9999999;;2
Station;49000095;ARRESØ ST A;FRB490063A;32;692735;6209960;Halsnæs;Region Hovedstaden;Sø;Arresø;27-12-1993;1;Næringsstoffer sediment, Sø;Ja;Miljøstyrelsen;https://vanda.miljoeportal.dk/link/1f5197b5-1d76-499d-b479-8635d30c8b4b;Aktivitetssted;32;692735;6209960;1;6;Blandingsprøve;1;30;38;Ej oplyst;;261;Phosphor, total-P; =;1,23800005880184;g/kg TS;9999999;;2
Station;49000095;ARRESØ ST A;FRB490063A;32;692735;6209960;Halsnæs;Region Hovedstaden;Sø;Arresø;05-11-2002;1;Næringsstoffer sediment, Sø;Ja;Miljøstyrelsen;https://vanda.miljoeportal.dk/link/1799b391-4a2d-4559-baf3-debaca726093;Aktivitetssted;32;692735;6209960;1;5;Blandingsprøve;1;20;30;Ej oplyst;;312;Jern; =;9,66000045882538;g/kg TS;9999999;;2
Station;49000095;ARRESØ ST A;FRB490063A;32;692735;6209960;Halsnæs;Region Hovedstaden;Sø;Arresø;05-11-2002;1;Næringsstoffer sediment, Sø;Ja;Miljøstyrelsen;https://vanda.miljoeportal.dk/link/1799b391-4a2d-4559-baf3-debaca726093;Aktivitetssted;32;692735;6209960;1;6;Blandingsprøve;1;30;50;Ej oplyst;;39;Glødetab, total; =;17;pct TS;9999999;;2
Station;49000095;ARRESØ ST A;FRB490063A;32;692735;6209960;Halsnæs;Region Hovedstaden;Sø;Arresø;11-11-1997;1;Næringsstoffer sediment, Sø;Ja;Miljøstyrelsen;https://vanda.miljoeportal.dk/link/67278144-484b-47a5-b7eb-3814aa77dea3;Aktivitetssted;32;692735;6209960;1;6;Blandingsprøve;1;30;43;Ej oplyst;;39;Glødetab, total; =;17;pct TS;9999999;;2
Station;49000095;ARRESØ ST A;FRB490063A;32;692735;6209960;Halsnæs;Region Hovedstaden;Sø;Arresø;11-11-1997;1;Næringsstoffer sediment, Sø;Ja;Miljøstyrelsen;https://vanda.miljoeportal.dk/link/67278144-484b-47a5-b7eb-3814aa77dea3;Aktivitetssted;32;692735;6209960;1;4;Blandingsprøve;1;10;20;Ej oplyst;;261;Phosphor, total-P; =;1,55000007362105;g/kg TS;9999999;;2
Station;49000096;ARRESØ ST B;FRB490063B;32;695956;6208568;Gribskov;Region Hovedstaden;Sø;Arresø;11-11-2014;1;Næringsstoffer sediment, Sø;Ja;Miljøstyrelsen;https://vanda.miljoeportal.dk/link/f2c1f9e1-5e0d-4328-aecb-f67202f09df7;Aktivitetssted;32;695956;6208568;1;6;Blandingsprøve;1;30;50;Ej oplyst;;312;Jern; =;10,0000004749745;g/kg TS;9999999;;2
Station;49000096;ARRESØ ST B;FRB490063B;32;695956;6208568;Gribskov;Region Hovedstaden;Sø;Arresø;05-11-2002;1;Næringsstoffer sediment, Sø;Ja;Miljøstyrelsen;https://vanda.miljoeportal.dk/link/f11240b4-a108-4df4-bba7-61922127c168;Aktivitetssted;32;695956;6208568;1;3;Blandingsprøve;1;5;10;Ej oplyst;;253;Nitrogen,total N; =;6,99000033200718;g/kg TS;9999999;;2
Station;49000097;ARRESØ ST C;FRB490063C;32;694929;6209746;Gribskov;Region Hovedstaden;Sø;Arresø;05-11-2002;1;Næringsstoffer sediment, Sø;Ja;Miljøstyrelsen;https://vanda.miljoeportal.dk/link/b0c7144e-fb25-47e9-9829-821356e038d2;Aktivitetssted;32;694929;6209746;1;3;Blandingsprøve;1;5;10;Ej oplyst;;280;Calcium; =;146,000006934628;g/kg TS;9999999;;2
Station;49000097;ARRESØ ST C;FRB490063C;32;694929;6209746;Gribskov;Region Hovedstaden;Sø;Arresø;27-12-1993;1;Næringsstoffer sediment, Sø;Ja;Miljøstyrelsen;https://vanda.miljoeportal.dk/link/3d96bdf7-4c02-46b7-95c2-b0a492355762;Aktivitetssted;32;694929;6209746;1;1;Blandingsprøve;1;0;2;Ej oplyst;;1141;Organisk bundet P; =;2,57000012206845;g/kg TS;9999999;;2
Station;49000095;ARRESØ ST A;FRB490063A;32;692735;6209960;Halsnæs;Region Hovedstaden;Sø;Arresø;08-11-2018;1;Næringsstoffer sediment, Sø;Ja;Miljøstyrelsen;https://vanda.miljoeportal.dk/link/6f37ad8b-0299-47bb-bceb-a3f7ef3dd5ac;Aktivitetssted;32;692735;6209960;1;6;Blandingsprøve;1;30;49;Ej oplyst;;312;Jern; =;18,0000008549541;g/kg TS;9999999;;2
Station;49000097;ARRESØ ST C;FRB490063C;32;694929;6209746;Gribskov;Region Hovedstaden;Sø;Arresø;11-11-1997;1;Næringsstoffer sediment, Sø;Ja;Miljøstyrelsen;https://vanda.miljoeportal.dk/link/a9e6988d-37ab-4237-b542-d2fc5f942333;Aktivitetssted;32;694929;6209746;1;5;Blandingsprøve;1;20;30;Ej oplyst;;36;Tørstof,total; =;9;pct VV;9999999;;2
Station;49000097;ARRESØ ST C;FRB490063C;32;694929;6209746;Gribskov;Region Hovedstaden;Sø;Arresø;11-11-2014;1;Næringsstoffer sediment, Sø;Ja;Miljøstyrelsen;https://vanda.miljoeportal.dk/link/fa1c24a4-3113-44bd-977e-1625b5d6d902;Aktivitetssted;32;694929;6209746;1;2;Blandingsprøve;1;2;5;Ej oplyst;;36;Tørstof,total; =;4,3;pct VV;9999999;;2
Station;49000095;ARRESØ ST A;FRB490063A;32;692735;6209960;Halsnæs;Region Hovedstaden;Sø;Arresø;27-12-1993;1;Næringsstoffer sediment, Sø;Ja;Miljøstyrelsen;https://vanda.miljoeportal.dk/link/1f5197b5-1d76-499d-b479-8635d30c8b4b;Aktivitetssted;32;692735;6209960;1;6;Blandingsprøve;1;30;38;Ej oplyst;;39;Glødetab, total; =;31,900000475347;pct TS;9999999;;2
Station;49000095;ARRESØ ST A;FRB490063A;32;692735;6209960;Halsnæs;Region Hovedstaden;Sø;Arresø;08-11-2018;1;Næringsstoffer sediment, Sø;Ja;Miljøstyrelsen;https://vanda.miljoeportal.dk/link/6f37ad8b-0299-47bb-bceb-a3f7ef3dd5ac;Aktivitetssted;32;692735;6209960;1;6;Blandingsprøve;1;30;49;Ej oplyst;;261;Phosphor, total-P; =;0,760000036098063;g/kg TS;9999999;;2
Station;49000095;ARRESØ ST A;FRB490063A;32;692735;6209960;Halsnæs;Region Hovedstaden;Sø;Arresø;11-11-2014;1;Næringsstoffer sediment, Sø;Ja;Miljøstyrelsen;https://vanda.miljoeportal.dk/link/7a8b4b64-8f15-45c6-9c78-7b8b5f25367c;Aktivitetssted;32;692735;6209960;1;3;Blandingsprøve;1;5;10;Ej oplyst;;261;Phosphor, total-P; =;1,60000007599592;g/kg TS;9999999;;2
Station;49000097;ARRESØ ST C;FRB490063C;32;694929;6209746;Gribskov;Region Hovedstaden;Sø;Arresø;27-12-1993;1;Næringsstoffer sediment, Sø;Ja;Miljøstyrelsen;https://vanda.miljoeportal.dk/link/3d96bdf7-4c02-46b7-95c2-b0a492355762;Aktivitetssted;32;694929;6209746;1;3;Blandingsprøve;1;5;8;Ej oplyst;;36;Tørstof,total; =;79,4000011831522;pct VV;9999999;;2
Station;49000096;ARRESØ ST B;FRB490063B;32;695956;6208568;Gribskov;Region Hovedstaden;Sø;Arresø;11-11-2009;1;Næringsstoffer sediment, Sø;Ja;Miljøstyrelsen;https://vanda.miljoeportal.dk/link/50375709-7eb1-4b8d-ae7f-4a39ddb08980;Aktivitetssted;32;695956;6208568;1;4;Blandingsprøve;1;10;20;Ej oplyst;;36;Tørstof,total; =;14,6;pct VV;9999999;;2
Station;49000095;ARRESØ ST A;FRB490063A;32;692735;6209960;Halsnæs;Region Hovedstaden;Sø;Arresø;27-12-1993;1;Næringsstoffer sediment, Sø;Ja;Miljøstyrelsen;https://vanda.miljoeportal.dk/link/1f5197b5-1d76-499d-b479-8635d30c8b4b;Aktivitetssted;32;692735;6209960;1;4;Blandingsprøve;1;10;20;Ej oplyst;;1138;Adsorberet P; =;0,0130000006174669;g/kg TS;9999999;;2
Station;49000095;ARRESØ ST A;FRB490063A;32;692735;6209960;Halsnæs;Region Hovedstaden;Sø;Arresø;11-11-2009;1;Næringsstoffer sediment, Sø;Ja;Miljøstyrelsen;https://vanda.miljoeportal.dk/link/7d157e1d-8fe8-4773-81a5-48b803b6e9ec;Aktivitetssted;32;692735;6209960;1;6;Blandingsprøve;1;30;45;Ej oplyst;;36;Tørstof,total; =;11,7;pct VV;9999999;;2
Station;49000095;ARRESØ ST A;FRB490063A;32;692735;6209960;Halsnæs;Region Hovedstaden;Sø;Arresø;27-12-1993;1;Næringsstoffer sediment, Sø;Ja;Miljøstyrelsen;https://vanda.miljoeportal.dk/link/1f5197b5-1d76-499d-b479-8635d30c8b4b;Aktivitetssted;32;692735;6209960;2;2;Blandingsprøve;1;2;5;Ej oplyst;;1141;Organisk bundet P; =;0,201000009546988;g/kg TS;9999999;;2
Station;49000095;ARRESØ ST A;FRB490063A;32;692735;6209960;Halsnæs;Region Hovedstaden;Sø;Arresø;08-11-2018;1;Næringsstoffer sediment, Sø;Ja;Miljøstyrelsen;https://vanda.miljoeportal.dk/link/6f37ad8b-0299-47bb-bceb-a3f7ef3dd5ac;Aktivitetssted;32;692735;6209960;1;3;Blandingsprøve;1;5;10;Ej oplyst;;261;Phosphor, total-P; =;1,70000008074567;g/kg TS;9999999;;2
Station;49000096;ARRESØ ST B;FRB490063B;32;695956;6208568;Gribskov;Region Hovedstaden;Sø;Arresø;05-11-2002;1;Næringsstoffer sediment, Sø;Ja;Miljøstyrelsen;https://vanda.miljoeportal.dk/link/f11240b4-a108-4df4-bba7-61922127c168;Aktivitetssted;32;695956;6208568;1;2;Blandingsprøve;1;2;5;Ej oplyst;;36;Tørstof,total; =;8,55;pct VV;9999999;;2
Station;49000097;ARRESØ ST C;FRB490063C;32;694929;6209746;Gribskov;Region Hovedstaden;Sø;Arresø;11-11-2009;1;Næringsstoffer sediment, Sø;Ja;Miljøstyrelsen;https://vanda.miljoeportal.dk/link/5a2cc418-087b-4905-8650-dca9072d28dd;Aktivitetssted;32;694929;6209746;1;2;Blandingsprøve;1;2;5;Ej oplyst;;312;Jern; =;8,51000040420331;g/kg TS;9999999;;2
Station;49000095;ARRESØ ST A;FRB490063A;32;692735;6209960;Halsnæs;Region Hovedstaden;Sø;Arresø;11-11-2014;1;Næringsstoffer sediment, Sø;Ja;Miljøstyrelsen;https://vanda.miljoeportal.dk/link/7a8b4b64-8f15-45c6-9c78-7b8b5f25367c;Aktivitetssted;32;692735;6209960;1;2;Blandingsprøve;1;2;5;Ej oplyst;;39;Glødetab, total; =;33;pct TS;9999999;;2
Station;49000097;ARRESØ ST C;FRB490063C;32;694929;6209746;Gribskov;Region Hovedstaden;Sø;Arresø;08-11-2018;1;Næringsstoffer sediment, Sø;Ja;Miljøstyrelsen;https://vanda.miljoeportal.dk/link/613136f4-b66a-4491-9cdb-c24372244bc3;Aktivitetssted;32;694929;6209746;1;6;Blandingsprøve;1;30;50;Ej oplyst;;39;Glødetab, total; =;22,3;pct TS;9999999;;2
Station;49000095;ARRESØ ST A;FRB490063A;32;692735;6209960;Halsnæs;Region Hovedstaden;Sø;Arresø;05-11-2002;1;Næringsstoffer sediment, Sø;Ja;Miljøstyrelsen;https://vanda.miljoeportal.dk/link/1799b391-4a2d-4559-baf3-debaca726093;Aktivitetssted;32;692735;6209960;1;5;Blandingsprøve;1;20;30;Ej oplyst;;253;Nitrogen,total N; =;8,6700004118029;g/kg TS;9999999;;2
Station;49000095;ARRESØ ST A;FRB490063A;32;692735;6209960;Halsnæs;Region Hovedstaden;Sø;Arresø;11-11-2014;1;Næringsstoffer sediment, Sø;Ja;Miljøstyrelsen;https://vanda.miljoeportal.dk/link/7a8b4b64-8f15-45c6-9c78-7b8b5f25367c;Aktivitetssted;32;692735;6209960;1;6;Blandingsprøve;1;30;50;Ej oplyst;;36;Tørstof,total; =;11;pct VV;9999999;;2
Station;49000096;ARRESØ ST B;FRB490063B;32;695956;6208568;Gribskov;Region Hovedstaden;Sø;Arresø;11-11-1997;1;Næringsstoffer sediment, Sø;Ja;Miljøstyrelsen;https://vanda.miljoeportal.dk/link/9a89f45a-168d-415e-b802-9718cada3fb7;Aktivitetssted;32;695956;6208568;1;6;Blandingsprøve;1;30;41;Ej oplyst;;312;Jern; =;14,6000006934628;g/kg TS;9999999;;2
Station;49000096;ARRESØ ST B;FRB490063B;32;695956;6208568;Gribskov;Region Hovedstaden;Sø;Arresø;08-11-2018;1;Næringsstoffer sediment, Sø;Ja;Miljøstyrelsen;https://vanda.miljoeportal.dk/link/ad06c7b4-5524-4ef2-80d6-606d87074051;Aktivitetssted;32;695956;6208568;1;3;Blandingsprøve;1;5;10;Ej oplyst;;36;Tørstof,total; =;7,2;pct VV;9999999;;2
Station;49000095;ARRESØ ST A;FRB490063A;32;692735;6209960;Halsnæs;Region Hovedstaden;Sø;Arresø;27-12-1993;1;Næringsstoffer sediment, Sø;Ja;Miljøstyrelsen;https://vanda.miljoeportal.dk/link/1f5197b5-1d76-499d-b479-8635d30c8b4b;Aktivitetssted;32;692735;6209960;2;3;Blandingsprøve;1;5;10;Ej oplyst;;261;Phosphor, total-P; =;0,685000032535754;g/kg TS;9999999;;2
Station;49000095;ARRESØ ST A;FRB490063A;32;692735;6209960;Halsnæs;Region Hovedstaden;Sø;Arresø;27-12-1993;1;Næringsstoffer sediment, Sø;Ja;Miljøstyrelsen;https://vanda.miljoeportal.dk/link/1f5197b5-1d76-499d-b479-8635d30c8b4b;Aktivitetssted;32;692735;6209960;1;6;Blandingsprøve;1;30;38;Ej oplyst;;253;Nitrogen,total N; =;17,4000008264557;g/kg TS;9999999;;2
Station;49000097;ARRESØ ST C;FRB490063C;32;694929;6209746;Gribskov;Region Hovedstaden;Sø;Arresø;08-11-2018;1;Næringsstoffer sediment, Sø;Ja;Miljøstyrelsen;https://vanda.miljoeportal.dk/link/613136f4-b66a-4491-9cdb-c24372244bc3;Aktivitetssted;32;694929;6209746;1;2;Blandingsprøve;1;2;5;Ej oplyst;;36;Tørstof,total; =;4,3;pct VV;9999999;;2
Station;49000095;ARRESØ ST A;FRB490063A;32;692735;6209960;Halsnæs;Region Hovedstaden;Sø;Arresø;27-12-1993;1;Næringsstoffer sediment, Sø;Ja;Miljøstyrelsen;https://vanda.miljoeportal.dk/link/1f5197b5-1d76-499d-b479-8635d30c8b4b;Aktivitetssted;32;692735;6209960;1;5;Blandingsprøve;1;20;30;Ej oplyst;;264;Phosphor, Ca-adsorberet; =;0,240000011399388;g/kg TS;9999999;;2
Station;49000096;ARRESØ ST B;FRB490063B;32;695956;6208568;Gribskov;Region Hovedstaden;Sø;Arresø;05-11-2002;1;Næringsstoffer sediment, Sø;Ja;Miljøstyrelsen;https://vanda.miljoeportal.dk/link/f11240b4-a108-4df4-bba7-61922127c168;Aktivitetssted;32;695956;6208568;1;3;Blandingsprøve;1;5;10;Ej oplyst;;261;Phosphor, total-P; =;0,441000020946376;g/kg TS;9999999;;2
Station;49000095;ARRESØ ST A;FRB490063A;32;692735;6209960;Halsnæs;Region Hovedstaden;Sø;Arresø;27-12-1993;1;Næringsstoffer sediment, Sø;Ja;Miljøstyrelsen;https://vanda.miljoeportal.dk/link/1f5197b5-1d76-499d-b479-8635d30c8b4b;Aktivitetssted;32;692735;6209960;1;1;Blandingsprøve;1;0;2;Ej oplyst;;36;Tørstof,total; =;5,01000007465482;pct VV;9999999;;2
Station;49000095;ARRESØ ST A;FRB490063A;32;692735;6209960;Halsnæs;Region Hovedstaden;Sø;Arresø;08-11-2018;1;Næringsstoffer sediment, Sø;Ja;Miljøstyrelsen;https://vanda.miljoeportal.dk/link/6f37ad8b-0299-47bb-bceb-a3f7ef3dd5ac;Aktivitetssted;32;692735;6209960;1;4;Blandingsprøve;1;10;20;Ej oplyst;;312;Jern; =;7,60000036098063;g/kg TS;9999999;;2
Station;49000097;ARRESØ ST C;FRB490063C;32;694929;6209746;Gribskov;Region Hovedstaden;Sø;Arresø;08-11-2018;1;Næringsstoffer sediment, Sø;Ja;Miljøstyrelsen;https://vanda.miljoeportal.dk/link/613136f4-b66a-4491-9cdb-c24372244bc3;Aktivitetssted;32;694929;6209746;1;2;Blandingsprøve;1;2;5;Ej oplyst;;312;Jern; =;9,80000046547502;g/kg TS;9999999;;2
Station;49000097;ARRESØ ST C;FRB490063C;32;694929;6209746;Gribskov;Region Hovedstaden;Sø;Arresø;27-12-1993;1;Næringsstoffer sediment, Sø;Ja;Miljøstyrelsen;https://vanda.miljoeportal.dk/link/3d96bdf7-4c02-46b7-95c2-b0a492355762;Aktivitetssted;32;694929;6209746;1;1;Blandingsprøve;1;0;2;Ej oplyst;;263;Phosphor, Fe-adsorberet; =;0,05100000242237;g/kg TS;9999999;;2
Station;49000095;ARRESØ ST A;FRB490063A;32;692735;6209960;Halsnæs;Region Hovedstaden;Sø;Arresø;05-11-2002;1;Næringsstoffer sediment, Sø;Ja;Miljøstyrelsen;https://vanda.miljoeportal.dk/link/1799b391-4a2d-4559-baf3-debaca726093;Aktivitetssted;32;692735;6209960;1;4;Blandingsprøve;1;10;20;Ej oplyst;;253;Nitrogen,total N; =;9,03000042890199;g/kg TS;9999999;;2
Station;49000095;ARRESØ ST A;FRB490063A;32;692735;6209960;Halsnæs;Region Hovedstaden;Sø;Arresø;27-12-1993;1;Næringsstoffer sediment, Sø;Ja;Miljøstyrelsen;https://vanda.miljoeportal.dk/link/1f5197b5-1d76-499d-b479-8635d30c8b4b;Aktivitetssted;32;692735;6209960;1;5;Blandingsprøve;1;20;30;Ej oplyst;;263;Phosphor, Fe-adsorberet; =;0,120000005699694;g/kg TS;9999999;;2
Station;49000095;ARRESØ ST A;FRB490063A;32;692735;6209960;Halsnæs;Region Hovedstaden;Sø;Arresø;08-11-2018;1;Næringsstoffer sediment, Sø;Ja;Miljøstyrelsen;https://vanda.miljoeportal.dk/link/6f37ad8b-0299-47bb-bceb-a3f7ef3dd5ac;Aktivitetssted;32;692735;6209960;1;3;Blandingsprøve;1;5;10;Ej oplyst;;39;Glødetab, total; =;36,3;pct TS;9999999;;2
Station;49000097;ARRESØ ST C;FRB490063C;32;694929;6209746;Gribskov;Region Hovedstaden;Sø;Arresø;11-11-2009;1;Næringsstoffer sediment, Sø;Ja;Miljøstyrelsen;https://vanda.miljoeportal.dk/link/5a2cc418-087b-4905-8650-dca9072d28dd;Aktivitetssted;32;694929;6209746;1;5;Blandingsprøve;1;20;30;Ej oplyst;;261;Phosphor, total-P; =;0,528000025078654;g/kg TS;9999999;;2
Station;49000097;ARRESØ ST C;FRB490063C;32;694929;6209746;Gribskov;Region Hovedstaden;Sø;Arresø;27-12-1993;1;Næringsstoffer sediment, Sø;Ja;Miljøstyrelsen;https://vanda.miljoeportal.dk/link/3d96bdf7-4c02-46b7-95c2-b0a492355762;Aktivitetssted;32;694929;6209746;1;2;Blandingsprøve;1;2;5;Ej oplyst;;36;Tørstof,total; =;70,3000010475516;pct VV;9999999;;2
Station;49000096;ARRESØ ST B;FRB490063B;32;695956;6208568;Gribskov;Region Hovedstaden;Sø;Arresø;11-11-2014;1;Næringsstoffer sediment, Sø;Ja;Miljøstyrelsen;https://vanda.miljoeportal.dk/link/f2c1f9e1-5e0d-4328-aecb-f67202f09df7;Aktivitetssted;32;695956;6208568;1;1;Blandingsprøve;1;0;2;Ej oplyst;;39;Glødetab, total; =;33;pct TS;9999999;;2
Station;49000097;ARRESØ ST C;FRB490063C;32;694929;6209746;Gribskov;Region Hovedstaden;Sø;Arresø;11-11-2009;1;Næringsstoffer sediment, Sø;Ja;Miljøstyrelsen;https://vanda.miljoeportal.dk/link/5a2cc418-087b-4905-8650-dca9072d28dd;Aktivitetssted;32;694929;6209746;1;5;Blandingsprøve;1;20;30;Ej oplyst;;312;Jern; =;12,4000005889684;g/kg TS;9999999;;2
Station;49000095;ARRESØ ST A;FRB490063A;32;692735;6209960;Halsnæs;Region Hovedstaden;Sø;Arresø;08-11-2018;1;Næringsstoffer sediment, Sø;Ja;Miljøstyrelsen;https://vanda.miljoeportal.dk/link/6f37ad8b-0299-47bb-bceb-a3f7ef3dd5ac;Aktivitetssted;32;692735;6209960;1;3;Blandingsprøve;1;5;10;Ej oplyst;;36;Tørstof,total; =;6,5;pct VV;9999999;;2
Station;49000095;ARRESØ ST A;FRB490063A;32;692735;6209960;Halsnæs;Region Hovedstaden;Sø;Arresø;27-12-1993;1;Næringsstoffer sediment, Sø;Ja;Miljøstyrelsen;https://vanda.miljoeportal.dk/link/1f5197b5-1d76-499d-b479-8635d30c8b4b;Aktivitetssted;32;692735;6209960;1;1;Blandingsprøve;1;0;2;Ej oplyst;;280;Calcium; =;170,000008074567;g/kg TS;9999999;;2
Station;49000096;ARRESØ ST B;FRB490063B;32;695956;6208568;Gribskov;Region Hovedstaden;Sø;Arresø;11-11-1997;1;Næringsstoffer sediment, Sø;Ja;Miljøstyrelsen;https://vanda.miljoeportal.dk/link/9a89f45a-168d-415e-b802-9718cada3fb7;Aktivitetssted;32;695956;6208568;1;6;Blandingsprøve;1;30;41;Ej oplyst;;261;Phosphor, total-P; =;0,870000041322783;g/kg TS;9999999;;2
Station;49000095;ARRESØ ST A;FRB490063A;32;692735;6209960;Halsnæs;Region Hovedstaden;Sø;Arresø;27-12-1993;1;Næringsstoffer sediment, Sø;Ja;Miljøstyrelsen;https://vanda.miljoeportal.dk/link/1f5197b5-1d76-499d-b479-8635d30c8b4b;Aktivitetssted;32;692735;6209960;1;5;Blandingsprøve;1;20;30;Ej oplyst;;1138;Adsorberet P; =;0,0100000004749745;g/kg TS;9999999;;2
Station;49000097;ARRESØ ST C;FRB490063C;32;694929;6209746;Gribskov;Region Hovedstaden;Sø;Arresø;05-11-2002;1;Næringsstoffer sediment, Sø;Ja;Miljøstyrelsen;https://vanda.miljoeportal.dk/link/b0c7144e-fb25-47e9-9829-821356e038d2;Aktivitetssted;32;694929;6209746;1;2;Blandingsprøve;1;2;5;Ej oplyst;;312;Jern; =;13,9000006602146;g/kg TS;9999999;;2
Station;49000096;ARRESØ ST B;FRB490063B;32;695956;6208568;Gribskov;Region Hovedstaden;Sø;Arresø;11-11-2014;1;Næringsstoffer sediment, Sø;Ja;Miljøstyrelsen;https://vanda.miljoeportal.dk/link/f2c1f9e1-5e0d-4328-aecb-f67202f09df7;Aktivitetssted;32;695956;6208568;1;4;Blandingsprøve;1;10;20;Ej oplyst;;312;Jern; =;11,000000522472;g/kg TS;9999999;;2
Station;49000097;ARRESØ ST C;FRB490063C;32;694929;6209746;Gribskov;Region Hovedstaden;Sø;Arresø;05-11-2002;1;Næringsstoffer sediment, Sø;Ja;Miljøstyrelsen;https://vanda.miljoeportal.dk/link/b0c7144e-fb25-47e9-9829-821356e038d2;Aktivitetssted;32;694929;6209746;1;1;Blandingsprøve;1;0;2;Ej oplyst;;261;Phosphor, total-P; =;1,46000006934628;g/kg TS;9999999;;2
Station;49000097;ARRESØ ST C;FRB490063C;32;694929;6209746;Gribskov;Region Hovedstaden;Sø;Arresø;05-11-2002;1;Næringsstoffer sediment, Sø;Ja;Miljøstyrelsen;https://vanda.miljoeportal.dk/link/b0c7144e-fb25-47e9-9829-821356e038d2;Aktivitetssted;32;694929;6209746;1;2;Blandingsprøve;1;2;5;Ej oplyst;;253;Nitrogen,total N; =;14,7000006982125;g/kg TS;9999999;;2
Station;49000096;ARRESØ ST B;FRB490063B;32;695956;6208568;Gribskov;Region Hovedstaden;Sø;Arresø;08-11-2018;1;Næringsstoffer sediment, Sø;Ja;Miljøstyrelsen;https://vanda.miljoeportal.dk/link/ad06c7b4-5524-4ef2-80d6-606d87074051;Aktivitetssted;32;695956;6208568;1;6;Blandingsprøve;1;30;48;Ej oplyst;;312;Jern; =;17,0000008074567;g/kg TS;9999999;;2
Station;49000096;ARRESØ ST B;FRB490063B;32;695956;6208568;Gribskov;Region Hovedstaden;Sø;Arresø;08-11-2018;1;Næringsstoffer sediment, Sø;Ja;Miljøstyrelsen;https://vanda.miljoeportal.dk/link/ad06c7b4-5524-4ef2-80d6-606d87074051;Aktivitetssted;32;695956;6208568;1;4;Blandingsprøve;1;10;20;Ej oplyst;;261;Phosphor, total-P; =;1,20000005699694;g/kg TS;9999999;;2
Station;49000097;ARRESØ ST C;FRB490063C;32;694929;6209746;Gribskov;Region Hovedstaden;Sø;Arresø;11-11-2014;1;Næringsstoffer sediment, Sø;Ja;Miljøstyrelsen;https://vanda.miljoeportal.dk/link/fa1c24a4-3113-44bd-977e-1625b5d6d902;Aktivitetssted;32;694929;6209746;1;6;Blandingsprøve;1;30;50;Ej oplyst;;39;Glødetab, total; =;16;pct TS;9999999;;2
Station;49000095;ARRESØ ST A;FRB490063A;32;692735;6209960;Halsnæs;Region Hovedstaden;Sø;Arresø;11-11-2014;1;Næringsstoffer sediment, Sø;Ja;Miljøstyrelsen;https://vanda.miljoeportal.dk/link/7a8b4b64-8f15-45c6-9c78-7b8b5f25367c;Aktivitetssted;32;692735;6209960;1;4;Blandingsprøve;1;10;20;Ej oplyst;;39;Glødetab, total; =;30;pct TS;9999999;;2
Station;49000096;ARRESØ ST B;FRB490063B;32;695956;6208568;Gribskov;Region Hovedstaden;Sø;Arresø;11-11-2009;1;Næringsstoffer sediment, Sø;Ja;Miljøstyrelsen;https://vanda.miljoeportal.dk/link/50375709-7eb1-4b8d-ae7f-4a39ddb08980;Aktivitetssted;32;695956;6208568;1;1;Blandingsprøve;1;0;2;Ej oplyst;;261;Phosphor, total-P; =;1,33000006317161;g/kg TS;9999999;;2
Station;49000097;ARRESØ ST C;FRB490063C;32;694929;6209746;Gribskov;Region Hovedstaden;Sø;Arresø;08-11-2018;1;Næringsstoffer sediment, Sø;Ja;Miljøstyrelsen;https://vanda.miljoeportal.dk/link/613136f4-b66a-4491-9cdb-c24372244bc3;Aktivitetssted;32;694929;6209746;1;4;Blandingsprøve;1;10;20;Ej oplyst;;36;Tørstof,total; =;7,3;pct VV;9999999;;2
Station;49000097;ARRESØ ST C;FRB490063C;32;694929;6209746;Gribskov;Region Hovedstaden;Sø;Arresø;08-11-2018;1;Næringsstoffer sediment, Sø;Ja;Miljøstyrelsen;https://vanda.miljoeportal.dk/link/613136f4-b66a-4491-9cdb-c24372244bc3;Aktivitetssted;32;694929;6209746;1;6;Blandingsprøve;1;30;50;Ej oplyst;;312;Jern; =;18,0000008549541;g/kg TS;9999999;;2
Station;49000096;ARRESØ ST B;FRB490063B;32;695956;6208568;Gribskov;Region Hovedstaden;Sø;Arresø;11-11-2014;1;Næringsstoffer sediment, Sø;Ja;Miljøstyrelsen;https://vanda.miljoeportal.dk/link/f2c1f9e1-5e0d-4328-aecb-f67202f09df7;Aktivitetssted;32;695956;6208568;1;4;Blandingsprøve;1;10;20;Ej oplyst;;261;Phosphor, total-P; =;0,860000040847808;g/kg TS;9999999;;2
Station;49000096;ARRESØ ST B;FRB490063B;32;695956;6208568;Gribskov;Region Hovedstaden;Sø;Arresø;05-11-2002;1;Næringsstoffer sediment, Sø;Ja;Miljøstyrelsen;https://vanda.miljoeportal.dk/link/f11240b4-a108-4df4-bba7-61922127c168;Aktivitetssted;32;695956;6208568;1;6;Blandingsprøve;1;30;50;Ej oplyst;;280;Calcium; =;71,7000034055673;g/kg TS;9999999;;2
Station;49000096;ARRESØ ST B;FRB490063B;32;695956;6208568;Gribskov;Region Hovedstaden;Sø;Arresø;05-11-2002;1;Næringsstoffer sediment, Sø;Ja;Miljøstyrelsen;https://vanda.miljoeportal.dk/link/f11240b4-a108-4df4-bba7-61922127c168;Aktivitetssted;32;695956;6208568;1;2;Blandingsprøve;1;2;5;Ej oplyst;;280;Calcium; =;132,000006269664;g/kg TS;9999999;;2
Station;49000096;ARRESØ ST B;FRB490063B;32;695956;6208568;Gribskov;Region Hovedstaden;Sø;Arresø;11-11-1997;1;Næringsstoffer sediment, Sø;Ja;Miljøstyrelsen;https://vanda.miljoeportal.dk/link/9a89f45a-168d-415e-b802-9718cada3fb7;Aktivitetssted;32;695956;6208568;1;5;Blandingsprøve;1;20;30;Ej oplyst;;36;Tørstof,total; =;9,6;pct VV;9999999;;2
Station;49000095;ARRESØ ST A;FRB490063A;32;692735;6209960;Halsnæs;Region Hovedstaden;Sø;Arresø;05-11-2002;1;Næringsstoffer sediment, Sø;Ja;Miljøstyrelsen;https://vanda.miljoeportal.dk/link/1799b391-4a2d-4559-baf3-debaca726093;Aktivitetssted;32;692735;6209960;1;4;Blandingsprøve;1;10;20;Ej oplyst;;280;Calcium; =;149,00000707712;g/kg TS;9999999;;2
Station;49000096;ARRESØ ST B;FRB490063B;32;695956;6208568;Gribskov;Region Hovedstaden;Sø;Arresø;11-11-2014;1;Næringsstoffer sediment, Sø;Ja;Miljøstyrelsen;https://vanda.miljoeportal.dk/link/f2c1f9e1-5e0d-4328-aecb-f67202f09df7;Aktivitetssted;32;695956;6208568;1;5;Blandingsprøve;1;20;30;Ej oplyst;;312;Jern; =;17,0000008074567;g/kg TS;9999999;;2
Station;49000096;ARRESØ ST B;FRB490063B;32;695956;6208568;Gribskov;Region Hovedstaden;Sø;Arresø;11-11-2014;1;Næringsstoffer sediment, Sø;Ja;Miljøstyrelsen;https://vanda.miljoeportal.dk/link/f2c1f9e1-5e0d-4328-aecb-f67202f09df7;Aktivitetssted;32;695956;6208568;1;6;Blandingsprøve;1;30;50;Ej oplyst;;261;Phosphor, total-P;<;0,100000004749745;g/kg TS;9999999;;2
Station;49000097;ARRESØ ST C;FRB490063C;32;694929;6209746;Gribskov;Region Hovedstaden;Sø;Arresø;27-12-1993;1;Næringsstoffer sediment, Sø;Ja;Miljøstyrelsen;https://vanda.miljoeportal.dk/link/3d96bdf7-4c02-46b7-95c2-b0a492355762;Aktivitetssted;32;694929;6209746;1;1;Blandingsprøve;1;0;2;Ej oplyst;;261;Phosphor, total-P; =;3,74200017773546;g/kg TS;9999999;;2
Station;49000097;ARRESØ ST C;FRB490063C;32;694929;6209746;Gribskov;Region Hovedstaden;Sø;Arresø;11-11-1997;1;Næringsstoffer sediment, Sø;Ja;Miljøstyrelsen;https://vanda.miljoeportal.dk/link/a9e6988d-37ab-4237-b542-d2fc5f942333;Aktivitetssted;32;694929;6209746;1;3;Blandingsprøve;1;5;10;Ej oplyst;;39;Glødetab, total; =;35;pct TS;9999999;;2
Station;49000097;ARRESØ ST C;FRB490063C;32;694929;6209746;Gribskov;Region Hovedstaden;Sø;Arresø;05-11-2002;1;Næringsstoffer sediment, Sø;Ja;Miljøstyrelsen;https://vanda.miljoeportal.dk/link/b0c7144e-fb25-47e9-9829-821356e038d2;Aktivitetssted;32;694929;6209746;1;4;Blandingsprøve;1;10;20;Ej oplyst;;261;Phosphor, total-P; =;0,676000032108277;g/kg TS;9999999;;2
Station;49000096;ARRESØ ST B;FRB490063B;32;695956;6208568;Gribskov;Region Hovedstaden;Sø;Arresø;11-11-2009;1;Næringsstoffer sediment, Sø;Ja;Miljøstyrelsen;https://vanda.miljoeportal.dk/link/50375709-7eb1-4b8d-ae7f-4a39ddb08980;Aktivitetssted;32;695956;6208568;1;3;Blandingsprøve;1;5;10;Ej oplyst;;261;Phosphor, total-P; =;0,87100004137028;g/kg TS;9999999;;2
Station;49000095;ARRESØ ST A;FRB490063A;32;692735;6209960;Halsnæs;Region Hovedstaden;Sø;Arresø;11-11-2014;1;Næringsstoffer sediment, Sø;Ja;Miljøstyrelsen;https://vanda.miljoeportal.dk/link/7a8b4b64-8f15-45c6-9c78-7b8b5f25367c;Aktivitetssted;32;692735;6209960;1;2;Blandingsprøve;1;2;5;Ej oplyst;;261;Phosphor, total-P; =;1,50000007124618;g/kg TS;9999999;;2
Station;49000097;ARRESØ ST C;FRB490063C;32;694929;6209746;Gribskov;Region Hovedstaden;Sø;Arresø;08-11-2018;1;Næringsstoffer sediment, Sø;Ja;Miljøstyrelsen;https://vanda.miljoeportal.dk/link/613136f4-b66a-4491-9cdb-c24372244bc3;Aktivitetssted;32;694929;6209746;1;2;Blandingsprøve;1;2;5;Ej oplyst;;39;Glødetab, total; =;36,6;pct TS;9999999;;2
Station;49000095;ARRESØ ST A;FRB490063A;32;692735;6209960;Halsnæs;Region Hovedstaden;Sø;Arresø;08-11-2018;1;Næringsstoffer sediment, Sø;Ja;Miljøstyrelsen;https://vanda.miljoeportal.dk/link/6f37ad8b-0299-47bb-bceb-a3f7ef3dd5ac;Aktivitetssted;32;692735;6209960;1;6;Blandingsprøve;1;30;49;Ej oplyst;;39;Glødetab, total; =;20,1;pct TS;9999999;;2
Station;49000097;ARRESØ ST C;FRB490063C;32;694929;6209746;Gribskov;Region Hovedstaden;Sø;Arresø;11-11-2009;1;Næringsstoffer sediment, Sø;Ja;Miljøstyrelsen;https://vanda.miljoeportal.dk/link/5a2cc418-087b-4905-8650-dca9072d28dd;Aktivitetssted;32;694929;6209746;1;1;Blandingsprøve;1;0;2;Ej oplyst;;39;Glødetab, total; =;39,7;pct TS;9999999;;2
Station;49000096;ARRESØ ST B;FRB490063B;32;695956;6208568;Gribskov;Region Hovedstaden;Sø;Arresø;11-11-1997;1;Næringsstoffer sediment, Sø;Ja;Miljøstyrelsen;https://vanda.miljoeportal.dk/link/9a89f45a-168d-415e-b802-9718cada3fb7;Aktivitetssted;32;695956;6208568;1;1;Blandingsprøve;1;0;2;Ej oplyst;;280;Calcium; =;160,000007599592;g/kg TS;9999999;;2
Station;49000095;ARRESØ ST A;FRB490063A;32;692735;6209960;Halsnæs;Region Hovedstaden;Sø;Arresø;08-11-2018;1;Næringsstoffer sediment, Sø;Ja;Miljøstyrelsen;https://vanda.miljoeportal.dk/link/6f37ad8b-0299-47bb-bceb-a3f7ef3dd5ac;Aktivitetssted;32;692735;6209960;1;5;Blandingsprøve;1;20;30;Ej oplyst;;39;Glødetab, total; =;33,3;pct TS;9999999;;2
Station;49000096;ARRESØ ST B;FRB490063B;32;695956;6208568;Gribskov;Region Hovedstaden;Sø;Arresø;08-11-2018;1;Næringsstoffer sediment, Sø;Ja;Miljøstyrelsen;https://vanda.miljoeportal.dk/link/ad06c7b4-5524-4ef2-80d6-606d87074051;Aktivitetssted;32;695956;6208568;1;1;Blandingsprøve;1;0;2;Ej oplyst;;312;Jern; =;10,0000004749745;g/kg TS;9999999;;2
Station;49000097;ARRESØ ST C;FRB490063C;32;694929;6209746;Gribskov;Region Hovedstaden;Sø;Arresø;05-11-2002;1;Næringsstoffer sediment, Sø;Ja;Miljøstyrelsen;https://vanda.miljoeportal.dk/link/b0c7144e-fb25-47e9-9829-821356e038d2;Aktivitetssted;32;694929;6209746;1;4;Blandingsprøve;1;10;20;Ej oplyst;;39;Glødetab, total; =;18,8;pct TS;9999999;;2
Station;49000096;ARRESØ ST B;FRB490063B;32;695956;6208568;Gribskov;Region Hovedstaden;Sø;Arresø;11-11-2009;1;Næringsstoffer sediment, Sø;Ja;Miljøstyrelsen;https://vanda.miljoeportal.dk/link/50375709-7eb1-4b8d-ae7f-4a39ddb08980;Aktivitetssted;32;695956;6208568;1;3;Blandingsprøve;1;5;10;Ej oplyst;;312;Jern; =;6,90000032773241;g/kg TS;9999999;;2
Station;49000095;ARRESØ ST A;FRB490063A;32;692735;6209960;Halsnæs;Region Hovedstaden;Sø;Arresø;27-12-1993;1;Næringsstoffer sediment, Sø;Ja;Miljøstyrelsen;https://vanda.miljoeportal.dk/link/1f5197b5-1d76-499d-b479-8635d30c8b4b;Aktivitetssted;32;692735;6209960;1;6;Blandingsprøve;1;30;38;Ej oplyst;;1138;Adsorberet P; =;0,0190000009024516;g/kg TS;9999999;;2
Station;49000097;ARRESØ ST C;FRB490063C;32;694929;6209746;Gribskov;Region Hovedstaden;Sø;Arresø;11-11-1997;1;Næringsstoffer sediment, Sø;Ja;Miljøstyrelsen;https://vanda.miljoeportal.dk/link/a9e6988d-37ab-4237-b542-d2fc5f942333;Aktivitetssted;32;694929;6209746;1;5;Blandingsprøve;1;20;30;Ej oplyst;;280;Calcium; =;170,000008074567;g/kg TS;9999999;;2
Station;49000095;ARRESØ ST A;FRB490063A;32;692735;6209960;Halsnæs;Region Hovedstaden;Sø;Arresø;27-12-1993;1;Næringsstoffer sediment, Sø;Ja;Miljøstyrelsen;https://vanda.miljoeportal.dk/link/1f5197b5-1d76-499d-b479-8635d30c8b4b;Aktivitetssted;32;692735;6209960;1;2;Blandingsprøve;1;2;5;Ej oplyst;;265;Phosphor, Al-adsorberet; =;0,0240000011399388;g/kg TS;9999999;;2
Station;49000097;ARRESØ ST C;FRB490063C;32;694929;6209746;Gribskov;Region Hovedstaden;Sø;Arresø;11-11-2014;1;Næringsstoffer sediment, Sø;Ja;Miljøstyrelsen;https://vanda.miljoeportal.dk/link/fa1c24a4-3113-44bd-977e-1625b5d6d902;Aktivitetssted;32;694929;6209746;1;3;Blandingsprøve;1;5;10;Ej oplyst;;36;Tørstof,total; =;5,3;pct VV;9999999;;2
Station;49000095;ARRESØ ST A;FRB490063A;32;692735;6209960;Halsnæs;Region Hovedstaden;Sø;Arresø;11-11-2009;1;Næringsstoffer sediment, Sø;Ja;Miljøstyrelsen;https://vanda.miljoeportal.dk/link/7d157e1d-8fe8-4773-81a5-48b803b6e9ec;Aktivitetssted;32;692735;6209960;1;1;Blandingsprøve;1;0;2;Ej oplyst;;36;Tørstof,total; =;3,21;pct VV;9999999;;2
Station;49000095;ARRESØ ST A;FRB490063A;32;692735;6209960;Halsnæs;Region Hovedstaden;Sø;Arresø;27-12-1993;1;Næringsstoffer sediment, Sø;Ja;Miljøstyrelsen;https://vanda.miljoeportal.dk/link/1f5197b5-1d76-499d-b479-8635d30c8b4b;Aktivitetssted;32;692735;6209960;2;6;Blandingsprøve;1;30;38;Ej oplyst;;39;Glødetab, total; =;22,8000003397465;pct TS;9999999;;2
Station;49000097;ARRESØ ST C;FRB490063C;32;694929;6209746;Gribskov;Region Hovedstaden;Sø;Arresø;08-11-2018;1;Næringsstoffer sediment, Sø;Ja;Miljøstyrelsen;https://vanda.miljoeportal.dk/link/613136f4-b66a-4491-9cdb-c24372244bc3;Aktivitetssted;32;694929;6209746;1;4;Blandingsprøve;1;10;20;Ej oplyst;;39;Glødetab, total; =;32,7;pct TS;9999999;;2
Station;49000095;ARRESØ ST A;FRB490063A;32;692735;6209960;Halsnæs;Region Hovedstaden;Sø;Arresø;05-11-2002;1;Næringsstoffer sediment, Sø;Ja;Miljøstyrelsen;https://vanda.miljoeportal.dk/link/1799b391-4a2d-4559-baf3-debaca726093;Aktivitetssted;32;692735;6209960;1;6;Blandingsprøve;1;30;50;Ej oplyst;;36;Tørstof,total; =;19,7;pct VV;9999999;;2
Station;49000096;ARRESØ ST B;FRB490063B;32;695956;6208568;Gribskov;Region Hovedstaden;Sø;Arresø;08-11-2018;1;Næringsstoffer sediment, Sø;Ja;Miljøstyrelsen;https://vanda.miljoeportal.dk/link/ad06c7b4-5524-4ef2-80d6-606d87074051;Aktivitetssted;32;695956;6208568;1;6;Blandingsprøve;1;30;48;Ej oplyst;;261;Phosphor, total-P; =;0,960000045597553;g/kg TS;9999999;;2
Station;49000095;ARRESØ ST A;FRB490063A;32;692735;6209960;Halsnæs;Region Hovedstaden;Sø;Arresø;11-11-2014;1;Næringsstoffer sediment, Sø;Ja;Miljøstyrelsen;https://vanda.miljoeportal.dk/link/7a8b4b64-8f15-45c6-9c78-7b8b5f25367c;Aktivitetssted;32;692735;6209960;1;4;Blandingsprøve;1;10;20;Ej oplyst;;261;Phosphor, total-P; =;1,20000005699694;g/kg TS;9999999;;2
Station;49000096;ARRESØ ST B;FRB490063B;32;695956;6208568;Gribskov;Region Hovedstaden;Sø;Arresø;11-11-1997;1;Næringsstoffer sediment, Sø;Ja;Miljøstyrelsen;https://vanda.miljoeportal.dk/link/9a89f45a-168d-415e-b802-9718cada3fb7;Aktivitetssted;32;695956;6208568;1;2;Blandingsprøve;1;2;5;Ej oplyst;;280;Calcium; =;179,954008547356;g/kg TS;9999999;;2
Station;49000096;ARRESØ ST B;FRB490063B;32;695956;6208568;Gribskov;Region Hovedstaden;Sø;Arresø;08-11-2018;1;Næringsstoffer sediment, Sø;Ja;Miljøstyrelsen;https://vanda.miljoeportal.dk/link/ad06c7b4-5524-4ef2-80d6-606d87074051;Aktivitetssted;32;695956;6208568;1;2;Blandingsprøve;1;2;5;Ej oplyst;;39;Glødetab, total; =;28,8;pct TS;9999999;;2
Station;49000095;ARRESØ ST A;FRB490063A;32;692735;6209960;Halsnæs;Region Hovedstaden;Sø;Arresø;08-11-2018;1;Næringsstoffer sediment, Sø;Ja;Miljøstyrelsen;https://vanda.miljoeportal.dk/link/6f37ad8b-0299-47bb-bceb-a3f7ef3dd5ac;Aktivitetssted;32;692735;6209960;1;2;Blandingsprøve;1;2;5;Ej oplyst;;312;Jern; =;13,0000006174669;g/kg TS;9999999;;2
Station;49000096;ARRESØ ST B;FRB490063B;32;695956;6208568;Gribskov;Region Hovedstaden;Sø;Arresø;05-11-2002;1;Næringsstoffer sediment, Sø;Ja;Miljøstyrelsen;https://vanda.miljoeportal.dk/link/f11240b4-a108-4df4-bba7-61922127c168;Aktivitetssted;32;695956;6208568;1;5;Blandingsprøve;1;20;30;Ej oplyst;;36;Tørstof,total; =;16,4;pct VV;9999999;;2
Station;49000095;ARRESØ ST A;FRB490063A;32;692735;6209960;Halsnæs;Region Hovedstaden;Sø;Arresø;27-12-1993;1;Næringsstoffer sediment, Sø;Ja;Miljøstyrelsen;https://vanda.miljoeportal.dk/link/1f5197b5-1d76-499d-b479-8635d30c8b4b;Aktivitetssted;32;692735;6209960;2;1;Blandingsprøve;1;0;2;Ej oplyst;;265;Phosphor, Al-adsorberet; =;0,0290000013774261;g/kg TS;9999999;;2
Station;49000096;ARRESØ ST B;FRB490063B;32;695956;6208568;Gribskov;Region Hovedstaden;Sø;Arresø;11-11-2014;1;Næringsstoffer sediment, Sø;Ja;Miljøstyrelsen;https://vanda.miljoeportal.dk/link/f2c1f9e1-5e0d-4328-aecb-f67202f09df7;Aktivitetssted;32;695956;6208568;1;3;Blandingsprøve;1;5;10;Ej oplyst;;36;Tørstof,total; =;6;pct VV;9999999;;2
Station;49000095;ARRESØ ST A;FRB490063A;32;692735;6209960;Halsnæs;Region Hovedstaden;Sø;Arresø;27-12-1993;1;Næringsstoffer sediment, Sø;Ja;Miljøstyrelsen;https://vanda.miljoeportal.dk/link/1f5197b5-1d76-499d-b479-8635d30c8b4b;Aktivitetssted;32;692735;6209960;2;6;Blandingsprøve;1;30;38;Ej oplyst;;1141;Organisk bundet P; =;0,274000013014302;g/kg TS;9999999;;2
Station;49000096;ARRESØ ST B;FRB490063B;32;695956;6208568;Gribskov;Region Hovedstaden;Sø;Arresø;11-11-1997;1;Næringsstoffer sediment, Sø;Ja;Miljøstyrelsen;https://vanda.miljoeportal.dk/link/9a89f45a-168d-415e-b802-9718cada3fb7;Aktivitetssted;32;695956;6208568;1;3;Blandingsprøve;1;5;10;Ej oplyst;;253;Nitrogen,total N; =;27,6300013123546;g/kg TS;9999999;;2
Station;49000095;ARRESØ ST A;FRB490063A;32;692735;6209960;Halsnæs;Region Hovedstaden;Sø;Arresø;11-11-2009;1;Næringsstoffer sediment, Sø;Ja;Miljøstyrelsen;https://vanda.miljoeportal.dk/link/7d157e1d-8fe8-4773-81a5-48b803b6e9ec;Aktivitetssted;32;692735;6209960;1;6;Blandingsprøve;1;30;45;Ej oplyst;;261;Phosphor, total-P; =;0,562000026693568;g/kg TS;9999999;;2
Station;49000095;ARRESØ ST A;FRB490063A;32;692735;6209960;Halsnæs;Region Hovedstaden;Sø;Arresø;27-12-1993;1;Næringsstoffer sediment, Sø;Ja;Miljøstyrelsen;https://vanda.miljoeportal.dk/link/1f5197b5-1d76-499d-b479-8635d30c8b4b;Aktivitetssted;32;692735;6209960;1;6;Blandingsprøve;1;30;38;Ej oplyst;;264;Phosphor, Ca-adsorberet; =;0,190000009024516;g/kg TS;9999999;;2
Station;49000095;ARRESØ ST A;FRB490063A;32;692735;6209960;Halsnæs;Region Hovedstaden;Sø;Arresø;11-11-2014;1;Næringsstoffer sediment, Sø;Ja;Miljøstyrelsen;https://vanda.miljoeportal.dk/link/7a8b4b64-8f15-45c6-9c78-7b8b5f25367c;Aktivitetssted;32;692735;6209960;1;3;Blandingsprøve;1;5;10;Ej oplyst;;39;Glødetab, total; =;26;pct TS;9999999;;2
Station;49000097;ARRESØ ST C;FRB490063C;32;694929;6209746;Gribskov;Region Hovedstaden;Sø;Arresø;08-11-2018;1;Næringsstoffer sediment, Sø;Ja;Miljøstyrelsen;https://vanda.miljoeportal.dk/link/613136f4-b66a-4491-9cdb-c24372244bc3;Aktivitetssted;32;694929;6209746;1;6;Blandingsprøve;1;30;50;Ej oplyst;;36;Tørstof,total; =;14,1;pct VV;9999999;;2
Station;49000095;ARRESØ ST A;FRB490063A;32;692735;6209960;Halsnæs;Region Hovedstaden;Sø;Arresø;27-12-1993;1;Næringsstoffer sediment, Sø;Ja;Miljøstyrelsen;https://vanda.miljoeportal.dk/link/1f5197b5-1d76-499d-b479-8635d30c8b4b;Aktivitetssted;32;692735;6209960;2;4;Blandingsprøve;1;10;20;Ej oplyst;;280;Calcium; =;57,0000027073547;g/kg TS;9999999;;2
Station;49000096;ARRESØ ST B;FRB490063B;32;695956;6208568;Gribskov;Region Hovedstaden;Sø;Arresø;05-11-2002;1;Næringsstoffer sediment, Sø;Ja;Miljøstyrelsen;https://vanda.miljoeportal.dk/link/f11240b4-a108-4df4-bba7-61922127c168;Aktivitetssted;32;695956;6208568;1;6;Blandingsprøve;1;30;50;Ej oplyst;;261;Phosphor, total-P; =;0,577000027406029;g/kg TS;9999999;;2
Station;49000097;ARRESØ ST C;FRB490063C;32;694929;6209746;Gribskov;Region Hovedstaden;Sø;Arresø;05-11-2002;1;Næringsstoffer sediment, Sø;Ja;Miljøstyrelsen;https://vanda.miljoeportal.dk/link/b0c7144e-fb25-47e9-9829-821356e038d2;Aktivitetssted;32;694929;6209746;1;3;Blandingsprøve;1;5;10;Ej oplyst;;36;Tørstof,total; =;11,9;pct VV;9999999;;2
Station;49000095;ARRESØ ST A;FRB490063A;32;692735;6209960;Halsnæs;Region Hovedstaden;Sø;Arresø;27-12-1993;1;Næringsstoffer sediment, Sø;Ja;Miljøstyrelsen;https://vanda.miljoeportal.dk/link/1f5197b5-1d76-499d-b479-8635d30c8b4b;Aktivitetssted;32;692735;6209960;2;1;Blandingsprøve;1;0;2;Ej oplyst;;264;Phosphor, Ca-adsorberet; =;0,223000010591932;g/kg TS;9999999;;2
Station;49000097;ARRESØ ST C;FRB490063C;32;694929;6209746;Gribskov;Region Hovedstaden;Sø;Arresø;27-12-1993;1;Næringsstoffer sediment, Sø;Ja;Miljøstyrelsen;https://vanda.miljoeportal.dk/link/3d96bdf7-4c02-46b7-95c2-b0a492355762;Aktivitetssted;32;694929;6209746;1;2;Blandingsprøve;1;2;5;Ej oplyst;;264;Phosphor, Ca-adsorberet; =;0,178000008454546;g/kg TS;9999999;;2
Station;49000097;ARRESØ ST C;FRB490063C;32;694929;6209746;Gribskov;Region Hovedstaden;Sø;Arresø;27-12-1993;1;Næringsstoffer sediment, Sø;Ja;Miljøstyrelsen;https://vanda.miljoeportal.dk/link/3d96bdf7-4c02-46b7-95c2-b0a492355762;Aktivitetssted;32;694929;6209746;1;3;Blandingsprøve;1;5;8;Ej oplyst;;39;Glødetab, total; =;1,08000001609325;pct TS;9999999;;1
Station;49000095;ARRESØ ST A;FRB490063A;32;692735;6209960;Halsnæs;Region Hovedstaden;Sø;Arresø;11-11-2014;1;Næringsstoffer sediment, Sø;Ja;Miljøstyrelsen;https://vanda.miljoeportal.dk/link/7a8b4b64-8f15-45c6-9c78-7b8b5f25367c;Aktivitetssted;32;692735;6209960;1;1;Blandingsprøve;1;0;2;Ej oplyst;;39;Glødetab, total; =;34;pct TS;9999999;;2
Station;49000096;ARRESØ ST B;FRB490063B;32;695956;6208568;Gribskov;Region Hovedstaden;Sø;Arresø;11-11-2009;1;Næringsstoffer sediment, Sø;Ja;Miljøstyrelsen;https://vanda.miljoeportal.dk/link/50375709-7eb1-4b8d-ae7f-4a39ddb08980;Aktivitetssted;32;695956;6208568;1;5;Blandingsprøve;1;20;30;Ej oplyst;;312;Jern; =;7,29000034625642;g/kg TS;9999999;;2
Station;49000096;ARRESØ ST B;FRB490063B;32;695956;6208568;Gribskov;Region Hovedstaden;Sø;Arresø;11-11-2009;1;Næringsstoffer sediment, Sø;Ja;Miljøstyrelsen;https://vanda.miljoeportal.dk/link/50375709-7eb1-4b8d-ae7f-4a39ddb08980;Aktivitetssted;32;695956;6208568;1;6;Blandingsprøve;1;30;48;Ej oplyst;;312;Jern; =;4,70000022323802;g/kg TS;9999999;;2
Station;49000095;ARRESØ ST A;FRB490063A;32;692735;6209960;Halsnæs;Region Hovedstaden;Sø;Arresø;27-12-1993;1;Næringsstoffer sediment, Sø;Ja;Miljøstyrelsen;https://vanda.miljoeportal.dk/link/1f5197b5-1d76-499d-b479-8635d30c8b4b;Aktivitetssted;32;692735;6209960;2;4;Blandingsprøve;1;10;20;Ej oplyst;;261;Phosphor, total-P; =;0,577000027406029;g/kg TS;9999999;;2
Station;49000095;ARRESØ ST A;FRB490063A;32;692735;6209960;Halsnæs;Region Hovedstaden;Sø;Arresø;11-11-2009;1;Næringsstoffer sediment, Sø;Ja;Miljøstyrelsen;https://vanda.miljoeportal.dk/link/7d157e1d-8fe8-4773-81a5-48b803b6e9ec;Aktivitetssted;32;692735;6209960;1;5;Blandingsprøve;1;20;30;Ej oplyst;;39;Glødetab, total; =;22,8;pct TS;9999999;;2
Station;49000097;ARRESØ ST C;FRB490063C;32;694929;6209746;Gribskov;Region Hovedstaden;Sø;Arresø;11-11-2009;1;Næringsstoffer sediment, Sø;Ja;Miljøstyrelsen;https://vanda.miljoeportal.dk/link/5a2cc418-087b-4905-8650-dca9072d28dd;Aktivitetssted;32;694929;6209746;1;6;Blandingsprøve;1;30;39;Ej oplyst;;39;Glødetab, total; =;24,6;pct TS;9999999;;2
Station;49000097;ARRESØ ST C;FRB490063C;32;694929;6209746;Gribskov;Region Hovedstaden;Sø;Arresø;05-11-2002;1;Næringsstoffer sediment, Sø;Ja;Miljøstyrelsen;https://vanda.miljoeportal.dk/link/b0c7144e-fb25-47e9-9829-821356e038d2;Aktivitetssted;32;694929;6209746;1;1;Blandingsprøve;1;0;2;Ej oplyst;;39;Glødetab, total; =;30,6;pct TS;9999999;;2
Station;49000096;ARRESØ ST B;FRB490063B;32;695956;6208568;Gribskov;Region Hovedstaden;Sø;Arresø;05-11-2002;1;Næringsstoffer sediment, Sø;Ja;Miljøstyrelsen;https://vanda.miljoeportal.dk/link/f11240b4-a108-4df4-bba7-61922127c168;Aktivitetssted;32;695956;6208568;1;1;Blandingsprøve;1;0;2;Ej oplyst;;39;Glødetab, total; =;26,4;pct TS;9999999;;2
Station;49000096;ARRESØ ST B;FRB490063B;32;695956;6208568;Gribskov;Region Hovedstaden;Sø;Arresø;05-11-2002;1;Næringsstoffer sediment, Sø;Ja;Miljøstyrelsen;https://vanda.miljoeportal.dk/link/f11240b4-a108-4df4-bba7-61922127c168;Aktivitetssted;32;695956;6208568;1;5;Blandingsprøve;1;20;30;Ej oplyst;;312;Jern; =;14,7000006982125;g/kg TS;9999999;;2
Station;49000097;ARRESØ ST C;FRB490063C;32;694929;6209746;Gribskov;Region Hovedstaden;Sø;Arresø;27-12-1993;1;Næringsstoffer sediment, Sø;Ja;Miljøstyrelsen;https://vanda.miljoeportal.dk/link/3d96bdf7-4c02-46b7-95c2-b0a492355762;Aktivitetssted;32;694929;6209746;1;1;Blandingsprøve;1;0;2;Ej oplyst;;39;Glødetab, total; =;7,53000011220574;pct TS;9999999;;1
Station;49000096;ARRESØ ST B;FRB490063B;32;695956;6208568;Gribskov;Region Hovedstaden;Sø;Arresø;11-11-1997;1;Næringsstoffer sediment, Sø;Ja;Miljøstyrelsen;https://vanda.miljoeportal.dk/link/9a89f45a-168d-415e-b802-9718cada3fb7;Aktivitetssted;32;695956;6208568;1;4;Blandingsprøve;1;10;20;Ej oplyst;;36;Tørstof,total; =;6,1;pct VV;9999999;;2
Station;49000095;ARRESØ ST A;FRB490063A;32;692735;6209960;Halsnæs;Region Hovedstaden;Sø;Arresø;11-11-1997;1;Næringsstoffer sediment, Sø;Ja;Miljøstyrelsen;https://vanda.miljoeportal.dk/link/67278144-484b-47a5-b7eb-3814aa77dea3;Aktivitetssted;32;692735;6209960;1;4;Blandingsprøve;1;10;20;Ej oplyst;;39;Glødetab, total; =;34;pct TS;9999999;;2
Station;49000095;ARRESØ ST A;FRB490063A;32;692735;6209960;Halsnæs;Region Hovedstaden;Sø;Arresø;05-11-2002;1;Næringsstoffer sediment, Sø;Ja;Miljøstyrelsen;https://vanda.miljoeportal.dk/link/1799b391-4a2d-4559-baf3-debaca726093;Aktivitetssted;32;692735;6209960;1;3;Blandingsprøve;1;5;10;Ej oplyst;;36;Tørstof,total; =;18,1;pct VV;9999999;;2
Station;49000096;ARRESØ ST B;FRB490063B;32;695956;6208568;Gribskov;Region Hovedstaden;Sø;Arresø;11-11-1997;1;Næringsstoffer sediment, Sø;Ja;Miljøstyrelsen;https://vanda.miljoeportal.dk/link/9a89f45a-168d-415e-b802-9718cada3fb7;Aktivitetssted;32;695956;6208568;1;6;Blandingsprøve;1;30;41;Ej oplyst;;36;Tørstof,total; =;13;pct VV;9999999;;2
Station;49000097;ARRESØ ST C;FRB490063C;32;694929;6209746;Gribskov;Region Hovedstaden;Sø;Arresø;27-12-1993;1;Næringsstoffer sediment, Sø;Ja;Miljøstyrelsen;https://vanda.miljoeportal.dk/link/3d96bdf7-4c02-46b7-95c2-b0a492355762;Aktivitetssted;32;694929;6209746;1;1;Blandingsprøve;1;0;2;Ej oplyst;;280;Calcium; =;20,000000949949;g/kg TS;9999999;;2
Station;49000096;ARRESØ ST B;FRB490063B;32;695956;6208568;Gribskov;Region Hovedstaden;Sø;Arresø;11-11-1997;1;Næringsstoffer sediment, Sø;Ja;Miljøstyrelsen;https://vanda.miljoeportal.dk/link/9a89f45a-168d-415e-b802-9718cada3fb7;Aktivitetssted;32;695956;6208568;1;3;Blandingsprøve;1;5;10;Ej oplyst;;36;Tørstof,total; =;4,2;pct VV;9999999;;2
Station;49000095;ARRESØ ST A;FRB490063A;32;692735;6209960;Halsnæs;Region Hovedstaden;Sø;Arresø;11-11-1997;1;Næringsstoffer sediment, Sø;Ja;Miljøstyrelsen;https://vanda.miljoeportal.dk/link/67278144-484b-47a5-b7eb-3814aa77dea3;Aktivitetssted;32;692735;6209960;1;2;Blandingsprøve;1;2;5;Ej oplyst;;261;Phosphor, total-P; =;2,20000010449439;g/kg TS;9999999;;2
Station;49000095;ARRESØ ST A;FRB490063A;32;692735;6209960;Halsnæs;Region Hovedstaden;Sø;Arresø;27-12-1993;1;Næringsstoffer sediment, Sø;Ja;Miljøstyrelsen;https://vanda.miljoeportal.dk/link/1f5197b5-1d76-499d-b479-8635d30c8b4b;Aktivitetssted;32;692735;6209960;1;2;Blandingsprøve;1;2;5;Ej oplyst;;1138;Adsorberet P; =;0,0280000013299286;g/kg TS;9999999;;2
Station;49000097;ARRESØ ST C;FRB490063C;32;694929;6209746;Gribskov;Region Hovedstaden;Sø;Arresø;27-12-1993;1;Næringsstoffer sediment, Sø;Ja;Miljøstyrelsen;https://vanda.miljoeportal.dk/link/3d96bdf7-4c02-46b7-95c2-b0a492355762;Aktivitetssted;32;694929;6209746;1;3;Blandingsprøve;1;5;8;Ej oplyst;;263;Phosphor, Fe-adsorberet; =;0,0100000004749745;g/kg TS;9999999;;2
Station;49000095;ARRESØ ST A;FRB490063A;32;692735;6209960;Halsnæs;Region Hovedstaden;Sø;Arresø;27-12-1993;1;Næringsstoffer sediment, Sø;Ja;Miljøstyrelsen;https://vanda.miljoeportal.dk/link/1f5197b5-1d76-499d-b479-8635d30c8b4b;Aktivitetssted;32;692735;6209960;2;5;Blandingsprøve;1;20;30;Ej oplyst;;253;Nitrogen,total N; =;14,8000007029623;g/kg TS;9999999;;2
Station;49000095;ARRESØ ST A;FRB490063A;32;692735;6209960;Halsnæs;Region Hovedstaden;Sø;Arresø;27-12-1993;1;Næringsstoffer sediment, Sø;Ja;Miljøstyrelsen;https://vanda.miljoeportal.dk/link/1f5197b5-1d76-499d-b479-8635d30c8b4b;Aktivitetssted;32;692735;6209960;1;3;Blandingsprøve;1;5;10;Ej oplyst;;263;Phosphor, Fe-adsorberet; =;0,0740000035148114;g/kg TS;9999999;;2
Station;49000095;ARRESØ ST A;FRB490063A;32;692735;6209960;Halsnæs;Region Hovedstaden;Sø;Arresø;11-11-2009;1;Næringsstoffer sediment, Sø;Ja;Miljøstyrelsen;https://vanda.miljoeportal.dk/link/7d157e1d-8fe8-4773-81a5-48b803b6e9ec;Aktivitetssted;32;692735;6209960;1;2;Blandingsprøve;1;2;5;Ej oplyst;;36;Tørstof,total; =;5,49;pct VV;9999999;;2
Station;49000097;ARRESØ ST C;FRB490063C;32;694929;6209746;Gribskov;Region Hovedstaden;Sø;Arresø;05-11-2002;1;Næringsstoffer sediment, Sø;Ja;Miljøstyrelsen;https://vanda.miljoeportal.dk/link/b0c7144e-fb25-47e9-9829-821356e038d2;Aktivitetssted;32;694929;6209746;1;5;Blandingsprøve;1;20;30;Ej oplyst;;280;Calcium; =;148,000007029623;g/kg TS;9999999;;2
Station;49000096;ARRESØ ST B;FRB490063B;32;695956;6208568;Gribskov;Region Hovedstaden;Sø;Arresø;08-11-2018;1;Næringsstoffer sediment, Sø;Ja;Miljøstyrelsen;https://vanda.miljoeportal.dk/link/ad06c7b4-5524-4ef2-80d6-606d87074051;Aktivitetssted;32;695956;6208568;1;6;Blandingsprøve;1;30;48;Ej oplyst;;36;Tørstof,total; =;14,3;pct VV;9999999;;2
Station;49000096;ARRESØ ST B;FRB490063B;32;695956;6208568;Gribskov;Region Hovedstaden;Sø;Arresø;11-11-2009;1;Næringsstoffer sediment, Sø;Ja;Miljøstyrelsen;https://vanda.miljoeportal.dk/link/50375709-7eb1-4b8d-ae7f-4a39ddb08980;Aktivitetssted;32;695956;6208568;1;4;Blandingsprøve;1;10;20;Ej oplyst;;312;Jern; =;11,4000005414709;g/kg TS;9999999;;2
Station;49000096;ARRESØ ST B;FRB490063B;32;695956;6208568;Gribskov;Region Hovedstaden;Sø;Arresø;11-11-2009;1;Næringsstoffer sediment, Sø;Ja;Miljøstyrelsen;https://vanda.miljoeportal.dk/link/50375709-7eb1-4b8d-ae7f-4a39ddb08980;Aktivitetssted;32;695956;6208568;1;2;Blandingsprøve;1;2;5;Ej oplyst;;312;Jern; =;9,48000045027584;g/kg TS;9999999;;2
Station;49000097;ARRESØ ST C;FRB490063C;32;694929;6209746;Gribskov;Region Hovedstaden;Sø;Arresø;11-11-1997;1;Næringsstoffer sediment, Sø;Ja;Miljøstyrelsen;https://vanda.miljoeportal.dk/link/a9e6988d-37ab-4237-b542-d2fc5f942333;Aktivitetssted;32;694929;6209746;1;2;Blandingsprøve;1;2;5;Ej oplyst;;261;Phosphor, total-P; =;1,70000008074567;g/kg TS;9999999;;2
Station;49000096;ARRESØ ST B;FRB490063B;32;695956;6208568;Gribskov;Region Hovedstaden;Sø;Arresø;05-11-2002;1;Næringsstoffer sediment, Sø;Ja;Miljøstyrelsen;https://vanda.miljoeportal.dk/link/f11240b4-a108-4df4-bba7-61922127c168;Aktivitetssted;32;695956;6208568;1;4;Blandingsprøve;1;10;20;Ej oplyst;;36;Tørstof,total; =;17,7;pct VV;9999999;;2
Station;49000095;ARRESØ ST A;FRB490063A;32;692735;6209960;Halsnæs;Region Hovedstaden;Sø;Arresø;08-11-2018;1;Næringsstoffer sediment, Sø;Ja;Miljøstyrelsen;https://vanda.miljoeportal.dk/link/6f37ad8b-0299-47bb-bceb-a3f7ef3dd5ac;Aktivitetssted;32;692735;6209960;1;1;Blandingsprøve;1;0;2;Ej oplyst;;36;Tørstof,total; =;2,9;pct VV;9999999;;2
Station;49000097;ARRESØ ST C;FRB490063C;32;694929;6209746;Gribskov;Region Hovedstaden;Sø;Arresø;05-11-2002;1;Næringsstoffer sediment, Sø;Ja;Miljøstyrelsen;https://vanda.miljoeportal.dk/link/b0c7144e-fb25-47e9-9829-821356e038d2;Aktivitetssted;32;694929;6209746;1;1;Blandingsprøve;1;0;2;Ej oplyst;;280;Calcium; =;199,100009456743;g/kg TS;9999999;;2
Station;49000095;ARRESØ ST A;FRB490063A;32;692735;6209960;Halsnæs;Region Hovedstaden;Sø;Arresø;27-12-1993;1;Næringsstoffer sediment, Sø;Ja;Miljøstyrelsen;https://vanda.miljoeportal.dk/link/1f5197b5-1d76-499d-b479-8635d30c8b4b;Aktivitetssted;32;692735;6209960;2;5;Blandingsprøve;1;20;30;Ej oplyst;;39;Glødetab, total; =;26,2000003904104;pct TS;9999999;;2
Station;49000095;ARRESØ ST A;FRB490063A;32;692735;6209960;Halsnæs;Region Hovedstaden;Sø;Arresø;11-11-2009;1;Næringsstoffer sediment, Sø;Ja;Miljøstyrelsen;https://vanda.miljoeportal.dk/link/7d157e1d-8fe8-4773-81a5-48b803b6e9ec;Aktivitetssted;32;692735;6209960;1;4;Blandingsprøve;1;10;20;Ej oplyst;;261;Phosphor, total-P; =;1,19000005652197;g/kg TS;9999999;;2
Station;49000097;ARRESØ ST C;FRB490063C;32;694929;6209746;Gribskov;Region Hovedstaden;Sø;Arresø;08-11-2018;1;Næringsstoffer sediment, Sø;Ja;Miljøstyrelsen;https://vanda.miljoeportal.dk/link/613136f4-b66a-4491-9cdb-c24372244bc3;Aktivitetssted;32;694929;6209746;1;1;Blandingsprøve;1;0;2;Ej oplyst;;312;Jern; =;7,80000037048012;g/kg TS;9999999;;2
Station;49000097;ARRESØ ST C;FRB490063C;32;694929;6209746;Gribskov;Region Hovedstaden;Sø;Arresø;05-11-2002;1;Næringsstoffer sediment, Sø;Ja;Miljøstyrelsen;https://vanda.miljoeportal.dk/link/b0c7144e-fb25-47e9-9829-821356e038d2;Aktivitetssted;32;694929;6209746;1;6;Blandingsprøve;1;30;50;Ej oplyst;;312;Jern; =;15,4000007314608;g/kg TS;9999999;;2
Station;49000097;ARRESØ ST C;FRB490063C;32;694929;6209746;Gribskov;Region Hovedstaden;Sø;Arresø;05-11-2002;1;Næringsstoffer sediment, Sø;Ja;Miljøstyrelsen;https://vanda.miljoeportal.dk/link/b0c7144e-fb25-47e9-9829-821356e038d2;Aktivitetssted;32;694929;6209746;1;4;Blandingsprøve;1;10;20;Ej oplyst;;312;Jern; =;18,6000008834526;g/kg TS;9999999;;2
Station;49000095;ARRESØ ST A;FRB490063A;32;692735;6209960;Halsnæs;Region Hovedstaden;Sø;Arresø;11-11-2009;1;Næringsstoffer sediment, Sø;Ja;Miljøstyrelsen;https://vanda.miljoeportal.dk/link/7d157e1d-8fe8-4773-81a5-48b803b6e9ec;Aktivitetssted;32;692735;6209960;1;5;Blandingsprøve;1;20;30;Ej oplyst;;36;Tørstof,total; =;20;pct VV;9999999;;2
Station;49000097;ARRESØ ST C;FRB490063C;32;694929;6209746;Gribskov;Region Hovedstaden;Sø;Arresø;08-11-2018;1;Næringsstoffer sediment, Sø;Ja;Miljøstyrelsen;https://vanda.miljoeportal.dk/link/613136f4-b66a-4491-9cdb-c24372244bc3;Aktivitetssted;32;694929;6209746;1;3;Blandingsprøve;1;5;10;Ej oplyst;;36;Tørstof,total; =;6,2;pct VV;9999999;;2
Station;49000096;ARRESØ ST B;FRB490063B;32;695956;6208568;Gribskov;Region Hovedstaden;Sø;Arresø;05-11-2002;1;Næringsstoffer sediment, Sø;Ja;Miljøstyrelsen;https://vanda.miljoeportal.dk/link/f11240b4-a108-4df4-bba7-61922127c168;Aktivitetssted;32;695956;6208568;1;6;Blandingsprøve;1;30;50;Ej oplyst;;312;Jern; =;15,5000007362105;g/kg TS;9999999;;2
Station;49000095;ARRESØ ST A;FRB490063A;32;692735;6209960;Halsnæs;Region Hovedstaden;Sø;Arresø;05-11-2002;1;Næringsstoffer sediment, Sø;Ja;Miljøstyrelsen;https://vanda.miljoeportal.dk/link/1799b391-4a2d-4559-baf3-debaca726093;Aktivitetssted;32;692735;6209960;1;6;Blandingsprøve;1;30;50;Ej oplyst;;312;Jern; =;10,5000004987232;g/kg TS;9999999;;2
Station;49000096;ARRESØ ST B;FRB490063B;32;695956;6208568;Gribskov;Region Hovedstaden;Sø;Arresø;11-11-2014;1;Næringsstoffer sediment, Sø;Ja;Miljøstyrelsen;https://vanda.miljoeportal.dk/link/f2c1f9e1-5e0d-4328-aecb-f67202f09df7;Aktivitetssted;32;695956;6208568;1;1;Blandingsprøve;1;0;2;Ej oplyst;;261;Phosphor, total-P; =;1,50000007124618;g/kg TS;9999999;;2
Station;49000095;ARRESØ ST A;FRB490063A;32;692735;6209960;Halsnæs;Region Hovedstaden;Sø;Arresø;27-12-1993;1;Næringsstoffer sediment, Sø;Ja;Miljøstyrelsen;https://vanda.miljoeportal.dk/link/1f5197b5-1d76-499d-b479-8635d30c8b4b;Aktivitetssted;32;692735;6209960;1;6;Blandingsprøve;1;30;38;Ej oplyst;;312;Jern; =;18,0000008549541;g/kg TS;9999999;;2
Station;49000097;ARRESØ ST C;FRB490063C;32;694929;6209746;Gribskov;Region Hovedstaden;Sø;Arresø;05-11-2002;1;Næringsstoffer sediment, Sø;Ja;Miljøstyrelsen;https://vanda.miljoeportal.dk/link/b0c7144e-fb25-47e9-9829-821356e038d2;Aktivitetssted;32;694929;6209746;1;5;Blandingsprøve;1;20;30;Ej oplyst;;261;Phosphor, total-P; =;0,687000032630749;g/kg TS;9999999;;2
Station;49000097;ARRESØ ST C;FRB490063C;32;694929;6209746;Gribskov;Region Hovedstaden;Sø;Arresø;05-11-2002;1;Næringsstoffer sediment, Sø;Ja;Miljøstyrelsen;https://vanda.miljoeportal.dk/link/b0c7144e-fb25-47e9-9829-821356e038d2;Aktivitetssted;32;694929;6209746;1;5;Blandingsprøve;1;20;30;Ej oplyst;;253;Nitrogen,total N; =;11,8000005604699;g/kg TS;9999999;;2
Station;49000095;ARRESØ ST A;FRB490063A;32;692735;6209960;Halsnæs;Region Hovedstaden;Sø;Arresø;27-12-1993;1;Næringsstoffer sediment, Sø;Ja;Miljøstyrelsen;https://vanda.miljoeportal.dk/link/1f5197b5-1d76-499d-b479-8635d30c8b4b;Aktivitetssted;32;692735;6209960;1;1;Blandingsprøve;1;0;2;Ej oplyst;;253;Nitrogen,total N; =;16,6000007884577;g/kg TS;9999999;;2
Station;49000095;ARRESØ ST A;FRB490063A;32;692735;6209960;Halsnæs;Region Hovedstaden;Sø;Arresø;27-12-1993;1;Næringsstoffer sediment, Sø;Ja;Miljøstyrelsen;https://vanda.miljoeportal.dk/link/1f5197b5-1d76-499d-b479-8635d30c8b4b;Aktivitetssted;32;692735;6209960;1;3;Blandingsprøve;1;5;10;Ej oplyst;;261;Phosphor, total-P; =;0,602000028593466;g/kg TS;9999999;;2
Station;49000095;ARRESØ ST A;FRB490063A;32;692735;6209960;Halsnæs;Region Hovedstaden;Sø;Arresø;05-11-2002;1;Næringsstoffer sediment, Sø;Ja;Miljøstyrelsen;https://vanda.miljoeportal.dk/link/1799b391-4a2d-4559-baf3-debaca726093;Aktivitetssted;32;692735;6209960;1;2;Blandingsprøve;1;2;5;Ej oplyst;;280;Calcium; =;95,7000045455061;g/kg TS;9999999;;2
Station;49000096;ARRESØ ST B;FRB490063B;32;695956;6208568;Gribskov;Region Hovedstaden;Sø;Arresø;05-11-2002;1;Næringsstoffer sediment, Sø;Ja;Miljøstyrelsen;https://vanda.miljoeportal.dk/link/f11240b4-a108-4df4-bba7-61922127c168;Aktivitetssted;32;695956;6208568;1;3;Blandingsprøve;1;5;10;Ej oplyst;;39;Glødetab, total; =;13,5;pct TS;9999999;;2
Station;49000096;ARRESØ ST B;FRB490063B;32;695956;6208568;Gribskov;Region Hovedstaden;Sø;Arresø;11-11-2009;1;Næringsstoffer sediment, Sø;Ja;Miljøstyrelsen;https://vanda.miljoeportal.dk/link/50375709-7eb1-4b8d-ae7f-4a39ddb08980;Aktivitetssted;32;695956;6208568;1;4;Blandingsprøve;1;10;20;Ej oplyst;;39;Glødetab, total; =;14,4;pct TS;9999999;;2
Station;49000097;ARRESØ ST C;FRB490063C;32;694929;6209746;Gribskov;Region Hovedstaden;Sø;Arresø;11-11-2014;1;Næringsstoffer sediment, Sø;Ja;Miljøstyrelsen;https://vanda.miljoeportal.dk/link/fa1c24a4-3113-44bd-977e-1625b5d6d902;Aktivitetssted;32;694929;6209746;1;3;Blandingsprøve;1;5;10;Ej oplyst;;312;Jern; =;11,000000522472;g/kg TS;9999999;;2
Station;49000095;ARRESØ ST A;FRB490063A;32;692735;6209960;Halsnæs;Region Hovedstaden;Sø;Arresø;27-12-1993;1;Næringsstoffer sediment, Sø;Ja;Miljøstyrelsen;https://vanda.miljoeportal.dk/link/1f5197b5-1d76-499d-b479-8635d30c8b4b;Aktivitetssted;32;692735;6209960;2;4;Blandingsprøve;1;10;20;Ej oplyst;;36;Tørstof,total; =;15,7000002339482;pct VV;9999999;;2
Station;49000096;ARRESØ ST B;FRB490063B;32;695956;6208568;Gribskov;Region Hovedstaden;Sø;Arresø;11-11-2009;1;Næringsstoffer sediment, Sø;Ja;Miljøstyrelsen;https://vanda.miljoeportal.dk/link/50375709-7eb1-4b8d-ae7f-4a39ddb08980;Aktivitetssted;32;695956;6208568;1;1;Blandingsprøve;1;0;2;Ej oplyst;;36;Tørstof,total; =;3,06;pct VV;9999999;;2
Station;49000095;ARRESØ ST A;FRB490063A;32;692735;6209960;Halsnæs;Region Hovedstaden;Sø;Arresø;11-11-1997;1;Næringsstoffer sediment, Sø;Ja;Miljøstyrelsen;https://vanda.miljoeportal.dk/link/67278144-484b-47a5-b7eb-3814aa77dea3;Aktivitetssted;32;692735;6209960;1;6;Blandingsprøve;1;30;43;Ej oplyst;;280;Calcium; =;130,000006174669;g/kg TS;9999999;;2
Station;49000096;ARRESØ ST B;FRB490063B;32;695956;6208568;Gribskov;Region Hovedstaden;Sø;Arresø;11-11-1997;1;Næringsstoffer sediment, Sø;Ja;Miljøstyrelsen;https://vanda.miljoeportal.dk/link/9a89f45a-168d-415e-b802-9718cada3fb7;Aktivitetssted;32;695956;6208568;1;4;Blandingsprøve;1;10;20;Ej oplyst;;312;Jern; =;9,10000043222681;g/kg TS;9999999;;2
Station;49000095;ARRESØ ST A;FRB490063A;32;692735;6209960;Halsnæs;Region Hovedstaden;Sø;Arresø;27-12-1993;1;Næringsstoffer sediment, Sø;Ja;Miljøstyrelsen;https://vanda.miljoeportal.dk/link/1f5197b5-1d76-499d-b479-8635d30c8b4b;Aktivitetssted;32;692735;6209960;2;1;Blandingsprøve;1;0;2;Ej oplyst;;263;Phosphor, Fe-adsorberet; =;0,0360000017099082;g/kg TS;9999999;;2
Station;49000097;ARRESØ ST C;FRB490063C;32;694929;6209746;Gribskov;Region Hovedstaden;Sø;Arresø;08-11-2018;1;Næringsstoffer sediment, Sø;Ja;Miljøstyrelsen;https://vanda.miljoeportal.dk/link/613136f4-b66a-4491-9cdb-c24372244bc3;Aktivitetssted;32;694929;6209746;1;5;Blandingsprøve;1;20;30;Ej oplyst;;312;Jern; =;9,60000045597553;g/kg TS;9999999;;2
Station;49000095;ARRESØ ST A;FRB490063A;32;692735;6209960;Halsnæs;Region Hovedstaden;Sø;Arresø;27-12-1993;1;Næringsstoffer sediment, Sø;Ja;Miljøstyrelsen;https://vanda.miljoeportal.dk/link/1f5197b5-1d76-499d-b479-8635d30c8b4b;Aktivitetssted;32;692735;6209960;2;3;Blandingsprøve;1;5;10;Ej oplyst;;263;Phosphor, Fe-adsorberet; =;0,0900000042747706;g/kg TS;9999999;;2
Station;49000097;ARRESØ ST C;FRB490063C;32;694929;6209746;Gribskov;Region Hovedstaden;Sø;Arresø;05-11-2002;1;Næringsstoffer sediment, Sø;Ja;Miljøstyrelsen;https://vanda.miljoeportal.dk/link/b0c7144e-fb25-47e9-9829-821356e038d2;Aktivitetssted;32;694929;6209746;1;3;Blandingsprøve;1;5;10;Ej oplyst;;312;Jern; =;15,6000007409602;g/kg TS;9999999;;2
Station;49000096;ARRESØ ST B;FRB490063B;32;695956;6208568;Gribskov;Region Hovedstaden;Sø;Arresø;05-11-2002;1;Næringsstoffer sediment, Sø;Ja;Miljøstyrelsen;https://vanda.miljoeportal.dk/link/f11240b4-a108-4df4-bba7-61922127c168;Aktivitetssted;32;695956;6208568;1;3;Blandingsprøve;1;5;10;Ej oplyst;;280;Calcium; =;64,0000030398369;g/kg TS;9999999;;2
Station;49000095;ARRESØ ST A;FRB490063A;32;692735;6209960;Halsnæs;Region Hovedstaden;Sø;Arresø;08-11-2018;1;Næringsstoffer sediment, Sø;Ja;Miljøstyrelsen;https://vanda.miljoeportal.dk/link/6f37ad8b-0299-47bb-bceb-a3f7ef3dd5ac;Aktivitetssted;32;692735;6209960;1;4;Blandingsprøve;1;10;20;Ej oplyst;;39;Glødetab, total; =;28;pct TS;9999999;;2
Station;49000095;ARRESØ ST A;FRB490063A;32;692735;6209960;Halsnæs;Region Hovedstaden;Sø;Arresø;27-12-1993;1;Næringsstoffer sediment, Sø;Ja;Miljøstyrelsen;https://vanda.miljoeportal.dk/link/1f5197b5-1d76-499d-b479-8635d30c8b4b;Aktivitetssted;32;692735;6209960;1;1;Blandingsprøve;1;0;2;Ej oplyst;;1138;Adsorberet P; =;0,05100000242237;g/kg TS;9999999;;2
Station;49000097;ARRESØ ST C;FRB490063C;32;694929;6209746;Gribskov;Region Hovedstaden;Sø;Arresø;11-11-1997;1;Næringsstoffer sediment, Sø;Ja;Miljøstyrelsen;https://vanda.miljoeportal.dk/link/a9e6988d-37ab-4237-b542-d2fc5f942333;Aktivitetssted;32;694929;6209746;1;5;Blandingsprøve;1;20;30;Ej oplyst;;253;Nitrogen,total N; =;17,3500008240808;g/kg TS;9999999;;2
Station;49000097;ARRESØ ST C;FRB490063C;32;694929;6209746;Gribskov;Region Hovedstaden;Sø;Arresø;05-11-2002;1;Næringsstoffer sediment, Sø;Ja;Miljøstyrelsen;https://vanda.miljoeportal.dk/link/b0c7144e-fb25-47e9-9829-821356e038d2;Aktivitetssted;32;694929;6209746;1;5;Blandingsprøve;1;20;30;Ej oplyst;;312;Jern; =;15,300000726711;g/kg TS;9999999;;2
Station;49000097;ARRESØ ST C;FRB490063C;32;694929;6209746;Gribskov;Region Hovedstaden;Sø;Arresø;11-11-1997;1;Næringsstoffer sediment, Sø;Ja;Miljøstyrelsen;https://vanda.miljoeportal.dk/link/a9e6988d-37ab-4237-b542-d2fc5f942333;Aktivitetssted;32;694929;6209746;1;3;Blandingsprøve;1;5;10;Ej oplyst;;36;Tørstof,total; =;6,5;pct VV;9999999;;2
