Dato (DK normaltid),Vandf¿ring D¿gnmiddel (DMP) (l/s),ks mrk.
01-01-1989 00:00,72.673,2
02-01-1989 00:00,69.353,2
03-01-1989 00:00,65.075,2
04-01-1989 00:00,63.043,2
05-01-1989 00:00,62.695,2
06-01-1989 00:00,60.614,2
07-01-1989 00:00,58.43,2
08-01-1989 00:00,58.58,2
09-01-1989 00:00,58.85,2
10-01-1989 00:00,65.014,2
11-01-1989 00:00,60.439,2
12-01-1989 00:00,59.039,2
13-01-1989 00:00,59.703,2
14-01-1989 00:00,62.841,2
15-01-1989 00:00,62.498,2
16-01-1989 00:00,58.511,2
17-01-1989 00:00,58.107,2
18-01-1989 00:00,56.014,2
19-01-1989 00:00,55.081,2
20-01-1989 00:00,54.462,2
21-01-1989 00:00,54.538,2
22-01-1989 00:00,53.952,2
23-01-1989 00:00,55.376,2
24-01-1989 00:00,55.7,2
25-01-1989 00:00,53.964,2
26-01-1989 00:00,53.052,2
27-01-1989 00:00,51.951,2
28-01-1989 00:00,51.05,2
29-01-1989 00:00,49.973,2
30-01-1989 00:00,50.007,2
31-01-1989 00:00,47.866,2
01-02-1989 00:00,47.189,2
02-02-1989 00:00,46.494,2
03-02-1989 00:00,46.219,2
04-02-1989 00:00,45.338,2
05-02-1989 00:00,49.197,2
06-02-1989 00:00,47.68,2
07-02-1989 00:00,45.125,2
08-02-1989 00:00,44.032,2
09-02-1989 00:00,42.918,2
10-02-1989 00:00,41.726,2
11-02-1989 00:00,40.248,2
12-02-1989 00:00,42.254,2
13-02-1989 00:00,40.475,2
14-02-1989 00:00,47.142,2
15-02-1989 00:00,52.372,2
16-02-1989 00:00,55.667,2
17-02-1989 00:00,47.214,2
18-02-1989 00:00,50.556,2
19-02-1989 00:00,56.097,2
20-02-1989 00:00,52.099,2
21-02-1989 00:00,50.156,2
22-02-1989 00:00,49.997,2
23-02-1989 00:00,53.132,2
24-02-1989 00:00,50.004,2
25-02-1989 00:00,49.062,2
26-02-1989 00:00,57.615,2
27-02-1989 00:00,50.706,2
28-02-1989 00:00,49.747,2
01-03-1989 00:00,62.227,2
02-03-1989 00:00,59.082,2
03-03-1989 00:00,54.58,2
04-03-1989 00:00,51.504,2
05-03-1989 00:00,49.041,2
06-03-1989 00:00,47.74,2
07-03-1989 00:00,46.977,2
08-03-1989 00:00,45.558,2
09-03-1989 00:00,42.843,2
10-03-1989 00:00,44.291,2
11-03-1989 00:00,47.943,2
12-03-1989 00:00,45.821,2
13-03-1989 00:00,60.563,2
14-03-1989 00:00,61.238,2
15-03-1989 00:00,65.281,2
16-03-1989 00:00,79.483,2
17-03-1989 00:00,69.674,2
18-03-1989 00:00,59.741,2
19-03-1989 00:00,54.982,2
20-03-1989 00:00,53.831,2
21-03-1989 00:00,56.974,2
22-03-1989 00:00,81.464,2
23-03-1989 00:00,94.241,2
24-03-1989 00:00,129.481,2
25-03-1989 00:00,136.606,2
26-03-1989 00:00,104.245,2
27-03-1989 00:00,88.083,2
28-03-1989 00:00,79.28,2
29-03-1989 00:00,71.832,2
30-03-1989 00:00,77.423,2
31-03-1989 00:00,83.344,2
01-04-1989 00:00,79.313,2
02-04-1989 00:00,72.051,2
03-04-1989 00:00,66.596,2
04-04-1989 00:00,62.536,2
05-04-1989 00:00,61.367,2
06-04-1989 00:00,68.449,2
07-04-1989 00:00,67.519,2
08-04-1989 00:00,70.391,2
09-04-1989 00:00,66.41,2
10-04-1989 00:00,55.152,2
11-04-1989 00:00,50.211,2
12-04-1989 00:00,47.583,2
13-04-1989 00:00,43.653,2
14-04-1989 00:00,39.319,2
15-04-1989 00:00,37.447,2
16-04-1989 00:00,35.467,2
17-04-1989 00:00,34.474,2
18-04-1989 00:00,36.867,2
19-04-1989 00:00,37.844,2
20-04-1989 00:00,49.084,2
21-04-1989 00:00,43.756,2
22-04-1989 00:00,40.614,2
23-04-1989 00:00,36.532,2
24-04-1989 00:00,33.703,2
25-04-1989 00:00,36.404,2
26-04-1989 00:00,42.546,2
27-04-1989 00:00,54.023,2
28-04-1989 00:00,44.808,2
29-04-1989 00:00,40.325,2
30-04-1989 00:00,35.393,2
01-05-1989 00:00,33.131,2
02-05-1989 00:00,32.583,2
03-05-1989 00:00,32.297,2
04-05-1989 00:00,30.028,2
05-05-1989 00:00,28.29,2
06-05-1989 00:00,28.118,2
07-05-1989 00:00,27.042,2
08-05-1989 00:00,26.895,2
09-05-1989 00:00,28.462,2
10-05-1989 00:00,26.939,2
11-05-1989 00:00,24.198,2
12-05-1989 00:00,44.934,2
13-05-1989 00:00,31.879,2
14-05-1989 00:00,27.138,2
15-05-1989 00:00,23.848,2
16-05-1989 00:00,22.726,2
17-05-1989 00:00,20.126,2
18-05-1989 00:00,19.895,2
19-05-1989 00:00,19.298,2
20-05-1989 00:00,18.853,2
21-05-1989 00:00,17.732,2
22-05-1989 00:00,16.816,2
23-05-1989 00:00,14.839,2
24-05-1989 00:00,13.428,2
25-05-1989 00:00,12.718,2
26-05-1989 00:00,11.958,2
27-05-1989 00:00,12.013,2
28-05-1989 00:00,12.453,2
29-05-1989 00:00,23.008,2
30-05-1989 00:00,19.352,2
31-05-1989 00:00,12.513,2
01-06-1989 00:00,12.14,2
02-06-1989 00:00,12.06,2
03-06-1989 00:00,11.21,2
04-06-1989 00:00,11.476,2
05-06-1989 00:00,22.119,2
06-06-1989 00:00,35.541,2
07-06-1989 00:00,22.211,2
08-06-1989 00:00,19.05,2
09-06-1989 00:00,27.16,2
10-06-1989 00:00,29.613,2
11-06-1989 00:00,22.183,2
12-06-1989 00:00,18.894,2
13-06-1989 00:00,17.316,2
14-06-1989 00:00,16.163,2
15-06-1989 00:00,14.846,2
16-06-1989 00:00,13.03,2
17-06-1989 00:00,11.246,2
18-06-1989 00:00,9.461,2
19-06-1989 00:00,7.676,2
20-06-1989 00:00,5.891,2
21-06-1989 00:00,5.797,2
22-06-1989 00:00,5.405,2
23-06-1989 00:00,4.881,2
24-06-1989 00:00,4.298,2
25-06-1989 00:00,3.749,2
26-06-1989 00:00,3.928,2
27-06-1989 00:00,3.933,2
28-06-1989 00:00,4.978,2
29-06-1989 00:00,9.315,2
30-06-1989 00:00,12.207,2
01-07-1989 00:00,9.014,2
02-07-1989 00:00,33.357,2
03-07-1989 00:00,31.133,2
04-07-1989 00:00,6.302,2
05-07-1989 00:00,4.023,2
06-07-1989 00:00,3.605,2
07-07-1989 00:00,3.612,2
08-07-1989 00:00,2.434,2
09-07-1989 00:00,2.214,2
10-07-1989 00:00,2.202,2
11-07-1989 00:00,2.099,2
12-07-1989 00:00,1.809,2
13-07-1989 00:00,4.793,2
14-07-1989 00:00,13.111,2
15-07-1989 00:00,8.354,2
16-07-1989 00:00,6.892,2
17-07-1989 00:00,18.872,2
18-07-1989 00:00,37.11,2
19-07-1989 00:00,8.08,2
20-07-1989 00:00,12.88,2
21-07-1989 00:00,7.629,2
22-07-1989 00:00,6.35,2
23-07-1989 00:00,5.219,2
24-07-1989 00:00,3.859,2
25-07-1989 00:00,0.843,2
26-07-1989 00:00,0.476,2
27-07-1989 00:00,4.367,2
28-07-1989 00:00,1.063,2
29-07-1989 00:00,0.612,2
30-07-1989 00:00,1.101,2
31-07-1989 00:00,49.79,2
01-08-1989 00:00,41.949,2
02-08-1989 00:00,33.132,2
03-08-1989 00:00,14.506,2
04-08-1989 00:00,9.463,2
05-08-1989 00:00,7.289,2
06-08-1989 00:00,4.054,2
07-08-1989 00:00,3.93,2
08-08-1989 00:00,101.58,2
09-08-1989 00:00,85.695,2
10-08-1989 00:00,62.564,2
11-08-1989 00:00,24.365,2
12-08-1989 00:00,14.855,2
13-08-1989 00:00,12.654,2
14-08-1989 00:00,11.054,2
15-08-1989 00:00,12.668,2
16-08-1989 00:00,11.97,2
17-08-1989 00:00,16.84,2
18-08-1989 00:00,12.547,2
19-08-1989 00:00,10.743,2
20-08-1989 00:00,9.707,2
21-08-1989 00:00,8.634,2
22-08-1989 00:00,6.478,2
23-08-1989 00:00,5.555,2
24-08-1989 00:00,6.613,2
25-08-1989 00:00,5.491,2
26-08-1989 00:00,4.579,2
27-08-1989 00:00,5.41,2
28-08-1989 00:00,39.092,2
29-08-1989 00:00,43.362,2
30-08-1989 00:00,22.733,2
31-08-1989 00:00,18.086,2
01-09-1989 00:00,16.602,2
02-09-1989 00:00,16.316,2
03-09-1989 00:00,15.748,2
04-09-1989 00:00,14.167,2
05-09-1989 00:00,14.039,2
06-09-1989 00:00,14.553,2
07-09-1989 00:00,13.89,2
08-09-1989 00:00,12.62,2
09-09-1989 00:00,16.407,2
10-09-1989 00:00,13.879,2
11-09-1989 00:00,13.144,2
12-09-1989 00:00,12.818,2
13-09-1989 00:00,12.644,2
14-09-1989 00:00,16.017,2
15-09-1989 00:00,17.186,2
16-09-1989 00:00,15.647,2
17-09-1989 00:00,19.276,2
18-09-1989 00:00,28.709,2
19-09-1989 00:00,21.812,2
20-09-1989 00:00,18.455,2
21-09-1989 00:00,16.495,2
22-09-1989 00:00,16.25,2
23-09-1989 00:00,15.813,2
24-09-1989 00:00,15.257,2
25-09-1989 00:00,15.065,2
26-09-1989 00:00,16.461,2
27-09-1989 00:00,14.968,2
28-09-1989 00:00,14.524,2
29-09-1989 00:00,13.554,2
30-09-1989 00:00,12.842,2
01-10-1989 00:00,12.313,2
02-10-1989 00:00,12.815,2
03-10-1989 00:00,13.462,2
04-10-1989 00:00,13.532,2
05-10-1989 00:00,13.65,2
06-10-1989 00:00,12.964,2
07-10-1989 00:00,23.368,2
08-10-1989 00:00,24.889,2
09-10-1989 00:00,20.697,2
10-10-1989 00:00,19.612,2
11-10-1989 00:00,32.196,2
12-10-1989 00:00,29.213,2
13-10-1989 00:00,44.596,2
14-10-1989 00:00,42.593,2
15-10-1989 00:00,38.355,2
16-10-1989 00:00,66.89,2
17-10-1989 00:00,71.681,2
18-10-1989 00:00,50.977,2
19-10-1989 00:00,44.37,2
20-10-1989 00:00,41.375,2
21-10-1989 00:00,54.638,2
22-10-1989 00:00,49.696,2
23-10-1989 00:00,45.243,2
24-10-1989 00:00,63.59,2
25-10-1989 00:00,57.084,2
26-10-1989 00:00,54.422,2
27-10-1989 00:00,48.55,2
28-10-1989 00:00,45.456,2
29-10-1989 00:00,43.419,2
30-10-1989 00:00,47.446,2
31-10-1989 00:00,48.219,2
01-11-1989 00:00,47.055,2
02-11-1989 00:00,44.796,2
03-11-1989 00:00,49.618,2
04-11-1989 00:00,50.611,2
05-11-1989 00:00,47.981,2
06-11-1989 00:00,45.084,2
07-11-1989 00:00,52.079,2
08-11-1989 00:00,50.985,2
09-11-1989 00:00,52.088,2
10-11-1989 00:00,48.796,2
11-11-1989 00:00,48.03,2
12-11-1989 00:00,46.411,2
13-11-1989 00:00,45.217,2
14-11-1989 00:00,45.261,2
15-11-1989 00:00,44.032,2
16-11-1989 00:00,40.805,2
17-11-1989 00:00,38.51,2
18-11-1989 00:00,36.655,2
19-11-1989 00:00,36.351,2
20-11-1989 00:00,36.918,2
21-11-1989 00:00,37.405,2
22-11-1989 00:00,39.849,2
23-11-1989 00:00,37.383,2
24-11-1989 00:00,34.238,2
25-11-1989 00:00,30.469,2
26-11-1989 00:00,32.849,2
27-11-1989 00:00,34.246,2
28-11-1989 00:00,37.21,2
29-11-1989 00:00,34.809,2
30-11-1989 00:00,33.944,2
01-12-1989 00:00,32.594,2
02-12-1989 00:00,33.071,2
03-12-1989 00:00,34.867,2
04-12-1989 00:00,40.223,2
05-12-1989 00:00,39.876,2
06-12-1989 00:00,39.449,2
07-12-1989 00:00,38.306,2
08-12-1989 00:00,34.646,2
09-12-1989 00:00,33.068,2
10-12-1989 00:00,29.722,2
11-12-1989 00:00,29.828,2
12-12-1989 00:00,29.171,2
13-12-1989 00:00,29.604,2
14-12-1989 00:00,26.852,2
15-12-1989 00:00,29.092,2
16-12-1989 00:00,29.529,2
17-12-1989 00:00,61.254,2
18-12-1989 00:00,80.4,2
19-12-1989 00:00,114.072,2
20-12-1989 00:00,102.464,2
21-12-1989 00:00,146.854,2
22-12-1989 00:00,141.118,2
23-12-1989 00:00,123.8,2
24-12-1989 00:00,109.507,2
25-12-1989 00:00,100.455,2
26-12-1989 00:00,92.97,2
27-12-1989 00:00,87.671,2
28-12-1989 00:00,82.113,2
29-12-1989 00:00,77.403,2
30-12-1989 00:00,75.003,2
31-12-1989 00:00,73.42,2
01-01-1990 00:00,72.924,2
02-01-1990 00:00,70.197,2
03-01-1990 00:00,63.535,2
04-01-1990 00:00,59.698,2
05-01-1990 00:00,55.929,2
06-01-1990 00:00,54.797,2
07-01-1990 00:00,56.542,2
08-01-1990 00:00,65.969,2
09-01-1990 00:00,68.948,2
10-01-1990 00:00,68.912,2
11-01-1990 00:00,71.228,2
12-01-1990 00:00,67.359,2
13-01-1990 00:00,65.731,2
14-01-1990 00:00,63.322,2
15-01-1990 00:00,74.785,2
16-01-1990 00:00,91.966,2
17-01-1990 00:00,98.135,2
18-01-1990 00:00,88.94,2
19-01-1990 00:00,80.269,2
20-01-1990 00:00,78.755,2
21-01-1990 00:00,75.159,2
22-01-1990 00:00,78.678,2
23-01-1990 00:00,84.744,2
24-01-1990 00:00,93.329,2
25-01-1990 00:00,117.45,2
26-01-1990 00:00,226.979,2
27-01-1990 00:00,182.183,2
28-01-1990 00:00,174.234,2
29-01-1990 00:00,161.791,2
30-01-1990 00:00,144.541,2
31-01-1990 00:00,131.896,2
01-02-1990 00:00,121.427,2
02-02-1990 00:00,113.612,2
03-02-1990 00:00,109.481,2
04-02-1990 00:00,132.617,2
05-02-1990 00:00,120.85,2
06-02-1990 00:00,111.441,2
07-02-1990 00:00,108.047,2
08-02-1990 00:00,216.068,2
09-02-1990 00:00,195.896,2
10-02-1990 00:00,167.125,2
11-02-1990 00:00,153.936,2
12-02-1990 00:00,142.898,2
13-02-1990 00:00,178.085,2
14-02-1990 00:00,164.746,2
15-02-1990 00:00,143.016,2
16-02-1990 00:00,130.093,2
17-02-1990 00:00,124.493,2
18-02-1990 00:00,122.771,2
19-02-1990 00:00,115.305,2
20-02-1990 00:00,116.149,2
21-02-1990 00:00,112.602,2
22-02-1990 00:00,104.135,2
23-02-1990 00:00,98.448,2
24-02-1990 00:00,100.55,2
25-02-1990 00:00,99.179,2
26-02-1990 00:00,116.854,2
27-02-1990 00:00,123.853,2
28-02-1990 00:00,116.499,2
01-03-1990 00:00,131.317,2
02-03-1990 00:00,130.208,2
03-03-1990 00:00,117.126,2
04-03-1990 00:00,115.033,2
05-03-1990 00:00,108.984,2
06-03-1990 00:00,114.734,2
07-03-1990 00:00,111.649,2
08-03-1990 00:00,108.026,2
09-03-1990 00:00,127.895,2
10-03-1990 00:00,127.651,2
11-03-1990 00:00,126.977,2
12-03-1990 00:00,117.294,2
13-03-1990 00:00,101.071,2
14-03-1990 00:00,97.507,2
15-03-1990 00:00,97.706,2
16-03-1990 00:00,91.702,2
17-03-1990 00:00,86.855,2
18-03-1990 00:00,82.845,2
19-03-1990 00:00,79.384,2
20-03-1990 00:00,88.537,2
21-03-1990 00:00,73.956,2
22-03-1990 00:00,71.58,2
23-03-1990 00:00,66.01,2
24-03-1990 00:00,63.625,2
25-03-1990 00:00,62.163,2
26-03-1990 00:00,57.268,2
27-03-1990 00:00,53.028,2
28-03-1990 00:00,51.212,2
29-03-1990 00:00,49.415,2
30-03-1990 00:00,48.294,2
31-03-1990 00:00,47.016,2
01-04-1990 00:00,47.457,2
02-04-1990 00:00,48.581,2
03-04-1990 00:00,47.712,2
04-04-1990 00:00,44.205,2
05-04-1990 00:00,40.731,2
06-04-1990 00:00,39.218,2
07-04-1990 00:00,38.585,2
08-04-1990 00:00,36.56,2
09-04-1990 00:00,35.939,2
10-04-1990 00:00,36.549,2
11-04-1990 00:00,42.41,2
12-04-1990 00:00,37.86,2
13-04-1990 00:00,37.379,2
14-04-1990 00:00,39.436,2
15-04-1990 00:00,58.388,2
16-04-1990 00:00,63.773,2
17-04-1990 00:00,73.412,2
18-04-1990 00:00,77.576,2
19-04-1990 00:00,66.274,2
20-04-1990 00:00,59.477,2
21-04-1990 00:00,54.13,2
22-04-1990 00:00,49.384,2
23-04-1990 00:00,44.23,2
24-04-1990 00:00,40.779,2
25-04-1990 00:00,38.001,2
26-04-1990 00:00,36.814,2
27-04-1990 00:00,57.906,2
28-04-1990 00:00,50.355,2
29-04-1990 00:00,44.046,2
30-04-1990 00:00,41.543,2
01-05-1990 00:00,37.609,2
02-05-1990 00:00,35.131,2
03-05-1990 00:00,33.023,2
04-05-1990 00:00,31.702,2
05-05-1990 00:00,29.76,2
06-05-1990 00:00,27.867,2
07-05-1990 00:00,25.405,2
08-05-1990 00:00,24.351,2
09-05-1990 00:00,23.42,2
10-05-1990 00:00,23.67,2
11-05-1990 00:00,23.298,2
12-05-1990 00:00,22.933,2
13-05-1990 00:00,24.566,2
14-05-1990 00:00,22.474,2
15-05-1990 00:00,28.095,2
16-05-1990 00:00,24.323,2
17-05-1990 00:00,24.414,2
18-05-1990 00:00,23.333,2
19-05-1990 00:00,22.515,2
20-05-1990 00:00,22.306,2
21-05-1990 00:00,22.071,2
22-05-1990 00:00,18.955,2
23-05-1990 00:00,17.709,2
24-05-1990 00:00,16.971,2
25-05-1990 00:00,16.688,2
26-05-1990 00:00,15.206,2
27-05-1990 00:00,21.233,2
28-05-1990 00:00,22.755,2
29-05-1990 00:00,14.425,2
30-05-1990 00:00,12.092,2
31-05-1990 00:00,10.963,2
01-06-1990 00:00,10.484,2
02-06-1990 00:00,11.932,2
03-06-1990 00:00,12.614,2
04-06-1990 00:00,11.997,2
05-06-1990 00:00,15.318,2
06-06-1990 00:00,13.67,2
07-06-1990 00:00,12.579,2
08-06-1990 00:00,12.128,2
09-06-1990 00:00,11.551,2
10-06-1990 00:00,10.171,2
11-06-1990 00:00,8.555,2
12-06-1990 00:00,8.267,2
13-06-1990 00:00,7.116,2
14-06-1990 00:00,7.615,2
15-06-1990 00:00,18.672,2
16-06-1990 00:00,9.448,2
17-06-1990 00:00,12.061,2
18-06-1990 00:00,13.972,2
19-06-1990 00:00,9.8,2
20-06-1990 00:00,30.258,2
21-06-1990 00:00,40.249,2
22-06-1990 00:00,26.596,2
23-06-1990 00:00,24.656,2
24-06-1990 00:00,20.565,2
25-06-1990 00:00,18.493,2
26-06-1990 00:00,17.719,2
27-06-1990 00:00,18.617,2
28-06-1990 00:00,38.56,2
29-06-1990 00:00,21.171,2
30-06-1990 00:00,16.594,2
01-07-1990 00:00,19.29,2
02-07-1990 00:00,19.098,2
03-07-1990 00:00,18.746,2
04-07-1990 00:00,15.809,2
05-07-1990 00:00,27.261,2
06-07-1990 00:00,39.218,2
07-07-1990 00:00,49.525,2
08-07-1990 00:00,29.241,2
09-07-1990 00:00,27.916,2
10-07-1990 00:00,22.583,2
11-07-1990 00:00,20.165,2
12-07-1990 00:00,17.401,2
13-07-1990 00:00,15.014,2
14-07-1990 00:00,13.583,2
15-07-1990 00:00,11.467,2
16-07-1990 00:00,10.368,2
17-07-1990 00:00,8.904,2
18-07-1990 00:00,10.021,2
19-07-1990 00:00,8.791,2
20-07-1990 00:00,7.578,2
21-07-1990 00:00,6.252,2
22-07-1990 00:00,6.067,2
23-07-1990 00:00,6.085,2
24-07-1990 00:00,7.862,2
25-07-1990 00:00,7.053,2
26-07-1990 00:00,7.613,2
27-07-1990 00:00,6.036,2
28-07-1990 00:00,4.963,2
29-07-1990 00:00,5.438,2
30-07-1990 00:00,6.38,2
31-07-1990 00:00,5.824,2
01-08-1990 00:00,4.828,2
02-08-1990 00:00,4.522,2
03-08-1990 00:00,4.042,2
04-08-1990 00:00,3.802,2
05-08-1990 00:00,5.082,2
06-08-1990 00:00,6.867,2
07-08-1990 00:00,5.232,2
08-08-1990 00:00,4.426,2
09-08-1990 00:00,4.48,2
10-08-1990 00:00,6.147,2
11-08-1990 00:00,5.124,2
12-08-1990 00:00,4.117,2
13-08-1990 00:00,3.827,2
14-08-1990 00:00,8.501,2
15-08-1990 00:00,3.449,2
16-08-1990 00:00,4.628,2
17-08-1990 00:00,9.125,2
18-08-1990 00:00,10.617,2
19-08-1990 00:00,6.7,2
20-08-1990 00:00,19.971,2
21-08-1990 00:00,19.309,2
22-08-1990 00:00,9.941,2
23-08-1990 00:00,8.351,2
24-08-1990 00:00,7.244,2
25-08-1990 00:00,6.914,2
26-08-1990 00:00,6.819,2
27-08-1990 00:00,6.168,2
28-08-1990 00:00,5.712,2
29-08-1990 00:00,5.705,2
30-08-1990 00:00,6.239,2
31-08-1990 00:00,5.027,2
01-09-1990 00:00,5.755,2
02-09-1990 00:00,6.605,2
03-09-1990 00:00,6.007,2
04-09-1990 00:00,6.44,2
05-09-1990 00:00,6.923,2
06-09-1990 00:00,6.17,2
07-09-1990 00:00,10.817,2
08-09-1990 00:00,6.926,2
09-09-1990 00:00,6.14,2
10-09-1990 00:00,7.484,2
11-09-1990 00:00,13.972,2
12-09-1990 00:00,7.31,2
13-09-1990 00:00,7.275,2
14-09-1990 00:00,7.422,2
15-09-1990 00:00,7.478,2
16-09-1990 00:00,7.227,2
17-09-1990 00:00,7.992,2
18-09-1990 00:00,12.771,2
19-09-1990 00:00,17.658,2
20-09-1990 00:00,21.088,2
21-09-1990 00:00,22.282,2
22-09-1990 00:00,37.901,2
23-09-1990 00:00,38.987,2
24-09-1990 00:00,25.215,2
25-09-1990 00:00,55.995,2
26-09-1990 00:00,52.388,2
27-09-1990 00:00,42.097,2
28-09-1990 00:00,36.899,2
29-09-1990 00:00,52.981,2
30-09-1990 00:00,45.499,2
01-10-1990 00:00,54.959,2
02-10-1990 00:00,41.05,2
03-10-1990 00:00,32.02,2
04-10-1990 00:00,32.048,2
05-10-1990 00:00,41.657,2
06-10-1990 00:00,78.745,2
07-10-1990 00:00,77.223,2
08-10-1990 00:00,63.175,2
09-10-1990 00:00,53.503,2
10-10-1990 00:00,49.926,2
11-10-1990 00:00,67.191,2
12-10-1990 00:00,73.941,2
13-10-1990 00:00,62.129,2
14-10-1990 00:00,55.683,2
15-10-1990 00:00,50.025,2
16-10-1990 00:00,46.626,2
17-10-1990 00:00,43.726,2
18-10-1990 00:00,42.373,2
19-10-1990 00:00,40.715,2
20-10-1990 00:00,38.607,2
21-10-1990 00:00,35.782,2
22-10-1990 00:00,34.319,2
23-10-1990 00:00,33.362,2
24-10-1990 00:00,33.228,2
25-10-1990 00:00,33.498,2
26-10-1990 00:00,31.661,2
27-10-1990 00:00,31.153,2
28-10-1990 00:00,31.065,2
29-10-1990 00:00,51.606,2
30-10-1990 00:00,56.035,2
31-10-1990 00:00,51.035,2
01-11-1990 00:00,63.029,2
02-11-1990 00:00,61.031,2
03-11-1990 00:00,56.771,2
04-11-1990 00:00,53.572,2
05-11-1990 00:00,49.719,2
06-11-1990 00:00,46.482,2
07-11-1990 00:00,44.224,2
08-11-1990 00:00,42.337,2
09-11-1990 00:00,40.651,2
10-11-1990 00:00,40.112,2
11-11-1990 00:00,38.718,2
12-11-1990 00:00,37.309,2
13-11-1990 00:00,36.543,2
14-11-1990 00:00,45.057,2
15-11-1990 00:00,47.235,2
16-11-1990 00:00,57.967,2
17-11-1990 00:00,77.425,2
18-11-1990 00:00,66.063,2
19-11-1990 00:00,60.824,2
20-11-1990 00:00,58.045,2
21-11-1990 00:00,58.923,2
22-11-1990 00:00,53.751,2
23-11-1990 00:00,50.507,2
24-11-1990 00:00,64.195,2
25-11-1990 00:00,60.322,2
26-11-1990 00:00,68.884,2
27-11-1990 00:00,109.173,2
28-11-1990 00:00,91.006,2
29-11-1990 00:00,96.138,2
30-11-1990 00:00,88.806,2
01-12-1990 00:00,77.688,2
02-12-1990 00:00,73.186,2
03-12-1990 00:00,76.684,2
04-12-1990 00:00,76.961,2
05-12-1990 00:00,71.773,2
06-12-1990 00:00,67.709,2
07-12-1990 00:00,70.245,2
08-12-1990 00:00,69.154,2
09-12-1990 00:00,67.229,2
10-12-1990 00:00,66.381,2
11-12-1990 00:00,65.157,2
12-12-1990 00:00,71.127,2
13-12-1990 00:00,70.641,2
14-12-1990 00:00,64.539,2
15-12-1990 00:00,61.51,2
16-12-1990 00:00,58.553,2
17-12-1990 00:00,57.53,2
18-12-1990 00:00,56.445,2
19-12-1990 00:00,56.117,2
20-12-1990 00:00,58.684,2
21-12-1990 00:00,74.951,2
22-12-1990 00:00,70.173,2
23-12-1990 00:00,81.44,2
24-12-1990 00:00,82.59,2
25-12-1990 00:00,79.824,2
26-12-1990 00:00,80.596,2
27-12-1990 00:00,114.46,2
28-12-1990 00:00,111.865,2
29-12-1990 00:00,129.567,2
30-12-1990 00:00,127.181,2
31-12-1990 00:00,117.031,2
01-01-1991 00:00,113.967,2
02-01-1991 00:00,127.691,2
03-01-1991 00:00,131.409,2
04-01-1991 00:00,128.272,2
05-01-1991 00:00,122.328,2
06-01-1991 00:00,132.036,2
07-01-1991 00:00,155.334,2
08-01-1991 00:00,158.678,2
09-01-1991 00:00,217.444,2
10-01-1991 00:00,227.888,2
11-01-1991 00:00,206.192,2
12-01-1991 00:00,182.318,2
13-01-1991 00:00,158.051,2
14-01-1991 00:00,133.463,2
15-01-1991 00:00,114.853,2
16-01-1991 00:00,103.153,2
17-01-1991 00:00,91.07,2
18-01-1991 00:00,82.648,2
19-01-1991 00:00,76.322,2
20-01-1991 00:00,74.01,2
21-01-1991 00:00,97.322,2
22-01-1991 00:00,91.602,2
23-01-1991 00:00,92.265,2
24-01-1991 00:00,102.478,2
25-01-1991 00:00,107.862,2
26-01-1991 00:00,110.461,2
27-01-1991 00:00,97.647,2
28-01-1991 00:00,93.466,2
29-01-1991 00:00,91.55,2
30-01-1991 00:00,83.271,2
31-01-1991 00:00,73.428,2
01-02-1991 00:00,62.826,2
02-02-1991 00:00,54.836,2
03-02-1991 00:00,50.527,2
04-02-1991 00:00,48.096,2
05-02-1991 00:00,46.755,2
06-02-1991 00:00,43.655,2
07-02-1991 00:00,41.556,2
08-02-1991 00:00,40.534,2
09-02-1991 00:00,40.769,2
10-02-1991 00:00,41.425,2
11-02-1991 00:00,42.729,2
12-02-1991 00:00,44.423,2
13-02-1991 00:00,43.426,2
14-02-1991 00:00,44.668,2
15-02-1991 00:00,44.835,2
16-02-1991 00:00,44.555,2
17-02-1991 00:00,43.537,2
18-02-1991 00:00,43.939,2
19-02-1991 00:00,41.799,2
20-02-1991 00:00,42.631,2
21-02-1991 00:00,43.303,2
22-02-1991 00:00,47.507,2
23-02-1991 00:00,150.64,2
24-02-1991 00:00,277.976,2
25-02-1991 00:00,249.14,2
26-02-1991 00:00,219.464,2
27-02-1991 00:00,181.592,2
28-02-1991 00:00,140.962,2
01-03-1991 00:00,114.384,2
02-03-1991 00:00,102.563,2
03-03-1991 00:00,97.491,2
04-03-1991 00:00,102.705,2
05-03-1991 00:00,102.765,2
06-03-1991 00:00,101.516,2
07-03-1991 00:00,97.164,2
08-03-1991 00:00,90.957,2
09-03-1991 00:00,83.972,2
10-03-1991 00:00,80.067,2
11-03-1991 00:00,78.241,2
12-03-1991 00:00,76.381,2
13-03-1991 00:00,73.169,2
14-03-1991 00:00,71.141,2
15-03-1991 00:00,70.993,2
16-03-1991 00:00,68.732,2
17-03-1991 00:00,65.343,2
18-03-1991 00:00,61.916,2
19-03-1991 00:00,76.658,2
20-03-1991 00:00,102.512,2
21-03-1991 00:00,102.3,2
22-03-1991 00:00,91.1,2
23-03-1991 00:00,80.274,2
24-03-1991 00:00,72.638,2
25-03-1991 00:00,67.771,2
26-03-1991 00:00,63.872,2
27-03-1991 00:00,61.867,2
28-03-1991 00:00,57.971,2
29-03-1991 00:00,55.209,2
30-03-1991 00:00,54.978,2
31-03-1991 00:00,52.712,2
01-04-1991 00:00,57.437,2
02-04-1991 00:00,71.461,2
03-04-1991 00:00,65.848,2
04-04-1991 00:00,66.93,2
05-04-1991 00:00,65.396,2
06-04-1991 00:00,59.311,2
07-04-1991 00:00,56.595,2
08-04-1991 00:00,57.234,2
09-04-1991 00:00,62.016,2
10-04-1991 00:00,55.023,2
11-04-1991 00:00,51.146,2
12-04-1991 00:00,48.346,2
13-04-1991 00:00,47.409,2
14-04-1991 00:00,45.599,2
15-04-1991 00:00,45.985,2
16-04-1991 00:00,45.99,2
17-04-1991 00:00,40.094,2
18-04-1991 00:00,36.699,2
19-04-1991 00:00,34.812,2
20-04-1991 00:00,38.277,2
21-04-1991 00:00,39.244,2
22-04-1991 00:00,36.452,2
23-04-1991 00:00,36.419,2
24-04-1991 00:00,37.952,2
25-04-1991 00:00,37.554,2
26-04-1991 00:00,35.442,2
27-04-1991 00:00,34.773,2
28-04-1991 00:00,42.121,2
29-04-1991 00:00,58.587,2
30-04-1991 00:00,75.05,2
01-05-1991 00:00,72.649,2
02-05-1991 00:00,64.1,2
03-05-1991 00:00,120.54,2
04-05-1991 00:00,140.619,2
05-05-1991 00:00,221.062,2
06-05-1991 00:00,210.001,2
07-05-1991 00:00,167.845,2
08-05-1991 00:00,134.861,2
09-05-1991 00:00,108.526,2
10-05-1991 00:00,84.928,2
11-05-1991 00:00,86.13,2
12-05-1991 00:00,75.239,2
13-05-1991 00:00,68.367,2
14-05-1991 00:00,67.091,2
15-05-1991 00:00,59.477,2
16-05-1991 00:00,51.286,2
17-05-1991 00:00,56.108,2
18-05-1991 00:00,47.332,2
19-05-1991 00:00,40.782,2
20-05-1991 00:00,48.356,2
21-05-1991 00:00,49.845,2
22-05-1991 00:00,45.331,2
23-05-1991 00:00,43.947,2
24-05-1991 00:00,41.861,2
25-05-1991 00:00,38.36,2
26-05-1991 00:00,35.294,2
27-05-1991 00:00,31.046,2
28-05-1991 00:00,27.467,2
29-05-1991 00:00,33.303,2
30-05-1991 00:00,30.461,2
31-05-1991 00:00,26.14,2
01-06-1991 00:00,25.771,2
02-06-1991 00:00,24.155,2
03-06-1991 00:00,30.071,2
04-06-1991 00:00,68.904,2
05-06-1991 00:00,69.139,2
06-06-1991 00:00,48.705,2
07-06-1991 00:00,41.524,2
08-06-1991 00:00,38.386,2
09-06-1991 00:00,33.669,2
10-06-1991 00:00,34.315,2
11-06-1991 00:00,31.156,2
12-06-1991 00:00,33.508,2
13-06-1991 00:00,53.66,2
14-06-1991 00:00,62.018,2
15-06-1991 00:00,100.952,2
16-06-1991 00:00,152.122,2
17-06-1991 00:00,140.163,2
18-06-1991 00:00,137.376,2
19-06-1991 00:00,140.368,2
20-06-1991 00:00,99.978,2
21-06-1991 00:00,77.372,2
22-06-1991 00:00,63.96,2
23-06-1991 00:00,59.208,2
24-06-1991 00:00,68.348,2
25-06-1991 00:00,67.201,2
26-06-1991 00:00,83.633,2
27-06-1991 00:00,75.201,2
28-06-1991 00:00,74.65,2
29-06-1991 00:00,179.911,2
30-06-1991 00:00,154.317,2
01-07-1991 00:00,131.616,2
02-07-1991 00:00,112.977,2
03-07-1991 00:00,89.946,2
04-07-1991 00:00,69.288,2
05-07-1991 00:00,54.918,2
06-07-1991 00:00,46.85,2
07-07-1991 00:00,40.92,2
08-07-1991 00:00,35.446,2
09-07-1991 00:00,33.314,2
10-07-1991 00:00,36.79,2
11-07-1991 00:00,31.22,2
12-07-1991 00:00,29.751,2
13-07-1991 00:00,29.276,2
14-07-1991 00:00,28.711,2
15-07-1991 00:00,29.119,2
16-07-1991 00:00,33.65,2
17-07-1991 00:00,31.93,2
18-07-1991 00:00,29.822,2
19-07-1991 00:00,35.441,2
20-07-1991 00:00,48.678,2
21-07-1991 00:00,41.094,2
22-07-1991 00:00,39.117,2
23-07-1991 00:00,31.68,2
24-07-1991 00:00,28.892,2
25-07-1991 00:00,29.342,2
26-07-1991 00:00,29.297,2
27-07-1991 00:00,26.634,2
28-07-1991 00:00,25.114,2
29-07-1991 00:00,22.667,2
30-07-1991 00:00,21.083,2
31-07-1991 00:00,19.813,2
01-08-1991 00:00,18.675,2
02-08-1991 00:00,17.948,2
03-08-1991 00:00,17.365,2
04-08-1991 00:00,15.913,2
05-08-1991 00:00,13.799,2
06-08-1991 00:00,14.349,2
07-08-1991 00:00,14.961,2
08-08-1991 00:00,14.956,2
09-08-1991 00:00,13.795,2
10-08-1991 00:00,13.52,2
11-08-1991 00:00,14.246,2
12-08-1991 00:00,15.553,2
13-08-1991 00:00,15.989,2
14-08-1991 00:00,15.35,2
15-08-1991 00:00,16.309,2
16-08-1991 00:00,18.547,2
17-08-1991 00:00,22.621,2
18-08-1991 00:00,70.416,2
19-08-1991 00:00,90.046,2
20-08-1991 00:00,69.867,2
21-08-1991 00:00,60.746,2
22-08-1991 00:00,47.607,2
23-08-1991 00:00,41.253,2
24-08-1991 00:00,40.636,2
25-08-1991 00:00,37.438,2
26-08-1991 00:00,35.713,2
27-08-1991 00:00,32.878,2
28-08-1991 00:00,30.877,2
29-08-1991 00:00,28,2
30-08-1991 00:00,26,2
31-08-1991 00:00,26,2
01-09-1991 00:00,25,2
02-09-1991 00:00,26,2
03-09-1991 00:00,25,2
04-09-1991 00:00,25,2
05-09-1991 00:00,24,2
06-09-1991 00:00,23,2
07-09-1991 00:00,24,2
08-09-1991 00:00,22,2
09-09-1991 00:00,22,2
10-09-1991 00:00,22,2
11-09-1991 00:00,21,2
12-09-1991 00:00,20,2
13-09-1991 00:00,20,2
14-09-1991 00:00,19,2
15-09-1991 00:00,19,2
16-09-1991 00:00,19,2
17-09-1991 00:00,28,2
18-09-1991 00:00,22,2
19-09-1991 00:00,21,2
20-09-1991 00:00,20,2
21-09-1991 00:00,19,2
22-09-1991 00:00,19,2
23-09-1991 00:00,19,2
24-09-1991 00:00,29,2
25-09-1991 00:00,31,2
26-09-1991 00:00,131,2
27-09-1991 00:00,262,2
28-09-1991 00:00,188,2
29-09-1991 00:00,169,2
30-09-1991 00:00,152,2
01-10-1991 00:00,130,2
02-10-1991 00:00,113,2
03-10-1991 00:00,101,2
04-10-1991 00:00,93,2
05-10-1991 00:00,82,2
06-10-1991 00:00,73,2
07-10-1991 00:00,70,2
08-10-1991 00:00,69,2
09-10-1991 00:00,57,2
10-10-1991 00:00,55,2
11-10-1991 00:00,52,2
12-10-1991 00:00,50,2
13-10-1991 00:00,48,2
14-10-1991 00:00,52,2
15-10-1991 00:00,53,2
16-10-1991 00:00,50,2
17-10-1991 00:00,89,2
18-10-1991 00:00,137,2
19-10-1991 00:00,166,2
20-10-1991 00:00,144,2
21-10-1991 00:00,115,2
22-10-1991 00:00,95,2
23-10-1991 00:00,80,2
24-10-1991 00:00,72,2
25-10-1991 00:00,70,2
26-10-1991 00:00,67,2
27-10-1991 00:00,63,2
28-10-1991 00:00,60,2
29-10-1991 00:00,56,2
30-10-1991 00:00,52,2
31-10-1991 00:00,49,2
01-11-1991 00:00,48,2
02-11-1991 00:00,73,2
03-11-1991 00:00,63,2
04-11-1991 00:00,58,2
05-11-1991 00:00,66,2
06-11-1991 00:00,79,2
07-11-1991 00:00,162,2
08-11-1991 00:00,175,2
09-11-1991 00:00,144,2
10-11-1991 00:00,116,2
11-11-1991 00:00,137,2
12-11-1991 00:00,128,2
13-11-1991 00:00,157,2
14-11-1991 00:00,142,2
15-11-1991 00:00,134,2
16-11-1991 00:00,119,2
17-11-1991 00:00,106,2
18-11-1991 00:00,97,2
19-11-1991 00:00,89,2
20-11-1991 00:00,84,2
21-11-1991 00:00,78,2
22-11-1991 00:00,75,2
23-11-1991 00:00,74,2
24-11-1991 00:00,71,2
25-11-1991 00:00,66,2
26-11-1991 00:00,64,2
27-11-1991 00:00,87,2
28-11-1991 00:00,73,2
29-11-1991 00:00,69,2
30-11-1991 00:00,67,2
01-12-1991 00:00,63,2
02-12-1991 00:00,60,2
03-12-1991 00:00,59,2
04-12-1991 00:00,57,2
05-12-1991 00:00,54,2
06-12-1991 00:00,52,2
07-12-1991 00:00,51,2
08-12-1991 00:00,49,2
09-12-1991 00:00,47,2
10-12-1991 00:00,43,2
11-12-1991 00:00,42,2
12-12-1991 00:00,41,2
13-12-1991 00:00,41,2
14-12-1991 00:00,42,2
15-12-1991 00:00,42,2
16-12-1991 00:00,41,2
17-12-1991 00:00,42,2
18-12-1991 00:00,99,2
19-12-1991 00:00,111,2
20-12-1991 00:00,126,2
21-12-1991 00:00,120,2
22-12-1991 00:00,97,2
23-12-1991 00:00,191,2
24-12-1991 00:00,251,2
25-12-1991 00:00,212,2
26-12-1991 00:00,234,2
27-12-1991 00:00,215,2
28-12-1991 00:00,177,2
29-12-1991 00:00,149,2
30-12-1991 00:00,130,2
31-12-1991 00:00,117,2
01-01-1992 00:00,118.105,2
02-01-1992 00:00,114.319,2
03-01-1992 00:00,107.672,2
04-01-1992 00:00,152.874,2
05-01-1992 00:00,134.59,2
06-01-1992 00:00,116,2
07-01-1992 00:00,111.513,2
08-01-1992 00:00,117.188,2
09-01-1992 00:00,172.105,2
10-01-1992 00:00,168.409,2
11-01-1992 00:00,138.072,2
12-01-1992 00:00,128.045,2
13-01-1992 00:00,114.207,2
14-01-1992 00:00,109.543,2
15-01-1992 00:00,103.114,2
16-01-1992 00:00,98.046,2
17-01-1992 00:00,91.588,2
18-01-1992 00:00,87.1,2
19-01-1992 00:00,155.138,2
20-01-1992 00:00,154.22,2
21-01-1992 00:00,122.81,2
22-01-1992 00:00,106.123,2
23-01-1992 00:00,90.802,2
24-01-1992 00:00,83.588,2
25-01-1992 00:00,79.871,2
26-01-1992 00:00,78.147,2
27-01-1992 00:00,73.981,2
28-01-1992 00:00,72.879,2
29-01-1992 00:00,75,2
30-01-1992 00:00,74.223,2
31-01-1992 00:00,74.461,2
01-02-1992 00:00,75.916,2
02-02-1992 00:00,79.598,2
03-02-1992 00:00,134.481,2
04-02-1992 00:00,114.666,2
05-02-1992 00:00,93.025,2
06-02-1992 00:00,92.761,2
07-02-1992 00:00,90.081,2
08-02-1992 00:00,86.411,2
09-02-1992 00:00,83.209,2
10-02-1992 00:00,84.241,2
11-02-1992 00:00,82.135,2
12-02-1992 00:00,78.654,2
13-02-1992 00:00,83.414,2
14-02-1992 00:00,86.927,2
15-02-1992 00:00,114.54,2
16-02-1992 00:00,136.286,2
17-02-1992 00:00,106.645,2
18-02-1992 00:00,93.496,2
19-02-1992 00:00,86.957,2
20-02-1992 00:00,82.602,2
21-02-1992 00:00,80.889,2
22-02-1992 00:00,81.532,2
23-02-1992 00:00,106.43,2
24-02-1992 00:00,93.327,2
25-02-1992 00:00,88.796,2
26-02-1992 00:00,83.943,2
27-02-1992 00:00,80.414,2
28-02-1992 00:00,76.567,2
29-02-1992 00:00,73.401,2
01-03-1992 00:00,72.347,2
02-03-1992 00:00,74.855,2
03-03-1992 00:00,90.429,2
04-03-1992 00:00,87.175,2
05-03-1992 00:00,79.986,2
06-03-1992 00:00,75.131,2
07-03-1992 00:00,72.26,2
08-03-1992 00:00,70.884,2
09-03-1992 00:00,69.288,2
10-03-1992 00:00,68.313,2
11-03-1992 00:00,72.419,2
12-03-1992 00:00,92.774,2
13-03-1992 00:00,109.071,2
14-03-1992 00:00,101.082,2
15-03-1992 00:00,91.037,2
16-03-1992 00:00,84.934,2
17-03-1992 00:00,85.268,2
18-03-1992 00:00,82.56,2
19-03-1992 00:00,82.512,2
20-03-1992 00:00,100.254,2
21-03-1992 00:00,109.316,2
22-03-1992 00:00,149.21,2
23-03-1992 00:00,173.772,2
24-03-1992 00:00,146.802,2
25-03-1992 00:00,125.452,2
26-03-1992 00:00,114.058,2
27-03-1992 00:00,101.517,2
28-03-1992 00:00,126.358,2
29-03-1992 00:00,113.232,2
30-03-1992 00:00,100.321,2
31-03-1992 00:00,92.399,2
01-04-1992 00:00,88.449,2
02-04-1992 00:00,104.449,2
03-04-1992 00:00,95.705,2
04-04-1992 00:00,88.039,2
05-04-1992 00:00,89.181,2
06-04-1992 00:00,96.921,2
07-04-1992 00:00,89.349,2
08-04-1992 00:00,82.825,2
09-04-1992 00:00,78.126,2
10-04-1992 00:00,75.202,2
11-04-1992 00:00,72.913,2
12-04-1992 00:00,71.368,2
13-04-1992 00:00,78.634,2
14-04-1992 00:00,74.77,2
15-04-1992 00:00,89.422,2
16-04-1992 00:00,95.892,2
17-04-1992 00:00,82.966,2
18-04-1992 00:00,89.092,2
19-04-1992 00:00,91.837,2
20-04-1992 00:00,74.04,2
21-04-1992 00:00,67.212,2
22-04-1992 00:00,63.47,2
23-04-1992 00:00,61.726,2
24-04-1992 00:00,57.841,2
25-04-1992 00:00,58.506,2
26-04-1992 00:00,58.344,2
27-04-1992 00:00,86.816,2
28-04-1992 00:00,76.295,2
29-04-1992 00:00,93.784,2
30-04-1992 00:00,81.157,2
01-05-1992 00:00,73.569,2
02-05-1992 00:00,70.129,2
03-05-1992 00:00,61.342,2
04-05-1992 00:00,56.173,2
05-05-1992 00:00,52.605,2
06-05-1992 00:00,50.825,2
07-05-1992 00:00,49.673,2
08-05-1992 00:00,53.355,2
09-05-1992 00:00,64.004,2
10-05-1992 00:00,48.474,2
11-05-1992 00:00,45.895,2
12-05-1992 00:00,51.234,2
13-05-1992 00:00,52.963,2
14-05-1992 00:00,45.739,2
15-05-1992 00:00,42.135,2
16-05-1992 00:00,39.112,2
17-05-1992 00:00,36.13,2
18-05-1992 00:00,33.863,2
19-05-1992 00:00,31.407,2
20-05-1992 00:00,29.015,2
21-05-1992 00:00,27.819,2
22-05-1992 00:00,25.856,2
23-05-1992 00:00,24.488,2
24-05-1992 00:00,22.921,2
25-05-1992 00:00,21.75,2
26-05-1992 00:00,20.04,2
27-05-1992 00:00,19.198,2
28-05-1992 00:00,18.455,2
29-05-1992 00:00,17.578,2
30-05-1992 00:00,16.876,2
31-05-1992 00:00,16.242,2
01-06-1992 00:00,15.638,2
02-06-1992 00:00,14.626,2
03-06-1992 00:00,18.619,2
04-06-1992 00:00,13.867,2
05-06-1992 00:00,12.795,2
06-06-1992 00:00,12.819,2
07-06-1992 00:00,12.547,2
08-06-1992 00:00,12.061,2
09-06-1992 00:00,13.771,2
10-06-1992 00:00,14.224,2
11-06-1992 00:00,10.969,2
12-06-1992 00:00,10.76,2
13-06-1992 00:00,10.702,2
14-06-1992 00:00,10.804,2
15-06-1992 00:00,10.669,2
16-06-1992 00:00,10.021,2
17-06-1992 00:00,9.947,2
18-06-1992 00:00,9.408,2
19-06-1992 00:00,9.476,2
20-06-1992 00:00,9.196,2
21-06-1992 00:00,9.216,2
22-06-1992 00:00,9.165,2
23-06-1992 00:00,9.473,2
24-06-1992 00:00,9.254,2
25-06-1992 00:00,9.041,2
26-06-1992 00:00,9.536,2
27-06-1992 00:00,9.752,2
28-06-1992 00:00,9.646,2
29-06-1992 00:00,9.208,2
30-06-1992 00:00,8.636,2
01-07-1992 00:00,8.935,2
02-07-1992 00:00,9.513,2
03-07-1992 00:00,9.241,2
04-07-1992 00:00,8.967,2
05-07-1992 00:00,8.634,2
06-07-1992 00:00,8.599,2
07-07-1992 00:00,8.995,2
08-07-1992 00:00,8.767,2
09-07-1992 00:00,9.584,2
10-07-1992 00:00,10.134,2
11-07-1992 00:00,10.046,2
12-07-1992 00:00,13.188,2
13-07-1992 00:00,11.537,2
14-07-1992 00:00,21.758,2
15-07-1992 00:00,12.911,2
16-07-1992 00:00,9.116,2
17-07-1992 00:00,18.481,2
18-07-1992 00:00,19.028,2
19-07-1992 00:00,11.567,2
20-07-1992 00:00,8.97,2
21-07-1992 00:00,9.883,2
22-07-1992 00:00,14.008,2
23-07-1992 00:00,9.43,2
24-07-1992 00:00,8.751,2
25-07-1992 00:00,8.491,2
26-07-1992 00:00,8.35,2
27-07-1992 00:00,10.008,2
28-07-1992 00:00,11.128,2
29-07-1992 00:00,10.756,2
30-07-1992 00:00,9.433,2
31-07-1992 00:00,7.628,2
01-08-1992 00:00,7.63,2
02-08-1992 00:00,10.064,2
03-08-1992 00:00,8.376,2
04-08-1992 00:00,8.696,2
05-08-1992 00:00,7.656,2
06-08-1992 00:00,7.399,2
07-08-1992 00:00,7.151,2
08-08-1992 00:00,7.427,2
09-08-1992 00:00,7.392,2
10-08-1992 00:00,7.625,2
11-08-1992 00:00,8.97,2
12-08-1992 00:00,8.825,2
13-08-1992 00:00,18.476,2
14-08-1992 00:00,9.597,2
15-08-1992 00:00,7.921,2
16-08-1992 00:00,7.668,2
17-08-1992 00:00,7.89,2
18-08-1992 00:00,8.019,2
19-08-1992 00:00,7.791,2
20-08-1992 00:00,8.031,2
21-08-1992 00:00,30.602,2
22-08-1992 00:00,13.796,2
23-08-1992 00:00,12.579,2
24-08-1992 00:00,10.756,2
25-08-1992 00:00,12.652,2
26-08-1992 00:00,10.315,2
27-08-1992 00:00,11.442,2
28-08-1992 00:00,10.769,2
29-08-1992 00:00,9.214,2
30-08-1992 00:00,9.742,2
31-08-1992 00:00,22.877,2
01-09-1992 00:00,27.948,2
02-09-1992 00:00,26.424,2
03-09-1992 00:00,28.974,2
04-09-1992 00:00,24.425,2
05-09-1992 00:00,18.923,2
06-09-1992 00:00,16.165,2
07-09-1992 00:00,15.192,2
08-09-1992 00:00,15.673,2
09-09-1992 00:00,14.795,2
10-09-1992 00:00,14.165,2
11-09-1992 00:00,13.988,2
12-09-1992 00:00,14.737,2
13-09-1992 00:00,13.723,2
14-09-1992 00:00,18.827,2
15-09-1992 00:00,20.207,2
16-09-1992 00:00,17.526,2
17-09-1992 00:00,15.821,2
18-09-1992 00:00,13.932,2
19-09-1992 00:00,13.06,2
20-09-1992 00:00,12.467,2
21-09-1992 00:00,11.797,2
22-09-1992 00:00,11.649,2
23-09-1992 00:00,11.302,2
24-09-1992 00:00,10.927,2
25-09-1992 00:00,10.573,2
26-09-1992 00:00,10.329,2
27-09-1992 00:00,10.238,2
28-09-1992 00:00,10.28,2
29-09-1992 00:00,9.39,2
30-09-1992 00:00,10.028,2
01-10-1992 00:00,11.368,2
02-10-1992 00:00,9.971,2
03-10-1992 00:00,9.95,2
04-10-1992 00:00,9.659,2
05-10-1992 00:00,8.885,2
06-10-1992 00:00,7.89,2
07-10-1992 00:00,8.982,2
08-10-1992 00:00,9.814,2
09-10-1992 00:00,10.377,2
10-10-1992 00:00,11.092,2
11-10-1992 00:00,10.912,2
12-10-1992 00:00,10.535,2
13-10-1992 00:00,10.658,2
14-10-1992 00:00,14,2
15-10-1992 00:00,35.46,2
16-10-1992 00:00,50.105,2
17-10-1992 00:00,32.183,2
18-10-1992 00:00,26.558,2
19-10-1992 00:00,24.026,2
20-10-1992 00:00,24.062,2
21-10-1992 00:00,24.927,2
22-10-1992 00:00,32.679,2
23-10-1992 00:00,31.184,2
24-10-1992 00:00,37.766,2
25-10-1992 00:00,32.326,2
26-10-1992 00:00,28.241,2
27-10-1992 00:00,25.565,2
28-10-1992 00:00,62.16,2
29-10-1992 00:00,56.003,2
30-10-1992 00:00,43.865,2
31-10-1992 00:00,36.959,2
01-11-1992 00:00,33.67,2
02-11-1992 00:00,50.637,2
03-11-1992 00:00,83.105,2
04-11-1992 00:00,60.637,2
05-11-1992 00:00,48.916,2
06-11-1992 00:00,50.892,2
07-11-1992 00:00,69.796,2
08-11-1992 00:00,65.861,2
09-11-1992 00:00,52.926,2
10-11-1992 00:00,48.75,2
11-11-1992 00:00,59.154,2
12-11-1992 00:00,189.253,2
13-11-1992 00:00,155,2
14-11-1992 00:00,115.481,2
15-11-1992 00:00,89.983,2
16-11-1992 00:00,80.27,2
17-11-1992 00:00,74.586,2
18-11-1992 00:00,69.517,2
19-11-1992 00:00,90.91,2
20-11-1992 00:00,111.004,2
21-11-1992 00:00,106.661,2
22-11-1992 00:00,94.134,2
23-11-1992 00:00,90.111,2
24-11-1992 00:00,108.459,2
25-11-1992 00:00,136.18,2
26-11-1992 00:00,223.116,2
27-11-1992 00:00,206.338,2
28-11-1992 00:00,198.5,2
29-11-1992 00:00,180.908,2
30-11-1992 00:00,151.43,2
01-12-1992 00:00,140.143,2
02-12-1992 00:00,124.174,2
03-12-1992 00:00,165.525,2
04-12-1992 00:00,156.649,2
05-12-1992 00:00,138.364,2
06-12-1992 00:00,123.486,2
07-12-1992 00:00,111.107,2
08-12-1992 00:00,100.422,2
09-12-1992 00:00,92.392,2
10-12-1992 00:00,87.153,2
11-12-1992 00:00,119.029,2
12-12-1992 00:00,187.849,2
13-12-1992 00:00,151.298,2
14-12-1992 00:00,162.012,2
15-12-1992 00:00,151.107,2
16-12-1992 00:00,128.858,2
17-12-1992 00:00,113.764,2
18-12-1992 00:00,104.019,2
19-12-1992 00:00,114.104,2
20-12-1992 00:00,104.829,2
21-12-1992 00:00,92.016,2
22-12-1992 00:00,82.689,2
23-12-1992 00:00,76.182,2
24-12-1992 00:00,70.636,2
25-12-1992 00:00,67.272,2
26-12-1992 00:00,64.351,2
27-12-1992 00:00,62.428,2
28-12-1992 00:00,60.176,2
29-12-1992 00:00,59.055,2
30-12-1992 00:00,58.412,2
31-12-1992 00:00,56.892,2
01-01-1993 00:00,55.232,2
02-01-1993 00:00,53.117,2
03-01-1993 00:00,50.895,2
04-01-1993 00:00,48.375,2
05-01-1993 00:00,46.919,2
06-01-1993 00:00,47.314,2
07-01-1993 00:00,47.693,2
08-01-1993 00:00,49.394,2
09-01-1993 00:00,50.335,2
10-01-1993 00:00,67.192,2
11-01-1993 00:00,127.811,2
12-01-1993 00:00,120.429,2
13-01-1993 00:00,101.623,2
14-01-1993 00:00,177.33,2
15-01-1993 00:00,155.651,2
16-01-1993 00:00,156.662,2
17-01-1993 00:00,142.594,2
18-01-1993 00:00,120.161,2
19-01-1993 00:00,117.398,2
20-01-1993 00:00,122.813,2
21-01-1993 00:00,131.769,2
22-01-1993 00:00,154.499,2
23-01-1993 00:00,146.459,2
24-01-1993 00:00,256.012,2
25-01-1993 00:00,266.028,2
26-01-1993 00:00,247.012,2
27-01-1993 00:00,207.566,2
28-01-1993 00:00,156.563,2
29-01-1993 00:00,122.661,2
30-01-1993 00:00,106.681,2
31-01-1993 00:00,93.593,2
01-02-1993 00:00,86.397,2
02-02-1993 00:00,81.152,2
03-02-1993 00:00,86.853,2
04-02-1993 00:00,100.965,2
05-02-1993 00:00,107.979,2
06-02-1993 00:00,107.973,2
07-02-1993 00:00,99.877,2
08-02-1993 00:00,101.702,2
09-02-1993 00:00,106.457,2
10-02-1993 00:00,101.754,2
11-02-1993 00:00,98.099,2
12-02-1993 00:00,93.055,2
13-02-1993 00:00,89.35,2
14-02-1993 00:00,85.49,2
15-02-1993 00:00,82.063,2
16-02-1993 00:00,95.889,2
17-02-1993 00:00,124.225,2
18-02-1993 00:00,114.909,2
19-02-1993 00:00,123.457,2
20-02-1993 00:00,117.653,2
21-02-1993 00:00,117.21,2
22-02-1993 00:00,94.494,2
23-02-1993 00:00,86.384,2
24-02-1993 00:00,82.224,2
25-02-1993 00:00,79.763,2
26-02-1993 00:00,77.397,2
27-02-1993 00:00,75.859,2
28-02-1993 00:00,72.137,2
01-03-1993 00:00,67.809,2
02-03-1993 00:00,64.976,2
03-03-1993 00:00,63.7,2
04-03-1993 00:00,57.648,2
05-03-1993 00:00,60.809,2
06-03-1993 00:00,58.302,2
07-03-1993 00:00,56.113,2
08-03-1993 00:00,53.83,2
09-03-1993 00:00,53.572,2
10-03-1993 00:00,52.661,2
11-03-1993 00:00,50.822,2
12-03-1993 00:00,50.782,2
13-03-1993 00:00,51.176,2
14-03-1993 00:00,54.899,2
15-03-1993 00:00,52.53,2
16-03-1993 00:00,51.759,2
17-03-1993 00:00,52.659,2
18-03-1993 00:00,51.938,2
19-03-1993 00:00,50.858,2
20-03-1993 00:00,48.623,2
21-03-1993 00:00,47.314,2
22-03-1993 00:00,45.905,2
23-03-1993 00:00,50.32,2
24-03-1993 00:00,49.504,2
25-03-1993 00:00,45.193,2
26-03-1993 00:00,43.044,2
27-03-1993 00:00,41.749,2
28-03-1993 00:00,40.35,2
29-03-1993 00:00,39.238,2
30-03-1993 00:00,38.371,2
31-03-1993 00:00,37.398,2
01-04-1993 00:00,36.803,2
02-04-1993 00:00,35.444,2
03-04-1993 00:00,34.752,2
04-04-1993 00:00,38.585,2
05-04-1993 00:00,37.142,2
06-04-1993 00:00,36.337,2
07-04-1993 00:00,36.754,2
08-04-1993 00:00,34.929,2
09-04-1993 00:00,32.254,2
10-04-1993 00:00,31.449,2
11-04-1993 00:00,31.492,2
12-04-1993 00:00,31.206,2
13-04-1993 00:00,30.154,2
14-04-1993 00:00,29.943,2
15-04-1993 00:00,29.321,2
16-04-1993 00:00,28.759,2
17-04-1993 00:00,29.174,2
18-04-1993 00:00,28.476,2
19-04-1993 00:00,26.983,2
20-04-1993 00:00,26.15,2
21-04-1993 00:00,26.01,2
22-04-1993 00:00,25.115,2
23-04-1993 00:00,25.579,2
24-04-1993 00:00,24.634,2
25-04-1993 00:00,23.892,2
26-04-1993 00:00,23.602,2
27-04-1993 00:00,21.975,2
28-04-1993 00:00,21.113,2
29-04-1993 00:00,21.587,2
30-04-1993 00:00,20.631,2
01-05-1993 00:00,20.256,2
02-05-1993 00:00,19.741,2
03-05-1993 00:00,19.051,2
04-05-1993 00:00,18.53,2
05-05-1993 00:00,18.084,2
06-05-1993 00:00,17.189,2
07-05-1993 00:00,17.762,2
08-05-1993 00:00,17.084,2
09-05-1993 00:00,16.518,2
10-05-1993 00:00,15.909,2
11-05-1993 00:00,15.783,2
12-05-1993 00:00,15.662,2
13-05-1993 00:00,15.434,2
14-05-1993 00:00,14.86,2
15-05-1993 00:00,14.655,2
16-05-1993 00:00,14.532,2
17-05-1993 00:00,14.054,2
18-05-1993 00:00,13.69,2
19-05-1993 00:00,13.639,2
20-05-1993 00:00,14.025,2
21-05-1993 00:00,13.651,2
22-05-1993 00:00,20.421,2
23-05-1993 00:00,21.36,2
24-05-1993 00:00,15.816,2
25-05-1993 00:00,14.726,2
26-05-1993 00:00,13.777,2
27-05-1993 00:00,13.503,2
28-05-1993 00:00,13.633,2
29-05-1993 00:00,13.668,2
30-05-1993 00:00,13.472,2
31-05-1993 00:00,14.609,2
01-06-1993 00:00,16.799,2
02-06-1993 00:00,13.706,2
03-06-1993 00:00,13.233,2
04-06-1993 00:00,14.819,2
05-06-1993 00:00,13.378,2
06-06-1993 00:00,12.528,2
07-06-1993 00:00,12.128,2
08-06-1993 00:00,12.433,2
09-06-1993 00:00,12.285,2
10-06-1993 00:00,12.692,2
11-06-1993 00:00,12.77,2
12-06-1993 00:00,13.848,2
13-06-1993 00:00,11.161,2
14-06-1993 00:00,11.043,2
15-06-1993 00:00,11.453,2
16-06-1993 00:00,13.175,2
17-06-1993 00:00,12.247,2
18-06-1993 00:00,15.633,2
19-06-1993 00:00,14.134,2
20-06-1993 00:00,13.595,2
21-06-1993 00:00,14.07,2
22-06-1993 00:00,14.6,2
23-06-1993 00:00,24.913,2
24-06-1993 00:00,17.885,2
25-06-1993 00:00,14.973,2
26-06-1993 00:00,12.748,2
27-06-1993 00:00,17.323,2
28-06-1993 00:00,14.249,2
29-06-1993 00:00,11.481,2
30-06-1993 00:00,12.078,2
01-07-1993 00:00,11.74,2
02-07-1993 00:00,11.68,2
03-07-1993 00:00,15.933,2
04-07-1993 00:00,14.028,2
05-07-1993 00:00,12.098,2
06-07-1993 00:00,9.965,2
07-07-1993 00:00,12.15,2
08-07-1993 00:00,12.069,2
09-07-1993 00:00,12.258,2
10-07-1993 00:00,12.099,2
11-07-1993 00:00,11.991,2
12-07-1993 00:00,32.415,2
13-07-1993 00:00,27.06,2
14-07-1993 00:00,20.241,2
15-07-1993 00:00,16.702,2
16-07-1993 00:00,18.246,2
17-07-1993 00:00,17.752,2
18-07-1993 00:00,16.872,2
19-07-1993 00:00,16.673,2
20-07-1993 00:00,17.889,2
21-07-1993 00:00,18.674,2
22-07-1993 00:00,24.559,2
23-07-1993 00:00,18.098,2
24-07-1993 00:00,21.641,2
25-07-1993 00:00,27.379,2
26-07-1993 00:00,24.988,2
27-07-1993 00:00,30.532,2
28-07-1993 00:00,25.123,2
29-07-1993 00:00,18.833,2
30-07-1993 00:00,27.346,2
31-07-1993 00:00,51.366,2
01-08-1993 00:00,26.952,2
02-08-1993 00:00,22.004,2
03-08-1993 00:00,29.975,2
04-08-1993 00:00,22.791,2
05-08-1993 00:00,20.766,2
06-08-1993 00:00,43.976,2
07-08-1993 00:00,35.575,2
08-08-1993 00:00,31.864,2
09-08-1993 00:00,31.677,2
10-08-1993 00:00,51.132,2
11-08-1993 00:00,49.413,2
12-08-1993 00:00,39.546,2
13-08-1993 00:00,48.649,2
14-08-1993 00:00,39.122,2
15-08-1993 00:00,33.116,2
16-08-1993 00:00,31.803,2
17-08-1993 00:00,29.329,2
18-08-1993 00:00,28.949,2
19-08-1993 00:00,25.865,2
20-08-1993 00:00,24.987,2
21-08-1993 00:00,25.334,2
22-08-1993 00:00,25.267,2
23-08-1993 00:00,25.34,2
24-08-1993 00:00,25.808,2
25-08-1993 00:00,24,2
26-08-1993 00:00,23.04,2
27-08-1993 00:00,28.301,2
28-08-1993 00:00,24.457,2
29-08-1993 00:00,22.923,2
30-08-1993 00:00,33.72,2
31-08-1993 00:00,26.921,2
01-09-1993 00:00,24.599,2
02-09-1993 00:00,27.285,2
03-09-1993 00:00,33.698,2
04-09-1993 00:00,47.138,2
05-09-1993 00:00,36.834,2
06-09-1993 00:00,31.948,2
07-09-1993 00:00,29.281,2
08-09-1993 00:00,29.447,2
09-09-1993 00:00,28.889,2
10-09-1993 00:00,52.638,2
11-09-1993 00:00,82.03,2
12-09-1993 00:00,127.461,2
13-09-1993 00:00,82.662,2
14-09-1993 00:00,94.014,2
15-09-1993 00:00,130.423,2
16-09-1993 00:00,133.761,2
17-09-1993 00:00,98.282,2
18-09-1993 00:00,79.67,2
19-09-1993 00:00,67.355,2
20-09-1993 00:00,59.564,2
21-09-1993 00:00,53.29,2
22-09-1993 00:00,45.046,2
23-09-1993 00:00,62.295,2
24-09-1993 00:00,58.1,2
25-09-1993 00:00,53.51,2
26-09-1993 00:00,51.184,2
27-09-1993 00:00,51.271,2
28-09-1993 00:00,50.552,2
29-09-1993 00:00,46.936,2
30-09-1993 00:00,43.015,2
01-10-1993 00:00,40.282,2
02-10-1993 00:00,39.568,2
03-10-1993 00:00,38.187,2
04-10-1993 00:00,44.473,2
05-10-1993 00:00,42.124,2
06-10-1993 00:00,36.78,2
07-10-1993 00:00,35.917,2
08-10-1993 00:00,34.281,2
09-10-1993 00:00,75.198,2
10-10-1993 00:00,78.798,2
11-10-1993 00:00,63.355,2
12-10-1993 00:00,74.681,2
13-10-1993 00:00,90.163,2
14-10-1993 00:00,95.683,2
15-10-1993 00:00,108.759,2
16-10-1993 00:00,88.539,2
17-10-1993 00:00,74.842,2
18-10-1993 00:00,63.633,2
19-10-1993 00:00,57.857,2
20-10-1993 00:00,56.168,2
21-10-1993 00:00,58.433,2
22-10-1993 00:00,53.805,2
23-10-1993 00:00,46.319,2
24-10-1993 00:00,44.325,2
25-10-1993 00:00,42.52,2
26-10-1993 00:00,40.873,2
27-10-1993 00:00,39.755,2
28-10-1993 00:00,38.225,2
29-10-1993 00:00,36.649,2
30-10-1993 00:00,35.595,2
31-10-1993 00:00,34.777,2
01-11-1993 00:00,34.178,2
02-11-1993 00:00,33.025,2
03-11-1993 00:00,32.82,2
04-11-1993 00:00,32.263,2
05-11-1993 00:00,31.921,2
06-11-1993 00:00,31.632,2
07-11-1993 00:00,32.08,2
08-11-1993 00:00,40.153,2
09-11-1993 00:00,37.703,2
10-11-1993 00:00,35.418,2
11-11-1993 00:00,34.572,2
12-11-1993 00:00,38.022,2
13-11-1993 00:00,37.718,2
14-11-1993 00:00,101.699,2
15-11-1993 00:00,105.789,2
16-11-1993 00:00,78.193,2
17-11-1993 00:00,64.105,2
18-11-1993 00:00,56.48,2
19-11-1993 00:00,52.282,2
20-11-1993 00:00,48.986,2
21-11-1993 00:00,46.989,2
22-11-1993 00:00,46.055,2
23-11-1993 00:00,48.64,2
24-11-1993 00:00,46.01,2
25-11-1993 00:00,44.61,2
26-11-1993 00:00,44.318,2
27-11-1993 00:00,46.844,2
28-11-1993 00:00,45.886,2
29-11-1993 00:00,44.502,2
30-11-1993 00:00,43.499,2
01-12-1993 00:00,43.093,2
02-12-1993 00:00,48.656,2
03-12-1993 00:00,140.176,2
04-12-1993 00:00,201.327,2
05-12-1993 00:00,177.353,2
06-12-1993 00:00,149.348,2
07-12-1993 00:00,128.413,2
08-12-1993 00:00,127.241,2
09-12-1993 00:00,174.806,2
10-12-1993 00:00,192.698,2
11-12-1993 00:00,222.783,2
12-12-1993 00:00,203.87,2
13-12-1993 00:00,160.653,2
14-12-1993 00:00,124.727,2
15-12-1993 00:00,104.964,2
16-12-1993 00:00,126.494,2
17-12-1993 00:00,135.595,2
18-12-1993 00:00,121.207,2
19-12-1993 00:00,177.859,2
20-12-1993 00:00,247.079,2
21-12-1993 00:00,198.64,2
22-12-1993 00:00,158.075,2
23-12-1993 00:00,149.344,2
24-12-1993 00:00,142.31,2
25-12-1993 00:00,167.765,2
26-12-1993 00:00,214.497,2
27-12-1993 00:00,183.761,2
28-12-1993 00:00,156.743,2
29-12-1993 00:00,144.016,2
30-12-1993 00:00,164.735,2
31-12-1993 00:00,246.454,2
01-01-1994 00:00,231.087,2
02-01-1994 00:00,199.223,2
03-01-1994 00:00,173.426,2
04-01-1994 00:00,171.844,2
05-01-1994 00:00,212.039,2
06-01-1994 00:00,236.938,2
07-01-1994 00:00,204.294,2
08-01-1994 00:00,177.923,2
09-01-1994 00:00,157.253,2
10-01-1994 00:00,147.239,2
11-01-1994 00:00,139.411,2
12-01-1994 00:00,136.664,2
13-01-1994 00:00,215.342,2
14-01-1994 00:00,222.424,2
15-01-1994 00:00,200.319,2
16-01-1994 00:00,182.452,2
17-01-1994 00:00,159.663,2
18-01-1994 00:00,176.655,2
19-01-1994 00:00,377.85,2
20-01-1994 00:00,355.793,2
21-01-1994 00:00,325.814,2
22-01-1994 00:00,290.92,2
23-01-1994 00:00,274.136,2
24-01-1994 00:00,251.551,2
25-01-1994 00:00,220.854,2
26-01-1994 00:00,277.852,2
27-01-1994 00:00,320.238,2
28-01-1994 00:00,355.23,2
29-01-1994 00:00,311.275,2
30-01-1994 00:00,303.699,2
31-01-1994 00:00,295.909,2
01-02-1994 00:00,258.142,2
02-02-1994 00:00,300.251,2
03-02-1994 00:00,349.909,2
04-02-1994 00:00,302.205,2
05-02-1994 00:00,271.728,2
06-02-1994 00:00,245.983,2
07-02-1994 00:00,224.258,2
08-02-1994 00:00,199.432,2
09-02-1994 00:00,188.328,2
10-02-1994 00:00,189.399,2
11-02-1994 00:00,175.907,2
12-02-1994 00:00,163.437,2
13-02-1994 00:00,146.129,2
14-02-1994 00:00,141.25,2
15-02-1994 00:00,128.182,2
16-02-1994 00:00,121.572,2
17-02-1994 00:00,115.294,2
18-02-1994 00:00,111.078,2
19-02-1994 00:00,105.869,2
20-02-1994 00:00,102.893,2
21-02-1994 00:00,99.499,2
22-02-1994 00:00,98.246,2
23-02-1994 00:00,97.593,2
24-02-1994 00:00,94.06,2
25-02-1994 00:00,91.127,2
26-02-1994 00:00,86.002,2
27-02-1994 00:00,86.612,2
28-02-1994 00:00,93.683,2
01-03-1994 00:00,86.79,2
02-03-1994 00:00,87.824,2
03-03-1994 00:00,90.787,2
04-03-1994 00:00,112.883,2
05-03-1994 00:00,143.863,2
06-03-1994 00:00,289.333,2
07-03-1994 00:00,507.578,2
08-03-1994 00:00,490.077,2
09-03-1994 00:00,439.466,2
10-03-1994 00:00,437.169,2
11-03-1994 00:00,382.475,2
12-03-1994 00:00,336.897,2
13-03-1994 00:00,351.267,2
14-03-1994 00:00,374.219,2
15-03-1994 00:00,354.56,2
16-03-1994 00:00,328.249,2
17-03-1994 00:00,312.704,2
18-03-1994 00:00,283.924,2
19-03-1994 00:00,267.314,2
20-03-1994 00:00,247.854,2
21-03-1994 00:00,218.061,2
22-03-1994 00:00,209.168,2
23-03-1994 00:00,220.264,2
24-03-1994 00:00,233.598,2
25-03-1994 00:00,193.289,2
26-03-1994 00:00,190.828,2
27-03-1994 00:00,176.495,2
28-03-1994 00:00,164.544,2
29-03-1994 00:00,171.884,2
30-03-1994 00:00,152.956,2
31-03-1994 00:00,143.563,2
01-04-1994 00:00,153.433,2
02-04-1994 00:00,150.602,2
03-04-1994 00:00,137.878,2
04-04-1994 00:00,132.881,2
05-04-1994 00:00,140.029,2
06-04-1994 00:00,124.449,2
07-04-1994 00:00,127.386,2
08-04-1994 00:00,119.046,2
09-04-1994 00:00,113.569,2
10-04-1994 00:00,109.866,2
11-04-1994 00:00,101.191,2
12-04-1994 00:00,94.677,2
13-04-1994 00:00,114.604,2
14-04-1994 00:00,278.843,2
15-04-1994 00:00,272.518,2
16-04-1994 00:00,204.565,2
17-04-1994 00:00,181.266,2
18-04-1994 00:00,160.183,2
19-04-1994 00:00,147.388,2
20-04-1994 00:00,135.885,2
21-04-1994 00:00,128.576,2
22-04-1994 00:00,120.632,2
23-04-1994 00:00,113.744,2
24-04-1994 00:00,107.483,2
25-04-1994 00:00,102.079,2
26-04-1994 00:00,97.967,2
27-04-1994 00:00,93.581,2
28-04-1994 00:00,90.985,2
29-04-1994 00:00,87.787,2
30-04-1994 00:00,91.525,2
01-05-1994 00:00,84.805,2
02-05-1994 00:00,79.219,2
03-05-1994 00:00,76.765,2
04-05-1994 00:00,74.903,2
05-05-1994 00:00,71.431,2
06-05-1994 00:00,67.788,2
07-05-1994 00:00,65.049,2
08-05-1994 00:00,61.405,2
09-05-1994 00:00,59.096,2
10-05-1994 00:00,57.061,2
11-05-1994 00:00,55.431,2
12-05-1994 00:00,52.236,2
13-05-1994 00:00,49.758,2
14-05-1994 00:00,47.428,2
15-05-1994 00:00,45.958,2
16-05-1994 00:00,46.905,2
17-05-1994 00:00,51.256,2
18-05-1994 00:00,52.268,2
19-05-1994 00:00,44.615,2
20-05-1994 00:00,41.802,2
21-05-1994 00:00,39.42,2
22-05-1994 00:00,37.915,2
23-05-1994 00:00,40.142,2
24-05-1994 00:00,41.998,2
25-05-1994 00:00,38.567,2
26-05-1994 00:00,63.383,2
27-05-1994 00:00,40.962,2
28-05-1994 00:00,36.75,2
29-05-1994 00:00,34.525,2
30-05-1994 00:00,36.612,2
31-05-1994 00:00,36.004,2
01-06-1994 00:00,33.742,2
02-06-1994 00:00,33.658,2
03-06-1994 00:00,44.11,2
04-06-1994 00:00,38.691,2
05-06-1994 00:00,34.778,2
06-06-1994 00:00,33.358,2
07-06-1994 00:00,30.767,2
08-06-1994 00:00,29.181,2
09-06-1994 00:00,34.334,2
10-06-1994 00:00,32.625,2
11-06-1994 00:00,31.144,2
12-06-1994 00:00,28.686,2
13-06-1994 00:00,30.365,2
14-06-1994 00:00,27.437,2
15-06-1994 00:00,34.576,2
16-06-1994 00:00,29.621,2
17-06-1994 00:00,24.749,2
18-06-1994 00:00,25.762,2
19-06-1994 00:00,31.885,2
20-06-1994 00:00,29.897,2
21-06-1994 00:00,21.891,2
22-06-1994 00:00,28.176,2
23-06-1994 00:00,23.931,2
24-06-1994 00:00,18.981,2
25-06-1994 00:00,17.446,2
26-06-1994 00:00,18.076,2
27-06-1994 00:00,16.151,2
28-06-1994 00:00,15.336,2
29-06-1994 00:00,28.589,2
30-06-1994 00:00,18.491,2
01-07-1994 00:00,18.401,2
02-07-1994 00:00,14.686,2
03-07-1994 00:00,13.999,2
04-07-1994 00:00,14.484,2
05-07-1994 00:00,13.145,2
06-07-1994 00:00,28.403,2
07-07-1994 00:00,14.567,2
08-07-1994 00:00,13.254,2
09-07-1994 00:00,13.057,2
10-07-1994 00:00,12.915,2
11-07-1994 00:00,12.691,2
12-07-1994 00:00,12.368,2
13-07-1994 00:00,12.505,2
14-07-1994 00:00,11.928,2
15-07-1994 00:00,12.162,2
16-07-1994 00:00,13.839,2
17-07-1994 00:00,12.766,2
18-07-1994 00:00,12.021,2
19-07-1994 00:00,11.762,2
20-07-1994 00:00,11.067,2
21-07-1994 00:00,11.242,2
22-07-1994 00:00,10.708,2
23-07-1994 00:00,10.824,2
24-07-1994 00:00,10.785,2
25-07-1994 00:00,10.925,2
26-07-1994 00:00,10.762,2
27-07-1994 00:00,11.114,2
28-07-1994 00:00,11.204,2
29-07-1994 00:00,15.207,2
30-07-1994 00:00,16.769,2
31-07-1994 00:00,17.106,2
01-08-1994 00:00,16.341,2
02-08-1994 00:00,29.69,2
03-08-1994 00:00,24.174,2
04-08-1994 00:00,14.304,2
05-08-1994 00:00,16.224,2
06-08-1994 00:00,16.08,2
07-08-1994 00:00,15.268,2
08-08-1994 00:00,15.243,2
09-08-1994 00:00,15.402,2
10-08-1994 00:00,14.817,2
11-08-1994 00:00,19.88,2
12-08-1994 00:00,15.714,2
13-08-1994 00:00,22.062,2
14-08-1994 00:00,20.192,2
15-08-1994 00:00,17.844,2
16-08-1994 00:00,18.54,2
17-08-1994 00:00,19.966,2
18-08-1994 00:00,53.698,2
19-08-1994 00:00,33.327,2
20-08-1994 00:00,29.91,2
21-08-1994 00:00,23.688,2
22-08-1994 00:00,22.174,2
23-08-1994 00:00,22.268,2
24-08-1994 00:00,21.966,2
25-08-1994 00:00,34.217,2
26-08-1994 00:00,40.591,2
27-08-1994 00:00,28.315,2
28-08-1994 00:00,26.603,2
29-08-1994 00:00,37.859,2
30-08-1994 00:00,28.027,2
31-08-1994 00:00,22.187,2
01-09-1994 00:00,21.333,2
02-09-1994 00:00,22.95,2
03-09-1994 00:00,19.908,2
04-09-1994 00:00,21.558,2
05-09-1994 00:00,26.056,2
06-09-1994 00:00,21.089,2
07-09-1994 00:00,18.687,2
08-09-1994 00:00,17.952,2
09-09-1994 00:00,70.27,2
10-09-1994 00:00,50.135,2
11-09-1994 00:00,29.415,2
12-09-1994 00:00,26.357,2
13-09-1994 00:00,27.435,2
14-09-1994 00:00,24.097,2
15-09-1994 00:00,164.923,2
16-09-1994 00:00,277.127,2
17-09-1994 00:00,284.745,2
18-09-1994 00:00,235.22,2
19-09-1994 00:00,200.176,2
20-09-1994 00:00,162.876,2
21-09-1994 00:00,129.452,2
22-09-1994 00:00,106.411,2
23-09-1994 00:00,92.602,2
24-09-1994 00:00,83.043,2
25-09-1994 00:00,76.81,2
26-09-1994 00:00,72.486,2
27-09-1994 00:00,73.806,2
28-09-1994 00:00,67.29,2
29-09-1994 00:00,70.827,2
30-09-1994 00:00,66.499,2
01-10-1994 00:00,70.216,2
02-10-1994 00:00,60.729,2
03-10-1994 00:00,68.695,2
04-10-1994 00:00,62.093,2
05-10-1994 00:00,61.961,2
06-10-1994 00:00,55.128,2
07-10-1994 00:00,53.103,2
08-10-1994 00:00,51.168,2
09-10-1994 00:00,48.631,2
10-10-1994 00:00,47.005,2
11-10-1994 00:00,47.31,2
12-10-1994 00:00,46.235,2
13-10-1994 00:00,44.128,2
14-10-1994 00:00,42.771,2
15-10-1994 00:00,41.424,2
16-10-1994 00:00,37.647,2
17-10-1994 00:00,35.893,2
18-10-1994 00:00,38.824,2
19-10-1994 00:00,36.899,2
20-10-1994 00:00,34.467,2
21-10-1994 00:00,32.607,2
22-10-1994 00:00,33.527,2
23-10-1994 00:00,38.035,2
24-10-1994 00:00,32.828,2
25-10-1994 00:00,34.26,2
26-10-1994 00:00,38.615,2
27-10-1994 00:00,34.154,2
28-10-1994 00:00,34.32,2
29-10-1994 00:00,33.008,2
30-10-1994 00:00,38.837,2
31-10-1994 00:00,59.17,2
01-11-1994 00:00,86.425,2
02-11-1994 00:00,69.07,2
03-11-1994 00:00,57.299,2
04-11-1994 00:00,50.916,2
05-11-1994 00:00,45.569,2
06-11-1994 00:00,42.542,2
07-11-1994 00:00,42.289,2
08-11-1994 00:00,45.708,2
09-11-1994 00:00,45.105,2
10-11-1994 00:00,45.204,2
11-11-1994 00:00,44.665,2
12-11-1994 00:00,42.021,2
13-11-1994 00:00,39.835,2
14-11-1994 00:00,106.626,2
15-11-1994 00:00,113.987,2
16-11-1994 00:00,103.343,2
17-11-1994 00:00,100.292,2
18-11-1994 00:00,113.061,2
19-11-1994 00:00,98.488,2
20-11-1994 00:00,153.942,2
21-11-1994 00:00,226.421,2
22-11-1994 00:00,194.691,2
23-11-1994 00:00,162.034,2
24-11-1994 00:00,148.831,2
25-11-1994 00:00,125.011,2
26-11-1994 00:00,113.477,2
27-11-1994 00:00,104.121,2
28-11-1994 00:00,97.324,2
29-11-1994 00:00,92.109,2
30-11-1994 00:00,88.266,2
01-12-1994 00:00,83.255,2
02-12-1994 00:00,79.143,2
03-12-1994 00:00,76.935,2
04-12-1994 00:00,80.81,2
05-12-1994 00:00,104.57,2
06-12-1994 00:00,98.663,2
07-12-1994 00:00,89.685,2
08-12-1994 00:00,117.298,2
09-12-1994 00:00,221.287,2
10-12-1994 00:00,181.243,2
11-12-1994 00:00,183.187,2
12-12-1994 00:00,222.719,2
13-12-1994 00:00,217.05,2
14-12-1994 00:00,184.672,2
15-12-1994 00:00,153.268,2
16-12-1994 00:00,152.481,2
17-12-1994 00:00,148.184,2
18-12-1994 00:00,133.583,2
19-12-1994 00:00,139.609,2
20-12-1994 00:00,133.311,2
21-12-1994 00:00,124.366,2
22-12-1994 00:00,113.411,2
23-12-1994 00:00,107.828,2
24-12-1994 00:00,104.766,2
25-12-1994 00:00,95.697,2
26-12-1994 00:00,105.987,2
27-12-1994 00:00,151.04,2
28-12-1994 00:00,153.748,2
29-12-1994 00:00,228.786,2
30-12-1994 00:00,291.157,2
31-12-1994 00:00,267.345,2
01-01-1995 00:00,219.874,2
02-01-1995 00:00,184.372,2
03-01-1995 00:00,147.862,2
04-01-1995 00:00,129.27,2
05-01-1995 00:00,117.73,2
06-01-1995 00:00,110.146,2
07-01-1995 00:00,103.266,2
08-01-1995 00:00,107.796,2
09-01-1995 00:00,109.513,2
10-01-1995 00:00,172.729,2
11-01-1995 00:00,162.429,2
12-01-1995 00:00,122.262,2
13-01-1995 00:00,109.289,2
14-01-1995 00:00,124.87,2
15-01-1995 00:00,175.62,2
16-01-1995 00:00,142.526,2
17-01-1995 00:00,136.824,2
18-01-1995 00:00,126.575,2
19-01-1995 00:00,116.939,2
20-01-1995 00:00,131.522,2
21-01-1995 00:00,141.733,2
22-01-1995 00:00,197.442,2
23-01-1995 00:00,289.198,2
24-01-1995 00:00,426.396,2
25-01-1995 00:00,386.479,2
26-01-1995 00:00,358.403,2
27-01-1995 00:00,320.894,2
28-01-1995 00:00,292.589,2
29-01-1995 00:00,309.676,2
30-01-1995 00:00,276.863,2
31-01-1995 00:00,239.718,2
01-02-1995 00:00,388.504,2
02-02-1995 00:00,415.192,2
03-02-1995 00:00,360.705,2
04-02-1995 00:00,337.394,2
05-02-1995 00:00,309.325,2
06-02-1995 00:00,285.672,2
07-02-1995 00:00,275.377,2
08-02-1995 00:00,240.127,2
09-02-1995 00:00,214.783,2
10-02-1995 00:00,194.886,2
11-02-1995 00:00,182.384,2
12-02-1995 00:00,224.962,2
13-02-1995 00:00,217.84,2
14-02-1995 00:00,203.442,2
15-02-1995 00:00,234.143,2
16-02-1995 00:00,309.486,2
17-02-1995 00:00,371.157,2
18-02-1995 00:00,358.958,2
19-02-1995 00:00,321.116,2
20-02-1995 00:00,313.372,2
21-02-1995 00:00,337.526,2
22-02-1995 00:00,315.613,2
23-02-1995 00:00,282.841,2
24-02-1995 00:00,252.296,2
25-02-1995 00:00,225.189,2
26-02-1995 00:00,202.244,2
27-02-1995 00:00,189.133,2
28-02-1995 00:00,202.648,2
01-03-1995 00:00,218.391,2
02-03-1995 00:00,238.418,2
03-03-1995 00:00,223.295,2
04-03-1995 00:00,204.681,2
05-03-1995 00:00,190.863,2
06-03-1995 00:00,223.528,2
07-03-1995 00:00,211.625,2
08-03-1995 00:00,185.413,2
09-03-1995 00:00,157.396,2
10-03-1995 00:00,138.229,2
11-03-1995 00:00,127.977,2
12-03-1995 00:00,119.365,2
13-03-1995 00:00,113.404,2
14-03-1995 00:00,109.072,2
15-03-1995 00:00,105.132,2
16-03-1995 00:00,101.747,2
17-03-1995 00:00,104.403,2
18-03-1995 00:00,127.938,2
19-03-1995 00:00,123.048,2
20-03-1995 00:00,113.625,2
21-03-1995 00:00,101.077,2
22-03-1995 00:00,93.256,2
23-03-1995 00:00,95.454,2
24-03-1995 00:00,89.935,2
25-03-1995 00:00,97.174,2
26-03-1995 00:00,91.826,2
27-03-1995 00:00,92.563,2
28-03-1995 00:00,91.669,2
29-03-1995 00:00,83.739,2
30-03-1995 00:00,80.1,2
31-03-1995 00:00,99.435,2
01-04-1995 00:00,103.284,2
02-04-1995 00:00,98.644,2
03-04-1995 00:00,112.699,2
04-04-1995 00:00,105.488,2
05-04-1995 00:00,129.794,2
06-04-1995 00:00,241.617,2
07-04-1995 00:00,238.779,2
08-04-1995 00:00,184.94,2
09-04-1995 00:00,134.142,2
10-04-1995 00:00,109.157,2
11-04-1995 00:00,108.701,2
12-04-1995 00:00,94.591,2
13-04-1995 00:00,85.996,2
14-04-1995 00:00,80.37,2
15-04-1995 00:00,86.537,2
16-04-1995 00:00,94.646,2
17-04-1995 00:00,113.907,2
18-04-1995 00:00,160.621,2
19-04-1995 00:00,162.65,2
20-04-1995 00:00,153.711,2
21-04-1995 00:00,134.912,2
22-04-1995 00:00,114.521,2
23-04-1995 00:00,101.562,2
24-04-1995 00:00,93.431,2
25-04-1995 00:00,87.813,2
26-04-1995 00:00,84.111,2
27-04-1995 00:00,78.739,2
28-04-1995 00:00,76.072,2
29-04-1995 00:00,70.634,2
30-04-1995 00:00,66.463,2
01-05-1995 00:00,63.173,2
02-05-1995 00:00,60.625,2
03-05-1995 00:00,59.152,2
04-05-1995 00:00,55.194,2
05-05-1995 00:00,51.385,2
06-05-1995 00:00,48.093,2
07-05-1995 00:00,46.099,2
08-05-1995 00:00,78.079,2
09-05-1995 00:00,125.419,2
10-05-1995 00:00,84.784,2
11-05-1995 00:00,81.822,2
12-05-1995 00:00,68.195,2
13-05-1995 00:00,60.973,2
14-05-1995 00:00,59.575,2
15-05-1995 00:00,60.669,2
16-05-1995 00:00,54.327,2
17-05-1995 00:00,66.324,2
18-05-1995 00:00,108.737,2
19-05-1995 00:00,67.722,2
20-05-1995 00:00,61.201,2
21-05-1995 00:00,60.081,2
22-05-1995 00:00,52.668,2
23-05-1995 00:00,50.139,2
24-05-1995 00:00,49.664,2
25-05-1995 00:00,43.11,2
26-05-1995 00:00,42.108,2
27-05-1995 00:00,41.711,2
28-05-1995 00:00,40.423,2
29-05-1995 00:00,39.026,2
30-05-1995 00:00,56.462,2
31-05-1995 00:00,71.063,2
01-06-1995 00:00,64.394,2
02-06-1995 00:00,63.079,2
03-06-1995 00:00,54.833,2
04-06-1995 00:00,47.509,2
05-06-1995 00:00,44.431,2
06-06-1995 00:00,43.336,2
07-06-1995 00:00,42.946,2
08-06-1995 00:00,90.138,2
09-06-1995 00:00,53.916,2
10-06-1995 00:00,46.611,2
11-06-1995 00:00,43.159,2
12-06-1995 00:00,42.084,2
13-06-1995 00:00,45.355,2
14-06-1995 00:00,76.122,2
15-06-1995 00:00,55.03,2
16-06-1995 00:00,46.298,2
17-06-1995 00:00,56.751,2
18-06-1995 00:00,50.496,2
19-06-1995 00:00,42.612,2
20-06-1995 00:00,37.377,2
21-06-1995 00:00,36.464,2
22-06-1995 00:00,36.941,2
23-06-1995 00:00,34.486,2
24-06-1995 00:00,31.081,2
25-06-1995 00:00,28.992,2
26-06-1995 00:00,27.974,2
27-06-1995 00:00,28.05,2
28-06-1995 00:00,27.493,2
29-06-1995 00:00,27.137,2
30-06-1995 00:00,27.762,2
01-07-1995 00:00,27.2,2
02-07-1995 00:00,25.876,2
03-07-1995 00:00,25.536,2
04-07-1995 00:00,34.266,2
05-07-1995 00:00,37.805,2
06-07-1995 00:00,32.575,2
07-07-1995 00:00,30.428,2
08-07-1995 00:00,28.224,2
09-07-1995 00:00,27.39,2
10-07-1995 00:00,27.081,2
11-07-1995 00:00,34.283,2
12-07-1995 00:00,30.873,2
13-07-1995 00:00,34.808,2
14-07-1995 00:00,23.576,2
15-07-1995 00:00,23.466,2
16-07-1995 00:00,28.468,2
17-07-1995 00:00,31.143,2
18-07-1995 00:00,36.491,2
19-07-1995 00:00,36.138,2
20-07-1995 00:00,27.502,2
21-07-1995 00:00,26.491,2
22-07-1995 00:00,25.523,2
23-07-1995 00:00,24.268,2
24-07-1995 00:00,27.94,2
25-07-1995 00:00,26.484,2
26-07-1995 00:00,23.199,2
27-07-1995 00:00,23.456,2
28-07-1995 00:00,21.765,2
29-07-1995 00:00,20.097,2
30-07-1995 00:00,19.2,2
31-07-1995 00:00,18.733,2
01-08-1995 00:00,19.05,2
02-08-1995 00:00,20.262,2
03-08-1995 00:00,20.079,2
04-08-1995 00:00,19.793,2
05-08-1995 00:00,19.276,2
06-08-1995 00:00,18.184,2
07-08-1995 00:00,18.244,2
08-08-1995 00:00,17.382,2
09-08-1995 00:00,16.588,2
10-08-1995 00:00,15.53,2
11-08-1995 00:00,15.341,2
12-08-1995 00:00,15.258,2
13-08-1995 00:00,14.921,2
14-08-1995 00:00,14.479,2
15-08-1995 00:00,14.062,2
16-08-1995 00:00,13.707,2
17-08-1995 00:00,13.256,2
18-08-1995 00:00,11.058,2
19-08-1995 00:00,10.232,2
20-08-1995 00:00,9.727,2
21-08-1995 00:00,9.226,2
22-08-1995 00:00,10.044,2
23-08-1995 00:00,9.315,2
24-08-1995 00:00,18.285,2
25-08-1995 00:00,18.142,2
26-08-1995 00:00,16.72,2
27-08-1995 00:00,11.914,2
28-08-1995 00:00,10.879,2
29-08-1995 00:00,10.433,2
30-08-1995 00:00,11.328,2
31-08-1995 00:00,14.533,2
01-09-1995 00:00,10.947,2
02-09-1995 00:00,11.174,2
03-09-1995 00:00,17.024,2
04-09-1995 00:00,25.166,2
05-09-1995 00:00,19.027,2
06-09-1995 00:00,12.914,2
07-09-1995 00:00,11.916,2
08-09-1995 00:00,11.788,2
09-09-1995 00:00,20.092,2
10-09-1995 00:00,51.03,2
11-09-1995 00:00,28.346,2
12-09-1995 00:00,51.749,2
13-09-1995 00:00,29.372,2
14-09-1995 00:00,66.524,2
15-09-1995 00:00,43.184,2
16-09-1995 00:00,33.8,2
17-09-1995 00:00,34.279,2
18-09-1995 00:00,31.135,2
19-09-1995 00:00,38.727,2
20-09-1995 00:00,29.832,2
21-09-1995 00:00,27.783,2
22-09-1995 00:00,27.194,2
23-09-1995 00:00,26.832,2
24-09-1995 00:00,35.394,2
25-09-1995 00:00,29.587,2
26-09-1995 00:00,55.575,2
27-09-1995 00:00,37.587,2
28-09-1995 00:00,65.643,2
29-09-1995 00:00,46.114,2
30-09-1995 00:00,39.598,2
01-10-1995 00:00,29.973,2
02-10-1995 00:00,28.882,2
03-10-1995 00:00,26.946,2
04-10-1995 00:00,26.58,2
05-10-1995 00:00,38.547,2
06-10-1995 00:00,39.927,2
07-10-1995 00:00,30.809,2
08-10-1995 00:00,27.119,2
09-10-1995 00:00,25.725,2
10-10-1995 00:00,25.261,2
11-10-1995 00:00,24.705,2
12-10-1995 00:00,23.711,2
13-10-1995 00:00,23.87,2
14-10-1995 00:00,23.75,2
15-10-1995 00:00,24.141,2
16-10-1995 00:00,22.982,2
17-10-1995 00:00,23.354,2
18-10-1995 00:00,22.9,2
19-10-1995 00:00,29.213,2
20-10-1995 00:00,24.272,2
21-10-1995 00:00,24.088,2
22-10-1995 00:00,20.587,2
23-10-1995 00:00,20.145,2
24-10-1995 00:00,21.283,2
25-10-1995 00:00,22.145,2
26-10-1995 00:00,21.805,2
27-10-1995 00:00,29.744,2
28-10-1995 00:00,21.643,2
29-10-1995 00:00,19.523,2
30-10-1995 00:00,20.314,2
31-10-1995 00:00,71.275,2
01-11-1995 00:00,58.198,2
02-11-1995 00:00,44.371,2
03-11-1995 00:00,58.404,2
04-11-1995 00:00,36.746,2
05-11-1995 00:00,30.674,2
06-11-1995 00:00,29.557,2
07-11-1995 00:00,29.679,2
08-11-1995 00:00,29.925,2
09-11-1995 00:00,30.702,2
10-11-1995 00:00,56.218,2
11-11-1995 00:00,48.74,2
12-11-1995 00:00,36.085,2
13-11-1995 00:00,32.716,2
14-11-1995 00:00,32.754,2
15-11-1995 00:00,33.908,2
16-11-1995 00:00,44.673,2
17-11-1995 00:00,44.959,2
18-11-1995 00:00,32.705,2
19-11-1995 00:00,37.396,2
20-11-1995 00:00,34.869,2
21-11-1995 00:00,40.398,2
22-11-1995 00:00,36.977,2
23-11-1995 00:00,46.238,2
24-11-1995 00:00,57.548,2
25-11-1995 00:00,47.473,2
26-11-1995 00:00,41.811,2
27-11-1995 00:00,39.224,2
28-11-1995 00:00,36.53,2
29-11-1995 00:00,33.827,2
30-11-1995 00:00,32.456,2
01-12-1995 00:00,31.269,2
02-12-1995 00:00,31.032,2
03-12-1995 00:00,31.332,2
04-12-1995 00:00,30.171,2
05-12-1995 00:00,29.525,2
06-12-1995 00:00,28.326,2
07-12-1995 00:00,27.982,2
08-12-1995 00:00,28.357,2
09-12-1995 00:00,28.264,2
10-12-1995 00:00,32.091,2
11-12-1995 00:00,37.12,2
12-12-1995 00:00,31.64,2
13-12-1995 00:00,31.151,2
14-12-1995 00:00,29.212,2
15-12-1995 00:00,28.491,2
16-12-1995 00:00,27.621,2
17-12-1995 00:00,27.071,2
18-12-1995 00:00,27.076,2
19-12-1995 00:00,26.024,2
20-12-1995 00:00,25.268,2
21-12-1995 00:00,24.454,2
22-12-1995 00:00,23.922,2
23-12-1995 00:00,23.63,2
24-12-1995 00:00,23.119,2
25-12-1995 00:00,22.729,2
26-12-1995 00:00,22.305,2
27-12-1995 00:00,21.681,2
28-12-1995 00:00,21.62,2
29-12-1995 00:00,21.45,2
30-12-1995 00:00,21.163,2
31-12-1995 00:00,20.025,2
01-01-1996 00:00,19.768,2
02-01-1996 00:00,19.731,2
03-01-1996 00:00,19.599,2
04-01-1996 00:00,19.307,2
05-01-1996 00:00,19.104,2
06-01-1996 00:00,19.025,2
07-01-1996 00:00,19.108,2
08-01-1996 00:00,21.323,2
09-01-1996 00:00,28.686,2
10-01-1996 00:00,36.386,2
11-01-1996 00:00,38.709,2
12-01-1996 00:00,40.332,2
13-01-1996 00:00,40.796,2
14-01-1996 00:00,36.653,2
15-01-1996 00:00,34.274,2
16-01-1996 00:00,31.479,2
17-01-1996 00:00,30.044,2
18-01-1996 00:00,28.254,2
19-01-1996 00:00,26.155,2
20-01-1996 00:00,24.297,2
21-01-1996 00:00,23.423,2
22-01-1996 00:00,22.614,2
23-01-1996 00:00,21.598,2
24-01-1996 00:00,19.964,2
25-01-1996 00:00,19.485,2
26-01-1996 00:00,18.727,2
27-01-1996 00:00,18.278,2
28-01-1996 00:00,17.156,2
29-01-1996 00:00,16.677,2
30-01-1996 00:00,16.395,2
31-01-1996 00:00,16.379,2
01-02-1996 00:00,16.284,2
02-02-1996 00:00,16.127,2
03-02-1996 00:00,15.624,2
04-02-1996 00:00,15.153,2
05-02-1996 00:00,14.812,2
06-02-1996 00:00,14.775,2
07-02-1996 00:00,14.554,2
08-02-1996 00:00,14.152,2
09-02-1996 00:00,14.064,2
10-02-1996 00:00,13.816,2
11-02-1996 00:00,13.869,2
12-02-1996 00:00,13.551,2
13-02-1996 00:00,15.033,2
14-02-1996 00:00,14.877,2
15-02-1996 00:00,18.503,2
16-02-1996 00:00,54.884,2
17-02-1996 00:00,44.673,2
18-02-1996 00:00,24.617,2
19-02-1996 00:00,18.802,2
20-02-1996 00:00,17.982,2
21-02-1996 00:00,15.164,2
22-02-1996 00:00,14.592,2
23-02-1996 00:00,14.327,2
24-02-1996 00:00,14.091,2
25-02-1996 00:00,13.69,2
26-02-1996 00:00,24.114,2
27-02-1996 00:00,24.065,2
28-02-1996 00:00,18.84,2
29-02-1996 00:00,20.301,2
01-03-1996 00:00,24.502,2
02-03-1996 00:00,23.339,2
03-03-1996 00:00,21.466,2
04-03-1996 00:00,18.907,2
05-03-1996 00:00,16.934,2
06-03-1996 00:00,15.983,2
07-03-1996 00:00,15.419,2
08-03-1996 00:00,15.591,2
09-03-1996 00:00,15.313,2
10-03-1996 00:00,14.96,2
11-03-1996 00:00,14.834,2
12-03-1996 00:00,15.022,2
13-03-1996 00:00,14.925,2
14-03-1996 00:00,13.99,2
15-03-1996 00:00,14.017,2
16-03-1996 00:00,14.454,2
17-03-1996 00:00,14.068,2
18-03-1996 00:00,14.314,2
19-03-1996 00:00,14.795,2
20-03-1996 00:00,16.48,2
21-03-1996 00:00,16.013,2
22-03-1996 00:00,15.671,2
23-03-1996 00:00,16.059,2
24-03-1996 00:00,21.59,2
25-03-1996 00:00,18.911,2
26-03-1996 00:00,18.932,2
27-03-1996 00:00,18.578,2
28-03-1996 00:00,20.806,2
29-03-1996 00:00,26.733,2
30-03-1996 00:00,31.087,2
31-03-1996 00:00,26.035,2
01-04-1996 00:00,28.12,2
02-04-1996 00:00,23.85,2
03-04-1996 00:00,21.922,2
04-04-1996 00:00,20.943,2
05-04-1996 00:00,20.798,2
06-04-1996 00:00,22.169,2
07-04-1996 00:00,23.882,2
08-04-1996 00:00,25.735,2
09-04-1996 00:00,26.066,2
10-04-1996 00:00,24.57,2
11-04-1996 00:00,24.79,2
12-04-1996 00:00,24.076,2
13-04-1996 00:00,24.575,2
14-04-1996 00:00,22.901,2
15-04-1996 00:00,22.726,2
16-04-1996 00:00,21.89,2
17-04-1996 00:00,20.762,2
18-04-1996 00:00,19.707,2
19-04-1996 00:00,19.609,2
20-04-1996 00:00,20.037,2
21-04-1996 00:00,19.233,2
22-04-1996 00:00,18.319,2
23-04-1996 00:00,17.698,2
24-04-1996 00:00,48.864,2
25-04-1996 00:00,39.526,2
26-04-1996 00:00,33.308,2
27-04-1996 00:00,28.097,2
28-04-1996 00:00,27.788,2
29-04-1996 00:00,25.614,2
30-04-1996 00:00,25.755,2
01-05-1996 00:00,24.29,2
02-05-1996 00:00,22.07,2
03-05-1996 00:00,21.211,2
04-05-1996 00:00,41.634,2
05-05-1996 00:00,29.277,2
06-05-1996 00:00,22.578,2
07-05-1996 00:00,19.298,2
08-05-1996 00:00,19.784,2
09-05-1996 00:00,18.135,2
10-05-1996 00:00,16.944,2
11-05-1996 00:00,35.268,2
12-05-1996 00:00,47.582,2
13-05-1996 00:00,29.272,2
14-05-1996 00:00,23.938,2
15-05-1996 00:00,20.995,2
16-05-1996 00:00,19.38,2
17-05-1996 00:00,18.047,2
18-05-1996 00:00,44.292,2
19-05-1996 00:00,59.426,2
20-05-1996 00:00,66.869,2
21-05-1996 00:00,130.029,2
22-05-1996 00:00,71.528,2
23-05-1996 00:00,45.517,2
24-05-1996 00:00,38.984,2
25-05-1996 00:00,68.197,2
26-05-1996 00:00,50.24,2
27-05-1996 00:00,38.853,2
28-05-1996 00:00,33.602,2
29-05-1996 00:00,38.636,2
30-05-1996 00:00,36.942,2
31-05-1996 00:00,30.354,2
01-06-1996 00:00,29.103,2
02-06-1996 00:00,25.732,2
03-06-1996 00:00,23.102,2
04-06-1996 00:00,21.607,2
05-06-1996 00:00,20.423,2
06-06-1996 00:00,19.286,2
07-06-1996 00:00,18.736,2
08-06-1996 00:00,24.85,2
09-06-1996 00:00,105.571,2
10-06-1996 00:00,70.309,2
11-06-1996 00:00,47.903,2
12-06-1996 00:00,31.91,2
13-06-1996 00:00,26.033,2
14-06-1996 00:00,22.611,2
15-06-1996 00:00,20.463,2
16-06-1996 00:00,19.484,2
17-06-1996 00:00,19.01,2
18-06-1996 00:00,24.485,2
19-06-1996 00:00,26.27,2
20-06-1996 00:00,17.868,2
21-06-1996 00:00,32.644,2
22-06-1996 00:00,27.479,2
23-06-1996 00:00,19.762,2
24-06-1996 00:00,19.859,2
25-06-1996 00:00,17.378,2
26-06-1996 00:00,16.002,2
27-06-1996 00:00,15.716,2
28-06-1996 00:00,14.265,2
29-06-1996 00:00,15.095,2
30-06-1996 00:00,13.383,2
01-07-1996 00:00,19.053,2
02-07-1996 00:00,17.83,2
03-07-1996 00:00,14.28,2
04-07-1996 00:00,63.167,2
05-07-1996 00:00,51.36,2
06-07-1996 00:00,28.157,2
07-07-1996 00:00,35.953,2
08-07-1996 00:00,25.725,2
09-07-1996 00:00,20.906,2
10-07-1996 00:00,22.44,2
11-07-1996 00:00,17.268,2
12-07-1996 00:00,16.616,2
13-07-1996 00:00,15.432,2
14-07-1996 00:00,14.524,2
15-07-1996 00:00,13.407,2
16-07-1996 00:00,12.795,2
17-07-1996 00:00,12.038,2
18-07-1996 00:00,12.125,2
19-07-1996 00:00,11.696,2
20-07-1996 00:00,11.257,2
21-07-1996 00:00,10.785,2
22-07-1996 00:00,10.479,2
23-07-1996 00:00,10.075,2
24-07-1996 00:00,9.986,2
25-07-1996 00:00,9.191,2
26-07-1996 00:00,9.605,2
27-07-1996 00:00,19.14,2
28-07-1996 00:00,25.237,2
29-07-1996 00:00,15.24,2
30-07-1996 00:00,12.942,2
31-07-1996 00:00,11.732,2
01-08-1996 00:00,13.276,2
02-08-1996 00:00,13.154,2
03-08-1996 00:00,11.485,2
04-08-1996 00:00,11.178,2
05-08-1996 00:00,11.057,2
06-08-1996 00:00,10.697,2
07-08-1996 00:00,10.669,2
08-08-1996 00:00,10.609,2
09-08-1996 00:00,10.879,2
10-08-1996 00:00,10.563,2
11-08-1996 00:00,9.627,2
12-08-1996 00:00,16.364,2
13-08-1996 00:00,22.391,2
14-08-1996 00:00,15.656,2
15-08-1996 00:00,10.292,2
16-08-1996 00:00,10.295,2
17-08-1996 00:00,10.43,2
18-08-1996 00:00,10.033,2
19-08-1996 00:00,9.955,2
20-08-1996 00:00,9.928,2
21-08-1996 00:00,9.498,2
22-08-1996 00:00,9.816,2
23-08-1996 00:00,9.837,2
24-08-1996 00:00,17.249,2
25-08-1996 00:00,11.279,2
26-08-1996 00:00,14.438,2
27-08-1996 00:00,9.643,2
28-08-1996 00:00,9.576,2
29-08-1996 00:00,32.79,2
30-08-1996 00:00,16.074,2
31-08-1996 00:00,18.227,2
01-09-1996 00:00,16.444,2
02-09-1996 00:00,13.311,2
03-09-1996 00:00,12.133,2
04-09-1996 00:00,13.578,2
05-09-1996 00:00,11.778,2
06-09-1996 00:00,11.276,2
07-09-1996 00:00,10.725,2
08-09-1996 00:00,10.37,2
09-09-1996 00:00,9.886,2
10-09-1996 00:00,9.636,2
11-09-1996 00:00,9.272,2
12-09-1996 00:00,15.613,2
13-09-1996 00:00,13.418,2
14-09-1996 00:00,10.878,2
15-09-1996 00:00,10.215,2
16-09-1996 00:00,9.922,2
17-09-1996 00:00,9.837,2
18-09-1996 00:00,10.95,2
19-09-1996 00:00,11.004,2
20-09-1996 00:00,11.077,2
21-09-1996 00:00,10.989,2
22-09-1996 00:00,10.838,2
23-09-1996 00:00,10.793,2
24-09-1996 00:00,10.632,2
25-09-1996 00:00,10.894,2
26-09-1996 00:00,10.785,2
27-09-1996 00:00,13.154,2
28-09-1996 00:00,19.454,2
29-09-1996 00:00,37.453,2
30-09-1996 00:00,45.821,2
01-10-1996 00:00,23.588,2
02-10-1996 00:00,15.323,2
03-10-1996 00:00,13.938,2
04-10-1996 00:00,13.634,2
05-10-1996 00:00,12.537,2
06-10-1996 00:00,12.11,2
07-10-1996 00:00,12.286,2
08-10-1996 00:00,12.199,2
09-10-1996 00:00,12.368,2
10-10-1996 00:00,12.953,2
11-10-1996 00:00,11.998,2
12-10-1996 00:00,11.519,2
13-10-1996 00:00,11.139,2
14-10-1996 00:00,11.143,2
15-10-1996 00:00,10.82,2
16-10-1996 00:00,11.354,2
17-10-1996 00:00,13.933,2
18-10-1996 00:00,12.334,2
19-10-1996 00:00,11.254,2
20-10-1996 00:00,11.65,2
21-10-1996 00:00,14.074,2
22-10-1996 00:00,22.151,2
23-10-1996 00:00,14.089,2
24-10-1996 00:00,13.378,2
25-10-1996 00:00,11.433,2
26-10-1996 00:00,13.366,2
27-10-1996 00:00,25.601,2
28-10-1996 00:00,27.184,2
29-10-1996 00:00,24.024,2
30-10-1996 00:00,19.369,2
31-10-1996 00:00,17.2,2
01-11-1996 00:00,20.977,2
02-11-1996 00:00,30.319,2
03-11-1996 00:00,23.711,2
04-11-1996 00:00,20.876,2
05-11-1996 00:00,27.65,2
06-11-1996 00:00,62.03,2
07-11-1996 00:00,68.873,2
08-11-1996 00:00,29.384,2
09-11-1996 00:00,22.002,2
10-11-1996 00:00,20.754,2
11-11-1996 00:00,28.049,2
12-11-1996 00:00,44.673,2
13-11-1996 00:00,43.727,2
14-11-1996 00:00,34.492,2
15-11-1996 00:00,27.758,2
16-11-1996 00:00,25.075,2
17-11-1996 00:00,23.899,2
18-11-1996 00:00,22.973,2
19-11-1996 00:00,62.803,2
20-11-1996 00:00,55.483,2
21-11-1996 00:00,41.743,2
22-11-1996 00:00,34.251,2
23-11-1996 00:00,33.639,2
24-11-1996 00:00,32.228,2
25-11-1996 00:00,30.919,2
26-11-1996 00:00,29.768,2
27-11-1996 00:00,28.869,2
28-11-1996 00:00,28.153,2
29-11-1996 00:00,28.31,2
30-11-1996 00:00,45.629,2
01-12-1996 00:00,41.815,2
02-12-1996 00:00,65.028,2
03-12-1996 00:00,54.654,2
04-12-1996 00:00,62.994,2
05-12-1996 00:00,51.585,2
06-12-1996 00:00,64.745,2
07-12-1996 00:00,55.446,2
08-12-1996 00:00,49.084,2
09-12-1996 00:00,44.238,2
10-12-1996 00:00,41.337,2
11-12-1996 00:00,38.599,2
12-12-1996 00:00,36.982,2
13-12-1996 00:00,36.092,2
14-12-1996 00:00,36.436,2
15-12-1996 00:00,61.675,2
16-12-1996 00:00,43.269,2
17-12-1996 00:00,45.112,2
18-12-1996 00:00,43.041,2
19-12-1996 00:00,41.502,2
20-12-1996 00:00,37.426,2
21-12-1996 00:00,34.162,2
22-12-1996 00:00,31.639,2
23-12-1996 00:00,29.806,2
24-12-1996 00:00,29.469,2
25-12-1996 00:00,26.976,2
26-12-1996 00:00,24.037,2
27-12-1996 00:00,22.461,2
28-12-1996 00:00,22.014,2
29-12-1996 00:00,21.948,2
30-12-1996 00:00,21.65,2
31-12-1996 00:00,21.097,2
01-01-1997 00:00,20.479,2
02-01-1997 00:00,20.067,2
03-01-1997 00:00,20.214,2
04-01-1997 00:00,20.611,2
05-01-1997 00:00,19.695,2
06-01-1997 00:00,19.175,2
07-01-1997 00:00,19.218,2
08-01-1997 00:00,19.588,2
09-01-1997 00:00,18.529,2
10-01-1997 00:00,18.437,2
11-01-1997 00:00,17.665,2
12-01-1997 00:00,17.431,2
13-01-1997 00:00,17.362,2
14-01-1997 00:00,17.36,2
15-01-1997 00:00,17.621,2
16-01-1997 00:00,17.513,2
17-01-1997 00:00,17.814,2
18-01-1997 00:00,17.755,2
19-01-1997 00:00,17.401,2
20-01-1997 00:00,17.609,2
21-01-1997 00:00,17.542,2
22-01-1997 00:00,17.501,2
23-01-1997 00:00,17.061,2
24-01-1997 00:00,17.592,2
25-01-1997 00:00,17.656,2
26-01-1997 00:00,17.631,2
27-01-1997 00:00,17.223,2
28-01-1997 00:00,17.174,2
29-01-1997 00:00,17.806,2
30-01-1997 00:00,17.683,2
31-01-1997 00:00,17.643,2
01-02-1997 00:00,17.529,2
02-02-1997 00:00,17.096,2
03-02-1997 00:00,17.247,2
04-02-1997 00:00,32.067,2
05-02-1997 00:00,119.182,2
06-02-1997 00:00,73.095,2
07-02-1997 00:00,80.107,2
08-02-1997 00:00,59.694,2
09-02-1997 00:00,51.025,2
10-02-1997 00:00,49.214,2
11-02-1997 00:00,66.655,2
12-02-1997 00:00,55.546,2
13-02-1997 00:00,82.628,2
14-02-1997 00:00,87.889,2
15-02-1997 00:00,83.47,2
16-02-1997 00:00,75.004,2
17-02-1997 00:00,68.923,2
18-02-1997 00:00,88.918,2
19-02-1997 00:00,143.931,2
20-02-1997 00:00,180.722,2
21-02-1997 00:00,176.702,2
22-02-1997 00:00,142.382,2
23-02-1997 00:00,118.277,2
24-02-1997 00:00,110.676,2
25-02-1997 00:00,189.487,2
26-02-1997 00:00,156.892,2
27-02-1997 00:00,109.873,2
28-02-1997 00:00,89.212,2
01-03-1997 00:00,85.101,2
02-03-1997 00:00,89.145,2
03-03-1997 00:00,81.396,2
04-03-1997 00:00,71.05,2
05-03-1997 00:00,67.182,2
06-03-1997 00:00,61.536,2
07-03-1997 00:00,56.238,2
08-03-1997 00:00,53.629,2
09-03-1997 00:00,50.88,2
10-03-1997 00:00,48.226,2
11-03-1997 00:00,45.815,2
12-03-1997 00:00,44.049,2
13-03-1997 00:00,44.742,2
14-03-1997 00:00,55.576,2
15-03-1997 00:00,53.387,2
16-03-1997 00:00,45.516,2
17-03-1997 00:00,42.056,2
18-03-1997 00:00,39.718,2
19-03-1997 00:00,39.761,2
20-03-1997 00:00,36.702,2
21-03-1997 00:00,34.572,2
22-03-1997 00:00,33.313,2
23-03-1997 00:00,32.324,2
24-03-1997 00:00,31.499,2
25-03-1997 00:00,29.869,2
26-03-1997 00:00,36.167,2
27-03-1997 00:00,49.551,2
28-03-1997 00:00,34.474,2
29-03-1997 00:00,29.877,2
30-03-1997 00:00,28.482,2
31-03-1997 00:00,28.187,2
01-04-1997 00:00,27.042,2
02-04-1997 00:00,26.046,2
03-04-1997 00:00,40.753,2
04-04-1997 00:00,34.843,2
05-04-1997 00:00,31.708,2
06-04-1997 00:00,34.866,2
07-04-1997 00:00,30.667,2
08-04-1997 00:00,27.722,2
09-04-1997 00:00,26.754,2
10-04-1997 00:00,25.891,2
11-04-1997 00:00,25.615,2
12-04-1997 00:00,24.198,2
13-04-1997 00:00,23.911,2
14-04-1997 00:00,24.784,2
15-04-1997 00:00,23.439,2
16-04-1997 00:00,22.998,2
17-04-1997 00:00,22.615,2
18-04-1997 00:00,23.094,2
19-04-1997 00:00,22.22,2
20-04-1997 00:00,21.645,2
21-04-1997 00:00,23.924,2
22-04-1997 00:00,24.995,2
23-04-1997 00:00,22.779,2
24-04-1997 00:00,50.063,2
25-04-1997 00:00,44.037,2
26-04-1997 00:00,28.294,2
27-04-1997 00:00,23.929,2
28-04-1997 00:00,25.018,2
29-04-1997 00:00,34.386,2
30-04-1997 00:00,39.948,2
01-05-1997 00:00,28.254,2
02-05-1997 00:00,25.104,2
03-05-1997 00:00,22.765,2
04-05-1997 00:00,26.921,2
05-05-1997 00:00,40.914,2
06-05-1997 00:00,37.707,2
07-05-1997 00:00,84.666,2
08-05-1997 00:00,48.094,2
09-05-1997 00:00,41.939,2
10-05-1997 00:00,39.772,2
11-05-1997 00:00,45.898,2
12-05-1997 00:00,63.559,2
13-05-1997 00:00,38.254,2
14-05-1997 00:00,40.283,2
15-05-1997 00:00,38.11,2
16-05-1997 00:00,33.683,2
17-05-1997 00:00,31.127,2
18-05-1997 00:00,61.829,2
19-05-1997 00:00,78.856,2
20-05-1997 00:00,67.737,2
21-05-1997 00:00,81.825,2
22-05-1997 00:00,73.083,2
23-05-1997 00:00,54.99,2
24-05-1997 00:00,46.052,2
25-05-1997 00:00,38.624,2
26-05-1997 00:00,42.112,2
27-05-1997 00:00,76.573,2
28-05-1997 00:00,48.634,2
29-05-1997 00:00,42.318,2
30-05-1997 00:00,36.7,2
31-05-1997 00:00,32.2,2
01-06-1997 00:00,29.423,2
02-06-1997 00:00,28.651,2
03-06-1997 00:00,26.793,2
04-06-1997 00:00,25.736,2
05-06-1997 00:00,24.177,2
06-06-1997 00:00,23.033,2
07-06-1997 00:00,22.197,2
08-06-1997 00:00,21.026,2
09-06-1997 00:00,29.054,2
10-06-1997 00:00,22.352,2
11-06-1997 00:00,20.451,2
12-06-1997 00:00,21.872,2
13-06-1997 00:00,20.02,2
14-06-1997 00:00,36.737,2
15-06-1997 00:00,29.798,2
16-06-1997 00:00,23.045,2
17-06-1997 00:00,19.755,2
18-06-1997 00:00,19.362,2
19-06-1997 00:00,19.302,2
20-06-1997 00:00,24.646,2
21-06-1997 00:00,39.431,2
22-06-1997 00:00,47.851,2
23-06-1997 00:00,45.293,2
24-06-1997 00:00,66.275,2
25-06-1997 00:00,37.42,2
26-06-1997 00:00,28.046,2
27-06-1997 00:00,46.122,2
28-06-1997 00:00,38.874,2
29-06-1997 00:00,32.018,2
30-06-1997 00:00,53.089,2
01-07-1997 00:00,105.062,2
02-07-1997 00:00,91.453,2
03-07-1997 00:00,66.882,2
04-07-1997 00:00,63.871,2
05-07-1997 00:00,64.508,2
06-07-1997 00:00,47.298,2
07-07-1997 00:00,38.213,2
08-07-1997 00:00,35.483,2
09-07-1997 00:00,30.841,2
10-07-1997 00:00,29.039,2
11-07-1997 00:00,25.633,2
12-07-1997 00:00,25.068,2
13-07-1997 00:00,21.812,2
14-07-1997 00:00,20.705,2
15-07-1997 00:00,19.302,2
16-07-1997 00:00,18.434,2
17-07-1997 00:00,17.229,2
18-07-1997 00:00,17.024,2
19-07-1997 00:00,20.382,2
20-07-1997 00:00,16.293,2
21-07-1997 00:00,19.275,2
22-07-1997 00:00,15.956,2
23-07-1997 00:00,15.555,2
24-07-1997 00:00,15.709,2
25-07-1997 00:00,47.943,2
26-07-1997 00:00,41.357,2
27-07-1997 00:00,33.021,2
28-07-1997 00:00,32.046,2
29-07-1997 00:00,17.693,2
30-07-1997 00:00,14.557,2
31-07-1997 00:00,25.373,2
01-08-1997 00:00,32.086,2
02-08-1997 00:00,25.066,2
03-08-1997 00:00,20.855,2
04-08-1997 00:00,24.222,2
05-08-1997 00:00,21.285,2
06-08-1997 00:00,18.885,2
07-08-1997 00:00,16.239,2
08-08-1997 00:00,15.439,2
09-08-1997 00:00,14.849,2
10-08-1997 00:00,14.113,2
11-08-1997 00:00,13.064,2
12-08-1997 00:00,12.925,2
13-08-1997 00:00,12.83,2
14-08-1997 00:00,15.44,2
15-08-1997 00:00,15.162,2
16-08-1997 00:00,12.2,2
17-08-1997 00:00,11.818,2
18-08-1997 00:00,11.592,2
19-08-1997 00:00,12.095,2
20-08-1997 00:00,12.948,2
21-08-1997 00:00,12.14,2
22-08-1997 00:00,12.121,2
23-08-1997 00:00,12.451,2
24-08-1997 00:00,11.582,2
25-08-1997 00:00,11.322,2
26-08-1997 00:00,12.184,2
27-08-1997 00:00,12.943,2
28-08-1997 00:00,11.833,2
29-08-1997 00:00,11.646,2
30-08-1997 00:00,13.534,2
31-08-1997 00:00,11.75,2
01-09-1997 00:00,11.261,2
02-09-1997 00:00,11.575,2
03-09-1997 00:00,19.993,2
04-09-1997 00:00,12.905,2
05-09-1997 00:00,12.406,2
06-09-1997 00:00,11.408,2
07-09-1997 00:00,18.43,2
08-09-1997 00:00,22.177,2
09-09-1997 00:00,23.751,2
10-09-1997 00:00,17.506,2
11-09-1997 00:00,16.02,2
12-09-1997 00:00,18.461,2
13-09-1997 00:00,16.331,2
14-09-1997 00:00,15.738,2
15-09-1997 00:00,15.485,2
16-09-1997 00:00,16.729,2
17-09-1997 00:00,16.658,2
18-09-1997 00:00,15.206,2
19-09-1997 00:00,15.293,2
20-09-1997 00:00,15.424,2
21-09-1997 00:00,15.352,2
22-09-1997 00:00,16.045,2
23-09-1997 00:00,16.161,2
24-09-1997 00:00,16.23,2
25-09-1997 00:00,16.253,2
26-09-1997 00:00,16.158,2
27-09-1997 00:00,16.111,2
28-09-1997 00:00,16.292,2
29-09-1997 00:00,16.073,2
30-09-1997 00:00,16.38,2
01-10-1997 00:00,30.729,2
02-10-1997 00:00,33.026,2
03-10-1997 00:00,19.662,2
04-10-1997 00:00,22.123,2
05-10-1997 00:00,31.452,2
06-10-1997 00:00,17.832,2
07-10-1997 00:00,18.117,2
08-10-1997 00:00,16.145,2
09-10-1997 00:00,102.958,2
10-10-1997 00:00,157.143,2
11-10-1997 00:00,90.542,2
12-10-1997 00:00,79.36,2
13-10-1997 00:00,51.984,2
14-10-1997 00:00,38.717,2
15-10-1997 00:00,34.133,2
16-10-1997 00:00,29.206,2
17-10-1997 00:00,26.505,2
18-10-1997 00:00,25.111,2
19-10-1997 00:00,23.193,2
20-10-1997 00:00,22.641,2
21-10-1997 00:00,21.999,2
22-10-1997 00:00,25.534,2
23-10-1997 00:00,22.33,2
24-10-1997 00:00,22.377,2
25-10-1997 00:00,22.973,2
26-10-1997 00:00,21.509,2
27-10-1997 00:00,20.465,2
28-10-1997 00:00,22.979,2
29-10-1997 00:00,31.497,2
30-10-1997 00:00,23.197,2
31-10-1997 00:00,21.077,2
01-11-1997 00:00,20.864,2
02-11-1997 00:00,22.098,2
03-11-1997 00:00,20.641,2
04-11-1997 00:00,19.747,2
05-11-1997 00:00,20.292,2
06-11-1997 00:00,28.945,2
07-11-1997 00:00,36.75,2
08-11-1997 00:00,28.662,2
09-11-1997 00:00,24.939,2
10-11-1997 00:00,23.878,2
11-11-1997 00:00,23.293,2
12-11-1997 00:00,22.835,2
13-11-1997 00:00,47.365,2
14-11-1997 00:00,36.575,2
15-11-1997 00:00,37.068,2
16-11-1997 00:00,35.044,2
17-11-1997 00:00,30.771,2
18-11-1997 00:00,28.74,2
19-11-1997 00:00,27.511,2
20-11-1997 00:00,26.704,2
21-11-1997 00:00,26.87,2
22-11-1997 00:00,25.065,2
23-11-1997 00:00,26.015,2
24-11-1997 00:00,23.961,2
25-11-1997 00:00,23.698,2
26-11-1997 00:00,23.071,2
27-11-1997 00:00,22.071,2
28-11-1997 00:00,21.956,2
29-11-1997 00:00,26.977,2
30-11-1997 00:00,31.801,2
01-12-1997 00:00,27.945,2
02-12-1997 00:00,25.266,2
03-12-1997 00:00,24.766,2
04-12-1997 00:00,23.369,2
05-12-1997 00:00,22.935,2
06-12-1997 00:00,27.492,2
07-12-1997 00:00,28.525,2
08-12-1997 00:00,27.718,2
09-12-1997 00:00,28.275,2
10-12-1997 00:00,43.547,2
11-12-1997 00:00,64.132,2
12-12-1997 00:00,54.325,2
13-12-1997 00:00,50.636,2
14-12-1997 00:00,70.533,2
15-12-1997 00:00,58.016,2
16-12-1997 00:00,47.665,2
17-12-1997 00:00,41.147,2
18-12-1997 00:00,37.546,2
19-12-1997 00:00,35.418,2
20-12-1997 00:00,33.386,2
21-12-1997 00:00,32.009,2
22-12-1997 00:00,31.033,2
23-12-1997 00:00,35.673,2
24-12-1997 00:00,36.034,2
25-12-1997 00:00,72.559,2
26-12-1997 00:00,126.488,2
27-12-1997 00:00,112.756,2
28-12-1997 00:00,87.06,2
29-12-1997 00:00,74.452,2
30-12-1997 00:00,64.796,2
31-12-1997 00:00,62.03,2
01-01-1998 00:00,64.372,2
02-01-1998 00:00,61.183,2
03-01-1998 00:00,76.739,2
04-01-1998 00:00,142.332,2
05-01-1998 00:00,127.184,2
06-01-1998 00:00,106.406,2
07-01-1998 00:00,105.452,2
08-01-1998 00:00,111.213,2
09-01-1998 00:00,91.668,2
10-01-1998 00:00,95.306,2
11-01-1998 00:00,85.698,2
12-01-1998 00:00,79.712,2
13-01-1998 00:00,75.414,2
14-01-1998 00:00,71.115,2
15-01-1998 00:00,71.385,2
16-01-1998 00:00,76.283,2
17-01-1998 00:00,68.242,2
18-01-1998 00:00,69.374,2
19-01-1998 00:00,96.428,2
20-01-1998 00:00,121.29,2
21-01-1998 00:00,96.993,2
22-01-1998 00:00,79.422,2
23-01-1998 00:00,71.784,2
24-01-1998 00:00,71.594,2
25-01-1998 00:00,66.993,2
26-01-1998 00:00,59.915,2
27-01-1998 00:00,57.978,2
28-01-1998 00:00,53.03,2
29-01-1998 00:00,49.84,2
30-01-1998 00:00,47.85,2
31-01-1998 00:00,46.46,2
01-02-1998 00:00,45.609,2
02-02-1998 00:00,44.447,2
03-02-1998 00:00,43.341,2
04-02-1998 00:00,108.198,2
05-02-1998 00:00,147.234,2
06-02-1998 00:00,126.778,2
07-02-1998 00:00,104.137,2
08-02-1998 00:00,95.3,2
09-02-1998 00:00,96.506,2
10-02-1998 00:00,103.259,2
11-02-1998 00:00,115.801,2
12-02-1998 00:00,220.845,2
13-02-1998 00:00,205.556,2
14-02-1998 00:00,213.524,2
15-02-1998 00:00,251.538,2
16-02-1998 00:00,246.228,2
17-02-1998 00:00,220.046,2
18-02-1998 00:00,189.147,2
19-02-1998 00:00,170.268,2
20-02-1998 00:00,156.429,2
21-02-1998 00:00,149.446,2
22-02-1998 00:00,178.289,2
23-02-1998 00:00,150.442,2
24-02-1998 00:00,132.791,2
25-02-1998 00:00,120.532,2
26-02-1998 00:00,113.659,2
27-02-1998 00:00,109.598,2
28-02-1998 00:00,104.539,2
01-03-1998 00:00,97.609,2
02-03-1998 00:00,114.286,2
03-03-1998 00:00,168.521,2
04-03-1998 00:00,296.983,2
05-03-1998 00:00,351.904,2
06-03-1998 00:00,306.543,2
07-03-1998 00:00,278.285,2
08-03-1998 00:00,243.141,2
09-03-1998 00:00,202.952,2
10-03-1998 00:00,177.442,2
11-03-1998 00:00,156.84,2
12-03-1998 00:00,149.259,2
13-03-1998 00:00,145.674,2
14-03-1998 00:00,140.98,2
15-03-1998 00:00,131.196,2
16-03-1998 00:00,123.764,2
17-03-1998 00:00,122.38,2
18-03-1998 00:00,113.74,2
19-03-1998 00:00,104.515,2
20-03-1998 00:00,99.279,2
21-03-1998 00:00,92.097,2
22-03-1998 00:00,89.479,2
23-03-1998 00:00,88.602,2
24-03-1998 00:00,79.229,2
25-03-1998 00:00,76.41,2
26-03-1998 00:00,75.083,2
27-03-1998 00:00,87.265,2
28-03-1998 00:00,75.588,2
29-03-1998 00:00,69.493,2
30-03-1998 00:00,66.025,2
31-03-1998 00:00,65.309,2
01-04-1998 00:00,68.687,2
02-04-1998 00:00,66.527,2
03-04-1998 00:00,103.311,2
04-04-1998 00:00,202.174,2
05-04-1998 00:00,193.177,2
06-04-1998 00:00,181.37,2
07-04-1998 00:00,162.255,2
08-04-1998 00:00,147.027,2
09-04-1998 00:00,132.737,2
10-04-1998 00:00,119.841,2
11-04-1998 00:00,125.885,2
12-04-1998 00:00,177.544,2
13-04-1998 00:00,136.094,2
14-04-1998 00:00,123.887,2
15-04-1998 00:00,116.905,2
16-04-1998 00:00,143.748,2
17-04-1998 00:00,136.055,2
18-04-1998 00:00,118.375,2
19-04-1998 00:00,108.665,2
20-04-1998 00:00,100.68,2
21-04-1998 00:00,96.196,2
22-04-1998 00:00,88.167,2
23-04-1998 00:00,79.487,2
24-04-1998 00:00,79.989,2
25-04-1998 00:00,78.991,2
26-04-1998 00:00,91.802,2
27-04-1998 00:00,97.83,2
28-04-1998 00:00,86.962,2
29-04-1998 00:00,83.161,2
30-04-1998 00:00,76.54,2
01-05-1998 00:00,67.166,2
02-05-1998 00:00,62.504,2
03-05-1998 00:00,59.737,2
04-05-1998 00:00,61.953,2
05-05-1998 00:00,54.51,2
06-05-1998 00:00,65.624,2
07-05-1998 00:00,55.54,2
08-05-1998 00:00,44.034,2
09-05-1998 00:00,40.735,2
10-05-1998 00:00,38.075,2
11-05-1998 00:00,35.81,2
12-05-1998 00:00,31.985,2
13-05-1998 00:00,30.417,2
14-05-1998 00:00,28.608,2
15-05-1998 00:00,26.226,2
16-05-1998 00:00,24.815,2
17-05-1998 00:00,23.166,2
18-05-1998 00:00,22.244,2
19-05-1998 00:00,21.319,2
20-05-1998 00:00,20.276,2
21-05-1998 00:00,18.823,2
22-05-1998 00:00,17.803,2
23-05-1998 00:00,17.054,2
24-05-1998 00:00,16.438,2
25-05-1998 00:00,15.909,2
26-05-1998 00:00,15.782,2
27-05-1998 00:00,15.695,2
28-05-1998 00:00,14.946,2
29-05-1998 00:00,14.285,2
30-05-1998 00:00,13.577,2
31-05-1998 00:00,12.371,2
01-06-1998 00:00,12.245,2
02-06-1998 00:00,12.014,2
03-06-1998 00:00,11.742,2
04-06-1998 00:00,14.309,2
05-06-1998 00:00,12.172,2
06-06-1998 00:00,12.202,2
07-06-1998 00:00,11.469,2
08-06-1998 00:00,12.742,2
09-06-1998 00:00,11.693,2
10-06-1998 00:00,15.958,2
11-06-1998 00:00,13.502,2
12-06-1998 00:00,11.611,2
13-06-1998 00:00,10.425,2
14-06-1998 00:00,9.271,2
15-06-1998 00:00,8.963,2
16-06-1998 00:00,35.038,2
17-06-1998 00:00,62.324,2
18-06-1998 00:00,34.374,2
19-06-1998 00:00,21.601,2
20-06-1998 00:00,17.087,2
21-06-1998 00:00,15.68,2
22-06-1998 00:00,29.144,2
23-06-1998 00:00,22.61,2
24-06-1998 00:00,16.771,2
25-06-1998 00:00,15.258,2
26-06-1998 00:00,17.497,2
27-06-1998 00:00,15.093,2
28-06-1998 00:00,35.779,2
29-06-1998 00:00,28.704,2
30-06-1998 00:00,30.89,2
01-07-1998 00:00,51.437,2
02-07-1998 00:00,46.993,2
03-07-1998 00:00,40.957,2
04-07-1998 00:00,37.183,2
05-07-1998 00:00,43.358,2
06-07-1998 00:00,44.322,2
07-07-1998 00:00,39.22,2
08-07-1998 00:00,58.349,2
09-07-1998 00:00,62.895,2
10-07-1998 00:00,66.309,2
11-07-1998 00:00,65.785,2
12-07-1998 00:00,70.077,2
13-07-1998 00:00,63.689,2
14-07-1998 00:00,58.435,2
15-07-1998 00:00,56.385,2
16-07-1998 00:00,48.011,2
17-07-1998 00:00,43.68,2
18-07-1998 00:00,51.944,2
19-07-1998 00:00,75.678,2
20-07-1998 00:00,61.107,2
21-07-1998 00:00,50.305,2
22-07-1998 00:00,56.787,2
23-07-1998 00:00,46.38,2
24-07-1998 00:00,51.897,2
25-07-1998 00:00,40.282,2
26-07-1998 00:00,35.971,2
27-07-1998 00:00,34.61,2
28-07-1998 00:00,43.58,2
29-07-1998 00:00,48.569,2
30-07-1998 00:00,81.799,2
31-07-1998 00:00,82.827,2
01-08-1998 00:00,74.597,2
02-08-1998 00:00,59.471,2
03-08-1998 00:00,53.602,2
04-08-1998 00:00,49.915,2
05-08-1998 00:00,49.739,2
06-08-1998 00:00,54.826,2
07-08-1998 00:00,57.444,2
08-08-1998 00:00,78.405,2
09-08-1998 00:00,99.017,2
10-08-1998 00:00,81.782,2
11-08-1998 00:00,65.416,2
12-08-1998 00:00,49.395,2
13-08-1998 00:00,46.214,2
14-08-1998 00:00,41.977,2
15-08-1998 00:00,38.824,2
16-08-1998 00:00,37.879,2
17-08-1998 00:00,35.667,2
18-08-1998 00:00,34,2
19-08-1998 00:00,34.552,2
20-08-1998 00:00,33.505,2
21-08-1998 00:00,61.146,2
22-08-1998 00:00,80.141,2
23-08-1998 00:00,63.702,2
24-08-1998 00:00,55.211,2
25-08-1998 00:00,50.876,2
26-08-1998 00:00,52.929,2
27-08-1998 00:00,46.64,2
28-08-1998 00:00,49.886,2
29-08-1998 00:00,45.034,2
30-08-1998 00:00,43.992,2
31-08-1998 00:00,43.027,2
01-09-1998 00:00,41.379,2
02-09-1998 00:00,39.948,2
03-09-1998 00:00,38.716,2
04-09-1998 00:00,37.773,2
05-09-1998 00:00,36.711,2
06-09-1998 00:00,35.84,2
07-09-1998 00:00,35.87,2
08-09-1998 00:00,37.922,2
09-09-1998 00:00,43.981,2
10-09-1998 00:00,42.429,2
11-09-1998 00:00,41.476,2
12-09-1998 00:00,78.242,2
13-09-1998 00:00,128.256,2
14-09-1998 00:00,231.468,2
15-09-1998 00:00,198.114,2
16-09-1998 00:00,185.351,2
17-09-1998 00:00,172.16,2
18-09-1998 00:00,151.048,2
19-09-1998 00:00,137.176,2
20-09-1998 00:00,121.858,2
21-09-1998 00:00,109.716,2
22-09-1998 00:00,99.497,2
23-09-1998 00:00,90.009,2
24-09-1998 00:00,83.587,2
25-09-1998 00:00,77.504,2
26-09-1998 00:00,72.372,2
27-09-1998 00:00,68.24,2
28-09-1998 00:00,68.155,2
29-09-1998 00:00,65.356,2
30-09-1998 00:00,61.173,2
01-10-1998 00:00,56.69,2
02-10-1998 00:00,53.612,2
03-10-1998 00:00,51.107,2
04-10-1998 00:00,50.146,2
05-10-1998 00:00,52.388,2
06-10-1998 00:00,47.895,2
07-10-1998 00:00,48.446,2
08-10-1998 00:00,48.245,2
09-10-1998 00:00,46.795,2
10-10-1998 00:00,64.144,2
11-10-1998 00:00,97.352,2
12-10-1998 00:00,99.966,2
13-10-1998 00:00,82.405,2
14-10-1998 00:00,167.479,2
15-10-1998 00:00,197.116,2
16-10-1998 00:00,173.212,2
17-10-1998 00:00,294.483,2
18-10-1998 00:00,250.532,2
19-10-1998 00:00,223.169,2
20-10-1998 00:00,201.513,2
21-10-1998 00:00,195.342,2
22-10-1998 00:00,225.801,2
23-10-1998 00:00,210.915,2
24-10-1998 00:00,184.309,2
25-10-1998 00:00,275.3,2
26-10-1998 00:00,316.22,2
27-10-1998 00:00,310.329,2
28-10-1998 00:00,375.844,2
29-10-1998 00:00,350.363,2
30-10-1998 00:00,301.87,2
31-10-1998 00:00,268.302,2
01-11-1998 00:00,237.834,2
02-11-1998 00:00,206.825,2
03-11-1998 00:00,189.103,2
04-11-1998 00:00,180.906,2
05-11-1998 00:00,188.14,2
06-11-1998 00:00,197.73,2
07-11-1998 00:00,188.707,2
08-11-1998 00:00,177.2,2
09-11-1998 00:00,177.437,2
10-11-1998 00:00,198.869,2
11-11-1998 00:00,216.163,2
12-11-1998 00:00,217.574,2
13-11-1998 00:00,196.985,2
14-11-1998 00:00,184.007,2
15-11-1998 00:00,172.576,2
16-11-1998 00:00,162.285,2
17-11-1998 00:00,152.353,2
18-11-1998 00:00,139.224,2
19-11-1998 00:00,129.03,2
20-11-1998 00:00,120.535,2
21-11-1998 00:00,112.606,2
22-11-1998 00:00,106.476,2
23-11-1998 00:00,102.439,2
24-11-1998 00:00,101.085,2
25-11-1998 00:00,105.182,2
26-11-1998 00:00,103.032,2
27-11-1998 00:00,100.908,2
28-11-1998 00:00,98.855,2
29-11-1998 00:00,97.07,2
30-11-1998 00:00,95.443,2
01-12-1998 00:00,94.29,2
02-12-1998 00:00,93.14,2
03-12-1998 00:00,92.107,2
04-12-1998 00:00,91.273,2
05-12-1998 00:00,90.24,2
06-12-1998 00:00,89.406,2
07-12-1998 00:00,88.61,2
08-12-1998 00:00,87.896,2
09-12-1998 00:00,87.292,2
10-12-1998 00:00,86.291,2
11-12-1998 00:00,85.652,2
12-12-1998 00:00,85.397,2
13-12-1998 00:00,184.078,2
14-12-1998 00:00,223.277,2
15-12-1998 00:00,225.18,2
16-12-1998 00:00,210.955,2
17-12-1998 00:00,191.116,2
18-12-1998 00:00,173.716,2
19-12-1998 00:00,159.504,2
20-12-1998 00:00,147.877,2
21-12-1998 00:00,132.047,2
22-12-1998 00:00,116.681,2
23-12-1998 00:00,110.348,2
24-12-1998 00:00,117.17,2
25-12-1998 00:00,154.258,2
26-12-1998 00:00,257.735,2
27-12-1998 00:00,281.221,2
28-12-1998 00:00,241.824,2
29-12-1998 00:00,210.627,2
30-12-1998 00:00,178.269,2
31-12-1998 00:00,159.667,2
01-01-1999 00:00,139.133,2
02-01-1999 00:00,125.976,2
03-01-1999 00:00,119.064,2
04-01-1999 00:00,123.615,2
05-01-1999 00:00,159.105,2
06-01-1999 00:00,173.903,2
07-01-1999 00:00,207.101,2
08-01-1999 00:00,206.953,2
09-01-1999 00:00,177.67,2
10-01-1999 00:00,149.718,2
11-01-1999 00:00,130.134,2
12-01-1999 00:00,120.361,2
13-01-1999 00:00,111.634,2
14-01-1999 00:00,110.528,2
15-01-1999 00:00,146.706,2
16-01-1999 00:00,237.826,2
17-01-1999 00:00,260.146,2
18-01-1999 00:00,229.174,2
19-01-1999 00:00,196.715,2
20-01-1999 00:00,177.954,2
21-01-1999 00:00,191.083,2
22-01-1999 00:00,201.201,2
23-01-1999 00:00,175.648,2
24-01-1999 00:00,174.229,2
25-01-1999 00:00,210.062,2
26-01-1999 00:00,232.719,2
27-01-1999 00:00,207.162,2
28-01-1999 00:00,173.366,2
29-01-1999 00:00,153.275,2
30-01-1999 00:00,137.968,2
31-01-1999 00:00,115.269,2
01-02-1999 00:00,120.709,2
02-02-1999 00:00,117.735,2
03-02-1999 00:00,122.936,2
04-02-1999 00:00,151.827,2
05-02-1999 00:00,198.378,2
06-02-1999 00:00,181.817,2
07-02-1999 00:00,150.438,2
08-02-1999 00:00,131.075,2
09-02-1999 00:00,112.605,2
10-02-1999 00:00,96.877,2
11-02-1999 00:00,88.397,2
12-02-1999 00:00,81.274,2
13-02-1999 00:00,75.656,2
14-02-1999 00:00,74.808,2
15-02-1999 00:00,77.533,2
16-02-1999 00:00,114.658,2
17-02-1999 00:00,106.686,2
18-02-1999 00:00,88.646,2
19-02-1999 00:00,100.922,2
20-02-1999 00:00,154.858,2
21-02-1999 00:00,150.34,2
22-02-1999 00:00,159.982,2
23-02-1999 00:00,142.73,2
24-02-1999 00:00,120.344,2
25-02-1999 00:00,108.096,2
26-02-1999 00:00,129.754,2
27-02-1999 00:00,168.103,2
28-02-1999 00:00,202.174,2
01-03-1999 00:00,195.946,2
02-03-1999 00:00,174.492,2
03-03-1999 00:00,212.061,2
04-03-1999 00:00,268.064,2
05-03-1999 00:00,274.165,2
06-03-1999 00:00,264.486,2
07-03-1999 00:00,342.612,2
08-03-1999 00:00,353.776,2
09-03-1999 00:00,340.348,2
10-03-1999 00:00,315.372,2
11-03-1999 00:00,292.122,2
12-03-1999 00:00,268.047,2
13-03-1999 00:00,245.833,2
14-03-1999 00:00,228.122,2
15-03-1999 00:00,213.607,2
16-03-1999 00:00,197.274,2
17-03-1999 00:00,183.679,2
18-03-1999 00:00,172.613,2
19-03-1999 00:00,161.222,2
20-03-1999 00:00,149.845,2
21-03-1999 00:00,136.405,2
22-03-1999 00:00,130.273,2
23-03-1999 00:00,129.672,2
24-03-1999 00:00,126.676,2
25-03-1999 00:00,121.209,2
26-03-1999 00:00,114.988,2
27-03-1999 00:00,109.886,2
28-03-1999 00:00,103.455,2
29-03-1999 00:00,97.805,2
30-03-1999 00:00,92.585,2
31-03-1999 00:00,89.442,2
01-04-1999 00:00,86.67,2
02-04-1999 00:00,83.984,2
03-04-1999 00:00,80.145,2
04-04-1999 00:00,77.539,2
05-04-1999 00:00,75.133,2
06-04-1999 00:00,81.83,2
07-04-1999 00:00,83.509,2
08-04-1999 00:00,79.328,2
09-04-1999 00:00,77.008,2
10-04-1999 00:00,73.977,2
11-04-1999 00:00,71.718,2
12-04-1999 00:00,72.542,2
13-04-1999 00:00,87.434,2
14-04-1999 00:00,83.557,2
15-04-1999 00:00,112.533,2
16-04-1999 00:00,121.086,2
17-04-1999 00:00,98.857,2
18-04-1999 00:00,138.946,2
19-04-1999 00:00,194.856,2
20-04-1999 00:00,150.55,2
21-04-1999 00:00,123.014,2
22-04-1999 00:00,107.577,2
23-04-1999 00:00,98.132,2
24-04-1999 00:00,90.007,2
25-04-1999 00:00,85.777,2
26-04-1999 00:00,82.849,2
27-04-1999 00:00,79.521,2
28-04-1999 00:00,76.247,2
29-04-1999 00:00,73.322,2
30-04-1999 00:00,70.149,2
01-05-1999 00:00,67.944,2
02-05-1999 00:00,64.969,2
03-05-1999 00:00,63.895,2
04-05-1999 00:00,61.538,2
05-05-1999 00:00,59.457,2
06-05-1999 00:00,57.464,2
07-05-1999 00:00,56.63,2
08-05-1999 00:00,56.364,2
09-05-1999 00:00,56.928,2
10-05-1999 00:00,59.744,2
11-05-1999 00:00,76.816,2
12-05-1999 00:00,88.993,2
13-05-1999 00:00,106.438,2
14-05-1999 00:00,101.103,2
15-05-1999 00:00,89.635,2
16-05-1999 00:00,77.334,2
17-05-1999 00:00,70.167,2
18-05-1999 00:00,64.798,2
19-05-1999 00:00,61.253,2
20-05-1999 00:00,57.486,2
21-05-1999 00:00,54.236,2
22-05-1999 00:00,54.391,2
23-05-1999 00:00,53.352,2
24-05-1999 00:00,49.733,2
25-05-1999 00:00,52.448,2
26-05-1999 00:00,54.882,2
27-05-1999 00:00,47.54,2
28-05-1999 00:00,44.297,2
29-05-1999 00:00,42.137,2
30-05-1999 00:00,45.272,2
31-05-1999 00:00,48.182,2
01-06-1999 00:00,41.853,2
02-06-1999 00:00,40.562,2
03-06-1999 00:00,44.97,2
04-06-1999 00:00,53.899,2
05-06-1999 00:00,58.38,2
06-06-1999 00:00,66.269,2
07-06-1999 00:00,65.301,2
08-06-1999 00:00,64.109,2
09-06-1999 00:00,78.676,2
10-06-1999 00:00,73.363,2
11-06-1999 00:00,70.596,2
12-06-1999 00:00,76.322,2
13-06-1999 00:00,75.199,2
14-06-1999 00:00,73.276,2
15-06-1999 00:00,68.88,2
16-06-1999 00:00,59.172,2
17-06-1999 00:00,52.603,2
18-06-1999 00:00,46.969,2
19-06-1999 00:00,42.645,2
20-06-1999 00:00,39.832,2
21-06-1999 00:00,41.538,2
22-06-1999 00:00,38.011,2
23-06-1999 00:00,35.907,2
24-06-1999 00:00,34.639,2
25-06-1999 00:00,38.241,2
26-06-1999 00:00,77.852,2
27-06-1999 00:00,108.352,2
28-06-1999 00:00,93.646,2
29-06-1999 00:00,106.649,2
30-06-1999 00:00,82.879,2
01-07-1999 00:00,72.402,2
02-07-1999 00:00,64.583,2
03-07-1999 00:00,49.209,2
04-07-1999 00:00,40.451,2
05-07-1999 00:00,37.468,2
06-07-1999 00:00,35.036,2
07-07-1999 00:00,30.791,2
08-07-1999 00:00,28.34,2
09-07-1999 00:00,26.623,2
10-07-1999 00:00,25.428,2
11-07-1999 00:00,24.804,2
12-07-1999 00:00,24.305,2
13-07-1999 00:00,23.639,2
14-07-1999 00:00,23.611,2
15-07-1999 00:00,23.026,2
16-07-1999 00:00,22.865,2
17-07-1999 00:00,28.797,2
18-07-1999 00:00,25.844,2
19-07-1999 00:00,22.977,2
20-07-1999 00:00,23.156,2
21-07-1999 00:00,25.142,2
22-07-1999 00:00,23.795,2
23-07-1999 00:00,22.812,2
24-07-1999 00:00,20.375,2
25-07-1999 00:00,18.712,2
26-07-1999 00:00,17.743,2
27-07-1999 00:00,17.688,2
28-07-1999 00:00,19.224,2
29-07-1999 00:00,17.333,2
30-07-1999 00:00,16.109,2
31-07-1999 00:00,15.43,2
01-08-1999 00:00,14.807,2
02-08-1999 00:00,14.308,2
03-08-1999 00:00,14.02,2
04-08-1999 00:00,14.838,2
05-08-1999 00:00,14.614,2
06-08-1999 00:00,13.835,2
07-08-1999 00:00,13.017,2
08-08-1999 00:00,17.34,2
09-08-1999 00:00,19.538,2
10-08-1999 00:00,20.55,2
11-08-1999 00:00,21.547,2
12-08-1999 00:00,21.14,2
13-08-1999 00:00,20.538,2
14-08-1999 00:00,20.199,2
15-08-1999 00:00,24.132,2
16-08-1999 00:00,49.086,2
17-08-1999 00:00,75.193,2
18-08-1999 00:00,70.958,2
19-08-1999 00:00,81.596,2
20-08-1999 00:00,107.157,2
21-08-1999 00:00,102.7,2
22-08-1999 00:00,86.895,2
23-08-1999 00:00,87.219,2
24-08-1999 00:00,75.1,2
25-08-1999 00:00,58.505,2
26-08-1999 00:00,46.933,2
27-08-1999 00:00,47.48,2
28-08-1999 00:00,43.489,2
29-08-1999 00:00,37.995,2
30-08-1999 00:00,33.721,2
31-08-1999 00:00,33.147,2
01-09-1999 00:00,30.881,2
02-09-1999 00:00,27.773,2
03-09-1999 00:00,25.798,2
04-09-1999 00:00,24.804,2
05-09-1999 00:00,23.564,2
06-09-1999 00:00,22.577,2
07-09-1999 00:00,21.988,2
08-09-1999 00:00,20.847,2
09-09-1999 00:00,20.131,2
10-09-1999 00:00,19.373,2
11-09-1999 00:00,19.04,2
12-09-1999 00:00,18.948,2
13-09-1999 00:00,19.067,2
14-09-1999 00:00,18.31,2
15-09-1999 00:00,18.409,2
16-09-1999 00:00,17.99,2
17-09-1999 00:00,17.439,2
18-09-1999 00:00,17.468,2
19-09-1999 00:00,17.054,2
20-09-1999 00:00,16.659,2
21-09-1999 00:00,16.207,2
22-09-1999 00:00,16.493,2
23-09-1999 00:00,17.392,2
24-09-1999 00:00,23.64,2
25-09-1999 00:00,24.508,2
26-09-1999 00:00,28.962,2
27-09-1999 00:00,28.281,2
28-09-1999 00:00,28.403,2
29-09-1999 00:00,26.033,2
30-09-1999 00:00,27.097,2
01-10-1999 00:00,41.706,2
02-10-1999 00:00,43.104,2
03-10-1999 00:00,46.473,2
04-10-1999 00:00,41.787,2
05-10-1999 00:00,36.133,2
06-10-1999 00:00,33.367,2
07-10-1999 00:00,40.725,2
08-10-1999 00:00,48.636,2
09-10-1999 00:00,49.588,2
10-10-1999 00:00,47.865,2
11-10-1999 00:00,45.643,2
12-10-1999 00:00,42.574,2
13-10-1999 00:00,38.406,2
14-10-1999 00:00,43.095,2
15-10-1999 00:00,41.457,2
16-10-1999 00:00,36.268,2
17-10-1999 00:00,33.5,2
18-10-1999 00:00,31.874,2
19-10-1999 00:00,31.162,2
20-10-1999 00:00,29.518,2
21-10-1999 00:00,28.818,2
22-10-1999 00:00,27.735,2
23-10-1999 00:00,27.323,2
24-10-1999 00:00,38.795,2
25-10-1999 00:00,37.897,2
26-10-1999 00:00,35.396,2
27-10-1999 00:00,38.698,2
28-10-1999 00:00,34.492,2
29-10-1999 00:00,32.292,2
30-10-1999 00:00,30.91,2
31-10-1999 00:00,31.46,2
01-11-1999 00:00,32.318,2
02-11-1999 00:00,32.644,2
03-11-1999 00:00,38.361,2
04-11-1999 00:00,35.434,2
05-11-1999 00:00,34.406,2
06-11-1999 00:00,34.772,2
07-11-1999 00:00,32.74,2
08-11-1999 00:00,31.422,2
09-11-1999 00:00,31.047,2
10-11-1999 00:00,30.471,2
11-11-1999 00:00,29.588,2
12-11-1999 00:00,29.172,2
13-11-1999 00:00,29.763,2
14-11-1999 00:00,29.619,2
15-11-1999 00:00,28.044,2
16-11-1999 00:00,26.066,2
17-11-1999 00:00,27.451,2
18-11-1999 00:00,31.517,2
19-11-1999 00:00,30.28,2
20-11-1999 00:00,28.591,2
21-11-1999 00:00,28.274,2
22-11-1999 00:00,27.411,2
23-11-1999 00:00,27.016,2
24-11-1999 00:00,26.566,2
25-11-1999 00:00,28.596,2
26-11-1999 00:00,30.523,2
27-11-1999 00:00,29.648,2
28-11-1999 00:00,29.747,2
29-11-1999 00:00,29.208,2
30-11-1999 00:00,28.171,2
01-12-1999 00:00,34.353,2
02-12-1999 00:00,33.627,2
03-12-1999 00:00,42.991,2
04-12-1999 00:00,96.042,2
05-12-1999 00:00,78.243,2
06-12-1999 00:00,76.623,2
07-12-1999 00:00,115.305,2
08-12-1999 00:00,96.695,2
09-12-1999 00:00,108.093,2
10-12-1999 00:00,104.573,2
11-12-1999 00:00,87.055,2
12-12-1999 00:00,174.014,2
13-12-1999 00:00,180.673,2
14-12-1999 00:00,142.85,2
15-12-1999 00:00,123.101,2
16-12-1999 00:00,119.349,2
17-12-1999 00:00,161.809,2
18-12-1999 00:00,257.301,2
19-12-1999 00:00,236.227,2
20-12-1999 00:00,192.287,2
21-12-1999 00:00,158.931,2
22-12-1999 00:00,115.382,2
23-12-1999 00:00,114.555,2
24-12-1999 00:00,144.721,2
25-12-1999 00:00,239.786,2
26-12-1999 00:00,297.982,2
27-12-1999 00:00,300.416,2
28-12-1999 00:00,282.979,2
29-12-1999 00:00,252.029,2
30-12-1999 00:00,210.448,2
31-12-1999 00:00,177.219,2
01-01-2000 00:00,164.406,2
02-01-2000 00:00,158.506,2
03-01-2000 00:00,147.408,2
04-01-2000 00:00,140.638,2
05-01-2000 00:00,156.784,2
06-01-2000 00:00,153.02,2
07-01-2000 00:00,152.203,2
08-01-2000 00:00,137.962,2
09-01-2000 00:00,121.592,2
10-01-2000 00:00,108.462,2
11-01-2000 00:00,100.338,2
12-01-2000 00:00,98.023,2
13-01-2000 00:00,93.573,2
14-01-2000 00:00,86.159,2
15-01-2000 00:00,79.486,2
16-01-2000 00:00,76.031,2
17-01-2000 00:00,75.644,2
18-01-2000 00:00,70.929,2
19-01-2000 00:00,64.049,2
20-01-2000 00:00,63.033,2
21-01-2000 00:00,61.961,2
22-01-2000 00:00,57.674,2
23-01-2000 00:00,53.202,2
24-01-2000 00:00,50.172,2
25-01-2000 00:00,50.177,2
26-01-2000 00:00,49.333,2
27-01-2000 00:00,51.359,2
28-01-2000 00:00,62.572,2
29-01-2000 00:00,97.734,2
30-01-2000 00:00,125.36,2
31-01-2000 00:00,152.202,2
01-02-2000 00:00,169.074,2
02-02-2000 00:00,168.933,2
03-02-2000 00:00,150.938,2
04-02-2000 00:00,121.815,2
05-02-2000 00:00,110.541,2
06-02-2000 00:00,101.451,2
07-02-2000 00:00,105.123,2
08-02-2000 00:00,105.367,2
09-02-2000 00:00,116.57,2
10-02-2000 00:00,117.451,2
11-02-2000 00:00,117.633,2
12-02-2000 00:00,106.895,2
13-02-2000 00:00,109.677,2
14-02-2000 00:00,98.288,2
15-02-2000 00:00,95.744,2
16-02-2000 00:00,96.865,2
17-02-2000 00:00,104.347,2
18-02-2000 00:00,91.852,2
19-02-2000 00:00,94.544,2
20-02-2000 00:00,90.765,2
21-02-2000 00:00,81.415,2
22-02-2000 00:00,74.354,2
23-02-2000 00:00,70.707,2
24-02-2000 00:00,81.137,2
25-02-2000 00:00,94.06,2
26-02-2000 00:00,87.876,2
27-02-2000 00:00,82.383,2
28-02-2000 00:00,80.036,2
29-02-2000 00:00,76.578,2
01-03-2000 00:00,96.583,2
02-03-2000 00:00,100,2
03-03-2000 00:00,117.327,2
04-03-2000 00:00,119.099,2
05-03-2000 00:00,103.482,2
06-03-2000 00:00,95.426,2
07-03-2000 00:00,141.809,2
08-03-2000 00:00,236.989,2
09-03-2000 00:00,251.151,2
10-03-2000 00:00,199.121,2
11-03-2000 00:00,190.39,2
12-03-2000 00:00,230.432,2
13-03-2000 00:00,298.539,2
14-03-2000 00:00,314.841,2
15-03-2000 00:00,284.335,2
16-03-2000 00:00,235.126,2
17-03-2000 00:00,200.251,2
18-03-2000 00:00,170.315,2
19-03-2000 00:00,143.903,2
20-03-2000 00:00,131.695,2
21-03-2000 00:00,120.828,2
22-03-2000 00:00,109.659,2
23-03-2000 00:00,101.614,2
24-03-2000 00:00,91.806,2
25-03-2000 00:00,86.449,2
26-03-2000 00:00,110.808,2
27-03-2000 00:00,152.112,2
28-03-2000 00:00,139.139,2
29-03-2000 00:00,171.977,2
30-03-2000 00:00,226.076,2
31-03-2000 00:00,224.327,2
01-04-2000 00:00,179.832,2
02-04-2000 00:00,143.252,2
03-04-2000 00:00,122.615,2
04-04-2000 00:00,110.771,2
05-04-2000 00:00,127.445,2
06-04-2000 00:00,105.572,2
07-04-2000 00:00,93.677,2
08-04-2000 00:00,85.325,2
09-04-2000 00:00,79.62,2
10-04-2000 00:00,75.221,2
11-04-2000 00:00,71.157,2
12-04-2000 00:00,67.725,2
13-04-2000 00:00,120.618,2
14-04-2000 00:00,131.301,2
15-04-2000 00:00,114.236,2
16-04-2000 00:00,141.986,2
17-04-2000 00:00,131.184,2
18-04-2000 00:00,115.25,2
19-04-2000 00:00,104.077,2
20-04-2000 00:00,98.83,2
21-04-2000 00:00,88.547,2
22-04-2000 00:00,80.228,2
23-04-2000 00:00,87.54,2
24-04-2000 00:00,84.233,2
25-04-2000 00:00,79.858,2
26-04-2000 00:00,72.448,2
27-04-2000 00:00,68.157,2
28-04-2000 00:00,64.616,2
29-04-2000 00:00,60.097,2
30-04-2000 00:00,56.228,2
01-05-2000 00:00,53.394,2
02-05-2000 00:00,49.494,2
03-05-2000 00:00,48.082,2
04-05-2000 00:00,47.549,2
05-05-2000 00:00,45.715,2
06-05-2000 00:00,45.039,2
07-05-2000 00:00,43.285,2
08-05-2000 00:00,41.86,2
09-05-2000 00:00,40.265,2
10-05-2000 00:00,39.318,2
11-05-2000 00:00,38.843,2
12-05-2000 00:00,37.399,2
13-05-2000 00:00,35.967,2
14-05-2000 00:00,35.508,2
15-05-2000 00:00,34.076,2
16-05-2000 00:00,33.707,2
17-05-2000 00:00,33.582,2
18-05-2000 00:00,33.802,2
19-05-2000 00:00,33.313,2
20-05-2000 00:00,33.935,2
21-05-2000 00:00,39.268,2
22-05-2000 00:00,32.757,2
23-05-2000 00:00,30.466,2
24-05-2000 00:00,31.092,2
25-05-2000 00:00,30.939,2
26-05-2000 00:00,31.74,2
27-05-2000 00:00,28.243,2
28-05-2000 00:00,30.21,2
29-05-2000 00:00,29.83,2
30-05-2000 00:00,29.034,2
31-05-2000 00:00,27.537,2
01-06-2000 00:00,26.729,2
02-06-2000 00:00,32.925,2
03-06-2000 00:00,31.381,2
04-06-2000 00:00,29.413,2
05-06-2000 00:00,31.528,2
06-06-2000 00:00,32.236,2
07-06-2000 00:00,40.118,2
08-06-2000 00:00,38.76,2
09-06-2000 00:00,35.178,2
10-06-2000 00:00,32.679,2
11-06-2000 00:00,30.962,2
12-06-2000 00:00,28.919,2
13-06-2000 00:00,27.172,2
14-06-2000 00:00,26.225,2
15-06-2000 00:00,25.192,2
16-06-2000 00:00,24.888,2
17-06-2000 00:00,23.903,2
18-06-2000 00:00,23.019,2
19-06-2000 00:00,22.674,2
20-06-2000 00:00,22.283,2
21-06-2000 00:00,21.332,2
22-06-2000 00:00,21.782,2
23-06-2000 00:00,22.493,2
24-06-2000 00:00,22.548,2
25-06-2000 00:00,23.998,2
26-06-2000 00:00,37.67,2
27-06-2000 00:00,34.193,2
28-06-2000 00:00,28.774,2
29-06-2000 00:00,25.429,2
30-06-2000 00:00,25.712,2
01-07-2000 00:00,39.72,2
02-07-2000 00:00,37.271,2
03-07-2000 00:00,29.411,2
04-07-2000 00:00,25.671,2
05-07-2000 00:00,24.015,2
06-07-2000 00:00,23.212,2
07-07-2000 00:00,22.413,2
08-07-2000 00:00,21.834,2
09-07-2000 00:00,22.334,2
10-07-2000 00:00,30.595,2
11-07-2000 00:00,46.699,2
12-07-2000 00:00,43.155,2
13-07-2000 00:00,37.348,2
14-07-2000 00:00,33.228,2
15-07-2000 00:00,32.23,2
16-07-2000 00:00,30.104,2
17-07-2000 00:00,27.88,2
18-07-2000 00:00,27.391,2
19-07-2000 00:00,25.703,2
20-07-2000 00:00,24.805,2
21-07-2000 00:00,23.31,2
22-07-2000 00:00,22.282,2
23-07-2000 00:00,22.157,2
24-07-2000 00:00,23.627,2
25-07-2000 00:00,23.388,2
26-07-2000 00:00,22.673,2
27-07-2000 00:00,21.665,2
28-07-2000 00:00,21.145,2
29-07-2000 00:00,20.672,2
30-07-2000 00:00,21.255,2
31-07-2000 00:00,20.953,2
01-08-2000 00:00,21.326,2
02-08-2000 00:00,25.79,2
03-08-2000 00:00,31.888,2
04-08-2000 00:00,33.466,2
05-08-2000 00:00,33.642,2
06-08-2000 00:00,33.674,2
07-08-2000 00:00,33.633,2
08-08-2000 00:00,31.835,2
09-08-2000 00:00,27.61,2
10-08-2000 00:00,26.181,2
11-08-2000 00:00,27.356,2
12-08-2000 00:00,25.658,2
13-08-2000 00:00,23.314,2
14-08-2000 00:00,21.463,2
15-08-2000 00:00,20.809,2
16-08-2000 00:00,20.141,2
17-08-2000 00:00,19.94,2
18-08-2000 00:00,22.358,2
19-08-2000 00:00,21.71,2
20-08-2000 00:00,20.976,2
21-08-2000 00:00,20.348,2
22-08-2000 00:00,19.712,2
23-08-2000 00:00,19.404,2
24-08-2000 00:00,19.704,2
25-08-2000 00:00,21.438,2
26-08-2000 00:00,21.276,2
27-08-2000 00:00,20.193,2
28-08-2000 00:00,19.293,2
29-08-2000 00:00,18.903,2
30-08-2000 00:00,18.924,2
31-08-2000 00:00,18.895,2
01-09-2000 00:00,19.022,2
02-09-2000 00:00,31.849,2
03-09-2000 00:00,68.778,2
04-09-2000 00:00,61.25,2
05-09-2000 00:00,50.552,2
06-09-2000 00:00,46.855,2
07-09-2000 00:00,46.185,2
08-09-2000 00:00,45.58,2
09-09-2000 00:00,42.421,2
10-09-2000 00:00,39.124,2
11-09-2000 00:00,36.238,2
12-09-2000 00:00,38.779,2
13-09-2000 00:00,88.716,2
14-09-2000 00:00,92.635,2
15-09-2000 00:00,75.503,2
16-09-2000 00:00,61.814,2
17-09-2000 00:00,48.926,2
18-09-2000 00:00,39.3,2
19-09-2000 00:00,33.8,2
20-09-2000 00:00,31.899,2
21-09-2000 00:00,30.066,2
22-09-2000 00:00,28.537,2
23-09-2000 00:00,27.145,2
24-09-2000 00:00,26.214,2
25-09-2000 00:00,25.309,2
26-09-2000 00:00,24.844,2
27-09-2000 00:00,25.617,2
28-09-2000 00:00,30.095,2
29-09-2000 00:00,29.718,2
30-09-2000 00:00,27.283,2
01-10-2000 00:00,25.51,2
02-10-2000 00:00,26.193,2
03-10-2000 00:00,28.094,2
04-10-2000 00:00,26.493,2
05-10-2000 00:00,26.332,2
06-10-2000 00:00,25.782,2
07-10-2000 00:00,24.256,2
08-10-2000 00:00,24.665,2
09-10-2000 00:00,26.958,2
10-10-2000 00:00,33.201,2
11-10-2000 00:00,41.062,2
12-10-2000 00:00,49.729,2
13-10-2000 00:00,41.633,2
14-10-2000 00:00,39.013,2
15-10-2000 00:00,37.538,2
16-10-2000 00:00,36.92,2
17-10-2000 00:00,36.336,2
18-10-2000 00:00,34.865,2
19-10-2000 00:00,33.799,2
20-10-2000 00:00,32.808,2
21-10-2000 00:00,32.073,2
22-10-2000 00:00,31.515,2
23-10-2000 00:00,31.919,2
24-10-2000 00:00,46.223,2
25-10-2000 00:00,52.135,2
26-10-2000 00:00,66.677,2
27-10-2000 00:00,56.382,2
28-10-2000 00:00,51.974,2
29-10-2000 00:00,52.929,2
30-10-2000 00:00,60.38,2
31-10-2000 00:00,71.351,2
01-11-2000 00:00,62.601,2
02-11-2000 00:00,56.751,2
03-11-2000 00:00,53.719,2
04-11-2000 00:00,56.706,2
05-11-2000 00:00,54.674,2
06-11-2000 00:00,52.087,2
07-11-2000 00:00,57.44,2
08-11-2000 00:00,68.569,2
09-11-2000 00:00,64.866,2
10-11-2000 00:00,60.66,2
11-11-2000 00:00,59.544,2
12-11-2000 00:00,66.343,2
13-11-2000 00:00,72.634,2
14-11-2000 00:00,70.102,2
15-11-2000 00:00,63.528,2
16-11-2000 00:00,58.549,2
17-11-2000 00:00,56.091,2
18-11-2000 00:00,64.501,2
19-11-2000 00:00,66.869,2
20-11-2000 00:00,74.954,2
21-11-2000 00:00,73.199,2
22-11-2000 00:00,103.388,2
23-11-2000 00:00,138.439,2
24-11-2000 00:00,137.352,2
25-11-2000 00:00,113.901,2
26-11-2000 00:00,99.458,2
27-11-2000 00:00,88.05,2
28-11-2000 00:00,80.028,2
29-11-2000 00:00,94.408,2
30-11-2000 00:00,94.957,2
01-12-2000 00:00,86.191,2
02-12-2000 00:00,83.709,2
03-12-2000 00:00,80.878,2
04-12-2000 00:00,74.824,2
05-12-2000 00:00,68.709,2
06-12-2000 00:00,64.029,2
07-12-2000 00:00,64.438,2
08-12-2000 00:00,74.497,2
09-12-2000 00:00,92.174,2
10-12-2000 00:00,82.337,2
11-12-2000 00:00,82.509,2
12-12-2000 00:00,84.634,2
13-12-2000 00:00,123.265,2
14-12-2000 00:00,167.721,2
15-12-2000 00:00,177.583,2
16-12-2000 00:00,216.157,2
17-12-2000 00:00,208.16,2
18-12-2000 00:00,164.528,2
19-12-2000 00:00,137.297,2
20-12-2000 00:00,121.633,2
21-12-2000 00:00,102.716,2
22-12-2000 00:00,90.028,2
23-12-2000 00:00,82.625,2
24-12-2000 00:00,76.993,2
25-12-2000 00:00,70.376,2
26-12-2000 00:00,61.721,2
27-12-2000 00:00,57.435,2
28-12-2000 00:00,60.392,2
29-12-2000 00:00,67.362,2
30-12-2000 00:00,65.253,2
31-12-2000 00:00,60.057,2
01-01-2001 00:00,63.372,2
02-01-2001 00:00,117.976,2
03-01-2001 00:00,154.645,2
04-01-2001 00:00,171.014,2
05-01-2001 00:00,176.021,2
06-01-2001 00:00,237.521,2
07-01-2001 00:00,232.146,2
08-01-2001 00:00,193.615,2
09-01-2001 00:00,165.448,2
10-01-2001 00:00,145.575,2
11-01-2001 00:00,125.151,2
12-01-2001 00:00,106.495,2
13-01-2001 00:00,94.256,2
14-01-2001 00:00,89.872,2
15-01-2001 00:00,85.29,2
16-01-2001 00:00,80.61,2
17-01-2001 00:00,76.622,2
18-01-2001 00:00,72.741,2
19-01-2001 00:00,70.813,2
20-01-2001 00:00,72.01,2
21-01-2001 00:00,69.569,2
22-01-2001 00:00,68.363,2
23-01-2001 00:00,70.526,2
24-01-2001 00:00,92.078,2
25-01-2001 00:00,105.165,2
26-01-2001 00:00,127.341,2
27-01-2001 00:00,131.099,2
28-01-2001 00:00,114.748,2
29-01-2001 00:00,101.007,2
30-01-2001 00:00,92.212,2
31-01-2001 00:00,87.379,2
01-02-2001 00:00,85.332,2
02-02-2001 00:00,78.736,2
03-02-2001 00:00,73.539,2
04-02-2001 00:00,70.916,2
05-02-2001 00:00,69.472,2
06-02-2001 00:00,97.234,2
07-02-2001 00:00,128.615,2
08-02-2001 00:00,148.795,2
09-02-2001 00:00,167.389,2
10-02-2001 00:00,128.863,2
11-02-2001 00:00,145.328,2
12-02-2001 00:00,346.386,2
13-02-2001 00:00,377.389,2
14-02-2001 00:00,341.667,2
15-02-2001 00:00,284.177,2
16-02-2001 00:00,231.343,2
17-02-2001 00:00,187.455,2
18-02-2001 00:00,165.376,2
19-02-2001 00:00,146.375,2
20-02-2001 00:00,132.752,2
21-02-2001 00:00,123.353,2
22-02-2001 00:00,111.781,2
23-02-2001 00:00,97.705,2
24-02-2001 00:00,88.708,2
25-02-2001 00:00,84.636,2
26-02-2001 00:00,83.033,2
27-02-2001 00:00,80.722,2
28-02-2001 00:00,79.014,2
01-03-2001 00:00,78.398,2
02-03-2001 00:00,78.243,2
03-03-2001 00:00,75.687,2
04-03-2001 00:00,69.562,2
05-03-2001 00:00,67.128,2
06-03-2001 00:00,63.97,2
07-03-2001 00:00,63.167,2
08-03-2001 00:00,70.916,2
09-03-2001 00:00,98.473,2
10-03-2001 00:00,125.179,2
11-03-2001 00:00,120.792,2
12-03-2001 00:00,133.286,2
13-03-2001 00:00,125.699,2
14-03-2001 00:00,115.362,2
15-03-2001 00:00,106.534,2
16-03-2001 00:00,114.795,2
17-03-2001 00:00,112.327,2
18-03-2001 00:00,101.31,2
19-03-2001 00:00,93.502,2
20-03-2001 00:00,87.398,2
21-03-2001 00:00,83.485,2
22-03-2001 00:00,79.652,2
23-03-2001 00:00,75.067,2
24-03-2001 00:00,74.425,2
25-03-2001 00:00,70.026,2
26-03-2001 00:00,67.041,2
27-03-2001 00:00,64.341,2
28-03-2001 00:00,62.146,2
29-03-2001 00:00,61.642,2
30-03-2001 00:00,65.885,2
31-03-2001 00:00,62.467,2
01-04-2001 00:00,61.941,2
02-04-2001 00:00,60.634,2
03-04-2001 00:00,60.202,2
04-04-2001 00:00,59.192,2
05-04-2001 00:00,73.32,2
06-04-2001 00:00,63.174,2
07-04-2001 00:00,67.428,2
08-04-2001 00:00,73.562,2
09-04-2001 00:00,64.219,2
10-04-2001 00:00,59.702,2
11-04-2001 00:00,56.103,2
12-04-2001 00:00,56.694,2
13-04-2001 00:00,54.087,2
14-04-2001 00:00,50.364,2
15-04-2001 00:00,49.648,2
16-04-2001 00:00,48.326,2
17-04-2001 00:00,47.124,2
18-04-2001 00:00,51.335,2
19-04-2001 00:00,58.653,2
20-04-2001 00:00,50.816,2
21-04-2001 00:00,49.558,2
22-04-2001 00:00,47.517,2
23-04-2001 00:00,67.099,2
24-04-2001 00:00,90.862,2
25-04-2001 00:00,69.503,2
26-04-2001 00:00,108.28,2
27-04-2001 00:00,93.978,2
28-04-2001 00:00,91.988,2
29-04-2001 00:00,92.75,2
30-04-2001 00:00,83.576,2
01-05-2001 00:00,75.659,2
02-05-2001 00:00,67.351,2
03-05-2001 00:00,62.733,2
04-05-2001 00:00,65.026,2
05-05-2001 00:00,58.517,2
06-05-2001 00:00,54.159,2
07-05-2001 00:00,50.111,2
08-05-2001 00:00,47.32,2
09-05-2001 00:00,45.476,2
10-05-2001 00:00,43.64,2
11-05-2001 00:00,42.526,2
12-05-2001 00:00,41.57,2
13-05-2001 00:00,40.797,2
14-05-2001 00:00,39.777,2
15-05-2001 00:00,38.968,2
16-05-2001 00:00,43.782,2
17-05-2001 00:00,49.904,2
18-05-2001 00:00,48.393,2
19-05-2001 00:00,46.724,2
20-05-2001 00:00,40.795,2
21-05-2001 00:00,39.264,2
22-05-2001 00:00,37.518,2
23-05-2001 00:00,36.735,2
24-05-2001 00:00,36.196,2
25-05-2001 00:00,35.471,2
26-05-2001 00:00,34.069,2
27-05-2001 00:00,33.742,2
28-05-2001 00:00,34.473,2
29-05-2001 00:00,38.5,2
30-05-2001 00:00,46.7,2
31-05-2001 00:00,48.865,2
01-06-2001 00:00,44.623,2
02-06-2001 00:00,40.817,2
03-06-2001 00:00,55.032,2
04-06-2001 00:00,53.653,2
05-06-2001 00:00,44.34,2
06-06-2001 00:00,39.135,2
07-06-2001 00:00,38.515,2
08-06-2001 00:00,40.013,2
09-06-2001 00:00,35.632,2
10-06-2001 00:00,32.799,2
11-06-2001 00:00,30.878,2
12-06-2001 00:00,29.805,2
13-06-2001 00:00,28.328,2
14-06-2001 00:00,27.73,2
15-06-2001 00:00,26.86,2
16-06-2001 00:00,34.537,2
17-06-2001 00:00,37.936,2
18-06-2001 00:00,30.847,2
19-06-2001 00:00,26.859,2
20-06-2001 00:00,25.122,2
21-06-2001 00:00,24.516,2
22-06-2001 00:00,24.508,2
23-06-2001 00:00,24.292,2
24-06-2001 00:00,22.374,2
25-06-2001 00:00,21.494,2
26-06-2001 00:00,20.933,2
27-06-2001 00:00,20.387,2
28-06-2001 00:00,19.868,2
29-06-2001 00:00,19.403,2
30-06-2001 00:00,18.914,2
01-07-2001 00:00,23.961,2
02-07-2001 00:00,23.819,2
03-07-2001 00:00,22.039,2
04-07-2001 00:00,20.766,2
05-07-2001 00:00,19.949,2
06-07-2001 00:00,19.227,2
07-07-2001 00:00,18.598,2
08-07-2001 00:00,17.789,2
09-07-2001 00:00,17.134,2
10-07-2001 00:00,17.564,2
11-07-2001 00:00,19.71,2
12-07-2001 00:00,19.393,2
13-07-2001 00:00,18.802,2
14-07-2001 00:00,18.295,2
15-07-2001 00:00,17.487,2
16-07-2001 00:00,18.462,2
17-07-2001 00:00,25.967,2
18-07-2001 00:00,22.076,2
19-07-2001 00:00,18.226,2
20-07-2001 00:00,16.812,2
21-07-2001 00:00,16.085,2
22-07-2001 00:00,15.16,2
23-07-2001 00:00,14.593,2
24-07-2001 00:00,14.826,2
25-07-2001 00:00,14.666,2
26-07-2001 00:00,14.307,2
27-07-2001 00:00,14.018,2
28-07-2001 00:00,13.796,2
29-07-2001 00:00,13.736,2
30-07-2001 00:00,13.663,2
31-07-2001 00:00,13.495,2
01-08-2001 00:00,13.076,2
02-08-2001 00:00,12.817,2
03-08-2001 00:00,12.844,2
04-08-2001 00:00,13.407,2
05-08-2001 00:00,14.971,2
06-08-2001 00:00,15.742,2
07-08-2001 00:00,20.315,2
08-08-2001 00:00,24.077,2
09-08-2001 00:00,23.708,2
10-08-2001 00:00,17.146,2
11-08-2001 00:00,13.533,2
12-08-2001 00:00,13.926,2
13-08-2001 00:00,26.414,2
14-08-2001 00:00,26.765,2
15-08-2001 00:00,21.488,2
16-08-2001 00:00,17.87,2
17-08-2001 00:00,16.56,2
18-08-2001 00:00,15.608,2
19-08-2001 00:00,15.834,2
20-08-2001 00:00,21.38,2
21-08-2001 00:00,21.074,2
22-08-2001 00:00,19.794,2
23-08-2001 00:00,19.209,2
24-08-2001 00:00,25.314,2
25-08-2001 00:00,30.015,2
26-08-2001 00:00,31.193,2
27-08-2001 00:00,36.631,2
28-08-2001 00:00,40.626,2
29-08-2001 00:00,38.321,2
30-08-2001 00:00,33.014,2
31-08-2001 00:00,29.74,2
01-09-2001 00:00,25.645,2
02-09-2001 00:00,22.046,2
03-09-2001 00:00,24.652,2
04-09-2001 00:00,29.073,2
05-09-2001 00:00,27.73,2
06-09-2001 00:00,25.758,2
07-09-2001 00:00,24.017,2
08-09-2001 00:00,27.214,2
09-09-2001 00:00,35.849,2
10-09-2001 00:00,41.715,2
11-09-2001 00:00,44.057,2
12-09-2001 00:00,48.196,2
13-09-2001 00:00,48.842,2
14-09-2001 00:00,50.612,2
15-09-2001 00:00,50.526,2
16-09-2001 00:00,49.516,2
17-09-2001 00:00,66.567,2
18-09-2001 00:00,96.834,2
19-09-2001 00:00,119.414,2
20-09-2001 00:00,121.682,2
21-09-2001 00:00,118.978,2
22-09-2001 00:00,118.23,2
23-09-2001 00:00,114.433,2
24-09-2001 00:00,108.873,2
25-09-2001 00:00,101.438,2
26-09-2001 00:00,93.762,2
27-09-2001 00:00,87.619,2
28-09-2001 00:00,82.945,2
29-09-2001 00:00,77.651,2
30-09-2001 00:00,73.607,2
01-10-2001 00:00,76.417,2
02-10-2001 00:00,93.339,2
03-10-2001 00:00,94.799,2
04-10-2001 00:00,91.444,2
05-10-2001 00:00,92.822,2
06-10-2001 00:00,91.197,2
07-10-2001 00:00,84.521,2
08-10-2001 00:00,79.393,2
09-10-2001 00:00,73.015,2
10-10-2001 00:00,68.099,2
11-10-2001 00:00,67.694,2
12-10-2001 00:00,68.259,2
13-10-2001 00:00,63.937,2
14-10-2001 00:00,57.977,2
15-10-2001 00:00,55.817,2
16-10-2001 00:00,53.502,2
17-10-2001 00:00,49.957,2
18-10-2001 00:00,47.731,2
19-10-2001 00:00,45.675,2
20-10-2001 00:00,44.06,2
21-10-2001 00:00,43.106,2
22-10-2001 00:00,41.607,2
23-10-2001 00:00,39.283,2
24-10-2001 00:00,37.974,2
25-10-2001 00:00,37.236,2
26-10-2001 00:00,37.144,2
27-10-2001 00:00,40.558,2
28-10-2001 00:00,44.196,2
29-10-2001 00:00,42.254,2
30-10-2001 00:00,52.444,2
31-10-2001 00:00,49.133,2
01-11-2001 00:00,44.475,2
02-11-2001 00:00,40.329,2
03-11-2001 00:00,39.195,2
04-11-2001 00:00,39.807,2
05-11-2001 00:00,48.76,2
06-11-2001 00:00,52.983,2
07-11-2001 00:00,76.45,2
08-11-2001 00:00,101.511,2
09-11-2001 00:00,100.092,2
10-11-2001 00:00,81.699,2
11-11-2001 00:00,74.104,2
12-11-2001 00:00,72.559,2
13-11-2001 00:00,73.317,2
14-11-2001 00:00,67.004,2
15-11-2001 00:00,61.453,2
16-11-2001 00:00,58.467,2
17-11-2001 00:00,56.662,2
18-11-2001 00:00,55.83,2
19-11-2001 00:00,53.896,2
20-11-2001 00:00,49.968,2
21-11-2001 00:00,50.519,2
22-11-2001 00:00,78.777,2
23-11-2001 00:00,73.034,2
24-11-2001 00:00,63.533,2
25-11-2001 00:00,59.22,2
26-11-2001 00:00,73.04,2
27-11-2001 00:00,79.214,2
28-11-2001 00:00,79.404,2
29-11-2001 00:00,78.537,2
30-11-2001 00:00,69.868,2
01-12-2001 00:00,64.724,2
02-12-2001 00:00,96.98,2
03-12-2001 00:00,98.891,2
04-12-2001 00:00,85.45,2
05-12-2001 00:00,88.419,2
06-12-2001 00:00,84.097,2
07-12-2001 00:00,74.829,2
08-12-2001 00:00,69.143,2
09-12-2001 00:00,66.235,2
10-12-2001 00:00,65.772,2
11-12-2001 00:00,63.658,2
12-12-2001 00:00,61.639,2
13-12-2001 00:00,58.923,2
14-12-2001 00:00,56.034,2
15-12-2001 00:00,54.38,2
16-12-2001 00:00,52.465,2
17-12-2001 00:00,52.452,2
18-12-2001 00:00,50.419,2
19-12-2001 00:00,52.544,2
20-12-2001 00:00,49.631,2
21-12-2001 00:00,60.892,2
22-12-2001 00:00,54.449,2
23-12-2001 00:00,60.696,2
24-12-2001 00:00,60.888,2
25-12-2001 00:00,145.752,2
26-12-2001 00:00,130.204,2
27-12-2001 00:00,95.886,2
28-12-2001 00:00,87.054,2
29-12-2001 00:00,84.684,2
30-12-2001 00:00,78.649,2
31-12-2001 00:00,84.596,2
01-01-2002 00:00,96.825,2
02-01-2002 00:00,188.751,2
03-01-2002 00:00,163.783,2
04-01-2002 00:00,124.011,2
05-01-2002 00:00,110.851,2
06-01-2002 00:00,108.412,2
07-01-2002 00:00,111.876,2
08-01-2002 00:00,100.696,2
09-01-2002 00:00,114.449,2
10-01-2002 00:00,109.662,2
11-01-2002 00:00,101.624,2
12-01-2002 00:00,97.241,2
13-01-2002 00:00,92.062,2
14-01-2002 00:00,92.476,2
15-01-2002 00:00,87.999,2
16-01-2002 00:00,82.37,2
17-01-2002 00:00,81.029,2
18-01-2002 00:00,99.412,2
19-01-2002 00:00,112.994,2
20-01-2002 00:00,134.845,2
21-01-2002 00:00,199.107,2
22-01-2002 00:00,186.844,2
23-01-2002 00:00,171.805,2
24-01-2002 00:00,193.64,2
25-01-2002 00:00,271.936,2
26-01-2002 00:00,285.134,2
27-01-2002 00:00,363.887,2
28-01-2002 00:00,373.67,2
29-01-2002 00:00,374.122,2
30-01-2002 00:00,355.079,2
31-01-2002 00:00,371.821,2
01-02-2002 00:00,402.494,2
02-02-2002 00:00,413.358,2
03-02-2002 00:00,393.797,2
04-02-2002 00:00,354.733,2
05-02-2002 00:00,340.09,2
06-02-2002 00:00,329.258,2
07-02-2002 00:00,301.996,2
08-02-2002 00:00,285.744,2
09-02-2002 00:00,297.455,2
10-02-2002 00:00,290.563,2
11-02-2002 00:00,264.19,2
12-02-2002 00:00,263.881,2
13-02-2002 00:00,242.462,2
14-02-2002 00:00,213.348,2
15-02-2002 00:00,192.332,2
16-02-2002 00:00,177.901,2
17-02-2002 00:00,164.771,2
18-02-2002 00:00,152.375,2
19-02-2002 00:00,154.921,2
20-02-2002 00:00,167.621,2
21-02-2002 00:00,173.763,2
22-02-2002 00:00,181.452,2
23-02-2002 00:00,224.168,2
24-02-2002 00:00,311.509,2
25-02-2002 00:00,283.44,2
26-02-2002 00:00,284.624,2
27-02-2002 00:00,398.176,2
28-02-2002 00:00,421.855,2
01-03-2002 00:00,425.009,2
02-03-2002 00:00,400.119,2
03-03-2002 00:00,366.269,2
04-03-2002 00:00,358.12,2
05-03-2002 00:00,331.391,2
06-03-2002 00:00,318.961,2
07-03-2002 00:00,325.658,2
08-03-2002 00:00,290.878,2
09-03-2002 00:00,265.138,2
10-03-2002 00:00,243.187,2
11-03-2002 00:00,224.45,2
12-03-2002 00:00,209.518,2
13-03-2002 00:00,195.821,2
14-03-2002 00:00,179.753,2
15-03-2002 00:00,163.274,2
16-03-2002 00:00,146.916,2
17-03-2002 00:00,133.807,2
18-03-2002 00:00,128.419,2
19-03-2002 00:00,139.221,2
20-03-2002 00:00,133.901,2
21-03-2002 00:00,119.635,2
22-03-2002 00:00,110.02,2
23-03-2002 00:00,102.533,2
24-03-2002 00:00,95.773,2
25-03-2002 00:00,90.764,2
26-03-2002 00:00,86.391,2
27-03-2002 00:00,82.272,2
28-03-2002 00:00,80.106,2
29-03-2002 00:00,77.768,2
30-03-2002 00:00,75.626,2
31-03-2002 00:00,73.804,2
01-04-2002 00:00,71.627,2
02-04-2002 00:00,69.444,2
03-04-2002 00:00,66.505,2
04-04-2002 00:00,64.471,2
05-04-2002 00:00,62.129,2
06-04-2002 00:00,61.164,2
07-04-2002 00:00,60.336,2
08-04-2002 00:00,59.361,2
09-04-2002 00:00,57.997,2
10-04-2002 00:00,56.451,2
11-04-2002 00:00,55.557,2
12-04-2002 00:00,55.378,2
13-04-2002 00:00,58.029,2
14-04-2002 00:00,56.704,2
15-04-2002 00:00,54.393,2
16-04-2002 00:00,51.726,2
17-04-2002 00:00,54.686,2
18-04-2002 00:00,58.325,2
19-04-2002 00:00,62.418,2
20-04-2002 00:00,53.418,2
21-04-2002 00:00,49.284,2
22-04-2002 00:00,48.244,2
23-04-2002 00:00,48.836,2
24-04-2002 00:00,47.029,2
25-04-2002 00:00,46.12,2
26-04-2002 00:00,46.061,2
27-04-2002 00:00,61.125,2
28-04-2002 00:00,63.274,2
29-04-2002 00:00,66.21,2
30-04-2002 00:00,64.167,2
01-05-2002 00:00,52.524,2
02-05-2002 00:00,47.676,2
03-05-2002 00:00,60.892,2
04-05-2002 00:00,82.596,2
05-05-2002 00:00,108.112,2
06-05-2002 00:00,96.713,2
07-05-2002 00:00,76.768,2
08-05-2002 00:00,64.922,2
09-05-2002 00:00,57.782,2
10-05-2002 00:00,50.071,2
11-05-2002 00:00,45.143,2
12-05-2002 00:00,44.175,2
13-05-2002 00:00,42.519,2
14-05-2002 00:00,41.791,2
15-05-2002 00:00,41.497,2
16-05-2002 00:00,39.814,2
17-05-2002 00:00,40.161,2
18-05-2002 00:00,37.614,2
19-05-2002 00:00,36.309,2
20-05-2002 00:00,38.345,2
21-05-2002 00:00,35.909,2
22-05-2002 00:00,34.214,2
23-05-2002 00:00,33.2,2
24-05-2002 00:00,40.176,2
25-05-2002 00:00,43.3,2
26-05-2002 00:00,40.613,2
27-05-2002 00:00,61.857,2
28-05-2002 00:00,54.839,2
29-05-2002 00:00,50.13,2
30-05-2002 00:00,48.899,2
31-05-2002 00:00,47.099,2
01-06-2002 00:00,46.513,2
02-06-2002 00:00,44.226,2
03-06-2002 00:00,42.487,2
04-06-2002 00:00,40.909,2
05-06-2002 00:00,39.04,2
06-06-2002 00:00,37.355,2
07-06-2002 00:00,35.351,2
08-06-2002 00:00,33.775,2
09-06-2002 00:00,32.438,2
10-06-2002 00:00,31.668,2
11-06-2002 00:00,83.601,2
12-06-2002 00:00,107.878,2
13-06-2002 00:00,87.753,2
14-06-2002 00:00,81.57,2
15-06-2002 00:00,73.163,2
16-06-2002 00:00,79.075,2
17-06-2002 00:00,66.283,2
18-06-2002 00:00,51.876,2
19-06-2002 00:00,50.948,2
20-06-2002 00:00,43.704,2
21-06-2002 00:00,68.718,2
22-06-2002 00:00,64.895,2
23-06-2002 00:00,49.556,2
24-06-2002 00:00,39.29,2
25-06-2002 00:00,32.903,2
26-06-2002 00:00,29.589,2
27-06-2002 00:00,32.672,2
28-06-2002 00:00,38.178,2
29-06-2002 00:00,38.418,2
30-06-2002 00:00,37.026,2
01-07-2002 00:00,38.195,2
02-07-2002 00:00,39.723,2
03-07-2002 00:00,36.467,2
04-07-2002 00:00,39.142,2
05-07-2002 00:00,47.479,2
06-07-2002 00:00,46.957,2
07-07-2002 00:00,48.556,2
08-07-2002 00:00,47.019,2
09-07-2002 00:00,42.193,2
10-07-2002 00:00,37.069,2
11-07-2002 00:00,33.786,2
12-07-2002 00:00,30.991,2
13-07-2002 00:00,29.346,2
14-07-2002 00:00,27.238,2
15-07-2002 00:00,25.607,2
16-07-2002 00:00,24.064,2
17-07-2002 00:00,23.311,2
18-07-2002 00:00,24.274,2
19-07-2002 00:00,25.646,2
20-07-2002 00:00,25.584,2
21-07-2002 00:00,25.673,2
22-07-2002 00:00,62.498,2
23-07-2002 00:00,137.983,2
24-07-2002 00:00,157.134,2
25-07-2002 00:00,167.787,2
26-07-2002 00:00,169.543,2
27-07-2002 00:00,148.135,2
28-07-2002 00:00,126.876,2
29-07-2002 00:00,101.814,2
30-07-2002 00:00,76.489,2
31-07-2002 00:00,59.671,2
01-08-2002 00:00,57.9,2
02-08-2002 00:00,63.336,2
03-08-2002 00:00,116.182,2
04-08-2002 00:00,148.794,2
05-08-2002 00:00,154.599,2
06-08-2002 00:00,156.076,2
07-08-2002 00:00,144.504,2
08-08-2002 00:00,128.658,2
09-08-2002 00:00,117.616,2
10-08-2002 00:00,99.343,2
11-08-2002 00:00,90.902,2
12-08-2002 00:00,123.475,2
13-08-2002 00:00,168.098,2
14-08-2002 00:00,169.961,2
15-08-2002 00:00,162.863,2
16-08-2002 00:00,148.789,2
17-08-2002 00:00,130.817,2
18-08-2002 00:00,115.12,2
19-08-2002 00:00,97.545,2
20-08-2002 00:00,79.836,2
21-08-2002 00:00,71.734,2
22-08-2002 00:00,64.478,2
23-08-2002 00:00,57.978,2
24-08-2002 00:00,52.714,2
25-08-2002 00:00,48.333,2
26-08-2002 00:00,46.488,2
27-08-2002 00:00,50.652,2
28-08-2002 00:00,48.693,2
29-08-2002 00:00,45.706,2
30-08-2002 00:00,43.271,2
31-08-2002 00:00,41.121,2
01-09-2002 00:00,39.25,2
02-09-2002 00:00,37.092,2
03-09-2002 00:00,36.31,2
04-09-2002 00:00,36.213,2
05-09-2002 00:00,35.983,2
06-09-2002 00:00,35.201,2
07-09-2002 00:00,34.209,2
08-09-2002 00:00,33.416,2
09-09-2002 00:00,32.795,2
10-09-2002 00:00,32.215,2
11-09-2002 00:00,31.686,2
12-09-2002 00:00,31.732,2
13-09-2002 00:00,31.692,2
14-09-2002 00:00,31.466,2
15-09-2002 00:00,30.622,2
16-09-2002 00:00,29.96,2
17-09-2002 00:00,29.697,2
18-09-2002 00:00,29.116,2
19-09-2002 00:00,28.288,2
20-09-2002 00:00,28.768,2
21-09-2002 00:00,31.263,2
22-09-2002 00:00,31.671,2
23-09-2002 00:00,32.925,2
24-09-2002 00:00,32.173,2
25-09-2002 00:00,36.125,2
26-09-2002 00:00,42.951,2
27-09-2002 00:00,39.335,2
28-09-2002 00:00,32.668,2
29-09-2002 00:00,30.818,2
30-09-2002 00:00,29.958,2
01-10-2002 00:00,29.135,2
02-10-2002 00:00,28.688,2
03-10-2002 00:00,28.371,2
04-10-2002 00:00,34.404,2
05-10-2002 00:00,51.785,2
06-10-2002 00:00,55.353,2
07-10-2002 00:00,47.829,2
08-10-2002 00:00,39.323,2
09-10-2002 00:00,36.337,2
10-10-2002 00:00,32.635,2
11-10-2002 00:00,31.191,2
12-10-2002 00:00,30.771,2
13-10-2002 00:00,31.248,2
14-10-2002 00:00,38.087,2
15-10-2002 00:00,42.673,2
16-10-2002 00:00,37.209,2
17-10-2002 00:00,66.484,2
18-10-2002 00:00,97.22,2
19-10-2002 00:00,101.443,2
20-10-2002 00:00,90.277,2
21-10-2002 00:00,84.813,2
22-10-2002 00:00,90.084,2
23-10-2002 00:00,107.797,2
24-10-2002 00:00,129.731,2
25-10-2002 00:00,118,2
26-10-2002 00:00,118.095,2
27-10-2002 00:00,121.76,2
28-10-2002 00:00,164.302,2
29-10-2002 00:00,146.306,2
30-10-2002 00:00,123.389,2
31-10-2002 00:00,108.967,2
01-11-2002 00:00,99.652,2
02-11-2002 00:00,90.775,2
03-11-2002 00:00,83.801,2
04-11-2002 00:00,77.804,2
05-11-2002 00:00,72.606,2
06-11-2002 00:00,69.059,2
07-11-2002 00:00,66.814,2
08-11-2002 00:00,66.138,2
09-11-2002 00:00,85.146,2
10-11-2002 00:00,79.248,2
11-11-2002 00:00,72.539,2
12-11-2002 00:00,70.558,2
13-11-2002 00:00,77.177,2
14-11-2002 00:00,91.335,2
15-11-2002 00:00,112.249,2
16-11-2002 00:00,106.388,2
17-11-2002 00:00,165.759,2
18-11-2002 00:00,236.373,2
19-11-2002 00:00,234.072,2
20-11-2002 00:00,201.168,2
21-11-2002 00:00,170.921,2
22-11-2002 00:00,145.876,2
23-11-2002 00:00,138.725,2
24-11-2002 00:00,200.335,2
25-11-2002 00:00,223.676,2
26-11-2002 00:00,195.267,2
27-11-2002 00:00,167.702,2
28-11-2002 00:00,148.672,2
29-11-2002 00:00,141.448,2
30-11-2002 00:00,135.89,2
01-12-2002 00:00,126.637,2
02-12-2002 00:00,118.6,2
03-12-2002 00:00,108.502,2
04-12-2002 00:00,102.686,2
05-12-2002 00:00,98.672,2
06-12-2002 00:00,90.996,2
07-12-2002 00:00,86.252,2
08-12-2002 00:00,80.262,2
09-12-2002 00:00,77.724,2
10-12-2002 00:00,75.39,2
11-12-2002 00:00,72.144,2
12-12-2002 00:00,69.445,2
13-12-2002 00:00,66.234,2
14-12-2002 00:00,63.72,2
15-12-2002 00:00,63.21,2
16-12-2002 00:00,62.454,2
17-12-2002 00:00,61.554,2
18-12-2002 00:00,60.117,2
19-12-2002 00:00,56.776,2
20-12-2002 00:00,57.588,2
21-12-2002 00:00,59.686,2
22-12-2002 00:00,55.967,2
23-12-2002 00:00,52.828,2
24-12-2002 00:00,50.461,2
25-12-2002 00:00,49.051,2
26-12-2002 00:00,51.244,2
27-12-2002 00:00,64.149,2
28-12-2002 00:00,148.787,2
29-12-2002 00:00,175.025,2
30-12-2002 00:00,143.899,2
31-12-2002 00:00,107.223,2
01-01-2003 00:00,95.208,2
02-01-2003 00:00,79.08,2
03-01-2003 00:00,71.938,2
04-01-2003 00:00,68.284,2
05-01-2003 00:00,65.58,2
06-01-2003 00:00,60.001,2
07-01-2003 00:00,58.209,2
08-01-2003 00:00,57.905,2
09-01-2003 00:00,55.357,2
10-01-2003 00:00,53.255,2
11-01-2003 00:00,52.047,2
12-01-2003 00:00,80.189,2
13-01-2003 00:00,159.544,2
14-01-2003 00:00,201.046,2
15-01-2003 00:00,227.911,2
16-01-2003 00:00,196.397,2
17-01-2003 00:00,168.286,2
18-01-2003 00:00,149.195,2
19-01-2003 00:00,135.336,2
20-01-2003 00:00,136.401,2
21-01-2003 00:00,163.375,2
22-01-2003 00:00,185.076,2
23-01-2003 00:00,155.475,2
24-01-2003 00:00,130.854,2
25-01-2003 00:00,119.064,2
26-01-2003 00:00,117.026,2
27-01-2003 00:00,113.629,2
28-01-2003 00:00,161.104,2
29-01-2003 00:00,206.131,2
30-01-2003 00:00,191.387,2
31-01-2003 00:00,153.017,2
01-02-2003 00:00,133.257,2
02-02-2003 00:00,116.076,2
03-02-2003 00:00,111.5,2
04-02-2003 00:00,104.164,2
05-02-2003 00:00,94.817,2
06-02-2003 00:00,85.972,2
07-02-2003 00:00,78.651,2
08-02-2003 00:00,76.234,2
09-02-2003 00:00,74.891,2
10-02-2003 00:00,69.694,2
11-02-2003 00:00,65.54,2
12-02-2003 00:00,61.626,2
13-02-2003 00:00,56.389,2
14-02-2003 00:00,55.029,2
15-02-2003 00:00,53.02,2
16-02-2003 00:00,48.484,2
17-02-2003 00:00,46.225,2
18-02-2003 00:00,46.568,2
19-02-2003 00:00,46.564,2
20-02-2003 00:00,45.271,2
21-02-2003 00:00,44.002,2
22-02-2003 00:00,43.62,2
23-02-2003 00:00,43.128,2
24-02-2003 00:00,42.153,2
25-02-2003 00:00,41.033,2
26-02-2003 00:00,40.139,2
27-02-2003 00:00,39.332,2
28-02-2003 00:00,38.164,2
01-03-2003 00:00,37.263,2
02-03-2003 00:00,37.062,2
03-03-2003 00:00,36.516,2
04-03-2003 00:00,35.763,2
05-03-2003 00:00,35.647,2
06-03-2003 00:00,35.753,2
07-03-2003 00:00,38.932,2
08-03-2003 00:00,40.666,2
09-03-2003 00:00,48.545,2
10-03-2003 00:00,58.13,2
11-03-2003 00:00,64.815,2
12-03-2003 00:00,84.933,2
13-03-2003 00:00,72.135,2
14-03-2003 00:00,63.915,2
15-03-2003 00:00,60.468,2
16-03-2003 00:00,57.932,2
17-03-2003 00:00,57.656,2
18-03-2003 00:00,56.426,2
19-03-2003 00:00,55.82,2
20-03-2003 00:00,54.294,2
21-03-2003 00:00,51.104,2
22-03-2003 00:00,49.043,2
23-03-2003 00:00,47.497,2
24-03-2003 00:00,46.293,2
25-03-2003 00:00,45.928,2
26-03-2003 00:00,45.417,2
27-03-2003 00:00,44.953,2
28-03-2003 00:00,44.728,2
29-03-2003 00:00,44.729,2
30-03-2003 00:00,44.98,2
31-03-2003 00:00,46.915,2
01-04-2003 00:00,43.849,2
02-04-2003 00:00,45.282,2
03-04-2003 00:00,42.755,2
04-04-2003 00:00,41.905,2
05-04-2003 00:00,40.057,2
06-04-2003 00:00,37.146,2
07-04-2003 00:00,36.025,2
08-04-2003 00:00,35.451,2
09-04-2003 00:00,35.989,2
10-04-2003 00:00,39.755,2
11-04-2003 00:00,49.81,2
12-04-2003 00:00,43.849,2
13-04-2003 00:00,40.635,2
14-04-2003 00:00,38.508,2
15-04-2003 00:00,37.043,2
16-04-2003 00:00,36.106,2
17-04-2003 00:00,35.358,2
18-04-2003 00:00,34.319,2
19-04-2003 00:00,33.396,2
20-04-2003 00:00,32.564,2
21-04-2003 00:00,32.16,2
22-04-2003 00:00,32.072,2
23-04-2003 00:00,31.452,2
24-04-2003 00:00,30.801,2
25-04-2003 00:00,29.931,2
26-04-2003 00:00,29.898,2
27-04-2003 00:00,49.972,2
28-04-2003 00:00,40.971,2
29-04-2003 00:00,61.893,2
30-04-2003 00:00,59.024,2
01-05-2003 00:00,249.617,2
02-05-2003 00:00,202.647,2
03-05-2003 00:00,165.475,2
04-05-2003 00:00,154.24,2
05-05-2003 00:00,117.341,2
06-05-2003 00:00,107.75,2
07-05-2003 00:00,90.766,2
08-05-2003 00:00,76.352,2
09-05-2003 00:00,67.934,2
10-05-2003 00:00,61.019,2
11-05-2003 00:00,55.909,2
12-05-2003 00:00,76.545,2
13-05-2003 00:00,90.383,2
14-05-2003 00:00,72.945,2
15-05-2003 00:00,73.554,2
16-05-2003 00:00,69.52,2
17-05-2003 00:00,58.411,2
18-05-2003 00:00,52.341,2
19-05-2003 00:00,52.507,2
20-05-2003 00:00,112.743,2
21-05-2003 00:00,106.149,2
22-05-2003 00:00,76.524,2
23-05-2003 00:00,130.577,2
24-05-2003 00:00,157.551,2
25-05-2003 00:00,161.072,2
26-05-2003 00:00,125.134,2
27-05-2003 00:00,97.136,2
28-05-2003 00:00,79.477,2
29-05-2003 00:00,68.747,2
30-05-2003 00:00,61.579,2
31-05-2003 00:00,56.064,2
01-06-2003 00:00,51.291,2
02-06-2003 00:00,47.268,2
03-06-2003 00:00,43.542,2
04-06-2003 00:00,40.443,2
05-06-2003 00:00,38.476,2
06-06-2003 00:00,36.423,2
07-06-2003 00:00,35.433,2
08-06-2003 00:00,37.551,2
09-06-2003 00:00,45.045,2
10-06-2003 00:00,39.733,2
11-06-2003 00:00,37.634,2
12-06-2003 00:00,34.744,2
13-06-2003 00:00,32.766,2
14-06-2003 00:00,31.136,2
15-06-2003 00:00,30.004,2
16-06-2003 00:00,31.88,2
17-06-2003 00:00,31.481,2
18-06-2003 00:00,30.233,2
19-06-2003 00:00,29.422,2
20-06-2003 00:00,29.215,2
21-06-2003 00:00,28.732,2
22-06-2003 00:00,27.714,2
23-06-2003 00:00,27.261,2
24-06-2003 00:00,29.466,2
25-06-2003 00:00,28.244,2
26-06-2003 00:00,27.022,2
27-06-2003 00:00,25.96,2
28-06-2003 00:00,25.187,2
29-06-2003 00:00,24.659,2
30-06-2003 00:00,26.53,2
01-07-2003 00:00,29.015,2
02-07-2003 00:00,30.065,2
03-07-2003 00:00,29.715,2
04-07-2003 00:00,90.935,2
05-07-2003 00:00,95.572,2
06-07-2003 00:00,68.523,2
07-07-2003 00:00,52.785,2
08-07-2003 00:00,44.002,2
09-07-2003 00:00,38.343,2
10-07-2003 00:00,33.905,2
11-07-2003 00:00,31.59,2
12-07-2003 00:00,33.837,2
13-07-2003 00:00,31.815,2
14-07-2003 00:00,29.696,2
15-07-2003 00:00,28.022,2
16-07-2003 00:00,26.618,2
17-07-2003 00:00,25.538,2
18-07-2003 00:00,31.407,2
19-07-2003 00:00,40.486,2
20-07-2003 00:00,35.975,2
21-07-2003 00:00,32.782,2
22-07-2003 00:00,32.018,2
23-07-2003 00:00,30.504,2
24-07-2003 00:00,28.902,2
25-07-2003 00:00,27.681,2
26-07-2003 00:00,27.486,2
27-07-2003 00:00,27.393,2
28-07-2003 00:00,26.046,2
29-07-2003 00:00,24.244,2
30-07-2003 00:00,23.764,2
31-07-2003 00:00,23.084,2
01-08-2003 00:00,21.221,2
02-08-2003 00:00,21.233,2
03-08-2003 00:00,21.523,2
04-08-2003 00:00,20.46,2
05-08-2003 00:00,19.906,2
06-08-2003 00:00,19.365,2
07-08-2003 00:00,18.835,2
08-08-2003 00:00,18.399,2
09-08-2003 00:00,18.231,2
10-08-2003 00:00,18.069,2
11-08-2003 00:00,17.814,2
12-08-2003 00:00,17.862,2
13-08-2003 00:00,17.904,2
14-08-2003 00:00,18,2
15-08-2003 00:00,17.97,2
16-08-2003 00:00,17.814,2
17-08-2003 00:00,17.482,2
18-08-2003 00:00,16.92,2
19-08-2003 00:00,17.366,2
20-08-2003 00:00,19.667,2
21-08-2003 00:00,21.201,2
22-08-2003 00:00,24.602,2
23-08-2003 00:00,22.954,2
24-08-2003 00:00,21.335,2
25-08-2003 00:00,19.624,2
26-08-2003 00:00,18.854,2
27-08-2003 00:00,18.973,2
28-08-2003 00:00,19.027,2
29-08-2003 00:00,19.655,2
30-08-2003 00:00,24.363,2
31-08-2003 00:00,27.461,2
01-09-2003 00:00,30.018,2
02-09-2003 00:00,28.672,2
03-09-2003 00:00,26.681,2
04-09-2003 00:00,25.589,2
05-09-2003 00:00,24.207,2
06-09-2003 00:00,23.351,2
07-09-2003 00:00,22.544,2
08-09-2003 00:00,21.94,2
09-09-2003 00:00,21.283,2
10-09-2003 00:00,25.667,2
11-09-2003 00:00,35.709,2
12-09-2003 00:00,33.833,2
13-09-2003 00:00,30.65,2
14-09-2003 00:00,28.281,2
15-09-2003 00:00,26.5,2
16-09-2003 00:00,24.962,2
17-09-2003 00:00,23.42,2
18-09-2003 00:00,21.808,2
19-09-2003 00:00,20.402,2
20-09-2003 00:00,19.774,2
21-09-2003 00:00,19.478,2
22-09-2003 00:00,19.399,2
23-09-2003 00:00,19.568,2
24-09-2003 00:00,18.9,2
25-09-2003 00:00,17.934,2
26-09-2003 00:00,17.428,2
27-09-2003 00:00,17.033,2
28-09-2003 00:00,16.687,2
29-09-2003 00:00,16.509,2
30-09-2003 00:00,16.081,2
01-10-2003 00:00,16.105,2
02-10-2003 00:00,15.343,2
03-10-2003 00:00,15.468,2
04-10-2003 00:00,15.293,2
05-10-2003 00:00,15.221,2
06-10-2003 00:00,14.924,2
07-10-2003 00:00,15.499,2
08-10-2003 00:00,18.175,2
09-10-2003 00:00,21.398,2
10-10-2003 00:00,20.255,2
11-10-2003 00:00,19.595,2
12-10-2003 00:00,17.506,2
13-10-2003 00:00,16.241,2
14-10-2003 00:00,15.567,2
15-10-2003 00:00,15.354,2
16-10-2003 00:00,15.337,2
17-10-2003 00:00,15.413,2
18-10-2003 00:00,16.38,2
19-10-2003 00:00,16.915,2
20-10-2003 00:00,23.76,2
21-10-2003 00:00,23.773,2
22-10-2003 00:00,20.665,2
23-10-2003 00:00,19.003,2
24-10-2003 00:00,18.637,2
25-10-2003 00:00,19.306,2
26-10-2003 00:00,18.796,2
27-10-2003 00:00,18.264,2
28-10-2003 00:00,18.464,2
29-10-2003 00:00,18.489,2
30-10-2003 00:00,18.95,2
31-10-2003 00:00,22.962,2
01-11-2003 00:00,20.94,2
02-11-2003 00:00,20.656,2
03-11-2003 00:00,22.485,2
04-11-2003 00:00,25.352,2
05-11-2003 00:00,21.98,2
06-11-2003 00:00,21.555,2
07-11-2003 00:00,21.166,2
08-11-2003 00:00,20.923,2
09-11-2003 00:00,20.707,2
10-11-2003 00:00,20.37,2
11-11-2003 00:00,20.143,2
12-11-2003 00:00,19.934,2
13-11-2003 00:00,19.821,2
14-11-2003 00:00,19.719,2
15-11-2003 00:00,19.97,2
16-11-2003 00:00,20.755,2
17-11-2003 00:00,22.463,2
18-11-2003 00:00,22.19,2
19-11-2003 00:00,33.209,2
20-11-2003 00:00,55.411,2
21-11-2003 00:00,68.84,2
22-11-2003 00:00,65.59,2
23-11-2003 00:00,92.755,2
24-11-2003 00:00,74.844,2
25-11-2003 00:00,65.672,2
26-11-2003 00:00,61.81,2
27-11-2003 00:00,57.418,2
28-11-2003 00:00,52.39,2
29-11-2003 00:00,48.416,2
30-11-2003 00:00,46.167,2
01-12-2003 00:00,43.638,2
02-12-2003 00:00,40.984,2
03-12-2003 00:00,39.678,2
04-12-2003 00:00,38.609,2
05-12-2003 00:00,39.217,2
06-12-2003 00:00,44.158,2
07-12-2003 00:00,36.536,2
08-12-2003 00:00,35.922,2
09-12-2003 00:00,35.022,2
10-12-2003 00:00,34.416,2
11-12-2003 00:00,38.194,2
12-12-2003 00:00,46.048,2
13-12-2003 00:00,107.582,2
14-12-2003 00:00,140.72,2
15-12-2003 00:00,151.5,2
16-12-2003 00:00,117.153,2
17-12-2003 00:00,104.891,2
18-12-2003 00:00,89.217,2
19-12-2003 00:00,80.648,2
20-12-2003 00:00,73.686,2
21-12-2003 00:00,108.387,2
22-12-2003 00:00,92.441,2
23-12-2003 00:00,76.377,2
24-12-2003 00:00,70.985,2
25-12-2003 00:00,76.134,2
26-12-2003 00:00,79.463,2
27-12-2003 00:00,85.887,2
28-12-2003 00:00,83.978,2
29-12-2003 00:00,112.368,2
30-12-2003 00:00,104.858,2
31-12-2003 00:00,96.328,2
01-01-2004 00:00,76.488,2
02-01-2004 00:00,67.139,2
03-01-2004 00:00,60.446,2
04-01-2004 00:00,57.396,2
05-01-2004 00:00,53.344,2
06-01-2004 00:00,55.232,2
07-01-2004 00:00,60.295,2
08-01-2004 00:00,66.087,2
09-01-2004 00:00,62.012,2
10-01-2004 00:00,57.587,2
11-01-2004 00:00,71.533,2
12-01-2004 00:00,177.876,2
13-01-2004 00:00,174.83,2
14-01-2004 00:00,194.964,2
15-01-2004 00:00,168.923,2
16-01-2004 00:00,149.061,2
17-01-2004 00:00,168.672,2
18-01-2004 00:00,148.738,2
19-01-2004 00:00,140.269,2
20-01-2004 00:00,126.488,2
21-01-2004 00:00,103.16,2
22-01-2004 00:00,88.204,2
23-01-2004 00:00,77.037,2
24-01-2004 00:00,71.858,2
25-01-2004 00:00,68.485,2
26-01-2004 00:00,65.006,2
27-01-2004 00:00,60.257,2
28-01-2004 00:00,57.532,2
29-01-2004 00:00,57.42,2
30-01-2004 00:00,55.418,2
31-01-2004 00:00,75.4,2
01-02-2004 00:00,289.329,2
02-02-2004 00:00,304.849,2
03-02-2004 00:00,310.682,2
04-02-2004 00:00,328.925,2
05-02-2004 00:00,329.39,2
06-02-2004 00:00,311.967,2
07-02-2004 00:00,287.05,2
08-02-2004 00:00,259.77,2
09-02-2004 00:00,232.055,2
10-02-2004 00:00,198.424,2
11-02-2004 00:00,169.957,2
12-02-2004 00:00,141.902,2
13-02-2004 00:00,127.644,2
14-02-2004 00:00,122.796,2
15-02-2004 00:00,117.753,2
16-02-2004 00:00,111.336,2
17-02-2004 00:00,108.067,2
18-02-2004 00:00,101.232,2
19-02-2004 00:00,91.915,2
20-02-2004 00:00,84.101,2
21-02-2004 00:00,79.994,2
22-02-2004 00:00,77.539,2
23-02-2004 00:00,73.376,2
24-02-2004 00:00,71.32,2
25-02-2004 00:00,72.512,2
26-02-2004 00:00,72.727,2
27-02-2004 00:00,71.942,2
28-02-2004 00:00,67.618,2
29-02-2004 00:00,64.235,2
01-03-2004 00:00,62.542,2
02-03-2004 00:00,64.925,2
03-03-2004 00:00,63.81,2
04-03-2004 00:00,59.267,2
05-03-2004 00:00,57.118,2
06-03-2004 00:00,53.928,2
07-03-2004 00:00,52.792,2
08-03-2004 00:00,51.464,2
09-03-2004 00:00,50.459,2
10-03-2004 00:00,50.431,2
11-03-2004 00:00,50.2,2
12-03-2004 00:00,49.956,2
13-03-2004 00:00,54.513,2
14-03-2004 00:00,67.965,2
15-03-2004 00:00,69.387,2
16-03-2004 00:00,69.471,2
17-03-2004 00:00,66.981,2
18-03-2004 00:00,64.394,2
19-03-2004 00:00,79.462,2
20-03-2004 00:00,98.743,2
21-03-2004 00:00,239.899,2
22-03-2004 00:00,247.595,2
23-03-2004 00:00,214.765,2
24-03-2004 00:00,197.814,2
25-03-2004 00:00,167.296,2
26-03-2004 00:00,138.396,2
27-03-2004 00:00,121.29,2
28-03-2004 00:00,112.09,2
29-03-2004 00:00,105.458,2
30-03-2004 00:00,95.911,2
31-03-2004 00:00,88.728,2
01-04-2004 00:00,81.008,2
02-04-2004 00:00,73.952,2
03-04-2004 00:00,70.334,2
04-04-2004 00:00,76.665,2
05-04-2004 00:00,75.8,2
06-04-2004 00:00,90.052,2
07-04-2004 00:00,130.924,2
08-04-2004 00:00,103.738,2
09-04-2004 00:00,94.172,2
10-04-2004 00:00,86.037,2
11-04-2004 00:00,77.992,2
12-04-2004 00:00,73.672,2
13-04-2004 00:00,70.617,2
14-04-2004 00:00,67.092,2
15-04-2004 00:00,64.433,2
16-04-2004 00:00,61.616,2
17-04-2004 00:00,59.448,2
18-04-2004 00:00,57.812,2
19-04-2004 00:00,55.632,2
20-04-2004 00:00,54.943,2
21-04-2004 00:00,52.193,2
22-04-2004 00:00,49.751,2
23-04-2004 00:00,48.851,2
24-04-2004 00:00,49.06,2
25-04-2004 00:00,47.586,2
26-04-2004 00:00,67.745,2
27-04-2004 00:00,55.482,2
28-04-2004 00:00,49.493,2
29-04-2004 00:00,45.332,2
30-04-2004 00:00,42.016,2
01-05-2004 00:00,40.525,2
02-05-2004 00:00,39.573,2
03-05-2004 00:00,39.101,2
04-05-2004 00:00,38.999,2
05-05-2004 00:00,42.502,2
06-05-2004 00:00,38.18,2
07-05-2004 00:00,34.636,2
08-05-2004 00:00,33.72,2
09-05-2004 00:00,34.034,2
10-05-2004 00:00,34.027,2
11-05-2004 00:00,30.642,2
12-05-2004 00:00,30.842,2
13-05-2004 00:00,34.63,2
14-05-2004 00:00,29.94,2
15-05-2004 00:00,29.94,2
16-05-2004 00:00,27.713,2
17-05-2004 00:00,26.728,2
18-05-2004 00:00,26.391,2
19-05-2004 00:00,25.616,2
20-05-2004 00:00,25.098,2
21-05-2004 00:00,24.168,2
22-05-2004 00:00,25.089,2
23-05-2004 00:00,34.423,2
24-05-2004 00:00,26.851,2
25-05-2004 00:00,25.169,2
26-05-2004 00:00,24.285,2
27-05-2004 00:00,23.845,2
28-05-2004 00:00,22.916,2
29-05-2004 00:00,22.192,2
30-05-2004 00:00,21.899,2
31-05-2004 00:00,21.054,2
01-06-2004 00:00,20.459,2
02-06-2004 00:00,19.79,2
03-06-2004 00:00,19.906,2
04-06-2004 00:00,19.478,2
05-06-2004 00:00,19.375,2
06-06-2004 00:00,18.732,2
07-06-2004 00:00,18.908,2
08-06-2004 00:00,18.802,2
09-06-2004 00:00,17.858,2
10-06-2004 00:00,18.247,2
11-06-2004 00:00,18.059,2
12-06-2004 00:00,18.699,2
13-06-2004 00:00,16.409,2
14-06-2004 00:00,15.766,2
15-06-2004 00:00,15.878,2
16-06-2004 00:00,16.685,2
17-06-2004 00:00,15.363,2
18-06-2004 00:00,17.674,2
19-06-2004 00:00,27.833,2
20-06-2004 00:00,28.934,2
21-06-2004 00:00,24.021,2
22-06-2004 00:00,21.939,2
23-06-2004 00:00,23.784,2
24-06-2004 00:00,32.492,2
25-06-2004 00:00,36.084,2
26-06-2004 00:00,39.237,2
27-06-2004 00:00,35.818,2
28-06-2004 00:00,33.965,2
29-06-2004 00:00,32.488,2
30-06-2004 00:00,39.163,2
01-07-2004 00:00,46.681,2
02-07-2004 00:00,51.506,2
03-07-2004 00:00,49.958,2
04-07-2004 00:00,53.837,2
05-07-2004 00:00,56.573,2
06-07-2004 00:00,56.693,2
07-07-2004 00:00,51.992,2
08-07-2004 00:00,47.27,2
09-07-2004 00:00,50.315,2
10-07-2004 00:00,57.398,2
11-07-2004 00:00,78.211,2
12-07-2004 00:00,81.17,2
13-07-2004 00:00,70.395,2
14-07-2004 00:00,61.356,2
15-07-2004 00:00,60.704,2
16-07-2004 00:00,55.926,2
17-07-2004 00:00,50.905,2
18-07-2004 00:00,54.325,2
19-07-2004 00:00,61.743,2
20-07-2004 00:00,67.529,2
21-07-2004 00:00,95.55,2
22-07-2004 00:00,107.107,2
23-07-2004 00:00,97.881,2
24-07-2004 00:00,80.156,2
25-07-2004 00:00,63.899,2
26-07-2004 00:00,53.675,2
27-07-2004 00:00,43.023,2
28-07-2004 00:00,37.216,2
29-07-2004 00:00,32.744,2
30-07-2004 00:00,29.01,2
31-07-2004 00:00,26.023,2
01-08-2004 00:00,24.213,2
02-08-2004 00:00,23.162,2
03-08-2004 00:00,22.526,2
04-08-2004 00:00,22.202,2
05-08-2004 00:00,21.467,2
06-08-2004 00:00,20.709,2
07-08-2004 00:00,19.966,2
08-08-2004 00:00,19.312,2
09-08-2004 00:00,18.584,2
10-08-2004 00:00,17.997,2
11-08-2004 00:00,17.606,2
12-08-2004 00:00,17.442,2
13-08-2004 00:00,17.939,2
14-08-2004 00:00,18.213,2
15-08-2004 00:00,17.798,2
16-08-2004 00:00,17.888,2
17-08-2004 00:00,24.107,2
18-08-2004 00:00,28.499,2
19-08-2004 00:00,27.917,2
20-08-2004 00:00,25.271,2
21-08-2004 00:00,23.097,2
22-08-2004 00:00,22.644,2
23-08-2004 00:00,21.394,2
24-08-2004 00:00,21.163,2
25-08-2004 00:00,32.047,2
26-08-2004 00:00,39.389,2
27-08-2004 00:00,37.628,2
28-08-2004 00:00,34.564,2
29-08-2004 00:00,31.175,2
30-08-2004 00:00,29.948,2
31-08-2004 00:00,33.133,2
01-09-2004 00:00,36.645,2
02-09-2004 00:00,38.415,2
03-09-2004 00:00,34.534,2
04-09-2004 00:00,30.794,2
05-09-2004 00:00,27.933,2
06-09-2004 00:00,26.06,2
07-09-2004 00:00,24.477,2
08-09-2004 00:00,22.642,2
09-09-2004 00:00,21.479,2
10-09-2004 00:00,20.809,2
11-09-2004 00:00,20.408,2
12-09-2004 00:00,20.263,2
13-09-2004 00:00,20.248,2
14-09-2004 00:00,19.878,2
15-09-2004 00:00,19.862,2
16-09-2004 00:00,19.437,2
17-09-2004 00:00,18.587,2
18-09-2004 00:00,18.319,2
19-09-2004 00:00,19.328,2
20-09-2004 00:00,20.085,2
21-09-2004 00:00,23.602,2
22-09-2004 00:00,23.703,2
23-09-2004 00:00,23.364,2
24-09-2004 00:00,24.748,2
25-09-2004 00:00,21.867,2
26-09-2004 00:00,21.307,2
27-09-2004 00:00,21.915,2
28-09-2004 00:00,20.902,2
29-09-2004 00:00,19.925,2
30-09-2004 00:00,19.576,2
01-10-2004 00:00,19.162,2
02-10-2004 00:00,19.483,2
03-10-2004 00:00,21.086,2
04-10-2004 00:00,21.741,2
05-10-2004 00:00,25.297,2
06-10-2004 00:00,32.46,2
07-10-2004 00:00,26.893,2
08-10-2004 00:00,25.613,2
09-10-2004 00:00,24.412,2
10-10-2004 00:00,22.786,2
11-10-2004 00:00,21.705,2
12-10-2004 00:00,20.989,2
13-10-2004 00:00,20.962,2
14-10-2004 00:00,21.731,2
15-10-2004 00:00,21.348,2
16-10-2004 00:00,24.906,2
17-10-2004 00:00,58.062,2
18-10-2004 00:00,101.807,2
19-10-2004 00:00,101.884,2
20-10-2004 00:00,88.577,2
21-10-2004 00:00,77.793,2
22-10-2004 00:00,70.494,2
23-10-2004 00:00,67.226,2
24-10-2004 00:00,72.759,2
25-10-2004 00:00,75.89,2
26-10-2004 00:00,68.39,2
27-10-2004 00:00,61.056,2
28-10-2004 00:00,54.991,2
29-10-2004 00:00,52.545,2
30-10-2004 00:00,65.772,2
31-10-2004 00:00,62.754,2
01-11-2004 00:00,58.719,2
02-11-2004 00:00,56.031,2
03-11-2004 00:00,53.491,2
04-11-2004 00:00,51.313,2
05-11-2004 00:00,54.393,2
06-11-2004 00:00,53.678,2
07-11-2004 00:00,49.391,2
08-11-2004 00:00,47.506,2
09-11-2004 00:00,45.934,2
10-11-2004 00:00,52.672,2
11-11-2004 00:00,51.314,2
12-11-2004 00:00,52.061,2
13-11-2004 00:00,68.91,2
14-11-2004 00:00,60.912,2
15-11-2004 00:00,58.752,2
16-11-2004 00:00,57.271,2
17-11-2004 00:00,54.763,2
18-11-2004 00:00,74.525,2
19-11-2004 00:00,65.165,2
20-11-2004 00:00,58.301,2
21-11-2004 00:00,55.806,2
22-11-2004 00:00,84.931,2
23-11-2004 00:00,151.013,2
24-11-2004 00:00,124.838,2
25-11-2004 00:00,106.477,2
26-11-2004 00:00,101.569,2
27-11-2004 00:00,160.623,2
28-11-2004 00:00,162.401,2
29-11-2004 00:00,146.94,2
30-11-2004 00:00,129.294,2
01-12-2004 00:00,116.329,2
02-12-2004 00:00,146.283,2
03-12-2004 00:00,147.924,2
04-12-2004 00:00,137.065,2
05-12-2004 00:00,127.843,2
06-12-2004 00:00,115.502,2
07-12-2004 00:00,105.22,2
08-12-2004 00:00,98.325,2
09-12-2004 00:00,93.695,2
10-12-2004 00:00,88.439,2
11-12-2004 00:00,83.608,2
12-12-2004 00:00,79.696,2
13-12-2004 00:00,77.185,2
14-12-2004 00:00,75.395,2
15-12-2004 00:00,75.142,2
16-12-2004 00:00,76.822,2
17-12-2004 00:00,83.772,2
18-12-2004 00:00,90.25,2
19-12-2004 00:00,98.882,2
20-12-2004 00:00,95.556,2
21-12-2004 00:00,91.735,2
22-12-2004 00:00,104.601,2
23-12-2004 00:00,181.415,2
24-12-2004 00:00,221.946,2
25-12-2004 00:00,290.584,2
26-12-2004 00:00,319.926,2
27-12-2004 00:00,305.514,2
28-12-2004 00:00,277.862,2
29-12-2004 00:00,247.763,2
30-12-2004 00:00,226.423,2
31-12-2004 00:00,221.528,2
01-01-2005 00:00,206.718,2
02-01-2005 00:00,199.776,2
03-01-2005 00:00,189.285,2
04-01-2005 00:00,229.49,2
05-01-2005 00:00,242.513,2
06-01-2005 00:00,227.024,2
07-01-2005 00:00,215.363,2
08-01-2005 00:00,229.986,2
09-01-2005 00:00,234.674,2
10-01-2005 00:00,217.118,2
11-01-2005 00:00,192.99,2
12-01-2005 00:00,171.932,2
13-01-2005 00:00,159.161,2
14-01-2005 00:00,142.123,2
15-01-2005 00:00,125.677,2
16-01-2005 00:00,118.175,2
17-01-2005 00:00,112.965,2
18-01-2005 00:00,131.325,2
19-01-2005 00:00,131.594,2
20-01-2005 00:00,140.754,2
21-01-2005 00:00,154.243,2
22-01-2005 00:00,135.226,2
23-01-2005 00:00,118.91,2
24-01-2005 00:00,110.391,2
25-01-2005 00:00,103.564,2
26-01-2005 00:00,94.637,2
27-01-2005 00:00,91.535,2
28-01-2005 00:00,88.296,2
29-01-2005 00:00,81.756,2
30-01-2005 00:00,82.65,2
31-01-2005 00:00,95.335,2
01-02-2005 00:00,90.266,2
02-02-2005 00:00,84.364,2
03-02-2005 00:00,79.62,2
04-02-2005 00:00,77.751,2
05-02-2005 00:00,79.405,2
06-02-2005 00:00,76.333,2
07-02-2005 00:00,72.151,2
08-02-2005 00:00,68.187,2
09-02-2005 00:00,65.134,2
10-02-2005 00:00,79.204,2
11-02-2005 00:00,87.001,2
12-02-2005 00:00,81.831,2
13-02-2005 00:00,134.549,2
14-02-2005 00:00,119.792,2
15-02-2005 00:00,107.495,2
16-02-2005 00:00,97.289,2
17-02-2005 00:00,100.209,2
18-02-2005 00:00,111.321,2
19-02-2005 00:00,111.77,2
20-02-2005 00:00,116.767,2
21-02-2005 00:00,117.433,2
22-02-2005 00:00,110.391,2
23-02-2005 00:00,100.119,2
24-02-2005 00:00,96.039,2
25-02-2005 00:00,98.118,2
26-02-2005 00:00,94.315,2
27-02-2005 00:00,83.578,2
28-02-2005 00:00,77.9,2
01-03-2005 00:00,75.199,2
02-03-2005 00:00,69.645,2
03-03-2005 00:00,69.679,2
04-03-2005 00:00,67.005,2
05-03-2005 00:00,65.204,2
06-03-2005 00:00,63.076,2
07-03-2005 00:00,62.484,2
08-03-2005 00:00,63.94,2
09-03-2005 00:00,63.649,2
10-03-2005 00:00,62.489,2
11-03-2005 00:00,101.892,2
12-03-2005 00:00,146.737,2
13-03-2005 00:00,115.318,2
14-03-2005 00:00,101.095,2
15-03-2005 00:00,116.012,2
16-03-2005 00:00,260.678,2
17-03-2005 00:00,339.437,2
18-03-2005 00:00,351.058,2
19-03-2005 00:00,341.63,2
20-03-2005 00:00,308.352,2
21-03-2005 00:00,258.81,2
22-03-2005 00:00,221.575,2
23-03-2005 00:00,193.339,2
24-03-2005 00:00,166.482,2
25-03-2005 00:00,144.177,2
26-03-2005 00:00,129.307,2
27-03-2005 00:00,114.639,2
28-03-2005 00:00,104.829,2
29-03-2005 00:00,95.753,2
30-03-2005 00:00,87.832,2
31-03-2005 00:00,82.682,2
01-04-2005 00:00,78.614,2
02-04-2005 00:00,74.036,2
03-04-2005 00:00,69.489,2
04-04-2005 00:00,65.71,2
05-04-2005 00:00,65.01,2
06-04-2005 00:00,62.608,2
07-04-2005 00:00,61.245,2
08-04-2005 00:00,59.364,2
09-04-2005 00:00,56.546,2
10-04-2005 00:00,53.417,2
11-04-2005 00:00,52.121,2
12-04-2005 00:00,51.002,2
13-04-2005 00:00,51.988,2
14-04-2005 00:00,56.424,2
15-04-2005 00:00,54.991,2
16-04-2005 00:00,51.943,2
17-04-2005 00:00,50.054,2
18-04-2005 00:00,47.688,2
19-04-2005 00:00,46.042,2
20-04-2005 00:00,44.446,2
21-04-2005 00:00,43.454,2
22-04-2005 00:00,41.09,2
23-04-2005 00:00,39.638,2
24-04-2005 00:00,38.208,2
25-04-2005 00:00,37.202,2
26-04-2005 00:00,35.644,2
27-04-2005 00:00,35.314,2
28-04-2005 00:00,39.742,2
29-04-2005 00:00,35.83,2
30-04-2005 00:00,35.466,2
01-05-2005 00:00,35.066,2
02-05-2005 00:00,40.18,2
03-05-2005 00:00,43.851,2
04-05-2005 00:00,44.114,2
05-05-2005 00:00,40.895,2
06-05-2005 00:00,50.996,2
07-05-2005 00:00,47.264,2
08-05-2005 00:00,41.397,2
09-05-2005 00:00,39.216,2
10-05-2005 00:00,44.377,2
11-05-2005 00:00,42.933,2
12-05-2005 00:00,38.74,2
13-05-2005 00:00,36.158,2
14-05-2005 00:00,34.874,2
15-05-2005 00:00,33.886,2
16-05-2005 00:00,33.187,2
17-05-2005 00:00,32.913,2
18-05-2005 00:00,31.658,2
19-05-2005 00:00,29.906,2
20-05-2005 00:00,28.322,2
21-05-2005 00:00,41.191,2
22-05-2005 00:00,44.45,2
23-05-2005 00:00,38.155,2
24-05-2005 00:00,37.537,2
25-05-2005 00:00,34.39,2
26-05-2005 00:00,32.867,2
27-05-2005 00:00,31.872,2
28-05-2005 00:00,30.408,2
29-05-2005 00:00,30.205,2
30-05-2005 00:00,30.291,2
31-05-2005 00:00,43.256,2
01-06-2005 00:00,49.602,2
02-06-2005 00:00,43.479,2
03-06-2005 00:00,48.789,2
04-06-2005 00:00,85.149,2
05-06-2005 00:00,76.236,2
06-06-2005 00:00,66.234,2
07-06-2005 00:00,62.39,2
08-06-2005 00:00,54.568,2
09-06-2005 00:00,47.874,2
10-06-2005 00:00,43.021,2
11-06-2005 00:00,39.719,2
12-06-2005 00:00,40.156,2
13-06-2005 00:00,42.569,2
14-06-2005 00:00,42.488,2
15-06-2005 00:00,38.102,2
16-06-2005 00:00,35.684,2
17-06-2005 00:00,34.548,2
18-06-2005 00:00,33.889,2
19-06-2005 00:00,31.856,2
20-06-2005 00:00,30.51,2
21-06-2005 00:00,28.954,2
22-06-2005 00:00,27.604,2
23-06-2005 00:00,26.344,2
24-06-2005 00:00,25.081,2
25-06-2005 00:00,24.119,2
26-06-2005 00:00,23.168,2
27-06-2005 00:00,21.831,2
28-06-2005 00:00,22.136,2
29-06-2005 00:00,22.019,2
30-06-2005 00:00,19.253,2
01-07-2005 00:00,17.902,2
02-07-2005 00:00,17.432,2
03-07-2005 00:00,17.402,2
04-07-2005 00:00,17.002,2
05-07-2005 00:00,17.014,2
06-07-2005 00:00,21.824,2
07-07-2005 00:00,23.769,2
08-07-2005 00:00,21.66,2
09-07-2005 00:00,19.818,2
10-07-2005 00:00,18.797,2
11-07-2005 00:00,18.253,2
12-07-2005 00:00,18.046,2
13-07-2005 00:00,18.021,2
14-07-2005 00:00,18.224,2
15-07-2005 00:00,19.313,2
16-07-2005 00:00,25.496,2
17-07-2005 00:00,23.381,2
18-07-2005 00:00,21.472,2
19-07-2005 00:00,26.768,2
20-07-2005 00:00,28.421,2
21-07-2005 00:00,57.124,2
22-07-2005 00:00,33.208,2
23-07-2005 00:00,23.987,2
24-07-2005 00:00,21.809,2
25-07-2005 00:00,24.774,2
26-07-2005 00:00,21.909,2
27-07-2005 00:00,19.01,2
28-07-2005 00:00,18.977,2
29-07-2005 00:00,24.216,2
30-07-2005 00:00,55.266,2
31-07-2005 00:00,84.242,2
01-08-2005 00:00,95.259,2
02-08-2005 00:00,64.839,2
03-08-2005 00:00,40.872,2
04-08-2005 00:00,35.25,2
05-08-2005 00:00,38.35,2
06-08-2005 00:00,57.887,2
07-08-2005 00:00,47.651,2
08-08-2005 00:00,50.556,2
09-08-2005 00:00,39.17,2
10-08-2005 00:00,35.357,2
11-08-2005 00:00,32.365,2
12-08-2005 00:00,32.065,2
13-08-2005 00:00,29.843,2
14-08-2005 00:00,27.832,2
15-08-2005 00:00,23.355,2
16-08-2005 00:00,21.9,2
17-08-2005 00:00,20.532,2
18-08-2005 00:00,19.199,2
19-08-2005 00:00,18.151,2
20-08-2005 00:00,17.32,2
21-08-2005 00:00,16.771,2
22-08-2005 00:00,16.104,2
23-08-2005 00:00,15.754,2
24-08-2005 00:00,15.593,2
25-08-2005 00:00,16.409,2
26-08-2005 00:00,18.889,2
27-08-2005 00:00,18.394,2
28-08-2005 00:00,17.859,2
29-08-2005 00:00,17.047,2
30-08-2005 00:00,16.267,2
31-08-2005 00:00,15.936,2
01-09-2005 00:00,15.51,2
02-09-2005 00:00,15.216,2
03-09-2005 00:00,15.066,2
04-09-2005 00:00,14.822,2
05-09-2005 00:00,14.755,2
06-09-2005 00:00,14.417,2
07-09-2005 00:00,14.29,2
08-09-2005 00:00,14.181,2
09-09-2005 00:00,14.111,2
10-09-2005 00:00,14.159,2
11-09-2005 00:00,14.103,2
12-09-2005 00:00,14.028,2
13-09-2005 00:00,13.976,2
14-09-2005 00:00,14,2
15-09-2005 00:00,14.049,2
16-09-2005 00:00,14.436,2
17-09-2005 00:00,14.389,2
18-09-2005 00:00,14.278,2
19-09-2005 00:00,14.262,2
20-09-2005 00:00,14.259,2
21-09-2005 00:00,14.199,2
22-09-2005 00:00,14.168,2
23-09-2005 00:00,14.342,2
24-09-2005 00:00,14.31,2
25-09-2005 00:00,14.284,2
26-09-2005 00:00,14.893,2
27-09-2005 00:00,14.559,2
28-09-2005 00:00,14.783,2
29-09-2005 00:00,14.792,2
30-09-2005 00:00,15.886,2
01-10-2005 00:00,16.545,2
02-10-2005 00:00,18.094,2
03-10-2005 00:00,17.024,2
04-10-2005 00:00,16.714,2
05-10-2005 00:00,19.425,2
06-10-2005 00:00,21.66,2
07-10-2005 00:00,21.025,2
08-10-2005 00:00,18.663,2
09-10-2005 00:00,18.212,2
10-10-2005 00:00,17.902,2
11-10-2005 00:00,17.382,2
12-10-2005 00:00,16.956,2
13-10-2005 00:00,16.954,2
14-10-2005 00:00,16.837,2
15-10-2005 00:00,16.661,2
16-10-2005 00:00,16.698,2
17-10-2005 00:00,16.753,2
18-10-2005 00:00,16.597,2
19-10-2005 00:00,16.755,2
20-10-2005 00:00,17.178,2
21-10-2005 00:00,18.093,2
22-10-2005 00:00,29.944,2
23-10-2005 00:00,23.354,2
24-10-2005 00:00,20.741,2
25-10-2005 00:00,38.247,2
26-10-2005 00:00,53.058,2
27-10-2005 00:00,35.998,2
28-10-2005 00:00,28.857,2
29-10-2005 00:00,25.527,2
30-10-2005 00:00,24.401,2
31-10-2005 00:00,23.846,2
01-11-2005 00:00,23.58,2
02-11-2005 00:00,27.649,2
03-11-2005 00:00,35,2
04-11-2005 00:00,37.264,2
05-11-2005 00:00,35.817,2
06-11-2005 00:00,35.517,2
07-11-2005 00:00,32.232,2
08-11-2005 00:00,29.649,2
09-11-2005 00:00,28.358,2
10-11-2005 00:00,27.117,2
11-11-2005 00:00,28.407,2
12-11-2005 00:00,34.941,2
13-11-2005 00:00,29.941,2
14-11-2005 00:00,28.792,2
15-11-2005 00:00,37.694,2
16-11-2005 00:00,33.565,2
17-11-2005 00:00,30.813,2
18-11-2005 00:00,29.146,2
19-11-2005 00:00,27.809,2
20-11-2005 00:00,27.35,2
21-11-2005 00:00,26.607,2
22-11-2005 00:00,25.626,2
23-11-2005 00:00,26.19,2
24-11-2005 00:00,27.643,2
25-11-2005 00:00,28.852,2
26-11-2005 00:00,35.56,2
27-11-2005 00:00,28.239,2
28-11-2005 00:00,26.544,2
29-11-2005 00:00,25.552,2
30-11-2005 00:00,27.702,2
01-12-2005 00:00,25.361,2
02-12-2005 00:00,24.64,2
03-12-2005 00:00,25.037,2
04-12-2005 00:00,27.747,2
05-12-2005 00:00,46.202,2
06-12-2005 00:00,45.324,2
07-12-2005 00:00,37.446,2
08-12-2005 00:00,40.296,2
09-12-2005 00:00,36.882,2
10-12-2005 00:00,35.254,2
11-12-2005 00:00,35.444,2
12-12-2005 00:00,33.705,2
13-12-2005 00:00,33.579,2
14-12-2005 00:00,35.87,2
15-12-2005 00:00,38.578,2
16-12-2005 00:00,40.864,2
17-12-2005 00:00,37.574,2
18-12-2005 00:00,33.665,2
19-12-2005 00:00,32.153,2
20-12-2005 00:00,31.482,2
21-12-2005 00:00,29.197,2
22-12-2005 00:00,36.026,2
23-12-2005 00:00,35.44,2
24-12-2005 00:00,39.748,2
25-12-2005 00:00,36.798,2
26-12-2005 00:00,34.823,2
27-12-2005 00:00,33.024,2
28-12-2005 00:00,32.535,2
29-12-2005 00:00,30.181,2
30-12-2005 00:00,37.413,2
31-12-2005 00:00,36.147,2
01-01-2006 00:00,41.731,2
02-01-2006 00:00,43.349,2
03-01-2006 00:00,42.78,2
04-01-2006 00:00,42.485,2
05-01-2006 00:00,42.49,2
06-01-2006 00:00,42.884,2
07-01-2006 00:00,42.731,2
08-01-2006 00:00,42.351,2
09-01-2006 00:00,41.204,2
10-01-2006 00:00,40.907,2
11-01-2006 00:00,58.271,2
12-01-2006 00:00,119.587,2
13-01-2006 00:00,103.703,2
14-01-2006 00:00,84.75,2
15-01-2006 00:00,72.311,2
16-01-2006 00:00,65.29,2
17-01-2006 00:00,58.842,2
18-01-2006 00:00,54.053,2
19-01-2006 00:00,49.271,2
20-01-2006 00:00,44.88,2
21-01-2006 00:00,47.249,2
22-01-2006 00:00,42.971,2
23-01-2006 00:00,41.297,2
24-01-2006 00:00,38.529,2
25-01-2006 00:00,38.972,2
26-01-2006 00:00,38.687,2
27-01-2006 00:00,37.396,2
28-01-2006 00:00,37.419,2
29-01-2006 00:00,37.425,2
30-01-2006 00:00,37.43,2
31-01-2006 00:00,37.515,2
01-02-2006 00:00,37.576,2
02-02-2006 00:00,37.97,2
03-02-2006 00:00,37.918,2
04-02-2006 00:00,36.98,2
05-02-2006 00:00,37.227,2
06-02-2006 00:00,37.122,2
07-02-2006 00:00,120.603,2
08-02-2006 00:00,175.678,2
09-02-2006 00:00,222.165,2
10-02-2006 00:00,248.247,2
11-02-2006 00:00,202.743,2
12-02-2006 00:00,156.165,2
13-02-2006 00:00,123.654,2
14-02-2006 00:00,107.933,2
15-02-2006 00:00,100.358,2
16-02-2006 00:00,103.753,2
17-02-2006 00:00,106.535,2
18-02-2006 00:00,101.116,2
19-02-2006 00:00,124.624,2
20-02-2006 00:00,137.509,2
21-02-2006 00:00,134.476,2
22-02-2006 00:00,114.267,2
23-02-2006 00:00,105.099,2
24-02-2006 00:00,96.16,2
25-02-2006 00:00,90.464,2
26-02-2006 00:00,83.901,2
27-02-2006 00:00,77.494,2
28-02-2006 00:00,72.936,2
01-03-2006 00:00,69.02,2
02-03-2006 00:00,65.303,2
03-03-2006 00:00,62.402,2
04-03-2006 00:00,59.572,2
05-03-2006 00:00,56.479,2
06-03-2006 00:00,53.929,2
07-03-2006 00:00,47.173,2
08-03-2006 00:00,48.174,2
09-03-2006 00:00,47.046,2
10-03-2006 00:00,45.828,2
11-03-2006 00:00,43.636,2
12-03-2006 00:00,42.843,2
13-03-2006 00:00,41.741,2
14-03-2006 00:00,42.818,2
15-03-2006 00:00,42.184,2
16-03-2006 00:00,43.245,2
17-03-2006 00:00,44.181,2
18-03-2006 00:00,45.778,2
19-03-2006 00:00,48.275,2
20-03-2006 00:00,49.413,2
21-03-2006 00:00,47.559,2
22-03-2006 00:00,47.92,2
23-03-2006 00:00,49.041,2
24-03-2006 00:00,51.298,2
25-03-2006 00:00,52.658,2
26-03-2006 00:00,54.5,2
27-03-2006 00:00,86.272,2
28-03-2006 00:00,163.124,2
29-03-2006 00:00,138.179,2
30-03-2006 00:00,130.047,2
31-03-2006 00:00,161.433,2
01-04-2006 00:00,138.351,2
02-04-2006 00:00,121.376,2
03-04-2006 00:00,106.082,2
04-04-2006 00:00,99.404,2
05-04-2006 00:00,105.38,2
06-04-2006 00:00,98.103,2
07-04-2006 00:00,124.84,2
08-04-2006 00:00,113.082,2
09-04-2006 00:00,125.058,2
10-04-2006 00:00,126.107,2
11-04-2006 00:00,107.881,2
12-04-2006 00:00,97.01,2
13-04-2006 00:00,93.832,2
14-04-2006 00:00,93.646,2
15-04-2006 00:00,83.585,2
16-04-2006 00:00,78.677,2
17-04-2006 00:00,73.014,2
18-04-2006 00:00,66.66,2
19-04-2006 00:00,61.546,2
20-04-2006 00:00,62.589,2
21-04-2006 00:00,58.619,2
22-04-2006 00:00,57.071,2
23-04-2006 00:00,54.898,2
24-04-2006 00:00,52.762,2
25-04-2006 00:00,50.957,2
26-04-2006 00:00,49.053,2
27-04-2006 00:00,48.121,2
28-04-2006 00:00,46.661,2
29-04-2006 00:00,45.881,2
30-04-2006 00:00,46.432,2
01-05-2006 00:00,45.075,2
02-05-2006 00:00,43.863,2
03-05-2006 00:00,42.449,2
04-05-2006 00:00,41.194,2
05-05-2006 00:00,40.104,2
06-05-2006 00:00,39.676,2
07-05-2006 00:00,39.463,2
08-05-2006 00:00,38.621,2
09-05-2006 00:00,37.426,2
10-05-2006 00:00,36.919,2
11-05-2006 00:00,36.213,2
12-05-2006 00:00,35.43,2
13-05-2006 00:00,35.963,2
14-05-2006 00:00,34.616,2
15-05-2006 00:00,33.398,2
16-05-2006 00:00,33.507,2
17-05-2006 00:00,33.167,2
18-05-2006 00:00,35.426,2
19-05-2006 00:00,37.758,2
20-05-2006 00:00,36.058,2
21-05-2006 00:00,38.206,2
22-05-2006 00:00,35.178,2
23-05-2006 00:00,35.149,2
24-05-2006 00:00,34.521,2
25-05-2006 00:00,36.216,2
26-05-2006 00:00,33.76,2
27-05-2006 00:00,32.293,2
28-05-2006 00:00,40.634,2
29-05-2006 00:00,40.19,2
30-05-2006 00:00,38.177,2
31-05-2006 00:00,33.564,2
01-06-2006 00:00,31.507,2
02-06-2006 00:00,30.064,2
03-06-2006 00:00,29.794,2
04-06-2006 00:00,29.434,2
05-06-2006 00:00,28.514,2
06-06-2006 00:00,27.518,2
07-06-2006 00:00,27.128,2
08-06-2006 00:00,26.616,2
09-06-2006 00:00,26.244,2
10-06-2006 00:00,25.928,2
11-06-2006 00:00,25.447,2
12-06-2006 00:00,24.868,2
13-06-2006 00:00,24.602,2
14-06-2006 00:00,24.323,2
15-06-2006 00:00,24.234,2
16-06-2006 00:00,24.02,2
17-06-2006 00:00,24.1,2
18-06-2006 00:00,23.992,2
19-06-2006 00:00,23.67,2
20-06-2006 00:00,24.969,2
21-06-2006 00:00,24.274,2
22-06-2006 00:00,23.933,2
23-06-2006 00:00,23.544,2
24-06-2006 00:00,23.309,2
25-06-2006 00:00,23.049,2
26-06-2006 00:00,30.586,2
27-06-2006 00:00,32.534,2
28-06-2006 00:00,26.283,2
29-06-2006 00:00,24.508,2
30-06-2006 00:00,23.717,2
01-07-2006 00:00,23.33,2
02-07-2006 00:00,22.975,2
03-07-2006 00:00,22.73,2
04-07-2006 00:00,22.721,2
05-07-2006 00:00,22.511,2
06-07-2006 00:00,22.253,2
07-07-2006 00:00,22.124,2
08-07-2006 00:00,22.148,2
09-07-2006 00:00,22.132,2
10-07-2006 00:00,21.893,2
11-07-2006 00:00,21.839,2
12-07-2006 00:00,22.103,2
13-07-2006 00:00,21.625,2
14-07-2006 00:00,21.311,2
15-07-2006 00:00,21.214,2
16-07-2006 00:00,21.105,2
17-07-2006 00:00,21.002,2
18-07-2006 00:00,20.819,2
19-07-2006 00:00,20.875,2
20-07-2006 00:00,20.813,2
21-07-2006 00:00,20.841,2
22-07-2006 00:00,20.932,2
23-07-2006 00:00,20.912,2
24-07-2006 00:00,20.745,2
25-07-2006 00:00,20.684,2
26-07-2006 00:00,20.562,2
27-07-2006 00:00,20.475,2
28-07-2006 00:00,20.863,2
29-07-2006 00:00,21.491,2
30-07-2006 00:00,20.904,2
31-07-2006 00:00,21.978,2
01-08-2006 00:00,22.782,2
02-08-2006 00:00,26.556,2
03-08-2006 00:00,31.073,2
04-08-2006 00:00,25.647,2
05-08-2006 00:00,22.833,2
06-08-2006 00:00,21.525,2
07-08-2006 00:00,20.845,2
08-08-2006 00:00,20.614,2
09-08-2006 00:00,20.356,2
10-08-2006 00:00,20.318,2
11-08-2006 00:00,20.244,2
12-08-2006 00:00,20.647,2
13-08-2006 00:00,21.523,2
14-08-2006 00:00,24.248,2
15-08-2006 00:00,25.623,2
16-08-2006 00:00,25.87,2
17-08-2006 00:00,22.919,2
18-08-2006 00:00,21.455,2
19-08-2006 00:00,21.74,2
20-08-2006 00:00,22.425,2
21-08-2006 00:00,24.996,2
22-08-2006 00:00,24.12,2
23-08-2006 00:00,33.1,2
24-08-2006 00:00,38.789,2
25-08-2006 00:00,30.43,2
26-08-2006 00:00,27.363,2
27-08-2006 00:00,28.238,2
28-08-2006 00:00,31.296,2
29-08-2006 00:00,31.029,2
30-08-2006 00:00,42.32,2
31-08-2006 00:00,44.703,2
01-09-2006 00:00,37.456,2
02-09-2006 00:00,32.534,2
03-09-2006 00:00,33.11,2
04-09-2006 00:00,34.204,2
05-09-2006 00:00,30.529,2
06-09-2006 00:00,27.69,2
07-09-2006 00:00,26.122,2
08-09-2006 00:00,26.347,2
09-09-2006 00:00,26.636,2
10-09-2006 00:00,25.118,2
11-09-2006 00:00,24.001,2
12-09-2006 00:00,23.456,2
13-09-2006 00:00,22.789,2
14-09-2006 00:00,22.223,2
15-09-2006 00:00,21.728,2
16-09-2006 00:00,21.5,2
17-09-2006 00:00,21.267,2
18-09-2006 00:00,21.464,2
19-09-2006 00:00,21.616,2
20-09-2006 00:00,21.661,2
21-09-2006 00:00,21.485,2
22-09-2006 00:00,21.338,2
23-09-2006 00:00,21.398,2
24-09-2006 00:00,21.327,2
25-09-2006 00:00,21.283,2
26-09-2006 00:00,21.744,2
27-09-2006 00:00,22.626,2
28-09-2006 00:00,23.893,2
29-09-2006 00:00,23.412,2
30-09-2006 00:00,23.057,2
01-10-2006 00:00,23.871,2
02-10-2006 00:00,26.816,2
03-10-2006 00:00,29.996,2
04-10-2006 00:00,85.318,2
05-10-2006 00:00,85.839,2
06-10-2006 00:00,82.31,2
07-10-2006 00:00,81.323,2
08-10-2006 00:00,82.444,2
09-10-2006 00:00,81.666,2
10-10-2006 00:00,75.835,2
11-10-2006 00:00,69.614,2
12-10-2006 00:00,63.75,2
13-10-2006 00:00,59.322,2
14-10-2006 00:00,55.732,2
15-10-2006 00:00,52.939,2
16-10-2006 00:00,51.169,2
17-10-2006 00:00,49.636,2
18-10-2006 00:00,49.027,2
19-10-2006 00:00,48.345,2
20-10-2006 00:00,47.884,2
21-10-2006 00:00,48.581,2
22-10-2006 00:00,48.54,2
23-10-2006 00:00,54.062,2
24-10-2006 00:00,67.706,2
25-10-2006 00:00,76.32,2
26-10-2006 00:00,72.316,2
27-10-2006 00:00,69.037,2
28-10-2006 00:00,63.848,2
29-10-2006 00:00,74.796,2
30-10-2006 00:00,84.569,2
31-10-2006 00:00,89.086,2
01-11-2006 00:00,83.2,2
02-11-2006 00:00,77.968,2
03-11-2006 00:00,67.41,2
04-11-2006 00:00,61.459,2
05-11-2006 00:00,59.744,2
06-11-2006 00:00,68.113,2
07-11-2006 00:00,65.641,2
08-11-2006 00:00,76.225,2
09-11-2006 00:00,148.116,2
10-11-2006 00:00,146.038,2
11-11-2006 00:00,142.218,2
12-11-2006 00:00,152.946,2
13-11-2006 00:00,140.125,2
14-11-2006 00:00,165.363,2
15-11-2006 00:00,145.105,2
16-11-2006 00:00,132.478,2
17-11-2006 00:00,120.381,2
18-11-2006 00:00,112.346,2
19-11-2006 00:00,104.267,2
20-11-2006 00:00,108.014,2
21-11-2006 00:00,113.748,2
22-11-2006 00:00,137.681,2
23-11-2006 00:00,126.842,2
24-11-2006 00:00,126.825,2
25-11-2006 00:00,118.925,2
26-11-2006 00:00,121.249,2
27-11-2006 00:00,116.538,2
28-11-2006 00:00,108.64,2
29-11-2006 00:00,102.115,2
30-11-2006 00:00,96.543,2
01-12-2006 00:00,98.113,2
02-12-2006 00:00,103.485,2
03-12-2006 00:00,159.572,2
04-12-2006 00:00,159.361,2
05-12-2006 00:00,151.885,2
06-12-2006 00:00,156.574,2
07-12-2006 00:00,153.376,2
08-12-2006 00:00,178.85,2
09-12-2006 00:00,161.725,2
10-12-2006 00:00,137.824,2
11-12-2006 00:00,131.621,2
12-12-2006 00:00,161.12,2
13-12-2006 00:00,162.856,2
14-12-2006 00:00,228.013,2
15-12-2006 00:00,235.182,2
16-12-2006 00:00,215.401,2
17-12-2006 00:00,197.556,2
18-12-2006 00:00,171.774,2
19-12-2006 00:00,151.761,2
20-12-2006 00:00,138.151,2
21-12-2006 00:00,127.39,2
22-12-2006 00:00,118.477,2
23-12-2006 00:00,111.753,2
24-12-2006 00:00,106.779,2
25-12-2006 00:00,100.68,2
26-12-2006 00:00,95.849,2
27-12-2006 00:00,91.589,2
28-12-2006 00:00,89.699,2
29-12-2006 00:00,86.227,2
30-12-2006 00:00,87.345,2
31-12-2006 00:00,188.889,2
01-01-2007 00:00,254.575,2
02-01-2007 00:00,220.607,2
03-01-2007 00:00,177.893,2
04-01-2007 00:00,178.386,2
05-01-2007 00:00,197.748,2
06-01-2007 00:00,176.695,2
07-01-2007 00:00,157.264,2
08-01-2007 00:00,155.449,2
09-01-2007 00:00,165.918,2
10-01-2007 00:00,160.414,2
11-01-2007 00:00,180.954,2
12-01-2007 00:00,275.785,2
13-01-2007 00:00,301.213,2
14-01-2007 00:00,262.846,2
15-01-2007 00:00,211.412,2
16-01-2007 00:00,180.686,2
17-01-2007 00:00,171.917,2
18-01-2007 00:00,274.233,2
19-01-2007 00:00,376.67,2
20-01-2007 00:00,420.741,2
21-01-2007 00:00,459.101,2
22-01-2007 00:00,419.441,2
23-01-2007 00:00,371.504,2
24-01-2007 00:00,351.29,2
25-01-2007 00:00,340.94,2
26-01-2007 00:00,328.91,2
27-01-2007 00:00,332.149,2
28-01-2007 00:00,364.846,2
29-01-2007 00:00,420.917,2
30-01-2007 00:00,382.048,2
31-01-2007 00:00,354.371,2
01-02-2007 00:00,328.464,2
02-02-2007 00:00,300.316,2
03-02-2007 00:00,299.175,2
04-02-2007 00:00,274.719,2
05-02-2007 00:00,258.006,2
06-02-2007 00:00,243.432,2
07-02-2007 00:00,230.148,2
08-02-2007 00:00,218.28,2
09-02-2007 00:00,209.076,2
10-02-2007 00:00,197.985,2
11-02-2007 00:00,189.205,2
12-02-2007 00:00,163.618,2
13-02-2007 00:00,152.298,2
14-02-2007 00:00,143.131,2
15-02-2007 00:00,136.999,2
16-02-2007 00:00,128.825,2
17-02-2007 00:00,120.292,2
18-02-2007 00:00,110.716,2
19-02-2007 00:00,100.884,2
20-02-2007 00:00,91.848,2
21-02-2007 00:00,81.585,2
22-02-2007 00:00,52.357,2
23-02-2007 00:00,59.545,2
24-02-2007 00:00,61.586,2
25-02-2007 00:00,72.315,2
26-02-2007 00:00,135.792,2
27-02-2007 00:00,249.855,2
28-02-2007 00:00,326.772,2
01-03-2007 00:00,398.96,2
02-03-2007 00:00,369.721,2
03-03-2007 00:00,305.904,2
04-03-2007 00:00,244.25,2
05-03-2007 00:00,213.74,2
06-03-2007 00:00,209.921,2
07-03-2007 00:00,233.252,2
08-03-2007 00:00,267.143,2
09-03-2007 00:00,236.637,2
10-03-2007 00:00,211.491,2
11-03-2007 00:00,189.096,2
12-03-2007 00:00,170.174,2
13-03-2007 00:00,153.611,2
14-03-2007 00:00,139.759,2
15-03-2007 00:00,129.894,2
16-03-2007 00:00,123.088,2
17-03-2007 00:00,119.663,2
18-03-2007 00:00,128.585,2
19-03-2007 00:00,127.254,2
20-03-2007 00:00,124.656,2
21-03-2007 00:00,116.113,2
22-03-2007 00:00,108.619,2
23-03-2007 00:00,103.849,2
24-03-2007 00:00,100.382,2
25-03-2007 00:00,95.062,2
26-03-2007 00:00,90.602,2
27-03-2007 00:00,87.105,2
28-03-2007 00:00,83.352,2
29-03-2007 00:00,79.762,2
30-03-2007 00:00,75.995,2
31-03-2007 00:00,72.285,2
01-04-2007 00:00,68.951,2
02-04-2007 00:00,66.889,2
03-04-2007 00:00,65.61,2
04-04-2007 00:00,62.69,2
05-04-2007 00:00,60.688,2
06-04-2007 00:00,58.359,2
07-04-2007 00:00,55.732,2
08-04-2007 00:00,56.229,2
09-04-2007 00:00,62.873,2
10-04-2007 00:00,59.165,2
11-04-2007 00:00,56.541,2
12-04-2007 00:00,53.83,2
13-04-2007 00:00,52.688,2
14-04-2007 00:00,51.259,2
15-04-2007 00:00,49.356,2
16-04-2007 00:00,48.155,2
17-04-2007 00:00,46.96,2
18-04-2007 00:00,45.35,2
19-04-2007 00:00,45.437,2
20-04-2007 00:00,43.907,2
21-04-2007 00:00,43.66,2
22-04-2007 00:00,43.318,2
23-04-2007 00:00,41.468,2
24-04-2007 00:00,40.7,2
25-04-2007 00:00,40.192,2
26-04-2007 00:00,39.49,2
27-04-2007 00:00,38.648,2
28-04-2007 00:00,38.403,2
29-04-2007 00:00,38.131,2
30-04-2007 00:00,37.95,2
01-05-2007 00:00,37.438,2
02-05-2007 00:00,37.005,2
03-05-2007 00:00,36.498,2
04-05-2007 00:00,36.931,2
05-05-2007 00:00,36.894,2
06-05-2007 00:00,35.544,2
07-05-2007 00:00,35.573,2
08-05-2007 00:00,35.872,2
09-05-2007 00:00,37.261,2
10-05-2007 00:00,38.408,2
11-05-2007 00:00,41.751,2
12-05-2007 00:00,38.643,2
13-05-2007 00:00,38.383,2
14-05-2007 00:00,37.648,2
15-05-2007 00:00,35.764,2
16-05-2007 00:00,35.485,2
17-05-2007 00:00,63.039,2
18-05-2007 00:00,54.968,2
19-05-2007 00:00,46.258,2
20-05-2007 00:00,41.84,2
21-05-2007 00:00,39.025,2
22-05-2007 00:00,37.54,2
23-05-2007 00:00,35.726,2
24-05-2007 00:00,34.562,2
25-05-2007 00:00,33.71,2
26-05-2007 00:00,33.273,2
27-05-2007 00:00,33.159,2
28-05-2007 00:00,32.692,2
29-05-2007 00:00,34.47,2
30-05-2007 00:00,33.436,2
31-05-2007 00:00,31.852,2
01-06-2007 00:00,30.534,2
02-06-2007 00:00,31.367,2
03-06-2007 00:00,30.827,2
04-06-2007 00:00,29.998,2
05-06-2007 00:00,29.638,2
06-06-2007 00:00,28.448,2
07-06-2007 00:00,28.427,2
08-06-2007 00:00,28.074,2
09-06-2007 00:00,27.983,2
10-06-2007 00:00,27.837,2
11-06-2007 00:00,27.409,2
12-06-2007 00:00,27.301,2
13-06-2007 00:00,27.391,2
14-06-2007 00:00,27.98,2
15-06-2007 00:00,28.164,2
16-06-2007 00:00,35.95,2
17-06-2007 00:00,50.975,2
18-06-2007 00:00,51.915,2
19-06-2007 00:00,48.816,2
20-06-2007 00:00,44.226,2
21-06-2007 00:00,41.135,2
22-06-2007 00:00,71.181,2
23-06-2007 00:00,90.312,2
24-06-2007 00:00,93.051,2
25-06-2007 00:00,92.029,2
26-06-2007 00:00,97.52,2
27-06-2007 00:00,109.949,2
28-06-2007 00:00,127.362,2
29-06-2007 00:00,125.884,2
30-06-2007 00:00,122.385,2
01-07-2007 00:00,112.109,2
02-07-2007 00:00,102.617,2
03-07-2007 00:00,127.338,2
04-07-2007 00:00,137.848,2
05-07-2007 00:00,185.421,2
06-07-2007 00:00,268.868,2
07-07-2007 00:00,280.986,2
08-07-2007 00:00,280.796,2
09-07-2007 00:00,278.858,2
10-07-2007 00:00,261.642,2
11-07-2007 00:00,241.961,2
12-07-2007 00:00,219.256,2
13-07-2007 00:00,197.792,2
14-07-2007 00:00,185.261,2
15-07-2007 00:00,174.326,2
16-07-2007 00:00,163.339,2
17-07-2007 00:00,149.605,2
18-07-2007 00:00,134.443,2
19-07-2007 00:00,122.221,2
20-07-2007 00:00,113.675,2
21-07-2007 00:00,108.067,2
22-07-2007 00:00,115.219,2
23-07-2007 00:00,165.485,2
24-07-2007 00:00,187.192,2
25-07-2007 00:00,249.306,2
26-07-2007 00:00,251.483,2
27-07-2007 00:00,240.558,2
28-07-2007 00:00,218.726,2
29-07-2007 00:00,197.172,2
30-07-2007 00:00,181.241,2
31-07-2007 00:00,164.151,2
01-08-2007 00:00,148.473,2
02-08-2007 00:00,135.78,2
03-08-2007 00:00,126.54,2
04-08-2007 00:00,119.052,2
05-08-2007 00:00,113.511,2
06-08-2007 00:00,109.206,2
07-08-2007 00:00,98.646,2
08-08-2007 00:00,86.331,2
09-08-2007 00:00,82.792,2
10-08-2007 00:00,81.838,2
11-08-2007 00:00,92.853,2
12-08-2007 00:00,91.176,2
13-08-2007 00:00,82.988,2
14-08-2007 00:00,76.481,2
15-08-2007 00:00,75.46,2
16-08-2007 00:00,85.363,2
17-08-2007 00:00,90.774,2
18-08-2007 00:00,79.855,2
19-08-2007 00:00,71.75,2
20-08-2007 00:00,67.58,2
21-08-2007 00:00,64.935,2
22-08-2007 00:00,61.85,2
23-08-2007 00:00,63.6,2
24-08-2007 00:00,62.583,2
25-08-2007 00:00,59.329,2
26-08-2007 00:00,66.369,2
27-08-2007 00:00,64.879,2
28-08-2007 00:00,68.235,2
29-08-2007 00:00,63.768,2
30-08-2007 00:00,65.988,2
31-08-2007 00:00,72.517,2
01-09-2007 00:00,74.621,2
02-09-2007 00:00,69.284,2
03-09-2007 00:00,82.734,2
04-09-2007 00:00,72.341,2
05-09-2007 00:00,65.143,2
06-09-2007 00:00,62.127,2
07-09-2007 00:00,59.67,2
08-09-2007 00:00,57.649,2
09-09-2007 00:00,55.949,2
10-09-2007 00:00,74.206,2
11-09-2007 00:00,80.757,2
12-09-2007 00:00,69.772,2
13-09-2007 00:00,63.273,2
14-09-2007 00:00,63.373,2
15-09-2007 00:00,74.604,2
16-09-2007 00:00,62.937,2
17-09-2007 00:00,59.575,2
18-09-2007 00:00,60.018,2
19-09-2007 00:00,60.789,2
20-09-2007 00:00,72.087,2
21-09-2007 00:00,78.564,2
22-09-2007 00:00,71.205,2
23-09-2007 00:00,65.233,2
24-09-2007 00:00,61.613,2
25-09-2007 00:00,68.748,2
26-09-2007 00:00,74.95,2
27-09-2007 00:00,69.474,2
28-09-2007 00:00,64.88,2
29-09-2007 00:00,78.353,2
30-09-2007 00:00,103.385,2
01-10-2007 00:00,108.797,2
02-10-2007 00:00,97.962,2
03-10-2007 00:00,87.758,2
04-10-2007 00:00,82.338,2
05-10-2007 00:00,90.598,2
06-10-2007 00:00,84.652,2
07-10-2007 00:00,78.368,2
08-10-2007 00:00,74.03,2
09-10-2007 00:00,69.578,2
10-10-2007 00:00,68.301,2
11-10-2007 00:00,65.829,2
12-10-2007 00:00,64.721,2
13-10-2007 00:00,61.836,2
14-10-2007 00:00,60.088,2
15-10-2007 00:00,58.906,2
16-10-2007 00:00,57.518,2
17-10-2007 00:00,66.698,2
18-10-2007 00:00,67.745,2
19-10-2007 00:00,60.788,2
20-10-2007 00:00,56.345,2
21-10-2007 00:00,54.778,2
22-10-2007 00:00,53.591,2
23-10-2007 00:00,52.084,2
24-10-2007 00:00,50.996,2
25-10-2007 00:00,50.229,2
26-10-2007 00:00,49.85,2
27-10-2007 00:00,49.394,2
28-10-2007 00:00,48.851,2
29-10-2007 00:00,62.586,2
30-10-2007 00:00,73.02,2
31-10-2007 00:00,62.773,2
01-11-2007 00:00,57.589,2
02-11-2007 00:00,55.235,2
03-11-2007 00:00,53.732,2
04-11-2007 00:00,53.138,2
05-11-2007 00:00,51.979,2
06-11-2007 00:00,67.479,2
07-11-2007 00:00,77.53,2
08-11-2007 00:00,76.414,2
09-11-2007 00:00,87.25,2
10-11-2007 00:00,93.758,2
11-11-2007 00:00,82.585,2
12-11-2007 00:00,82.588,2
13-11-2007 00:00,85.908,2
14-11-2007 00:00,85.32,2
15-11-2007 00:00,78.824,2
16-11-2007 00:00,77.012,2
17-11-2007 00:00,75.753,2
18-11-2007 00:00,72.682,2
19-11-2007 00:00,70.336,2
20-11-2007 00:00,67.789,2
21-11-2007 00:00,66.098,2
22-11-2007 00:00,64.662,2
23-11-2007 00:00,63.187,2
24-11-2007 00:00,62.29,2
25-11-2007 00:00,82.303,2
26-11-2007 00:00,90.329,2
27-11-2007 00:00,77.409,2
28-11-2007 00:00,72.548,2
29-11-2007 00:00,75.63,2
30-11-2007 00:00,78.418,2
01-12-2007 00:00,88.342,2
02-12-2007 00:00,97.998,2
03-12-2007 00:00,137.451,2
04-12-2007 00:00,131.239,2
05-12-2007 00:00,115.886,2
06-12-2007 00:00,113.179,2
07-12-2007 00:00,150.178,2
08-12-2007 00:00,179.213,2
09-12-2007 00:00,177.536,2
10-12-2007 00:00,160.887,2
11-12-2007 00:00,135.408,2
12-12-2007 00:00,118.846,2
13-12-2007 00:00,108.71,2
14-12-2007 00:00,101.977,2
15-12-2007 00:00,97.096,2
16-12-2007 00:00,92.349,2
17-12-2007 00:00,87.602,2
18-12-2007 00:00,83.916,2
19-12-2007 00:00,84.578,2
20-12-2007 00:00,83.544,2
21-12-2007 00:00,81.591,2
22-12-2007 00:00,80.331,2
23-12-2007 00:00,78.139,2
24-12-2007 00:00,76.448,2
25-12-2007 00:00,74.586,2
26-12-2007 00:00,74.162,2
27-12-2007 00:00,72.475,2
28-12-2007 00:00,80.47,2
29-12-2007 00:00,82.889,2
30-12-2007 00:00,78.905,2
31-12-2007 00:00,74.976,2
01-01-2008 00:00,82.088,2
02-01-2008 00:00,85.487,2
03-01-2008 00:00,80.135,2
04-01-2008 00:00,71.226,2
05-01-2008 00:00,66.939,2
06-01-2008 00:00,96.68,2
07-01-2008 00:00,105.856,2
08-01-2008 00:00,137.734,2
09-01-2008 00:00,115.26,2
10-01-2008 00:00,131.574,2
11-01-2008 00:00,134.539,2
12-01-2008 00:00,128.116,2
13-01-2008 00:00,114.094,2
14-01-2008 00:00,106.288,2
15-01-2008 00:00,101.423,2
16-01-2008 00:00,135.337,2
17-01-2008 00:00,116.386,2
18-01-2008 00:00,118.15,2
19-01-2008 00:00,139.083,2
20-01-2008 00:00,120.261,2
21-01-2008 00:00,113.903,2
22-01-2008 00:00,106.201,2
23-01-2008 00:00,110.295,2
24-01-2008 00:00,182.542,2
25-01-2008 00:00,157.038,2
26-01-2008 00:00,182,2
27-01-2008 00:00,197.383,2
28-01-2008 00:00,162.293,2
29-01-2008 00:00,147.04,2
30-01-2008 00:00,144.982,2
31-01-2008 00:00,138.186,2
01-02-2008 00:00,156.615,2
02-02-2008 00:00,156.923,2
03-02-2008 00:00,131.174,2
04-02-2008 00:00,119.77,2
05-02-2008 00:00,115.97,2
06-02-2008 00:00,157.747,2
07-02-2008 00:00,145.933,2
08-02-2008 00:00,124.389,2
09-02-2008 00:00,116.496,2
10-02-2008 00:00,111.129,2
11-02-2008 00:00,105.784,2
12-02-2008 00:00,100.93,2
13-02-2008 00:00,98.099,2
14-02-2008 00:00,94.548,2
15-02-2008 00:00,90.513,2
16-02-2008 00:00,85.862,2
17-02-2008 00:00,88.96,2
18-02-2008 00:00,95.066,2
19-02-2008 00:00,92.744,2
20-02-2008 00:00,91.377,2
21-02-2008 00:00,87.784,2
22-02-2008 00:00,98.824,2
23-02-2008 00:00,95.075,2
24-02-2008 00:00,82.93,2
25-02-2008 00:00,80.368,2
26-02-2008 00:00,84.323,2
27-02-2008 00:00,91.364,2
28-02-2008 00:00,82.851,2
29-02-2008 00:00,74.119,2
01-03-2008 00:00,127.853,2
02-03-2008 00:00,132.091,2
03-03-2008 00:00,112.049,2
04-03-2008 00:00,130.96,2
05-03-2008 00:00,105.598,2
06-03-2008 00:00,121.342,2
07-03-2008 00:00,106.503,2
08-03-2008 00:00,98.251,2
09-03-2008 00:00,93.013,2
10-03-2008 00:00,91.735,2
11-03-2008 00:00,87.099,2
12-03-2008 00:00,109.404,2
13-03-2008 00:00,130.43,2
14-03-2008 00:00,149.179,2
15-03-2008 00:00,142.058,2
16-03-2008 00:00,122.77,2
17-03-2008 00:00,116.212,2
18-03-2008 00:00,107.915,2
19-03-2008 00:00,101.34,2
20-03-2008 00:00,95.047,2
21-03-2008 00:00,161.616,2
22-03-2008 00:00,191.226,2
23-03-2008 00:00,159.289,2
24-03-2008 00:00,146.034,2
25-03-2008 00:00,137.494,2
26-03-2008 00:00,132.572,2
27-03-2008 00:00,122.739,2
28-03-2008 00:00,111.924,2
29-03-2008 00:00,108.491,2
30-03-2008 00:00,102.356,2
31-03-2008 00:00,95.943,2
01-04-2008 00:00,91.957,2
02-04-2008 00:00,117.558,2
03-04-2008 00:00,129.908,2
04-04-2008 00:00,108.438,2
05-04-2008 00:00,107.78,2
06-04-2008 00:00,117.68,2
07-04-2008 00:00,101.733,2
08-04-2008 00:00,93.292,2
09-04-2008 00:00,98.206,2
10-04-2008 00:00,90.818,2
11-04-2008 00:00,82.707,2
12-04-2008 00:00,105.576,2
13-04-2008 00:00,90.924,2
14-04-2008 00:00,83.139,2
15-04-2008 00:00,78.12,2
16-04-2008 00:00,74.015,2
17-04-2008 00:00,83.083,2
18-04-2008 00:00,74.656,2
19-04-2008 00:00,70.248,2
20-04-2008 00:00,66.231,2
21-04-2008 00:00,63.138,2
22-04-2008 00:00,59.953,2
23-04-2008 00:00,57.588,2
24-04-2008 00:00,56.427,2
25-04-2008 00:00,55.894,2
26-04-2008 00:00,57.844,2
27-04-2008 00:00,56.663,2
28-04-2008 00:00,56.092,2
29-04-2008 00:00,53.557,2
30-04-2008 00:00,52.905,2
01-05-2008 00:00,90.9,2
02-05-2008 00:00,88.366,2
03-05-2008 00:00,76.432,2
04-05-2008 00:00,68.633,2
05-05-2008 00:00,63.451,2
06-05-2008 00:00,61.009,2
07-05-2008 00:00,60.237,2
08-05-2008 00:00,59.988,2
09-05-2008 00:00,59.143,2
10-05-2008 00:00,58.294,2
11-05-2008 00:00,56.784,2
12-05-2008 00:00,55.784,2
13-05-2008 00:00,54.252,2
14-05-2008 00:00,53.241,2
15-05-2008 00:00,52.413,2
16-05-2008 00:00,51.187,2
17-05-2008 00:00,50.215,2
18-05-2008 00:00,49.832,2
19-05-2008 00:00,49.357,2
20-05-2008 00:00,49.816,2
21-05-2008 00:00,47.482,2
22-05-2008 00:00,44.401,2
23-05-2008 00:00,41.958,2
24-05-2008 00:00,39.412,2
25-05-2008 00:00,37.762,2
26-05-2008 00:00,53.41,2
27-05-2008 00:00,73.733,2
28-05-2008 00:00,58.769,2
29-05-2008 00:00,51.647,2
30-05-2008 00:00,46.425,2
31-05-2008 00:00,44.29,2
01-06-2008 00:00,42.47,2
02-06-2008 00:00,42.295,2
03-06-2008 00:00,41.157,2
04-06-2008 00:00,38.666,2
05-06-2008 00:00,37.473,2
06-06-2008 00:00,37.453,2
07-06-2008 00:00,36.831,2
08-06-2008 00:00,36.826,2
09-06-2008 00:00,36.949,2
10-06-2008 00:00,37.529,2
11-06-2008 00:00,38.522,2
12-06-2008 00:00,41.33,2
13-06-2008 00:00,43.561,2
14-06-2008 00:00,42.905,2
15-06-2008 00:00,44.121,2
16-06-2008 00:00,43.329,2
17-06-2008 00:00,47.921,2
18-06-2008 00:00,46.111,2
19-06-2008 00:00,46.159,2
20-06-2008 00:00,44.168,2
21-06-2008 00:00,50.43,2
22-06-2008 00:00,47.921,2
23-06-2008 00:00,49.837,2
24-06-2008 00:00,40.575,2
25-06-2008 00:00,37.84,2
26-06-2008 00:00,37.78,2
27-06-2008 00:00,45.77,2
28-06-2008 00:00,49.205,2
29-06-2008 00:00,39.283,2
30-06-2008 00:00,38.299,2
01-07-2008 00:00,37.827,2
02-07-2008 00:00,37.662,2
03-07-2008 00:00,36.446,2
04-07-2008 00:00,33.963,2
05-07-2008 00:00,33.061,2
06-07-2008 00:00,31.106,2
07-07-2008 00:00,37.664,2
08-07-2008 00:00,39.071,2
09-07-2008 00:00,37.737,2
10-07-2008 00:00,29.152,2
11-07-2008 00:00,34.732,2
12-07-2008 00:00,38.153,2
13-07-2008 00:00,31.718,2
14-07-2008 00:00,25.652,2
15-07-2008 00:00,23.524,2
16-07-2008 00:00,23.336,2
17-07-2008 00:00,23.267,2
18-07-2008 00:00,22.949,2
19-07-2008 00:00,25.12,2
20-07-2008 00:00,29.54,2
21-07-2008 00:00,26.44,2
22-07-2008 00:00,22.254,2
23-07-2008 00:00,20.529,2
24-07-2008 00:00,18.116,2
25-07-2008 00:00,17.051,2
26-07-2008 00:00,15.682,2
27-07-2008 00:00,14.096,2
28-07-2008 00:00,13.042,2
29-07-2008 00:00,13.419,2
30-07-2008 00:00,13.802,2
31-07-2008 00:00,14.049,2
01-08-2008 00:00,14.333,2
02-08-2008 00:00,16.526,2
03-08-2008 00:00,19.288,2
04-08-2008 00:00,25.875,2
05-08-2008 00:00,33.953,2
06-08-2008 00:00,34.867,2
07-08-2008 00:00,37.234,2
08-08-2008 00:00,43.02,2
09-08-2008 00:00,42.608,2
10-08-2008 00:00,37.929,2
11-08-2008 00:00,37.23,2
12-08-2008 00:00,31.422,2
13-08-2008 00:00,29.076,2
14-08-2008 00:00,27.7,2
15-08-2008 00:00,26.048,2
16-08-2008 00:00,24.177,2
17-08-2008 00:00,22.638,2
18-08-2008 00:00,23.84,2
19-08-2008 00:00,32.708,2
20-08-2008 00:00,27.394,2
21-08-2008 00:00,23.743,2
22-08-2008 00:00,19.278,2
23-08-2008 00:00,28.444,2
24-08-2008 00:00,42.874,2
25-08-2008 00:00,43.384,2
26-08-2008 00:00,40.553,2
27-08-2008 00:00,39.17,2
28-08-2008 00:00,40.619,2
29-08-2008 00:00,38.426,2
30-08-2008 00:00,34.125,2
31-08-2008 00:00,29.741,2
01-09-2008 00:00,26.445,2
02-09-2008 00:00,24.86,2
03-09-2008 00:00,24.391,2
04-09-2008 00:00,23.67,2
05-09-2008 00:00,23.118,2
06-09-2008 00:00,30.711,2
07-09-2008 00:00,33.577,2
08-09-2008 00:00,31.19,2
09-09-2008 00:00,30.273,2
10-09-2008 00:00,29.512,2
11-09-2008 00:00,28.642,2
12-09-2008 00:00,27.39,2
13-09-2008 00:00,25.799,2
14-09-2008 00:00,25.044,2
15-09-2008 00:00,24.815,2
16-09-2008 00:00,24.954,2
17-09-2008 00:00,24.854,2
18-09-2008 00:00,24.559,2
19-09-2008 00:00,24.287,2
20-09-2008 00:00,24.071,2
21-09-2008 00:00,25.039,2
22-09-2008 00:00,24.455,2
23-09-2008 00:00,27.669,2
24-09-2008 00:00,26.564,2
25-09-2008 00:00,28.039,2
26-09-2008 00:00,26.628,2
27-09-2008 00:00,24.495,2
28-09-2008 00:00,24.04,2
29-09-2008 00:00,23.538,2
30-09-2008 00:00,23.282,2
01-10-2008 00:00,25.038,2
02-10-2008 00:00,26.306,2
03-10-2008 00:00,21.241,2
04-10-2008 00:00,20.345,2
05-10-2008 00:00,27.17,2
06-10-2008 00:00,31.734,2
07-10-2008 00:00,21.362,2
08-10-2008 00:00,17.613,2
09-10-2008 00:00,16.775,2
10-10-2008 00:00,16.087,2
11-10-2008 00:00,15.909,2
12-10-2008 00:00,16.507,2
13-10-2008 00:00,16.673,2
14-10-2008 00:00,16.978,2
15-10-2008 00:00,19.626,2
16-10-2008 00:00,44.318,2
17-10-2008 00:00,45.122,2
18-10-2008 00:00,35.058,2
19-10-2008 00:00,39.301,2
20-10-2008 00:00,33.473,2
21-10-2008 00:00,33.528,2
22-10-2008 00:00,33.453,2
23-10-2008 00:00,30.109,2
24-10-2008 00:00,32.628,2
25-10-2008 00:00,45.881,2
26-10-2008 00:00,49.808,2
27-10-2008 00:00,76.638,2
28-10-2008 00:00,61.707,2
29-10-2008 00:00,52.859,2
30-10-2008 00:00,47.71,2
31-10-2008 00:00,64.274,2
01-11-2008 00:00,60.449,2
02-11-2008 00:00,53.869,2
03-11-2008 00:00,50.007,2
04-11-2008 00:00,48.354,2
05-11-2008 00:00,47.772,2
06-11-2008 00:00,44.671,2
07-11-2008 00:00,47.413,2
08-11-2008 00:00,51.964,2
09-11-2008 00:00,49.62,2
10-11-2008 00:00,54.12,2
11-11-2008 00:00,99.649,2
12-11-2008 00:00,115.394,2
13-11-2008 00:00,105.212,2
14-11-2008 00:00,102.495,2
15-11-2008 00:00,104.326,2
16-11-2008 00:00,98.123,2
17-11-2008 00:00,97.527,2
18-11-2008 00:00,95.724,2
19-11-2008 00:00,114.386,2
20-11-2008 00:00,122.062,2
21-11-2008 00:00,109.766,2
22-11-2008 00:00,99.706,2
23-11-2008 00:00,89.014,2
24-11-2008 00:00,80.54,2
25-11-2008 00:00,75.461,2
26-11-2008 00:00,81.094,2
27-11-2008 00:00,87.63,2
28-11-2008 00:00,78.335,2
29-11-2008 00:00,93.316,2
30-11-2008 00:00,119.076,2
01-12-2008 00:00,102.044,2
02-12-2008 00:00,174.784,2
03-12-2008 00:00,223.064,2
04-12-2008 00:00,238.196,2
05-12-2008 00:00,245.582,2
06-12-2008 00:00,246.698,2
07-12-2008 00:00,238.917,2
08-12-2008 00:00,225.635,2
09-12-2008 00:00,215.938,2
10-12-2008 00:00,222.474,2
11-12-2008 00:00,220.35,2
12-12-2008 00:00,213.232,2
13-12-2008 00:00,202.235,2
14-12-2008 00:00,183.521,2
15-12-2008 00:00,161.03,2
16-12-2008 00:00,146.455,2
17-12-2008 00:00,140.381,2
18-12-2008 00:00,126.915,2
19-12-2008 00:00,131.747,2
20-12-2008 00:00,155.086,2
21-12-2008 00:00,143.959,2
22-12-2008 00:00,150.754,2
23-12-2008 00:00,127.917,2
24-12-2008 00:00,121.379,2
25-12-2008 00:00,112.899,2
26-12-2008 00:00,98.702,2
27-12-2008 00:00,93.349,2
28-12-2008 00:00,92.496,2
29-12-2008 00:00,89.076,2
30-12-2008 00:00,85.002,2
31-12-2008 00:00,80.891,2
01-01-2009 00:00,80.331,2
02-01-2009 00:00,72.349,2
03-01-2009 00:00,75.021,2
04-01-2009 00:00,81.214,2
05-01-2009 00:00,81.393,2
06-01-2009 00:00,96.283,2
07-01-2009 00:00,67.989,2
08-01-2009 00:00,84.313,2
09-01-2009 00:00,66.719,2
10-01-2009 00:00,69.046,2
11-01-2009 00:00,68.577,2
12-01-2009 00:00,67.836,2
13-01-2009 00:00,81.476,2
14-01-2009 00:00,85.532,2
15-01-2009 00:00,82.786,2
16-01-2009 00:00,74.397,2
17-01-2009 00:00,68.784,2
18-01-2009 00:00,73.585,2
19-01-2009 00:00,116.812,2
20-01-2009 00:00,139.416,2
21-01-2009 00:00,115.779,2
22-01-2009 00:00,99.012,2
23-01-2009 00:00,103.276,2
24-01-2009 00:00,129.633,2
25-01-2009 00:00,121.934,2
26-01-2009 00:00,106.804,2
27-01-2009 00:00,96.097,2
28-01-2009 00:00,89.544,2
29-01-2009 00:00,83.817,2
30-01-2009 00:00,78.516,2
31-01-2009 00:00,75.581,2
01-02-2009 00:00,71.437,2
02-02-2009 00:00,66.681,2
03-02-2009 00:00,64.991,2
04-02-2009 00:00,66.442,2
05-02-2009 00:00,78.75,2
06-02-2009 00:00,97.479,2
07-02-2009 00:00,89.314,2
08-02-2009 00:00,142.807,2
09-02-2009 00:00,113.968,2
10-02-2009 00:00,102.238,2
11-02-2009 00:00,100.234,2
12-02-2009 00:00,95.082,2
13-02-2009 00:00,82.86,2
14-02-2009 00:00,72.81,2
15-02-2009 00:00,67.929,2
16-02-2009 00:00,68.302,2
17-02-2009 00:00,67.354,2
18-02-2009 00:00,64.971,2
19-02-2009 00:00,62.713,2
20-02-2009 00:00,63.062,2
21-02-2009 00:00,63.683,2
22-02-2009 00:00,112.511,2
23-02-2009 00:00,167.899,2
24-02-2009 00:00,134.589,2
25-02-2009 00:00,124.888,2
26-02-2009 00:00,136.24,2
27-02-2009 00:00,129.761,2
28-02-2009 00:00,109.364,2
01-03-2009 00:00,97.875,2
02-03-2009 00:00,102.027,2
03-03-2009 00:00,103.479,2
04-03-2009 00:00,92.017,2
05-03-2009 00:00,86.025,2
06-03-2009 00:00,80.647,2
07-03-2009 00:00,87.033,2
08-03-2009 00:00,93.331,2
09-03-2009 00:00,100.596,2
10-03-2009 00:00,91.564,2
11-03-2009 00:00,84.833,2
12-03-2009 00:00,83.875,2
13-03-2009 00:00,143.662,2
14-03-2009 00:00,120.905,2
15-03-2009 00:00,123.776,2
16-03-2009 00:00,109.312,2
17-03-2009 00:00,144.182,2
18-03-2009 00:00,116.404,2
19-03-2009 00:00,100.25,2
20-03-2009 00:00,89.587,2
21-03-2009 00:00,84.738,2
22-03-2009 00:00,83.604,2
23-03-2009 00:00,84.079,2
24-03-2009 00:00,78.614,2
25-03-2009 00:00,70.427,2
26-03-2009 00:00,69.213,2
27-03-2009 00:00,106.033,2
28-03-2009 00:00,96.261,2
29-03-2009 00:00,84.35,2
30-03-2009 00:00,77.628,2
31-03-2009 00:00,72.345,2
01-04-2009 00:00,68.919,2
02-04-2009 00:00,66.106,2
03-04-2009 00:00,64.516,2
04-04-2009 00:00,62.357,2
05-04-2009 00:00,60.286,2
06-04-2009 00:00,58.044,2
07-04-2009 00:00,56.414,2
08-04-2009 00:00,56.457,2
09-04-2009 00:00,73.752,2
10-04-2009 00:00,59.937,2
11-04-2009 00:00,56.258,2
12-04-2009 00:00,53.485,2
13-04-2009 00:00,53.007,2
14-04-2009 00:00,52.531,2
15-04-2009 00:00,49.681,2
16-04-2009 00:00,46.782,2
17-04-2009 00:00,45.378,2
18-04-2009 00:00,45.107,2
19-04-2009 00:00,42.997,2
20-04-2009 00:00,43.432,2
21-04-2009 00:00,41.96,2
22-04-2009 00:00,43.127,2
23-04-2009 00:00,42.135,2
24-04-2009 00:00,40.257,2
25-04-2009 00:00,38.448,2
26-04-2009 00:00,37.687,2
27-04-2009 00:00,37.581,2
28-04-2009 00:00,36.868,2
29-04-2009 00:00,34.91,2
30-04-2009 00:00,33.915,2
01-05-2009 00:00,32.586,2
02-05-2009 00:00,31.667,2
03-05-2009 00:00,32.846,2
04-05-2009 00:00,45.852,2
05-05-2009 00:00,46.704,2
06-05-2009 00:00,59.825,2
07-05-2009 00:00,49.354,2
08-05-2009 00:00,42.028,2
09-05-2009 00:00,64.71,2
10-05-2009 00:00,48.723,2
11-05-2009 00:00,43.605,2
12-05-2009 00:00,40.612,2
13-05-2009 00:00,40.719,2
14-05-2009 00:00,37.613,2
15-05-2009 00:00,35.785,2
16-05-2009 00:00,37.248,2
17-05-2009 00:00,43.268,2
18-05-2009 00:00,42.784,2
19-05-2009 00:00,39.602,2
20-05-2009 00:00,44.22,2
21-05-2009 00:00,41.558,2
22-05-2009 00:00,43.268,2
23-05-2009 00:00,65.931,2
24-05-2009 00:00,58.304,2
25-05-2009 00:00,55.698,2
26-05-2009 00:00,51.475,2
27-05-2009 00:00,53.804,2
28-05-2009 00:00,61.447,2
29-05-2009 00:00,56.931,2
30-05-2009 00:00,50.73,2
31-05-2009 00:00,48.558,2
01-06-2009 00:00,47.158,2
02-06-2009 00:00,47.207,2
03-06-2009 00:00,47.383,2
04-06-2009 00:00,48.596,2
05-06-2009 00:00,67.643,2
06-06-2009 00:00,71.612,2
07-06-2009 00:00,66.508,2
08-06-2009 00:00,63.55,2
09-06-2009 00:00,60.669,2
10-06-2009 00:00,62.482,2
11-06-2009 00:00,66.802,2
12-06-2009 00:00,95.843,2
13-06-2009 00:00,116.18,2
14-06-2009 00:00,126.261,2
15-06-2009 00:00,128.693,2
16-06-2009 00:00,125.634,2
17-06-2009 00:00,119.922,2
18-06-2009 00:00,116.01,2
19-06-2009 00:00,110.945,2
20-06-2009 00:00,105.807,2
21-06-2009 00:00,100.423,2
22-06-2009 00:00,95.58,2
23-06-2009 00:00,90.165,2
24-06-2009 00:00,84.665,2
25-06-2009 00:00,79.327,2
26-06-2009 00:00,74.32,2
27-06-2009 00:00,69.706,2
28-06-2009 00:00,65.501,2
29-06-2009 00:00,61.704,2
30-06-2009 00:00,58.036,2
01-07-2009 00:00,55.364,2
02-07-2009 00:00,52.96,2
03-07-2009 00:00,50.7,2
04-07-2009 00:00,48.484,2
05-07-2009 00:00,46.467,2
06-07-2009 00:00,44.645,2
07-07-2009 00:00,42.98,2
08-07-2009 00:00,41.514,2
09-07-2009 00:00,40.182,2
10-07-2009 00:00,39.053,2
11-07-2009 00:00,39.068,2
12-07-2009 00:00,39.119,2
13-07-2009 00:00,39.15,2
14-07-2009 00:00,38.785,2
15-07-2009 00:00,38.237,2
16-07-2009 00:00,37.456,2
17-07-2009 00:00,36.83,2
18-07-2009 00:00,36.094,2
19-07-2009 00:00,35.327,2
20-07-2009 00:00,36.23,2
21-07-2009 00:00,37.453,2
22-07-2009 00:00,37.272,2
23-07-2009 00:00,38.778,2
24-07-2009 00:00,42.54,2
25-07-2009 00:00,40.851,2
26-07-2009 00:00,37.464,2
27-07-2009 00:00,32.99,2
28-07-2009 00:00,30.179,2
29-07-2009 00:00,28.519,2
30-07-2009 00:00,27.421,2
31-07-2009 00:00,28.409,2
01-08-2009 00:00,26.777,2
02-08-2009 00:00,25.996,2
03-08-2009 00:00,26.897,2
04-08-2009 00:00,33.275,2
05-08-2009 00:00,33.244,2
06-08-2009 00:00,30.813,2
07-08-2009 00:00,29.804,2
08-08-2009 00:00,28.932,2
09-08-2009 00:00,28.749,2
10-08-2009 00:00,28.961,2
11-08-2009 00:00,32.443,2
12-08-2009 00:00,33.241,2
13-08-2009 00:00,31.767,2
14-08-2009 00:00,31.061,2
15-08-2009 00:00,31.355,2
16-08-2009 00:00,33.915,2
17-08-2009 00:00,32.99,2
18-08-2009 00:00,32.848,2
19-08-2009 00:00,32.397,2
20-08-2009 00:00,31.317,2
21-08-2009 00:00,30.638,2
22-08-2009 00:00,30.17,2
23-08-2009 00:00,29.492,2
24-08-2009 00:00,29.002,2
25-08-2009 00:00,28.616,2
26-08-2009 00:00,28.337,2
27-08-2009 00:00,27.955,2
28-08-2009 00:00,27.515,2
29-08-2009 00:00,27.114,2
30-08-2009 00:00,26.658,2
31-08-2009 00:00,26.407,2
01-09-2009 00:00,26.27,2
02-09-2009 00:00,26.083,2
03-09-2009 00:00,26.423,2
04-09-2009 00:00,27.639,2
05-09-2009 00:00,28.289,2
06-09-2009 00:00,28.803,2
07-09-2009 00:00,28.75,2
08-09-2009 00:00,28.319,2
09-09-2009 00:00,27.721,2
10-09-2009 00:00,27.074,2
11-09-2009 00:00,26.487,2
12-09-2009 00:00,25.975,2
13-09-2009 00:00,25.54,2
14-09-2009 00:00,25.114,2
15-09-2009 00:00,25.386,2
16-09-2009 00:00,24.883,2
17-09-2009 00:00,25.243,2
18-09-2009 00:00,25.213,2
19-09-2009 00:00,26.452,2
20-09-2009 00:00,25.452,2
21-09-2009 00:00,24.533,2
22-09-2009 00:00,24.297,2
23-09-2009 00:00,23.993,2
24-09-2009 00:00,23.177,2
25-09-2009 00:00,22.917,2
26-09-2009 00:00,22.695,2
27-09-2009 00:00,22.897,2
28-09-2009 00:00,24.396,2
29-09-2009 00:00,27.642,2
30-09-2009 00:00,24.777,2
01-10-2009 00:00,24.697,2
02-10-2009 00:00,27.894,2
03-10-2009 00:00,39.23,2
04-10-2009 00:00,64.317,2
05-10-2009 00:00,50.714,2
06-10-2009 00:00,37.989,2
07-10-2009 00:00,39.504,2
08-10-2009 00:00,36.126,2
09-10-2009 00:00,31.503,2
10-10-2009 00:00,28.878,2
11-10-2009 00:00,28.849,2
12-10-2009 00:00,30.349,2
13-10-2009 00:00,31.011,2
14-10-2009 00:00,28.879,2
15-10-2009 00:00,28.019,2
16-10-2009 00:00,32.72,2
17-10-2009 00:00,44.261,2
18-10-2009 00:00,35.404,2
19-10-2009 00:00,32.945,2
20-10-2009 00:00,31.886,2
21-10-2009 00:00,30.723,2
22-10-2009 00:00,30.844,2
23-10-2009 00:00,32.021,2
24-10-2009 00:00,34.931,2
25-10-2009 00:00,40.11,2
26-10-2009 00:00,54.07,2
27-10-2009 00:00,82.848,2
28-10-2009 00:00,69.255,2
29-10-2009 00:00,66.547,2
30-10-2009 00:00,53.963,2
31-10-2009 00:00,46.468,2
01-11-2009 00:00,43.499,2
02-11-2009 00:00,53.292,2
03-11-2009 00:00,76.81,2
04-11-2009 00:00,66.449,2
05-11-2009 00:00,80.109,2
06-11-2009 00:00,78.802,2
07-11-2009 00:00,73.058,2
08-11-2009 00:00,62.738,2
09-11-2009 00:00,58.776,2
10-11-2009 00:00,97.108,2
11-11-2009 00:00,98.415,2
12-11-2009 00:00,93.643,2
13-11-2009 00:00,85.578,2
14-11-2009 00:00,110.601,2
15-11-2009 00:00,110.399,2
16-11-2009 00:00,109.381,2
17-11-2009 00:00,111.505,2
18-11-2009 00:00,108.998,2
19-11-2009 00:00,116.435,2
20-11-2009 00:00,109.537,2
21-11-2009 00:00,98.669,2
22-11-2009 00:00,90.008,2
23-11-2009 00:00,89.978,2
24-11-2009 00:00,89.799,2
25-11-2009 00:00,95.637,2
26-11-2009 00:00,88.105,2
27-11-2009 00:00,85.006,2
28-11-2009 00:00,85.154,2
29-11-2009 00:00,100.854,2
30-11-2009 00:00,94.341,2
01-12-2009 00:00,87.885,2
02-12-2009 00:00,77.092,2
03-12-2009 00:00,73.902,2
04-12-2009 00:00,76.855,2
05-12-2009 00:00,72.216,2
06-12-2009 00:00,72.267,2
07-12-2009 00:00,99.437,2
08-12-2009 00:00,91.108,2
09-12-2009 00:00,82.899,2
10-12-2009 00:00,80.515,2
11-12-2009 00:00,100.81,2
12-12-2009 00:00,86.898,2
13-12-2009 00:00,79.895,2
14-12-2009 00:00,76.247,2
15-12-2009 00:00,73.932,2
16-12-2009 00:00,96.319,2
17-12-2009 00:00,97.875,2
18-12-2009 00:00,88.893,2
19-12-2009 00:00,81.725,2
20-12-2009 00:00,80.432,2
21-12-2009 00:00,73.294,2
22-12-2009 00:00,68.9,2
23-12-2009 00:00,72.763,2
24-12-2009 00:00,75.382,2
25-12-2009 00:00,110.789,2
26-12-2009 00:00,167.183,2
27-12-2009 00:00,181.826,2
28-12-2009 00:00,186.299,2
29-12-2009 00:00,182.281,2
30-12-2009 00:00,169.809,2
31-12-2009 00:00,151.418,2
01-01-2010 00:00,116.261,2
02-01-2010 00:00,99.356,2
03-01-2010 00:00,88.291,2
04-01-2010 00:00,84.568,2
05-01-2010 00:00,77.959,2
06-01-2010 00:00,74.362,2
07-01-2010 00:00,69.477,2
08-01-2010 00:00,60.756,2
09-01-2010 00:00,58.239,2
10-01-2010 00:00,56.325,2
11-01-2010 00:00,54.658,2
12-01-2010 00:00,52.822,2
13-01-2010 00:00,55.512,2
14-01-2010 00:00,56.609,2
15-01-2010 00:00,54.167,2
16-01-2010 00:00,53.153,2
17-01-2010 00:00,53.491,2
18-01-2010 00:00,52.695,2
19-01-2010 00:00,51.863,2
20-01-2010 00:00,51.845,2
21-01-2010 00:00,51.107,2
22-01-2010 00:00,50.521,2
23-01-2010 00:00,50.085,2
24-01-2010 00:00,49.202,2
25-01-2010 00:00,46.775,2
26-01-2010 00:00,40.418,2
27-01-2010 00:00,40.901,2
28-01-2010 00:00,46.548,2
29-01-2010 00:00,46.089,2
30-01-2010 00:00,41.421,2
31-01-2010 00:00,40.017,2
01-02-2010 00:00,39.107,2
02-02-2010 00:00,37.728,2
03-02-2010 00:00,39.734,2
04-02-2010 00:00,42,2
05-02-2010 00:00,41.003,2
06-02-2010 00:00,40.393,2
07-02-2010 00:00,40.205,2
08-02-2010 00:00,40.712,2
09-02-2010 00:00,40.994,2
10-02-2010 00:00,40.48,2
11-02-2010 00:00,38.789,2
12-02-2010 00:00,38.12,2
13-02-2010 00:00,38.014,2
14-02-2010 00:00,38.771,2
15-02-2010 00:00,39.199,2
16-02-2010 00:00,39.675,2
17-02-2010 00:00,40.228,2
18-02-2010 00:00,40.349,2
19-02-2010 00:00,42.195,2
20-02-2010 00:00,45.777,2
21-02-2010 00:00,44.18,2
22-02-2010 00:00,43.043,2
23-02-2010 00:00,44.335,2
24-02-2010 00:00,41.966,2
25-02-2010 00:00,42.827,2
26-02-2010 00:00,66.634,2
27-02-2010 00:00,160.205,2
28-02-2010 00:00,250.222,2
01-03-2010 00:00,307.085,2
02-03-2010 00:00,234.898,2
03-03-2010 00:00,176.675,2
04-03-2010 00:00,158.72,2
05-03-2010 00:00,141.72,2
06-03-2010 00:00,126.42,2
07-03-2010 00:00,101.77,2
08-03-2010 00:00,89.069,2
09-03-2010 00:00,83.069,2
10-03-2010 00:00,78.236,2
11-03-2010 00:00,77.038,2
12-03-2010 00:00,84.713,2
13-03-2010 00:00,98.112,2
14-03-2010 00:00,114.223,2
15-03-2010 00:00,106.01,2
16-03-2010 00:00,95.065,2
17-03-2010 00:00,86.375,2
18-03-2010 00:00,106.479,2
19-03-2010 00:00,135.191,2
20-03-2010 00:00,140.476,2
21-03-2010 00:00,181.615,2
22-03-2010 00:00,202.616,2
23-03-2010 00:00,170.038,2
24-03-2010 00:00,140.354,2
25-03-2010 00:00,119.397,2
26-03-2010 00:00,108.117,2
27-03-2010 00:00,147.599,2
28-03-2010 00:00,236.464,2
29-03-2010 00:00,206.496,2
30-03-2010 00:00,154.731,2
31-03-2010 00:00,131.302,2
01-04-2010 00:00,127.165,2
02-04-2010 00:00,113.795,2
03-04-2010 00:00,103.233,2
04-04-2010 00:00,97.598,2
05-04-2010 00:00,116.117,2
06-04-2010 00:00,105.7,2
07-04-2010 00:00,96.71,2
08-04-2010 00:00,90.627,2
09-04-2010 00:00,86.705,2
10-04-2010 00:00,82.49,2
11-04-2010 00:00,80.49,2
12-04-2010 00:00,74.365,2
13-04-2010 00:00,68.842,2
14-04-2010 00:00,65.192,2
15-04-2010 00:00,62.025,2
16-04-2010 00:00,59.593,2
17-04-2010 00:00,57.344,2
18-04-2010 00:00,55.746,2
19-04-2010 00:00,53.536,2
20-04-2010 00:00,53.854,2
21-04-2010 00:00,65.362,2
22-04-2010 00:00,67.268,2
23-04-2010 00:00,60.205,2
24-04-2010 00:00,55.082,2
25-04-2010 00:00,51.923,2
26-04-2010 00:00,49.799,2
27-04-2010 00:00,49.075,2
28-04-2010 00:00,47.547,2
29-04-2010 00:00,47.629,2
30-04-2010 00:00,54.683,2
01-05-2010 00:00,61.274,2
02-05-2010 00:00,61.688,2
03-05-2010 00:00,54.388,2
04-05-2010 00:00,50.616,2
05-05-2010 00:00,50.246,2
06-05-2010 00:00,48.409,2
07-05-2010 00:00,46.55,2
08-05-2010 00:00,45.986,2
09-05-2010 00:00,46.538,2
10-05-2010 00:00,44.818,2
11-05-2010 00:00,42.539,2
12-05-2010 00:00,75.724,2
13-05-2010 00:00,109.631,2
14-05-2010 00:00,81.778,2
15-05-2010 00:00,101.073,2
16-05-2010 00:00,136.014,2
17-05-2010 00:00,103.866,2
18-05-2010 00:00,85.6,2
19-05-2010 00:00,74.754,2
20-05-2010 00:00,67.076,2
21-05-2010 00:00,62.794,2
22-05-2010 00:00,58.968,2
23-05-2010 00:00,56.301,2
24-05-2010 00:00,53.038,2
25-05-2010 00:00,48.854,2
26-05-2010 00:00,45.289,2
27-05-2010 00:00,43.291,2
28-05-2010 00:00,43.092,2
29-05-2010 00:00,44.145,2
30-05-2010 00:00,41.493,2
31-05-2010 00:00,39.694,2
01-06-2010 00:00,37.144,2
02-06-2010 00:00,35.976,2
03-06-2010 00:00,33.599,2
04-06-2010 00:00,32.763,2
05-06-2010 00:00,31.628,2
06-06-2010 00:00,31.152,2
07-06-2010 00:00,59.36,2
08-06-2010 00:00,115.931,2
09-06-2010 00:00,100.204,2
10-06-2010 00:00,119.994,2
11-06-2010 00:00,170.102,2
12-06-2010 00:00,258.259,2
13-06-2010 00:00,261.12,2
14-06-2010 00:00,228.327,2
15-06-2010 00:00,174.477,2
16-06-2010 00:00,133.071,2
17-06-2010 00:00,108.622,2
18-06-2010 00:00,94.188,2
19-06-2010 00:00,83.448,2
20-06-2010 00:00,81.914,2
21-06-2010 00:00,71.264,2
22-06-2010 00:00,66.502,2
23-06-2010 00:00,61.615,2
24-06-2010 00:00,51.2,2
25-06-2010 00:00,46.187,2
26-06-2010 00:00,43.346,2
27-06-2010 00:00,40.634,2
28-06-2010 00:00,39.132,2
29-06-2010 00:00,37.877,2
30-06-2010 00:00,37.253,2
01-07-2010 00:00,35.606,2
02-07-2010 00:00,34.437,2
03-07-2010 00:00,33.172,2
04-07-2010 00:00,32.075,2
05-07-2010 00:00,31.894,2
06-07-2010 00:00,31.25,2
07-07-2010 00:00,30.41,2
08-07-2010 00:00,28.237,2
09-07-2010 00:00,28.424,2
10-07-2010 00:00,28.058,2
11-07-2010 00:00,28.211,2
12-07-2010 00:00,29.8,2
13-07-2010 00:00,53.026,2
14-07-2010 00:00,54.866,2
15-07-2010 00:00,39.803,2
16-07-2010 00:00,34.208,2
17-07-2010 00:00,31.596,2
18-07-2010 00:00,30.713,2
19-07-2010 00:00,29.582,2
20-07-2010 00:00,28.675,2
21-07-2010 00:00,26.864,2
22-07-2010 00:00,26.97,2
23-07-2010 00:00,26.687,2
24-07-2010 00:00,25.678,2
25-07-2010 00:00,25.326,2
26-07-2010 00:00,25.019,2
27-07-2010 00:00,26.524,2
28-07-2010 00:00,27.419,2
29-07-2010 00:00,35.307,2
30-07-2010 00:00,43.53,2
31-07-2010 00:00,34.365,2
01-08-2010 00:00,27.783,2
02-08-2010 00:00,33.486,2
03-08-2010 00:00,31.124,2
04-08-2010 00:00,27.283,2
05-08-2010 00:00,25.704,2
06-08-2010 00:00,26.635,2
07-08-2010 00:00,32.028,2
08-08-2010 00:00,29.016,2
09-08-2010 00:00,40.464,2
10-08-2010 00:00,34.089,2
11-08-2010 00:00,31.063,2
12-08-2010 00:00,36.713,2
13-08-2010 00:00,96.85,2
14-08-2010 00:00,80.801,2
15-08-2010 00:00,194.241,2
16-08-2010 00:00,193.269,2
17-08-2010 00:00,160.595,2
18-08-2010 00:00,161.39,2
19-08-2010 00:00,133.648,2
20-08-2010 00:00,107.232,2
21-08-2010 00:00,91.679,2
22-08-2010 00:00,80.681,2
23-08-2010 00:00,74.293,2
24-08-2010 00:00,83.826,2
25-08-2010 00:00,75.487,2
26-08-2010 00:00,64.338,2
27-08-2010 00:00,57.825,2
28-08-2010 00:00,53.817,2
29-08-2010 00:00,59.578,2
30-08-2010 00:00,71.244,2
31-08-2010 00:00,61.067,2
01-09-2010 00:00,55.212,2
02-09-2010 00:00,52.303,2
03-09-2010 00:00,49.283,2
04-09-2010 00:00,46.499,2
05-09-2010 00:00,43.582,2
06-09-2010 00:00,41.594,2
07-09-2010 00:00,40.488,2
08-09-2010 00:00,40.051,2
09-09-2010 00:00,38.447,2
10-09-2010 00:00,39.095,2
11-09-2010 00:00,40.689,2
12-09-2010 00:00,41.308,2
13-09-2010 00:00,55.332,2
14-09-2010 00:00,60.107,2
15-09-2010 00:00,64.907,2
16-09-2010 00:00,67.388,2
17-09-2010 00:00,70.613,2
18-09-2010 00:00,90.178,2
19-09-2010 00:00,74.135,2
20-09-2010 00:00,67.563,2
21-09-2010 00:00,97.251,2
22-09-2010 00:00,89.874,2
23-09-2010 00:00,76.702,2
24-09-2010 00:00,68.438,2
25-09-2010 00:00,68.982,2
26-09-2010 00:00,66.52,2
27-09-2010 00:00,60.941,2
28-09-2010 00:00,55.896,2
29-09-2010 00:00,51.671,2
30-09-2010 00:00,49.285,2
01-10-2010 00:00,47.366,2
02-10-2010 00:00,47.344,2
03-10-2010 00:00,46.146,2
04-10-2010 00:00,45.871,2
05-10-2010 00:00,44.527,2
06-10-2010 00:00,42.09,2
07-10-2010 00:00,68.506,2
08-10-2010 00:00,81.463,2
09-10-2010 00:00,67.318,2
10-10-2010 00:00,60.623,2
11-10-2010 00:00,55.862,2
12-10-2010 00:00,52.395,2
13-10-2010 00:00,52.437,2
14-10-2010 00:00,49.937,2
15-10-2010 00:00,47.732,2
16-10-2010 00:00,45.319,2
17-10-2010 00:00,43.615,2
18-10-2010 00:00,44.175,2
19-10-2010 00:00,51.736,2
20-10-2010 00:00,52.035,2
21-10-2010 00:00,56.979,2
22-10-2010 00:00,67.615,2
23-10-2010 00:00,123.003,2
24-10-2010 00:00,187.149,2
25-10-2010 00:00,180.32,2
26-10-2010 00:00,187.951,2
27-10-2010 00:00,178.916,2
28-10-2010 00:00,222.997,2
29-10-2010 00:00,197.782,2
30-10-2010 00:00,163.501,2
31-10-2010 00:00,182.356,2
01-11-2010 00:00,173.477,2
02-11-2010 00:00,149.654,2
03-11-2010 00:00,164.381,2
04-11-2010 00:00,160.258,2
05-11-2010 00:00,259.835,2
06-11-2010 00:00,279.154,2
07-11-2010 00:00,239.517,2
08-11-2010 00:00,188.43,2
09-11-2010 00:00,164.789,2
10-11-2010 00:00,150.971,2
11-11-2010 00:00,136.762,2
12-11-2010 00:00,189.518,2
13-11-2010 00:00,207.639,2
14-11-2010 00:00,173.499,2
15-11-2010 00:00,198.043,2
16-11-2010 00:00,170.179,2
17-11-2010 00:00,146.637,2
18-11-2010 00:00,133.5,2
19-11-2010 00:00,125.265,2
20-11-2010 00:00,149.58,2
21-11-2010 00:00,146.62,2
22-11-2010 00:00,137.663,2
23-11-2010 00:00,329.314,2
24-11-2010 00:00,418.983,2
25-11-2010 00:00,359.703,2
26-11-2010 00:00,289.165,2
27-11-2010 00:00,244.185,2
28-11-2010 00:00,207.849,2
29-11-2010 00:00,182.152,2
30-11-2010 00:00,192.634,2
01-12-2010 00:00,179.535,2
02-12-2010 00:00,151.653,2
03-12-2010 00:00,143.428,2
04-12-2010 00:00,134.622,2
05-12-2010 00:00,125.17,2
06-12-2010 00:00,124.071,2
07-12-2010 00:00,121.025,2
08-12-2010 00:00,118.817,2
09-12-2010 00:00,118.268,2
10-12-2010 00:00,112.741,2
11-12-2010 00:00,271.861,2
12-12-2010 00:00,421.54,2
13-12-2010 00:00,291.011,2
14-12-2010 00:00,229.369,2
15-12-2010 00:00,196.462,2
16-12-2010 00:00,154.518,2
17-12-2010 00:00,143.155,2
18-12-2010 00:00,127.2,2
19-12-2010 00:00,118.682,2
20-12-2010 00:00,113.209,2
21-12-2010 00:00,106.638,2
22-12-2010 00:00,122.671,2
23-12-2010 00:00,109.793,2
24-12-2010 00:00,109.376,2
25-12-2010 00:00,104.115,2
26-12-2010 00:00,101.45,2
27-12-2010 00:00,95.164,2
28-12-2010 00:00,89.52,2
29-12-2010 00:00,79.919,2
30-12-2010 00:00,87.232,2
31-12-2010 00:00,78.985,2
01-01-2011 00:00,103.419,2
02-01-2011 00:00,103.439,2
03-01-2011 00:00,94.834,2
04-01-2011 00:00,88.66,2
05-01-2011 00:00,87.116,2
06-01-2011 00:00,90.302,2
07-01-2011 00:00,93.34,2
08-01-2011 00:00,98.068,2
09-01-2011 00:00,199.363,2
10-01-2011 00:00,219.408,2
11-01-2011 00:00,189.539,2
12-01-2011 00:00,165.278,2
13-01-2011 00:00,150.204,2
14-01-2011 00:00,145.322,2
15-01-2011 00:00,219.257,2
16-01-2011 00:00,404.692,2
17-01-2011 00:00,537.19,2
18-01-2011 00:00,600.423,2
19-01-2011 00:00,583.571,2
20-01-2011 00:00,512.523,2
21-01-2011 00:00,425.956,2
22-01-2011 00:00,354.549,2
23-01-2011 00:00,300.41,2
24-01-2011 00:00,261.218,2
25-01-2011 00:00,255.658,2
26-01-2011 00:00,254.626,2
27-01-2011 00:00,224.223,2
28-01-2011 00:00,189.908,2
29-01-2011 00:00,167.496,2
30-01-2011 00:00,153.089,2
31-01-2011 00:00,138.566,2
01-02-2011 00:00,131.504,2
02-02-2011 00:00,132.664,2
03-02-2011 00:00,161.549,2
04-02-2011 00:00,197.452,2
05-02-2011 00:00,273.599,2
06-02-2011 00:00,293.123,2
07-02-2011 00:00,317.173,2
08-02-2011 00:00,318.634,2
09-02-2011 00:00,280.116,2
10-02-2011 00:00,248.475,2
11-02-2011 00:00,234.509,2
12-02-2011 00:00,208.175,2
13-02-2011 00:00,181.319,2
14-02-2011 00:00,162.019,2
15-02-2011 00:00,145.409,2
16-02-2011 00:00,133.401,2
17-02-2011 00:00,123.836,2
18-02-2011 00:00,115.391,2
19-02-2011 00:00,106.99,2
20-02-2011 00:00,99.149,2
21-02-2011 00:00,92.985,2
22-02-2011 00:00,89.368,2
23-02-2011 00:00,84.659,2
24-02-2011 00:00,81.815,2
25-02-2011 00:00,80.987,2
26-02-2011 00:00,80.263,2
27-02-2011 00:00,79.644,2
28-02-2011 00:00,76.784,2
01-03-2011 00:00,74.357,2
02-03-2011 00:00,74.057,2
03-03-2011 00:00,74.125,2
04-03-2011 00:00,75.067,2
05-03-2011 00:00,77.491,2
06-03-2011 00:00,77.704,2
07-03-2011 00:00,74.026,2
08-03-2011 00:00,73.153,2
09-03-2011 00:00,75.088,2
10-03-2011 00:00,83.671,2
11-03-2011 00:00,96.641,2
12-03-2011 00:00,94.682,2
13-03-2011 00:00,94.271,2
14-03-2011 00:00,95.012,2
15-03-2011 00:00,95.665,2
16-03-2011 00:00,90.866,2
17-03-2011 00:00,90.292,2
18-03-2011 00:00,103.729,2
19-03-2011 00:00,106.11,2
20-03-2011 00:00,102.737,2
21-03-2011 00:00,99.631,2
22-03-2011 00:00,98.263,2
23-03-2011 00:00,95.396,2
24-03-2011 00:00,92.749,2
25-03-2011 00:00,90.963,2
26-03-2011 00:00,85.893,2
27-03-2011 00:00,81.467,2
28-03-2011 00:00,79.847,2
29-03-2011 00:00,77.421,2
30-03-2011 00:00,75.287,2
31-03-2011 00:00,81.427,2
01-04-2011 00:00,107.958,2
02-04-2011 00:00,103.356,2
03-04-2011 00:00,95.942,2
04-04-2011 00:00,87.662,2
05-04-2011 00:00,82.367,2
06-04-2011 00:00,87.783,2
07-04-2011 00:00,83.772,2
08-04-2011 00:00,78.78,2
09-04-2011 00:00,73.191,2
10-04-2011 00:00,68.617,2
11-04-2011 00:00,67.305,2
12-04-2011 00:00,75.309,2
13-04-2011 00:00,135.838,2
14-04-2011 00:00,136.611,2
15-04-2011 00:00,118.426,2
16-04-2011 00:00,103.99,2
17-04-2011 00:00,95.026,2
18-04-2011 00:00,87.303,2
19-04-2011 00:00,81.295,2
20-04-2011 00:00,76.326,2
21-04-2011 00:00,72.026,2
22-04-2011 00:00,68.207,2
23-04-2011 00:00,63.959,2
24-04-2011 00:00,60.672,2
25-04-2011 00:00,58.29,2
26-04-2011 00:00,56.398,2
27-04-2011 00:00,54.209,2
28-04-2011 00:00,51.892,2
29-04-2011 00:00,49.583,2
30-04-2011 00:00,48.033,2
01-05-2011 00:00,46.866,2
02-05-2011 00:00,46.664,2
03-05-2011 00:00,46.489,2
04-05-2011 00:00,47.792,2
05-05-2011 00:00,48.2,2
06-05-2011 00:00,46.487,2
07-05-2011 00:00,44.097,2
08-05-2011 00:00,41.917,2
09-05-2011 00:00,40.565,2
10-05-2011 00:00,39.6,2
11-05-2011 00:00,38.893,2
12-05-2011 00:00,39.073,2
13-05-2011 00:00,40.452,2
14-05-2011 00:00,41.464,2
15-05-2011 00:00,47.965,2
16-05-2011 00:00,42.523,2
17-05-2011 00:00,58.207,2
18-05-2011 00:00,58.588,2
19-05-2011 00:00,48.104,2
20-05-2011 00:00,42.599,2
21-05-2011 00:00,39.515,2
22-05-2011 00:00,43.12,2
23-05-2011 00:00,66.18,2
24-05-2011 00:00,57.495,2
25-05-2011 00:00,50.176,2
26-05-2011 00:00,43.773,2
27-05-2011 00:00,50.288,2
28-05-2011 00:00,53.703,2
29-05-2011 00:00,61.296,2
30-05-2011 00:00,60.809,2
31-05-2011 00:00,51.349,2
01-06-2011 00:00,45.814,2
02-06-2011 00:00,39.758,2
03-06-2011 00:00,36.6,2
04-06-2011 00:00,35.106,2
05-06-2011 00:00,33.339,2
06-06-2011 00:00,34.261,2
07-06-2011 00:00,67.298,2
08-06-2011 00:00,59.822,2
09-06-2011 00:00,116.224,2
10-06-2011 00:00,114.463,2
11-06-2011 00:00,87.686,2
12-06-2011 00:00,70.629,2
13-06-2011 00:00,55.728,2
14-06-2011 00:00,48.669,2
15-06-2011 00:00,42.803,2
16-06-2011 00:00,38.049,2
17-06-2011 00:00,43.616,2
18-06-2011 00:00,42.391,2
19-06-2011 00:00,55.792,2
20-06-2011 00:00,69.784,2
21-06-2011 00:00,61.346,2
22-06-2011 00:00,49.236,2
23-06-2011 00:00,71.067,2
24-06-2011 00:00,76.943,2
25-06-2011 00:00,58.603,2
26-06-2011 00:00,47.96,2
27-06-2011 00:00,42.311,2
28-06-2011 00:00,38.41,2
29-06-2011 00:00,35.445,2
30-06-2011 00:00,36.052,2
01-07-2011 00:00,34.15,2
02-07-2011 00:00,44.313,2
03-07-2011 00:00,59.047,2
04-07-2011 00:00,54.356,2
05-07-2011 00:00,44.736,2
06-07-2011 00:00,40.401,2
07-07-2011 00:00,37.205,2
08-07-2011 00:00,42.115,2
09-07-2011 00:00,52.449,2
10-07-2011 00:00,51.266,2
11-07-2011 00:00,46.824,2
12-07-2011 00:00,41.598,2
13-07-2011 00:00,38.951,2
14-07-2011 00:00,54.398,2
15-07-2011 00:00,102.15,2
16-07-2011 00:00,100.886,2
17-07-2011 00:00,85.05,2
18-07-2011 00:00,76.688,2
19-07-2011 00:00,70.401,2
20-07-2011 00:00,59.529,2
21-07-2011 00:00,53.016,2
22-07-2011 00:00,108.369,2
23-07-2011 00:00,157.254,2
24-07-2011 00:00,177.193,2
25-07-2011 00:00,172.497,2
26-07-2011 00:00,152.775,2
27-07-2011 00:00,120.182,2
28-07-2011 00:00,95.016,2
29-07-2011 00:00,83.088,2
30-07-2011 00:00,75.239,2
31-07-2011 00:00,65.816,2
01-08-2011 00:00,62.076,2
02-08-2011 00:00,99.767,2
03-08-2011 00:00,106.951,2
04-08-2011 00:00,92.315,2
05-08-2011 00:00,76.523,2
06-08-2011 00:00,68.731,2
07-08-2011 00:00,63.827,2
08-08-2011 00:00,73.033,2
09-08-2011 00:00,122.784,2
10-08-2011 00:00,140.638,2
11-08-2011 00:00,137.107,2
12-08-2011 00:00,131.614,2
13-08-2011 00:00,117.668,2
14-08-2011 00:00,99.74,2
15-08-2011 00:00,140.494,2
16-08-2011 00:00,179.114,2
17-08-2011 00:00,178.814,2
18-08-2011 00:00,149.205,2
19-08-2011 00:00,119.104,2
20-08-2011 00:00,95.316,2
21-08-2011 00:00,78.244,2
22-08-2011 00:00,69.318,2
23-08-2011 00:00,62.571,2
24-08-2011 00:00,66.378,2
25-08-2011 00:00,64.013,2
26-08-2011 00:00,62.543,2
27-08-2011 00:00,183.982,2
28-08-2011 00:00,345.344,2
29-08-2011 00:00,447.889,2
30-08-2011 00:00,494.639,2
31-08-2011 00:00,481.283,2
01-09-2011 00:00,438.789,2
02-09-2011 00:00,383.558,2
03-09-2011 00:00,316.128,2
04-09-2011 00:00,238.456,2
05-09-2011 00:00,201.725,2
06-09-2011 00:00,221.836,2
07-09-2011 00:00,227.299,2
08-09-2011 00:00,238.242,2
09-09-2011 00:00,227.354,2
10-09-2011 00:00,193.487,2
11-09-2011 00:00,164.413,2
12-09-2011 00:00,192.585,2
13-09-2011 00:00,217.538,2
14-09-2011 00:00,202.944,2
15-09-2011 00:00,175.916,2
16-09-2011 00:00,155.014,2
17-09-2011 00:00,137.059,2
18-09-2011 00:00,130.754,2
19-09-2011 00:00,145.275,2
20-09-2011 00:00,149.647,2
21-09-2011 00:00,142.614,2
22-09-2011 00:00,133.626,2
23-09-2011 00:00,128.329,2
24-09-2011 00:00,116.387,2
25-09-2011 00:00,105.947,2
26-09-2011 00:00,97.961,2
27-09-2011 00:00,91.076,2
28-09-2011 00:00,85.89,2
29-09-2011 00:00,80.714,2
30-09-2011 00:00,79.374,2
01-10-2011 00:00,74.586,2
02-10-2011 00:00,71.661,2
03-10-2011 00:00,69.282,2
04-10-2011 00:00,66.89,2
05-10-2011 00:00,64.293,2
06-10-2011 00:00,70.589,2
07-10-2011 00:00,82.999,2
08-10-2011 00:00,78.777,2
09-10-2011 00:00,77.716,2
10-10-2011 00:00,97.286,2
11-10-2011 00:00,146.484,2
12-10-2011 00:00,139.557,2
13-10-2011 00:00,114.658,2
14-10-2011 00:00,96.232,2
15-10-2011 00:00,86.917,2
16-10-2011 00:00,81.293,2
17-10-2011 00:00,77.136,2
18-10-2011 00:00,84.96,2
19-10-2011 00:00,107.434,2
20-10-2011 00:00,96.229,2
21-10-2011 00:00,86.131,2
22-10-2011 00:00,79.54,2
23-10-2011 00:00,75.07,2
24-10-2011 00:00,71.209,2
25-10-2011 00:00,70.034,2
26-10-2011 00:00,68.776,2
27-10-2011 00:00,67.977,2
28-10-2011 00:00,65.758,2
29-10-2011 00:00,63.74,2
30-10-2011 00:00,63.33,2
31-10-2011 00:00,62.461,2
01-11-2011 00:00,61.929,2
02-11-2011 00:00,60.938,2
03-11-2011 00:00,60.556,2
04-11-2011 00:00,59.886,2
05-11-2011 00:00,57.951,2
06-11-2011 00:00,56.097,2
07-11-2011 00:00,54.979,2
08-11-2011 00:00,53.21,2
09-11-2011 00:00,51.459,2
10-11-2011 00:00,49.987,2
11-11-2011 00:00,48.43,2
12-11-2011 00:00,47.285,2
13-11-2011 00:00,46.064,2
14-11-2011 00:00,45.995,2
15-11-2011 00:00,45.653,2
16-11-2011 00:00,45.307,2
17-11-2011 00:00,45.222,2
18-11-2011 00:00,44.846,2
19-11-2011 00:00,44.664,2
20-11-2011 00:00,44.748,2
21-11-2011 00:00,44.473,2
22-11-2011 00:00,45.002,2
23-11-2011 00:00,43.938,2
24-11-2011 00:00,43.52,2
25-11-2011 00:00,44.501,2
26-11-2011 00:00,47.546,2
27-11-2011 00:00,52.122,2
28-11-2011 00:00,48.313,2
29-11-2011 00:00,44.093,2
30-11-2011 00:00,44.379,2
01-12-2011 00:00,43.558,2
02-12-2011 00:00,51.635,2
03-12-2011 00:00,65.386,2
04-12-2011 00:00,85.172,2
05-12-2011 00:00,79.273,2
06-12-2011 00:00,73.546,2
07-12-2011 00:00,73.025,2
08-12-2011 00:00,70.076,2
09-12-2011 00:00,106.945,2
10-12-2011 00:00,101.997,2
11-12-2011 00:00,88.778,2
12-12-2011 00:00,80.646,2
13-12-2011 00:00,86.433,2
14-12-2011 00:00,114.512,2
15-12-2011 00:00,125.783,2
16-12-2011 00:00,130.211,2
17-12-2011 00:00,118.942,2
18-12-2011 00:00,109.531,2
19-12-2011 00:00,106.817,2
20-12-2011 00:00,100.384,2
21-12-2011 00:00,95.981,2
22-12-2011 00:00,90.59,2
23-12-2011 00:00,90,2
24-12-2011 00:00,98.67,2
25-12-2011 00:00,111.307,2
26-12-2011 00:00,114.06,2
27-12-2011 00:00,109.152,2
28-12-2011 00:00,105.512,2
29-12-2011 00:00,103.392,2
30-12-2011 00:00,97.524,2
31-12-2011 00:00,90.214,2
01-01-2012 00:00,101.018,2
02-01-2012 00:00,162.929,2
03-01-2012 00:00,186.563,2
04-01-2012 00:00,226.102,2
05-01-2012 00:00,275.975,2
06-01-2012 00:00,366.957,2
07-01-2012 00:00,406.862,2
08-01-2012 00:00,402,2
09-01-2012 00:00,359.365,2
10-01-2012 00:00,316.391,2
11-01-2012 00:00,279.373,2
12-01-2012 00:00,245.715,2
13-01-2012 00:00,224.169,2
14-01-2012 00:00,190.487,2
15-01-2012 00:00,163.064,2
16-01-2012 00:00,147.463,2
17-01-2012 00:00,138.383,2
18-01-2012 00:00,131.917,2
19-01-2012 00:00,152.243,2
20-01-2012 00:00,187.923,2
21-01-2012 00:00,188.355,2
22-01-2012 00:00,206.548,2
23-01-2012 00:00,216.931,2
24-01-2012 00:00,189.042,2
25-01-2012 00:00,155.283,2
26-01-2012 00:00,135.929,2
27-01-2012 00:00,124.153,2
28-01-2012 00:00,114.242,2
29-01-2012 00:00,105.787,2
30-01-2012 00:00,99.516,2
31-01-2012 00:00,93.699,2
01-02-2012 00:00,88.106,2
02-02-2012 00:00,81.663,2
03-02-2012 00:00,71.152,2
04-02-2012 00:00,67.76,2
05-02-2012 00:00,64.922,2
06-02-2012 00:00,64.237,2
07-02-2012 00:00,57.183,2
08-02-2012 00:00,58.986,2
09-02-2012 00:00,59.619,2
10-02-2012 00:00,57.371,2
11-02-2012 00:00,50.424,2
12-02-2012 00:00,55.348,2
13-02-2012 00:00,54.269,2
14-02-2012 00:00,53.587,2
15-02-2012 00:00,59.1,2
16-02-2012 00:00,56.678,2
17-02-2012 00:00,149.302,2
18-02-2012 00:00,177.546,2
19-02-2012 00:00,254.234,2
20-02-2012 00:00,184.154,2
21-02-2012 00:00,162.444,2
22-02-2012 00:00,178.102,2
23-02-2012 00:00,211.515,2
24-02-2012 00:00,215.483,2
25-02-2012 00:00,197.28,2
26-02-2012 00:00,166.858,2
27-02-2012 00:00,144.994,2
28-02-2012 00:00,163.719,2
29-02-2012 00:00,182.981,2
01-03-2012 00:00,184.663,2
02-03-2012 00:00,173.203,2
03-03-2012 00:00,153.838,2
04-03-2012 00:00,140.208,2
05-03-2012 00:00,127.988,2
06-03-2012 00:00,116.599,2
07-03-2012 00:00,108.705,2
08-03-2012 00:00,117.477,2
09-03-2012 00:00,117.112,2
10-03-2012 00:00,124.556,2
11-03-2012 00:00,127.099,2
12-03-2012 00:00,118.76,2
13-03-2012 00:00,110.872,2
14-03-2012 00:00,103.594,2
15-03-2012 00:00,98.957,2
16-03-2012 00:00,95.661,2
17-03-2012 00:00,92.52,2
18-03-2012 00:00,94.543,2
19-03-2012 00:00,94.673,2
20-03-2012 00:00,87.717,2
21-03-2012 00:00,84.306,2
22-03-2012 00:00,79.599,2
23-03-2012 00:00,76.82,2
24-03-2012 00:00,74.21,2
25-03-2012 00:00,71.551,2
26-03-2012 00:00,68.549,2
27-03-2012 00:00,67.636,2
28-03-2012 00:00,66.055,2
29-03-2012 00:00,64.254,2
30-03-2012 00:00,61.788,2
31-03-2012 00:00,61.614,2
01-04-2012 00:00,59.843,2
02-04-2012 00:00,60.618,2
03-04-2012 00:00,56.942,2
04-04-2012 00:00,54.38,2
05-04-2012 00:00,56.888,2
06-04-2012 00:00,67.866,2
07-04-2012 00:00,75.552,2
08-04-2012 00:00,66.717,2
09-04-2012 00:00,64.225,2
10-04-2012 00:00,68.102,2
11-04-2012 00:00,70.023,2
12-04-2012 00:00,63.725,2
13-04-2012 00:00,61.682,2
14-04-2012 00:00,59.422,2
15-04-2012 00:00,55.889,2
16-04-2012 00:00,55.247,2
17-04-2012 00:00,52.683,2
18-04-2012 00:00,51.292,2
19-04-2012 00:00,49.241,2
20-04-2012 00:00,48.614,2
21-04-2012 00:00,48.614,2
22-04-2012 00:00,54.11,2
23-04-2012 00:00,75.785,2
24-04-2012 00:00,64.699,2
25-04-2012 00:00,100.09,2
26-04-2012 00:00,112.75,2
27-04-2012 00:00,98.173,2
28-04-2012 00:00,84.267,2
29-04-2012 00:00,74.629,2
30-04-2012 00:00,66.331,2
01-05-2012 00:00,61.771,2
02-05-2012 00:00,57.362,2
03-05-2012 00:00,54.629,2
04-05-2012 00:00,51.236,2
05-05-2012 00:00,48.46,2
06-05-2012 00:00,44.802,2
07-05-2012 00:00,43.289,2
08-05-2012 00:00,42.027,2
09-05-2012 00:00,43.351,2
10-05-2012 00:00,54.81,2
11-05-2012 00:00,58.333,2
12-05-2012 00:00,48.807,2
13-05-2012 00:00,47.7,2
14-05-2012 00:00,43.731,2
15-05-2012 00:00,41.575,2
16-05-2012 00:00,41.565,2
17-05-2012 00:00,43.532,2
18-05-2012 00:00,39.905,2
19-05-2012 00:00,37.082,2
20-05-2012 00:00,36.089,2
21-05-2012 00:00,34.887,2
22-05-2012 00:00,32.917,2
23-05-2012 00:00,31.535,2
24-05-2012 00:00,30.359,2
25-05-2012 00:00,29.535,2
26-05-2012 00:00,28.318,2
27-05-2012 00:00,28.429,2
28-05-2012 00:00,27.463,2
29-05-2012 00:00,29.299,2
30-05-2012 00:00,31.195,2
31-05-2012 00:00,31.138,2
01-06-2012 00:00,28.338,2
02-06-2012 00:00,45.688,2
03-06-2012 00:00,38.055,2
04-06-2012 00:00,32.524,2
05-06-2012 00:00,30.986,2
06-06-2012 00:00,28.943,2
07-06-2012 00:00,28.569,2
08-06-2012 00:00,33.927,2
09-06-2012 00:00,49.991,2
10-06-2012 00:00,37.321,2
11-06-2012 00:00,32.795,2
12-06-2012 00:00,30.837,2
13-06-2012 00:00,28.984,2
14-06-2012 00:00,27.79,2
15-06-2012 00:00,27.459,2
16-06-2012 00:00,26.551,2
17-06-2012 00:00,33.757,2
18-06-2012 00:00,32.418,2
19-06-2012 00:00,33.448,2
20-06-2012 00:00,28.847,2
21-06-2012 00:00,27.676,2
22-06-2012 00:00,34.036,2
23-06-2012 00:00,50.055,2
24-06-2012 00:00,47.473,2
25-06-2012 00:00,97.746,2
26-06-2012 00:00,104.569,2
27-06-2012 00:00,83.786,2
28-06-2012 00:00,59.397,2
29-06-2012 00:00,51.32,2
30-06-2012 00:00,62.572,2
01-07-2012 00:00,52.004,2
02-07-2012 00:00,41.814,2
03-07-2012 00:00,34.317,2
04-07-2012 00:00,30.025,2
05-07-2012 00:00,27.896,2
06-07-2012 00:00,27.022,2
07-07-2012 00:00,31.654,2
08-07-2012 00:00,30.218,2
09-07-2012 00:00,27.449,2
10-07-2012 00:00,26.605,2
11-07-2012 00:00,27.145,2
12-07-2012 00:00,44.167,2
13-07-2012 00:00,55.871,2
14-07-2012 00:00,49.194,2
15-07-2012 00:00,42.426,2
16-07-2012 00:00,34.617,2
17-07-2012 00:00,34.319,2
18-07-2012 00:00,32.705,2
19-07-2012 00:00,45.352,2
20-07-2012 00:00,92.686,2
21-07-2012 00:00,88.63,2
22-07-2012 00:00,74.63,2
23-07-2012 00:00,59.369,2
24-07-2012 00:00,47.404,2
25-07-2012 00:00,39.062,2
26-07-2012 00:00,33.135,2
27-07-2012 00:00,29.122,2
28-07-2012 00:00,28.66,2
29-07-2012 00:00,30.641,2
30-07-2012 00:00,28.721,2
31-07-2012 00:00,30.261,2
01-08-2012 00:00,33.592,2
02-08-2012 00:00,32.135,2
03-08-2012 00:00,29.335,2
04-08-2012 00:00,26.875,2
05-08-2012 00:00,24.4,2
06-08-2012 00:00,24.114,2
07-08-2012 00:00,24.818,2
08-08-2012 00:00,24.794,2
09-08-2012 00:00,22.689,2
10-08-2012 00:00,23.083,2
11-08-2012 00:00,21.806,2
12-08-2012 00:00,21.269,2
13-08-2012 00:00,20.649,2
14-08-2012 00:00,19.892,2
15-08-2012 00:00,19.631,2
16-08-2012 00:00,19.332,2
17-08-2012 00:00,19.171,2
18-08-2012 00:00,18.805,2
19-08-2012 00:00,18.313,2
20-08-2012 00:00,18.048,2
21-08-2012 00:00,17.492,2
22-08-2012 00:00,19.892,2
23-08-2012 00:00,19.9,2
24-08-2012 00:00,18.475,2
25-08-2012 00:00,18.779,2
26-08-2012 00:00,25.167,2
27-08-2012 00:00,39.199,2
28-08-2012 00:00,35.323,2
29-08-2012 00:00,31.335,2
30-08-2012 00:00,30.066,2
31-08-2012 00:00,29.821,2
01-09-2012 00:00,25.965,2
02-09-2012 00:00,23.021,2
03-09-2012 00:00,20.993,2
04-09-2012 00:00,19.989,2
05-09-2012 00:00,18.624,2
06-09-2012 00:00,16.636,2
07-09-2012 00:00,16.821,2
08-09-2012 00:00,16.793,2
09-09-2012 00:00,15.836,2
10-09-2012 00:00,15.941,2
11-09-2012 00:00,18.355,2
12-09-2012 00:00,23.063,2
13-09-2012 00:00,20.849,2
14-09-2012 00:00,19.812,2
15-09-2012 00:00,23.034,2
16-09-2012 00:00,20.654,2
17-09-2012 00:00,18.721,2
18-09-2012 00:00,19.617,2
19-09-2012 00:00,26.286,2
20-09-2012 00:00,22.276,2
21-09-2012 00:00,21.639,2
22-09-2012 00:00,21.446,2
23-09-2012 00:00,25.331,2
24-09-2012 00:00,21.092,2
25-09-2012 00:00,31.629,2
26-09-2012 00:00,43.322,2
27-09-2012 00:00,72.805,2
28-09-2012 00:00,61.626,2
29-09-2012 00:00,46.106,2
30-09-2012 00:00,42.43,2
01-10-2012 00:00,36.27,2
02-10-2012 00:00,36.427,2
03-10-2012 00:00,33.593,2
04-10-2012 00:00,40.015,2
05-10-2012 00:00,50.64,2
06-10-2012 00:00,74.003,2
07-10-2012 00:00,63.77,2
08-10-2012 00:00,49.68,2
09-10-2012 00:00,49.827,2
10-10-2012 00:00,65.22,2
11-10-2012 00:00,60.337,2
12-10-2012 00:00,50.624,2
13-10-2012 00:00,76.786,2
14-10-2012 00:00,112.555,2
15-10-2012 00:00,118.622,2
16-10-2012 00:00,106.314,2
17-10-2012 00:00,93.927,2
18-10-2012 00:00,80.997,2
19-10-2012 00:00,70.266,2
20-10-2012 00:00,63.688,2
21-10-2012 00:00,58.374,2
22-10-2012 00:00,54.429,2
23-10-2012 00:00,51.679,2
24-10-2012 00:00,50.101,2
25-10-2012 00:00,47.793,2
26-10-2012 00:00,45.367,2
27-10-2012 00:00,43.169,2
28-10-2012 00:00,40.976,2
29-10-2012 00:00,39.496,2
30-10-2012 00:00,44.393,2
31-10-2012 00:00,41.11,2
01-11-2012 00:00,38.975,2
02-11-2012 00:00,40.384,2
03-11-2012 00:00,39.39,2
04-11-2012 00:00,45.324,2
05-11-2012 00:00,57.178,2
06-11-2012 00:00,75.408,2
07-11-2012 00:00,78.828,2
08-11-2012 00:00,76.121,2
09-11-2012 00:00,75.609,2
10-11-2012 00:00,70.951,2
11-11-2012 00:00,84.204,2
12-11-2012 00:00,90.596,2
13-11-2012 00:00,79.584,2
14-11-2012 00:00,70.87,2
15-11-2012 00:00,66.045,2
16-11-2012 00:00,63.874,2
17-11-2012 00:00,61.968,2
18-11-2012 00:00,61.233,2
19-11-2012 00:00,58.326,2
20-11-2012 00:00,54.701,2
21-11-2012 00:00,52.755,2
22-11-2012 00:00,52.597,2
23-11-2012 00:00,51.049,2
24-11-2012 00:00,53.307,2
25-11-2012 00:00,54.731,2
26-11-2012 00:00,100.755,2
27-11-2012 00:00,103.371,2
28-11-2012 00:00,98.066,2
29-11-2012 00:00,91.299,2
30-11-2012 00:00,81.031,2
01-12-2012 00:00,73.382,2
02-12-2012 00:00,69.065,2
03-12-2012 00:00,64.559,2
04-12-2012 00:00,63.623,2
05-12-2012 00:00,61.253,2
06-12-2012 00:00,58.874,2
07-12-2012 00:00,57.151,2
08-12-2012 00:00,55.74,2
09-12-2012 00:00,54.818,2
10-12-2012 00:00,54.997,2
11-12-2012 00:00,54.742,2
12-12-2012 00:00,55.733,2
13-12-2012 00:00,55.458,2
14-12-2012 00:00,52.927,2
15-12-2012 00:00,52.8,2
16-12-2012 00:00,97.524,2
17-12-2012 00:00,174.14,2
18-12-2012 00:00,205.531,2
19-12-2012 00:00,189.958,2
20-12-2012 00:00,153.13,2
21-12-2012 00:00,124.279,2
22-12-2012 00:00,104.265,2
23-12-2012 00:00,91.106,2
24-12-2012 00:00,96.225,2
25-12-2012 00:00,173.821,2
26-12-2012 00:00,204.343,2
27-12-2012 00:00,198.749,2
28-12-2012 00:00,172.688,2
29-12-2012 00:00,153.643,2
30-12-2012 00:00,151.472,2
31-12-2012 00:00,155.696,2
01-01-2013 00:00,156.252,2
02-01-2013 00:00,166.114,2
03-01-2013 00:00,170.839,2
04-01-2013 00:00,183.223,2
05-01-2013 00:00,162.558,2
06-01-2013 00:00,141.175,2
07-01-2013 00:00,130.274,2
08-01-2013 00:00,132.403,2
09-01-2013 00:00,140.821,2
10-01-2013 00:00,164.356,2
11-01-2013 00:00,167.653,2
12-01-2013 00:00,141.389,2
13-01-2013 00:00,118.593,2
14-01-2013 00:00,105.434,2
15-01-2013 00:00,98.328,2
16-01-2013 00:00,87.935,2
17-01-2013 00:00,78.791,2
18-01-2013 00:00,73.318,2
19-01-2013 00:00,70.21,2
20-01-2013 00:00,63.398,2
21-01-2013 00:00,59.686,2
22-01-2013 00:00,59.217,2
23-01-2013 00:00,56.903,2
24-01-2013 00:00,54.636,2
25-01-2013 00:00,49.667,2
26-01-2013 00:00,52.213,2
27-01-2013 00:00,51.272,2
28-01-2013 00:00,51.812,2
29-01-2013 00:00,70.569,2
30-01-2013 00:00,167.093,2
31-01-2013 00:00,224.85,2
01-02-2013 00:00,215.815,2
02-02-2013 00:00,183.923,2
03-02-2013 00:00,146.859,2
04-02-2013 00:00,136.453,2
05-02-2013 00:00,160.599,2
06-02-2013 00:00,160.654,2
07-02-2013 00:00,148.142,2
08-02-2013 00:00,134.081,2
09-02-2013 00:00,122.543,2
10-02-2013 00:00,111.841,2
11-02-2013 00:00,103.349,2
12-02-2013 00:00,97.488,2
13-02-2013 00:00,92.223,2
14-02-2013 00:00,89.234,2
15-02-2013 00:00,87.056,2
16-02-2013 00:00,84.13,2
17-02-2013 00:00,83.142,2
18-02-2013 00:00,88.45,2
19-02-2013 00:00,139.746,2
20-02-2013 00:00,138.565,2
21-02-2013 00:00,121.122,2
22-02-2013 00:00,105.099,2
23-02-2013 00:00,93.413,2
24-02-2013 00:00,85.533,2
25-02-2013 00:00,81.16,2
26-02-2013 00:00,79.539,2
27-02-2013 00:00,78.767,2
28-02-2013 00:00,80.78,2
01-03-2013 00:00,91.58,2
02-03-2013 00:00,89.267,2
03-03-2013 00:00,87.777,2
04-03-2013 00:00,82.31,2
05-03-2013 00:00,79.111,2
06-03-2013 00:00,77.224,2
07-03-2013 00:00,73.965,2
08-03-2013 00:00,69.059,2
09-03-2013 00:00,64.612,2
10-03-2013 00:00,61.418,2
11-03-2013 00:00,61.078,2
12-03-2013 00:00,54.865,2
13-03-2013 00:00,54.62,2
14-03-2013 00:00,53.344,2
15-03-2013 00:00,51.534,2
16-03-2013 00:00,49.646,2
17-03-2013 00:00,48.044,2
18-03-2013 00:00,48.249,2
19-03-2013 00:00,45.679,2
20-03-2013 00:00,45.512,2
21-03-2013 00:00,44.423,2
22-03-2013 00:00,42.863,2
23-03-2013 00:00,42.059,2
24-03-2013 00:00,41.059,2
25-03-2013 00:00,40.692,2
26-03-2013 00:00,40.165,2
27-03-2013 00:00,40.043,2
28-03-2013 00:00,39.557,2
29-03-2013 00:00,40.849,2
30-03-2013 00:00,43.536,2
31-03-2013 00:00,41.132,2
01-04-2013 00:00,41.017,2
02-04-2013 00:00,41.383,2
03-04-2013 00:00,40.06,2
04-04-2013 00:00,40.669,2
05-04-2013 00:00,40.098,2
06-04-2013 00:00,39.208,2
07-04-2013 00:00,40.259,2
08-04-2013 00:00,42.164,2
09-04-2013 00:00,39.708,2
10-04-2013 00:00,37.803,2
11-04-2013 00:00,39.843,2
12-04-2013 00:00,41.912,2
13-04-2013 00:00,41.27,2
14-04-2013 00:00,39.395,2
15-04-2013 00:00,40.848,2
16-04-2013 00:00,40.32,2
17-04-2013 00:00,38.805,2
18-04-2013 00:00,44.244,2
19-04-2013 00:00,37.675,2
20-04-2013 00:00,34.38,2
21-04-2013 00:00,33.687,2
22-04-2013 00:00,33.53,2
23-04-2013 00:00,33.316,2
24-04-2013 00:00,31.873,2
25-04-2013 00:00,31.445,2
26-04-2013 00:00,48.667,2
27-04-2013 00:00,40.599,2
28-04-2013 00:00,35.473,2
29-04-2013 00:00,33.649,2
30-04-2013 00:00,32.791,2
01-05-2013 00:00,30.574,2
02-05-2013 00:00,30.158,2
03-05-2013 00:00,29.403,2
04-05-2013 00:00,28.322,2
05-05-2013 00:00,27.5,2
06-05-2013 00:00,26.882,2
07-05-2013 00:00,26.206,2
08-05-2013 00:00,71.056,2
09-05-2013 00:00,103.862,2
10-05-2013 00:00,95.915,2
11-05-2013 00:00,71.985,2
12-05-2013 00:00,58.9,2
13-05-2013 00:00,49.958,2
14-05-2013 00:00,45.477,2
15-05-2013 00:00,39.683,2
16-05-2013 00:00,34.724,2
17-05-2013 00:00,31.618,2
18-05-2013 00:00,28.84,2
19-05-2013 00:00,31.185,2
20-05-2013 00:00,37.937,2
21-05-2013 00:00,31.495,2
22-05-2013 00:00,98.777,2
23-05-2013 00:00,128.208,2
24-05-2013 00:00,101.713,2
25-05-2013 00:00,80.07,2
26-05-2013 00:00,68.03,2
27-05-2013 00:00,70.658,2
28-05-2013 00:00,56.478,2
29-05-2013 00:00,48.752,2
30-05-2013 00:00,45.735,2
31-05-2013 00:00,39.731,2
01-06-2013 00:00,35.898,2
02-06-2013 00:00,31.803,2
03-06-2013 00:00,29.027,2
04-06-2013 00:00,26.534,2
05-06-2013 00:00,23.359,2
06-06-2013 00:00,22.005,2
07-06-2013 00:00,24.032,2
08-06-2013 00:00,21.035,2
09-06-2013 00:00,20.064,2
10-06-2013 00:00,19.997,2
11-06-2013 00:00,19.476,2
12-06-2013 00:00,18.089,2
13-06-2013 00:00,28.221,2
14-06-2013 00:00,39.557,2
15-06-2013 00:00,33.623,2
16-06-2013 00:00,45.062,2
17-06-2013 00:00,43.106,2
18-06-2013 00:00,36.397,2
19-06-2013 00:00,25.766,2
20-06-2013 00:00,29.104,2
21-06-2013 00:00,25.048,2
22-06-2013 00:00,25.86,2
23-06-2013 00:00,30.797,2
24-06-2013 00:00,28.293,2
25-06-2013 00:00,23.061,2
26-06-2013 00:00,21.826,2
27-06-2013 00:00,36.471,2
28-06-2013 00:00,31.096,2
29-06-2013 00:00,27.892,2
30-06-2013 00:00,28.06,2
01-07-2013 00:00,23.6,2
02-07-2013 00:00,23.32,2
03-07-2013 00:00,20.792,2
04-07-2013 00:00,19.362,2
05-07-2013 00:00,18.132,2
06-07-2013 00:00,16.947,2
07-07-2013 00:00,15.718,2
08-07-2013 00:00,15.19,2
09-07-2013 00:00,15.347,2
10-07-2013 00:00,14.472,2
11-07-2013 00:00,14.415,2
12-07-2013 00:00,14.077,2
13-07-2013 00:00,13.59,2
14-07-2013 00:00,13.271,2
15-07-2013 00:00,13.174,2
16-07-2013 00:00,13.106,2
17-07-2013 00:00,12.895,2
18-07-2013 00:00,12.44,2
19-07-2013 00:00,11.944,2
20-07-2013 00:00,11.685,2
21-07-2013 00:00,11.458,2
22-07-2013 00:00,11.305,2
23-07-2013 00:00,11.103,2
24-07-2013 00:00,10.863,2
25-07-2013 00:00,11.87,2
26-07-2013 00:00,13.434,2
27-07-2013 00:00,12.403,2
28-07-2013 00:00,11.362,2
29-07-2013 00:00,11.131,2
30-07-2013 00:00,11.501,2
31-07-2013 00:00,15.011,2
01-08-2013 00:00,15.407,2
02-08-2013 00:00,13.55,2
03-08-2013 00:00,12.478,2
04-08-2013 00:00,11.938,2
05-08-2013 00:00,11.769,2
06-08-2013 00:00,11.948,2
07-08-2013 00:00,12.447,2
08-08-2013 00:00,13.844,2
09-08-2013 00:00,15.007,2
10-08-2013 00:00,13.478,2
11-08-2013 00:00,15.265,2
12-08-2013 00:00,17.375,2
13-08-2013 00:00,15.702,2
14-08-2013 00:00,17.616,2
15-08-2013 00:00,21.95,2
16-08-2013 00:00,18.975,2
17-08-2013 00:00,20.596,2
18-08-2013 00:00,23.932,2
19-08-2013 00:00,21.661,2
20-08-2013 00:00,18.971,2
21-08-2013 00:00,17.603,2
22-08-2013 00:00,16.893,2
23-08-2013 00:00,16.335,2
24-08-2013 00:00,15.251,2
25-08-2013 00:00,14.379,2
26-08-2013 00:00,13.94,2
27-08-2013 00:00,13.798,2
28-08-2013 00:00,14.103,2
29-08-2013 00:00,15.154,2
30-08-2013 00:00,15.079,2
31-08-2013 00:00,17.438,2
01-09-2013 00:00,16.386,2
02-09-2013 00:00,17.15,2
03-09-2013 00:00,20.456,2
04-09-2013 00:00,15.456,2
05-09-2013 00:00,12.859,2
06-09-2013 00:00,12.122,2
07-09-2013 00:00,11.398,2
08-09-2013 00:00,10.778,2
09-09-2013 00:00,11.33,2
10-09-2013 00:00,16.199,2
11-09-2013 00:00,22.167,2
12-09-2013 00:00,22.67,2
13-09-2013 00:00,17.692,2
14-09-2013 00:00,14.902,2
15-09-2013 00:00,18.153,2
16-09-2013 00:00,24.221,2
17-09-2013 00:00,20.119,2
18-09-2013 00:00,15.975,2
19-09-2013 00:00,20.238,2
20-09-2013 00:00,17.16,2
21-09-2013 00:00,14.46,2
22-09-2013 00:00,13.932,2
23-09-2013 00:00,14.458,2
24-09-2013 00:00,13.764,2
25-09-2013 00:00,13.991,2
26-09-2013 00:00,13.597,2
27-09-2013 00:00,13.082,2
28-09-2013 00:00,12.939,2
29-09-2013 00:00,12.62,2
30-09-2013 00:00,12.712,2
01-10-2013 00:00,12.643,2
02-10-2013 00:00,12.336,2
03-10-2013 00:00,13.084,2
04-10-2013 00:00,12.219,2
05-10-2013 00:00,13.344,2
06-10-2013 00:00,13.465,2
07-10-2013 00:00,12.79,2
08-10-2013 00:00,12.531,2
09-10-2013 00:00,13.291,2
10-10-2013 00:00,12.901,2
11-10-2013 00:00,12.484,2
12-10-2013 00:00,12.308,2
13-10-2013 00:00,14.544,2
14-10-2013 00:00,33.666,2
15-10-2013 00:00,28.88,2
16-10-2013 00:00,23.197,2
17-10-2013 00:00,18.334,2
18-10-2013 00:00,16.3,2
19-10-2013 00:00,14.849,2
20-10-2013 00:00,23.946,2
21-10-2013 00:00,40.684,2
22-10-2013 00:00,50.205,2
23-10-2013 00:00,34.867,2
24-10-2013 00:00,25.292,2
25-10-2013 00:00,20.402,2
26-10-2013 00:00,19.453,2
27-10-2013 00:00,18.422,2
28-10-2013 00:00,25.09,2
29-10-2013 00:00,33.7,2
30-10-2013 00:00,26.499,2
31-10-2013 00:00,22.463,2
01-11-2013 00:00,27.073,2
02-11-2013 00:00,27.828,2
03-11-2013 00:00,33.085,2
04-11-2013 00:00,35.143,2
05-11-2013 00:00,35.484,2
06-11-2013 00:00,32.55,2
07-11-2013 00:00,30.933,2
08-11-2013 00:00,30.99,2
09-11-2013 00:00,36.928,2
10-11-2013 00:00,58.844,2
11-11-2013 00:00,61.528,2
12-11-2013 00:00,59.353,2
13-11-2013 00:00,75.336,2
14-11-2013 00:00,65.661,2
15-11-2013 00:00,55.56,2
16-11-2013 00:00,48.457,2
17-11-2013 00:00,43.128,2
18-11-2013 00:00,39.146,2
19-11-2013 00:00,38.849,2
20-11-2013 00:00,38.424,2
21-11-2013 00:00,36.141,2
22-11-2013 00:00,34.471,2
23-11-2013 00:00,31.562,2
24-11-2013 00:00,29.93,2
25-11-2013 00:00,28.942,2
26-11-2013 00:00,28.095,2
27-11-2013 00:00,30.012,2
28-11-2013 00:00,31.804,2
29-11-2013 00:00,32.062,2
30-11-2013 00:00,44.595,2
01-12-2013 00:00,42.581,2
02-12-2013 00:00,39.163,2
03-12-2013 00:00,37.333,2
04-12-2013 00:00,39.181,2
05-12-2013 00:00,45.111,2
06-12-2013 00:00,51.679,2
07-12-2013 00:00,49.798,2
08-12-2013 00:00,49.173,2
09-12-2013 00:00,70.565,2
10-12-2013 00:00,74.253,2
11-12-2013 00:00,72.19,2
12-12-2013 00:00,66.56,2
13-12-2013 00:00,64.928,2
14-12-2013 00:00,94.112,2
15-12-2013 00:00,111.391,2
16-12-2013 00:00,102.482,2
17-12-2013 00:00,94.582,2
18-12-2013 00:00,91.703,2
19-12-2013 00:00,86.896,2
20-12-2013 00:00,85.047,2
21-12-2013 00:00,81.242,2
22-12-2013 00:00,80.68,2
23-12-2013 00:00,79.685,2
24-12-2013 00:00,87.204,2
25-12-2013 00:00,92.114,2
26-12-2013 00:00,86.313,2
27-12-2013 00:00,85.127,2
28-12-2013 00:00,104.194,2
29-12-2013 00:00,106.912,2
30-12-2013 00:00,96.245,2
31-12-2013 00:00,86.51,2
01-01-2014 00:00,65.153,2
02-01-2014 00:00,65.816,2
03-01-2014 00:00,92.603,2
04-01-2014 00:00,106.042,2
05-01-2014 00:00,92.292,2
06-01-2014 00:00,86.721,2
07-01-2014 00:00,112.339,2
08-01-2014 00:00,113.79,2
09-01-2014 00:00,125.085,2
10-01-2014 00:00,200.459,2
11-01-2014 00:00,171.794,2
12-01-2014 00:00,179.152,2
13-01-2014 00:00,118.083,2
14-01-2014 00:00,136.292,2
15-01-2014 00:00,150.323,2
16-01-2014 00:00,152.613,2
17-01-2014 00:00,165.941,2
18-01-2014 00:00,173.762,2
19-01-2014 00:00,162.118,2
20-01-2014 00:00,114.75,2
21-01-2014 00:00,107.851,2
22-01-2014 00:00,144.113,2
23-01-2014 00:00,156.451,2
24-01-2014 00:00,136.039,2
25-01-2014 00:00,101.151,2
26-01-2014 00:00,83.977,2
27-01-2014 00:00,82.875,2
28-01-2014 00:00,86.774,2
29-01-2014 00:00,86.401,2
30-01-2014 00:00,82.272,2
31-01-2014 00:00,79.538,2
01-02-2014 00:00,81.197,2
02-02-2014 00:00,154.806,2
03-02-2014 00:00,144.13,2
04-02-2014 00:00,107.412,2
05-02-2014 00:00,91.961,2
06-02-2014 00:00,87.719,2
07-02-2014 00:00,104.55,2
08-02-2014 00:00,151.114,2
09-02-2014 00:00,154.057,2
10-02-2014 00:00,126.003,2
11-02-2014 00:00,86.399,2
12-02-2014 00:00,89.478,2
13-02-2014 00:00,98.666,2
14-02-2014 00:00,100.414,2
15-02-2014 00:00,95.91,2
16-02-2014 00:00,92.933,2
17-02-2014 00:00,92.62,2
18-02-2014 00:00,91.731,2
19-02-2014 00:00,93.583,2
20-02-2014 00:00,93.998,2
21-02-2014 00:00,122.583,2
22-02-2014 00:00,165.14,2
23-02-2014 00:00,119.71,2
24-02-2014 00:00,106.835,2
25-02-2014 00:00,110.199,2
26-02-2014 00:00,107.229,2
27-02-2014 00:00,107.579,2
28-02-2014 00:00,105.653,2
01-03-2014 00:00,87.76,2
02-03-2014 00:00,80.955,2
03-03-2014 00:00,68.445,2
04-03-2014 00:00,65.306,2
05-03-2014 00:00,62.284,2
06-03-2014 00:00,58.11,2
07-03-2014 00:00,59.249,2
08-03-2014 00:00,57.665,2
09-03-2014 00:00,56.026,2
10-03-2014 00:00,54.444,2
11-03-2014 00:00,56.931,2
12-03-2014 00:00,58.307,2
13-03-2014 00:00,55.893,2
14-03-2014 00:00,46.123,2
15-03-2014 00:00,43.221,2
16-03-2014 00:00,59.333,2
17-03-2014 00:00,84.225,2
18-03-2014 00:00,78.324,2
19-03-2014 00:00,72.396,2
20-03-2014 00:00,63.932,2
21-03-2014 00:00,53.56,2
22-03-2014 00:00,48.6,2
23-03-2014 00:00,52.345,2
24-03-2014 00:00,56.366,2
25-03-2014 00:00,62.659,2
26-03-2014 00:00,116.546,2
27-03-2014 00:00,124.854,2
28-03-2014 00:00,109.953,2
29-03-2014 00:00,87.76,2
30-03-2014 00:00,73.826,2
31-03-2014 00:00,72.303,2
01-04-2014 00:00,69.532,2
02-04-2014 00:00,68.874,2
03-04-2014 00:00,58.961,2
04-04-2014 00:00,58.117,2
05-04-2014 00:00,56.85,2
06-04-2014 00:00,55.995,2
07-04-2014 00:00,61.513,2
08-04-2014 00:00,71.16,2
09-04-2014 00:00,70.961,2
10-04-2014 00:00,65.432,2
11-04-2014 00:00,60.004,2
12-04-2014 00:00,61.343,2
13-04-2014 00:00,60.123,2
14-04-2014 00:00,72.942,2
15-04-2014 00:00,86.67,2
16-04-2014 00:00,71.975,2
17-04-2014 00:00,58.12,2
18-04-2014 00:00,83.494,2
19-04-2014 00:00,90.938,2
20-04-2014 00:00,65.546,2
21-04-2014 00:00,56.049,2
22-04-2014 00:00,56.433,2
23-04-2014 00:00,55.918,2
24-04-2014 00:00,52.966,2
25-04-2014 00:00,54.209,2
26-04-2014 00:00,60.952,2
27-04-2014 00:00,71.35,2
28-04-2014 00:00,68.932,2
29-04-2014 00:00,66.877,2
30-04-2014 00:00,64.381,2
01-05-2014 00:00,56.916,2
02-05-2014 00:00,52.615,2
03-05-2014 00:00,50.501,2
04-05-2014 00:00,44.225,2
05-05-2014 00:00,42.709,2
06-05-2014 00:00,44.9,2
07-05-2014 00:00,75.558,2
08-05-2014 00:00,163.761,2
09-05-2014 00:00,185.43,2
10-05-2014 00:00,194.729,2
11-05-2014 00:00,190.755,2
12-05-2014 00:00,178.964,2
13-05-2014 00:00,151.041,2
14-05-2014 00:00,183.173,2
15-05-2014 00:00,211.387,2
16-05-2014 00:00,153.961,2
17-05-2014 00:00,124.562,2
18-05-2014 00:00,114.81,2
19-05-2014 00:00,173.249,2
20-05-2014 00:00,150.653,2
21-05-2014 00:00,127.642,2
22-05-2014 00:00,101.329,2
23-05-2014 00:00,83.763,2
24-05-2014 00:00,70.128,2
25-05-2014 00:00,58.794,2
26-05-2014 00:00,51.914,2
27-05-2014 00:00,48.817,2
28-05-2014 00:00,48.402,2
29-05-2014 00:00,43.528,2
30-05-2014 00:00,39.776,2
31-05-2014 00:00,36.286,2
01-06-2014 00:00,33.379,2
02-06-2014 00:00,34.392,2
03-06-2014 00:00,35.082,2
04-06-2014 00:00,43.133,2
05-06-2014 00:00,47.147,2
06-06-2014 00:00,55.401,2
07-06-2014 00:00,60.09,2
08-06-2014 00:00,55.528,2
09-06-2014 00:00,43.371,2
10-06-2014 00:00,34.951,2
11-06-2014 00:00,25.615,2
12-06-2014 00:00,27.666,2
13-06-2014 00:00,29.67,2
14-06-2014 00:00,28.024,2
15-06-2014 00:00,24.545,2
16-06-2014 00:00,22.136,2
17-06-2014 00:00,19.794,2
18-06-2014 00:00,17.413,2
19-06-2014 00:00,14.807,2
20-06-2014 00:00,39.387,2
21-06-2014 00:00,76.39,2
22-06-2014 00:00,60.112,2
23-06-2014 00:00,35.718,2
24-06-2014 00:00,22.748,2
25-06-2014 00:00,15.882,2
26-06-2014 00:00,15.647,2
27-06-2014 00:00,24.03,2
28-06-2014 00:00,22.72,2
29-06-2014 00:00,20.646,2
30-06-2014 00:00,13.596,2
01-07-2014 00:00,9.869,2
02-07-2014 00:00,12.72,2
03-07-2014 00:00,19.409,2
04-07-2014 00:00,22.523,2
05-07-2014 00:00,20.463,2
06-07-2014 00:00,14.09,2
07-07-2014 00:00,11.451,2
08-07-2014 00:00,16.596,2
09-07-2014 00:00,17.349,2
10-07-2014 00:00,14.746,2
11-07-2014 00:00,11.053,2
12-07-2014 00:00,7.962,2
13-07-2014 00:00,67.365,2
14-07-2014 00:00,176.497,2
15-07-2014 00:00,136.064,2
16-07-2014 00:00,78.44,2
17-07-2014 00:00,50.141,2
18-07-2014 00:00,35.865,2
19-07-2014 00:00,30.101,2
20-07-2014 00:00,24.291,2
21-07-2014 00:00,18.873,2
22-07-2014 00:00,19.318,2
23-07-2014 00:00,16.284,2
24-07-2014 00:00,14.864,2
25-07-2014 00:00,10.879,2
26-07-2014 00:00,9.133,2
27-07-2014 00:00,7.524,2
28-07-2014 00:00,5.565,2
29-07-2014 00:00,6.064,2
30-07-2014 00:00,6.173,2
31-07-2014 00:00,7.63,2
01-08-2014 00:00,7.778,2
02-08-2014 00:00,7.394,2
03-08-2014 00:00,11.254,2
04-08-2014 00:00,35.918,2
05-08-2014 00:00,100.576,2
06-08-2014 00:00,103.531,2
07-08-2014 00:00,73.483,2
08-08-2014 00:00,46.873,2
09-08-2014 00:00,33.243,2
10-08-2014 00:00,27.932,2
11-08-2014 00:00,34.478,2
12-08-2014 00:00,45.829,2
13-08-2014 00:00,52.412,2
14-08-2014 00:00,50.48,2
15-08-2014 00:00,36.356,2
16-08-2014 00:00,48.902,2
17-08-2014 00:00,64.159,2
18-08-2014 00:00,111.919,2
19-08-2014 00:00,116.413,2
20-08-2014 00:00,94.887,2
21-08-2014 00:00,70.02,2
22-08-2014 00:00,49.132,2
23-08-2014 00:00,52.373,2
24-08-2014 00:00,59.679,2
25-08-2014 00:00,67.769,2
26-08-2014 00:00,67.156,2
27-08-2014 00:00,55.68,2
28-08-2014 00:00,46.965,2
29-08-2014 00:00,40.037,2
30-08-2014 00:00,64.263,2
31-08-2014 00:00,139.248,2
01-09-2014 00:00,184.427,2
02-09-2014 00:00,140.679,2
03-09-2014 00:00,92.727,2
04-09-2014 00:00,57.771,2
05-09-2014 00:00,41.236,2
06-09-2014 00:00,34.083,2
07-09-2014 00:00,29.772,2
08-09-2014 00:00,35.738,2
09-09-2014 00:00,40.549,2
10-09-2014 00:00,69.784,2
11-09-2014 00:00,75.758,2
12-09-2014 00:00,52.022,2
13-09-2014 00:00,38.851,2
14-09-2014 00:00,46.226,2
15-09-2014 00:00,42.798,2
16-09-2014 00:00,27.161,2
17-09-2014 00:00,21.184,2
18-09-2014 00:00,19.539,2
19-09-2014 00:00,19.963,2
20-09-2014 00:00,20.035,2
21-09-2014 00:00,19.678,2
22-09-2014 00:00,27.839,2
23-09-2014 00:00,44.079,2
24-09-2014 00:00,47.409,2
25-09-2014 00:00,63.257,2
26-09-2014 00:00,60.555,2
27-09-2014 00:00,45.916,2
28-09-2014 00:00,33.522,2
29-09-2014 00:00,25.591,2
30-09-2014 00:00,22.375,2
01-10-2014 00:00,26.81,2
02-10-2014 00:00,35.531,2
03-10-2014 00:00,33.036,2
04-10-2014 00:00,30.236,2
05-10-2014 00:00,22.881,2
06-10-2014 00:00,19.577,2
07-10-2014 00:00,22.849,2
08-10-2014 00:00,51.609,2
09-10-2014 00:00,53.272,2
10-10-2014 00:00,38.988,2
11-10-2014 00:00,29.449,2
12-10-2014 00:00,32.541,2
13-10-2014 00:00,43.95,2
14-10-2014 00:00,123.622,2
15-10-2014 00:00,166.333,2
16-10-2014 00:00,185.27,2
17-10-2014 00:00,213.918,2
18-10-2014 00:00,243.853,2
19-10-2014 00:00,162.353,2
20-10-2014 00:00,182.894,2
21-10-2014 00:00,118.32,2
22-10-2014 00:00,104.341,2
23-10-2014 00:00,99.195,2
24-10-2014 00:00,84.009,2
25-10-2014 00:00,80.821,2
26-10-2014 00:00,91.248,2
27-10-2014 00:00,74.55,2
28-10-2014 00:00,71.574,2
29-10-2014 00:00,77.918,2
30-10-2014 00:00,77.17,2
31-10-2014 00:00,62.417,2
01-11-2014 00:00,51.357,2
02-11-2014 00:00,43.8,2
03-11-2014 00:00,44.053,2
04-11-2014 00:00,53.033,2
05-11-2014 00:00,73.558,2
06-11-2014 00:00,129.165,2
07-11-2014 00:00,105.978,2
08-11-2014 00:00,69.854,2
09-11-2014 00:00,52.037,2
10-11-2014 00:00,42.6,2
11-11-2014 00:00,44.319,2
12-11-2014 00:00,45.933,2
13-11-2014 00:00,44.878,2
14-11-2014 00:00,41.086,2
15-11-2014 00:00,39.438,2
16-11-2014 00:00,31.994,2
17-11-2014 00:00,56.995,2
18-11-2014 00:00,83.454,2
19-11-2014 00:00,82.338,2
20-11-2014 00:00,72.456,2
21-11-2014 00:00,54.439,2
22-11-2014 00:00,43.429,2
23-11-2014 00:00,33.6,2
24-11-2014 00:00,41.583,2
25-11-2014 00:00,77.784,2
26-11-2014 00:00,79.309,2
27-11-2014 00:00,63.84,2
28-11-2014 00:00,50.334,2
29-11-2014 00:00,40.734,2
30-11-2014 00:00,31.844,2
01-12-2014 00:00,27.075,2
02-12-2014 00:00,28.729,2
03-12-2014 00:00,29.271,2
04-12-2014 00:00,29.957,2
05-12-2014 00:00,31.636,2
06-12-2014 00:00,36.673,2
07-12-2014 00:00,40.809,2
08-12-2014 00:00,86.587,2
09-12-2014 00:00,87.401,2
10-12-2014 00:00,76.933,2
11-12-2014 00:00,128.752,2
12-12-2014 00:00,142.121,2
13-12-2014 00:00,189.149,2
14-12-2014 00:00,125.391,2
15-12-2014 00:00,88.063,2
16-12-2014 00:00,89.66,2
17-12-2014 00:00,75.165,2
18-12-2014 00:00,76.121,2
19-12-2014 00:00,141.989,2
20-12-2014 00:00,113.576,2
21-12-2014 00:00,99.778,2
22-12-2014 00:00,165.17,2
23-12-2014 00:00,133.755,2
24-12-2014 00:00,105.33,2
25-12-2014 00:00,150.455,2
26-12-2014 00:00,72.37,2
27-12-2014 00:00,50.922,2
28-12-2014 00:00,63.456,2
29-12-2014 00:00,80.114,2
30-12-2014 00:00,82.067,2
31-12-2014 00:00,99.292,2
01-01-2015 00:00,114.996,2
02-01-2015 00:00,113.763,2
03-01-2015 00:00,117.951,2
04-01-2015 00:00,109.159,2
05-01-2015 00:00,98.145,2
06-01-2015 00:00,91.13,2
07-01-2015 00:00,80.682,2
08-01-2015 00:00,86.46,2
09-01-2015 00:00,104.677,2
10-01-2015 00:00,156.454,2
11-01-2015 00:00,187.25,2
12-01-2015 00:00,162.806,2
13-01-2015 00:00,162.865,2
14-01-2015 00:00,164.148,2
15-01-2015 00:00,158.87,2
16-01-2015 00:00,213.226,2
17-01-2015 00:00,198.629,2
18-01-2015 00:00,172.217,2
19-01-2015 00:00,153.284,2
20-01-2015 00:00,161.974,2
21-01-2015 00:00,177.428,2
22-01-2015 00:00,155.322,2
23-01-2015 00:00,137.219,2
24-01-2015 00:00,127.63,2
25-01-2015 00:00,120.373,2
26-01-2015 00:00,118.154,2
27-01-2015 00:00,151.353,2
28-01-2015 00:00,150.528,2
29-01-2015 00:00,149.283,2
30-01-2015 00:00,146.565,2
31-01-2015 00:00,132.988,2
01-02-2015 00:00,124.55,2
02-02-2015 00:00,123.052,2
03-02-2015 00:00,120.246,2
04-02-2015 00:00,109.423,2
05-02-2015 00:00,99.773,2
06-02-2015 00:00,90.231,2
07-02-2015 00:00,96.867,2
08-02-2015 00:00,98.974,2
09-02-2015 00:00,91.81,2
10-02-2015 00:00,82.129,2
11-02-2015 00:00,73.082,2
12-02-2015 00:00,66.609,2
13-02-2015 00:00,66.876,2
14-02-2015 00:00,67.173,2
15-02-2015 00:00,66.579,2
16-02-2015 00:00,67.766,2
17-02-2015 00:00,71.031,2
18-02-2015 00:00,70.479,2
19-02-2015 00:00,73.324,2
20-02-2015 00:00,75.652,2
21-02-2015 00:00,112.241,2
22-02-2015 00:00,168.597,2
23-02-2015 00:00,160.252,2
24-02-2015 00:00,170.545,2
25-02-2015 00:00,152.853,2
26-02-2015 00:00,127.083,2
27-02-2015 00:00,114.061,2
28-02-2015 00:00,109.37,2
01-03-2015 00:00,109.861,2
02-03-2015 00:00,117.013,2
03-03-2015 00:00,114.25,2
04-03-2015 00:00,112.717,2
05-03-2015 00:00,103.497,2
06-03-2015 00:00,95.816,2
07-03-2015 00:00,91.575,2
08-03-2015 00:00,86.122,2
09-03-2015 00:00,82.246,2
10-03-2015 00:00,79.92,2
11-03-2015 00:00,81.306,2
12-03-2015 00:00,72.491,2
13-03-2015 00:00,64.74,2
14-03-2015 00:00,60.927,2
15-03-2015 00:00,58.603,2
16-03-2015 00:00,58.166,2
17-03-2015 00:00,56.914,2
18-03-2015 00:00,56.375,2
19-03-2015 00:00,57.826,2
20-03-2015 00:00,59.851,2
21-03-2015 00:00,73.46,2
22-03-2015 00:00,77.228,2
23-03-2015 00:00,66.977,2
24-03-2015 00:00,62.306,2
25-03-2015 00:00,58.953,2
26-03-2015 00:00,54.609,2
27-03-2015 00:00,53.255,2
28-03-2015 00:00,53.884,2
29-03-2015 00:00,75.573,2
30-03-2015 00:00,139.045,2
31-03-2015 00:00,168.596,2
01-04-2015 00:00,169.874,2
02-04-2015 00:00,146.116,2
03-04-2015 00:00,120.21,2
04-04-2015 00:00,102.261,2
05-04-2015 00:00,92.41,2
06-04-2015 00:00,83.851,2
07-04-2015 00:00,75.133,2
08-04-2015 00:00,71.795,2
09-04-2015 00:00,68.776,2
10-04-2015 00:00,67.895,2
11-04-2015 00:00,63.983,2
12-04-2015 00:00,64.976,2
13-04-2015 00:00,120.439,2
14-04-2015 00:00,143.793,2
15-04-2015 00:00,137.254,2
16-04-2015 00:00,121.827,2
17-04-2015 00:00,107.031,2
18-04-2015 00:00,85.527,2
19-04-2015 00:00,67.442,2
20-04-2015 00:00,59.052,2
21-04-2015 00:00,54.515,2
22-04-2015 00:00,52.54,2
23-04-2015 00:00,50.38,2
24-04-2015 00:00,48.079,2
25-04-2015 00:00,47.815,2
26-04-2015 00:00,51.314,2
27-04-2015 00:00,51.818,2
28-04-2015 00:00,49.282,2
29-04-2015 00:00,50.243,2
30-04-2015 00:00,60.555,2
01-05-2015 00:00,77.947,2
02-05-2015 00:00,64.118,2
03-05-2015 00:00,53.161,2
04-05-2015 00:00,60.83,2
05-05-2015 00:00,71.674,2
06-05-2015 00:00,92.452,2
07-05-2015 00:00,94.693,2
08-05-2015 00:00,74.362,2
09-05-2015 00:00,60.869,2
10-05-2015 00:00,55.152,2
11-05-2015 00:00,54.189,2
12-05-2015 00:00,52.666,2
13-05-2015 00:00,61.786,2
14-05-2015 00:00,67.905,2
15-05-2015 00:00,60.505,2
16-05-2015 00:00,52.422,2
17-05-2015 00:00,51.989,2
18-05-2015 00:00,61.336,2
19-05-2015 00:00,93.978,2
20-05-2015 00:00,98.546,2
21-05-2015 00:00,71.359,2
22-05-2015 00:00,55.2,2
23-05-2015 00:00,48.857,2
24-05-2015 00:00,45.298,2
25-05-2015 00:00,41.163,2
26-05-2015 00:00,41.897,2
27-05-2015 00:00,39.504,2
28-05-2015 00:00,41.989,2
29-05-2015 00:00,66.157,2
30-05-2015 00:00,71.162,2
31-05-2015 00:00,65.933,2
01-06-2015 00:00,88.447,2
02-06-2015 00:00,99.166,2
03-06-2015 00:00,94.154,2
04-06-2015 00:00,76.272,2
05-06-2015 00:00,55.248,2
06-06-2015 00:00,43.498,2
07-06-2015 00:00,35.475,2
08-06-2015 00:00,32.71,2
09-06-2015 00:00,31.907,2
10-06-2015 00:00,31.624,2
11-06-2015 00:00,31.417,2
12-06-2015 00:00,31.327,2
13-06-2015 00:00,31.452,2
14-06-2015 00:00,35.599,2
15-06-2015 00:00,33.159,2
16-06-2015 00:00,28.387,2
17-06-2015 00:00,29.063,2
18-06-2015 00:00,58.835,2
19-06-2015 00:00,71.204,2
20-06-2015 00:00,63.626,2
21-06-2015 00:00,45.819,2
22-06-2015 00:00,38.972,2
23-06-2015 00:00,54.405,2
24-06-2015 00:00,44.876,2
25-06-2015 00:00,33.242,2
26-06-2015 00:00,28.952,2
27-06-2015 00:00,29.716,2
28-06-2015 00:00,29.513,2
29-06-2015 00:00,36.075,2
30-06-2015 00:00,36.283,2
01-07-2015 00:00,30.181,2
02-07-2015 00:00,25.661,2
03-07-2015 00:00,21.661,2
04-07-2015 00:00,19.614,2
05-07-2015 00:00,19.07,2
06-07-2015 00:00,26.156,2
07-07-2015 00:00,31.382,2
08-07-2015 00:00,50.461,2
09-07-2015 00:00,69.587,2
10-07-2015 00:00,103.868,2
11-07-2015 00:00,81.043,2
12-07-2015 00:00,51.548,2
13-07-2015 00:00,41.664,2
14-07-2015 00:00,39.698,2
15-07-2015 00:00,30.476,2
16-07-2015 00:00,24.384,2
17-07-2015 00:00,22.268,2
18-07-2015 00:00,20.865,2
19-07-2015 00:00,19.021,2
20-07-2015 00:00,39.248,2
21-07-2015 00:00,53.133,2
22-07-2015 00:00,41.009,2
23-07-2015 00:00,29.385,2
24-07-2015 00:00,23.418,2
25-07-2015 00:00,23.592,2
26-07-2015 00:00,50.2,2
27-07-2015 00:00,65.327,2
28-07-2015 00:00,79.729,2
29-07-2015 00:00,103.194,2
30-07-2015 00:00,75.71,2
31-07-2015 00:00,64.935,2
01-08-2015 00:00,60.445,2
02-08-2015 00:00,43.601,2
03-08-2015 00:00,34.024,2
04-08-2015 00:00,27.801,2
05-08-2015 00:00,38.055,2
06-08-2015 00:00,38.39,2
07-08-2015 00:00,30.59,2
08-08-2015 00:00,25.28,2
09-08-2015 00:00,19.636,2
10-08-2015 00:00,17.075,2
11-08-2015 00:00,27.9,2
12-08-2015 00:00,37.719,2
13-08-2015 00:00,27.637,2
14-08-2015 00:00,20.52,2
15-08-2015 00:00,16.138,2
16-08-2015 00:00,20.199,2
17-08-2015 00:00,29.896,2
18-08-2015 00:00,24.044,2
19-08-2015 00:00,19.486,2
20-08-2015 00:00,16.887,2
21-08-2015 00:00,15.132,2
22-08-2015 00:00,13.736,2
23-08-2015 00:00,12.139,2
24-08-2015 00:00,12.614,2
25-08-2015 00:00,20.387,2
26-08-2015 00:00,26.347,2
27-08-2015 00:00,37.966,2
28-08-2015 00:00,73.092,2
29-08-2015 00:00,53.401,2
30-08-2015 00:00,31.542,2
31-08-2015 00:00,33.979,2
01-09-2015 00:00,128.658,2
02-09-2015 00:00,119.184,2
03-09-2015 00:00,72.041,2
04-09-2015 00:00,48.23,2
05-09-2015 00:00,68.067,2
06-09-2015 00:00,178.614,2
07-09-2015 00:00,156.851,2
08-09-2015 00:00,107.453,2
09-09-2015 00:00,74.747,2
10-09-2015 00:00,60.201,2
11-09-2015 00:00,48.662,2
12-09-2015 00:00,40.332,2
13-09-2015 00:00,36.018,2
14-09-2015 00:00,34.996,2
15-09-2015 00:00,55.299,2
16-09-2015 00:00,88.606,2
17-09-2015 00:00,106.102,2
18-09-2015 00:00,76.866,2
19-09-2015 00:00,50.515,2
20-09-2015 00:00,63.394,2
21-09-2015 00:00,74.728,2
22-09-2015 00:00,74.54,2
23-09-2015 00:00,129.45,2
24-09-2015 00:00,165.507,2
25-09-2015 00:00,120.712,2
26-09-2015 00:00,93.961,2
27-09-2015 00:00,72.201,2
28-09-2015 00:00,54.31,2
29-09-2015 00:00,45.981,2
30-09-2015 00:00,39.97,2
01-10-2015 00:00,36.09,2
02-10-2015 00:00,33.86,2
03-10-2015 00:00,32.02,2
04-10-2015 00:00,30,2
05-10-2015 00:00,28.707,2
06-10-2015 00:00,28.911,2
07-10-2015 00:00,29.287,2
08-10-2015 00:00,28.195,2
09-10-2015 00:00,29.413,2
10-10-2015 00:00,27.005,2
11-10-2015 00:00,24.899,2
12-10-2015 00:00,24.27,2
13-10-2015 00:00,28.293,2
14-10-2015 00:00,55.526,2
15-10-2015 00:00,49.257,2
16-10-2015 00:00,36.369,2
17-10-2015 00:00,35.034,2
18-10-2015 00:00,31.893,2
19-10-2015 00:00,28.631,2
20-10-2015 00:00,27.992,2
21-10-2015 00:00,28.555,2
22-10-2015 00:00,29.303,2
23-10-2015 00:00,28.963,2
24-10-2015 00:00,27.371,2
25-10-2015 00:00,24.384,2
26-10-2015 00:00,24.198,2
27-10-2015 00:00,24.176,2
28-10-2015 00:00,24.319,2
29-10-2015 00:00,23.399,2
30-10-2015 00:00,23.05,2
31-10-2015 00:00,22.091,2
01-11-2015 00:00,21.06,2
02-11-2015 00:00,21.812,2
03-11-2015 00:00,23.24,2
04-11-2015 00:00,23.259,2
05-11-2015 00:00,31.819,2
06-11-2015 00:00,44.21,2
07-11-2015 00:00,46.623,2
08-11-2015 00:00,78.123,2
09-11-2015 00:00,106.056,2
10-11-2015 00:00,121.726,2
11-11-2015 00:00,108.015,2
12-11-2015 00:00,135.679,2
13-11-2015 00:00,123.74,2
14-11-2015 00:00,119.763,2
15-11-2015 00:00,98.744,2
16-11-2015 00:00,87.225,2
17-11-2015 00:00,97.508,2
18-11-2015 00:00,155.275,2
19-11-2015 00:00,203.814,2
20-11-2015 00:00,178.622,2
21-11-2015 00:00,143.674,2
22-11-2015 00:00,142.657,2
23-11-2015 00:00,144.841,2
24-11-2015 00:00,150.477,2
25-11-2015 00:00,231.734,2
26-11-2015 00:00,236.715,2
27-11-2015 00:00,202.345,2
28-11-2015 00:00,191.666,2
29-11-2015 00:00,217.285,2
30-11-2015 00:00,240.764,2
01-12-2015 00:00,217.909,2
02-12-2015 00:00,197.319,2
03-12-2015 00:00,184.457,2
04-12-2015 00:00,185.572,2
05-12-2015 00:00,178.808,2
06-12-2015 00:00,176.571,2
07-12-2015 00:00,162.466,2
08-12-2015 00:00,146.119,2
09-12-2015 00:00,134.947,2
10-12-2015 00:00,124.454,2
11-12-2015 00:00,136.678,2
12-12-2015 00:00,154.796,2
13-12-2015 00:00,145.299,2
14-12-2015 00:00,138.852,2
15-12-2015 00:00,167.19,2
16-12-2015 00:00,176.273,2
17-12-2015 00:00,164.297,2
18-12-2015 00:00,155.82,2
19-12-2015 00:00,136.017,2
20-12-2015 00:00,123.328,2
21-12-2015 00:00,115.069,2
22-12-2015 00:00,134.109,2
23-12-2015 00:00,183.685,2
24-12-2015 00:00,191.762,2
25-12-2015 00:00,167.756,2
26-12-2015 00:00,183.697,2
27-12-2015 00:00,342.941,2
28-12-2015 00:00,348.156,2
29-12-2015 00:00,282.14,2
30-12-2015 00:00,248.4,2
31-12-2015 00:00,222.226,2
01-01-2016 00:00,220.576,2
02-01-2016 00:00,204.708,2
03-01-2016 00:00,180.302,2
04-01-2016 00:00,145.285,2
05-01-2016 00:00,131.05,2
06-01-2016 00:00,125.917,2
07-01-2016 00:00,118.909,2
08-01-2016 00:00,115.709,2
09-01-2016 00:00,115.342,2
10-01-2016 00:00,122.964,2
11-01-2016 00:00,152.271,2
12-01-2016 00:00,152.794,2
13-01-2016 00:00,142.915,2
14-01-2016 00:00,130.468,2
15-01-2016 00:00,118.643,2
16-01-2016 00:00,108.48,2
17-01-2016 00:00,100.82,2
18-01-2016 00:00,95.267,2
19-01-2016 00:00,94.82,2
20-01-2016 00:00,95.028,2
21-01-2016 00:00,90.565,2
22-01-2016 00:00,85.529,2
23-01-2016 00:00,82.154,2
24-01-2016 00:00,86.858,2
25-01-2016 00:00,124.877,2
26-01-2016 00:00,141.282,2
27-01-2016 00:00,153.633,2
28-01-2016 00:00,186.801,2
29-01-2016 00:00,167.731,2
30-01-2016 00:00,178.13,2
31-01-2016 00:00,198.654,2
01-02-2016 00:00,177.045,2
02-02-2016 00:00,184.831,2
03-02-2016 00:00,168.325,2
04-02-2016 00:00,152.164,2
05-02-2016 00:00,149.534,2
06-02-2016 00:00,150.307,2
07-02-2016 00:00,143.81,2
08-02-2016 00:00,145.069,2
09-02-2016 00:00,158.758,2
10-02-2016 00:00,226.388,2
11-02-2016 00:00,282.884,2
12-02-2016 00:00,232.242,2
13-02-2016 00:00,205.924,2
14-02-2016 00:00,190.169,2
15-02-2016 00:00,168.116,2
16-02-2016 00:00,162.913,2
17-02-2016 00:00,154.431,2
18-02-2016 00:00,150.834,2
19-02-2016 00:00,147.203,2
20-02-2016 00:00,154.261,2
21-02-2016 00:00,206.4,2
22-02-2016 00:00,220.281,2
23-02-2016 00:00,190.706,2
24-02-2016 00:00,166.42,2
25-02-2016 00:00,152.549,2
26-02-2016 00:00,143.477,2
27-02-2016 00:00,132.126,2
28-02-2016 00:00,123.823,2
29-02-2016 00:00,118.627,2
01-03-2016 00:00,109.341,2
02-03-2016 00:00,126.255,2
03-03-2016 00:00,210.852,2
04-03-2016 00:00,198.683,2
05-03-2016 00:00,169.706,2
06-03-2016 00:00,206.127,2
07-03-2016 00:00,261.081,2
08-03-2016 00:00,257.066,2
09-03-2016 00:00,238.304,2
10-03-2016 00:00,209.438,2
11-03-2016 00:00,188.625,2
12-03-2016 00:00,172.393,2
13-03-2016 00:00,163.811,2
14-03-2016 00:00,144.391,2
15-03-2016 00:00,135.966,2
16-03-2016 00:00,127.153,2
17-03-2016 00:00,120.268,2
18-03-2016 00:00,109.947,2
19-03-2016 00:00,100.432,2
20-03-2016 00:00,94.442,2
21-03-2016 00:00,90.95,2
22-03-2016 00:00,89.259,2
23-03-2016 00:00,86.053,2
24-03-2016 00:00,82.61,2
25-03-2016 00:00,79.091,2
26-03-2016 00:00,80.007,2
27-03-2016 00:00,77.593,2
28-03-2016 00:00,83.993,2
29-03-2016 00:00,88.732,2
30-03-2016 00:00,88.172,2
31-03-2016 00:00,106.156,2
01-04-2016 00:00,89.24,2
02-04-2016 00:00,77.011,2
03-04-2016 00:00,70.499,2
04-04-2016 00:00,68.01,2
05-04-2016 00:00,70.142,2
06-04-2016 00:00,132.462,2
07-04-2016 00:00,144.644,2
08-04-2016 00:00,123.674,2
09-04-2016 00:00,103.559,2
10-04-2016 00:00,90.074,2
11-04-2016 00:00,82.295,2
12-04-2016 00:00,77.918,2
13-04-2016 00:00,74.911,2
14-04-2016 00:00,99.57,2
15-04-2016 00:00,96.744,2
16-04-2016 00:00,86.032,2
17-04-2016 00:00,72.246,2
18-04-2016 00:00,63.354,2
19-04-2016 00:00,56.812,2
20-04-2016 00:00,53.672,2
21-04-2016 00:00,50.135,2
22-04-2016 00:00,45.429,2
23-04-2016 00:00,42.664,2
24-04-2016 00:00,41.569,2
25-04-2016 00:00,47.477,2
26-04-2016 00:00,72.01,2
27-04-2016 00:00,178.798,2
28-04-2016 00:00,173.844,2
29-04-2016 00:00,131.847,2
30-04-2016 00:00,98.581,2
01-05-2016 00:00,82.334,2
02-05-2016 00:00,75.073,2
03-05-2016 00:00,78.324,2
04-05-2016 00:00,79.759,2
05-05-2016 00:00,61.51,2
06-05-2016 00:00,45.913,2
07-05-2016 00:00,38.95,2
08-05-2016 00:00,35.164,2
09-05-2016 00:00,32.183,2
10-05-2016 00:00,31.962,2
11-05-2016 00:00,31.316,2
12-05-2016 00:00,28.663,2
13-05-2016 00:00,27.613,2
14-05-2016 00:00,25.245,2
15-05-2016 00:00,47.527,2
16-05-2016 00:00,55.365,2
17-05-2016 00:00,39.876,2
18-05-2016 00:00,31.32,2
19-05-2016 00:00,28.399,2
20-05-2016 00:00,31.081,2
21-05-2016 00:00,32.121,2
22-05-2016 00:00,42.33,2
23-05-2016 00:00,41.022,2
24-05-2016 00:00,37.477,2
25-05-2016 00:00,37.08,2
26-05-2016 00:00,36.543,2
27-05-2016 00:00,35.558,2
28-05-2016 00:00,35.606,2
29-05-2016 00:00,35.457,2
30-05-2016 00:00,63.12,2
31-05-2016 00:00,68.752,2
01-06-2016 00:00,69.745,2
02-06-2016 00:00,48.145,2
03-06-2016 00:00,33.881,2
04-06-2016 00:00,28.504,2
05-06-2016 00:00,25.748,2
06-06-2016 00:00,24.563,2
07-06-2016 00:00,25.067,2
08-06-2016 00:00,27.281,2
09-06-2016 00:00,26.635,2
10-06-2016 00:00,24.773,2
11-06-2016 00:00,22.804,2
12-06-2016 00:00,20.469,2
13-06-2016 00:00,19.001,2
14-06-2016 00:00,20.529,2
15-06-2016 00:00,29.085,2
16-06-2016 00:00,73.347,2
17-06-2016 00:00,99.564,2
18-06-2016 00:00,53.483,2
19-06-2016 00:00,28.483,2
20-06-2016 00:00,18.084,2
21-06-2016 00:00,24.768,2
22-06-2016 00:00,29.333,2
23-06-2016 00:00,17.437,2
24-06-2016 00:00,15.527,2
25-06-2016 00:00,16.322,2
26-06-2016 00:00,7.583,2
27-06-2016 00:00,0.078,2
28-06-2016 00:00,0.05,2
29-06-2016 00:00,0.05,2
30-06-2016 00:00,10.763,2
01-07-2016 00:00,24.762,2
02-07-2016 00:00,29.12,2
03-07-2016 00:00,28.574,2
04-07-2016 00:00,23.636,2
05-07-2016 00:00,10.904,2
06-07-2016 00:00,109.679,2
07-07-2016 00:00,167.25,2
08-07-2016 00:00,96.134,2
09-07-2016 00:00,63.867,2
10-07-2016 00:00,48.421,2
11-07-2016 00:00,96.904,2
12-07-2016 00:00,122.692,2
13-07-2016 00:00,91.553,2
14-07-2016 00:00,53.468,2
15-07-2016 00:00,35.026,2
16-07-2016 00:00,21.931,2
17-07-2016 00:00,11.858,2
18-07-2016 00:00,6.503,2
19-07-2016 00:00,9.117,2
20-07-2016 00:00,8.317,2
21-07-2016 00:00,3.293,2
22-07-2016 00:00,0.05,2
23-07-2016 00:00,0.05,2
24-07-2016 00:00,0.05,2
25-07-2016 00:00,0.05,2
26-07-2016 00:00,0.05,2
27-07-2016 00:00,0.05,2
28-07-2016 00:00,0.248,2
29-07-2016 00:00,1.362,2
30-07-2016 00:00,9.702,2
31-07-2016 00:00,18.8,2
01-08-2016 00:00,17.528,2
02-08-2016 00:00,19.624,2
03-08-2016 00:00,18.406,2
04-08-2016 00:00,42.761,2
05-08-2016 00:00,40.334,2
06-08-2016 00:00,27.257,2
07-08-2016 00:00,13.43,2
08-08-2016 00:00,5.562,2
09-08-2016 00:00,6.052,2
10-08-2016 00:00,2.97,2
11-08-2016 00:00,13.665,2
12-08-2016 00:00,12.135,2
13-08-2016 00:00,7.279,2
14-08-2016 00:00,7.928,2
15-08-2016 00:00,5.072,2
16-08-2016 00:00,2.004,2
17-08-2016 00:00,0.077,2
18-08-2016 00:00,0.05,2
19-08-2016 00:00,0.05,2
20-08-2016 00:00,0.05,2
21-08-2016 00:00,0.05,2
22-08-2016 00:00,1.032,2
23-08-2016 00:00,13.669,2
24-08-2016 00:00,19.15,2
25-08-2016 00:00,13.414,2
26-08-2016 00:00,6.557,2
27-08-2016 00:00,2.408,2
28-08-2016 00:00,7.709,2
29-08-2016 00:00,22.412,2
30-08-2016 00:00,19.209,2
31-08-2016 00:00,12.284,2
01-09-2016 00:00,7.612,2
02-09-2016 00:00,5.393,2
03-09-2016 00:00,5.522,2
04-09-2016 00:00,5.487,2
05-09-2016 00:00,15.69,2
06-09-2016 00:00,16.632,2
07-09-2016 00:00,13.275,2
08-09-2016 00:00,10.407,2
09-09-2016 00:00,7.705,2
10-09-2016 00:00,5.111,2
11-09-2016 00:00,2.574,2
12-09-2016 00:00,0.991,2
13-09-2016 00:00,0.986,2
14-09-2016 00:00,1.394,2
15-09-2016 00:00,1.738,2
16-09-2016 00:00,2.177,2
17-09-2016 00:00,2.106,2
18-09-2016 00:00,2.778,2
19-09-2016 00:00,2.531,2
20-09-2016 00:00,2.803,2
21-09-2016 00:00,5.432,2
22-09-2016 00:00,7.928,2
23-09-2016 00:00,8.751,2
24-09-2016 00:00,7.361,2
25-09-2016 00:00,5.991,2
26-09-2016 00:00,4.931,2
27-09-2016 00:00,4.974,2
28-09-2016 00:00,6.549,2
29-09-2016 00:00,10.938,2
30-09-2016 00:00,24.081,2
01-10-2016 00:00,21.783,2
02-10-2016 00:00,10.01,2
03-10-2016 00:00,31.894,2
04-10-2016 00:00,43.492,2
05-10-2016 00:00,10.613,2
06-10-2016 00:00,2.088,2
07-10-2016 00:00,9.829,2
08-10-2016 00:00,1.762,2
09-10-2016 00:00,1.958,2
10-10-2016 00:00,12.7,2
11-10-2016 00:00,28.854,2
12-10-2016 00:00,21.165,2
13-10-2016 00:00,16.829,2
14-10-2016 00:00,17.291,2
15-10-2016 00:00,19.091,2
16-10-2016 00:00,37.578,2
17-10-2016 00:00,44.579,2
18-10-2016 00:00,35.075,2
19-10-2016 00:00,30.912,2
20-10-2016 00:00,38.247,2
21-10-2016 00:00,56.826,2
22-10-2016 00:00,77.986,2
23-10-2016 00:00,74.866,2
24-10-2016 00:00,46.624,2
25-10-2016 00:00,27.67,2
26-10-2016 00:00,18.495,2
27-10-2016 00:00,15.634,2
28-10-2016 00:00,22.203,2
29-10-2016 00:00,30.738,2
30-10-2016 00:00,20.341,2
31-10-2016 00:00,12.454,2
01-11-2016 00:00,28.83,2
02-11-2016 00:00,32.169,2
03-11-2016 00:00,27.093,2
04-11-2016 00:00,22.894,2
05-11-2016 00:00,46.23,2
06-11-2016 00:00,86.409,2
07-11-2016 00:00,71.592,2
08-11-2016 00:00,37.91,2
09-11-2016 00:00,23.466,2
10-11-2016 00:00,19.318,2
11-11-2016 00:00,16.983,2
12-11-2016 00:00,12.491,2
13-11-2016 00:00,7.943,2
14-11-2016 00:00,5.634,2
15-11-2016 00:00,26.057,2
16-11-2016 00:00,39.484,2
17-11-2016 00:00,40.438,2
18-11-2016 00:00,49.106,2
19-11-2016 00:00,56.982,2
20-11-2016 00:00,49.61,2
21-11-2016 00:00,40.038,2
22-11-2016 00:00,32.26,2
23-11-2016 00:00,35.356,2
24-11-2016 00:00,37.325,2
25-11-2016 00:00,34.452,2
26-11-2016 00:00,28.169,2
27-11-2016 00:00,21.031,2
28-11-2016 00:00,15.683,2
29-11-2016 00:00,11.601,2
30-11-2016 00:00,8.115,2
01-12-2016 00:00,9.761,2
02-12-2016 00:00,11.412,2
03-12-2016 00:00,9.227,2
04-12-2016 00:00,6.215,2
05-12-2016 00:00,5.338,2
06-12-2016 00:00,7.853,2
07-12-2016 00:00,9.95,2
08-12-2016 00:00,19.582,2
09-12-2016 00:00,18.502,2
10-12-2016 00:00,68.861,2
11-12-2016 00:00,88.133,2
12-12-2016 00:00,64.145,2
13-12-2016 00:00,45.726,2
14-12-2016 00:00,37.435,2
15-12-2016 00:00,29.45,2
16-12-2016 00:00,25.232,2
17-12-2016 00:00,22.243,2
18-12-2016 00:00,21.203,2
19-12-2016 00:00,22.135,2
20-12-2016 00:00,20.474,2
21-12-2016 00:00,19.958,2
22-12-2016 00:00,19.6,2
23-12-2016 00:00,20.255,2
24-12-2016 00:00,24.729,2
25-12-2016 00:00,30.4,2
26-12-2016 00:00,27.48,2
27-12-2016 00:00,24.163,2
28-12-2016 00:00,21.641,2
29-12-2016 00:00,19.278,2
30-12-2016 00:00,17.624,2
31-12-2016 00:00,17.671,2
01-01-2017 00:00,43.957,2
02-01-2017 00:00,58.65,2
03-01-2017 00:00,53.387,2
04-01-2017 00:00,57.257,2
05-01-2017 00:00,46.181,2
06-01-2017 00:00,37.283,2
07-01-2017 00:00,35.899,2
08-01-2017 00:00,44.57,2
09-01-2017 00:00,41.905,2
10-01-2017 00:00,43.127,2
11-01-2017 00:00,45.945,2
12-01-2017 00:00,65.29,2
13-01-2017 00:00,60.198,2
14-01-2017 00:00,52.61,2
15-01-2017 00:00,47.399,2
16-01-2017 00:00,41.656,2
17-01-2017 00:00,38.463,2
18-01-2017 00:00,36.753,2
19-01-2017 00:00,39.712,2
20-01-2017 00:00,39.578,2
21-01-2017 00:00,39.886,2
22-01-2017 00:00,41.223,2
23-01-2017 00:00,40.458,2
24-01-2017 00:00,38.723,2
25-01-2017 00:00,38.56,2
26-01-2017 00:00,37.088,2
27-01-2017 00:00,36.237,2
28-01-2017 00:00,34.311,2
29-01-2017 00:00,32.738,2
30-01-2017 00:00,34.057,2
31-01-2017 00:00,33.492,2
01-02-2017 00:00,32.905,2
02-02-2017 00:00,32.178,2
03-02-2017 00:00,31.525,2
04-02-2017 00:00,35.459,2
05-02-2017 00:00,40.398,2
06-02-2017 00:00,39.421,2
07-02-2017 00:00,34.689,2
08-02-2017 00:00,32.179,2
09-02-2017 00:00,33.78,2
10-02-2017 00:00,34.109,2
11-02-2017 00:00,31.861,2
12-02-2017 00:00,29.743,2
13-02-2017 00:00,27.117,2
14-02-2017 00:00,25.657,2
15-02-2017 00:00,28.532,2
16-02-2017 00:00,31.613,2
17-02-2017 00:00,35.258,2
18-02-2017 00:00,34.729,2
19-02-2017 00:00,37.06,2
20-02-2017 00:00,49.981,2
21-02-2017 00:00,73.582,2
22-02-2017 00:00,93.417,2
23-02-2017 00:00,103.828,2
24-02-2017 00:00,137.85,2
25-02-2017 00:00,140.769,2
26-02-2017 00:00,203.114,2
27-02-2017 00:00,202.071,2
28-02-2017 00:00,159.573,2
01-03-2017 00:00,120.095,2
02-03-2017 00:00,116.354,2
03-03-2017 00:00,113.263,2
04-03-2017 00:00,98.648,2
05-03-2017 00:00,94.956,2
06-03-2017 00:00,110.919,2
07-03-2017 00:00,88.338,2
08-03-2017 00:00,73.715,2
09-03-2017 00:00,66.771,2
10-03-2017 00:00,56.744,2
11-03-2017 00:00,50.599,2
12-03-2017 00:00,44.549,2
13-03-2017 00:00,41.526,2
14-03-2017 00:00,40.252,2
15-03-2017 00:00,37.818,2
16-03-2017 00:00,37.128,2
17-03-2017 00:00,38.209,2
18-03-2017 00:00,69.71,2
19-03-2017 00:00,92.96,2
20-03-2017 00:00,95.691,2
21-03-2017 00:00,147.881,2
22-03-2017 00:00,127.727,2
23-03-2017 00:00,92.966,2
24-03-2017 00:00,86.708,2
25-03-2017 00:00,84.234,2
26-03-2017 00:00,79.461,2
27-03-2017 00:00,73.814,2
28-03-2017 00:00,61.921,2
29-03-2017 00:00,51.688,2
30-03-2017 00:00,54.514,2
31-03-2017 00:00,66.91,2
01-04-2017 00:00,55.481,2
02-04-2017 00:00,48.708,2
03-04-2017 00:00,45.45,2
04-04-2017 00:00,42.848,2
05-04-2017 00:00,44.06,2
06-04-2017 00:00,43.817,2
07-04-2017 00:00,42.534,2
08-04-2017 00:00,41.492,2
09-04-2017 00:00,40.046,2
10-04-2017 00:00,39.201,2
11-04-2017 00:00,36.789,2
12-04-2017 00:00,64.401,2
13-04-2017 00:00,61.798,2
14-04-2017 00:00,54.985,2
15-04-2017 00:00,86.807,2
16-04-2017 00:00,143.758,2
17-04-2017 00:00,105.014,2
18-04-2017 00:00,76.022,2
19-04-2017 00:00,64.942,2
20-04-2017 00:00,59.896,2
21-04-2017 00:00,55.127,2
22-04-2017 00:00,50.682,2
23-04-2017 00:00,47.837,2
24-04-2017 00:00,63.675,2
25-04-2017 00:00,74.275,2
26-04-2017 00:00,60.726,2
27-04-2017 00:00,51.531,2
28-04-2017 00:00,59.053,2
29-04-2017 00:00,97.456,2
30-04-2017 00:00,132.607,2
01-05-2017 00:00,102.901,2
02-05-2017 00:00,77.784,2
03-05-2017 00:00,57.251,2
04-05-2017 00:00,45.08,2
05-05-2017 00:00,41.267,2
06-05-2017 00:00,40.69,2
07-05-2017 00:00,38.829,2
08-05-2017 00:00,44.939,2
09-05-2017 00:00,44.202,2
10-05-2017 00:00,57.878,2
11-05-2017 00:00,73.356,2
12-05-2017 00:00,74.331,2
13-05-2017 00:00,55.336,2
14-05-2017 00:00,41.612,2
15-05-2017 00:00,36.846,2
16-05-2017 00:00,36.856,2
17-05-2017 00:00,38.862,2
18-05-2017 00:00,39.485,2
19-05-2017 00:00,37.695,2
20-05-2017 00:00,34.98,2
21-05-2017 00:00,31.139,2
22-05-2017 00:00,31.387,2
23-05-2017 00:00,33.007,2
24-05-2017 00:00,32.716,2
25-05-2017 00:00,29.953,2
26-05-2017 00:00,27.135,2
27-05-2017 00:00,25.455,2
28-05-2017 00:00,23.357,2
29-05-2017 00:00,21.354,2
30-05-2017 00:00,23.153,2
31-05-2017 00:00,23.088,2
01-06-2017 00:00,21.481,2
02-06-2017 00:00,22.833,2
03-06-2017 00:00,22.774,2
04-06-2017 00:00,28.753,2
05-06-2017 00:00,58.89,2
06-06-2017 00:00,56.344,2
07-06-2017 00:00,97.618,2
08-06-2017 00:00,136.814,2
09-06-2017 00:00,122.305,2
10-06-2017 00:00,84.452,2
11-06-2017 00:00,55.759,2
12-06-2017 00:00,54.638,2
13-06-2017 00:00,51.105,2
14-06-2017 00:00,38.302,2
15-06-2017 00:00,30.64,2
16-06-2017 00:00,42.162,2
17-06-2017 00:00,50.562,2
18-06-2017 00:00,41.717,2
19-06-2017 00:00,35.009,2
20-06-2017 00:00,31.22,2
21-06-2017 00:00,20.092,2
22-06-2017 00:00,22.86,2
23-06-2017 00:00,26.965,2
24-06-2017 00:00,45.095,2
25-06-2017 00:00,62.429,2
26-06-2017 00:00,45.589,2
27-06-2017 00:00,27.991,2
28-06-2017 00:00,20.672,2
29-06-2017 00:00,25.158,2
30-06-2017 00:00,46.747,2
01-07-2017 00:00,84.701,2
02-07-2017 00:00,63.844,2
03-07-2017 00:00,38.325,2
04-07-2017 00:00,37.261,2
05-07-2017 00:00,31.315,2
06-07-2017 00:00,24.985,2
07-07-2017 00:00,20.537,2
08-07-2017 00:00,21.561,2
09-07-2017 00:00,20.612,2
10-07-2017 00:00,17.78,2
11-07-2017 00:00,18.491,2
12-07-2017 00:00,23.565,2
13-07-2017 00:00,20.482,2
14-07-2017 00:00,16.984,2
15-07-2017 00:00,13.432,2
16-07-2017 00:00,17.083,2
17-07-2017 00:00,32.25,2
18-07-2017 00:00,26.606,2
19-07-2017 00:00,20.401,2
20-07-2017 00:00,15.172,2
21-07-2017 00:00,28.109,2
22-07-2017 00:00,40.008,2
23-07-2017 00:00,33.444,2
24-07-2017 00:00,85.705,2
25-07-2017 00:00,100.845,2
26-07-2017 00:00,64.369,2
27-07-2017 00:00,43.831,2
28-07-2017 00:00,57.324,2
29-07-2017 00:00,47.363,2
30-07-2017 00:00,62.098,2
31-07-2017 00:00,118.294,2
01-08-2017 00:00,103.216,2
02-08-2017 00:00,68.315,2
03-08-2017 00:00,100.752,2
04-08-2017 00:00,278.24,2
05-08-2017 00:00,239.122,2
06-08-2017 00:00,133.07,2
07-08-2017 00:00,90.674,2
08-08-2017 00:00,76.888,2
09-08-2017 00:00,61.396,2
10-08-2017 00:00,51.836,2
11-08-2017 00:00,41.765,2
12-08-2017 00:00,35.804,2
13-08-2017 00:00,34.099,2
14-08-2017 00:00,29.04,2
15-08-2017 00:00,25.955,2
16-08-2017 00:00,38.706,2
17-08-2017 00:00,43.26,2
18-08-2017 00:00,61.898,2
19-08-2017 00:00,65.457,2
20-08-2017 00:00,50.176,2
21-08-2017 00:00,82.191,2
22-08-2017 00:00,75.256,2
23-08-2017 00:00,47.167,2
24-08-2017 00:00,34.366,2
25-08-2017 00:00,28.728,2
26-08-2017 00:00,23.595,2
27-08-2017 00:00,19.157,2
28-08-2017 00:00,17.162,2
29-08-2017 00:00,17.96,2
30-08-2017 00:00,22.857,2
31-08-2017 00:00,62.313,2
01-09-2017 00:00,62.51,2
02-09-2017 00:00,41.04,2
03-09-2017 00:00,27.069,2
04-09-2017 00:00,21.567,2
05-09-2017 00:00,19.477,2
06-09-2017 00:00,35.262,2
07-09-2017 00:00,178.669,2
08-09-2017 00:00,209.216,2
09-09-2017 00:00,197.3,2
10-09-2017 00:00,279.518,2
11-09-2017 00:00,209.978,2
12-09-2017 00:00,147.296,2
13-09-2017 00:00,154.216,2
14-09-2017 00:00,200.998,2
15-09-2017 00:00,175.908,2
16-09-2017 00:00,131.266,2
17-09-2017 00:00,118.057,2
18-09-2017 00:00,102.946,2
19-09-2017 00:00,87.115,2
20-09-2017 00:00,120.168,2
21-09-2017 00:00,141.286,2
22-09-2017 00:00,129.299,2
23-09-2017 00:00,99.473,2
24-09-2017 00:00,80.503,2
25-09-2017 00:00,66.513,2
26-09-2017 00:00,59.02,2
27-09-2017 00:00,54.517,2
28-09-2017 00:00,50.928,2
29-09-2017 00:00,124.844,2
30-09-2017 00:00,142.372,2
01-10-2017 00:00,109.5,2
02-10-2017 00:00,119.469,2
03-10-2017 00:00,169.426,2
04-10-2017 00:00,169.724,2
05-10-2017 00:00,185.189,2
06-10-2017 00:00,140.194,2
07-10-2017 00:00,132.243,2
08-10-2017 00:00,200.965,2
09-10-2017 00:00,198.465,2
10-10-2017 00:00,166.601,2
11-10-2017 00:00,149.607,2
12-10-2017 00:00,159.012,2
13-10-2017 00:00,136.147,2
14-10-2017 00:00,113.522,2
15-10-2017 00:00,94.602,2
16-10-2017 00:00,87.442,2
17-10-2017 00:00,82.938,2
18-10-2017 00:00,79.155,2
19-10-2017 00:00,77.206,2
20-10-2017 00:00,78.059,2
21-10-2017 00:00,130.695,2
22-10-2017 00:00,163.174,2
23-10-2017 00:00,166.002,2
24-10-2017 00:00,141.072,2
25-10-2017 00:00,198.678,2
26-10-2017 00:00,193.403,2
27-10-2017 00:00,172.573,2
28-10-2017 00:00,145.836,2
29-10-2017 00:00,122.415,2
30-10-2017 00:00,113.71,2
31-10-2017 00:00,106.121,2
01-11-2017 00:00,96.732,2
02-11-2017 00:00,126.131,2
03-11-2017 00:00,127.007,2
04-11-2017 00:00,105.843,2
05-11-2017 00:00,91.27,2
06-11-2017 00:00,80.756,2
07-11-2017 00:00,75.32,2
08-11-2017 00:00,73.419,2
09-11-2017 00:00,71.893,2
10-11-2017 00:00,79.314,2
11-11-2017 00:00,88.465,2
12-11-2017 00:00,76.991,2
13-11-2017 00:00,68.026,2
14-11-2017 00:00,71.125,2
15-11-2017 00:00,80.838,2
16-11-2017 00:00,72.797,2
17-11-2017 00:00,79.472,2
18-11-2017 00:00,86.759,2
19-11-2017 00:00,104.006,2
20-11-2017 00:00,117.761,2
21-11-2017 00:00,108.528,2
22-11-2017 00:00,150.871,2
23-11-2017 00:00,181.214,2
24-11-2017 00:00,147.396,2
25-11-2017 00:00,126.4,2
26-11-2017 00:00,110.93,2
27-11-2017 00:00,108.705,2
28-11-2017 00:00,157.164,2
29-11-2017 00:00,180.738,2
30-11-2017 00:00,158.297,2
01-12-2017 00:00,130.354,2
02-12-2017 00:00,114.458,2
03-12-2017 00:00,114.835,2
04-12-2017 00:00,109.166,2
05-12-2017 00:00,100.754,2
06-12-2017 00:00,102.106,2
07-12-2017 00:00,109.468,2
08-12-2017 00:00,124.122,2
09-12-2017 00:00,112.512,2
10-12-2017 00:00,97.479,2
11-12-2017 00:00,92.987,2
12-12-2017 00:00,102.37,2
13-12-2017 00:00,137.35,2
14-12-2017 00:00,200.788,2
15-12-2017 00:00,231.629,2
16-12-2017 00:00,189.244,2
17-12-2017 00:00,159.896,2
18-12-2017 00:00,142.629,2
19-12-2017 00:00,129.624,2
20-12-2017 00:00,115.411,2
21-12-2017 00:00,108.643,2
22-12-2017 00:00,105.217,2
23-12-2017 00:00,112.85,2
24-12-2017 00:00,121.171,2
25-12-2017 00:00,175.825,2
26-12-2017 00:00,179.098,2
27-12-2017 00:00,155.249,2
28-12-2017 00:00,146.337,2
29-12-2017 00:00,133.288,2
30-12-2017 00:00,128.419,2
31-12-2017 00:00,152.923,2
01-01-2018 00:00,187.179,2
02-01-2018 00:00,194.306,2
03-01-2018 00:00,208.933,2
04-01-2018 00:00,257.282,2
05-01-2018 00:00,241.573,2
06-01-2018 00:00,225.814,2
07-01-2018 00:00,198.047,2
08-01-2018 00:00,171.226,2
09-01-2018 00:00,159.257,2
10-01-2018 00:00,158.628,2
11-01-2018 00:00,157.963,2
12-01-2018 00:00,144.976,2
13-01-2018 00:00,131.534,2
14-01-2018 00:00,122.626,2
15-01-2018 00:00,121.291,2
16-01-2018 00:00,150.845,2
17-01-2018 00:00,163.853,2
18-01-2018 00:00,147.433,2
19-01-2018 00:00,137.272,2
20-01-2018 00:00,124.504,2
21-01-2018 00:00,113.567,2
22-01-2018 00:00,107.825,2
23-01-2018 00:00,103.603,2
24-01-2018 00:00,136.815,2
25-01-2018 00:00,159.2,2
26-01-2018 00:00,139.119,2
27-01-2018 00:00,121.329,2
28-01-2018 00:00,140.714,2
29-01-2018 00:00,159.368,2
30-01-2018 00:00,156.294,2
31-01-2018 00:00,145.044,2
01-02-2018 00:00,152.19,2
02-02-2018 00:00,142.313,2
03-02-2018 00:00,142.913,2
04-02-2018 00:00,122.332,2
05-02-2018 00:00,112.093,2
06-02-2018 00:00,101.494,2
07-02-2018 00:00,96.716,2
08-02-2018 00:00,91.972,2
09-02-2018 00:00,87.573,2
10-02-2018 00:00,82.841,2
11-02-2018 00:00,83.363,2
12-02-2018 00:00,92.259,2
13-02-2018 00:00,85.421,2
14-02-2018 00:00,78.999,2
15-02-2018 00:00,76.659,2
16-02-2018 00:00,83.04,2
17-02-2018 00:00,102.041,2
18-02-2018 00:00,90.95,2
19-02-2018 00:00,82.191,2
20-02-2018 00:00,78.56,2
21-02-2018 00:00,76.877,2
22-02-2018 00:00,77.642,2
23-02-2018 00:00,75.342,2
24-02-2018 00:00,70.587,2
25-02-2018 00:00,64.025,2
26-02-2018 00:00,59.369,2
27-02-2018 00:00,54.954,2
28-02-2018 00:00,48.583,2
01-03-2018 00:00,48.533,2
02-03-2018 00:00,50.915,2
03-03-2018 00:00,53.337,2
04-03-2018 00:00,52.167,2
05-03-2018 00:00,47.798,2
06-03-2018 00:00,53.131,2
07-03-2018 00:00,59.93,2
08-03-2018 00:00,69.972,2
09-03-2018 00:00,96.405,2
10-03-2018 00:00,97.332,2
11-03-2018 00:00,106.925,2
12-03-2018 00:00,184.863,2
13-03-2018 00:00,343.117,2
14-03-2018 00:00,267.778,2
15-03-2018 00:00,213.566,2
16-03-2018 00:00,163.758,2
17-03-2018 00:00,138.123,2
18-03-2018 00:00,121.978,2
19-03-2018 00:00,108.495,2
20-03-2018 00:00,101.8,2
21-03-2018 00:00,97.546,2
22-03-2018 00:00,119.46,2
23-03-2018 00:00,142.038,2
24-03-2018 00:00,116.381,2
25-03-2018 00:00,104.161,2
26-03-2018 00:00,100.356,2
27-03-2018 00:00,91.965,2
28-03-2018 00:00,83.341,2
29-03-2018 00:00,76.506,2
30-03-2018 00:00,71.674,2
31-03-2018 00:00,69.52,2
01-04-2018 00:00,67.194,2
02-04-2018 00:00,65.417,2
03-04-2018 00:00,74.16,2
04-04-2018 00:00,91.11,2
05-04-2018 00:00,98.879,2
06-04-2018 00:00,89.755,2
07-04-2018 00:00,81.174,2
08-04-2018 00:00,72.381,2
09-04-2018 00:00,65.695,2
10-04-2018 00:00,63.542,2
11-04-2018 00:00,60.658,2
12-04-2018 00:00,60.653,2
13-04-2018 00:00,61.829,2
14-04-2018 00:00,57.773,2
15-04-2018 00:00,57.524,2
16-04-2018 00:00,62.567,2
17-04-2018 00:00,62.613,2
18-04-2018 00:00,59.986,2
19-04-2018 00:00,57.897,2
20-04-2018 00:00,55.123,2
21-04-2018 00:00,52.313,2
22-04-2018 00:00,48.548,2
23-04-2018 00:00,52.898,2
24-04-2018 00:00,51.516,2
25-04-2018 00:00,55.091,2
26-04-2018 00:00,58.007,2
27-04-2018 00:00,47.612,2
28-04-2018 00:00,47.048,2
29-04-2018 00:00,43.49,2
30-04-2018 00:00,41.481,2
01-05-2018 00:00,51.341,2
02-05-2018 00:00,57.743,2
03-05-2018 00:00,50.099,2
04-05-2018 00:00,44.208,2
05-05-2018 00:00,39.388,2
06-05-2018 00:00,35.918,2
07-05-2018 00:00,35.041,2
08-05-2018 00:00,35.004,2
09-05-2018 00:00,34.137,2
10-05-2018 00:00,31.7,2
11-05-2018 00:00,31.145,2
12-05-2018 00:00,30.046,2
13-05-2018 00:00,28.452,2
14-05-2018 00:00,26.48,2
15-05-2018 00:00,26.615,2
16-05-2018 00:00,26.421,2
17-05-2018 00:00,25.575,2
18-05-2018 00:00,24.772,2
19-05-2018 00:00,27.345,2
20-05-2018 00:00,49.528,2
21-05-2018 00:00,44.222,2
22-05-2018 00:00,35.922,2
23-05-2018 00:00,31.094,2
24-05-2018 00:00,29.091,2
25-05-2018 00:00,26.018,2
26-05-2018 00:00,27.018,2
27-05-2018 00:00,52.4,2
28-05-2018 00:00,67.297,2
29-05-2018 00:00,56.57,2
30-05-2018 00:00,69.842,2
31-05-2018 00:00,42.06,2
01-06-2018 00:00,29.671,2
02-06-2018 00:00,24.707,2
03-06-2018 00:00,20.18,2
04-06-2018 00:00,17.847,2
05-06-2018 00:00,15.483,2
06-06-2018 00:00,14.18,2
07-06-2018 00:00,14.009,2
08-06-2018 00:00,13.191,2
09-06-2018 00:00,11.884,2
10-06-2018 00:00,10.181,2
11-06-2018 00:00,9.884,2
12-06-2018 00:00,10.403,2
13-06-2018 00:00,11.003,2
14-06-2018 00:00,6.691,2
15-06-2018 00:00,5.22,2
16-06-2018 00:00,7.521,2
17-06-2018 00:00,14.44,2
18-06-2018 00:00,14.96,2
19-06-2018 00:00,12.661,2
20-06-2018 00:00,11.922,2
21-06-2018 00:00,10.157,2
22-06-2018 00:00,22.674,2
23-06-2018 00:00,37.777,2
24-06-2018 00:00,27.743,2
25-06-2018 00:00,18.935,2
26-06-2018 00:00,14.103,2
27-06-2018 00:00,11.039,2
28-06-2018 00:00,10.442,2
29-06-2018 00:00,8.098,2
30-06-2018 00:00,6.721,2
01-07-2018 00:00,5.768,2
02-07-2018 00:00,5.339,2
03-07-2018 00:00,1.319,2
04-07-2018 00:00,1.78,2
05-07-2018 00:00,4.253,2
06-07-2018 00:00,5.797,2
07-07-2018 00:00,3.548,2
08-07-2018 00:00,3.476,2
09-07-2018 00:00,4.544,2
10-07-2018 00:00,4.378,2
11-07-2018 00:00,5.818,2
12-07-2018 00:00,11.521,2
13-07-2018 00:00,11.953,2
14-07-2018 00:00,9.51,2
15-07-2018 00:00,7.11,2
16-07-2018 00:00,4.559,2
17-07-2018 00:00,2.951,2
18-07-2018 00:00,5.625,2
19-07-2018 00:00,20.331,2
20-07-2018 00:00,12.37,2
21-07-2018 00:00,5.845,2
22-07-2018 00:00,2.992,2
23-07-2018 00:00,3.382,2
24-07-2018 00:00,3.668,2
25-07-2018 00:00,2.299,2
26-07-2018 00:00,1.159,2
27-07-2018 00:00,1.251,2
28-07-2018 00:00,0.693,2
29-07-2018 00:00,9.974,2
30-07-2018 00:00,10.957,2
31-07-2018 00:00,8.404,2
01-08-2018 00:00,6.514,2
02-08-2018 00:00,8.75,2
03-08-2018 00:00,7.63,2
04-08-2018 00:00,6.816,2
05-08-2018 00:00,10.935,2
06-08-2018 00:00,10.384,2
07-08-2018 00:00,11.078,2
08-08-2018 00:00,7.989,2
09-08-2018 00:00,6.953,2
10-08-2018 00:00,27.082,2
11-08-2018 00:00,32.513,2
12-08-2018 00:00,62.618,2
13-08-2018 00:00,131.154,2
14-08-2018 00:00,131.169,2
15-08-2018 00:00,86.218,2
16-08-2018 00:00,56.517,2
17-08-2018 00:00,36.47,2
18-08-2018 00:00,30.138,2
19-08-2018 00:00,22.842,2
20-08-2018 00:00,21.707,2
21-08-2018 00:00,19.183,2
22-08-2018 00:00,17.378,2
23-08-2018 00:00,13.422,2
24-08-2018 00:00,21.794,2
25-08-2018 00:00,33.367,2
26-08-2018 00:00,56.746,2
27-08-2018 00:00,65.458,2
28-08-2018 00:00,93.339,2
29-08-2018 00:00,80.7,2
30-08-2018 00:00,77.512,2
31-08-2018 00:00,111.405,2
01-09-2018 00:00,90.193,2
02-09-2018 00:00,61.356,2
03-09-2018 00:00,39.401,2
04-09-2018 00:00,29.591,2
05-09-2018 00:00,24.283,2
06-09-2018 00:00,20.56,2
07-09-2018 00:00,18.691,2
08-09-2018 00:00,25.719,2
09-09-2018 00:00,21.566,2
10-09-2018 00:00,16.942,2
11-09-2018 00:00,19.364,2
12-09-2018 00:00,27.133,2
13-09-2018 00:00,23.245,2
14-09-2018 00:00,18.523,2
15-09-2018 00:00,20.365,2
16-09-2018 00:00,20.12,2
17-09-2018 00:00,15.826,2
18-09-2018 00:00,13.025,2
19-09-2018 00:00,12.547,2
20-09-2018 00:00,14.333,2
21-09-2018 00:00,20.106,2
22-09-2018 00:00,29.522,2
23-09-2018 00:00,33.79,2
24-09-2018 00:00,55.577,2
25-09-2018 00:00,80.943,2
26-09-2018 00:00,62.821,2
27-09-2018 00:00,41.567,2
28-09-2018 00:00,29.277,2
29-09-2018 00:00,32.993,2
30-09-2018 00:00,33.671,2
01-10-2018 00:00,25.222,2
02-10-2018 00:00,24.37,2
03-10-2018 00:00,35.739,2
04-10-2018 00:00,35.126,2
05-10-2018 00:00,33.707,2
06-10-2018 00:00,27.133,2
07-10-2018 00:00,38.993,2
08-10-2018 00:00,41.861,2
09-10-2018 00:00,29.125,2
10-10-2018 00:00,23.219,2
11-10-2018 00:00,19.682,2
12-10-2018 00:00,16.685,2
13-10-2018 00:00,14.69,2
14-10-2018 00:00,12.866,2
15-10-2018 00:00,10.576,2
16-10-2018 00:00,10.023,2
17-10-2018 00:00,9.623,2
18-10-2018 00:00,8.058,2
19-10-2018 00:00,9.027,2
20-10-2018 00:00,10.781,2
21-10-2018 00:00,10.982,2
22-10-2018 00:00,12.61,2
23-10-2018 00:00,55.489,2
24-10-2018 00:00,74.893,2
25-10-2018 00:00,76.897,2
26-10-2018 00:00,70.551,2
27-10-2018 00:00,86.528,2
28-10-2018 00:00,71.81,2
29-10-2018 00:00,43.148,2
30-10-2018 00:00,33.413,2
31-10-2018 00:00,33.339,2
01-11-2018 00:00,29.305,2
02-11-2018 00:00,27.529,2
03-11-2018 00:00,25.996,2
04-11-2018 00:00,24.499,2
05-11-2018 00:00,22.192,2
06-11-2018 00:00,20.994,2
07-11-2018 00:00,18.866,2
08-11-2018 00:00,15.908,2
09-11-2018 00:00,13.19,2
10-11-2018 00:00,14.231,2
11-11-2018 00:00,22.072,2
12-11-2018 00:00,33.982,2
13-11-2018 00:00,64.559,2
14-11-2018 00:00,49.58,2
15-11-2018 00:00,35.758,2
16-11-2018 00:00,26.299,2
17-11-2018 00:00,19.046,2
18-11-2018 00:00,15.807,2
19-11-2018 00:00,15.069,2
20-11-2018 00:00,15.712,2
21-11-2018 00:00,14.589,2
22-11-2018 00:00,13.42,2
23-11-2018 00:00,13.495,2
24-11-2018 00:00,13.56,2
25-11-2018 00:00,13.6,2
26-11-2018 00:00,12.696,2
27-11-2018 00:00,12.444,2
28-11-2018 00:00,12.904,2
29-11-2018 00:00,25.627,2
30-11-2018 00:00,57.267,2
01-12-2018 00:00,49.986,2
02-12-2018 00:00,42.108,2
03-12-2018 00:00,59.45,2
04-12-2018 00:00,49.031,2
05-12-2018 00:00,34.331,2
06-12-2018 00:00,30.134,2
07-12-2018 00:00,46.103,2
08-12-2018 00:00,85.559,2
09-12-2018 00:00,102.301,2
10-12-2018 00:00,77.54,2
11-12-2018 00:00,60.557,2
12-12-2018 00:00,51.625,2
13-12-2018 00:00,46.28,2
14-12-2018 00:00,40.443,2
15-12-2018 00:00,33.693,2
16-12-2018 00:00,31.995,2
17-12-2018 00:00,28.007,2
18-12-2018 00:00,26.236,2
19-12-2018 00:00,27.936,2
20-12-2018 00:00,31.499,2
21-12-2018 00:00,42.593,2
22-12-2018 00:00,83.401,2
23-12-2018 00:00,88.466,2
24-12-2018 00:00,76.222,2
25-12-2018 00:00,68.931,2
26-12-2018 00:00,60.75,2
27-12-2018 00:00,47.632,2
28-12-2018 00:00,40.931,2
29-12-2018 00:00,40.978,2
30-12-2018 00:00,62.32,2
31-12-2018 00:00,65.046,2
01-01-2019 00:00,41.425,2
02-01-2019 00:00,28.227,2
03-01-2019 00:00,26.127,2
04-01-2019 00:00,25.425,2
05-01-2019 00:00,24.66,2
06-01-2019 00:00,22.316,2
07-01-2019 00:00,22.842,2
08-01-2019 00:00,42.974,2
09-01-2019 00:00,60.615,2
10-01-2019 00:00,56.788,2
11-01-2019 00:00,50.972,2
12-01-2019 00:00,45.794,2
13-01-2019 00:00,58.513,2
14-01-2019 00:00,65.038,2
15-01-2019 00:00,60.528,2
16-01-2019 00:00,69.804,2
17-01-2019 00:00,84.728,2
18-01-2019 00:00,93.875,2
19-01-2019 00:00,79.263,2
20-01-2019 00:00,68.771,2
21-01-2019 00:00,64.372,2
22-01-2019 00:00,66.611,2
23-01-2019 00:00,62.727,2
24-01-2019 00:00,52.323,2
25-01-2019 00:00,43.369,2
26-01-2019 00:00,38.957,2
27-01-2019 00:00,44.163,2
28-01-2019 00:00,72.2,2
29-01-2019 00:00,82.441,2
30-01-2019 00:00,65.492,2
31-01-2019 00:00,57.836,2
01-02-2019 00:00,58.677,2
02-02-2019 00:00,53.82,2
03-02-2019 00:00,47.48,2
04-02-2019 00:00,43.857,2
05-02-2019 00:00,47.995,2
06-02-2019 00:00,49.655,2
07-02-2019 00:00,63.525,2
08-02-2019 00:00,70.083,2
09-02-2019 00:00,95.021,2
10-02-2019 00:00,101.423,2
11-02-2019 00:00,92.233,2
12-02-2019 00:00,80.396,2
13-02-2019 00:00,74.94,2
14-02-2019 00:00,68.041,2
15-02-2019 00:00,61.548,2
16-02-2019 00:00,56.334,2
17-02-2019 00:00,52.225,2
18-02-2019 00:00,49.677,2
19-02-2019 00:00,48.981,2
20-02-2019 00:00,49.458,2
21-02-2019 00:00,73.546,2
22-02-2019 00:00,80.876,2
23-02-2019 00:00,70.799,2
24-02-2019 00:00,63.074,2
25-02-2019 00:00,59.714,2
26-02-2019 00:00,58.428,2
27-02-2019 00:00,56.31,2
28-02-2019 00:00,49.894,2
01-03-2019 00:00,42.884,2
02-03-2019 00:00,38.964,2
03-03-2019 00:00,40.609,2
04-03-2019 00:00,66.615,2
05-03-2019 00:00,120.574,2
06-03-2019 00:00,140.008,2
07-03-2019 00:00,184.792,2
08-03-2019 00:00,157.523,2
09-03-2019 00:00,133.571,2
10-03-2019 00:00,137.957,2
11-03-2019 00:00,116.888,2
12-03-2019 00:00,104.396,2
13-03-2019 00:00,179.496,2
14-03-2019 00:00,174.033,2
15-03-2019 00:00,190.791,2
16-03-2019 00:00,249.487,2
17-03-2019 00:00,270.868,2
18-03-2019 00:00,227.451,2
19-03-2019 00:00,189.152,2
20-03-2019 00:00,166.653,2
21-03-2019 00:00,151.828,2
22-03-2019 00:00,143.238,2
23-03-2019 00:00,129.41,2
24-03-2019 00:00,118.673,2
25-03-2019 00:00,133.598,2
26-03-2019 00:00,133.83,2
27-03-2019 00:00,114.917,2
28-03-2019 00:00,94.718,2
29-03-2019 00:00,83.625,2
30-03-2019 00:00,78.936,2
31-03-2019 00:00,71.99,2
01-04-2019 00:00,68.453,2
02-04-2019 00:00,66.679,2
03-04-2019 00:00,63.675,2
04-04-2019 00:00,63.513,2
05-04-2019 00:00,58.986,2
06-04-2019 00:00,51.331,2
07-04-2019 00:00,44.835,2
08-04-2019 00:00,42.637,2
09-04-2019 00:00,45.131,2
10-04-2019 00:00,44.761,2
11-04-2019 00:00,42.459,2
12-04-2019 00:00,41.652,2
13-04-2019 00:00,38.307,2
14-04-2019 00:00,34.836,2
15-04-2019 00:00,33.254,2
16-04-2019 00:00,31.834,2
17-04-2019 00:00,31.032,2
18-04-2019 00:00,34.395,2
19-04-2019 00:00,31.714,2
20-04-2019 00:00,31.05,2
21-04-2019 00:00,30.762,2
22-04-2019 00:00,29.488,2
23-04-2019 00:00,29.038,2
24-04-2019 00:00,33.121,2
25-04-2019 00:00,33.33,2
26-04-2019 00:00,31.475,2
27-04-2019 00:00,37.747,2
28-04-2019 00:00,57.434,2
29-04-2019 00:00,55.828,2
30-04-2019 00:00,43.56,2
01-05-2019 00:00,39.894,2
02-05-2019 00:00,29.193,2
03-05-2019 00:00,30.1,2
04-05-2019 00:00,39.087,2
05-05-2019 00:00,42.168,2
06-05-2019 00:00,35.939,2
07-05-2019 00:00,35.079,2
08-05-2019 00:00,36.882,2
09-05-2019 00:00,46.542,2
10-05-2019 00:00,52.33,2
11-05-2019 00:00,58.973,2
12-05-2019 00:00,48.222,2
13-05-2019 00:00,35.081,2
14-05-2019 00:00,29.589,2
15-05-2019 00:00,26.806,2
16-05-2019 00:00,23.618,2
17-05-2019 00:00,23.35,2
18-05-2019 00:00,37.327,2
19-05-2019 00:00,33.061,2
20-05-2019 00:00,26.433,2
21-05-2019 00:00,29.534,2
22-05-2019 00:00,51.4,2
23-05-2019 00:00,53.807,2
24-05-2019 00:00,40.62,2
25-05-2019 00:00,30.907,2
26-05-2019 00:00,26.843,2
27-05-2019 00:00,31.507,2
28-05-2019 00:00,28.148,2
29-05-2019 00:00,21.492,2
30-05-2019 00:00,18.646,2
31-05-2019 00:00,25.219,2
01-06-2019 00:00,33.613,2
02-06-2019 00:00,25.883,2
03-06-2019 00:00,21.594,2
04-06-2019 00:00,21.345,2
05-06-2019 00:00,19.647,2
06-06-2019 00:00,18.247,2
07-06-2019 00:00,31.02,2
08-06-2019 00:00,43.318,2
09-06-2019 00:00,44.047,2
10-06-2019 00:00,34.985,2
11-06-2019 00:00,21.895,2
12-06-2019 00:00,29.274,2
13-06-2019 00:00,60.472,2
14-06-2019 00:00,75.238,2
15-06-2019 00:00,67.803,2
16-06-2019 00:00,63.931,2
17-06-2019 00:00,50.549,2
18-06-2019 00:00,36.68,2
19-06-2019 00:00,31.99,2
20-06-2019 00:00,30.426,2
21-06-2019 00:00,30.342,2
22-06-2019 00:00,27.056,2
23-06-2019 00:00,21.637,2
24-06-2019 00:00,20.472,2
25-06-2019 00:00,25.035,2
26-06-2019 00:00,24.193,2
27-06-2019 00:00,7.457,2
28-06-2019 00:00,10.642,2
29-06-2019 00:00,9.463,2
30-06-2019 00:00,7.101,2
01-07-2019 00:00,4.629,2
02-07-2019 00:00,5.306,2
03-07-2019 00:00,5.691,2
04-07-2019 00:00,7.156,2
05-07-2019 00:00,28.531,2
06-07-2019 00:00,32.83,2
07-07-2019 00:00,31.162,2
08-07-2019 00:00,55.997,2
09-07-2019 00:00,66.625,2
10-07-2019 00:00,47.489,2
11-07-2019 00:00,33.548,2
12-07-2019 00:00,26.385,2
13-07-2019 00:00,21.08,2
14-07-2019 00:00,18.842,2
15-07-2019 00:00,11.864,2
16-07-2019 00:00,6.657,2
17-07-2019 00:00,6.392,2
18-07-2019 00:00,5.627,2
19-07-2019 00:00,4.99,2
20-07-2019 00:00,25.023,2
21-07-2019 00:00,22.924,2
22-07-2019 00:00,17.147,2
23-07-2019 00:00,18.595,2
24-07-2019 00:00,15.088,2
25-07-2019 00:00,9.23,2
26-07-2019 00:00,3.71,2
27-07-2019 00:00,2.257,2
28-07-2019 00:00,0.5,2
29-07-2019 00:00,2.543,2
30-07-2019 00:00,1.594,2
31-07-2019 00:00,10.738,2
01-08-2019 00:00,38.343,2
02-08-2019 00:00,38.588,2
03-08-2019 00:00,31.156,2
04-08-2019 00:00,23.02,2
05-08-2019 00:00,15.84,2
06-08-2019 00:00,16.577,2
07-08-2019 00:00,15.893,2
08-08-2019 00:00,25.408,2
09-08-2019 00:00,89.431,2
10-08-2019 00:00,112.905,2
11-08-2019 00:00,178.008,2
12-08-2019 00:00,114.812,2
13-08-2019 00:00,74.873,2
14-08-2019 00:00,55.512,2
15-08-2019 00:00,43.965,2
16-08-2019 00:00,35.591,2
17-08-2019 00:00,33.969,2
18-08-2019 00:00,40.197,2
19-08-2019 00:00,53.648,2
20-08-2019 00:00,49.419,2
21-08-2019 00:00,56.574,2
22-08-2019 00:00,44.979,2
23-08-2019 00:00,31.252,2
24-08-2019 00:00,24.722,2
25-08-2019 00:00,22.265,2
26-08-2019 00:00,18.496,2
27-08-2019 00:00,15.769,2
28-08-2019 00:00,14.6,2
29-08-2019 00:00,14.106,2
30-08-2019 00:00,12.791,2
31-08-2019 00:00,9.66,2
01-09-2019 00:00,8.286,2
02-09-2019 00:00,13.134,2
03-09-2019 00:00,12.698,2
04-09-2019 00:00,9.581,2
05-09-2019 00:00,14.789,2
06-09-2019 00:00,23.582,2
07-09-2019 00:00,29.854,2
08-09-2019 00:00,27.467,2
09-09-2019 00:00,23.569,2
10-09-2019 00:00,44.947,2
11-09-2019 00:00,87.914,2
12-09-2019 00:00,79.56,2
13-09-2019 00:00,82.66,2
14-09-2019 00:00,83.943,2
15-09-2019 00:00,62.857,2
16-09-2019 00:00,47.489,2
17-09-2019 00:00,40.985,2
18-09-2019 00:00,48.377,2
19-09-2019 00:00,44.985,2
20-09-2019 00:00,40.169,2
21-09-2019 00:00,34.51,2
22-09-2019 00:00,25.278,2
23-09-2019 00:00,20.27,2
24-09-2019 00:00,22.492,2
25-09-2019 00:00,20.821,2
26-09-2019 00:00,18.333,2
27-09-2019 00:00,28.834,2
28-09-2019 00:00,47.723,2
29-09-2019 00:00,55.631,2
30-09-2019 00:00,62.546,2
01-10-2019 00:00,63.872,2
02-10-2019 00:00,57.523,2
03-10-2019 00:00,52.459,2
04-10-2019 00:00,46.854,2
05-10-2019 00:00,39.803,2
06-10-2019 00:00,32.206,2
07-10-2019 00:00,25.872,2
08-10-2019 00:00,34.031,2
09-10-2019 00:00,55.951,2
10-10-2019 00:00,68.168,2
11-10-2019 00:00,95.112,2
12-10-2019 00:00,261.485,2
13-10-2019 00:00,215.218,2
14-10-2019 00:00,207.983,2
15-10-2019 00:00,194.985,2
16-10-2019 00:00,164.84,2
17-10-2019 00:00,146.401,2
18-10-2019 00:00,145.847,2
19-10-2019 00:00,125.283,2
20-10-2019 00:00,126.158,2
21-10-2019 00:00,106.944,2
22-10-2019 00:00,95.262,2
23-10-2019 00:00,85.429,2
24-10-2019 00:00,77.567,2
25-10-2019 00:00,70.917,2
26-10-2019 00:00,66.75,2
27-10-2019 00:00,67.539,2
28-10-2019 00:00,67.338,2
29-10-2019 00:00,66.086,2
30-10-2019 00:00,61.284,2
31-10-2019 00:00,54.391,2
01-11-2019 00:00,51.632,2
02-11-2019 00:00,61.718,2
03-11-2019 00:00,79.53,2
04-11-2019 00:00,75.87,2
05-11-2019 00:00,64.868,2
06-11-2019 00:00,64.132,2
07-11-2019 00:00,66.153,2
08-11-2019 00:00,65.034,2
09-11-2019 00:00,61.991,2
10-11-2019 00:00,57.697,2
11-11-2019 00:00,56.181,2
12-11-2019 00:00,55.674,2
13-11-2019 00:00,54.157,2
14-11-2019 00:00,51.664,2
15-11-2019 00:00,49.772,2
16-11-2019 00:00,67.352,2
17-11-2019 00:00,94.624,2
18-11-2019 00:00,91.728,2
19-11-2019 00:00,84.352,2
20-11-2019 00:00,75.656,2
21-11-2019 00:00,75.36,2
22-11-2019 00:00,82.447,2
23-11-2019 00:00,82.059,2
24-11-2019 00:00,72.292,2
25-11-2019 00:00,65.524,2
26-11-2019 00:00,62.476,2
27-11-2019 00:00,60.948,2
28-11-2019 00:00,71.78,2
29-11-2019 00:00,78.397,2
30-11-2019 00:00,83.313,2
01-12-2019 00:00,74.216,2
02-12-2019 00:00,67.838,2
03-12-2019 00:00,66.855,2
04-12-2019 00:00,71.995,2
05-12-2019 00:00,75.337,2
06-12-2019 00:00,83.771,2
07-12-2019 00:00,91.249,2
08-12-2019 00:00,106.798,2
09-12-2019 00:00,127.051,2
10-12-2019 00:00,112.04,2
11-12-2019 00:00,97.985,2
12-12-2019 00:00,96.115,2
13-12-2019 00:00,94.359,2
14-12-2019 00:00,91.356,2
15-12-2019 00:00,135.809,2
16-12-2019 00:00,140.526,2
17-12-2019 00:00,124.308,2
18-12-2019 00:00,123.666,2
19-12-2019 00:00,108.401,2
20-12-2019 00:00,99.504,2
21-12-2019 00:00,98.697,2
22-12-2019 00:00,97.024,2
23-12-2019 00:00,98.207,2
24-12-2019 00:00,105.783,2
25-12-2019 00:00,99.935,2
26-12-2019 00:00,94.615,2
27-12-2019 00:00,87.029,2
28-12-2019 00:00,81.466,2
29-12-2019 00:00,77.497,2
30-12-2019 00:00,75.67,2
31-12-2019 00:00,73.632,2
01-01-2020 00:00,106.258,2
02-01-2020 00:00,102.104,2
03-01-2020 00:00,101.246,2
04-01-2020 00:00,104.155,2
05-01-2020 00:00,96.818,2
06-01-2020 00:00,94.887,2
07-01-2020 00:00,93.649,2
08-01-2020 00:00,99.159,2
09-01-2020 00:00,117.994,2
10-01-2020 00:00,130.464,2
11-01-2020 00:00,122.623,2
12-01-2020 00:00,131.58,2
13-01-2020 00:00,132.117,2
14-01-2020 00:00,144.933,2
15-01-2020 00:00,147.4,2
16-01-2020 00:00,141.436,2
17-01-2020 00:00,132.917,2
18-01-2020 00:00,129.454,2
19-01-2020 00:00,119.728,2
20-01-2020 00:00,113.053,2
21-01-2020 00:00,110.207,2
22-01-2020 00:00,105.145,2
23-01-2020 00:00,100.86,2
24-01-2020 00:00,104.397,2
25-01-2020 00:00,101.574,2
26-01-2020 00:00,97.519,2
27-01-2020 00:00,95.298,2
28-01-2020 00:00,101.619,2
29-01-2020 00:00,102.675,2
30-01-2020 00:00,136.396,2
31-01-2020 00:00,170.337,2
01-02-2020 00:00,158.129,2
02-02-2020 00:00,144.605,2
03-02-2020 00:00,133.255,2
04-02-2020 00:00,132.434,2
05-02-2020 00:00,124.119,2
06-02-2020 00:00,120.221,2
07-02-2020 00:00,113.725,2
08-02-2020 00:00,110.447,2
09-02-2020 00:00,130.194,2
10-02-2020 00:00,179.091,2
11-02-2020 00:00,186.402,2
12-02-2020 00:00,182.852,2
13-02-2020 00:00,163.241,2
14-02-2020 00:00,145.352,2
15-02-2020 00:00,153.249,2
16-02-2020 00:00,175.495,2
17-02-2020 00:00,219.836,2
18-02-2020 00:00,198.584,2
19-02-2020 00:00,226.305,2
20-02-2020 00:00,213.519,2
21-02-2020 00:00,231.317,2
22-02-2020 00:00,244.98,2
23-02-2020 00:00,235.246,2
24-02-2020 00:00,216.768,2
25-02-2020 00:00,256.082,2
26-02-2020 00:00,331.153,2
27-02-2020 00:00,269.672,2
28-02-2020 00:00,238.729,2
29-02-2020 00:00,233.334,2
01-03-2020 00:00,230.092,2
02-03-2020 00:00,208.47,2
03-03-2020 00:00,194.559,2
04-03-2020 00:00,180.777,2
05-03-2020 00:00,167.271,2
06-03-2020 00:00,157.215,2
07-03-2020 00:00,148.823,2
08-03-2020 00:00,142.411,2
09-03-2020 00:00,141.223,2
10-03-2020 00:00,143.73,2
11-03-2020 00:00,147.837,2
12-03-2020 00:00,144.968,2
13-03-2020 00:00,139.46,2
14-03-2020 00:00,127.632,2
15-03-2020 00:00,120.819,2
16-03-2020 00:00,114.64,2
17-03-2020 00:00,111.542,2
18-03-2020 00:00,109.181,2
19-03-2020 00:00,106.17,2
20-03-2020 00:00,102.551,2
21-03-2020 00:00,98.557,2
22-03-2020 00:00,93.721,2
23-03-2020 00:00,87.823,2
24-03-2020 00:00,85.717,2
25-03-2020 00:00,82.776,2
26-03-2020 00:00,79.832,2
27-03-2020 00:00,72.718,2
28-03-2020 00:00,71.878,2
29-03-2020 00:00,72.408,2
30-03-2020 00:00,68.281,2
31-03-2020 00:00,64.046,2
01-04-2020 00:00,66.063,2
02-04-2020 00:00,65.381,2
03-04-2020 00:00,61.582,2
04-04-2020 00:00,57.204,2
05-04-2020 00:00,55.422,2
06-04-2020 00:00,55.139,2
07-04-2020 00:00,53.685,2
08-04-2020 00:00,53.198,2
09-04-2020 00:00,52.322,2
10-04-2020 00:00,49.968,2
11-04-2020 00:00,49.025,2
12-04-2020 00:00,50.666,2
13-04-2020 00:00,49.296,2
14-04-2020 00:00,46.672,2
15-04-2020 00:00,46.104,2
16-04-2020 00:00,45.409,2
17-04-2020 00:00,43.647,2
18-04-2020 00:00,42.251,2
19-04-2020 00:00,41.188,2
20-04-2020 00:00,40.644,2
21-04-2020 00:00,39.587,2
22-04-2020 00:00,39.012,2
23-04-2020 00:00,38.485,2
24-04-2020 00:00,39.458,2
25-04-2020 00:00,40.822,2
26-04-2020 00:00,37.391,2
27-04-2020 00:00,36.571,2
28-04-2020 00:00,37.338,2
29-04-2020 00:00,36.569,2
30-04-2020 00:00,40.951,2
01-05-2020 00:00,42.181,2
02-05-2020 00:00,48.177,2
03-05-2020 00:00,45.148,2
04-05-2020 00:00,41.774,2
05-05-2020 00:00,39.865,2
06-05-2020 00:00,37.478,2
07-05-2020 00:00,35.851,2
08-05-2020 00:00,35.381,2
09-05-2020 00:00,33.049,2
10-05-2020 00:00,31.102,2
11-05-2020 00:00,30.189,2
12-05-2020 00:00,30.403,2
13-05-2020 00:00,28.556,2
14-05-2020 00:00,27.191,2
15-05-2020 00:00,26.94,2
16-05-2020 00:00,28.413,2
17-05-2020 00:00,30.123,2
18-05-2020 00:00,32.761,2
19-05-2020 00:00,35.448,2
20-05-2020 00:00,31.687,2
21-05-2020 00:00,29.073,2
22-05-2020 00:00,27.291,2
23-05-2020 00:00,32.137,2
24-05-2020 00:00,30.302,2
25-05-2020 00:00,30.897,2
26-05-2020 00:00,28.162,2
27-05-2020 00:00,27.226,2
28-05-2020 00:00,25.677,2
29-05-2020 00:00,26.406,2
30-05-2020 00:00,24.65,2
31-05-2020 00:00,22.793,2
01-06-2020 00:00,21.563,2
02-06-2020 00:00,22.572,2
03-06-2020 00:00,22.471,2
04-06-2020 00:00,22.124,2
05-06-2020 00:00,45.038,2
06-06-2020 00:00,51.963,2
07-06-2020 00:00,41.823,2
08-06-2020 00:00,37.869,2
09-06-2020 00:00,34.834,2
10-06-2020 00:00,33.577,2
11-06-2020 00:00,33.892,2
12-06-2020 00:00,43.849,2
13-06-2020 00:00,38.742,2
14-06-2020 00:00,34.591,2
15-06-2020 00:00,32.81,2
16-06-2020 00:00,30.367,2
17-06-2020 00:00,25.977,2
18-06-2020 00:00,22.215,2
19-06-2020 00:00,30.862,2
20-06-2020 00:00,34.029,2
21-06-2020 00:00,20.335,2
22-06-2020 00:00,16.639,2
23-06-2020 00:00,12.711,2
24-06-2020 00:00,10.632,2
25-06-2020 00:00,9.033,2
26-06-2020 00:00,7.871,2
27-06-2020 00:00,7.243,2
28-06-2020 00:00,8.727,2
29-06-2020 00:00,7.732,2
30-06-2020 00:00,9.07,2
01-07-2020 00:00,9.375,2
02-07-2020 00:00,8.293,2
03-07-2020 00:00,7.132,2
04-07-2020 00:00,18.865,2
05-07-2020 00:00,17.957,2
06-07-2020 00:00,13.158,2
07-07-2020 00:00,14.871,2
08-07-2020 00:00,13.5,2
09-07-2020 00:00,10.244,2
10-07-2020 00:00,11.455,2
11-07-2020 00:00,9.726,2
12-07-2020 00:00,8.285,2
13-07-2020 00:00,7.494,2
14-07-2020 00:00,7.211,2
15-07-2020 00:00,9.333,2
16-07-2020 00:00,8.846,2
17-07-2020 00:00,8.149,2
18-07-2020 00:00,7.514,2
19-07-2020 00:00,7.004,2
20-07-2020 00:00,6.838,2
21-07-2020 00:00,7.133,2
22-07-2020 00:00,7.325,2
23-07-2020 00:00,7.31,2
24-07-2020 00:00,10.539,2
25-07-2020 00:00,7.491,2
26-07-2020 00:00,10.426,2
27-07-2020 00:00,7.927,2
28-07-2020 00:00,6.653,2
29-07-2020 00:00,6.035,2
30-07-2020 00:00,6.626,2
31-07-2020 00:00,5.266,2
01-08-2020 00:00,4.666,2
02-08-2020 00:00,4.6,2
03-08-2020 00:00,4.501,2
04-08-2020 00:00,4.511,2
05-08-2020 00:00,4.714,2
06-08-2020 00:00,4.198,2
07-08-2020 00:00,3.889,2
08-08-2020 00:00,3.997,2
09-08-2020 00:00,3.749,2
10-08-2020 00:00,3.722,2
11-08-2020 00:00,3.703,2
12-08-2020 00:00,3.63,2
13-08-2020 00:00,4.017,2
14-08-2020 00:00,4.006,2
15-08-2020 00:00,4.426,2
16-08-2020 00:00,4.537,2
17-08-2020 00:00,4.637,2
18-08-2020 00:00,4.916,2
19-08-2020 00:00,6.34,2
20-08-2020 00:00,9.067,2
21-08-2020 00:00,10.106,2
22-08-2020 00:00,8.858,2
23-08-2020 00:00,9.896,2
24-08-2020 00:00,8.75,2
25-08-2020 00:00,8.106,2
26-08-2020 00:00,9.815,2
27-08-2020 00:00,22.824,2
28-08-2020 00:00,12.673,2
29-08-2020 00:00,12.922,2
30-08-2020 00:00,11.84,2
31-08-2020 00:00,10.227,2
01-09-2020 00:00,9.381,2
02-09-2020 00:00,9.201,2
03-09-2020 00:00,9.594,2
04-09-2020 00:00,9.916,2
05-09-2020 00:00,11.523,2
06-09-2020 00:00,10.425,2
07-09-2020 00:00,9.93,2
08-09-2020 00:00,10.81,2
09-09-2020 00:00,12.123,2
10-09-2020 00:00,11.29,2
11-09-2020 00:00,10.595,2
12-09-2020 00:00,11.805,2
13-09-2020 00:00,10.948,2
14-09-2020 00:00,10.737,2
15-09-2020 00:00,10.881,2
16-09-2020 00:00,11.308,2
17-09-2020 00:00,10.926,2
18-09-2020 00:00,11.132,2
19-09-2020 00:00,11.597,2
20-09-2020 00:00,11.812,2
21-09-2020 00:00,11.051,2
22-09-2020 00:00,9.89,2
23-09-2020 00:00,9.532,2
24-09-2020 00:00,9.964,2
25-09-2020 00:00,63.377,2
26-09-2020 00:00,60.39,2
27-09-2020 00:00,17.968,2
28-09-2020 00:00,14.326,2
29-09-2020 00:00,12.211,2
30-09-2020 00:00,11.152,2
01-10-2020 00:00,11.244,2
02-10-2020 00:00,11.457,2
03-10-2020 00:00,11.498,2
04-10-2020 00:00,20.092,2
05-10-2020 00:00,12.147,2
06-10-2020 00:00,16.316,2
07-10-2020 00:00,19.737,2
08-10-2020 00:00,19.73,2
09-10-2020 00:00,21.64,2
10-10-2020 00:00,17.041,2
11-10-2020 00:00,16.254,2
12-10-2020 00:00,15.49,2
13-10-2020 00:00,14.718,2
14-10-2020 00:00,15.551,2
15-10-2020 00:00,15.991,2
16-10-2020 00:00,15.422,2
17-10-2020 00:00,15.041,2
18-10-2020 00:00,15.307,2
19-10-2020 00:00,15.158,2
20-10-2020 00:00,15.562,2
21-10-2020 00:00,20.801,2
22-10-2020 00:00,23.353,2
23-10-2020 00:00,21.692,2
24-10-2020 00:00,22.924,2
25-10-2020 00:00,26.073,2
26-10-2020 00:00,32.893,2
27-10-2020 00:00,28.317,2
28-10-2020 00:00,26.865,2
29-10-2020 00:00,27.89,2
30-10-2020 00:00,28.524,2
31-10-2020 00:00,29.193,2
01-11-2020 00:00,30.708,2
02-11-2020 00:00,34.835,2
03-11-2020 00:00,34.17,2
04-11-2020 00:00,30.274,2
05-11-2020 00:00,27.637,2
06-11-2020 00:00,26.409,2
07-11-2020 00:00,26.275,2
08-11-2020 00:00,25.292,2
09-11-2020 00:00,24.312,2
10-11-2020 00:00,23.517,2
11-11-2020 00:00,22.948,2
12-11-2020 00:00,22.974,2
13-11-2020 00:00,24.331,2
14-11-2020 00:00,24.601,2
15-11-2020 00:00,24.107,2
16-11-2020 00:00,24.777,2
17-11-2020 00:00,24.008,2
18-11-2020 00:00,24.231,2
19-11-2020 00:00,26.386,2
20-11-2020 00:00,24.589,2
21-11-2020 00:00,25.125,2
22-11-2020 00:00,27.018,2
23-11-2020 00:00,26.269,2
24-11-2020 00:00,27.001,2
25-11-2020 00:00,25.747,2
26-11-2020 00:00,25.353,2
27-11-2020 00:00,24.277,2
28-11-2020 00:00,23.492,2
29-11-2020 00:00,23.197,2
30-11-2020 00:00,22.697,2
01-12-2020 00:00,25.018,2
02-12-2020 00:00,24.166,2
03-12-2020 00:00,24.458,2
04-12-2020 00:00,23.668,2
05-12-2020 00:00,22.663,2
06-12-2020 00:00,21.817,2
07-12-2020 00:00,21.857,2
08-12-2020 00:00,22.736,2
09-12-2020 00:00,23.602,2
10-12-2020 00:00,25.107,2
11-12-2020 00:00,26.279,2
12-12-2020 00:00,25.588,2
13-12-2020 00:00,24.174,2
14-12-2020 00:00,25.379,2
15-12-2020 00:00,34.518,2
16-12-2020 00:00,47.374,2
17-12-2020 00:00,47.957,2
18-12-2020 00:00,52.56,2
19-12-2020 00:00,48.671,2
20-12-2020 00:00,45.146,2
21-12-2020 00:00,43.722,2
22-12-2020 00:00,53.439,2
23-12-2020 00:00,52.868,2
24-12-2020 00:00,51.065,2
25-12-2020 00:00,48.405,2
26-12-2020 00:00,48.157,2
27-12-2020 00:00,56.555,2
28-12-2020 00:00,72.962,2
29-12-2020 00:00,72.605,2
30-12-2020 00:00,73.019,2
31-12-2020 00:00,113.713,2
01-01-2021 00:00,101.574,2
02-01-2021 00:00,91.553,2
03-01-2021 00:00,85.063,2
04-01-2021 00:00,81.135,2
05-01-2021 00:00,78.666,2
06-01-2021 00:00,79.552,2
07-01-2021 00:00,90.971,2
08-01-2021 00:00,90.526,2
09-01-2021 00:00,89.926,2
10-01-2021 00:00,87.733,2
11-01-2021 00:00,106.257,2
12-01-2021 00:00,148.029,2
13-01-2021 00:00,145.168,2
14-01-2021 00:00,142.003,2
15-01-2021 00:00,127.492,2
16-01-2021 00:00,117.065,2
17-01-2021 00:00,108.387,2
18-01-2021 00:00,103.384,2
19-01-2021 00:00,118.688,2
20-01-2021 00:00,199.71,2
21-01-2021 00:00,211.555,2
22-01-2021 00:00,201.603,2
23-01-2021 00:00,180.645,2
24-01-2021 00:00,161.232,2
25-01-2021 00:00,145.952,2
26-01-2021 00:00,136.553,2
27-01-2021 00:00,129.437,2
28-01-2021 00:00,129.379,2
29-01-2021 00:00,114.628,2
30-01-2021 00:00,104.678,2
31-01-2021 00:00,100.768,2
01-02-2021 00:00,94.386,2
02-02-2021 00:00,87.045,2
03-02-2021 00:00,80.545,2
04-02-2021 00:00,74.77,2
05-02-2021 00:00,69.515,2
06-02-2021 00:00,63.428,2
07-02-2021 00:00,57.174,2
08-02-2021 00:00,53.918,2
09-02-2021 00:00,50.47,2
10-02-2021 00:00,50.22,2
11-02-2021 00:00,48.25,2
12-02-2021 00:00,46.32,2
13-02-2021 00:00,44.72,2
14-02-2021 00:00,42.54,2
15-02-2021 00:00,40.77,2
16-02-2021 00:00,41.596,2
17-02-2021 00:00,95.669,2
18-02-2021 00:00,112.635,2
19-02-2021 00:00,134.328,2
20-02-2021 00:00,110.563,2
21-02-2021 00:00,100.616,2
22-02-2021 00:00,91.475,2
23-02-2021 00:00,87.838,2
24-02-2021 00:00,91.498,2
25-02-2021 00:00,94.919,2
26-02-2021 00:00,90.722,2
27-02-2021 00:00,83.678,2
28-02-2021 00:00,80.576,2
01-03-2021 00:00,76.434,2
02-03-2021 00:00,73.588,2
03-03-2021 00:00,74.058,2
04-03-2021 00:00,72.597,2
05-03-2021 00:00,67.307,2
06-03-2021 00:00,63.618,2
07-03-2021 00:00,64.379,2
08-03-2021 00:00,58.121,2
09-03-2021 00:00,55.136,2
10-03-2021 00:00,52.533,2
11-03-2021 00:00,74.763,2
12-03-2021 00:00,87.276,2
13-03-2021 00:00,119.82,2
14-03-2021 00:00,114.962,2
15-03-2021 00:00,112.326,2
16-03-2021 00:00,103.906,2
17-03-2021 00:00,97.435,2
18-03-2021 00:00,92.537,2
19-03-2021 00:00,86.287,2
20-03-2021 00:00,82.87,2
21-03-2021 00:00,81.382,2
22-03-2021 00:00,74.472,2
23-03-2021 00:00,70.318,2
24-03-2021 00:00,69.96,2
25-03-2021 00:00,68.593,2
26-03-2021 00:00,65.203,2
27-03-2021 00:00,65.722,2
28-03-2021 00:00,66.035,2
29-03-2021 00:00,72.047,2
30-03-2021 00:00,67.966,2
31-03-2021 00:00,62.194,2
01-04-2021 00:00,59.196,2
02-04-2021 00:00,56.242,2
03-04-2021 00:00,53.034,2
04-04-2021 00:00,51.474,2
05-04-2021 00:00,60.632,2
06-04-2021 00:00,55.861,2
07-04-2021 00:00,51.487,2
08-04-2021 00:00,49.058,2
09-04-2021 00:00,52.696,2
10-04-2021 00:00,50.033,2
11-04-2021 00:00,55.275,2
12-04-2021 00:00,56.354,2
13-04-2021 00:00,51.767,2
14-04-2021 00:00,48,2
15-04-2021 00:00,43.561,2
16-04-2021 00:00,42.123,2
17-04-2021 00:00,41.738,2
18-04-2021 00:00,40.809,2
19-04-2021 00:00,40.018,2
20-04-2021 00:00,40.297,2
21-04-2021 00:00,41.073,2
22-04-2021 00:00,39.558,2
23-04-2021 00:00,38.314,2
24-04-2021 00:00,37.259,2
25-04-2021 00:00,35.99,2
26-04-2021 00:00,36.512,2
27-04-2021 00:00,34.789,2
28-04-2021 00:00,34.145,2
29-04-2021 00:00,34.324,2
30-04-2021 00:00,34.221,2
01-05-2021 00:00,33.358,2
02-05-2021 00:00,32.963,2
03-05-2021 00:00,36.221,2
04-05-2021 00:00,40.227,2
05-05-2021 00:00,52.025,2
06-05-2021 00:00,50.602,2
07-05-2021 00:00,48.216,2
08-05-2021 00:00,42.562,2
09-05-2021 00:00,44.472,2
10-05-2021 00:00,40.944,2
11-05-2021 00:00,57.255,2
12-05-2021 00:00,55.449,2
13-05-2021 00:00,63.116,2
14-05-2021 00:00,62.048,2
15-05-2021 00:00,52.463,2
16-05-2021 00:00,47.102,2
17-05-2021 00:00,45.901,2
18-05-2021 00:00,42.038,2
19-05-2021 00:00,38.226,2
20-05-2021 00:00,35.041,2
21-05-2021 00:00,35.674,2
22-05-2021 00:00,35.141,2
23-05-2021 00:00,34.08,2
24-05-2021 00:00,29.997,2
25-05-2021 00:00,40.434,2
26-05-2021 00:00,47.807,2
27-05-2021 00:00,57.847,2
28-05-2021 00:00,55.141,2
29-05-2021 00:00,41.454,2
30-05-2021 00:00,33.439,2
31-05-2021 00:00,29.155,2
01-06-2021 00:00,26.744,2
02-06-2021 00:00,23.945,2
03-06-2021 00:00,21.009,2
04-06-2021 00:00,19.265,2
05-06-2021 00:00,17.892,2
06-06-2021 00:00,16.901,2
07-06-2021 00:00,16.335,2
08-06-2021 00:00,16.108,2
09-06-2021 00:00,14.73,2
10-06-2021 00:00,13.623,2
11-06-2021 00:00,12.996,2
12-06-2021 00:00,12.472,2
13-06-2021 00:00,11.422,2
14-06-2021 00:00,11.705,2
15-06-2021 00:00,11.294,2
16-06-2021 00:00,12.516,2
17-06-2021 00:00,12.497,2
18-06-2021 00:00,11.593,2
19-06-2021 00:00,11.088,2
20-06-2021 00:00,16.803,2
21-06-2021 00:00,16.351,2
22-06-2021 00:00,13.461,2
23-06-2021 00:00,12.627,2
24-06-2021 00:00,12.81,2
25-06-2021 00:00,12.543,2
26-06-2021 00:00,12.046,2
27-06-2021 00:00,12.023,2
28-06-2021 00:00,11.466,2
29-06-2021 00:00,10.819,2
30-06-2021 00:00,29.814,2
01-07-2021 00:00,18.732,2
02-07-2021 00:00,19.235,2
03-07-2021 00:00,26.934,2
04-07-2021 00:00,95.178,2
05-07-2021 00:00,42.656,2
06-07-2021 00:00,31.481,2
07-07-2021 00:00,26.286,2
08-07-2021 00:00,50.229,2
09-07-2021 00:00,21.684,2
10-07-2021 00:00,102.117,2
11-07-2021 00:00,52.591,2
12-07-2021 00:00,30.828,2
13-07-2021 00:00,23.144,2
14-07-2021 00:00,18.831,2
15-07-2021 00:00,15.752,2
16-07-2021 00:00,13.466,2
17-07-2021 00:00,12.071,2
18-07-2021 00:00,11.17,2
19-07-2021 00:00,10.121,2
20-07-2021 00:00,9.45,2
21-07-2021 00:00,8.689,2
22-07-2021 00:00,8.278,2
23-07-2021 00:00,7.591,2
24-07-2021 00:00,6.889,2
25-07-2021 00:00,6.003,2
26-07-2021 00:00,5.451,2
27-07-2021 00:00,16.517,2
28-07-2021 00:00,10.352,2
29-07-2021 00:00,10.587,2
30-07-2021 00:00,19.852,2
31-07-2021 00:00,12.28,2
01-08-2021 00:00,11.787,2
02-08-2021 00:00,8.489,2
03-08-2021 00:00,7.714,2
04-08-2021 00:00,6.449,2
05-08-2021 00:00,5.778,2
06-08-2021 00:00,5.342,2
07-08-2021 00:00,98.843,2
08-08-2021 00:00,133.896,2
09-08-2021 00:00,75.502,2
10-08-2021 00:00,71.549,2
11-08-2021 00:00,55.306,2
12-08-2021 00:00,39.726,2
13-08-2021 00:00,32.105,2
14-08-2021 00:00,26.154,2
15-08-2021 00:00,23.166,2
16-08-2021 00:00,39.41,2
17-08-2021 00:00,111.659,2
18-08-2021 00:00,144.52,2
19-08-2021 00:00,99.13,2
20-08-2021 00:00,70.672,2
21-08-2021 00:00,53.676,2
22-08-2021 00:00,43.648,2
23-08-2021 00:00,36.457,2
24-08-2021 00:00,32.128,2
25-08-2021 00:00,30.478,2
26-08-2021 00:00,33.449,2
27-08-2021 00:00,36.629,2
28-08-2021 00:00,38.716,2
29-08-2021 00:00,36.763,2
30-08-2021 00:00,31.926,2
31-08-2021 00:00,27.018,2
01-09-2021 00:00,23.765,2
02-09-2021 00:00,22.068,2
03-09-2021 00:00,21.631,2
04-09-2021 00:00,19.836,2
05-09-2021 00:00,17.893,2
06-09-2021 00:00,17.16,2
07-09-2021 00:00,17.034,2
08-09-2021 00:00,16.214,2
09-09-2021 00:00,15.116,2
10-09-2021 00:00,15.093,2
11-09-2021 00:00,21.428,2
12-09-2021 00:00,23.017,2
13-09-2021 00:00,18.958,2
14-09-2021 00:00,17.366,2
15-09-2021 00:00,20.349,2
16-09-2021 00:00,31.549,2
17-09-2021 00:00,25.006,2
18-09-2021 00:00,21.958,2
19-09-2021 00:00,18.91,2
20-09-2021 00:00,17.174,2
21-09-2021 00:00,17.668,2
22-09-2021 00:00,19.208,2
23-09-2021 00:00,22.282,2
24-09-2021 00:00,20.738,2
25-09-2021 00:00,19.371,2
26-09-2021 00:00,18.252,2
27-09-2021 00:00,18.595,2
28-09-2021 00:00,40.921,2
29-09-2021 00:00,44.305,2
30-09-2021 00:00,73.622,2
01-10-2021 00:00,35.7,2
02-10-2021 00:00,27.442,2
03-10-2021 00:00,28.519,2
04-10-2021 00:00,27.055,2
05-10-2021 00:00,33.649,2
06-10-2021 00:00,42.158,2
07-10-2021 00:00,35.135,2
08-10-2021 00:00,32.993,2
09-10-2021 00:00,32.826,2
10-10-2021 00:00,32.736,2
11-10-2021 00:00,33.148,2
12-10-2021 00:00,31.477,2
13-10-2021 00:00,29.765,2
14-10-2021 00:00,31.925,2
15-10-2021 00:00,36.076,2
16-10-2021 00:00,33.3,2
17-10-2021 00:00,31.575,2
18-10-2021 00:00,30.608,2
19-10-2021 00:00,34.308,2
20-10-2021 00:00,64.89,2
21-10-2021 00:00,122.568,2
22-10-2021 00:00,132.49,2
23-10-2021 00:00,107.043,2
24-10-2021 00:00,89.074,2
25-10-2021 00:00,78.846,2
26-10-2021 00:00,74.219,2
27-10-2021 00:00,73.25,2
28-10-2021 00:00,68.007,2
29-10-2021 00:00,65.784,2
30-10-2021 00:00,61.696,2
31-10-2021 00:00,60.284,2
01-11-2021 00:00,68.603,2
02-11-2021 00:00,66.202,2
03-11-2021 00:00,63.401,2
04-11-2021 00:00,61.402,2
05-11-2021 00:00,59.56,2
06-11-2021 00:00,61.192,2
07-11-2021 00:00,85.864,2
08-11-2021 00:00,78.409,2
09-11-2021 00:00,74.031,2
10-11-2021 00:00,70.788,2
11-11-2021 00:00,66.626,2
12-11-2021 00:00,62.447,2
13-11-2021 00:00,59.308,2
14-11-2021 00:00,55.558,2
15-11-2021 00:00,53.086,2
16-11-2021 00:00,51.712,2
17-11-2021 00:00,53.882,2
18-11-2021 00:00,55.612,2
19-11-2021 00:00,56.497,2
20-11-2021 00:00,53.971,2
21-11-2021 00:00,52.559,2
22-11-2021 00:00,47.643,2
23-11-2021 00:00,46.59,2
24-11-2021 00:00,45.9,2
25-11-2021 00:00,53.525,2
26-11-2021 00:00,55.979,2
27-11-2021 00:00,62.296,2
28-11-2021 00:00,63.157,2
29-11-2021 00:00,68.072,2
30-11-2021 00:00,76.366,2
01-12-2021 00:00,113.645,2
02-12-2021 00:00,163.248,2
03-12-2021 00:00,142.408,2
04-12-2021 00:00,181.354,2
05-12-2021 00:00,148.287,2
06-12-2021 00:00,125.776,2
07-12-2021 00:00,113.132,2
08-12-2021 00:00,107.387,2
09-12-2021 00:00,105.316,2
10-12-2021 00:00,102.678,2
11-12-2021 00:00,99.331,2
12-12-2021 00:00,103.489,2
13-12-2021 00:00,118.226,2
14-12-2021 00:00,148.924,2
15-12-2021 00:00,137.392,2
16-12-2021 00:00,123.033,2
17-12-2021 00:00,115.023,2
18-12-2021 00:00,112.26,2
19-12-2021 00:00,109.25,2
20-12-2021 00:00,101.234,2
21-12-2021 00:00,92.84,2
22-12-2021 00:00,92.405,2
23-12-2021 00:00,97.745,2
24-12-2021 00:00,95.809,2
25-12-2021 00:00,83.418,2
26-12-2021 00:00,75.377,2
27-12-2021 00:00,71.834,2
28-12-2021 00:00,73.762,2
29-12-2021 00:00,78.231,2
30-12-2021 00:00,85.572,2
31-12-2021 00:00,151.313,2