﻿Stedtype;StedID;Stedtekst;GeoZone;x-koordinat;y-koordinat;Kommune;Region;Medie;Vandområde;Dato;Måling nr;Undersøgelsestype;Teknisk anvisning;Dataejer;Link;Målested navn;Målested GeoZone;Målested, x-koordinat;Målested, y-koordinat;Feltmåling nr;Startdato;Dybde;Parameter;Resultat-attribut;Resultat;Enhed;Kvalitetsmærke
Station;49000061;ÆBELHOLT Å, SØSTERBRO MØLLE;32;699103;6204768;Hillerød;Region Hovedstaden;Vandløb;Poel Å;25-01-1989;1;Feltmålinger, Vandløb;Ja;Miljøstyrelsen;https://vanda.miljoeportal.dk/link/1362a53e-5d8b-4f9d-89af-45dd8810e7b3;FRB1324;32;699103;6204768;1;25-01-1989 09:10:00 +01:00;;Temperatur; =;5,4;grader C;3
Station;49000061;ÆBELHOLT Å, SØSTERBRO MØLLE;32;699103;6204768;Hillerød;Region Hovedstaden;Vandløb;Poel Å;08-03-1989;1;Feltmålinger, Vandløb;Ja;Miljøstyrelsen;https://vanda.miljoeportal.dk/link/0b2baf44-be94-47c5-8183-b743cb8509e3;FRB1324;32;699103;6204768;1;08-03-1989 09:00:00 +01:00;;Oxygen indhold; =;10,9;mg/l;3
Station;49000061;ÆBELHOLT Å, SØSTERBRO MØLLE;32;699103;6204768;Hillerød;Region Hovedstaden;Vandløb;Poel Å;29-03-1989;1;Feltmålinger, Vandløb;Ja;Miljøstyrelsen;https://vanda.miljoeportal.dk/link/f6072f50-5158-49c3-8481-c8355b753f52;FRB1324;32;699103;6204768;1;29-03-1989 09:00:00 +02:00;;Oxygen indhold; =;11,2;mg/l;3
Station;49000061;ÆBELHOLT Å, SØSTERBRO MØLLE;32;699103;6204768;Hillerød;Region Hovedstaden;Vandløb;Poel Å;29-03-1989;1;Feltmålinger, Vandløb;Ja;Miljøstyrelsen;https://vanda.miljoeportal.dk/link/f6072f50-5158-49c3-8481-c8355b753f52;FRB1324;32;699103;6204768;1;29-03-1989 09:00:00 +02:00;;Temperatur; =;5,9;grader C;3
Station;49000061;ÆBELHOLT Å, SØSTERBRO MØLLE;32;699103;6204768;Hillerød;Region Hovedstaden;Vandløb;Poel Å;05-04-1989;1;Feltmålinger, Vandløb;Ja;Miljøstyrelsen;https://vanda.miljoeportal.dk/link/d6f3e76b-9c42-4606-97c8-53ca25ac3945;FRB1324;32;699103;6204768;1;05-04-1989 09:05:00 +02:00;;Oxygen indhold; =;13,3;mg/l;3
Station;49000061;ÆBELHOLT Å, SØSTERBRO MØLLE;32;699103;6204768;Hillerød;Region Hovedstaden;Vandløb;Poel Å;26-04-1989;1;Feltmålinger, Vandløb;Ja;Miljøstyrelsen;https://vanda.miljoeportal.dk/link/c188e6bb-4ba7-4b65-8e28-0d73f77ac0c4;FRB1324;32;699103;6204768;1;26-04-1989 08:55:00 +02:00;;Temperatur; =;8,1;grader C;3
Station;49000061;ÆBELHOLT Å, SØSTERBRO MØLLE;32;699103;6204768;Hillerød;Region Hovedstaden;Vandløb;Poel Å;17-05-1989;1;Feltmålinger, Vandløb;Ja;Miljøstyrelsen;https://vanda.miljoeportal.dk/link/8f829432-a087-4d39-9587-90cc6884df75;FRB1324;32;699103;6204768;1;17-05-1989 09:20:00 +02:00;;Temperatur; =;11,3;grader C;3
Station;49000061;ÆBELHOLT Å, SØSTERBRO MØLLE;32;699103;6204768;Hillerød;Region Hovedstaden;Vandløb;Poel Å;24-05-1989;1;Feltmålinger, Vandløb;Ja;Miljøstyrelsen;https://vanda.miljoeportal.dk/link/17be575b-2978-4b51-8475-1d32bca79d2b;FRB1324;32;699103;6204768;1;24-05-1989 09:15:00 +02:00;;Oxygen indhold; =;15,4;mg/l;3
Station;49000061;ÆBELHOLT Å, SØSTERBRO MØLLE;32;699103;6204768;Hillerød;Region Hovedstaden;Vandløb;Poel Å;12-07-1989;1;Feltmålinger, Vandløb;Ja;Miljøstyrelsen;https://vanda.miljoeportal.dk/link/6ac56ebe-75eb-4188-9331-7cb3ca0f7dab;FRB1324;32;699103;6204768;1;12-07-1989 08:45:00 +02:00;;Temperatur; =;14,4;grader C;3
Station;49000061;ÆBELHOLT Å, SØSTERBRO MØLLE;32;699103;6204768;Hillerød;Region Hovedstaden;Vandløb;Poel Å;19-12-1989;1;Feltmålinger, Vandløb;Ja;Miljøstyrelsen;https://vanda.miljoeportal.dk/link/95ada02e-a8cf-486a-95b7-eddae5565cf4;FRB1324;32;699103;6204768;1;19-12-1989 09:20:00 +01:00;;Oxygen indhold; =;10,1;mg/l;3
Station;49000061;ÆBELHOLT Å, SØSTERBRO MØLLE;32;699103;6204768;Hillerød;Region Hovedstaden;Vandløb;Poel Å;07-03-1990;1;Feltmålinger, Vandløb;Ja;Miljøstyrelsen;https://vanda.miljoeportal.dk/link/d72250b2-8cff-46d7-a41a-85b1a713039f;FRB1324;32;699103;6204768;1;07-03-1990 09:25:00 +01:00;;Temperatur; =;4,1;grader C;3
Station;49000061;ÆBELHOLT Å, SØSTERBRO MØLLE;32;699103;6204768;Hillerød;Region Hovedstaden;Vandløb;Poel Å;27-06-1990;1;Feltmålinger, Vandløb;Ja;Miljøstyrelsen;https://vanda.miljoeportal.dk/link/f4024dbe-0e14-4eb9-b9ae-c701ce8a9e95;FRB1324;32;699103;6204768;1;27-06-1990 09:00:00 +02:00;;Oxygen indhold; =;8,4;mg/l;3
Station;49000061;ÆBELHOLT Å, SØSTERBRO MØLLE;32;699103;6204768;Hillerød;Region Hovedstaden;Vandløb;Poel Å;11-07-1990;1;Feltmålinger, Vandløb;Ja;Miljøstyrelsen;https://vanda.miljoeportal.dk/link/20a3036b-d9b1-4dc8-84df-24b01bb26dcd;FRB1324;32;699103;6204768;1;11-07-1990 09:15:00 +02:00;;Temperatur; =;11,3;grader C;3
Station;49000061;ÆBELHOLT Å, SØSTERBRO MØLLE;32;699103;6204768;Hillerød;Region Hovedstaden;Vandløb;Poel Å;25-07-1990;1;Feltmålinger, Vandløb;Ja;Miljøstyrelsen;https://vanda.miljoeportal.dk/link/cce8eefd-7b40-4942-8c3c-5c0fba1c8bf2;FRB1324;32;699103;6204768;1;25-07-1990 09:15:00 +02:00;;Temperatur; =;12,2;grader C;3
Station;49000061;ÆBELHOLT Å, SØSTERBRO MØLLE;32;699103;6204768;Hillerød;Region Hovedstaden;Vandløb;Poel Å;05-09-1990;1;Feltmålinger, Vandløb;Ja;Miljøstyrelsen;https://vanda.miljoeportal.dk/link/6eeded2f-4ea9-4bb6-a988-efef948b68dd;FRB1324;32;699103;6204768;1;05-09-1990 08:45:00 +02:00;;Oxygen indhold; =;6,5;mg/l;3
Station;49000061;ÆBELHOLT Å, SØSTERBRO MØLLE;32;699103;6204768;Hillerød;Region Hovedstaden;Vandløb;Poel Å;17-10-1990;1;Feltmålinger, Vandløb;Ja;Miljøstyrelsen;https://vanda.miljoeportal.dk/link/cab52be4-e284-4bc7-bd23-5efad006439a;FRB1324;32;699103;6204768;1;17-10-1990 09:00:00 +01:00;;Oxygen indhold; =;8,4;mg/l;3
Station;49000061;ÆBELHOLT Å, SØSTERBRO MØLLE;32;699103;6204768;Hillerød;Region Hovedstaden;Vandløb;Poel Å;31-10-1990;1;Feltmålinger, Vandløb;Ja;Miljøstyrelsen;https://vanda.miljoeportal.dk/link/1160dbc3-4d65-4dec-9067-f7fa6e6aaabd;FRB1324;32;699103;6204768;1;31-10-1990 08:50:00 +01:00;;Oxygen indhold; =;8,7;mg/l;3
Station;49000061;ÆBELHOLT Å, SØSTERBRO MØLLE;32;699103;6204768;Hillerød;Region Hovedstaden;Vandløb;Poel Å;14-11-1990;1;Feltmålinger, Vandløb;Ja;Miljøstyrelsen;https://vanda.miljoeportal.dk/link/3660cbba-cb20-461d-8bb3-503cc1e57db6;FRB1324;32;699103;6204768;1;14-11-1990 08:50:00 +01:00;;Temperatur; =;8,1;grader C;3
Station;49000061;ÆBELHOLT Å, SØSTERBRO MØLLE;32;699103;6204768;Hillerød;Region Hovedstaden;Vandløb;Poel Å;12-12-1990;1;Feltmålinger, Vandløb;Ja;Miljøstyrelsen;https://vanda.miljoeportal.dk/link/84e8dacc-5ffa-4f5e-9099-45e8347d2ef4;FRB1324;32;699103;6204768;1;12-12-1990 08:45:00 +01:00;;Oxygen indhold; =;8,7;mg/l;3
Station;49000061;ÆBELHOLT Å, SØSTERBRO MØLLE;32;699103;6204768;Hillerød;Region Hovedstaden;Vandløb;Poel Å;09-01-1991;1;Feltmålinger, Vandløb;Ja;Miljøstyrelsen;https://vanda.miljoeportal.dk/link/6d4424b3-47bf-4ed5-80b0-cbad596be362;FRB1324;32;699103;6204768;1;09-01-1991 08:45:00 +01:00;;Temperatur; =;4,5;grader C;3
Station;49000061;ÆBELHOLT Å, SØSTERBRO MØLLE;32;699103;6204768;Hillerød;Region Hovedstaden;Vandløb;Poel Å;15-05-1991;1;Feltmålinger, Vandløb;Ja;Miljøstyrelsen;https://vanda.miljoeportal.dk/link/d136decd-f1d2-439f-877d-63ecca98605f;FRB1324;32;699103;6204768;1;15-05-1991 09:20:00 +02:00;;Oxygen indhold; =;10,7;mg/l;3
Station;49000061;ÆBELHOLT Å, SØSTERBRO MØLLE;32;699103;6204768;Hillerød;Region Hovedstaden;Vandløb;Poel Å;07-08-1991;1;Feltmålinger, Vandløb;Ja;Miljøstyrelsen;https://vanda.miljoeportal.dk/link/47ced76a-136e-47bc-a329-10f4f1f01c11;FRB1324;32;699103;6204768;1;07-08-1991 09:09:00 +02:00;;Temperatur; =;13,8;grader C;3
Station;49000061;ÆBELHOLT Å, SØSTERBRO MØLLE;32;699103;6204768;Hillerød;Region Hovedstaden;Vandløb;Poel Å;21-08-1991;1;Feltmålinger, Vandløb;Ja;Miljøstyrelsen;https://vanda.miljoeportal.dk/link/5826ac6e-3b7b-4787-ad76-861fe5aa67a2;FRB1324;32;699103;6204768;1;21-08-1991 09:01:00 +02:00;;Temperatur; =;12,6;grader C;3
Station;49000061;ÆBELHOLT Å, SØSTERBRO MØLLE;32;699103;6204768;Hillerød;Region Hovedstaden;Vandløb;Poel Å;13-11-1991;1;Feltmålinger, Vandløb;Ja;Miljøstyrelsen;https://vanda.miljoeportal.dk/link/9584c57f-ce28-45bf-b8a0-86485a162949;FRB1324;32;699103;6204768;1;13-11-1991 09:50:00 +01:00;;Temperatur; =;4,7;grader C;3
Station;49000061;ÆBELHOLT Å, SØSTERBRO MØLLE;32;699103;6204768;Hillerød;Region Hovedstaden;Vandløb;Poel Å;19-02-1992;1;Feltmålinger, Vandløb;Ja;Miljøstyrelsen;https://vanda.miljoeportal.dk/link/1ba8201c-e044-4ebc-99d6-764c248498be;FRB1324;32;699103;6204768;1;19-02-1992 08:31:00 +01:00;;Oxygen indhold; =;10,3;mg/l;3
Station;49000061;ÆBELHOLT Å, SØSTERBRO MØLLE;32;699103;6204768;Hillerød;Region Hovedstaden;Vandløb;Poel Å;04-03-1992;1;Feltmålinger, Vandløb;Ja;Miljøstyrelsen;https://vanda.miljoeportal.dk/link/8ce8a43b-31e3-495d-b100-fab9f6774bdc;FRB1324;32;699103;6204768;1;04-03-1992 08:28:00 +01:00;;Oxygen indhold; =;10,7;mg/l;3
Station;49000061;ÆBELHOLT Å, SØSTERBRO MØLLE;32;699103;6204768;Hillerød;Region Hovedstaden;Vandløb;Poel Å;22-07-1992;1;Feltmålinger, Vandløb;Ja;Miljøstyrelsen;https://vanda.miljoeportal.dk/link/4634943a-2c52-4e34-bd1e-28b2a1511286;FRB1324;32;699103;6204768;1;22-07-1992 09:00:00 +02:00;;Temperatur; =;16,6;grader C;3
Station;49000061;ÆBELHOLT Å, SØSTERBRO MØLLE;32;699103;6204768;Hillerød;Region Hovedstaden;Vandløb;Poel Å;19-08-1992;1;Feltmålinger, Vandløb;Ja;Miljøstyrelsen;https://vanda.miljoeportal.dk/link/48dbece5-c2ed-41b7-b979-5c4212b7e2c1;FRB1324;32;699103;6204768;1;19-08-1992 13:25:00 +02:00;;Temperatur; =;16,6;grader C;3
Station;49000061;ÆBELHOLT Å, SØSTERBRO MØLLE;32;699103;6204768;Hillerød;Region Hovedstaden;Vandløb;Poel Å;02-09-1992;1;Feltmålinger, Vandløb;Ja;Miljøstyrelsen;https://vanda.miljoeportal.dk/link/86d12a51-9f27-404e-bb82-af28bef7f98e;FRB1324;32;699103;6204768;1;02-09-1992 07:49:00 +02:00;;Temperatur; =;12,1;grader C;3
Station;49000061;ÆBELHOLT Å, SØSTERBRO MØLLE;32;699103;6204768;Hillerød;Region Hovedstaden;Vandløb;Poel Å;14-09-1992;1;Feltmålinger, Vandløb;Ja;Miljøstyrelsen;https://vanda.miljoeportal.dk/link/5fa70186-17fc-4b1b-8229-78e823774158;FRB1324;32;699103;6204768;1;14-09-1992 07:41:00 +02:00;;Oxygen indhold; =;7,6;mg/l;3
Station;49000061;ÆBELHOLT Å, SØSTERBRO MØLLE;32;699103;6204768;Hillerød;Region Hovedstaden;Vandløb;Poel Å;30-09-1992;1;Feltmålinger, Vandløb;Ja;Miljøstyrelsen;https://vanda.miljoeportal.dk/link/807522c9-b4b4-45aa-b8bf-787362d70024;FRB1324;32;699103;6204768;1;30-09-1992 08:34:00 +01:00;;Oxygen indhold; =;9,5;mg/l;3
Station;49000061;ÆBELHOLT Å, SØSTERBRO MØLLE;32;699103;6204768;Hillerød;Region Hovedstaden;Vandløb;Poel Å;30-09-1992;1;Feltmålinger, Vandløb;Ja;Miljøstyrelsen;https://vanda.miljoeportal.dk/link/807522c9-b4b4-45aa-b8bf-787362d70024;FRB1324;32;699103;6204768;1;30-09-1992 08:34:00 +01:00;;Temperatur; =;9,9;grader C;3
Station;49000061;ÆBELHOLT Å, SØSTERBRO MØLLE;32;699103;6204768;Hillerød;Region Hovedstaden;Vandløb;Poel Å;29-10-1992;1;Feltmålinger, Vandløb;Ja;Miljøstyrelsen;https://vanda.miljoeportal.dk/link/e71779a4-9d79-4d4a-8200-e6c648da0dbf;FRB1324;32;699103;6204768;1;29-10-1992 08:25:00 +01:00;;Temperatur; =;6,6;grader C;3
Station;49000061;ÆBELHOLT Å, SØSTERBRO MØLLE;32;699103;6204768;Hillerød;Region Hovedstaden;Vandløb;Poel Å;25-11-1992;1;Feltmålinger, Vandløb;Ja;Miljøstyrelsen;https://vanda.miljoeportal.dk/link/91ec89f0-2f51-4d36-ba29-6206a78c2fae;FRB1324;32;699103;6204768;1;25-11-1992 08:39:00 +01:00;;Oxygen indhold; =;9,5;mg/l;3
Station;49000061;ÆBELHOLT Å, SØSTERBRO MØLLE;32;699103;6204768;Hillerød;Region Hovedstaden;Vandløb;Poel Å;09-12-1992;1;Feltmålinger, Vandløb;Ja;Miljøstyrelsen;https://vanda.miljoeportal.dk/link/f64151c9-5648-4b3b-953e-6eaea1d8fe55;FRB1324;32;699103;6204768;1;09-12-1992 08:39:00 +01:00;;Temperatur; =;5,8;grader C;3
Station;49000061;ÆBELHOLT Å, SØSTERBRO MØLLE;32;699103;6204768;Hillerød;Region Hovedstaden;Vandløb;Poel Å;09-12-1992;1;Feltmålinger, Vandløb;Ja;Miljøstyrelsen;https://vanda.miljoeportal.dk/link/f64151c9-5648-4b3b-953e-6eaea1d8fe55;FRB1324;32;699103;6204768;1;09-12-1992 08:39:00 +01:00;;Oxygen indhold; =;9,6;mg/l;3
Station;49000061;ÆBELHOLT Å, SØSTERBRO MØLLE;32;699103;6204768;Hillerød;Region Hovedstaden;Vandløb;Poel Å;20-01-1993;1;Feltmålinger, Vandløb;Ja;Miljøstyrelsen;https://vanda.miljoeportal.dk/link/2ecfd7ef-29f6-4238-97ae-3900eeab267a;FRB1324;32;699103;6204768;1;20-01-1993 09:07:00 +01:00;;Oxygen indhold; =;9,5;mg/l;3
Station;49000061;ÆBELHOLT Å, SØSTERBRO MØLLE;32;699103;6204768;Hillerød;Region Hovedstaden;Vandløb;Poel Å;03-02-1993;1;Feltmålinger, Vandløb;Ja;Miljøstyrelsen;https://vanda.miljoeportal.dk/link/d561d051-3ea1-490a-b8f2-7d733f7503b9;FRB1324;32;699103;6204768;1;03-02-1993 08:46:00 +01:00;;Temperatur; =;3,8;grader C;3
Station;49000061;ÆBELHOLT Å, SØSTERBRO MØLLE;32;699103;6204768;Hillerød;Region Hovedstaden;Vandløb;Poel Å;17-02-1993;1;Feltmålinger, Vandløb;Ja;Miljøstyrelsen;https://vanda.miljoeportal.dk/link/8bcf91a0-b140-4586-955d-4db7c485ddf5;FRB1324;32;699103;6204768;1;17-02-1993 08:38:00 +01:00;;Temperatur; =;4;grader C;3
Station;49000061;ÆBELHOLT Å, SØSTERBRO MØLLE;32;699103;6204768;Hillerød;Region Hovedstaden;Vandløb;Poel Å;28-04-1993;1;Feltmålinger, Vandløb;Ja;Miljøstyrelsen;https://vanda.miljoeportal.dk/link/e873aa01-d24d-47aa-b978-c01dbca949ca;FRB1324;32;699103;6204768;1;28-04-1993 07:47:00 +02:00;;Temperatur; =;9,2;grader C;3
Station;49000061;ÆBELHOLT Å, SØSTERBRO MØLLE;32;699103;6204768;Hillerød;Region Hovedstaden;Vandløb;Poel Å;28-04-1993;1;Feltmålinger, Vandløb;Ja;Miljøstyrelsen;https://vanda.miljoeportal.dk/link/e873aa01-d24d-47aa-b978-c01dbca949ca;FRB1324;32;699103;6204768;1;28-04-1993 07:47:00 +02:00;;Oxygen indhold; =;14,2;mg/l;3
Station;49000061;ÆBELHOLT Å, SØSTERBRO MØLLE;32;699103;6204768;Hillerød;Region Hovedstaden;Vandløb;Poel Å;26-05-1993;1;Feltmålinger, Vandløb;Ja;Miljøstyrelsen;https://vanda.miljoeportal.dk/link/8af2a738-f5f9-45e8-aa95-ac58a5276566;FRB1324;32;699103;6204768;1;26-05-1993 08:15:00 +02:00;;Oxygen indhold; =;12,2;mg/l;3
Station;49000061;ÆBELHOLT Å, SØSTERBRO MØLLE;32;699103;6204768;Hillerød;Region Hovedstaden;Vandløb;Poel Å;09-06-1993;1;Feltmålinger, Vandløb;Ja;Miljøstyrelsen;https://vanda.miljoeportal.dk/link/3c0a6066-e3a4-4209-a766-a54ee679dcd0;FRB1324;32;699103;6204768;1;09-06-1993 07:54:00 +02:00;;Temperatur; =;11,9;grader C;3
Station;49000061;ÆBELHOLT Å, SØSTERBRO MØLLE;32;699103;6204768;Hillerød;Region Hovedstaden;Vandløb;Poel Å;07-07-1993;1;Feltmålinger, Vandløb;Ja;Miljøstyrelsen;https://vanda.miljoeportal.dk/link/55d870dd-2361-426a-b1c7-3786ed96554a;FRB1324;32;699103;6204768;1;07-07-1993 07:51:00 +02:00;;Temperatur; =;12,3;grader C;3
Station;49000061;ÆBELHOLT Å, SØSTERBRO MØLLE;32;699103;6204768;Hillerød;Region Hovedstaden;Vandløb;Poel Å;21-07-1993;1;Feltmålinger, Vandløb;Ja;Miljøstyrelsen;https://vanda.miljoeportal.dk/link/6de87f5d-5eb2-4857-9bf6-2f29279ada1e;FRB1324;32;699103;6204768;1;21-07-1993 07:52:00 +02:00;;Oxygen indhold; =;6,8;mg/l;3
Station;49000061;ÆBELHOLT Å, SØSTERBRO MØLLE;32;699103;6204768;Hillerød;Region Hovedstaden;Vandløb;Poel Å;26-08-1998;1;Feltmålinger, Vandløb;Ja;Miljøstyrelsen;https://vanda.miljoeportal.dk/link/0fc6f1ea-32e0-4bc6-9051-69b0fec7948d;FRB1324;32;699103;6204768;1;26-08-1998 07:32:00 +02:00;;Oxygen indhold; =;9;mg/l;3
Station;49000061;ÆBELHOLT Å, SØSTERBRO MØLLE;32;699103;6204768;Hillerød;Region Hovedstaden;Vandløb;Poel Å;04-06-2002;1;Feltmålinger, Vandløb;Ja;Miljøstyrelsen;https://vanda.miljoeportal.dk/link/4ae125b7-871d-410d-87fd-12b38767b0da;FRB1324;32;699103;6204768;1;04-06-2002 08:20:00 +02:00;;Temperatur; =;12,1;grader C;3
Station;49000061;ÆBELHOLT Å, SØSTERBRO MØLLE;32;699103;6204768;Hillerød;Region Hovedstaden;Vandløb;Poel Å;30-03-1999;1;Feltmålinger, Vandløb;Ja;Miljøstyrelsen;https://vanda.miljoeportal.dk/link/464b4454-b7d9-410d-a3e1-7970b2b1dd30;FRB1324;32;699103;6204768;1;30-03-1999 10:30:00 +02:00;;Temperatur; =;5,1;grader C;3
Station;49000061;ÆBELHOLT Å, SØSTERBRO MØLLE;32;699103;6204768;Hillerød;Region Hovedstaden;Vandløb;Poel Å;15-03-2000;1;Feltmålinger, Vandløb;Ja;Miljøstyrelsen;https://vanda.miljoeportal.dk/link/1ff7df91-9f7a-4f4f-9d3a-eb179907e79d;FRB1324;32;699103;6204768;1;15-03-2000 08:45:00 +01:00;;Temperatur; =;3,5;grader C;3
Station;49000061;ÆBELHOLT Å, SØSTERBRO MØLLE;32;699103;6204768;Hillerød;Region Hovedstaden;Vandløb;Poel Å;24-11-1999;1;Feltmålinger, Vandløb;Ja;Miljøstyrelsen;https://vanda.miljoeportal.dk/link/27bfa881-f051-49f7-8fba-026109142c34;FRB1324;32;699103;6204768;1;24-11-1999 08:45:00 +01:00;;Temperatur; =;5,1;grader C;3
Station;49000061;ÆBELHOLT Å, SØSTERBRO MØLLE;32;699103;6204768;Hillerød;Region Hovedstaden;Vandløb;Poel Å;11-05-1999;1;Feltmålinger, Vandløb;Ja;Miljøstyrelsen;https://vanda.miljoeportal.dk/link/e3013684-5a1b-49a6-85b2-94e0bfded3bb;FRB1324;32;699103;6204768;1;11-05-1999 08:50:00 +02:00;;Oxygen indhold; =;8,6;mg/l;3
Station;49000061;ÆBELHOLT Å, SØSTERBRO MØLLE;32;699103;6204768;Hillerød;Region Hovedstaden;Vandløb;Poel Å;16-08-1995;1;Feltmålinger, Vandløb;Ja;Miljøstyrelsen;https://vanda.miljoeportal.dk/link/5ef301a5-9948-4251-953c-60d140300f41;FRB1324;32;699103;6204768;1;16-08-1995 09:34:00 +02:00;;Oxygen indhold; =;7,8;mg/l;3
Station;49000061;ÆBELHOLT Å, SØSTERBRO MØLLE;32;699103;6204768;Hillerød;Region Hovedstaden;Vandløb;Poel Å;23-09-1998;1;Feltmålinger, Vandløb;Ja;Miljøstyrelsen;https://vanda.miljoeportal.dk/link/4fe36248-c1b1-4bc0-9be2-33cd2ed1ba2f;FRB1324;32;699103;6204768;1;23-09-1998 07:04:00 +02:00;;Temperatur; =;12,1;grader C;3
Station;49000061;ÆBELHOLT Å, SØSTERBRO MØLLE;32;699103;6204768;Hillerød;Region Hovedstaden;Vandløb;Poel Å;09-09-1998;1;Feltmålinger, Vandløb;Ja;Miljøstyrelsen;https://vanda.miljoeportal.dk/link/c4947fb5-6164-46e5-8dde-e1905248c7e3;FRB1324;32;699103;6204768;1;09-09-1998 07:02:00 +02:00;;Temperatur; =;13,4;grader C;3
Station;49000061;ÆBELHOLT Å, SØSTERBRO MØLLE;32;699103;6204768;Hillerød;Region Hovedstaden;Vandløb;Poel Å;27-10-1999;1;Feltmålinger, Vandløb;Ja;Miljøstyrelsen;https://vanda.miljoeportal.dk/link/56f9e220-85d0-429b-86e8-9149212958b4;FRB1324;32;699103;6204768;1;27-10-1999 08:45:00 +02:00;;Temperatur; =;9,2;grader C;3
Station;49000061;ÆBELHOLT Å, SØSTERBRO MØLLE;32;699103;6204768;Hillerød;Region Hovedstaden;Vandløb;Poel Å;01-09-1999;1;Feltmålinger, Vandløb;Ja;Miljøstyrelsen;https://vanda.miljoeportal.dk/link/9fd6e299-3f6a-40d8-bd02-ee2900898e84;FRB1324;32;699103;6204768;1;01-09-1999 08:45:00 +02:00;;Temperatur; =;11,6;grader C;3
Station;49000061;ÆBELHOLT Å, SØSTERBRO MØLLE;32;699103;6204768;Hillerød;Region Hovedstaden;Vandløb;Poel Å;24-04-1996;1;Feltmålinger, Vandløb;Ja;Miljøstyrelsen;https://vanda.miljoeportal.dk/link/50034438-38dc-4b95-b0b2-5e24761f7dc9;FRB1324;32;699103;6204768;1;24-04-1996 08:11:00 +02:00;;Temperatur; =;9,1;grader C;3
Station;49000061;ÆBELHOLT Å, SØSTERBRO MØLLE;32;699103;6204768;Hillerød;Region Hovedstaden;Vandløb;Poel Å;29-09-1999;1;Feltmålinger, Vandløb;Ja;Miljøstyrelsen;https://vanda.miljoeportal.dk/link/c1c69b27-7adf-48ae-a46c-08766152e078;FRB1324;32;699103;6204768;1;29-09-1999 08:40:00 +02:00;;Temperatur; =;12,4;grader C;3
Station;49000061;ÆBELHOLT Å, SØSTERBRO MØLLE;32;699103;6204768;Hillerød;Region Hovedstaden;Vandløb;Poel Å;07-06-2000;1;Feltmålinger, Vandløb;Ja;Miljøstyrelsen;https://vanda.miljoeportal.dk/link/279beca2-89db-484b-b4de-1990e604a5a2;FRB1324;32;699103;6204768;1;07-06-2000 09:40:00 +02:00;;Temperatur; =;10,4;grader C;3
Station;49000061;ÆBELHOLT Å, SØSTERBRO MØLLE;32;699103;6204768;Hillerød;Region Hovedstaden;Vandløb;Poel Å;01-03-2000;1;Feltmålinger, Vandløb;Ja;Miljøstyrelsen;https://vanda.miljoeportal.dk/link/3cd7bf64-db3f-4153-8ee4-5360a445e504;FRB1324;32;699103;6204768;1;01-03-2000 08:30:00 +01:00;;Temperatur; =;4,6;grader C;3
Station;49000061;ÆBELHOLT Å, SØSTERBRO MØLLE;32;699103;6204768;Hillerød;Region Hovedstaden;Vandløb;Poel Å;22-04-1998;1;Feltmålinger, Vandløb;Ja;Miljøstyrelsen;https://vanda.miljoeportal.dk/link/8becfcc9-a781-4947-8427-346af686f7dd;FRB1324;32;699103;6204768;1;22-04-1998 07:00:00 +02:00;;Temperatur; =;6,1;grader C;3
Station;49000061;ÆBELHOLT Å, SØSTERBRO MØLLE;32;699103;6204768;Hillerød;Region Hovedstaden;Vandløb;Poel Å;13-02-2002;1;Feltmålinger, Vandløb;Ja;Miljøstyrelsen;https://vanda.miljoeportal.dk/link/518b346c-ffac-43f9-89d1-7fb4eae31c77;FRB1324;32;699103;6204768;1;13-02-2002 08:30:00 +01:00;;Oxygen indhold; =;9,5;mg/l;3
Station;49000061;ÆBELHOLT Å, SØSTERBRO MØLLE;32;699103;6204768;Hillerød;Region Hovedstaden;Vandløb;Poel Å;13-10-1993;1;Feltmålinger, Vandløb;Ja;Miljøstyrelsen;https://vanda.miljoeportal.dk/link/e393125b-7179-49c8-9100-9d6f05dd17dc;FRB1324;32;699103;6204768;1;13-10-1993 09:04:00 +01:00;;Temperatur; =;10,1;grader C;3
Station;49000061;ÆBELHOLT Å, SØSTERBRO MØLLE;32;699103;6204768;Hillerød;Region Hovedstaden;Vandløb;Poel Å;23-05-1995;1;Feltmålinger, Vandløb;Ja;Miljøstyrelsen;https://vanda.miljoeportal.dk/link/763604ef-e36a-4a18-85e2-b3c42531a58c;FRB1324;32;699103;6204768;1;23-05-1995 09:08:00 +02:00;;Oxygen indhold; =;10,8;mg/l;3
Station;49000061;ÆBELHOLT Å, SØSTERBRO MØLLE;32;699103;6204768;Hillerød;Region Hovedstaden;Vandløb;Poel Å;12-09-2001;1;Feltmålinger, Vandløb;Ja;Miljøstyrelsen;https://vanda.miljoeportal.dk/link/3445f4b2-0ab5-439a-9e9b-f6cbb0ed0687;FRB1324;32;699103;6204768;1;12-09-2001 08:30:00 +02:00;;Oxygen indhold; =;8,1;mg/l;3
Station;49000061;ÆBELHOLT Å, SØSTERBRO MØLLE;32;699103;6204768;Hillerød;Region Hovedstaden;Vandløb;Poel Å;03-01-1996;1;Feltmålinger, Vandløb;Ja;Miljøstyrelsen;https://vanda.miljoeportal.dk/link/9cc88dc9-3fa3-49ee-8225-2c0993f23d37;FRB1324;32;699103;6204768;1;03-01-1996 09:02:00 +01:00;;Temperatur; =;0,1;grader C;3
Station;49000061;ÆBELHOLT Å, SØSTERBRO MØLLE;32;699103;6204768;Hillerød;Region Hovedstaden;Vandløb;Poel Å;14-02-1996;1;Feltmålinger, Vandløb;Ja;Miljøstyrelsen;https://vanda.miljoeportal.dk/link/178c158f-b043-465e-a18f-6cd8677585b5;FRB1324;32;699103;6204768;1;14-02-1996 08:37:00 +01:00;;Temperatur; =;1,1;grader C;3
Station;49000061;ÆBELHOLT Å, SØSTERBRO MØLLE;32;699103;6204768;Hillerød;Region Hovedstaden;Vandløb;Poel Å;15-02-1995;1;Feltmålinger, Vandløb;Ja;Miljøstyrelsen;https://vanda.miljoeportal.dk/link/0436cc56-4a2a-4526-91a2-32807be5850a;FRB1324;32;699103;6204768;1;15-02-1995 10:16:00 +01:00;;Temperatur; =;4;grader C;3
Station;49000061;ÆBELHOLT Å, SØSTERBRO MØLLE;32;699103;6204768;Hillerød;Region Hovedstaden;Vandløb;Poel Å;22-05-2002;1;Feltmålinger, Vandløb;Ja;Miljøstyrelsen;https://vanda.miljoeportal.dk/link/4ac56c37-6525-4cb1-a4bb-a865a6746833;FRB1324;32;699103;6204768;1;22-05-2002 06:25:00 +02:00;;Oxygen indhold; =;8,3;mg/l;3
Station;49000061;ÆBELHOLT Å, SØSTERBRO MØLLE;32;699103;6204768;Hillerød;Region Hovedstaden;Vandløb;Poel Å;21-12-1994;1;Feltmålinger, Vandløb;Ja;Miljøstyrelsen;https://vanda.miljoeportal.dk/link/3eb14591-0d93-47dc-be44-4f256ee54155;FRB1324;32;699103;6204768;1;21-12-1994 09:00:00 +01:00;;Oxygen indhold; =;9,5;mg/l;3
Station;49000061;ÆBELHOLT Å, SØSTERBRO MØLLE;32;699103;6204768;Hillerød;Region Hovedstaden;Vandløb;Poel Å;10-04-1996;1;Feltmålinger, Vandløb;Ja;Miljøstyrelsen;https://vanda.miljoeportal.dk/link/f2c9462f-5287-441f-9d85-33a4e0f89520;FRB1324;32;699103;6204768;1;10-04-1996 10:00:00 +02:00;;Temperatur; =;4,3;grader C;3
Station;49000061;ÆBELHOLT Å, SØSTERBRO MØLLE;32;699103;6204768;Hillerød;Region Hovedstaden;Vandløb;Poel Å;13-10-1999;1;Feltmålinger, Vandløb;Ja;Miljøstyrelsen;https://vanda.miljoeportal.dk/link/709276d0-0f02-4a18-b738-60eeffcf02ed;FRB1324;32;699103;6204768;1;13-10-1999 10:25:00 +02:00;;Oxygen indhold; =;8,7;mg/l;3
Station;49000061;ÆBELHOLT Å, SØSTERBRO MØLLE;32;699103;6204768;Hillerød;Region Hovedstaden;Vandløb;Poel Å;03-12-1997;1;Feltmålinger, Vandløb;Ja;Miljøstyrelsen;https://vanda.miljoeportal.dk/link/26f99f24-33c6-43a5-8cd7-3128b50e565f;FRB1324;32;699103;6204768;1;03-12-1997 09:04:00 +01:00;;Temperatur; =;3,3;grader C;3
Station;49000061;ÆBELHOLT Å, SØSTERBRO MØLLE;32;699103;6204768;Hillerød;Region Hovedstaden;Vandløb;Poel Å;04-07-2001;1;Feltmålinger, Vandløb;Ja;Miljøstyrelsen;https://vanda.miljoeportal.dk/link/606ff676-c6de-46ff-91f6-263b35c0fb31;FRB1324;32;699103;6204768;1;04-07-2001 08:40:00 +02:00;;Temperatur; =;13;grader C;3
Station;49000061;ÆBELHOLT Å, SØSTERBRO MØLLE;32;699103;6204768;Hillerød;Region Hovedstaden;Vandløb;Poel Å;29-12-1998;1;Feltmålinger, Vandløb;Ja;Miljøstyrelsen;https://vanda.miljoeportal.dk/link/c84f0bfd-9bbf-44c1-a1b9-aaff3f168911;FRB1324;32;699103;6204768;1;29-12-1998 08:05:00 +01:00;;Temperatur; =;4;grader C;3
Station;49000061;ÆBELHOLT Å, SØSTERBRO MØLLE;32;699103;6204768;Hillerød;Region Hovedstaden;Vandløb;Poel Å;13-09-2000;1;Feltmålinger, Vandløb;Ja;Miljøstyrelsen;https://vanda.miljoeportal.dk/link/5bf8a74e-6ec0-490a-beb5-e76a0cb55cbf;FRB1324;32;699103;6204768;1;13-09-2000 08:15:00 +02:00;;Temperatur; =;12,2;grader C;3
Station;49000061;ÆBELHOLT Å, SØSTERBRO MØLLE;32;699103;6204768;Hillerød;Region Hovedstaden;Vandløb;Poel Å;16-12-1998;1;Feltmålinger, Vandløb;Ja;Miljøstyrelsen;https://vanda.miljoeportal.dk/link/f9c8161b-fe94-477c-b2cb-39adc54f9d58;FRB1324;32;699103;6204768;1;16-12-1998 08:16:00 +01:00;;Oxygen indhold; =;10,1;mg/l;3
Station;49000061;ÆBELHOLT Å, SØSTERBRO MØLLE;32;699103;6204768;Hillerød;Region Hovedstaden;Vandløb;Poel Å;14-03-2001;1;Feltmålinger, Vandløb;Ja;Miljøstyrelsen;https://vanda.miljoeportal.dk/link/3663341d-0e40-4bbb-90d1-438ba8062647;FRB1324;32;699103;6204768;1;14-03-2001 08:45:00 +01:00;;Oxygen indhold; =;10,5;mg/l;3
Station;49000061;ÆBELHOLT Å, SØSTERBRO MØLLE;32;699103;6204768;Hillerød;Region Hovedstaden;Vandløb;Poel Å;03-07-2002;1;Feltmålinger, Vandløb;Ja;Miljøstyrelsen;https://vanda.miljoeportal.dk/link/59e48c27-43ec-4e98-89fe-248db1388576;FRB1324;32;699103;6204768;1;03-07-2002 08:37:00 +02:00;;Oxygen indhold; =;9;mg/l;3
Station;49000061;ÆBELHOLT Å, SØSTERBRO MØLLE;32;699103;6204768;Hillerød;Region Hovedstaden;Vandløb;Poel Å;04-12-1995;1;Feltmålinger, Vandløb;Ja;Miljøstyrelsen;https://vanda.miljoeportal.dk/link/64188372-6e21-4f34-a3ca-2a288106f068;FRB1324;32;699103;6204768;1;04-12-1995 10:10:00 +01:00;;Oxygen indhold; =;14,2;mg/l;3
Station;49000061;ÆBELHOLT Å, SØSTERBRO MØLLE;32;699103;6204768;Hillerød;Region Hovedstaden;Vandløb;Poel Å;08-11-1995;1;Feltmålinger, Vandløb;Ja;Miljøstyrelsen;https://vanda.miljoeportal.dk/link/e322e7b9-7cab-4271-b1cc-55fe628a235c;FRB1324;32;699103;6204768;1;08-11-1995 08:54:00 +01:00;;Oxygen indhold; =;11,5;mg/l;3
Station;49000061;ÆBELHOLT Å, SØSTERBRO MØLLE;32;699103;6204768;Hillerød;Region Hovedstaden;Vandløb;Poel Å;03-06-1997;1;Feltmålinger, Vandløb;Ja;Miljøstyrelsen;https://vanda.miljoeportal.dk/link/1691df6c-212d-4db4-bc2e-078b34376663;FRB1324;32;699103;6204768;1;03-06-1997 07:54:00 +02:00;;Oxygen indhold; =;14,2;mg/l;3
Station;49000061;ÆBELHOLT Å, SØSTERBRO MØLLE;32;699103;6204768;Hillerød;Region Hovedstaden;Vandløb;Poel Å;25-09-1996;1;Feltmålinger, Vandløb;Ja;Miljøstyrelsen;https://vanda.miljoeportal.dk/link/28d52f82-9d73-48dc-b755-88572c78d77c;FRB1324;32;699103;6204768;1;25-09-1996 09:20:00 +02:00;;Temperatur; =;7,3;grader C;3
Station;49000061;ÆBELHOLT Å, SØSTERBRO MØLLE;32;699103;6204768;Hillerød;Region Hovedstaden;Vandløb;Poel Å;08-02-1989;1;Feltmålinger, Vandløb;Ja;Miljøstyrelsen;https://vanda.miljoeportal.dk/link/7e1f530f-2404-46d7-b4bf-1e2614d822ad;FRB1324;32;699103;6204768;1;08-02-1989 09:05:00 +01:00;;Oxygen indhold; =;10,6;mg/l;3
Station;49000061;ÆBELHOLT Å, SØSTERBRO MØLLE;32;699103;6204768;Hillerød;Region Hovedstaden;Vandløb;Poel Å;08-02-1989;1;Feltmålinger, Vandløb;Ja;Miljøstyrelsen;https://vanda.miljoeportal.dk/link/7e1f530f-2404-46d7-b4bf-1e2614d822ad;FRB1324;32;699103;6204768;1;08-02-1989 09:05:00 +01:00;;Temperatur; =;6,6;grader C;3
Station;49000061;ÆBELHOLT Å, SØSTERBRO MØLLE;32;699103;6204768;Hillerød;Region Hovedstaden;Vandløb;Poel Å;25-01-1989;1;Feltmålinger, Vandløb;Ja;Miljøstyrelsen;https://vanda.miljoeportal.dk/link/1362a53e-5d8b-4f9d-89af-45dd8810e7b3;FRB1324;32;699103;6204768;1;25-01-1989 09:10:00 +01:00;;Oxygen indhold; =;11,3;mg/l;3
Station;49000061;ÆBELHOLT Å, SØSTERBRO MØLLE;32;699103;6204768;Hillerød;Region Hovedstaden;Vandløb;Poel Å;18-01-1989;1;Feltmålinger, Vandløb;Ja;Miljøstyrelsen;https://vanda.miljoeportal.dk/link/8f4e5506-92be-4c76-8dae-2deaf9ab329f;FRB1324;32;699103;6204768;1;18-01-1989 09:05:00 +01:00;;Temperatur; =;4,6;grader C;3
Station;49000061;ÆBELHOLT Å, SØSTERBRO MØLLE;32;699103;6204768;Hillerød;Region Hovedstaden;Vandløb;Poel Å;10-04-2001;1;Feltmålinger, Vandløb;Ja;Miljøstyrelsen;https://vanda.miljoeportal.dk/link/3731e3d8-a53a-4035-a0b3-e92357cf9820;FRB1324;32;699103;6204768;1;10-04-2001 08:20:00 +02:00;;Oxygen indhold; =;11,8;mg/l;3
Station;49000061;ÆBELHOLT Å, SØSTERBRO MØLLE;32;699103;6204768;Hillerød;Region Hovedstaden;Vandløb;Poel Å;18-01-1989;1;Feltmålinger, Vandløb;Ja;Miljøstyrelsen;https://vanda.miljoeportal.dk/link/8f4e5506-92be-4c76-8dae-2deaf9ab329f;FRB1324;32;699103;6204768;1;18-01-1989 09:05:00 +01:00;;Oxygen indhold; =;11,8;mg/l;3
Station;49000061;ÆBELHOLT Å, SØSTERBRO MØLLE;32;699103;6204768;Hillerød;Region Hovedstaden;Vandløb;Poel Å;09-04-1997;1;Feltmålinger, Vandløb;Ja;Miljøstyrelsen;https://vanda.miljoeportal.dk/link/7a36ce86-2483-4753-8159-5171b015ebb9;FRB1324;32;699103;6204768;1;09-04-1997 07:49:00 +02:00;;Oxygen indhold; =;12;mg/l;3
Station;49000061;ÆBELHOLT Å, SØSTERBRO MØLLE;32;699103;6204768;Hillerød;Region Hovedstaden;Vandløb;Poel Å;06-12-1989;1;Feltmålinger, Vandløb;Ja;Miljøstyrelsen;https://vanda.miljoeportal.dk/link/2120e846-51d1-4025-94c5-44de268a766c;FRB1324;32;699103;6204768;1;06-12-1989 09:55:00 +01:00;;Temperatur; =;4,7;grader C;3
Station;49000061;ÆBELHOLT Å, SØSTERBRO MØLLE;32;699103;6204768;Hillerød;Region Hovedstaden;Vandløb;Poel Å;28-11-1989;1;Feltmålinger, Vandløb;Ja;Miljøstyrelsen;https://vanda.miljoeportal.dk/link/cb7b7150-df1a-498b-93dd-203a0607f085;FRB1324;32;699103;6204768;1;28-11-1989 11:05:00 +01:00;;Oxygen indhold; =;10,4;mg/l;3
Station;49000061;ÆBELHOLT Å, SØSTERBRO MØLLE;32;699103;6204768;Hillerød;Region Hovedstaden;Vandløb;Poel Å;28-08-1996;1;Feltmålinger, Vandløb;Ja;Miljøstyrelsen;https://vanda.miljoeportal.dk/link/9a28eb92-840c-42e8-b894-db36993b519c;FRB1324;32;699103;6204768;1;28-08-1996 05:54:00 +02:00;;Temperatur; =;14,1;grader C;3
Station;49000061;ÆBELHOLT Å, SØSTERBRO MØLLE;32;699103;6204768;Hillerød;Region Hovedstaden;Vandløb;Poel Å;28-11-1989;1;Feltmålinger, Vandløb;Ja;Miljøstyrelsen;https://vanda.miljoeportal.dk/link/cb7b7150-df1a-498b-93dd-203a0607f085;FRB1324;32;699103;6204768;1;28-11-1989 11:05:00 +01:00;;Temperatur; =;3,4;grader C;3
Station;49000061;ÆBELHOLT Å, SØSTERBRO MØLLE;32;699103;6204768;Hillerød;Region Hovedstaden;Vandløb;Poel Å;22-11-1989;1;Feltmålinger, Vandløb;Ja;Miljøstyrelsen;https://vanda.miljoeportal.dk/link/43d759de-587c-47a4-a255-863d156bb372;FRB1324;32;699103;6204768;1;22-11-1989 09:20:00 +01:00;;Oxygen indhold; =;10,2;mg/l;3
Station;49000061;ÆBELHOLT Å, SØSTERBRO MØLLE;32;699103;6204768;Hillerød;Region Hovedstaden;Vandløb;Poel Å;22-11-1989;1;Feltmålinger, Vandløb;Ja;Miljøstyrelsen;https://vanda.miljoeportal.dk/link/43d759de-587c-47a4-a255-863d156bb372;FRB1324;32;699103;6204768;1;22-11-1989 09:20:00 +01:00;;Temperatur; =;4,3;grader C;3
Station;49000061;ÆBELHOLT Å, SØSTERBRO MØLLE;32;699103;6204768;Hillerød;Region Hovedstaden;Vandløb;Poel Å;05-12-2001;1;Feltmålinger, Vandløb;Ja;Miljøstyrelsen;https://vanda.miljoeportal.dk/link/dc43c789-62fc-40ed-8b01-3b9383d2b0dd;FRB1324;32;699103;6204768;1;05-12-2001 08:45:00 +01:00;;Oxygen indhold; =;11,1;mg/l;3
Station;49000061;ÆBELHOLT Å, SØSTERBRO MØLLE;32;699103;6204768;Hillerød;Region Hovedstaden;Vandløb;Poel Å;15-11-1989;1;Feltmålinger, Vandløb;Ja;Miljøstyrelsen;https://vanda.miljoeportal.dk/link/7c0f97e4-3061-4e72-9a0f-8404022ffbea;FRB1324;32;699103;6204768;1;15-11-1989 09:05:00 +01:00;;Temperatur; =;7;grader C;3
Station;49000061;ÆBELHOLT Å, SØSTERBRO MØLLE;32;699103;6204768;Hillerød;Region Hovedstaden;Vandløb;Poel Å;15-11-1989;1;Feltmålinger, Vandløb;Ja;Miljøstyrelsen;https://vanda.miljoeportal.dk/link/7c0f97e4-3061-4e72-9a0f-8404022ffbea;FRB1324;32;699103;6204768;1;15-11-1989 09:05:00 +01:00;;Oxygen indhold; =;10;mg/l;3
Station;49000061;ÆBELHOLT Å, SØSTERBRO MØLLE;32;699103;6204768;Hillerød;Region Hovedstaden;Vandløb;Poel Å;08-11-1989;1;Feltmålinger, Vandløb;Ja;Miljøstyrelsen;https://vanda.miljoeportal.dk/link/08f925b8-8e5c-4efa-96d6-d8bcf662cc0d;FRB1324;32;699103;6204768;1;08-11-1989 09:20:00 +01:00;;Oxygen indhold; =;9,3;mg/l;3
Station;49000061;ÆBELHOLT Å, SØSTERBRO MØLLE;32;699103;6204768;Hillerød;Region Hovedstaden;Vandløb;Poel Å;08-11-1989;1;Feltmålinger, Vandløb;Ja;Miljøstyrelsen;https://vanda.miljoeportal.dk/link/08f925b8-8e5c-4efa-96d6-d8bcf662cc0d;FRB1324;32;699103;6204768;1;08-11-1989 09:20:00 +01:00;;Temperatur; =;7,4;grader C;3
Station;49000061;ÆBELHOLT Å, SØSTERBRO MØLLE;32;699103;6204768;Hillerød;Region Hovedstaden;Vandløb;Poel Å;25-10-1989;1;Feltmålinger, Vandløb;Ja;Miljøstyrelsen;https://vanda.miljoeportal.dk/link/8463a267-f451-4501-833c-4fb9d53d16a4;FRB1324;32;699103;6204768;1;25-10-1989 09:30:00 +01:00;;Oxygen indhold; =;6,9;mg/l;3
Station;49000061;ÆBELHOLT Å, SØSTERBRO MØLLE;32;699103;6204768;Hillerød;Region Hovedstaden;Vandløb;Poel Å;25-10-1989;1;Feltmålinger, Vandløb;Ja;Miljøstyrelsen;https://vanda.miljoeportal.dk/link/8463a267-f451-4501-833c-4fb9d53d16a4;FRB1324;32;699103;6204768;1;25-10-1989 09:30:00 +01:00;;Temperatur; =;11;grader C;3
Station;49000061;ÆBELHOLT Å, SØSTERBRO MØLLE;32;699103;6204768;Hillerød;Region Hovedstaden;Vandløb;Poel Å;18-10-1989;1;Feltmålinger, Vandløb;Ja;Miljøstyrelsen;https://vanda.miljoeportal.dk/link/9b9823d3-9d75-44e5-ab84-50444fee15c9;FRB1324;32;699103;6204768;1;18-10-1989 09:00:00 +01:00;;Temperatur; =;11;grader C;3
Station;49000061;ÆBELHOLT Å, SØSTERBRO MØLLE;32;699103;6204768;Hillerød;Region Hovedstaden;Vandløb;Poel Å;11-10-2000;1;Feltmålinger, Vandløb;Ja;Miljøstyrelsen;https://vanda.miljoeportal.dk/link/c2e67464-2740-430c-b57d-434e755d8759;FRB1324;32;699103;6204768;1;11-10-2000 08:15:00 +02:00;;Oxygen indhold; =;8,5;mg/l;3
Station;49000061;ÆBELHOLT Å, SØSTERBRO MØLLE;32;699103;6204768;Hillerød;Region Hovedstaden;Vandløb;Poel Å;27-04-1994;1;Feltmålinger, Vandløb;Ja;Miljøstyrelsen;https://vanda.miljoeportal.dk/link/84c0511a-c62d-46af-a2b0-0012fccf7cdb;FRB1324;32;699103;6204768;1;27-04-1994 09:49:00 +02:00;;Oxygen indhold; =;11,1;mg/l;3
Station;49000061;ÆBELHOLT Å, SØSTERBRO MØLLE;32;699103;6204768;Hillerød;Region Hovedstaden;Vandløb;Poel Å;23-10-1996;1;Feltmålinger, Vandløb;Ja;Miljøstyrelsen;https://vanda.miljoeportal.dk/link/7db6dbdc-aa64-4d15-8e65-c421b285966c;FRB1324;32;699103;6204768;1;23-10-1996 07:27:00 +02:00;;Temperatur; =;5,3;grader C;3
Station;49000061;ÆBELHOLT Å, SØSTERBRO MØLLE;32;699103;6204768;Hillerød;Region Hovedstaden;Vandløb;Poel Å;18-10-1989;1;Feltmålinger, Vandløb;Ja;Miljøstyrelsen;https://vanda.miljoeportal.dk/link/9b9823d3-9d75-44e5-ab84-50444fee15c9;FRB1324;32;699103;6204768;1;18-10-1989 09:00:00 +01:00;;Oxygen indhold; =;8,3;mg/l;3
Station;49000061;ÆBELHOLT Å, SØSTERBRO MØLLE;32;699103;6204768;Hillerød;Region Hovedstaden;Vandløb;Poel Å;04-10-1989;1;Feltmålinger, Vandløb;Ja;Miljøstyrelsen;https://vanda.miljoeportal.dk/link/c9bfc762-f673-4d9d-8b5f-7151bd74ba88;FRB1324;32;699103;6204768;1;04-10-1989 09:10:00 +01:00;;Oxygen indhold; =;10,8;mg/l;3
Station;49000061;ÆBELHOLT Å, SØSTERBRO MØLLE;32;699103;6204768;Hillerød;Region Hovedstaden;Vandløb;Poel Å;04-10-1989;1;Feltmålinger, Vandløb;Ja;Miljøstyrelsen;https://vanda.miljoeportal.dk/link/c9bfc762-f673-4d9d-8b5f-7151bd74ba88;FRB1324;32;699103;6204768;1;04-10-1989 09:10:00 +01:00;;Temperatur; =;6,9;grader C;3
Station;49000061;ÆBELHOLT Å, SØSTERBRO MØLLE;32;699103;6204768;Hillerød;Region Hovedstaden;Vandløb;Poel Å;06-09-1989;1;Feltmålinger, Vandløb;Ja;Miljøstyrelsen;https://vanda.miljoeportal.dk/link/687c8991-f911-4b2e-8ca7-38e0f456b581;FRB1324;32;699103;6204768;1;06-09-1989 10:30:00 +02:00;;Oxygen indhold; =;8,3;mg/l;3
Station;49000061;ÆBELHOLT Å, SØSTERBRO MØLLE;32;699103;6204768;Hillerød;Region Hovedstaden;Vandløb;Poel Å;24-11-1993;1;Feltmålinger, Vandløb;Ja;Miljøstyrelsen;https://vanda.miljoeportal.dk/link/94349791-4fd7-4dfe-9280-586c7d283e2e;FRB1324;32;699103;6204768;1;24-11-1993 09:15:00 +01:00;;Oxygen indhold; =;11,3;mg/l;3
Station;49000061;ÆBELHOLT Å, SØSTERBRO MØLLE;32;699103;6204768;Hillerød;Region Hovedstaden;Vandløb;Poel Å;26-04-2000;1;Feltmålinger, Vandløb;Ja;Miljøstyrelsen;https://vanda.miljoeportal.dk/link/55561cab-54ae-499e-8541-820fbddef7b7;FRB1324;32;699103;6204768;1;26-04-2000 08:50:00 +02:00;;Temperatur; =;8,3;grader C;3
Station;49000061;ÆBELHOLT Å, SØSTERBRO MØLLE;32;699103;6204768;Hillerød;Region Hovedstaden;Vandløb;Poel Å;18-08-1993;1;Feltmålinger, Vandløb;Ja;Miljøstyrelsen;https://vanda.miljoeportal.dk/link/ebc59672-ebc5-431f-a37b-d67b4b1a32ef;FRB1324;32;699103;6204768;1;18-08-1993 07:47:00 +02:00;;Temperatur; =;11,7;grader C;3
Station;49000061;ÆBELHOLT Å, SØSTERBRO MØLLE;32;699103;6204768;Hillerød;Region Hovedstaden;Vandløb;Poel Å;28-09-1994;1;Feltmålinger, Vandløb;Ja;Miljøstyrelsen;https://vanda.miljoeportal.dk/link/9ce978b1-aac4-4347-919c-cadeaaa6fe03;FRB1324;32;699103;6204768;1;28-09-1994 10:09:00 +01:00;;Oxygen indhold; =;8,4;mg/l;3
Station;49000061;ÆBELHOLT Å, SØSTERBRO MØLLE;32;699103;6204768;Hillerød;Region Hovedstaden;Vandløb;Poel Å;10-04-1996;1;Feltmålinger, Vandløb;Ja;Miljøstyrelsen;https://vanda.miljoeportal.dk/link/f2c9462f-5287-441f-9d85-33a4e0f89520;FRB1324;32;699103;6204768;1;10-04-1996 10:00:00 +02:00;;Oxygen indhold; =;13,6;mg/l;3
Station;49000061;ÆBELHOLT Å, SØSTERBRO MØLLE;32;699103;6204768;Hillerød;Region Hovedstaden;Vandløb;Poel Å;09-08-1989;1;Feltmålinger, Vandløb;Ja;Miljøstyrelsen;https://vanda.miljoeportal.dk/link/875fdff8-7146-4cf8-ab48-74d3d8e64ebe;FRB1324;32;699103;6204768;1;09-08-1989 09:05:00 +02:00;;Oxygen indhold; =;5,9;mg/l;3
Station;49000061;ÆBELHOLT Å, SØSTERBRO MØLLE;32;699103;6204768;Hillerød;Region Hovedstaden;Vandløb;Poel Å;22-11-1995;1;Feltmålinger, Vandløb;Ja;Miljøstyrelsen;https://vanda.miljoeportal.dk/link/d0e98c57-1608-494f-86c7-9a8409f284c4;FRB1324;32;699103;6204768;1;22-11-1995 09:03:00 +01:00;;Oxygen indhold; =;11,6;mg/l;3
Station;49000061;ÆBELHOLT Å, SØSTERBRO MØLLE;32;699103;6204768;Hillerød;Region Hovedstaden;Vandløb;Poel Å;09-08-1989;1;Feltmålinger, Vandløb;Ja;Miljøstyrelsen;https://vanda.miljoeportal.dk/link/875fdff8-7146-4cf8-ab48-74d3d8e64ebe;FRB1324;32;699103;6204768;1;09-08-1989 09:05:00 +02:00;;Temperatur; =;14;grader C;3
Station;49000061;ÆBELHOLT Å, SØSTERBRO MØLLE;32;699103;6204768;Hillerød;Region Hovedstaden;Vandløb;Poel Å;12-07-1989;1;Feltmålinger, Vandløb;Ja;Miljøstyrelsen;https://vanda.miljoeportal.dk/link/6ac56ebe-75eb-4188-9331-7cb3ca0f7dab;FRB1324;32;699103;6204768;1;12-07-1989 08:45:00 +02:00;;Oxygen indhold; =;5,5;mg/l;3
Station;49000061;ÆBELHOLT Å, SØSTERBRO MØLLE;32;699103;6204768;Hillerød;Region Hovedstaden;Vandløb;Poel Å;14-06-1989;1;Feltmålinger, Vandløb;Ja;Miljøstyrelsen;https://vanda.miljoeportal.dk/link/e9cd80a6-d10f-4761-b675-fdcfc41ad06e;FRB1324;32;699103;6204768;1;14-06-1989 08:50:00 +02:00;;Oxygen indhold; =;11,8;mg/l;3
Station;49000061;ÆBELHOLT Å, SØSTERBRO MØLLE;32;699103;6204768;Hillerød;Region Hovedstaden;Vandløb;Poel Å;14-06-1989;1;Feltmålinger, Vandløb;Ja;Miljøstyrelsen;https://vanda.miljoeportal.dk/link/e9cd80a6-d10f-4761-b675-fdcfc41ad06e;FRB1324;32;699103;6204768;1;14-06-1989 08:50:00 +02:00;;Temperatur; =;13,1;grader C;3
Station;49000061;ÆBELHOLT Å, SØSTERBRO MØLLE;32;699103;6204768;Hillerød;Region Hovedstaden;Vandløb;Poel Å;24-05-1989;1;Feltmålinger, Vandløb;Ja;Miljøstyrelsen;https://vanda.miljoeportal.dk/link/17be575b-2978-4b51-8475-1d32bca79d2b;FRB1324;32;699103;6204768;1;24-05-1989 09:15:00 +02:00;;Temperatur; =;11,6;grader C;3
Station;49000061;ÆBELHOLT Å, SØSTERBRO MØLLE;32;699103;6204768;Hillerød;Region Hovedstaden;Vandløb;Poel Å;17-05-1989;1;Feltmålinger, Vandløb;Ja;Miljøstyrelsen;https://vanda.miljoeportal.dk/link/8f829432-a087-4d39-9587-90cc6884df75;FRB1324;32;699103;6204768;1;17-05-1989 09:20:00 +02:00;;Oxygen indhold; =;14,9;mg/l;3
Station;49000061;ÆBELHOLT Å, SØSTERBRO MØLLE;32;699103;6204768;Hillerød;Region Hovedstaden;Vandløb;Poel Å;10-05-1989;1;Feltmålinger, Vandløb;Ja;Miljøstyrelsen;https://vanda.miljoeportal.dk/link/80a6d5ef-59f9-4563-97e0-c2ccea5cd84b;FRB1324;32;699103;6204768;1;10-05-1989 08:55:00 +02:00;;Oxygen indhold; =;13,2;mg/l;3
Station;49000061;ÆBELHOLT Å, SØSTERBRO MØLLE;32;699103;6204768;Hillerød;Region Hovedstaden;Vandløb;Poel Å;28-05-1999;1;Feltmålinger, Vandløb;Ja;Miljøstyrelsen;https://vanda.miljoeportal.dk/link/7d6b370e-4779-42f7-b85d-ca72c9dd8117;FRB1324;32;699103;6204768;1;28-05-1999 10:15:00 +02:00;;Temperatur; =;9,8;grader C;3
Station;49000061;ÆBELHOLT Å, SØSTERBRO MØLLE;32;699103;6204768;Hillerød;Region Hovedstaden;Vandløb;Poel Å;10-05-1989;1;Feltmålinger, Vandløb;Ja;Miljøstyrelsen;https://vanda.miljoeportal.dk/link/80a6d5ef-59f9-4563-97e0-c2ccea5cd84b;FRB1324;32;699103;6204768;1;10-05-1989 08:55:00 +02:00;;Temperatur; =;8,6;grader C;3
Station;49000061;ÆBELHOLT Å, SØSTERBRO MØLLE;32;699103;6204768;Hillerød;Region Hovedstaden;Vandløb;Poel Å;06-05-1998;1;Feltmålinger, Vandløb;Ja;Miljøstyrelsen;https://vanda.miljoeportal.dk/link/f94168ef-fc82-4388-a9a7-65fe9a3e0c8e;FRB1324;32;699103;6204768;1;06-05-1998 07:00:00 +02:00;;Temperatur; =;8,5;grader C;3
Station;49000061;ÆBELHOLT Å, SØSTERBRO MØLLE;32;699103;6204768;Hillerød;Region Hovedstaden;Vandløb;Poel Å;26-04-1989;1;Feltmålinger, Vandløb;Ja;Miljøstyrelsen;https://vanda.miljoeportal.dk/link/c188e6bb-4ba7-4b65-8e28-0d73f77ac0c4;FRB1324;32;699103;6204768;1;26-04-1989 08:55:00 +02:00;;Oxygen indhold; =;10,7;mg/l;3
Station;49000061;ÆBELHOLT Å, SØSTERBRO MØLLE;32;699103;6204768;Hillerød;Region Hovedstaden;Vandløb;Poel Å;05-01-1994;1;Feltmålinger, Vandløb;Ja;Miljøstyrelsen;https://vanda.miljoeportal.dk/link/46d41db0-b6c0-4be9-9573-55dd16cc938f;FRB1324;32;699103;6204768;1;05-01-1994 09:17:00 +01:00;;Temperatur; =;3;grader C;3
Station;49000061;ÆBELHOLT Å, SØSTERBRO MØLLE;32;699103;6204768;Hillerød;Region Hovedstaden;Vandløb;Poel Å;12-04-1989;1;Feltmålinger, Vandløb;Ja;Miljøstyrelsen;https://vanda.miljoeportal.dk/link/4c3dfb8a-2fb7-4471-8846-dbad36140628;FRB1324;32;699103;6204768;1;12-04-1989 09:15:00 +02:00;;Oxygen indhold; =;11,4;mg/l;3
Station;49000061;ÆBELHOLT Å, SØSTERBRO MØLLE;32;699103;6204768;Hillerød;Region Hovedstaden;Vandløb;Poel Å;18-12-1996;1;Feltmålinger, Vandløb;Ja;Miljøstyrelsen;https://vanda.miljoeportal.dk/link/0f9a94de-b578-47fd-b173-182cc709c44d;FRB1324;32;699103;6204768;1;18-12-1996 08:31:00 +01:00;;Temperatur; =;4,5;grader C;3
Station;49000061;ÆBELHOLT Å, SØSTERBRO MØLLE;32;699103;6204768;Hillerød;Region Hovedstaden;Vandløb;Poel Å;12-04-1989;1;Feltmålinger, Vandløb;Ja;Miljøstyrelsen;https://vanda.miljoeportal.dk/link/4c3dfb8a-2fb7-4471-8846-dbad36140628;FRB1324;32;699103;6204768;1;12-04-1989 09:15:00 +02:00;;Temperatur; =;8,4;grader C;3
Station;49000061;ÆBELHOLT Å, SØSTERBRO MØLLE;32;699103;6204768;Hillerød;Region Hovedstaden;Vandløb;Poel Å;05-04-1989;1;Feltmålinger, Vandløb;Ja;Miljøstyrelsen;https://vanda.miljoeportal.dk/link/d6f3e76b-9c42-4606-97c8-53ca25ac3945;FRB1324;32;699103;6204768;1;05-04-1989 09:05:00 +02:00;;Temperatur; =;3,4;grader C;3
Station;49000061;ÆBELHOLT Å, SØSTERBRO MØLLE;32;699103;6204768;Hillerød;Region Hovedstaden;Vandløb;Poel Å;18-06-1997;1;Feltmålinger, Vandløb;Ja;Miljøstyrelsen;https://vanda.miljoeportal.dk/link/7027c361-60cb-4c92-8b3e-10f24c1a3abc;FRB1324;32;699103;6204768;1;18-06-1997 08:07:00 +02:00;;Temperatur; =;13,7;grader C;3
Station;49000061;ÆBELHOLT Å, SØSTERBRO MØLLE;32;699103;6204768;Hillerød;Region Hovedstaden;Vandløb;Poel Å;15-03-1989;1;Feltmålinger, Vandløb;Ja;Miljøstyrelsen;https://vanda.miljoeportal.dk/link/2f6ba6c3-aed0-456c-a6df-9cb3d8bdb86a;FRB1324;32;699103;6204768;1;15-03-1989 09:15:00 +01:00;;Oxygen indhold; =;11,1;mg/l;3
Station;49000061;ÆBELHOLT Å, SØSTERBRO MØLLE;32;699103;6204768;Hillerød;Region Hovedstaden;Vandløb;Poel Å;15-03-1989;1;Feltmålinger, Vandløb;Ja;Miljøstyrelsen;https://vanda.miljoeportal.dk/link/2f6ba6c3-aed0-456c-a6df-9cb3d8bdb86a;FRB1324;32;699103;6204768;1;15-03-1989 09:15:00 +01:00;;Temperatur; =;5,8;grader C;3
Station;49000061;ÆBELHOLT Å, SØSTERBRO MØLLE;32;699103;6204768;Hillerød;Region Hovedstaden;Vandløb;Poel Å;08-03-1989;1;Feltmålinger, Vandløb;Ja;Miljøstyrelsen;https://vanda.miljoeportal.dk/link/0b2baf44-be94-47c5-8183-b743cb8509e3;FRB1324;32;699103;6204768;1;08-03-1989 09:00:00 +01:00;;Temperatur; =;5;grader C;3
Station;49000061;ÆBELHOLT Å, SØSTERBRO MØLLE;32;699103;6204768;Hillerød;Region Hovedstaden;Vandløb;Poel Å;16-12-1993;1;Feltmålinger, Vandløb;Ja;Miljøstyrelsen;https://vanda.miljoeportal.dk/link/8c9b0461-66c0-4b7d-99fe-2790642dc5ce;FRB1324;32;699103;6204768;1;16-12-1993 09:12:00 +01:00;;Oxygen indhold; =;10,9;mg/l;3
Station;49000061;ÆBELHOLT Å, SØSTERBRO MØLLE;32;699103;6204768;Hillerød;Region Hovedstaden;Vandløb;Poel Å;22-02-1989;1;Feltmålinger, Vandløb;Ja;Miljøstyrelsen;https://vanda.miljoeportal.dk/link/2da6e51b-9ece-4c8e-9d56-62b7a92102c3;FRB1324;32;699103;6204768;1;22-02-1989 08:50:00 +01:00;;Oxygen indhold; =;11;mg/l;3
Station;49000061;ÆBELHOLT Å, SØSTERBRO MØLLE;32;699103;6204768;Hillerød;Region Hovedstaden;Vandløb;Poel Å;22-02-1989;1;Feltmålinger, Vandløb;Ja;Miljøstyrelsen;https://vanda.miljoeportal.dk/link/2da6e51b-9ece-4c8e-9d56-62b7a92102c3;FRB1324;32;699103;6204768;1;22-02-1989 08:50:00 +01:00;;Temperatur; =;3,4;grader C;3
Station;49000061;ÆBELHOLT Å, SØSTERBRO MØLLE;32;699103;6204768;Hillerød;Region Hovedstaden;Vandløb;Poel Å;15-02-1989;1;Feltmålinger, Vandløb;Ja;Miljøstyrelsen;https://vanda.miljoeportal.dk/link/76ac1ca7-3375-4d45-a09f-78d41f39f5ef;FRB1324;32;699103;6204768;1;15-02-1989 08:40:00 +01:00;;Temperatur; =;4,2;grader C;3
Station;49000061;ÆBELHOLT Å, SØSTERBRO MØLLE;32;699103;6204768;Hillerød;Region Hovedstaden;Vandløb;Poel Å;22-11-2000;1;Feltmålinger, Vandløb;Ja;Miljøstyrelsen;https://vanda.miljoeportal.dk/link/a3c6c22d-121a-4c7e-ba46-ee39c7aca008;FRB1324;32;699103;6204768;1;22-11-2000 08:10:00 +01:00;;Temperatur; =;7,4;grader C;3
Station;49000061;ÆBELHOLT Å, SØSTERBRO MØLLE;32;699103;6204768;Hillerød;Region Hovedstaden;Vandløb;Poel Å;07-04-1998;1;Feltmålinger, Vandløb;Ja;Miljøstyrelsen;https://vanda.miljoeportal.dk/link/d9ff7c06-6170-4652-b1df-a654a6812cc7;FRB1324;32;699103;6204768;1;07-04-1998 08:38:00 +02:00;;Temperatur; =;6,1;grader C;3
Station;49000061;ÆBELHOLT Å, SØSTERBRO MØLLE;32;699103;6204768;Hillerød;Region Hovedstaden;Vandløb;Poel Å;21-06-2000;1;Feltmålinger, Vandløb;Ja;Miljøstyrelsen;https://vanda.miljoeportal.dk/link/c91a7736-1ea3-4524-898b-a1ab7841abbb;FRB1324;32;699103;6204768;1;21-06-2000 08:45:00 +02:00;;Temperatur; =;15,6;grader C;3
Station;49000061;ÆBELHOLT Å, SØSTERBRO MØLLE;32;699103;6204768;Hillerød;Region Hovedstaden;Vandløb;Poel Å;30-08-1995;1;Feltmålinger, Vandløb;Ja;Miljøstyrelsen;https://vanda.miljoeportal.dk/link/d2ec74b5-b03d-415a-b4dc-f20f579003a0;FRB1324;32;699103;6204768;1;30-08-1995 08:52:00 +02:00;;Oxygen indhold; =;8,6;mg/l;3
Station;49000061;ÆBELHOLT Å, SØSTERBRO MØLLE;32;699103;6204768;Hillerød;Region Hovedstaden;Vandløb;Poel Å;06-12-2000;1;Feltmålinger, Vandløb;Ja;Miljøstyrelsen;https://vanda.miljoeportal.dk/link/61d14b05-3fc9-48aa-a01e-de955926d3de;FRB1324;32;699103;6204768;1;06-12-2000 08:35:00 +01:00;;Oxygen indhold; =;9,3;mg/l;3
Station;49000061;ÆBELHOLT Å, SØSTERBRO MØLLE;32;699103;6204768;Hillerød;Region Hovedstaden;Vandløb;Poel Å;10-05-1994;1;Feltmålinger, Vandløb;Ja;Miljøstyrelsen;https://vanda.miljoeportal.dk/link/ed3ad55e-3a7b-4cbf-9e9d-2033d6b2b60f;FRB1324;32;699103;6204768;1;10-05-1994 08:59:00 +02:00;;Temperatur; =;9,1;grader C;3
Station;49000061;ÆBELHOLT Å, SØSTERBRO MØLLE;32;699103;6204768;Hillerød;Region Hovedstaden;Vandløb;Poel Å;14-02-2001;1;Feltmålinger, Vandløb;Ja;Miljøstyrelsen;https://vanda.miljoeportal.dk/link/4aa3f96b-9bde-46e1-8e0a-59dfaaa2bb4c;FRB1324;32;699103;6204768;1;14-02-2001 08:40:00 +01:00;;Temperatur; =;2,8;grader C;3
Station;49000061;ÆBELHOLT Å, SØSTERBRO MØLLE;32;699103;6204768;Hillerød;Region Hovedstaden;Vandløb;Poel Å;14-08-2002;1;Feltmålinger, Vandløb;Ja;Miljøstyrelsen;https://vanda.miljoeportal.dk/link/d0d8d881-045d-4d00-b52a-eb4506b6be05;FRB1324;32;699103;6204768;1;14-08-2002 06:55:00 +02:00;;Temperatur; =;16,7;grader C;3
Station;49000061;ÆBELHOLT Å, SØSTERBRO MØLLE;32;699103;6204768;Hillerød;Region Hovedstaden;Vandløb;Poel Å;03-08-1994;1;Feltmålinger, Vandløb;Ja;Miljøstyrelsen;https://vanda.miljoeportal.dk/link/ff035873-9e69-45ba-9170-db3a4c8f8846;FRB1324;32;699103;6204768;1;03-08-1994 09:16:00 +02:00;;Oxygen indhold; =;7,8;mg/l;3
Station;49000061;ÆBELHOLT Å, SØSTERBRO MØLLE;32;699103;6204768;Hillerød;Region Hovedstaden;Vandløb;Poel Å;10-05-2000;1;Feltmålinger, Vandløb;Ja;Miljøstyrelsen;https://vanda.miljoeportal.dk/link/ea979fcc-3ba2-438a-98a4-9fe8e1f1daf2;FRB1324;32;699103;6204768;1;10-05-2000 08:40:00 +02:00;;Temperatur; =;9,7;grader C;3
Station;49000061;ÆBELHOLT Å, SØSTERBRO MØLLE;32;699103;6204768;Hillerød;Region Hovedstaden;Vandløb;Poel Å;31-08-1994;1;Feltmålinger, Vandløb;Ja;Miljøstyrelsen;https://vanda.miljoeportal.dk/link/704162f0-5141-41e3-864d-a1653db88c54;FRB1324;32;699103;6204768;1;31-08-1994 09:20:00 +02:00;;Temperatur; =;10,7;grader C;3
Station;49000061;ÆBELHOLT Å, SØSTERBRO MØLLE;32;699103;6204768;Hillerød;Region Hovedstaden;Vandløb;Poel Å;08-05-1996;1;Feltmålinger, Vandløb;Ja;Miljøstyrelsen;https://vanda.miljoeportal.dk/link/a34a8d66-4fee-40fc-a128-ebf24d1db934;FRB1324;32;699103;6204768;1;08-05-1996 07:34:00 +02:00;;Temperatur; =;6,1;grader C;2
Station;49000061;ÆBELHOLT Å, SØSTERBRO MØLLE;32;699103;6204768;Hillerød;Region Hovedstaden;Vandløb;Poel Å;18-01-1995;1;Feltmålinger, Vandløb;Ja;Miljøstyrelsen;https://vanda.miljoeportal.dk/link/8c02468c-7be0-41d6-b8d6-a219a0714599;FRB1324;32;699103;6204768;1;18-01-1995 10:08:00 +01:00;;Temperatur; =;2,5;grader C;3
Station;49000061;ÆBELHOLT Å, SØSTERBRO MØLLE;32;699103;6204768;Hillerød;Region Hovedstaden;Vandløb;Poel Å;17-06-1998;1;Feltmålinger, Vandløb;Ja;Miljøstyrelsen;https://vanda.miljoeportal.dk/link/f4e4b47a-f6aa-4b01-929f-fe1342f62b63;FRB1324;32;699103;6204768;1;17-06-1998 06:54:00 +02:00;;Oxygen indhold; =;7,8;mg/l;3
Station;49000061;ÆBELHOLT Å, SØSTERBRO MØLLE;32;699103;6204768;Hillerød;Region Hovedstaden;Vandløb;Poel Å;03-03-1999;1;Feltmålinger, Vandløb;Ja;Miljøstyrelsen;https://vanda.miljoeportal.dk/link/ea2d028e-63c7-48be-928e-4361db6bbb87;FRB1324;32;699103;6204768;1;03-03-1999 08:20:00 +01:00;;Oxygen indhold; =;10,2;mg/l;3
Station;49000061;ÆBELHOLT Å, SØSTERBRO MØLLE;32;699103;6204768;Hillerød;Region Hovedstaden;Vandløb;Poel Å;17-07-2002;1;Feltmålinger, Vandløb;Ja;Miljøstyrelsen;https://vanda.miljoeportal.dk/link/2c1c8f59-01c6-4bb9-9a9c-a4a6b3458bc5;FRB1324;32;699103;6204768;1;17-07-2002 06:20:00 +02:00;;Temperatur; =;13,5;grader C;3
Station;49000061;ÆBELHOLT Å, SØSTERBRO MØLLE;32;699103;6204768;Hillerød;Region Hovedstaden;Vandløb;Poel Å;15-07-1998;1;Feltmålinger, Vandløb;Ja;Miljøstyrelsen;https://vanda.miljoeportal.dk/link/ed1319a0-4e11-4941-ba1f-3689fd53ba41;FRB1324;32;699103;6204768;1;15-07-1998 08:57:00 +02:00;;Temperatur; =;12,2;grader C;3
Station;49000061;ÆBELHOLT Å, SØSTERBRO MØLLE;32;699103;6204768;Hillerød;Region Hovedstaden;Vandløb;Poel Å;03-07-2002;1;Feltmålinger, Vandløb;Ja;Miljøstyrelsen;https://vanda.miljoeportal.dk/link/59e48c27-43ec-4e98-89fe-248db1388576;FRB1324;32;699103;6204768;1;03-07-2002 08:37:00 +02:00;;Oxygenmætning; =;86;pct;3
Station;49000061;ÆBELHOLT Å, SØSTERBRO MØLLE;32;699103;6204768;Hillerød;Region Hovedstaden;Vandløb;Poel Å;31-01-1996;1;Feltmålinger, Vandløb;Ja;Miljøstyrelsen;https://vanda.miljoeportal.dk/link/9ab808e8-bee6-40e9-8814-238ede6089c1;FRB1324;32;699103;6204768;1;31-01-1996 09:20:00 +01:00;;Temperatur; =;1,9;grader C;3
Station;49000061;ÆBELHOLT Å, SØSTERBRO MØLLE;32;699103;6204768;Hillerød;Region Hovedstaden;Vandløb;Poel Å;10-05-1994;1;Feltmålinger, Vandløb;Ja;Miljøstyrelsen;https://vanda.miljoeportal.dk/link/ed3ad55e-3a7b-4cbf-9e9d-2033d6b2b60f;FRB1324;32;699103;6204768;1;10-05-1994 08:59:00 +02:00;;Oxygen indhold; =;13,2;mg/l;3
Station;49000061;ÆBELHOLT Å, SØSTERBRO MØLLE;32;699103;6204768;Hillerød;Region Hovedstaden;Vandløb;Poel Å;22-12-1999;1;Feltmålinger, Vandløb;Ja;Miljøstyrelsen;https://vanda.miljoeportal.dk/link/9529ec55-697a-422e-b349-fcc9f9b73d47;FRB1324;32;699103;6204768;1;22-12-1999 08:45:00 +01:00;;Oxygen indhold; =;10,4;mg/l;3
Station;49000061;ÆBELHOLT Å, SØSTERBRO MØLLE;32;699103;6204768;Hillerød;Region Hovedstaden;Vandløb;Poel Å;21-05-1997;1;Feltmålinger, Vandløb;Ja;Miljøstyrelsen;https://vanda.miljoeportal.dk/link/03d15fbf-a2b8-4f1f-87b9-cb036ddc59a8;FRB1324;32;699103;6204768;1;21-05-1997 07:36:00 +02:00;;Oxygen indhold; =;10,4;mg/l;2
Station;49000061;ÆBELHOLT Å, SØSTERBRO MØLLE;32;699103;6204768;Hillerød;Region Hovedstaden;Vandløb;Poel Å;02-08-1995;1;Feltmålinger, Vandløb;Ja;Miljøstyrelsen;https://vanda.miljoeportal.dk/link/04cca9fa-5723-4d6e-aebb-0bae4d21dbb3;FRB1324;32;699103;6204768;1;02-08-1995 09:15:00 +02:00;;Temperatur; =;15,5;grader C;3
Station;49000061;ÆBELHOLT Å, SØSTERBRO MØLLE;32;699103;6204768;Hillerød;Region Hovedstaden;Vandløb;Poel Å;02-08-2000;1;Feltmålinger, Vandløb;Ja;Miljøstyrelsen;https://vanda.miljoeportal.dk/link/02fa3e2c-dd36-4ee3-9fe6-1aff986e49bd;FRB1324;32;699103;6204768;1;02-08-2000 08:35:00 +02:00;;Temperatur; =;13,8;grader C;3
Station;49000061;ÆBELHOLT Å, SØSTERBRO MØLLE;32;699103;6204768;Hillerød;Region Hovedstaden;Vandløb;Poel Å;20-07-1994;1;Feltmålinger, Vandløb;Ja;Miljøstyrelsen;https://vanda.miljoeportal.dk/link/62fe9122-e0a2-4f92-9c3e-2e7f0320ba6c;FRB1324;32;699103;6204768;1;20-07-1994 09:09:00 +02:00;;Temperatur; =;12,9;grader C;3
Station;49000061;ÆBELHOLT Å, SØSTERBRO MØLLE;32;699103;6204768;Hillerød;Region Hovedstaden;Vandløb;Poel Å;24-05-2000;1;Feltmålinger, Vandløb;Ja;Miljøstyrelsen;https://vanda.miljoeportal.dk/link/1db68dd9-a597-4d6c-924c-812cc01e80e6;FRB1324;32;699103;6204768;1;24-05-2000 08:50:00 +02:00;;Temperatur; =;11,8;grader C;3
Station;49000061;ÆBELHOLT Å, SØSTERBRO MØLLE;32;699103;6204768;Hillerød;Region Hovedstaden;Vandløb;Poel Å;25-04-2001;1;Feltmålinger, Vandløb;Ja;Miljøstyrelsen;https://vanda.miljoeportal.dk/link/78807faf-790f-45af-a80f-68faec914148;FRB1324;32;699103;6204768;1;25-04-2001 08:00:00 +02:00;;Temperatur; =;6,3;grader C;3
Station;49000061;ÆBELHOLT Å, SØSTERBRO MØLLE;32;699103;6204768;Hillerød;Region Hovedstaden;Vandløb;Poel Å;11-09-1996;1;Feltmålinger, Vandløb;Ja;Miljøstyrelsen;https://vanda.miljoeportal.dk/link/6eab7433-a5ae-490d-9246-2a327f9a7f36;FRB1324;32;699103;6204768;1;11-09-1996 07:31:00 +02:00;;Oxygen indhold; =;10,4;mg/l;3
Station;49000061;ÆBELHOLT Å, SØSTERBRO MØLLE;32;699103;6204768;Hillerød;Region Hovedstaden;Vandløb;Poel Å;29-03-2000;1;Feltmålinger, Vandløb;Ja;Miljøstyrelsen;https://vanda.miljoeportal.dk/link/17fd02c1-a722-48b0-994b-e37e82d045ff;FRB1324;32;699103;6204768;1;29-03-2000 08:30:00 +02:00;;Temperatur; =;3;grader C;3
Station;49000061;ÆBELHOLT Å, SØSTERBRO MØLLE;32;699103;6204768;Hillerød;Region Hovedstaden;Vandløb;Poel Å;24-04-1996;1;Feltmålinger, Vandløb;Ja;Miljøstyrelsen;https://vanda.miljoeportal.dk/link/50034438-38dc-4b95-b0b2-5e24761f7dc9;FRB1324;32;699103;6204768;1;24-04-1996 08:11:00 +02:00;;Oxygen indhold; =;8,2;mg/l;3
Station;49000061;ÆBELHOLT Å, SØSTERBRO MØLLE;32;699103;6204768;Hillerød;Region Hovedstaden;Vandløb;Poel Å;07-06-1995;1;Feltmålinger, Vandløb;Ja;Miljøstyrelsen;https://vanda.miljoeportal.dk/link/9904303b-8c2e-4a86-b743-6651fd464cf0;FRB1324;32;699103;6204768;1;07-06-1995 09:39:00 +02:00;;Oxygen indhold; =;12,3;mg/l;3
Station;49000061;ÆBELHOLT Å, SØSTERBRO MØLLE;32;699103;6204768;Hillerød;Region Hovedstaden;Vandløb;Poel Å;19-12-2001;1;Feltmålinger, Vandløb;Ja;Miljøstyrelsen;https://vanda.miljoeportal.dk/link/610646dd-9173-459e-8719-bb390e85af92;FRB1324;32;699103;6204768;1;19-12-2001 08:30:00 +01:00;;Temperatur; =;5,4;grader C;3
Station;49000061;ÆBELHOLT Å, SØSTERBRO MØLLE;32;699103;6204768;Hillerød;Region Hovedstaden;Vandløb;Poel Å;09-10-1996;1;Feltmålinger, Vandløb;Ja;Miljøstyrelsen;https://vanda.miljoeportal.dk/link/979337dd-2ddc-45aa-a0fd-b948596a1d23;FRB1324;32;699103;6204768;1;09-10-1996 08:11:00 +02:00;;Temperatur; =;10,1;grader C;3
Station;49000061;ÆBELHOLT Å, SØSTERBRO MØLLE;32;699103;6204768;Hillerød;Region Hovedstaden;Vandløb;Poel Å;31-07-1996;1;Feltmålinger, Vandløb;Ja;Miljøstyrelsen;https://vanda.miljoeportal.dk/link/e3415010-4124-4d12-a5af-612492b72e71;FRB1324;32;699103;6204768;1;31-07-1996 07:27:00 +02:00;;Temperatur; =;13,1;grader C;3
Station;49000061;ÆBELHOLT Å, SØSTERBRO MØLLE;32;699103;6204768;Hillerød;Region Hovedstaden;Vandløb;Poel Å;22-05-2001;1;Feltmålinger, Vandløb;Ja;Miljøstyrelsen;https://vanda.miljoeportal.dk/link/83092934-de37-4267-a541-5028dd803bc2;FRB1324;32;699103;6204768;1;22-05-2001 08:10:00 +02:00;;Oxygen indhold; =;9,21;mg/l;3
Station;49000061;ÆBELHOLT Å, SØSTERBRO MØLLE;32;699103;6204768;Hillerød;Region Hovedstaden;Vandløb;Poel Å;18-07-2001;1;Feltmålinger, Vandløb;Ja;Miljøstyrelsen;https://vanda.miljoeportal.dk/link/3589b456-7d7c-4628-be58-a13bd91e4b3a;FRB1324;32;699103;6204768;1;18-07-2001 08:55:00 +02:00;;Temperatur; =;12,3;grader C;3
Station;49000061;ÆBELHOLT Å, SØSTERBRO MØLLE;32;699103;6204768;Hillerød;Region Hovedstaden;Vandløb;Poel Å;17-07-2002;1;Feltmålinger, Vandløb;Ja;Miljøstyrelsen;https://vanda.miljoeportal.dk/link/2c1c8f59-01c6-4bb9-9a9c-a4a6b3458bc5;FRB1324;32;699103;6204768;1;17-07-2002 06:20:00 +02:00;;Oxygenmætning; =;75;pct;3
Station;49000061;ÆBELHOLT Å, SØSTERBRO MØLLE;32;699103;6204768;Hillerød;Region Hovedstaden;Vandløb;Poel Å;03-01-1997;1;Feltmålinger, Vandløb;Ja;Miljøstyrelsen;https://vanda.miljoeportal.dk/link/e5d1cd7a-48ad-4560-a3c0-4dd0ab8aa58a;FRB1324;32;699103;6204768;1;03-01-1997 09:11:00 +01:00;;Temperatur; =;0,1;grader C;3
Station;49000061;ÆBELHOLT Å, SØSTERBRO MØLLE;32;699103;6204768;Hillerød;Region Hovedstaden;Vandløb;Poel Å;02-01-1998;1;Feltmålinger, Vandløb;Ja;Miljøstyrelsen;https://vanda.miljoeportal.dk/link/c05e2c63-d745-4434-b264-3336f89d3470;FRB1324;32;699103;6204768;1;02-01-1998 09:09:00 +01:00;;Oxygen indhold; =;10;mg/l;3
Station;49000061;ÆBELHOLT Å, SØSTERBRO MØLLE;32;699103;6204768;Hillerød;Region Hovedstaden;Vandløb;Poel Å;29-01-1997;1;Feltmålinger, Vandløb;Ja;Miljøstyrelsen;https://vanda.miljoeportal.dk/link/f21b867b-11e1-4f07-a79a-3f7131d94958;FRB1324;32;699103;6204768;1;29-01-1997 09:03:00 +01:00;;Temperatur; =;0,1;grader C;3
Station;49000061;ÆBELHOLT Å, SØSTERBRO MØLLE;32;699103;6204768;Hillerød;Region Hovedstaden;Vandløb;Poel Å;18-08-1999;1;Feltmålinger, Vandløb;Ja;Miljøstyrelsen;https://vanda.miljoeportal.dk/link/3b563d53-5bb1-492d-827d-23cacd38ebb9;FRB1324;32;699103;6204768;1;18-08-1999 08:35:00 +02:00;;Oxygen indhold; =;9,3;mg/l;3
Station;49000061;ÆBELHOLT Å, SØSTERBRO MØLLE;32;699103;6204768;Hillerød;Region Hovedstaden;Vandløb;Poel Å;04-08-1993;1;Feltmålinger, Vandløb;Ja;Miljøstyrelsen;https://vanda.miljoeportal.dk/link/5608f4d0-4e49-4bbd-9d81-9c929d810e81;FRB1324;32;699103;6204768;1;04-08-1993 07:53:00 +02:00;;Oxygen indhold; =;5,6;mg/l;3
Station;49000061;ÆBELHOLT Å, SØSTERBRO MØLLE;32;699103;6204768;Hillerød;Region Hovedstaden;Vandløb;Poel Å;21-07-1993;1;Feltmålinger, Vandløb;Ja;Miljøstyrelsen;https://vanda.miljoeportal.dk/link/6de87f5d-5eb2-4857-9bf6-2f29279ada1e;FRB1324;32;699103;6204768;1;21-07-1993 07:52:00 +02:00;;Temperatur; =;13,2;grader C;3
Station;49000061;ÆBELHOLT Å, SØSTERBRO MØLLE;32;699103;6204768;Hillerød;Region Hovedstaden;Vandløb;Poel Å;07-07-1993;1;Feltmålinger, Vandløb;Ja;Miljøstyrelsen;https://vanda.miljoeportal.dk/link/55d870dd-2361-426a-b1c7-3786ed96554a;FRB1324;32;699103;6204768;1;07-07-1993 07:51:00 +02:00;;Oxygen indhold; =;7;mg/l;3
Station;49000061;ÆBELHOLT Å, SØSTERBRO MØLLE;32;699103;6204768;Hillerød;Region Hovedstaden;Vandløb;Poel Å;21-11-2001;1;Feltmålinger, Vandløb;Ja;Miljøstyrelsen;https://vanda.miljoeportal.dk/link/49735e13-2110-4d0e-8645-c253467e050c;FRB1324;32;699103;6204768;1;21-11-2001 09:20:00 +01:00;;Temperatur; =;7;grader C;3
Station;49000061;ÆBELHOLT Å, SØSTERBRO MØLLE;32;699103;6204768;Hillerød;Region Hovedstaden;Vandløb;Poel Å;23-06-1993;1;Feltmålinger, Vandløb;Ja;Miljøstyrelsen;https://vanda.miljoeportal.dk/link/eb5bdc90-4441-45e8-a1bf-8a74d364a767;FRB1324;32;699103;6204768;1;23-06-1993 08:25:00 +02:00;;Temperatur; =;10,7;grader C;3
Station;49000061;ÆBELHOLT Å, SØSTERBRO MØLLE;32;699103;6204768;Hillerød;Region Hovedstaden;Vandløb;Poel Å;23-06-1993;1;Feltmålinger, Vandløb;Ja;Miljøstyrelsen;https://vanda.miljoeportal.dk/link/eb5bdc90-4441-45e8-a1bf-8a74d364a767;FRB1324;32;699103;6204768;1;23-06-1993 08:25:00 +02:00;;Oxygen indhold; =;13,5;mg/l;3
Station;49000061;ÆBELHOLT Å, SØSTERBRO MØLLE;32;699103;6204768;Hillerød;Region Hovedstaden;Vandløb;Poel Å;09-06-1993;1;Feltmålinger, Vandløb;Ja;Miljøstyrelsen;https://vanda.miljoeportal.dk/link/3c0a6066-e3a4-4209-a766-a54ee679dcd0;FRB1324;32;699103;6204768;1;09-06-1993 07:54:00 +02:00;;Oxygen indhold; =;12,3;mg/l;3
Station;49000061;ÆBELHOLT Å, SØSTERBRO MØLLE;32;699103;6204768;Hillerød;Region Hovedstaden;Vandløb;Poel Å;26-05-1993;1;Feltmålinger, Vandløb;Ja;Miljøstyrelsen;https://vanda.miljoeportal.dk/link/8af2a738-f5f9-45e8-aa95-ac58a5276566;FRB1324;32;699103;6204768;1;26-05-1993 08:15:00 +02:00;;Temperatur; =;8,9;grader C;3
Station;49000061;ÆBELHOLT Å, SØSTERBRO MØLLE;32;699103;6204768;Hillerød;Region Hovedstaden;Vandløb;Poel Å;07-04-1998;1;Feltmålinger, Vandløb;Ja;Miljøstyrelsen;https://vanda.miljoeportal.dk/link/d9ff7c06-6170-4652-b1df-a654a6812cc7;FRB1324;32;699103;6204768;1;07-04-1998 08:38:00 +02:00;;Oxygen indhold; =;9,5;mg/l;3
Station;49000061;ÆBELHOLT Å, SØSTERBRO MØLLE;32;699103;6204768;Hillerød;Region Hovedstaden;Vandløb;Poel Å;12-05-1993;1;Feltmålinger, Vandløb;Ja;Miljøstyrelsen;https://vanda.miljoeportal.dk/link/576c5883-ae5b-4483-bbef-e963a5af13a0;FRB1324;32;699103;6204768;1;12-05-1993 08:02:00 +02:00;;Oxygen indhold; =;13,1;mg/l;3
Station;49000061;ÆBELHOLT Å, SØSTERBRO MØLLE;32;699103;6204768;Hillerød;Region Hovedstaden;Vandløb;Poel Å;12-05-1993;1;Feltmålinger, Vandløb;Ja;Miljøstyrelsen;https://vanda.miljoeportal.dk/link/576c5883-ae5b-4483-bbef-e963a5af13a0;FRB1324;32;699103;6204768;1;12-05-1993 08:02:00 +02:00;;Temperatur; =;10,1;grader C;3
Station;49000061;ÆBELHOLT Å, SØSTERBRO MØLLE;32;699103;6204768;Hillerød;Region Hovedstaden;Vandløb;Poel Å;14-04-1993;1;Feltmålinger, Vandløb;Ja;Miljøstyrelsen;https://vanda.miljoeportal.dk/link/8ced3da7-cbc7-466a-87e6-d7e39ea714cb;FRB1324;32;699103;6204768;1;14-04-1993 08:00:00 +02:00;;Temperatur; =;2,9;grader C;3
Station;49000061;ÆBELHOLT Å, SØSTERBRO MØLLE;32;699103;6204768;Hillerød;Region Hovedstaden;Vandløb;Poel Å;14-04-1993;1;Feltmålinger, Vandløb;Ja;Miljøstyrelsen;https://vanda.miljoeportal.dk/link/8ced3da7-cbc7-466a-87e6-d7e39ea714cb;FRB1324;32;699103;6204768;1;14-04-1993 08:00:00 +02:00;;Oxygen indhold; =;12,7;mg/l;3
Station;49000061;ÆBELHOLT Å, SØSTERBRO MØLLE;32;699103;6204768;Hillerød;Region Hovedstaden;Vandløb;Poel Å;31-07-1996;1;Feltmålinger, Vandløb;Ja;Miljøstyrelsen;https://vanda.miljoeportal.dk/link/e3415010-4124-4d12-a5af-612492b72e71;FRB1324;32;699103;6204768;1;31-07-1996 07:27:00 +02:00;;Oxygen indhold; =;8,6;mg/l;3
Station;49000061;ÆBELHOLT Å, SØSTERBRO MØLLE;32;699103;6204768;Hillerød;Region Hovedstaden;Vandløb;Poel Å;31-03-1993;1;Feltmålinger, Vandløb;Ja;Miljøstyrelsen;https://vanda.miljoeportal.dk/link/219b0ef8-5bd5-41a9-95a6-7b38f9bb6ab2;FRB1324;32;699103;6204768;1;31-03-1993 07:22:00 +02:00;;Temperatur; =;2,6;grader C;3
Station;49000061;ÆBELHOLT Å, SØSTERBRO MØLLE;32;699103;6204768;Hillerød;Region Hovedstaden;Vandløb;Poel Å;31-03-1993;1;Feltmålinger, Vandløb;Ja;Miljøstyrelsen;https://vanda.miljoeportal.dk/link/219b0ef8-5bd5-41a9-95a6-7b38f9bb6ab2;FRB1324;32;699103;6204768;1;31-03-1993 07:22:00 +02:00;;Oxygen indhold; =;13,3;mg/l;3
Station;49000061;ÆBELHOLT Å, SØSTERBRO MØLLE;32;699103;6204768;Hillerød;Region Hovedstaden;Vandløb;Poel Å;17-03-1993;1;Feltmålinger, Vandløb;Ja;Miljøstyrelsen;https://vanda.miljoeportal.dk/link/eab34fff-4a48-4664-819a-89ec28481541;FRB1324;32;699103;6204768;1;17-03-1993 08:41:00 +01:00;;Temperatur; =;4,8;grader C;3
Station;49000061;ÆBELHOLT Å, SØSTERBRO MØLLE;32;699103;6204768;Hillerød;Region Hovedstaden;Vandløb;Poel Å;17-03-1993;1;Feltmålinger, Vandløb;Ja;Miljøstyrelsen;https://vanda.miljoeportal.dk/link/eab34fff-4a48-4664-819a-89ec28481541;FRB1324;32;699103;6204768;1;17-03-1993 08:41:00 +01:00;;Oxygen indhold; =;11,1;mg/l;3
Station;49000061;ÆBELHOLT Å, SØSTERBRO MØLLE;32;699103;6204768;Hillerød;Region Hovedstaden;Vandløb;Poel Å;03-03-1993;1;Feltmålinger, Vandløb;Ja;Miljøstyrelsen;https://vanda.miljoeportal.dk/link/61ae302e-d5a8-4e23-9c1d-56cc2cee6612;FRB1324;32;699103;6204768;1;03-03-1993 08:45:00 +01:00;;Oxygen indhold; =;11,6;mg/l;3
Station;49000061;ÆBELHOLT Å, SØSTERBRO MØLLE;32;699103;6204768;Hillerød;Region Hovedstaden;Vandløb;Poel Å;03-03-1993;1;Feltmålinger, Vandløb;Ja;Miljøstyrelsen;https://vanda.miljoeportal.dk/link/61ae302e-d5a8-4e23-9c1d-56cc2cee6612;FRB1324;32;699103;6204768;1;03-03-1993 08:45:00 +01:00;;Temperatur; =;2,4;grader C;3
Station;49000061;ÆBELHOLT Å, SØSTERBRO MØLLE;32;699103;6204768;Hillerød;Region Hovedstaden;Vandløb;Poel Å;17-02-1993;1;Feltmålinger, Vandløb;Ja;Miljøstyrelsen;https://vanda.miljoeportal.dk/link/8bcf91a0-b140-4586-955d-4db7c485ddf5;FRB1324;32;699103;6204768;1;17-02-1993 08:38:00 +01:00;;Oxygen indhold; =;9,8;mg/l;3
Station;49000061;ÆBELHOLT Å, SØSTERBRO MØLLE;32;699103;6204768;Hillerød;Region Hovedstaden;Vandløb;Poel Å;21-07-1999;1;Feltmålinger, Vandløb;Ja;Miljøstyrelsen;https://vanda.miljoeportal.dk/link/ad46b03b-acff-4924-a792-f4447864fc40;FRB1324;32;699103;6204768;1;21-07-1999 10:05:00 +02:00;;Oxygen indhold; =;7,9;mg/l;3
Station;49000061;ÆBELHOLT Å, SØSTERBRO MØLLE;32;699103;6204768;Hillerød;Region Hovedstaden;Vandløb;Poel Å;03-02-1993;1;Feltmålinger, Vandløb;Ja;Miljøstyrelsen;https://vanda.miljoeportal.dk/link/d561d051-3ea1-490a-b8f2-7d733f7503b9;FRB1324;32;699103;6204768;1;03-02-1993 08:46:00 +01:00;;Oxygen indhold; =;11,2;mg/l;3
Station;49000061;ÆBELHOLT Å, SØSTERBRO MØLLE;32;699103;6204768;Hillerød;Region Hovedstaden;Vandløb;Poel Å;20-01-1993;1;Feltmålinger, Vandløb;Ja;Miljøstyrelsen;https://vanda.miljoeportal.dk/link/2ecfd7ef-29f6-4238-97ae-3900eeab267a;FRB1324;32;699103;6204768;1;20-01-1993 09:07:00 +01:00;;Temperatur; =;4,3;grader C;3
Station;49000061;ÆBELHOLT Å, SØSTERBRO MØLLE;32;699103;6204768;Hillerød;Region Hovedstaden;Vandløb;Poel Å;06-01-1993;1;Feltmålinger, Vandløb;Ja;Miljøstyrelsen;https://vanda.miljoeportal.dk/link/55318c5d-73c8-44d7-8d55-be821766b545;FRB1324;32;699103;6204768;1;06-01-1993 08:52:00 +01:00;;Temperatur; =;3,6;grader C;3
Station;49000061;ÆBELHOLT Å, SØSTERBRO MØLLE;32;699103;6204768;Hillerød;Region Hovedstaden;Vandløb;Poel Å;16-03-1994;1;Feltmålinger, Vandløb;Ja;Miljøstyrelsen;https://vanda.miljoeportal.dk/link/cea8d3ee-fdcb-42b9-bb69-dc2dbcca9d6d;FRB1324;32;699103;6204768;1;16-03-1994 08:54:00 +01:00;;Temperatur; =;2,9;grader C;3
Station;49000061;ÆBELHOLT Å, SØSTERBRO MØLLE;32;699103;6204768;Hillerød;Region Hovedstaden;Vandløb;Poel Å;27-10-1999;1;Feltmålinger, Vandløb;Ja;Miljøstyrelsen;https://vanda.miljoeportal.dk/link/56f9e220-85d0-429b-86e8-9149212958b4;FRB1324;32;699103;6204768;1;27-10-1999 08:45:00 +02:00;;Oxygen indhold; =;8,8;mg/l;3
Station;49000061;ÆBELHOLT Å, SØSTERBRO MØLLE;32;699103;6204768;Hillerød;Region Hovedstaden;Vandløb;Poel Å;22-10-1997;1;Feltmålinger, Vandløb;Ja;Miljøstyrelsen;https://vanda.miljoeportal.dk/link/acce4c38-84ec-477e-a91b-1e1995365abe;FRB1324;32;699103;6204768;1;22-10-1997 07:57:00 +02:00;;Temperatur; =;7,7;grader C;3
Station;49000061;ÆBELHOLT Å, SØSTERBRO MØLLE;32;699103;6204768;Hillerød;Region Hovedstaden;Vandløb;Poel Å;01-08-2001;1;Feltmålinger, Vandløb;Ja;Miljøstyrelsen;https://vanda.miljoeportal.dk/link/619aefc5-213c-49a2-a245-597d1ea12844;FRB1324;32;699103;6204768;1;01-08-2001 11:05:00 +02:00;;Oxygen indhold; =;15,1;mg/l;3
Station;49000061;ÆBELHOLT Å, SØSTERBRO MØLLE;32;699103;6204768;Hillerød;Region Hovedstaden;Vandløb;Poel Å;07-06-1995;1;Feltmålinger, Vandløb;Ja;Miljøstyrelsen;https://vanda.miljoeportal.dk/link/9904303b-8c2e-4a86-b743-6651fd464cf0;FRB1324;32;699103;6204768;1;07-06-1995 09:39:00 +02:00;;Temperatur; =;12;grader C;3
Station;49000061;ÆBELHOLT Å, SØSTERBRO MØLLE;32;699103;6204768;Hillerød;Region Hovedstaden;Vandløb;Poel Å;06-01-1993;1;Feltmålinger, Vandløb;Ja;Miljøstyrelsen;https://vanda.miljoeportal.dk/link/55318c5d-73c8-44d7-8d55-be821766b545;FRB1324;32;699103;6204768;1;06-01-1993 08:52:00 +01:00;;Oxygen indhold; =;10,1;mg/l;3
Station;49000061;ÆBELHOLT Å, SØSTERBRO MØLLE;32;699103;6204768;Hillerød;Region Hovedstaden;Vandløb;Poel Å;25-11-1992;1;Feltmålinger, Vandløb;Ja;Miljøstyrelsen;https://vanda.miljoeportal.dk/link/91ec89f0-2f51-4d36-ba29-6206a78c2fae;FRB1324;32;699103;6204768;1;25-11-1992 08:39:00 +01:00;;Temperatur; =;6,4;grader C;3
Station;49000061;ÆBELHOLT Å, SØSTERBRO MØLLE;32;699103;6204768;Hillerød;Region Hovedstaden;Vandløb;Poel Å;11-11-1992;1;Feltmålinger, Vandløb;Ja;Miljøstyrelsen;https://vanda.miljoeportal.dk/link/0544581f-2abf-470b-99ce-8ce45119e2bf;FRB1324;32;699103;6204768;1;11-11-1992 08:42:00 +01:00;;Temperatur; =;6,8;grader C;3
Station;49000061;ÆBELHOLT Å, SØSTERBRO MØLLE;32;699103;6204768;Hillerød;Region Hovedstaden;Vandløb;Poel Å;04-06-1996;1;Feltmålinger, Vandløb;Ja;Miljøstyrelsen;https://vanda.miljoeportal.dk/link/279b14cd-62b7-4965-8ed6-5ab727c35e1f;FRB1324;32;699103;6204768;1;04-06-1996 00:00:00 +02:00;;Oxygen indhold; =;14,1;mg/l;3
Station;49000061;ÆBELHOLT Å, SØSTERBRO MØLLE;32;699103;6204768;Hillerød;Region Hovedstaden;Vandløb;Poel Å;11-11-1992;1;Feltmålinger, Vandløb;Ja;Miljøstyrelsen;https://vanda.miljoeportal.dk/link/0544581f-2abf-470b-99ce-8ce45119e2bf;FRB1324;32;699103;6204768;1;11-11-1992 08:42:00 +01:00;;Oxygen indhold; =;8,9;mg/l;3
Station;49000061;ÆBELHOLT Å, SØSTERBRO MØLLE;32;699103;6204768;Hillerød;Region Hovedstaden;Vandløb;Poel Å;29-10-1992;1;Feltmålinger, Vandløb;Ja;Miljøstyrelsen;https://vanda.miljoeportal.dk/link/e71779a4-9d79-4d4a-8200-e6c648da0dbf;FRB1324;32;699103;6204768;1;29-10-1992 08:25:00 +01:00;;Oxygen indhold; =;7,6;mg/l;3
Station;49000061;ÆBELHOLT Å, SØSTERBRO MØLLE;32;699103;6204768;Hillerød;Region Hovedstaden;Vandløb;Poel Å;17-03-1999;1;Feltmålinger, Vandløb;Ja;Miljøstyrelsen;https://vanda.miljoeportal.dk/link/743e2e00-fe1f-4385-bd01-e8d0d093dfc0;FRB1324;32;699103;6204768;1;17-03-1999 08:30:00 +01:00;;Temperatur; =;3;grader C;3
Station;49000061;ÆBELHOLT Å, SØSTERBRO MØLLE;32;699103;6204768;Hillerød;Region Hovedstaden;Vandløb;Poel Å;21-10-1992;1;Feltmålinger, Vandløb;Ja;Miljøstyrelsen;https://vanda.miljoeportal.dk/link/22803e22-f8e6-4fa8-861e-4d72c3a41208;FRB1324;32;699103;6204768;1;21-10-1992 11:30:00 +01:00;;Temperatur; =;8,2;grader C;3
Station;49000061;ÆBELHOLT Å, SØSTERBRO MØLLE;32;699103;6204768;Hillerød;Region Hovedstaden;Vandløb;Poel Å;21-10-1992;1;Feltmålinger, Vandløb;Ja;Miljøstyrelsen;https://vanda.miljoeportal.dk/link/22803e22-f8e6-4fa8-861e-4d72c3a41208;FRB1324;32;699103;6204768;1;21-10-1992 11:30:00 +01:00;;Oxygen indhold; =;8,6;mg/l;3
Station;49000061;ÆBELHOLT Å, SØSTERBRO MØLLE;32;699103;6204768;Hillerød;Region Hovedstaden;Vandløb;Poel Å;07-10-1992;1;Feltmålinger, Vandløb;Ja;Miljøstyrelsen;https://vanda.miljoeportal.dk/link/dff7c2ad-12aa-46da-bafb-2993276c215b;FRB1324;32;699103;6204768;1;07-10-1992 08:24:00 +01:00;;Temperatur; =;7,2;grader C;3
Station;49000061;ÆBELHOLT Å, SØSTERBRO MØLLE;32;699103;6204768;Hillerød;Region Hovedstaden;Vandløb;Poel Å;07-10-1992;1;Feltmålinger, Vandløb;Ja;Miljøstyrelsen;https://vanda.miljoeportal.dk/link/dff7c2ad-12aa-46da-bafb-2993276c215b;FRB1324;32;699103;6204768;1;07-10-1992 08:24:00 +01:00;;Oxygen indhold; =;11,5;mg/l;3
Station;49000061;ÆBELHOLT Å, SØSTERBRO MØLLE;32;699103;6204768;Hillerød;Region Hovedstaden;Vandløb;Poel Å;14-09-1992;1;Feltmålinger, Vandløb;Ja;Miljøstyrelsen;https://vanda.miljoeportal.dk/link/5fa70186-17fc-4b1b-8229-78e823774158;FRB1324;32;699103;6204768;1;14-09-1992 07:41:00 +02:00;;Temperatur; =;12,4;grader C;3
Station;49000061;ÆBELHOLT Å, SØSTERBRO MØLLE;32;699103;6204768;Hillerød;Region Hovedstaden;Vandløb;Poel Å;09-05-2001;1;Feltmålinger, Vandløb;Ja;Miljøstyrelsen;https://vanda.miljoeportal.dk/link/8e0da316-bd64-4f80-8a03-06fe72a47956;FRB1324;32;699103;6204768;1;09-05-2001 08:35:00 +02:00;;Oxygen indhold; =;12,3;mg/l;3
Station;49000061;ÆBELHOLT Å, SØSTERBRO MØLLE;32;699103;6204768;Hillerød;Region Hovedstaden;Vandløb;Poel Å;02-09-1992;1;Feltmålinger, Vandløb;Ja;Miljøstyrelsen;https://vanda.miljoeportal.dk/link/86d12a51-9f27-404e-bb82-af28bef7f98e;FRB1324;32;699103;6204768;1;02-09-1992 07:49:00 +02:00;;Oxygen indhold; =;8,1;mg/l;3
Station;49000061;ÆBELHOLT Å, SØSTERBRO MØLLE;32;699103;6204768;Hillerød;Region Hovedstaden;Vandløb;Poel Å;19-08-1992;1;Feltmålinger, Vandløb;Ja;Miljøstyrelsen;https://vanda.miljoeportal.dk/link/48dbece5-c2ed-41b7-b979-5c4212b7e2c1;FRB1324;32;699103;6204768;1;19-08-1992 13:25:00 +02:00;;Oxygen indhold; =;11,1;mg/l;3
Station;49000061;ÆBELHOLT Å, SØSTERBRO MØLLE;32;699103;6204768;Hillerød;Region Hovedstaden;Vandløb;Poel Å;05-08-1992;1;Feltmålinger, Vandløb;Ja;Miljøstyrelsen;https://vanda.miljoeportal.dk/link/162dc7d5-b75b-486f-bc4d-898d2781bb67;FRB1324;32;699103;6204768;1;05-08-1992 07:32:00 +02:00;;Temperatur; =;14,1;grader C;3
Station;49000061;ÆBELHOLT Å, SØSTERBRO MØLLE;32;699103;6204768;Hillerød;Region Hovedstaden;Vandløb;Poel Å;02-12-1998;1;Feltmålinger, Vandløb;Ja;Miljøstyrelsen;https://vanda.miljoeportal.dk/link/f696e7b4-255a-40f9-a938-6bf1331cd108;FRB1324;32;699103;6204768;1;02-12-1998 08:08:00 +01:00;;Temperatur; =;2,7;grader C;3
Station;49000061;ÆBELHOLT Å, SØSTERBRO MØLLE;32;699103;6204768;Hillerød;Region Hovedstaden;Vandløb;Poel Å;05-08-1992;1;Feltmålinger, Vandløb;Ja;Miljøstyrelsen;https://vanda.miljoeportal.dk/link/162dc7d5-b75b-486f-bc4d-898d2781bb67;FRB1324;32;699103;6204768;1;05-08-1992 07:32:00 +02:00;;Oxygen indhold; =;9,9;mg/l;3
Station;49000061;ÆBELHOLT Å, SØSTERBRO MØLLE;32;699103;6204768;Hillerød;Region Hovedstaden;Vandløb;Poel Å;22-07-1992;1;Feltmålinger, Vandløb;Ja;Miljøstyrelsen;https://vanda.miljoeportal.dk/link/4634943a-2c52-4e34-bd1e-28b2a1511286;FRB1324;32;699103;6204768;1;22-07-1992 09:00:00 +02:00;;Oxygen indhold; =;9,9;mg/l;3
Station;49000061;ÆBELHOLT Å, SØSTERBRO MØLLE;32;699103;6204768;Hillerød;Region Hovedstaden;Vandløb;Poel Å;08-07-1992;1;Feltmålinger, Vandløb;Ja;Miljøstyrelsen;https://vanda.miljoeportal.dk/link/2a51785a-84ec-47dd-8805-bb26618be370;FRB1324;32;699103;6204768;1;08-07-1992 07:48:00 +02:00;;Oxygen indhold; =;9,3;mg/l;3
Station;49000061;ÆBELHOLT Å, SØSTERBRO MØLLE;32;699103;6204768;Hillerød;Region Hovedstaden;Vandløb;Poel Å;08-07-1992;1;Feltmålinger, Vandløb;Ja;Miljøstyrelsen;https://vanda.miljoeportal.dk/link/2a51785a-84ec-47dd-8805-bb26618be370;FRB1324;32;699103;6204768;1;08-07-1992 07:48:00 +02:00;;Temperatur; =;15,7;grader C;3
Station;49000061;ÆBELHOLT Å, SØSTERBRO MØLLE;32;699103;6204768;Hillerød;Region Hovedstaden;Vandløb;Poel Å;10-06-1992;1;Feltmålinger, Vandløb;Ja;Miljøstyrelsen;https://vanda.miljoeportal.dk/link/d76b0495-80d7-46ed-a112-af685b7bfbdd;FRB1324;32;699103;6204768;1;10-06-1992 07:47:00 +02:00;;Oxygen indhold; =;9,7;mg/l;3
Station;49000061;ÆBELHOLT Å, SØSTERBRO MØLLE;32;699103;6204768;Hillerød;Region Hovedstaden;Vandløb;Poel Å;10-06-1992;1;Feltmålinger, Vandløb;Ja;Miljøstyrelsen;https://vanda.miljoeportal.dk/link/d76b0495-80d7-46ed-a112-af685b7bfbdd;FRB1324;32;699103;6204768;1;10-06-1992 07:47:00 +02:00;;Temperatur; =;11,5;grader C;3
Station;49000061;ÆBELHOLT Å, SØSTERBRO MØLLE;32;699103;6204768;Hillerød;Region Hovedstaden;Vandløb;Poel Å;26-05-1992;1;Feltmålinger, Vandløb;Ja;Miljøstyrelsen;https://vanda.miljoeportal.dk/link/306b79a8-6771-4615-b707-82439adfbc88;FRB1324;32;699103;6204768;1;26-05-1992 07:38:00 +02:00;;Temperatur; =;11;grader C;3
Station;49000061;ÆBELHOLT Å, SØSTERBRO MØLLE;32;699103;6204768;Hillerød;Region Hovedstaden;Vandløb;Poel Å;26-05-1992;1;Feltmålinger, Vandløb;Ja;Miljøstyrelsen;https://vanda.miljoeportal.dk/link/306b79a8-6771-4615-b707-82439adfbc88;FRB1324;32;699103;6204768;1;26-05-1992 07:38:00 +02:00;;Oxygen indhold; =;9,7;mg/l;3
Station;49000061;ÆBELHOLT Å, SØSTERBRO MØLLE;32;699103;6204768;Hillerød;Region Hovedstaden;Vandløb;Poel Å;05-11-1997;1;Feltmålinger, Vandløb;Ja;Miljøstyrelsen;https://vanda.miljoeportal.dk/link/aa0c6a8a-b2b3-46e7-9833-4e0baa054ba6;FRB1324;32;699103;6204768;1;05-11-1997 09:11:00 +01:00;;Oxygen indhold; =;11,7;mg/l;3
Station;49000061;ÆBELHOLT Å, SØSTERBRO MØLLE;32;699103;6204768;Hillerød;Region Hovedstaden;Vandløb;Poel Å;13-05-1992;1;Feltmålinger, Vandløb;Ja;Miljøstyrelsen;https://vanda.miljoeportal.dk/link/39099ee5-7695-40ea-a11b-eee0805dfa09;FRB1324;32;699103;6204768;1;13-05-1992 07:57:00 +02:00;;Temperatur; =;9,5;grader C;3
Station;49000061;ÆBELHOLT Å, SØSTERBRO MØLLE;32;699103;6204768;Hillerød;Region Hovedstaden;Vandløb;Poel Å;13-05-1992;1;Feltmålinger, Vandløb;Ja;Miljøstyrelsen;https://vanda.miljoeportal.dk/link/39099ee5-7695-40ea-a11b-eee0805dfa09;FRB1324;32;699103;6204768;1;13-05-1992 07:57:00 +02:00;;Oxygen indhold; =;12,1;mg/l;3
Station;49000061;ÆBELHOLT Å, SØSTERBRO MØLLE;32;699103;6204768;Hillerød;Region Hovedstaden;Vandløb;Poel Å;29-04-1992;1;Feltmålinger, Vandløb;Ja;Miljøstyrelsen;https://vanda.miljoeportal.dk/link/c400ec7e-4a5c-46dd-8fab-8f2d27a1098a;FRB1324;32;699103;6204768;1;29-04-1992 07:53:00 +02:00;;Oxygen indhold; =;9,2;mg/l;3
Station;49000061;ÆBELHOLT Å, SØSTERBRO MØLLE;32;699103;6204768;Hillerød;Region Hovedstaden;Vandløb;Poel Å;01-02-1995;1;Feltmålinger, Vandløb;Ja;Miljøstyrelsen;https://vanda.miljoeportal.dk/link/44f1b1b2-35d0-4e65-a6bc-2778222b083b;FRB1324;32;699103;6204768;1;01-02-1995 10:01:00 +01:00;;Temperatur; =;2,1;grader C;3
Station;49000061;ÆBELHOLT Å, SØSTERBRO MØLLE;32;699103;6204768;Hillerød;Region Hovedstaden;Vandløb;Poel Å;29-04-1992;1;Feltmålinger, Vandløb;Ja;Miljøstyrelsen;https://vanda.miljoeportal.dk/link/c400ec7e-4a5c-46dd-8fab-8f2d27a1098a;FRB1324;32;699103;6204768;1;29-04-1992 07:53:00 +02:00;;Temperatur; =;7,8;grader C;3
Station;49000061;ÆBELHOLT Å, SØSTERBRO MØLLE;32;699103;6204768;Hillerød;Region Hovedstaden;Vandløb;Poel Å;14-04-1992;1;Feltmålinger, Vandløb;Ja;Miljøstyrelsen;https://vanda.miljoeportal.dk/link/7802b622-7cba-4a72-9f24-6449d3e3ed98;FRB1324;32;699103;6204768;1;14-04-1992 07:46:00 +02:00;;Temperatur; =;5,9;grader C;3
Station;49000061;ÆBELHOLT Å, SØSTERBRO MØLLE;32;699103;6204768;Hillerød;Region Hovedstaden;Vandløb;Poel Å;14-04-1992;1;Feltmålinger, Vandløb;Ja;Miljøstyrelsen;https://vanda.miljoeportal.dk/link/7802b622-7cba-4a72-9f24-6449d3e3ed98;FRB1324;32;699103;6204768;1;14-04-1992 07:46:00 +02:00;;Oxygen indhold; =;9,9;mg/l;3
Station;49000061;ÆBELHOLT Å, SØSTERBRO MØLLE;32;699103;6204768;Hillerød;Region Hovedstaden;Vandløb;Poel Å;01-04-1992;1;Feltmålinger, Vandløb;Ja;Miljøstyrelsen;https://vanda.miljoeportal.dk/link/0720be85-4062-4718-bd14-c1493876bcfd;FRB1324;32;699103;6204768;1;01-04-1992 07:52:00 +02:00;;Temperatur; =;4;grader C;3
Station;49000061;ÆBELHOLT Å, SØSTERBRO MØLLE;32;699103;6204768;Hillerød;Region Hovedstaden;Vandløb;Poel Å;01-04-1992;1;Feltmålinger, Vandløb;Ja;Miljøstyrelsen;https://vanda.miljoeportal.dk/link/0720be85-4062-4718-bd14-c1493876bcfd;FRB1324;32;699103;6204768;1;01-04-1992 07:52:00 +02:00;;Oxygen indhold; =;11;mg/l;3
Station;49000061;ÆBELHOLT Å, SØSTERBRO MØLLE;32;699103;6204768;Hillerød;Region Hovedstaden;Vandløb;Poel Å;18-03-1992;1;Feltmålinger, Vandløb;Ja;Miljøstyrelsen;https://vanda.miljoeportal.dk/link/6f3de779-0b11-4725-8c73-34c52b3177ce;FRB1324;32;699103;6204768;1;18-03-1992 08:40:00 +01:00;;Temperatur; =;5,3;grader C;3
Station;49000061;ÆBELHOLT Å, SØSTERBRO MØLLE;32;699103;6204768;Hillerød;Region Hovedstaden;Vandløb;Poel Å;18-03-1992;1;Feltmålinger, Vandløb;Ja;Miljøstyrelsen;https://vanda.miljoeportal.dk/link/6f3de779-0b11-4725-8c73-34c52b3177ce;FRB1324;32;699103;6204768;1;18-03-1992 08:40:00 +01:00;;Oxygen indhold; =;11,2;mg/l;3
Station;49000061;ÆBELHOLT Å, SØSTERBRO MØLLE;32;699103;6204768;Hillerød;Region Hovedstaden;Vandløb;Poel Å;04-03-1992;1;Feltmålinger, Vandløb;Ja;Miljøstyrelsen;https://vanda.miljoeportal.dk/link/8ce8a43b-31e3-495d-b100-fab9f6774bdc;FRB1324;32;699103;6204768;1;04-03-1992 08:28:00 +01:00;;Temperatur; =;4,9;grader C;3
Station;49000061;ÆBELHOLT Å, SØSTERBRO MØLLE;32;699103;6204768;Hillerød;Region Hovedstaden;Vandløb;Poel Å;19-02-1992;1;Feltmålinger, Vandløb;Ja;Miljøstyrelsen;https://vanda.miljoeportal.dk/link/1ba8201c-e044-4ebc-99d6-764c248498be;FRB1324;32;699103;6204768;1;19-02-1992 08:31:00 +01:00;;Temperatur; =;3,1;grader C;3
Station;49000061;ÆBELHOLT Å, SØSTERBRO MØLLE;32;699103;6204768;Hillerød;Region Hovedstaden;Vandløb;Poel Å;18-11-1998;1;Feltmålinger, Vandløb;Ja;Miljøstyrelsen;https://vanda.miljoeportal.dk/link/fecdf163-0ed2-4187-8de2-329891c59051;FRB1324;32;699103;6204768;1;18-11-1998 08:05:00 +01:00;;Temperatur; =;4,5;grader C;3
Station;49000061;ÆBELHOLT Å, SØSTERBRO MØLLE;32;699103;6204768;Hillerød;Region Hovedstaden;Vandløb;Poel Å;05-02-1992;1;Feltmålinger, Vandløb;Ja;Miljøstyrelsen;https://vanda.miljoeportal.dk/link/c3597cf5-4641-40df-b7fa-5b05c885ea5d;FRB1324;32;699103;6204768;1;05-02-1992 08:25:00 +01:00;;Oxygen indhold; =;10,7;mg/l;3
Station;49000061;ÆBELHOLT Å, SØSTERBRO MØLLE;32;699103;6204768;Hillerød;Region Hovedstaden;Vandløb;Poel Å;05-02-1992;1;Feltmålinger, Vandløb;Ja;Miljøstyrelsen;https://vanda.miljoeportal.dk/link/c3597cf5-4641-40df-b7fa-5b05c885ea5d;FRB1324;32;699103;6204768;1;05-02-1992 08:25:00 +01:00;;Temperatur; =;3,2;grader C;3
Station;49000061;ÆBELHOLT Å, SØSTERBRO MØLLE;32;699103;6204768;Hillerød;Region Hovedstaden;Vandløb;Poel Å;14-09-1994;1;Feltmålinger, Vandløb;Ja;Miljøstyrelsen;https://vanda.miljoeportal.dk/link/8ef0a8c6-73cc-40d7-9031-88944651152c;FRB1324;32;699103;6204768;1;14-09-1994 08:48:00 +02:00;;Temperatur; =;12;grader C;3
Station;49000061;ÆBELHOLT Å, SØSTERBRO MØLLE;32;699103;6204768;Hillerød;Region Hovedstaden;Vandløb;Poel Å;22-01-1992;1;Feltmålinger, Vandløb;Ja;Miljøstyrelsen;https://vanda.miljoeportal.dk/link/0f21f692-8401-42ca-98c9-3399af59fb70;FRB1324;32;699103;6204768;1;22-01-1992 08:51:00 +01:00;;Oxygen indhold; =;10,5;mg/l;3
Station;49000061;ÆBELHOLT Å, SØSTERBRO MØLLE;32;699103;6204768;Hillerød;Region Hovedstaden;Vandløb;Poel Å;22-01-1992;1;Feltmålinger, Vandløb;Ja;Miljøstyrelsen;https://vanda.miljoeportal.dk/link/0f21f692-8401-42ca-98c9-3399af59fb70;FRB1324;32;699103;6204768;1;22-01-1992 08:51:00 +01:00;;Temperatur; =;2,2;grader C;3
Station;49000061;ÆBELHOLT Å, SØSTERBRO MØLLE;32;699103;6204768;Hillerød;Region Hovedstaden;Vandløb;Poel Å;08-01-1992;1;Feltmålinger, Vandløb;Ja;Miljøstyrelsen;https://vanda.miljoeportal.dk/link/1e891df9-4bcf-4daa-a1f8-cb4a2ebd9121;FRB1324;32;699103;6204768;1;08-01-1992 09:26:00 +01:00;;Oxygen indhold; =;10,9;mg/l;3
Station;49000061;ÆBELHOLT Å, SØSTERBRO MØLLE;32;699103;6204768;Hillerød;Region Hovedstaden;Vandløb;Poel Å;08-01-1992;1;Feltmålinger, Vandløb;Ja;Miljøstyrelsen;https://vanda.miljoeportal.dk/link/1e891df9-4bcf-4daa-a1f8-cb4a2ebd9121;FRB1324;32;699103;6204768;1;08-01-1992 09:26:00 +01:00;;Temperatur; =;1,8;grader C;3
Station;49000061;ÆBELHOLT Å, SØSTERBRO MØLLE;32;699103;6204768;Hillerød;Region Hovedstaden;Vandløb;Poel Å;11-12-1991;1;Feltmålinger, Vandløb;Ja;Miljøstyrelsen;https://vanda.miljoeportal.dk/link/4be3b7c4-f7ea-4bfe-a9ed-f85777fab114;FRB1324;32;699103;6204768;1;11-12-1991 09:16:00 +01:00;;Temperatur; =;0,1;grader C;3
Station;49000061;ÆBELHOLT Å, SØSTERBRO MØLLE;32;699103;6204768;Hillerød;Region Hovedstaden;Vandløb;Poel Å;11-12-1991;1;Feltmålinger, Vandløb;Ja;Miljøstyrelsen;https://vanda.miljoeportal.dk/link/4be3b7c4-f7ea-4bfe-a9ed-f85777fab114;FRB1324;32;699103;6204768;1;11-12-1991 09:16:00 +01:00;;Oxygen indhold; =;12;mg/l;3
Station;49000061;ÆBELHOLT Å, SØSTERBRO MØLLE;32;699103;6204768;Hillerød;Region Hovedstaden;Vandløb;Poel Å;27-11-1991;1;Feltmålinger, Vandløb;Ja;Miljøstyrelsen;https://vanda.miljoeportal.dk/link/4448ebda-dfb8-4b71-b80d-ff3eb011354d;FRB1324;32;699103;6204768;1;27-11-1991 09:30:00 +01:00;;Oxygen indhold; =;8,8;mg/l;3
Station;49000061;ÆBELHOLT Å, SØSTERBRO MØLLE;32;699103;6204768;Hillerød;Region Hovedstaden;Vandløb;Poel Å;27-11-1991;1;Feltmålinger, Vandløb;Ja;Miljøstyrelsen;https://vanda.miljoeportal.dk/link/4448ebda-dfb8-4b71-b80d-ff3eb011354d;FRB1324;32;699103;6204768;1;27-11-1991 09:30:00 +01:00;;Temperatur; =;4,1;grader C;3
Station;49000061;ÆBELHOLT Å, SØSTERBRO MØLLE;32;699103;6204768;Hillerød;Region Hovedstaden;Vandløb;Poel Å;13-11-1991;1;Feltmålinger, Vandløb;Ja;Miljøstyrelsen;https://vanda.miljoeportal.dk/link/9584c57f-ce28-45bf-b8a0-86485a162949;FRB1324;32;699103;6204768;1;13-11-1991 09:50:00 +01:00;;Oxygen indhold; =;8,3;mg/l;3
Station;49000061;ÆBELHOLT Å, SØSTERBRO MØLLE;32;699103;6204768;Hillerød;Region Hovedstaden;Vandløb;Poel Å;02-10-1991;1;Feltmålinger, Vandløb;Ja;Miljøstyrelsen;https://vanda.miljoeportal.dk/link/71579300-8e4c-447b-b361-8b40b4804a6d;FRB1324;32;699103;6204768;1;02-10-1991 09:08:00 +01:00;;Oxygen indhold; =;7,7;mg/l;3
Station;49000061;ÆBELHOLT Å, SØSTERBRO MØLLE;32;699103;6204768;Hillerød;Region Hovedstaden;Vandløb;Poel Å;02-10-1991;1;Feltmålinger, Vandløb;Ja;Miljøstyrelsen;https://vanda.miljoeportal.dk/link/71579300-8e4c-447b-b361-8b40b4804a6d;FRB1324;32;699103;6204768;1;02-10-1991 09:08:00 +01:00;;Temperatur; =;9,6;grader C;3
Station;49000061;ÆBELHOLT Å, SØSTERBRO MØLLE;32;699103;6204768;Hillerød;Region Hovedstaden;Vandløb;Poel Å;25-09-1991;1;Feltmålinger, Vandløb;Ja;Miljøstyrelsen;https://vanda.miljoeportal.dk/link/94325873-8b3b-498d-a686-06318b7b9b48;FRB1324;32;699103;6204768;1;25-09-1991 09:08:00 +02:00;;Oxygen indhold; =;7,1;mg/l;3
Station;49000061;ÆBELHOLT Å, SØSTERBRO MØLLE;32;699103;6204768;Hillerød;Region Hovedstaden;Vandløb;Poel Å;25-09-1991;1;Feltmålinger, Vandløb;Ja;Miljøstyrelsen;https://vanda.miljoeportal.dk/link/94325873-8b3b-498d-a686-06318b7b9b48;FRB1324;32;699103;6204768;1;25-09-1991 09:08:00 +02:00;;Temperatur; =;10,3;grader C;3
Station;49000061;ÆBELHOLT Å, SØSTERBRO MØLLE;32;699103;6204768;Hillerød;Region Hovedstaden;Vandløb;Poel Å;18-09-1991;1;Feltmålinger, Vandløb;Ja;Miljøstyrelsen;https://vanda.miljoeportal.dk/link/1d2a85ce-f847-4943-b054-e9f1d2791ec8;FRB1324;32;699103;6204768;1;18-09-1991 09:22:00 +02:00;;Temperatur; =;10,4;grader C;3
Station;49000061;ÆBELHOLT Å, SØSTERBRO MØLLE;32;699103;6204768;Hillerød;Region Hovedstaden;Vandløb;Poel Å;23-05-1995;1;Feltmålinger, Vandløb;Ja;Miljøstyrelsen;https://vanda.miljoeportal.dk/link/763604ef-e36a-4a18-85e2-b3c42531a58c;FRB1324;32;699103;6204768;1;23-05-1995 09:08:00 +02:00;;Temperatur; =;9,7;grader C;3
Station;49000061;ÆBELHOLT Å, SØSTERBRO MØLLE;32;699103;6204768;Hillerød;Region Hovedstaden;Vandløb;Poel Å;18-09-1991;1;Feltmålinger, Vandløb;Ja;Miljøstyrelsen;https://vanda.miljoeportal.dk/link/1d2a85ce-f847-4943-b054-e9f1d2791ec8;FRB1324;32;699103;6204768;1;18-09-1991 09:22:00 +02:00;;Oxygen indhold; =;8,4;mg/l;3
Station;49000061;ÆBELHOLT Å, SØSTERBRO MØLLE;32;699103;6204768;Hillerød;Region Hovedstaden;Vandløb;Poel Å;04-09-1991;1;Feltmålinger, Vandløb;Ja;Miljøstyrelsen;https://vanda.miljoeportal.dk/link/a656489e-3f3d-4032-a5c8-7e27cb2e1ac3;FRB1324;32;699103;6204768;1;04-09-1991 08:48:00 +02:00;;Oxygen indhold; =;8,1;mg/l;3
Station;49000061;ÆBELHOLT Å, SØSTERBRO MØLLE;32;699103;6204768;Hillerød;Region Hovedstaden;Vandløb;Poel Å;04-09-1991;1;Feltmålinger, Vandløb;Ja;Miljøstyrelsen;https://vanda.miljoeportal.dk/link/a656489e-3f3d-4032-a5c8-7e27cb2e1ac3;FRB1324;32;699103;6204768;1;04-09-1991 08:48:00 +02:00;;Temperatur; =;11,1;grader C;3
Station;49000061;ÆBELHOLT Å, SØSTERBRO MØLLE;32;699103;6204768;Hillerød;Region Hovedstaden;Vandløb;Poel Å;21-08-1991;1;Feltmålinger, Vandløb;Ja;Miljøstyrelsen;https://vanda.miljoeportal.dk/link/5826ac6e-3b7b-4787-ad76-861fe5aa67a2;FRB1324;32;699103;6204768;1;21-08-1991 09:01:00 +02:00;;Oxygen indhold; =;6,7;mg/l;3
Station;49000061;ÆBELHOLT Å, SØSTERBRO MØLLE;32;699103;6204768;Hillerød;Region Hovedstaden;Vandløb;Poel Å;18-07-2001;1;Feltmålinger, Vandløb;Ja;Miljøstyrelsen;https://vanda.miljoeportal.dk/link/3589b456-7d7c-4628-be58-a13bd91e4b3a;FRB1324;32;699103;6204768;1;18-07-2001 08:55:00 +02:00;;Oxygen indhold; =;11,1;mg/l;3
Station;49000061;ÆBELHOLT Å, SØSTERBRO MØLLE;32;699103;6204768;Hillerød;Region Hovedstaden;Vandløb;Poel Å;07-08-1991;1;Feltmålinger, Vandløb;Ja;Miljøstyrelsen;https://vanda.miljoeportal.dk/link/47ced76a-136e-47bc-a329-10f4f1f01c11;FRB1324;32;699103;6204768;1;07-08-1991 09:09:00 +02:00;;Oxygen indhold; =;5,7;mg/l;3
Station;49000061;ÆBELHOLT Å, SØSTERBRO MØLLE;32;699103;6204768;Hillerød;Region Hovedstaden;Vandløb;Poel Å;24-07-1991;1;Feltmålinger, Vandløb;Ja;Miljøstyrelsen;https://vanda.miljoeportal.dk/link/04f81d5a-e251-4798-bd9e-d2215410e4d9;FRB1324;32;699103;6204768;1;24-07-1991 09:40:00 +02:00;;Temperatur; =;11,1;grader C;3
Station;49000061;ÆBELHOLT Å, SØSTERBRO MØLLE;32;699103;6204768;Hillerød;Region Hovedstaden;Vandløb;Poel Å;24-07-1991;1;Feltmålinger, Vandløb;Ja;Miljøstyrelsen;https://vanda.miljoeportal.dk/link/04f81d5a-e251-4798-bd9e-d2215410e4d9;FRB1324;32;699103;6204768;1;24-07-1991 09:40:00 +02:00;;Oxygen indhold; =;8,6;mg/l;3
Station;49000061;ÆBELHOLT Å, SØSTERBRO MØLLE;32;699103;6204768;Hillerød;Region Hovedstaden;Vandløb;Poel Å;10-07-1991;1;Feltmålinger, Vandløb;Ja;Miljøstyrelsen;https://vanda.miljoeportal.dk/link/6f120113-ec8a-4ac6-b04b-0a8b9831792a;FRB1324;32;699103;6204768;1;10-07-1991 09:20:00 +02:00;;Temperatur; =;13,5;grader C;3
Station;49000061;ÆBELHOLT Å, SØSTERBRO MØLLE;32;699103;6204768;Hillerød;Region Hovedstaden;Vandløb;Poel Å;10-07-1991;1;Feltmålinger, Vandløb;Ja;Miljøstyrelsen;https://vanda.miljoeportal.dk/link/6f120113-ec8a-4ac6-b04b-0a8b9831792a;FRB1324;32;699103;6204768;1;10-07-1991 09:20:00 +02:00;;Oxygen indhold; =;8,1;mg/l;3
Station;49000061;ÆBELHOLT Å, SØSTERBRO MØLLE;32;699103;6204768;Hillerød;Region Hovedstaden;Vandløb;Poel Å;26-06-1991;1;Feltmålinger, Vandløb;Ja;Miljøstyrelsen;https://vanda.miljoeportal.dk/link/b6a2080a-f061-4aef-a515-37d02a51f1ee;FRB1324;32;699103;6204768;1;26-06-1991 09:10:00 +02:00;;Temperatur; =;11,8;grader C;3
Station;49000061;ÆBELHOLT Å, SØSTERBRO MØLLE;32;699103;6204768;Hillerød;Region Hovedstaden;Vandløb;Poel Å;26-06-1991;1;Feltmålinger, Vandløb;Ja;Miljøstyrelsen;https://vanda.miljoeportal.dk/link/b6a2080a-f061-4aef-a515-37d02a51f1ee;FRB1324;32;699103;6204768;1;26-06-1991 09:10:00 +02:00;;Oxygen indhold; =;7,6;mg/l;3
Station;49000061;ÆBELHOLT Å, SØSTERBRO MØLLE;32;699103;6204768;Hillerød;Region Hovedstaden;Vandløb;Poel Å;12-06-1991;1;Feltmålinger, Vandløb;Ja;Miljøstyrelsen;https://vanda.miljoeportal.dk/link/dcf48881-9d4b-4d64-8b91-74a30ca1d334;FRB1324;32;699103;6204768;1;12-06-1991 08:48:00 +02:00;;Temperatur; =;10;grader C;3
Station;49000061;ÆBELHOLT Å, SØSTERBRO MØLLE;32;699103;6204768;Hillerød;Region Hovedstaden;Vandløb;Poel Å;12-06-1991;1;Feltmålinger, Vandløb;Ja;Miljøstyrelsen;https://vanda.miljoeportal.dk/link/dcf48881-9d4b-4d64-8b91-74a30ca1d334;FRB1324;32;699103;6204768;1;12-06-1991 08:48:00 +02:00;;Oxygen indhold; =;10,3;mg/l;3
Station;49000061;ÆBELHOLT Å, SØSTERBRO MØLLE;32;699103;6204768;Hillerød;Region Hovedstaden;Vandløb;Poel Å;06-07-1994;1;Feltmålinger, Vandløb;Ja;Miljøstyrelsen;https://vanda.miljoeportal.dk/link/ddad5ca9-0578-436c-9d3d-d5ef33234a62;FRB1324;32;699103;6204768;1;06-07-1994 10:27:00 +02:00;;Oxygen indhold; =;12,5;mg/l;3
Station;49000061;ÆBELHOLT Å, SØSTERBRO MØLLE;32;699103;6204768;Hillerød;Region Hovedstaden;Vandløb;Poel Å;07-12-1994;1;Feltmålinger, Vandløb;Ja;Miljøstyrelsen;https://vanda.miljoeportal.dk/link/0cf798b1-9756-4c52-88e5-e9443958314a;FRB1324;32;699103;6204768;1;07-12-1994 09:57:00 +01:00;;Temperatur; =;5,5;grader C;3
Station;49000061;ÆBELHOLT Å, SØSTERBRO MØLLE;32;699103;6204768;Hillerød;Region Hovedstaden;Vandløb;Poel Å;29-05-1991;1;Feltmålinger, Vandløb;Ja;Miljøstyrelsen;https://vanda.miljoeportal.dk/link/42c194a9-2bba-4ed9-b87f-cfb6111aaf91;FRB1324;32;699103;6204768;1;29-05-1991 08:48:00 +02:00;;Oxygen indhold; =;9,8;mg/l;3
Station;49000061;ÆBELHOLT Å, SØSTERBRO MØLLE;32;699103;6204768;Hillerød;Region Hovedstaden;Vandløb;Poel Å;29-05-1991;1;Feltmålinger, Vandløb;Ja;Miljøstyrelsen;https://vanda.miljoeportal.dk/link/42c194a9-2bba-4ed9-b87f-cfb6111aaf91;FRB1324;32;699103;6204768;1;29-05-1991 08:48:00 +02:00;;Temperatur; =;10;grader C;3
Station;49000061;ÆBELHOLT Å, SØSTERBRO MØLLE;32;699103;6204768;Hillerød;Region Hovedstaden;Vandløb;Poel Å;15-05-1991;1;Feltmålinger, Vandløb;Ja;Miljøstyrelsen;https://vanda.miljoeportal.dk/link/d136decd-f1d2-439f-877d-63ecca98605f;FRB1324;32;699103;6204768;1;15-05-1991 09:20:00 +02:00;;Temperatur; =;8;grader C;3
Station;49000061;ÆBELHOLT Å, SØSTERBRO MØLLE;32;699103;6204768;Hillerød;Region Hovedstaden;Vandløb;Poel Å;29-04-1991;1;Feltmålinger, Vandløb;Ja;Miljøstyrelsen;https://vanda.miljoeportal.dk/link/ebf75ed1-f67e-40b8-bde0-d6794deafe01;FRB1324;32;699103;6204768;1;29-04-1991 09:13:00 +02:00;;Temperatur; =;5,9;grader C;3
Station;49000061;ÆBELHOLT Å, SØSTERBRO MØLLE;32;699103;6204768;Hillerød;Region Hovedstaden;Vandløb;Poel Å;28-02-1996;1;Feltmålinger, Vandløb;Ja;Miljøstyrelsen;https://vanda.miljoeportal.dk/link/f3086091-f7c5-4e28-aa79-10b59caecd81;FRB1324;32;699103;6204768;1;28-02-1996 08:37:00 +01:00;;Oxygen indhold; =;10,3;mg/l;3
Station;49000061;ÆBELHOLT Å, SØSTERBRO MØLLE;32;699103;6204768;Hillerød;Region Hovedstaden;Vandløb;Poel Å;29-04-1991;1;Feltmålinger, Vandløb;Ja;Miljøstyrelsen;https://vanda.miljoeportal.dk/link/ebf75ed1-f67e-40b8-bde0-d6794deafe01;FRB1324;32;699103;6204768;1;29-04-1991 09:13:00 +02:00;;Oxygen indhold; =;10,3;mg/l;3
Station;49000061;ÆBELHOLT Å, SØSTERBRO MØLLE;32;699103;6204768;Hillerød;Region Hovedstaden;Vandløb;Poel Å;17-04-1991;1;Feltmålinger, Vandløb;Ja;Miljøstyrelsen;https://vanda.miljoeportal.dk/link/a0cd7807-9f8a-4188-a087-bcc3b120578e;FRB1324;32;699103;6204768;1;17-04-1991 08:59:00 +02:00;;Temperatur; =;5,2;grader C;3
Station;49000061;ÆBELHOLT Å, SØSTERBRO MØLLE;32;699103;6204768;Hillerød;Region Hovedstaden;Vandløb;Poel Å;17-04-1991;1;Feltmålinger, Vandløb;Ja;Miljøstyrelsen;https://vanda.miljoeportal.dk/link/a0cd7807-9f8a-4188-a087-bcc3b120578e;FRB1324;32;699103;6204768;1;17-04-1991 08:59:00 +02:00;;Oxygen indhold; =;13,1;mg/l;3
Station;49000061;ÆBELHOLT Å, SØSTERBRO MØLLE;32;699103;6204768;Hillerød;Region Hovedstaden;Vandløb;Poel Å;03-04-1991;1;Feltmålinger, Vandløb;Ja;Miljøstyrelsen;https://vanda.miljoeportal.dk/link/dc96d592-1697-43d7-af8b-0b20a309ee47;FRB1324;32;699103;6204768;1;03-04-1991 09:01:00 +02:00;;Temperatur; =;7;grader C;3
Station;49000061;ÆBELHOLT Å, SØSTERBRO MØLLE;32;699103;6204768;Hillerød;Region Hovedstaden;Vandløb;Poel Å;03-04-1991;1;Feltmålinger, Vandløb;Ja;Miljøstyrelsen;https://vanda.miljoeportal.dk/link/dc96d592-1697-43d7-af8b-0b20a309ee47;FRB1324;32;699103;6204768;1;03-04-1991 09:01:00 +02:00;;Oxygen indhold; =;10,6;mg/l;3
Station;49000061;ÆBELHOLT Å, SØSTERBRO MØLLE;32;699103;6204768;Hillerød;Region Hovedstaden;Vandløb;Poel Å;20-03-1991;1;Feltmålinger, Vandløb;Ja;Miljøstyrelsen;https://vanda.miljoeportal.dk/link/a425f355-2f17-44de-825c-1861001b7502;FRB1324;32;699103;6204768;1;20-03-1991 09:04:00 +01:00;;Oxygen indhold; =;9,8;mg/l;3
Station;49000061;ÆBELHOLT Å, SØSTERBRO MØLLE;32;699103;6204768;Hillerød;Region Hovedstaden;Vandløb;Poel Å;20-03-1991;1;Feltmålinger, Vandløb;Ja;Miljøstyrelsen;https://vanda.miljoeportal.dk/link/a425f355-2f17-44de-825c-1861001b7502;FRB1324;32;699103;6204768;1;20-03-1991 09:04:00 +01:00;;Temperatur; =;5,8;grader C;3
Station;49000061;ÆBELHOLT Å, SØSTERBRO MØLLE;32;699103;6204768;Hillerød;Region Hovedstaden;Vandløb;Poel Å;06-03-1991;1;Feltmålinger, Vandløb;Ja;Miljøstyrelsen;https://vanda.miljoeportal.dk/link/fdc48d1d-bc03-44f1-8c09-97466d30e4a7;FRB1324;32;699103;6204768;1;06-03-1991 09:05:00 +01:00;;Oxygen indhold; =;10,9;mg/l;3
Station;49000061;ÆBELHOLT Å, SØSTERBRO MØLLE;32;699103;6204768;Hillerød;Region Hovedstaden;Vandløb;Poel Å;06-03-1991;1;Feltmålinger, Vandløb;Ja;Miljøstyrelsen;https://vanda.miljoeportal.dk/link/fdc48d1d-bc03-44f1-8c09-97466d30e4a7;FRB1324;32;699103;6204768;1;06-03-1991 09:05:00 +01:00;;Temperatur; =;3,1;grader C;3
Station;49000061;ÆBELHOLT Å, SØSTERBRO MØLLE;32;699103;6204768;Hillerød;Region Hovedstaden;Vandløb;Poel Å;20-02-1991;1;Feltmålinger, Vandløb;Ja;Miljøstyrelsen;https://vanda.miljoeportal.dk/link/ff3022eb-9acc-49c7-bc9b-402e2f4ab6b1;FRB1324;32;699103;6204768;1;20-02-1991 09:10:00 +01:00;;Oxygen indhold; =;12,6;mg/l;3
Station;49000061;ÆBELHOLT Å, SØSTERBRO MØLLE;32;699103;6204768;Hillerød;Region Hovedstaden;Vandløb;Poel Å;20-02-1991;1;Feltmålinger, Vandløb;Ja;Miljøstyrelsen;https://vanda.miljoeportal.dk/link/ff3022eb-9acc-49c7-bc9b-402e2f4ab6b1;FRB1324;32;699103;6204768;1;20-02-1991 09:10:00 +01:00;;Temperatur; =;2,4;grader C;3
Station;49000061;ÆBELHOLT Å, SØSTERBRO MØLLE;32;699103;6204768;Hillerød;Region Hovedstaden;Vandløb;Poel Å;06-02-1991;1;Feltmålinger, Vandløb;Ja;Miljøstyrelsen;https://vanda.miljoeportal.dk/link/7590fa47-51d1-4c4d-8aaa-9f342ac5712c;FRB1324;32;699103;6204768;1;06-02-1991 08:45:00 +01:00;;Temperatur; =;0,6;grader C;3
Station;49000061;ÆBELHOLT Å, SØSTERBRO MØLLE;32;699103;6204768;Hillerød;Region Hovedstaden;Vandløb;Poel Å;06-02-1991;1;Feltmålinger, Vandløb;Ja;Miljøstyrelsen;https://vanda.miljoeportal.dk/link/7590fa47-51d1-4c4d-8aaa-9f342ac5712c;FRB1324;32;699103;6204768;1;06-02-1991 08:45:00 +01:00;;Oxygen indhold; =;12,7;mg/l;3
Station;49000061;ÆBELHOLT Å, SØSTERBRO MØLLE;32;699103;6204768;Hillerød;Region Hovedstaden;Vandløb;Poel Å;23-01-1991;1;Feltmålinger, Vandløb;Ja;Miljøstyrelsen;https://vanda.miljoeportal.dk/link/a37c11aa-6677-41e7-86ba-9a7d4899ed81;FRB1324;32;699103;6204768;1;23-01-1991 09:15:00 +01:00;;Oxygen indhold; =;10,3;mg/l;3
Station;49000061;ÆBELHOLT Å, SØSTERBRO MØLLE;32;699103;6204768;Hillerød;Region Hovedstaden;Vandløb;Poel Å;23-01-1991;1;Feltmålinger, Vandløb;Ja;Miljøstyrelsen;https://vanda.miljoeportal.dk/link/a37c11aa-6677-41e7-86ba-9a7d4899ed81;FRB1324;32;699103;6204768;1;23-01-1991 09:15:00 +01:00;;Temperatur; =;3,7;grader C;3
Station;49000061;ÆBELHOLT Å, SØSTERBRO MØLLE;32;699103;6204768;Hillerød;Region Hovedstaden;Vandløb;Poel Å;09-01-1991;1;Feltmålinger, Vandløb;Ja;Miljøstyrelsen;https://vanda.miljoeportal.dk/link/6d4424b3-47bf-4ed5-80b0-cbad596be362;FRB1324;32;699103;6204768;1;09-01-1991 08:45:00 +01:00;;Oxygen indhold; =;9,3;mg/l;3
Station;49000061;ÆBELHOLT Å, SØSTERBRO MØLLE;32;699103;6204768;Hillerød;Region Hovedstaden;Vandløb;Poel Å;12-12-1990;1;Feltmålinger, Vandløb;Ja;Miljøstyrelsen;https://vanda.miljoeportal.dk/link/84e8dacc-5ffa-4f5e-9099-45e8347d2ef4;FRB1324;32;699103;6204768;1;12-12-1990 08:45:00 +01:00;;Temperatur; =;3,8;grader C;3
Station;49000061;ÆBELHOLT Å, SØSTERBRO MØLLE;32;699103;6204768;Hillerød;Region Hovedstaden;Vandløb;Poel Å;28-11-1990;1;Feltmålinger, Vandløb;Ja;Miljøstyrelsen;https://vanda.miljoeportal.dk/link/4dca8283-f288-4c25-9a15-fdf8710e907c;FRB1324;32;699103;6204768;1;28-11-1990 08:55:00 +01:00;;Temperatur; =;4;grader C;3
Station;49000061;ÆBELHOLT Å, SØSTERBRO MØLLE;32;699103;6204768;Hillerød;Region Hovedstaden;Vandløb;Poel Å;28-11-1990;1;Feltmålinger, Vandløb;Ja;Miljøstyrelsen;https://vanda.miljoeportal.dk/link/4dca8283-f288-4c25-9a15-fdf8710e907c;FRB1324;32;699103;6204768;1;28-11-1990 08:55:00 +01:00;;Oxygen indhold; =;8,9;mg/l;3
Station;49000061;ÆBELHOLT Å, SØSTERBRO MØLLE;32;699103;6204768;Hillerød;Region Hovedstaden;Vandløb;Poel Å;14-11-1990;1;Feltmålinger, Vandløb;Ja;Miljøstyrelsen;https://vanda.miljoeportal.dk/link/3660cbba-cb20-461d-8bb3-503cc1e57db6;FRB1324;32;699103;6204768;1;14-11-1990 08:50:00 +01:00;;Oxygen indhold; =;5,6;mg/l;3
Station;49000061;ÆBELHOLT Å, SØSTERBRO MØLLE;32;699103;6204768;Hillerød;Region Hovedstaden;Vandløb;Poel Å;31-10-1990;1;Feltmålinger, Vandløb;Ja;Miljøstyrelsen;https://vanda.miljoeportal.dk/link/1160dbc3-4d65-4dec-9067-f7fa6e6aaabd;FRB1324;32;699103;6204768;1;31-10-1990 08:50:00 +01:00;;Temperatur; =;8;grader C;3
Station;49000061;ÆBELHOLT Å, SØSTERBRO MØLLE;32;699103;6204768;Hillerød;Region Hovedstaden;Vandløb;Poel Å;17-10-1990;1;Feltmålinger, Vandløb;Ja;Miljøstyrelsen;https://vanda.miljoeportal.dk/link/cab52be4-e284-4bc7-bd23-5efad006439a;FRB1324;32;699103;6204768;1;17-10-1990 09:00:00 +01:00;;Temperatur; =;10,4;grader C;3
Station;49000061;ÆBELHOLT Å, SØSTERBRO MØLLE;32;699103;6204768;Hillerød;Region Hovedstaden;Vandløb;Poel Å;03-10-1990;1;Feltmålinger, Vandløb;Ja;Miljøstyrelsen;https://vanda.miljoeportal.dk/link/c03a5727-a7c8-4ce3-890b-a672f3314aa2;FRB1324;32;699103;6204768;1;03-10-1990 09:05:00 +01:00;;Oxygen indhold; =;7,1;mg/l;3
Station;49000061;ÆBELHOLT Å, SØSTERBRO MØLLE;32;699103;6204768;Hillerød;Region Hovedstaden;Vandløb;Poel Å;03-10-1990;1;Feltmålinger, Vandløb;Ja;Miljøstyrelsen;https://vanda.miljoeportal.dk/link/c03a5727-a7c8-4ce3-890b-a672f3314aa2;FRB1324;32;699103;6204768;1;03-10-1990 09:05:00 +01:00;;Temperatur; =;11;grader C;3
Station;49000061;ÆBELHOLT Å, SØSTERBRO MØLLE;32;699103;6204768;Hillerød;Region Hovedstaden;Vandløb;Poel Å;26-09-1990;1;Feltmålinger, Vandløb;Ja;Miljøstyrelsen;https://vanda.miljoeportal.dk/link/207c2913-55f4-478a-895a-2588753189aa;FRB1324;32;699103;6204768;1;26-09-1990 08:50:00 +02:00;;Temperatur; =;10,1;grader C;3
Station;49000061;ÆBELHOLT Å, SØSTERBRO MØLLE;32;699103;6204768;Hillerød;Region Hovedstaden;Vandløb;Poel Å;26-09-1990;1;Feltmålinger, Vandløb;Ja;Miljøstyrelsen;https://vanda.miljoeportal.dk/link/207c2913-55f4-478a-895a-2588753189aa;FRB1324;32;699103;6204768;1;26-09-1990 08:50:00 +02:00;;Oxygen indhold; =;6,2;mg/l;3
Station;49000061;ÆBELHOLT Å, SØSTERBRO MØLLE;32;699103;6204768;Hillerød;Region Hovedstaden;Vandløb;Poel Å;19-09-1990;1;Feltmålinger, Vandløb;Ja;Miljøstyrelsen;https://vanda.miljoeportal.dk/link/f77efeab-ea0c-4d71-a188-0b56b3d5663c;FRB1324;32;699103;6204768;1;19-09-1990 08:55:00 +02:00;;Oxygen indhold; =;7,3;mg/l;3
Station;49000061;ÆBELHOLT Å, SØSTERBRO MØLLE;32;699103;6204768;Hillerød;Region Hovedstaden;Vandløb;Poel Å;19-06-1996;1;Feltmålinger, Vandløb;Ja;Miljøstyrelsen;https://vanda.miljoeportal.dk/link/1f24b835-129a-4ae0-b76f-52f785003e32;FRB1324;32;699103;6204768;1;19-06-1996 07:28:00 +02:00;;Temperatur; =;11,7;grader C;3
Station;49000061;ÆBELHOLT Å, SØSTERBRO MØLLE;32;699103;6204768;Hillerød;Region Hovedstaden;Vandløb;Poel Å;19-09-1990;1;Feltmålinger, Vandløb;Ja;Miljøstyrelsen;https://vanda.miljoeportal.dk/link/f77efeab-ea0c-4d71-a188-0b56b3d5663c;FRB1324;32;699103;6204768;1;19-09-1990 08:55:00 +02:00;;Temperatur; =;11,7;grader C;3
Station;49000061;ÆBELHOLT Å, SØSTERBRO MØLLE;32;699103;6204768;Hillerød;Region Hovedstaden;Vandløb;Poel Å;05-09-1990;1;Feltmålinger, Vandløb;Ja;Miljøstyrelsen;https://vanda.miljoeportal.dk/link/6eeded2f-4ea9-4bb6-a988-efef948b68dd;FRB1324;32;699103;6204768;1;05-09-1990 08:45:00 +02:00;;Temperatur; =;12,2;grader C;3
Station;49000061;ÆBELHOLT Å, SØSTERBRO MØLLE;32;699103;6204768;Hillerød;Region Hovedstaden;Vandløb;Poel Å;22-08-1990;1;Feltmålinger, Vandløb;Ja;Miljøstyrelsen;https://vanda.miljoeportal.dk/link/89dbf853-6e6e-4a81-804d-3210029c0404;FRB1324;32;699103;6204768;1;22-08-1990 08:40:00 +02:00;;Temperatur; =;13,6;grader C;3
Station;49000061;ÆBELHOLT Å, SØSTERBRO MØLLE;32;699103;6204768;Hillerød;Region Hovedstaden;Vandløb;Poel Å;22-08-1990;1;Feltmålinger, Vandløb;Ja;Miljøstyrelsen;https://vanda.miljoeportal.dk/link/89dbf853-6e6e-4a81-804d-3210029c0404;FRB1324;32;699103;6204768;1;22-08-1990 08:40:00 +02:00;;Oxygen indhold; =;5,2;mg/l;3
Station;49000061;ÆBELHOLT Å, SØSTERBRO MØLLE;32;699103;6204768;Hillerød;Region Hovedstaden;Vandløb;Poel Å;17-08-1994;1;Feltmålinger, Vandløb;Ja;Miljøstyrelsen;https://vanda.miljoeportal.dk/link/cafa23ec-1bc1-4e54-bc7d-d8d730020ae7;FRB1324;32;699103;6204768;1;17-08-1994 08:54:00 +02:00;;Temperatur; =;12,1;grader C;3
Station;49000061;ÆBELHOLT Å, SØSTERBRO MØLLE;32;699103;6204768;Hillerød;Region Hovedstaden;Vandløb;Poel Å;03-01-1997;1;Feltmålinger, Vandløb;Ja;Miljøstyrelsen;https://vanda.miljoeportal.dk/link/e5d1cd7a-48ad-4560-a3c0-4dd0ab8aa58a;FRB1324;32;699103;6204768;1;03-01-1997 09:11:00 +01:00;;Oxygen indhold; =;13,1;mg/l;3
Station;49000061;ÆBELHOLT Å, SØSTERBRO MØLLE;32;699103;6204768;Hillerød;Region Hovedstaden;Vandløb;Poel Å;08-08-1990;1;Feltmålinger, Vandløb;Ja;Miljøstyrelsen;https://vanda.miljoeportal.dk/link/2c81ebd9-e182-48ac-86b6-56ba7de2de08;FRB1324;32;699103;6204768;1;08-08-1990 09:20:00 +02:00;;Temperatur; =;13,7;grader C;3
Station;49000061;ÆBELHOLT Å, SØSTERBRO MØLLE;32;699103;6204768;Hillerød;Region Hovedstaden;Vandløb;Poel Å;08-08-1990;1;Feltmålinger, Vandløb;Ja;Miljøstyrelsen;https://vanda.miljoeportal.dk/link/2c81ebd9-e182-48ac-86b6-56ba7de2de08;FRB1324;32;699103;6204768;1;08-08-1990 09:20:00 +02:00;;Oxygen indhold; =;7,1;mg/l;3
Station;49000061;ÆBELHOLT Å, SØSTERBRO MØLLE;32;699103;6204768;Hillerød;Region Hovedstaden;Vandløb;Poel Å;25-07-1990;1;Feltmålinger, Vandløb;Ja;Miljøstyrelsen;https://vanda.miljoeportal.dk/link/cce8eefd-7b40-4942-8c3c-5c0fba1c8bf2;FRB1324;32;699103;6204768;1;25-07-1990 09:15:00 +02:00;;Oxygen indhold; =;6,3;mg/l;3
Station;49000061;ÆBELHOLT Å, SØSTERBRO MØLLE;32;699103;6204768;Hillerød;Region Hovedstaden;Vandløb;Poel Å;11-07-1990;1;Feltmålinger, Vandløb;Ja;Miljøstyrelsen;https://vanda.miljoeportal.dk/link/20a3036b-d9b1-4dc8-84df-24b01bb26dcd;FRB1324;32;699103;6204768;1;11-07-1990 09:15:00 +02:00;;Oxygen indhold; =;6,3;mg/l;3
Station;49000061;ÆBELHOLT Å, SØSTERBRO MØLLE;32;699103;6204768;Hillerød;Region Hovedstaden;Vandløb;Poel Å;27-06-1990;1;Feltmålinger, Vandløb;Ja;Miljøstyrelsen;https://vanda.miljoeportal.dk/link/f4024dbe-0e14-4eb9-b9ae-c701ce8a9e95;FRB1324;32;699103;6204768;1;27-06-1990 09:00:00 +02:00;;Temperatur; =;12,5;grader C;3
Station;49000061;ÆBELHOLT Å, SØSTERBRO MØLLE;32;699103;6204768;Hillerød;Region Hovedstaden;Vandløb;Poel Å;13-06-1990;1;Feltmålinger, Vandløb;Ja;Miljøstyrelsen;https://vanda.miljoeportal.dk/link/fd3bc7a1-94e6-4814-8593-aa301fb3167a;FRB1324;32;699103;6204768;1;13-06-1990 08:30:00 +02:00;;Temperatur; =;10,6;grader C;3
Station;49000061;ÆBELHOLT Å, SØSTERBRO MØLLE;32;699103;6204768;Hillerød;Region Hovedstaden;Vandløb;Poel Å;13-06-1990;1;Feltmålinger, Vandløb;Ja;Miljøstyrelsen;https://vanda.miljoeportal.dk/link/fd3bc7a1-94e6-4814-8593-aa301fb3167a;FRB1324;32;699103;6204768;1;13-06-1990 08:30:00 +02:00;;Oxygen indhold; =;10;mg/l;3
Station;49000061;ÆBELHOLT Å, SØSTERBRO MØLLE;32;699103;6204768;Hillerød;Region Hovedstaden;Vandløb;Poel Å;30-05-1990;1;Feltmålinger, Vandløb;Ja;Miljøstyrelsen;https://vanda.miljoeportal.dk/link/f0c5c07b-0645-4f57-a4a0-590f12aba909;FRB1324;32;699103;6204768;1;30-05-1990 09:10:00 +02:00;;Temperatur; =;8;grader C;3
Station;49000061;ÆBELHOLT Å, SØSTERBRO MØLLE;32;699103;6204768;Hillerød;Region Hovedstaden;Vandløb;Poel Å;30-05-1990;1;Feltmålinger, Vandløb;Ja;Miljøstyrelsen;https://vanda.miljoeportal.dk/link/f0c5c07b-0645-4f57-a4a0-590f12aba909;FRB1324;32;699103;6204768;1;30-05-1990 09:10:00 +02:00;;Oxygen indhold; =;9,3;mg/l;3
Station;49000061;ÆBELHOLT Å, SØSTERBRO MØLLE;32;699103;6204768;Hillerød;Region Hovedstaden;Vandløb;Poel Å;02-05-1990;1;Feltmålinger, Vandløb;Ja;Miljøstyrelsen;https://vanda.miljoeportal.dk/link/bd002c59-5df6-462e-a897-c3a34d87b62a;FRB1324;32;699103;6204768;1;02-05-1990 10:00:00 +02:00;;Oxygen indhold; =;12,8;mg/l;3
Station;49000061;ÆBELHOLT Å, SØSTERBRO MØLLE;32;699103;6204768;Hillerød;Region Hovedstaden;Vandløb;Poel Å;02-05-1990;1;Feltmålinger, Vandløb;Ja;Miljøstyrelsen;https://vanda.miljoeportal.dk/link/bd002c59-5df6-462e-a897-c3a34d87b62a;FRB1324;32;699103;6204768;1;02-05-1990 10:00:00 +02:00;;Temperatur; =;10;grader C;3
Station;49000061;ÆBELHOLT Å, SØSTERBRO MØLLE;32;699103;6204768;Hillerød;Region Hovedstaden;Vandløb;Poel Å;18-04-1990;1;Feltmålinger, Vandløb;Ja;Miljøstyrelsen;https://vanda.miljoeportal.dk/link/546fde2c-acb6-4821-9d59-e034b029b102;FRB1324;32;699103;6204768;1;18-04-1990 09:10:00 +02:00;;Oxygen indhold; =;10,8;mg/l;3
Station;49000061;ÆBELHOLT Å, SØSTERBRO MØLLE;32;699103;6204768;Hillerød;Region Hovedstaden;Vandløb;Poel Å;18-04-1990;1;Feltmålinger, Vandløb;Ja;Miljøstyrelsen;https://vanda.miljoeportal.dk/link/546fde2c-acb6-4821-9d59-e034b029b102;FRB1324;32;699103;6204768;1;18-04-1990 09:10:00 +02:00;;Temperatur; =;5,5;grader C;3
Station;49000061;ÆBELHOLT Å, SØSTERBRO MØLLE;32;699103;6204768;Hillerød;Region Hovedstaden;Vandløb;Poel Å;04-04-1990;1;Feltmålinger, Vandløb;Ja;Miljøstyrelsen;https://vanda.miljoeportal.dk/link/36dfa80d-9b47-434d-8d82-7538d41e243f;FRB1324;32;699103;6204768;1;04-04-1990 09:00:00 +02:00;;Oxygen indhold; =;11,2;mg/l;3
Station;49000061;ÆBELHOLT Å, SØSTERBRO MØLLE;32;699103;6204768;Hillerød;Region Hovedstaden;Vandløb;Poel Å;04-04-1990;1;Feltmålinger, Vandløb;Ja;Miljøstyrelsen;https://vanda.miljoeportal.dk/link/36dfa80d-9b47-434d-8d82-7538d41e243f;FRB1324;32;699103;6204768;1;04-04-1990 09:00:00 +02:00;;Temperatur; =;4,6;grader C;3
Station;49000061;ÆBELHOLT Å, SØSTERBRO MØLLE;32;699103;6204768;Hillerød;Region Hovedstaden;Vandløb;Poel Å;21-03-1990;1;Feltmålinger, Vandløb;Ja;Miljøstyrelsen;https://vanda.miljoeportal.dk/link/1de4d268-5a4c-4925-a417-b3f8a25c6534;FRB1324;32;699103;6204768;1;21-03-1990 09:05:00 +01:00;;Oxygen indhold; =;10,9;mg/l;3
Station;49000061;ÆBELHOLT Å, SØSTERBRO MØLLE;32;699103;6204768;Hillerød;Region Hovedstaden;Vandløb;Poel Å;21-03-1990;1;Feltmålinger, Vandløb;Ja;Miljøstyrelsen;https://vanda.miljoeportal.dk/link/1de4d268-5a4c-4925-a417-b3f8a25c6534;FRB1324;32;699103;6204768;1;21-03-1990 09:05:00 +01:00;;Temperatur; =;5,8;grader C;3
Station;49000061;ÆBELHOLT Å, SØSTERBRO MØLLE;32;699103;6204768;Hillerød;Region Hovedstaden;Vandløb;Poel Å;07-03-1990;1;Feltmålinger, Vandløb;Ja;Miljøstyrelsen;https://vanda.miljoeportal.dk/link/d72250b2-8cff-46d7-a41a-85b1a713039f;FRB1324;32;699103;6204768;1;07-03-1990 09:25:00 +01:00;;Oxygen indhold; =;10,9;mg/l;3
Station;49000061;ÆBELHOLT Å, SØSTERBRO MØLLE;32;699103;6204768;Hillerød;Region Hovedstaden;Vandløb;Poel Å;21-02-1990;1;Feltmålinger, Vandløb;Ja;Miljøstyrelsen;https://vanda.miljoeportal.dk/link/d3060c9c-4ebd-434f-8523-97578a20921d;FRB1324;32;699103;6204768;1;21-02-1990 08:40:00 +01:00;;Oxygen indhold; =;9,4;mg/l;3
Station;49000061;ÆBELHOLT Å, SØSTERBRO MØLLE;32;699103;6204768;Hillerød;Region Hovedstaden;Vandløb;Poel Å;21-02-1990;1;Feltmålinger, Vandløb;Ja;Miljøstyrelsen;https://vanda.miljoeportal.dk/link/d3060c9c-4ebd-434f-8523-97578a20921d;FRB1324;32;699103;6204768;1;21-02-1990 08:40:00 +01:00;;Temperatur; =;6,5;grader C;3
Station;49000061;ÆBELHOLT Å, SØSTERBRO MØLLE;32;699103;6204768;Hillerød;Region Hovedstaden;Vandløb;Poel Å;07-02-1990;1;Feltmålinger, Vandløb;Ja;Miljøstyrelsen;https://vanda.miljoeportal.dk/link/e9833c84-252b-4e4c-aaa5-74db0a422b0e;FRB1324;32;699103;6204768;1;07-02-1990 10:30:00 +01:00;;Oxygen indhold; =;8,3;mg/l;3
Station;49000061;ÆBELHOLT Å, SØSTERBRO MØLLE;32;699103;6204768;Hillerød;Region Hovedstaden;Vandløb;Poel Å;24-01-1990;1;Feltmålinger, Vandløb;Ja;Miljøstyrelsen;https://vanda.miljoeportal.dk/link/ac399f6f-5882-486d-9b5b-08b551a9df17;FRB1324;32;699103;6204768;1;24-01-1990 09:00:00 +01:00;;Oxygen indhold; =;9,9;mg/l;3
Station;49000061;ÆBELHOLT Å, SØSTERBRO MØLLE;32;699103;6204768;Hillerød;Region Hovedstaden;Vandløb;Poel Å;24-01-1990;1;Feltmålinger, Vandløb;Ja;Miljøstyrelsen;https://vanda.miljoeportal.dk/link/ac399f6f-5882-486d-9b5b-08b551a9df17;FRB1324;32;699103;6204768;1;24-01-1990 09:00:00 +01:00;;Temperatur; =;5,2;grader C;3
Station;49000061;ÆBELHOLT Å, SØSTERBRO MØLLE;32;699103;6204768;Hillerød;Region Hovedstaden;Vandløb;Poel Å;10-01-1990;1;Feltmålinger, Vandløb;Ja;Miljøstyrelsen;https://vanda.miljoeportal.dk/link/dd54cee2-de64-4d72-83f6-d4f2edd9d890;FRB1324;32;699103;6204768;1;10-01-1990 09:10:00 +01:00;;Oxygen indhold; =;10,3;mg/l;3
Station;49000061;ÆBELHOLT Å, SØSTERBRO MØLLE;32;699103;6204768;Hillerød;Region Hovedstaden;Vandløb;Poel Å;10-01-1990;1;Feltmålinger, Vandløb;Ja;Miljøstyrelsen;https://vanda.miljoeportal.dk/link/dd54cee2-de64-4d72-83f6-d4f2edd9d890;FRB1324;32;699103;6204768;1;10-01-1990 09:10:00 +01:00;;Temperatur; =;3,7;grader C;3
Station;49000061;ÆBELHOLT Å, SØSTERBRO MØLLE;32;699103;6204768;Hillerød;Region Hovedstaden;Vandløb;Poel Å;19-12-1989;1;Feltmålinger, Vandløb;Ja;Miljøstyrelsen;https://vanda.miljoeportal.dk/link/95ada02e-a8cf-486a-95b7-eddae5565cf4;FRB1324;32;699103;6204768;1;19-12-1989 09:20:00 +01:00;;Temperatur; =;3,2;grader C;3
Station;49000061;ÆBELHOLT Å, SØSTERBRO MØLLE;32;699103;6204768;Hillerød;Region Hovedstaden;Vandløb;Poel Å;11-04-1995;1;Feltmålinger, Vandløb;Ja;Miljøstyrelsen;https://vanda.miljoeportal.dk/link/479e9ad6-b216-4e83-a8e3-9e4a6962c938;FRB1324;32;699103;6204768;1;11-04-1995 08:59:00 +02:00;;Temperatur; =;5,6;grader C;3
Station;49000061;ÆBELHOLT Å, SØSTERBRO MØLLE;32;699103;6204768;Hillerød;Region Hovedstaden;Vandløb;Poel Å;06-12-1989;1;Feltmålinger, Vandløb;Ja;Miljøstyrelsen;https://vanda.miljoeportal.dk/link/2120e846-51d1-4025-94c5-44de268a766c;FRB1324;32;699103;6204768;1;06-12-1989 09:55:00 +01:00;;Oxygen indhold; =;10,8;mg/l;3
Station;49000061;ÆBELHOLT Å, SØSTERBRO MØLLE;32;699103;6204768;Hillerød;Region Hovedstaden;Vandløb;Poel Å;01-08-2001;1;Feltmålinger, Vandløb;Ja;Miljøstyrelsen;https://vanda.miljoeportal.dk/link/619aefc5-213c-49a2-a245-597d1ea12844;FRB1324;32;699103;6204768;1;01-08-2001 11:05:00 +02:00;;Temperatur; =;16;grader C;3
Station;49000061;ÆBELHOLT Å, SØSTERBRO MØLLE;32;699103;6204768;Hillerød;Region Hovedstaden;Vandløb;Poel Å;18-08-1993;1;Feltmålinger, Vandløb;Ja;Miljøstyrelsen;https://vanda.miljoeportal.dk/link/ebc59672-ebc5-431f-a37b-d67b4b1a32ef;FRB1324;32;699103;6204768;1;18-08-1993 07:47:00 +02:00;;Oxygen indhold; =;7;mg/l;3
Station;49000061;ÆBELHOLT Å, SØSTERBRO MØLLE;32;699103;6204768;Hillerød;Region Hovedstaden;Vandløb;Poel Å;13-10-1993;1;Feltmålinger, Vandløb;Ja;Miljøstyrelsen;https://vanda.miljoeportal.dk/link/e393125b-7179-49c8-9100-9d6f05dd17dc;FRB1324;32;699103;6204768;1;13-10-1993 09:04:00 +01:00;;Oxygen indhold; =;7,6;mg/l;3
Station;49000061;ÆBELHOLT Å, SØSTERBRO MØLLE;32;699103;6204768;Hillerød;Region Hovedstaden;Vandløb;Poel Å;14-09-1994;1;Feltmålinger, Vandløb;Ja;Miljøstyrelsen;https://vanda.miljoeportal.dk/link/8ef0a8c6-73cc-40d7-9031-88944651152c;FRB1324;32;699103;6204768;1;14-09-1994 08:48:00 +02:00;;Oxygen indhold; =;8,3;mg/l;3
Station;49000061;ÆBELHOLT Å, SØSTERBRO MØLLE;32;699103;6204768;Hillerød;Region Hovedstaden;Vandløb;Poel Å;03-02-1999;1;Feltmålinger, Vandløb;Ja;Miljøstyrelsen;https://vanda.miljoeportal.dk/link/626fb29d-1eb9-452d-afa3-30e9458c48dc;FRB1324;32;699103;6204768;1;03-02-1999 08:40:00 +01:00;;Temperatur; =;3,7;grader C;3
Station;49000061;ÆBELHOLT Å, SØSTERBRO MØLLE;32;699103;6204768;Hillerød;Region Hovedstaden;Vandløb;Poel Å;25-03-1994;1;Feltmålinger, Vandløb;Ja;Miljøstyrelsen;https://vanda.miljoeportal.dk/link/ceccf8f9-aa98-4ab2-8f17-c6f084e87a0a;FRB1324;32;699103;6204768;1;25-03-1994 09:11:00 +01:00;;Temperatur; =;4,5;grader C;3
Station;49000061;ÆBELHOLT Å, SØSTERBRO MØLLE;32;699103;6204768;Hillerød;Region Hovedstaden;Vandløb;Poel Å;19-07-2000;1;Feltmålinger, Vandløb;Ja;Miljøstyrelsen;https://vanda.miljoeportal.dk/link/8021c003-d5df-4aed-8082-8348092209d6;FRB1324;32;699103;6204768;1;19-07-2000 08:40:00 +02:00;;Oxygen indhold; =;9,4;mg/l;3
Station;49000061;ÆBELHOLT Å, SØSTERBRO MØLLE;32;699103;6204768;Hillerød;Region Hovedstaden;Vandløb;Poel Å;31-07-2002;1;Feltmålinger, Vandløb;Ja;Miljøstyrelsen;https://vanda.miljoeportal.dk/link/a19cc55c-2985-4f11-b675-cbe586185b93;FRB1324;32;699103;6204768;1;31-07-2002 08:23:00 +02:00;;Oxygen indhold; =;5,4;mg/l;3
Station;49000061;ÆBELHOLT Å, SØSTERBRO MØLLE;32;699103;6204768;Hillerød;Region Hovedstaden;Vandløb;Poel Å;25-10-2000;1;Feltmålinger, Vandløb;Ja;Miljøstyrelsen;https://vanda.miljoeportal.dk/link/2159f89d-3d1d-42df-9c51-86c18357d4fc;FRB1324;32;699103;6204768;1;25-10-2000 08:35:00 +02:00;;Oxygen indhold; =;7,3;mg/l;3
Station;49000061;ÆBELHOLT Å, SØSTERBRO MØLLE;32;699103;6204768;Hillerød;Region Hovedstaden;Vandløb;Poel Å;26-10-1994;1;Feltmålinger, Vandløb;Ja;Miljøstyrelsen;https://vanda.miljoeportal.dk/link/b27355c9-22d3-4756-b2a5-14cf0724cad0;FRB1324;32;699103;6204768;1;26-10-1994 09:54:00 +01:00;;Oxygen indhold; =;8,6;mg/l;3
Station;49000061;ÆBELHOLT Å, SØSTERBRO MØLLE;32;699103;6204768;Hillerød;Region Hovedstaden;Vandløb;Poel Å;16-07-1997;1;Feltmålinger, Vandløb;Ja;Miljøstyrelsen;https://vanda.miljoeportal.dk/link/45ca460f-20dd-46b6-abde-5979ec02e0ac;FRB1324;32;699103;6204768;1;16-07-1997 00:00:00 +02:00;;Oxygen indhold; =;13,3;mg/l;3
Station;49000061;ÆBELHOLT Å, SØSTERBRO MØLLE;32;699103;6204768;Hillerød;Region Hovedstaden;Vandløb;Poel Å;09-06-1999;1;Feltmålinger, Vandløb;Ja;Miljøstyrelsen;https://vanda.miljoeportal.dk/link/de185667-a431-40b6-b76e-2480f0f08473;FRB1324;32;699103;6204768;1;09-06-1999 08:45:00 +02:00;;Oxygen indhold; =;9;mg/l;3
Station;49000061;ÆBELHOLT Å, SØSTERBRO MØLLE;32;699103;6204768;Hillerød;Region Hovedstaden;Vandløb;Poel Å;05-12-2001;1;Feltmålinger, Vandløb;Ja;Miljøstyrelsen;https://vanda.miljoeportal.dk/link/dc43c789-62fc-40ed-8b01-3b9383d2b0dd;FRB1324;32;699103;6204768;1;05-12-2001 08:45:00 +01:00;;Temperatur; =;5,8;grader C;3
Station;49000061;ÆBELHOLT Å, SØSTERBRO MØLLE;32;699103;6204768;Hillerød;Region Hovedstaden;Vandløb;Poel Å;26-04-2000;1;Feltmålinger, Vandløb;Ja;Miljøstyrelsen;https://vanda.miljoeportal.dk/link/55561cab-54ae-499e-8541-820fbddef7b7;FRB1324;32;699103;6204768;1;26-04-2000 08:50:00 +02:00;;Oxygen indhold; =;11,2;mg/l;3
Station;49000061;ÆBELHOLT Å, SØSTERBRO MØLLE;32;699103;6204768;Hillerød;Region Hovedstaden;Vandløb;Poel Å;12-08-1998;1;Feltmålinger, Vandløb;Ja;Miljøstyrelsen;https://vanda.miljoeportal.dk/link/a1e20787-67ba-419a-8277-6e0d36bdd28a;FRB1324;32;699103;6204768;1;12-08-1998 06:46:00 +02:00;;Temperatur; =;12,9;grader C;3
Station;49000061;ÆBELHOLT Å, SØSTERBRO MØLLE;32;699103;6204768;Hillerød;Region Hovedstaden;Vandløb;Poel Å;10-09-1997;1;Feltmålinger, Vandløb;Ja;Miljøstyrelsen;https://vanda.miljoeportal.dk/link/a31acc98-7a29-4b59-a700-601218521450;FRB1324;32;699103;6204768;1;10-09-1997 07:59:00 +02:00;;Oxygen indhold; =;9,2;mg/l;3
Station;49000061;ÆBELHOLT Å, SØSTERBRO MØLLE;32;699103;6204768;Hillerød;Region Hovedstaden;Vandløb;Poel Å;20-11-1996;1;Feltmålinger, Vandløb;Ja;Miljøstyrelsen;https://vanda.miljoeportal.dk/link/d81dec8b-09d8-410b-8a62-f220c3b58212;FRB1324;32;699103;6204768;1;20-11-1996 08:27:00 +01:00;;Temperatur; =;6,1;grader C;3
Station;49000061;ÆBELHOLT Å, SØSTERBRO MØLLE;32;699103;6204768;Hillerød;Region Hovedstaden;Vandløb;Poel Å;15-09-1993;1;Feltmålinger, Vandløb;Ja;Miljøstyrelsen;https://vanda.miljoeportal.dk/link/241fe557-6879-4b43-9b4c-48c245cc2f20;FRB1324;32;699103;6204768;1;15-09-1993 07:57:00 +02:00;;Oxygen indhold; =;5,7;mg/l;3
Station;49000061;ÆBELHOLT Å, SØSTERBRO MØLLE;32;699103;6204768;Hillerød;Region Hovedstaden;Vandløb;Poel Å;10-10-2001;1;Feltmålinger, Vandløb;Ja;Miljøstyrelsen;https://vanda.miljoeportal.dk/link/1ec092c3-4eb6-48dd-b329-a544e3b833b7;FRB1324;32;699103;6204768;1;10-10-2001 09:55:00 +02:00;;Temperatur; =;11,4;grader C;3
Station;49000061;ÆBELHOLT Å, SØSTERBRO MØLLE;32;699103;6204768;Hillerød;Region Hovedstaden;Vandløb;Poel Å;25-04-2001;1;Feltmålinger, Vandløb;Ja;Miljøstyrelsen;https://vanda.miljoeportal.dk/link/78807faf-790f-45af-a80f-68faec914148;FRB1324;32;699103;6204768;1;25-04-2001 08:00:00 +02:00;;Oxygen indhold; =;10,4;mg/l;3
Station;49000061;ÆBELHOLT Å, SØSTERBRO MØLLE;32;699103;6204768;Hillerød;Region Hovedstaden;Vandløb;Poel Å;11-03-1998;1;Feltmålinger, Vandløb;Ja;Miljøstyrelsen;https://vanda.miljoeportal.dk/link/49e6a60d-b506-4ccd-ba92-c7ea71d8fd2a;FRB1324;32;699103;6204768;1;11-03-1998 09:29:00 +01:00;;Oxygen indhold; =;10,9;mg/l;3
Station;49000061;ÆBELHOLT Å, SØSTERBRO MØLLE;32;699103;6204768;Hillerød;Region Hovedstaden;Vandløb;Poel Å;26-03-2002;1;Feltmålinger, Vandløb;Ja;Miljøstyrelsen;https://vanda.miljoeportal.dk/link/eed48d7a-9c6b-42cb-b351-1fa141aaf517;FRB1324;32;699103;6204768;1;26-03-2002 08:15:00 +01:00;;Temperatur; =;3,6;grader C;3
Station;49000061;ÆBELHOLT Å, SØSTERBRO MØLLE;32;699103;6204768;Hillerød;Region Hovedstaden;Vandløb;Poel Å;02-12-1998;1;Feltmålinger, Vandløb;Ja;Miljøstyrelsen;https://vanda.miljoeportal.dk/link/f696e7b4-255a-40f9-a938-6bf1331cd108;FRB1324;32;699103;6204768;1;02-12-1998 08:08:00 +01:00;;Oxygen indhold; =;10,8;mg/l;3
Station;49000061;ÆBELHOLT Å, SØSTERBRO MØLLE;32;699103;6204768;Hillerød;Region Hovedstaden;Vandløb;Poel Å;31-07-2002;1;Feltmålinger, Vandløb;Ja;Miljøstyrelsen;https://vanda.miljoeportal.dk/link/a19cc55c-2985-4f11-b675-cbe586185b93;FRB1324;32;699103;6204768;1;31-07-2002 08:23:00 +02:00;;Temperatur; =;15,3;grader C;3
Station;49000061;ÆBELHOLT Å, SØSTERBRO MØLLE;32;699103;6204768;Hillerød;Region Hovedstaden;Vandløb;Poel Å;24-09-1997;1;Feltmålinger, Vandløb;Ja;Miljøstyrelsen;https://vanda.miljoeportal.dk/link/93551176-b6a8-455f-8d2f-f81f01ee8428;FRB1324;32;699103;6204768;1;24-09-1997 10:20:00 +02:00;;Oxygen indhold; =;10,6;mg/l;3
Station;49000061;ÆBELHOLT Å, SØSTERBRO MØLLE;32;699103;6204768;Hillerød;Region Hovedstaden;Vandløb;Poel Å;19-07-2000;1;Feltmålinger, Vandløb;Ja;Miljøstyrelsen;https://vanda.miljoeportal.dk/link/8021c003-d5df-4aed-8082-8348092209d6;FRB1324;32;699103;6204768;1;19-07-2000 08:40:00 +02:00;;Temperatur; =;12,6;grader C;3
Station;49000061;ÆBELHOLT Å, SØSTERBRO MØLLE;32;699103;6204768;Hillerød;Region Hovedstaden;Vandløb;Poel Å;16-02-2000;1;Feltmålinger, Vandløb;Ja;Miljøstyrelsen;https://vanda.miljoeportal.dk/link/ba1da627-0bb3-4de3-a88b-9f87f3f26f9e;FRB1324;32;699103;6204768;1;16-02-2000 08:40:00 +01:00;;Temperatur; =;4,2;grader C;3
Station;49000061;ÆBELHOLT Å, SØSTERBRO MØLLE;32;699103;6204768;Hillerød;Region Hovedstaden;Vandløb;Poel Å;16-12-1993;1;Feltmålinger, Vandløb;Ja;Miljøstyrelsen;https://vanda.miljoeportal.dk/link/8c9b0461-66c0-4b7d-99fe-2790642dc5ce;FRB1324;32;699103;6204768;1;16-12-1993 09:12:00 +01:00;;Temperatur; =;3,1;grader C;3
Station;49000061;ÆBELHOLT Å, SØSTERBRO MØLLE;32;699103;6204768;Hillerød;Region Hovedstaden;Vandløb;Poel Å;19-05-1998;1;Feltmålinger, Vandløb;Ja;Miljøstyrelsen;https://vanda.miljoeportal.dk/link/48273cd2-9ec6-4db9-ba94-1fb8e7a63165;FRB1324;32;699103;6204768;1;19-05-1998 06:56:00 +02:00;;Temperatur; =;10,4;grader C;3
Station;49000061;ÆBELHOLT Å, SØSTERBRO MØLLE;32;699103;6204768;Hillerød;Region Hovedstaden;Vandløb;Poel Å;08-11-2000;1;Feltmålinger, Vandløb;Ja;Miljøstyrelsen;https://vanda.miljoeportal.dk/link/ced1bf93-e66c-4308-8c6e-19beb94b506c;FRB1324;32;699103;6204768;1;08-11-2000 08:10:00 +01:00;;Oxygen indhold; =;7,6;mg/l;3
Station;49000061;ÆBELHOLT Å, SØSTERBRO MØLLE;32;699103;6204768;Hillerød;Region Hovedstaden;Vandløb;Poel Å;10-11-1999;1;Feltmålinger, Vandløb;Ja;Miljøstyrelsen;https://vanda.miljoeportal.dk/link/24db1d44-1aee-401b-a0dd-41a9c33eef69;FRB1324;32;699103;6204768;1;10-11-1999 08:55:00 +01:00;;Temperatur; =;7,7;grader C;3
Station;49000061;ÆBELHOLT Å, SØSTERBRO MØLLE;32;699103;6204768;Hillerød;Region Hovedstaden;Vandløb;Poel Å;26-05-1999;1;Feltmålinger, Vandløb;Ja;Miljøstyrelsen;https://vanda.miljoeportal.dk/link/4f056fc9-2aa6-4000-948c-909bf28da6a1;FRB1324;32;699103;6204768;1;26-05-1999 08:40:00 +02:00;;Oxygen indhold; =;10,9;mg/l;3
Station;49000061;ÆBELHOLT Å, SØSTERBRO MØLLE;32;699103;6204768;Hillerød;Region Hovedstaden;Vandløb;Poel Å;19-12-2001;1;Feltmålinger, Vandløb;Ja;Miljøstyrelsen;https://vanda.miljoeportal.dk/link/610646dd-9173-459e-8719-bb390e85af92;FRB1324;32;699103;6204768;1;19-12-2001 08:30:00 +01:00;;Oxygen indhold; =;10,9;mg/l;3
Station;49000061;ÆBELHOLT Å, SØSTERBRO MØLLE;32;699103;6204768;Hillerød;Region Hovedstaden;Vandløb;Poel Å;06-01-1999;1;Feltmålinger, Vandløb;Ja;Miljøstyrelsen;https://vanda.miljoeportal.dk/link/045a97a2-879c-4f61-9dc9-1511d58914a2;FRB1324;32;699103;6204768;1;06-01-1999 09:00:00 +01:00;;Oxygen indhold; =;10,3;mg/l;3
Station;49000061;ÆBELHOLT Å, SØSTERBRO MØLLE;32;699103;6204768;Hillerød;Region Hovedstaden;Vandløb;Poel Å;05-07-2000;1;Feltmålinger, Vandløb;Ja;Miljøstyrelsen;https://vanda.miljoeportal.dk/link/57928797-8026-4b04-b52d-4dc18f255af0;FRB1324;32;699103;6204768;1;05-07-2000 10:10:00 +02:00;;Oxygen indhold; =;13,3;mg/l;3
Station;49000061;ÆBELHOLT Å, SØSTERBRO MØLLE;32;699103;6204768;Hillerød;Region Hovedstaden;Vandløb;Poel Å;18-01-1995;1;Feltmålinger, Vandløb;Ja;Miljøstyrelsen;https://vanda.miljoeportal.dk/link/8c02468c-7be0-41d6-b8d6-a219a0714599;FRB1324;32;699103;6204768;1;18-01-1995 10:08:00 +01:00;;Oxygen indhold; =;10,5;mg/l;3
Station;49000061;ÆBELHOLT Å, SØSTERBRO MØLLE;32;699103;6204768;Hillerød;Region Hovedstaden;Vandløb;Poel Å;14-08-1996;1;Feltmålinger, Vandløb;Ja;Miljøstyrelsen;https://vanda.miljoeportal.dk/link/066d8d8e-32d8-40ab-b3e7-a3b518588770;FRB1324;32;699103;6204768;1;14-08-1996 07:32:00 +02:00;;Temperatur; =;15,9;grader C;3
Station;49000061;ÆBELHOLT Å, SØSTERBRO MØLLE;32;699103;6204768;Hillerød;Region Hovedstaden;Vandløb;Poel Å;02-08-1995;1;Feltmålinger, Vandløb;Ja;Miljøstyrelsen;https://vanda.miljoeportal.dk/link/04cca9fa-5723-4d6e-aebb-0bae4d21dbb3;FRB1324;32;699103;6204768;1;02-08-1995 09:15:00 +02:00;;Oxygen indhold; =;7,3;mg/l;3
Station;49000061;ÆBELHOLT Å, SØSTERBRO MØLLE;32;699103;6204768;Hillerød;Region Hovedstaden;Vandløb;Poel Å;30-07-1997;1;Feltmålinger, Vandløb;Ja;Miljøstyrelsen;https://vanda.miljoeportal.dk/link/932d7ca2-6c69-4f28-8c9e-3f16c5851c97;FRB1324;32;699103;6204768;1;30-07-1997 07:12:00 +02:00;;Oxygen indhold; =;8,6;mg/l;3
Station;49000061;ÆBELHOLT Å, SØSTERBRO MØLLE;32;699103;6204768;Hillerød;Region Hovedstaden;Vandløb;Poel Å;17-07-1996;1;Feltmålinger, Vandløb;Ja;Miljøstyrelsen;https://vanda.miljoeportal.dk/link/f3c2754b-f6db-45a6-939a-68cda37e5d06;FRB1324;32;699103;6204768;1;17-07-1996 10:20:00 +02:00;;Oxygen indhold; =;10,5;mg/l;3
Station;49000061;ÆBELHOLT Å, SØSTERBRO MØLLE;32;699103;6204768;Hillerød;Region Hovedstaden;Vandløb;Poel Å;22-05-1996;1;Feltmålinger, Vandløb;Ja;Miljøstyrelsen;https://vanda.miljoeportal.dk/link/69f13aa7-6f20-4b94-b17d-f1ec3a088467;FRB1324;32;699103;6204768;1;22-05-1996 07:32:00 +02:00;;Temperatur; =;7,6;grader C;3
Station;49000061;ÆBELHOLT Å, SØSTERBRO MØLLE;32;699103;6204768;Hillerød;Region Hovedstaden;Vandløb;Poel Å;15-01-1997;1;Feltmålinger, Vandløb;Ja;Miljøstyrelsen;https://vanda.miljoeportal.dk/link/94bbc3f7-85c7-4fdd-8763-d31251a472a2;FRB1324;32;699103;6204768;1;15-01-1997 09:11:00 +01:00;;Temperatur; =;0,8;grader C;3
Station;49000061;ÆBELHOLT Å, SØSTERBRO MØLLE;32;699103;6204768;Hillerød;Region Hovedstaden;Vandløb;Poel Å;18-06-1997;1;Feltmålinger, Vandløb;Ja;Miljøstyrelsen;https://vanda.miljoeportal.dk/link/7027c361-60cb-4c92-8b3e-10f24c1a3abc;FRB1324;32;699103;6204768;1;18-06-1997 08:07:00 +02:00;;Oxygen indhold; =;16,9;mg/l;3
Station;49000061;ÆBELHOLT Å, SØSTERBRO MØLLE;32;699103;6204768;Hillerød;Region Hovedstaden;Vandløb;Poel Å;14-08-2002;1;Feltmålinger, Vandløb;Ja;Miljøstyrelsen;https://vanda.miljoeportal.dk/link/d0d8d881-045d-4d00-b52a-eb4506b6be05;FRB1324;32;699103;6204768;1;14-08-2002 06:55:00 +02:00;;Oxygen indhold; =;4,6;mg/l;3
Station;49000061;ÆBELHOLT Å, SØSTERBRO MØLLE;32;699103;6204768;Hillerød;Region Hovedstaden;Vandløb;Poel Å;04-06-1996;1;Feltmålinger, Vandløb;Ja;Miljøstyrelsen;https://vanda.miljoeportal.dk/link/279b14cd-62b7-4965-8ed6-5ab727c35e1f;FRB1324;32;699103;6204768;1;04-06-1996 00:00:00 +02:00;;Temperatur; =;11,9;grader C;3
Station;49000061;ÆBELHOLT Å, SØSTERBRO MØLLE;32;699103;6204768;Hillerød;Region Hovedstaden;Vandløb;Poel Å;25-09-1996;1;Feltmålinger, Vandløb;Ja;Miljøstyrelsen;https://vanda.miljoeportal.dk/link/28d52f82-9d73-48dc-b755-88572c78d77c;FRB1324;32;699103;6204768;1;25-09-1996 09:20:00 +02:00;;Oxygen indhold; =;10,3;mg/l;3
Station;49000061;ÆBELHOLT Å, SØSTERBRO MØLLE;32;699103;6204768;Hillerød;Region Hovedstaden;Vandløb;Poel Å;07-05-2002;1;Feltmålinger, Vandløb;Ja;Miljøstyrelsen;https://vanda.miljoeportal.dk/link/885e65b6-6dcf-4bb2-9b5b-8aeb21400329;FRB1324;32;699103;6204768;1;07-05-2002 08:10:00 +02:00;;Temperatur; =;9,4;grader C;3
Station;49000061;ÆBELHOLT Å, SØSTERBRO MØLLE;32;699103;6204768;Hillerød;Region Hovedstaden;Vandløb;Poel Å;24-09-1997;1;Feltmålinger, Vandløb;Ja;Miljøstyrelsen;https://vanda.miljoeportal.dk/link/93551176-b6a8-455f-8d2f-f81f01ee8428;FRB1324;32;699103;6204768;1;24-09-1997 10:20:00 +02:00;;Temperatur; =;9;grader C;3
Station;49000061;ÆBELHOLT Å, SØSTERBRO MØLLE;32;699103;6204768;Hillerød;Region Hovedstaden;Vandløb;Poel Å;03-03-1999;1;Feltmålinger, Vandløb;Ja;Miljøstyrelsen;https://vanda.miljoeportal.dk/link/ea2d028e-63c7-48be-928e-4361db6bbb87;FRB1324;32;699103;6204768;1;03-03-1999 08:20:00 +01:00;;Temperatur; =;2,7;grader C;3
Station;49000061;ÆBELHOLT Å, SØSTERBRO MØLLE;32;699103;6204768;Hillerød;Region Hovedstaden;Vandløb;Poel Å;12-10-1994;1;Feltmålinger, Vandløb;Ja;Miljøstyrelsen;https://vanda.miljoeportal.dk/link/1a6081ac-92aa-4763-b380-6bf18a1a3e88;FRB1324;32;699103;6204768;1;12-10-1994 10:12:00 +01:00;;Temperatur; =;9,7;grader C;3
Station;49000061;ÆBELHOLT Å, SØSTERBRO MØLLE;32;699103;6204768;Hillerød;Region Hovedstaden;Vandløb;Poel Å;04-11-1998;1;Feltmålinger, Vandløb;Ja;Miljøstyrelsen;https://vanda.miljoeportal.dk/link/6af90796-801a-4a20-a754-014404367beb;FRB1324;32;699103;6204768;1;04-11-1998 08:18:00 +01:00;;Oxygen indhold; =;8,4;mg/l;3
Station;49000061;ÆBELHOLT Å, SØSTERBRO MØLLE;32;699103;6204768;Hillerød;Region Hovedstaden;Vandløb;Poel Å;23-06-1999;1;Feltmålinger, Vandløb;Ja;Miljøstyrelsen;https://vanda.miljoeportal.dk/link/ffbfd97c-6937-42f5-93bf-b2a807d99d44;FRB1324;32;699103;6204768;1;23-06-1999 08:40:00 +02:00;;Temperatur; =;11,1;grader C;3
Station;49000061;ÆBELHOLT Å, SØSTERBRO MØLLE;32;699103;6204768;Hillerød;Region Hovedstaden;Vandløb;Poel Å;09-04-2002;1;Feltmålinger, Vandløb;Ja;Miljøstyrelsen;https://vanda.miljoeportal.dk/link/d3775ba6-4c37-4214-817a-5061accb6826;FRB1324;32;699103;6204768;1;09-04-2002 07:55:00 +02:00;;Temperatur; =;4,2;grader C;3
Station;49000061;ÆBELHOLT Å, SØSTERBRO MØLLE;32;699103;6204768;Hillerød;Region Hovedstaden;Vandløb;Poel Å;26-05-1999;1;Feltmålinger, Vandløb;Ja;Miljøstyrelsen;https://vanda.miljoeportal.dk/link/4f056fc9-2aa6-4000-948c-909bf28da6a1;FRB1324;32;699103;6204768;1;26-05-1999 08:40:00 +02:00;;Temperatur; =;9,8;grader C;3
Station;49000061;ÆBELHOLT Å, SØSTERBRO MØLLE;32;699103;6204768;Hillerød;Region Hovedstaden;Vandløb;Poel Å;14-08-1996;1;Feltmålinger, Vandløb;Ja;Miljøstyrelsen;https://vanda.miljoeportal.dk/link/066d8d8e-32d8-40ab-b3e7-a3b518588770;FRB1324;32;699103;6204768;1;14-08-1996 07:32:00 +02:00;;Oxygen indhold; =;6,6;mg/l;3
Station;49000061;ÆBELHOLT Å, SØSTERBRO MØLLE;32;699103;6204768;Hillerød;Region Hovedstaden;Vandløb;Poel Å;22-05-2001;1;Feltmålinger, Vandløb;Ja;Miljøstyrelsen;https://vanda.miljoeportal.dk/link/83092934-de37-4267-a541-5028dd803bc2;FRB1324;32;699103;6204768;1;22-05-2001 08:10:00 +02:00;;Temperatur; =;8,1;grader C;3
Station;49000061;ÆBELHOLT Å, SØSTERBRO MØLLE;32;699103;6204768;Hillerød;Region Hovedstaden;Vandløb;Poel Å;02-07-1997;1;Feltmålinger, Vandløb;Ja;Miljøstyrelsen;https://vanda.miljoeportal.dk/link/374cfb36-2a72-4a27-8cb8-c9827a329c1f;FRB1324;32;699103;6204768;1;02-07-1997 07:42:00 +02:00;;Temperatur; =;14,2;grader C;3
Station;49000061;ÆBELHOLT Å, SØSTERBRO MØLLE;32;699103;6204768;Hillerød;Region Hovedstaden;Vandløb;Poel Å;16-02-2000;1;Feltmålinger, Vandløb;Ja;Miljøstyrelsen;https://vanda.miljoeportal.dk/link/ba1da627-0bb3-4de3-a88b-9f87f3f26f9e;FRB1324;32;699103;6204768;1;16-02-2000 08:40:00 +01:00;;Oxygen indhold; =;9,3;mg/l;3
Station;49000061;ÆBELHOLT Å, SØSTERBRO MØLLE;32;699103;6204768;Hillerød;Region Hovedstaden;Vandløb;Poel Å;25-05-1994;1;Feltmålinger, Vandløb;Ja;Miljøstyrelsen;https://vanda.miljoeportal.dk/link/029cb7b6-681e-4252-8c72-d6ebc5ee3e26;FRB1324;32;699103;6204768;1;25-05-1994 08:50:00 +02:00;;Oxygen indhold; =;10,6;mg/l;3
Station;49000061;ÆBELHOLT Å, SØSTERBRO MØLLE;32;699103;6204768;Hillerød;Region Hovedstaden;Vandløb;Poel Å;15-07-1998;1;Feltmålinger, Vandløb;Ja;Miljøstyrelsen;https://vanda.miljoeportal.dk/link/ed1319a0-4e11-4941-ba1f-3689fd53ba41;FRB1324;32;699103;6204768;1;15-07-1998 08:57:00 +02:00;;Oxygen indhold; =;8,2;mg/l;3
Station;49000061;ÆBELHOLT Å, SØSTERBRO MØLLE;32;699103;6204768;Hillerød;Region Hovedstaden;Vandløb;Poel Å;03-12-1997;1;Feltmålinger, Vandløb;Ja;Miljøstyrelsen;https://vanda.miljoeportal.dk/link/26f99f24-33c6-43a5-8cd7-3128b50e565f;FRB1324;32;699103;6204768;1;03-12-1997 09:04:00 +01:00;;Oxygen indhold; =;10,9;mg/l;3
Station;49000061;ÆBELHOLT Å, SØSTERBRO MØLLE;32;699103;6204768;Hillerød;Region Hovedstaden;Vandløb;Poel Å;12-02-1997;1;Feltmålinger, Vandløb;Ja;Miljøstyrelsen;https://vanda.miljoeportal.dk/link/fe9425aa-ba75-48ca-801c-e0110d96373a;FRB1324;32;699103;6204768;1;12-02-1997 10:20:00 +01:00;;Temperatur; =;2,7;grader C;3
Station;49000061;ÆBELHOLT Å, SØSTERBRO MØLLE;32;699103;6204768;Hillerød;Region Hovedstaden;Vandløb;Poel Å;13-03-2002;1;Feltmålinger, Vandløb;Ja;Miljøstyrelsen;https://vanda.miljoeportal.dk/link/5646e564-82a6-4251-944e-ba76bf23764e;FRB1324;32;699103;6204768;1;13-03-2002 08:30:00 +01:00;;Oxygen indhold; =;11,2;mg/l;3
Station;49000061;ÆBELHOLT Å, SØSTERBRO MØLLE;32;699103;6204768;Hillerød;Region Hovedstaden;Vandløb;Poel Å;29-01-1997;1;Feltmålinger, Vandløb;Ja;Miljøstyrelsen;https://vanda.miljoeportal.dk/link/f21b867b-11e1-4f07-a79a-3f7131d94958;FRB1324;32;699103;6204768;1;29-01-1997 09:03:00 +01:00;;Oxygen indhold; =;13,6;mg/l;3
Station;49000061;ÆBELHOLT Å, SØSTERBRO MØLLE;32;699103;6204768;Hillerød;Region Hovedstaden;Vandløb;Poel Å;15-02-1995;1;Feltmålinger, Vandløb;Ja;Miljøstyrelsen;https://vanda.miljoeportal.dk/link/0436cc56-4a2a-4526-91a2-32807be5850a;FRB1324;32;699103;6204768;1;15-02-1995 10:16:00 +01:00;;Oxygen indhold; =;9,9;mg/l;3
Station;49000061;ÆBELHOLT Å, SØSTERBRO MØLLE;32;699103;6204768;Hillerød;Region Hovedstaden;Vandløb;Poel Å;02-01-1998;1;Feltmålinger, Vandløb;Ja;Miljøstyrelsen;https://vanda.miljoeportal.dk/link/c05e2c63-d745-4434-b264-3336f89d3470;FRB1324;32;699103;6204768;1;02-01-1998 09:09:00 +01:00;;Temperatur; =;5,1;grader C;3
Station;49000061;ÆBELHOLT Å, SØSTERBRO MØLLE;32;699103;6204768;Hillerød;Region Hovedstaden;Vandløb;Poel Å;23-11-1994;1;Feltmålinger, Vandløb;Ja;Miljøstyrelsen;https://vanda.miljoeportal.dk/link/5901de28-dab1-465b-ab1b-2804577527e5;FRB1324;32;699103;6204768;1;23-11-1994 10:23:00 +01:00;;Oxygen indhold; =;8,9;mg/l;3
Station;49000061;ÆBELHOLT Å, SØSTERBRO MØLLE;32;699103;6204768;Hillerød;Region Hovedstaden;Vandløb;Poel Å;25-05-1994;1;Feltmålinger, Vandløb;Ja;Miljøstyrelsen;https://vanda.miljoeportal.dk/link/029cb7b6-681e-4252-8c72-d6ebc5ee3e26;FRB1324;32;699103;6204768;1;25-05-1994 08:50:00 +02:00;;Temperatur; =;9,6;grader C;3
Station;49000061;ÆBELHOLT Å, SØSTERBRO MØLLE;32;699103;6204768;Hillerød;Region Hovedstaden;Vandløb;Poel Å;28-08-1996;1;Feltmålinger, Vandløb;Ja;Miljøstyrelsen;https://vanda.miljoeportal.dk/link/9a28eb92-840c-42e8-b894-db36993b519c;FRB1324;32;699103;6204768;1;28-08-1996 05:54:00 +02:00;;Oxygen indhold; =;6,3;mg/l;3
Station;49000061;ÆBELHOLT Å, SØSTERBRO MØLLE;32;699103;6204768;Hillerød;Region Hovedstaden;Vandløb;Poel Å;08-12-1993;1;Feltmålinger, Vandløb;Ja;Miljøstyrelsen;https://vanda.miljoeportal.dk/link/b285d5c7-eb93-4a7b-9d7c-3aefd2f82c21;FRB1324;32;699103;6204768;1;08-12-1993 08:49:00 +01:00;;Oxygen indhold; =;9,8;mg/l;3
Station;49000061;ÆBELHOLT Å, SØSTERBRO MØLLE;32;699103;6204768;Hillerød;Region Hovedstaden;Vandløb;Poel Å;10-05-1995;1;Feltmålinger, Vandløb;Ja;Miljøstyrelsen;https://vanda.miljoeportal.dk/link/183a7570-0a74-4abf-a45b-d7f6641fac50;FRB1324;32;699103;6204768;1;10-05-1995 09:14:00 +02:00;;Oxygen indhold; =;10,8;mg/l;3
Station;49000061;ÆBELHOLT Å, SØSTERBRO MØLLE;32;699103;6204768;Hillerød;Region Hovedstaden;Vandløb;Poel Å;26-04-1995;1;Feltmålinger, Vandløb;Ja;Miljøstyrelsen;https://vanda.miljoeportal.dk/link/7bb8d9d0-0a3a-46e0-95c6-d101fdbce932;FRB1324;32;699103;6204768;1;26-04-1995 08:49:00 +02:00;;Temperatur; =;8,5;grader C;3
Station;49000061;ÆBELHOLT Å, SØSTERBRO MØLLE;32;699103;6204768;Hillerød;Region Hovedstaden;Vandløb;Poel Å;22-06-1994;1;Feltmålinger, Vandløb;Ja;Miljøstyrelsen;https://vanda.miljoeportal.dk/link/87883321-6b22-4361-bb32-b47bb8fff0dd;FRB1324;32;699103;6204768;1;22-06-1994 07:30:00 +02:00;;Temperatur; =;11,6;grader C;3
Station;49000061;ÆBELHOLT Å, SØSTERBRO MØLLE;32;699103;6204768;Hillerød;Region Hovedstaden;Vandløb;Poel Å;15-03-1995;1;Feltmålinger, Vandløb;Ja;Miljøstyrelsen;https://vanda.miljoeportal.dk/link/2b4a2676-bc7f-4dea-ae19-5c4f52c94de9;FRB1324;32;699103;6204768;1;15-03-1995 10:21:00 +01:00;;Temperatur; =;3,1;grader C;3
Station;49000061;ÆBELHOLT Å, SØSTERBRO MØLLE;32;699103;6204768;Hillerød;Region Hovedstaden;Vandløb;Poel Å;19-01-1994;1;Feltmålinger, Vandløb;Ja;Miljøstyrelsen;https://vanda.miljoeportal.dk/link/9d4395e8-814a-4581-be95-f50c919966fd;FRB1324;32;699103;6204768;1;19-01-1994 08:53:00 +01:00;;Oxygen indhold; =;10,9;mg/l;3
Station;49000061;ÆBELHOLT Å, SØSTERBRO MØLLE;32;699103;6204768;Hillerød;Region Hovedstaden;Vandløb;Poel Å;08-10-1997;1;Feltmålinger, Vandløb;Ja;Miljøstyrelsen;https://vanda.miljoeportal.dk/link/ecb2ea20-e89f-4ec8-8cb0-92bede1a187e;FRB1324;32;699103;6204768;1;08-10-1997 07:43:00 +02:00;;Oxygen indhold; =;8,6;mg/l;3
Station;49000061;ÆBELHOLT Å, SØSTERBRO MØLLE;32;699103;6204768;Hillerød;Region Hovedstaden;Vandløb;Poel Å;08-10-1997;1;Feltmålinger, Vandløb;Ja;Miljøstyrelsen;https://vanda.miljoeportal.dk/link/ecb2ea20-e89f-4ec8-8cb0-92bede1a187e;FRB1324;32;699103;6204768;1;08-10-1997 07:43:00 +02:00;;Temperatur; =;10,9;grader C;3
Station;49000061;ÆBELHOLT Å, SØSTERBRO MØLLE;32;699103;6204768;Hillerød;Region Hovedstaden;Vandløb;Poel Å;17-08-1994;1;Feltmålinger, Vandløb;Ja;Miljøstyrelsen;https://vanda.miljoeportal.dk/link/cafa23ec-1bc1-4e54-bc7d-d8d730020ae7;FRB1324;32;699103;6204768;1;17-08-1994 08:54:00 +02:00;;Oxygen indhold; =;8,8;mg/l;3
Station;49000061;ÆBELHOLT Å, SØSTERBRO MØLLE;32;699103;6204768;Hillerød;Region Hovedstaden;Vandløb;Poel Å;19-07-1995;1;Feltmålinger, Vandløb;Ja;Miljøstyrelsen;https://vanda.miljoeportal.dk/link/a6f9a16b-28c8-4000-abb2-cedb6d8bcff2;FRB1324;32;699103;6204768;1;19-07-1995 09:17:00 +02:00;;Temperatur; =;14,1;grader C;3
Station;49000061;ÆBELHOLT Å, SØSTERBRO MØLLE;32;699103;6204768;Hillerød;Region Hovedstaden;Vandløb;Poel Å;01-07-1998;1;Feltmålinger, Vandløb;Ja;Miljøstyrelsen;https://vanda.miljoeportal.dk/link/8ac9a306-ed54-4b8e-9050-644e656b6c66;FRB1324;32;699103;6204768;1;01-07-1998 07:32:00 +02:00;;Temperatur; =;12,6;grader C;3
Station;49000061;ÆBELHOLT Å, SØSTERBRO MØLLE;32;699103;6204768;Hillerød;Region Hovedstaden;Vandløb;Poel Å;16-02-1994;1;Feltmålinger, Vandløb;Ja;Miljøstyrelsen;https://vanda.miljoeportal.dk/link/23d4bba7-608e-417b-b0a5-dfc52b3500d0;FRB1324;32;699103;6204768;1;16-02-1994 09:24:00 +01:00;;Oxygen indhold; =;11;mg/l;3
Station;49000061;ÆBELHOLT Å, SØSTERBRO MØLLE;32;699103;6204768;Hillerød;Region Hovedstaden;Vandløb;Poel Å;07-06-2000;1;Feltmålinger, Vandløb;Ja;Miljøstyrelsen;https://vanda.miljoeportal.dk/link/279beca2-89db-484b-b4de-1990e604a5a2;FRB1324;32;699103;6204768;1;07-06-2000 09:40:00 +02:00;;Oxygen indhold; =;10,6;mg/l;3
Station;49000061;ÆBELHOLT Å, SØSTERBRO MØLLE;32;699103;6204768;Hillerød;Region Hovedstaden;Vandløb;Poel Å;26-09-2001;1;Feltmålinger, Vandløb;Ja;Miljøstyrelsen;https://vanda.miljoeportal.dk/link/7f50273d-75e0-4994-b891-8d942c122343;FRB1324;32;699103;6204768;1;26-09-2001 08:40:00 +02:00;;Temperatur; =;10,1;grader C;3
Station;49000061;ÆBELHOLT Å, SØSTERBRO MØLLE;32;699103;6204768;Hillerød;Region Hovedstaden;Vandløb;Poel Å;26-04-1995;1;Feltmålinger, Vandløb;Ja;Miljøstyrelsen;https://vanda.miljoeportal.dk/link/7bb8d9d0-0a3a-46e0-95c6-d101fdbce932;FRB1324;32;699103;6204768;1;26-04-1995 08:49:00 +02:00;;Oxygen indhold; =;12,6;mg/l;3
Station;49000061;ÆBELHOLT Å, SØSTERBRO MØLLE;32;699103;6204768;Hillerød;Region Hovedstaden;Vandløb;Poel Å;23-06-1999;1;Feltmålinger, Vandløb;Ja;Miljøstyrelsen;https://vanda.miljoeportal.dk/link/ffbfd97c-6937-42f5-93bf-b2a807d99d44;FRB1324;32;699103;6204768;1;23-06-1999 08:40:00 +02:00;;Oxygen indhold; =;10,5;mg/l;3
Station;49000061;ÆBELHOLT Å, SØSTERBRO MØLLE;32;699103;6204768;Hillerød;Region Hovedstaden;Vandløb;Poel Å;11-02-1998;1;Feltmålinger, Vandløb;Ja;Miljøstyrelsen;https://vanda.miljoeportal.dk/link/7d6bbca0-f1e0-42e1-bf1a-ff034f568b1a;FRB1324;32;699103;6204768;1;11-02-1998 08:27:00 +01:00;;Temperatur; =;4,3;grader C;3
Station;49000061;ÆBELHOLT Å, SØSTERBRO MØLLE;32;699103;6204768;Hillerød;Region Hovedstaden;Vandløb;Poel Å;29-09-1999;1;Feltmålinger, Vandløb;Ja;Miljøstyrelsen;https://vanda.miljoeportal.dk/link/c1c69b27-7adf-48ae-a46c-08766152e078;FRB1324;32;699103;6204768;1;29-09-1999 08:40:00 +02:00;;Oxygen indhold; =;5,6;mg/l;3
Station;49000061;ÆBELHOLT Å, SØSTERBRO MØLLE;32;699103;6204768;Hillerød;Region Hovedstaden;Vandløb;Poel Å;31-01-2001;1;Feltmålinger, Vandløb;Ja;Miljøstyrelsen;https://vanda.miljoeportal.dk/link/10501357-016d-4da2-bc12-e12eead05bba;FRB1324;32;699103;6204768;1;31-01-2001 08:30:00 +01:00;;Temperatur; =;4,3;grader C;3
Station;49000061;ÆBELHOLT Å, SØSTERBRO MØLLE;32;699103;6204768;Hillerød;Region Hovedstaden;Vandløb;Poel Å;27-03-1996;1;Feltmålinger, Vandløb;Ja;Miljøstyrelsen;https://vanda.miljoeportal.dk/link/fabb27b3-f155-4966-8d8d-b4e7c69c9d75;FRB1324;32;699103;6204768;1;27-03-1996 08:30:00 +01:00;;Temperatur; =;0,9;grader C;3
Station;49000061;ÆBELHOLT Å, SØSTERBRO MØLLE;32;699103;6204768;Hillerød;Region Hovedstaden;Vandløb;Poel Å;02-02-1994;1;Feltmålinger, Vandløb;Ja;Miljøstyrelsen;https://vanda.miljoeportal.dk/link/0eab7efd-2f65-44d2-9a29-de78c5926348;FRB1324;32;699103;6204768;1;02-02-1994 09:05:00 +01:00;;Oxygen indhold; =;9,2;mg/l;3
Station;49000061;ÆBELHOLT Å, SØSTERBRO MØLLE;32;699103;6204768;Hillerød;Region Hovedstaden;Vandløb;Poel Å;02-01-2002;1;Feltmålinger, Vandløb;Ja;Miljøstyrelsen;https://vanda.miljoeportal.dk/link/312a8869-1a75-44fd-ae45-f86aed069f77;FRB1324;32;699103;6204768;1;02-01-2002 09:55:00 +01:00;;Temperatur; =;1,8;grader C;3
Station;49000061;ÆBELHOLT Å, SØSTERBRO MØLLE;32;699103;6204768;Hillerød;Region Hovedstaden;Vandløb;Poel Å;06-05-1997;1;Feltmålinger, Vandløb;Ja;Miljøstyrelsen;https://vanda.miljoeportal.dk/link/0e4103e3-8a30-4987-8395-caf54cdf2ddb;FRB1324;32;699103;6204768;1;06-05-1997 10:20:00 +02:00;;Temperatur; =;10,6;grader C;3
Station;49000061;ÆBELHOLT Å, SØSTERBRO MØLLE;32;699103;6204768;Hillerød;Region Hovedstaden;Vandløb;Poel Å;21-06-2000;1;Feltmålinger, Vandløb;Ja;Miljøstyrelsen;https://vanda.miljoeportal.dk/link/c91a7736-1ea3-4524-898b-a1ab7841abbb;FRB1324;32;699103;6204768;1;21-06-2000 08:45:00 +02:00;;Oxygen indhold; =;12,1;mg/l;3
Station;49000061;ÆBELHOLT Å, SØSTERBRO MØLLE;32;699103;6204768;Hillerød;Region Hovedstaden;Vandløb;Poel Å;29-07-1998;1;Feltmålinger, Vandløb;Ja;Miljøstyrelsen;https://vanda.miljoeportal.dk/link/56c8c277-9669-4ccf-8c82-c753f035157a;FRB1324;32;699103;6204768;1;29-07-1998 09:30:00 +02:00;;Oxygen indhold; =;8,3;mg/l;3
Station;49000061;ÆBELHOLT Å, SØSTERBRO MØLLE;32;699103;6204768;Hillerød;Region Hovedstaden;Vandløb;Poel Å;02-08-2000;1;Feltmålinger, Vandløb;Ja;Miljøstyrelsen;https://vanda.miljoeportal.dk/link/02fa3e2c-dd36-4ee3-9fe6-1aff986e49bd;FRB1324;32;699103;6204768;1;02-08-2000 08:35:00 +02:00;;Oxygen indhold; =;8,7;mg/l;3
Station;49000061;ÆBELHOLT Å, SØSTERBRO MØLLE;32;699103;6204768;Hillerød;Region Hovedstaden;Vandløb;Poel Å;21-06-1995;1;Feltmålinger, Vandløb;Ja;Miljøstyrelsen;https://vanda.miljoeportal.dk/link/171af2bd-08ba-42be-a4d9-cd712abfe726;FRB1324;32;699103;6204768;1;21-06-1995 10:32:00 +02:00;;Temperatur; =;12,3;grader C;3
Station;49000061;ÆBELHOLT Å, SØSTERBRO MØLLE;32;699103;6204768;Hillerød;Region Hovedstaden;Vandløb;Poel Å;20-12-1995;1;Feltmålinger, Vandløb;Ja;Miljøstyrelsen;https://vanda.miljoeportal.dk/link/7af71dc2-7aa9-48b1-bd33-95afaf2c8868;FRB1324;32;699103;6204768;1;20-12-1995 10:11:00 +01:00;;Temperatur; =;0,1;grader C;3
Station;49000061;ÆBELHOLT Å, SØSTERBRO MØLLE;32;699103;6204768;Hillerød;Region Hovedstaden;Vandløb;Poel Å;08-11-2000;1;Feltmålinger, Vandløb;Ja;Miljøstyrelsen;https://vanda.miljoeportal.dk/link/ced1bf93-e66c-4308-8c6e-19beb94b506c;FRB1324;32;699103;6204768;1;08-11-2000 08:10:00 +01:00;;Temperatur; =;8,4;grader C;3
Station;49000061;ÆBELHOLT Å, SØSTERBRO MØLLE;32;699103;6204768;Hillerød;Region Hovedstaden;Vandløb;Poel Å;25-03-1994;1;Feltmålinger, Vandløb;Ja;Miljøstyrelsen;https://vanda.miljoeportal.dk/link/ceccf8f9-aa98-4ab2-8f17-c6f084e87a0a;FRB1324;32;699103;6204768;1;25-03-1994 09:11:00 +01:00;;Oxygen indhold; =;11,9;mg/l;3
Station;49000061;ÆBELHOLT Å, SØSTERBRO MØLLE;32;699103;6204768;Hillerød;Region Hovedstaden;Vandløb;Poel Å;20-06-2001;1;Feltmålinger, Vandløb;Ja;Miljøstyrelsen;https://vanda.miljoeportal.dk/link/cb608e40-11cf-4e2f-8516-7ccee0abed55;FRB1324;32;699103;6204768;1;20-06-2001 08:10:00 +02:00;;Oxygen indhold; =;8,5;mg/l;3
Station;49000061;ÆBELHOLT Å, SØSTERBRO MØLLE;32;699103;6204768;Hillerød;Region Hovedstaden;Vandløb;Poel Å;05-01-1994;1;Feltmålinger, Vandløb;Ja;Miljøstyrelsen;https://vanda.miljoeportal.dk/link/46d41db0-b6c0-4be9-9573-55dd16cc938f;FRB1324;32;699103;6204768;1;05-01-1994 09:17:00 +01:00;;Oxygen indhold; =;9,9;mg/l;3
Station;49000061;ÆBELHOLT Å, SØSTERBRO MØLLE;32;699103;6204768;Hillerød;Region Hovedstaden;Vandløb;Poel Å;12-04-2000;1;Feltmålinger, Vandløb;Ja;Miljøstyrelsen;https://vanda.miljoeportal.dk/link/56ec03e3-73b2-4cbb-81d3-6d99c6049e31;FRB1324;32;699103;6204768;1;12-04-2000 08:35:00 +02:00;;Oxygen indhold; =;11,1;mg/l;3
Station;49000061;ÆBELHOLT Å, SØSTERBRO MØLLE;32;699103;6204768;Hillerød;Region Hovedstaden;Vandløb;Poel Å;08-12-1999;1;Feltmålinger, Vandløb;Ja;Miljøstyrelsen;https://vanda.miljoeportal.dk/link/5fcf2c4d-43c5-4cac-8bd6-2a2a2351e804;FRB1324;32;699103;6204768;1;08-12-1999 08:55:00 +01:00;;Oxygen indhold; =;9,9;mg/l;3
Station;49000061;ÆBELHOLT Å, SØSTERBRO MØLLE;32;699103;6204768;Hillerød;Region Hovedstaden;Vandløb;Poel Å;12-09-2001;1;Feltmålinger, Vandløb;Ja;Miljøstyrelsen;https://vanda.miljoeportal.dk/link/3445f4b2-0ab5-439a-9e9b-f6cbb0ed0687;FRB1324;32;699103;6204768;1;12-09-2001 08:30:00 +02:00;;Temperatur; =;11,8;grader C;3
Station;49000061;ÆBELHOLT Å, SØSTERBRO MØLLE;32;699103;6204768;Hillerød;Region Hovedstaden;Vandløb;Poel Å;31-01-1996;1;Feltmålinger, Vandløb;Ja;Miljøstyrelsen;https://vanda.miljoeportal.dk/link/9ab808e8-bee6-40e9-8814-238ede6089c1;FRB1324;32;699103;6204768;1;31-01-1996 09:20:00 +01:00;;Oxygen indhold; =;12,2;mg/l;3
Station;49000061;ÆBELHOLT Å, SØSTERBRO MØLLE;32;699103;6204768;Hillerød;Region Hovedstaden;Vandløb;Poel Å;01-02-2000;1;Feltmålinger, Vandløb;Ja;Miljøstyrelsen;https://vanda.miljoeportal.dk/link/47692064-37cd-461c-b426-54dfc2aa051a;FRB1324;32;699103;6204768;1;01-02-2000 08:45:00 +01:00;;Temperatur; =;3,8;grader C;3
Station;49000061;ÆBELHOLT Å, SØSTERBRO MØLLE;32;699103;6204768;Hillerød;Region Hovedstaden;Vandløb;Poel Å;16-08-2000;1;Feltmålinger, Vandløb;Ja;Miljøstyrelsen;https://vanda.miljoeportal.dk/link/b7484ca0-5afc-4d2f-9b93-5bbdeb39d471;FRB1324;32;699103;6204768;1;16-08-2000 08:10:00 +02:00;;Oxygen indhold; =;11,1;mg/l;3
Station;49000061;ÆBELHOLT Å, SØSTERBRO MØLLE;32;699103;6204768;Hillerød;Region Hovedstaden;Vandløb;Poel Å;16-12-1998;1;Feltmålinger, Vandløb;Ja;Miljøstyrelsen;https://vanda.miljoeportal.dk/link/f9c8161b-fe94-477c-b2cb-39adc54f9d58;FRB1324;32;699103;6204768;1;16-12-1998 08:16:00 +01:00;;Temperatur; =;3,4;grader C;3
Station;49000061;ÆBELHOLT Å, SØSTERBRO MØLLE;32;699103;6204768;Hillerød;Region Hovedstaden;Vandløb;Poel Å;22-06-1994;1;Feltmålinger, Vandløb;Ja;Miljøstyrelsen;https://vanda.miljoeportal.dk/link/87883321-6b22-4361-bb32-b47bb8fff0dd;FRB1324;32;699103;6204768;1;22-06-1994 07:30:00 +02:00;;Oxygen indhold; =;7,8;mg/l;3
Station;49000061;ÆBELHOLT Å, SØSTERBRO MØLLE;32;699103;6204768;Hillerød;Region Hovedstaden;Vandløb;Poel Å;27-04-1994;1;Feltmålinger, Vandløb;Ja;Miljøstyrelsen;https://vanda.miljoeportal.dk/link/84c0511a-c62d-46af-a2b0-0012fccf7cdb;FRB1324;32;699103;6204768;1;27-04-1994 09:49:00 +02:00;;Temperatur; =;9,3;grader C;3
Station;49000061;ÆBELHOLT Å, SØSTERBRO MØLLE;32;699103;6204768;Hillerød;Region Hovedstaden;Vandløb;Poel Å;03-01-1996;1;Feltmålinger, Vandløb;Ja;Miljøstyrelsen;https://vanda.miljoeportal.dk/link/9cc88dc9-3fa3-49ee-8225-2c0993f23d37;FRB1324;32;699103;6204768;1;03-01-1996 09:02:00 +01:00;;Oxygen indhold; =;14,2;mg/l;3
Station;49000061;ÆBELHOLT Å, SØSTERBRO MØLLE;32;699103;6204768;Hillerød;Region Hovedstaden;Vandløb;Poel Å;09-05-2001;1;Feltmålinger, Vandløb;Ja;Miljøstyrelsen;https://vanda.miljoeportal.dk/link/8e0da316-bd64-4f80-8a03-06fe72a47956;FRB1324;32;699103;6204768;1;09-05-2001 08:35:00 +02:00;;Temperatur; =;8,1;grader C;3
Station;49000061;ÆBELHOLT Å, SØSTERBRO MØLLE;32;699103;6204768;Hillerød;Region Hovedstaden;Vandløb;Poel Å;17-12-1997;1;Feltmålinger, Vandløb;Ja;Miljøstyrelsen;https://vanda.miljoeportal.dk/link/9fb7c811-6e4f-4aed-9a79-42ba8f48ca51;FRB1324;32;699103;6204768;1;17-12-1997 08:44:00 +01:00;;Oxygen indhold; =;12;mg/l;3
Station;49000061;ÆBELHOLT Å, SØSTERBRO MØLLE;32;699103;6204768;Hillerød;Region Hovedstaden;Vandløb;Poel Å;13-08-1997;1;Feltmålinger, Vandløb;Ja;Miljøstyrelsen;https://vanda.miljoeportal.dk/link/e00d6e7c-74c6-45ba-a326-d7be613f6800;FRB1324;32;699103;6204768;1;13-08-1997 07:20:00 +02:00;;Temperatur; =;14,4;grader C;3
Station;49000061;ÆBELHOLT Å, SØSTERBRO MØLLE;32;699103;6204768;Hillerød;Region Hovedstaden;Vandløb;Poel Å;29-09-1993;1;Feltmålinger, Vandløb;Ja;Miljøstyrelsen;https://vanda.miljoeportal.dk/link/34b5e50b-a871-4c0c-8ef1-b8aec40206ce;FRB1324;32;699103;6204768;1;29-09-1993 09:03:00 +01:00;;Oxygen indhold; =;7,9;mg/l;3
Station;49000061;ÆBELHOLT Å, SØSTERBRO MØLLE;32;699103;6204768;Hillerød;Region Hovedstaden;Vandløb;Poel Å;08-12-1999;1;Feltmålinger, Vandløb;Ja;Miljøstyrelsen;https://vanda.miljoeportal.dk/link/5fcf2c4d-43c5-4cac-8bd6-2a2a2351e804;FRB1324;32;699103;6204768;1;08-12-1999 08:55:00 +01:00;;Temperatur; =;5,2;grader C;3
Station;49000061;ÆBELHOLT Å, SØSTERBRO MØLLE;32;699103;6204768;Hillerød;Region Hovedstaden;Vandløb;Poel Å;13-03-2002;1;Feltmålinger, Vandløb;Ja;Miljøstyrelsen;https://vanda.miljoeportal.dk/link/5646e564-82a6-4251-944e-ba76bf23764e;FRB1324;32;699103;6204768;1;13-03-2002 08:30:00 +01:00;;Temperatur; =;5,4;grader C;3
Station;49000061;ÆBELHOLT Å, SØSTERBRO MØLLE;32;699103;6204768;Hillerød;Region Hovedstaden;Vandløb;Poel Å;03-02-1999;1;Feltmålinger, Vandløb;Ja;Miljøstyrelsen;https://vanda.miljoeportal.dk/link/626fb29d-1eb9-452d-afa3-30e9458c48dc;FRB1324;32;699103;6204768;1;03-02-1999 08:40:00 +01:00;;Oxygen indhold; =;10,4;mg/l;3
Station;49000061;ÆBELHOLT Å, SØSTERBRO MØLLE;32;699103;6204768;Hillerød;Region Hovedstaden;Vandløb;Poel Å;06-12-2000;1;Feltmålinger, Vandløb;Ja;Miljøstyrelsen;https://vanda.miljoeportal.dk/link/61d14b05-3fc9-48aa-a01e-de955926d3de;FRB1324;32;699103;6204768;1;06-12-2000 08:35:00 +01:00;;Temperatur; =;7,5;grader C;3
Station;49000061;ÆBELHOLT Å, SØSTERBRO MØLLE;32;699103;6204768;Hillerød;Region Hovedstaden;Vandløb;Poel Å;01-07-1998;1;Feltmålinger, Vandløb;Ja;Miljøstyrelsen;https://vanda.miljoeportal.dk/link/8ac9a306-ed54-4b8e-9050-644e656b6c66;FRB1324;32;699103;6204768;1;01-07-1998 07:32:00 +02:00;;Oxygen indhold; =;7,8;mg/l;3
Station;49000061;ÆBELHOLT Å, SØSTERBRO MØLLE;32;699103;6204768;Hillerød;Region Hovedstaden;Vandløb;Poel Å;12-04-2000;1;Feltmålinger, Vandløb;Ja;Miljøstyrelsen;https://vanda.miljoeportal.dk/link/56ec03e3-73b2-4cbb-81d3-6d99c6049e31;FRB1324;32;699103;6204768;1;12-04-2000 08:35:00 +02:00;;Temperatur; =;5,3;grader C;3
Station;49000061;ÆBELHOLT Å, SØSTERBRO MØLLE;32;699103;6204768;Hillerød;Region Hovedstaden;Vandløb;Poel Å;27-07-2011;1;Feltmålinger, Vandløb;Ja;Miljøstyrelsen;https://vanda.miljoeportal.dk/link/c7891698-793f-491a-8589-9053092ecf46;FRB1324;32;699103;6204768;1;27-07-2011 09:45:00 +02:00;;Temperatur; =;13,9;grader C;3
Station;49000061;ÆBELHOLT Å, SØSTERBRO MØLLE;32;699103;6204768;Hillerød;Region Hovedstaden;Vandløb;Poel Å;14-12-2004;1;Feltmålinger, Vandløb;Ja;Miljøstyrelsen;https://vanda.miljoeportal.dk/link/4cbaafc2-47ff-40bb-a850-ba91a56df763;FRB1324;32;699103;6204768;1;14-12-2004 08:20:00 +01:00;;Oxygen indhold; =;9,1;mg/l;3
Station;49000061;ÆBELHOLT Å, SØSTERBRO MØLLE;32;699103;6204768;Hillerød;Region Hovedstaden;Vandløb;Poel Å;30-11-2004;1;Feltmålinger, Vandløb;Ja;Miljøstyrelsen;https://vanda.miljoeportal.dk/link/4d905ebb-e8b4-4b7b-bc2d-179c501d861a;FRB1324;32;699103;6204768;1;30-11-2004 00:00:00 +01:00;;Oxygen indhold; =;9;mg/l;3
Station;49000061;ÆBELHOLT Å, SØSTERBRO MØLLE;32;699103;6204768;Hillerød;Region Hovedstaden;Vandløb;Poel Å;14-09-2006;1;Feltmålinger, Vandløb;Ja;Miljøstyrelsen;https://vanda.miljoeportal.dk/link/c55a5895-3495-4b6c-93af-2a76252b0497;FRB1324;32;699103;6204768;1;14-09-2006 08:35:00 +02:00;;Temperatur; =;13,3;grader C;2
Station;49000061;ÆBELHOLT Å, SØSTERBRO MØLLE;32;699103;6204768;Hillerød;Region Hovedstaden;Vandløb;Poel Å;30-10-2003;1;Feltmålinger, Vandløb;Ja;Miljøstyrelsen;https://vanda.miljoeportal.dk/link/f2459330-53aa-4106-adc5-2c0043afe3b3;FRB1324;32;699103;6204768;1;30-10-2003 09:20:00 +01:00;;Oxygen indhold; =;7,1;mg/l;3
Station;49000061;ÆBELHOLT Å, SØSTERBRO MØLLE;32;699103;6204768;Hillerød;Region Hovedstaden;Vandløb;Poel Å;28-07-2009;1;Feltmålinger, Vandløb;Ja;Miljøstyrelsen;https://vanda.miljoeportal.dk/link/d2a39026-d957-4070-8ce9-fcd8873757e4;FRB1324;32;699103;6204768;1;28-07-2009 10:20:00 +02:00;;Temperatur; =;15,3;grader C;3
Station;49000061;ÆBELHOLT Å, SØSTERBRO MØLLE;32;699103;6204768;Hillerød;Region Hovedstaden;Vandløb;Poel Å;19-12-2006;1;Feltmålinger, Vandløb;Ja;Miljøstyrelsen;https://vanda.miljoeportal.dk/link/47d74773-00b7-4636-b6d0-6bd61a0a4277;FRB1324;32;699103;6204768;1;19-12-2006 08:50:00 +01:00;;Temperatur; =;5,8;grader C;2
Station;49000061;ÆBELHOLT Å, SØSTERBRO MØLLE;32;699103;6204768;Hillerød;Region Hovedstaden;Vandløb;Poel Å;10-02-2004;1;Feltmålinger, Vandløb;Ja;Miljøstyrelsen;https://vanda.miljoeportal.dk/link/fcf1e918-3cb6-402e-8067-1dba0b5f32df;FRB1324;32;699103;6204768;1;10-02-2004 07:45:00 +01:00;;Oxygen indhold; =;11,1;mg/l;3
Station;49000061;ÆBELHOLT Å, SØSTERBRO MØLLE;32;699103;6204768;Hillerød;Region Hovedstaden;Vandløb;Poel Å;15-01-2003;1;Feltmålinger, Vandløb;Ja;Miljøstyrelsen;https://vanda.miljoeportal.dk/link/64360045-0368-42db-9fff-574f71dcd3b7;FRB1324;32;699103;6204768;1;15-01-2003 10:30:00 +01:00;;Oxygen indhold; =;9,4;mg/l;3
Station;49000061;ÆBELHOLT Å, SØSTERBRO MØLLE;32;699103;6204768;Hillerød;Region Hovedstaden;Vandløb;Poel Å;19-01-1994;1;Feltmålinger, Vandløb;Ja;Miljøstyrelsen;https://vanda.miljoeportal.dk/link/9d4395e8-814a-4581-be95-f50c919966fd;FRB1324;32;699103;6204768;1;19-01-1994 08:53:00 +01:00;;Temperatur; =;2,4;grader C;3
Station;49000061;ÆBELHOLT Å, SØSTERBRO MØLLE;32;699103;6204768;Hillerød;Region Hovedstaden;Vandløb;Poel Å;03-07-2013;1;Feltmålinger, Vandløb;Ja;Miljøstyrelsen;https://vanda.miljoeportal.dk/link/87497056-9019-4641-ad25-ea179d160aba;FRB1324;32;699103;6204768;1;03-07-2013 09:00:00 +02:00;;pH; =;8,1;pH;3
Station;49000061;ÆBELHOLT Å, SØSTERBRO MØLLE;32;699103;6204768;Hillerød;Region Hovedstaden;Vandløb;Poel Å;25-10-2005;1;Feltmålinger, Vandløb;Ja;Miljøstyrelsen;https://vanda.miljoeportal.dk/link/7fc0113e-000e-4afa-813a-846fc21a2218;FRB1324;32;699103;6204768;1;25-10-2005 08:30:00 +02:00;;Oxygen indhold; =;9,2;mg/l;3
Station;49000061;ÆBELHOLT Å, SØSTERBRO MØLLE;32;699103;6204768;Hillerød;Region Hovedstaden;Vandløb;Poel Å;06-04-2004;1;Feltmålinger, Vandløb;Ja;Miljøstyrelsen;https://vanda.miljoeportal.dk/link/b6899d87-c0f0-40dd-b8d3-73a184c16c1f;FRB1324;32;699103;6204768;1;06-04-2004 08:20:00 +02:00;;Oxygen indhold; =;10,8;mg/l;3
Station;49000061;ÆBELHOLT Å, SØSTERBRO MØLLE;32;699103;6204768;Hillerød;Region Hovedstaden;Vandløb;Poel Å;20-05-2021;1;Feltmålinger, Vandløb;Ja;Miljøstyrelsen;https://vanda.miljoeportal.dk/link/a94543c5-7f66-41cb-b8be-c5dcddc445b0;FRB1324;32;699103;6204768;1;20-05-2021 16:12:00 +02:00;;Temperatur; =;13,3;grader C;2
Station;49000061;ÆBELHOLT Å, SØSTERBRO MØLLE;32;699103;6204768;Hillerød;Region Hovedstaden;Vandløb;Poel Å;27-11-2003;1;Feltmålinger, Vandløb;Ja;Miljøstyrelsen;https://vanda.miljoeportal.dk/link/1563839c-fdee-495e-bde2-887ec9c8fba8;FRB1324;32;699103;6204768;1;27-11-2003 09:16:00 +01:00;;Temperatur; =;7,5;grader C;3
Station;49000061;ÆBELHOLT Å, SØSTERBRO MØLLE;32;699103;6204768;Hillerød;Region Hovedstaden;Vandløb;Poel Å;26-06-2003;1;Feltmålinger, Vandløb;Ja;Miljøstyrelsen;https://vanda.miljoeportal.dk/link/fbd00be9-de4c-4f77-a45e-987453873f2b;FRB1324;32;699103;6204768;1;26-06-2003 08:27:00 +02:00;;Oxygenmætning; =;92;pct;3
Station;49000061;ÆBELHOLT Å, SØSTERBRO MØLLE;32;699103;6204768;Hillerød;Region Hovedstaden;Vandløb;Poel Å;10-02-2021;1;Feltmålinger, Vandløb;Ja;Miljøstyrelsen;https://vanda.miljoeportal.dk/link/fc30d56f-4eb8-497d-8925-b1bd836c5170;FRB1324;32;699103;6204768;1;10-02-2021 12:10:00 +01:00;;pH; =;8,15;pH;2
Station;49000061;ÆBELHOLT Å, SØSTERBRO MØLLE;32;699103;6204768;Hillerød;Region Hovedstaden;Vandløb;Poel Å;20-04-2017;1;Feltmålinger, Vandløb;Ja;Miljøstyrelsen;https://vanda.miljoeportal.dk/link/4f7a5bc4-6fbf-4270-ad86-e8f78800ae64;FRB1324;32;699103;6204768;1;20-04-2017 08:30:00 +02:00;;pH; =;8,2;pH;2
Station;49000061;ÆBELHOLT Å, SØSTERBRO MØLLE;32;699103;6204768;Hillerød;Region Hovedstaden;Vandløb;Poel Å;22-01-2018;1;Feltmålinger, Vandløb;Ja;Miljøstyrelsen;https://vanda.miljoeportal.dk/link/7b1a2e7f-005e-4915-b899-56a343d3c276;FRB1324;32;699103;6204768;1;22-01-2018 09:41:00 +01:00;;Temperatur; =;3,1;grader C;2
Station;49000061;ÆBELHOLT Å, SØSTERBRO MØLLE;32;699103;6204768;Hillerød;Region Hovedstaden;Vandløb;Poel Å;29-09-2015;1;Feltmålinger, Vandløb;Ja;Miljøstyrelsen;https://vanda.miljoeportal.dk/link/065db8fb-a15b-4e4f-bffb-4e00465ccf7c;FRB1324;32;699103;6204768;1;29-09-2015 10:10:00 +02:00;;pH; =;8,7;pH;2
Station;49000061;ÆBELHOLT Å, SØSTERBRO MØLLE;32;699103;6204768;Hillerød;Region Hovedstaden;Vandløb;Poel Å;10-10-2005;1;Feltmålinger, Vandløb;Ja;Miljøstyrelsen;https://vanda.miljoeportal.dk/link/63d3ac4b-405d-4fb4-9ffb-b36dc18f2a0d;FRB1324;32;699103;6204768;1;10-10-2005 08:55:00 +02:00;;Temperatur; =;9,6;grader C;3
Station;49000061;ÆBELHOLT Å, SØSTERBRO MØLLE;32;699103;6204768;Hillerød;Region Hovedstaden;Vandløb;Poel Å;03-08-2005;1;Feltmålinger, Vandløb;Ja;Miljøstyrelsen;https://vanda.miljoeportal.dk/link/0a5bcd1c-abba-422c-b27d-5c8ab0d52a48;FRB1324;32;699103;6204768;1;03-08-2005 11:05:00 +02:00;;Oxygenmætning; =;88;pct;3
Station;49000061;ÆBELHOLT Å, SØSTERBRO MØLLE;32;699103;6204768;Hillerød;Region Hovedstaden;Vandløb;Poel Å;07-07-2017;1;Feltmålinger, Vandløb;Ja;Miljøstyrelsen;https://vanda.miljoeportal.dk/link/0aa8820c-e4ce-4e7c-a5c0-cde12b7012ba;FRB1324;32;699103;6204768;1;07-07-2017 07:35:00 +02:00;;Temperatur; =;14,8;grader C;2
Station;49000061;ÆBELHOLT Å, SØSTERBRO MØLLE;32;699103;6204768;Hillerød;Region Hovedstaden;Vandløb;Poel Å;25-03-1997;1;Feltmålinger, Vandløb;Ja;Miljøstyrelsen;https://vanda.miljoeportal.dk/link/4956baab-0ff0-4ddf-8905-acf6fc2e8964;FRB1324;32;699103;6204768;1;25-03-1997 08:43:00 +01:00;;Oxygen indhold; =;15,3;mg/l;3
Station;49000061;ÆBELHOLT Å, SØSTERBRO MØLLE;32;699103;6204768;Hillerød;Region Hovedstaden;Vandløb;Poel Å;20-06-2001;1;Feltmålinger, Vandløb;Ja;Miljøstyrelsen;https://vanda.miljoeportal.dk/link/cb608e40-11cf-4e2f-8516-7ccee0abed55;FRB1324;32;699103;6204768;1;20-06-2001 08:10:00 +02:00;;Temperatur; =;11,4;grader C;3
Station;49000061;ÆBELHOLT Å, SØSTERBRO MØLLE;32;699103;6204768;Hillerød;Region Hovedstaden;Vandløb;Poel Å;29-03-2016;1;Feltmålinger, Vandløb;Ja;Miljøstyrelsen;https://vanda.miljoeportal.dk/link/637e86cb-b268-468f-b32b-8eba02d85d63;FRB1324;32;699103;6204768;1;29-03-2016 08:15:00 +02:00;;pH; =;8;pH;3
Station;49000061;ÆBELHOLT Å, SØSTERBRO MØLLE;32;699103;6204768;Hillerød;Region Hovedstaden;Vandløb;Poel Å;14-01-1998;1;Feltmålinger, Vandløb;Ja;Miljøstyrelsen;https://vanda.miljoeportal.dk/link/4f588c20-c934-4a07-a7ee-879c83d27f3e;FRB1324;32;699103;6204768;1;14-01-1998 08:11:00 +01:00;;Oxygen indhold; =;10,8;mg/l;3
Station;49000061;ÆBELHOLT Å, SØSTERBRO MØLLE;32;699103;6204768;Hillerød;Region Hovedstaden;Vandløb;Poel Å;13-07-2004;1;Feltmålinger, Vandløb;Ja;Miljøstyrelsen;https://vanda.miljoeportal.dk/link/48fa30dc-bf6b-46e1-bfb5-68a68558186c;FRB1324;32;699103;6204768;1;13-07-2004 08:30:00 +02:00;;Temperatur; =;12,3;grader C;3
Station;49000061;ÆBELHOLT Å, SØSTERBRO MØLLE;32;699103;6204768;Hillerød;Region Hovedstaden;Vandløb;Poel Å;06-07-1994;1;Feltmålinger, Vandløb;Ja;Miljøstyrelsen;https://vanda.miljoeportal.dk/link/ddad5ca9-0578-436c-9d3d-d5ef33234a62;FRB1324;32;699103;6204768;1;06-07-1994 10:27:00 +02:00;;Temperatur; =;13,5;grader C;3
Station;49000061;ÆBELHOLT Å, SØSTERBRO MØLLE;32;699103;6204768;Hillerød;Region Hovedstaden;Vandløb;Poel Å;20-04-2004;1;Feltmålinger, Vandløb;Ja;Miljøstyrelsen;https://vanda.miljoeportal.dk/link/e370b73b-507e-4093-bc37-3e89fd3e8d1e;FRB1324;32;699103;6204768;1;20-04-2004 08:20:00 +02:00;;Oxygenmætning; =;78;pct;3
Station;49000061;ÆBELHOLT Å, SØSTERBRO MØLLE;32;699103;6204768;Hillerød;Region Hovedstaden;Vandløb;Poel Å;24-02-2011;1;Feltmålinger, Vandløb;Ja;Miljøstyrelsen;https://vanda.miljoeportal.dk/link/f26b9425-df3b-48e8-b7ba-708e08c050e4;FRB1324;32;699103;6204768;1;24-02-2011 09:20:00 +01:00;;Temperatur; =;0,8;grader C;3
Station;49000061;ÆBELHOLT Å, SØSTERBRO MØLLE;32;699103;6204768;Hillerød;Region Hovedstaden;Vandløb;Poel Å;16-09-2010;1;Feltmålinger, Vandløb;Ja;Miljøstyrelsen;https://vanda.miljoeportal.dk/link/bd2bfb34-513a-4f77-84d6-597c9e09bfa6;FRB1324;32;699103;6204768;1;16-09-2010 09:25:00 +02:00;;Temperatur; =;12,3;grader C;3
Station;49000061;ÆBELHOLT Å, SØSTERBRO MØLLE;32;699103;6204768;Hillerød;Region Hovedstaden;Vandløb;Poel Å;14-04-1999;1;Feltmålinger, Vandløb;Ja;Miljøstyrelsen;https://vanda.miljoeportal.dk/link/5529e1e4-cffc-4e67-b95d-4474fcc4949a;FRB1324;32;699103;6204768;1;14-04-1999 08:30:00 +02:00;;Temperatur; =;5,7;grader C;3
Station;49000061;ÆBELHOLT Å, SØSTERBRO MØLLE;32;699103;6204768;Hillerød;Region Hovedstaden;Vandløb;Poel Å;06-06-2001;1;Feltmålinger, Vandløb;Ja;Miljøstyrelsen;https://vanda.miljoeportal.dk/link/7038ed04-610c-488d-9f6f-c976517d0ce7;FRB1324;32;699103;6204768;1;06-06-2001 08:20:00 +02:00;;Temperatur; =;9,9;grader C;3
Station;49000061;ÆBELHOLT Å, SØSTERBRO MØLLE;32;699103;6204768;Hillerød;Region Hovedstaden;Vandløb;Poel Å;04-12-1996;1;Feltmålinger, Vandløb;Ja;Miljøstyrelsen;https://vanda.miljoeportal.dk/link/b092d687-3538-4cfb-9d26-197882233509;FRB1324;32;699103;6204768;1;04-12-1996 08:29:00 +01:00;;Oxygen indhold; =;10,2;mg/l;3
Station;49000061;ÆBELHOLT Å, SØSTERBRO MØLLE;32;699103;6204768;Hillerød;Region Hovedstaden;Vandløb;Poel Å;05-10-2016;1;Feltmålinger, Vandløb;Ja;Miljøstyrelsen;https://vanda.miljoeportal.dk/link/9b8d1104-5b20-40d9-8dfa-ee014ec13e86;FRB1324;32;699103;6204768;1;05-10-2016 09:00:00 +02:00;;Temperatur; =;7,9;grader C;3
Station;49000061;ÆBELHOLT Å, SØSTERBRO MØLLE;32;699103;6204768;Hillerød;Region Hovedstaden;Vandløb;Poel Å;01-09-1993;1;Feltmålinger, Vandløb;Ja;Miljøstyrelsen;https://vanda.miljoeportal.dk/link/5caf9c32-33b9-4847-806d-5de67b67c6e9;FRB1324;32;699103;6204768;1;01-09-1993 07:51:00 +02:00;;Oxygen indhold; =;8,1;mg/l;3
Station;49000061;ÆBELHOLT Å, SØSTERBRO MØLLE;32;699103;6204768;Hillerød;Region Hovedstaden;Vandløb;Poel Å;10-10-2005;1;Feltmålinger, Vandløb;Ja;Miljøstyrelsen;https://vanda.miljoeportal.dk/link/63d3ac4b-405d-4fb4-9ffb-b36dc18f2a0d;FRB1324;32;699103;6204768;1;10-10-2005 08:55:00 +02:00;;Oxygen indhold; =;9,4;mg/l;3
Station;49000061;ÆBELHOLT Å, SØSTERBRO MØLLE;32;699103;6204768;Hillerød;Region Hovedstaden;Vandløb;Poel Å;22-04-2021;1;Feltmålinger, Vandløb;Ja;Miljøstyrelsen;https://vanda.miljoeportal.dk/link/3c64b3ca-039f-403c-9ead-69b58217d113;FRB1324;32;699103;6204768;1;22-04-2021 12:41:00 +02:00;;pH; =;8,71;pH;2
Station;49000061;ÆBELHOLT Å, SØSTERBRO MØLLE;32;699103;6204768;Hillerød;Region Hovedstaden;Vandløb;Poel Å;25-04-2019;1;Feltmålinger, Vandløb;Ja;Miljøstyrelsen;https://vanda.miljoeportal.dk/link/2627b58a-36ae-49a8-8e51-5c9c187562fc;FRB1324;32;699103;6204768;1;25-04-2019 12:00:00 +02:00;;Temperatur; =;15,5;grader C;2
Station;49000061;ÆBELHOLT Å, SØSTERBRO MØLLE;32;699103;6204768;Hillerød;Region Hovedstaden;Vandløb;Poel Å;27-01-2021;1;Feltmålinger, Vandløb;Ja;Miljøstyrelsen;https://vanda.miljoeportal.dk/link/8249dfc4-1dab-4f52-91b3-48050690b882;FRB1324;32;699103;6204768;1;27-01-2021 12:50:00 +01:00;;pH; =;7,87;pH;2
Station;49000061;ÆBELHOLT Å, SØSTERBRO MØLLE;32;699103;6204768;Hillerød;Region Hovedstaden;Vandløb;Poel Å;04-01-1995;1;Feltmålinger, Vandløb;Ja;Miljøstyrelsen;https://vanda.miljoeportal.dk/link/b5f01949-90a6-4687-bca9-06f3e7bdd34f;FRB1324;32;699103;6204768;1;04-01-1995 10:01:00 +01:00;;Oxygen indhold; =;11;mg/l;3
Station;49000061;ÆBELHOLT Å, SØSTERBRO MØLLE;32;699103;6204768;Hillerød;Region Hovedstaden;Vandløb;Poel Å;15-07-2014;1;Feltmålinger, Vandløb;Ja;Miljøstyrelsen;https://vanda.miljoeportal.dk/link/99a80cd7-bac2-4a97-a3f7-853ec9ead577;FRB1324;32;699103;6204768;1;15-07-2014 08:20:00 +02:00;;pH; =;7,8;pH;3
Station;49000061;ÆBELHOLT Å, SØSTERBRO MØLLE;32;699103;6204768;Hillerød;Region Hovedstaden;Vandløb;Poel Å;03-07-1996;1;Feltmålinger, Vandløb;Ja;Miljøstyrelsen;https://vanda.miljoeportal.dk/link/19027f9c-2ce0-4c18-a105-87199601cb98;FRB1324;32;699103;6204768;1;03-07-1996 07:38:00 +02:00;;Temperatur; =;11,2;grader C;3
Station;49000061;ÆBELHOLT Å, SØSTERBRO MØLLE;32;699103;6204768;Hillerød;Region Hovedstaden;Vandløb;Poel Å;24-10-2007;1;Feltmålinger, Vandløb;Ja;Miljøstyrelsen;https://vanda.miljoeportal.dk/link/d9fdce7e-a394-4e0c-8dff-871938ac74ec;FRB1324;32;699103;6204768;1;24-10-2007 08:35:00 +02:00;;Temperatur; =;8,3;grader C;3
Station;49000061;ÆBELHOLT Å, SØSTERBRO MØLLE;32;699103;6204768;Hillerød;Region Hovedstaden;Vandløb;Poel Å;25-11-1997;1;Feltmålinger, Vandløb;Ja;Miljøstyrelsen;https://vanda.miljoeportal.dk/link/07cc8ae1-c096-46a6-8308-2fafda5765ad;FRB1324;32;699103;6204768;1;25-11-1997 10:55:00 +01:00;;Temperatur; =;4,2;grader C;3
Station;49000061;ÆBELHOLT Å, SØSTERBRO MØLLE;32;699103;6204768;Hillerød;Region Hovedstaden;Vandløb;Poel Å;30-08-2000;1;Feltmålinger, Vandløb;Ja;Miljøstyrelsen;https://vanda.miljoeportal.dk/link/7989eea7-479c-4e11-8438-f5d7a22ce4b4;FRB1324;32;699103;6204768;1;30-08-2000 08:25:00 +02:00;;Oxygen indhold; =;9,5;mg/l;3
Station;49000061;ÆBELHOLT Å, SØSTERBRO MØLLE;32;699103;6204768;Hillerød;Region Hovedstaden;Vandløb;Poel Å;19-06-1996;1;Feltmålinger, Vandløb;Ja;Miljøstyrelsen;https://vanda.miljoeportal.dk/link/1f24b835-129a-4ae0-b76f-52f785003e32;FRB1324;32;699103;6204768;1;19-06-1996 07:28:00 +02:00;;Oxygen indhold; =;10,9;mg/l;3
Station;49000061;ÆBELHOLT Å, SØSTERBRO MØLLE;32;699103;6204768;Hillerød;Region Hovedstaden;Vandløb;Poel Å;24-11-1999;1;Feltmålinger, Vandløb;Ja;Miljøstyrelsen;https://vanda.miljoeportal.dk/link/27bfa881-f051-49f7-8fba-026109142c34;FRB1324;32;699103;6204768;1;24-11-1999 08:45:00 +01:00;;Oxygen indhold; =;10,2;mg/l;3
Station;49000061;ÆBELHOLT Å, SØSTERBRO MØLLE;32;699103;6204768;Hillerød;Region Hovedstaden;Vandløb;Poel Å;22-09-2004;1;Feltmålinger, Vandløb;Ja;Miljøstyrelsen;https://vanda.miljoeportal.dk/link/4286350e-1c15-465a-a6ed-32a52714170f;FRB1324;32;699103;6204768;1;22-09-2004 10:45:00 +02:00;;Temperatur; =;11,7;grader C;3
Station;49000061;ÆBELHOLT Å, SØSTERBRO MØLLE;32;699103;6204768;Hillerød;Region Hovedstaden;Vandløb;Poel Å;01-02-2000;1;Feltmålinger, Vandløb;Ja;Miljøstyrelsen;https://vanda.miljoeportal.dk/link/47692064-37cd-461c-b426-54dfc2aa051a;FRB1324;32;699103;6204768;1;01-02-2000 08:45:00 +01:00;;Oxygen indhold; =;9,7;mg/l;3
Station;49000061;ÆBELHOLT Å, SØSTERBRO MØLLE;32;699103;6204768;Hillerød;Region Hovedstaden;Vandløb;Poel Å;17-04-2012;1;Feltmålinger, Vandløb;Ja;Miljøstyrelsen;https://vanda.miljoeportal.dk/link/ffab50e2-54b1-46cd-a2d3-fd7dfd715a9d;FRB1324;32;699103;6204768;1;17-04-2012 07:25:00 +02:00;;Temperatur; =;4,8;grader C;3
Station;49000061;ÆBELHOLT Å, SØSTERBRO MØLLE;32;699103;6204768;Hillerød;Region Hovedstaden;Vandløb;Poel Å;10-07-2012;1;Feltmålinger, Vandløb;Ja;Miljøstyrelsen;https://vanda.miljoeportal.dk/link/3ac03322-9af8-4662-9c68-fe4d3cc5b56a;FRB1324;32;699103;6204768;1;10-07-2012 08:00:00 +02:00;;pH; =;8;pH;3
Station;49000061;ÆBELHOLT Å, SØSTERBRO MØLLE;32;699103;6204768;Hillerød;Region Hovedstaden;Vandløb;Poel Å;13-10-1999;1;Feltmålinger, Vandløb;Ja;Miljøstyrelsen;https://vanda.miljoeportal.dk/link/709276d0-0f02-4a18-b738-60eeffcf02ed;FRB1324;32;699103;6204768;1;13-10-1999 10:25:00 +02:00;;Temperatur; =;10,5;grader C;3
Station;49000061;ÆBELHOLT Å, SØSTERBRO MØLLE;32;699103;6204768;Hillerød;Region Hovedstaden;Vandløb;Poel Å;11-01-2019;1;Feltmålinger, Vandløb;Ja;Miljøstyrelsen;https://vanda.miljoeportal.dk/link/64e71b80-eb9a-4de4-aaf1-b753008d7371;FRB1324;32;699103;6204768;1;11-01-2019 09:00:00 +01:00;;pH; =;7,9;pH;2
Station;49000061;ÆBELHOLT Å, SØSTERBRO MØLLE;32;699103;6204768;Hillerød;Region Hovedstaden;Vandløb;Poel Å;08-06-1994;1;Feltmålinger, Vandløb;Ja;Miljøstyrelsen;https://vanda.miljoeportal.dk/link/487f0a98-a498-497b-870e-2404c63311a6;FRB1324;32;699103;6204768;1;08-06-1994 09:11:00 +02:00;;Oxygen indhold; =;10,9;mg/l;3
Station;49000061;ÆBELHOLT Å, SØSTERBRO MØLLE;32;699103;6204768;Hillerød;Region Hovedstaden;Vandløb;Poel Å;09-08-2017;1;Feltmålinger, Vandløb;Ja;Miljøstyrelsen;https://vanda.miljoeportal.dk/link/1b4df324-68b3-4c36-a327-6512ffee3bbd;FRB1324;32;699103;6204768;1;09-08-2017 09:05:00 +02:00;;Temperatur; =;15,5;grader C;2
Station;49000061;ÆBELHOLT Å, SØSTERBRO MØLLE;32;699103;6204768;Hillerød;Region Hovedstaden;Vandløb;Poel Å;22-05-2002;1;Feltmålinger, Vandløb;Ja;Miljøstyrelsen;https://vanda.miljoeportal.dk/link/4ac56c37-6525-4cb1-a4bb-a865a6746833;FRB1324;32;699103;6204768;1;22-05-2002 06:25:00 +02:00;;Temperatur; =;10,6;grader C;3
Station;49000061;ÆBELHOLT Å, SØSTERBRO MØLLE;32;699103;6204768;Hillerød;Region Hovedstaden;Vandløb;Poel Å;19-07-2011;1;Feltmålinger, Vandløb;Ja;Miljøstyrelsen;https://vanda.miljoeportal.dk/link/bf7e64ce-d35d-4c35-8a0b-4972d70241c6;FRB1324;32;699103;6204768;1;19-07-2011 09:20:00 +02:00;;pH; =;7,96;pH;3
Station;49000061;ÆBELHOLT Å, SØSTERBRO MØLLE;32;699103;6204768;Hillerød;Region Hovedstaden;Vandløb;Poel Å;19-01-2000;1;Feltmålinger, Vandløb;Ja;Miljøstyrelsen;https://vanda.miljoeportal.dk/link/5711ac3d-1685-4a14-96e7-c0efe332991f;FRB1324;32;699103;6204768;1;19-01-2000 08:25:00 +01:00;;Oxygen indhold; =;10,2;mg/l;3
Station;49000061;ÆBELHOLT Å, SØSTERBRO MØLLE;32;699103;6204768;Hillerød;Region Hovedstaden;Vandløb;Poel Å;24-06-2020;1;Feltmålinger, Vandløb;Ja;Miljøstyrelsen;https://vanda.miljoeportal.dk/link/eea16538-f80a-4302-899a-314d6cc3291f;FRB1324;32;699103;6204768;1;24-06-2020 11:00:00 +02:00;;pH; =;8,1;pH;2
Station;49000061;ÆBELHOLT Å, SØSTERBRO MØLLE;32;699103;6204768;Hillerød;Region Hovedstaden;Vandløb;Poel Å;29-09-2015;1;Feltmålinger, Vandløb;Ja;Miljøstyrelsen;https://vanda.miljoeportal.dk/link/065db8fb-a15b-4e4f-bffb-4e00465ccf7c;FRB1324;32;699103;6204768;1;29-09-2015 10:10:00 +02:00;;Temperatur; =;10,4;grader C;2
Station;49000061;ÆBELHOLT Å, SØSTERBRO MØLLE;32;699103;6204768;Hillerød;Region Hovedstaden;Vandløb;Poel Å;08-06-1994;1;Feltmålinger, Vandløb;Ja;Miljøstyrelsen;https://vanda.miljoeportal.dk/link/487f0a98-a498-497b-870e-2404c63311a6;FRB1324;32;699103;6204768;1;08-06-1994 09:11:00 +02:00;;Temperatur; =;11,5;grader C;3
Station;49000061;ÆBELHOLT Å, SØSTERBRO MØLLE;32;699103;6204768;Hillerød;Region Hovedstaden;Vandløb;Poel Å;19-06-2002;1;Feltmålinger, Vandløb;Ja;Miljøstyrelsen;https://vanda.miljoeportal.dk/link/b6eab79b-d139-415f-92ce-dea922d9d35a;FRB1324;32;699103;6204768;1;19-06-2002 09:00:00 +02:00;;Oxygen indhold; =;7,5;mg/l;3
Station;49000061;ÆBELHOLT Å, SØSTERBRO MØLLE;32;699103;6204768;Hillerød;Region Hovedstaden;Vandløb;Poel Å;24-10-2001;1;Feltmålinger, Vandløb;Ja;Miljøstyrelsen;https://vanda.miljoeportal.dk/link/277612f9-071d-425e-80f4-4355fbcc7e42;FRB1324;32;699103;6204768;1;24-10-2001 09:00:00 +02:00;;Temperatur; =;8,9;grader C;3
Station;49000061;ÆBELHOLT Å, SØSTERBRO MØLLE;32;699103;6204768;Hillerød;Region Hovedstaden;Vandløb;Poel Å;15-03-2000;1;Feltmålinger, Vandløb;Ja;Miljøstyrelsen;https://vanda.miljoeportal.dk/link/1ff7df91-9f7a-4f4f-9d3a-eb179907e79d;FRB1324;32;699103;6204768;1;15-03-2000 08:45:00 +01:00;;Oxygen indhold; =;10,2;mg/l;3
Station;49000061;ÆBELHOLT Å, SØSTERBRO MØLLE;32;699103;6204768;Hillerød;Region Hovedstaden;Vandløb;Poel Å;18-01-2005;1;Feltmålinger, Vandløb;Ja;Miljøstyrelsen;https://vanda.miljoeportal.dk/link/2d2f3e43-c2e0-4176-bdc3-13c996aa08fe;FRB1324;32;699103;6204768;1;18-01-2005 09:15:00 +01:00;;Temperatur; =;5,2;grader C;3
Station;49000061;ÆBELHOLT Å, SØSTERBRO MØLLE;32;699103;6204768;Hillerød;Region Hovedstaden;Vandløb;Poel Å;03-01-2001;1;Feltmålinger, Vandløb;Ja;Miljøstyrelsen;https://vanda.miljoeportal.dk/link/53e166a7-eda9-4c08-86f5-de0e091ea0aa;FRB1324;32;699103;6204768;1;03-01-2001 08:10:00 +01:00;;Oxygen indhold; =;10,1;mg/l;3
Station;49000061;ÆBELHOLT Å, SØSTERBRO MØLLE;32;699103;6204768;Hillerød;Region Hovedstaden;Vandløb;Poel Å;30-08-2005;1;Feltmålinger, Vandløb;Ja;Miljøstyrelsen;https://vanda.miljoeportal.dk/link/aaf26ce7-4909-43a6-a09c-774ffff00ebc;FRB1324;32;699103;6204768;1;30-08-2005 09:35:00 +02:00;;Temperatur; =;12,8;grader C;3
Station;49000061;ÆBELHOLT Å, SØSTERBRO MØLLE;32;699103;6204768;Hillerød;Region Hovedstaden;Vandløb;Poel Å;08-06-2011;1;Feltmålinger, Vandløb;Ja;Miljøstyrelsen;https://vanda.miljoeportal.dk/link/d2dcca33-021f-4496-811b-3bd97dd9c9ed;FRB1324;32;699103;6204768;1;08-06-2011 08:50:00 +02:00;;Temperatur; =;14,1;grader C;3
Station;49000061;ÆBELHOLT Å, SØSTERBRO MØLLE;32;699103;6204768;Hillerød;Region Hovedstaden;Vandløb;Poel Å;06-02-2003;1;Feltmålinger, Vandløb;Ja;Miljøstyrelsen;https://vanda.miljoeportal.dk/link/0be0d926-1c98-4178-acfa-96906ffa1322;FRB1324;32;699103;6204768;1;06-02-2003 11:45:00 +01:00;;Temperatur; =;2,2;grader C;3
Station;49000061;ÆBELHOLT Å, SØSTERBRO MØLLE;32;699103;6204768;Hillerød;Region Hovedstaden;Vandløb;Poel Å;27-03-1996;1;Feltmålinger, Vandløb;Ja;Miljøstyrelsen;https://vanda.miljoeportal.dk/link/fabb27b3-f155-4966-8d8d-b4e7c69c9d75;FRB1324;32;699103;6204768;1;27-03-1996 08:30:00 +01:00;;Oxygen indhold; =;10,3;mg/l;3
Station;49000061;ÆBELHOLT Å, SØSTERBRO MØLLE;32;699103;6204768;Hillerød;Region Hovedstaden;Vandløb;Poel Å;22-03-2011;1;Feltmålinger, Vandløb;Ja;Miljøstyrelsen;https://vanda.miljoeportal.dk/link/59ac9c70-a794-4cc0-a1fe-10bfeede9c1d;FRB1324;32;699103;6204768;1;22-03-2011 10:00:00 +01:00;;Temperatur; =;5,9;grader C;3
Station;49000061;ÆBELHOLT Å, SØSTERBRO MØLLE;32;699103;6204768;Hillerød;Region Hovedstaden;Vandløb;Poel Å;27-12-2019;1;Feltmålinger, Vandløb;Ja;Miljøstyrelsen;https://vanda.miljoeportal.dk/link/d16c23fe-d09e-4d2c-8ca2-ea4693125874;FRB1324;32;699103;6204768;1;27-12-2019 13:34:00 +01:00;;pH; =;8;pH;2
Station;49000061;ÆBELHOLT Å, SØSTERBRO MØLLE;32;699103;6204768;Hillerød;Region Hovedstaden;Vandløb;Poel Å;17-08-2005;1;Feltmålinger, Vandløb;Ja;Miljøstyrelsen;https://vanda.miljoeportal.dk/link/d3174ccd-e7d2-4263-ad7d-00402fd5ba22;FRB1324;32;699103;6204768;1;17-08-2005 11:50:00 +02:00;;Oxygenmætning; =;134;pct;3
Station;49000061;ÆBELHOLT Å, SØSTERBRO MØLLE;32;699103;6204768;Hillerød;Region Hovedstaden;Vandløb;Poel Å;11-05-2005;1;Feltmålinger, Vandløb;Ja;Miljøstyrelsen;https://vanda.miljoeportal.dk/link/39d3c209-7b5e-45dc-8eb3-29de287ec0cf;FRB1324;32;699103;6204768;1;11-05-2005 10:55:00 +02:00;;Temperatur; =;9,1;grader C;3
Station;49000061;ÆBELHOLT Å, SØSTERBRO MØLLE;32;699103;6204768;Hillerød;Region Hovedstaden;Vandløb;Poel Å;03-06-2014;1;Feltmålinger, Vandløb;Ja;Miljøstyrelsen;https://vanda.miljoeportal.dk/link/5ae84409-8257-4c2f-9e96-e6417df9f04b;FRB1324;32;699103;6204768;1;03-06-2014 08:10:00 +02:00;;Temperatur; =;13,2;grader C;3
Station;49000061;ÆBELHOLT Å, SØSTERBRO MØLLE;32;699103;6204768;Hillerød;Region Hovedstaden;Vandløb;Poel Å;19-08-2020;1;Feltmålinger, Vandløb;Ja;Miljøstyrelsen;https://vanda.miljoeportal.dk/link/03822f12-99cf-491e-b140-4faa4a15f34d;FRB1324;32;699103;6204768;1;19-08-2020 13:53:00 +02:00;;Temperatur; =;18,8;grader C;2
Station;49000061;ÆBELHOLT Å, SØSTERBRO MØLLE;32;699103;6204768;Hillerød;Region Hovedstaden;Vandløb;Poel Å;12-04-2005;1;Feltmålinger, Vandløb;Ja;Miljøstyrelsen;https://vanda.miljoeportal.dk/link/19a5f543-08b2-4fa2-b73a-9c305693adb3;FRB1324;32;699103;6204768;1;12-04-2005 08:40:00 +02:00;;Oxygen indhold; =;11,8;mg/l;3
Station;49000061;ÆBELHOLT Å, SØSTERBRO MØLLE;32;699103;6204768;Hillerød;Region Hovedstaden;Vandløb;Poel Å;14-02-2006;1;Feltmålinger, Vandløb;Ja;Miljøstyrelsen;https://vanda.miljoeportal.dk/link/2d181fb9-14c2-4cc3-87f7-9197c1782bd1;FRB1324;32;699103;6204768;1;14-02-2006 08:25:00 +01:00;;Temperatur; =;1,9;grader C;2
Station;49000061;ÆBELHOLT Å, SØSTERBRO MØLLE;32;699103;6204768;Hillerød;Region Hovedstaden;Vandløb;Poel Å;09-06-1999;1;Feltmålinger, Vandløb;Ja;Miljøstyrelsen;https://vanda.miljoeportal.dk/link/de185667-a431-40b6-b76e-2480f0f08473;FRB1324;32;699103;6204768;1;09-06-1999 08:45:00 +02:00;;Temperatur; =;11,6;grader C;3
Station;49000061;ÆBELHOLT Å, SØSTERBRO MØLLE;32;699103;6204768;Hillerød;Region Hovedstaden;Vandløb;Poel Å;13-04-1994;1;Feltmålinger, Vandløb;Ja;Miljøstyrelsen;https://vanda.miljoeportal.dk/link/816fe79d-236b-4341-8370-b5a33ac7f84b;FRB1324;32;699103;6204768;1;13-04-1994 08:03:00 +02:00;;Temperatur; =;6,2;grader C;3
Station;49000061;ÆBELHOLT Å, SØSTERBRO MØLLE;32;699103;6204768;Hillerød;Region Hovedstaden;Vandløb;Poel Å;21-10-1998;1;Feltmålinger, Vandløb;Ja;Miljøstyrelsen;https://vanda.miljoeportal.dk/link/4634c38f-23c8-4975-8a1b-be7ea5161b61;FRB1324;32;699103;6204768;1;21-10-1998 07:27:00 +02:00;;Temperatur; =;7,8;grader C;3
Station;49000061;ÆBELHOLT Å, SØSTERBRO MØLLE;32;699103;6204768;Hillerød;Region Hovedstaden;Vandløb;Poel Å;24-09-2021;1;Feltmålinger, Vandløb;Ja;Miljøstyrelsen;https://vanda.miljoeportal.dk/link/234a9fb7-af6e-4dc5-afdb-dceae48c24d4;FRB1324;32;699103;6204768;1;24-09-2021 10:51:00 +02:00;;pH; =;8,47;pH;2
Station;49000061;ÆBELHOLT Å, SØSTERBRO MØLLE;32;699103;6204768;Hillerød;Region Hovedstaden;Vandløb;Poel Å;16-01-2007;1;Feltmålinger, Vandløb;Ja;Miljøstyrelsen;https://vanda.miljoeportal.dk/link/ef94baa0-d5be-4919-aba8-9b7d922a61f2;FRB1324;32;699103;6204768;1;16-01-2007 09:00:00 +01:00;;Oxygen indhold; =;9,8;mg/l;2
Station;49000061;ÆBELHOLT Å, SØSTERBRO MØLLE;32;699103;6204768;Hillerød;Region Hovedstaden;Vandløb;Poel Å;06-05-1997;1;Feltmålinger, Vandløb;Ja;Miljøstyrelsen;https://vanda.miljoeportal.dk/link/0e4103e3-8a30-4987-8395-caf54cdf2ddb;FRB1324;32;699103;6204768;1;06-05-1997 10:20:00 +02:00;;Oxygen indhold; =;16,4;mg/l;3
Station;49000061;ÆBELHOLT Å, SØSTERBRO MØLLE;32;699103;6204768;Hillerød;Region Hovedstaden;Vandløb;Poel Å;25-02-1998;1;Feltmålinger, Vandløb;Ja;Miljøstyrelsen;https://vanda.miljoeportal.dk/link/8a84d2da-0fe6-4294-8ac8-14f0c084d2ba;FRB1324;32;699103;6204768;1;25-02-1998 09:00:00 +01:00;;Temperatur; =;6,5;grader C;3
Station;49000061;ÆBELHOLT Å, SØSTERBRO MØLLE;32;699103;6204768;Hillerød;Region Hovedstaden;Vandløb;Poel Å;22-04-1998;1;Feltmålinger, Vandløb;Ja;Miljøstyrelsen;https://vanda.miljoeportal.dk/link/8becfcc9-a781-4947-8427-346af686f7dd;FRB1324;32;699103;6204768;1;22-04-1998 07:00:00 +02:00;;Oxygen indhold; =;10,4;mg/l;3
Station;49000061;ÆBELHOLT Å, SØSTERBRO MØLLE;32;699103;6204768;Hillerød;Region Hovedstaden;Vandløb;Poel Å;27-09-2000;1;Feltmålinger, Vandløb;Ja;Miljøstyrelsen;https://vanda.miljoeportal.dk/link/c8bc0eac-29be-4757-8224-c159fba393f8;FRB1324;32;699103;6204768;1;27-09-2000 08:35:00 +02:00;;Temperatur; =;11,2;grader C;3
Station;49000061;ÆBELHOLT Å, SØSTERBRO MØLLE;32;699103;6204768;Hillerød;Region Hovedstaden;Vandløb;Poel Å;04-12-1996;1;Feltmålinger, Vandløb;Ja;Miljøstyrelsen;https://vanda.miljoeportal.dk/link/b092d687-3538-4cfb-9d26-197882233509;FRB1324;32;699103;6204768;1;04-12-1996 08:29:00 +01:00;;Temperatur; =;5,5;grader C;3
Station;49000061;ÆBELHOLT Å, SØSTERBRO MØLLE;32;699103;6204768;Hillerød;Region Hovedstaden;Vandløb;Poel Å;15-12-2009;1;Feltmålinger, Vandløb;Ja;Miljøstyrelsen;https://vanda.miljoeportal.dk/link/b8f12138-341d-4ade-8f69-ac2e42004710;FRB1324;32;699103;6204768;1;15-12-2009 08:20:00 +01:00;;Temperatur; =;4,5;grader C;3
Station;49000061;ÆBELHOLT Å, SØSTERBRO MØLLE;32;699103;6204768;Hillerød;Region Hovedstaden;Vandløb;Poel Å;25-03-1997;1;Feltmålinger, Vandløb;Ja;Miljøstyrelsen;https://vanda.miljoeportal.dk/link/4956baab-0ff0-4ddf-8905-acf6fc2e8964;FRB1324;32;699103;6204768;1;25-03-1997 08:43:00 +01:00;;Temperatur; =;2;grader C;3
Station;49000061;ÆBELHOLT Å, SØSTERBRO MØLLE;32;699103;6204768;Hillerød;Region Hovedstaden;Vandløb;Poel Å;15-05-2012;1;Feltmålinger, Vandløb;Ja;Miljøstyrelsen;https://vanda.miljoeportal.dk/link/ff9a0685-9a72-4a33-bbd2-0f9397007661;FRB1324;32;699103;6204768;1;15-05-2012 07:15:00 +02:00;;Temperatur; =;9,4;grader C;3
Station;49000061;ÆBELHOLT Å, SØSTERBRO MØLLE;32;699103;6204768;Hillerød;Region Hovedstaden;Vandløb;Poel Å;19-08-2014;1;Feltmålinger, Vandløb;Ja;Miljøstyrelsen;https://vanda.miljoeportal.dk/link/fc1f9306-3316-4314-92e9-c739c63262d5;FRB1324;32;699103;6204768;1;19-08-2014 07:45:00 +02:00;;Temperatur; =;12,9;grader C;3
Station;49000061;ÆBELHOLT Å, SØSTERBRO MØLLE;32;699103;6204768;Hillerød;Region Hovedstaden;Vandløb;Poel Å;03-06-1997;1;Feltmålinger, Vandløb;Ja;Miljøstyrelsen;https://vanda.miljoeportal.dk/link/1691df6c-212d-4db4-bc2e-078b34376663;FRB1324;32;699103;6204768;1;03-06-1997 07:54:00 +02:00;;Temperatur; =;11,7;grader C;3
Station;49000061;ÆBELHOLT Å, SØSTERBRO MØLLE;32;699103;6204768;Hillerød;Region Hovedstaden;Vandløb;Poel Å;21-05-1997;1;Feltmålinger, Vandløb;Ja;Miljøstyrelsen;https://vanda.miljoeportal.dk/link/03d15fbf-a2b8-4f1f-87b9-cb036ddc59a8;FRB1324;32;699103;6204768;1;21-05-1997 07:36:00 +02:00;;Temperatur; =;6,8;grader C;2
Station;49000061;ÆBELHOLT Å, SØSTERBRO MØLLE;32;699103;6204768;Hillerød;Region Hovedstaden;Vandløb;Poel Å;13-07-2010;1;Feltmålinger, Vandløb;Ja;Miljøstyrelsen;https://vanda.miljoeportal.dk/link/59133f72-3985-440e-8b90-24a472ecc3a1;FRB1324;32;699103;6204768;1;13-07-2010 08:40:00 +02:00;;Temperatur; =;16,7;grader C;3
Station;49000061;ÆBELHOLT Å, SØSTERBRO MØLLE;32;699103;6204768;Hillerød;Region Hovedstaden;Vandløb;Poel Å;14-03-2001;1;Feltmålinger, Vandløb;Ja;Miljøstyrelsen;https://vanda.miljoeportal.dk/link/3663341d-0e40-4bbb-90d1-438ba8062647;FRB1324;32;699103;6204768;1;14-03-2001 08:45:00 +01:00;;Temperatur; =;4;grader C;3
Station;49000061;ÆBELHOLT Å, SØSTERBRO MØLLE;32;699103;6204768;Hillerød;Region Hovedstaden;Vandløb;Poel Å;08-11-2011;1;Feltmålinger, Vandløb;Ja;Miljøstyrelsen;https://vanda.miljoeportal.dk/link/3a30e78c-b1bb-4dbe-9eba-5c39848d4ba6;FRB1324;32;699103;6204768;1;08-11-2011 08:20:00 +01:00;;pH; =;7,9;pH;3
Station;49000061;ÆBELHOLT Å, SØSTERBRO MØLLE;32;699103;6204768;Hillerød;Region Hovedstaden;Vandløb;Poel Å;18-12-1996;1;Feltmålinger, Vandløb;Ja;Miljøstyrelsen;https://vanda.miljoeportal.dk/link/0f9a94de-b578-47fd-b173-182cc709c44d;FRB1324;32;699103;6204768;1;18-12-1996 08:31:00 +01:00;;Oxygen indhold; =;10,2;mg/l;3
Station;49000061;ÆBELHOLT Å, SØSTERBRO MØLLE;32;699103;6204768;Hillerød;Region Hovedstaden;Vandløb;Poel Å;21-12-1994;1;Feltmålinger, Vandløb;Ja;Miljøstyrelsen;https://vanda.miljoeportal.dk/link/3eb14591-0d93-47dc-be44-4f256ee54155;FRB1324;32;699103;6204768;1;21-12-1994 09:00:00 +01:00;;Temperatur; =;5,4;grader C;3
Station;49000061;ÆBELHOLT Å, SØSTERBRO MØLLE;32;699103;6204768;Hillerød;Region Hovedstaden;Vandløb;Poel Å;09-09-2013;1;Feltmålinger, Vandløb;Ja;Miljøstyrelsen;https://vanda.miljoeportal.dk/link/f1dae1a1-8f6d-474a-84b7-9337b81b855d;FRB1324;32;699103;6204768;1;09-09-2013 07:35:00 +02:00;;pH; =;8;pH;3
Station;49000061;ÆBELHOLT Å, SØSTERBRO MØLLE;32;699103;6204768;Hillerød;Region Hovedstaden;Vandløb;Poel Å;03-07-1996;1;Feltmålinger, Vandløb;Ja;Miljøstyrelsen;https://vanda.miljoeportal.dk/link/19027f9c-2ce0-4c18-a105-87199601cb98;FRB1324;32;699103;6204768;1;03-07-1996 07:38:00 +02:00;;Oxygen indhold; =;13,3;mg/l;3
Station;49000061;ÆBELHOLT Å, SØSTERBRO MØLLE;32;699103;6204768;Hillerød;Region Hovedstaden;Vandløb;Poel Å;17-12-1997;1;Feltmålinger, Vandløb;Ja;Miljøstyrelsen;https://vanda.miljoeportal.dk/link/9fb7c811-6e4f-4aed-9a79-42ba8f48ca51;FRB1324;32;699103;6204768;1;17-12-1997 08:44:00 +01:00;;Temperatur; =;0,2;grader C;3
Station;49000061;ÆBELHOLT Å, SØSTERBRO MØLLE;32;699103;6204768;Hillerød;Region Hovedstaden;Vandløb;Poel Å;26-02-2001;1;Feltmålinger, Vandløb;Ja;Miljøstyrelsen;https://vanda.miljoeportal.dk/link/725ad83f-a2d1-4783-8004-bd9021429ed9;FRB1324;32;699103;6204768;1;26-02-2001 09:05:00 +01:00;;Temperatur; =;2,3;grader C;3
Station;49000061;ÆBELHOLT Å, SØSTERBRO MØLLE;32;699103;6204768;Hillerød;Region Hovedstaden;Vandløb;Poel Å;04-08-1999;1;Feltmålinger, Vandløb;Ja;Miljøstyrelsen;https://vanda.miljoeportal.dk/link/87b9de91-3fc3-4422-909d-7911b44d397b;FRB1324;32;699103;6204768;1;04-08-1999 08:40:00 +02:00;;Oxygen indhold; =;10,5;mg/l;3
Station;49000061;ÆBELHOLT Å, SØSTERBRO MØLLE;32;699103;6204768;Hillerød;Region Hovedstaden;Vandløb;Poel Å;11-03-1998;1;Feltmålinger, Vandløb;Ja;Miljøstyrelsen;https://vanda.miljoeportal.dk/link/49e6a60d-b506-4ccd-ba92-c7ea71d8fd2a;FRB1324;32;699103;6204768;1;11-03-1998 09:29:00 +01:00;;Temperatur; =;3,3;grader C;3
Station;49000061;ÆBELHOLT Å, SØSTERBRO MØLLE;32;699103;6204768;Hillerød;Region Hovedstaden;Vandløb;Poel Å;28-01-1998;1;Feltmålinger, Vandløb;Ja;Miljøstyrelsen;https://vanda.miljoeportal.dk/link/1138bfe8-9d7b-4d29-b72b-5915fde04a52;FRB1324;32;699103;6204768;1;28-01-1998 08:22:00 +01:00;;Oxygen indhold; =;11,2;mg/l;3
Station;49000061;ÆBELHOLT Å, SØSTERBRO MØLLE;32;699103;6204768;Hillerød;Region Hovedstaden;Vandløb;Poel Å;07-08-2003;1;Feltmålinger, Vandløb;Ja;Miljøstyrelsen;https://vanda.miljoeportal.dk/link/00f4f62e-7c74-456a-93a5-fc7cf60801d7;FRB1324;32;699103;6204768;1;07-08-2003 09:50:00 +02:00;;Oxygen indhold; =;10,2;mg/l;3
Station;49000061;ÆBELHOLT Å, SØSTERBRO MØLLE;32;699103;6204768;Hillerød;Region Hovedstaden;Vandløb;Poel Å;05-01-2000;1;Feltmålinger, Vandløb;Ja;Miljøstyrelsen;https://vanda.miljoeportal.dk/link/b036330e-43c8-4185-bcd7-119f588460a4;FRB1324;32;699103;6204768;1;05-01-2000 08:45:00 +01:00;;Oxygen indhold; =;9,9;mg/l;3
Station;49000061;ÆBELHOLT Å, SØSTERBRO MØLLE;32;699103;6204768;Hillerød;Region Hovedstaden;Vandløb;Poel Å;15-07-2014;1;Feltmålinger, Vandløb;Ja;Miljøstyrelsen;https://vanda.miljoeportal.dk/link/99a80cd7-bac2-4a97-a3f7-853ec9ead577;FRB1324;32;699103;6204768;1;15-07-2014 08:20:00 +02:00;;Temperatur; =;15,1;grader C;3
Station;49000061;ÆBELHOLT Å, SØSTERBRO MØLLE;32;699103;6204768;Hillerød;Region Hovedstaden;Vandløb;Poel Å;01-03-1995;1;Feltmålinger, Vandløb;Ja;Miljøstyrelsen;https://vanda.miljoeportal.dk/link/9d0969fd-55b9-4bc6-85f2-3e5817dd226d;FRB1324;32;699103;6204768;1;01-03-1995 09:55:00 +01:00;;Temperatur; =;5,5;grader C;3
Station;49000061;ÆBELHOLT Å, SØSTERBRO MØLLE;32;699103;6204768;Hillerød;Region Hovedstaden;Vandløb;Poel Å;17-01-2001;1;Feltmålinger, Vandløb;Ja;Miljøstyrelsen;https://vanda.miljoeportal.dk/link/dbc1fd53-4459-4cb2-bf2c-33f9aace7dc8;FRB1324;32;699103;6204768;1;17-01-2001 08:25:00 +01:00;;Oxygen indhold; =;10,7;mg/l;3
Station;49000061;ÆBELHOLT Å, SØSTERBRO MØLLE;32;699103;6204768;Hillerød;Region Hovedstaden;Vandløb;Poel Å;28-09-1994;1;Feltmålinger, Vandløb;Ja;Miljøstyrelsen;https://vanda.miljoeportal.dk/link/9ce978b1-aac4-4347-919c-cadeaaa6fe03;FRB1324;32;699103;6204768;1;28-09-1994 10:09:00 +01:00;;Temperatur; =;10;grader C;3
Station;49000061;ÆBELHOLT Å, SØSTERBRO MØLLE;32;699103;6204768;Hillerød;Region Hovedstaden;Vandløb;Poel Å;26-08-1998;1;Feltmålinger, Vandløb;Ja;Miljøstyrelsen;https://vanda.miljoeportal.dk/link/0fc6f1ea-32e0-4bc6-9051-69b0fec7948d;FRB1324;32;699103;6204768;1;26-08-1998 07:32:00 +02:00;;Temperatur; =;11,5;grader C;3
Station;49000061;ÆBELHOLT Å, SØSTERBRO MØLLE;32;699103;6204768;Hillerød;Region Hovedstaden;Vandløb;Poel Å;01-03-2000;1;Feltmålinger, Vandløb;Ja;Miljøstyrelsen;https://vanda.miljoeportal.dk/link/3cd7bf64-db3f-4153-8ee4-5360a445e504;FRB1324;32;699103;6204768;1;01-03-2000 08:30:00 +01:00;;Oxygen indhold; =;9,8;mg/l;3
Station;49000061;ÆBELHOLT Å, SØSTERBRO MØLLE;32;699103;6204768;Hillerød;Region Hovedstaden;Vandløb;Poel Å;16-08-2000;1;Feltmålinger, Vandløb;Ja;Miljøstyrelsen;https://vanda.miljoeportal.dk/link/b7484ca0-5afc-4d2f-9b93-5bbdeb39d471;FRB1324;32;699103;6204768;1;16-08-2000 08:10:00 +02:00;;Temperatur; =;13,3;grader C;3
Station;49000061;ÆBELHOLT Å, SØSTERBRO MØLLE;32;699103;6204768;Hillerød;Region Hovedstaden;Vandløb;Poel Å;17-04-2018;1;Feltmålinger, Vandløb;Ja;Miljøstyrelsen;https://vanda.miljoeportal.dk/link/7937a378-e89d-42b2-9116-802bee28f3d7;FRB1324;32;699103;6204768;1;17-04-2018 08:30:00 +02:00;;Temperatur; =;7,6;grader C;2
Station;49000061;ÆBELHOLT Å, SØSTERBRO MØLLE;32;699103;6204768;Hillerød;Region Hovedstaden;Vandløb;Poel Å;19-06-2017;1;Feltmålinger, Vandløb;Ja;Miljøstyrelsen;https://vanda.miljoeportal.dk/link/9f734568-5a17-438b-81ca-e035d84ad3a3;FRB1324;32;699103;6204768;1;19-06-2017 08:58:00 +02:00;;Temperatur; =;17,3;grader C;2
Station;49000061;ÆBELHOLT Å, SØSTERBRO MØLLE;32;699103;6204768;Hillerød;Region Hovedstaden;Vandløb;Poel Å;26-10-1994;1;Feltmålinger, Vandløb;Ja;Miljøstyrelsen;https://vanda.miljoeportal.dk/link/b27355c9-22d3-4756-b2a5-14cf0724cad0;FRB1324;32;699103;6204768;1;26-10-1994 09:54:00 +01:00;;Temperatur; =;9,2;grader C;3
Station;49000061;ÆBELHOLT Å, SØSTERBRO MØLLE;32;699103;6204768;Hillerød;Region Hovedstaden;Vandløb;Poel Å;06-01-1999;1;Feltmålinger, Vandløb;Ja;Miljøstyrelsen;https://vanda.miljoeportal.dk/link/045a97a2-879c-4f61-9dc9-1511d58914a2;FRB1324;32;699103;6204768;1;06-01-1999 09:00:00 +01:00;;Temperatur; =;5,4;grader C;3
Station;49000061;ÆBELHOLT Å, SØSTERBRO MØLLE;32;699103;6204768;Hillerød;Region Hovedstaden;Vandløb;Poel Å;21-06-2011;1;Feltmålinger, Vandløb;Ja;Miljøstyrelsen;https://vanda.miljoeportal.dk/link/2d8d5396-a7f5-4dd0-9976-2b124b92392b;FRB1324;32;699103;6204768;1;21-06-2011 08:40:00 +02:00;;pH; =;7,9;pH;3
Station;49000061;ÆBELHOLT Å, SØSTERBRO MØLLE;32;699103;6204768;Hillerød;Region Hovedstaden;Vandløb;Poel Å;01-03-2005;1;Feltmålinger, Vandløb;Ja;Miljøstyrelsen;https://vanda.miljoeportal.dk/link/d8af2d6c-a5c8-482e-b2ee-e608a5fd267a;FRB1324;32;699103;6204768;1;01-03-2005 08:20:00 +01:00;;Temperatur; =;2,1;grader C;3
Station;49000061;ÆBELHOLT Å, SØSTERBRO MØLLE;32;699103;6204768;Hillerød;Region Hovedstaden;Vandløb;Poel Å;19-05-1998;1;Feltmålinger, Vandløb;Ja;Miljøstyrelsen;https://vanda.miljoeportal.dk/link/48273cd2-9ec6-4db9-ba94-1fb8e7a63165;FRB1324;32;699103;6204768;1;19-05-1998 06:56:00 +02:00;;Oxygen indhold; =;11;mg/l;3
Station;49000061;ÆBELHOLT Å, SØSTERBRO MØLLE;32;699103;6204768;Hillerød;Region Hovedstaden;Vandløb;Poel Å;29-09-1993;1;Feltmålinger, Vandløb;Ja;Miljøstyrelsen;https://vanda.miljoeportal.dk/link/34b5e50b-a871-4c0c-8ef1-b8aec40206ce;FRB1324;32;699103;6204768;1;29-09-1993 09:03:00 +01:00;;Temperatur; =;9,6;grader C;3
Station;49000061;ÆBELHOLT Å, SØSTERBRO MØLLE;32;699103;6204768;Hillerød;Region Hovedstaden;Vandløb;Poel Å;16-07-1997;1;Feltmålinger, Vandløb;Ja;Miljøstyrelsen;https://vanda.miljoeportal.dk/link/45ca460f-20dd-46b6-abde-5979ec02e0ac;FRB1324;32;699103;6204768;1;16-07-1997 00:00:00 +02:00;;Temperatur; =;13,2;grader C;3
Station;49000061;ÆBELHOLT Å, SØSTERBRO MØLLE;32;699103;6204768;Hillerød;Region Hovedstaden;Vandløb;Poel Å;18-07-2006;1;Feltmålinger, Vandløb;Ja;Miljøstyrelsen;https://vanda.miljoeportal.dk/link/d7f18f2b-70f4-454e-8299-99584f3df127;FRB1324;32;699103;6204768;1;18-07-2006 08:45:00 +02:00;;Oxygen indhold; =;9,6;mg/l;2
Station;49000061;ÆBELHOLT Å, SØSTERBRO MØLLE;32;699103;6204768;Hillerød;Region Hovedstaden;Vandløb;Poel Å;10-05-1995;1;Feltmålinger, Vandløb;Ja;Miljøstyrelsen;https://vanda.miljoeportal.dk/link/183a7570-0a74-4abf-a45b-d7f6641fac50;FRB1324;32;699103;6204768;1;10-05-1995 09:14:00 +02:00;;Temperatur; =;8,2;grader C;3
Station;49000061;ÆBELHOLT Å, SØSTERBRO MØLLE;32;699103;6204768;Hillerød;Region Hovedstaden;Vandløb;Poel Å;28-03-2001;1;Feltmålinger, Vandløb;Ja;Miljøstyrelsen;https://vanda.miljoeportal.dk/link/7c8a260e-b137-452b-8433-c7df9bac0830;FRB1324;32;699103;6204768;1;28-03-2001 08:20:00 +02:00;;Temperatur; =;1,6;grader C;3
Station;49000061;ÆBELHOLT Å, SØSTERBRO MØLLE;32;699103;6204768;Hillerød;Region Hovedstaden;Vandløb;Poel Å;15-09-1993;1;Feltmålinger, Vandløb;Ja;Miljøstyrelsen;https://vanda.miljoeportal.dk/link/241fe557-6879-4b43-9b4c-48c245cc2f20;FRB1324;32;699103;6204768;1;15-09-1993 07:57:00 +02:00;;Temperatur; =;10,2;grader C;3
Station;49000061;ÆBELHOLT Å, SØSTERBRO MØLLE;32;699103;6204768;Hillerød;Region Hovedstaden;Vandløb;Poel Å;02-01-2002;1;Feltmålinger, Vandløb;Ja;Miljøstyrelsen;https://vanda.miljoeportal.dk/link/312a8869-1a75-44fd-ae45-f86aed069f77;FRB1324;32;699103;6204768;1;02-01-2002 09:55:00 +01:00;;Oxygen indhold; =;10,7;mg/l;3
Station;49000061;ÆBELHOLT Å, SØSTERBRO MØLLE;32;699103;6204768;Hillerød;Region Hovedstaden;Vandløb;Poel Å;21-06-1995;1;Feltmålinger, Vandløb;Ja;Miljøstyrelsen;https://vanda.miljoeportal.dk/link/171af2bd-08ba-42be-a4d9-cd712abfe726;FRB1324;32;699103;6204768;1;21-06-1995 10:32:00 +02:00;;Oxygen indhold; =;10,5;mg/l;3
Station;49000061;ÆBELHOLT Å, SØSTERBRO MØLLE;32;699103;6204768;Hillerød;Region Hovedstaden;Vandløb;Poel Å;17-06-2014;1;Feltmålinger, Vandløb;Ja;Miljøstyrelsen;https://vanda.miljoeportal.dk/link/248ad5cb-e61b-430c-90bc-893f19dd252a;FRB1324;32;699103;6204768;1;17-06-2014 08:00:00 +02:00;;pH; =;8,1;pH;3
Station;49000061;ÆBELHOLT Å, SØSTERBRO MØLLE;32;699103;6204768;Hillerød;Region Hovedstaden;Vandløb;Poel Å;06-04-2016;1;Feltmålinger, Vandløb;Ja;Miljøstyrelsen;https://vanda.miljoeportal.dk/link/0451914d-e4d8-4d01-ad67-ee7bf2114f27;FRB1324;32;699103;6204768;1;06-04-2016 09:05:00 +02:00;;pH; =;7,9;pH;3
Station;49000061;ÆBELHOLT Å, SØSTERBRO MØLLE;32;699103;6204768;Hillerød;Region Hovedstaden;Vandløb;Poel Å;20-11-2007;1;Feltmålinger, Vandløb;Ja;Miljøstyrelsen;https://vanda.miljoeportal.dk/link/9ba8b6fd-bda6-4acb-9423-149a6dc37a55;FRB1324;32;699103;6204768;1;20-11-2007 08:30:00 +01:00;;Temperatur; =;8,5;grader C;3
Station;49000061;ÆBELHOLT Å, SØSTERBRO MØLLE;32;699103;6204768;Hillerød;Region Hovedstaden;Vandløb;Poel Å;26-02-2001;1;Feltmålinger, Vandløb;Ja;Miljøstyrelsen;https://vanda.miljoeportal.dk/link/725ad83f-a2d1-4783-8004-bd9021429ed9;FRB1324;32;699103;6204768;1;26-02-2001 09:05:00 +01:00;;Oxygen indhold; =;11,5;mg/l;3
Station;49000061;ÆBELHOLT Å, SØSTERBRO MØLLE;32;699103;6204768;Hillerød;Region Hovedstaden;Vandløb;Poel Å;16-08-1995;1;Feltmålinger, Vandløb;Ja;Miljøstyrelsen;https://vanda.miljoeportal.dk/link/5ef301a5-9948-4251-953c-60d140300f41;FRB1324;32;699103;6204768;1;16-08-1995 09:34:00 +02:00;;Temperatur; =;14;grader C;3
Station;49000061;ÆBELHOLT Å, SØSTERBRO MØLLE;32;699103;6204768;Hillerød;Region Hovedstaden;Vandløb;Poel Å;05-02-2019;1;Feltmålinger, Vandløb;Ja;Miljøstyrelsen;https://vanda.miljoeportal.dk/link/1e430113-000c-4dac-9c65-f3f5a32af541;FRB1324;32;699103;6204768;1;05-02-2019 09:50:00 +01:00;;pH; =;8;pH;2
Station;49000061;ÆBELHOLT Å, SØSTERBRO MØLLE;32;699103;6204768;Hillerød;Region Hovedstaden;Vandløb;Poel Å;25-03-1998;1;Feltmålinger, Vandløb;Ja;Miljøstyrelsen;https://vanda.miljoeportal.dk/link/a394aa30-2c73-44fa-8fc1-81bf9d6f9e2a;FRB1324;32;699103;6204768;1;25-03-1998 08:13:00 +01:00;;Temperatur; =;3,7;grader C;3
Station;49000061;ÆBELHOLT Å, SØSTERBRO MØLLE;32;699103;6204768;Hillerød;Region Hovedstaden;Vandløb;Poel Å;27-02-2002;1;Feltmålinger, Vandløb;Ja;Miljøstyrelsen;https://vanda.miljoeportal.dk/link/e40b3b19-b0be-405a-a0bb-ebe15bb388d2;FRB1324;32;699103;6204768;1;27-02-2002 09:40:00 +01:00;;Temperatur; =;2,8;grader C;3
Station;49000061;ÆBELHOLT Å, SØSTERBRO MØLLE;32;699103;6204768;Hillerød;Region Hovedstaden;Vandløb;Poel Å;09-04-2002;1;Feltmålinger, Vandløb;Ja;Miljøstyrelsen;https://vanda.miljoeportal.dk/link/d3775ba6-4c37-4214-817a-5061accb6826;FRB1324;32;699103;6204768;1;09-04-2002 07:55:00 +02:00;;Oxygen indhold; =;10,4;mg/l;3
Station;49000061;ÆBELHOLT Å, SØSTERBRO MØLLE;32;699103;6204768;Hillerød;Region Hovedstaden;Vandløb;Poel Å;11-04-1995;1;Feltmålinger, Vandløb;Ja;Miljøstyrelsen;https://vanda.miljoeportal.dk/link/479e9ad6-b216-4e83-a8e3-9e4a6962c938;FRB1324;32;699103;6204768;1;11-04-1995 08:59:00 +02:00;;Oxygen indhold; =;10,1;mg/l;3
Station;49000061;ÆBELHOLT Å, SØSTERBRO MØLLE;32;699103;6204768;Hillerød;Region Hovedstaden;Vandløb;Poel Å;06-06-2001;1;Feltmålinger, Vandløb;Ja;Miljøstyrelsen;https://vanda.miljoeportal.dk/link/7038ed04-610c-488d-9f6f-c976517d0ce7;FRB1324;32;699103;6204768;1;06-06-2001 08:20:00 +02:00;;Oxygen indhold; =;9,9;mg/l;3
Station;49000061;ÆBELHOLT Å, SØSTERBRO MØLLE;32;699103;6204768;Hillerød;Region Hovedstaden;Vandløb;Poel Å;08-11-1995;1;Feltmålinger, Vandløb;Ja;Miljøstyrelsen;https://vanda.miljoeportal.dk/link/e322e7b9-7cab-4271-b1cc-55fe628a235c;FRB1324;32;699103;6204768;1;08-11-1995 08:54:00 +01:00;;Temperatur; =;4,4;grader C;3
Station;49000061;ÆBELHOLT Å, SØSTERBRO MØLLE;32;699103;6204768;Hillerød;Region Hovedstaden;Vandløb;Poel Å;30-08-1995;1;Feltmålinger, Vandløb;Ja;Miljøstyrelsen;https://vanda.miljoeportal.dk/link/d2ec74b5-b03d-415a-b4dc-f20f579003a0;FRB1324;32;699103;6204768;1;30-08-1995 08:52:00 +02:00;;Temperatur; =;11,2;grader C;3
Station;49000061;ÆBELHOLT Å, SØSTERBRO MØLLE;32;699103;6204768;Hillerød;Region Hovedstaden;Vandløb;Poel Å;17-02-2005;1;Feltmålinger, Vandløb;Ja;Miljøstyrelsen;https://vanda.miljoeportal.dk/link/d19bca56-3611-4704-bd54-40763272a192;FRB1324;32;699103;6204768;1;17-02-2005 10:55:00 +01:00;;Temperatur; =;2,5;grader C;3
Station;49000061;ÆBELHOLT Å, SØSTERBRO MØLLE;32;699103;6204768;Hillerød;Region Hovedstaden;Vandløb;Poel Å;27-09-2011;1;Feltmålinger, Vandløb;Ja;Miljøstyrelsen;https://vanda.miljoeportal.dk/link/45dbea86-7cc7-4a5d-ae17-048af031f856;FRB1324;32;699103;6204768;1;27-09-2011 08:15:00 +02:00;;pH; =;7,8;pH;3
Station;49000061;ÆBELHOLT Å, SØSTERBRO MØLLE;32;699103;6204768;Hillerød;Region Hovedstaden;Vandløb;Poel Å;21-02-2017;1;Feltmålinger, Vandløb;Ja;Miljøstyrelsen;https://vanda.miljoeportal.dk/link/de4868f3-4aa2-4287-9d33-7f39f8720471;FRB1324;32;699103;6204768;1;21-02-2017 14:10:00 +01:00;;pH; =;8;pH;2
Station;49000061;ÆBELHOLT Å, SØSTERBRO MØLLE;32;699103;6204768;Hillerød;Region Hovedstaden;Vandløb;Poel Å;02-09-2008;1;Feltmålinger, Vandløb;Ja;Miljøstyrelsen;https://vanda.miljoeportal.dk/link/10329989-23a7-4fa1-babc-4b89fc68c667;FRB1324;32;699103;6204768;1;02-09-2008 08:25:00 +02:00;;Temperatur; =;18,8;grader C;3
Station;49000061;ÆBELHOLT Å, SØSTERBRO MØLLE;32;699103;6204768;Hillerød;Region Hovedstaden;Vandløb;Poel Å;05-01-2000;1;Feltmålinger, Vandløb;Ja;Miljøstyrelsen;https://vanda.miljoeportal.dk/link/b036330e-43c8-4185-bcd7-119f588460a4;FRB1324;32;699103;6204768;1;05-01-2000 08:45:00 +01:00;;Temperatur; =;4,2;grader C;3
Station;49000061;ÆBELHOLT Å, SØSTERBRO MØLLE;32;699103;6204768;Hillerød;Region Hovedstaden;Vandløb;Poel Å;12-05-2009;1;Feltmålinger, Vandløb;Ja;Miljøstyrelsen;https://vanda.miljoeportal.dk/link/22c1eb24-3a89-4700-889b-96e990c320e6;FRB1324;32;699103;6204768;1;12-05-2009 08:30:00 +02:00;;Temperatur; =;8,1;grader C;3
Station;49000061;ÆBELHOLT Å, SØSTERBRO MØLLE;32;699103;6204768;Hillerød;Region Hovedstaden;Vandløb;Poel Å;26-02-1997;1;Feltmålinger, Vandløb;Ja;Miljøstyrelsen;https://vanda.miljoeportal.dk/link/be145671-16af-4508-9de4-2a42efb4c728;FRB1324;32;699103;6204768;1;26-02-1997 08:54:00 +01:00;;Temperatur; =;2,7;grader C;3
Station;49000061;ÆBELHOLT Å, SØSTERBRO MØLLE;32;699103;6204768;Hillerød;Region Hovedstaden;Vandløb;Poel Å;03-09-2015;1;Feltmålinger, Vandløb;Ja;Miljøstyrelsen;https://vanda.miljoeportal.dk/link/11698530-88b8-4a97-a206-b4bfc4671990;FRB1324;32;699103;6204768;1;03-09-2015 10:00:00 +02:00;;Temperatur; =;13,6;grader C;2
Station;49000061;ÆBELHOLT Å, SØSTERBRO MØLLE;32;699103;6204768;Hillerød;Region Hovedstaden;Vandløb;Poel Å;26-02-2008;1;Feltmålinger, Vandløb;Ja;Miljøstyrelsen;https://vanda.miljoeportal.dk/link/2dc94c43-8db5-4616-888a-ca42564309a8;FRB1324;32;699103;6204768;1;26-02-2008 08:15:00 +01:00;;Temperatur; =;7,9;grader C;3
Station;49000061;ÆBELHOLT Å, SØSTERBRO MØLLE;32;699103;6204768;Hillerød;Region Hovedstaden;Vandløb;Poel Å;04-07-2016;1;Feltmålinger, Vandløb;Ja;Miljøstyrelsen;https://vanda.miljoeportal.dk/link/0de41398-750a-4ce9-bf0e-d4a5d464807c;FRB1324;32;699103;6204768;1;04-07-2016 08:55:00 +02:00;;pH; =;8,3;pH;3
Station;49000061;ÆBELHOLT Å, SØSTERBRO MØLLE;32;699103;6204768;Hillerød;Region Hovedstaden;Vandløb;Poel Å;07-07-1999;1;Feltmålinger, Vandløb;Ja;Miljøstyrelsen;https://vanda.miljoeportal.dk/link/68bea70e-5c44-4f7c-ae91-3e8ea34902a1;FRB1324;32;699103;6204768;1;07-07-1999 09:05:00 +02:00;;Oxygen indhold; =;8,5;mg/l;3
Station;49000061;ÆBELHOLT Å, SØSTERBRO MØLLE;32;699103;6204768;Hillerød;Region Hovedstaden;Vandløb;Poel Å;07-12-1994;1;Feltmålinger, Vandløb;Ja;Miljøstyrelsen;https://vanda.miljoeportal.dk/link/0cf798b1-9756-4c52-88e5-e9443958314a;FRB1324;32;699103;6204768;1;07-12-1994 09:57:00 +01:00;;Oxygen indhold; =;9,8;mg/l;3
Station;49000061;ÆBELHOLT Å, SØSTERBRO MØLLE;32;699103;6204768;Hillerød;Region Hovedstaden;Vandløb;Poel Å;21-06-2005;1;Feltmålinger, Vandløb;Ja;Miljøstyrelsen;https://vanda.miljoeportal.dk/link/c8ec4b53-9260-40f9-8b0c-c86d3662d8b1;FRB1324;32;699103;6204768;1;21-06-2005 08:45:00 +02:00;;Oxygen indhold; =;9,6;mg/l;3
Station;49000061;ÆBELHOLT Å, SØSTERBRO MØLLE;32;699103;6204768;Hillerød;Region Hovedstaden;Vandløb;Poel Å;13-03-1996;1;Feltmålinger, Vandløb;Ja;Miljøstyrelsen;https://vanda.miljoeportal.dk/link/acbb426b-a083-456f-b54f-6a336f1679df;FRB1324;32;699103;6204768;1;13-03-1996 08:41:00 +01:00;;Temperatur; =;1,2;grader C;3
Station;49000061;ÆBELHOLT Å, SØSTERBRO MØLLE;32;699103;6204768;Hillerød;Region Hovedstaden;Vandløb;Poel Å;09-11-1994;1;Feltmålinger, Vandløb;Ja;Miljøstyrelsen;https://vanda.miljoeportal.dk/link/ece0b9e8-13d5-4222-9782-988ff7481c9b;FRB1324;32;699103;6204768;1;09-11-1994 10:06:00 +01:00;;Oxygen indhold; =;9,6;mg/l;3
Station;49000061;ÆBELHOLT Å, SØSTERBRO MØLLE;32;699103;6204768;Hillerød;Region Hovedstaden;Vandløb;Poel Å;13-03-1996;1;Feltmålinger, Vandløb;Ja;Miljøstyrelsen;https://vanda.miljoeportal.dk/link/acbb426b-a083-456f-b54f-6a336f1679df;FRB1324;32;699103;6204768;1;13-03-1996 08:41:00 +01:00;;Oxygen indhold; =;9,4;mg/l;3
Station;49000061;ÆBELHOLT Å, SØSTERBRO MØLLE;32;699103;6204768;Hillerød;Region Hovedstaden;Vandløb;Poel Å;13-07-2004;1;Feltmålinger, Vandløb;Ja;Miljøstyrelsen;https://vanda.miljoeportal.dk/link/48fa30dc-bf6b-46e1-bfb5-68a68558186c;FRB1324;32;699103;6204768;1;13-07-2004 08:30:00 +02:00;;Oxygenmætning; =;75;pct;3
Station;49000061;ÆBELHOLT Å, SØSTERBRO MØLLE;32;699103;6204768;Hillerød;Region Hovedstaden;Vandløb;Poel Å;02-07-1997;1;Feltmålinger, Vandløb;Ja;Miljøstyrelsen;https://vanda.miljoeportal.dk/link/374cfb36-2a72-4a27-8cb8-c9827a329c1f;FRB1324;32;699103;6204768;1;02-07-1997 07:42:00 +02:00;;Oxygen indhold; =;7,6;mg/l;3
Station;49000061;ÆBELHOLT Å, SØSTERBRO MØLLE;32;699103;6204768;Hillerød;Region Hovedstaden;Vandløb;Poel Å;17-01-1996;1;Feltmålinger, Vandløb;Ja;Miljøstyrelsen;https://vanda.miljoeportal.dk/link/959d6f73-f334-4bf7-9b11-ccf6dd344fea;FRB1324;32;699103;6204768;1;17-01-1996 08:42:00 +01:00;;Temperatur; =;2,8;grader C;3
Station;49000061;ÆBELHOLT Å, SØSTERBRO MØLLE;32;699103;6204768;Hillerød;Region Hovedstaden;Vandløb;Poel Å;06-09-2017;1;Feltmålinger, Vandløb;Ja;Miljøstyrelsen;https://vanda.miljoeportal.dk/link/5afd8b19-1ac3-450a-b6ca-ae80ad349fe4;FRB1324;32;699103;6204768;1;06-09-2017 09:50:00 +02:00;;pH; =;8,3;pH;2
Station;49000061;ÆBELHOLT Å, SØSTERBRO MØLLE;32;699103;6204768;Hillerød;Region Hovedstaden;Vandløb;Poel Å;20-11-1996;1;Feltmålinger, Vandløb;Ja;Miljøstyrelsen;https://vanda.miljoeportal.dk/link/d81dec8b-09d8-410b-8a62-f220c3b58212;FRB1324;32;699103;6204768;1;20-11-1996 08:27:00 +01:00;;Oxygen indhold; =;9,9;mg/l;3
Station;49000061;ÆBELHOLT Å, SØSTERBRO MØLLE;32;699103;6204768;Hillerød;Region Hovedstaden;Vandløb;Poel Å;20-12-2000;1;Feltmålinger, Vandløb;Ja;Miljøstyrelsen;https://vanda.miljoeportal.dk/link/6f761a4c-dd0f-4a77-846c-47ca8e1720f9;FRB1324;32;699103;6204768;1;20-12-2000 08:30:00 +01:00;;Oxygen indhold; =;10,4;mg/l;3
Station;49000061;ÆBELHOLT Å, SØSTERBRO MØLLE;32;699103;6204768;Hillerød;Region Hovedstaden;Vandløb;Poel Å;03-01-2006;1;Feltmålinger, Vandløb;Ja;Miljøstyrelsen;https://vanda.miljoeportal.dk/link/e2782c23-d61c-43db-81cd-975b303c56f9;FRB1324;32;699103;6204768;1;03-01-2006 08:50:00 +01:00;;Oxygenmætning; =;77;pct;2
Station;49000061;ÆBELHOLT Å, SØSTERBRO MØLLE;32;699103;6204768;Hillerød;Region Hovedstaden;Vandløb;Poel Å;17-01-1996;1;Feltmålinger, Vandløb;Ja;Miljøstyrelsen;https://vanda.miljoeportal.dk/link/959d6f73-f334-4bf7-9b11-ccf6dd344fea;FRB1324;32;699103;6204768;1;17-01-1996 08:42:00 +01:00;;Oxygen indhold; =;11,1;mg/l;3
Station;49000061;ÆBELHOLT Å, SØSTERBRO MØLLE;32;699103;6204768;Hillerød;Region Hovedstaden;Vandløb;Poel Å;04-08-1993;1;Feltmålinger, Vandløb;Ja;Miljøstyrelsen;https://vanda.miljoeportal.dk/link/5608f4d0-4e49-4bbd-9d81-9c929d810e81;FRB1324;32;699103;6204768;1;04-08-1993 07:53:00 +02:00;;Temperatur; =;12,3;grader C;3
Station;49000061;ÆBELHOLT Å, SØSTERBRO MØLLE;32;699103;6204768;Hillerød;Region Hovedstaden;Vandløb;Poel Å;14-01-1998;1;Feltmålinger, Vandløb;Ja;Miljøstyrelsen;https://vanda.miljoeportal.dk/link/4f588c20-c934-4a07-a7ee-879c83d27f3e;FRB1324;32;699103;6204768;1;14-01-1998 08:11:00 +01:00;;Temperatur; =;4,9;grader C;3
Station;49000061;ÆBELHOLT Å, SØSTERBRO MØLLE;32;699103;6204768;Hillerød;Region Hovedstaden;Vandløb;Poel Å;10-11-1999;1;Feltmålinger, Vandløb;Ja;Miljøstyrelsen;https://vanda.miljoeportal.dk/link/24db1d44-1aee-401b-a0dd-41a9c33eef69;FRB1324;32;699103;6204768;1;10-11-1999 08:55:00 +01:00;;Oxygen indhold; =;10,1;mg/l;3
Station;49000061;ÆBELHOLT Å, SØSTERBRO MØLLE;32;699103;6204768;Hillerød;Region Hovedstaden;Vandløb;Poel Å;24-10-2001;1;Feltmålinger, Vandløb;Ja;Miljøstyrelsen;https://vanda.miljoeportal.dk/link/277612f9-071d-425e-80f4-4355fbcc7e42;FRB1324;32;699103;6204768;1;24-10-2001 09:00:00 +02:00;;Oxygen indhold; =;11,4;mg/l;3
Station;49000061;ÆBELHOLT Å, SØSTERBRO MØLLE;32;699103;6204768;Hillerød;Region Hovedstaden;Vandløb;Poel Å;08-11-2016;1;Feltmålinger, Vandløb;Ja;Miljøstyrelsen;https://vanda.miljoeportal.dk/link/9c992078-b6af-4d3e-896d-ecebf5981cfe;FRB1324;32;699103;6204768;1;08-11-2016 08:55:00 +01:00;;Temperatur; =;3,3;grader C;3
Station;49000061;ÆBELHOLT Å, SØSTERBRO MØLLE;32;699103;6204768;Hillerød;Region Hovedstaden;Vandløb;Poel Å;03-07-2002;1;Feltmålinger, Vandløb;Ja;Miljøstyrelsen;https://vanda.miljoeportal.dk/link/59e48c27-43ec-4e98-89fe-248db1388576;FRB1324;32;699103;6204768;1;03-07-2002 08:37:00 +02:00;;Temperatur; =;12,7;grader C;3
Station;49000061;ÆBELHOLT Å, SØSTERBRO MØLLE;32;699103;6204768;Hillerød;Region Hovedstaden;Vandløb;Poel Å;15-03-2011;1;Feltmålinger, Vandløb;Ja;Miljøstyrelsen;https://vanda.miljoeportal.dk/link/d156f459-00ce-46ce-a3b2-605f07ba46d4;FRB1324;32;699103;6204768;1;15-03-2011 08:50:00 +01:00;;pH; =;7,5;pH;3
Station;49000061;ÆBELHOLT Å, SØSTERBRO MØLLE;32;699103;6204768;Hillerød;Region Hovedstaden;Vandløb;Poel Å;22-05-1996;1;Feltmålinger, Vandløb;Ja;Miljøstyrelsen;https://vanda.miljoeportal.dk/link/69f13aa7-6f20-4b94-b17d-f1ec3a088467;FRB1324;32;699103;6204768;1;22-05-1996 07:32:00 +02:00;;Oxygen indhold; =;10,7;mg/l;3
Station;49000061;ÆBELHOLT Å, SØSTERBRO MØLLE;32;699103;6204768;Hillerød;Region Hovedstaden;Vandløb;Poel Å;10-05-2000;1;Feltmålinger, Vandløb;Ja;Miljøstyrelsen;https://vanda.miljoeportal.dk/link/ea979fcc-3ba2-438a-98a4-9fe8e1f1daf2;FRB1324;32;699103;6204768;1;10-05-2000 08:40:00 +02:00;;Oxygen indhold; =;11,7;mg/l;3
Station;49000061;ÆBELHOLT Å, SØSTERBRO MØLLE;32;699103;6204768;Hillerød;Region Hovedstaden;Vandløb;Poel Å;13-09-2000;1;Feltmålinger, Vandløb;Ja;Miljøstyrelsen;https://vanda.miljoeportal.dk/link/5bf8a74e-6ec0-490a-beb5-e76a0cb55cbf;FRB1324;32;699103;6204768;1;13-09-2000 08:15:00 +02:00;;Oxygen indhold; =;7,2;mg/l;3
Station;49000061;ÆBELHOLT Å, SØSTERBRO MØLLE;32;699103;6204768;Hillerød;Region Hovedstaden;Vandløb;Poel Å;14-02-2001;1;Feltmålinger, Vandløb;Ja;Miljøstyrelsen;https://vanda.miljoeportal.dk/link/4aa3f96b-9bde-46e1-8e0a-59dfaaa2bb4c;FRB1324;32;699103;6204768;1;14-02-2001 08:40:00 +01:00;;Oxygen indhold; =;10,5;mg/l;3
Station;49000061;ÆBELHOLT Å, SØSTERBRO MØLLE;32;699103;6204768;Hillerød;Region Hovedstaden;Vandløb;Poel Å;14-04-1999;1;Feltmålinger, Vandløb;Ja;Miljøstyrelsen;https://vanda.miljoeportal.dk/link/5529e1e4-cffc-4e67-b95d-4474fcc4949a;FRB1324;32;699103;6204768;1;14-04-1999 08:30:00 +02:00;;Oxygen indhold; =;10,9;mg/l;3
Station;49000061;ÆBELHOLT Å, SØSTERBRO MØLLE;32;699103;6204768;Hillerød;Region Hovedstaden;Vandløb;Poel Å;06-02-2003;1;Feltmålinger, Vandløb;Ja;Miljøstyrelsen;https://vanda.miljoeportal.dk/link/0be0d926-1c98-4178-acfa-96906ffa1322;FRB1324;32;699103;6204768;1;06-02-2003 11:45:00 +01:00;;Oxygenmætning; =;67;pct;3
Station;49000061;ÆBELHOLT Å, SØSTERBRO MØLLE;32;699103;6204768;Hillerød;Region Hovedstaden;Vandløb;Poel Å;23-11-1994;1;Feltmålinger, Vandløb;Ja;Miljøstyrelsen;https://vanda.miljoeportal.dk/link/5901de28-dab1-465b-ab1b-2804577527e5;FRB1324;32;699103;6204768;1;23-11-1994 10:23:00 +01:00;;Temperatur; =;6,9;grader C;3
Station;49000061;ÆBELHOLT Å, SØSTERBRO MØLLE;32;699103;6204768;Hillerød;Region Hovedstaden;Vandløb;Poel Å;30-01-2018;1;Feltmålinger, Vandløb;Ja;Miljøstyrelsen;https://vanda.miljoeportal.dk/link/de80d804-f043-4125-a540-bdff6544b2b1;FRB1324;32;699103;6204768;1;30-01-2018 06:30:00 +01:00;;pH; =;7,5;pH;2
Station;49000061;ÆBELHOLT Å, SØSTERBRO MØLLE;32;699103;6204768;Hillerød;Region Hovedstaden;Vandløb;Poel Å;21-05-2019;1;Feltmålinger, Vandløb;Ja;Miljøstyrelsen;https://vanda.miljoeportal.dk/link/e714454e-fc03-44d1-9662-33a2b91bff89;FRB1324;32;699103;6204768;1;21-05-2019 13:30:00 +02:00;;pH; =;8,2;pH;2
Station;49000061;ÆBELHOLT Å, SØSTERBRO MØLLE;32;699103;6204768;Hillerød;Region Hovedstaden;Vandløb;Poel Å;06-11-1996;1;Feltmålinger, Vandløb;Ja;Miljøstyrelsen;https://vanda.miljoeportal.dk/link/66f2bc0e-b895-4ebb-8331-4c181519b90e;FRB1324;32;699103;6204768;1;06-11-1996 08:28:00 +01:00;;Temperatur; =;7,8;grader C;3
Station;49000061;ÆBELHOLT Å, SØSTERBRO MØLLE;32;699103;6204768;Hillerød;Region Hovedstaden;Vandløb;Poel Å;07-07-1999;1;Feltmålinger, Vandløb;Ja;Miljøstyrelsen;https://vanda.miljoeportal.dk/link/68bea70e-5c44-4f7c-ae91-3e8ea34902a1;FRB1324;32;699103;6204768;1;07-07-1999 09:05:00 +02:00;;Temperatur; =;13,5;grader C;3
Station;49000061;ÆBELHOLT Å, SØSTERBRO MØLLE;32;699103;6204768;Hillerød;Region Hovedstaden;Vandløb;Poel Å;23-04-1997;1;Feltmålinger, Vandløb;Ja;Miljøstyrelsen;https://vanda.miljoeportal.dk/link/0f602442-67b1-4351-aabd-4b7f4fadfe2a;FRB1324;32;699103;6204768;1;23-04-1997 07:52:00 +02:00;;Temperatur; =;4;grader C;3
Station;49000061;ÆBELHOLT Å, SØSTERBRO MØLLE;32;699103;6204768;Hillerød;Region Hovedstaden;Vandløb;Poel Å;17-02-1999;1;Feltmålinger, Vandløb;Ja;Miljøstyrelsen;https://vanda.miljoeportal.dk/link/b5b7f868-c018-4282-83bb-9de955621e64;FRB1324;32;699103;6204768;1;17-02-1999 08:40:00 +01:00;;Oxygen indhold; =;10,8;mg/l;3
Station;49000061;ÆBELHOLT Å, SØSTERBRO MØLLE;32;699103;6204768;Hillerød;Region Hovedstaden;Vandløb;Poel Å;26-02-2015;1;Feltmålinger, Vandløb;Ja;Miljøstyrelsen;https://vanda.miljoeportal.dk/link/d8febb6a-9330-4490-90bb-29023ea803ce;FRB1324;32;699103;6204768;1;26-02-2015 09:10:00 +01:00;;Temperatur; =;3,7;grader C;2
Station;49000061;ÆBELHOLT Å, SØSTERBRO MØLLE;32;699103;6204768;Hillerød;Region Hovedstaden;Vandløb;Poel Å;22-12-1999;1;Feltmålinger, Vandløb;Ja;Miljøstyrelsen;https://vanda.miljoeportal.dk/link/9529ec55-697a-422e-b349-fcc9f9b73d47;FRB1324;32;699103;6204768;1;22-12-1999 08:45:00 +01:00;;Temperatur; =;3,3;grader C;3
Station;49000061;ÆBELHOLT Å, SØSTERBRO MØLLE;32;699103;6204768;Hillerød;Region Hovedstaden;Vandløb;Poel Å;18-09-2003;1;Feltmålinger, Vandløb;Ja;Miljøstyrelsen;https://vanda.miljoeportal.dk/link/b5fef5fc-dba8-44fc-b258-d6eec63078e6;FRB1324;32;699103;6204768;1;18-09-2003 08:29:00 +02:00;;Temperatur; =;12,2;grader C;3
Station;49000061;ÆBELHOLT Å, SØSTERBRO MØLLE;32;699103;6204768;Hillerød;Region Hovedstaden;Vandløb;Poel Å;25-10-2000;1;Feltmålinger, Vandløb;Ja;Miljøstyrelsen;https://vanda.miljoeportal.dk/link/2159f89d-3d1d-42df-9c51-86c18357d4fc;FRB1324;32;699103;6204768;1;25-10-2000 08:35:00 +02:00;;Temperatur; =;10,3;grader C;3
Station;49000061;ÆBELHOLT Å, SØSTERBRO MØLLE;32;699103;6204768;Hillerød;Region Hovedstaden;Vandløb;Poel Å;28-02-1996;1;Feltmålinger, Vandløb;Ja;Miljøstyrelsen;https://vanda.miljoeportal.dk/link/f3086091-f7c5-4e28-aa79-10b59caecd81;FRB1324;32;699103;6204768;1;28-02-1996 08:37:00 +01:00;;Temperatur; =;1,6;grader C;3
Station;49000061;ÆBELHOLT Å, SØSTERBRO MØLLE;32;699103;6204768;Hillerød;Region Hovedstaden;Vandløb;Poel Å;29-03-2016;1;Feltmålinger, Vandløb;Ja;Miljøstyrelsen;https://vanda.miljoeportal.dk/link/637e86cb-b268-468f-b32b-8eba02d85d63;FRB1324;32;699103;6204768;1;29-03-2016 08:15:00 +02:00;;Temperatur; =;6,6;grader C;3
Station;49000061;ÆBELHOLT Å, SØSTERBRO MØLLE;32;699103;6204768;Hillerød;Region Hovedstaden;Vandløb;Poel Å;23-09-2014;1;Feltmålinger, Vandløb;Ja;Miljøstyrelsen;https://vanda.miljoeportal.dk/link/968c3570-2403-4198-babb-4055350d1290;FRB1324;32;699103;6204768;1;23-09-2014 07:45:00 +02:00;;pH; =;8,1;pH;3
Station;49000061;ÆBELHOLT Å, SØSTERBRO MØLLE;32;699103;6204768;Hillerød;Region Hovedstaden;Vandløb;Poel Å;21-10-1998;1;Feltmålinger, Vandløb;Ja;Miljøstyrelsen;https://vanda.miljoeportal.dk/link/4634c38f-23c8-4975-8a1b-be7ea5161b61;FRB1324;32;699103;6204768;1;21-10-1998 07:27:00 +02:00;;Oxygen indhold; =;8,3;mg/l;3
Station;49000061;ÆBELHOLT Å, SØSTERBRO MØLLE;32;699103;6204768;Hillerød;Region Hovedstaden;Vandløb;Poel Å;29-03-2000;1;Feltmålinger, Vandløb;Ja;Miljøstyrelsen;https://vanda.miljoeportal.dk/link/17fd02c1-a722-48b0-994b-e37e82d045ff;FRB1324;32;699103;6204768;1;29-03-2000 08:30:00 +02:00;;Oxygen indhold; =;11,2;mg/l;3
Station;49000061;ÆBELHOLT Å, SØSTERBRO MØLLE;32;699103;6204768;Hillerød;Region Hovedstaden;Vandløb;Poel Å;12-04-2011;1;Feltmålinger, Vandløb;Ja;Miljøstyrelsen;https://vanda.miljoeportal.dk/link/c67efa5d-5fc1-4996-8744-c7c46d2edc78;FRB1324;32;699103;6204768;1;12-04-2011 08:55:00 +02:00;;Temperatur; =;7,4;grader C;3
Station;49000061;ÆBELHOLT Å, SØSTERBRO MØLLE;32;699103;6204768;Hillerød;Region Hovedstaden;Vandløb;Poel Å;04-07-1995;1;Feltmålinger, Vandløb;Ja;Miljøstyrelsen;https://vanda.miljoeportal.dk/link/98df33b4-fc1f-498a-bbc9-e73ad58eb121;FRB1324;32;699103;6204768;1;04-07-1995 12:55:00 +02:00;;Oxygen indhold; =;9,7;mg/l;3
Station;49000061;ÆBELHOLT Å, SØSTERBRO MØLLE;32;699103;6204768;Hillerød;Region Hovedstaden;Vandløb;Poel Å;22-06-2006;1;Feltmålinger, Vandløb;Ja;Miljøstyrelsen;https://vanda.miljoeportal.dk/link/6b1773f8-fb08-484d-85ed-bd4cd86178b1;FRB1324;32;699103;6204768;1;22-06-2006 08:40:00 +02:00;;Oxygen indhold; =;10,1;mg/l;2
Station;49000061;ÆBELHOLT Å, SØSTERBRO MØLLE;32;699103;6204768;Hillerød;Region Hovedstaden;Vandløb;Poel Å;31-08-1994;1;Feltmålinger, Vandløb;Ja;Miljøstyrelsen;https://vanda.miljoeportal.dk/link/704162f0-5141-41e3-864d-a1653db88c54;FRB1324;32;699103;6204768;1;31-08-1994 09:20:00 +02:00;;Oxygen indhold; =;9,1;mg/l;3
Station;49000061;ÆBELHOLT Å, SØSTERBRO MØLLE;32;699103;6204768;Hillerød;Region Hovedstaden;Vandløb;Poel Å;01-02-1995;1;Feltmålinger, Vandløb;Ja;Miljøstyrelsen;https://vanda.miljoeportal.dk/link/44f1b1b2-35d0-4e65-a6bc-2778222b083b;FRB1324;32;699103;6204768;1;01-02-1995 10:01:00 +01:00;;Oxygen indhold; =;10;mg/l;3
Station;49000061;ÆBELHOLT Å, SØSTERBRO MØLLE;32;699103;6204768;Hillerød;Region Hovedstaden;Vandløb;Poel Å;15-09-1999;1;Feltmålinger, Vandløb;Ja;Miljøstyrelsen;https://vanda.miljoeportal.dk/link/97b4a624-22aa-4e4f-b82d-923a8e4a5faf;FRB1324;32;699103;6204768;1;15-09-1999 08:50:00 +02:00;;Oxygen indhold; =;9,1;mg/l;3
Station;49000061;ÆBELHOLT Å, SØSTERBRO MØLLE;32;699103;6204768;Hillerød;Region Hovedstaden;Vandløb;Poel Å;29-05-2007;1;Feltmålinger, Vandløb;Ja;Miljøstyrelsen;https://vanda.miljoeportal.dk/link/ae0bfca6-c50e-422e-867e-e83242d79738;FRB1324;32;699103;6204768;1;29-05-2007 08:10:00 +02:00;;Temperatur; =;14;grader C;3
Station;49000061;ÆBELHOLT Å, SØSTERBRO MØLLE;32;699103;6204768;Hillerød;Region Hovedstaden;Vandløb;Poel Å;01-03-2005;1;Feltmålinger, Vandløb;Ja;Miljøstyrelsen;https://vanda.miljoeportal.dk/link/d8af2d6c-a5c8-482e-b2ee-e608a5fd267a;FRB1324;32;699103;6204768;1;01-03-2005 08:20:00 +01:00;;Oxygen indhold; =;11,1;mg/l;3
Station;49000061;ÆBELHOLT Å, SØSTERBRO MØLLE;32;699103;6204768;Hillerød;Region Hovedstaden;Vandløb;Poel Å;02-02-1994;1;Feltmålinger, Vandløb;Ja;Miljøstyrelsen;https://vanda.miljoeportal.dk/link/0eab7efd-2f65-44d2-9a29-de78c5926348;FRB1324;32;699103;6204768;1;02-02-1994 09:05:00 +01:00;;Temperatur; =;2,8;grader C;3
Station;49000061;ÆBELHOLT Å, SØSTERBRO MØLLE;32;699103;6204768;Hillerød;Region Hovedstaden;Vandløb;Poel Å;17-01-2001;1;Feltmålinger, Vandløb;Ja;Miljøstyrelsen;https://vanda.miljoeportal.dk/link/dbc1fd53-4459-4cb2-bf2c-33f9aace7dc8;FRB1324;32;699103;6204768;1;17-01-2001 08:25:00 +01:00;;Temperatur; =;3,4;grader C;3
Station;49000061;ÆBELHOLT Å, SØSTERBRO MØLLE;32;699103;6204768;Hillerød;Region Hovedstaden;Vandløb;Poel Å;24-02-2009;1;Feltmålinger, Vandløb;Ja;Miljøstyrelsen;https://vanda.miljoeportal.dk/link/c34965ad-6021-41ee-aa4c-4896b14d6224;FRB1324;32;699103;6204768;1;24-02-2009 08:00:00 +01:00;;Temperatur; =;1,8;grader C;3
Station;49000061;ÆBELHOLT Å, SØSTERBRO MØLLE;32;699103;6204768;Hillerød;Region Hovedstaden;Vandløb;Poel Å;20-12-1995;1;Feltmålinger, Vandløb;Ja;Miljøstyrelsen;https://vanda.miljoeportal.dk/link/7af71dc2-7aa9-48b1-bd33-95afaf2c8868;FRB1324;32;699103;6204768;1;20-12-1995 10:11:00 +01:00;;Oxygen indhold; =;11,7;mg/l;3
Station;49000061;ÆBELHOLT Å, SØSTERBRO MØLLE;32;699103;6204768;Hillerød;Region Hovedstaden;Vandløb;Poel Å;16-02-1994;1;Feltmålinger, Vandløb;Ja;Miljøstyrelsen;https://vanda.miljoeportal.dk/link/23d4bba7-608e-417b-b0a5-dfc52b3500d0;FRB1324;32;699103;6204768;1;16-02-1994 09:24:00 +01:00;;Temperatur; =;1;grader C;3
Station;49000061;ÆBELHOLT Å, SØSTERBRO MØLLE;32;699103;6204768;Hillerød;Region Hovedstaden;Vandløb;Poel Å;12-11-2013;1;Feltmålinger, Vandløb;Ja;Miljøstyrelsen;https://vanda.miljoeportal.dk/link/365e8b78-2d22-4760-bab9-17960788ac5a;FRB1324;32;699103;6204768;1;12-11-2013 08:35:00 +01:00;;Temperatur; =;7,7;grader C;3
Station;49000061;ÆBELHOLT Å, SØSTERBRO MØLLE;32;699103;6204768;Hillerød;Region Hovedstaden;Vandløb;Poel Å;06-05-1998;1;Feltmålinger, Vandløb;Ja;Miljøstyrelsen;https://vanda.miljoeportal.dk/link/f94168ef-fc82-4388-a9a7-65fe9a3e0c8e;FRB1324;32;699103;6204768;1;06-05-1998 07:00:00 +02:00;;Oxygen indhold; =;12,5;mg/l;3
Station;49000061;ÆBELHOLT Å, SØSTERBRO MØLLE;32;699103;6204768;Hillerød;Region Hovedstaden;Vandløb;Poel Å;04-01-2005;1;Feltmålinger, Vandløb;Ja;Miljøstyrelsen;https://vanda.miljoeportal.dk/link/5b662245-e4ff-4afd-8cc5-6df5df336e4b;FRB1324;32;699103;6204768;1;04-01-2005 08:30:00 +01:00;;Oxygenmætning; =;79;pct;3
Station;49000061;ÆBELHOLT Å, SØSTERBRO MØLLE;32;699103;6204768;Hillerød;Region Hovedstaden;Vandløb;Poel Å;13-04-1994;1;Feltmålinger, Vandløb;Ja;Miljøstyrelsen;https://vanda.miljoeportal.dk/link/816fe79d-236b-4341-8370-b5a33ac7f84b;FRB1324;32;699103;6204768;1;13-04-1994 08:03:00 +02:00;;Oxygen indhold; =;11,9;mg/l;3
Station;49000061;ÆBELHOLT Å, SØSTERBRO MØLLE;32;699103;6204768;Hillerød;Region Hovedstaden;Vandløb;Poel Å;12-10-1994;1;Feltmålinger, Vandløb;Ja;Miljøstyrelsen;https://vanda.miljoeportal.dk/link/1a6081ac-92aa-4763-b380-6bf18a1a3e88;FRB1324;32;699103;6204768;1;12-10-1994 10:12:00 +01:00;;Oxygen indhold; =;9,4;mg/l;3
Station;49000061;ÆBELHOLT Å, SØSTERBRO MØLLE;32;699103;6204768;Hillerød;Region Hovedstaden;Vandløb;Poel Å;05-12-2006;1;Feltmålinger, Vandløb;Ja;Miljøstyrelsen;https://vanda.miljoeportal.dk/link/7385b9c1-b304-4490-b3c3-eda91caff831;FRB1324;32;699103;6204768;1;05-12-2006 08:35:00 +01:00;;Oxygen indhold; =;7,3;mg/l;2
Station;49000061;ÆBELHOLT Å, SØSTERBRO MØLLE;32;699103;6204768;Hillerød;Region Hovedstaden;Vandløb;Poel Å;28-09-2005;1;Feltmålinger, Vandløb;Ja;Miljøstyrelsen;https://vanda.miljoeportal.dk/link/5162bdc1-3a7a-4fca-8350-ee0d3023b873;FRB1324;32;699103;6204768;1;28-09-2005 10:30:00 +02:00;;Oxygen indhold; =;9,1;mg/l;3
Station;49000061;ÆBELHOLT Å, SØSTERBRO MØLLE;32;699103;6204768;Hillerød;Region Hovedstaden;Vandløb;Poel Å;11-04-2012;1;Feltmålinger, Vandløb;Ja;Miljøstyrelsen;https://vanda.miljoeportal.dk/link/37002398-fc4a-4852-9121-12ea7b8b6a3c;FRB1324;32;699103;6204768;1;11-04-2012 08:20:00 +02:00;;pH; =;7,9;pH;3
Station;49000061;ÆBELHOLT Å, SØSTERBRO MØLLE;32;699103;6204768;Hillerød;Region Hovedstaden;Vandløb;Poel Å;18-10-2016;1;Feltmålinger, Vandløb;Ja;Miljøstyrelsen;https://vanda.miljoeportal.dk/link/35fdf77a-32d7-4041-9221-d288a480a8d3;FRB1324;32;699103;6204768;1;18-10-2016 12:20:00 +02:00;;pH; =;8,1;pH;3
Station;49000061;ÆBELHOLT Å, SØSTERBRO MØLLE;32;699103;6204768;Hillerød;Region Hovedstaden;Vandløb;Poel Å;13-08-1997;1;Feltmålinger, Vandløb;Ja;Miljøstyrelsen;https://vanda.miljoeportal.dk/link/e00d6e7c-74c6-45ba-a326-d7be613f6800;FRB1324;32;699103;6204768;1;13-08-1997 07:20:00 +02:00;;Oxygen indhold; =;8;mg/l;3
Station;49000061;ÆBELHOLT Å, SØSTERBRO MØLLE;32;699103;6204768;Hillerød;Region Hovedstaden;Vandløb;Poel Å;19-07-1995;1;Feltmålinger, Vandløb;Ja;Miljøstyrelsen;https://vanda.miljoeportal.dk/link/a6f9a16b-28c8-4000-abb2-cedb6d8bcff2;FRB1324;32;699103;6204768;1;19-07-1995 09:17:00 +02:00;;Oxygen indhold; =;9,6;mg/l;3
Station;49000061;ÆBELHOLT Å, SØSTERBRO MØLLE;32;699103;6204768;Hillerød;Region Hovedstaden;Vandløb;Poel Å;20-12-2005;1;Feltmålinger, Vandløb;Ja;Miljøstyrelsen;https://vanda.miljoeportal.dk/link/024139bb-3aa4-4f0a-b64f-3aad2899b27c;FRB1324;32;699103;6204768;1;20-12-2005 08:20:00 +01:00;;Temperatur; =;4,4;grader C;3
Station;49000061;ÆBELHOLT Å, SØSTERBRO MØLLE;32;699103;6204768;Hillerød;Region Hovedstaden;Vandløb;Poel Å;25-02-1998;1;Feltmålinger, Vandløb;Ja;Miljøstyrelsen;https://vanda.miljoeportal.dk/link/8a84d2da-0fe6-4294-8ac8-14f0c084d2ba;FRB1324;32;699103;6204768;1;25-02-1998 09:00:00 +01:00;;Oxygen indhold; =;10,7;mg/l;3
Station;49000061;ÆBELHOLT Å, SØSTERBRO MØLLE;32;699103;6204768;Hillerød;Region Hovedstaden;Vandløb;Poel Å;12-11-2013;1;Feltmålinger, Vandløb;Ja;Miljøstyrelsen;https://vanda.miljoeportal.dk/link/365e8b78-2d22-4760-bab9-17960788ac5a;FRB1324;32;699103;6204768;1;12-11-2013 08:35:00 +01:00;;pH; =;8;pH;3
Station;49000061;ÆBELHOLT Å, SØSTERBRO MØLLE;32;699103;6204768;Hillerød;Region Hovedstaden;Vandløb;Poel Å;17-03-1999;1;Feltmålinger, Vandløb;Ja;Miljøstyrelsen;https://vanda.miljoeportal.dk/link/743e2e00-fe1f-4385-bd01-e8d0d093dfc0;FRB1324;32;699103;6204768;1;17-03-1999 08:30:00 +01:00;;Oxygen indhold; =;10,5;mg/l;3
Station;49000061;ÆBELHOLT Å, SØSTERBRO MØLLE;32;699103;6204768;Hillerød;Region Hovedstaden;Vandløb;Poel Å;15-01-1997;1;Feltmålinger, Vandløb;Ja;Miljøstyrelsen;https://vanda.miljoeportal.dk/link/94bbc3f7-85c7-4fdd-8763-d31251a472a2;FRB1324;32;699103;6204768;1;15-01-1997 09:11:00 +01:00;;Oxygen indhold; =;12,7;mg/l;3
Station;49000061;ÆBELHOLT Å, SØSTERBRO MØLLE;32;699103;6204768;Hillerød;Region Hovedstaden;Vandløb;Poel Å;15-08-2006;1;Feltmålinger, Vandløb;Ja;Miljøstyrelsen;https://vanda.miljoeportal.dk/link/26a440b1-44d6-43a8-9669-22971f1c72bc;FRB1324;32;699103;6204768;1;15-08-2006 09:30:00 +02:00;;Oxygenmætning; =;78;pct;2
Station;49000061;ÆBELHOLT Å, SØSTERBRO MØLLE;32;699103;6204768;Hillerød;Region Hovedstaden;Vandløb;Poel Å;09-11-1994;1;Feltmålinger, Vandløb;Ja;Miljøstyrelsen;https://vanda.miljoeportal.dk/link/ece0b9e8-13d5-4222-9782-988ff7481c9b;FRB1324;32;699103;6204768;1;09-11-1994 10:06:00 +01:00;;Temperatur; =;7,8;grader C;3
Station;49000061;ÆBELHOLT Å, SØSTERBRO MØLLE;32;699103;6204768;Hillerød;Region Hovedstaden;Vandløb;Poel Å;31-07-2002;1;Feltmålinger, Vandløb;Ja;Miljøstyrelsen;https://vanda.miljoeportal.dk/link/a19cc55c-2985-4f11-b675-cbe586185b93;FRB1324;32;699103;6204768;1;31-07-2002 08:23:00 +02:00;;Oxygenmætning; =;59;pct;3
Station;49000061;ÆBELHOLT Å, SØSTERBRO MØLLE;32;699103;6204768;Hillerød;Region Hovedstaden;Vandløb;Poel Å;01-04-2008;1;Feltmålinger, Vandløb;Ja;Miljøstyrelsen;https://vanda.miljoeportal.dk/link/5aa42690-c9ae-4f41-9358-a86b76a283ee;FRB1324;32;699103;6204768;1;01-04-2008 08:20:00 +02:00;;Temperatur; =;8;grader C;3
Station;49000061;ÆBELHOLT Å, SØSTERBRO MØLLE;32;699103;6204768;Hillerød;Region Hovedstaden;Vandløb;Poel Å;01-09-1999;1;Feltmålinger, Vandløb;Ja;Miljøstyrelsen;https://vanda.miljoeportal.dk/link/9fd6e299-3f6a-40d8-bd02-ee2900898e84;FRB1324;32;699103;6204768;1;01-09-1999 08:45:00 +02:00;;Oxygen indhold; =;8,7;mg/l;3
Station;49000061;ÆBELHOLT Å, SØSTERBRO MØLLE;32;699103;6204768;Hillerød;Region Hovedstaden;Vandløb;Poel Å;02-05-2018;1;Feltmålinger, Vandløb;Ja;Miljøstyrelsen;https://vanda.miljoeportal.dk/link/699832e6-6369-496c-bd95-c33c56989947;FRB1324;32;699103;6204768;1;02-05-2018 09:10:00 +02:00;;pH; =;7,9;pH;2
Station;49000061;ÆBELHOLT Å, SØSTERBRO MØLLE;32;699103;6204768;Hillerød;Region Hovedstaden;Vandløb;Poel Å;26-10-1993;1;Feltmålinger, Vandløb;Ja;Miljøstyrelsen;https://vanda.miljoeportal.dk/link/e5c637a1-435e-4c46-a760-8e78f77bb3b5;FRB1324;32;699103;6204768;1;26-10-1993 09:55:00 +01:00;;Temperatur; =;6,1;grader C;3
Station;49000061;ÆBELHOLT Å, SØSTERBRO MØLLE;32;699103;6204768;Hillerød;Region Hovedstaden;Vandløb;Poel Å;12-03-1997;1;Feltmålinger, Vandløb;Ja;Miljøstyrelsen;https://vanda.miljoeportal.dk/link/acbcdee3-3ab7-4e63-a129-fe9ffcf65951;FRB1324;32;699103;6204768;1;12-03-1997 08:55:00 +01:00;;Oxygen indhold; =;12,5;mg/l;3
Station;49000061;ÆBELHOLT Å, SØSTERBRO MØLLE;32;699103;6204768;Hillerød;Region Hovedstaden;Vandløb;Poel Å;29-07-1998;1;Feltmålinger, Vandløb;Ja;Miljøstyrelsen;https://vanda.miljoeportal.dk/link/56c8c277-9669-4ccf-8c82-c753f035157a;FRB1324;32;699103;6204768;1;29-07-1998 09:30:00 +02:00;;Temperatur; =;12,7;grader C;3
Station;49000061;ÆBELHOLT Å, SØSTERBRO MØLLE;32;699103;6204768;Hillerød;Region Hovedstaden;Vandløb;Poel Å;06-11-2002;1;Feltmålinger, Vandløb;Ja;Miljøstyrelsen;https://vanda.miljoeportal.dk/link/f471baa3-67cb-43b2-a138-198d6c6bac8f;FRB1324;32;699103;6204768;1;06-11-2002 09:55:00 +01:00;;Oxygen indhold; =;9,6;mg/l;3
Station;49000061;ÆBELHOLT Å, SØSTERBRO MØLLE;32;699103;6204768;Hillerød;Region Hovedstaden;Vandløb;Poel Å;03-01-2001;1;Feltmålinger, Vandløb;Ja;Miljøstyrelsen;https://vanda.miljoeportal.dk/link/53e166a7-eda9-4c08-86f5-de0e091ea0aa;FRB1324;32;699103;6204768;1;03-01-2001 08:10:00 +01:00;;Temperatur; =;4,5;grader C;3
Station;49000061;ÆBELHOLT Å, SØSTERBRO MØLLE;32;699103;6204768;Hillerød;Region Hovedstaden;Vandløb;Poel Å;29-12-2004;1;Feltmålinger, Vandløb;Ja;Miljøstyrelsen;https://vanda.miljoeportal.dk/link/5aca0041-2176-4b87-86f2-683ffdd76ea2;FRB1324;32;699103;6204768;1;29-12-2004 10:40:00 +01:00;;Oxygen indhold; =;9,9;mg/l;3
Station;49000061;ÆBELHOLT Å, SØSTERBRO MØLLE;32;699103;6204768;Hillerød;Region Hovedstaden;Vandløb;Poel Å;07-05-2002;1;Feltmålinger, Vandløb;Ja;Miljøstyrelsen;https://vanda.miljoeportal.dk/link/885e65b6-6dcf-4bb2-9b5b-8aeb21400329;FRB1324;32;699103;6204768;1;07-05-2002 08:10:00 +02:00;;Oxygen indhold; =;11,2;mg/l;3
Station;49000061;ÆBELHOLT Å, SØSTERBRO MØLLE;32;699103;6204768;Hillerød;Region Hovedstaden;Vandløb;Poel Å;25-08-2004;1;Feltmålinger, Vandløb;Ja;Miljøstyrelsen;https://vanda.miljoeportal.dk/link/de965a3a-9b52-4781-b329-b5637a9af06f;FRB1324;32;699103;6204768;1;25-08-2004 10:25:00 +02:00;;Temperatur; =;14,5;grader C;3
Station;49000061;ÆBELHOLT Å, SØSTERBRO MØLLE;32;699103;6204768;Hillerød;Region Hovedstaden;Vandløb;Poel Å;04-12-1995;1;Feltmålinger, Vandløb;Ja;Miljøstyrelsen;https://vanda.miljoeportal.dk/link/64188372-6e21-4f34-a3ca-2a288106f068;FRB1324;32;699103;6204768;1;04-12-1995 10:10:00 +01:00;;Temperatur; =;3,4;grader C;3
Station;49000061;ÆBELHOLT Å, SØSTERBRO MØLLE;32;699103;6204768;Hillerød;Region Hovedstaden;Vandløb;Poel Å;09-04-1997;1;Feltmålinger, Vandløb;Ja;Miljøstyrelsen;https://vanda.miljoeportal.dk/link/7a36ce86-2483-4753-8159-5171b015ebb9;FRB1324;32;699103;6204768;1;09-04-1997 07:49:00 +02:00;;Temperatur; =;5,1;grader C;3
Station;49000061;ÆBELHOLT Å, SØSTERBRO MØLLE;32;699103;6204768;Hillerød;Region Hovedstaden;Vandløb;Poel Å;03-06-1998;1;Feltmålinger, Vandløb;Ja;Miljøstyrelsen;https://vanda.miljoeportal.dk/link/69a565ac-455c-404a-93f2-4bf0f2eb5d53;FRB1324;32;699103;6204768;1;03-06-1998 06:57:00 +02:00;;Oxygen indhold; =;9,8;mg/l;3
Station;49000061;ÆBELHOLT Å, SØSTERBRO MØLLE;32;699103;6204768;Hillerød;Region Hovedstaden;Vandløb;Poel Å;29-12-1998;1;Feltmålinger, Vandløb;Ja;Miljøstyrelsen;https://vanda.miljoeportal.dk/link/c84f0bfd-9bbf-44c1-a1b9-aaff3f168911;FRB1324;32;699103;6204768;1;29-12-1998 08:05:00 +01:00;;Oxygen indhold; =;11,5;mg/l;3
Station;49000061;ÆBELHOLT Å, SØSTERBRO MØLLE;32;699103;6204768;Hillerød;Region Hovedstaden;Vandløb;Poel Å;27-02-2007;1;Feltmålinger, Vandløb;Ja;Miljøstyrelsen;https://vanda.miljoeportal.dk/link/d7189a15-6f60-454a-a49d-3216da2db669;FRB1324;32;699103;6204768;1;27-02-2007 08:30:00 +01:00;;Temperatur; =;2,9;grader C;3
Station;49000061;ÆBELHOLT Å, SØSTERBRO MØLLE;32;699103;6204768;Hillerød;Region Hovedstaden;Vandløb;Poel Å;20-04-2010;1;Feltmålinger, Vandløb;Ja;Miljøstyrelsen;https://vanda.miljoeportal.dk/link/469446c3-4d16-469d-8417-988fb9502033;FRB1324;32;699103;6204768;1;20-04-2010 08:20:00 +02:00;;Temperatur; =;5,6;grader C;3
Station;49000061;ÆBELHOLT Å, SØSTERBRO MØLLE;32;699103;6204768;Hillerød;Region Hovedstaden;Vandløb;Poel Å;25-03-1998;1;Feltmålinger, Vandløb;Ja;Miljøstyrelsen;https://vanda.miljoeportal.dk/link/a394aa30-2c73-44fa-8fc1-81bf9d6f9e2a;FRB1324;32;699103;6204768;1;25-03-1998 08:13:00 +01:00;;Oxygen indhold; =;12,3;mg/l;3
Station;49000061;ÆBELHOLT Å, SØSTERBRO MØLLE;32;699103;6204768;Hillerød;Region Hovedstaden;Vandløb;Poel Å;29-03-1995;1;Feltmålinger, Vandløb;Ja;Miljøstyrelsen;https://vanda.miljoeportal.dk/link/d71264f4-d56e-4c01-8b71-efc5d57addbd;FRB1324;32;699103;6204768;1;29-03-1995 08:59:00 +02:00;;Temperatur; =;2,4;grader C;3
Station;49000061;ÆBELHOLT Å, SØSTERBRO MØLLE;32;699103;6204768;Hillerød;Region Hovedstaden;Vandløb;Poel Å;23-10-1996;1;Feltmålinger, Vandløb;Ja;Miljøstyrelsen;https://vanda.miljoeportal.dk/link/7db6dbdc-aa64-4d15-8e65-c421b285966c;FRB1324;32;699103;6204768;1;23-10-1996 07:27:00 +02:00;;Oxygen indhold; =;9,3;mg/l;3
Station;49000061;ÆBELHOLT Å, SØSTERBRO MØLLE;32;699103;6204768;Hillerød;Region Hovedstaden;Vandløb;Poel Å;24-06-2020;1;Feltmålinger, Vandløb;Ja;Miljøstyrelsen;https://vanda.miljoeportal.dk/link/eea16538-f80a-4302-899a-314d6cc3291f;FRB1324;32;699103;6204768;1;24-06-2020 11:00:00 +02:00;;Temperatur; =;19,4;grader C;2
Station;49000061;ÆBELHOLT Å, SØSTERBRO MØLLE;32;699103;6204768;Hillerød;Region Hovedstaden;Vandløb;Poel Å;17-08-2005;1;Feltmålinger, Vandløb;Ja;Miljøstyrelsen;https://vanda.miljoeportal.dk/link/d3174ccd-e7d2-4263-ad7d-00402fd5ba22;FRB1324;32;699103;6204768;1;17-08-2005 11:50:00 +02:00;;Temperatur; =;12,2;grader C;3
Station;49000061;ÆBELHOLT Å, SØSTERBRO MØLLE;32;699103;6204768;Hillerød;Region Hovedstaden;Vandløb;Poel Å;27-08-1997;1;Feltmålinger, Vandløb;Ja;Miljøstyrelsen;https://vanda.miljoeportal.dk/link/73285b98-d13c-4168-9ccb-257c6b91df5d;FRB1324;32;699103;6204768;1;27-08-1997 07:33:00 +02:00;;Oxygen indhold; =;6,8;mg/l;3
Station;49000061;ÆBELHOLT Å, SØSTERBRO MØLLE;32;699103;6204768;Hillerød;Region Hovedstaden;Vandløb;Poel Å;03-01-2006;1;Feltmålinger, Vandløb;Ja;Miljøstyrelsen;https://vanda.miljoeportal.dk/link/e2782c23-d61c-43db-81cd-975b303c56f9;FRB1324;32;699103;6204768;1;03-01-2006 08:50:00 +01:00;;Temperatur; =;3,2;grader C;2
Station;49000061;ÆBELHOLT Å, SØSTERBRO MØLLE;32;699103;6204768;Hillerød;Region Hovedstaden;Vandløb;Poel Å;04-08-1999;1;Feltmålinger, Vandløb;Ja;Miljøstyrelsen;https://vanda.miljoeportal.dk/link/87b9de91-3fc3-4422-909d-7911b44d397b;FRB1324;32;699103;6204768;1;04-08-1999 08:40:00 +02:00;;Temperatur; =;12,5;grader C;3
Station;49000061;ÆBELHOLT Å, SØSTERBRO MØLLE;32;699103;6204768;Hillerød;Region Hovedstaden;Vandløb;Poel Å;15-09-1999;1;Feltmålinger, Vandløb;Ja;Miljøstyrelsen;https://vanda.miljoeportal.dk/link/97b4a624-22aa-4e4f-b82d-923a8e4a5faf;FRB1324;32;699103;6204768;1;15-09-1999 08:50:00 +02:00;;Temperatur; =;11,6;grader C;3
Station;49000061;ÆBELHOLT Å, SØSTERBRO MØLLE;32;699103;6204768;Hillerød;Region Hovedstaden;Vandløb;Poel Å;07-10-1998;1;Feltmålinger, Vandløb;Ja;Miljøstyrelsen;https://vanda.miljoeportal.dk/link/0918bdf6-4fff-4230-b192-2cd0160c6d36;FRB1324;32;699103;6204768;1;07-10-1998 07:18:00 +02:00;;Oxygen indhold; =;9,1;mg/l;3
Station;49000061;ÆBELHOLT Å, SØSTERBRO MØLLE;32;699103;6204768;Hillerød;Region Hovedstaden;Vandløb;Poel Å;10-10-2001;1;Feltmålinger, Vandløb;Ja;Miljøstyrelsen;https://vanda.miljoeportal.dk/link/1ec092c3-4eb6-48dd-b329-a544e3b833b7;FRB1324;32;699103;6204768;1;10-10-2001 09:55:00 +02:00;;Oxygen indhold; =;8,8;mg/l;3
Station;49000061;ÆBELHOLT Å, SØSTERBRO MØLLE;32;699103;6204768;Hillerød;Region Hovedstaden;Vandløb;Poel Å;05-02-2020;1;Feltmålinger, Vandløb;Ja;Miljøstyrelsen;https://vanda.miljoeportal.dk/link/6be7f820-a804-45d8-865d-2c0a2e543743;FRB1324;32;699103;6204768;1;05-02-2020 12:45:00 +01:00;;pH; =;8,1;pH;2
Station;49000061;ÆBELHOLT Å, SØSTERBRO MØLLE;32;699103;6204768;Hillerød;Region Hovedstaden;Vandløb;Poel Å;30-08-2000;1;Feltmålinger, Vandløb;Ja;Miljøstyrelsen;https://vanda.miljoeportal.dk/link/7989eea7-479c-4e11-8438-f5d7a22ce4b4;FRB1324;32;699103;6204768;1;30-08-2000 08:25:00 +02:00;;Temperatur; =;11,2;grader C;3
Station;49000061;ÆBELHOLT Å, SØSTERBRO MØLLE;32;699103;6204768;Hillerød;Region Hovedstaden;Vandløb;Poel Å;25-09-2002;1;Feltmålinger, Vandløb;Ja;Miljøstyrelsen;https://vanda.miljoeportal.dk/link/46b03649-2bcb-45e4-972c-07c466032103;FRB1324;32;699103;6204768;1;25-09-2002 07:10:00 +02:00;;Oxygenmætning; =;77;pct;3
Station;49000061;ÆBELHOLT Å, SØSTERBRO MØLLE;32;699103;6204768;Hillerød;Region Hovedstaden;Vandløb;Poel Å;30-01-2002;1;Feltmålinger, Vandløb;Ja;Miljøstyrelsen;https://vanda.miljoeportal.dk/link/3562d553-ab89-4910-af4e-bcc148f98362;FRB1324;32;699103;6204768;1;30-01-2002 08:25:00 +01:00;;Oxygen indhold; =;9,3;mg/l;3
Station;49000061;ÆBELHOLT Å, SØSTERBRO MØLLE;32;699103;6204768;Hillerød;Region Hovedstaden;Vandløb;Poel Å;23-09-1998;1;Feltmålinger, Vandløb;Ja;Miljøstyrelsen;https://vanda.miljoeportal.dk/link/4fe36248-c1b1-4bc0-9be2-33cd2ed1ba2f;FRB1324;32;699103;6204768;1;23-09-1998 07:04:00 +02:00;;Oxygen indhold; =;7,9;mg/l;3
Station;49000061;ÆBELHOLT Å, SØSTERBRO MØLLE;32;699103;6204768;Hillerød;Region Hovedstaden;Vandløb;Poel Å;22-11-2000;1;Feltmålinger, Vandløb;Ja;Miljøstyrelsen;https://vanda.miljoeportal.dk/link/a3c6c22d-121a-4c7e-ba46-ee39c7aca008;FRB1324;32;699103;6204768;1;22-11-2000 08:10:00 +01:00;;Oxygen indhold; =;8,1;mg/l;3
Station;49000061;ÆBELHOLT Å, SØSTERBRO MØLLE;32;699103;6204768;Hillerød;Region Hovedstaden;Vandløb;Poel Å;12-02-1997;1;Feltmålinger, Vandløb;Ja;Miljøstyrelsen;https://vanda.miljoeportal.dk/link/fe9425aa-ba75-48ca-801c-e0110d96373a;FRB1324;32;699103;6204768;1;12-02-1997 10:20:00 +01:00;;Oxygen indhold; =;12;mg/l;3
Station;49000061;ÆBELHOLT Å, SØSTERBRO MØLLE;32;699103;6204768;Hillerød;Region Hovedstaden;Vandløb;Poel Å;03-06-1998;1;Feltmålinger, Vandløb;Ja;Miljøstyrelsen;https://vanda.miljoeportal.dk/link/69a565ac-455c-404a-93f2-4bf0f2eb5d53;FRB1324;32;699103;6204768;1;03-06-1998 06:57:00 +02:00;;Temperatur; =;12,7;grader C;3
Station;49000061;ÆBELHOLT Å, SØSTERBRO MØLLE;32;699103;6204768;Hillerød;Region Hovedstaden;Vandløb;Poel Å;17-02-1999;1;Feltmålinger, Vandløb;Ja;Miljøstyrelsen;https://vanda.miljoeportal.dk/link/b5b7f868-c018-4282-83bb-9de955621e64;FRB1324;32;699103;6204768;1;17-02-1999 08:40:00 +01:00;;Temperatur; =;1,7;grader C;3
Station;49000061;ÆBELHOLT Å, SØSTERBRO MØLLE;32;699103;6204768;Hillerød;Region Hovedstaden;Vandløb;Poel Å;25-11-1997;1;Feltmålinger, Vandløb;Ja;Miljøstyrelsen;https://vanda.miljoeportal.dk/link/07cc8ae1-c096-46a6-8308-2fafda5765ad;FRB1324;32;699103;6204768;1;25-11-1997 10:55:00 +01:00;;Oxygen indhold; =;12;mg/l;3
Station;49000061;ÆBELHOLT Å, SØSTERBRO MØLLE;32;699103;6204768;Hillerød;Region Hovedstaden;Vandløb;Poel Å;20-11-2018;1;Feltmålinger, Vandløb;Ja;Miljøstyrelsen;https://vanda.miljoeportal.dk/link/d7e1ef71-4f0a-49f3-a5d3-68b67e7a9e5d;FRB1324;32;699103;6204768;1;20-11-2018 09:00:00 +01:00;;pH; =;8,2;pH;2
Station;49000061;ÆBELHOLT Å, SØSTERBRO MØLLE;32;699103;6204768;Hillerød;Region Hovedstaden;Vandløb;Poel Å;24-05-2000;1;Feltmålinger, Vandløb;Ja;Miljøstyrelsen;https://vanda.miljoeportal.dk/link/1db68dd9-a597-4d6c-924c-812cc01e80e6;FRB1324;32;699103;6204768;1;24-05-2000 08:50:00 +02:00;;Oxygen indhold; =;8,9;mg/l;3
Station;49000061;ÆBELHOLT Å, SØSTERBRO MØLLE;32;699103;6204768;Hillerød;Region Hovedstaden;Vandløb;Poel Å;23-04-1997;1;Feltmålinger, Vandløb;Ja;Miljøstyrelsen;https://vanda.miljoeportal.dk/link/0f602442-67b1-4351-aabd-4b7f4fadfe2a;FRB1324;32;699103;6204768;1;23-04-1997 07:52:00 +02:00;;Oxygen indhold; =;14,4;mg/l;3
Station;49000061;ÆBELHOLT Å, SØSTERBRO MØLLE;32;699103;6204768;Hillerød;Region Hovedstaden;Vandløb;Poel Å;28-05-1999;1;Feltmålinger, Vandløb;Ja;Miljøstyrelsen;https://vanda.miljoeportal.dk/link/7d6b370e-4779-42f7-b85d-ca72c9dd8117;FRB1324;32;699103;6204768;1;28-05-1999 10:15:00 +02:00;;Oxygen indhold; =;13,6;mg/l;3
Station;49000061;ÆBELHOLT Å, SØSTERBRO MØLLE;32;699103;6204768;Hillerød;Region Hovedstaden;Vandløb;Poel Å;20-03-2012;1;Feltmålinger, Vandløb;Ja;Miljøstyrelsen;https://vanda.miljoeportal.dk/link/0939db64-4256-4e0a-8624-60ee97264697;FRB1324;32;699103;6204768;1;20-03-2012 08:30:00 +01:00;;pH; =;7,9;pH;3
Station;49000061;ÆBELHOLT Å, SØSTERBRO MØLLE;32;699103;6204768;Hillerød;Region Hovedstaden;Vandløb;Poel Å;22-06-2006;1;Feltmålinger, Vandløb;Ja;Miljøstyrelsen;https://vanda.miljoeportal.dk/link/6b1773f8-fb08-484d-85ed-bd4cd86178b1;FRB1324;32;699103;6204768;1;22-06-2006 08:40:00 +02:00;;Oxygenmætning; =;97;pct;2
Station;49000061;ÆBELHOLT Å, SØSTERBRO MØLLE;32;699103;6204768;Hillerød;Region Hovedstaden;Vandløb;Poel Å;10-04-2001;1;Feltmålinger, Vandløb;Ja;Miljøstyrelsen;https://vanda.miljoeportal.dk/link/3731e3d8-a53a-4035-a0b3-e92357cf9820;FRB1324;32;699103;6204768;1;10-04-2001 08:20:00 +02:00;;Temperatur; =;4,7;grader C;3
Station;49000061;ÆBELHOLT Å, SØSTERBRO MØLLE;32;699103;6204768;Hillerød;Region Hovedstaden;Vandløb;Poel Å;24-01-2012;1;Feltmålinger, Vandløb;Ja;Miljøstyrelsen;https://vanda.miljoeportal.dk/link/90bc5002-f3ef-427e-bf68-436a9a74d200;FRB1324;32;699103;6204768;1;24-01-2012 08:35:00 +01:00;;Temperatur; =;1,9;grader C;3
Station;49000061;ÆBELHOLT Å, SØSTERBRO MØLLE;32;699103;6204768;Hillerød;Region Hovedstaden;Vandløb;Poel Å;12-08-1998;1;Feltmålinger, Vandløb;Ja;Miljøstyrelsen;https://vanda.miljoeportal.dk/link/a1e20787-67ba-419a-8277-6e0d36bdd28a;FRB1324;32;699103;6204768;1;12-08-1998 06:46:00 +02:00;;Oxygen indhold; =;7,8;mg/l;3
Station;49000061;ÆBELHOLT Å, SØSTERBRO MØLLE;32;699103;6204768;Hillerød;Region Hovedstaden;Vandløb;Poel Å;27-02-2002;1;Feltmålinger, Vandløb;Ja;Miljøstyrelsen;https://vanda.miljoeportal.dk/link/e40b3b19-b0be-405a-a0bb-ebe15bb388d2;FRB1324;32;699103;6204768;1;27-02-2002 09:40:00 +01:00;;Oxygen indhold; =;11,2;mg/l;3
Station;49000061;ÆBELHOLT Å, SØSTERBRO MØLLE;32;699103;6204768;Hillerød;Region Hovedstaden;Vandløb;Poel Å;13-02-2002;1;Feltmålinger, Vandløb;Ja;Miljøstyrelsen;https://vanda.miljoeportal.dk/link/518b346c-ffac-43f9-89d1-7fb4eae31c77;FRB1324;32;699103;6204768;1;13-02-2002 08:30:00 +01:00;;Temperatur; =;4,9;grader C;3
Station;49000061;ÆBELHOLT Å, SØSTERBRO MØLLE;32;699103;6204768;Hillerød;Region Hovedstaden;Vandløb;Poel Å;14-02-1996;1;Feltmålinger, Vandløb;Ja;Miljøstyrelsen;https://vanda.miljoeportal.dk/link/178c158f-b043-465e-a18f-6cd8677585b5;FRB1324;32;699103;6204768;1;14-02-1996 08:37:00 +01:00;;Oxygen indhold; =;11,5;mg/l;3
Station;49000061;ÆBELHOLT Å, SØSTERBRO MØLLE;32;699103;6204768;Hillerød;Region Hovedstaden;Vandløb;Poel Å;29-08-2001;1;Feltmålinger, Vandløb;Ja;Miljøstyrelsen;https://vanda.miljoeportal.dk/link/58bf0e5e-9b70-496e-b238-97f0e2bae10d;FRB1324;32;699103;6204768;1;29-08-2001 08:45:00 +02:00;;Temperatur; =;12,8;grader C;3
Station;49000061;ÆBELHOLT Å, SØSTERBRO MØLLE;32;699103;6204768;Hillerød;Region Hovedstaden;Vandløb;Poel Å;14-06-2016;1;Feltmålinger, Vandløb;Ja;Miljøstyrelsen;https://vanda.miljoeportal.dk/link/647f115c-1e97-491e-9f21-eec54a5af6cc;FRB1324;32;699103;6204768;1;14-06-2016 15:05:00 +02:00;;Temperatur; =;14,2;grader C;3
Station;49000061;ÆBELHOLT Å, SØSTERBRO MØLLE;32;699103;6204768;Hillerød;Region Hovedstaden;Vandløb;Poel Å;11-05-1999;1;Feltmålinger, Vandløb;Ja;Miljøstyrelsen;https://vanda.miljoeportal.dk/link/e3013684-5a1b-49a6-85b2-94e0bfded3bb;FRB1324;32;699103;6204768;1;11-05-1999 08:50:00 +02:00;;Temperatur; =;7,7;grader C;3
Station;49000061;ÆBELHOLT Å, SØSTERBRO MØLLE;32;699103;6204768;Hillerød;Region Hovedstaden;Vandløb;Poel Å;30-01-2002;1;Feltmålinger, Vandløb;Ja;Miljøstyrelsen;https://vanda.miljoeportal.dk/link/3562d553-ab89-4910-af4e-bcc148f98362;FRB1324;32;699103;6204768;1;30-01-2002 08:25:00 +01:00;;Temperatur; =;4,5;grader C;3
Station;49000061;ÆBELHOLT Å, SØSTERBRO MØLLE;32;699103;6204768;Hillerød;Region Hovedstaden;Vandløb;Poel Å;18-09-2019;1;Feltmålinger, Vandløb;Ja;Miljøstyrelsen;https://vanda.miljoeportal.dk/link/6a10c31f-22f0-43a5-b45c-91d377279f98;FRB1324;32;699103;6204768;1;18-09-2019 09:30:00 +02:00;;pH; =;8;pH;2
Station;49000061;ÆBELHOLT Å, SØSTERBRO MØLLE;32;699103;6204768;Hillerød;Region Hovedstaden;Vandløb;Poel Å;11-09-1996;1;Feltmålinger, Vandløb;Ja;Miljøstyrelsen;https://vanda.miljoeportal.dk/link/6eab7433-a5ae-490d-9246-2a327f9a7f36;FRB1324;32;699103;6204768;1;11-09-1996 07:31:00 +02:00;;Temperatur; =;7;grader C;3
Station;49000061;ÆBELHOLT Å, SØSTERBRO MØLLE;32;699103;6204768;Hillerød;Region Hovedstaden;Vandløb;Poel Å;31-01-2001;1;Feltmålinger, Vandløb;Ja;Miljøstyrelsen;https://vanda.miljoeportal.dk/link/10501357-016d-4da2-bc12-e12eead05bba;FRB1324;32;699103;6204768;1;31-01-2001 08:30:00 +01:00;;Oxygen indhold; =;10,5;mg/l;3
Station;49000061;ÆBELHOLT Å, SØSTERBRO MØLLE;32;699103;6204768;Hillerød;Region Hovedstaden;Vandløb;Poel Å;01-03-1995;1;Feltmålinger, Vandløb;Ja;Miljøstyrelsen;https://vanda.miljoeportal.dk/link/9d0969fd-55b9-4bc6-85f2-3e5817dd226d;FRB1324;32;699103;6204768;1;01-03-1995 09:55:00 +01:00;;Oxygen indhold; =;10,2;mg/l;3
Station;49000061;ÆBELHOLT Å, SØSTERBRO MØLLE;32;699103;6204768;Hillerød;Region Hovedstaden;Vandløb;Poel Å;28-03-2001;1;Feltmålinger, Vandløb;Ja;Miljøstyrelsen;https://vanda.miljoeportal.dk/link/7c8a260e-b137-452b-8433-c7df9bac0830;FRB1324;32;699103;6204768;1;28-03-2001 08:20:00 +02:00;;Oxygen indhold; =;12;mg/l;3
Station;49000061;ÆBELHOLT Å, SØSTERBRO MØLLE;32;699103;6204768;Hillerød;Region Hovedstaden;Vandløb;Poel Å;28-09-2016;1;Feltmålinger, Vandløb;Ja;Miljøstyrelsen;https://vanda.miljoeportal.dk/link/8fc1b003-7e25-4f22-88eb-55db1e3aef26;FRB1324;32;699103;6204768;1;28-09-2016 08:05:00 +02:00;;Temperatur; =;13,7;grader C;3
Station;49000061;ÆBELHOLT Å, SØSTERBRO MØLLE;32;699103;6204768;Hillerød;Region Hovedstaden;Vandløb;Poel Å;04-07-2001;1;Feltmålinger, Vandløb;Ja;Miljøstyrelsen;https://vanda.miljoeportal.dk/link/606ff676-c6de-46ff-91f6-263b35c0fb31;FRB1324;32;699103;6204768;1;04-07-2001 08:40:00 +02:00;;Oxygen indhold; =;5,9;mg/l;3
Station;49000061;ÆBELHOLT Å, SØSTERBRO MØLLE;32;699103;6204768;Hillerød;Region Hovedstaden;Vandløb;Poel Å;26-02-1997;1;Feltmålinger, Vandløb;Ja;Miljøstyrelsen;https://vanda.miljoeportal.dk/link/be145671-16af-4508-9de4-2a42efb4c728;FRB1324;32;699103;6204768;1;26-02-1997 08:54:00 +01:00;;Oxygen indhold; =;11,5;mg/l;3
Station;49000061;ÆBELHOLT Å, SØSTERBRO MØLLE;32;699103;6204768;Hillerød;Region Hovedstaden;Vandløb;Poel Å;18-11-1998;1;Feltmålinger, Vandløb;Ja;Miljøstyrelsen;https://vanda.miljoeportal.dk/link/fecdf163-0ed2-4187-8de2-329891c59051;FRB1324;32;699103;6204768;1;18-11-1998 08:05:00 +01:00;;Oxygen indhold; =;9,3;mg/l;3
Station;49000061;ÆBELHOLT Å, SØSTERBRO MØLLE;32;699103;6204768;Hillerød;Region Hovedstaden;Vandløb;Poel Å;15-08-2001;1;Feltmålinger, Vandløb;Ja;Miljøstyrelsen;https://vanda.miljoeportal.dk/link/e1668184-ec40-459f-b6ca-f4e73493624e;FRB1324;32;699103;6204768;1;15-08-2001 08:35:00 +02:00;;Temperatur; =;13,9;grader C;3
Station;49000061;ÆBELHOLT Å, SØSTERBRO MØLLE;32;699103;6204768;Hillerød;Region Hovedstaden;Vandløb;Poel Å;24-07-2012;1;Feltmålinger, Vandløb;Ja;Miljøstyrelsen;https://vanda.miljoeportal.dk/link/93d6abea-9276-4334-a4e4-c19a45a2a4e3;FRB1324;32;699103;6204768;1;24-07-2012 09:35:00 +02:00;;pH; =;8,07;pH;3
Station;49000061;ÆBELHOLT Å, SØSTERBRO MØLLE;32;699103;6204768;Hillerød;Region Hovedstaden;Vandløb;Poel Å;30-03-2006;1;Feltmålinger, Vandløb;Ja;Miljøstyrelsen;https://vanda.miljoeportal.dk/link/15d8c980-0cc4-4011-8c68-52ff113300a7;FRB1324;32;699103;6204768;1;30-03-2006 08:20:00 +02:00;;Oxygenmætning; =;82;pct;2
Station;49000061;ÆBELHOLT Å, SØSTERBRO MØLLE;32;699103;6204768;Hillerød;Region Hovedstaden;Vandløb;Poel Å;20-07-1994;1;Feltmålinger, Vandløb;Ja;Miljøstyrelsen;https://vanda.miljoeportal.dk/link/62fe9122-e0a2-4f92-9c3e-2e7f0320ba6c;FRB1324;32;699103;6204768;1;20-07-1994 09:09:00 +02:00;;Oxygen indhold; =;9,7;mg/l;3
Station;49000061;ÆBELHOLT Å, SØSTERBRO MØLLE;32;699103;6204768;Hillerød;Region Hovedstaden;Vandløb;Poel Å;09-09-2013;1;Feltmålinger, Vandløb;Ja;Miljøstyrelsen;https://vanda.miljoeportal.dk/link/f1dae1a1-8f6d-474a-84b7-9337b81b855d;FRB1324;32;699103;6204768;1;09-09-2013 07:35:00 +02:00;;Temperatur; =;13,4;grader C;3
Station;49000061;ÆBELHOLT Å, SØSTERBRO MØLLE;32;699103;6204768;Hillerød;Region Hovedstaden;Vandløb;Poel Å;11-02-1998;1;Feltmålinger, Vandløb;Ja;Miljøstyrelsen;https://vanda.miljoeportal.dk/link/7d6bbca0-f1e0-42e1-bf1a-ff034f568b1a;FRB1324;32;699103;6204768;1;11-02-1998 08:27:00 +01:00;;Oxygen indhold; =;10,9;mg/l;3
Station;49000061;ÆBELHOLT Å, SØSTERBRO MØLLE;32;699103;6204768;Hillerød;Region Hovedstaden;Vandløb;Poel Å;07-10-1998;1;Feltmålinger, Vandløb;Ja;Miljøstyrelsen;https://vanda.miljoeportal.dk/link/0918bdf6-4fff-4230-b192-2cd0160c6d36;FRB1324;32;699103;6204768;1;07-10-1998 07:18:00 +02:00;;Temperatur; =;8,6;grader C;3
Station;49000061;ÆBELHOLT Å, SØSTERBRO MØLLE;32;699103;6204768;Hillerød;Region Hovedstaden;Vandløb;Poel Å;06-03-2018;1;Feltmålinger, Vandløb;Ja;Miljøstyrelsen;https://vanda.miljoeportal.dk/link/6c597347-5f55-4076-adaf-38284d84b89f;FRB1324;32;699103;6204768;1;06-03-2018 09:35:00 +01:00;;pH; =;7,8;pH;2
Station;49000061;ÆBELHOLT Å, SØSTERBRO MØLLE;32;699103;6204768;Hillerød;Region Hovedstaden;Vandløb;Poel Å;04-11-1998;1;Feltmålinger, Vandløb;Ja;Miljøstyrelsen;https://vanda.miljoeportal.dk/link/6af90796-801a-4a20-a754-014404367beb;FRB1324;32;699103;6204768;1;04-11-1998 08:18:00 +01:00;;Temperatur; =;5,7;grader C;3
Station;49000061;ÆBELHOLT Å, SØSTERBRO MØLLE;32;699103;6204768;Hillerød;Region Hovedstaden;Vandløb;Poel Å;26-09-2001;1;Feltmålinger, Vandløb;Ja;Miljøstyrelsen;https://vanda.miljoeportal.dk/link/7f50273d-75e0-4994-b891-8d942c122343;FRB1324;32;699103;6204768;1;26-09-2001 08:40:00 +02:00;;Oxygen indhold; =;8,9;mg/l;3
Station;49000061;ÆBELHOLT Å, SØSTERBRO MØLLE;32;699103;6204768;Hillerød;Region Hovedstaden;Vandløb;Poel Å;24-04-2002;1;Feltmålinger, Vandløb;Ja;Miljøstyrelsen;https://vanda.miljoeportal.dk/link/7f41a8d0-f212-4359-b5ed-f0dfe283234a;FRB1324;32;699103;6204768;1;24-04-2002 09:00:00 +02:00;;Temperatur; =;8,5;grader C;3
Station;49000061;ÆBELHOLT Å, SØSTERBRO MØLLE;32;699103;6204768;Hillerød;Region Hovedstaden;Vandløb;Poel Å;12-03-1997;1;Feltmålinger, Vandløb;Ja;Miljøstyrelsen;https://vanda.miljoeportal.dk/link/acbcdee3-3ab7-4e63-a129-fe9ffcf65951;FRB1324;32;699103;6204768;1;12-03-1997 08:55:00 +01:00;;Temperatur; =;4,1;grader C;3
Station;49000061;ÆBELHOLT Å, SØSTERBRO MØLLE;32;699103;6204768;Hillerød;Region Hovedstaden;Vandløb;Poel Å;06-11-1996;1;Feltmålinger, Vandløb;Ja;Miljøstyrelsen;https://vanda.miljoeportal.dk/link/66f2bc0e-b895-4ebb-8331-4c181519b90e;FRB1324;32;699103;6204768;1;06-11-1996 08:28:00 +01:00;;Oxygen indhold; =;9,9;mg/l;3
Station;49000061;ÆBELHOLT Å, SØSTERBRO MØLLE;32;699103;6204768;Hillerød;Region Hovedstaden;Vandløb;Poel Å;18-08-1999;1;Feltmålinger, Vandløb;Ja;Miljøstyrelsen;https://vanda.miljoeportal.dk/link/3b563d53-5bb1-492d-827d-23cacd38ebb9;FRB1324;32;699103;6204768;1;18-08-1999 08:35:00 +02:00;;Temperatur; =;12,3;grader C;3
Station;49000061;ÆBELHOLT Å, SØSTERBRO MØLLE;32;699103;6204768;Hillerød;Region Hovedstaden;Vandløb;Poel Å;10-09-1997;1;Feltmålinger, Vandløb;Ja;Miljøstyrelsen;https://vanda.miljoeportal.dk/link/a31acc98-7a29-4b59-a700-601218521450;FRB1324;32;699103;6204768;1;10-09-1997 07:59:00 +02:00;;Temperatur; =;11,7;grader C;3
Station;49000061;ÆBELHOLT Å, SØSTERBRO MØLLE;32;699103;6204768;Hillerød;Region Hovedstaden;Vandløb;Poel Å;17-07-2002;1;Feltmålinger, Vandløb;Ja;Miljøstyrelsen;https://vanda.miljoeportal.dk/link/2c1c8f59-01c6-4bb9-9a9c-a4a6b3458bc5;FRB1324;32;699103;6204768;1;17-07-2002 06:20:00 +02:00;;Oxygen indhold; =;7,9;mg/l;3
Station;49000061;ÆBELHOLT Å, SØSTERBRO MØLLE;32;699103;6204768;Hillerød;Region Hovedstaden;Vandløb;Poel Å;04-04-2006;1;Feltmålinger, Vandløb;Ja;Miljøstyrelsen;https://vanda.miljoeportal.dk/link/3e062c04-27d2-4f44-8156-dab7a16723c1;FRB1324;32;699103;6204768;1;04-04-2006 08:45:00 +02:00;;Temperatur; =;3,4;grader C;2
Station;49000061;ÆBELHOLT Å, SØSTERBRO MØLLE;32;699103;6204768;Hillerød;Region Hovedstaden;Vandløb;Poel Å;29-08-2001;1;Feltmålinger, Vandløb;Ja;Miljøstyrelsen;https://vanda.miljoeportal.dk/link/58bf0e5e-9b70-496e-b238-97f0e2bae10d;FRB1324;32;699103;6204768;1;29-08-2001 08:45:00 +02:00;;Oxygen indhold; =;9,4;mg/l;3
Station;49000061;ÆBELHOLT Å, SØSTERBRO MØLLE;32;699103;6204768;Hillerød;Region Hovedstaden;Vandløb;Poel Å;27-09-2000;1;Feltmålinger, Vandløb;Ja;Miljøstyrelsen;https://vanda.miljoeportal.dk/link/c8bc0eac-29be-4757-8224-c159fba393f8;FRB1324;32;699103;6204768;1;27-09-2000 08:35:00 +02:00;;Oxygen indhold; =;8,9;mg/l;3
Station;49000061;ÆBELHOLT Å, SØSTERBRO MØLLE;32;699103;6204768;Hillerød;Region Hovedstaden;Vandløb;Poel Å;08-12-1993;1;Feltmålinger, Vandløb;Ja;Miljøstyrelsen;https://vanda.miljoeportal.dk/link/b285d5c7-eb93-4a7b-9d7c-3aefd2f82c21;FRB1324;32;699103;6204768;1;08-12-1993 08:49:00 +01:00;;Temperatur; =;4,6;grader C;3
Station;49000061;ÆBELHOLT Å, SØSTERBRO MØLLE;32;699103;6204768;Hillerød;Region Hovedstaden;Vandløb;Poel Å;05-07-2000;1;Feltmålinger, Vandløb;Ja;Miljøstyrelsen;https://vanda.miljoeportal.dk/link/57928797-8026-4b04-b52d-4dc18f255af0;FRB1324;32;699103;6204768;1;05-07-2000 10:10:00 +02:00;;Temperatur; =;13,6;grader C;3
Station;49000061;ÆBELHOLT Å, SØSTERBRO MØLLE;32;699103;6204768;Hillerød;Region Hovedstaden;Vandløb;Poel Å;04-06-2002;1;Feltmålinger, Vandløb;Ja;Miljøstyrelsen;https://vanda.miljoeportal.dk/link/4ae125b7-871d-410d-87fd-12b38767b0da;FRB1324;32;699103;6204768;1;04-06-2002 08:20:00 +02:00;;Oxygen indhold; =;9,1;mg/l;3
Station;49000061;ÆBELHOLT Å, SØSTERBRO MØLLE;32;699103;6204768;Hillerød;Region Hovedstaden;Vandløb;Poel Å;22-11-1995;1;Feltmålinger, Vandløb;Ja;Miljøstyrelsen;https://vanda.miljoeportal.dk/link/d0e98c57-1608-494f-86c7-9a8409f284c4;FRB1324;32;699103;6204768;1;22-11-1995 09:03:00 +01:00;;Temperatur; =;3,2;grader C;3
Station;49000061;ÆBELHOLT Å, SØSTERBRO MØLLE;32;699103;6204768;Hillerød;Region Hovedstaden;Vandløb;Poel Å;04-07-1995;1;Feltmålinger, Vandløb;Ja;Miljøstyrelsen;https://vanda.miljoeportal.dk/link/98df33b4-fc1f-498a-bbc9-e73ad58eb121;FRB1324;32;699103;6204768;1;04-07-1995 12:55:00 +02:00;;Temperatur; =;14,1;grader C;3
Station;49000061;ÆBELHOLT Å, SØSTERBRO MØLLE;32;699103;6204768;Hillerød;Region Hovedstaden;Vandløb;Poel Å;29-11-2016;1;Feltmålinger, Vandløb;Ja;Miljøstyrelsen;https://vanda.miljoeportal.dk/link/255562ff-f63e-4261-a663-7f9c58cd995b;FRB1324;32;699103;6204768;1;29-11-2016 09:15:00 +01:00;;Temperatur; =;4,3;grader C;3
Station;49000061;ÆBELHOLT Å, SØSTERBRO MØLLE;32;699103;6204768;Hillerød;Region Hovedstaden;Vandløb;Poel Å;27-08-1997;1;Feltmålinger, Vandløb;Ja;Miljøstyrelsen;https://vanda.miljoeportal.dk/link/73285b98-d13c-4168-9ccb-257c6b91df5d;FRB1324;32;699103;6204768;1;27-08-1997 07:33:00 +02:00;;Temperatur; =;18,3;grader C;3
Station;49000061;ÆBELHOLT Å, SØSTERBRO MØLLE;32;699103;6204768;Hillerød;Region Hovedstaden;Vandløb;Poel Å;26-04-2005;1;Feltmålinger, Vandløb;Ja;Miljøstyrelsen;https://vanda.miljoeportal.dk/link/d5b9bed9-81b8-4cee-9603-5e2f3a00260d;FRB1324;32;699103;6204768;1;26-04-2005 08:30:00 +02:00;;Oxygenmætning; =;100;pct;3
Station;49000061;ÆBELHOLT Å, SØSTERBRO MØLLE;32;699103;6204768;Hillerød;Region Hovedstaden;Vandløb;Poel Å;01-09-1993;1;Feltmålinger, Vandløb;Ja;Miljøstyrelsen;https://vanda.miljoeportal.dk/link/5caf9c32-33b9-4847-806d-5de67b67c6e9;FRB1324;32;699103;6204768;1;01-09-1993 07:51:00 +02:00;;Temperatur; =;9,3;grader C;3
Station;49000061;ÆBELHOLT Å, SØSTERBRO MØLLE;32;699103;6204768;Hillerød;Region Hovedstaden;Vandløb;Poel Å;10-01-2012;1;Feltmålinger, Vandløb;Ja;Miljøstyrelsen;https://vanda.miljoeportal.dk/link/058ecc41-6a12-4f16-be7f-822f4b962424;FRB1324;32;699103;6204768;1;10-01-2012 08:40:00 +01:00;;Temperatur; =;5;grader C;3
Station;49000061;ÆBELHOLT Å, SØSTERBRO MØLLE;32;699103;6204768;Hillerød;Region Hovedstaden;Vandløb;Poel Å;20-12-2000;1;Feltmålinger, Vandløb;Ja;Miljøstyrelsen;https://vanda.miljoeportal.dk/link/6f761a4c-dd0f-4a77-846c-47ca8e1720f9;FRB1324;32;699103;6204768;1;20-12-2000 08:30:00 +01:00;;Temperatur; =;4,8;grader C;3
Station;49000061;ÆBELHOLT Å, SØSTERBRO MØLLE;32;699103;6204768;Hillerød;Region Hovedstaden;Vandløb;Poel Å;05-11-1997;1;Feltmålinger, Vandløb;Ja;Miljøstyrelsen;https://vanda.miljoeportal.dk/link/aa0c6a8a-b2b3-46e7-9833-4e0baa054ba6;FRB1324;32;699103;6204768;1;05-11-1997 09:11:00 +01:00;;Temperatur; =;3,3;grader C;3
Station;49000061;ÆBELHOLT Å, SØSTERBRO MØLLE;32;699103;6204768;Hillerød;Region Hovedstaden;Vandløb;Poel Å;17-06-1998;1;Feltmålinger, Vandløb;Ja;Miljøstyrelsen;https://vanda.miljoeportal.dk/link/f4e4b47a-f6aa-4b01-929f-fe1342f62b63;FRB1324;32;699103;6204768;1;17-06-1998 06:54:00 +02:00;;Temperatur; =;11,2;grader C;3
Station;49000061;ÆBELHOLT Å, SØSTERBRO MØLLE;32;699103;6204768;Hillerød;Region Hovedstaden;Vandløb;Poel Å;30-03-1999;1;Feltmålinger, Vandløb;Ja;Miljøstyrelsen;https://vanda.miljoeportal.dk/link/464b4454-b7d9-410d-a3e1-7970b2b1dd30;FRB1324;32;699103;6204768;1;30-03-1999 10:30:00 +02:00;;Oxygen indhold; =;12,6;mg/l;3
Station;49000061;ÆBELHOLT Å, SØSTERBRO MØLLE;32;699103;6204768;Hillerød;Region Hovedstaden;Vandløb;Poel Å;15-08-2001;1;Feltmålinger, Vandløb;Ja;Miljøstyrelsen;https://vanda.miljoeportal.dk/link/e1668184-ec40-459f-b6ca-f4e73493624e;FRB1324;32;699103;6204768;1;15-08-2001 08:35:00 +02:00;;Oxygen indhold; =;10,1;mg/l;3
Station;49000061;ÆBELHOLT Å, SØSTERBRO MØLLE;32;699103;6204768;Hillerød;Region Hovedstaden;Vandløb;Poel Å;30-07-1997;1;Feltmålinger, Vandløb;Ja;Miljøstyrelsen;https://vanda.miljoeportal.dk/link/932d7ca2-6c69-4f28-8c9e-3f16c5851c97;FRB1324;32;699103;6204768;1;30-07-1997 07:12:00 +02:00;;Temperatur; =;12,5;grader C;3
Station;49000061;ÆBELHOLT Å, SØSTERBRO MØLLE;32;699103;6204768;Hillerød;Region Hovedstaden;Vandløb;Poel Å;09-10-1996;1;Feltmålinger, Vandløb;Ja;Miljøstyrelsen;https://vanda.miljoeportal.dk/link/979337dd-2ddc-45aa-a0fd-b948596a1d23;FRB1324;32;699103;6204768;1;09-10-1996 08:11:00 +02:00;;Oxygen indhold; =;8;mg/l;3
Station;49000061;ÆBELHOLT Å, SØSTERBRO MØLLE;32;699103;6204768;Hillerød;Region Hovedstaden;Vandløb;Poel Å;10-11-1993;1;Feltmålinger, Vandløb;Ja;Miljøstyrelsen;https://vanda.miljoeportal.dk/link/d4f73084-f396-4634-bb37-6ebef097effa;FRB1324;32;699103;6204768;1;10-11-1993 08:14:00 +01:00;;Oxygen indhold; =;10;mg/l;3
Station;49000061;ÆBELHOLT Å, SØSTERBRO MØLLE;32;699103;6204768;Hillerød;Region Hovedstaden;Vandløb;Poel Å;24-11-1993;1;Feltmålinger, Vandløb;Ja;Miljøstyrelsen;https://vanda.miljoeportal.dk/link/94349791-4fd7-4dfe-9280-586c7d283e2e;FRB1324;32;699103;6204768;1;24-11-1993 09:15:00 +01:00;;Temperatur; =;2,3;grader C;3
Station;49000061;ÆBELHOLT Å, SØSTERBRO MØLLE;32;699103;6204768;Hillerød;Region Hovedstaden;Vandløb;Poel Å;09-09-1998;1;Feltmålinger, Vandløb;Ja;Miljøstyrelsen;https://vanda.miljoeportal.dk/link/c4947fb5-6164-46e5-8dde-e1905248c7e3;FRB1324;32;699103;6204768;1;09-09-1998 07:02:00 +02:00;;Oxygen indhold; =;7;mg/l;3
Station;49000061;ÆBELHOLT Å, SØSTERBRO MØLLE;32;699103;6204768;Hillerød;Region Hovedstaden;Vandløb;Poel Å;16-03-1994;1;Feltmålinger, Vandløb;Ja;Miljøstyrelsen;https://vanda.miljoeportal.dk/link/cea8d3ee-fdcb-42b9-bb69-dc2dbcca9d6d;FRB1324;32;699103;6204768;1;16-03-1994 08:54:00 +01:00;;Oxygen indhold; =;11,8;mg/l;3
Station;49000061;ÆBELHOLT Å, SØSTERBRO MØLLE;32;699103;6204768;Hillerød;Region Hovedstaden;Vandløb;Poel Å;22-10-1997;1;Feltmålinger, Vandløb;Ja;Miljøstyrelsen;https://vanda.miljoeportal.dk/link/acce4c38-84ec-477e-a91b-1e1995365abe;FRB1324;32;699103;6204768;1;22-10-1997 07:57:00 +02:00;;Oxygen indhold; =;9,4;mg/l;3
Station;49000061;ÆBELHOLT Å, SØSTERBRO MØLLE;32;699103;6204768;Hillerød;Region Hovedstaden;Vandløb;Poel Å;19-01-2000;1;Feltmålinger, Vandløb;Ja;Miljøstyrelsen;https://vanda.miljoeportal.dk/link/5711ac3d-1685-4a14-96e7-c0efe332991f;FRB1324;32;699103;6204768;1;19-01-2000 08:25:00 +01:00;;Temperatur; =;2,5;grader C;3
Station;49000061;ÆBELHOLT Å, SØSTERBRO MØLLE;32;699103;6204768;Hillerød;Region Hovedstaden;Vandløb;Poel Å;28-01-1998;1;Feltmålinger, Vandløb;Ja;Miljøstyrelsen;https://vanda.miljoeportal.dk/link/1138bfe8-9d7b-4d29-b72b-5915fde04a52;FRB1324;32;699103;6204768;1;28-01-1998 08:22:00 +01:00;;Temperatur; =;2,4;grader C;3
Station;49000061;ÆBELHOLT Å, SØSTERBRO MØLLE;32;699103;6204768;Hillerød;Region Hovedstaden;Vandløb;Poel Å;10-11-1993;1;Feltmålinger, Vandløb;Ja;Miljøstyrelsen;https://vanda.miljoeportal.dk/link/d4f73084-f396-4634-bb37-6ebef097effa;FRB1324;32;699103;6204768;1;10-11-1993 08:14:00 +01:00;;Temperatur; =;6,5;grader C;3
Station;49000061;ÆBELHOLT Å, SØSTERBRO MØLLE;32;699103;6204768;Hillerød;Region Hovedstaden;Vandløb;Poel Å;10-01-2012;1;Feltmålinger, Vandløb;Ja;Miljøstyrelsen;https://vanda.miljoeportal.dk/link/058ecc41-6a12-4f16-be7f-822f4b962424;FRB1324;32;699103;6204768;1;10-01-2012 08:40:00 +01:00;;pH; =;7,6;pH;3
Station;49000061;ÆBELHOLT Å, SØSTERBRO MØLLE;32;699103;6204768;Hillerød;Region Hovedstaden;Vandløb;Poel Å;29-03-1995;1;Feltmålinger, Vandløb;Ja;Miljøstyrelsen;https://vanda.miljoeportal.dk/link/d71264f4-d56e-4c01-8b71-efc5d57addbd;FRB1324;32;699103;6204768;1;29-03-1995 08:59:00 +02:00;;Oxygen indhold; =;12,5;mg/l;3
Station;49000061;ÆBELHOLT Å, SØSTERBRO MØLLE;32;699103;6204768;Hillerød;Region Hovedstaden;Vandløb;Poel Å;26-03-2002;1;Feltmålinger, Vandløb;Ja;Miljøstyrelsen;https://vanda.miljoeportal.dk/link/eed48d7a-9c6b-42cb-b351-1fa141aaf517;FRB1324;32;699103;6204768;1;26-03-2002 08:15:00 +01:00;;Oxygen indhold; =;12,3;mg/l;3
Station;49000061;ÆBELHOLT Å, SØSTERBRO MØLLE;32;699103;6204768;Hillerød;Region Hovedstaden;Vandløb;Poel Å;17-07-1996;1;Feltmålinger, Vandløb;Ja;Miljøstyrelsen;https://vanda.miljoeportal.dk/link/f3c2754b-f6db-45a6-939a-68cda37e5d06;FRB1324;32;699103;6204768;1;17-07-1996 10:20:00 +02:00;;Temperatur; =;12,4;grader C;3
Station;49000061;ÆBELHOLT Å, SØSTERBRO MØLLE;32;699103;6204768;Hillerød;Region Hovedstaden;Vandløb;Poel Å;24-04-2002;1;Feltmålinger, Vandløb;Ja;Miljøstyrelsen;https://vanda.miljoeportal.dk/link/7f41a8d0-f212-4359-b5ed-f0dfe283234a;FRB1324;32;699103;6204768;1;24-04-2002 09:00:00 +02:00;;Oxygen indhold; =;14;mg/l;3
Station;49000061;ÆBELHOLT Å, SØSTERBRO MØLLE;32;699103;6204768;Hillerød;Region Hovedstaden;Vandløb;Poel Å;03-08-1994;1;Feltmålinger, Vandløb;Ja;Miljøstyrelsen;https://vanda.miljoeportal.dk/link/ff035873-9e69-45ba-9170-db3a4c8f8846;FRB1324;32;699103;6204768;1;03-08-1994 09:16:00 +02:00;;Temperatur; =;16;grader C;3
Station;49000061;ÆBELHOLT Å, SØSTERBRO MØLLE;32;699103;6204768;Hillerød;Region Hovedstaden;Vandløb;Poel Å;11-10-2000;1;Feltmålinger, Vandløb;Ja;Miljøstyrelsen;https://vanda.miljoeportal.dk/link/c2e67464-2740-430c-b57d-434e755d8759;FRB1324;32;699103;6204768;1;11-10-2000 08:15:00 +02:00;;Temperatur; =;9,2;grader C;3
Station;49000061;ÆBELHOLT Å, SØSTERBRO MØLLE;32;699103;6204768;Hillerød;Region Hovedstaden;Vandløb;Poel Å;15-03-1995;1;Feltmålinger, Vandløb;Ja;Miljøstyrelsen;https://vanda.miljoeportal.dk/link/2b4a2676-bc7f-4dea-ae19-5c4f52c94de9;FRB1324;32;699103;6204768;1;15-03-1995 10:21:00 +01:00;;Oxygen indhold; =;10,9;mg/l;3
Station;49000061;ÆBELHOLT Å, SØSTERBRO MØLLE;32;699103;6204768;Hillerød;Region Hovedstaden;Vandløb;Poel Å;04-01-1995;1;Feltmålinger, Vandløb;Ja;Miljøstyrelsen;https://vanda.miljoeportal.dk/link/b5f01949-90a6-4687-bca9-06f3e7bdd34f;FRB1324;32;699103;6204768;1;04-01-1995 10:01:00 +01:00;;Temperatur; =;2,1;grader C;3
Station;49000061;ÆBELHOLT Å, SØSTERBRO MØLLE;32;699103;6204768;Hillerød;Region Hovedstaden;Vandløb;Poel Å;22-11-2011;1;Feltmålinger, Vandløb;Ja;Miljøstyrelsen;https://vanda.miljoeportal.dk/link/4eb273b3-9a3f-40c8-923d-d5ec06f23b69;FRB1324;32;699103;6204768;1;22-11-2011 08:35:00 +01:00;;pH; =;7,9;pH;3
Station;49000061;ÆBELHOLT Å, SØSTERBRO MØLLE;32;699103;6204768;Hillerød;Region Hovedstaden;Vandløb;Poel Å;08-05-1996;1;Feltmålinger, Vandløb;Ja;Miljøstyrelsen;https://vanda.miljoeportal.dk/link/a34a8d66-4fee-40fc-a128-ebf24d1db934;FRB1324;32;699103;6204768;1;08-05-1996 07:34:00 +02:00;;Oxygen indhold; =;14,6;mg/l;2
Station;49000061;ÆBELHOLT Å, SØSTERBRO MØLLE;32;699103;6204768;Hillerød;Region Hovedstaden;Vandløb;Poel Å;21-11-2001;1;Feltmålinger, Vandløb;Ja;Miljøstyrelsen;https://vanda.miljoeportal.dk/link/49735e13-2110-4d0e-8645-c253467e050c;FRB1324;32;699103;6204768;1;21-11-2001 09:20:00 +01:00;;Oxygen indhold; =;10,4;mg/l;3
Station;49000061;ÆBELHOLT Å, SØSTERBRO MØLLE;32;699103;6204768;Hillerød;Region Hovedstaden;Vandløb;Poel Å;21-07-1999;1;Feltmålinger, Vandløb;Ja;Miljøstyrelsen;https://vanda.miljoeportal.dk/link/ad46b03b-acff-4924-a792-f4447864fc40;FRB1324;32;699103;6204768;1;21-07-1999 10:05:00 +02:00;;Temperatur; =;15,8;grader C;3
Station;49000061;ÆBELHOLT Å, SØSTERBRO MØLLE;32;699103;6204768;Hillerød;Region Hovedstaden;Vandløb;Poel Å;19-06-2002;1;Feltmålinger, Vandløb;Ja;Miljøstyrelsen;https://vanda.miljoeportal.dk/link/b6eab79b-d139-415f-92ce-dea922d9d35a;FRB1324;32;699103;6204768;1;19-06-2002 09:00:00 +02:00;;Temperatur; =;14,7;grader C;3
Station;49000061;ÆBELHOLT Å, SØSTERBRO MØLLE;32;699103;6204768;Hillerød;Region Hovedstaden;Vandløb;Poel Å;26-10-1993;1;Feltmålinger, Vandløb;Ja;Miljøstyrelsen;https://vanda.miljoeportal.dk/link/e5c637a1-435e-4c46-a760-8e78f77bb3b5;FRB1324;32;699103;6204768;1;26-10-1993 09:55:00 +01:00;;Oxygen indhold; =;9,3;mg/l;3
Station;49000061;ÆBELHOLT Å, SØSTERBRO MØLLE;32;699103;6204768;Hillerød;Region Hovedstaden;Vandløb;Poel Å;06-05-2004;1;Feltmålinger, Vandløb;Ja;Miljøstyrelsen;https://vanda.miljoeportal.dk/link/5168236a-27b6-4448-ac96-b258316081cb;FRB1324;32;699103;6204768;1;06-05-2004 14:30:00 +02:00;;Temperatur; =;16,3;grader C;3
Station;49000061;ÆBELHOLT Å, SØSTERBRO MØLLE;32;699103;6204768;Hillerød;Region Hovedstaden;Vandløb;Poel Å;04-07-2006;1;Feltmålinger, Vandløb;Ja;Miljøstyrelsen;https://vanda.miljoeportal.dk/link/5303c7b9-148b-43e1-9822-eeb0ba261ed9;FRB1324;32;699103;6204768;1;04-07-2006 08:35:00 +02:00;;Oxygenmætning; =;93;pct;2
Station;49000061;ÆBELHOLT Å, SØSTERBRO MØLLE;32;699103;6204768;Hillerød;Region Hovedstaden;Vandløb;Poel Å;03-08-2011;1;Feltmålinger, Vandløb;Ja;Miljøstyrelsen;https://vanda.miljoeportal.dk/link/d8519eab-4b9c-40cb-ac69-443d3c25445c;FRB1324;32;699103;6204768;1;03-08-2011 11:00:00 +02:00;;Temperatur; =;16,4;grader C;3
Station;49000061;ÆBELHOLT Å, SØSTERBRO MØLLE;32;699103;6204768;Hillerød;Region Hovedstaden;Vandløb;Poel Å;08-03-2016;1;Feltmålinger, Vandløb;Ja;Miljøstyrelsen;https://vanda.miljoeportal.dk/link/383a57f2-6ecf-43e7-a7ad-2a02f415f319;FRB1324;32;699103;6204768;1;08-03-2016 09:10:00 +01:00;;pH; =;7,7;pH;3
Station;49000061;ÆBELHOLT Å, SØSTERBRO MØLLE;32;699103;6204768;Hillerød;Region Hovedstaden;Vandløb;Poel Å;12-02-2008;1;Feltmålinger, Vandløb;Ja;Miljøstyrelsen;https://vanda.miljoeportal.dk/link/8b3d0838-d699-4522-9825-3e2a9e291c5b;FRB1324;32;699103;6204768;1;12-02-2008 08:00:00 +01:00;;Temperatur; =;7,1;grader C;3
Station;49000061;ÆBELHOLT Å, SØSTERBRO MØLLE;32;699103;6204768;Hillerød;Region Hovedstaden;Vandløb;Poel Å;04-07-2019;1;Feltmålinger, Vandløb;Ja;Miljøstyrelsen;https://vanda.miljoeportal.dk/link/e2340668-b4d9-45f2-ae4e-195d28aa2157;FRB1324;32;699103;6204768;1;04-07-2019 09:20:00 +02:00;;pH; =;8,4;pH;2
Station;49000061;ÆBELHOLT Å, SØSTERBRO MØLLE;32;699103;6204768;Hillerød;Region Hovedstaden;Vandløb;Poel Å;05-07-2018;1;Feltmålinger, Vandløb;Ja;Miljøstyrelsen;https://vanda.miljoeportal.dk/link/1c26e2f9-e177-4b08-819d-48b798f9b19d;FRB1324;32;699103;6204768;1;05-07-2018 07:45:00 +02:00;;Temperatur; =;15,8;grader C;2
Station;49000061;ÆBELHOLT Å, SØSTERBRO MØLLE;32;699103;6204768;Hillerød;Region Hovedstaden;Vandløb;Poel Å;22-05-2013;1;Feltmålinger, Vandløb;Ja;Miljøstyrelsen;https://vanda.miljoeportal.dk/link/0512505f-e62c-47c5-8cb1-5a18c01c6b5e;FRB1324;32;699103;6204768;1;22-05-2013 07:45:00 +02:00;;pH; =;7,6;pH;3
Station;49000061;ÆBELHOLT Å, SØSTERBRO MØLLE;32;699103;6204768;Hillerød;Region Hovedstaden;Vandløb;Poel Å;01-07-2014;1;Feltmålinger, Vandløb;Ja;Miljøstyrelsen;https://vanda.miljoeportal.dk/link/cb82537a-a734-4a39-ba02-9b36471ca6ba;FRB1324;32;699103;6204768;1;01-07-2014 08:00:00 +02:00;;pH; =;7,8;pH;3
Station;49000061;ÆBELHOLT Å, SØSTERBRO MØLLE;32;699103;6204768;Hillerød;Region Hovedstaden;Vandløb;Poel Å;24-10-2006;1;Feltmålinger, Vandløb;Ja;Miljøstyrelsen;https://vanda.miljoeportal.dk/link/c55523bf-4609-40be-8055-75aaae4e3360;FRB1324;32;699103;6204768;1;24-10-2006 09:05:00 +02:00;;Oxygen indhold; =;6,5;mg/l;2
Station;49000061;ÆBELHOLT Å, SØSTERBRO MØLLE;32;699103;6204768;Hillerød;Region Hovedstaden;Vandløb;Poel Å;07-06-2005;1;Feltmålinger, Vandløb;Ja;Miljøstyrelsen;https://vanda.miljoeportal.dk/link/d058ddd5-c89f-4c93-abd3-fded7d48f96a;FRB1324;32;699103;6204768;1;07-06-2005 08:30:00 +02:00;;Oxygenmætning; =;82;pct;3
Station;49000061;ÆBELHOLT Å, SØSTERBRO MØLLE;32;699103;6204768;Hillerød;Region Hovedstaden;Vandløb;Poel Å;21-11-2017;1;Feltmålinger, Vandløb;Ja;Miljøstyrelsen;https://vanda.miljoeportal.dk/link/b9bc7e07-8f88-45f2-96de-69fa09cddc23;FRB1324;32;699103;6204768;1;21-11-2017 07:55:00 +01:00;;Temperatur; =;5,7;grader C;2
Station;49000061;ÆBELHOLT Å, SØSTERBRO MØLLE;32;699103;6204768;Hillerød;Region Hovedstaden;Vandløb;Poel Å;22-05-2017;1;Feltmålinger, Vandløb;Ja;Miljøstyrelsen;https://vanda.miljoeportal.dk/link/1de228df-0f7e-43a3-be6a-87517ddac5b3;FRB1324;32;699103;6204768;1;22-05-2017 09:25:00 +02:00;;pH; =;8,1;pH;2
Station;49000061;ÆBELHOLT Å, SØSTERBRO MØLLE;32;699103;6204768;Hillerød;Region Hovedstaden;Vandløb;Poel Å;30-06-2009;1;Feltmålinger, Vandløb;Ja;Miljøstyrelsen;https://vanda.miljoeportal.dk/link/84d737e7-d7ec-4ba5-9cfe-3264668f8bb3;FRB1324;32;699103;6204768;1;30-06-2009 07:55:00 +02:00;;Temperatur; =;13,2;grader C;3
Station;49000061;ÆBELHOLT Å, SØSTERBRO MØLLE;32;699103;6204768;Hillerød;Region Hovedstaden;Vandløb;Poel Å;27-10-2020;1;Feltmålinger, Vandløb;Ja;Miljøstyrelsen;https://vanda.miljoeportal.dk/link/6ec3a0c8-b1ff-4f54-8b2d-852d963493fd;FRB1324;32;699103;6204768;1;27-10-2020 01:50:00 +01:00;;Temperatur; =;10,4;grader C;2
Station;49000061;ÆBELHOLT Å, SØSTERBRO MØLLE;32;699103;6204768;Hillerød;Region Hovedstaden;Vandløb;Poel Å;30-08-2005;1;Feltmålinger, Vandløb;Ja;Miljøstyrelsen;https://vanda.miljoeportal.dk/link/aaf26ce7-4909-43a6-a09c-774ffff00ebc;FRB1324;32;699103;6204768;1;30-08-2005 09:35:00 +02:00;;Oxygenmætning; =;80;pct;3
Station;49000061;ÆBELHOLT Å, SØSTERBRO MØLLE;32;699103;6204768;Hillerød;Region Hovedstaden;Vandløb;Poel Å;15-08-2006;1;Feltmålinger, Vandløb;Ja;Miljøstyrelsen;https://vanda.miljoeportal.dk/link/26a440b1-44d6-43a8-9669-22971f1c72bc;FRB1324;32;699103;6204768;1;15-08-2006 09:30:00 +02:00;;Temperatur; =;12,5;grader C;2
Station;49000061;ÆBELHOLT Å, SØSTERBRO MØLLE;32;699103;6204768;Hillerød;Region Hovedstaden;Vandløb;Poel Å;06-06-2006;1;Feltmålinger, Vandløb;Ja;Miljøstyrelsen;https://vanda.miljoeportal.dk/link/dda83720-e6d2-4938-aa10-532c6810e46a;FRB1324;32;699103;6204768;1;06-06-2006 08:55:00 +02:00;;Temperatur; =;11,4;grader C;2
Station;49000061;ÆBELHOLT Å, SØSTERBRO MØLLE;32;699103;6204768;Hillerød;Region Hovedstaden;Vandløb;Poel Å;25-10-2011;1;Feltmålinger, Vandløb;Ja;Miljøstyrelsen;https://vanda.miljoeportal.dk/link/7418f5e4-1b49-49da-b710-27e4de5f7b69;FRB1324;32;699103;6204768;1;25-10-2011 08:45:00 +02:00;;Temperatur; =;9;grader C;3
Station;49000061;ÆBELHOLT Å, SØSTERBRO MØLLE;32;699103;6204768;Hillerød;Region Hovedstaden;Vandløb;Poel Å;25-10-2005;1;Feltmålinger, Vandløb;Ja;Miljøstyrelsen;https://vanda.miljoeportal.dk/link/7fc0113e-000e-4afa-813a-846fc21a2218;FRB1324;32;699103;6204768;1;25-10-2005 08:30:00 +02:00;;Temperatur; =;9,1;grader C;3
Station;49000061;ÆBELHOLT Å, SØSTERBRO MØLLE;32;699103;6204768;Hillerød;Region Hovedstaden;Vandløb;Poel Å;18-03-2019;1;Feltmålinger, Vandløb;Ja;Miljøstyrelsen;https://vanda.miljoeportal.dk/link/b02936b9-697e-4217-aed1-f96cd172f371;FRB1324;32;699103;6204768;1;18-03-2019 10:30:00 +01:00;;Temperatur; =;6,3;grader C;2
Station;49000061;ÆBELHOLT Å, SØSTERBRO MØLLE;32;699103;6204768;Hillerød;Region Hovedstaden;Vandløb;Poel Å;14-11-2019;1;Feltmålinger, Vandløb;Ja;Miljøstyrelsen;https://vanda.miljoeportal.dk/link/c1954ed8-eb46-43c5-b6d8-a0cc33ec437d;FRB1324;32;699103;6204768;1;14-11-2019 15:30:00 +01:00;;pH; =;8;pH;2
Station;49000061;ÆBELHOLT Å, SØSTERBRO MØLLE;32;699103;6204768;Hillerød;Region Hovedstaden;Vandløb;Poel Å;05-07-2018;1;Feltmålinger, Vandløb;Ja;Miljøstyrelsen;https://vanda.miljoeportal.dk/link/1c26e2f9-e177-4b08-819d-48b798f9b19d;FRB1324;32;699103;6204768;1;05-07-2018 07:45:00 +02:00;;pH; =;8;pH;2
Station;49000061;ÆBELHOLT Å, SØSTERBRO MØLLE;32;699103;6204768;Hillerød;Region Hovedstaden;Vandløb;Poel Å;20-01-2021;1;Feltmålinger, Vandløb;Ja;Miljøstyrelsen;https://vanda.miljoeportal.dk/link/818bcc7d-a8f0-4f07-ab4d-7cea83c03826;FRB1324;32;699103;6204768;1;20-01-2021 13:40:00 +01:00;;Temperatur; =;4,5;grader C;2
Station;49000061;ÆBELHOLT Å, SØSTERBRO MØLLE;32;699103;6204768;Hillerød;Region Hovedstaden;Vandløb;Poel Å;11-01-2018;1;Feltmålinger, Vandløb;Ja;Miljøstyrelsen;https://vanda.miljoeportal.dk/link/4ba84605-6fb4-4956-945e-1462d01bb556;FRB1324;32;699103;6204768;1;11-01-2018 09:10:00 +01:00;;Temperatur; =;4,6;grader C;2
Station;49000061;ÆBELHOLT Å, SØSTERBRO MØLLE;32;699103;6204768;Hillerød;Region Hovedstaden;Vandløb;Poel Å;06-09-2017;1;Feltmålinger, Vandløb;Ja;Miljøstyrelsen;https://vanda.miljoeportal.dk/link/5afd8b19-1ac3-450a-b6ca-ae80ad349fe4;FRB1324;32;699103;6204768;1;06-09-2017 09:50:00 +02:00;;Temperatur; =;14,1;grader C;2
Station;49000061;ÆBELHOLT Å, SØSTERBRO MØLLE;32;699103;6204768;Hillerød;Region Hovedstaden;Vandløb;Poel Å;21-08-2003;1;Feltmålinger, Vandløb;Ja;Miljøstyrelsen;https://vanda.miljoeportal.dk/link/f2ee95aa-1366-4b15-bd88-daa3d1b94923;FRB1324;32;699103;6204768;1;21-08-2003 12:39:00 +02:00;;Temperatur; =;15,3;grader C;3
Station;49000061;ÆBELHOLT Å, SØSTERBRO MØLLE;32;699103;6204768;Hillerød;Region Hovedstaden;Vandløb;Poel Å;11-09-2002;1;Feltmålinger, Vandløb;Ja;Miljøstyrelsen;https://vanda.miljoeportal.dk/link/e1c81864-6fad-471a-af87-fc07c1d1f678;FRB1324;32;699103;6204768;1;11-09-2002 07:15:00 +02:00;;Oxygenmætning; =;69;pct;3
Station;49000061;ÆBELHOLT Å, SØSTERBRO MØLLE;32;699103;6204768;Hillerød;Region Hovedstaden;Vandløb;Poel Å;21-06-2005;1;Feltmålinger, Vandløb;Ja;Miljøstyrelsen;https://vanda.miljoeportal.dk/link/c8ec4b53-9260-40f9-8b0c-c86d3662d8b1;FRB1324;32;699103;6204768;1;21-06-2005 08:45:00 +02:00;;Temperatur; =;13,3;grader C;3
Station;49000061;ÆBELHOLT Å, SØSTERBRO MØLLE;32;699103;6204768;Hillerød;Region Hovedstaden;Vandløb;Poel Å;21-05-2019;1;Feltmålinger, Vandløb;Ja;Miljøstyrelsen;https://vanda.miljoeportal.dk/link/e714454e-fc03-44d1-9662-33a2b91bff89;FRB1324;32;699103;6204768;1;21-05-2019 13:30:00 +02:00;;Temperatur; =;16,6;grader C;2
Station;49000061;ÆBELHOLT Å, SØSTERBRO MØLLE;32;699103;6204768;Hillerød;Region Hovedstaden;Vandløb;Poel Å;02-06-2010;1;Feltmålinger, Vandløb;Ja;Miljøstyrelsen;https://vanda.miljoeportal.dk/link/4159b272-06ae-48f5-a868-f4ac6daa08f1;FRB1324;32;699103;6204768;1;02-06-2010 09:30:00 +02:00;;Temperatur; =;11,1;grader C;3
Station;49000061;ÆBELHOLT Å, SØSTERBRO MØLLE;32;699103;6204768;Hillerød;Region Hovedstaden;Vandløb;Poel Å;22-03-2011;1;Feltmålinger, Vandløb;Ja;Miljøstyrelsen;https://vanda.miljoeportal.dk/link/59ac9c70-a794-4cc0-a1fe-10bfeede9c1d;FRB1324;32;699103;6204768;1;22-03-2011 10:00:00 +01:00;;pH; =;7,2;pH;3
Station;49000061;ÆBELHOLT Å, SØSTERBRO MØLLE;32;699103;6204768;Hillerød;Region Hovedstaden;Vandløb;Poel Å;22-09-2004;1;Feltmålinger, Vandløb;Ja;Miljøstyrelsen;https://vanda.miljoeportal.dk/link/4286350e-1c15-465a-a6ed-32a52714170f;FRB1324;32;699103;6204768;1;22-09-2004 10:45:00 +02:00;;Oxygenmætning; =;75;pct;3
Station;49000061;ÆBELHOLT Å, SØSTERBRO MØLLE;32;699103;6204768;Hillerød;Region Hovedstaden;Vandløb;Poel Å;29-05-2012;1;Feltmålinger, Vandløb;Ja;Miljøstyrelsen;https://vanda.miljoeportal.dk/link/161c580b-97c7-4a0f-82d8-a839f3e8ea40;FRB1324;32;699103;6204768;1;29-05-2012 08:00:00 +02:00;;Temperatur; =;12,2;grader C;3
Station;49000061;ÆBELHOLT Å, SØSTERBRO MØLLE;32;699103;6204768;Hillerød;Region Hovedstaden;Vandløb;Poel Å;22-05-2012;1;Feltmålinger, Vandløb;Ja;Miljøstyrelsen;https://vanda.miljoeportal.dk/link/c305a8c7-b793-494c-961a-b216f244673b;FRB1324;32;699103;6204768;1;22-05-2012 08:30:00 +02:00;;pH; =;8,2;pH;3
Station;49000061;ÆBELHOLT Å, SØSTERBRO MØLLE;32;699103;6204768;Hillerød;Region Hovedstaden;Vandløb;Poel Å;16-04-2003;1;Feltmålinger, Vandløb;Ja;Miljøstyrelsen;https://vanda.miljoeportal.dk/link/d4f96a02-40ce-4cf7-812d-dfeae214a0f8;FRB1324;32;699103;6204768;1;16-04-2003 11:45:00 +02:00;;Oxygen indhold; =;10,2;mg/l;3
Station;49000061;ÆBELHOLT Å, SØSTERBRO MØLLE;32;699103;6204768;Hillerød;Region Hovedstaden;Vandløb;Poel Å;16-08-2021;1;Feltmålinger, Vandløb;Ja;Miljøstyrelsen;https://vanda.miljoeportal.dk/link/a7db6e48-8720-4ce7-84e1-5bfed26f5415;FRB1324;32;699103;6204768;1;16-08-2021 13:16:00 +02:00;;Temperatur; =;15,3;grader C;2
Station;49000061;ÆBELHOLT Å, SØSTERBRO MØLLE;32;699103;6204768;Hillerød;Region Hovedstaden;Vandløb;Poel Å;08-03-2016;1;Feltmålinger, Vandløb;Ja;Miljøstyrelsen;https://vanda.miljoeportal.dk/link/383a57f2-6ecf-43e7-a7ad-2a02f415f319;FRB1324;32;699103;6204768;1;08-03-2016 09:10:00 +01:00;;Temperatur; =;4,2;grader C;3
Station;49000061;ÆBELHOLT Å, SØSTERBRO MØLLE;32;699103;6204768;Hillerød;Region Hovedstaden;Vandløb;Poel Å;04-09-2003;1;Feltmålinger, Vandløb;Ja;Miljøstyrelsen;https://vanda.miljoeportal.dk/link/b26cf14b-753d-40eb-a684-ed7d9991f56a;FRB1324;32;699103;6204768;1;04-09-2003 09:30:00 +02:00;;Oxygenmætning; =;90;pct;3
Station;49000061;ÆBELHOLT Å, SØSTERBRO MØLLE;32;699103;6204768;Hillerød;Region Hovedstaden;Vandløb;Poel Å;27-09-2011;1;Feltmålinger, Vandløb;Ja;Miljøstyrelsen;https://vanda.miljoeportal.dk/link/45dbea86-7cc7-4a5d-ae17-048af031f856;FRB1324;32;699103;6204768;1;27-09-2011 08:15:00 +02:00;;Temperatur; =;12;grader C;3
Station;49000061;ÆBELHOLT Å, SØSTERBRO MØLLE;32;699103;6204768;Hillerød;Region Hovedstaden;Vandløb;Poel Å;26-11-2020;1;Feltmålinger, Vandløb;Ja;Miljøstyrelsen;https://vanda.miljoeportal.dk/link/9d6aa120-50dd-4a0b-9e63-a06b5b79d08c;FRB1324;32;699103;6204768;1;26-11-2020 16:08:00 +01:00;;pH; =;8,81;pH;2
Station;49000061;ÆBELHOLT Å, SØSTERBRO MØLLE;32;699103;6204768;Hillerød;Region Hovedstaden;Vandløb;Poel Å;25-05-2010;1;Feltmålinger, Vandløb;Ja;Miljøstyrelsen;https://vanda.miljoeportal.dk/link/2ac49741-7c98-4e78-a9b0-93e2c342106e;FRB1324;32;699103;6204768;1;25-05-2010 08:30:00 +02:00;;Temperatur; =;8,9;grader C;3
Station;49000061;ÆBELHOLT Å, SØSTERBRO MØLLE;32;699103;6204768;Hillerød;Region Hovedstaden;Vandløb;Poel Å;30-08-2005;1;Feltmålinger, Vandløb;Ja;Miljøstyrelsen;https://vanda.miljoeportal.dk/link/aaf26ce7-4909-43a6-a09c-774ffff00ebc;FRB1324;32;699103;6204768;1;30-08-2005 09:35:00 +02:00;;Oxygen indhold; =;8,6;mg/l;3
Station;49000061;ÆBELHOLT Å, SØSTERBRO MØLLE;32;699103;6204768;Hillerød;Region Hovedstaden;Vandløb;Poel Å;01-05-2003;1;Feltmålinger, Vandløb;Ja;Miljøstyrelsen;https://vanda.miljoeportal.dk/link/ce89515f-c86d-41d1-8212-acf972228a6f;FRB1324;32;699103;6204768;1;01-05-2003 09:06:00 +02:00;;Oxygenmætning; =;61;pct;3
Station;49000061;ÆBELHOLT Å, SØSTERBRO MØLLE;32;699103;6204768;Hillerød;Region Hovedstaden;Vandløb;Poel Å;08-11-2005;1;Feltmålinger, Vandløb;Ja;Miljøstyrelsen;https://vanda.miljoeportal.dk/link/8fb30a57-84b6-4b04-9734-51d7ad041930;FRB1324;32;699103;6204768;1;08-11-2005 08:45:00 +01:00;;Oxygenmætning; =;78;pct;3
Station;49000061;ÆBELHOLT Å, SØSTERBRO MØLLE;32;699103;6204768;Hillerød;Region Hovedstaden;Vandløb;Poel Å;11-12-2003;1;Feltmålinger, Vandløb;Ja;Miljøstyrelsen;https://vanda.miljoeportal.dk/link/e655972d-1d56-4147-804b-5435db5dc2ff;FRB1324;32;699103;6204768;1;11-12-2003 10:03:00 +01:00;;Temperatur; =;4,4;grader C;3
Station;49000061;ÆBELHOLT Å, SØSTERBRO MØLLE;32;699103;6204768;Hillerød;Region Hovedstaden;Vandløb;Poel Å;23-11-2010;1;Feltmålinger, Vandløb;Ja;Miljøstyrelsen;https://vanda.miljoeportal.dk/link/0ac0d970-e806-44f8-822e-858f2d58587f;FRB1324;32;699103;6204768;1;23-11-2010 08:25:00 +01:00;;Temperatur; =;4,8;grader C;3
Station;49000061;ÆBELHOLT Å, SØSTERBRO MØLLE;32;699103;6204768;Hillerød;Region Hovedstaden;Vandløb;Poel Å;10-07-2003;1;Feltmålinger, Vandløb;Ja;Miljøstyrelsen;https://vanda.miljoeportal.dk/link/c7b7d5e3-399c-411e-af79-ca7583be567a;FRB1324;32;699103;6204768;1;10-07-2003 09:10:00 +02:00;;Oxygen indhold; =;8,7;mg/l;3
Station;49000061;ÆBELHOLT Å, SØSTERBRO MØLLE;32;699103;6204768;Hillerød;Region Hovedstaden;Vandløb;Poel Å;07-03-2019;1;Feltmålinger, Vandløb;Ja;Miljøstyrelsen;https://vanda.miljoeportal.dk/link/2665772d-3478-42bb-b29f-b50a0285c892;FRB1324;32;699103;6204768;1;07-03-2019 14:00:00 +01:00;;Temperatur; =;7,1;grader C;2
Station;49000061;ÆBELHOLT Å, SØSTERBRO MØLLE;32;699103;6204768;Hillerød;Region Hovedstaden;Vandløb;Poel Å;07-07-2020;1;Feltmålinger, Vandløb;Ja;Miljøstyrelsen;https://vanda.miljoeportal.dk/link/00a44ebf-e5c3-4909-936b-7edf9e886fc5;FRB1324;32;699103;6204768;1;07-07-2020 15:10:00 +02:00;;Temperatur; =;14,5;grader C;2
Station;49000061;ÆBELHOLT Å, SØSTERBRO MØLLE;32;699103;6204768;Hillerød;Region Hovedstaden;Vandløb;Poel Å;04-11-2014;1;Feltmålinger, Vandløb;Ja;Miljøstyrelsen;https://vanda.miljoeportal.dk/link/06bca3d5-2aeb-42e1-8a6c-f1230ad11aad;FRB1324;32;699103;6204768;1;04-11-2014 07:50:00 +01:00;;Temperatur; =;10,9;grader C;3
Station;49000061;ÆBELHOLT Å, SØSTERBRO MØLLE;32;699103;6204768;Hillerød;Region Hovedstaden;Vandløb;Poel Å;23-12-2003;1;Feltmålinger, Vandløb;Ja;Miljøstyrelsen;https://vanda.miljoeportal.dk/link/ccf498da-8c90-496c-95a5-51fa78541943;FRB1324;32;699103;6204768;1;23-12-2003 11:02:00 +01:00;;Temperatur; =;2,9;grader C;3
Station;49000061;ÆBELHOLT Å, SØSTERBRO MØLLE;32;699103;6204768;Hillerød;Region Hovedstaden;Vandløb;Poel Å;30-06-2004;1;Feltmålinger, Vandløb;Ja;Miljøstyrelsen;https://vanda.miljoeportal.dk/link/9c12eeaf-7f23-4715-aa07-026f03ee573e;FRB1324;32;699103;6204768;1;30-06-2004 10:30:00 +02:00;;Oxygenmætning; =;83;pct;3
Station;49000061;ÆBELHOLT Å, SØSTERBRO MØLLE;32;699103;6204768;Hillerød;Region Hovedstaden;Vandløb;Poel Å;10-02-2004;1;Feltmålinger, Vandløb;Ja;Miljøstyrelsen;https://vanda.miljoeportal.dk/link/fcf1e918-3cb6-402e-8067-1dba0b5f32df;FRB1324;32;699103;6204768;1;10-02-2004 07:45:00 +01:00;;Temperatur; =;1,7;grader C;3
Station;49000061;ÆBELHOLT Å, SØSTERBRO MØLLE;32;699103;6204768;Hillerød;Region Hovedstaden;Vandløb;Poel Å;04-07-2006;1;Feltmålinger, Vandløb;Ja;Miljøstyrelsen;https://vanda.miljoeportal.dk/link/5303c7b9-148b-43e1-9822-eeb0ba261ed9;FRB1324;32;699103;6204768;1;04-07-2006 08:35:00 +02:00;;Temperatur; =;12,7;grader C;2
Station;49000061;ÆBELHOLT Å, SØSTERBRO MØLLE;32;699103;6204768;Hillerød;Region Hovedstaden;Vandløb;Poel Å;13-05-2020;1;Feltmålinger, Vandløb;Ja;Miljøstyrelsen;https://vanda.miljoeportal.dk/link/2c6c5052-79d4-477d-a65f-6eb149a713c6;FRB1324;32;699103;6204768;1;13-05-2020 14:35:00 +02:00;;Temperatur; =;13,1;grader C;2
Station;49000061;ÆBELHOLT Å, SØSTERBRO MØLLE;32;699103;6204768;Hillerød;Region Hovedstaden;Vandløb;Poel Å;30-09-2020;1;Feltmålinger, Vandløb;Ja;Miljøstyrelsen;https://vanda.miljoeportal.dk/link/f63ebb47-809e-49c2-8419-70a2c35f16c5;FRB1324;32;699103;6204768;1;30-09-2020 12:35:00 +02:00;;pH; =;8,38;pH;2
Station;49000061;ÆBELHOLT Å, SØSTERBRO MØLLE;32;699103;6204768;Hillerød;Region Hovedstaden;Vandløb;Poel Å;19-05-2004;1;Feltmålinger, Vandløb;Ja;Miljøstyrelsen;https://vanda.miljoeportal.dk/link/40645609-708e-460c-a030-504d74e6b1c4;FRB1324;32;699103;6204768;1;19-05-2004 08:30:00 +02:00;;Temperatur; =;10,3;grader C;3
Station;49000061;ÆBELHOLT Å, SØSTERBRO MØLLE;32;699103;6204768;Hillerød;Region Hovedstaden;Vandløb;Poel Å;04-07-2016;1;Feltmålinger, Vandløb;Ja;Miljøstyrelsen;https://vanda.miljoeportal.dk/link/0de41398-750a-4ce9-bf0e-d4a5d464807c;FRB1324;32;699103;6204768;1;04-07-2016 08:55:00 +02:00;;Temperatur; =;13,1;grader C;3
Station;49000061;ÆBELHOLT Å, SØSTERBRO MØLLE;32;699103;6204768;Hillerød;Region Hovedstaden;Vandløb;Poel Å;17-01-2006;1;Feltmålinger, Vandløb;Ja;Miljøstyrelsen;https://vanda.miljoeportal.dk/link/b0400dd7-63df-4e13-b8df-f55b4c548959;FRB1324;32;699103;6204768;1;17-01-2006 08:50:00 +01:00;;Temperatur; =;2;grader C;2
Station;49000061;ÆBELHOLT Å, SØSTERBRO MØLLE;32;699103;6204768;Hillerød;Region Hovedstaden;Vandløb;Poel Å;07-02-2012;1;Feltmålinger, Vandløb;Ja;Miljøstyrelsen;https://vanda.miljoeportal.dk/link/ecb3fbc5-e202-46a5-802a-fc4443fda51d;FRB1324;32;699103;6204768;1;07-02-2012 08:35:00 +01:00;;Temperatur; =;0;grader C;3
Station;49000061;ÆBELHOLT Å, SØSTERBRO MØLLE;32;699103;6204768;Hillerød;Region Hovedstaden;Vandløb;Poel Å;23-06-2016;1;Feltmålinger, Vandløb;Ja;Miljøstyrelsen;https://vanda.miljoeportal.dk/link/d92fcb13-d1f1-4397-8042-a65a4f66ed62;FRB1324;32;699103;6204768;1;23-06-2016 08:55:00 +02:00;;Temperatur; =;13,7;grader C;3
Station;49000061;ÆBELHOLT Å, SØSTERBRO MØLLE;32;699103;6204768;Hillerød;Region Hovedstaden;Vandløb;Poel Å;15-07-2008;1;Feltmålinger, Vandløb;Ja;Miljøstyrelsen;https://vanda.miljoeportal.dk/link/0412bce3-d753-47d9-b68e-7be765f7234f;FRB1324;32;699103;6204768;1;15-07-2008 08:15:00 +02:00;;Temperatur; =;18,9;grader C;3
Station;49000061;ÆBELHOLT Å, SØSTERBRO MØLLE;32;699103;6204768;Hillerød;Region Hovedstaden;Vandløb;Poel Å;21-10-2004;1;Feltmålinger, Vandløb;Ja;Miljøstyrelsen;https://vanda.miljoeportal.dk/link/588596e8-40fc-4657-8717-046855d0461a;FRB1324;32;699103;6204768;1;21-10-2004 00:00:00 +02:00;;Oxygenmætning; =;69;pct;3
Station;49000061;ÆBELHOLT Å, SØSTERBRO MØLLE;32;699103;6204768;Hillerød;Region Hovedstaden;Vandløb;Poel Å;18-10-2016;1;Feltmålinger, Vandløb;Ja;Miljøstyrelsen;https://vanda.miljoeportal.dk/link/35fdf77a-32d7-4041-9221-d288a480a8d3;FRB1324;32;699103;6204768;1;18-10-2016 12:20:00 +02:00;;Temperatur; =;9,9;grader C;3
Station;49000061;ÆBELHOLT Å, SØSTERBRO MØLLE;32;699103;6204768;Hillerød;Region Hovedstaden;Vandløb;Poel Å;10-10-2006;1;Feltmålinger, Vandløb;Ja;Miljøstyrelsen;https://vanda.miljoeportal.dk/link/451f0444-b83c-4faf-992d-7d5ab8a7faa0;FRB1324;32;699103;6204768;1;10-10-2006 08:45:00 +02:00;;Oxygen indhold; =;7,6;mg/l;2
Station;49000061;ÆBELHOLT Å, SØSTERBRO MØLLE;32;699103;6204768;Hillerød;Region Hovedstaden;Vandløb;Poel Å;20-04-2004;1;Feltmålinger, Vandløb;Ja;Miljøstyrelsen;https://vanda.miljoeportal.dk/link/e370b73b-507e-4093-bc37-3e89fd3e8d1e;FRB1324;32;699103;6204768;1;20-04-2004 08:20:00 +02:00;;Oxygen indhold; =;9,2;mg/l;3
Station;49000061;ÆBELHOLT Å, SØSTERBRO MØLLE;32;699103;6204768;Hillerød;Region Hovedstaden;Vandløb;Poel Å;27-03-2007;1;Feltmålinger, Vandløb;Ja;Miljøstyrelsen;https://vanda.miljoeportal.dk/link/0c44ad29-9850-45f2-abf8-17ef76199aa0;FRB1324;32;699103;6204768;1;27-03-2007 08:25:00 +02:00;;Temperatur; =;5,8;grader C;3
Station;49000061;ÆBELHOLT Å, SØSTERBRO MØLLE;32;699103;6204768;Hillerød;Region Hovedstaden;Vandløb;Poel Å;24-02-2004;1;Feltmålinger, Vandløb;Ja;Miljøstyrelsen;https://vanda.miljoeportal.dk/link/4a62e14d-d804-4486-a368-0b2c545af5cb;FRB1324;32;699103;6204768;1;24-02-2004 08:30:00 +01:00;;Oxygen indhold; =;12;mg/l;3
Station;49000061;ÆBELHOLT Å, SØSTERBRO MØLLE;32;699103;6204768;Hillerød;Region Hovedstaden;Vandløb;Poel Å;11-03-2014;1;Feltmålinger, Vandløb;Ja;Miljøstyrelsen;https://vanda.miljoeportal.dk/link/534738f1-f559-49df-a275-cafe8ddc0366;FRB1324;32;699103;6204768;1;11-03-2014 08:00:00 +01:00;;pH; =;7,6;pH;3
Station;49000061;ÆBELHOLT Å, SØSTERBRO MØLLE;32;699103;6204768;Hillerød;Region Hovedstaden;Vandløb;Poel Å;26-02-2018;1;Feltmålinger, Vandløb;Ja;Miljøstyrelsen;https://vanda.miljoeportal.dk/link/3b4ee867-4ee6-43e3-869d-a8d90477fb7f;FRB1324;32;699103;6204768;1;26-02-2018 08:40:00 +01:00;;pH; =;7,8;pH;2
Station;49000061;ÆBELHOLT Å, SØSTERBRO MØLLE;32;699103;6204768;Hillerød;Region Hovedstaden;Vandløb;Poel Å;29-10-2013;1;Feltmålinger, Vandløb;Ja;Miljøstyrelsen;https://vanda.miljoeportal.dk/link/e88c3bea-64f2-4cd8-bf8c-7d92a91369d7;FRB1324;32;699103;6204768;1;29-10-2013 08:20:00 +01:00;;pH; =;7,9;pH;3
Station;49000061;ÆBELHOLT Å, SØSTERBRO MØLLE;32;699103;6204768;Hillerød;Region Hovedstaden;Vandløb;Poel Å;20-04-2017;1;Feltmålinger, Vandløb;Ja;Miljøstyrelsen;https://vanda.miljoeportal.dk/link/4f7a5bc4-6fbf-4270-ad86-e8f78800ae64;FRB1324;32;699103;6204768;1;20-04-2017 08:30:00 +02:00;;Temperatur; =;5,6;grader C;2
Station;49000061;ÆBELHOLT Å, SØSTERBRO MØLLE;32;699103;6204768;Hillerød;Region Hovedstaden;Vandløb;Poel Å;06-03-2017;1;Feltmålinger, Vandløb;Ja;Miljøstyrelsen;https://vanda.miljoeportal.dk/link/d03e7429-8005-4473-b96a-1fdf6ce20ab9;FRB1324;32;699103;6204768;1;06-03-2017 09:05:00 +01:00;;pH; =;8;pH;2
Station;49000061;ÆBELHOLT Å, SØSTERBRO MØLLE;32;699103;6204768;Hillerød;Region Hovedstaden;Vandløb;Poel Å;08-05-2007;1;Feltmålinger, Vandløb;Ja;Miljøstyrelsen;https://vanda.miljoeportal.dk/link/ea0c619a-c204-4aa0-851c-8ce1a6de75db;FRB1324;32;699103;6204768;1;08-05-2007 08:15:00 +02:00;;Temperatur; =;10,4;grader C;3
Station;49000061;ÆBELHOLT Å, SØSTERBRO MØLLE;32;699103;6204768;Hillerød;Region Hovedstaden;Vandløb;Poel Å;11-02-2014;1;Feltmålinger, Vandløb;Ja;Miljøstyrelsen;https://vanda.miljoeportal.dk/link/cfa62947-01ec-42b1-8947-c81b1c789584;FRB1324;32;699103;6204768;1;11-02-2014 08:15:00 +01:00;;pH; =;7,8;pH;3
Station;49000061;ÆBELHOLT Å, SØSTERBRO MØLLE;32;699103;6204768;Hillerød;Region Hovedstaden;Vandløb;Poel Å;24-05-2005;1;Feltmålinger, Vandløb;Ja;Miljøstyrelsen;https://vanda.miljoeportal.dk/link/560e6a2b-23a1-4afd-b378-0af0bda7409f;FRB1324;32;699103;6204768;1;24-05-2005 08:46:00 +02:00;;Oxygenmætning; =;96;pct;3
Station;49000061;ÆBELHOLT Å, SØSTERBRO MØLLE;32;699103;6204768;Hillerød;Region Hovedstaden;Vandløb;Poel Å;10-10-2005;1;Feltmålinger, Vandløb;Ja;Miljøstyrelsen;https://vanda.miljoeportal.dk/link/63d3ac4b-405d-4fb4-9ffb-b36dc18f2a0d;FRB1324;32;699103;6204768;1;10-10-2005 08:55:00 +02:00;;Oxygenmætning; =;82;pct;3
Station;49000061;ÆBELHOLT Å, SØSTERBRO MØLLE;32;699103;6204768;Hillerød;Region Hovedstaden;Vandløb;Poel Å;13-12-2011;1;Feltmålinger, Vandløb;Ja;Miljøstyrelsen;https://vanda.miljoeportal.dk/link/4ba7e6e8-2683-4bf4-9e44-933933fc4f6f;FRB1324;32;699103;6204768;1;13-12-2011 08:40:00 +01:00;;pH; =;7,9;pH;3
Station;49000061;ÆBELHOLT Å, SØSTERBRO MØLLE;32;699103;6204768;Hillerød;Region Hovedstaden;Vandløb;Poel Å;21-04-2009;1;Feltmålinger, Vandløb;Ja;Miljøstyrelsen;https://vanda.miljoeportal.dk/link/e5e63ddf-9eed-4de1-8902-d5b7138210ac;FRB1324;32;699103;6204768;1;21-04-2009 08:10:00 +02:00;;Temperatur; =;6,4;grader C;3
Station;49000061;ÆBELHOLT Å, SØSTERBRO MØLLE;32;699103;6204768;Hillerød;Region Hovedstaden;Vandløb;Poel Å;13-08-2018;1;Feltmålinger, Vandløb;Ja;Miljøstyrelsen;https://vanda.miljoeportal.dk/link/e2a13e27-4e71-45e8-9946-563f54d09a01;FRB1324;32;699103;6204768;1;13-08-2018 10:25:00 +02:00;;Temperatur; =;15,2;grader C;2
Station;49000061;ÆBELHOLT Å, SØSTERBRO MØLLE;32;699103;6204768;Hillerød;Region Hovedstaden;Vandløb;Poel Å;08-09-2009;1;Feltmålinger, Vandløb;Ja;Miljøstyrelsen;https://vanda.miljoeportal.dk/link/089637cb-0ace-4e9a-8082-e47d6a07c106;FRB1324;32;699103;6204768;1;08-09-2009 08:30:00 +02:00;;Temperatur; =;13,4;grader C;3
Station;49000061;ÆBELHOLT Å, SØSTERBRO MØLLE;32;699103;6204768;Hillerød;Region Hovedstaden;Vandløb;Poel Å;04-12-2002;1;Feltmålinger, Vandløb;Ja;Miljøstyrelsen;https://vanda.miljoeportal.dk/link/8740de2b-3954-4598-907d-c15b2d8054a4;FRB1324;32;699103;6204768;1;04-12-2002 08:39:00 +01:00;;Temperatur; =;5,9;grader C;3
Station;49000061;ÆBELHOLT Å, SØSTERBRO MØLLE;32;699103;6204768;Hillerød;Region Hovedstaden;Vandløb;Poel Å;26-06-2003;1;Feltmålinger, Vandløb;Ja;Miljøstyrelsen;https://vanda.miljoeportal.dk/link/fbd00be9-de4c-4f77-a45e-987453873f2b;FRB1324;32;699103;6204768;1;26-06-2003 08:27:00 +02:00;;Temperatur; =;12;grader C;3
Station;49000061;ÆBELHOLT Å, SØSTERBRO MØLLE;32;699103;6204768;Hillerød;Region Hovedstaden;Vandløb;Poel Å;04-04-2019;1;Feltmålinger, Vandløb;Ja;Miljøstyrelsen;https://vanda.miljoeportal.dk/link/9c06b4c5-6af3-404c-8935-eb6ebb01046d;FRB1324;32;699103;6204768;1;04-04-2019 13:00:00 +02:00;;Temperatur; =;11,8;grader C;2
Station;49000061;ÆBELHOLT Å, SØSTERBRO MØLLE;32;699103;6204768;Hillerød;Region Hovedstaden;Vandløb;Poel Å;07-05-2015;1;Feltmålinger, Vandløb;Ja;Miljøstyrelsen;https://vanda.miljoeportal.dk/link/a82746ab-78bd-4227-86db-e59a117e3830;FRB1324;32;699103;6204768;1;07-05-2015 10:00:00 +02:00;;Temperatur; =;11,6;grader C;2
Station;49000061;ÆBELHOLT Å, SØSTERBRO MØLLE;32;699103;6204768;Hillerød;Region Hovedstaden;Vandløb;Poel Å;03-07-2013;1;Feltmålinger, Vandløb;Ja;Miljøstyrelsen;https://vanda.miljoeportal.dk/link/87497056-9019-4641-ad25-ea179d160aba;FRB1324;32;699103;6204768;1;03-07-2013 09:00:00 +02:00;;Temperatur; =;12,8;grader C;3
Station;49000061;ÆBELHOLT Å, SØSTERBRO MØLLE;32;699103;6204768;Hillerød;Region Hovedstaden;Vandløb;Poel Å;17-12-2019;1;Feltmålinger, Vandløb;Ja;Miljøstyrelsen;https://vanda.miljoeportal.dk/link/54085ffe-458e-418e-882b-648e6b3cd4a5;FRB1324;32;699103;6204768;1;17-12-2019 15:15:00 +01:00;;pH; =;7,9;pH;2
Station;49000061;ÆBELHOLT Å, SØSTERBRO MØLLE;32;699103;6204768;Hillerød;Region Hovedstaden;Vandløb;Poel Å;14-02-2006;1;Feltmålinger, Vandløb;Ja;Miljøstyrelsen;https://vanda.miljoeportal.dk/link/2d181fb9-14c2-4cc3-87f7-9197c1782bd1;FRB1324;32;699103;6204768;1;14-02-2006 08:25:00 +01:00;;Oxygen indhold; =;11,3;mg/l;2
Station;49000061;ÆBELHOLT Å, SØSTERBRO MØLLE;32;699103;6204768;Hillerød;Region Hovedstaden;Vandløb;Poel Å;20-03-2003;1;Feltmålinger, Vandløb;Ja;Miljøstyrelsen;https://vanda.miljoeportal.dk/link/2af23fe4-715c-4028-bbaa-d550331872c5;FRB1324;32;699103;6204768;1;20-03-2003 11:40:00 +01:00;;Temperatur; =;5,1;grader C;3
Station;49000061;ÆBELHOLT Å, SØSTERBRO MØLLE;32;699103;6204768;Hillerød;Region Hovedstaden;Vandløb;Poel Å;18-07-2018;1;Feltmålinger, Vandløb;Ja;Miljøstyrelsen;https://vanda.miljoeportal.dk/link/708787a9-1df5-4baf-89b0-bc701abf0609;FRB1324;32;699103;6204768;1;18-07-2018 10:25:00 +02:00;;pH; =;7,9;pH;2
Station;49000061;ÆBELHOLT Å, SØSTERBRO MØLLE;32;699103;6204768;Hillerød;Region Hovedstaden;Vandløb;Poel Å;10-12-2020;1;Feltmålinger, Vandløb;Ja;Miljøstyrelsen;https://vanda.miljoeportal.dk/link/3de53894-4085-4581-a521-0be1b1b31d82;FRB1324;32;699103;6204768;1;10-12-2020 10:53:00 +01:00;;pH; =;8,13;pH;2
Station;49000061;ÆBELHOLT Å, SØSTERBRO MØLLE;32;699103;6204768;Hillerød;Region Hovedstaden;Vandløb;Poel Å;01-06-2004;1;Feltmålinger, Vandløb;Ja;Miljøstyrelsen;https://vanda.miljoeportal.dk/link/ce5e887b-ef3a-4362-b596-1206cd072233;FRB1324;32;699103;6204768;1;01-06-2004 08:30:00 +02:00;;Temperatur; =;9,5;grader C;3
Station;49000061;ÆBELHOLT Å, SØSTERBRO MØLLE;32;699103;6204768;Hillerød;Region Hovedstaden;Vandløb;Poel Å;25-04-2019;1;Feltmålinger, Vandløb;Ja;Miljøstyrelsen;https://vanda.miljoeportal.dk/link/2627b58a-36ae-49a8-8e51-5c9c187562fc;FRB1324;32;699103;6204768;1;25-04-2019 12:00:00 +02:00;;pH; =;8,5;pH;2
Station;49000061;ÆBELHOLT Å, SØSTERBRO MØLLE;32;699103;6204768;Hillerød;Region Hovedstaden;Vandløb;Poel Å;13-03-2012;1;Feltmålinger, Vandløb;Ja;Miljøstyrelsen;https://vanda.miljoeportal.dk/link/d3047568-f644-45e9-aaed-0b8cda1954e0;FRB1324;32;699103;6204768;1;13-03-2012 07:45:00 +01:00;;Temperatur; =;5;grader C;3
Station;49000061;ÆBELHOLT Å, SØSTERBRO MØLLE;32;699103;6204768;Hillerød;Region Hovedstaden;Vandløb;Poel Å;06-12-2016;1;Feltmålinger, Vandløb;Ja;Miljøstyrelsen;https://vanda.miljoeportal.dk/link/6f8666ca-b25b-4c7a-a0b6-6ab2cefedb8b;FRB1324;32;699103;6204768;1;06-12-2016 09:25:00 +01:00;;pH; =;8;pH;3
Station;49000061;ÆBELHOLT Å, SØSTERBRO MØLLE;32;699103;6204768;Hillerød;Region Hovedstaden;Vandløb;Poel Å;20-12-2005;1;Feltmålinger, Vandløb;Ja;Miljøstyrelsen;https://vanda.miljoeportal.dk/link/024139bb-3aa4-4f0a-b64f-3aad2899b27c;FRB1324;32;699103;6204768;1;20-12-2005 08:20:00 +01:00;;Oxygen indhold; =;9,5;mg/l;3
Station;49000061;ÆBELHOLT Å, SØSTERBRO MØLLE;32;699103;6204768;Hillerød;Region Hovedstaden;Vandløb;Poel Å;16-01-2007;1;Feltmålinger, Vandløb;Ja;Miljøstyrelsen;https://vanda.miljoeportal.dk/link/ef94baa0-d5be-4919-aba8-9b7d922a61f2;FRB1324;32;699103;6204768;1;16-01-2007 09:00:00 +01:00;;Temperatur; =;7;grader C;2
Station;49000061;ÆBELHOLT Å, SØSTERBRO MØLLE;32;699103;6204768;Hillerød;Region Hovedstaden;Vandløb;Poel Å;11-04-2012;1;Feltmålinger, Vandløb;Ja;Miljøstyrelsen;https://vanda.miljoeportal.dk/link/37002398-fc4a-4852-9121-12ea7b8b6a3c;FRB1324;32;699103;6204768;1;11-04-2012 08:20:00 +02:00;;Temperatur; =;7;grader C;3
Station;49000061;ÆBELHOLT Å, SØSTERBRO MØLLE;32;699103;6204768;Hillerød;Region Hovedstaden;Vandløb;Poel Å;29-10-2015;1;Feltmålinger, Vandløb;Ja;Miljøstyrelsen;https://vanda.miljoeportal.dk/link/ff606cad-b759-4ebc-8a96-dce2b4451c29;FRB1324;32;699103;6204768;1;29-10-2015 06:40:00 +01:00;;Temperatur; =;7,6;grader C;2
Station;49000061;ÆBELHOLT Å, SØSTERBRO MØLLE;32;699103;6204768;Hillerød;Region Hovedstaden;Vandløb;Poel Å;27-10-2017;1;Feltmålinger, Vandløb;Ja;Miljøstyrelsen;https://vanda.miljoeportal.dk/link/92f033c8-53d3-4cf3-ae6e-0d1dd6ce1e90;FRB1324;32;699103;6204768;1;27-10-2017 08:05:00 +02:00;;Temperatur; =;10,8;grader C;2
Station;49000061;ÆBELHOLT Å, SØSTERBRO MØLLE;32;699103;6204768;Hillerød;Region Hovedstaden;Vandløb;Poel Å;25-01-2011;1;Feltmålinger, Vandløb;Ja;Miljøstyrelsen;https://vanda.miljoeportal.dk/link/93aa3c31-9eb9-4e87-863c-92ba73fb26c7;FRB1324;32;699103;6204768;1;25-01-2011 08:20:00 +01:00;;pH; =;7,4;pH;3
Station;49000061;ÆBELHOLT Å, SØSTERBRO MØLLE;32;699103;6204768;Hillerød;Region Hovedstaden;Vandløb;Poel Å;07-09-2011;1;Feltmålinger, Vandløb;Ja;Miljøstyrelsen;https://vanda.miljoeportal.dk/link/249a4e2d-3d57-47c6-a25c-cd0005fbcbe6;FRB1324;32;699103;6204768;1;07-09-2011 10:55:00 +02:00;;Temperatur; =;14,2;grader C;3
Station;49000061;ÆBELHOLT Å, SØSTERBRO MØLLE;32;699103;6204768;Hillerød;Region Hovedstaden;Vandløb;Poel Å;08-07-2015;1;Feltmålinger, Vandløb;Ja;Miljøstyrelsen;https://vanda.miljoeportal.dk/link/72f6c02b-6e1f-47de-ae1f-2d0b02d3b1d4;FRB1324;32;699103;6204768;1;08-07-2015 10:40:00 +02:00;;pH; =;8,1;pH;2
Station;49000061;ÆBELHOLT Å, SØSTERBRO MØLLE;32;699103;6204768;Hillerød;Region Hovedstaden;Vandløb;Poel Å;14-06-2011;1;Feltmålinger, Vandløb;Ja;Miljøstyrelsen;https://vanda.miljoeportal.dk/link/820f414d-9d6e-47e9-8fe4-9d149e148c92;FRB1324;32;699103;6204768;1;14-06-2011 09:25:00 +02:00;;pH; =;7,8;pH;3
Station;49000061;ÆBELHOLT Å, SØSTERBRO MØLLE;32;699103;6204768;Hillerød;Region Hovedstaden;Vandløb;Poel Å;17-01-2013;1;Feltmålinger, Vandløb;Ja;Miljøstyrelsen;https://vanda.miljoeportal.dk/link/b313665f-7521-4fc7-b804-6cd7840cae51;FRB1324;32;699103;6204768;1;17-01-2013 08:10:00 +01:00;;pH; =;7,7;pH;3
Station;49000061;ÆBELHOLT Å, SØSTERBRO MØLLE;32;699103;6204768;Hillerød;Region Hovedstaden;Vandløb;Poel Å;08-11-2016;1;Feltmålinger, Vandløb;Ja;Miljøstyrelsen;https://vanda.miljoeportal.dk/link/9c992078-b6af-4d3e-896d-ecebf5981cfe;FRB1324;32;699103;6204768;1;08-11-2016 08:55:00 +01:00;;pH; =;8;pH;3
Station;49000061;ÆBELHOLT Å, SØSTERBRO MØLLE;32;699103;6204768;Hillerød;Region Hovedstaden;Vandløb;Poel Å;21-06-2011;1;Feltmålinger, Vandløb;Ja;Miljøstyrelsen;https://vanda.miljoeportal.dk/link/2d8d5396-a7f5-4dd0-9976-2b124b92392b;FRB1324;32;699103;6204768;1;21-06-2011 08:40:00 +02:00;;Temperatur; =;12,7;grader C;3
Station;49000061;ÆBELHOLT Å, SØSTERBRO MØLLE;32;699103;6204768;Hillerød;Region Hovedstaden;Vandløb;Poel Å;19-05-2004;1;Feltmålinger, Vandløb;Ja;Miljøstyrelsen;https://vanda.miljoeportal.dk/link/40645609-708e-460c-a030-504d74e6b1c4;FRB1324;32;699103;6204768;1;19-05-2004 08:30:00 +02:00;;Oxygenmætning; =;81;pct;3
Station;49000061;ÆBELHOLT Å, SØSTERBRO MØLLE;32;699103;6204768;Hillerød;Region Hovedstaden;Vandløb;Poel Å;20-09-2018;1;Feltmålinger, Vandløb;Ja;Miljøstyrelsen;https://vanda.miljoeportal.dk/link/f86d90d1-0c4e-4836-a55a-925fd0cd5ed3;FRB1324;32;699103;6204768;1;20-09-2018 09:00:00 +02:00;;pH; =;8,2;pH;2
Station;49000061;ÆBELHOLT Å, SØSTERBRO MØLLE;32;699103;6204768;Hillerød;Region Hovedstaden;Vandløb;Poel Å;07-11-2017;1;Feltmålinger, Vandløb;Ja;Miljøstyrelsen;https://vanda.miljoeportal.dk/link/9c9b471c-b626-4e18-8189-f3ccf1380057;FRB1324;32;699103;6204768;1;07-11-2017 07:45:00 +01:00;;Temperatur; =;6,9;grader C;2
Station;49000061;ÆBELHOLT Å, SØSTERBRO MØLLE;32;699103;6204768;Hillerød;Region Hovedstaden;Vandløb;Poel Å;24-11-2009;1;Feltmålinger, Vandløb;Ja;Miljøstyrelsen;https://vanda.miljoeportal.dk/link/c52fa17a-ce89-4430-bafd-3a18804ffa71;FRB1324;32;699103;6204768;1;24-11-2009 08:15:00 +01:00;;Temperatur; =;7,7;grader C;3
Station;49000061;ÆBELHOLT Å, SØSTERBRO MØLLE;32;699103;6204768;Hillerød;Region Hovedstaden;Vandløb;Poel Å;13-12-2016;1;Feltmålinger, Vandløb;Ja;Miljøstyrelsen;https://vanda.miljoeportal.dk/link/770f4b04-66f8-4dc7-993e-b328633258a7;FRB1324;32;699103;6204768;1;13-12-2016 13:15:00 +01:00;;Temperatur; =;6,1;grader C;3
Station;49000061;ÆBELHOLT Å, SØSTERBRO MØLLE;32;699103;6204768;Hillerød;Region Hovedstaden;Vandløb;Poel Å;28-09-2005;1;Feltmålinger, Vandløb;Ja;Miljøstyrelsen;https://vanda.miljoeportal.dk/link/5162bdc1-3a7a-4fca-8350-ee0d3023b873;FRB1324;32;699103;6204768;1;28-09-2005 10:30:00 +02:00;;Temperatur; =;12,3;grader C;3
Station;49000061;ÆBELHOLT Å, SØSTERBRO MØLLE;32;699103;6204768;Hillerød;Region Hovedstaden;Vandløb;Poel Å;06-05-2019;1;Feltmålinger, Vandløb;Ja;Miljøstyrelsen;https://vanda.miljoeportal.dk/link/0ceea623-c3c6-406f-bb77-d28c81176836;FRB1324;32;699103;6204768;1;06-05-2019 11:00:00 +02:00;;pH; =;8,5;pH;2
Station;49000061;ÆBELHOLT Å, SØSTERBRO MØLLE;32;699103;6204768;Hillerød;Region Hovedstaden;Vandløb;Poel Å;23-05-2006;1;Feltmålinger, Vandløb;Ja;Miljøstyrelsen;https://vanda.miljoeportal.dk/link/645287e3-7ac4-4ef5-8a30-e2dfdb2a22f9;FRB1324;32;699103;6204768;1;23-05-2006 08:45:00 +02:00;;Oxygen indhold; =;8,7;mg/l;2
Station;49000061;ÆBELHOLT Å, SØSTERBRO MØLLE;32;699103;6204768;Hillerød;Region Hovedstaden;Vandløb;Poel Å;10-08-2004;1;Feltmålinger, Vandløb;Ja;Miljøstyrelsen;https://vanda.miljoeportal.dk/link/9a65bb89-702e-4276-87ef-7af14be3e652;FRB1324;32;699103;6204768;1;10-08-2004 09:00:00 +02:00;;Oxygenmætning; =;98;pct;3
Station;49000061;ÆBELHOLT Å, SØSTERBRO MØLLE;32;699103;6204768;Hillerød;Region Hovedstaden;Vandløb;Poel Å;17-08-2010;1;Feltmålinger, Vandløb;Ja;Miljøstyrelsen;https://vanda.miljoeportal.dk/link/3260d48c-86d0-4e7a-a1ee-9ae6b374e355;FRB1324;32;699103;6204768;1;17-08-2010 08:30:00 +02:00;;Temperatur; =;15,9;grader C;3
Station;49000061;ÆBELHOLT Å, SØSTERBRO MØLLE;32;699103;6204768;Hillerød;Region Hovedstaden;Vandløb;Poel Å;23-10-2013;1;Feltmålinger, Vandløb;Ja;Miljøstyrelsen;https://vanda.miljoeportal.dk/link/31df5fea-b99a-4159-98bb-1f90c5ce47b1;FRB1324;32;699103;6204768;1;23-10-2013 08:50:00 +02:00;;pH; =;7,9;pH;3
Station;49000061;ÆBELHOLT Å, SØSTERBRO MØLLE;32;699103;6204768;Hillerød;Region Hovedstaden;Vandløb;Poel Å;23-08-2012;1;Feltmålinger, Vandløb;Ja;Miljøstyrelsen;https://vanda.miljoeportal.dk/link/361ac10a-72a9-4d59-9e6f-5dab63bfa4ea;FRB1324;32;699103;6204768;1;23-08-2012 07:45:00 +02:00;;pH; =;8,1;pH;3
Station;49000061;ÆBELHOLT Å, SØSTERBRO MØLLE;32;699103;6204768;Hillerød;Region Hovedstaden;Vandløb;Poel Å;02-10-2003;1;Feltmålinger, Vandløb;Ja;Miljøstyrelsen;https://vanda.miljoeportal.dk/link/3482c11e-50af-49d5-a8d3-34243ca9eac5;FRB1324;32;699103;6204768;1;02-10-2003 08:46:00 +02:00;;Temperatur; =;8,6;grader C;3
Station;49000061;ÆBELHOLT Å, SØSTERBRO MØLLE;32;699103;6204768;Hillerød;Region Hovedstaden;Vandløb;Poel Å;22-04-2008;1;Feltmålinger, Vandløb;Ja;Miljøstyrelsen;https://vanda.miljoeportal.dk/link/4c024975-26a6-400a-872c-eb0b284774e5;FRB1324;32;699103;6204768;1;22-04-2008 08:50:00 +02:00;;Temperatur; =;8,3;grader C;3
Station;49000061;ÆBELHOLT Å, SØSTERBRO MØLLE;32;699103;6204768;Hillerød;Region Hovedstaden;Vandløb;Poel Å;26-05-2015;1;Feltmålinger, Vandløb;Ja;Miljøstyrelsen;https://vanda.miljoeportal.dk/link/359a53f0-78f9-4185-9253-e7ca1c79d7cc;FRB1324;32;699103;6204768;1;26-05-2015 08:30:00 +02:00;;Temperatur; =;9,7;grader C;2
Station;49000061;ÆBELHOLT Å, SØSTERBRO MØLLE;32;699103;6204768;Hillerød;Region Hovedstaden;Vandløb;Poel Å;16-06-2009;1;Feltmålinger, Vandløb;Ja;Miljøstyrelsen;https://vanda.miljoeportal.dk/link/d6d89e47-7d34-4848-9808-6c4754761b9a;FRB1324;32;699103;6204768;1;16-06-2009 07:45:00 +02:00;;Temperatur; =;11,6;grader C;3
Station;49000061;ÆBELHOLT Å, SØSTERBRO MØLLE;32;699103;6204768;Hillerød;Region Hovedstaden;Vandløb;Poel Å;31-08-2017;1;Feltmålinger, Vandløb;Ja;Miljøstyrelsen;https://vanda.miljoeportal.dk/link/6df193dd-ce16-4af5-ad28-1eb0083f3737;FRB1324;32;699103;6204768;1;31-08-2017 09:00:00 +02:00;;pH; =;8;pH;2
Station;49000061;ÆBELHOLT Å, SØSTERBRO MØLLE;32;699103;6204768;Hillerød;Region Hovedstaden;Vandløb;Poel Å;15-03-2005;1;Feltmålinger, Vandløb;Ja;Miljøstyrelsen;https://vanda.miljoeportal.dk/link/97fe5e06-c30d-420f-9ca5-e1a93f33eddb;FRB1324;32;699103;6204768;1;15-03-2005 08:30:00 +01:00;;Oxygenmætning; =;79;pct;3
Station;49000061;ÆBELHOLT Å, SØSTERBRO MØLLE;32;699103;6204768;Hillerød;Region Hovedstaden;Vandløb;Poel Å;20-11-2018;1;Feltmålinger, Vandløb;Ja;Miljøstyrelsen;https://vanda.miljoeportal.dk/link/d7e1ef71-4f0a-49f3-a5d3-68b67e7a9e5d;FRB1324;32;699103;6204768;1;20-11-2018 09:00:00 +01:00;;Temperatur; =;4,2;grader C;2
Station;49000061;ÆBELHOLT Å, SØSTERBRO MØLLE;32;699103;6204768;Hillerød;Region Hovedstaden;Vandløb;Poel Å;24-05-2011;1;Feltmålinger, Vandløb;Ja;Miljøstyrelsen;https://vanda.miljoeportal.dk/link/f69713b6-fad4-439f-a07d-e5f269b74164;FRB1324;32;699103;6204768;1;24-05-2011 08:05:00 +02:00;;pH; =;7,5;pH;3
Station;49000061;ÆBELHOLT Å, SØSTERBRO MØLLE;32;699103;6204768;Hillerød;Region Hovedstaden;Vandløb;Poel Å;05-08-2010;1;Feltmålinger, Vandløb;Ja;Miljøstyrelsen;https://vanda.miljoeportal.dk/link/208d4c03-27e4-4d7a-b562-7570238db9df;FRB1324;32;699103;6204768;1;05-08-2010 10:25:00 +02:00;;Temperatur; =;15,6;grader C;3
Station;49000061;ÆBELHOLT Å, SØSTERBRO MØLLE;32;699103;6204768;Hillerød;Region Hovedstaden;Vandløb;Poel Å;28-08-2002;1;Feltmålinger, Vandløb;Ja;Miljøstyrelsen;https://vanda.miljoeportal.dk/link/1055da43-cf82-47ee-b542-66caecce99fe;FRB1324;32;699103;6204768;1;28-08-2002 07:55:00 +02:00;;Oxygenmætning; =;61;pct;3
Station;49000061;ÆBELHOLT Å, SØSTERBRO MØLLE;32;699103;6204768;Hillerød;Region Hovedstaden;Vandløb;Poel Å;04-01-2005;1;Feltmålinger, Vandløb;Ja;Miljøstyrelsen;https://vanda.miljoeportal.dk/link/5b662245-e4ff-4afd-8cc5-6df5df336e4b;FRB1324;32;699103;6204768;1;04-01-2005 08:30:00 +01:00;;Temperatur; =;5,2;grader C;3
Station;49000061;ÆBELHOLT Å, SØSTERBRO MØLLE;32;699103;6204768;Hillerød;Region Hovedstaden;Vandløb;Poel Å;28-08-2019;1;Feltmålinger, Vandløb;Ja;Miljøstyrelsen;https://vanda.miljoeportal.dk/link/78cc0194-9eb7-4a7c-94c0-64baea81ae3e;FRB1324;32;699103;6204768;1;28-08-2019 13:25:00 +02:00;;Temperatur; =;18,8;grader C;2
Station;49000061;ÆBELHOLT Å, SØSTERBRO MØLLE;32;699103;6204768;Hillerød;Region Hovedstaden;Vandløb;Poel Å;16-11-2004;1;Feltmålinger, Vandløb;Ja;Miljøstyrelsen;https://vanda.miljoeportal.dk/link/191242ea-0297-46e4-9aee-e183d42ed325;FRB1324;32;699103;6204768;1;16-11-2004 08:20:00 +01:00;;Oxygen indhold; =;8,8;mg/l;3
Station;49000061;ÆBELHOLT Å, SØSTERBRO MØLLE;32;699103;6204768;Hillerød;Region Hovedstaden;Vandløb;Poel Å;28-07-2010;1;Feltmålinger, Vandløb;Ja;Miljøstyrelsen;https://vanda.miljoeportal.dk/link/67a5a67b-5bc3-427e-8246-3784cd788628;FRB1324;32;699103;6204768;1;28-07-2010 10:40:00 +02:00;;Temperatur; =;13,9;grader C;3
Station;49000061;ÆBELHOLT Å, SØSTERBRO MØLLE;32;699103;6204768;Hillerød;Region Hovedstaden;Vandløb;Poel Å;05-12-2017;1;Feltmålinger, Vandløb;Ja;Miljøstyrelsen;https://vanda.miljoeportal.dk/link/4f4fa8c9-4f12-4d29-b8bc-f4fe23145524;FRB1324;32;699103;6204768;1;05-12-2017 10:20:00 +01:00;;pH; =;8;pH;2
Station;49000061;ÆBELHOLT Å, SØSTERBRO MØLLE;32;699103;6204768;Hillerød;Region Hovedstaden;Vandløb;Poel Å;04-12-2018;1;Feltmålinger, Vandløb;Ja;Miljøstyrelsen;https://vanda.miljoeportal.dk/link/ddf444ea-bc2e-4e27-93c0-9fcc005b9409;FRB1324;32;699103;6204768;1;04-12-2018 09:00:00 +01:00;;Temperatur; =;6;grader C;2
Station;49000061;ÆBELHOLT Å, SØSTERBRO MØLLE;32;699103;6204768;Hillerød;Region Hovedstaden;Vandløb;Poel Å;16-06-2021;1;Feltmålinger, Vandløb;Ja;Miljøstyrelsen;https://vanda.miljoeportal.dk/link/9ab90427-ee6e-49ca-a069-b5d2f3dc4dbd;FRB1324;32;699103;6204768;1;16-06-2021 09:34:00 +02:00;;Temperatur; =;11,8;grader C;2
Station;49000061;ÆBELHOLT Å, SØSTERBRO MØLLE;32;699103;6204768;Hillerød;Region Hovedstaden;Vandløb;Poel Å;30-09-2008;1;Feltmålinger, Vandløb;Ja;Miljøstyrelsen;https://vanda.miljoeportal.dk/link/85ef62e5-ccb0-45cd-b508-d42ca1cbd5e7;FRB1324;32;699103;6204768;1;30-09-2008 08:20:00 +02:00;;Temperatur; =;16,8;grader C;3
Station;49000061;ÆBELHOLT Å, SØSTERBRO MØLLE;32;699103;6204768;Hillerød;Region Hovedstaden;Vandløb;Poel Å;22-09-2009;1;Feltmålinger, Vandløb;Ja;Miljøstyrelsen;https://vanda.miljoeportal.dk/link/b67147e5-cf25-4bd8-8b5f-73cbd9e91848;FRB1324;32;699103;6204768;1;22-09-2009 08:40:00 +02:00;;Temperatur; =;12,2;grader C;3
Station;49000061;ÆBELHOLT Å, SØSTERBRO MØLLE;32;699103;6204768;Hillerød;Region Hovedstaden;Vandløb;Poel Å;18-07-2018;1;Feltmålinger, Vandløb;Ja;Miljøstyrelsen;https://vanda.miljoeportal.dk/link/708787a9-1df5-4baf-89b0-bc701abf0609;FRB1324;32;699103;6204768;1;18-07-2018 10:25:00 +02:00;;Temperatur; =;16;grader C;2
Station;49000061;ÆBELHOLT Å, SØSTERBRO MØLLE;32;699103;6204768;Hillerød;Region Hovedstaden;Vandløb;Poel Å;30-03-2006;1;Feltmålinger, Vandløb;Ja;Miljøstyrelsen;https://vanda.miljoeportal.dk/link/15d8c980-0cc4-4011-8c68-52ff113300a7;FRB1324;32;699103;6204768;1;30-03-2006 08:20:00 +02:00;;Temperatur; =;2,3;grader C;2
Station;49000061;ÆBELHOLT Å, SØSTERBRO MØLLE;32;699103;6204768;Hillerød;Region Hovedstaden;Vandløb;Poel Å;21-11-2006;1;Feltmålinger, Vandløb;Ja;Miljøstyrelsen;https://vanda.miljoeportal.dk/link/cf764154-729c-4567-92f7-8c9328a79c93;FRB1324;32;699103;6204768;1;21-11-2006 08:50:00 +01:00;;Temperatur; =;8,1;grader C;2
Station;49000061;ÆBELHOLT Å, SØSTERBRO MØLLE;32;699103;6204768;Hillerød;Region Hovedstaden;Vandløb;Poel Å;20-04-2016;1;Feltmålinger, Vandløb;Ja;Miljøstyrelsen;https://vanda.miljoeportal.dk/link/b093c047-1781-48e6-9607-11db11562147;FRB1324;32;699103;6204768;1;20-04-2016 07:40:00 +02:00;;Temperatur; =;7,2;grader C;3
Station;49000061;ÆBELHOLT Å, SØSTERBRO MØLLE;32;699103;6204768;Hillerød;Region Hovedstaden;Vandløb;Poel Å;09-02-2010;1;Feltmålinger, Vandløb;Ja;Miljøstyrelsen;https://vanda.miljoeportal.dk/link/f37dd214-e08b-40f1-9d20-64ca84888663;FRB1324;32;699103;6204768;1;09-02-2010 08:05:00 +01:00;;Temperatur; =;1,3;grader C;3
Station;49000061;ÆBELHOLT Å, SØSTERBRO MØLLE;32;699103;6204768;Hillerød;Region Hovedstaden;Vandløb;Poel Å;29-10-2014;1;Feltmålinger, Vandløb;Ja;Miljøstyrelsen;https://vanda.miljoeportal.dk/link/efeef536-458c-4bdd-a3f1-81ece8e9041f;FRB1324;32;699103;6204768;1;29-10-2014 07:40:00 +01:00;;pH; =;7,8;pH;3
Station;49000061;ÆBELHOLT Å, SØSTERBRO MØLLE;32;699103;6204768;Hillerød;Region Hovedstaden;Vandløb;Poel Å;20-02-2003;1;Feltmålinger, Vandløb;Ja;Miljøstyrelsen;https://vanda.miljoeportal.dk/link/a2acee82-8015-4ff6-8187-742f63cb151e;FRB1324;32;699103;6204768;1;20-02-2003 09:30:00 +01:00;;Temperatur; =;1,2;grader C;3
Station;49000061;ÆBELHOLT Å, SØSTERBRO MØLLE;32;699103;6204768;Hillerød;Region Hovedstaden;Vandløb;Poel Å;21-08-2003;1;Feltmålinger, Vandløb;Ja;Miljøstyrelsen;https://vanda.miljoeportal.dk/link/f2ee95aa-1366-4b15-bd88-daa3d1b94923;FRB1324;32;699103;6204768;1;21-08-2003 12:39:00 +02:00;;Oxygenmætning; =;108;pct;3
Station;49000061;ÆBELHOLT Å, SØSTERBRO MØLLE;32;699103;6204768;Hillerød;Region Hovedstaden;Vandløb;Poel Å;10-07-2003;1;Feltmålinger, Vandløb;Ja;Miljøstyrelsen;https://vanda.miljoeportal.dk/link/c7b7d5e3-399c-411e-af79-ca7583be567a;FRB1324;32;699103;6204768;1;10-07-2003 09:10:00 +02:00;;Temperatur; =;14,9;grader C;3
Station;49000061;ÆBELHOLT Å, SØSTERBRO MØLLE;32;699103;6204768;Hillerød;Region Hovedstaden;Vandløb;Poel Å;05-02-2019;1;Feltmålinger, Vandløb;Ja;Miljøstyrelsen;https://vanda.miljoeportal.dk/link/1e430113-000c-4dac-9c65-f3f5a32af541;FRB1324;32;699103;6204768;1;05-02-2019 09:50:00 +01:00;;Temperatur; =;4;grader C;2
Station;49000061;ÆBELHOLT Å, SØSTERBRO MØLLE;32;699103;6204768;Hillerød;Region Hovedstaden;Vandløb;Poel Å;16-08-2021;1;Feltmålinger, Vandløb;Ja;Miljøstyrelsen;https://vanda.miljoeportal.dk/link/a7db6e48-8720-4ce7-84e1-5bfed26f5415;FRB1324;32;699103;6204768;1;16-08-2021 13:16:00 +02:00;;pH; =;8,26;pH;2
Station;49000061;ÆBELHOLT Å, SØSTERBRO MØLLE;32;699103;6204768;Hillerød;Region Hovedstaden;Vandløb;Poel Å;07-09-2004;1;Feltmålinger, Vandløb;Ja;Miljøstyrelsen;https://vanda.miljoeportal.dk/link/12bed079-c546-43a0-b7e3-01146ea32f12;FRB1324;32;699103;6204768;1;07-09-2004 08:20:00 +02:00;;Temperatur; =;11,8;grader C;3
Station;49000061;ÆBELHOLT Å, SØSTERBRO MØLLE;32;699103;6204768;Hillerød;Region Hovedstaden;Vandløb;Poel Å;15-05-2003;1;Feltmålinger, Vandløb;Ja;Miljøstyrelsen;https://vanda.miljoeportal.dk/link/430340d1-f346-4bad-9607-8c48b877e887;FRB1324;32;699103;6204768;1;15-05-2003 11:01:00 +02:00;;Oxygen indhold; =;8,3;mg/l;3
Station;49000061;ÆBELHOLT Å, SØSTERBRO MØLLE;32;699103;6204768;Hillerød;Region Hovedstaden;Vandløb;Poel Å;16-04-2003;1;Feltmålinger, Vandløb;Ja;Miljøstyrelsen;https://vanda.miljoeportal.dk/link/d4f96a02-40ce-4cf7-812d-dfeae214a0f8;FRB1324;32;699103;6204768;1;16-04-2003 11:45:00 +02:00;;Oxygenmætning; =;85;pct;3
Station;49000061;ÆBELHOLT Å, SØSTERBRO MØLLE;32;699103;6204768;Hillerød;Region Hovedstaden;Vandløb;Poel Å;25-08-2014;1;Feltmålinger, Vandløb;Ja;Miljøstyrelsen;https://vanda.miljoeportal.dk/link/061b59bd-5435-4fd6-afa2-f411c9c7c5f0;FRB1324;32;699103;6204768;1;25-08-2014 08:30:00 +02:00;;Temperatur; =;11,8;grader C;3
Station;49000061;ÆBELHOLT Å, SØSTERBRO MØLLE;32;699103;6204768;Hillerød;Region Hovedstaden;Vandløb;Poel Å;26-05-2016;1;Feltmålinger, Vandløb;Ja;Miljøstyrelsen;https://vanda.miljoeportal.dk/link/7a08fc7a-1c17-4dd3-bc46-a32c52872ff9;FRB1324;32;699103;6204768;1;26-05-2016 07:40:00 +02:00;;Temperatur; =;12,7;grader C;3
Station;49000061;ÆBELHOLT Å, SØSTERBRO MØLLE;32;699103;6204768;Hillerød;Region Hovedstaden;Vandløb;Poel Å;23-01-2003;1;Feltmålinger, Vandløb;Ja;Miljøstyrelsen;https://vanda.miljoeportal.dk/link/2f04e9b2-0a34-47fd-81b2-19e0ba38c926;FRB1324;32;699103;6204768;1;23-01-2003 10:00:00 +01:00;;Temperatur; =;3,4;grader C;3
Station;49000061;ÆBELHOLT Å, SØSTERBRO MØLLE;32;699103;6204768;Hillerød;Region Hovedstaden;Vandløb;Poel Å;19-08-2020;1;Feltmålinger, Vandløb;Ja;Miljøstyrelsen;https://vanda.miljoeportal.dk/link/03822f12-99cf-491e-b140-4faa4a15f34d;FRB1324;32;699103;6204768;1;19-08-2020 13:53:00 +02:00;;pH; =;8,18;pH;2
Station;49000061;ÆBELHOLT Å, SØSTERBRO MØLLE;32;699103;6204768;Hillerød;Region Hovedstaden;Vandløb;Poel Å;05-10-2004;1;Feltmålinger, Vandløb;Ja;Miljøstyrelsen;https://vanda.miljoeportal.dk/link/307bbefd-c39c-4323-8b8b-c807f6e19803;FRB1324;32;699103;6204768;1;05-10-2004 07:55:00 +02:00;;Oxygen indhold; =;8,9;mg/l;3
Station;49000061;ÆBELHOLT Å, SØSTERBRO MØLLE;32;699103;6204768;Hillerød;Region Hovedstaden;Vandløb;Poel Å;04-12-2014;1;Feltmålinger, Vandløb;Ja;Miljøstyrelsen;https://vanda.miljoeportal.dk/link/b0dfa058-0c8d-4672-b9b9-f08986d40b9f;FRB1324;32;699103;6204768;1;04-12-2014 07:30:00 +01:00;;pH; =;7,9;pH;3
Station;49000061;ÆBELHOLT Å, SØSTERBRO MØLLE;32;699103;6204768;Hillerød;Region Hovedstaden;Vandløb;Poel Å;15-05-2003;1;Feltmålinger, Vandløb;Ja;Miljøstyrelsen;https://vanda.miljoeportal.dk/link/430340d1-f346-4bad-9607-8c48b877e887;FRB1324;32;699103;6204768;1;15-05-2003 11:01:00 +02:00;;Temperatur; =;9,2;grader C;3
Station;49000061;ÆBELHOLT Å, SØSTERBRO MØLLE;32;699103;6204768;Hillerød;Region Hovedstaden;Vandløb;Poel Å;28-02-2006;1;Feltmålinger, Vandløb;Ja;Miljøstyrelsen;https://vanda.miljoeportal.dk/link/2b3a326f-b196-4748-b340-b414a5343c69;FRB1324;32;699103;6204768;1;28-02-2006 08:55:00 +01:00;;Oxygen indhold; =;11,8;mg/l;2
Station;49000061;ÆBELHOLT Å, SØSTERBRO MØLLE;32;699103;6204768;Hillerød;Region Hovedstaden;Vandløb;Poel Å;31-07-2007;1;Feltmålinger, Vandløb;Ja;Miljøstyrelsen;https://vanda.miljoeportal.dk/link/6014022d-e9de-42af-961c-5bfab921764a;FRB1324;32;699103;6204768;1;31-07-2007 09:10:00 +02:00;;Temperatur; =;13,9;grader C;3
Station;49000061;ÆBELHOLT Å, SØSTERBRO MØLLE;32;699103;6204768;Hillerød;Region Hovedstaden;Vandløb;Poel Å;11-11-2008;1;Feltmålinger, Vandløb;Ja;Miljøstyrelsen;https://vanda.miljoeportal.dk/link/38a3bfd9-6b38-4893-b59d-ee86a09d4013;FRB1324;32;699103;6204768;1;11-11-2008 08:05:00 +01:00;;Temperatur; =;9,1;grader C;3
Station;49000061;ÆBELHOLT Å, SØSTERBRO MØLLE;32;699103;6204768;Hillerød;Region Hovedstaden;Vandløb;Poel Å;04-12-2002;1;Feltmålinger, Vandløb;Ja;Miljøstyrelsen;https://vanda.miljoeportal.dk/link/8740de2b-3954-4598-907d-c15b2d8054a4;FRB1324;32;699103;6204768;1;04-12-2002 08:39:00 +01:00;;Oxygenmætning; =;82;pct;3
Station;49000061;ÆBELHOLT Å, SØSTERBRO MØLLE;32;699103;6204768;Hillerød;Region Hovedstaden;Vandløb;Poel Å;23-10-2012;1;Feltmålinger, Vandløb;Ja;Miljøstyrelsen;https://vanda.miljoeportal.dk/link/c392d6d7-7677-4f2b-9204-d4aa272af800;FRB1324;32;699103;6204768;1;23-10-2012 07:50:00 +02:00;;pH; =;7,9;pH;3
Station;49000061;ÆBELHOLT Å, SØSTERBRO MØLLE;32;699103;6204768;Hillerød;Region Hovedstaden;Vandløb;Poel Å;17-08-2005;1;Feltmålinger, Vandløb;Ja;Miljøstyrelsen;https://vanda.miljoeportal.dk/link/d3174ccd-e7d2-4263-ad7d-00402fd5ba22;FRB1324;32;699103;6204768;1;17-08-2005 11:50:00 +02:00;;Oxygen indhold; =;14,5;mg/l;3
Station;49000061;ÆBELHOLT Å, SØSTERBRO MØLLE;32;699103;6204768;Hillerød;Region Hovedstaden;Vandløb;Poel Å;18-12-2002;1;Feltmålinger, Vandløb;Ja;Miljøstyrelsen;https://vanda.miljoeportal.dk/link/feaeb7f1-8ac1-4b99-9c95-8dc5f44c26bb;FRB1324;32;699103;6204768;1;18-12-2002 08:14:00 +01:00;;Oxygen indhold; =;10,2;mg/l;3
Station;49000061;ÆBELHOLT Å, SØSTERBRO MØLLE;32;699103;6204768;Hillerød;Region Hovedstaden;Vandløb;Poel Å;06-11-2002;1;Feltmålinger, Vandløb;Ja;Miljøstyrelsen;https://vanda.miljoeportal.dk/link/f471baa3-67cb-43b2-a138-198d6c6bac8f;FRB1324;32;699103;6204768;1;06-11-2002 09:55:00 +01:00;;Oxygenmætning; =;77;pct;3
Station;49000061;ÆBELHOLT Å, SØSTERBRO MØLLE;32;699103;6204768;Hillerød;Region Hovedstaden;Vandløb;Poel Å;04-12-2014;1;Feltmålinger, Vandløb;Ja;Miljøstyrelsen;https://vanda.miljoeportal.dk/link/b0dfa058-0c8d-4672-b9b9-f08986d40b9f;FRB1324;32;699103;6204768;1;04-12-2014 07:30:00 +01:00;;Temperatur; =;5,3;grader C;3
Station;49000061;ÆBELHOLT Å, SØSTERBRO MØLLE;32;699103;6204768;Hillerød;Region Hovedstaden;Vandløb;Poel Å;09-09-2014;1;Feltmålinger, Vandløb;Ja;Miljøstyrelsen;https://vanda.miljoeportal.dk/link/2e688e8b-12fc-451f-aba8-f81fb563c4a6;FRB1324;32;699103;6204768;1;09-09-2014 08:30:00 +02:00;;pH; =;8;pH;3
Station;49000061;ÆBELHOLT Å, SØSTERBRO MØLLE;32;699103;6204768;Hillerød;Region Hovedstaden;Vandløb;Poel Å;05-02-2013;1;Feltmålinger, Vandløb;Ja;Miljøstyrelsen;https://vanda.miljoeportal.dk/link/ea984c9b-7cb1-4ec0-aae6-fa421b1c495d;FRB1324;32;699103;6204768;1;05-02-2013 07:55:00 +01:00;;Temperatur; =;2,4;grader C;3
Station;49000061;ÆBELHOLT Å, SØSTERBRO MØLLE;32;699103;6204768;Hillerød;Region Hovedstaden;Vandløb;Poel Å;24-05-2005;1;Feltmålinger, Vandløb;Ja;Miljøstyrelsen;https://vanda.miljoeportal.dk/link/560e6a2b-23a1-4afd-b378-0af0bda7409f;FRB1324;32;699103;6204768;1;24-05-2005 08:46:00 +02:00;;Temperatur; =;10,5;grader C;3
Station;49000061;ÆBELHOLT Å, SØSTERBRO MØLLE;32;699103;6204768;Hillerød;Region Hovedstaden;Vandløb;Poel Å;01-04-2014;1;Feltmålinger, Vandløb;Ja;Miljøstyrelsen;https://vanda.miljoeportal.dk/link/91e4cb46-752e-4f78-a3a7-521b00d0449a;FRB1324;32;699103;6204768;1;01-04-2014 09:05:00 +02:00;;pH; =;7,9;pH;3
Station;49000061;ÆBELHOLT Å, SØSTERBRO MØLLE;32;699103;6204768;Hillerød;Region Hovedstaden;Vandløb;Poel Å;01-09-2009;1;Feltmålinger, Vandløb;Ja;Miljøstyrelsen;https://vanda.miljoeportal.dk/link/0a46324a-4a57-4157-a61c-7d2b4398b3c7;FRB1324;32;699103;6204768;1;01-09-2009 08:30:00 +02:00;;Temperatur; =;13,6;grader C;3
Station;49000061;ÆBELHOLT Å, SØSTERBRO MØLLE;32;699103;6204768;Hillerød;Region Hovedstaden;Vandløb;Poel Å;13-02-2013;1;Feltmålinger, Vandløb;Ja;Miljøstyrelsen;https://vanda.miljoeportal.dk/link/a7e5bbed-cebb-4b84-a10e-2b534acf38fe;FRB1324;32;699103;6204768;1;13-02-2013 08:35:00 +01:00;;pH; =;7,9;pH;3
Station;49000061;ÆBELHOLT Å, SØSTERBRO MØLLE;32;699103;6204768;Hillerød;Region Hovedstaden;Vandløb;Poel Å;14-01-2014;1;Feltmålinger, Vandløb;Ja;Miljøstyrelsen;https://vanda.miljoeportal.dk/link/ab5961b6-90d2-48a9-b415-b086c8578989;FRB1324;32;699103;6204768;1;14-01-2014 08:10:00 +01:00;;pH; =;7,8;pH;3
Station;49000061;ÆBELHOLT Å, SØSTERBRO MØLLE;32;699103;6204768;Hillerød;Region Hovedstaden;Vandløb;Poel Å;13-06-2018;1;Feltmålinger, Vandløb;Ja;Miljøstyrelsen;https://vanda.miljoeportal.dk/link/4dbcbe07-56bd-46a4-acf8-98f1159dc4fa;FRB1324;32;699103;6204768;1;13-06-2018 08:30:00 +02:00;;pH; =;8;pH;2
Station;49000061;ÆBELHOLT Å, SØSTERBRO MØLLE;32;699103;6204768;Hillerød;Region Hovedstaden;Vandløb;Poel Å;28-05-2003;1;Feltmålinger, Vandløb;Ja;Miljøstyrelsen;https://vanda.miljoeportal.dk/link/21f75a07-b4a0-4fb0-a228-c9502ffd617a;FRB1324;32;699103;6204768;1;28-05-2003 11:34:00 +02:00;;Temperatur; =;12,7;grader C;3
Station;49000061;ÆBELHOLT Å, SØSTERBRO MØLLE;32;699103;6204768;Hillerød;Region Hovedstaden;Vandløb;Poel Å;08-10-2018;1;Feltmålinger, Vandløb;Ja;Miljøstyrelsen;https://vanda.miljoeportal.dk/link/13d41248-3d83-4da1-a98c-aab771cdb53d;FRB1324;32;699103;6204768;1;08-10-2018 09:00:00 +02:00;;Temperatur; =;10,7;grader C;2
Station;49000061;ÆBELHOLT Å, SØSTERBRO MØLLE;32;699103;6204768;Hillerød;Region Hovedstaden;Vandløb;Poel Å;22-06-2006;1;Feltmålinger, Vandløb;Ja;Miljøstyrelsen;https://vanda.miljoeportal.dk/link/6b1773f8-fb08-484d-85ed-bd4cd86178b1;FRB1324;32;699103;6204768;1;22-06-2006 08:40:00 +02:00;;Temperatur; =;13,3;grader C;2
Station;49000061;ÆBELHOLT Å, SØSTERBRO MØLLE;32;699103;6204768;Hillerød;Region Hovedstaden;Vandløb;Poel Å;26-09-2006;1;Feltmålinger, Vandløb;Ja;Miljøstyrelsen;https://vanda.miljoeportal.dk/link/fab45b86-2f89-46a0-9b9e-889dca39608d;FRB1324;32;699103;6204768;1;26-09-2006 08:40:00 +02:00;;Oxygen indhold; =;8,7;mg/l;2
Station;49000061;ÆBELHOLT Å, SØSTERBRO MØLLE;32;699103;6204768;Hillerød;Region Hovedstaden;Vandløb;Poel Å;01-06-2004;1;Feltmålinger, Vandløb;Ja;Miljøstyrelsen;https://vanda.miljoeportal.dk/link/ce5e887b-ef3a-4362-b596-1206cd072233;FRB1324;32;699103;6204768;1;01-06-2004 08:30:00 +02:00;;Oxygenmætning; =;80;pct;3
Station;49000061;ÆBELHOLT Å, SØSTERBRO MØLLE;32;699103;6204768;Hillerød;Region Hovedstaden;Vandløb;Poel Å;05-02-2013;1;Feltmålinger, Vandløb;Ja;Miljøstyrelsen;https://vanda.miljoeportal.dk/link/ea984c9b-7cb1-4ec0-aae6-fa421b1c495d;FRB1324;32;699103;6204768;1;05-02-2013 07:55:00 +01:00;;pH; =;7,6;pH;3
Station;49000061;ÆBELHOLT Å, SØSTERBRO MØLLE;32;699103;6204768;Hillerød;Region Hovedstaden;Vandløb;Poel Å;13-01-2009;1;Feltmålinger, Vandløb;Ja;Miljøstyrelsen;https://vanda.miljoeportal.dk/link/a5a7f73d-c719-46db-be95-09e7694c5318;FRB1324;32;699103;6204768;1;13-01-2009 08:00:00 +01:00;;Temperatur; =;4;grader C;3
Station;49000061;ÆBELHOLT Å, SØSTERBRO MØLLE;32;699103;6204768;Hillerød;Region Hovedstaden;Vandløb;Poel Å;27-11-2003;1;Feltmålinger, Vandløb;Ja;Miljøstyrelsen;https://vanda.miljoeportal.dk/link/1563839c-fdee-495e-bde2-887ec9c8fba8;FRB1324;32;699103;6204768;1;27-11-2003 09:16:00 +01:00;;Oxygenmætning; =;47;pct;3
Station;49000061;ÆBELHOLT Å, SØSTERBRO MØLLE;32;699103;6204768;Hillerød;Region Hovedstaden;Vandløb;Poel Å;16-04-2020;1;Feltmålinger, Vandløb;Ja;Miljøstyrelsen;https://vanda.miljoeportal.dk/link/c3c590c0-c3a8-4464-9132-780b1bad7b21;FRB1324;32;699103;6204768;1;16-04-2020 13:52:00 +02:00;;pH; =;8,2;pH;2
Station;49000061;ÆBELHOLT Å, SØSTERBRO MØLLE;32;699103;6204768;Hillerød;Region Hovedstaden;Vandløb;Poel Å;25-09-2002;1;Feltmålinger, Vandløb;Ja;Miljøstyrelsen;https://vanda.miljoeportal.dk/link/46b03649-2bcb-45e4-972c-07c466032103;FRB1324;32;699103;6204768;1;25-09-2002 07:10:00 +02:00;;Oxygen indhold; =;8,5;mg/l;3
Station;49000061;ÆBELHOLT Å, SØSTERBRO MØLLE;32;699103;6204768;Hillerød;Region Hovedstaden;Vandløb;Poel Å;14-06-2011;1;Feltmålinger, Vandløb;Ja;Miljøstyrelsen;https://vanda.miljoeportal.dk/link/820f414d-9d6e-47e9-8fe4-9d149e148c92;FRB1324;32;699103;6204768;1;14-06-2011 09:25:00 +02:00;;Temperatur; =;14,3;grader C;3
Station;49000061;ÆBELHOLT Å, SØSTERBRO MØLLE;32;699103;6204768;Hillerød;Region Hovedstaden;Vandløb;Poel Å;05-12-2006;1;Feltmålinger, Vandløb;Ja;Miljøstyrelsen;https://vanda.miljoeportal.dk/link/7385b9c1-b304-4490-b3c3-eda91caff831;FRB1324;32;699103;6204768;1;05-12-2006 08:35:00 +01:00;;Oxygenmætning; =;63;pct;2
Station;49000061;ÆBELHOLT Å, SØSTERBRO MØLLE;32;699103;6204768;Hillerød;Region Hovedstaden;Vandløb;Poel Å;16-06-2021;1;Feltmålinger, Vandløb;Ja;Miljøstyrelsen;https://vanda.miljoeportal.dk/link/9ab90427-ee6e-49ca-a069-b5d2f3dc4dbd;FRB1324;32;699103;6204768;1;16-06-2021 09:34:00 +02:00;;pH; =;8,43;pH;2
Station;49000061;ÆBELHOLT Å, SØSTERBRO MØLLE;32;699103;6204768;Hillerød;Region Hovedstaden;Vandløb;Poel Å;05-08-2008;1;Feltmålinger, Vandløb;Ja;Miljøstyrelsen;https://vanda.miljoeportal.dk/link/b52beb75-d231-4b97-936e-3b2aa5270cf9;FRB1324;32;699103;6204768;1;05-08-2008 10:35:00 +02:00;;Temperatur; =;15,5;grader C;3
Station;49000061;ÆBELHOLT Å, SØSTERBRO MØLLE;32;699103;6204768;Hillerød;Region Hovedstaden;Vandløb;Poel Å;22-11-2005;1;Feltmålinger, Vandløb;Ja;Miljøstyrelsen;https://vanda.miljoeportal.dk/link/6acab4b7-28f1-4901-825d-7df86e638b7d;FRB1324;32;699103;6204768;1;22-11-2005 08:20:00 +01:00;;Oxygenmætning; =;85;pct;3
Station;49000061;ÆBELHOLT Å, SØSTERBRO MØLLE;32;699103;6204768;Hillerød;Region Hovedstaden;Vandløb;Poel Å;07-08-2003;1;Feltmålinger, Vandløb;Ja;Miljøstyrelsen;https://vanda.miljoeportal.dk/link/00f4f62e-7c74-456a-93a5-fc7cf60801d7;FRB1324;32;699103;6204768;1;07-08-2003 09:50:00 +02:00;;Temperatur; =;12,9;grader C;3
Station;49000061;ÆBELHOLT Å, SØSTERBRO MØLLE;32;699103;6204768;Hillerød;Region Hovedstaden;Vandløb;Poel Å;15-05-2012;1;Feltmålinger, Vandløb;Ja;Miljøstyrelsen;https://vanda.miljoeportal.dk/link/ff9a0685-9a72-4a33-bbd2-0f9397007661;FRB1324;32;699103;6204768;1;15-05-2012 07:15:00 +02:00;;pH; =;8,1;pH;3
Station;49000061;ÆBELHOLT Å, SØSTERBRO MØLLE;32;699103;6204768;Hillerød;Region Hovedstaden;Vandløb;Poel Å;11-05-2010;1;Feltmålinger, Vandløb;Ja;Miljøstyrelsen;https://vanda.miljoeportal.dk/link/8369c742-a02e-448c-9b21-ccaef872ea2e;FRB1324;32;699103;6204768;1;11-05-2010 08:20:00 +02:00;;Temperatur; =;6,1;grader C;3
Station;49000061;ÆBELHOLT Å, SØSTERBRO MØLLE;32;699103;6204768;Hillerød;Region Hovedstaden;Vandløb;Poel Å;06-11-2018;1;Feltmålinger, Vandløb;Ja;Miljøstyrelsen;https://vanda.miljoeportal.dk/link/e710a168-982e-4945-9ec0-11e5bd74a1fc;FRB1324;32;699103;6204768;1;06-11-2018 09:20:00 +01:00;;pH; =;8,1;pH;2
Station;49000061;ÆBELHOLT Å, SØSTERBRO MØLLE;32;699103;6204768;Hillerød;Region Hovedstaden;Vandløb;Poel Å;22-11-2005;1;Feltmålinger, Vandløb;Ja;Miljøstyrelsen;https://vanda.miljoeportal.dk/link/6acab4b7-28f1-4901-825d-7df86e638b7d;FRB1324;32;699103;6204768;1;22-11-2005 08:20:00 +01:00;;Temperatur; =;4,6;grader C;3
Station;49000061;ÆBELHOLT Å, SØSTERBRO MØLLE;32;699103;6204768;Hillerød;Region Hovedstaden;Vandløb;Poel Å;18-12-2002;1;Feltmålinger, Vandløb;Ja;Miljøstyrelsen;https://vanda.miljoeportal.dk/link/feaeb7f1-8ac1-4b99-9c95-8dc5f44c26bb;FRB1324;32;699103;6204768;1;18-12-2002 08:14:00 +01:00;;Temperatur; =;4,2;grader C;3
Station;49000061;ÆBELHOLT Å, SØSTERBRO MØLLE;32;699103;6204768;Hillerød;Region Hovedstaden;Vandløb;Poel Å;29-08-2012;1;Feltmålinger, Vandløb;Ja;Miljøstyrelsen;https://vanda.miljoeportal.dk/link/9f46ce42-fe59-4569-ab12-f7ab914ba2f6;FRB1324;32;699103;6204768;1;29-08-2012 08:10:00 +02:00;;Temperatur; =;12,5;grader C;3
Station;49000061;ÆBELHOLT Å, SØSTERBRO MØLLE;32;699103;6204768;Hillerød;Region Hovedstaden;Vandløb;Poel Å;22-04-2014;1;Feltmålinger, Vandløb;Ja;Miljøstyrelsen;https://vanda.miljoeportal.dk/link/856cc82b-cc73-401c-9680-14f9e5931848;FRB1324;32;699103;6204768;1;22-04-2014 07:50:00 +02:00;;Temperatur; =;9,5;grader C;3
Station;49000061;ÆBELHOLT Å, SØSTERBRO MØLLE;32;699103;6204768;Hillerød;Region Hovedstaden;Vandløb;Poel Å;11-05-2005;1;Feltmålinger, Vandløb;Ja;Miljøstyrelsen;https://vanda.miljoeportal.dk/link/39d3c209-7b5e-45dc-8eb3-29de287ec0cf;FRB1324;32;699103;6204768;1;11-05-2005 10:55:00 +02:00;;Oxygen indhold; =;11,6;mg/l;3
Station;49000061;ÆBELHOLT Å, SØSTERBRO MØLLE;32;699103;6204768;Hillerød;Region Hovedstaden;Vandløb;Poel Å;26-02-2019;1;Feltmålinger, Vandløb;Ja;Miljøstyrelsen;https://vanda.miljoeportal.dk/link/c1a46d50-5890-40ac-88f0-ba508b09bd2b;FRB1324;32;699103;6204768;1;26-02-2019 07:30:00 +01:00;;Temperatur; =;5,6;grader C;2
Station;49000061;ÆBELHOLT Å, SØSTERBRO MØLLE;32;699103;6204768;Hillerød;Region Hovedstaden;Vandløb;Poel Å;22-11-2005;1;Feltmålinger, Vandløb;Ja;Miljøstyrelsen;https://vanda.miljoeportal.dk/link/6acab4b7-28f1-4901-825d-7df86e638b7d;FRB1324;32;699103;6204768;1;22-11-2005 08:20:00 +01:00;;Oxygen indhold; =;11,2;mg/l;3
Station;49000061;ÆBELHOLT Å, SØSTERBRO MØLLE;32;699103;6204768;Hillerød;Region Hovedstaden;Vandløb;Poel Å;21-02-2012;1;Feltmålinger, Vandløb;Ja;Miljøstyrelsen;https://vanda.miljoeportal.dk/link/e0289950-5378-43a1-98f3-1c110fdab386;FRB1324;32;699103;6204768;1;21-02-2012 08:45:00 +01:00;;Temperatur; =;3;grader C;3
Station;49000061;ÆBELHOLT Å, SØSTERBRO MØLLE;32;699103;6204768;Hillerød;Region Hovedstaden;Vandløb;Poel Å;12-09-2016;1;Feltmålinger, Vandløb;Ja;Miljøstyrelsen;https://vanda.miljoeportal.dk/link/ebb3563c-0f11-433f-bf57-ee5f55ef0bb5;FRB1324;32;699103;6204768;1;12-09-2016 08:35:00 +02:00;;pH; =;8,4;pH;3
Station;49000061;ÆBELHOLT Å, SØSTERBRO MØLLE;32;699103;6204768;Hillerød;Region Hovedstaden;Vandløb;Poel Å;19-12-2006;1;Feltmålinger, Vandløb;Ja;Miljøstyrelsen;https://vanda.miljoeportal.dk/link/47d74773-00b7-4636-b6d0-6bd61a0a4277;FRB1324;32;699103;6204768;1;19-12-2006 08:50:00 +01:00;;Oxygenmætning; =;71;pct;2
Station;49000061;ÆBELHOLT Å, SØSTERBRO MØLLE;32;699103;6204768;Hillerød;Region Hovedstaden;Vandløb;Poel Å;21-01-2016;1;Feltmålinger, Vandløb;Ja;Miljøstyrelsen;https://vanda.miljoeportal.dk/link/5bf02396-a7a9-44fc-a1c9-6cdc65a9012e;FRB1324;32;699103;6204768;1;21-01-2016 09:00:00 +01:00;;Temperatur; =;0,4;grader C;3
Station;49000061;ÆBELHOLT Å, SØSTERBRO MØLLE;32;699103;6204768;Hillerød;Region Hovedstaden;Vandløb;Poel Å;15-05-2003;1;Feltmålinger, Vandløb;Ja;Miljøstyrelsen;https://vanda.miljoeportal.dk/link/430340d1-f346-4bad-9607-8c48b877e887;FRB1324;32;699103;6204768;1;15-05-2003 11:01:00 +02:00;;Oxygenmætning; =;73;pct;3
Station;49000061;ÆBELHOLT Å, SØSTERBRO MØLLE;32;699103;6204768;Hillerød;Region Hovedstaden;Vandløb;Poel Å;13-05-2008;1;Feltmålinger, Vandløb;Ja;Miljøstyrelsen;https://vanda.miljoeportal.dk/link/33de3b7a-3781-415f-b865-ef47180eaa95;FRB1324;32;699103;6204768;1;13-05-2008 08:45:00 +02:00;;Temperatur; =;11,4;grader C;3
Station;49000061;ÆBELHOLT Å, SØSTERBRO MØLLE;32;699103;6204768;Hillerød;Region Hovedstaden;Vandløb;Poel Å;14-06-2016;1;Feltmålinger, Vandløb;Ja;Miljøstyrelsen;https://vanda.miljoeportal.dk/link/647f115c-1e97-491e-9f21-eec54a5af6cc;FRB1324;32;699103;6204768;1;14-06-2016 15:05:00 +02:00;;pH; =;8,2;pH;3
Station;49000061;ÆBELHOLT Å, SØSTERBRO MØLLE;32;699103;6204768;Hillerød;Region Hovedstaden;Vandløb;Poel Å;21-04-2017;1;Feltmålinger, Vandløb;Ja;Miljøstyrelsen;https://vanda.miljoeportal.dk/link/2252ba72-0259-4fa1-a6a5-85b2a19a2b9e;FRB1324;32;699103;6204768;1;21-04-2017 10:35:00 +02:00;;Temperatur; =;8,3;grader C;2
Station;49000061;ÆBELHOLT Å, SØSTERBRO MØLLE;32;699103;6204768;Hillerød;Region Hovedstaden;Vandløb;Poel Å;26-10-2010;1;Feltmålinger, Vandløb;Ja;Miljøstyrelsen;https://vanda.miljoeportal.dk/link/6b8510f9-387b-4279-b7fe-ddf4ac873064;FRB1324;32;699103;6204768;1;26-10-2010 08:35:00 +02:00;;Temperatur; =;6,6;grader C;3
Station;49000061;ÆBELHOLT Å, SØSTERBRO MØLLE;32;699103;6204768;Hillerød;Region Hovedstaden;Vandløb;Poel Å;13-02-2013;1;Feltmålinger, Vandløb;Ja;Miljøstyrelsen;https://vanda.miljoeportal.dk/link/a7e5bbed-cebb-4b84-a10e-2b534acf38fe;FRB1324;32;699103;6204768;1;13-02-2013 08:35:00 +01:00;;Temperatur; =;1,1;grader C;3
Station;49000061;ÆBELHOLT Å, SØSTERBRO MØLLE;32;699103;6204768;Hillerød;Region Hovedstaden;Vandløb;Poel Å;17-07-2007;1;Feltmålinger, Vandløb;Ja;Miljøstyrelsen;https://vanda.miljoeportal.dk/link/e420494b-c108-4d26-9032-3ebe84c6fb31;FRB1324;32;699103;6204768;1;17-07-2007 08:30:00 +02:00;;Temperatur; =;17,2;grader C;3
Station;49000061;ÆBELHOLT Å, SØSTERBRO MØLLE;32;699103;6204768;Hillerød;Region Hovedstaden;Vandløb;Poel Å;22-09-2004;1;Feltmålinger, Vandløb;Ja;Miljøstyrelsen;https://vanda.miljoeportal.dk/link/4286350e-1c15-465a-a6ed-32a52714170f;FRB1324;32;699103;6204768;1;22-09-2004 10:45:00 +02:00;;Oxygen indhold; =;7,9;mg/l;3
Station;49000061;ÆBELHOLT Å, SØSTERBRO MØLLE;32;699103;6204768;Hillerød;Region Hovedstaden;Vandløb;Poel Å;12-04-2005;1;Feltmålinger, Vandløb;Ja;Miljøstyrelsen;https://vanda.miljoeportal.dk/link/19a5f543-08b2-4fa2-b73a-9c305693adb3;FRB1324;32;699103;6204768;1;12-04-2005 08:40:00 +02:00;;Temperatur; =;6,3;grader C;3
Station;49000061;ÆBELHOLT Å, SØSTERBRO MØLLE;32;699103;6204768;Hillerød;Region Hovedstaden;Vandløb;Poel Å;10-07-2012;1;Feltmålinger, Vandløb;Ja;Miljøstyrelsen;https://vanda.miljoeportal.dk/link/3ac03322-9af8-4662-9c68-fe4d3cc5b56a;FRB1324;32;699103;6204768;1;10-07-2012 08:00:00 +02:00;;Temperatur; =;14;grader C;3
Station;49000061;ÆBELHOLT Å, SØSTERBRO MØLLE;32;699103;6204768;Hillerød;Region Hovedstaden;Vandløb;Poel Å;15-06-2004;1;Feltmålinger, Vandløb;Ja;Miljøstyrelsen;https://vanda.miljoeportal.dk/link/89bcc6c0-d88a-43d1-b8a1-60b227b3dc68;FRB1324;32;699103;6204768;1;15-06-2004 08:30:00 +02:00;;Oxygen indhold; =;8,5;mg/l;3
Station;49000061;ÆBELHOLT Å, SØSTERBRO MØLLE;32;699103;6204768;Hillerød;Region Hovedstaden;Vandløb;Poel Å;27-11-2003;1;Feltmålinger, Vandløb;Ja;Miljøstyrelsen;https://vanda.miljoeportal.dk/link/1563839c-fdee-495e-bde2-887ec9c8fba8;FRB1324;32;699103;6204768;1;27-11-2003 09:16:00 +01:00;;Oxygen indhold; =;5,6;mg/l;3
Station;49000061;ÆBELHOLT Å, SØSTERBRO MØLLE;32;699103;6204768;Hillerød;Region Hovedstaden;Vandløb;Poel Å;02-05-2018;1;Feltmålinger, Vandløb;Ja;Miljøstyrelsen;https://vanda.miljoeportal.dk/link/699832e6-6369-496c-bd95-c33c56989947;FRB1324;32;699103;6204768;1;02-05-2018 09:10:00 +02:00;;Temperatur; =;8,8;grader C;2
Station;49000061;ÆBELHOLT Å, SØSTERBRO MØLLE;32;699103;6204768;Hillerød;Region Hovedstaden;Vandløb;Poel Å;11-09-2007;1;Feltmålinger, Vandløb;Ja;Miljøstyrelsen;https://vanda.miljoeportal.dk/link/8f27c155-dfd8-4c98-b8b9-baeebffeca2a;FRB1324;32;699103;6204768;1;11-09-2007 08:15:00 +02:00;;Temperatur; =;13;grader C;3
Station;49000061;ÆBELHOLT Å, SØSTERBRO MØLLE;32;699103;6204768;Hillerød;Region Hovedstaden;Vandløb;Poel Å;11-08-2009;1;Feltmålinger, Vandløb;Ja;Miljøstyrelsen;https://vanda.miljoeportal.dk/link/273c0700-f5fc-40df-9a21-55f9ea1664c5;FRB1324;32;699103;6204768;1;11-08-2009 08:15:00 +02:00;;Temperatur; =;15,7;grader C;3
Station;49000061;ÆBELHOLT Å, SØSTERBRO MØLLE;32;699103;6204768;Hillerød;Region Hovedstaden;Vandløb;Poel Å;03-04-2003;1;Feltmålinger, Vandløb;Ja;Miljøstyrelsen;https://vanda.miljoeportal.dk/link/41cf86a8-7085-42fc-83a4-5da04380e410;FRB1324;32;699103;6204768;1;03-04-2003 12:35:00 +02:00;;Temperatur; =;7,3;grader C;3
Station;49000061;ÆBELHOLT Å, SØSTERBRO MØLLE;32;699103;6204768;Hillerød;Region Hovedstaden;Vandløb;Poel Å;22-06-2015;1;Feltmålinger, Vandløb;Ja;Miljøstyrelsen;https://vanda.miljoeportal.dk/link/431e321c-0651-42ad-b27a-f5c1b893fb33;FRB1324;32;699103;6204768;1;22-06-2015 11:35:00 +02:00;;pH; =;8,1;pH;2
Station;49000061;ÆBELHOLT Å, SØSTERBRO MØLLE;32;699103;6204768;Hillerød;Region Hovedstaden;Vandløb;Poel Å;29-05-2012;1;Feltmålinger, Vandløb;Ja;Miljøstyrelsen;https://vanda.miljoeportal.dk/link/161c580b-97c7-4a0f-82d8-a839f3e8ea40;FRB1324;32;699103;6204768;1;29-05-2012 08:00:00 +02:00;;pH; =;8,2;pH;3
Station;49000061;ÆBELHOLT Å, SØSTERBRO MØLLE;32;699103;6204768;Hillerød;Region Hovedstaden;Vandløb;Poel Å;25-11-2008;1;Feltmålinger, Vandløb;Ja;Miljøstyrelsen;https://vanda.miljoeportal.dk/link/683fbf26-3609-402d-8d77-1433257c67d5;FRB1324;32;699103;6204768;1;25-11-2008 08:00:00 +01:00;;Temperatur; =;5,1;grader C;3
Station;49000061;ÆBELHOLT Å, SØSTERBRO MØLLE;32;699103;6204768;Hillerød;Region Hovedstaden;Vandløb;Poel Å;20-05-2014;1;Feltmålinger, Vandløb;Ja;Miljøstyrelsen;https://vanda.miljoeportal.dk/link/869b156d-f847-477b-8fc3-9fb6b1803a41;FRB1324;32;699103;6204768;1;20-05-2014 08:25:00 +02:00;;pH; =;7,7;pH;3
Station;49000061;ÆBELHOLT Å, SØSTERBRO MØLLE;32;699103;6204768;Hillerød;Region Hovedstaden;Vandløb;Poel Å;07-07-2017;1;Feltmålinger, Vandløb;Ja;Miljøstyrelsen;https://vanda.miljoeportal.dk/link/0aa8820c-e4ce-4e7c-a5c0-cde12b7012ba;FRB1324;32;699103;6204768;1;07-07-2017 07:35:00 +02:00;;pH; =;8,2;pH;2
Station;49000061;ÆBELHOLT Å, SØSTERBRO MØLLE;32;699103;6204768;Hillerød;Region Hovedstaden;Vandløb;Poel Å;10-04-2013;1;Feltmålinger, Vandløb;Ja;Miljøstyrelsen;https://vanda.miljoeportal.dk/link/71b1e4ec-5a7a-4e35-a8ff-76fb35e75b6e;FRB1324;32;699103;6204768;1;10-04-2013 09:20:00 +02:00;;Temperatur; =;2,8;grader C;3
Station;49000061;ÆBELHOLT Å, SØSTERBRO MØLLE;32;699103;6204768;Hillerød;Region Hovedstaden;Vandløb;Poel Å;13-05-2020;1;Feltmålinger, Vandløb;Ja;Miljøstyrelsen;https://vanda.miljoeportal.dk/link/2c6c5052-79d4-477d-a65f-6eb149a713c6;FRB1324;32;699103;6204768;1;13-05-2020 14:35:00 +02:00;;pH; =;8,3;pH;2
Station;49000061;ÆBELHOLT Å, SØSTERBRO MØLLE;32;699103;6204768;Hillerød;Region Hovedstaden;Vandløb;Poel Å;21-06-2005;1;Feltmålinger, Vandløb;Ja;Miljøstyrelsen;https://vanda.miljoeportal.dk/link/c8ec4b53-9260-40f9-8b0c-c86d3662d8b1;FRB1324;32;699103;6204768;1;21-06-2005 08:45:00 +02:00;;Oxygenmætning; =;91;pct;3
Station;49000061;ÆBELHOLT Å, SØSTERBRO MØLLE;32;699103;6204768;Hillerød;Region Hovedstaden;Vandløb;Poel Å;25-03-2015;1;Feltmålinger, Vandløb;Ja;Miljøstyrelsen;https://vanda.miljoeportal.dk/link/ade12ce4-5a92-48e8-83f6-272d7c251a03;FRB1324;32;699103;6204768;1;25-03-2015 08:45:00 +01:00;;Temperatur; =;6;grader C;2
Station;49000061;ÆBELHOLT Å, SØSTERBRO MØLLE;32;699103;6204768;Hillerød;Region Hovedstaden;Vandløb;Poel Å;28-08-2002;1;Feltmålinger, Vandløb;Ja;Miljøstyrelsen;https://vanda.miljoeportal.dk/link/1055da43-cf82-47ee-b542-66caecce99fe;FRB1324;32;699103;6204768;1;28-08-2002 07:55:00 +02:00;;Temperatur; =;15,7;grader C;3
Station;49000061;ÆBELHOLT Å, SØSTERBRO MØLLE;32;699103;6204768;Hillerød;Region Hovedstaden;Vandløb;Poel Å;14-01-2004;1;Feltmålinger, Vandløb;Ja;Miljøstyrelsen;https://vanda.miljoeportal.dk/link/db39a01d-774c-4b31-961f-870640103c2b;FRB1324;32;699103;6204768;1;14-01-2004 10:15:00 +01:00;;Temperatur; =;3;grader C;3
Station;49000061;ÆBELHOLT Å, SØSTERBRO MØLLE;32;699103;6204768;Hillerød;Region Hovedstaden;Vandløb;Poel Å;24-01-2012;1;Feltmålinger, Vandløb;Ja;Miljøstyrelsen;https://vanda.miljoeportal.dk/link/90bc5002-f3ef-427e-bf68-436a9a74d200;FRB1324;32;699103;6204768;1;24-01-2012 08:35:00 +01:00;;pH; =;7,8;pH;3
Station;49000061;ÆBELHOLT Å, SØSTERBRO MØLLE;32;699103;6204768;Hillerød;Region Hovedstaden;Vandløb;Poel Å;25-10-2011;1;Feltmålinger, Vandløb;Ja;Miljøstyrelsen;https://vanda.miljoeportal.dk/link/7418f5e4-1b49-49da-b710-27e4de5f7b69;FRB1324;32;699103;6204768;1;25-10-2011 08:45:00 +02:00;;pH; =;7,8;pH;3
Station;49000061;ÆBELHOLT Å, SØSTERBRO MØLLE;32;699103;6204768;Hillerød;Region Hovedstaden;Vandløb;Poel Å;05-07-2011;1;Feltmålinger, Vandløb;Ja;Miljøstyrelsen;https://vanda.miljoeportal.dk/link/60a280d8-0d5c-4294-9b50-46a327d8ffa0;FRB1324;32;699103;6204768;1;05-07-2011 08:45:00 +02:00;;pH; =;7,9;pH;3
Station;49000061;ÆBELHOLT Å, SØSTERBRO MØLLE;32;699103;6204768;Hillerød;Region Hovedstaden;Vandløb;Poel Å;12-03-2015;1;Feltmålinger, Vandløb;Ja;Miljøstyrelsen;https://vanda.miljoeportal.dk/link/064a91bd-d1ca-4e9f-8ca6-816b09d86af7;FRB1324;32;699103;6204768;1;12-03-2015 07:40:00 +01:00;;pH; =;7,9;pH;2
Station;49000061;ÆBELHOLT Å, SØSTERBRO MØLLE;32;699103;6204768;Hillerød;Region Hovedstaden;Vandløb;Poel Å;24-06-2019;1;Feltmålinger, Vandløb;Ja;Miljøstyrelsen;https://vanda.miljoeportal.dk/link/0a8ee34e-4c3b-4d69-a103-a15212e54dfb;FRB1324;32;699103;6204768;1;24-06-2019 11:00:00 +02:00;;Temperatur; =;17;grader C;2
Station;49000061;ÆBELHOLT Å, SØSTERBRO MØLLE;32;699103;6204768;Hillerød;Region Hovedstaden;Vandløb;Poel Å;08-07-2008;1;Feltmålinger, Vandløb;Ja;Miljøstyrelsen;https://vanda.miljoeportal.dk/link/2e64bdcd-4b71-46dd-b33e-5e39ae23c8b6;FRB1324;32;699103;6204768;1;08-07-2008 08:45:00 +02:00;;Temperatur; =;18,1;grader C;3
Station;49000061;ÆBELHOLT Å, SØSTERBRO MØLLE;32;699103;6204768;Hillerød;Region Hovedstaden;Vandløb;Poel Å;10-03-2009;1;Feltmålinger, Vandløb;Ja;Miljøstyrelsen;https://vanda.miljoeportal.dk/link/b786836c-222b-438a-8770-abd3a09634f2;FRB1324;32;699103;6204768;1;10-03-2009 07:35:00 +01:00;;Temperatur; =;4,3;grader C;3
Station;49000061;ÆBELHOLT Å, SØSTERBRO MØLLE;32;699103;6204768;Hillerød;Region Hovedstaden;Vandløb;Poel Å;11-12-2003;1;Feltmålinger, Vandløb;Ja;Miljøstyrelsen;https://vanda.miljoeportal.dk/link/e655972d-1d56-4147-804b-5435db5dc2ff;FRB1324;32;699103;6204768;1;11-12-2003 10:03:00 +01:00;;Oxygenmætning; =;46;pct;3
Station;49000061;ÆBELHOLT Å, SØSTERBRO MØLLE;32;699103;6204768;Hillerød;Region Hovedstaden;Vandløb;Poel Å;21-08-2007;1;Feltmålinger, Vandløb;Ja;Miljøstyrelsen;https://vanda.miljoeportal.dk/link/6dd91b19-ac26-4102-9524-df6833e553ce;FRB1324;32;699103;6204768;1;21-08-2007 08:20:00 +02:00;;Temperatur; =;15,6;grader C;3
Station;49000061;ÆBELHOLT Å, SØSTERBRO MØLLE;32;699103;6204768;Hillerød;Region Hovedstaden;Vandløb;Poel Å;12-10-2010;1;Feltmålinger, Vandløb;Ja;Miljøstyrelsen;https://vanda.miljoeportal.dk/link/c8362042-807a-4816-a01d-d5541c542862;FRB1324;32;699103;6204768;1;12-10-2010 08:30:00 +02:00;;Temperatur; =;7;grader C;3
Station;49000061;ÆBELHOLT Å, SØSTERBRO MØLLE;32;699103;6204768;Hillerød;Region Hovedstaden;Vandløb;Poel Å;24-03-2021;1;Feltmålinger, Vandløb;Ja;Miljøstyrelsen;https://vanda.miljoeportal.dk/link/8c254f4f-9762-4e53-847e-47705f09ecf2;FRB1324;32;699103;6204768;1;24-03-2021 10:45:00 +01:00;;pH; =;8,17;pH;2
Station;49000061;ÆBELHOLT Å, SØSTERBRO MØLLE;32;699103;6204768;Hillerød;Region Hovedstaden;Vandløb;Poel Å;01-02-2005;1;Feltmålinger, Vandløb;Ja;Miljøstyrelsen;https://vanda.miljoeportal.dk/link/65b0f978-ed9c-4dd1-bde0-77ca072a6c6a;FRB1324;32;699103;6204768;1;01-02-2005 07:50:00 +01:00;;Temperatur; =;2,7;grader C;3
Station;49000061;ÆBELHOLT Å, SØSTERBRO MØLLE;32;699103;6204768;Hillerød;Region Hovedstaden;Vandløb;Poel Å;29-08-2012;1;Feltmålinger, Vandløb;Ja;Miljøstyrelsen;https://vanda.miljoeportal.dk/link/9f46ce42-fe59-4569-ab12-f7ab914ba2f6;FRB1324;32;699103;6204768;1;29-08-2012 08:10:00 +02:00;;pH; =;7,9;pH;3
Station;49000061;ÆBELHOLT Å, SØSTERBRO MØLLE;32;699103;6204768;Hillerød;Region Hovedstaden;Vandløb;Poel Å;17-05-2016;1;Feltmålinger, Vandløb;Ja;Miljøstyrelsen;https://vanda.miljoeportal.dk/link/2ea1720b-6b07-4b22-a0bf-9b6f162d5c6d;FRB1324;32;699103;6204768;1;17-05-2016 08:40:00 +02:00;;Temperatur; =;10,2;grader C;3
Station;49000061;ÆBELHOLT Å, SØSTERBRO MØLLE;32;699103;6204768;Hillerød;Region Hovedstaden;Vandløb;Poel Å;03-04-2003;1;Feltmålinger, Vandløb;Ja;Miljøstyrelsen;https://vanda.miljoeportal.dk/link/41cf86a8-7085-42fc-83a4-5da04380e410;FRB1324;32;699103;6204768;1;03-04-2003 12:35:00 +02:00;;Oxygenmætning; =;111;pct;3
Station;49000061;ÆBELHOLT Å, SØSTERBRO MØLLE;32;699103;6204768;Hillerød;Region Hovedstaden;Vandløb;Poel Å;21-11-2006;1;Feltmålinger, Vandløb;Ja;Miljøstyrelsen;https://vanda.miljoeportal.dk/link/cf764154-729c-4567-92f7-8c9328a79c93;FRB1324;32;699103;6204768;1;21-11-2006 08:50:00 +01:00;;Oxygenmætning; =;64;pct;2
Station;49000061;ÆBELHOLT Å, SØSTERBRO MØLLE;32;699103;6204768;Hillerød;Region Hovedstaden;Vandløb;Poel Å;29-09-2014;1;Feltmålinger, Vandløb;Ja;Miljøstyrelsen;https://vanda.miljoeportal.dk/link/959f2d51-a0cb-4b66-9f28-9de4c7073852;FRB1324;32;699103;6204768;1;29-09-2014 09:55:00 +02:00;;Temperatur; =;11,4;grader C;3
Station;49000061;ÆBELHOLT Å, SØSTERBRO MØLLE;32;699103;6204768;Hillerød;Region Hovedstaden;Vandløb;Poel Å;06-08-2007;1;Feltmålinger, Vandløb;Ja;Miljøstyrelsen;https://vanda.miljoeportal.dk/link/82480875-759c-4e60-8b71-336c7756216c;FRB1324;32;699103;6204768;1;06-08-2007 11:20:00 +02:00;;Temperatur; =;15,4;grader C;3
Station;49000061;ÆBELHOLT Å, SØSTERBRO MØLLE;32;699103;6204768;Hillerød;Region Hovedstaden;Vandløb;Poel Å;14-11-2019;1;Feltmålinger, Vandløb;Ja;Miljøstyrelsen;https://vanda.miljoeportal.dk/link/c1954ed8-eb46-43c5-b6d8-a0cc33ec437d;FRB1324;32;699103;6204768;1;14-11-2019 15:30:00 +01:00;;Temperatur; =;7,3;grader C;2
Station;49000061;ÆBELHOLT Å, SØSTERBRO MØLLE;32;699103;6204768;Hillerød;Region Hovedstaden;Vandløb;Poel Å;18-09-2019;1;Feltmålinger, Vandløb;Ja;Miljøstyrelsen;https://vanda.miljoeportal.dk/link/6a10c31f-22f0-43a5-b45c-91d377279f98;FRB1324;32;699103;6204768;1;18-09-2019 09:30:00 +02:00;;Temperatur; =;11,8;grader C;2
Station;49000061;ÆBELHOLT Å, SØSTERBRO MØLLE;32;699103;6204768;Hillerød;Region Hovedstaden;Vandløb;Poel Å;01-04-2014;1;Feltmålinger, Vandløb;Ja;Miljøstyrelsen;https://vanda.miljoeportal.dk/link/91e4cb46-752e-4f78-a3a7-521b00d0449a;FRB1324;32;699103;6204768;1;01-04-2014 09:05:00 +02:00;;Temperatur; =;6,3;grader C;3
Station;49000061;ÆBELHOLT Å, SØSTERBRO MØLLE;32;699103;6204768;Hillerød;Region Hovedstaden;Vandløb;Poel Å;29-10-2019;1;Feltmålinger, Vandløb;Ja;Miljøstyrelsen;https://vanda.miljoeportal.dk/link/9a62f04c-4379-49e4-b115-4c8a42e3bab8;FRB1324;32;699103;6204768;1;29-10-2019 14:20:00 +01:00;;Temperatur; =;8,3;grader C;2
Station;49000061;ÆBELHOLT Å, SØSTERBRO MØLLE;32;699103;6204768;Hillerød;Region Hovedstaden;Vandløb;Poel Å;11-05-2005;1;Feltmålinger, Vandløb;Ja;Miljøstyrelsen;https://vanda.miljoeportal.dk/link/39d3c209-7b5e-45dc-8eb3-29de287ec0cf;FRB1324;32;699103;6204768;1;11-05-2005 10:55:00 +02:00;;Oxygenmætning; =;100;pct;3
Station;49000061;ÆBELHOLT Å, SØSTERBRO MØLLE;32;699103;6204768;Hillerød;Region Hovedstaden;Vandløb;Poel Å;28-09-2010;1;Feltmålinger, Vandløb;Ja;Miljøstyrelsen;https://vanda.miljoeportal.dk/link/58e83cd2-0a5d-4155-bd87-71e5c260cdd0;FRB1324;32;699103;6204768;1;28-09-2010 08:30:00 +02:00;;Temperatur; =;10,3;grader C;3
Station;49000061;ÆBELHOLT Å, SØSTERBRO MØLLE;32;699103;6204768;Hillerød;Region Hovedstaden;Vandløb;Poel Å;22-02-2011;1;Feltmålinger, Vandløb;Ja;Miljøstyrelsen;https://vanda.miljoeportal.dk/link/471779b9-fe9a-4606-9abe-4f35edc9619c;FRB1324;32;699103;6204768;1;22-02-2011 08:40:00 +01:00;;pH; =;7,5;pH;3
Station;49000061;ÆBELHOLT Å, SØSTERBRO MØLLE;32;699103;6204768;Hillerød;Region Hovedstaden;Vandløb;Poel Å;19-05-2009;1;Feltmålinger, Vandløb;Ja;Miljøstyrelsen;https://vanda.miljoeportal.dk/link/adbf56f3-00da-4369-a69e-74eb546fec7c;FRB1324;32;699103;6204768;1;19-05-2009 08:50:00 +02:00;;Temperatur; =;10,1;grader C;3
Station;49000061;ÆBELHOLT Å, SØSTERBRO MØLLE;32;699103;6204768;Hillerød;Region Hovedstaden;Vandløb;Poel Å;15-06-2004;1;Feltmålinger, Vandløb;Ja;Miljøstyrelsen;https://vanda.miljoeportal.dk/link/89bcc6c0-d88a-43d1-b8a1-60b227b3dc68;FRB1324;32;699103;6204768;1;15-06-2004 08:30:00 +02:00;;Oxygenmætning; =;82;pct;3
Station;49000061;ÆBELHOLT Å, SØSTERBRO MØLLE;32;699103;6204768;Hillerød;Region Hovedstaden;Vandløb;Poel Å;02-11-2004;1;Feltmålinger, Vandløb;Ja;Miljøstyrelsen;https://vanda.miljoeportal.dk/link/8eeb80d3-523e-4dc9-8125-765fd2da3627;FRB1324;32;699103;6204768;1;02-11-2004 08:00:00 +01:00;;Temperatur; =;9,3;grader C;3
Station;49000061;ÆBELHOLT Å, SØSTERBRO MØLLE;32;699103;6204768;Hillerød;Region Hovedstaden;Vandløb;Poel Å;25-04-2006;1;Feltmålinger, Vandløb;Ja;Miljøstyrelsen;https://vanda.miljoeportal.dk/link/71491624-bfbd-4848-85ba-f4911c969b33;FRB1324;32;699103;6204768;1;25-04-2006 08:50:00 +02:00;;Temperatur; =;5,7;grader C;2
Station;49000061;ÆBELHOLT Å, SØSTERBRO MØLLE;32;699103;6204768;Hillerød;Region Hovedstaden;Vandløb;Poel Å;16-01-2007;1;Feltmålinger, Vandløb;Ja;Miljøstyrelsen;https://vanda.miljoeportal.dk/link/ef94baa0-d5be-4919-aba8-9b7d922a61f2;FRB1324;32;699103;6204768;1;16-01-2007 09:00:00 +01:00;;Oxygenmætning; =;81;pct;2
Station;49000061;ÆBELHOLT Å, SØSTERBRO MØLLE;32;699103;6204768;Hillerød;Region Hovedstaden;Vandløb;Poel Å;20-02-2020;1;Feltmålinger, Vandløb;Ja;Miljøstyrelsen;https://vanda.miljoeportal.dk/link/d63147ec-4147-4c93-b259-c902c6e61996;FRB1324;32;699103;6204768;1;20-02-2020 11:30:00 +01:00;;pH; =;8;pH;2
Station;49000061;ÆBELHOLT Å, SØSTERBRO MØLLE;32;699103;6204768;Hillerød;Region Hovedstaden;Vandløb;Poel Å;02-06-2009;1;Feltmålinger, Vandløb;Ja;Miljøstyrelsen;https://vanda.miljoeportal.dk/link/b3e9e416-296e-4f60-9ae0-b919c0621339;FRB1324;32;699103;6204768;1;02-06-2009 07:30:00 +02:00;;Temperatur; =;10,7;grader C;3
Station;49000061;ÆBELHOLT Å, SØSTERBRO MØLLE;32;699103;6204768;Hillerød;Region Hovedstaden;Vandløb;Poel Å;19-07-2011;1;Feltmålinger, Vandløb;Ja;Miljøstyrelsen;https://vanda.miljoeportal.dk/link/bf7e64ce-d35d-4c35-8a0b-4972d70241c6;FRB1324;32;699103;6204768;1;19-07-2011 09:20:00 +02:00;;Temperatur; =;14,9;grader C;3
Station;49000061;ÆBELHOLT Å, SØSTERBRO MØLLE;32;699103;6204768;Hillerød;Region Hovedstaden;Vandløb;Poel Å;13-11-2003;1;Feltmålinger, Vandløb;Ja;Miljøstyrelsen;https://vanda.miljoeportal.dk/link/457ebdba-7f9e-43e8-acf0-37561c33adfe;FRB1324;32;699103;6204768;1;13-11-2003 08:20:00 +01:00;;Oxygenmætning; =;42;pct;3
Station;49000061;ÆBELHOLT Å, SØSTERBRO MØLLE;32;699103;6204768;Hillerød;Region Hovedstaden;Vandløb;Poel Å;09-10-2002;1;Feltmålinger, Vandløb;Ja;Miljøstyrelsen;https://vanda.miljoeportal.dk/link/dfbb6aeb-c8eb-40c0-aac2-36ef87cbce0e;FRB1324;32;699103;6204768;1;09-10-2002 07:50:00 +02:00;;Oxygen indhold; =;8,5;mg/l;3
Station;49000061;ÆBELHOLT Å, SØSTERBRO MØLLE;32;699103;6204768;Hillerød;Region Hovedstaden;Vandløb;Poel Å;12-09-2016;1;Feltmålinger, Vandløb;Ja;Miljøstyrelsen;https://vanda.miljoeportal.dk/link/ebb3563c-0f11-433f-bf57-ee5f55ef0bb5;FRB1324;32;699103;6204768;1;12-09-2016 08:35:00 +02:00;;Temperatur; =;11,8;grader C;3
Station;49000061;ÆBELHOLT Å, SØSTERBRO MØLLE;32;699103;6204768;Hillerød;Region Hovedstaden;Vandløb;Poel Å;20-12-2017;1;Feltmålinger, Vandløb;Ja;Miljøstyrelsen;https://vanda.miljoeportal.dk/link/00c751d8-60ad-4149-9552-055c8676a4c1;FRB1324;32;699103;6204768;1;20-12-2017 07:35:00 +01:00;;Temperatur; =;5,3;grader C;2
Station;49000061;ÆBELHOLT Å, SØSTERBRO MØLLE;32;699103;6204768;Hillerød;Region Hovedstaden;Vandløb;Poel Å;20-04-2016;1;Feltmålinger, Vandløb;Ja;Miljøstyrelsen;https://vanda.miljoeportal.dk/link/b093c047-1781-48e6-9607-11db11562147;FRB1324;32;699103;6204768;1;20-04-2016 07:40:00 +02:00;;pH; =;8,1;pH;3
Station;49000061;ÆBELHOLT Å, SØSTERBRO MØLLE;32;699103;6204768;Hillerød;Region Hovedstaden;Vandløb;Poel Å;14-01-2004;1;Feltmålinger, Vandløb;Ja;Miljøstyrelsen;https://vanda.miljoeportal.dk/link/db39a01d-774c-4b31-961f-870640103c2b;FRB1324;32;699103;6204768;1;14-01-2004 10:15:00 +01:00;;Oxygenmætning; =;79;pct;3
Station;49000061;ÆBELHOLT Å, SØSTERBRO MØLLE;32;699103;6204768;Hillerød;Region Hovedstaden;Vandløb;Poel Å;13-11-2003;1;Feltmålinger, Vandløb;Ja;Miljøstyrelsen;https://vanda.miljoeportal.dk/link/457ebdba-7f9e-43e8-acf0-37561c33adfe;FRB1324;32;699103;6204768;1;13-11-2003 08:20:00 +01:00;;Temperatur; =;5,2;grader C;3
Station;49000061;ÆBELHOLT Å, SØSTERBRO MØLLE;32;699103;6204768;Hillerød;Region Hovedstaden;Vandløb;Poel Å;05-03-2013;1;Feltmålinger, Vandløb;Ja;Miljøstyrelsen;https://vanda.miljoeportal.dk/link/4a078921-4b3a-4f55-9196-0ad1e623e77e;FRB1324;32;699103;6204768;1;05-03-2013 07:40:00 +01:00;;pH; =;7,8;pH;3
Station;49000061;ÆBELHOLT Å, SØSTERBRO MØLLE;32;699103;6204768;Hillerød;Region Hovedstaden;Vandløb;Poel Å;15-06-2010;1;Feltmålinger, Vandløb;Ja;Miljøstyrelsen;https://vanda.miljoeportal.dk/link/5f062b3d-bdba-42d6-966d-526b104537a7;FRB1324;32;699103;6204768;1;15-06-2010 08:20:00 +02:00;;Temperatur; =;11;grader C;3
Station;49000061;ÆBELHOLT Å, SØSTERBRO MØLLE;32;699103;6204768;Hillerød;Region Hovedstaden;Vandløb;Poel Å;13-09-2011;1;Feltmålinger, Vandløb;Ja;Miljøstyrelsen;https://vanda.miljoeportal.dk/link/71580664-3107-48f8-95f2-23b7579f0815;FRB1324;32;699103;6204768;1;13-09-2011 08:35:00 +02:00;;Temperatur; =;14,2;grader C;3
Station;49000061;ÆBELHOLT Å, SØSTERBRO MØLLE;32;699103;6204768;Hillerød;Region Hovedstaden;Vandløb;Poel Å;14-02-2006;1;Feltmålinger, Vandløb;Ja;Miljøstyrelsen;https://vanda.miljoeportal.dk/link/2d181fb9-14c2-4cc3-87f7-9197c1782bd1;FRB1324;32;699103;6204768;1;14-02-2006 08:25:00 +01:00;;Oxygenmætning; =;81;pct;2
Station;49000061;ÆBELHOLT Å, SØSTERBRO MØLLE;32;699103;6204768;Hillerød;Region Hovedstaden;Vandløb;Poel Å;03-05-2011;1;Feltmålinger, Vandløb;Ja;Miljøstyrelsen;https://vanda.miljoeportal.dk/link/550825c6-b323-457b-97ca-ab584eb892d2;FRB1324;32;699103;6204768;1;03-05-2011 08:20:00 +02:00;;Temperatur; =;7,4;grader C;3
Station;49000061;ÆBELHOLT Å, SØSTERBRO MØLLE;32;699103;6204768;Hillerød;Region Hovedstaden;Vandløb;Poel Å;06-12-2005;1;Feltmålinger, Vandløb;Ja;Miljøstyrelsen;https://vanda.miljoeportal.dk/link/e8727ba7-148d-488f-909a-28e8dc2ec77b;FRB1324;32;699103;6204768;1;06-12-2005 08:45:00 +01:00;;Oxygen indhold; =;9;mg/l;3
Station;49000061;ÆBELHOLT Å, SØSTERBRO MØLLE;32;699103;6204768;Hillerød;Region Hovedstaden;Vandløb;Poel Å;26-09-2017;1;Feltmålinger, Vandløb;Ja;Miljøstyrelsen;https://vanda.miljoeportal.dk/link/5bf0d659-0c89-40d1-8930-e90789cc23fe;FRB1324;32;699103;6204768;1;26-09-2017 09:10:00 +02:00;;Temperatur; =;12,6;grader C;2
Station;49000061;ÆBELHOLT Å, SØSTERBRO MØLLE;32;699103;6204768;Hillerød;Region Hovedstaden;Vandløb;Poel Å;12-01-2010;1;Feltmålinger, Vandløb;Ja;Miljøstyrelsen;https://vanda.miljoeportal.dk/link/064fe276-db28-4fe7-b263-529f9cdaca97;FRB1324;32;699103;6204768;1;12-01-2010 08:20:00 +01:00;;Temperatur; =;2,2;grader C;3
Station;49000061;ÆBELHOLT Å, SØSTERBRO MØLLE;32;699103;6204768;Hillerød;Region Hovedstaden;Vandløb;Poel Å;23-06-2016;1;Feltmålinger, Vandløb;Ja;Miljøstyrelsen;https://vanda.miljoeportal.dk/link/d92fcb13-d1f1-4397-8042-a65a4f66ed62;FRB1324;32;699103;6204768;1;23-06-2016 08:55:00 +02:00;;pH; =;8,2;pH;3
Station;49000061;ÆBELHOLT Å, SØSTERBRO MØLLE;32;699103;6204768;Hillerød;Region Hovedstaden;Vandløb;Poel Å;13-07-2021;1;Feltmålinger, Vandløb;Ja;Miljøstyrelsen;https://vanda.miljoeportal.dk/link/5aba46c2-3998-434f-8686-794db44d29e5;FRB1324;32;699103;6204768;1;13-07-2021 13:33:00 +02:00;;pH; =;8,13;pH;2
Station;49000061;ÆBELHOLT Å, SØSTERBRO MØLLE;32;699103;6204768;Hillerød;Region Hovedstaden;Vandløb;Poel Å;28-08-2019;1;Feltmålinger, Vandløb;Ja;Miljøstyrelsen;https://vanda.miljoeportal.dk/link/78cc0194-9eb7-4a7c-94c0-64baea81ae3e;FRB1324;32;699103;6204768;1;28-08-2019 13:25:00 +02:00;;pH; =;8,2;pH;2
Station;49000061;ÆBELHOLT Å, SØSTERBRO MØLLE;32;699103;6204768;Hillerød;Region Hovedstaden;Vandløb;Poel Å;08-11-2005;1;Feltmålinger, Vandløb;Ja;Miljøstyrelsen;https://vanda.miljoeportal.dk/link/8fb30a57-84b6-4b04-9734-51d7ad041930;FRB1324;32;699103;6204768;1;08-11-2005 08:45:00 +01:00;;Oxygen indhold; =;9,1;mg/l;3
Station;49000061;ÆBELHOLT Å, SØSTERBRO MØLLE;32;699103;6204768;Hillerød;Region Hovedstaden;Vandløb;Poel Å;29-06-2010;1;Feltmålinger, Vandløb;Ja;Miljøstyrelsen;https://vanda.miljoeportal.dk/link/94597773-50b1-40a8-9d22-5344d62fcaf4;FRB1324;32;699103;6204768;1;29-06-2010 08:30:00 +02:00;;Temperatur; =;12,7;grader C;3
Station;49000061;ÆBELHOLT Å, SØSTERBRO MØLLE;32;699103;6204768;Hillerød;Region Hovedstaden;Vandløb;Poel Å;28-08-2002;1;Feltmålinger, Vandløb;Ja;Miljøstyrelsen;https://vanda.miljoeportal.dk/link/1055da43-cf82-47ee-b542-66caecce99fe;FRB1324;32;699103;6204768;1;28-08-2002 07:55:00 +02:00;;Oxygen indhold; =;6;mg/l;3
Station;49000061;ÆBELHOLT Å, SØSTERBRO MØLLE;32;699103;6204768;Hillerød;Region Hovedstaden;Vandløb;Poel Å;21-03-2018;1;Feltmålinger, Vandløb;Ja;Miljøstyrelsen;https://vanda.miljoeportal.dk/link/85cec16b-7e52-44d5-ad3f-4b71a0fde0b3;FRB1324;32;699103;6204768;1;21-03-2018 08:55:00 +01:00;;pH; =;7,6;pH;2
Station;49000061;ÆBELHOLT Å, SØSTERBRO MØLLE;32;699103;6204768;Hillerød;Region Hovedstaden;Vandløb;Poel Å;21-01-2016;1;Feltmålinger, Vandløb;Ja;Miljøstyrelsen;https://vanda.miljoeportal.dk/link/5bf02396-a7a9-44fc-a1c9-6cdc65a9012e;FRB1324;32;699103;6204768;1;21-01-2016 09:00:00 +01:00;;pH; =;8,1;pH;3
Station;49000061;ÆBELHOLT Å, SØSTERBRO MØLLE;32;699103;6204768;Hillerød;Region Hovedstaden;Vandløb;Poel Å;26-04-2005;1;Feltmålinger, Vandløb;Ja;Miljøstyrelsen;https://vanda.miljoeportal.dk/link/d5b9bed9-81b8-4cee-9603-5e2f3a00260d;FRB1324;32;699103;6204768;1;26-04-2005 08:30:00 +02:00;;Temperatur; =;5,4;grader C;3
Station;49000061;ÆBELHOLT Å, SØSTERBRO MØLLE;32;699103;6204768;Hillerød;Region Hovedstaden;Vandløb;Poel Å;30-08-2011;1;Feltmålinger, Vandløb;Ja;Miljøstyrelsen;https://vanda.miljoeportal.dk/link/ea08fc45-af1f-4e7a-90ba-0d9d730c00b7;FRB1324;32;699103;6204768;1;30-08-2011 08:40:00 +02:00;;Temperatur; =;14,1;grader C;3
Station;49000061;ÆBELHOLT Å, SØSTERBRO MØLLE;32;699103;6204768;Hillerød;Region Hovedstaden;Vandløb;Poel Å;26-05-2015;1;Feltmålinger, Vandløb;Ja;Miljøstyrelsen;https://vanda.miljoeportal.dk/link/359a53f0-78f9-4185-9253-e7ca1c79d7cc;FRB1324;32;699103;6204768;1;26-05-2015 08:30:00 +02:00;;pH; =;8;pH;2
Station;49000061;ÆBELHOLT Å, SØSTERBRO MØLLE;32;699103;6204768;Hillerød;Region Hovedstaden;Vandløb;Poel Å;24-05-2011;1;Feltmålinger, Vandløb;Ja;Miljøstyrelsen;https://vanda.miljoeportal.dk/link/f69713b6-fad4-439f-a07d-e5f269b74164;FRB1324;32;699103;6204768;1;24-05-2011 08:05:00 +02:00;;Temperatur; =;11,4;grader C;3
Station;49000061;ÆBELHOLT Å, SØSTERBRO MØLLE;32;699103;6204768;Hillerød;Region Hovedstaden;Vandløb;Poel Å;24-06-2019;1;Feltmålinger, Vandløb;Ja;Miljøstyrelsen;https://vanda.miljoeportal.dk/link/0a8ee34e-4c3b-4d69-a103-a15212e54dfb;FRB1324;32;699103;6204768;1;24-06-2019 11:00:00 +02:00;;pH; =;8,2;pH;2
Station;49000061;ÆBELHOLT Å, SØSTERBRO MØLLE;32;699103;6204768;Hillerød;Region Hovedstaden;Vandløb;Poel Å;19-06-2007;1;Feltmålinger, Vandløb;Ja;Miljøstyrelsen;https://vanda.miljoeportal.dk/link/66582f79-0d90-41ee-8728-1c03df969c8c;FRB1324;32;699103;6204768;1;19-06-2007 08:10:00 +02:00;;Temperatur; =;13,7;grader C;3
Station;49000061;ÆBELHOLT Å, SØSTERBRO MØLLE;32;699103;6204768;Hillerød;Region Hovedstaden;Vandløb;Poel Å;27-01-2009;1;Feltmålinger, Vandløb;Ja;Miljøstyrelsen;https://vanda.miljoeportal.dk/link/ddb46aa3-d1b8-4add-9f34-25da97d52115;FRB1324;32;699103;6204768;1;27-01-2009 07:45:00 +01:00;;Temperatur; =;3,7;grader C;3
Station;49000061;ÆBELHOLT Å, SØSTERBRO MØLLE;32;699103;6204768;Hillerød;Region Hovedstaden;Vandløb;Poel Å;25-03-2015;1;Feltmålinger, Vandløb;Ja;Miljøstyrelsen;https://vanda.miljoeportal.dk/link/ade12ce4-5a92-48e8-83f6-272d7c251a03;FRB1324;32;699103;6204768;1;25-03-2015 08:45:00 +01:00;;pH; =;8;pH;2
Station;49000061;ÆBELHOLT Å, SØSTERBRO MØLLE;32;699103;6204768;Hillerød;Region Hovedstaden;Vandløb;Poel Å;10-02-2009;1;Feltmålinger, Vandløb;Ja;Miljøstyrelsen;https://vanda.miljoeportal.dk/link/db30be24-5996-42f1-9700-7f00e57b4586;FRB1324;32;699103;6204768;1;10-02-2009 07:40:00 +01:00;;Temperatur; =;3;grader C;3
Station;49000061;ÆBELHOLT Å, SØSTERBRO MØLLE;32;699103;6204768;Hillerød;Region Hovedstaden;Vandløb;Poel Å;16-12-2015;1;Feltmålinger, Vandløb;Ja;Miljøstyrelsen;https://vanda.miljoeportal.dk/link/e545e1b7-d907-493a-a24e-83624785c995;FRB1324;32;699103;6204768;1;16-12-2015 09:10:00 +01:00;;Temperatur; =;5;grader C;2
Station;49000061;ÆBELHOLT Å, SØSTERBRO MØLLE;32;699103;6204768;Hillerød;Region Hovedstaden;Vandløb;Poel Å;23-12-2003;1;Feltmålinger, Vandløb;Ja;Miljøstyrelsen;https://vanda.miljoeportal.dk/link/ccf498da-8c90-496c-95a5-51fa78541943;FRB1324;32;699103;6204768;1;23-12-2003 11:02:00 +01:00;;Oxygenmætning; =;51;pct;3
Station;49000061;ÆBELHOLT Å, SØSTERBRO MØLLE;32;699103;6204768;Hillerød;Region Hovedstaden;Vandløb;Poel Å;07-07-2020;1;Feltmålinger, Vandløb;Ja;Miljøstyrelsen;https://vanda.miljoeportal.dk/link/00a44ebf-e5c3-4909-936b-7edf9e886fc5;FRB1324;32;699103;6204768;1;07-07-2020 15:10:00 +02:00;;pH; =;8,2;pH;2
Station;49000061;ÆBELHOLT Å, SØSTERBRO MØLLE;32;699103;6204768;Hillerød;Region Hovedstaden;Vandløb;Poel Å;06-04-2004;1;Feltmålinger, Vandløb;Ja;Miljøstyrelsen;https://vanda.miljoeportal.dk/link/b6899d87-c0f0-40dd-b8d3-73a184c16c1f;FRB1324;32;699103;6204768;1;06-04-2004 08:20:00 +02:00;;Temperatur; =;5,4;grader C;3
Station;49000061;ÆBELHOLT Å, SØSTERBRO MØLLE;32;699103;6204768;Hillerød;Region Hovedstaden;Vandløb;Poel Å;05-10-2004;1;Feltmålinger, Vandløb;Ja;Miljøstyrelsen;https://vanda.miljoeportal.dk/link/307bbefd-c39c-4323-8b8b-c807f6e19803;FRB1324;32;699103;6204768;1;05-10-2004 07:55:00 +02:00;;Oxygenmætning; =;82;pct;3
Station;49000061;ÆBELHOLT Å, SØSTERBRO MØLLE;32;699103;6204768;Hillerød;Region Hovedstaden;Vandløb;Poel Å;22-05-2013;1;Feltmålinger, Vandløb;Ja;Miljøstyrelsen;https://vanda.miljoeportal.dk/link/0512505f-e62c-47c5-8cb1-5a18c01c6b5e;FRB1324;32;699103;6204768;1;22-05-2013 07:45:00 +02:00;;Temperatur; =;12,5;grader C;3
Station;49000061;ÆBELHOLT Å, SØSTERBRO MØLLE;32;699103;6204768;Hillerød;Region Hovedstaden;Vandløb;Poel Å;06-06-2007;1;Feltmålinger, Vandløb;Ja;Miljøstyrelsen;https://vanda.miljoeportal.dk/link/6c5d0b4b-089a-451e-8895-bc70634b802e;FRB1324;32;699103;6204768;1;06-06-2007 10:15:00 +02:00;;Temperatur; =;14,1;grader C;3
Station;49000061;ÆBELHOLT Å, SØSTERBRO MØLLE;32;699103;6204768;Hillerød;Region Hovedstaden;Vandløb;Poel Å;19-07-2005;1;Feltmålinger, Vandløb;Ja;Miljøstyrelsen;https://vanda.miljoeportal.dk/link/4b6784af-136b-444d-9c4b-46f2960d803b;FRB1324;32;699103;6204768;1;19-07-2005 08:35:00 +02:00;;Temperatur; =;14,1;grader C;3
Station;49000061;ÆBELHOLT Å, SØSTERBRO MØLLE;32;699103;6204768;Hillerød;Region Hovedstaden;Vandløb;Poel Å;09-10-2012;1;Feltmålinger, Vandløb;Ja;Miljøstyrelsen;https://vanda.miljoeportal.dk/link/eb6c7b8f-85bf-4d68-915a-50b705cf6620;FRB1324;32;699103;6204768;1;09-10-2012 07:45:00 +02:00;;pH; =;7,9;pH;3
Station;49000061;ÆBELHOLT Å, SØSTERBRO MØLLE;32;699103;6204768;Hillerød;Region Hovedstaden;Vandløb;Poel Å;07-09-2011;1;Feltmålinger, Vandløb;Ja;Miljøstyrelsen;https://vanda.miljoeportal.dk/link/249a4e2d-3d57-47c6-a25c-cd0005fbcbe6;FRB1324;32;699103;6204768;1;07-09-2011 10:55:00 +02:00;;pH; =;7,4;pH;3
Station;49000061;ÆBELHOLT Å, SØSTERBRO MØLLE;32;699103;6204768;Hillerød;Region Hovedstaden;Vandløb;Poel Å;14-01-2014;1;Feltmålinger, Vandløb;Ja;Miljøstyrelsen;https://vanda.miljoeportal.dk/link/ab5961b6-90d2-48a9-b415-b086c8578989;FRB1324;32;699103;6204768;1;14-01-2014 08:10:00 +01:00;;Temperatur; =;4,7;grader C;3
Station;49000061;ÆBELHOLT Å, SØSTERBRO MØLLE;32;699103;6204768;Hillerød;Region Hovedstaden;Vandløb;Poel Å;30-06-2004;1;Feltmålinger, Vandløb;Ja;Miljøstyrelsen;https://vanda.miljoeportal.dk/link/9c12eeaf-7f23-4715-aa07-026f03ee573e;FRB1324;32;699103;6204768;1;30-06-2004 10:30:00 +02:00;;Oxygen indhold; =;8,9;mg/l;3
Station;49000061;ÆBELHOLT Å, SØSTERBRO MØLLE;32;699103;6204768;Hillerød;Region Hovedstaden;Vandløb;Poel Å;07-08-2003;1;Feltmålinger, Vandløb;Ja;Miljøstyrelsen;https://vanda.miljoeportal.dk/link/00f4f62e-7c74-456a-93a5-fc7cf60801d7;FRB1324;32;699103;6204768;1;07-08-2003 09:50:00 +02:00;;Oxygenmætning; =;96;pct;3
Station;49000061;ÆBELHOLT Å, SØSTERBRO MØLLE;32;699103;6204768;Hillerød;Region Hovedstaden;Vandløb;Poel Å;02-01-2003;1;Feltmålinger, Vandløb;Ja;Miljøstyrelsen;https://vanda.miljoeportal.dk/link/e02bbe17-08d7-4ef1-8db8-c4767f67d0f3;FRB1324;32;699103;6204768;1;02-01-2003 09:10:00 +01:00;;Oxygenmætning; =;79;pct;3
Station;49000061;ÆBELHOLT Å, SØSTERBRO MØLLE;32;699103;6204768;Hillerød;Region Hovedstaden;Vandløb;Poel Å;21-04-2017;1;Feltmålinger, Vandløb;Ja;Miljøstyrelsen;https://vanda.miljoeportal.dk/link/2252ba72-0259-4fa1-a6a5-85b2a19a2b9e;FRB1324;32;699103;6204768;1;21-04-2017 10:35:00 +02:00;;pH; =;8,3;pH;2
Station;49000061;ÆBELHOLT Å, SØSTERBRO MØLLE;32;699103;6204768;Hillerød;Region Hovedstaden;Vandløb;Poel Å;28-07-2004;1;Feltmålinger, Vandløb;Ja;Miljøstyrelsen;https://vanda.miljoeportal.dk/link/1790730e-6855-4a7a-8703-6f0a0df32de4;FRB1324;32;699103;6204768;1;28-07-2004 12:05:00 +02:00;;Oxygenmætning; =;100;pct;3
Station;49000061;ÆBELHOLT Å, SØSTERBRO MØLLE;32;699103;6204768;Hillerød;Region Hovedstaden;Vandløb;Poel Å;27-01-2021;1;Feltmålinger, Vandløb;Ja;Miljøstyrelsen;https://vanda.miljoeportal.dk/link/8249dfc4-1dab-4f52-91b3-48050690b882;FRB1324;32;699103;6204768;1;27-01-2021 12:50:00 +01:00;;Temperatur; =;4,3;grader C;2
Station;49000061;ÆBELHOLT Å, SØSTERBRO MØLLE;32;699103;6204768;Hillerød;Region Hovedstaden;Vandløb;Poel Å;09-05-2011;1;Feltmålinger, Vandløb;Ja;Miljøstyrelsen;https://vanda.miljoeportal.dk/link/34e890e2-fc72-4acb-91a6-de9895bf2919;FRB1324;32;699103;6204768;1;09-05-2011 08:25:00 +02:00;;pH; =;7,7;pH;3
Station;49000061;ÆBELHOLT Å, SØSTERBRO MØLLE;32;699103;6204768;Hillerød;Region Hovedstaden;Vandløb;Poel Å;20-03-2003;1;Feltmålinger, Vandløb;Ja;Miljøstyrelsen;https://vanda.miljoeportal.dk/link/2af23fe4-715c-4028-bbaa-d550331872c5;FRB1324;32;699103;6204768;1;20-03-2003 11:40:00 +01:00;;Oxygenmætning; =;85;pct;3
Station;49000061;ÆBELHOLT Å, SØSTERBRO MØLLE;32;699103;6204768;Hillerød;Region Hovedstaden;Vandløb;Poel Å;08-02-2016;1;Feltmålinger, Vandløb;Ja;Miljøstyrelsen;https://vanda.miljoeportal.dk/link/f76cd5b6-f823-4018-8dc2-ca4e063f5d45;FRB1324;32;699103;6204768;1;08-02-2016 08:35:00 +01:00;;Temperatur; =;5;grader C;3
Station;49000061;ÆBELHOLT Å, SØSTERBRO MØLLE;32;699103;6204768;Hillerød;Region Hovedstaden;Vandløb;Poel Å;09-04-2018;1;Feltmålinger, Vandløb;Ja;Miljøstyrelsen;https://vanda.miljoeportal.dk/link/c29bd4fa-3935-4fe1-b0ac-70e04fa4f8f3;FRB1324;32;699103;6204768;1;09-04-2018 09:00:00 +02:00;;Temperatur; =;6,3;grader C;2
Station;49000061;ÆBELHOLT Å, SØSTERBRO MØLLE;32;699103;6204768;Hillerød;Region Hovedstaden;Vandløb;Poel Å;20-04-2004;1;Feltmålinger, Vandløb;Ja;Miljøstyrelsen;https://vanda.miljoeportal.dk/link/e370b73b-507e-4093-bc37-3e89fd3e8d1e;FRB1324;32;699103;6204768;1;20-04-2004 08:20:00 +02:00;;Temperatur; =;8;grader C;3
Station;49000061;ÆBELHOLT Å, SØSTERBRO MØLLE;32;699103;6204768;Hillerød;Region Hovedstaden;Vandløb;Poel Å;06-04-2017;1;Feltmålinger, Vandløb;Ja;Miljøstyrelsen;https://vanda.miljoeportal.dk/link/7b3b2d23-c0fa-45e2-b14e-081b04459351;FRB1324;32;699103;6204768;1;06-04-2017 07:35:00 +02:00;;pH; =;8,1;pH;2
Station;49000061;ÆBELHOLT Å, SØSTERBRO MØLLE;32;699103;6204768;Hillerød;Region Hovedstaden;Vandløb;Poel Å;11-02-2014;1;Feltmålinger, Vandløb;Ja;Miljøstyrelsen;https://vanda.miljoeportal.dk/link/cfa62947-01ec-42b1-8947-c81b1c789584;FRB1324;32;699103;6204768;1;11-02-2014 08:15:00 +01:00;;Temperatur; =;3,6;grader C;3
Station;49000061;ÆBELHOLT Å, SØSTERBRO MØLLE;32;699103;6204768;Hillerød;Region Hovedstaden;Vandløb;Poel Å;14-04-2015;1;Feltmålinger, Vandløb;Ja;Miljøstyrelsen;https://vanda.miljoeportal.dk/link/d7feb287-eb40-441b-a9ee-5143f972e2a6;FRB1324;32;699103;6204768;1;14-04-2015 08:28:00 +02:00;;Temperatur; =;6,1;grader C;2
Station;49000061;ÆBELHOLT Å, SØSTERBRO MØLLE;32;699103;6204768;Hillerød;Region Hovedstaden;Vandløb;Poel Å;25-04-2006;1;Feltmålinger, Vandløb;Ja;Miljøstyrelsen;https://vanda.miljoeportal.dk/link/71491624-bfbd-4848-85ba-f4911c969b33;FRB1324;32;699103;6204768;1;25-04-2006 08:50:00 +02:00;;Oxygen indhold; =;11,7;mg/l;2
Station;49000061;ÆBELHOLT Å, SØSTERBRO MØLLE;32;699103;6204768;Hillerød;Region Hovedstaden;Vandløb;Poel Å;25-09-2012;1;Feltmålinger, Vandløb;Ja;Miljøstyrelsen;https://vanda.miljoeportal.dk/link/61e72ff0-3a26-4869-ade2-459335571d73;FRB1324;32;699103;6204768;1;25-09-2012 07:45:00 +02:00;;pH; =;8;pH;3
Station;49000061;ÆBELHOLT Å, SØSTERBRO MØLLE;32;699103;6204768;Hillerød;Region Hovedstaden;Vandløb;Poel Å;04-12-2013;1;Feltmålinger, Vandløb;Ja;Miljøstyrelsen;https://vanda.miljoeportal.dk/link/10ece590-e297-4104-a859-91a2dd14209b;FRB1324;32;699103;6204768;1;04-12-2013 08:20:00 +01:00;;pH; =;8;pH;3
Station;49000061;ÆBELHOLT Å, SØSTERBRO MØLLE;32;699103;6204768;Hillerød;Region Hovedstaden;Vandløb;Poel Å;17-04-2012;1;Feltmålinger, Vandløb;Ja;Miljøstyrelsen;https://vanda.miljoeportal.dk/link/ffab50e2-54b1-46cd-a2d3-fd7dfd715a9d;FRB1324;32;699103;6204768;1;17-04-2012 07:25:00 +02:00;;pH; =;8;pH;3
Station;49000061;ÆBELHOLT Å, SØSTERBRO MØLLE;32;699103;6204768;Hillerød;Region Hovedstaden;Vandløb;Poel Å;16-04-2020;1;Feltmålinger, Vandløb;Ja;Miljøstyrelsen;https://vanda.miljoeportal.dk/link/c3c590c0-c3a8-4464-9132-780b1bad7b21;FRB1324;32;699103;6204768;1;16-04-2020 13:52:00 +02:00;;Temperatur; =;11,8;grader C;2
Station;49000061;ÆBELHOLT Å, SØSTERBRO MØLLE;32;699103;6204768;Hillerød;Region Hovedstaden;Vandløb;Poel Å;18-09-2003;1;Feltmålinger, Vandløb;Ja;Miljøstyrelsen;https://vanda.miljoeportal.dk/link/b5fef5fc-dba8-44fc-b258-d6eec63078e6;FRB1324;32;699103;6204768;1;18-09-2003 08:29:00 +02:00;;Oxygen indhold; =;9;mg/l;3
Station;49000061;ÆBELHOLT Å, SØSTERBRO MØLLE;32;699103;6204768;Hillerød;Region Hovedstaden;Vandløb;Poel Å;07-09-2004;1;Feltmålinger, Vandløb;Ja;Miljøstyrelsen;https://vanda.miljoeportal.dk/link/12bed079-c546-43a0-b7e3-01146ea32f12;FRB1324;32;699103;6204768;1;07-09-2004 08:20:00 +02:00;;Oxygenmætning; =;73;pct;3
Station;49000061;ÆBELHOLT Å, SØSTERBRO MØLLE;32;699103;6204768;Hillerød;Region Hovedstaden;Vandløb;Poel Å;10-02-2021;1;Feltmålinger, Vandløb;Ja;Miljøstyrelsen;https://vanda.miljoeportal.dk/link/fc30d56f-4eb8-497d-8925-b1bd836c5170;FRB1324;32;699103;6204768;1;10-02-2021 12:10:00 +01:00;;Temperatur; =;1,8;grader C;2
Station;49000061;ÆBELHOLT Å, SØSTERBRO MØLLE;32;699103;6204768;Hillerød;Region Hovedstaden;Vandløb;Poel Å;12-12-2012;1;Feltmålinger, Vandløb;Ja;Miljøstyrelsen;https://vanda.miljoeportal.dk/link/90a6ad6c-b454-4ef8-9e12-d76ab016b10a;FRB1324;32;699103;6204768;1;12-12-2012 08:30:00 +01:00;;pH; =;7,9;pH;3
Station;49000061;ÆBELHOLT Å, SØSTERBRO MØLLE;32;699103;6204768;Hillerød;Region Hovedstaden;Vandløb;Poel Å;09-10-2007;1;Feltmålinger, Vandløb;Ja;Miljøstyrelsen;https://vanda.miljoeportal.dk/link/4326cdc8-2032-4999-9c7c-62adcff549dc;FRB1324;32;699103;6204768;1;09-10-2007 08:35:00 +02:00;;Temperatur; =;10,2;grader C;3
Station;49000061;ÆBELHOLT Å, SØSTERBRO MØLLE;32;699103;6204768;Hillerød;Region Hovedstaden;Vandløb;Poel Å;02-11-2004;1;Feltmålinger, Vandløb;Ja;Miljøstyrelsen;https://vanda.miljoeportal.dk/link/8eeb80d3-523e-4dc9-8125-765fd2da3627;FRB1324;32;699103;6204768;1;02-11-2004 08:00:00 +01:00;;Oxygenmætning; =;74;pct;3
Station;49000061;ÆBELHOLT Å, SØSTERBRO MØLLE;32;699103;6204768;Hillerød;Region Hovedstaden;Vandløb;Poel Å;15-10-2015;1;Feltmålinger, Vandløb;Ja;Miljøstyrelsen;https://vanda.miljoeportal.dk/link/41a96a9b-09c8-402c-ab88-8e4a5c6a98d2;FRB1324;32;699103;6204768;1;15-10-2015 09:50:00 +02:00;;Temperatur; =;9,1;grader C;1
Station;49000061;ÆBELHOLT Å, SØSTERBRO MØLLE;32;699103;6204768;Hillerød;Region Hovedstaden;Vandløb;Poel Å;16-09-2008;1;Feltmålinger, Vandløb;Ja;Miljøstyrelsen;https://vanda.miljoeportal.dk/link/f0156f7b-79a5-4eda-b3e7-549722f541a5;FRB1324;32;699103;6204768;1;16-09-2008 08:40:00 +02:00;;Temperatur; =;17,9;grader C;3
Station;49000061;ÆBELHOLT Å, SØSTERBRO MØLLE;32;699103;6204768;Hillerød;Region Hovedstaden;Vandløb;Poel Å;06-05-2019;1;Feltmålinger, Vandløb;Ja;Miljøstyrelsen;https://vanda.miljoeportal.dk/link/0ceea623-c3c6-406f-bb77-d28c81176836;FRB1324;32;699103;6204768;1;06-05-2019 11:00:00 +02:00;;Temperatur; =;10,9;grader C;2
Station;49000061;ÆBELHOLT Å, SØSTERBRO MØLLE;32;699103;6204768;Hillerød;Region Hovedstaden;Vandløb;Poel Å;14-12-2004;1;Feltmålinger, Vandløb;Ja;Miljøstyrelsen;https://vanda.miljoeportal.dk/link/4cbaafc2-47ff-40bb-a850-ba91a56df763;FRB1324;32;699103;6204768;1;14-12-2004 08:20:00 +01:00;;Temperatur; =;6,7;grader C;3
Station;49000061;ÆBELHOLT Å, SØSTERBRO MØLLE;32;699103;6204768;Hillerød;Region Hovedstaden;Vandløb;Poel Å;29-10-2014;1;Feltmålinger, Vandløb;Ja;Miljøstyrelsen;https://vanda.miljoeportal.dk/link/efeef536-458c-4bdd-a3f1-81ece8e9041f;FRB1324;32;699103;6204768;1;29-10-2014 07:40:00 +01:00;;Temperatur; =;9,9;grader C;3
Station;49000061;ÆBELHOLT Å, SØSTERBRO MØLLE;32;699103;6204768;Hillerød;Region Hovedstaden;Vandløb;Poel Å;16-11-2004;1;Feltmålinger, Vandløb;Ja;Miljøstyrelsen;https://vanda.miljoeportal.dk/link/191242ea-0297-46e4-9aee-e183d42ed325;FRB1324;32;699103;6204768;1;16-11-2004 08:20:00 +01:00;;Temperatur; =;6,7;grader C;3
Station;49000061;ÆBELHOLT Å, SØSTERBRO MØLLE;32;699103;6204768;Hillerød;Region Hovedstaden;Vandløb;Poel Å;24-07-2003;1;Feltmålinger, Vandløb;Ja;Miljøstyrelsen;https://vanda.miljoeportal.dk/link/272b5fe7-01f7-4e6b-b23c-7f8566ede820;FRB1324;32;699103;6204768;1;24-07-2003 10:58:00 +02:00;;Temperatur; =;14,9;grader C;3
Station;49000061;ÆBELHOLT Å, SØSTERBRO MØLLE;32;699103;6204768;Hillerød;Region Hovedstaden;Vandløb;Poel Å;20-07-2010;1;Feltmålinger, Vandløb;Ja;Miljøstyrelsen;https://vanda.miljoeportal.dk/link/fbc72573-3c27-4457-bb5e-10874505161b;FRB1324;32;699103;6204768;1;20-07-2010 12:55:00 +02:00;;Temperatur; =;16;grader C;3
Station;49000061;ÆBELHOLT Å, SØSTERBRO MØLLE;32;699103;6204768;Hillerød;Region Hovedstaden;Vandløb;Poel Å;10-11-2009;1;Feltmålinger, Vandløb;Ja;Miljøstyrelsen;https://vanda.miljoeportal.dk/link/8f8033bf-e1cc-4470-bee3-fac84abf8eff;FRB1324;32;699103;6204768;1;10-11-2009 08:10:00 +01:00;;Temperatur; =;7,3;grader C;3
Station;49000061;ÆBELHOLT Å, SØSTERBRO MØLLE;32;699103;6204768;Hillerød;Region Hovedstaden;Vandløb;Poel Å;14-03-2006;1;Feltmålinger, Vandløb;Ja;Miljøstyrelsen;https://vanda.miljoeportal.dk/link/e606d83b-2b18-4d67-b6e5-9aff8b4b4bd7;FRB1324;32;699103;6204768;1;14-03-2006 08:50:00 +01:00;;Temperatur; =;0;grader C;2
Station;49000061;ÆBELHOLT Å, SØSTERBRO MØLLE;32;699103;6204768;Hillerød;Region Hovedstaden;Vandløb;Poel Å;10-07-2003;1;Feltmålinger, Vandløb;Ja;Miljøstyrelsen;https://vanda.miljoeportal.dk/link/c7b7d5e3-399c-411e-af79-ca7583be567a;FRB1324;32;699103;6204768;1;10-07-2003 09:10:00 +02:00;;Oxygenmætning; =;84;pct;3
Station;49000061;ÆBELHOLT Å, SØSTERBRO MØLLE;32;699103;6204768;Hillerød;Region Hovedstaden;Vandløb;Poel Å;29-10-2019;1;Feltmålinger, Vandløb;Ja;Miljøstyrelsen;https://vanda.miljoeportal.dk/link/9a62f04c-4379-49e4-b115-4c8a42e3bab8;FRB1324;32;699103;6204768;1;29-10-2019 14:20:00 +01:00;;pH; =;7,9;pH;2
Station;49000061;ÆBELHOLT Å, SØSTERBRO MØLLE;32;699103;6204768;Hillerød;Region Hovedstaden;Vandløb;Poel Å;26-03-2020;1;Feltmålinger, Vandløb;Ja;Miljøstyrelsen;https://vanda.miljoeportal.dk/link/ec403f53-40cf-4ee3-9530-da1d3b7a444e;FRB1324;32;699103;6204768;1;26-03-2020 12:45:00 +01:00;;pH; =;8,4;pH;2
Station;49000061;ÆBELHOLT Å, SØSTERBRO MØLLE;32;699103;6204768;Hillerød;Region Hovedstaden;Vandløb;Poel Å;05-10-2016;1;Feltmålinger, Vandløb;Ja;Miljøstyrelsen;https://vanda.miljoeportal.dk/link/9b8d1104-5b20-40d9-8dfa-ee014ec13e86;FRB1324;32;699103;6204768;1;05-10-2016 09:00:00 +02:00;;pH; =;8,6;pH;3
Station;49000061;ÆBELHOLT Å, SØSTERBRO MØLLE;32;699103;6204768;Hillerød;Region Hovedstaden;Vandløb;Poel Å;06-12-2005;1;Feltmålinger, Vandløb;Ja;Miljøstyrelsen;https://vanda.miljoeportal.dk/link/e8727ba7-148d-488f-909a-28e8dc2ec77b;FRB1324;32;699103;6204768;1;06-12-2005 08:45:00 +01:00;;Oxygenmætning; =;73;pct;3
Station;49000061;ÆBELHOLT Å, SØSTERBRO MØLLE;32;699103;6204768;Hillerød;Region Hovedstaden;Vandløb;Poel Å;24-03-2021;1;Feltmålinger, Vandløb;Ja;Miljøstyrelsen;https://vanda.miljoeportal.dk/link/8c254f4f-9762-4e53-847e-47705f09ecf2;FRB1324;32;699103;6204768;1;24-03-2021 10:45:00 +01:00;;Temperatur; =;6,4;grader C;2
Station;49000061;ÆBELHOLT Å, SØSTERBRO MØLLE;32;699103;6204768;Hillerød;Region Hovedstaden;Vandløb;Poel Å;07-06-2005;1;Feltmålinger, Vandløb;Ja;Miljøstyrelsen;https://vanda.miljoeportal.dk/link/d058ddd5-c89f-4c93-abd3-fded7d48f96a;FRB1324;32;699103;6204768;1;07-06-2005 08:30:00 +02:00;;Temperatur; =;10,3;grader C;3
Station;49000061;ÆBELHOLT Å, SØSTERBRO MØLLE;32;699103;6204768;Hillerød;Region Hovedstaden;Vandløb;Poel Å;24-02-2011;1;Feltmålinger, Vandløb;Ja;Miljøstyrelsen;https://vanda.miljoeportal.dk/link/f26b9425-df3b-48e8-b7ba-708e08c050e4;FRB1324;32;699103;6204768;1;24-02-2011 09:20:00 +01:00;;pH; =;7,6;pH;3
Station;49000061;ÆBELHOLT Å, SØSTERBRO MØLLE;32;699103;6204768;Hillerød;Region Hovedstaden;Vandløb;Poel Å;06-11-2018;1;Feltmålinger, Vandløb;Ja;Miljøstyrelsen;https://vanda.miljoeportal.dk/link/e710a168-982e-4945-9ec0-11e5bd74a1fc;FRB1324;32;699103;6204768;1;06-11-2018 09:20:00 +01:00;;Temperatur; =;8,5;grader C;2
Station;49000061;ÆBELHOLT Å, SØSTERBRO MØLLE;32;699103;6204768;Hillerød;Region Hovedstaden;Vandløb;Poel Å;04-06-2019;1;Feltmålinger, Vandløb;Ja;Miljøstyrelsen;https://vanda.miljoeportal.dk/link/989e5ff7-8662-4c27-aa5b-35eb82d9cc33;FRB1324;32;699103;6204768;1;04-06-2019 13:45:00 +02:00;;pH; =;8,4;pH;2
Station;49000061;ÆBELHOLT Å, SØSTERBRO MØLLE;32;699103;6204768;Hillerød;Region Hovedstaden;Vandløb;Poel Å;13-03-2007;1;Feltmålinger, Vandløb;Ja;Miljøstyrelsen;https://vanda.miljoeportal.dk/link/177c3379-883c-4b53-ada4-0efe50d2a59c;FRB1324;32;699103;6204768;1;13-03-2007 08:20:00 +01:00;;Temperatur; =;5,8;grader C;3
Station;49000061;ÆBELHOLT Å, SØSTERBRO MØLLE;32;699103;6204768;Hillerød;Region Hovedstaden;Vandløb;Poel Å;15-01-2003;1;Feltmålinger, Vandløb;Ja;Miljøstyrelsen;https://vanda.miljoeportal.dk/link/64360045-0368-42db-9fff-574f71dcd3b7;FRB1324;32;699103;6204768;1;15-01-2003 10:30:00 +01:00;;Oxygenmætning; =;71;pct;3
Station;49000061;ÆBELHOLT Å, SØSTERBRO MØLLE;32;699103;6204768;Hillerød;Region Hovedstaden;Vandløb;Poel Å;12-06-2003;1;Feltmålinger, Vandløb;Ja;Miljøstyrelsen;https://vanda.miljoeportal.dk/link/1158d841-6529-4263-b45f-c058edc0db96;FRB1324;32;699103;6204768;1;12-06-2003 12:46:00 +02:00;;Oxygenmætning; =;89;pct;3
Station;49000061;ÆBELHOLT Å, SØSTERBRO MØLLE;32;699103;6204768;Hillerød;Region Hovedstaden;Vandløb;Poel Å;21-03-2013;1;Feltmålinger, Vandløb;Ja;Miljøstyrelsen;https://vanda.miljoeportal.dk/link/b2e7c275-b6c2-4804-8720-e01993bbddec;FRB1324;32;699103;6204768;1;21-03-2013 07:50:00 +01:00;;pH; =;7,9;pH;3
Station;49000061;ÆBELHOLT Å, SØSTERBRO MØLLE;32;699103;6204768;Hillerød;Region Hovedstaden;Vandløb;Poel Å;03-10-2019;1;Feltmålinger, Vandløb;Ja;Miljøstyrelsen;https://vanda.miljoeportal.dk/link/c86a000d-c89c-488b-ae68-5cdd4e9cfcda;FRB1324;32;699103;6204768;1;03-10-2019 08:50:00 +02:00;;Temperatur; =;9,6;grader C;2
Station;49000061;ÆBELHOLT Å, SØSTERBRO MØLLE;32;699103;6204768;Hillerød;Region Hovedstaden;Vandløb;Poel Å;26-09-2006;1;Feltmålinger, Vandløb;Ja;Miljøstyrelsen;https://vanda.miljoeportal.dk/link/fab45b86-2f89-46a0-9b9e-889dca39608d;FRB1324;32;699103;6204768;1;26-09-2006 08:40:00 +02:00;;Temperatur; =;12,9;grader C;2
Station;49000061;ÆBELHOLT Å, SØSTERBRO MØLLE;32;699103;6204768;Hillerød;Region Hovedstaden;Vandløb;Poel Å;06-04-2004;1;Feltmålinger, Vandløb;Ja;Miljøstyrelsen;https://vanda.miljoeportal.dk/link/b6899d87-c0f0-40dd-b8d3-73a184c16c1f;FRB1324;32;699103;6204768;1;06-04-2004 08:20:00 +02:00;;Oxygenmætning; =;87;pct;3
Station;49000061;ÆBELHOLT Å, SØSTERBRO MØLLE;32;699103;6204768;Hillerød;Region Hovedstaden;Vandløb;Poel Å;01-03-2005;1;Feltmålinger, Vandløb;Ja;Miljøstyrelsen;https://vanda.miljoeportal.dk/link/d8af2d6c-a5c8-482e-b2ee-e608a5fd267a;FRB1324;32;699103;6204768;1;01-03-2005 08:20:00 +01:00;;Oxygenmætning; =;83;pct;3
Station;49000061;ÆBELHOLT Å, SØSTERBRO MØLLE;32;699103;6204768;Hillerød;Region Hovedstaden;Vandløb;Poel Å;03-06-2014;1;Feltmålinger, Vandløb;Ja;Miljøstyrelsen;https://vanda.miljoeportal.dk/link/5ae84409-8257-4c2f-9e96-e6417df9f04b;FRB1324;32;699103;6204768;1;03-06-2014 08:10:00 +02:00;;pH; =;8;pH;3
Station;49000061;ÆBELHOLT Å, SØSTERBRO MØLLE;32;699103;6204768;Hillerød;Region Hovedstaden;Vandløb;Poel Å;10-04-2007;1;Feltmålinger, Vandløb;Ja;Miljøstyrelsen;https://vanda.miljoeportal.dk/link/4529ac8a-60ba-462e-9136-142059e94b92;FRB1324;32;699103;6204768;1;10-04-2007 09:45:00 +02:00;;Temperatur; =;8,3;grader C;3
Station;49000061;ÆBELHOLT Å, SØSTERBRO MØLLE;32;699103;6204768;Hillerød;Region Hovedstaden;Vandløb;Poel Å;13-12-2011;1;Feltmålinger, Vandløb;Ja;Miljøstyrelsen;https://vanda.miljoeportal.dk/link/4ba7e6e8-2683-4bf4-9e44-933933fc4f6f;FRB1324;32;699103;6204768;1;13-12-2011 08:40:00 +01:00;;Temperatur; =;5,5;grader C;3
Station;49000061;ÆBELHOLT Å, SØSTERBRO MØLLE;32;699103;6204768;Hillerød;Region Hovedstaden;Vandløb;Poel Å;03-10-2019;1;Feltmålinger, Vandløb;Ja;Miljøstyrelsen;https://vanda.miljoeportal.dk/link/c86a000d-c89c-488b-ae68-5cdd4e9cfcda;FRB1324;32;699103;6204768;1;03-10-2019 08:50:00 +02:00;;pH; =;8,1;pH;2
Station;49000061;ÆBELHOLT Å, SØSTERBRO MØLLE;32;699103;6204768;Hillerød;Region Hovedstaden;Vandløb;Poel Å;28-01-2004;1;Feltmålinger, Vandløb;Ja;Miljøstyrelsen;https://vanda.miljoeportal.dk/link/0b4f6ac9-251a-4e88-b23e-20436dde871a;FRB1324;32;699103;6204768;1;28-01-2004 08:25:00 +01:00;;Temperatur; =;1;grader C;3
Station;49000061;ÆBELHOLT Å, SØSTERBRO MØLLE;32;699103;6204768;Hillerød;Region Hovedstaden;Vandløb;Poel Å;08-12-2015;1;Feltmålinger, Vandløb;Ja;Miljøstyrelsen;https://vanda.miljoeportal.dk/link/28c4f3ce-568a-4b85-a111-7fb0afeb9fb0;FRB1324;32;699103;6204768;1;08-12-2015 08:00:00 +01:00;;Temperatur; =;6,9;grader C;2
Station;49000061;ÆBELHOLT Å, SØSTERBRO MØLLE;32;699103;6204768;Hillerød;Region Hovedstaden;Vandløb;Poel Å;09-10-2012;1;Feltmålinger, Vandløb;Ja;Miljøstyrelsen;https://vanda.miljoeportal.dk/link/eb6c7b8f-85bf-4d68-915a-50b705cf6620;FRB1324;32;699103;6204768;1;09-10-2012 07:45:00 +02:00;;Temperatur; =;8,8;grader C;3
Station;49000061;ÆBELHOLT Å, SØSTERBRO MØLLE;32;699103;6204768;Hillerød;Region Hovedstaden;Vandløb;Poel Å;07-11-2017;1;Feltmålinger, Vandløb;Ja;Miljøstyrelsen;https://vanda.miljoeportal.dk/link/9c9b471c-b626-4e18-8189-f3ccf1380057;FRB1324;32;699103;6204768;1;07-11-2017 07:45:00 +01:00;;pH; =;7,9;pH;2
Station;49000061;ÆBELHOLT Å, SØSTERBRO MØLLE;32;699103;6204768;Hillerød;Region Hovedstaden;Vandløb;Poel Å;03-05-2011;1;Feltmålinger, Vandløb;Ja;Miljøstyrelsen;https://vanda.miljoeportal.dk/link/550825c6-b323-457b-97ca-ab584eb892d2;FRB1324;32;699103;6204768;1;03-05-2011 08:20:00 +02:00;;pH; =;7,6;pH;3
Station;49000061;ÆBELHOLT Å, SØSTERBRO MØLLE;32;699103;6204768;Hillerød;Region Hovedstaden;Vandløb;Poel Å;09-05-2011;1;Feltmålinger, Vandløb;Ja;Miljøstyrelsen;https://vanda.miljoeportal.dk/link/34e890e2-fc72-4acb-91a6-de9895bf2919;FRB1324;32;699103;6204768;1;09-05-2011 08:25:00 +02:00;;Temperatur; =;10,2;grader C;3
Station;49000061;ÆBELHOLT Å, SØSTERBRO MØLLE;32;699103;6204768;Hillerød;Region Hovedstaden;Vandløb;Poel Å;06-06-2006;1;Feltmålinger, Vandløb;Ja;Miljøstyrelsen;https://vanda.miljoeportal.dk/link/dda83720-e6d2-4938-aa10-532c6810e46a;FRB1324;32;699103;6204768;1;06-06-2006 08:55:00 +02:00;;Oxygenmætning; =;85;pct;2
Station;49000061;ÆBELHOLT Å, SØSTERBRO MØLLE;32;699103;6204768;Hillerød;Region Hovedstaden;Vandløb;Poel Å;07-06-2005;1;Feltmålinger, Vandløb;Ja;Miljøstyrelsen;https://vanda.miljoeportal.dk/link/d058ddd5-c89f-4c93-abd3-fded7d48f96a;FRB1324;32;699103;6204768;1;07-06-2005 08:30:00 +02:00;;Oxygen indhold; =;9,3;mg/l;3
Station;49000061;ÆBELHOLT Å, SØSTERBRO MØLLE;32;699103;6204768;Hillerød;Region Hovedstaden;Vandløb;Poel Å;20-11-2002;1;Feltmålinger, Vandløb;Ja;Miljøstyrelsen;https://vanda.miljoeportal.dk/link/14b6016f-f94e-4df1-b47e-1fcb0f36e18a;FRB1324;32;699103;6204768;1;20-11-2002 10:05:00 +01:00;;Oxygen indhold; =;10,4;mg/l;3
Station;49000061;ÆBELHOLT Å, SØSTERBRO MØLLE;32;699103;6204768;Hillerød;Region Hovedstaden;Vandløb;Poel Å;23-03-2004;1;Feltmålinger, Vandløb;Ja;Miljøstyrelsen;https://vanda.miljoeportal.dk/link/ab34f090-a766-48c3-84ec-4831b9309b7d;FRB1324;32;699103;6204768;1;23-03-2004 08:20:00 +01:00;;Oxygen indhold; =;10;mg/l;3
Station;49000061;ÆBELHOLT Å, SØSTERBRO MØLLE;32;699103;6204768;Hillerød;Region Hovedstaden;Vandløb;Poel Å;29-12-2004;1;Feltmålinger, Vandløb;Ja;Miljøstyrelsen;https://vanda.miljoeportal.dk/link/5aca0041-2176-4b87-86f2-683ffdd76ea2;FRB1324;32;699103;6204768;1;29-12-2004 10:40:00 +01:00;;Temperatur; =;3,3;grader C;3
Station;49000061;ÆBELHOLT Å, SØSTERBRO MØLLE;32;699103;6204768;Hillerød;Region Hovedstaden;Vandløb;Poel Å;30-06-2004;1;Feltmålinger, Vandløb;Ja;Miljøstyrelsen;https://vanda.miljoeportal.dk/link/9c12eeaf-7f23-4715-aa07-026f03ee573e;FRB1324;32;699103;6204768;1;30-06-2004 10:30:00 +02:00;;Temperatur; =;12,3;grader C;3
Station;49000061;ÆBELHOLT Å, SØSTERBRO MØLLE;32;699103;6204768;Hillerød;Region Hovedstaden;Vandløb;Poel Å;02-11-2004;1;Feltmålinger, Vandløb;Ja;Miljøstyrelsen;https://vanda.miljoeportal.dk/link/8eeb80d3-523e-4dc9-8125-765fd2da3627;FRB1324;32;699103;6204768;1;02-11-2004 08:00:00 +01:00;;Oxygen indhold; =;8,5;mg/l;3
Station;49000061;ÆBELHOLT Å, SØSTERBRO MØLLE;32;699103;6204768;Hillerød;Region Hovedstaden;Vandløb;Poel Å;14-01-2016;1;Feltmålinger, Vandløb;Ja;Miljøstyrelsen;https://vanda.miljoeportal.dk/link/47a24696-07fa-4731-b2da-6650b4129d74;FRB1324;32;699103;6204768;1;14-01-2016 09:10:00 +01:00;;pH; =;8;pH;3
Station;49000061;ÆBELHOLT Å, SØSTERBRO MØLLE;32;699103;6204768;Hillerød;Region Hovedstaden;Vandløb;Poel Å;07-05-2015;1;Feltmålinger, Vandløb;Ja;Miljøstyrelsen;https://vanda.miljoeportal.dk/link/a82746ab-78bd-4227-86db-e59a117e3830;FRB1324;32;699103;6204768;1;07-05-2015 10:00:00 +02:00;;pH; =;8,5;pH;2
Station;49000061;ÆBELHOLT Å, SØSTERBRO MØLLE;32;699103;6204768;Hillerød;Region Hovedstaden;Vandløb;Poel Å;28-03-2017;1;Feltmålinger, Vandløb;Ja;Miljøstyrelsen;https://vanda.miljoeportal.dk/link/3b76dcb6-8dd2-45c8-8c45-ea30ca392d08;FRB1324;32;699103;6204768;1;28-03-2017 08:03:00 +02:00;;Temperatur; =;6,3;grader C;2
Station;49000061;ÆBELHOLT Å, SØSTERBRO MØLLE;32;699103;6204768;Hillerød;Region Hovedstaden;Vandløb;Poel Å;21-12-2020;1;Feltmålinger, Vandløb;Ja;Miljøstyrelsen;https://vanda.miljoeportal.dk/link/a8bc8769-6379-4308-aa0c-3e3b83ae7885;FRB1324;32;699103;6204768;1;21-12-2020 16:05:00 +01:00;;pH; =;8,14;pH;2
Station;49000061;ÆBELHOLT Å, SØSTERBRO MØLLE;32;699103;6204768;Hillerød;Region Hovedstaden;Vandløb;Poel Å;14-10-2014;1;Feltmålinger, Vandløb;Ja;Miljøstyrelsen;https://vanda.miljoeportal.dk/link/7fd86d66-1b66-46af-aa28-b4571df7d904;FRB1324;32;699103;6204768;1;14-10-2014 08:15:00 +02:00;;Temperatur; =;10,7;grader C;3
Station;49000061;ÆBELHOLT Å, SØSTERBRO MØLLE;32;699103;6204768;Hillerød;Region Hovedstaden;Vandløb;Poel Å;07-09-2015;1;Feltmålinger, Vandløb;Ja;Miljøstyrelsen;https://vanda.miljoeportal.dk/link/9b13f0e5-8891-46f3-ba7a-e5fc4900e996;FRB1324;32;699103;6204768;1;07-09-2015 10:10:00 +02:00;;Temperatur; =;12,5;grader C;2
Station;49000061;ÆBELHOLT Å, SØSTERBRO MØLLE;32;699103;6204768;Hillerød;Region Hovedstaden;Vandløb;Poel Å;23-08-2012;1;Feltmålinger, Vandløb;Ja;Miljøstyrelsen;https://vanda.miljoeportal.dk/link/361ac10a-72a9-4d59-9e6f-5dab63bfa4ea;FRB1324;32;699103;6204768;1;23-08-2012 07:45:00 +02:00;;Temperatur; =;14,2;grader C;3
Station;49000061;ÆBELHOLT Å, SØSTERBRO MØLLE;32;699103;6204768;Hillerød;Region Hovedstaden;Vandløb;Poel Å;18-08-2009;1;Feltmålinger, Vandløb;Ja;Miljøstyrelsen;https://vanda.miljoeportal.dk/link/93e72115-b4b2-4670-a5cb-b7d060636b06;FRB1324;32;699103;6204768;1;18-08-2009 08:30:00 +02:00;;Temperatur; =;13,6;grader C;3
Station;49000061;ÆBELHOLT Å, SØSTERBRO MØLLE;32;699103;6204768;Hillerød;Region Hovedstaden;Vandløb;Poel Å;06-11-2007;1;Feltmålinger, Vandløb;Ja;Miljøstyrelsen;https://vanda.miljoeportal.dk/link/6d05abe7-2eee-4541-ad01-c423e0f07df9;FRB1324;32;699103;6204768;1;06-11-2007 08:25:00 +01:00;;Temperatur; =;9,4;grader C;3
Station;49000061;ÆBELHOLT Å, SØSTERBRO MØLLE;32;699103;6204768;Hillerød;Region Hovedstaden;Vandløb;Poel Å;07-09-2015;1;Feltmålinger, Vandløb;Ja;Miljøstyrelsen;https://vanda.miljoeportal.dk/link/9b13f0e5-8891-46f3-ba7a-e5fc4900e996;FRB1324;32;699103;6204768;1;07-09-2015 10:10:00 +02:00;;pH; =;7,8;pH;2
Station;49000061;ÆBELHOLT Å, SØSTERBRO MØLLE;32;699103;6204768;Hillerød;Region Hovedstaden;Vandløb;Poel Å;16-12-2008;1;Feltmålinger, Vandløb;Ja;Miljøstyrelsen;https://vanda.miljoeportal.dk/link/e03a095c-a0f4-4460-882e-3f7403642994;FRB1324;32;699103;6204768;1;16-12-2008 08:45:00 +01:00;;Temperatur; =;5,7;grader C;3
Station;49000061;ÆBELHOLT Å, SØSTERBRO MØLLE;32;699103;6204768;Hillerød;Region Hovedstaden;Vandløb;Poel Å;04-12-2018;1;Feltmålinger, Vandløb;Ja;Miljøstyrelsen;https://vanda.miljoeportal.dk/link/ddf444ea-bc2e-4e27-93c0-9fcc005b9409;FRB1324;32;699103;6204768;1;04-12-2018 09:00:00 +01:00;;pH; =;8;pH;2
Station;49000061;ÆBELHOLT Å, SØSTERBRO MØLLE;32;699103;6204768;Hillerød;Region Hovedstaden;Vandløb;Poel Å;08-10-2013;1;Feltmålinger, Vandløb;Ja;Miljøstyrelsen;https://vanda.miljoeportal.dk/link/439459b4-f57a-4404-88c6-5d11239867f2;FRB1324;32;699103;6204768;1;08-10-2013 08:00:00 +02:00;;pH; =;8,1;pH;3
Station;49000061;ÆBELHOLT Å, SØSTERBRO MØLLE;32;699103;6204768;Hillerød;Region Hovedstaden;Vandløb;Poel Å;29-11-2019;1;Feltmålinger, Vandløb;Ja;Miljøstyrelsen;https://vanda.miljoeportal.dk/link/3493c368-a9cf-4f92-baed-30fc3805f8a6;FRB1324;32;699103;6204768;1;29-11-2019 12:30:00 +01:00;;pH; =;7,9;pH;2
Station;49000061;ÆBELHOLT Å, SØSTERBRO MØLLE;32;699103;6204768;Hillerød;Region Hovedstaden;Vandløb;Poel Å;24-09-2013;1;Feltmålinger, Vandløb;Ja;Miljøstyrelsen;https://vanda.miljoeportal.dk/link/2884355e-aa6a-42f3-aeed-1f4f9283a62b;FRB1324;32;699103;6204768;1;24-09-2013 08:40:00 +02:00;;pH; =;8,2;pH;3
Station;49000061;ÆBELHOLT Å, SØSTERBRO MØLLE;32;699103;6204768;Hillerød;Region Hovedstaden;Vandløb;Poel Å;04-01-2017;1;Feltmålinger, Vandløb;Ja;Miljøstyrelsen;https://vanda.miljoeportal.dk/link/088c84ad-f32a-481b-84a6-bde25f38a6a3;FRB1324;32;699103;6204768;1;04-01-2017 09:00:00 +01:00;;pH; =;8;pH;2
Station;49000061;ÆBELHOLT Å, SØSTERBRO MØLLE;32;699103;6204768;Hillerød;Region Hovedstaden;Vandløb;Poel Å;20-03-2012;1;Feltmålinger, Vandløb;Ja;Miljøstyrelsen;https://vanda.miljoeportal.dk/link/0939db64-4256-4e0a-8624-60ee97264697;FRB1324;32;699103;6204768;1;20-03-2012 08:30:00 +01:00;;Temperatur; =;5,3;grader C;3
Station;49000061;ÆBELHOLT Å, SØSTERBRO MØLLE;32;699103;6204768;Hillerød;Region Hovedstaden;Vandløb;Poel Å;21-08-2003;1;Feltmålinger, Vandløb;Ja;Miljøstyrelsen;https://vanda.miljoeportal.dk/link/f2ee95aa-1366-4b15-bd88-daa3d1b94923;FRB1324;32;699103;6204768;1;21-08-2003 12:39:00 +02:00;;Oxygen indhold; =;10,9;mg/l;3
Station;49000061;ÆBELHOLT Å, SØSTERBRO MØLLE;32;699103;6204768;Hillerød;Region Hovedstaden;Vandløb;Poel Å;23-09-2014;1;Feltmålinger, Vandløb;Ja;Miljøstyrelsen;https://vanda.miljoeportal.dk/link/968c3570-2403-4198-babb-4055350d1290;FRB1324;32;699103;6204768;1;23-09-2014 07:45:00 +02:00;;Temperatur; =;7,2;grader C;3
Station;49000061;ÆBELHOLT Å, SØSTERBRO MØLLE;32;699103;6204768;Hillerød;Region Hovedstaden;Vandløb;Poel Å;09-03-2004;1;Feltmålinger, Vandløb;Ja;Miljøstyrelsen;https://vanda.miljoeportal.dk/link/b93bfc8f-97dc-4a34-9b66-2ec425190541;FRB1324;32;699103;6204768;1;09-03-2004 08:15:00 +01:00;;Oxygenmætning; =;94;pct;3
Station;49000061;ÆBELHOLT Å, SØSTERBRO MØLLE;32;699103;6204768;Hillerød;Region Hovedstaden;Vandløb;Poel Å;24-09-2013;1;Feltmålinger, Vandløb;Ja;Miljøstyrelsen;https://vanda.miljoeportal.dk/link/2884355e-aa6a-42f3-aeed-1f4f9283a62b;FRB1324;32;699103;6204768;1;24-09-2013 08:40:00 +02:00;;Temperatur; =;9,4;grader C;3
Station;49000061;ÆBELHOLT Å, SØSTERBRO MØLLE;32;699103;6204768;Hillerød;Region Hovedstaden;Vandløb;Poel Å;10-07-2007;1;Feltmålinger, Vandløb;Ja;Miljøstyrelsen;https://vanda.miljoeportal.dk/link/6f26dce4-d635-49c2-b510-f79751a9ff28;FRB1324;32;699103;6204768;1;10-07-2007 08:30:00 +02:00;;Temperatur; =;15;grader C;3
Station;49000061;ÆBELHOLT Å, SØSTERBRO MØLLE;32;699103;6204768;Hillerød;Region Hovedstaden;Vandløb;Poel Å;02-10-2003;1;Feltmålinger, Vandløb;Ja;Miljøstyrelsen;https://vanda.miljoeportal.dk/link/3482c11e-50af-49d5-a8d3-34243ca9eac5;FRB1324;32;699103;6204768;1;02-10-2003 08:46:00 +02:00;;Oxygen indhold; =;10;mg/l;3
Station;49000061;ÆBELHOLT Å, SØSTERBRO MØLLE;32;699103;6204768;Hillerød;Region Hovedstaden;Vandløb;Poel Å;27-05-2008;1;Feltmålinger, Vandløb;Ja;Miljøstyrelsen;https://vanda.miljoeportal.dk/link/9f3a5722-8f61-406e-8817-74a2712cffaf;FRB1324;32;699103;6204768;1;27-05-2008 08:30:00 +02:00;;Temperatur; =;11;grader C;3
Station;49000061;ÆBELHOLT Å, SØSTERBRO MØLLE;32;699103;6204768;Hillerød;Region Hovedstaden;Vandløb;Poel Å;11-01-2019;1;Feltmålinger, Vandløb;Ja;Miljøstyrelsen;https://vanda.miljoeportal.dk/link/64e71b80-eb9a-4de4-aaf1-b753008d7371;FRB1324;32;699103;6204768;1;11-01-2019 09:00:00 +01:00;;Temperatur; =;5,5;grader C;2
Station;49000061;ÆBELHOLT Å, SØSTERBRO MØLLE;32;699103;6204768;Hillerød;Region Hovedstaden;Vandløb;Poel Å;25-03-2014;1;Feltmålinger, Vandløb;Ja;Miljøstyrelsen;https://vanda.miljoeportal.dk/link/85ff6623-e755-44f2-b96c-305bba0d23a0;FRB1324;32;699103;6204768;1;25-03-2014 07:30:00 +01:00;;Temperatur; =;3,8;grader C;3
Station;49000061;ÆBELHOLT Å, SØSTERBRO MØLLE;32;699103;6204768;Hillerød;Region Hovedstaden;Vandløb;Poel Å;26-11-2013;1;Feltmålinger, Vandløb;Ja;Miljøstyrelsen;https://vanda.miljoeportal.dk/link/35300d2b-a75f-4ad7-a43c-799106d0d0eb;FRB1324;32;699103;6204768;1;26-11-2013 09:00:00 +01:00;;pH; =;8;pH;3
Station;49000061;ÆBELHOLT Å, SØSTERBRO MØLLE;32;699103;6204768;Hillerød;Region Hovedstaden;Vandløb;Poel Å;13-09-2011;1;Feltmålinger, Vandløb;Ja;Miljøstyrelsen;https://vanda.miljoeportal.dk/link/71580664-3107-48f8-95f2-23b7579f0815;FRB1324;32;699103;6204768;1;13-09-2011 08:35:00 +02:00;;pH; =;7,4;pH;3
Station;49000061;ÆBELHOLT Å, SØSTERBRO MØLLE;32;699103;6204768;Hillerød;Region Hovedstaden;Vandløb;Poel Å;11-01-2011;1;Feltmålinger, Vandløb;Ja;Miljøstyrelsen;https://vanda.miljoeportal.dk/link/85b8502c-e8bc-4b85-a356-54b984ad7d9b;FRB1324;32;699103;6204768;1;11-01-2011 08:30:00 +01:00;;Temperatur; =;2,6;grader C;3
Station;49000061;ÆBELHOLT Å, SØSTERBRO MØLLE;32;699103;6204768;Hillerød;Region Hovedstaden;Vandløb;Poel Å;13-07-2004;1;Feltmålinger, Vandløb;Ja;Miljøstyrelsen;https://vanda.miljoeportal.dk/link/48fa30dc-bf6b-46e1-bfb5-68a68558186c;FRB1324;32;699103;6204768;1;13-07-2004 08:30:00 +02:00;;Oxygen indhold; =;7,9;mg/l;3
Station;49000061;ÆBELHOLT Å, SØSTERBRO MØLLE;32;699103;6204768;Hillerød;Region Hovedstaden;Vandløb;Poel Å;20-12-2005;1;Feltmålinger, Vandløb;Ja;Miljøstyrelsen;https://vanda.miljoeportal.dk/link/024139bb-3aa4-4f0a-b64f-3aad2899b27c;FRB1324;32;699103;6204768;1;20-12-2005 08:20:00 +01:00;;Oxygenmætning; =;73;pct;3
Station;49000061;ÆBELHOLT Å, SØSTERBRO MØLLE;32;699103;6204768;Hillerød;Region Hovedstaden;Vandløb;Poel Å;01-02-2017;1;Feltmålinger, Vandløb;Ja;Miljøstyrelsen;https://vanda.miljoeportal.dk/link/eb424e99-2231-464b-816d-384d4d4771e9;FRB1324;32;699103;6204768;1;01-02-2017 09:15:00 +01:00;;pH; =;8,1;pH;2
Station;49000061;ÆBELHOLT Å, SØSTERBRO MØLLE;32;699103;6204768;Hillerød;Region Hovedstaden;Vandløb;Poel Å;04-06-2019;1;Feltmålinger, Vandløb;Ja;Miljøstyrelsen;https://vanda.miljoeportal.dk/link/989e5ff7-8662-4c27-aa5b-35eb82d9cc33;FRB1324;32;699103;6204768;1;04-06-2019 13:45:00 +02:00;;Temperatur; =;17,1;grader C;2
Station;49000061;ÆBELHOLT Å, SØSTERBRO MØLLE;32;699103;6204768;Hillerød;Region Hovedstaden;Vandløb;Poel Å;22-04-2021;1;Feltmålinger, Vandløb;Ja;Miljøstyrelsen;https://vanda.miljoeportal.dk/link/3c64b3ca-039f-403c-9ead-69b58217d113;FRB1324;32;699103;6204768;1;22-04-2021 12:41:00 +02:00;;Temperatur; =;9,2;grader C;2
Station;49000061;ÆBELHOLT Å, SØSTERBRO MØLLE;32;699103;6204768;Hillerød;Region Hovedstaden;Vandløb;Poel Å;29-11-2019;1;Feltmålinger, Vandløb;Ja;Miljøstyrelsen;https://vanda.miljoeportal.dk/link/3493c368-a9cf-4f92-baed-30fc3805f8a6;FRB1324;32;699103;6204768;1;29-11-2019 12:30:00 +01:00;;Temperatur; =;6,4;grader C;2
Station;49000061;ÆBELHOLT Å, SØSTERBRO MØLLE;32;699103;6204768;Hillerød;Region Hovedstaden;Vandløb;Poel Å;06-08-2012;1;Feltmålinger, Vandløb;Ja;Miljøstyrelsen;https://vanda.miljoeportal.dk/link/061b4ff0-a40f-444d-9331-ab3fa72dc7ff;FRB1324;32;699103;6204768;1;06-08-2012 07:30:00 +02:00;;Temperatur; =;14,3;grader C;3
Station;49000061;ÆBELHOLT Å, SØSTERBRO MØLLE;32;699103;6204768;Hillerød;Region Hovedstaden;Vandløb;Poel Å;05-07-2011;1;Feltmålinger, Vandløb;Ja;Miljøstyrelsen;https://vanda.miljoeportal.dk/link/60a280d8-0d5c-4294-9b50-46a327d8ffa0;FRB1324;32;699103;6204768;1;05-07-2011 08:45:00 +02:00;;Temperatur; =;15,4;grader C;3
Station;49000061;ÆBELHOLT Å, SØSTERBRO MØLLE;32;699103;6204768;Hillerød;Region Hovedstaden;Vandløb;Poel Å;03-01-2006;1;Feltmålinger, Vandløb;Ja;Miljøstyrelsen;https://vanda.miljoeportal.dk/link/e2782c23-d61c-43db-81cd-975b303c56f9;FRB1324;32;699103;6204768;1;03-01-2006 08:50:00 +01:00;;Oxygen indhold; =;10,4;mg/l;2
Station;49000061;ÆBELHOLT Å, SØSTERBRO MØLLE;32;699103;6204768;Hillerød;Region Hovedstaden;Vandløb;Poel Å;01-02-2017;1;Feltmålinger, Vandløb;Ja;Miljøstyrelsen;https://vanda.miljoeportal.dk/link/eb424e99-2231-464b-816d-384d4d4771e9;FRB1324;32;699103;6204768;1;01-02-2017 09:15:00 +01:00;;Temperatur; =;3,6;grader C;2
Station;49000061;ÆBELHOLT Å, SØSTERBRO MØLLE;32;699103;6204768;Hillerød;Region Hovedstaden;Vandløb;Poel Å;24-06-2008;1;Feltmålinger, Vandløb;Ja;Miljøstyrelsen;https://vanda.miljoeportal.dk/link/ecc33810-9a6b-4b21-8e02-76060f500206;FRB1324;32;699103;6204768;1;24-06-2008 09:55:00 +02:00;;Temperatur; =;14,5;grader C;3
Station;49000061;ÆBELHOLT Å, SØSTERBRO MØLLE;32;699103;6204768;Hillerød;Region Hovedstaden;Vandløb;Poel Å;13-07-2021;1;Feltmålinger, Vandløb;Ja;Miljøstyrelsen;https://vanda.miljoeportal.dk/link/5aba46c2-3998-434f-8686-794db44d29e5;FRB1324;32;699103;6204768;1;13-07-2021 13:33:00 +02:00;;Temperatur; =;19;grader C;2
Station;49000061;ÆBELHOLT Å, SØSTERBRO MØLLE;32;699103;6204768;Hillerød;Region Hovedstaden;Vandløb;Poel Å;03-06-2015;1;Feltmålinger, Vandløb;Ja;Miljøstyrelsen;https://vanda.miljoeportal.dk/link/a0da09da-b8bb-4c6d-906f-5bca9af78505;FRB1324;32;699103;6204768;1;03-06-2015 08:45:00 +02:00;;pH; =;7,8;pH;2
Station;49000061;ÆBELHOLT Å, SØSTERBRO MØLLE;32;699103;6204768;Hillerød;Region Hovedstaden;Vandløb;Poel Å;31-08-2010;1;Feltmålinger, Vandløb;Ja;Miljøstyrelsen;https://vanda.miljoeportal.dk/link/29b03256-e3d3-4670-bca8-5e9161a99bc9;FRB1324;32;699103;6204768;1;31-08-2010 08:30:00 +02:00;;Temperatur; =;11,2;grader C;3
Station;49000061;ÆBELHOLT Å, SØSTERBRO MØLLE;32;699103;6204768;Hillerød;Region Hovedstaden;Vandløb;Poel Å;28-02-2006;1;Feltmålinger, Vandløb;Ja;Miljøstyrelsen;https://vanda.miljoeportal.dk/link/2b3a326f-b196-4748-b340-b414a5343c69;FRB1324;32;699103;6204768;1;28-02-2006 08:55:00 +01:00;;Temperatur; =;1,7;grader C;2
Station;49000061;ÆBELHOLT Å, SØSTERBRO MØLLE;32;699103;6204768;Hillerød;Region Hovedstaden;Vandløb;Poel Å;06-03-2003;1;Feltmålinger, Vandløb;Ja;Miljøstyrelsen;https://vanda.miljoeportal.dk/link/c9b9ad2e-a3a8-4fca-bfa6-eb5d6475a163;FRB1324;32;699103;6204768;1;06-03-2003 12:25:00 +01:00;;Oxygen indhold; =;9,8;mg/l;3
Station;49000061;ÆBELHOLT Å, SØSTERBRO MØLLE;32;699103;6204768;Hillerød;Region Hovedstaden;Vandløb;Poel Å;10-12-2020;1;Feltmålinger, Vandløb;Ja;Miljøstyrelsen;https://vanda.miljoeportal.dk/link/3de53894-4085-4581-a521-0be1b1b31d82;FRB1324;32;699103;6204768;1;10-12-2020 10:53:00 +01:00;;Temperatur; =;5,6;grader C;2
Station;49000061;ÆBELHOLT Å, SØSTERBRO MØLLE;32;699103;6204768;Hillerød;Region Hovedstaden;Vandløb;Poel Å;06-11-2002;1;Feltmålinger, Vandløb;Ja;Miljøstyrelsen;https://vanda.miljoeportal.dk/link/f471baa3-67cb-43b2-a138-198d6c6bac8f;FRB1324;32;699103;6204768;1;06-11-2002 09:55:00 +01:00;;Temperatur; =;5,1;grader C;3
Station;49000061;ÆBELHOLT Å, SØSTERBRO MØLLE;32;699103;6204768;Hillerød;Region Hovedstaden;Vandløb;Poel Å;25-02-2014;1;Feltmålinger, Vandløb;Ja;Miljøstyrelsen;https://vanda.miljoeportal.dk/link/863ae062-5d82-4ae1-b0e9-9e9e973dbdcc;FRB1324;32;699103;6204768;1;25-02-2014 08:15:00 +01:00;;pH; =;7,3;pH;3
Station;49000061;ÆBELHOLT Å, SØSTERBRO MØLLE;32;699103;6204768;Hillerød;Region Hovedstaden;Vandløb;Poel Å;04-01-2005;1;Feltmålinger, Vandløb;Ja;Miljøstyrelsen;https://vanda.miljoeportal.dk/link/5b662245-e4ff-4afd-8cc5-6df5df336e4b;FRB1324;32;699103;6204768;1;04-01-2005 08:30:00 +01:00;;Oxygen indhold; =;9,9;mg/l;3
Station;49000061;ÆBELHOLT Å, SØSTERBRO MØLLE;32;699103;6204768;Hillerød;Region Hovedstaden;Vandløb;Poel Å;01-08-2006;1;Feltmålinger, Vandløb;Ja;Miljøstyrelsen;https://vanda.miljoeportal.dk/link/09a48492-cd7f-436d-a231-70297f00ae04;FRB1324;32;699103;6204768;1;01-08-2006 09:40:00 +02:00;;Oxygen indhold; =;8,8;mg/l;2
Station;49000061;ÆBELHOLT Å, SØSTERBRO MØLLE;32;699103;6204768;Hillerød;Region Hovedstaden;Vandløb;Poel Å;07-05-2014;1;Feltmålinger, Vandløb;Ja;Miljøstyrelsen;https://vanda.miljoeportal.dk/link/44bee3e6-9cbc-479e-9915-a981e712e81f;FRB1324;32;699103;6204768;1;07-05-2014 07:30:00 +02:00;;pH; =;7,8;pH;3
Station;49000061;ÆBELHOLT Å, SØSTERBRO MØLLE;32;699103;6204768;Hillerød;Region Hovedstaden;Vandløb;Poel Å;07-10-2008;1;Feltmålinger, Vandløb;Ja;Miljøstyrelsen;https://vanda.miljoeportal.dk/link/ffcb033d-5047-4a73-b3e3-9bc663e093fa;FRB1324;32;699103;6204768;1;07-10-2008 09:50:00 +02:00;;Temperatur; =;16;grader C;3
Station;49000061;ÆBELHOLT Å, SØSTERBRO MØLLE;32;699103;6204768;Hillerød;Region Hovedstaden;Vandløb;Poel Å;14-09-2006;1;Feltmålinger, Vandløb;Ja;Miljøstyrelsen;https://vanda.miljoeportal.dk/link/c55a5895-3495-4b6c-93af-2a76252b0497;FRB1324;32;699103;6204768;1;14-09-2006 08:35:00 +02:00;;Oxygenmætning; =;74;pct;2
Station;49000061;ÆBELHOLT Å, SØSTERBRO MØLLE;32;699103;6204768;Hillerød;Region Hovedstaden;Vandløb;Poel Å;27-10-2009;1;Feltmålinger, Vandløb;Ja;Miljøstyrelsen;https://vanda.miljoeportal.dk/link/081cfe52-8415-4ffe-8eaa-00a3f31fb891;FRB1324;32;699103;6204768;1;27-10-2009 08:20:00 +01:00;;Temperatur; =;9,4;grader C;3
Station;49000061;ÆBELHOLT Å, SØSTERBRO MØLLE;32;699103;6204768;Hillerød;Region Hovedstaden;Vandløb;Poel Å;06-12-2005;1;Feltmålinger, Vandløb;Ja;Miljøstyrelsen;https://vanda.miljoeportal.dk/link/e8727ba7-148d-488f-909a-28e8dc2ec77b;FRB1324;32;699103;6204768;1;06-12-2005 08:45:00 +01:00;;Temperatur; =;6,1;grader C;3
Station;49000061;ÆBELHOLT Å, SØSTERBRO MØLLE;32;699103;6204768;Hillerød;Region Hovedstaden;Vandløb;Poel Å;14-03-2006;1;Feltmålinger, Vandløb;Ja;Miljøstyrelsen;https://vanda.miljoeportal.dk/link/e606d83b-2b18-4d67-b6e5-9aff8b4b4bd7;FRB1324;32;699103;6204768;1;14-03-2006 08:50:00 +01:00;;Oxygen indhold; =;13,5;mg/l;2
Station;49000061;ÆBELHOLT Å, SØSTERBRO MØLLE;32;699103;6204768;Hillerød;Region Hovedstaden;Vandløb;Poel Å;27-01-2014;1;Feltmålinger, Vandløb;Ja;Miljøstyrelsen;https://vanda.miljoeportal.dk/link/5cfaf87e-d427-40fb-8b39-801159910564;FRB1324;32;699103;6204768;1;27-01-2014 08:30:00 +01:00;;Temperatur; =;1;grader C;3
Station;49000061;ÆBELHOLT Å, SØSTERBRO MØLLE;32;699103;6204768;Hillerød;Region Hovedstaden;Vandløb;Poel Å;13-08-2018;1;Feltmålinger, Vandløb;Ja;Miljøstyrelsen;https://vanda.miljoeportal.dk/link/e2a13e27-4e71-45e8-9946-563f54d09a01;FRB1324;32;699103;6204768;1;13-08-2018 10:25:00 +02:00;;pH; =;7,9;pH;2
Station;49000061;ÆBELHOLT Å, SØSTERBRO MØLLE;32;699103;6204768;Hillerød;Region Hovedstaden;Vandløb;Poel Å;28-04-2009;1;Feltmålinger, Vandløb;Ja;Miljøstyrelsen;https://vanda.miljoeportal.dk/link/d7e186fa-8f7d-4368-9f25-2cb0c364bbe6;FRB1324;32;699103;6204768;1;28-04-2009 08:35:00 +02:00;;Temperatur; =;9,7;grader C;3
Station;49000061;ÆBELHOLT Å, SØSTERBRO MØLLE;32;699103;6204768;Hillerød;Region Hovedstaden;Vandløb;Poel Å;23-03-2004;1;Feltmålinger, Vandløb;Ja;Miljøstyrelsen;https://vanda.miljoeportal.dk/link/ab34f090-a766-48c3-84ec-4831b9309b7d;FRB1324;32;699103;6204768;1;23-03-2004 08:20:00 +01:00;;Oxygenmætning; =;79;pct;3
Station;49000061;ÆBELHOLT Å, SØSTERBRO MØLLE;32;699103;6204768;Hillerød;Region Hovedstaden;Vandløb;Poel Å;09-09-2014;1;Feltmålinger, Vandløb;Ja;Miljøstyrelsen;https://vanda.miljoeportal.dk/link/2e688e8b-12fc-451f-aba8-f81fb563c4a6;FRB1324;32;699103;6204768;1;09-09-2014 08:30:00 +02:00;;Temperatur; =;13;grader C;3
Station;49000061;ÆBELHOLT Å, SØSTERBRO MØLLE;32;699103;6204768;Hillerød;Region Hovedstaden;Vandløb;Poel Å;29-04-2014;1;Feltmålinger, Vandløb;Ja;Miljøstyrelsen;https://vanda.miljoeportal.dk/link/e1c5ea0f-6073-4bc3-9d0d-7a699f8a4822;FRB1324;32;699103;6204768;1;29-04-2014 08:10:00 +02:00;;pH; =;7,8;pH;3
Station;49000061;ÆBELHOLT Å, SØSTERBRO MØLLE;32;699103;6204768;Hillerød;Region Hovedstaden;Vandløb;Poel Å;17-06-2014;1;Feltmålinger, Vandløb;Ja;Miljøstyrelsen;https://vanda.miljoeportal.dk/link/248ad5cb-e61b-430c-90bc-893f19dd252a;FRB1324;32;699103;6204768;1;17-06-2014 08:00:00 +02:00;;Temperatur; =;10,9;grader C;3
Station;49000061;ÆBELHOLT Å, SØSTERBRO MØLLE;32;699103;6204768;Hillerød;Region Hovedstaden;Vandløb;Poel Å;26-09-2017;1;Feltmålinger, Vandløb;Ja;Miljøstyrelsen;https://vanda.miljoeportal.dk/link/5bf0d659-0c89-40d1-8930-e90789cc23fe;FRB1324;32;699103;6204768;1;26-09-2017 09:10:00 +02:00;;pH; =;8;pH;2
Station;49000061;ÆBELHOLT Å, SØSTERBRO MØLLE;32;699103;6204768;Hillerød;Region Hovedstaden;Vandløb;Poel Å;17-04-2018;1;Feltmålinger, Vandløb;Ja;Miljøstyrelsen;https://vanda.miljoeportal.dk/link/7937a378-e89d-42b2-9116-802bee28f3d7;FRB1324;32;699103;6204768;1;17-04-2018 08:30:00 +02:00;;pH; =;7,8;pH;2
Station;49000061;ÆBELHOLT Å, SØSTERBRO MØLLE;32;699103;6204768;Hillerød;Region Hovedstaden;Vandløb;Poel Å;20-09-2018;1;Feltmålinger, Vandløb;Ja;Miljøstyrelsen;https://vanda.miljoeportal.dk/link/f86d90d1-0c4e-4836-a55a-925fd0cd5ed3;FRB1324;32;699103;6204768;1;20-09-2018 09:00:00 +02:00;;Temperatur; =;15,1;grader C;2
Station;49000061;ÆBELHOLT Å, SØSTERBRO MØLLE;32;699103;6204768;Hillerød;Region Hovedstaden;Vandløb;Poel Å;03-08-2011;1;Feltmålinger, Vandløb;Ja;Miljøstyrelsen;https://vanda.miljoeportal.dk/link/d8519eab-4b9c-40cb-ac69-443d3c25445c;FRB1324;32;699103;6204768;1;03-08-2011 11:00:00 +02:00;;pH; =;8;pH;3
Station;49000061;ÆBELHOLT Å, SØSTERBRO MØLLE;32;699103;6204768;Hillerød;Region Hovedstaden;Vandløb;Poel Å;20-01-2021;1;Feltmålinger, Vandløb;Ja;Miljøstyrelsen;https://vanda.miljoeportal.dk/link/818bcc7d-a8f0-4f07-ab4d-7cea83c03826;FRB1324;32;699103;6204768;1;20-01-2021 13:40:00 +01:00;;pH; =;7,76;pH;2
Station;49000061;ÆBELHOLT Å, SØSTERBRO MØLLE;32;699103;6204768;Hillerød;Region Hovedstaden;Vandløb;Poel Å;13-03-2008;1;Feltmålinger, Vandløb;Ja;Miljøstyrelsen;https://vanda.miljoeportal.dk/link/22ea5123-c0d4-4bef-8e0e-30530a235895;FRB1324;32;699103;6204768;1;13-03-2008 08:45:00 +01:00;;Temperatur; =;8,6;grader C;3
Station;49000061;ÆBELHOLT Å, SØSTERBRO MØLLE;32;699103;6204768;Hillerød;Region Hovedstaden;Vandløb;Poel Å;22-05-2012;1;Feltmålinger, Vandløb;Ja;Miljøstyrelsen;https://vanda.miljoeportal.dk/link/c305a8c7-b793-494c-961a-b216f244673b;FRB1324;32;699103;6204768;1;22-05-2012 08:30:00 +02:00;;Temperatur; =;15,3;grader C;3
Station;49000061;ÆBELHOLT Å, SØSTERBRO MØLLE;32;699103;6204768;Hillerød;Region Hovedstaden;Vandløb;Poel Å;29-01-2008;1;Feltmålinger, Vandløb;Ja;Miljøstyrelsen;https://vanda.miljoeportal.dk/link/cf85e6c3-d477-47a3-b9cd-f9acd8eaf819;FRB1324;32;699103;6204768;1;29-01-2008 08:35:00 +01:00;;Temperatur; =;7,7;grader C;3
Station;49000061;ÆBELHOLT Å, SØSTERBRO MØLLE;32;699103;6204768;Hillerød;Region Hovedstaden;Vandløb;Poel Å;31-01-2006;1;Feltmålinger, Vandløb;Ja;Miljøstyrelsen;https://vanda.miljoeportal.dk/link/439c38d2-44a4-4b5c-8770-a265d333b641;FRB1324;32;699103;6204768;1;31-01-2006 08:55:00 +01:00;;Oxygenmætning; =;85;pct;2
Station;49000061;ÆBELHOLT Å, SØSTERBRO MØLLE;32;699103;6204768;Hillerød;Region Hovedstaden;Vandløb;Poel Å;26-04-2005;1;Feltmålinger, Vandløb;Ja;Miljøstyrelsen;https://vanda.miljoeportal.dk/link/d5b9bed9-81b8-4cee-9603-5e2f3a00260d;FRB1324;32;699103;6204768;1;26-04-2005 08:30:00 +02:00;;Oxygen indhold; =;12,7;mg/l;3
Station;49000061;ÆBELHOLT Å, SØSTERBRO MØLLE;32;699103;6204768;Hillerød;Region Hovedstaden;Vandløb;Poel Å;27-12-2019;1;Feltmålinger, Vandløb;Ja;Miljøstyrelsen;https://vanda.miljoeportal.dk/link/d16c23fe-d09e-4d2c-8ca2-ea4693125874;FRB1324;32;699103;6204768;1;27-12-2019 13:34:00 +01:00;;Temperatur; =;5,3;grader C;2
Station;49000061;ÆBELHOLT Å, SØSTERBRO MØLLE;32;699103;6204768;Hillerød;Region Hovedstaden;Vandløb;Poel Å;08-11-2011;1;Feltmålinger, Vandløb;Ja;Miljøstyrelsen;https://vanda.miljoeportal.dk/link/3a30e78c-b1bb-4dbe-9eba-5c39848d4ba6;FRB1324;32;699103;6204768;1;08-11-2011 08:20:00 +01:00;;Temperatur; =;9,1;grader C;3
Station;49000061;ÆBELHOLT Å, SØSTERBRO MØLLE;32;699103;6204768;Hillerød;Region Hovedstaden;Vandløb;Poel Å;23-01-2019;1;Feltmålinger, Vandløb;Ja;Miljøstyrelsen;https://vanda.miljoeportal.dk/link/99bdc774-1fa5-4213-940d-7d03691c5bb5;FRB1324;32;699103;6204768;1;23-01-2019 08:50:00 +01:00;;pH; =;7,9;pH;2
Station;49000061;ÆBELHOLT Å, SØSTERBRO MØLLE;32;699103;6204768;Hillerød;Region Hovedstaden;Vandløb;Poel Å;14-12-2004;1;Feltmålinger, Vandløb;Ja;Miljøstyrelsen;https://vanda.miljoeportal.dk/link/4cbaafc2-47ff-40bb-a850-ba91a56df763;FRB1324;32;699103;6204768;1;14-12-2004 08:20:00 +01:00;;Oxygenmætning; =;74;pct;3
Station;49000061;ÆBELHOLT Å, SØSTERBRO MØLLE;32;699103;6204768;Hillerød;Region Hovedstaden;Vandløb;Poel Å;24-07-2003;1;Feltmålinger, Vandløb;Ja;Miljøstyrelsen;https://vanda.miljoeportal.dk/link/272b5fe7-01f7-4e6b-b23c-7f8566ede820;FRB1324;32;699103;6204768;1;24-07-2003 10:58:00 +02:00;;Oxygen indhold; =;10;mg/l;3
Station;49000061;ÆBELHOLT Å, SØSTERBRO MØLLE;32;699103;6204768;Hillerød;Region Hovedstaden;Vandløb;Poel Å;26-02-2019;1;Feltmålinger, Vandløb;Ja;Miljøstyrelsen;https://vanda.miljoeportal.dk/link/c1a46d50-5890-40ac-88f0-ba508b09bd2b;FRB1324;32;699103;6204768;1;26-02-2019 07:30:00 +01:00;;pH; =;7,7;pH;2
Station;49000061;ÆBELHOLT Å, SØSTERBRO MØLLE;32;699103;6204768;Hillerød;Region Hovedstaden;Vandløb;Poel Å;11-12-2014;1;Feltmålinger, Vandløb;Ja;Miljøstyrelsen;https://vanda.miljoeportal.dk/link/4dadde4d-0847-4d06-b6c0-15598a1f6043;FRB1324;32;699103;6204768;1;11-12-2014 07:50:00 +01:00;;pH; =;7,7;pH;3
Station;49000061;ÆBELHOLT Å, SØSTERBRO MØLLE;32;699103;6204768;Hillerød;Region Hovedstaden;Vandløb;Poel Å;28-07-2004;1;Feltmålinger, Vandløb;Ja;Miljøstyrelsen;https://vanda.miljoeportal.dk/link/1790730e-6855-4a7a-8703-6f0a0df32de4;FRB1324;32;699103;6204768;1;28-07-2004 12:05:00 +02:00;;Oxygen indhold; =;10,8;mg/l;3
Station;49000061;ÆBELHOLT Å, SØSTERBRO MØLLE;32;699103;6204768;Hillerød;Region Hovedstaden;Vandløb;Poel Å;11-12-2003;1;Feltmålinger, Vandløb;Ja;Miljøstyrelsen;https://vanda.miljoeportal.dk/link/e655972d-1d56-4147-804b-5435db5dc2ff;FRB1324;32;699103;6204768;1;11-12-2003 10:03:00 +01:00;;Oxygen indhold; =;6;mg/l;3
Station;49000061;ÆBELHOLT Å, SØSTERBRO MØLLE;32;699103;6204768;Hillerød;Region Hovedstaden;Vandløb;Poel Å;30-11-2004;1;Feltmålinger, Vandløb;Ja;Miljøstyrelsen;https://vanda.miljoeportal.dk/link/4d905ebb-e8b4-4b7b-bc2d-179c501d861a;FRB1324;32;699103;6204768;1;30-11-2004 00:00:00 +01:00;;Oxygenmætning; =;72;pct;3
Station;49000061;ÆBELHOLT Å, SØSTERBRO MØLLE;32;699103;6204768;Hillerød;Region Hovedstaden;Vandløb;Poel Å;05-12-2006;1;Feltmålinger, Vandløb;Ja;Miljøstyrelsen;https://vanda.miljoeportal.dk/link/7385b9c1-b304-4490-b3c3-eda91caff831;FRB1324;32;699103;6204768;1;05-12-2006 08:35:00 +01:00;;Temperatur; =;8,2;grader C;2
Station;49000061;ÆBELHOLT Å, SØSTERBRO MØLLE;32;699103;6204768;Hillerød;Region Hovedstaden;Vandløb;Poel Å;23-01-2003;1;Feltmålinger, Vandløb;Ja;Miljøstyrelsen;https://vanda.miljoeportal.dk/link/2f04e9b2-0a34-47fd-81b2-19e0ba38c926;FRB1324;32;699103;6204768;1;23-01-2003 10:00:00 +01:00;;Oxygen indhold; =;10,5;mg/l;3
Station;49000061;ÆBELHOLT Å, SØSTERBRO MØLLE;32;699103;6204768;Hillerød;Region Hovedstaden;Vandløb;Poel Å;13-10-2009;1;Feltmålinger, Vandløb;Ja;Miljøstyrelsen;https://vanda.miljoeportal.dk/link/dd316ed8-374b-49e5-89e4-07c25e5cc59b;FRB1324;32;699103;6204768;1;13-10-2009 07:50:00 +02:00;;Temperatur; =;7,3;grader C;3
Station;49000061;ÆBELHOLT Å, SØSTERBRO MØLLE;32;699103;6204768;Hillerød;Region Hovedstaden;Vandløb;Poel Å;25-09-2012;1;Feltmålinger, Vandløb;Ja;Miljøstyrelsen;https://vanda.miljoeportal.dk/link/61e72ff0-3a26-4869-ade2-459335571d73;FRB1324;32;699103;6204768;1;25-09-2012 07:45:00 +02:00;;Temperatur; =;10,7;grader C;3
Station;49000061;ÆBELHOLT Å, SØSTERBRO MØLLE;32;699103;6204768;Hillerød;Region Hovedstaden;Vandløb;Poel Å;13-04-2010;1;Feltmålinger, Vandløb;Ja;Miljøstyrelsen;https://vanda.miljoeportal.dk/link/3428bad3-47b1-4b66-b310-fef21f79370f;FRB1324;32;699103;6204768;1;13-04-2010 08:30:00 +02:00;;Temperatur; =;5,1;grader C;3
Station;49000061;ÆBELHOLT Å, SØSTERBRO MØLLE;32;699103;6204768;Hillerød;Region Hovedstaden;Vandløb;Poel Å;04-11-2014;1;Feltmålinger, Vandløb;Ja;Miljøstyrelsen;https://vanda.miljoeportal.dk/link/06bca3d5-2aeb-42e1-8a6c-f1230ad11aad;FRB1324;32;699103;6204768;1;04-11-2014 07:50:00 +01:00;;pH; =;7,8;pH;3
Station;49000061;ÆBELHOLT Å, SØSTERBRO MØLLE;32;699103;6204768;Hillerød;Region Hovedstaden;Vandløb;Poel Å;05-12-2017;1;Feltmålinger, Vandløb;Ja;Miljøstyrelsen;https://vanda.miljoeportal.dk/link/4f4fa8c9-4f12-4d29-b8bc-f4fe23145524;FRB1324;32;699103;6204768;1;05-12-2017 10:20:00 +01:00;;Temperatur; =;5,8;grader C;2
Station;49000061;ÆBELHOLT Å, SØSTERBRO MØLLE;32;699103;6204768;Hillerød;Region Hovedstaden;Vandløb;Poel Å;13-03-2012;1;Feltmålinger, Vandløb;Ja;Miljøstyrelsen;https://vanda.miljoeportal.dk/link/d3047568-f644-45e9-aaed-0b8cda1954e0;FRB1324;32;699103;6204768;1;13-03-2012 07:45:00 +01:00;;pH; =;7,7;pH;3
Station;49000061;ÆBELHOLT Å, SØSTERBRO MØLLE;32;699103;6204768;Hillerød;Region Hovedstaden;Vandløb;Poel Å;29-04-2014;1;Feltmålinger, Vandløb;Ja;Miljøstyrelsen;https://vanda.miljoeportal.dk/link/e1c5ea0f-6073-4bc3-9d0d-7a699f8a4822;FRB1324;32;699103;6204768;1;29-04-2014 08:10:00 +02:00;;Temperatur; =;8;grader C;3
Station;49000061;ÆBELHOLT Å, SØSTERBRO MØLLE;32;699103;6204768;Hillerød;Region Hovedstaden;Vandløb;Poel Å;09-10-2002;1;Feltmålinger, Vandløb;Ja;Miljøstyrelsen;https://vanda.miljoeportal.dk/link/dfbb6aeb-c8eb-40c0-aac2-36ef87cbce0e;FRB1324;32;699103;6204768;1;09-10-2002 07:50:00 +02:00;;Oxygenmætning; =;73;pct;3
Station;49000061;ÆBELHOLT Å, SØSTERBRO MØLLE;32;699103;6204768;Hillerød;Region Hovedstaden;Vandløb;Poel Å;16-11-2004;1;Feltmålinger, Vandløb;Ja;Miljøstyrelsen;https://vanda.miljoeportal.dk/link/191242ea-0297-46e4-9aee-e183d42ed325;FRB1324;32;699103;6204768;1;16-11-2004 08:20:00 +01:00;;Oxygenmætning; =;72;pct;3
Station;49000061;ÆBELHOLT Å, SØSTERBRO MØLLE;32;699103;6204768;Hillerød;Region Hovedstaden;Vandløb;Poel Å;18-07-2006;1;Feltmålinger, Vandløb;Ja;Miljøstyrelsen;https://vanda.miljoeportal.dk/link/d7f18f2b-70f4-454e-8299-99584f3df127;FRB1324;32;699103;6204768;1;18-07-2006 08:45:00 +02:00;;Temperatur; =;12,7;grader C;2
Station;49000061;ÆBELHOLT Å, SØSTERBRO MØLLE;32;699103;6204768;Hillerød;Region Hovedstaden;Vandløb;Poel Å;13-12-2016;1;Feltmålinger, Vandløb;Ja;Miljøstyrelsen;https://vanda.miljoeportal.dk/link/770f4b04-66f8-4dc7-993e-b328633258a7;FRB1324;32;699103;6204768;1;13-12-2016 13:15:00 +01:00;;pH; =;7,9;pH;3
Station;49000061;ÆBELHOLT Å, SØSTERBRO MØLLE;32;699103;6204768;Hillerød;Region Hovedstaden;Vandløb;Poel Å;30-08-2018;1;Feltmålinger, Vandløb;Ja;Miljøstyrelsen;https://vanda.miljoeportal.dk/link/bd6df8bd-f873-41a2-8468-d829ccd82c45;FRB1324;32;699103;6204768;1;30-08-2018 08:15:00 +02:00;;pH; =;8;pH;2
Station;49000061;ÆBELHOLT Å, SØSTERBRO MØLLE;32;699103;6204768;Hillerød;Region Hovedstaden;Vandløb;Poel Å;08-04-2008;1;Feltmålinger, Vandløb;Ja;Miljøstyrelsen;https://vanda.miljoeportal.dk/link/99d8bb6e-adaf-4ee5-8b49-b18da3e542ac;FRB1324;32;699103;6204768;1;08-04-2008 10:15:00 +02:00;;Temperatur; =;8,8;grader C;3
Station;49000061;ÆBELHOLT Å, SØSTERBRO MØLLE;32;699103;6204768;Hillerød;Region Hovedstaden;Vandløb;Poel Å;06-08-2012;1;Feltmålinger, Vandløb;Ja;Miljøstyrelsen;https://vanda.miljoeportal.dk/link/061b4ff0-a40f-444d-9331-ab3fa72dc7ff;FRB1324;32;699103;6204768;1;06-08-2012 07:30:00 +02:00;;pH; =;8,1;pH;3
Station;49000061;ÆBELHOLT Å, SØSTERBRO MØLLE;32;699103;6204768;Hillerød;Region Hovedstaden;Vandløb;Poel Å;22-01-2018;1;Feltmålinger, Vandløb;Ja;Miljøstyrelsen;https://vanda.miljoeportal.dk/link/7b1a2e7f-005e-4915-b899-56a343d3c276;FRB1324;32;699103;6204768;1;22-01-2018 09:41:00 +01:00;;pH; =;7,5;pH;2
Station;49000061;ÆBELHOLT Å, SØSTERBRO MØLLE;32;699103;6204768;Hillerød;Region Hovedstaden;Vandløb;Poel Å;30-11-2004;1;Feltmålinger, Vandløb;Ja;Miljøstyrelsen;https://vanda.miljoeportal.dk/link/4d905ebb-e8b4-4b7b-bc2d-179c501d861a;FRB1324;32;699103;6204768;1;30-11-2004 00:00:00 +01:00;;Temperatur; =;5,9;grader C;3
Station;49000061;ÆBELHOLT Å, SØSTERBRO MØLLE;32;699103;6204768;Hillerød;Region Hovedstaden;Vandløb;Poel Å;09-05-2006;1;Feltmålinger, Vandløb;Ja;Miljøstyrelsen;https://vanda.miljoeportal.dk/link/ad2d7d91-31f0-4b9b-9523-799666a54217;FRB1324;32;699103;6204768;1;09-05-2006 08:45:00 +02:00;;Oxygenmætning; =;100;pct;2
Station;49000061;ÆBELHOLT Å, SØSTERBRO MØLLE;32;699103;6204768;Hillerød;Region Hovedstaden;Vandløb;Poel Å;24-10-2006;1;Feltmålinger, Vandløb;Ja;Miljøstyrelsen;https://vanda.miljoeportal.dk/link/c55523bf-4609-40be-8055-75aaae4e3360;FRB1324;32;699103;6204768;1;24-10-2006 09:05:00 +02:00;;Oxygenmætning; =;61;pct;2
Station;49000061;ÆBELHOLT Å, SØSTERBRO MØLLE;32;699103;6204768;Hillerød;Region Hovedstaden;Vandløb;Poel Å;04-04-2006;1;Feltmålinger, Vandløb;Ja;Miljøstyrelsen;https://vanda.miljoeportal.dk/link/3e062c04-27d2-4f44-8156-dab7a16723c1;FRB1324;32;699103;6204768;1;04-04-2006 08:45:00 +02:00;;Oxygen indhold; =;10,4;mg/l;2
Station;49000061;ÆBELHOLT Å, SØSTERBRO MØLLE;32;699103;6204768;Hillerød;Region Hovedstaden;Vandløb;Poel Å;22-06-2015;1;Feltmålinger, Vandløb;Ja;Miljøstyrelsen;https://vanda.miljoeportal.dk/link/431e321c-0651-42ad-b27a-f5c1b893fb33;FRB1324;32;699103;6204768;1;22-06-2015 11:35:00 +02:00;;Temperatur; =;12,6;grader C;2
Station;49000061;ÆBELHOLT Å, SØSTERBRO MØLLE;32;699103;6204768;Hillerød;Region Hovedstaden;Vandløb;Poel Å;26-06-2013;1;Feltmålinger, Vandløb;Ja;Miljøstyrelsen;https://vanda.miljoeportal.dk/link/5dd2c359-ec54-4647-b01c-28d12102937c;FRB1324;32;699103;6204768;1;26-06-2013 08:20:00 +02:00;;pH; =;8;pH;3
Station;49000061;ÆBELHOLT Å, SØSTERBRO MØLLE;32;699103;6204768;Hillerød;Region Hovedstaden;Vandløb;Poel Å;03-06-2008;1;Feltmålinger, Vandløb;Ja;Miljøstyrelsen;https://vanda.miljoeportal.dk/link/ea9fceab-79ad-420e-b1d2-b762679864ac;FRB1324;32;699103;6204768;1;03-06-2008 08:20:00 +02:00;;Temperatur; =;13,8;grader C;3
Station;49000061;ÆBELHOLT Å, SØSTERBRO MØLLE;32;699103;6204768;Hillerød;Region Hovedstaden;Vandløb;Poel Å;14-01-2004;1;Feltmålinger, Vandløb;Ja;Miljøstyrelsen;https://vanda.miljoeportal.dk/link/db39a01d-774c-4b31-961f-870640103c2b;FRB1324;32;699103;6204768;1;14-01-2004 10:15:00 +01:00;;Oxygen indhold; =;10,4;mg/l;3
Station;49000061;ÆBELHOLT Å, SØSTERBRO MØLLE;32;699103;6204768;Hillerød;Region Hovedstaden;Vandløb;Poel Å;11-09-2002;1;Feltmålinger, Vandløb;Ja;Miljøstyrelsen;https://vanda.miljoeportal.dk/link/e1c81864-6fad-471a-af87-fc07c1d1f678;FRB1324;32;699103;6204768;1;11-09-2002 07:15:00 +02:00;;Oxygen indhold; =;7,2;mg/l;3
Station;49000061;ÆBELHOLT Å, SØSTERBRO MØLLE;32;699103;6204768;Hillerød;Region Hovedstaden;Vandløb;Poel Å;06-02-2003;1;Feltmålinger, Vandløb;Ja;Miljøstyrelsen;https://vanda.miljoeportal.dk/link/0be0d926-1c98-4178-acfa-96906ffa1322;FRB1324;32;699103;6204768;1;06-02-2003 11:45:00 +01:00;;Oxygen indhold; =;9,2;mg/l;3
Station;49000061;ÆBELHOLT Å, SØSTERBRO MØLLE;32;699103;6204768;Hillerød;Region Hovedstaden;Vandløb;Poel Å;09-05-2006;1;Feltmålinger, Vandløb;Ja;Miljøstyrelsen;https://vanda.miljoeportal.dk/link/ad2d7d91-31f0-4b9b-9523-799666a54217;FRB1324;32;699103;6204768;1;09-05-2006 08:45:00 +02:00;;Oxygen indhold; =;11,9;mg/l;2
Station;49000061;ÆBELHOLT Å, SØSTERBRO MØLLE;32;699103;6204768;Hillerød;Region Hovedstaden;Vandløb;Poel Å;26-11-2013;1;Feltmålinger, Vandløb;Ja;Miljøstyrelsen;https://vanda.miljoeportal.dk/link/35300d2b-a75f-4ad7-a43c-799106d0d0eb;FRB1324;32;699103;6204768;1;26-11-2013 09:00:00 +01:00;;Temperatur; =;1,9;grader C;3
Station;49000061;ÆBELHOLT Å, SØSTERBRO MØLLE;32;699103;6204768;Hillerød;Region Hovedstaden;Vandløb;Poel Å;06-12-2016;1;Feltmålinger, Vandløb;Ja;Miljøstyrelsen;https://vanda.miljoeportal.dk/link/6f8666ca-b25b-4c7a-a0b6-6ab2cefedb8b;FRB1324;32;699103;6204768;1;06-12-2016 09:25:00 +01:00;;Temperatur; =;3,4;grader C;3
Station;49000061;ÆBELHOLT Å, SØSTERBRO MØLLE;32;699103;6204768;Hillerød;Region Hovedstaden;Vandløb;Poel Å;30-10-2003;1;Feltmålinger, Vandløb;Ja;Miljøstyrelsen;https://vanda.miljoeportal.dk/link/f2459330-53aa-4106-adc5-2c0043afe3b3;FRB1324;32;699103;6204768;1;30-10-2003 09:20:00 +01:00;;Temperatur; =;5,8;grader C;3
Station;49000061;ÆBELHOLT Å, SØSTERBRO MØLLE;32;699103;6204768;Hillerød;Region Hovedstaden;Vandløb;Poel Å;17-12-2019;1;Feltmålinger, Vandløb;Ja;Miljøstyrelsen;https://vanda.miljoeportal.dk/link/54085ffe-458e-418e-882b-648e6b3cd4a5;FRB1324;32;699103;6204768;1;17-12-2019 15:15:00 +01:00;;Temperatur; =;6,6;grader C;2
Station;49000061;ÆBELHOLT Å, SØSTERBRO MØLLE;32;699103;6204768;Hillerød;Region Hovedstaden;Vandløb;Poel Å;14-04-2015;1;Feltmålinger, Vandløb;Ja;Miljøstyrelsen;https://vanda.miljoeportal.dk/link/d7feb287-eb40-441b-a9ee-5143f972e2a6;FRB1324;32;699103;6204768;1;14-04-2015 08:28:00 +02:00;;pH; =;7,9;pH;2
Station;49000061;ÆBELHOLT Å, SØSTERBRO MØLLE;32;699103;6204768;Hillerød;Region Hovedstaden;Vandløb;Poel Å;15-08-2006;1;Feltmålinger, Vandløb;Ja;Miljøstyrelsen;https://vanda.miljoeportal.dk/link/26a440b1-44d6-43a8-9669-22971f1c72bc;FRB1324;32;699103;6204768;1;15-08-2006 09:30:00 +02:00;;Oxygen indhold; =;7,8;mg/l;2
Station;49000061;ÆBELHOLT Å, SØSTERBRO MØLLE;32;699103;6204768;Hillerød;Region Hovedstaden;Vandløb;Poel Å;04-10-2011;1;Feltmålinger, Vandløb;Ja;Miljøstyrelsen;https://vanda.miljoeportal.dk/link/95dd2633-f4a3-4364-8bf2-68c246938efe;FRB1324;32;699103;6204768;1;04-10-2011 08:30:00 +02:00;;pH; =;7,8;pH;3
Station;49000061;ÆBELHOLT Å, SØSTERBRO MØLLE;32;699103;6204768;Hillerød;Region Hovedstaden;Vandløb;Poel Å;16-10-2003;1;Feltmålinger, Vandløb;Ja;Miljøstyrelsen;https://vanda.miljoeportal.dk/link/7986e352-5c84-49a0-b020-76cb3923d2e2;FRB1324;32;699103;6204768;1;16-10-2003 08:10:00 +02:00;;Oxygen indhold; =;10,8;mg/l;2
Station;49000061;ÆBELHOLT Å, SØSTERBRO MØLLE;32;699103;6204768;Hillerød;Region Hovedstaden;Vandløb;Poel Å;13-09-2005;1;Feltmålinger, Vandløb;Ja;Miljøstyrelsen;https://vanda.miljoeportal.dk/link/45be0a65-8435-481f-bd5c-d741fc824bca;FRB1324;32;699103;6204768;1;13-09-2005 08:30:00 +02:00;;Temperatur; =;12;grader C;3
Station;49000061;ÆBELHOLT Å, SØSTERBRO MØLLE;32;699103;6204768;Hillerød;Region Hovedstaden;Vandløb;Poel Å;01-02-2005;1;Feltmålinger, Vandløb;Ja;Miljøstyrelsen;https://vanda.miljoeportal.dk/link/65b0f978-ed9c-4dd1-bde0-77ca072a6c6a;FRB1324;32;699103;6204768;1;01-02-2005 07:50:00 +01:00;;Oxygen indhold; =;10,4;mg/l;3
Station;49000061;ÆBELHOLT Å, SØSTERBRO MØLLE;32;699103;6204768;Hillerød;Region Hovedstaden;Vandløb;Poel Å;17-11-2020;1;Feltmålinger, Vandløb;Ja;Miljøstyrelsen;https://vanda.miljoeportal.dk/link/5e03fd1c-ce97-4651-8ec6-851f48ff51c6;FRB1324;32;699103;6204768;1;17-11-2020 15:48:00 +01:00;;pH; =;8,15;pH;2
Station;49000061;ÆBELHOLT Å, SØSTERBRO MØLLE;32;699103;6204768;Hillerød;Region Hovedstaden;Vandløb;Poel Å;01-02-2005;1;Feltmålinger, Vandløb;Ja;Miljøstyrelsen;https://vanda.miljoeportal.dk/link/65b0f978-ed9c-4dd1-bde0-77ca072a6c6a;FRB1324;32;699103;6204768;1;01-02-2005 07:50:00 +01:00;;Oxygenmætning; =;77;pct;3
Station;49000061;ÆBELHOLT Å, SØSTERBRO MØLLE;32;699103;6204768;Hillerød;Region Hovedstaden;Vandløb;Poel Å;24-05-2005;1;Feltmålinger, Vandløb;Ja;Miljøstyrelsen;https://vanda.miljoeportal.dk/link/560e6a2b-23a1-4afd-b378-0af0bda7409f;FRB1324;32;699103;6204768;1;24-05-2005 08:46:00 +02:00;;Oxygen indhold; =;10,8;mg/l;3
Station;49000061;ÆBELHOLT Å, SØSTERBRO MØLLE;32;699103;6204768;Hillerød;Region Hovedstaden;Vandløb;Poel Å;07-05-2014;1;Feltmålinger, Vandløb;Ja;Miljøstyrelsen;https://vanda.miljoeportal.dk/link/44bee3e6-9cbc-479e-9915-a981e712e81f;FRB1324;32;699103;6204768;1;07-05-2014 07:30:00 +02:00;;Temperatur; =;8,8;grader C;3
Station;49000061;ÆBELHOLT Å, SØSTERBRO MØLLE;32;699103;6204768;Hillerød;Region Hovedstaden;Vandløb;Poel Å;27-07-2011;1;Feltmålinger, Vandløb;Ja;Miljøstyrelsen;https://vanda.miljoeportal.dk/link/c7891698-793f-491a-8589-9053092ecf46;FRB1324;32;699103;6204768;1;27-07-2011 09:45:00 +02:00;;pH; =;7,9;pH;3
Station;49000061;ÆBELHOLT Å, SØSTERBRO MØLLE;32;699103;6204768;Hillerød;Region Hovedstaden;Vandløb;Poel Å;29-12-2004;1;Feltmålinger, Vandløb;Ja;Miljøstyrelsen;https://vanda.miljoeportal.dk/link/5aca0041-2176-4b87-86f2-683ffdd76ea2;FRB1324;32;699103;6204768;1;29-12-2004 10:40:00 +01:00;;Oxygenmætning; =;74;pct;3
Station;49000061;ÆBELHOLT Å, SØSTERBRO MØLLE;32;699103;6204768;Hillerød;Region Hovedstaden;Vandløb;Poel Å;08-02-2011;1;Feltmålinger, Vandløb;Ja;Miljøstyrelsen;https://vanda.miljoeportal.dk/link/53e8182d-d936-4902-90d5-f7e0480488a1;FRB1324;32;699103;6204768;1;08-02-2011 08:20:00 +01:00;;Temperatur; =;3,3;grader C;3
Station;49000061;ÆBELHOLT Å, SØSTERBRO MØLLE;32;699103;6204768;Hillerød;Region Hovedstaden;Vandløb;Poel Å;01-08-2006;1;Feltmålinger, Vandløb;Ja;Miljøstyrelsen;https://vanda.miljoeportal.dk/link/09a48492-cd7f-436d-a231-70297f00ae04;FRB1324;32;699103;6204768;1;01-08-2006 09:40:00 +02:00;;Oxygenmætning; =;88;pct;2
Station;49000061;ÆBELHOLT Å, SØSTERBRO MØLLE;32;699103;6204768;Hillerød;Region Hovedstaden;Vandløb;Poel Å;02-10-2017;1;Feltmålinger, Vandløb;Ja;Miljøstyrelsen;https://vanda.miljoeportal.dk/link/9ca126a9-4327-49ba-9277-6250c2605dde;FRB1324;32;699103;6204768;1;02-10-2017 08:24:00 +02:00;;Temperatur; =;11,9;grader C;2
Station;49000061;ÆBELHOLT Å, SØSTERBRO MØLLE;32;699103;6204768;Hillerød;Region Hovedstaden;Vandløb;Poel Å;04-05-2010;1;Feltmålinger, Vandløb;Ja;Miljøstyrelsen;https://vanda.miljoeportal.dk/link/ceacb316-8fef-47b6-ba62-1bcf856b84ae;FRB1324;32;699103;6204768;1;04-05-2010 08:30:00 +02:00;;Temperatur; =;7,7;grader C;3
Station;49000061;ÆBELHOLT Å, SØSTERBRO MØLLE;32;699103;6204768;Hillerød;Region Hovedstaden;Vandløb;Poel Å;23-12-2003;1;Feltmålinger, Vandløb;Ja;Miljøstyrelsen;https://vanda.miljoeportal.dk/link/ccf498da-8c90-496c-95a5-51fa78541943;FRB1324;32;699103;6204768;1;23-12-2003 11:02:00 +01:00;;Oxygen indhold; =;7;mg/l;3
Station;49000061;ÆBELHOLT Å, SØSTERBRO MØLLE;32;699103;6204768;Hillerød;Region Hovedstaden;Vandløb;Poel Å;13-11-2003;1;Feltmålinger, Vandløb;Ja;Miljøstyrelsen;https://vanda.miljoeportal.dk/link/457ebdba-7f9e-43e8-acf0-37561c33adfe;FRB1324;32;699103;6204768;1;13-11-2003 08:20:00 +01:00;;Oxygen indhold; =;5,3;mg/l;3
Station;49000061;ÆBELHOLT Å, SØSTERBRO MØLLE;32;699103;6204768;Hillerød;Region Hovedstaden;Vandløb;Poel Å;28-03-2017;1;Feltmålinger, Vandløb;Ja;Miljøstyrelsen;https://vanda.miljoeportal.dk/link/3b76dcb6-8dd2-45c8-8c45-ea30ca392d08;FRB1324;32;699103;6204768;1;28-03-2017 08:03:00 +02:00;;pH; =;8,1;pH;2
Station;49000061;ÆBELHOLT Å, SØSTERBRO MØLLE;32;699103;6204768;Hillerød;Region Hovedstaden;Vandløb;Poel Å;16-03-2010;1;Feltmålinger, Vandløb;Ja;Miljøstyrelsen;https://vanda.miljoeportal.dk/link/7b0b00bc-8251-4c96-addb-936e60c40410;FRB1324;32;699103;6204768;1;16-03-2010 08:30:00 +01:00;;Temperatur; =;1,1;grader C;3
Station;49000061;ÆBELHOLT Å, SØSTERBRO MØLLE;32;699103;6204768;Hillerød;Region Hovedstaden;Vandløb;Poel Å;21-03-2018;1;Feltmålinger, Vandløb;Ja;Miljøstyrelsen;https://vanda.miljoeportal.dk/link/85cec16b-7e52-44d5-ad3f-4b71a0fde0b3;FRB1324;32;699103;6204768;1;21-03-2018 08:55:00 +01:00;;Temperatur; =;2,7;grader C;2
Station;49000061;ÆBELHOLT Å, SØSTERBRO MØLLE;32;699103;6204768;Hillerød;Region Hovedstaden;Vandløb;Poel Å;03-08-2016;1;Feltmålinger, Vandløb;Ja;Miljøstyrelsen;https://vanda.miljoeportal.dk/link/2520c525-d097-4580-853e-2efa41847124;FRB1324;32;699103;6204768;1;03-08-2016 09:05:00 +02:00;;pH; =;8,3;pH;3
Station;49000061;ÆBELHOLT Å, SØSTERBRO MØLLE;32;699103;6204768;Hillerød;Region Hovedstaden;Vandløb;Poel Å;26-02-2015;1;Feltmålinger, Vandløb;Ja;Miljøstyrelsen;https://vanda.miljoeportal.dk/link/d8febb6a-9330-4490-90bb-29023ea803ce;FRB1324;32;699103;6204768;1;26-02-2015 09:10:00 +01:00;;pH; =;7,9;pH;2
Station;49000061;ÆBELHOLT Å, SØSTERBRO MØLLE;32;699103;6204768;Hillerød;Region Hovedstaden;Vandløb;Poel Å;25-10-2005;1;Feltmålinger, Vandløb;Ja;Miljøstyrelsen;https://vanda.miljoeportal.dk/link/7fc0113e-000e-4afa-813a-846fc21a2218;FRB1324;32;699103;6204768;1;25-10-2005 08:30:00 +02:00;;Oxygenmætning; =;81;pct;3
Station;49000061;ÆBELHOLT Å, SØSTERBRO MØLLE;32;699103;6204768;Hillerød;Region Hovedstaden;Vandløb;Poel Å;16-08-2011;1;Feltmålinger, Vandløb;Ja;Miljøstyrelsen;https://vanda.miljoeportal.dk/link/94028c34-4bbe-408d-920b-29d37190d734;FRB1324;32;699103;6204768;1;16-08-2011 08:20:00 +02:00;;pH; =;7,5;pH;3
Station;49000061;ÆBELHOLT Å, SØSTERBRO MØLLE;32;699103;6204768;Hillerød;Region Hovedstaden;Vandløb;Poel Å;29-05-2013;1;Feltmålinger, Vandløb;Ja;Miljøstyrelsen;https://vanda.miljoeportal.dk/link/bfbbf98b-6dd2-4260-afed-cc3f2515193d;FRB1324;32;699103;6204768;1;29-05-2013 08:30:00 +02:00;;Temperatur; =;11,4;grader C;3
Station;49000061;ÆBELHOLT Å, SØSTERBRO MØLLE;32;699103;6204768;Hillerød;Region Hovedstaden;Vandløb;Poel Å;16-12-2015;1;Feltmålinger, Vandløb;Ja;Miljøstyrelsen;https://vanda.miljoeportal.dk/link/e545e1b7-d907-493a-a24e-83624785c995;FRB1324;32;699103;6204768;1;16-12-2015 09:10:00 +01:00;;pH; =;7,8;pH;2
Station;49000061;ÆBELHOLT Å, SØSTERBRO MØLLE;32;699103;6204768;Hillerød;Region Hovedstaden;Vandløb;Poel Å;08-02-2011;1;Feltmålinger, Vandløb;Ja;Miljøstyrelsen;https://vanda.miljoeportal.dk/link/53e8182d-d936-4902-90d5-f7e0480488a1;FRB1324;32;699103;6204768;1;08-02-2011 08:20:00 +01:00;;pH; =;7,5;pH;3
Station;49000061;ÆBELHOLT Å, SØSTERBRO MØLLE;32;699103;6204768;Hillerød;Region Hovedstaden;Vandløb;Poel Å;29-11-2016;1;Feltmålinger, Vandløb;Ja;Miljøstyrelsen;https://vanda.miljoeportal.dk/link/255562ff-f63e-4261-a663-7f9c58cd995b;FRB1324;32;699103;6204768;1;29-11-2016 09:15:00 +01:00;;pH; =;8;pH;3
Station;49000061;ÆBELHOLT Å, SØSTERBRO MØLLE;32;699103;6204768;Hillerød;Region Hovedstaden;Vandløb;Poel Å;13-08-2013;1;Feltmålinger, Vandløb;Ja;Miljøstyrelsen;https://vanda.miljoeportal.dk/link/42b7cccf-7a5e-4108-8d65-0cd48154005e;FRB1324;32;699103;6204768;1;13-08-2013 08:05:00 +02:00;;Temperatur; =;13,4;grader C;3
Station;49000061;ÆBELHOLT Å, SØSTERBRO MØLLE;32;699103;6204768;Hillerød;Region Hovedstaden;Vandløb;Poel Å;19-07-2005;1;Feltmålinger, Vandløb;Ja;Miljøstyrelsen;https://vanda.miljoeportal.dk/link/4b6784af-136b-444d-9c4b-46f2960d803b;FRB1324;32;699103;6204768;1;19-07-2005 08:35:00 +02:00;;Oxygenmætning; =;76;pct;3
Station;49000061;ÆBELHOLT Å, SØSTERBRO MØLLE;32;699103;6204768;Hillerød;Region Hovedstaden;Vandløb;Poel Å;12-06-2012;1;Feltmålinger, Vandløb;Ja;Miljøstyrelsen;https://vanda.miljoeportal.dk/link/8fd0b099-64c2-4444-a5f6-a9c26643c205;FRB1324;32;699103;6204768;1;12-06-2012 07:35:00 +02:00;;pH; =;7,9;pH;3
Station;49000061;ÆBELHOLT Å, SØSTERBRO MØLLE;32;699103;6204768;Hillerød;Region Hovedstaden;Vandløb;Poel Å;15-03-2005;1;Feltmålinger, Vandløb;Ja;Miljøstyrelsen;https://vanda.miljoeportal.dk/link/97fe5e06-c30d-420f-9ca5-e1a93f33eddb;FRB1324;32;699103;6204768;1;15-03-2005 08:30:00 +01:00;;Temperatur; =;2,7;grader C;3
Station;49000061;ÆBELHOLT Å, SØSTERBRO MØLLE;32;699103;6204768;Hillerød;Region Hovedstaden;Vandløb;Poel Å;24-04-2013;1;Feltmålinger, Vandløb;Ja;Miljøstyrelsen;https://vanda.miljoeportal.dk/link/ba63a230-9ade-47f1-ab40-08899b9cc938;FRB1324;32;699103;6204768;1;24-04-2013 08:15:00 +02:00;;pH; =;8,1;pH;3
Station;49000061;ÆBELHOLT Å, SØSTERBRO MØLLE;32;699103;6204768;Hillerød;Region Hovedstaden;Vandløb;Poel Å;17-05-2016;1;Feltmålinger, Vandløb;Ja;Miljøstyrelsen;https://vanda.miljoeportal.dk/link/2ea1720b-6b07-4b22-a0bf-9b6f162d5c6d;FRB1324;32;699103;6204768;1;17-05-2016 08:40:00 +02:00;;pH; =;8,2;pH;3
Station;49000061;ÆBELHOLT Å, SØSTERBRO MØLLE;32;699103;6204768;Hillerød;Region Hovedstaden;Vandløb;Poel Å;06-03-2017;1;Feltmålinger, Vandløb;Ja;Miljøstyrelsen;https://vanda.miljoeportal.dk/link/d03e7429-8005-4473-b96a-1fdf6ce20ab9;FRB1324;32;699103;6204768;1;06-03-2017 09:05:00 +01:00;;Temperatur; =;4;grader C;2
Station;49000061;ÆBELHOLT Å, SØSTERBRO MØLLE;32;699103;6204768;Hillerød;Region Hovedstaden;Vandløb;Poel Å;25-03-2014;1;Feltmålinger, Vandløb;Ja;Miljøstyrelsen;https://vanda.miljoeportal.dk/link/85ff6623-e755-44f2-b96c-305bba0d23a0;FRB1324;32;699103;6204768;1;25-03-2014 07:30:00 +01:00;;pH; =;7,7;pH;3
Station;49000061;ÆBELHOLT Å, SØSTERBRO MØLLE;32;699103;6204768;Hillerød;Region Hovedstaden;Vandløb;Poel Å;19-05-2004;1;Feltmålinger, Vandløb;Ja;Miljøstyrelsen;https://vanda.miljoeportal.dk/link/40645609-708e-460c-a030-504d74e6b1c4;FRB1324;32;699103;6204768;1;19-05-2004 08:30:00 +02:00;;Oxygen indhold; =;9,1;mg/l;3
Station;49000061;ÆBELHOLT Å, SØSTERBRO MØLLE;32;699103;6204768;Hillerød;Region Hovedstaden;Vandløb;Poel Å;24-04-2007;1;Feltmålinger, Vandløb;Ja;Miljøstyrelsen;https://vanda.miljoeportal.dk/link/029b941c-9773-496d-96a7-378aff2f8d91;FRB1324;32;699103;6204768;1;24-04-2007 08:10:00 +02:00;;Temperatur; =;8,6;grader C;3
Station;49000061;ÆBELHOLT Å, SØSTERBRO MØLLE;32;699103;6204768;Hillerød;Region Hovedstaden;Vandløb;Poel Å;10-10-2006;1;Feltmålinger, Vandløb;Ja;Miljøstyrelsen;https://vanda.miljoeportal.dk/link/451f0444-b83c-4faf-992d-7d5ab8a7faa0;FRB1324;32;699103;6204768;1;10-10-2006 08:45:00 +02:00;;Temperatur; =;12,1;grader C;2
Station;49000061;ÆBELHOLT Å, SØSTERBRO MØLLE;32;699103;6204768;Hillerød;Region Hovedstaden;Vandløb;Poel Å;20-11-2002;1;Feltmålinger, Vandløb;Ja;Miljøstyrelsen;https://vanda.miljoeportal.dk/link/14b6016f-f94e-4df1-b47e-1fcb0f36e18a;FRB1324;32;699103;6204768;1;20-11-2002 10:05:00 +01:00;;Temperatur; =;5,7;grader C;3
Station;49000061;ÆBELHOLT Å, SØSTERBRO MØLLE;32;699103;6204768;Hillerød;Region Hovedstaden;Vandløb;Poel Å;19-07-2005;1;Feltmålinger, Vandløb;Ja;Miljøstyrelsen;https://vanda.miljoeportal.dk/link/4b6784af-136b-444d-9c4b-46f2960d803b;FRB1324;32;699103;6204768;1;19-07-2005 08:35:00 +02:00;;Oxygen indhold; =;7,8;mg/l;3
Station;49000061;ÆBELHOLT Å, SØSTERBRO MØLLE;32;699103;6204768;Hillerød;Region Hovedstaden;Vandløb;Poel Å;18-03-2019;1;Feltmålinger, Vandløb;Ja;Miljøstyrelsen;https://vanda.miljoeportal.dk/link/b02936b9-697e-4217-aed1-f96cd172f371;FRB1324;32;699103;6204768;1;18-03-2019 10:30:00 +01:00;;pH; =;7,5;pH;2
Station;49000061;ÆBELHOLT Å, SØSTERBRO MØLLE;32;699103;6204768;Hillerød;Region Hovedstaden;Vandløb;Poel Å;13-08-2013;1;Feltmålinger, Vandløb;Ja;Miljøstyrelsen;https://vanda.miljoeportal.dk/link/42b7cccf-7a5e-4108-8d65-0cd48154005e;FRB1324;32;699103;6204768;1;13-08-2013 08:05:00 +02:00;;pH; =;8,2;pH;3
Station;49000061;ÆBELHOLT Å, SØSTERBRO MØLLE;32;699103;6204768;Hillerød;Region Hovedstaden;Vandløb;Poel Å;07-09-2004;1;Feltmålinger, Vandløb;Ja;Miljøstyrelsen;https://vanda.miljoeportal.dk/link/12bed079-c546-43a0-b7e3-01146ea32f12;FRB1324;32;699103;6204768;1;07-09-2004 08:20:00 +02:00;;Oxygen indhold; =;8,1;mg/l;3
Station;49000061;ÆBELHOLT Å, SØSTERBRO MØLLE;32;699103;6204768;Hillerød;Region Hovedstaden;Vandløb;Poel Å;11-12-2014;1;Feltmålinger, Vandløb;Ja;Miljøstyrelsen;https://vanda.miljoeportal.dk/link/4dadde4d-0847-4d06-b6c0-15598a1f6043;FRB1324;32;699103;6204768;1;11-12-2014 07:50:00 +01:00;;Temperatur; =;5,1;grader C;3
Station;49000061;ÆBELHOLT Å, SØSTERBRO MØLLE;32;699103;6204768;Hillerød;Region Hovedstaden;Vandløb;Poel Å;11-06-2013;1;Feltmålinger, Vandløb;Ja;Miljøstyrelsen;https://vanda.miljoeportal.dk/link/6da9648d-5e1d-4d33-9efb-f5dde9ee0567;FRB1324;32;699103;6204768;1;11-06-2013 08:15:00 +02:00;;Temperatur; =;11,2;grader C;3
Station;49000061;ÆBELHOLT Å, SØSTERBRO MØLLE;32;699103;6204768;Hillerød;Region Hovedstaden;Vandløb;Poel Å;01-08-2006;1;Feltmålinger, Vandløb;Ja;Miljøstyrelsen;https://vanda.miljoeportal.dk/link/09a48492-cd7f-436d-a231-70297f00ae04;FRB1324;32;699103;6204768;1;01-08-2006 09:40:00 +02:00;;Temperatur; =;15,3;grader C;2
Station;49000061;ÆBELHOLT Å, SØSTERBRO MØLLE;32;699103;6204768;Hillerød;Region Hovedstaden;Vandløb;Poel Å;10-04-2013;1;Feltmålinger, Vandløb;Ja;Miljøstyrelsen;https://vanda.miljoeportal.dk/link/71b1e4ec-5a7a-4e35-a8ff-76fb35e75b6e;FRB1324;32;699103;6204768;1;10-04-2013 09:20:00 +02:00;;pH; =;7,9;pH;3
Station;49000061;ÆBELHOLT Å, SØSTERBRO MØLLE;32;699103;6204768;Hillerød;Region Hovedstaden;Vandløb;Poel Å;19-12-2006;1;Feltmålinger, Vandløb;Ja;Miljøstyrelsen;https://vanda.miljoeportal.dk/link/47d74773-00b7-4636-b6d0-6bd61a0a4277;FRB1324;32;699103;6204768;1;19-12-2006 08:50:00 +01:00;;Oxygen indhold; =;9;mg/l;2
Station;49000061;ÆBELHOLT Å, SØSTERBRO MØLLE;32;699103;6204768;Hillerød;Region Hovedstaden;Vandløb;Poel Å;20-03-2003;1;Feltmålinger, Vandløb;Ja;Miljøstyrelsen;https://vanda.miljoeportal.dk/link/2af23fe4-715c-4028-bbaa-d550331872c5;FRB1324;32;699103;6204768;1;20-03-2003 11:40:00 +01:00;;Oxygen indhold; =;11,6;mg/l;3
Station;49000061;ÆBELHOLT Å, SØSTERBRO MØLLE;32;699103;6204768;Hillerød;Region Hovedstaden;Vandløb;Poel Å;24-07-2012;1;Feltmålinger, Vandløb;Ja;Miljøstyrelsen;https://vanda.miljoeportal.dk/link/93d6abea-9276-4334-a4e4-c19a45a2a4e3;FRB1324;32;699103;6204768;1;24-07-2012 09:35:00 +02:00;;Temperatur; =;14,9;grader C;3
Station;49000061;ÆBELHOLT Å, SØSTERBRO MØLLE;32;699103;6204768;Hillerød;Region Hovedstaden;Vandløb;Poel Å;31-01-2006;1;Feltmålinger, Vandløb;Ja;Miljøstyrelsen;https://vanda.miljoeportal.dk/link/439c38d2-44a4-4b5c-8770-a265d333b641;FRB1324;32;699103;6204768;1;31-01-2006 08:55:00 +01:00;;Temperatur; =;0,7;grader C;2
Station;49000061;ÆBELHOLT Å, SØSTERBRO MØLLE;32;699103;6204768;Hillerød;Region Hovedstaden;Vandløb;Poel Å;17-06-2008;1;Feltmålinger, Vandløb;Ja;Miljøstyrelsen;https://vanda.miljoeportal.dk/link/6d89c4c7-5fc4-4bbb-81d4-27106fb5de6a;FRB1324;32;699103;6204768;1;17-06-2008 08:50:00 +02:00;;Temperatur; =;13,8;grader C;3
Station;49000061;ÆBELHOLT Å, SØSTERBRO MØLLE;32;699103;6204768;Hillerød;Region Hovedstaden;Vandløb;Poel Å;26-05-2016;1;Feltmålinger, Vandløb;Ja;Miljøstyrelsen;https://vanda.miljoeportal.dk/link/7a08fc7a-1c17-4dd3-bc46-a32c52872ff9;FRB1324;32;699103;6204768;1;26-05-2016 07:40:00 +02:00;;pH; =;8,1;pH;3
Station;49000061;ÆBELHOLT Å, SØSTERBRO MØLLE;32;699103;6204768;Hillerød;Region Hovedstaden;Vandløb;Poel Å;08-07-2015;1;Feltmålinger, Vandløb;Ja;Miljøstyrelsen;https://vanda.miljoeportal.dk/link/72f6c02b-6e1f-47de-ae1f-2d0b02d3b1d4;FRB1324;32;699103;6204768;1;08-07-2015 10:40:00 +02:00;;Temperatur; =;16;grader C;2
Station;49000061;ÆBELHOLT Å, SØSTERBRO MØLLE;32;699103;6204768;Hillerød;Region Hovedstaden;Vandløb;Poel Å;27-11-2012;1;Feltmålinger, Vandløb;Ja;Miljøstyrelsen;https://vanda.miljoeportal.dk/link/c1e59fad-6461-4154-bfe6-06cb81be730d;FRB1324;32;699103;6204768;1;27-11-2012 07:35:00 +01:00;;pH; =;7,6;pH;3
Station;49000061;ÆBELHOLT Å, SØSTERBRO MØLLE;32;699103;6204768;Hillerød;Region Hovedstaden;Vandløb;Poel Å;23-01-2003;1;Feltmålinger, Vandløb;Ja;Miljøstyrelsen;https://vanda.miljoeportal.dk/link/2f04e9b2-0a34-47fd-81b2-19e0ba38c926;FRB1324;32;699103;6204768;1;23-01-2003 10:00:00 +01:00;;Oxygenmætning; =;80;pct;3
Station;49000061;ÆBELHOLT Å, SØSTERBRO MØLLE;32;699103;6204768;Hillerød;Region Hovedstaden;Vandløb;Poel Å;30-11-2015;1;Feltmålinger, Vandløb;Ja;Miljøstyrelsen;https://vanda.miljoeportal.dk/link/36a5396c-3365-4f7c-8cf8-c86954e6ca60;FRB1324;32;699103;6204768;1;30-11-2015 07:40:00 +01:00;;pH; =;7,8;pH;2
Station;49000061;ÆBELHOLT Å, SØSTERBRO MØLLE;32;699103;6204768;Hillerød;Region Hovedstaden;Vandløb;Poel Å;02-01-2003;1;Feltmålinger, Vandløb;Ja;Miljøstyrelsen;https://vanda.miljoeportal.dk/link/e02bbe17-08d7-4ef1-8db8-c4767f67d0f3;FRB1324;32;699103;6204768;1;02-01-2003 09:10:00 +01:00;;Oxygen indhold; =;10,6;mg/l;3
Station;49000061;ÆBELHOLT Å, SØSTERBRO MØLLE;32;699103;6204768;Hillerød;Region Hovedstaden;Vandløb;Poel Å;12-06-2012;1;Feltmålinger, Vandløb;Ja;Miljøstyrelsen;https://vanda.miljoeportal.dk/link/8fd0b099-64c2-4444-a5f6-a9c26643c205;FRB1324;32;699103;6204768;1;12-06-2012 07:35:00 +02:00;;Temperatur; =;10,9;grader C;3
Station;49000061;ÆBELHOLT Å, SØSTERBRO MØLLE;32;699103;6204768;Hillerød;Region Hovedstaden;Vandløb;Poel Å;04-04-2006;1;Feltmålinger, Vandløb;Ja;Miljøstyrelsen;https://vanda.miljoeportal.dk/link/3e062c04-27d2-4f44-8156-dab7a16723c1;FRB1324;32;699103;6204768;1;04-04-2006 08:45:00 +02:00;;Oxygenmætning; =;78;pct;2
Station;49000061;ÆBELHOLT Å, SØSTERBRO MØLLE;32;699103;6204768;Hillerød;Region Hovedstaden;Vandløb;Poel Å;01-07-2014;1;Feltmålinger, Vandløb;Ja;Miljøstyrelsen;https://vanda.miljoeportal.dk/link/cb82537a-a734-4a39-ba02-9b36471ca6ba;FRB1324;32;699103;6204768;1;01-07-2014 08:00:00 +02:00;;Temperatur; =;12,2;grader C;3
Station;49000061;ÆBELHOLT Å, SØSTERBRO MØLLE;32;699103;6204768;Hillerød;Region Hovedstaden;Vandløb;Poel Å;15-06-2004;1;Feltmålinger, Vandløb;Ja;Miljøstyrelsen;https://vanda.miljoeportal.dk/link/89bcc6c0-d88a-43d1-b8a1-60b227b3dc68;FRB1324;32;699103;6204768;1;15-06-2004 08:30:00 +02:00;;Temperatur; =;13,5;grader C;3
Station;49000061;ÆBELHOLT Å, SØSTERBRO MØLLE;32;699103;6204768;Hillerød;Region Hovedstaden;Vandløb;Poel Å;11-09-2012;1;Feltmålinger, Vandløb;Ja;Miljøstyrelsen;https://vanda.miljoeportal.dk/link/64145329-d057-4b90-a058-c7e1ca4fcaf7;FRB1324;32;699103;6204768;1;11-09-2012 07:40:00 +02:00;;pH; =;8,1;pH;3
Station;49000061;ÆBELHOLT Å, SØSTERBRO MØLLE;32;699103;6204768;Hillerød;Region Hovedstaden;Vandløb;Poel Å;29-05-2018;1;Feltmålinger, Vandløb;Ja;Miljøstyrelsen;https://vanda.miljoeportal.dk/link/5071348e-e1cc-443d-9a50-c6a2d05ab3c3;FRB1324;32;699103;6204768;1;29-05-2018 09:00:00 +02:00;;Temperatur; =;14,8;grader C;2
Station;49000061;ÆBELHOLT Å, SØSTERBRO MØLLE;32;699103;6204768;Hillerød;Region Hovedstaden;Vandløb;Poel Å;08-05-2012;1;Feltmålinger, Vandløb;Ja;Miljøstyrelsen;https://vanda.miljoeportal.dk/link/8d36956d-4234-47e8-ae71-0038d323b45e;FRB1324;32;699103;6204768;1;08-05-2012 07:30:00 +02:00;;pH; =;7,9;pH;3
Station;49000061;ÆBELHOLT Å, SØSTERBRO MØLLE;32;699103;6204768;Hillerød;Region Hovedstaden;Vandløb;Poel Å;08-02-2016;1;Feltmålinger, Vandløb;Ja;Miljøstyrelsen;https://vanda.miljoeportal.dk/link/f76cd5b6-f823-4018-8dc2-ca4e063f5d45;FRB1324;32;699103;6204768;1;08-02-2016 08:35:00 +01:00;;pH; =;7,9;pH;3
Station;49000061;ÆBELHOLT Å, SØSTERBRO MØLLE;32;699103;6204768;Hillerød;Region Hovedstaden;Vandløb;Poel Å;23-10-2012;1;Feltmålinger, Vandløb;Ja;Miljøstyrelsen;https://vanda.miljoeportal.dk/link/c392d6d7-7677-4f2b-9204-d4aa272af800;FRB1324;32;699103;6204768;1;23-10-2012 07:50:00 +02:00;;Temperatur; =;10,1;grader C;3
Station;49000061;ÆBELHOLT Å, SØSTERBRO MØLLE;32;699103;6204768;Hillerød;Region Hovedstaden;Vandløb;Poel Å;08-11-2005;1;Feltmålinger, Vandløb;Ja;Miljøstyrelsen;https://vanda.miljoeportal.dk/link/8fb30a57-84b6-4b04-9734-51d7ad041930;FRB1324;32;699103;6204768;1;08-11-2005 08:45:00 +01:00;;Temperatur; =;8,9;grader C;3
Station;49000061;ÆBELHOLT Å, SØSTERBRO MØLLE;32;699103;6204768;Hillerød;Region Hovedstaden;Vandløb;Poel Å;25-02-2014;1;Feltmålinger, Vandløb;Ja;Miljøstyrelsen;https://vanda.miljoeportal.dk/link/863ae062-5d82-4ae1-b0e9-9e9e973dbdcc;FRB1324;32;699103;6204768;1;25-02-2014 08:15:00 +01:00;;Temperatur; =;4,2;grader C;3
Station;49000061;ÆBELHOLT Å, SØSTERBRO MØLLE;32;699103;6204768;Hillerød;Region Hovedstaden;Vandløb;Poel Å;13-11-2014;1;Feltmålinger, Vandløb;Ja;Miljøstyrelsen;https://vanda.miljoeportal.dk/link/05655567-836a-4264-91af-50650977fac2;FRB1324;32;699103;6204768;1;13-11-2014 07:45:00 +01:00;;Temperatur; =;10;grader C;3
Station;49000061;ÆBELHOLT Å, SØSTERBRO MØLLE;32;699103;6204768;Hillerød;Region Hovedstaden;Vandløb;Poel Å;04-12-2002;1;Feltmålinger, Vandløb;Ja;Miljøstyrelsen;https://vanda.miljoeportal.dk/link/8740de2b-3954-4598-907d-c15b2d8054a4;FRB1324;32;699103;6204768;1;04-12-2002 08:39:00 +01:00;;Oxygen indhold; =;10,5;mg/l;3
Station;49000061;ÆBELHOLT Å, SØSTERBRO MØLLE;32;699103;6204768;Hillerød;Region Hovedstaden;Vandløb;Poel Å;25-09-2023;1;Feltmålinger, Vandløb;Ja;Miljøstyrelsen;https://vanda.miljoeportal.dk/link/97848721-47e4-45e4-9f08-427a0ca3c22b;FRB1324;32;699103;6204768;1;25-09-2023 11:58:00 +02:00;;Temperatur; =;0,3;grader C;2
Station;49000061;ÆBELHOLT Å, SØSTERBRO MØLLE;32;699103;6204768;Hillerød;Region Hovedstaden;Vandløb;Poel Å;25-09-2023;1;Feltmålinger, Vandløb;Ja;Miljøstyrelsen;https://vanda.miljoeportal.dk/link/97848721-47e4-45e4-9f08-427a0ca3c22b;FRB1324;32;699103;6204768;1;25-09-2023 11:58:00 +02:00;;Salinitet; =;0,3;promille;2
Station;49000061;ÆBELHOLT Å, SØSTERBRO MØLLE;32;699103;6204768;Hillerød;Region Hovedstaden;Vandløb;Poel Å;20-05-2021;1;Feltmålinger, Vandløb;Ja;Miljøstyrelsen;https://vanda.miljoeportal.dk/link/a94543c5-7f66-41cb-b8be-c5dcddc445b0;FRB1324;32;699103;6204768;1;20-05-2021 16:12:00 +02:00;;pH; =;8,44;pH;2
Station;49000061;ÆBELHOLT Å, SØSTERBRO MØLLE;32;699103;6204768;Hillerød;Region Hovedstaden;Vandløb;Poel Å;24-01-2023;1;Feltmålinger, Vandløb;Ja;Miljøstyrelsen;https://vanda.miljoeportal.dk/link/a00327dd-220f-4529-9d47-a519f2738725;FRB1324;32;699103;6204768;1;24-01-2023 09:44:00 +01:00;;Temperatur; =;4;grader C;2
Station;49000061;ÆBELHOLT Å, SØSTERBRO MØLLE;32;699103;6204768;Hillerød;Region Hovedstaden;Vandløb;Poel Å;15-11-2022;1;Feltmålinger, Vandløb;Ja;Miljøstyrelsen;https://vanda.miljoeportal.dk/link/18c062cc-ea84-442e-8edc-cc93a5fc8698;FRB1324;32;699103;6204768;1;15-11-2022 09:50:00 +01:00;;Temperatur; =;9,7;grader C;2
Station;49000061;ÆBELHOLT Å, SØSTERBRO MØLLE;32;699103;6204768;Hillerød;Region Hovedstaden;Vandløb;Poel Å;11-09-2023;1;Feltmålinger, Vandløb;Ja;Miljøstyrelsen;https://vanda.miljoeportal.dk/link/456a012b-a5ae-45c3-abd5-06424085a67f;FRB1324;32;699103;6204768;1;11-09-2023 09:29:00 +02:00;;Salinitet; =;0,3;promille;2
Station;49000061;ÆBELHOLT Å, SØSTERBRO MØLLE;32;699103;6204768;Hillerød;Region Hovedstaden;Vandløb;Poel Å;03-03-2022;1;Feltmålinger, Vandløb;Ja;Miljøstyrelsen;https://vanda.miljoeportal.dk/link/179699e8-3616-47e0-bcaf-6efebf9546b8;FRB1324;32;699103;6204768;1;03-03-2022 14:36:00 +01:00;;Temperatur; =;5,7;grader C;2
Station;49000061;ÆBELHOLT Å, SØSTERBRO MØLLE;32;699103;6204768;Hillerød;Region Hovedstaden;Vandløb;Poel Å;02-10-2003;1;Feltmålinger, Vandløb;Ja;Miljøstyrelsen;https://vanda.miljoeportal.dk/link/3482c11e-50af-49d5-a8d3-34243ca9eac5;FRB1324;32;699103;6204768;1;02-10-2003 08:46:00 +02:00;;Oxygenmætning; =;86;pct;3
Station;49000061;ÆBELHOLT Å, SØSTERBRO MØLLE;32;699103;6204768;Hillerød;Region Hovedstaden;Vandløb;Poel Å;08-06-2023;1;Feltmålinger, Vandløb;Ja;Miljøstyrelsen;https://vanda.miljoeportal.dk/link/df6197e0-9816-4379-887a-5f91cfdf4c8a;FRB1324;32;699103;6204768;1;08-06-2023 11:29:00 +02:00;;Salinitet; =;0,3;promille;2
Station;49000061;ÆBELHOLT Å, SØSTERBRO MØLLE;32;699103;6204768;Hillerød;Region Hovedstaden;Vandløb;Poel Å;12-01-2023;1;Feltmålinger, Vandløb;Ja;Miljøstyrelsen;https://vanda.miljoeportal.dk/link/c041c115-263e-4d0c-8032-dfc57bb0a809;FRB1324;32;699103;6204768;1;12-01-2023 09:15:00 +01:00;;Temperatur; =;5,8;grader C;2
Station;49000061;ÆBELHOLT Å, SØSTERBRO MØLLE;32;699103;6204768;Hillerød;Region Hovedstaden;Vandløb;Poel Å;17-11-2023;1;Feltmålinger, Vandløb;Ja;Miljøstyrelsen;https://vanda.miljoeportal.dk/link/cefc0ee5-f942-4f7e-883e-de1fa6602455;NST1324;32;699202;6204602;1;17-11-2023 09:39:00 +01:00;;Temperatur; =;5,9;grader C;2
Station;49000061;ÆBELHOLT Å, SØSTERBRO MØLLE;32;699103;6204768;Hillerød;Region Hovedstaden;Vandløb;Poel Å;14-07-2022;1;Feltmålinger, Vandløb;Ja;Miljøstyrelsen;https://vanda.miljoeportal.dk/link/7d524edf-2263-4dfc-a75b-06f7b638ab3e;FRB1324;32;699103;6204768;1;14-07-2022 09:15:00 +02:00;;Temperatur; =;13,9;grader C;2
Station;49000061;ÆBELHOLT Å, SØSTERBRO MØLLE;32;699103;6204768;Hillerød;Region Hovedstaden;Vandløb;Poel Å;12-09-2022;1;Feltmålinger, Vandløb;Ja;Miljøstyrelsen;https://vanda.miljoeportal.dk/link/89903714-c172-467f-99a2-a67ac59a20cb;Aktivitetssted;32;699102,9998318997;6204768,003616996;1;12-09-2022 15:30:00 +02:00;;Temperatur; =;15,5;grader C;2
Station;49000061;ÆBELHOLT Å, SØSTERBRO MØLLE;32;699103;6204768;Hillerød;Region Hovedstaden;Vandløb;Poel Å;08-02-2023;1;Feltmålinger, Vandløb;Ja;Miljøstyrelsen;https://vanda.miljoeportal.dk/link/279d4afb-6317-4589-8eb7-6fae7435fadd;FRB1324;32;699103;6204768;1;08-02-2023 09:51:00 +01:00;;Salinitet; =;0,3;promille;2
Station;49000061;ÆBELHOLT Å, SØSTERBRO MØLLE;32;699103;6204768;Hillerød;Region Hovedstaden;Vandløb;Poel Å;22-06-2022;1;Feltmålinger, Vandløb;Ja;Miljøstyrelsen;https://vanda.miljoeportal.dk/link/e2ea856f-aa69-427f-8254-cf4b3ec4a52f;FRB1324;32;699103;6204768;1;22-06-2022 11:00:00 +02:00;;Temperatur; =;13,3;grader C;2
Station;49000061;ÆBELHOLT Å, SØSTERBRO MØLLE;32;699103;6204768;Hillerød;Region Hovedstaden;Vandløb;Poel Å;15-10-2015;1;Feltmålinger, Vandløb;Ja;Miljøstyrelsen;https://vanda.miljoeportal.dk/link/41a96a9b-09c8-402c-ab88-8e4a5c6a98d2;FRB1324;32;699103;6204768;1;15-10-2015 09:50:00 +02:00;;pH; =;9,2;pH;1
Station;49000061;ÆBELHOLT Å, SØSTERBRO MØLLE;32;699103;6204768;Hillerød;Region Hovedstaden;Vandløb;Poel Å;07-09-2023;2;Feltmålinger, Vandløb;Ja;Miljøstyrelsen;https://vanda.miljoeportal.dk/link/8cf5b451-061e-40dc-896d-ea49e9accbcc;FRB1324;32;699103;6204768;1;07-09-2023 11:49:00 +02:00;;Temperatur; =;15,1;grader C;2
Station;49000061;ÆBELHOLT Å, SØSTERBRO MØLLE;32;699103;6204768;Hillerød;Region Hovedstaden;Vandløb;Poel Å;21-02-2012;1;Feltmålinger, Vandløb;Ja;Miljøstyrelsen;https://vanda.miljoeportal.dk/link/e0289950-5378-43a1-98f3-1c110fdab386;FRB1324;32;699103;6204768;1;21-02-2012 08:45:00 +01:00;;pH; =;7,7;pH;3
Station;49000061;ÆBELHOLT Å, SØSTERBRO MØLLE;32;699103;6204768;Hillerød;Region Hovedstaden;Vandløb;Poel Å;08-05-2012;1;Feltmålinger, Vandløb;Ja;Miljøstyrelsen;https://vanda.miljoeportal.dk/link/8d36956d-4234-47e8-ae71-0038d323b45e;FRB1324;32;699103;6204768;1;08-05-2012 07:30:00 +02:00;;Temperatur; =;7,9;grader C;3
Station;49000061;ÆBELHOLT Å, SØSTERBRO MØLLE;32;699103;6204768;Hillerød;Region Hovedstaden;Vandløb;Poel Å;07-09-2023;1;Feltmålinger, Vandløb;Ja;Miljøstyrelsen;https://vanda.miljoeportal.dk/link/b07cde7c-ca3b-4f70-8647-578f5e718f98;FRB1324;32;699103;6204768;1;07-09-2023 11:49:00 +02:00;;pH; =;7,43;pH;2
Station;49000061;ÆBELHOLT Å, SØSTERBRO MØLLE;32;699103;6204768;Hillerød;Region Hovedstaden;Vandløb;Poel Å;28-08-2013;1;Feltmålinger, Vandløb;Ja;Miljøstyrelsen;https://vanda.miljoeportal.dk/link/6c94b1a1-791e-4476-a50d-a690d9ab5955;FRB1324;32;699103;6204768;1;28-08-2013 08:10:00 +02:00;;Temperatur; =;11,1;grader C;3
Station;49000061;ÆBELHOLT Å, SØSTERBRO MØLLE;32;699103;6204768;Hillerød;Region Hovedstaden;Vandløb;Poel Å;03-07-2007;1;Feltmålinger, Vandløb;Ja;Miljøstyrelsen;https://vanda.miljoeportal.dk/link/a2c1ab31-593b-46ee-95a3-d8579a7a3318;FRB1324;32;699103;6204768;1;03-07-2007 08:35:00 +02:00;;Temperatur; =;15,1;grader C;3
Station;49000061;ÆBELHOLT Å, SØSTERBRO MØLLE;32;699103;6204768;Hillerød;Region Hovedstaden;Vandløb;Poel Å;02-10-2023;1;Feltmålinger, Vandløb;Ja;Miljøstyrelsen;https://vanda.miljoeportal.dk/link/9227ef2d-0e8e-4a9c-8456-3459086d2bb4;NST1324;32;699202;6204602;1;02-10-2023 10:22:00 +02:00;;Temperatur;;14,4;grader C;2
Station;49000061;ÆBELHOLT Å, SØSTERBRO MØLLE;32;699103;6204768;Hillerød;Region Hovedstaden;Vandløb;Poel Å;18-12-2007;1;Feltmålinger, Vandløb;Ja;Miljøstyrelsen;https://vanda.miljoeportal.dk/link/0e6ab4b1-d705-456e-bab1-f6377958e455;FRB1324;32;699103;6204768;1;18-12-2007 08:30:00 +01:00;;Temperatur; =;7,5;grader C;3
Station;49000061;ÆBELHOLT Å, SØSTERBRO MØLLE;32;699103;6204768;Hillerød;Region Hovedstaden;Vandløb;Poel Å;24-09-2021;1;Feltmålinger, Vandløb;Ja;Miljøstyrelsen;https://vanda.miljoeportal.dk/link/234a9fb7-af6e-4dc5-afdb-dceae48c24d4;FRB1324;32;699103;6204768;1;24-09-2021 10:51:00 +02:00;;Temperatur; =;12,5;grader C;2
Station;49000061;ÆBELHOLT Å, SØSTERBRO MØLLE;32;699103;6204768;Hillerød;Region Hovedstaden;Vandløb;Poel Å;31-08-2017;1;Feltmålinger, Vandløb;Ja;Miljøstyrelsen;https://vanda.miljoeportal.dk/link/6df193dd-ce16-4af5-ad28-1eb0083f3737;FRB1324;32;699103;6204768;1;31-08-2017 09:00:00 +02:00;;Temperatur; =;14,7;grader C;2
Station;49000061;ÆBELHOLT Å, SØSTERBRO MØLLE;32;699103;6204768;Hillerød;Region Hovedstaden;Vandløb;Poel Å;06-07-2005;1;Feltmålinger, Vandløb;Ja;Miljøstyrelsen;https://vanda.miljoeportal.dk/link/b6ad304c-9433-4a38-b889-5ccce7a5aa26;FRB1324;32;699103;6204768;1;06-07-2005 10:40:00 +02:00;;Temperatur; =;14,3;grader C;3
Station;49000061;ÆBELHOLT Å, SØSTERBRO MØLLE;32;699103;6204768;Hillerød;Region Hovedstaden;Vandløb;Poel Å;29-05-2018;1;Feltmålinger, Vandløb;Ja;Miljøstyrelsen;https://vanda.miljoeportal.dk/link/5071348e-e1cc-443d-9a50-c6a2d05ab3c3;FRB1324;32;699103;6204768;1;29-05-2018 09:00:00 +02:00;;pH; =;7,8;pH;2
Station;49000061;ÆBELHOLT Å, SØSTERBRO MØLLE;32;699103;6204768;Hillerød;Region Hovedstaden;Vandløb;Poel Å;04-07-2019;1;Feltmålinger, Vandløb;Ja;Miljøstyrelsen;https://vanda.miljoeportal.dk/link/e2340668-b4d9-45f2-ae4e-195d28aa2157;FRB1324;32;699103;6204768;1;04-07-2019 09:20:00 +02:00;;Temperatur; =;13,9;grader C;2
Station;49000061;ÆBELHOLT Å, SØSTERBRO MØLLE;32;699103;6204768;Hillerød;Region Hovedstaden;Vandløb;Poel Å;14-12-2021;1;Feltmålinger, Vandløb;Ja;Miljøstyrelsen;https://vanda.miljoeportal.dk/link/99b97835-d342-41f8-be70-331751ce09ee;FRB1324;32;699103;6204768;1;14-12-2021 12:28:00 +01:00;;Temperatur; =;6;grader C;2
Station;49000061;ÆBELHOLT Å, SØSTERBRO MØLLE;32;699103;6204768;Hillerød;Region Hovedstaden;Vandløb;Poel Å;23-02-2021;1;Feltmålinger, Vandløb;Ja;Miljøstyrelsen;https://vanda.miljoeportal.dk/link/38309e2d-c6f6-4c83-846c-f7fb02b666cd;FRB1324;32;699103;6204768;1;23-02-2021 15:28:00 +01:00;;pH; =;7,87;pH;2
Station;49000061;ÆBELHOLT Å, SØSTERBRO MØLLE;32;699103;6204768;Hillerød;Region Hovedstaden;Vandløb;Poel Å;23-02-2023;1;Feltmålinger, Vandløb;Ja;Miljøstyrelsen;https://vanda.miljoeportal.dk/link/bbd64617-4195-4ae9-a8eb-bc17f9dc9a7d;FRB1324;32;699103;6204768;1;23-02-2023 08:38:00 +01:00;;pH; =;7,79;pH;2
Station;49000061;ÆBELHOLT Å, SØSTERBRO MØLLE;32;699103;6204768;Hillerød;Region Hovedstaden;Vandløb;Poel Å;27-02-2020;1;Feltmålinger, Vandløb;Ja;Miljøstyrelsen;https://vanda.miljoeportal.dk/link/4a76b4e9-4c2d-4ee5-aee1-2f49ff0469b2;FRB1324;32;699103;6204768;1;27-02-2020 15:20:00 +01:00;;pH; =;8;pH;2
Station;49000061;ÆBELHOLT Å, SØSTERBRO MØLLE;32;699103;6204768;Hillerød;Region Hovedstaden;Vandløb;Poel Å;23-02-2021;1;Feltmålinger, Vandløb;Ja;Miljøstyrelsen;https://vanda.miljoeportal.dk/link/38309e2d-c6f6-4c83-846c-f7fb02b666cd;FRB1324;32;699103;6204768;1;23-02-2021 15:28:00 +01:00;;Temperatur; =;5,2;grader C;2
Station;49000061;ÆBELHOLT Å, SØSTERBRO MØLLE;32;699103;6204768;Hillerød;Region Hovedstaden;Vandløb;Poel Å;08-12-2015;1;Feltmålinger, Vandløb;Ja;Miljøstyrelsen;https://vanda.miljoeportal.dk/link/28c4f3ce-568a-4b85-a111-7fb0afeb9fb0;FRB1324;32;699103;6204768;1;08-12-2015 08:00:00 +01:00;;pH; =;7,8;pH;2
Station;49000061;ÆBELHOLT Å, SØSTERBRO MØLLE;32;699103;6204768;Hillerød;Region Hovedstaden;Vandløb;Poel Å;19-09-2017;1;Feltmålinger, Vandløb;Ja;Miljøstyrelsen;https://vanda.miljoeportal.dk/link/fa65cf7a-ffa1-4a25-95d2-f8c0c2e4dc40;FRB1324;32;699103;6204768;1;19-09-2017 08:55:00 +02:00;;pH; =;7,9;pH;2
Station;49000061;ÆBELHOLT Å, SØSTERBRO MØLLE;32;699103;6204768;Hillerød;Region Hovedstaden;Vandløb;Poel Å;23-02-2016;1;Feltmålinger, Vandløb;Ja;Miljøstyrelsen;https://vanda.miljoeportal.dk/link/e575f346-6e17-4c03-baac-dc75701bba1d;FRB1324;32;699103;6204768;1;23-02-2016 08:50:00 +01:00;;pH; =;7,8;pH;3
Station;49000061;ÆBELHOLT Å, SØSTERBRO MØLLE;32;699103;6204768;Hillerød;Region Hovedstaden;Vandløb;Poel Å;14-08-2002;1;Feltmålinger, Vandløb;Ja;Miljøstyrelsen;https://vanda.miljoeportal.dk/link/d0d8d881-045d-4d00-b52a-eb4506b6be05;FRB1324;32;699103;6204768;1;14-08-2002 06:55:00 +02:00;;Oxygenmætning; =;48;pct;3
Station;49000061;ÆBELHOLT Å, SØSTERBRO MØLLE;32;699103;6204768;Hillerød;Region Hovedstaden;Vandløb;Poel Å;07-03-2023;1;Feltmålinger, Vandløb;Ja;Miljøstyrelsen;https://vanda.miljoeportal.dk/link/8615e322-f665-4a67-91ed-e5611829e8ef;FRB1324;32;699103;6204768;1;07-03-2023 11:30:00 +01:00;;pH; =;7,75;pH;2
Station;49000061;ÆBELHOLT Å, SØSTERBRO MØLLE;32;699103;6204768;Hillerød;Region Hovedstaden;Vandløb;Poel Å;09-12-2010;1;Feltmålinger, Vandløb;Ja;Miljøstyrelsen;https://vanda.miljoeportal.dk/link/c6885245-b751-4b39-ab0e-200ae92e2668;FRB1324;32;699103;6204768;1;09-12-2010 08:15:00 +01:00;;Temperatur; =;3,5;grader C;3
Station;49000061;ÆBELHOLT Å, SØSTERBRO MØLLE;32;699103;6204768;Hillerød;Region Hovedstaden;Vandløb;Poel Å;21-11-2017;1;Feltmålinger, Vandløb;Ja;Miljøstyrelsen;https://vanda.miljoeportal.dk/link/b9bc7e07-8f88-45f2-96de-69fa09cddc23;FRB1324;32;699103;6204768;1;21-11-2017 07:55:00 +01:00;;pH; =;7,9;pH;2
Station;49000061;ÆBELHOLT Å, SØSTERBRO MØLLE;32;699103;6204768;Hillerød;Region Hovedstaden;Vandløb;Poel Å;18-12-2002;1;Feltmålinger, Vandløb;Ja;Miljøstyrelsen;https://vanda.miljoeportal.dk/link/feaeb7f1-8ac1-4b99-9c95-8dc5f44c26bb;FRB1324;32;699103;6204768;1;18-12-2002 08:14:00 +01:00;;Oxygenmætning; =;77;pct;3
Station;49000061;ÆBELHOLT Å, SØSTERBRO MØLLE;32;699103;6204768;Hillerød;Region Hovedstaden;Vandløb;Poel Å;18-08-2022;1;Feltmålinger, Vandløb;Ja;Miljøstyrelsen;https://vanda.miljoeportal.dk/link/da1f35f0-2690-4e29-bd36-ed87d9599e0c;Aktivitetssted;32;699102,9998318997;6204768,003616996;1;18-08-2022 16:00:00 +02:00;;Temperatur; =;21,4;grader C;2
Station;49000061;ÆBELHOLT Å, SØSTERBRO MØLLE;32;699103;6204768;Hillerød;Region Hovedstaden;Vandløb;Poel Å;30-10-2003;1;Feltmålinger, Vandløb;Ja;Miljøstyrelsen;https://vanda.miljoeportal.dk/link/f2459330-53aa-4106-adc5-2c0043afe3b3;FRB1324;32;699103;6204768;1;30-10-2003 09:20:00 +01:00;;Oxygenmætning; =;58;pct;3
Station;49000061;ÆBELHOLT Å, SØSTERBRO MØLLE;32;699103;6204768;Hillerød;Region Hovedstaden;Vandløb;Poel Å;22-04-2014;1;Feltmålinger, Vandløb;Ja;Miljøstyrelsen;https://vanda.miljoeportal.dk/link/856cc82b-cc73-401c-9680-14f9e5931848;FRB1324;32;699103;6204768;1;22-04-2014 07:50:00 +02:00;;pH; =;7,9;pH;3
Station;49000061;ÆBELHOLT Å, SØSTERBRO MØLLE;32;699103;6204768;Hillerød;Region Hovedstaden;Vandløb;Poel Å;12-02-2015;1;Feltmålinger, Vandløb;Ja;Miljøstyrelsen;https://vanda.miljoeportal.dk/link/c1ce9852-97ed-402e-b290-e8ca56c89cbc;FRB1324;32;699103;6204768;1;12-02-2015 13:05:00 +01:00;;Temperatur; =;4,4;grader C;2
Station;49000061;ÆBELHOLT Å, SØSTERBRO MØLLE;32;699103;6204768;Hillerød;Region Hovedstaden;Vandløb;Poel Å;30-08-2018;1;Feltmålinger, Vandløb;Ja;Miljøstyrelsen;https://vanda.miljoeportal.dk/link/bd6df8bd-f873-41a2-8468-d829ccd82c45;FRB1324;32;699103;6204768;1;30-08-2018 08:15:00 +02:00;;Temperatur; =;14,6;grader C;2
Station;49000061;ÆBELHOLT Å, SØSTERBRO MØLLE;32;699103;6204768;Hillerød;Region Hovedstaden;Vandløb;Poel Å;10-08-2004;1;Feltmålinger, Vandløb;Ja;Miljøstyrelsen;https://vanda.miljoeportal.dk/link/9a65bb89-702e-4276-87ef-7af14be3e652;FRB1324;32;699103;6204768;1;10-08-2004 09:00:00 +02:00;;Temperatur; =;15,3;grader C;3
Station;49000061;ÆBELHOLT Å, SØSTERBRO MØLLE;32;699103;6204768;Hillerød;Region Hovedstaden;Vandløb;Poel Å;06-06-2006;1;Feltmålinger, Vandløb;Ja;Miljøstyrelsen;https://vanda.miljoeportal.dk/link/dda83720-e6d2-4938-aa10-532c6810e46a;FRB1324;32;699103;6204768;1;06-06-2006 08:55:00 +02:00;;Oxygen indhold; =;9,4;mg/l;2
Station;49000061;ÆBELHOLT Å, SØSTERBRO MØLLE;32;699103;6204768;Hillerød;Region Hovedstaden;Vandløb;Poel Å;08-06-2017;1;Feltmålinger, Vandløb;Ja;Miljøstyrelsen;https://vanda.miljoeportal.dk/link/69d0345e-de6e-4598-bec2-aa109a1d8bc5;FRB1324;32;699103;6204768;1;08-06-2017 08:50:00 +02:00;;Temperatur; =;11,8;grader C;2
Station;49000061;ÆBELHOLT Å, SØSTERBRO MØLLE;32;699103;6204768;Hillerød;Region Hovedstaden;Vandløb;Poel Å;26-06-2012;1;Feltmålinger, Vandløb;Ja;Miljøstyrelsen;https://vanda.miljoeportal.dk/link/896115ba-0334-4c17-a186-2b0cf276aaa5;FRB1324;32;699103;6204768;1;26-06-2012 07:35:00 +02:00;;pH; =;7,8;pH;3
Station;49000061;ÆBELHOLT Å, SØSTERBRO MØLLE;32;699103;6204768;Hillerød;Region Hovedstaden;Vandløb;Poel Å;20-02-2003;1;Feltmålinger, Vandløb;Ja;Miljøstyrelsen;https://vanda.miljoeportal.dk/link/a2acee82-8015-4ff6-8187-742f63cb151e;FRB1324;32;699103;6204768;1;20-02-2003 09:30:00 +01:00;;Oxygen indhold; =;7;mg/l;3
Station;49000061;ÆBELHOLT Å, SØSTERBRO MØLLE;32;699103;6204768;Hillerød;Region Hovedstaden;Vandløb;Poel Å;23-02-2010;1;Feltmålinger, Vandløb;Ja;Miljøstyrelsen;https://vanda.miljoeportal.dk/link/c161f8fa-96af-4b24-aad4-ab25f167f674;FRB1324;32;699103;6204768;1;23-02-2010 08:00:00 +01:00;;Temperatur; =;1,2;grader C;3
Station;49000061;ÆBELHOLT Å, SØSTERBRO MØLLE;32;699103;6204768;Hillerød;Region Hovedstaden;Vandløb;Poel Å;05-10-2023;1;Feltmålinger, Vandløb;Ja;Miljøstyrelsen;https://vanda.miljoeportal.dk/link/e1738e26-738f-477d-a766-c75a3164b916;FRB1324;32;699103;6204768;1;05-10-2023 13:44:00 +02:00;;Salinitet; =;0,3;promille;2
Station;49000061;ÆBELHOLT Å, SØSTERBRO MØLLE;32;699103;6204768;Hillerød;Region Hovedstaden;Vandløb;Poel Å;24-04-2013;1;Feltmålinger, Vandløb;Ja;Miljøstyrelsen;https://vanda.miljoeportal.dk/link/ba63a230-9ade-47f1-ab40-08899b9cc938;FRB1324;32;699103;6204768;1;24-04-2013 08:15:00 +02:00;;Temperatur; =;6,7;grader C;3
Station;49000061;ÆBELHOLT Å, SØSTERBRO MØLLE;32;699103;6204768;Hillerød;Region Hovedstaden;Vandløb;Poel Å;13-02-2007;1;Feltmålinger, Vandløb;Ja;Miljøstyrelsen;https://vanda.miljoeportal.dk/link/c3eb8a70-f556-4bf1-be36-0d35292514ee;FRB1324;32;699103;6204768;1;13-02-2007 08:55:00 +01:00;;Temperatur; =;4,2;grader C;3
Station;49000061;ÆBELHOLT Å, SØSTERBRO MØLLE;32;699103;6204768;Hillerød;Region Hovedstaden;Vandløb;Poel Å;20-05-2014;1;Feltmålinger, Vandløb;Ja;Miljøstyrelsen;https://vanda.miljoeportal.dk/link/869b156d-f847-477b-8fc3-9fb6b1803a41;FRB1324;32;699103;6204768;1;20-05-2014 08:25:00 +02:00;;Temperatur; =;11,6;grader C;3
Station;49000061;ÆBELHOLT Å, SØSTERBRO MØLLE;32;699103;6204768;Hillerød;Region Hovedstaden;Vandløb;Poel Å;12-04-2005;1;Feltmålinger, Vandløb;Ja;Miljøstyrelsen;https://vanda.miljoeportal.dk/link/19a5f543-08b2-4fa2-b73a-9c305693adb3;FRB1324;32;699103;6204768;1;12-04-2005 08:40:00 +02:00;;Oxygenmætning; =;94;pct;3
Station;49000061;ÆBELHOLT Å, SØSTERBRO MØLLE;32;699103;6204768;Hillerød;Region Hovedstaden;Vandløb;Poel Å;23-10-2002;1;Feltmålinger, Vandløb;Ja;Miljøstyrelsen;https://vanda.miljoeportal.dk/link/9f207767-2b8d-41b0-93cf-f4f95410aae5;FRB1324;32;699103;6204768;1;23-10-2002 08:50:00 +02:00;;Temperatur; =;9,4;grader C;3
Station;49000061;ÆBELHOLT Å, SØSTERBRO MØLLE;32;699103;6204768;Hillerød;Region Hovedstaden;Vandløb;Poel Å;06-04-2016;1;Feltmålinger, Vandløb;Ja;Miljøstyrelsen;https://vanda.miljoeportal.dk/link/0451914d-e4d8-4d01-ad67-ee7bf2114f27;FRB1324;32;699103;6204768;1;06-04-2016 09:05:00 +02:00;;Temperatur; =;7,5;grader C;3
Station;49000061;ÆBELHOLT Å, SØSTERBRO MØLLE;32;699103;6204768;Hillerød;Region Hovedstaden;Vandløb;Poel Å;18-07-2006;1;Feltmålinger, Vandløb;Ja;Miljøstyrelsen;https://vanda.miljoeportal.dk/link/d7f18f2b-70f4-454e-8299-99584f3df127;FRB1324;32;699103;6204768;1;18-07-2006 08:45:00 +02:00;;Oxygenmætning; =;90;pct;2
Station;49000061;ÆBELHOLT Å, SØSTERBRO MØLLE;32;699103;6204768;Hillerød;Region Hovedstaden;Vandløb;Poel Å;28-02-2006;1;Feltmålinger, Vandløb;Ja;Miljøstyrelsen;https://vanda.miljoeportal.dk/link/2b3a326f-b196-4748-b340-b414a5343c69;FRB1324;32;699103;6204768;1;28-02-2006 08:55:00 +01:00;;Oxygenmætning; =;86;pct;2
Station;49000061;ÆBELHOLT Å, SØSTERBRO MØLLE;32;699103;6204768;Hillerød;Region Hovedstaden;Vandløb;Poel Å;28-03-2022;1;Feltmålinger, Vandløb;Ja;Miljøstyrelsen;https://vanda.miljoeportal.dk/link/60a9ccb6-de4a-4969-91a9-b82f5a3dcc7e;FRB1324;32;699103;6204768;1;28-03-2022 09:52:00 +02:00;;Temperatur; =;6,3;grader C;2
Station;49000061;ÆBELHOLT Å, SØSTERBRO MØLLE;32;699103;6204768;Hillerød;Region Hovedstaden;Vandløb;Poel Å;12-11-2015;1;Feltmålinger, Vandløb;Ja;Miljøstyrelsen;https://vanda.miljoeportal.dk/link/26a075ba-e525-4c50-a76f-29e666903ad1;FRB1324;32;699103;6204768;1;12-11-2015 06:50:00 +01:00;;pH; =;7,7;pH;2
Station;49000061;ÆBELHOLT Å, SØSTERBRO MØLLE;32;699103;6204768;Hillerød;Region Hovedstaden;Vandløb;Poel Å;11-03-2021;1;Feltmålinger, Vandløb;Ja;Miljøstyrelsen;https://vanda.miljoeportal.dk/link/fbb855d9-990e-4a5e-aefa-4cfb7f24aa04;FRB1324;32;699103;6204768;1;11-03-2021 12:04:00 +01:00;;pH; =;7,98;pH;2
Station;49000061;ÆBELHOLT Å, SØSTERBRO MØLLE;32;699103;6204768;Hillerød;Region Hovedstaden;Vandløb;Poel Å;11-03-2014;1;Feltmålinger, Vandløb;Ja;Miljøstyrelsen;https://vanda.miljoeportal.dk/link/534738f1-f559-49df-a275-cafe8ddc0366;FRB1324;32;699103;6204768;1;11-03-2014 08:00:00 +01:00;;Temperatur; =;4,4;grader C;3
Station;49000061;ÆBELHOLT Å, SØSTERBRO MØLLE;32;699103;6204768;Hillerød;Region Hovedstaden;Vandløb;Poel Å;03-09-2015;1;Feltmålinger, Vandløb;Ja;Miljøstyrelsen;https://vanda.miljoeportal.dk/link/11698530-88b8-4a97-a206-b4bfc4671990;FRB1324;32;699103;6204768;1;03-09-2015 10:00:00 +02:00;;pH; =;8;pH;2
Station;49000061;ÆBELHOLT Å, SØSTERBRO MØLLE;32;699103;6204768;Hillerød;Region Hovedstaden;Vandløb;Poel Å;04-07-2006;1;Feltmålinger, Vandløb;Ja;Miljøstyrelsen;https://vanda.miljoeportal.dk/link/5303c7b9-148b-43e1-9822-eeb0ba261ed9;FRB1324;32;699103;6204768;1;04-07-2006 08:35:00 +02:00;;Oxygen indhold; =;10;mg/l;2
Station;49000061;ÆBELHOLT Å, SØSTERBRO MØLLE;32;699103;6204768;Hillerød;Region Hovedstaden;Vandløb;Poel Å;02-01-2003;1;Feltmålinger, Vandløb;Ja;Miljøstyrelsen;https://vanda.miljoeportal.dk/link/e02bbe17-08d7-4ef1-8db8-c4767f67d0f3;FRB1324;32;699103;6204768;1;02-01-2003 09:10:00 +01:00;;Temperatur; =;2,3;grader C;3
Station;49000061;ÆBELHOLT Å, SØSTERBRO MØLLE;32;699103;6204768;Hillerød;Region Hovedstaden;Vandløb;Poel Å;23-03-2004;1;Feltmålinger, Vandløb;Ja;Miljøstyrelsen;https://vanda.miljoeportal.dk/link/ab34f090-a766-48c3-84ec-4831b9309b7d;FRB1324;32;699103;6204768;1;23-03-2004 08:20:00 +01:00;;Temperatur; =;4,9;grader C;3
Station;49000061;ÆBELHOLT Å, SØSTERBRO MØLLE;32;699103;6204768;Hillerød;Region Hovedstaden;Vandløb;Poel Å;20-02-2003;1;Feltmålinger, Vandløb;Ja;Miljøstyrelsen;https://vanda.miljoeportal.dk/link/a2acee82-8015-4ff6-8187-742f63cb151e;FRB1324;32;699103;6204768;1;20-02-2003 09:30:00 +01:00;;Oxygenmætning; =;50;pct;3
Station;49000061;ÆBELHOLT Å, SØSTERBRO MØLLE;32;699103;6204768;Hillerød;Region Hovedstaden;Vandløb;Poel Å;20-12-2017;1;Feltmålinger, Vandløb;Ja;Miljøstyrelsen;https://vanda.miljoeportal.dk/link/00c751d8-60ad-4149-9552-055c8676a4c1;FRB1324;32;699103;6204768;1;20-12-2017 07:35:00 +01:00;;pH; =;7,8;pH;2
Station;49000061;ÆBELHOLT Å, SØSTERBRO MØLLE;32;699103;6204768;Hillerød;Region Hovedstaden;Vandløb;Poel Å;13-01-2022;1;Feltmålinger, Vandløb;Ja;Miljøstyrelsen;https://vanda.miljoeportal.dk/link/a63d0445-2715-44bc-b79f-a4e66e02345b;FRB1324;32;699103;6204768;1;13-01-2022 13:50:00 +01:00;;pH; =;8,08;pH;2
Station;49000061;ÆBELHOLT Å, SØSTERBRO MØLLE;32;699103;6204768;Hillerød;Region Hovedstaden;Vandløb;Poel Å;04-01-2017;1;Feltmålinger, Vandløb;Ja;Miljøstyrelsen;https://vanda.miljoeportal.dk/link/088c84ad-f32a-481b-84a6-bde25f38a6a3;FRB1324;32;699103;6204768;1;04-01-2017 09:00:00 +01:00;;Temperatur; =;3,7;grader C;2
Station;49000061;ÆBELHOLT Å, SØSTERBRO MØLLE;32;699103;6204768;Hillerød;Region Hovedstaden;Vandløb;Poel Å;16-08-2011;1;Feltmålinger, Vandløb;Ja;Miljøstyrelsen;https://vanda.miljoeportal.dk/link/94028c34-4bbe-408d-920b-29d37190d734;FRB1324;32;699103;6204768;1;16-08-2011 08:20:00 +02:00;;Temperatur; =;14,2;grader C;3
Station;49000061;ÆBELHOLT Å, SØSTERBRO MØLLE;32;699103;6204768;Hillerød;Region Hovedstaden;Vandløb;Poel Å;29-07-2008;1;Feltmålinger, Vandløb;Ja;Miljøstyrelsen;https://vanda.miljoeportal.dk/link/bb1ccfe6-724c-4f6f-8280-df3963fd07e4;FRB1324;32;699103;6204768;1;29-07-2008 12:15:00 +02:00;;Temperatur; =;17,8;grader C;3
Station;49000061;ÆBELHOLT Å, SØSTERBRO MØLLE;32;699103;6204768;Hillerød;Region Hovedstaden;Vandløb;Poel Å;26-11-2020;1;Feltmålinger, Vandløb;Ja;Miljøstyrelsen;https://vanda.miljoeportal.dk/link/9d6aa120-50dd-4a0b-9e63-a06b5b79d08c;FRB1324;32;699103;6204768;1;26-11-2020 16:08:00 +01:00;;Temperatur; =;8,3;grader C;2
Station;49000061;ÆBELHOLT Å, SØSTERBRO MØLLE;32;699103;6204768;Hillerød;Region Hovedstaden;Vandløb;Poel Å;13-01-2022;1;Feltmålinger, Vandløb;Ja;Miljøstyrelsen;https://vanda.miljoeportal.dk/link/a63d0445-2715-44bc-b79f-a4e66e02345b;FRB1324;32;699103;6204768;1;13-01-2022 13:50:00 +01:00;;Temperatur; =;6,5;grader C;2
Station;49000061;ÆBELHOLT Å, SØSTERBRO MØLLE;32;699103;6204768;Hillerød;Region Hovedstaden;Vandløb;Poel Å;02-05-2023;1;Feltmålinger, Vandløb;Ja;Miljøstyrelsen;https://vanda.miljoeportal.dk/link/b29e7237-ed3d-4cab-ad80-ddb3af5aff1b;FRB1324;32;699103;6204768;1;02-05-2023 11:56:00 +02:00;;Temperatur; =;10,3;grader C;2
Station;49000061;ÆBELHOLT Å, SØSTERBRO MØLLE;32;699103;6204768;Hillerød;Region Hovedstaden;Vandløb;Poel Å;26-09-2006;1;Feltmålinger, Vandløb;Ja;Miljøstyrelsen;https://vanda.miljoeportal.dk/link/fab45b86-2f89-46a0-9b9e-889dca39608d;FRB1324;32;699103;6204768;1;26-09-2006 08:40:00 +02:00;;Oxygenmætning; =;82;pct;2
Station;49000061;ÆBELHOLT Å, SØSTERBRO MØLLE;32;699103;6204768;Hillerød;Region Hovedstaden;Vandløb;Poel Å;11-09-2002;1;Feltmålinger, Vandløb;Ja;Miljøstyrelsen;https://vanda.miljoeportal.dk/link/e1c81864-6fad-471a-af87-fc07c1d1f678;FRB1324;32;699103;6204768;1;11-09-2002 07:15:00 +02:00;;Temperatur; =;13,8;grader C;3
Station;49000061;ÆBELHOLT Å, SØSTERBRO MØLLE;32;699103;6204768;Hillerød;Region Hovedstaden;Vandløb;Poel Å;25-08-2004;1;Feltmålinger, Vandløb;Ja;Miljøstyrelsen;https://vanda.miljoeportal.dk/link/de965a3a-9b52-4781-b329-b5637a9af06f;FRB1324;32;699103;6204768;1;25-08-2004 10:25:00 +02:00;;Oxygenmætning; =;54;pct;3
Station;49000061;ÆBELHOLT Å, SØSTERBRO MØLLE;32;699103;6204768;Hillerød;Region Hovedstaden;Vandløb;Poel Å;12-01-2023;1;Feltmålinger, Vandløb;Ja;Miljøstyrelsen;https://vanda.miljoeportal.dk/link/c041c115-263e-4d0c-8032-dfc57bb0a809;FRB1324;32;699103;6204768;1;12-01-2023 09:15:00 +01:00;;Salinitet; =;0,3;promille;2
Station;49000061;ÆBELHOLT Å, SØSTERBRO MØLLE;32;699103;6204768;Hillerød;Region Hovedstaden;Vandløb;Poel Å;18-08-2016;1;Feltmålinger, Vandløb;Ja;Miljøstyrelsen;https://vanda.miljoeportal.dk/link/d2b2998d-0c16-4198-8733-2619c45d61ae;FRB1324;32;699103;6204768;1;18-08-2016 07:40:00 +02:00;;Temperatur; =;13,4;grader C;3
Station;49000061;ÆBELHOLT Å, SØSTERBRO MØLLE;32;699103;6204768;Hillerød;Region Hovedstaden;Vandløb;Poel Å;12-03-2015;1;Feltmålinger, Vandløb;Ja;Miljøstyrelsen;https://vanda.miljoeportal.dk/link/064a91bd-d1ca-4e9f-8ca6-816b09d86af7;FRB1324;32;699103;6204768;1;12-03-2015 07:40:00 +01:00;;Temperatur; =;4,1;grader C;2
Station;49000061;ÆBELHOLT Å, SØSTERBRO MØLLE;32;699103;6204768;Hillerød;Region Hovedstaden;Vandløb;Poel Å;19-08-2008;1;Feltmålinger, Vandløb;Ja;Miljøstyrelsen;https://vanda.miljoeportal.dk/link/bc9bff40-6354-43f6-b5c6-033c9b56e782;FRB1324;32;699103;6204768;1;19-08-2008 08:55:00 +02:00;;Temperatur; =;16,6;grader C;3
Station;49000061;ÆBELHOLT Å, SØSTERBRO MØLLE;32;699103;6204768;Hillerød;Region Hovedstaden;Vandløb;Poel Å;24-11-2021;1;Feltmålinger, Vandløb;Ja;Miljøstyrelsen;https://vanda.miljoeportal.dk/link/939e8fef-c653-40c6-a517-40d05a4af672;FRB1324;32;699103;6204768;1;24-11-2021 16:01:00 +01:00;;pH; =;8,31;pH;2
Station;49000061;ÆBELHOLT Å, SØSTERBRO MØLLE;32;699103;6204768;Hillerød;Region Hovedstaden;Vandløb;Poel Å;03-03-2022;1;Feltmålinger, Vandløb;Ja;Miljøstyrelsen;https://vanda.miljoeportal.dk/link/179699e8-3616-47e0-bcaf-6efebf9546b8;FRB1324;32;699103;6204768;1;03-03-2022 14:36:00 +01:00;;pH; =;8,1;pH;2
Station;49000061;ÆBELHOLT Å, SØSTERBRO MØLLE;32;699103;6204768;Hillerød;Region Hovedstaden;Vandløb;Poel Å;26-06-2003;1;Feltmålinger, Vandløb;Ja;Miljøstyrelsen;https://vanda.miljoeportal.dk/link/fbd00be9-de4c-4f77-a45e-987453873f2b;FRB1324;32;699103;6204768;1;26-06-2003 08:27:00 +02:00;;Oxygen indhold; =;9,9;mg/l;3
Station;49000061;ÆBELHOLT Å, SØSTERBRO MØLLE;32;699103;6204768;Hillerød;Region Hovedstaden;Vandløb;Poel Å;08-02-2023;1;Feltmålinger, Vandløb;Ja;Miljøstyrelsen;https://vanda.miljoeportal.dk/link/279d4afb-6317-4589-8eb7-6fae7435fadd;FRB1324;32;699103;6204768;1;08-02-2023 09:51:00 +01:00;;pH; =;7,73;pH;2
Station;49000061;ÆBELHOLT Å, SØSTERBRO MØLLE;32;699103;6204768;Hillerød;Region Hovedstaden;Vandløb;Poel Å;23-05-2022;1;Feltmålinger, Vandløb;Ja;Miljøstyrelsen;https://vanda.miljoeportal.dk/link/108d5c31-b463-4476-9e92-7096fcbd400b;FRB1324;32;699103;6204768;1;23-05-2022 13:35:00 +02:00;;Temperatur; =;16;grader C;2
Station;49000061;ÆBELHOLT Å, SØSTERBRO MØLLE;32;699103;6204768;Hillerød;Region Hovedstaden;Vandløb;Poel Å;05-03-2013;1;Feltmålinger, Vandløb;Ja;Miljøstyrelsen;https://vanda.miljoeportal.dk/link/4a078921-4b3a-4f55-9196-0ad1e623e77e;FRB1324;32;699103;6204768;1;05-03-2013 07:40:00 +01:00;;Temperatur; =;2,1;grader C;3
Station;49000061;ÆBELHOLT Å, SØSTERBRO MØLLE;32;699103;6204768;Hillerød;Region Hovedstaden;Vandløb;Poel Å;12-11-2015;1;Feltmålinger, Vandløb;Ja;Miljøstyrelsen;https://vanda.miljoeportal.dk/link/26a075ba-e525-4c50-a76f-29e666903ad1;FRB1324;32;699103;6204768;1;12-11-2015 06:50:00 +01:00;;Temperatur; =;10,1;grader C;2
Station;49000061;ÆBELHOLT Å, SØSTERBRO MØLLE;32;699103;6204768;Hillerød;Region Hovedstaden;Vandløb;Poel Å;13-11-2012;1;Feltmålinger, Vandløb;Ja;Miljøstyrelsen;https://vanda.miljoeportal.dk/link/cb9278d7-5793-49c2-ab65-7950b717c572;FRB1324;32;699103;6204768;1;13-11-2012 07:20:00 +01:00;;Temperatur; =;6,7;grader C;3
Station;49000061;ÆBELHOLT Å, SØSTERBRO MØLLE;32;699103;6204768;Hillerød;Region Hovedstaden;Vandløb;Poel Å;01-05-2003;1;Feltmålinger, Vandløb;Ja;Miljøstyrelsen;https://vanda.miljoeportal.dk/link/ce89515f-c86d-41d1-8212-acf972228a6f;FRB1324;32;699103;6204768;1;01-05-2003 09:06:00 +02:00;;Oxygen indhold; =;7;mg/l;3
Station;49000061;ÆBELHOLT Å, SØSTERBRO MØLLE;32;699103;6204768;Hillerød;Region Hovedstaden;Vandløb;Poel Å;02-05-2023;1;Feltmålinger, Vandløb;Ja;Miljøstyrelsen;https://vanda.miljoeportal.dk/link/b29e7237-ed3d-4cab-ad80-ddb3af5aff1b;FRB1324;32;699103;6204768;1;02-05-2023 11:56:00 +02:00;;pH; =;8,15;pH;2
Station;49000061;ÆBELHOLT Å, SØSTERBRO MØLLE;32;699103;6204768;Hillerød;Region Hovedstaden;Vandløb;Poel Å;12-09-2022;1;Feltmålinger, Vandløb;Ja;Miljøstyrelsen;https://vanda.miljoeportal.dk/link/89903714-c172-467f-99a2-a67ac59a20cb;Aktivitetssted;32;699102,9998318997;6204768,003616996;1;12-09-2022 15:30:00 +02:00;;pH; =;8,25;pH;2
Station;49000061;ÆBELHOLT Å, SØSTERBRO MØLLE;32;699103;6204768;Hillerød;Region Hovedstaden;Vandløb;Poel Å;31-05-2011;1;Feltmålinger, Vandløb;Ja;Miljøstyrelsen;https://vanda.miljoeportal.dk/link/8761784e-fded-47ec-a449-ec6885d04920;FRB1324;32;699103;6204768;1;31-05-2011 08:40:00 +02:00;;Temperatur; =;13,7;grader C;3
Station;49000061;ÆBELHOLT Å, SØSTERBRO MØLLE;32;699103;6204768;Hillerød;Region Hovedstaden;Vandløb;Poel Å;01-06-2004;1;Feltmålinger, Vandløb;Ja;Miljøstyrelsen;https://vanda.miljoeportal.dk/link/ce5e887b-ef3a-4362-b596-1206cd072233;FRB1324;32;699103;6204768;1;01-06-2004 08:30:00 +02:00;;Oxygen indhold; =;9,2;mg/l;3
Station;49000061;ÆBELHOLT Å, SØSTERBRO MØLLE;32;699103;6204768;Hillerød;Region Hovedstaden;Vandløb;Poel Å;24-02-2004;1;Feltmålinger, Vandløb;Ja;Miljøstyrelsen;https://vanda.miljoeportal.dk/link/4a62e14d-d804-4486-a368-0b2c545af5cb;FRB1324;32;699103;6204768;1;24-02-2004 08:30:00 +01:00;;Temperatur; =;1,7;grader C;3
Station;49000061;ÆBELHOLT Å, SØSTERBRO MØLLE;32;699103;6204768;Hillerød;Region Hovedstaden;Vandløb;Poel Å;15-01-2008;1;Feltmålinger, Vandløb;Ja;Miljøstyrelsen;https://vanda.miljoeportal.dk/link/3e90c45c-86c8-4576-b90c-88809b8bd92a;FRB1324;32;699103;6204768;1;15-01-2008 08:40:00 +01:00;;Temperatur; =;7,1;grader C;3
Station;49000061;ÆBELHOLT Å, SØSTERBRO MØLLE;32;699103;6204768;Hillerød;Region Hovedstaden;Vandløb;Poel Å;24-02-2004;1;Feltmålinger, Vandløb;Ja;Miljøstyrelsen;https://vanda.miljoeportal.dk/link/4a62e14d-d804-4486-a368-0b2c545af5cb;FRB1324;32;699103;6204768;1;24-02-2004 08:30:00 +01:00;;Oxygenmætning; =;86;pct;3
Station;49000061;ÆBELHOLT Å, SØSTERBRO MØLLE;32;699103;6204768;Hillerød;Region Hovedstaden;Vandløb;Poel Å;02-05-2013;1;Feltmålinger, Vandløb;Ja;Miljøstyrelsen;https://vanda.miljoeportal.dk/link/cd75a2d5-9024-461e-9dd2-5cc85e31137a;FRB1324;32;699103;6204768;1;02-05-2013 08:20:00 +02:00;;pH; =;8,2;pH;3
Station;49000061;ÆBELHOLT Å, SØSTERBRO MØLLE;32;699103;6204768;Hillerød;Region Hovedstaden;Vandløb;Poel Å;11-04-2023;1;Feltmålinger, Vandløb;Ja;Miljøstyrelsen;https://vanda.miljoeportal.dk/link/c922fdd1-60c9-4892-aaa5-95335e89d511;FRB1324;32;699103;6204768;1;11-04-2023 11:06:00 +02:00;;Salinitet; =;0,3;promille;2
Station;49000061;ÆBELHOLT Å, SØSTERBRO MØLLE;32;699103;6204768;Hillerød;Region Hovedstaden;Vandløb;Poel Å;06-03-2003;1;Feltmålinger, Vandløb;Ja;Miljøstyrelsen;https://vanda.miljoeportal.dk/link/c9b9ad2e-a3a8-4fca-bfa6-eb5d6475a163;FRB1324;32;699103;6204768;1;06-03-2003 12:25:00 +01:00;;Temperatur; =;3,4;grader C;3
Station;49000061;ÆBELHOLT Å, SØSTERBRO MØLLE;32;699103;6204768;Hillerød;Region Hovedstaden;Vandløb;Poel Å;13-09-2005;1;Feltmålinger, Vandløb;Ja;Miljøstyrelsen;https://vanda.miljoeportal.dk/link/45be0a65-8435-481f-bd5c-d741fc824bca;FRB1324;32;699103;6204768;1;13-09-2005 08:30:00 +02:00;;Oxygen indhold; =;9,8;mg/l;3
Station;49000061;ÆBELHOLT Å, SØSTERBRO MØLLE;32;699103;6204768;Hillerød;Region Hovedstaden;Vandløb;Poel Å;31-05-2011;1;Feltmålinger, Vandløb;Ja;Miljøstyrelsen;https://vanda.miljoeportal.dk/link/8761784e-fded-47ec-a449-ec6885d04920;FRB1324;32;699103;6204768;1;31-05-2011 08:40:00 +02:00;;pH; =;7,4;pH;3
Station;49000061;ÆBELHOLT Å, SØSTERBRO MØLLE;32;699103;6204768;Hillerød;Region Hovedstaden;Vandløb;Poel Å;11-01-2018;1;Feltmålinger, Vandløb;Ja;Miljøstyrelsen;https://vanda.miljoeportal.dk/link/4ba84605-6fb4-4956-945e-1462d01bb556;FRB1324;32;699103;6204768;1;11-01-2018 09:10:00 +01:00;;pH; =;7,4;pH;2
Station;49000061;ÆBELHOLT Å, SØSTERBRO MØLLE;32;699103;6204768;Hillerød;Region Hovedstaden;Vandløb;Poel Å;23-02-2016;1;Feltmålinger, Vandløb;Ja;Miljøstyrelsen;https://vanda.miljoeportal.dk/link/e575f346-6e17-4c03-baac-dc75701bba1d;FRB1324;32;699103;6204768;1;23-02-2016 08:50:00 +01:00;;Temperatur; =;4,6;grader C;3
Station;49000061;ÆBELHOLT Å, SØSTERBRO MØLLE;32;699103;6204768;Hillerød;Region Hovedstaden;Vandløb;Poel Å;12-04-2011;1;Feltmålinger, Vandløb;Ja;Miljøstyrelsen;https://vanda.miljoeportal.dk/link/c67efa5d-5fc1-4996-8744-c7c46d2edc78;FRB1324;32;699103;6204768;1;12-04-2011 08:55:00 +02:00;;pH; =;7,4;pH;3
Station;49000061;ÆBELHOLT Å, SØSTERBRO MØLLE;32;699103;6204768;Hillerød;Region Hovedstaden;Vandløb;Poel Å;26-02-2013;1;Feltmålinger, Vandløb;Ja;Miljøstyrelsen;https://vanda.miljoeportal.dk/link/09ae4361-ca40-4c0d-80af-ac373f85d2e4;FRB1324;32;699103;6204768;1;26-02-2013 07:40:00 +01:00;;pH; =;7,9;pH;3
Station;49000061;ÆBELHOLT Å, SØSTERBRO MØLLE;32;699103;6204768;Hillerød;Region Hovedstaden;Vandløb;Poel Å;24-07-2003;1;Feltmålinger, Vandløb;Ja;Miljøstyrelsen;https://vanda.miljoeportal.dk/link/272b5fe7-01f7-4e6b-b23c-7f8566ede820;FRB1324;32;699103;6204768;1;24-07-2003 10:58:00 +02:00;;Oxygenmætning; =;98;pct;3
Station;49000061;ÆBELHOLT Å, SØSTERBRO MØLLE;32;699103;6204768;Hillerød;Region Hovedstaden;Vandløb;Poel Å;05-10-2023;1;Feltmålinger, Vandløb;Ja;Miljøstyrelsen;https://vanda.miljoeportal.dk/link/e1738e26-738f-477d-a766-c75a3164b916;FRB1324;32;699103;6204768;1;05-10-2023 13:44:00 +02:00;;pH; =;7,58;pH;2
Station;49000061;ÆBELHOLT Å, SØSTERBRO MØLLE;32;699103;6204768;Hillerød;Region Hovedstaden;Vandløb;Poel Å;14-03-2006;1;Feltmålinger, Vandløb;Ja;Miljøstyrelsen;https://vanda.miljoeportal.dk/link/e606d83b-2b18-4d67-b6e5-9aff8b4b4bd7;FRB1324;32;699103;6204768;1;14-03-2006 08:50:00 +01:00;;Oxygenmætning; =;91;pct;2
Station;49000061;ÆBELHOLT Å, SØSTERBRO MØLLE;32;699103;6204768;Hillerød;Region Hovedstaden;Vandløb;Poel Å;30-03-2006;1;Feltmålinger, Vandløb;Ja;Miljøstyrelsen;https://vanda.miljoeportal.dk/link/15d8c980-0cc4-4011-8c68-52ff113300a7;FRB1324;32;699103;6204768;1;30-03-2006 08:20:00 +02:00;;Oxygen indhold; =;11,1;mg/l;2
Station;49000061;ÆBELHOLT Å, SØSTERBRO MØLLE;32;699103;6204768;Hillerød;Region Hovedstaden;Vandløb;Poel Å;03-06-2015;1;Feltmålinger, Vandløb;Ja;Miljøstyrelsen;https://vanda.miljoeportal.dk/link/a0da09da-b8bb-4c6d-906f-5bca9af78505;FRB1324;32;699103;6204768;1;03-06-2015 08:45:00 +02:00;;Temperatur; =;11,6;grader C;2
Station;49000061;ÆBELHOLT Å, SØSTERBRO MØLLE;32;699103;6204768;Hillerød;Region Hovedstaden;Vandløb;Poel Å;14-08-2019;1;Feltmålinger, Vandløb;Ja;Miljøstyrelsen;https://vanda.miljoeportal.dk/link/a861da23-a27b-4643-91bc-57e26fe44a44;FRB1324;32;699103;6204768;1;14-08-2019 12:56:00 +02:00;;pH; =;8,1;pH;2
Station;49000061;ÆBELHOLT Å, SØSTERBRO MØLLE;32;699103;6204768;Hillerød;Region Hovedstaden;Vandløb;Poel Å;28-01-2015;1;Feltmålinger, Vandløb;Ja;Miljøstyrelsen;https://vanda.miljoeportal.dk/link/94f15f65-027b-41c5-aace-38ca54bfad4b;FRB1324;32;699103;6204768;1;28-01-2015 11:00:00 +01:00;;pH; =;7,8;pH;2
Station;49000061;ÆBELHOLT Å, SØSTERBRO MØLLE;32;699103;6204768;Hillerød;Region Hovedstaden;Vandløb;Poel Å;08-12-2022;1;Feltmålinger, Vandløb;Ja;Miljøstyrelsen;https://vanda.miljoeportal.dk/link/2ad452a9-71aa-4311-be8d-6f7705f1752b;FRB1324;32;699103;6204768;1;08-12-2022 08:52:00 +01:00;;pH; =;8,187;pH;2
Station;49000061;ÆBELHOLT Å, SØSTERBRO MØLLE;32;699103;6204768;Hillerød;Region Hovedstaden;Vandløb;Poel Å;15-03-2005;1;Feltmålinger, Vandløb;Ja;Miljøstyrelsen;https://vanda.miljoeportal.dk/link/97fe5e06-c30d-420f-9ca5-e1a93f33eddb;FRB1324;32;699103;6204768;1;15-03-2005 08:30:00 +01:00;;Oxygen indhold; =;10,8;mg/l;3
Station;49000061;ÆBELHOLT Å, SØSTERBRO MØLLE;32;699103;6204768;Hillerød;Region Hovedstaden;Vandløb;Poel Å;18-01-2005;1;Feltmålinger, Vandløb;Ja;Miljøstyrelsen;https://vanda.miljoeportal.dk/link/2d2f3e43-c2e0-4176-bdc3-13c996aa08fe;FRB1324;32;699103;6204768;1;18-01-2005 09:15:00 +01:00;;Oxygen indhold; =;10,2;mg/l;3
Station;49000061;ÆBELHOLT Å, SØSTERBRO MØLLE;32;699103;6204768;Hillerød;Region Hovedstaden;Vandløb;Poel Å;03-08-2016;1;Feltmålinger, Vandløb;Ja;Miljøstyrelsen;https://vanda.miljoeportal.dk/link/2520c525-d097-4580-853e-2efa41847124;FRB1324;32;699103;6204768;1;03-08-2016 09:05:00 +02:00;;Temperatur; =;13,3;grader C;3
Station;49000061;ÆBELHOLT Å, SØSTERBRO MØLLE;32;699103;6204768;Hillerød;Region Hovedstaden;Vandløb;Poel Å;10-07-2013;1;Feltmålinger, Vandløb;Ja;Miljøstyrelsen;https://vanda.miljoeportal.dk/link/f689e77e-4758-4ade-aedf-fa62d4310279;FRB1324;32;699103;6204768;1;10-07-2013 08:15:00 +02:00;;pH; =;8,1;pH;3
Station;49000061;ÆBELHOLT Å, SØSTERBRO MØLLE;32;699103;6204768;Hillerød;Region Hovedstaden;Vandløb;Poel Å;17-12-2013;1;Feltmålinger, Vandløb;Ja;Miljøstyrelsen;https://vanda.miljoeportal.dk/link/dac283b3-5a1e-4802-b45a-90227c546322;FRB1324;32;699103;6204768;1;17-12-2013 07:45:00 +01:00;;Temperatur; =;6,9;grader C;3
Station;49000061;ÆBELHOLT Å, SØSTERBRO MØLLE;32;699103;6204768;Hillerød;Region Hovedstaden;Vandløb;Poel Å;01-05-2003;1;Feltmålinger, Vandløb;Ja;Miljøstyrelsen;https://vanda.miljoeportal.dk/link/ce89515f-c86d-41d1-8212-acf972228a6f;FRB1324;32;699103;6204768;1;01-05-2003 09:06:00 +02:00;;Temperatur; =;9,1;grader C;3
Station;49000061;ÆBELHOLT Å, SØSTERBRO MØLLE;32;699103;6204768;Hillerød;Region Hovedstaden;Vandløb;Poel Å;07-02-2018;1;Feltmålinger, Vandløb;Ja;Miljøstyrelsen;https://vanda.miljoeportal.dk/link/d8210c9a-4063-47ea-80e9-98b9524c14e7;FRB1324;32;699103;6204768;1;07-02-2018 09:25:00 +01:00;;Temperatur; =;2,6;grader C;2
Station;49000061;ÆBELHOLT Å, SØSTERBRO MØLLE;32;699103;6204768;Hillerød;Region Hovedstaden;Vandløb;Poel Å;23-01-2019;1;Feltmålinger, Vandløb;Ja;Miljøstyrelsen;https://vanda.miljoeportal.dk/link/99bdc774-1fa5-4213-940d-7d03691c5bb5;FRB1324;32;699103;6204768;1;23-01-2019 08:50:00 +01:00;;Temperatur; =;2;grader C;2
Station;49000061;ÆBELHOLT Å, SØSTERBRO MØLLE;32;699103;6204768;Hillerød;Region Hovedstaden;Vandløb;Poel Å;26-02-2018;1;Feltmålinger, Vandløb;Ja;Miljøstyrelsen;https://vanda.miljoeportal.dk/link/3b4ee867-4ee6-43e3-869d-a8d90477fb7f;FRB1324;32;699103;6204768;1;26-02-2018 08:40:00 +01:00;;Temperatur; =;0,7;grader C;2
Station;49000061;ÆBELHOLT Å, SØSTERBRO MØLLE;32;699103;6204768;Hillerød;Region Hovedstaden;Vandløb;Poel Å;27-10-2017;1;Feltmålinger, Vandløb;Ja;Miljøstyrelsen;https://vanda.miljoeportal.dk/link/92f033c8-53d3-4cf3-ae6e-0d1dd6ce1e90;FRB1324;32;699103;6204768;1;27-10-2017 08:05:00 +02:00;;pH; =;7,7;pH;2
Station;49000061;ÆBELHOLT Å, SØSTERBRO MØLLE;32;699103;6204768;Hillerød;Region Hovedstaden;Vandløb;Poel Å;14-01-2015;1;Feltmålinger, Vandløb;Ja;Miljøstyrelsen;https://vanda.miljoeportal.dk/link/7ee2e236-3403-4ae5-ab25-7d7de3cf4301;FRB1324;32;699103;6204768;1;14-01-2015 11:40:00 +01:00;;Temperatur; =;4,9;grader C;2
Station;49000061;ÆBELHOLT Å, SØSTERBRO MØLLE;32;699103;6204768;Hillerød;Region Hovedstaden;Vandløb;Poel Å;25-04-2006;1;Feltmålinger, Vandløb;Ja;Miljøstyrelsen;https://vanda.miljoeportal.dk/link/71491624-bfbd-4848-85ba-f4911c969b33;FRB1324;32;699103;6204768;1;25-04-2006 08:50:00 +02:00;;Oxygenmætning; =;93;pct;2
Station;49000061;ÆBELHOLT Å, SØSTERBRO MØLLE;32;699103;6204768;Hillerød;Region Hovedstaden;Vandløb;Poel Å;22-05-2017;1;Feltmålinger, Vandløb;Ja;Miljøstyrelsen;https://vanda.miljoeportal.dk/link/1de228df-0f7e-43a3-be6a-87517ddac5b3;FRB1324;32;699103;6204768;1;22-05-2017 09:25:00 +02:00;;Temperatur; =;10,9;grader C;2
Station;49000061;ÆBELHOLT Å, SØSTERBRO MØLLE;32;699103;6204768;Hillerød;Region Hovedstaden;Vandløb;Poel Å;21-11-2006;1;Feltmålinger, Vandløb;Ja;Miljøstyrelsen;https://vanda.miljoeportal.dk/link/cf764154-729c-4567-92f7-8c9328a79c93;FRB1324;32;699103;6204768;1;21-11-2006 08:50:00 +01:00;;Oxygen indhold; =;7,4;mg/l;2
Station;49000061;ÆBELHOLT Å, SØSTERBRO MØLLE;32;699103;6204768;Hillerød;Region Hovedstaden;Vandløb;Poel Å;15-01-2003;1;Feltmålinger, Vandløb;Ja;Miljøstyrelsen;https://vanda.miljoeportal.dk/link/64360045-0368-42db-9fff-574f71dcd3b7;FRB1324;32;699103;6204768;1;15-01-2003 10:30:00 +01:00;;Temperatur; =;3,2;grader C;3
Station;49000061;ÆBELHOLT Å, SØSTERBRO MØLLE;32;699103;6204768;Hillerød;Region Hovedstaden;Vandløb;Poel Å;30-01-2018;1;Feltmålinger, Vandløb;Ja;Miljøstyrelsen;https://vanda.miljoeportal.dk/link/de80d804-f043-4125-a540-bdff6544b2b1;FRB1324;32;699103;6204768;1;30-01-2018 06:30:00 +01:00;;Temperatur; =;3;grader C;2
Station;49000061;ÆBELHOLT Å, SØSTERBRO MØLLE;32;699103;6204768;Hillerød;Region Hovedstaden;Vandløb;Poel Å;25-08-2014;1;Feltmålinger, Vandløb;Ja;Miljøstyrelsen;https://vanda.miljoeportal.dk/link/061b59bd-5435-4fd6-afa2-f411c9c7c5f0;FRB1324;32;699103;6204768;1;25-08-2014 08:30:00 +02:00;;pH; =;8;pH;3
Station;49000061;ÆBELHOLT Å, SØSTERBRO MØLLE;32;699103;6204768;Hillerød;Region Hovedstaden;Vandløb;Poel Å;25-01-2011;1;Feltmålinger, Vandløb;Ja;Miljøstyrelsen;https://vanda.miljoeportal.dk/link/93aa3c31-9eb9-4e87-863c-92ba73fb26c7;FRB1324;32;699103;6204768;1;25-01-2011 08:20:00 +01:00;;Temperatur; =;2,6;grader C;3
Station;49000061;ÆBELHOLT Å, SØSTERBRO MØLLE;32;699103;6204768;Hillerød;Region Hovedstaden;Vandløb;Poel Å;04-04-2019;1;Feltmålinger, Vandløb;Ja;Miljøstyrelsen;https://vanda.miljoeportal.dk/link/9c06b4c5-6af3-404c-8935-eb6ebb01046d;FRB1324;32;699103;6204768;1;04-04-2019 13:00:00 +02:00;;pH; =;8;pH;2
Station;49000061;ÆBELHOLT Å, SØSTERBRO MØLLE;32;699103;6204768;Hillerød;Region Hovedstaden;Vandløb;Poel Å;15-03-2011;1;Feltmålinger, Vandløb;Ja;Miljøstyrelsen;https://vanda.miljoeportal.dk/link/d156f459-00ce-46ce-a3b2-605f07ba46d4;FRB1324;32;699103;6204768;1;15-03-2011 08:50:00 +01:00;;Temperatur; =;3,4;grader C;3
Station;49000061;ÆBELHOLT Å, SØSTERBRO MØLLE;32;699103;6204768;Hillerød;Region Hovedstaden;Vandløb;Poel Å;18-01-2005;1;Feltmålinger, Vandløb;Ja;Miljøstyrelsen;https://vanda.miljoeportal.dk/link/2d2f3e43-c2e0-4176-bdc3-13c996aa08fe;FRB1324;32;699103;6204768;1;18-01-2005 09:15:00 +01:00;;Oxygenmætning; =;82;pct;3
Station;49000061;ÆBELHOLT Å, SØSTERBRO MØLLE;32;699103;6204768;Hillerød;Region Hovedstaden;Vandløb;Poel Å;28-09-2016;1;Feltmålinger, Vandløb;Ja;Miljøstyrelsen;https://vanda.miljoeportal.dk/link/8fc1b003-7e25-4f22-88eb-55db1e3aef26;FRB1324;32;699103;6204768;1;28-09-2016 08:05:00 +02:00;;pH; =;8,6;pH;3
Station;49000061;ÆBELHOLT Å, SØSTERBRO MØLLE;32;699103;6204768;Hillerød;Region Hovedstaden;Vandløb;Poel Å;24-10-2006;1;Feltmålinger, Vandløb;Ja;Miljøstyrelsen;https://vanda.miljoeportal.dk/link/c55523bf-4609-40be-8055-75aaae4e3360;FRB1324;32;699103;6204768;1;24-10-2006 09:05:00 +02:00;;Temperatur; =;12,3;grader C;2
Station;49000061;ÆBELHOLT Å, SØSTERBRO MØLLE;32;699103;6204768;Hillerød;Region Hovedstaden;Vandløb;Poel Å;10-07-2013;1;Feltmålinger, Vandløb;Ja;Miljøstyrelsen;https://vanda.miljoeportal.dk/link/f689e77e-4758-4ade-aedf-fa62d4310279;FRB1324;32;699103;6204768;1;10-07-2013 08:15:00 +02:00;;Temperatur; =;13,9;grader C;3
Station;49000061;ÆBELHOLT Å, SØSTERBRO MØLLE;32;699103;6204768;Hillerød;Region Hovedstaden;Vandløb;Poel Å;12-06-2003;1;Feltmålinger, Vandløb;Ja;Miljøstyrelsen;https://vanda.miljoeportal.dk/link/1158d841-6529-4263-b45f-c058edc0db96;FRB1324;32;699103;6204768;1;12-06-2003 12:46:00 +02:00;;Oxygen indhold; =;9;mg/l;3
Station;49000061;ÆBELHOLT Å, SØSTERBRO MØLLE;32;699103;6204768;Hillerød;Region Hovedstaden;Vandløb;Poel Å;03-08-2005;1;Feltmålinger, Vandløb;Ja;Miljøstyrelsen;https://vanda.miljoeportal.dk/link/0a5bcd1c-abba-422c-b27d-5c8ab0d52a48;FRB1324;32;699103;6204768;1;03-08-2005 11:05:00 +02:00;;Temperatur; =;14,1;grader C;3
Station;49000061;ÆBELHOLT Å, SØSTERBRO MØLLE;32;699103;6204768;Hillerød;Region Hovedstaden;Vandløb;Poel Å;13-09-2005;1;Feltmålinger, Vandløb;Ja;Miljøstyrelsen;https://vanda.miljoeportal.dk/link/45be0a65-8435-481f-bd5c-d741fc824bca;FRB1324;32;699103;6204768;1;13-09-2005 08:30:00 +02:00;;Oxygenmætning; =;91;pct;3
Station;49000061;ÆBELHOLT Å, SØSTERBRO MØLLE;32;699103;6204768;Hillerød;Region Hovedstaden;Vandløb;Poel Å;21-12-2020;1;Feltmålinger, Vandløb;Ja;Miljøstyrelsen;https://vanda.miljoeportal.dk/link/a8bc8769-6379-4308-aa0c-3e3b83ae7885;FRB1324;32;699103;6204768;1;21-12-2020 16:05:00 +01:00;;Temperatur; =;7,1;grader C;2
Station;49000061;ÆBELHOLT Å, SØSTERBRO MØLLE;32;699103;6204768;Hillerød;Region Hovedstaden;Vandløb;Poel Å;11-06-2013;1;Feltmålinger, Vandløb;Ja;Miljøstyrelsen;https://vanda.miljoeportal.dk/link/6da9648d-5e1d-4d33-9efb-f5dde9ee0567;FRB1324;32;699103;6204768;1;11-06-2013 08:15:00 +02:00;;pH; =;8,1;pH;3
Station;49000061;ÆBELHOLT Å, SØSTERBRO MØLLE;32;699103;6204768;Hillerød;Region Hovedstaden;Vandløb;Poel Å;25-08-2004;1;Feltmålinger, Vandløb;Ja;Miljøstyrelsen;https://vanda.miljoeportal.dk/link/de965a3a-9b52-4781-b329-b5637a9af06f;FRB1324;32;699103;6204768;1;25-08-2004 10:25:00 +02:00;;Oxygen indhold; =;5,5;mg/l;3
Station;49000061;ÆBELHOLT Å, SØSTERBRO MØLLE;32;699103;6204768;Hillerød;Region Hovedstaden;Vandløb;Poel Å;26-02-2013;1;Feltmålinger, Vandløb;Ja;Miljøstyrelsen;https://vanda.miljoeportal.dk/link/09ae4361-ca40-4c0d-80af-ac373f85d2e4;FRB1324;32;699103;6204768;1;26-02-2013 07:40:00 +01:00;;Temperatur; =;3,2;grader C;3
Station;49000061;ÆBELHOLT Å, SØSTERBRO MØLLE;32;699103;6204768;Hillerød;Region Hovedstaden;Vandløb;Poel Å;02-10-2017;1;Feltmålinger, Vandløb;Ja;Miljøstyrelsen;https://vanda.miljoeportal.dk/link/9ca126a9-4327-49ba-9277-6250c2605dde;FRB1324;32;699103;6204768;1;02-10-2017 08:24:00 +02:00;;pH; =;8;pH;2
Station;49000061;ÆBELHOLT Å, SØSTERBRO MØLLE;32;699103;6204768;Hillerød;Region Hovedstaden;Vandløb;Poel Å;19-06-2017;1;Feltmålinger, Vandløb;Ja;Miljøstyrelsen;https://vanda.miljoeportal.dk/link/9f734568-5a17-438b-81ca-e035d84ad3a3;FRB1324;32;699103;6204768;1;19-06-2017 08:58:00 +02:00;;pH; =;8,1;pH;2
Station;49000061;ÆBELHOLT Å, SØSTERBRO MØLLE;32;699103;6204768;Hillerød;Region Hovedstaden;Vandløb;Poel Å;09-11-2010;1;Feltmålinger, Vandløb;Ja;Miljøstyrelsen;https://vanda.miljoeportal.dk/link/dd28fe70-42d2-4589-9fd8-c21f75ad7fdd;FRB1324;32;699103;6204768;1;09-11-2010 08:30:00 +01:00;;Temperatur; =;6,1;grader C;3
Station;49000061;ÆBELHOLT Å, SØSTERBRO MØLLE;32;699103;6204768;Hillerød;Region Hovedstaden;Vandløb;Poel Å;31-03-2009;1;Feltmålinger, Vandløb;Ja;Miljøstyrelsen;https://vanda.miljoeportal.dk/link/4823c25c-560d-4149-985a-4e9b53c9e577;FRB1324;32;699103;6204768;1;31-03-2009 08:10:00 +02:00;;Temperatur; =;4,9;grader C;3
Station;49000061;ÆBELHOLT Å, SØSTERBRO MØLLE;32;699103;6204768;Hillerød;Region Hovedstaden;Vandløb;Poel Å;09-10-2002;1;Feltmålinger, Vandløb;Ja;Miljøstyrelsen;https://vanda.miljoeportal.dk/link/dfbb6aeb-c8eb-40c0-aac2-36ef87cbce0e;FRB1324;32;699103;6204768;1;09-10-2002 07:50:00 +02:00;;Temperatur; =;8,3;grader C;3
Station;49000061;ÆBELHOLT Å, SØSTERBRO MØLLE;32;699103;6204768;Hillerød;Region Hovedstaden;Vandløb;Poel Å;26-03-2020;1;Feltmålinger, Vandløb;Ja;Miljøstyrelsen;https://vanda.miljoeportal.dk/link/ec403f53-40cf-4ee3-9530-da1d3b7a444e;FRB1324;32;699103;6204768;1;26-03-2020 12:45:00 +01:00;;Temperatur; =;7,9;grader C;2
Station;49000061;ÆBELHOLT Å, SØSTERBRO MØLLE;32;699103;6204768;Hillerød;Region Hovedstaden;Vandløb;Poel Å;26-06-2012;1;Feltmålinger, Vandløb;Ja;Miljøstyrelsen;https://vanda.miljoeportal.dk/link/896115ba-0334-4c17-a186-2b0cf276aaa5;FRB1324;32;699103;6204768;1;26-06-2012 07:35:00 +02:00;;Temperatur; =;12,4;grader C;3
Station;49000061;ÆBELHOLT Å, SØSTERBRO MØLLE;32;699103;6204768;Hillerød;Region Hovedstaden;Vandløb;Poel Å;14-08-2019;1;Feltmålinger, Vandløb;Ja;Miljøstyrelsen;https://vanda.miljoeportal.dk/link/a861da23-a27b-4643-91bc-57e26fe44a44;FRB1324;32;699103;6204768;1;14-08-2019 12:56:00 +02:00;;Temperatur; =;15,9;grader C;2
Station;49000061;ÆBELHOLT Å, SØSTERBRO MØLLE;32;699103;6204768;Hillerød;Region Hovedstaden;Vandløb;Poel Å;06-03-2018;1;Feltmålinger, Vandløb;Ja;Miljøstyrelsen;https://vanda.miljoeportal.dk/link/6c597347-5f55-4076-adaf-38284d84b89f;FRB1324;32;699103;6204768;1;06-03-2018 09:35:00 +01:00;;Temperatur; =;2;grader C;2
Station;49000061;ÆBELHOLT Å, SØSTERBRO MØLLE;32;699103;6204768;Hillerød;Region Hovedstaden;Vandløb;Poel Å;27-10-2020;1;Feltmålinger, Vandløb;Ja;Miljøstyrelsen;https://vanda.miljoeportal.dk/link/6ec3a0c8-b1ff-4f54-8b2d-852d963493fd;FRB1324;32;699103;6204768;1;27-10-2020 01:50:00 +01:00;;pH; =;8,03;pH;2
Station;49000061;ÆBELHOLT Å, SØSTERBRO MØLLE;32;699103;6204768;Hillerød;Region Hovedstaden;Vandløb;Poel Å;07-02-2012;1;Feltmålinger, Vandløb;Ja;Miljøstyrelsen;https://vanda.miljoeportal.dk/link/ecb3fbc5-e202-46a5-802a-fc4443fda51d;FRB1324;32;699103;6204768;1;07-02-2012 08:35:00 +01:00;;pH; =;7,6;pH;3
Station;49000061;ÆBELHOLT Å, SØSTERBRO MØLLE;32;699103;6204768;Hillerød;Region Hovedstaden;Vandløb;Poel Å;23-05-2006;1;Feltmålinger, Vandløb;Ja;Miljøstyrelsen;https://vanda.miljoeportal.dk/link/645287e3-7ac4-4ef5-8a30-e2dfdb2a22f9;FRB1324;32;699103;6204768;1;23-05-2006 08:45:00 +02:00;;Temperatur; =;10,4;grader C;2
Station;49000061;ÆBELHOLT Å, SØSTERBRO MØLLE;32;699103;6204768;Hillerød;Region Hovedstaden;Vandløb;Poel Å;28-05-2003;1;Feltmålinger, Vandløb;Ja;Miljøstyrelsen;https://vanda.miljoeportal.dk/link/21f75a07-b4a0-4fb0-a228-c9502ffd617a;FRB1324;32;699103;6204768;1;28-05-2003 11:34:00 +02:00;;Oxygen indhold; =;12;mg/l;3
Station;49000061;ÆBELHOLT Å, SØSTERBRO MØLLE;32;699103;6204768;Hillerød;Region Hovedstaden;Vandløb;Poel Å;10-08-2004;1;Feltmålinger, Vandløb;Ja;Miljøstyrelsen;https://vanda.miljoeportal.dk/link/9a65bb89-702e-4276-87ef-7af14be3e652;FRB1324;32;699103;6204768;1;10-08-2004 09:00:00 +02:00;;Oxygen indhold; =;9,8;mg/l;3
Station;49000061;ÆBELHOLT Å, SØSTERBRO MØLLE;32;699103;6204768;Hillerød;Region Hovedstaden;Vandløb;Poel Å;17-01-2006;1;Feltmålinger, Vandløb;Ja;Miljøstyrelsen;https://vanda.miljoeportal.dk/link/b0400dd7-63df-4e13-b8df-f55b4c548959;FRB1324;32;699103;6204768;1;17-01-2006 08:50:00 +01:00;;Oxygenmætning; =;84;pct;2
Station;49000061;ÆBELHOLT Å, SØSTERBRO MØLLE;32;699103;6204768;Hillerød;Region Hovedstaden;Vandløb;Poel Å;17-01-2006;1;Feltmålinger, Vandløb;Ja;Miljøstyrelsen;https://vanda.miljoeportal.dk/link/b0400dd7-63df-4e13-b8df-f55b4c548959;FRB1324;32;699103;6204768;1;17-01-2006 08:50:00 +01:00;;Oxygen indhold; =;11,5;mg/l;2
Station;49000061;ÆBELHOLT Å, SØSTERBRO MØLLE;32;699103;6204768;Hillerød;Region Hovedstaden;Vandløb;Poel Å;11-03-2021;1;Feltmålinger, Vandløb;Ja;Miljøstyrelsen;https://vanda.miljoeportal.dk/link/fbb855d9-990e-4a5e-aefa-4cfb7f24aa04;FRB1324;32;699103;6204768;1;11-03-2021 12:04:00 +01:00;;Temperatur; =;3,6;grader C;2
Station;49000061;ÆBELHOLT Å, SØSTERBRO MØLLE;32;699103;6204768;Hillerød;Region Hovedstaden;Vandløb;Poel Å;06-03-2003;1;Feltmålinger, Vandløb;Ja;Miljøstyrelsen;https://vanda.miljoeportal.dk/link/c9b9ad2e-a3a8-4fca-bfa6-eb5d6475a163;FRB1324;32;699103;6204768;1;06-03-2003 12:25:00 +01:00;;Oxygenmætning; =;73;pct;3
Station;49000061;ÆBELHOLT Å, SØSTERBRO MØLLE;32;699103;6204768;Hillerød;Region Hovedstaden;Vandløb;Poel Å;23-05-2006;1;Feltmålinger, Vandløb;Ja;Miljøstyrelsen;https://vanda.miljoeportal.dk/link/645287e3-7ac4-4ef5-8a30-e2dfdb2a22f9;FRB1324;32;699103;6204768;1;23-05-2006 08:45:00 +02:00;;Oxygenmætning; =;79;pct;2
Station;49000061;ÆBELHOLT Å, SØSTERBRO MØLLE;32;699103;6204768;Hillerød;Region Hovedstaden;Vandløb;Poel Å;21-01-2020;1;Feltmålinger, Vandløb;Ja;Miljøstyrelsen;https://vanda.miljoeportal.dk/link/a7dc2076-778f-4cf2-8ab3-447cac4ed07d;FRB1324;32;699103;6204768;1;21-01-2020 06:26:00 +01:00;;Temperatur; =;6,7;grader C;2
Station;49000061;ÆBELHOLT Å, SØSTERBRO MØLLE;32;699103;6204768;Hillerød;Region Hovedstaden;Vandløb;Poel Å;06-04-2017;1;Feltmålinger, Vandløb;Ja;Miljøstyrelsen;https://vanda.miljoeportal.dk/link/7b3b2d23-c0fa-45e2-b14e-081b04459351;FRB1324;32;699103;6204768;1;06-04-2017 07:35:00 +02:00;;Temperatur; =;6,2;grader C;2
Station;49000061;ÆBELHOLT Å, SØSTERBRO MØLLE;32;699103;6204768;Hillerød;Region Hovedstaden;Vandløb;Poel Å;23-10-2002;1;Feltmålinger, Vandløb;Ja;Miljøstyrelsen;https://vanda.miljoeportal.dk/link/9f207767-2b8d-41b0-93cf-f4f95410aae5;FRB1324;32;699103;6204768;1;23-10-2002 08:50:00 +02:00;;Oxygen indhold; =;7,5;mg/l;3
Station;49000061;ÆBELHOLT Å, SØSTERBRO MØLLE;32;699103;6204768;Hillerød;Region Hovedstaden;Vandløb;Poel Å;29-05-2013;1;Feltmålinger, Vandløb;Ja;Miljøstyrelsen;https://vanda.miljoeportal.dk/link/bfbbf98b-6dd2-4260-afed-cc3f2515193d;FRB1324;32;699103;6204768;1;29-05-2013 08:30:00 +02:00;;pH; =;7,9;pH;3
Station;49000061;ÆBELHOLT Å, SØSTERBRO MØLLE;32;699103;6204768;Hillerød;Region Hovedstaden;Vandløb;Poel Å;21-10-2004;1;Feltmålinger, Vandløb;Ja;Miljøstyrelsen;https://vanda.miljoeportal.dk/link/588596e8-40fc-4657-8717-046855d0461a;FRB1324;32;699103;6204768;1;21-10-2004 00:00:00 +02:00;;Oxygen indhold; =;7,8;mg/l;3
Station;49000061;ÆBELHOLT Å, SØSTERBRO MØLLE;32;699103;6204768;Hillerød;Region Hovedstaden;Vandløb;Poel Å;29-10-2013;1;Feltmålinger, Vandløb;Ja;Miljøstyrelsen;https://vanda.miljoeportal.dk/link/e88c3bea-64f2-4cd8-bf8c-7d92a91369d7;FRB1324;32;699103;6204768;1;29-10-2013 08:20:00 +01:00;;Temperatur; =;9,6;grader C;3
Station;49000061;ÆBELHOLT Å, SØSTERBRO MØLLE;32;699103;6204768;Hillerød;Region Hovedstaden;Vandløb;Poel Å;11-01-2011;1;Feltmålinger, Vandløb;Ja;Miljøstyrelsen;https://vanda.miljoeportal.dk/link/85b8502c-e8bc-4b85-a356-54b984ad7d9b;FRB1324;32;699103;6204768;1;11-01-2011 08:30:00 +01:00;;pH; =;7,5;pH;3
Station;49000061;ÆBELHOLT Å, SØSTERBRO MØLLE;32;699103;6204768;Hillerød;Region Hovedstaden;Vandløb;Poel Å;30-08-2011;1;Feltmålinger, Vandløb;Ja;Miljøstyrelsen;https://vanda.miljoeportal.dk/link/ea08fc45-af1f-4e7a-90ba-0d9d730c00b7;FRB1324;32;699103;6204768;1;30-08-2011 08:40:00 +02:00;;pH; =;7,3;pH;3
Station;49000061;ÆBELHOLT Å, SØSTERBRO MØLLE;32;699103;6204768;Hillerød;Region Hovedstaden;Vandløb;Poel Å;23-10-2018;1;Feltmålinger, Vandløb;Ja;Miljøstyrelsen;https://vanda.miljoeportal.dk/link/c8ce902d-6a1f-481a-b776-be916399f308;FRB1324;32;699103;6204768;1;23-10-2018 09:45:00 +02:00;;pH; =;7,9;pH;2
Station;49000061;ÆBELHOLT Å, SØSTERBRO MØLLE;32;699103;6204768;Hillerød;Region Hovedstaden;Vandløb;Poel Å;09-04-2018;1;Feltmålinger, Vandløb;Ja;Miljøstyrelsen;https://vanda.miljoeportal.dk/link/c29bd4fa-3935-4fe1-b0ac-70e04fa4f8f3;FRB1324;32;699103;6204768;1;09-04-2018 09:00:00 +02:00;;pH; =;7,7;pH;2
Station;49000061;ÆBELHOLT Å, SØSTERBRO MØLLE;32;699103;6204768;Hillerød;Region Hovedstaden;Vandløb;Poel Å;26-06-2013;1;Feltmålinger, Vandløb;Ja;Miljøstyrelsen;https://vanda.miljoeportal.dk/link/5dd2c359-ec54-4647-b01c-28d12102937c;FRB1324;32;699103;6204768;1;26-06-2013 08:20:00 +02:00;;Temperatur; =;12,9;grader C;3
Station;49000061;ÆBELHOLT Å, SØSTERBRO MØLLE;32;699103;6204768;Hillerød;Region Hovedstaden;Vandløb;Poel Å;14-09-2006;1;Feltmålinger, Vandløb;Ja;Miljøstyrelsen;https://vanda.miljoeportal.dk/link/c55a5895-3495-4b6c-93af-2a76252b0497;FRB1324;32;699103;6204768;1;14-09-2006 08:35:00 +02:00;;Oxygen indhold; =;7,8;mg/l;2
Station;49000061;ÆBELHOLT Å, SØSTERBRO MØLLE;32;699103;6204768;Hillerød;Region Hovedstaden;Vandløb;Poel Å;07-07-2009;1;Feltmålinger, Vandløb;Ja;Miljøstyrelsen;https://vanda.miljoeportal.dk/link/2b52313a-31d9-4d14-85bb-3a54191e43f4;FRB1324;32;699103;6204768;1;07-07-2009 09:40:00 +02:00;;Temperatur; =;14,6;grader C;3
Station;49000061;ÆBELHOLT Å, SØSTERBRO MØLLE;32;699103;6204768;Hillerød;Region Hovedstaden;Vandløb;Poel Å;08-06-2011;1;Feltmålinger, Vandløb;Ja;Miljøstyrelsen;https://vanda.miljoeportal.dk/link/d2dcca33-021f-4496-811b-3bd97dd9c9ed;FRB1324;32;699103;6204768;1;08-06-2011 08:50:00 +02:00;;pH; =;7,7;pH;3
Station;49000061;ÆBELHOLT Å, SØSTERBRO MØLLE;32;699103;6204768;Hillerød;Region Hovedstaden;Vandløb;Poel Å;09-03-2004;1;Feltmålinger, Vandløb;Ja;Miljøstyrelsen;https://vanda.miljoeportal.dk/link/b93bfc8f-97dc-4a34-9b66-2ec425190541;FRB1324;32;699103;6204768;1;09-03-2004 08:15:00 +01:00;;Oxygen indhold; =;13,2;mg/l;3
Station;49000061;ÆBELHOLT Å, SØSTERBRO MØLLE;32;699103;6204768;Hillerød;Region Hovedstaden;Vandløb;Poel Å;13-11-2012;1;Feltmålinger, Vandløb;Ja;Miljøstyrelsen;https://vanda.miljoeportal.dk/link/cb9278d7-5793-49c2-ab65-7950b717c572;FRB1324;32;699103;6204768;1;13-11-2012 07:20:00 +01:00;;pH; =;7,8;pH;3
Station;49000061;ÆBELHOLT Å, SØSTERBRO MØLLE;32;699103;6204768;Hillerød;Region Hovedstaden;Vandløb;Poel Å;20-11-2002;1;Feltmålinger, Vandløb;Ja;Miljøstyrelsen;https://vanda.miljoeportal.dk/link/14b6016f-f94e-4df1-b47e-1fcb0f36e18a;FRB1324;32;699103;6204768;1;20-11-2002 10:05:00 +01:00;;Oxygenmætning; =;84;pct;3
Station;49000061;ÆBELHOLT Å, SØSTERBRO MØLLE;32;699103;6204768;Hillerød;Region Hovedstaden;Vandløb;Poel Å;27-02-2020;1;Feltmålinger, Vandløb;Ja;Miljøstyrelsen;https://vanda.miljoeportal.dk/link/4a76b4e9-4c2d-4ee5-aee1-2f49ff0469b2;FRB1324;32;699103;6204768;1;27-02-2020 15:20:00 +01:00;;Temperatur; =;4,4;grader C;2
Station;49000061;ÆBELHOLT Å, SØSTERBRO MØLLE;32;699103;6204768;Hillerød;Region Hovedstaden;Vandløb;Poel Å;23-07-2015;1;Feltmålinger, Vandløb;Ja;Miljøstyrelsen;https://vanda.miljoeportal.dk/link/97d17dec-ab04-47c2-8ec7-5b4ed4fdb129;FRB1324;32;699103;6204768;1;23-07-2015 10:15:00 +02:00;;Temperatur; =;15,1;grader C;2
Station;49000061;ÆBELHOLT Å, SØSTERBRO MØLLE;32;699103;6204768;Hillerød;Region Hovedstaden;Vandløb;Poel Å;22-02-2011;1;Feltmålinger, Vandløb;Ja;Miljøstyrelsen;https://vanda.miljoeportal.dk/link/471779b9-fe9a-4606-9abe-4f35edc9619c;FRB1324;32;699103;6204768;1;22-02-2011 08:40:00 +01:00;;Temperatur; =;0,7;grader C;3
Station;49000061;ÆBELHOLT Å, SØSTERBRO MØLLE;32;699103;6204768;Hillerød;Region Hovedstaden;Vandløb;Poel Å;09-05-2006;1;Feltmålinger, Vandløb;Ja;Miljøstyrelsen;https://vanda.miljoeportal.dk/link/ad2d7d91-31f0-4b9b-9523-799666a54217;FRB1324;32;699103;6204768;1;09-05-2006 08:45:00 +02:00;;Temperatur; =;8,8;grader C;2
Station;49000061;ÆBELHOLT Å, SØSTERBRO MØLLE;32;699103;6204768;Hillerød;Region Hovedstaden;Vandløb;Poel Å;08-10-2013;1;Feltmålinger, Vandløb;Ja;Miljøstyrelsen;https://vanda.miljoeportal.dk/link/439459b4-f57a-4404-88c6-5d11239867f2;FRB1324;32;699103;6204768;1;08-10-2013 08:00:00 +02:00;;Temperatur; =;9,4;grader C;3
Station;49000061;ÆBELHOLT Å, SØSTERBRO MØLLE;32;699103;6204768;Hillerød;Region Hovedstaden;Vandløb;Poel Å;06-05-2004;1;Feltmålinger, Vandløb;Ja;Miljøstyrelsen;https://vanda.miljoeportal.dk/link/5168236a-27b6-4448-ac96-b258316081cb;FRB1324;32;699103;6204768;1;06-05-2004 14:30:00 +02:00;;Oxygen indhold; =;13,6;mg/l;3
Station;49000061;ÆBELHOLT Å, SØSTERBRO MØLLE;32;699103;6204768;Hillerød;Region Hovedstaden;Vandløb;Poel Å;14-10-2014;1;Feltmålinger, Vandløb;Ja;Miljøstyrelsen;https://vanda.miljoeportal.dk/link/7fd86d66-1b66-46af-aa28-b4571df7d904;FRB1324;32;699103;6204768;1;14-10-2014 08:15:00 +02:00;;pH; =;7,8;pH;3
Station;49000061;ÆBELHOLT Å, SØSTERBRO MØLLE;32;699103;6204768;Hillerød;Region Hovedstaden;Vandløb;Poel Å;30-09-2020;1;Feltmålinger, Vandløb;Ja;Miljøstyrelsen;https://vanda.miljoeportal.dk/link/f63ebb47-809e-49c2-8419-70a2c35f16c5;FRB1324;32;699103;6204768;1;30-09-2020 12:35:00 +02:00;;Temperatur; =;13,1;grader C;2
Station;49000061;ÆBELHOLT Å, SØSTERBRO MØLLE;32;699103;6204768;Hillerød;Region Hovedstaden;Vandløb;Poel Å;07-02-2018;1;Feltmålinger, Vandløb;Ja;Miljøstyrelsen;https://vanda.miljoeportal.dk/link/d8210c9a-4063-47ea-80e9-98b9524c14e7;FRB1324;32;699103;6204768;1;07-02-2018 09:25:00 +01:00;;pH; =;7,5;pH;2
Station;49000061;ÆBELHOLT Å, SØSTERBRO MØLLE;32;699103;6204768;Hillerød;Region Hovedstaden;Vandløb;Poel Å;08-10-2018;1;Feltmålinger, Vandløb;Ja;Miljøstyrelsen;https://vanda.miljoeportal.dk/link/13d41248-3d83-4da1-a98c-aab771cdb53d;FRB1324;32;699103;6204768;1;08-10-2018 09:00:00 +02:00;;pH; =;8,1;pH;2
Station;49000061;ÆBELHOLT Å, SØSTERBRO MØLLE;32;699103;6204768;Hillerød;Region Hovedstaden;Vandløb;Poel Å;28-05-2003;1;Feltmålinger, Vandløb;Ja;Miljøstyrelsen;https://vanda.miljoeportal.dk/link/21f75a07-b4a0-4fb0-a228-c9502ffd617a;FRB1324;32;699103;6204768;1;28-05-2003 11:34:00 +02:00;;Oxygenmætning; =;112;pct;3
Station;49000061;ÆBELHOLT Å, SØSTERBRO MØLLE;32;699103;6204768;Hillerød;Region Hovedstaden;Vandløb;Poel Å;29-09-2014;1;Feltmålinger, Vandløb;Ja;Miljøstyrelsen;https://vanda.miljoeportal.dk/link/959f2d51-a0cb-4b66-9f28-9de4c7073852;FRB1324;32;699103;6204768;1;29-09-2014 09:55:00 +02:00;;pH; =;8,1;pH;3
Station;49000061;ÆBELHOLT Å, SØSTERBRO MØLLE;32;699103;6204768;Hillerød;Region Hovedstaden;Vandløb;Poel Å;16-10-2003;1;Feltmålinger, Vandløb;Ja;Miljøstyrelsen;https://vanda.miljoeportal.dk/link/7986e352-5c84-49a0-b020-76cb3923d2e2;FRB1324;32;699103;6204768;1;16-10-2003 08:10:00 +02:00;;Temperatur; =;4,2;grader C;2
Station;49000061;ÆBELHOLT Å, SØSTERBRO MØLLE;32;699103;6204768;Hillerød;Region Hovedstaden;Vandløb;Poel Å;26-01-2010;1;Feltmålinger, Vandløb;Ja;Miljøstyrelsen;https://vanda.miljoeportal.dk/link/8428f5e6-1247-4c73-bde7-9814eefdf2f2;FRB1324;32;699103;6204768;1;26-01-2010 07:50:00 +01:00;;Temperatur; =;0,1;grader C;3
Station;49000061;ÆBELHOLT Å, SØSTERBRO MØLLE;32;699103;6204768;Hillerød;Region Hovedstaden;Vandløb;Poel Å;04-12-2007;1;Feltmålinger, Vandløb;Ja;Miljøstyrelsen;https://vanda.miljoeportal.dk/link/eba74fa5-7b46-44df-abfd-6f4b645cf73e;FRB1324;32;699103;6204768;1;04-12-2007 08:30:00 +01:00;;Temperatur; =;8,1;grader C;3
Station;49000061;ÆBELHOLT Å, SØSTERBRO MØLLE;32;699103;6204768;Hillerød;Region Hovedstaden;Vandløb;Poel Å;02-05-2013;1;Feltmålinger, Vandløb;Ja;Miljøstyrelsen;https://vanda.miljoeportal.dk/link/cd75a2d5-9024-461e-9dd2-5cc85e31137a;FRB1324;32;699103;6204768;1;02-05-2013 08:20:00 +02:00;;Temperatur; =;6,2;grader C;3
Station;49000061;ÆBELHOLT Å, SØSTERBRO MØLLE;32;699103;6204768;Hillerød;Region Hovedstaden;Vandløb;Poel Å;04-12-2013;1;Feltmålinger, Vandløb;Ja;Miljøstyrelsen;https://vanda.miljoeportal.dk/link/10ece590-e297-4104-a859-91a2dd14209b;FRB1324;32;699103;6204768;1;04-12-2013 08:20:00 +01:00;;Temperatur; =;6,9;grader C;3
Station;49000061;ÆBELHOLT Å, SØSTERBRO MØLLE;32;699103;6204768;Hillerød;Region Hovedstaden;Vandløb;Poel Å;28-07-2004;1;Feltmålinger, Vandløb;Ja;Miljøstyrelsen;https://vanda.miljoeportal.dk/link/1790730e-6855-4a7a-8703-6f0a0df32de4;FRB1324;32;699103;6204768;1;28-07-2004 12:05:00 +02:00;;Temperatur; =;12,6;grader C;3
Station;49000061;ÆBELHOLT Å, SØSTERBRO MØLLE;32;699103;6204768;Hillerød;Region Hovedstaden;Vandløb;Poel Å;21-03-2013;1;Feltmålinger, Vandløb;Ja;Miljøstyrelsen;https://vanda.miljoeportal.dk/link/b2e7c275-b6c2-4804-8720-e01993bbddec;FRB1324;32;699103;6204768;1;21-03-2013 07:50:00 +01:00;;Temperatur; =;1;grader C;3
Station;49000061;ÆBELHOLT Å, SØSTERBRO MØLLE;32;699103;6204768;Hillerød;Region Hovedstaden;Vandløb;Poel Å;07-03-2019;1;Feltmålinger, Vandløb;Ja;Miljøstyrelsen;https://vanda.miljoeportal.dk/link/2665772d-3478-42bb-b29f-b50a0285c892;FRB1324;32;699103;6204768;1;07-03-2019 14:00:00 +01:00;;pH; =;7,6;pH;2
Station;49000061;ÆBELHOLT Å, SØSTERBRO MØLLE;32;699103;6204768;Hillerød;Region Hovedstaden;Vandløb;Poel Å;09-03-2004;1;Feltmålinger, Vandløb;Ja;Miljøstyrelsen;https://vanda.miljoeportal.dk/link/b93bfc8f-97dc-4a34-9b66-2ec425190541;FRB1324;32;699103;6204768;1;09-03-2004 08:15:00 +01:00;;Temperatur; =;2,5;grader C;3
Station;49000061;ÆBELHOLT Å, SØSTERBRO MØLLE;32;699103;6204768;Hillerød;Region Hovedstaden;Vandløb;Poel Å;18-08-2016;1;Feltmålinger, Vandløb;Ja;Miljøstyrelsen;https://vanda.miljoeportal.dk/link/d2b2998d-0c16-4198-8733-2619c45d61ae;FRB1324;32;699103;6204768;1;18-08-2016 07:40:00 +02:00;;pH; =;8,2;pH;3
Station;49000061;ÆBELHOLT Å, SØSTERBRO MØLLE;32;699103;6204768;Hillerød;Region Hovedstaden;Vandløb;Poel Å;03-08-2005;1;Feltmålinger, Vandløb;Ja;Miljøstyrelsen;https://vanda.miljoeportal.dk/link/0a5bcd1c-abba-422c-b27d-5c8ab0d52a48;FRB1324;32;699103;6204768;1;03-08-2005 11:05:00 +02:00;;Oxygen indhold; =;9,2;mg/l;3
Station;49000061;ÆBELHOLT Å, SØSTERBRO MØLLE;32;699103;6204768;Hillerød;Region Hovedstaden;Vandløb;Poel Å;19-08-2014;1;Feltmålinger, Vandløb;Ja;Miljøstyrelsen;https://vanda.miljoeportal.dk/link/fc1f9306-3316-4314-92e9-c739c63262d5;FRB1324;32;699103;6204768;1;19-08-2014 07:45:00 +02:00;;pH; =;7,9;pH;3
Station;49000061;ÆBELHOLT Å, SØSTERBRO MØLLE;32;699103;6204768;Hillerød;Region Hovedstaden;Vandløb;Poel Å;28-09-2005;1;Feltmålinger, Vandløb;Ja;Miljøstyrelsen;https://vanda.miljoeportal.dk/link/5162bdc1-3a7a-4fca-8350-ee0d3023b873;FRB1324;32;699103;6204768;1;28-09-2005 10:30:00 +02:00;;Oxygenmætning; =;85;pct;3
Station;49000061;ÆBELHOLT Å, SØSTERBRO MØLLE;32;699103;6204768;Hillerød;Region Hovedstaden;Vandløb;Poel Å;17-11-2020;1;Feltmålinger, Vandløb;Ja;Miljøstyrelsen;https://vanda.miljoeportal.dk/link/5e03fd1c-ce97-4651-8ec6-851f48ff51c6;FRB1324;32;699103;6204768;1;17-11-2020 15:48:00 +01:00;;Temperatur; =;10,1;grader C;2
Station;49000061;ÆBELHOLT Å, SØSTERBRO MØLLE;32;699103;6204768;Hillerød;Region Hovedstaden;Vandløb;Poel Å;14-01-2016;1;Feltmålinger, Vandløb;Ja;Miljøstyrelsen;https://vanda.miljoeportal.dk/link/47a24696-07fa-4731-b2da-6650b4129d74;FRB1324;32;699103;6204768;1;14-01-2016 09:10:00 +01:00;;Temperatur; =;2,3;grader C;3
Station;49000061;ÆBELHOLT Å, SØSTERBRO MØLLE;32;699103;6204768;Hillerød;Region Hovedstaden;Vandløb;Poel Å;08-08-2023;1;Feltmålinger, Vandløb;Ja;Miljøstyrelsen;https://vanda.miljoeportal.dk/link/1da813f7-e88e-46a6-8db1-3c642ee0e1ed;NST1324;32;699202;6204602;1;08-08-2023 09:43:00 +02:00;;pH; =;7,72;pH;2
Station;49000061;ÆBELHOLT Å, SØSTERBRO MØLLE;32;699103;6204768;Hillerød;Region Hovedstaden;Vandløb;Poel Å;31-01-2006;1;Feltmålinger, Vandløb;Ja;Miljøstyrelsen;https://vanda.miljoeportal.dk/link/439c38d2-44a4-4b5c-8770-a265d333b641;FRB1324;32;699103;6204768;1;31-01-2006 08:55:00 +01:00;;Oxygen indhold; =;12,3;mg/l;2
Station;49000061;ÆBELHOLT Å, SØSTERBRO MØLLE;32;699103;6204768;Hillerød;Region Hovedstaden;Vandløb;Poel Å;16-10-2003;1;Feltmålinger, Vandløb;Ja;Miljøstyrelsen;https://vanda.miljoeportal.dk/link/7986e352-5c84-49a0-b020-76cb3923d2e2;FRB1324;32;699103;6204768;1;16-10-2003 08:10:00 +02:00;;Oxygenmætning; =;81;pct;2
Station;49000061;ÆBELHOLT Å, SØSTERBRO MØLLE;32;699103;6204768;Hillerød;Region Hovedstaden;Vandløb;Poel Å;20-02-2020;1;Feltmålinger, Vandløb;Ja;Miljøstyrelsen;https://vanda.miljoeportal.dk/link/d63147ec-4147-4c93-b259-c902c6e61996;FRB1324;32;699103;6204768;1;20-02-2020 11:30:00 +01:00;;Temperatur; =;5,6;grader C;2
Station;49000061;ÆBELHOLT Å, SØSTERBRO MØLLE;32;699103;6204768;Hillerød;Region Hovedstaden;Vandløb;Poel Å;12-06-2003;1;Feltmålinger, Vandløb;Ja;Miljøstyrelsen;https://vanda.miljoeportal.dk/link/1158d841-6529-4263-b45f-c058edc0db96;FRB1324;32;699103;6204768;1;12-06-2003 12:46:00 +02:00;;Temperatur; =;16,5;grader C;3
Station;49000061;ÆBELHOLT Å, SØSTERBRO MØLLE;32;699103;6204768;Hillerød;Region Hovedstaden;Vandløb;Poel Å;30-11-2015;1;Feltmålinger, Vandløb;Ja;Miljøstyrelsen;https://vanda.miljoeportal.dk/link/36a5396c-3365-4f7c-8cf8-c86954e6ca60;FRB1324;32;699103;6204768;1;30-11-2015 07:40:00 +01:00;;Temperatur; =;5,6;grader C;2
Station;49000061;ÆBELHOLT Å, SØSTERBRO MØLLE;32;699103;6204768;Hillerød;Region Hovedstaden;Vandløb;Poel Å;08-06-2017;1;Feltmålinger, Vandløb;Ja;Miljøstyrelsen;https://vanda.miljoeportal.dk/link/69d0345e-de6e-4598-bec2-aa109a1d8bc5;FRB1324;32;699103;6204768;1;08-06-2017 08:50:00 +02:00;;pH; =;7,8;pH;2
Station;49000061;ÆBELHOLT Å, SØSTERBRO MØLLE;32;699103;6204768;Hillerød;Region Hovedstaden;Vandløb;Poel Å;23-10-2002;1;Feltmålinger, Vandløb;Ja;Miljøstyrelsen;https://vanda.miljoeportal.dk/link/9f207767-2b8d-41b0-93cf-f4f95410aae5;FRB1324;32;699103;6204768;1;23-10-2002 08:50:00 +02:00;;Oxygenmætning; =;67;pct;3
Station;49000061;ÆBELHOLT Å, SØSTERBRO MØLLE;32;699103;6204768;Hillerød;Region Hovedstaden;Vandløb;Poel Å;05-02-2020;1;Feltmålinger, Vandløb;Ja;Miljøstyrelsen;https://vanda.miljoeportal.dk/link/6be7f820-a804-45d8-865d-2c0a2e543743;FRB1324;32;699103;6204768;1;05-02-2020 12:45:00 +01:00;;Temperatur; =;5,1;grader C;2
Station;49000061;ÆBELHOLT Å, SØSTERBRO MØLLE;32;699103;6204768;Hillerød;Region Hovedstaden;Vandløb;Poel Å;13-11-2014;1;Feltmålinger, Vandløb;Ja;Miljøstyrelsen;https://vanda.miljoeportal.dk/link/05655567-836a-4264-91af-50650977fac2;FRB1324;32;699103;6204768;1;13-11-2014 07:45:00 +01:00;;pH; =;7,8;pH;3
Station;49000061;ÆBELHOLT Å, SØSTERBRO MØLLE;32;699103;6204768;Hillerød;Region Hovedstaden;Vandløb;Poel Å;11-09-2012;1;Feltmålinger, Vandløb;Ja;Miljøstyrelsen;https://vanda.miljoeportal.dk/link/64145329-d057-4b90-a058-c7e1ca4fcaf7;FRB1324;32;699103;6204768;1;11-09-2012 07:40:00 +02:00;;Temperatur; =;13,5;grader C;3
Station;49000061;ÆBELHOLT Å, SØSTERBRO MØLLE;32;699103;6204768;Hillerød;Region Hovedstaden;Vandløb;Poel Å;06-05-2004;1;Feltmålinger, Vandløb;Ja;Miljøstyrelsen;https://vanda.miljoeportal.dk/link/5168236a-27b6-4448-ac96-b258316081cb;FRB1324;32;699103;6204768;1;06-05-2004 14:30:00 +02:00;;Oxygenmætning; =;139;pct;3
Station;49000061;ÆBELHOLT Å, SØSTERBRO MØLLE;32;699103;6204768;Hillerød;Region Hovedstaden;Vandløb;Poel Å;04-09-2003;1;Feltmålinger, Vandløb;Ja;Miljøstyrelsen;https://vanda.miljoeportal.dk/link/b26cf14b-753d-40eb-a684-ed7d9991f56a;FRB1324;32;699103;6204768;1;04-09-2003 09:30:00 +02:00;;Oxygen indhold; =;9,8;mg/l;3
Station;49000061;ÆBELHOLT Å, SØSTERBRO MØLLE;32;699103;6204768;Hillerød;Region Hovedstaden;Vandløb;Poel Å;03-04-2003;1;Feltmålinger, Vandløb;Ja;Miljøstyrelsen;https://vanda.miljoeportal.dk/link/41cf86a8-7085-42fc-83a4-5da04380e410;FRB1324;32;699103;6204768;1;03-04-2003 12:35:00 +02:00;;Oxygen indhold; =;13;mg/l;3
Station;49000061;ÆBELHOLT Å, SØSTERBRO MØLLE;32;699103;6204768;Hillerød;Region Hovedstaden;Vandløb;Poel Å;19-09-2017;1;Feltmålinger, Vandløb;Ja;Miljøstyrelsen;https://vanda.miljoeportal.dk/link/fa65cf7a-ffa1-4a25-95d2-f8c0c2e4dc40;FRB1324;32;699103;6204768;1;19-09-2017 08:55:00 +02:00;;Temperatur; =;10,7;grader C;2
Station;49000061;ÆBELHOLT Å, SØSTERBRO MØLLE;32;699103;6204768;Hillerød;Region Hovedstaden;Vandløb;Poel Å;13-06-2018;1;Feltmålinger, Vandløb;Ja;Miljøstyrelsen;https://vanda.miljoeportal.dk/link/4dbcbe07-56bd-46a4-acf8-98f1159dc4fa;FRB1324;32;699103;6204768;1;13-06-2018 08:30:00 +02:00;;Temperatur; =;14;grader C;2
Station;49000061;ÆBELHOLT Å, SØSTERBRO MØLLE;32;699103;6204768;Hillerød;Region Hovedstaden;Vandløb;Poel Å;25-09-2002;1;Feltmålinger, Vandløb;Ja;Miljøstyrelsen;https://vanda.miljoeportal.dk/link/46b03649-2bcb-45e4-972c-07c466032103;FRB1324;32;699103;6204768;1;25-09-2002 07:10:00 +02:00;;Temperatur; =;11;grader C;3
Station;49000061;ÆBELHOLT Å, SØSTERBRO MØLLE;32;699103;6204768;Hillerød;Region Hovedstaden;Vandløb;Poel Å;21-01-2020;1;Feltmålinger, Vandløb;Ja;Miljøstyrelsen;https://vanda.miljoeportal.dk/link/a7dc2076-778f-4cf2-8ab3-447cac4ed07d;FRB1324;32;699103;6204768;1;21-01-2020 06:26:00 +01:00;;pH; =;8,1;pH;2
Station;49000061;ÆBELHOLT Å, SØSTERBRO MØLLE;32;699103;6204768;Hillerød;Region Hovedstaden;Vandløb;Poel Å;22-11-2011;1;Feltmålinger, Vandløb;Ja;Miljøstyrelsen;https://vanda.miljoeportal.dk/link/4eb273b3-9a3f-40c8-923d-d5ec06f23b69;FRB1324;32;699103;6204768;1;22-11-2011 08:35:00 +01:00;;Temperatur; =;7,5;grader C;3
Station;49000061;ÆBELHOLT Å, SØSTERBRO MØLLE;32;699103;6204768;Hillerød;Region Hovedstaden;Vandløb;Poel Å;14-01-2015;1;Feltmålinger, Vandløb;Ja;Miljøstyrelsen;https://vanda.miljoeportal.dk/link/7ee2e236-3403-4ae5-ab25-7d7de3cf4301;FRB1324;32;699103;6204768;1;14-01-2015 11:40:00 +01:00;;pH; =;7,7;pH;2
Station;49000061;ÆBELHOLT Å, SØSTERBRO MØLLE;32;699103;6204768;Hillerød;Region Hovedstaden;Vandløb;Poel Å;28-08-2007;1;Feltmålinger, Vandløb;Ja;Miljøstyrelsen;https://vanda.miljoeportal.dk/link/c57c21d8-c6db-4a3a-99fd-d2b3353b5f7a;FRB1324;32;699103;6204768;1;28-08-2007 08:35:00 +02:00;;Temperatur; =;13,9;grader C;3
Station;49000061;ÆBELHOLT Å, SØSTERBRO MØLLE;32;699103;6204768;Hillerød;Region Hovedstaden;Vandløb;Poel Å;28-08-2013;1;Feltmålinger, Vandløb;Ja;Miljøstyrelsen;https://vanda.miljoeportal.dk/link/6c94b1a1-791e-4476-a50d-a690d9ab5955;FRB1324;32;699103;6204768;1;28-08-2013 08:10:00 +02:00;;pH; =;8,2;pH;3
Station;49000061;ÆBELHOLT Å, SØSTERBRO MØLLE;32;699103;6204768;Hillerød;Region Hovedstaden;Vandløb;Poel Å;23-10-2013;1;Feltmålinger, Vandløb;Ja;Miljøstyrelsen;https://vanda.miljoeportal.dk/link/31df5fea-b99a-4159-98bb-1f90c5ce47b1;FRB1324;32;699103;6204768;1;23-10-2013 08:50:00 +02:00;;Temperatur; =;11,4;grader C;3
Station;49000061;ÆBELHOLT Å, SØSTERBRO MØLLE;32;699103;6204768;Hillerød;Region Hovedstaden;Vandløb;Poel Å;23-10-2018;1;Feltmålinger, Vandløb;Ja;Miljøstyrelsen;https://vanda.miljoeportal.dk/link/c8ce902d-6a1f-481a-b776-be916399f308;FRB1324;32;699103;6204768;1;23-10-2018 09:45:00 +02:00;;Temperatur; =;10,1;grader C;2
Station;49000061;ÆBELHOLT Å, SØSTERBRO MØLLE;32;699103;6204768;Hillerød;Region Hovedstaden;Vandløb;Poel Å;17-12-2013;1;Feltmålinger, Vandløb;Ja;Miljøstyrelsen;https://vanda.miljoeportal.dk/link/dac283b3-5a1e-4802-b45a-90227c546322;FRB1324;32;699103;6204768;1;17-12-2013 07:45:00 +01:00;;pH; =;7,7;pH;3
Station;49000061;ÆBELHOLT Å, SØSTERBRO MØLLE;32;699103;6204768;Hillerød;Region Hovedstaden;Vandløb;Poel Å;10-10-2006;1;Feltmålinger, Vandløb;Ja;Miljøstyrelsen;https://vanda.miljoeportal.dk/link/451f0444-b83c-4faf-992d-7d5ab8a7faa0;FRB1324;32;699103;6204768;1;10-10-2006 08:45:00 +02:00;;Oxygenmætning; =;70;pct;2
Station;49000061;ÆBELHOLT Å, SØSTERBRO MØLLE;32;699103;6204768;Hillerød;Region Hovedstaden;Vandløb;Poel Å;23-07-2015;1;Feltmålinger, Vandløb;Ja;Miljøstyrelsen;https://vanda.miljoeportal.dk/link/97d17dec-ab04-47c2-8ec7-5b4ed4fdb129;FRB1324;32;699103;6204768;1;23-07-2015 10:15:00 +02:00;;pH; =;8,3;pH;2
Station;49000061;ÆBELHOLT Å, SØSTERBRO MØLLE;32;699103;6204768;Hillerød;Region Hovedstaden;Vandløb;Poel Å;28-01-2015;1;Feltmålinger, Vandløb;Ja;Miljøstyrelsen;https://vanda.miljoeportal.dk/link/94f15f65-027b-41c5-aace-38ca54bfad4b;FRB1324;32;699103;6204768;1;28-01-2015 11:00:00 +01:00;;Temperatur; =;4,3;grader C;2
Station;49000061;ÆBELHOLT Å, SØSTERBRO MØLLE;32;699103;6204768;Hillerød;Region Hovedstaden;Vandløb;Poel Å;21-02-2017;1;Feltmålinger, Vandløb;Ja;Miljøstyrelsen;https://vanda.miljoeportal.dk/link/de4868f3-4aa2-4287-9d33-7f39f8720471;FRB1324;32;699103;6204768;1;21-02-2017 14:10:00 +01:00;;Temperatur; =;5,9;grader C;2
Station;49000061;ÆBELHOLT Å, SØSTERBRO MØLLE;32;699103;6204768;Hillerød;Region Hovedstaden;Vandløb;Poel Å;05-10-2004;1;Feltmålinger, Vandløb;Ja;Miljøstyrelsen;https://vanda.miljoeportal.dk/link/307bbefd-c39c-4323-8b8b-c807f6e19803;FRB1324;32;699103;6204768;1;05-10-2004 07:55:00 +02:00;;Temperatur; =;11;grader C;3
Station;49000061;ÆBELHOLT Å, SØSTERBRO MØLLE;32;699103;6204768;Hillerød;Region Hovedstaden;Vandløb;Poel Å;16-04-2003;1;Feltmålinger, Vandløb;Ja;Miljøstyrelsen;https://vanda.miljoeportal.dk/link/d4f96a02-40ce-4cf7-812d-dfeae214a0f8;FRB1324;32;699103;6204768;1;16-04-2003 11:45:00 +02:00;;Temperatur; =;8,6;grader C;3
Station;49000061;ÆBELHOLT Å, SØSTERBRO MØLLE;32;699103;6204768;Hillerød;Region Hovedstaden;Vandløb;Poel Å;09-08-2017;1;Feltmålinger, Vandløb;Ja;Miljøstyrelsen;https://vanda.miljoeportal.dk/link/1b4df324-68b3-4c36-a327-6512ffee3bbd;FRB1324;32;699103;6204768;1;09-08-2017 09:05:00 +02:00;;pH; =;8,1;pH;2
Station;49000061;ÆBELHOLT Å, SØSTERBRO MØLLE;32;699103;6204768;Hillerød;Region Hovedstaden;Vandløb;Poel Å;04-09-2003;1;Feltmålinger, Vandløb;Ja;Miljøstyrelsen;https://vanda.miljoeportal.dk/link/b26cf14b-753d-40eb-a684-ed7d9991f56a;FRB1324;32;699103;6204768;1;04-09-2003 09:30:00 +02:00;;Temperatur; =;13;grader C;3
Station;49000061;ÆBELHOLT Å, SØSTERBRO MØLLE;32;699103;6204768;Hillerød;Region Hovedstaden;Vandløb;Poel Å;21-10-2004;1;Feltmålinger, Vandløb;Ja;Miljøstyrelsen;https://vanda.miljoeportal.dk/link/588596e8-40fc-4657-8717-046855d0461a;FRB1324;32;699103;6204768;1;21-10-2004 00:00:00 +02:00;;Temperatur; =;9,4;grader C;3
Station;49000061;ÆBELHOLT Å, SØSTERBRO MØLLE;32;699103;6204768;Hillerød;Region Hovedstaden;Vandløb;Poel Å;27-01-2014;1;Feltmålinger, Vandløb;Ja;Miljøstyrelsen;https://vanda.miljoeportal.dk/link/5cfaf87e-d427-40fb-8b39-801159910564;FRB1324;32;699103;6204768;1;27-01-2014 08:30:00 +01:00;;pH; =;7,9;pH;3
Station;49000061;ÆBELHOLT Å, SØSTERBRO MØLLE;32;699103;6204768;Hillerød;Region Hovedstaden;Vandløb;Poel Å;10-02-2004;1;Feltmålinger, Vandløb;Ja;Miljøstyrelsen;https://vanda.miljoeportal.dk/link/fcf1e918-3cb6-402e-8067-1dba0b5f32df;FRB1324;32;699103;6204768;1;10-02-2004 07:45:00 +01:00;;Oxygenmætning; =;79;pct;3
Station;49000061;ÆBELHOLT Å, SØSTERBRO MØLLE;32;699103;6204768;Hillerød;Region Hovedstaden;Vandløb;Poel Å;18-09-2003;1;Feltmålinger, Vandløb;Ja;Miljøstyrelsen;https://vanda.miljoeportal.dk/link/b5fef5fc-dba8-44fc-b258-d6eec63078e6;FRB1324;32;699103;6204768;1;18-09-2003 08:29:00 +02:00;;Oxygenmætning; =;84;pct;3
Station;49000061;ÆBELHOLT Å, SØSTERBRO MØLLE;32;699103;6204768;Hillerød;Region Hovedstaden;Vandløb;Poel Å;12-02-2015;1;Feltmålinger, Vandløb;Ja;Miljøstyrelsen;https://vanda.miljoeportal.dk/link/c1ce9852-97ed-402e-b290-e8ca56c89cbc;FRB1324;32;699103;6204768;1;12-02-2015 13:05:00 +01:00;;pH; =;7,9;pH;2
Station;49000061;ÆBELHOLT Å, SØSTERBRO MØLLE;32;699103;6204768;Hillerød;Region Hovedstaden;Vandløb;Poel Å;04-10-2011;1;Feltmålinger, Vandløb;Ja;Miljøstyrelsen;https://vanda.miljoeportal.dk/link/95dd2633-f4a3-4364-8bf2-68c246938efe;FRB1324;32;699103;6204768;1;04-10-2011 08:30:00 +02:00;;Temperatur; =;13,1;grader C;3
Station;49000061;ÆBELHOLT Å, SØSTERBRO MØLLE;32;699103;6204768;Hillerød;Region Hovedstaden;Vandløb;Poel Å;14-08-2023;1;Feltmålinger, Vandløb;Ja;Miljøstyrelsen;https://vanda.miljoeportal.dk/link/0aaa2d6d-07dd-48c1-b783-3befd48f56cd;FRB1324;32;699103;6204768;1;14-08-2023 11:23:00 +02:00;;pH; =;7,69;pH;2
Station;49000061;ÆBELHOLT Å, SØSTERBRO MØLLE;32;699103;6204768;Hillerød;Region Hovedstaden;Vandløb;Poel Å;08-06-2023;1;Feltmålinger, Vandløb;Ja;Miljøstyrelsen;https://vanda.miljoeportal.dk/link/df6197e0-9816-4379-887a-5f91cfdf4c8a;FRB1324;32;699103;6204768;1;08-06-2023 11:29:00 +02:00;;pH; =;8,02;pH;2
Station;49000061;ÆBELHOLT Å, SØSTERBRO MØLLE;32;699103;6204768;Hillerød;Region Hovedstaden;Vandløb;Poel Å;14-07-2022;1;Feltmålinger, Vandløb;Ja;Miljøstyrelsen;https://vanda.miljoeportal.dk/link/7d524edf-2263-4dfc-a75b-06f7b638ab3e;FRB1324;32;699103;6204768;1;14-07-2022 09:15:00 +02:00;;pH; =;8,15;pH;2
Station;49000061;ÆBELHOLT Å, SØSTERBRO MØLLE;32;699103;6204768;Hillerød;Region Hovedstaden;Vandløb;Poel Å;31-10-2022;1;Feltmålinger, Vandløb;Ja;Miljøstyrelsen;https://vanda.miljoeportal.dk/link/ccc2eaf9-2706-4592-b977-a4d69a1b376e;FRB1324;32;699103;6204768;1;31-10-2022 07:37:00 +01:00;;pH; =;7,93;pH;2
Station;49000061;ÆBELHOLT Å, SØSTERBRO MØLLE;32;699103;6204768;Hillerød;Region Hovedstaden;Vandløb;Poel Å;22-12-2022;1;Feltmålinger, Vandløb;Ja;Miljøstyrelsen;https://vanda.miljoeportal.dk/link/1c51bb1e-f2c3-4e8c-985d-d735c28c1c46;FRB1324;32;699103;6204768;1;22-12-2022 10:21:00 +01:00;;Salinitet; =;0,4;promille;2
Station;49000061;ÆBELHOLT Å, SØSTERBRO MØLLE;32;699103;6204768;Hillerød;Region Hovedstaden;Vandløb;Poel Å;19-10-2021;1;Feltmålinger, Vandløb;Ja;Miljøstyrelsen;https://vanda.miljoeportal.dk/link/447d9271-ca2d-4271-86ab-6cf76bd7591f;FRB1324;32;699103;6204768;1;19-10-2021 13:30:00 +02:00;;pH; =;8,27;pH;2
Station;49000061;ÆBELHOLT Å, SØSTERBRO MØLLE;32;699103;6204768;Hillerød;Region Hovedstaden;Vandløb;Poel Å;30-11-2022;1;Feltmålinger, Vandløb;Ja;Miljøstyrelsen;https://vanda.miljoeportal.dk/link/6b44371e-aac0-45ee-b4a4-d21ee2d73e23;FRB1324;32;699103;6204768;1;30-11-2022 09:20:00 +01:00;;Temperatur; =;5,8;grader C;2
Station;49000061;ÆBELHOLT Å, SØSTERBRO MØLLE;32;699103;6204768;Hillerød;Region Hovedstaden;Vandløb;Poel Å;14-07-2022;1;Feltmålinger, Vandløb;Ja;Miljøstyrelsen;https://vanda.miljoeportal.dk/link/7d524edf-2263-4dfc-a75b-06f7b638ab3e;FRB1324;32;699103;6204768;1;14-07-2022 09:15:00 +02:00;;Salinitet; =;0,3;promille;2
Station;49000061;ÆBELHOLT Å, SØSTERBRO MØLLE;32;699103;6204768;Hillerød;Region Hovedstaden;Vandløb;Poel Å;08-02-2023;1;Feltmålinger, Vandløb;Ja;Miljøstyrelsen;https://vanda.miljoeportal.dk/link/279d4afb-6317-4589-8eb7-6fae7435fadd;FRB1324;32;699103;6204768;1;08-02-2023 09:51:00 +01:00;;Temperatur; =;3,3;grader C;2
Station;49000061;ÆBELHOLT Å, SØSTERBRO MØLLE;32;699103;6204768;Hillerød;Region Hovedstaden;Vandløb;Poel Å;02-02-2023;1;Feltmålinger, Vandløb;Ja;Miljøstyrelsen;https://vanda.miljoeportal.dk/link/fd727fd0-a9bc-42ca-bccb-0e6487229362;NST1324;32;699202;6204602;1;02-02-2023 09:46:00 +01:00;;Temperatur; =;4;grader C;2
Station;49000061;ÆBELHOLT Å, SØSTERBRO MØLLE;32;699103;6204768;Hillerød;Region Hovedstaden;Vandløb;Poel Å;22-06-2022;1;Feltmålinger, Vandløb;Ja;Miljøstyrelsen;https://vanda.miljoeportal.dk/link/e2ea856f-aa69-427f-8254-cf4b3ec4a52f;FRB1324;32;699103;6204768;1;22-06-2022 11:00:00 +02:00;;pH; =;8,07;pH;2
Station;49000061;ÆBELHOLT Å, SØSTERBRO MØLLE;32;699103;6204768;Hillerød;Region Hovedstaden;Vandløb;Poel Å;23-05-2022;1;Feltmålinger, Vandløb;Ja;Miljøstyrelsen;https://vanda.miljoeportal.dk/link/108d5c31-b463-4476-9e92-7096fcbd400b;FRB1324;32;699103;6204768;1;23-05-2022 13:35:00 +02:00;;pH; =;8,4;pH;2
Station;49000061;ÆBELHOLT Å, SØSTERBRO MØLLE;32;699103;6204768;Hillerød;Region Hovedstaden;Vandløb;Poel Å;11-09-2023;1;Feltmålinger, Vandløb;Ja;Miljøstyrelsen;https://vanda.miljoeportal.dk/link/456a012b-a5ae-45c3-abd5-06424085a67f;FRB1324;32;699103;6204768;1;11-09-2023 09:29:00 +02:00;;pH; =;7,69;pH;2
Station;49000061;ÆBELHOLT Å, SØSTERBRO MØLLE;32;699103;6204768;Hillerød;Region Hovedstaden;Vandløb;Poel Å;11-04-2023;1;Feltmålinger, Vandløb;Ja;Miljøstyrelsen;https://vanda.miljoeportal.dk/link/c922fdd1-60c9-4892-aaa5-95335e89d511;FRB1324;32;699103;6204768;1;11-04-2023 11:06:00 +02:00;;pH; =;7,76;pH;2
Station;49000061;ÆBELHOLT Å, SØSTERBRO MØLLE;32;699103;6204768;Hillerød;Region Hovedstaden;Vandløb;Poel Å;06-07-2023;1;Feltmålinger, Vandløb;Ja;Miljøstyrelsen;https://vanda.miljoeportal.dk/link/ff667b83-adeb-4b6f-89c0-f31c2d008eb9;FRB1324;32;699103;6204768;1;06-07-2023 09:11:00 +02:00;;Temperatur; =;13;grader C;2
Station;49000061;ÆBELHOLT Å, SØSTERBRO MØLLE;32;699103;6204768;Hillerød;Region Hovedstaden;Vandløb;Poel Å;03-04-2023;1;Feltmålinger, Vandløb;Ja;Miljøstyrelsen;https://vanda.miljoeportal.dk/link/49a565c2-6b3e-43ae-a46c-1604f4c5d239;FRB1324;32;699103;6204768;1;03-04-2023 11:01:00 +02:00;;Temperatur; =;5,4;grader C;2
Station;49000061;ÆBELHOLT Å, SØSTERBRO MØLLE;32;699103;6204768;Hillerød;Region Hovedstaden;Vandløb;Poel Å;23-02-2023;1;Feltmålinger, Vandløb;Ja;Miljøstyrelsen;https://vanda.miljoeportal.dk/link/bbd64617-4195-4ae9-a8eb-bc17f9dc9a7d;FRB1324;32;699103;6204768;1;23-02-2023 08:38:00 +01:00;;Salinitet; =;0,3;promille;2
Station;49000061;ÆBELHOLT Å, SØSTERBRO MØLLE;32;699103;6204768;Hillerød;Region Hovedstaden;Vandløb;Poel Å;09-11-2023;1;Feltmålinger, Vandløb;Ja;Miljøstyrelsen;https://vanda.miljoeportal.dk/link/48047991-7dd6-444e-a74b-60730d1f3e39;FRB1324;32;699103;6204768;1;09-11-2023 12:44:00 +01:00;;Salinitet; =;0,3;promille;2
Station;49000061;ÆBELHOLT Å, SØSTERBRO MØLLE;32;699103;6204768;Hillerød;Region Hovedstaden;Vandløb;Poel Å;22-12-2021;1;Feltmålinger, Vandløb;Ja;Miljøstyrelsen;https://vanda.miljoeportal.dk/link/a7cc5c84-24b5-4957-b95d-5a68d3212c5c;FRB1324;32;699103;6204768;1;22-12-2021 10:12:00 +01:00;;Temperatur; =;4,9;grader C;2
Station;49000061;ÆBELHOLT Å, SØSTERBRO MØLLE;32;699103;6204768;Hillerød;Region Hovedstaden;Vandløb;Poel Å;12-01-2023;1;Feltmålinger, Vandløb;Ja;Miljøstyrelsen;https://vanda.miljoeportal.dk/link/c041c115-263e-4d0c-8032-dfc57bb0a809;FRB1324;32;699103;6204768;1;12-01-2023 09:15:00 +01:00;;pH; =;7,56;pH;2
Station;49000061;ÆBELHOLT Å, SØSTERBRO MØLLE;32;699103;6204768;Hillerød;Region Hovedstaden;Vandløb;Poel Å;22-12-2022;1;Feltmålinger, Vandløb;Ja;Miljøstyrelsen;https://vanda.miljoeportal.dk/link/1c51bb1e-f2c3-4e8c-985d-d735c28c1c46;FRB1324;32;699103;6204768;1;22-12-2022 10:21:00 +01:00;;Temperatur; =;5,7;grader C;2
Station;49000061;ÆBELHOLT Å, SØSTERBRO MØLLE;32;699103;6204768;Hillerød;Region Hovedstaden;Vandløb;Poel Å;08-12-2021;1;Feltmålinger, Vandløb;Ja;Miljøstyrelsen;https://vanda.miljoeportal.dk/link/a420f2ff-0ea3-4aae-9b4c-6d681d390b19;FRB1324;32;699103;6204768;1;08-12-2021 12:00:00 +01:00;;pH; =;8,11;pH;2
Station;49000061;ÆBELHOLT Å, SØSTERBRO MØLLE;32;699103;6204768;Hillerød;Region Hovedstaden;Vandløb;Poel Å;02-05-2023;1;Feltmålinger, Vandløb;Ja;Miljøstyrelsen;https://vanda.miljoeportal.dk/link/b29e7237-ed3d-4cab-ad80-ddb3af5aff1b;FRB1324;32;699103;6204768;1;02-05-2023 11:56:00 +02:00;;Salinitet; =;0,2;promille;2
Station;49000061;ÆBELHOLT Å, SØSTERBRO MØLLE;32;699103;6204768;Hillerød;Region Hovedstaden;Vandløb;Poel Å;23-10-2023;1;Feltmålinger, Vandløb;Ja;Miljøstyrelsen;https://vanda.miljoeportal.dk/link/9babdc30-d711-4db0-87fb-a303763abf49;FRB1324;32;699103;6204768;1;23-10-2023 11:30:00 +02:00;;pH; =;7,7;pH;2
Station;49000061;ÆBELHOLT Å, SØSTERBRO MØLLE;32;699103;6204768;Hillerød;Region Hovedstaden;Vandløb;Poel Å;30-11-2022;1;Feltmålinger, Vandløb;Ja;Miljøstyrelsen;https://vanda.miljoeportal.dk/link/6b44371e-aac0-45ee-b4a4-d21ee2d73e23;FRB1324;32;699103;6204768;1;30-11-2022 09:20:00 +01:00;;Salinitet; =;0,3;promille;2
Station;49000061;ÆBELHOLT Å, SØSTERBRO MØLLE;32;699103;6204768;Hillerød;Region Hovedstaden;Vandløb;Poel Å;14-08-2023;1;Feltmålinger, Vandløb;Ja;Miljøstyrelsen;https://vanda.miljoeportal.dk/link/0aaa2d6d-07dd-48c1-b783-3befd48f56cd;FRB1324;32;699103;6204768;1;14-08-2023 11:23:00 +02:00;;Salinitet; =;0,3;promille;2
Station;49000061;ÆBELHOLT Å, SØSTERBRO MØLLE;32;699103;6204768;Hillerød;Region Hovedstaden;Vandløb;Poel Å;31-10-2022;1;Feltmålinger, Vandløb;Ja;Miljøstyrelsen;https://vanda.miljoeportal.dk/link/ccc2eaf9-2706-4592-b977-a4d69a1b376e;FRB1324;32;699103;6204768;1;31-10-2022 07:37:00 +01:00;;Salinitet; =;0,3;promille;2
Station;49000061;ÆBELHOLT Å, SØSTERBRO MØLLE;32;699103;6204768;Hillerød;Region Hovedstaden;Vandløb;Poel Å;31-10-2022;1;Feltmålinger, Vandløb;Ja;Miljøstyrelsen;https://vanda.miljoeportal.dk/link/ccc2eaf9-2706-4592-b977-a4d69a1b376e;FRB1324;32;699103;6204768;1;31-10-2022 07:37:00 +01:00;;Temperatur; =;12,3;grader C;2
Station;49000061;ÆBELHOLT Å, SØSTERBRO MØLLE;32;699103;6204768;Hillerød;Region Hovedstaden;Vandløb;Poel Å;08-12-2022;1;Feltmålinger, Vandløb;Ja;Miljøstyrelsen;https://vanda.miljoeportal.dk/link/2ad452a9-71aa-4311-be8d-6f7705f1752b;FRB1324;32;699103;6204768;1;08-12-2022 08:52:00 +01:00;;Salinitet; =;0;promille;2
Station;49000061;ÆBELHOLT Å, SØSTERBRO MØLLE;32;699103;6204768;Hillerød;Region Hovedstaden;Vandløb;Poel Å;20-10-2022;1;Feltmålinger, Vandløb;Ja;Miljøstyrelsen;https://vanda.miljoeportal.dk/link/27e85e3b-670d-4231-86a8-c6a252a3a493;FRB1324;32;699103;6204768;1;20-10-2022 07:25:00 +02:00;;Salinitet; =;0,3;promille;2
Station;49000061;ÆBELHOLT Å, SØSTERBRO MØLLE;32;699103;6204768;Hillerød;Region Hovedstaden;Vandløb;Poel Å;07-09-2023;1;Feltmålinger, Vandløb;Ja;Miljøstyrelsen;https://vanda.miljoeportal.dk/link/b07cde7c-ca3b-4f70-8647-578f5e718f98;FRB1324;32;699103;6204768;1;07-09-2023 11:49:00 +02:00;;Temperatur; =;15,1;grader C;2
Station;49000061;ÆBELHOLT Å, SØSTERBRO MØLLE;32;699103;6204768;Hillerød;Region Hovedstaden;Vandløb;Poel Å;24-01-2023;1;Feltmålinger, Vandløb;Ja;Miljøstyrelsen;https://vanda.miljoeportal.dk/link/a00327dd-220f-4529-9d47-a519f2738725;FRB1324;32;699103;6204768;1;24-01-2023 09:44:00 +01:00;;pH; =;7,61;pH;2
Station;49000061;ÆBELHOLT Å, SØSTERBRO MØLLE;32;699103;6204768;Hillerød;Region Hovedstaden;Vandløb;Poel Å;05-10-2023;1;Feltmålinger, Vandløb;Ja;Miljøstyrelsen;https://vanda.miljoeportal.dk/link/e1738e26-738f-477d-a766-c75a3164b916;FRB1324;32;699103;6204768;1;05-10-2023 13:44:00 +02:00;;Temperatur; =;13,2;grader C;2
Station;49000061;ÆBELHOLT Å, SØSTERBRO MØLLE;32;699103;6204768;Hillerød;Region Hovedstaden;Vandløb;Poel Å;08-12-2022;1;Feltmålinger, Vandløb;Ja;Miljøstyrelsen;https://vanda.miljoeportal.dk/link/2ad452a9-71aa-4311-be8d-6f7705f1752b;FRB1324;32;699103;6204768;1;08-12-2022 08:52:00 +01:00;;Temperatur; =;-0,2;grader C;2
Station;49000061;ÆBELHOLT Å, SØSTERBRO MØLLE;32;699103;6204768;Hillerød;Region Hovedstaden;Vandløb;Poel Å;08-06-2023;1;Feltmålinger, Vandløb;Ja;Miljøstyrelsen;https://vanda.miljoeportal.dk/link/df6197e0-9816-4379-887a-5f91cfdf4c8a;FRB1324;32;699103;6204768;1;08-06-2023 11:29:00 +02:00;;Temperatur; =;14,5;grader C;2
Station;49000061;ÆBELHOLT Å, SØSTERBRO MØLLE;32;699103;6204768;Hillerød;Region Hovedstaden;Vandløb;Poel Å;07-09-2023;2;Feltmålinger, Vandløb;Ja;Miljøstyrelsen;https://vanda.miljoeportal.dk/link/8cf5b451-061e-40dc-896d-ea49e9accbcc;FRB1324;32;699103;6204768;1;07-09-2023 11:49:00 +02:00;;pH; =;7,43;pH;2
Station;49000061;ÆBELHOLT Å, SØSTERBRO MØLLE;32;699103;6204768;Hillerød;Region Hovedstaden;Vandløb;Poel Å;17-11-2023;1;Feltmålinger, Vandløb;Ja;Miljøstyrelsen;https://vanda.miljoeportal.dk/link/cefc0ee5-f942-4f7e-883e-de1fa6602455;NST1324;32;699202;6204602;1;17-11-2023 09:39:00 +01:00;;pH; =;7,55;pH;2
Station;49000061;ÆBELHOLT Å, SØSTERBRO MØLLE;32;699103;6204768;Hillerød;Region Hovedstaden;Vandløb;Poel Å;23-02-2023;1;Feltmålinger, Vandløb;Ja;Miljøstyrelsen;https://vanda.miljoeportal.dk/link/bbd64617-4195-4ae9-a8eb-bc17f9dc9a7d;FRB1324;32;699103;6204768;1;23-02-2023 08:38:00 +01:00;;Temperatur; =;4,9;grader C;2
Station;49000061;ÆBELHOLT Å, SØSTERBRO MØLLE;32;699103;6204768;Hillerød;Region Hovedstaden;Vandløb;Poel Å;10-11-2021;1;Feltmålinger, Vandløb;Ja;Miljøstyrelsen;https://vanda.miljoeportal.dk/link/21097111-8317-49e1-9eb3-86aa470fe464;FRB1324;32;699103;6204768;1;10-11-2021 15:49:00 +01:00;;pH; =;8,21;pH;2
Station;49000061;ÆBELHOLT Å, SØSTERBRO MØLLE;32;699103;6204768;Hillerød;Region Hovedstaden;Vandløb;Poel Å;23-05-2023;1;Feltmålinger, Vandløb;Ja;Miljøstyrelsen;https://vanda.miljoeportal.dk/link/5350b65d-e995-44c4-ab94-2573145c20da;NST1324;32;699202;6204602;1;23-05-2023 09:59:00 +02:00;;Temperatur; =;12;grader C;2
Station;49000061;ÆBELHOLT Å, SØSTERBRO MØLLE;32;699103;6204768;Hillerød;Region Hovedstaden;Vandløb;Poel Å;07-09-2023;1;Feltmålinger, Vandløb;Ja;Miljøstyrelsen;https://vanda.miljoeportal.dk/link/b07cde7c-ca3b-4f70-8647-578f5e718f98;FRB1324;32;699103;6204768;1;07-09-2023 11:49:00 +02:00;;Salinitet; =;0,3;promille;2
Station;49000061;ÆBELHOLT Å, SØSTERBRO MØLLE;32;699103;6204768;Hillerød;Region Hovedstaden;Vandløb;Poel Å;23-10-2023;1;Feltmålinger, Vandløb;Ja;Miljøstyrelsen;https://vanda.miljoeportal.dk/link/9babdc30-d711-4db0-87fb-a303763abf49;FRB1324;32;699103;6204768;1;23-10-2023 11:30:00 +02:00;;Temperatur; =;9,8;grader C;2
Station;49000061;ÆBELHOLT Å, SØSTERBRO MØLLE;32;699103;6204768;Hillerød;Region Hovedstaden;Vandløb;Poel Å;03-04-2023;1;Feltmålinger, Vandløb;Ja;Miljøstyrelsen;https://vanda.miljoeportal.dk/link/49a565c2-6b3e-43ae-a46c-1604f4c5d239;FRB1324;32;699103;6204768;1;03-04-2023 11:01:00 +02:00;;pH; =;7,71;pH;2
Station;49000061;ÆBELHOLT Å, SØSTERBRO MØLLE;32;699103;6204768;Hillerød;Region Hovedstaden;Vandløb;Poel Å;24-11-2021;1;Feltmålinger, Vandløb;Ja;Miljøstyrelsen;https://vanda.miljoeportal.dk/link/939e8fef-c653-40c6-a517-40d05a4af672;FRB1324;32;699103;6204768;1;24-11-2021 16:01:00 +01:00;;Temperatur; =;8,6;grader C;2
Station;49000061;ÆBELHOLT Å, SØSTERBRO MØLLE;32;699103;6204768;Hillerød;Region Hovedstaden;Vandløb;Poel Å;23-02-2022;1;Feltmålinger, Vandløb;Ja;Miljøstyrelsen;https://vanda.miljoeportal.dk/link/9afd7ac0-5a0b-43e4-853e-6019b7795b13;FRB1324;32;699103;6204768;1;23-02-2022 15:48:00 +01:00;;Temperatur; =;5,4;grader C;2
Station;49000061;ÆBELHOLT Å, SØSTERBRO MØLLE;32;699103;6204768;Hillerød;Region Hovedstaden;Vandløb;Poel Å;11-04-2022;1;Feltmålinger, Vandløb;Ja;Miljøstyrelsen;https://vanda.miljoeportal.dk/link/ea0f72eb-69ab-419d-a03d-70222167b1af;FRB1324;32;699103;6204768;1;11-04-2022 15:02:00 +02:00;;pH; =;8,4;pH;2
Station;49000061;ÆBELHOLT Å, SØSTERBRO MØLLE;32;699103;6204768;Hillerød;Region Hovedstaden;Vandløb;Poel Å;23-02-2022;1;Feltmålinger, Vandløb;Ja;Miljøstyrelsen;https://vanda.miljoeportal.dk/link/9afd7ac0-5a0b-43e4-853e-6019b7795b13;FRB1324;32;699103;6204768;1;23-02-2022 15:48:00 +01:00;;pH; =;8,09;pH;2
Station;49000061;ÆBELHOLT Å, SØSTERBRO MØLLE;32;699103;6204768;Hillerød;Region Hovedstaden;Vandløb;Poel Å;27-03-2023;1;Feltmålinger, Vandløb;Ja;Miljøstyrelsen;https://vanda.miljoeportal.dk/link/380c9818-a396-4f4f-b260-6a8822d0c618;FRB1324;32;699103;6204768;1;27-03-2023 10:04:00 +02:00;;pH; =;7,86;pH;2
Station;49000061;ÆBELHOLT Å, SØSTERBRO MØLLE;32;699103;6204768;Hillerød;Region Hovedstaden;Vandløb;Poel Å;22-12-2022;1;Feltmålinger, Vandløb;Ja;Miljøstyrelsen;https://vanda.miljoeportal.dk/link/1c51bb1e-f2c3-4e8c-985d-d735c28c1c46;FRB1324;32;699103;6204768;1;22-12-2022 10:21:00 +01:00;;pH; =;7,8;pH;2
Station;49000061;ÆBELHOLT Å, SØSTERBRO MØLLE;32;699103;6204768;Hillerød;Region Hovedstaden;Vandløb;Poel Å;14-08-2023;1;Feltmålinger, Vandløb;Ja;Miljøstyrelsen;https://vanda.miljoeportal.dk/link/0aaa2d6d-07dd-48c1-b783-3befd48f56cd;FRB1324;32;699103;6204768;1;14-08-2023 11:23:00 +02:00;;Temperatur; =;15,4;grader C;2
Station;49000061;ÆBELHOLT Å, SØSTERBRO MØLLE;32;699103;6204768;Hillerød;Region Hovedstaden;Vandløb;Poel Å;24-11-2021;2;Feltmålinger, Vandløb;Ja;Miljøstyrelsen;https://vanda.miljoeportal.dk/link/6e863107-0e10-4749-9a44-33a355a43d61;FRB1324;32;699103;6204768;1;24-11-2021 16:01:00 +01:00;;Temperatur; =;8,6;grader C;2
Station;49000061;ÆBELHOLT Å, SØSTERBRO MØLLE;32;699103;6204768;Hillerød;Region Hovedstaden;Vandløb;Poel Å;09-11-2023;1;Feltmålinger, Vandløb;Ja;Miljøstyrelsen;https://vanda.miljoeportal.dk/link/48047991-7dd6-444e-a74b-60730d1f3e39;FRB1324;32;699103;6204768;1;09-11-2023 12:44:00 +01:00;;pH; =;7,634;pH;2
Station;49000061;ÆBELHOLT Å, SØSTERBRO MØLLE;32;699103;6204768;Hillerød;Region Hovedstaden;Vandløb;Poel Å;03-04-2023;1;Feltmålinger, Vandløb;Ja;Miljøstyrelsen;https://vanda.miljoeportal.dk/link/49a565c2-6b3e-43ae-a46c-1604f4c5d239;FRB1324;32;699103;6204768;1;03-04-2023 11:01:00 +02:00;;Salinitet; =;0,1;promille;2
Station;49000061;ÆBELHOLT Å, SØSTERBRO MØLLE;32;699103;6204768;Hillerød;Region Hovedstaden;Vandløb;Poel Å;24-01-2023;1;Feltmålinger, Vandløb;Ja;Miljøstyrelsen;https://vanda.miljoeportal.dk/link/a00327dd-220f-4529-9d47-a519f2738725;FRB1324;32;699103;6204768;1;24-01-2023 09:44:00 +01:00;;Salinitet; =;0,3;promille;2
Station;49000061;ÆBELHOLT Å, SØSTERBRO MØLLE;32;699103;6204768;Hillerød;Region Hovedstaden;Vandløb;Poel Å;15-11-2022;1;Feltmålinger, Vandløb;Ja;Miljøstyrelsen;https://vanda.miljoeportal.dk/link/18c062cc-ea84-442e-8edc-cc93a5fc8698;FRB1324;32;699103;6204768;1;15-11-2022 09:50:00 +01:00;;Salinitet; =;0,3;promille;2
Station;49000061;ÆBELHOLT Å, SØSTERBRO MØLLE;32;699103;6204768;Hillerød;Region Hovedstaden;Vandløb;Poel Å;27-03-2023;1;Feltmålinger, Vandløb;Ja;Miljøstyrelsen;https://vanda.miljoeportal.dk/link/380c9818-a396-4f4f-b260-6a8822d0c618;FRB1324;32;699103;6204768;1;27-03-2023 10:04:00 +02:00;;Salinitet; =;0,3;promille;2
Station;49000061;ÆBELHOLT Å, SØSTERBRO MØLLE;32;699103;6204768;Hillerød;Region Hovedstaden;Vandløb;Poel Å;06-07-2023;1;Feltmålinger, Vandløb;Ja;Miljøstyrelsen;https://vanda.miljoeportal.dk/link/ff667b83-adeb-4b6f-89c0-f31c2d008eb9;FRB1324;32;699103;6204768;1;06-07-2023 09:11:00 +02:00;;Salinitet; =;0,3;promille;2
Station;49000061;ÆBELHOLT Å, SØSTERBRO MØLLE;32;699103;6204768;Hillerød;Region Hovedstaden;Vandløb;Poel Å;27-03-2023;1;Feltmålinger, Vandløb;Ja;Miljøstyrelsen;https://vanda.miljoeportal.dk/link/380c9818-a396-4f4f-b260-6a8822d0c618;FRB1324;32;699103;6204768;1;27-03-2023 10:04:00 +02:00;;Temperatur; =;4,1;grader C;2
Station;49000061;ÆBELHOLT Å, SØSTERBRO MØLLE;32;699103;6204768;Hillerød;Region Hovedstaden;Vandløb;Poel Å;23-10-2023;1;Feltmålinger, Vandløb;Ja;Miljøstyrelsen;https://vanda.miljoeportal.dk/link/9babdc30-d711-4db0-87fb-a303763abf49;FRB1324;32;699103;6204768;1;23-10-2023 11:30:00 +02:00;;Salinitet; =;0,3;promille;2
Station;49000061;ÆBELHOLT Å, SØSTERBRO MØLLE;32;699103;6204768;Hillerød;Region Hovedstaden;Vandløb;Poel Å;14-12-2021;1;Feltmålinger, Vandløb;Ja;Miljøstyrelsen;https://vanda.miljoeportal.dk/link/99b97835-d342-41f8-be70-331751ce09ee;FRB1324;32;699103;6204768;1;14-12-2021 12:28:00 +01:00;;pH; =;7,98;pH;2
Station;49000061;ÆBELHOLT Å, SØSTERBRO MØLLE;32;699103;6204768;Hillerød;Region Hovedstaden;Vandløb;Poel Å;18-08-2022;1;Feltmålinger, Vandløb;Ja;Miljøstyrelsen;https://vanda.miljoeportal.dk/link/da1f35f0-2690-4e29-bd36-ed87d9599e0c;Aktivitetssted;32;699102,9998318997;6204768,003616996;1;18-08-2022 16:00:00 +02:00;;pH; =;8,1;pH;2
Station;49000061;ÆBELHOLT Å, SØSTERBRO MØLLE;32;699103;6204768;Hillerød;Region Hovedstaden;Vandløb;Poel Å;15-11-2022;1;Feltmålinger, Vandløb;Ja;Miljøstyrelsen;https://vanda.miljoeportal.dk/link/18c062cc-ea84-442e-8edc-cc93a5fc8698;FRB1324;32;699103;6204768;1;15-11-2022 09:50:00 +01:00;;pH; =;7,95;pH;2
Station;49000061;ÆBELHOLT Å, SØSTERBRO MØLLE;32;699103;6204768;Hillerød;Region Hovedstaden;Vandløb;Poel Å;06-07-2023;1;Feltmålinger, Vandløb;Ja;Miljøstyrelsen;https://vanda.miljoeportal.dk/link/ff667b83-adeb-4b6f-89c0-f31c2d008eb9;FRB1324;32;699103;6204768;1;06-07-2023 09:11:00 +02:00;;pH; =;8,05;pH;2
Station;49000061;ÆBELHOLT Å, SØSTERBRO MØLLE;32;699103;6204768;Hillerød;Region Hovedstaden;Vandløb;Poel Å;30-11-2022;1;Feltmålinger, Vandløb;Ja;Miljøstyrelsen;https://vanda.miljoeportal.dk/link/6b44371e-aac0-45ee-b4a4-d21ee2d73e23;FRB1324;32;699103;6204768;1;30-11-2022 09:20:00 +01:00;;pH; =;8,137;pH;2
Station;49000061;ÆBELHOLT Å, SØSTERBRO MØLLE;32;699103;6204768;Hillerød;Region Hovedstaden;Vandløb;Poel Å;22-12-2021;1;Feltmålinger, Vandløb;Ja;Miljøstyrelsen;https://vanda.miljoeportal.dk/link/a7cc5c84-24b5-4957-b95d-5a68d3212c5c;FRB1324;32;699103;6204768;1;22-12-2021 10:12:00 +01:00;;pH; =;8,4;pH;2
Station;49000061;ÆBELHOLT Å, SØSTERBRO MØLLE;32;699103;6204768;Hillerød;Region Hovedstaden;Vandløb;Poel Å;09-11-2023;1;Feltmålinger, Vandløb;Ja;Miljøstyrelsen;https://vanda.miljoeportal.dk/link/48047991-7dd6-444e-a74b-60730d1f3e39;FRB1324;32;699103;6204768;1;09-11-2023 12:44:00 +01:00;;Temperatur; =;9,6;grader C;2
Station;49000061;ÆBELHOLT Å, SØSTERBRO MØLLE;32;699103;6204768;Hillerød;Region Hovedstaden;Vandløb;Poel Å;07-03-2023;1;Feltmålinger, Vandløb;Ja;Miljøstyrelsen;https://vanda.miljoeportal.dk/link/8615e322-f665-4a67-91ed-e5611829e8ef;FRB1324;32;699103;6204768;1;07-03-2023 11:30:00 +01:00;;Temperatur; =;3,6;grader C;2
Station;49000061;ÆBELHOLT Å, SØSTERBRO MØLLE;32;699103;6204768;Hillerød;Region Hovedstaden;Vandløb;Poel Å;23-05-2023;1;Feltmålinger, Vandløb;Ja;Miljøstyrelsen;https://vanda.miljoeportal.dk/link/5350b65d-e995-44c4-ab94-2573145c20da;NST1324;32;699202;6204602;1;23-05-2023 09:59:00 +02:00;;pH; =;7,97;pH;2
Station;49000061;ÆBELHOLT Å, SØSTERBRO MØLLE;32;699103;6204768;Hillerød;Region Hovedstaden;Vandløb;Poel Å;08-12-2021;1;Feltmålinger, Vandløb;Ja;Miljøstyrelsen;https://vanda.miljoeportal.dk/link/a420f2ff-0ea3-4aae-9b4c-6d681d390b19;FRB1324;32;699103;6204768;1;08-12-2021 12:00:00 +01:00;;Temperatur; =;4,05;grader C;2
Station;49000061;ÆBELHOLT Å, SØSTERBRO MØLLE;32;699103;6204768;Hillerød;Region Hovedstaden;Vandløb;Poel Å;07-09-2023;2;Feltmålinger, Vandløb;Ja;Miljøstyrelsen;https://vanda.miljoeportal.dk/link/8cf5b451-061e-40dc-896d-ea49e9accbcc;FRB1324;32;699103;6204768;1;07-09-2023 11:49:00 +02:00;;Salinitet; =;0,3;promille;2
Station;49000061;ÆBELHOLT Å, SØSTERBRO MØLLE;32;699103;6204768;Hillerød;Region Hovedstaden;Vandløb;Poel Å;08-08-2023;1;Feltmålinger, Vandløb;Ja;Miljøstyrelsen;https://vanda.miljoeportal.dk/link/1da813f7-e88e-46a6-8db1-3c642ee0e1ed;NST1324;32;699202;6204602;1;08-08-2023 09:43:00 +02:00;;Temperatur; =;13,2;grader C;2
Station;49000061;ÆBELHOLT Å, SØSTERBRO MØLLE;32;699103;6204768;Hillerød;Region Hovedstaden;Vandløb;Poel Å;10-11-2021;1;Feltmålinger, Vandløb;Ja;Miljøstyrelsen;https://vanda.miljoeportal.dk/link/21097111-8317-49e1-9eb3-86aa470fe464;FRB1324;32;699103;6204768;1;10-11-2021 15:49:00 +01:00;;Temperatur; =;10,4;grader C;2
Station;49000061;ÆBELHOLT Å, SØSTERBRO MØLLE;32;699103;6204768;Hillerød;Region Hovedstaden;Vandløb;Poel Å;20-10-2022;1;Feltmålinger, Vandløb;Ja;Miljøstyrelsen;https://vanda.miljoeportal.dk/link/27e85e3b-670d-4231-86a8-c6a252a3a493;FRB1324;32;699103;6204768;1;20-10-2022 07:25:00 +02:00;;Temperatur; =;3,9;grader C;2
Station;49000061;ÆBELHOLT Å, SØSTERBRO MØLLE;32;699103;6204768;Hillerød;Region Hovedstaden;Vandløb;Poel Å;25-09-2023;1;Feltmålinger, Vandløb;Ja;Miljøstyrelsen;https://vanda.miljoeportal.dk/link/97848721-47e4-45e4-9f08-427a0ca3c22b;FRB1324;32;699103;6204768;1;25-09-2023 11:58:00 +02:00;;pH; =;7,7913;pH;2
Station;49000061;ÆBELHOLT Å, SØSTERBRO MØLLE;32;699103;6204768;Hillerød;Region Hovedstaden;Vandløb;Poel Å;19-10-2021;1;Feltmålinger, Vandløb;Ja;Miljøstyrelsen;https://vanda.miljoeportal.dk/link/447d9271-ca2d-4271-86ab-6cf76bd7591f;FRB1324;32;699103;6204768;1;19-10-2021 13:30:00 +02:00;;Temperatur; =;11,4;grader C;2
Station;49000061;ÆBELHOLT Å, SØSTERBRO MØLLE;32;699103;6204768;Hillerød;Region Hovedstaden;Vandløb;Poel Å;11-09-2023;1;Feltmålinger, Vandløb;Ja;Miljøstyrelsen;https://vanda.miljoeportal.dk/link/456a012b-a5ae-45c3-abd5-06424085a67f;FRB1324;32;699103;6204768;1;11-09-2023 09:29:00 +02:00;;Temperatur; =;14,9;grader C;2
Station;49000061;ÆBELHOLT Å, SØSTERBRO MØLLE;32;699103;6204768;Hillerød;Region Hovedstaden;Vandløb;Poel Å;20-10-2022;1;Feltmålinger, Vandløb;Ja;Miljøstyrelsen;https://vanda.miljoeportal.dk/link/27e85e3b-670d-4231-86a8-c6a252a3a493;FRB1324;32;699103;6204768;1;20-10-2022 07:25:00 +02:00;;pH; =;8,127;pH;2
Station;49000061;ÆBELHOLT Å, SØSTERBRO MØLLE;32;699103;6204768;Hillerød;Region Hovedstaden;Vandløb;Poel Å;28-03-2022;1;Feltmålinger, Vandløb;Ja;Miljøstyrelsen;https://vanda.miljoeportal.dk/link/60a9ccb6-de4a-4969-91a9-b82f5a3dcc7e;FRB1324;32;699103;6204768;1;28-03-2022 09:52:00 +02:00;;pH; =;8,35;pH;2
Station;49000061;ÆBELHOLT Å, SØSTERBRO MØLLE;32;699103;6204768;Hillerød;Region Hovedstaden;Vandløb;Poel Å;07-03-2023;1;Feltmålinger, Vandløb;Ja;Miljøstyrelsen;https://vanda.miljoeportal.dk/link/8615e322-f665-4a67-91ed-e5611829e8ef;FRB1324;32;699103;6204768;1;07-03-2023 11:30:00 +01:00;;Salinitet; =;0,6;promille;2
Station;49000061;ÆBELHOLT Å, SØSTERBRO MØLLE;32;699103;6204768;Hillerød;Region Hovedstaden;Vandløb;Poel Å;24-11-2021;2;Feltmålinger, Vandløb;Ja;Miljøstyrelsen;https://vanda.miljoeportal.dk/link/6e863107-0e10-4749-9a44-33a355a43d61;FRB1324;32;699103;6204768;1;24-11-2021 16:01:00 +01:00;;pH; =;8,31;pH;2
Station;49000061;ÆBELHOLT Å, SØSTERBRO MØLLE;32;699103;6204768;Hillerød;Region Hovedstaden;Vandløb;Poel Å;02-02-2023;1;Feltmålinger, Vandløb;Ja;Miljøstyrelsen;https://vanda.miljoeportal.dk/link/fd727fd0-a9bc-42ca-bccb-0e6487229362;NST1324;32;699202;6204602;1;02-02-2023 09:46:00 +01:00;;pH; =;7,84;pH;2
Station;49000061;ÆBELHOLT Å, SØSTERBRO MØLLE;32;699103;6204768;Hillerød;Region Hovedstaden;Vandløb;Poel Å;11-04-2022;1;Feltmålinger, Vandløb;Ja;Miljøstyrelsen;https://vanda.miljoeportal.dk/link/ea0f72eb-69ab-419d-a03d-70222167b1af;FRB1324;32;699103;6204768;1;11-04-2022 15:02:00 +02:00;;Temperatur; =;9,6;grader C;2
