Dato (DK normaltid),Vandf¿ring D¿gnmiddel (DMP) (l/s),ks mrk.
01-01-1978 00:00,784,2
02-01-1978 00:00,778.6,2
03-01-1978 00:00,787.6,2
04-01-1978 00:00,795.2,2
05-01-1978 00:00,790.2,2
06-01-1978 00:00,791.4,2
07-01-1978 00:00,794,2
08-01-1978 00:00,795.2,2
09-01-1978 00:00,796.5,2
10-01-1978 00:00,794,2
11-01-1978 00:00,800.2,2
12-01-1978 00:00,808.9,2
13-01-1978 00:00,807.7,2
14-01-1978 00:00,808.9,2
15-01-1978 00:00,810.1,2
16-01-1978 00:00,812.6,2
17-01-1978 00:00,813.8,2
18-01-1978 00:00,816.2,2
19-01-1978 00:00,816.2,2
20-01-1978 00:00,819.9,2
21-01-1978 00:00,816.7,2
22-01-1978 00:00,815.5,2
23-01-1978 00:00,816.7,2
24-01-1978 00:00,820.3,2
25-01-1978 00:00,820.3,2
26-01-1978 00:00,819.1,2
27-01-1978 00:00,820.3,2
28-01-1978 00:00,818.5,2
29-01-1978 00:00,820.9,2
30-01-1978 00:00,820.9,2
31-01-1978 00:00,822.1,2
01-02-1978 00:00,891,2
02-02-1978 00:00,1030,2
03-02-1978 00:00,1030,2
04-02-1978 00:00,1031,2
05-02-1978 00:00,1035,2
06-02-1978 00:00,1035,2
07-02-1978 00:00,1035,2
08-02-1978 00:00,1328,2
09-02-1978 00:00,1817,2
10-02-1978 00:00,1817,2
11-02-1978 00:00,1815,2
12-02-1978 00:00,1815,2
13-02-1978 00:00,1815,2
14-02-1978 00:00,1815,2
15-02-1978 00:00,1815,2
16-02-1978 00:00,1812,2
17-02-1978 00:00,1809,2
18-02-1978 00:00,1813,2
19-02-1978 00:00,1813,2
20-02-1978 00:00,1813,2
21-02-1978 00:00,1800,2
22-02-1978 00:00,1797,2
23-02-1978 00:00,1794,2
24-02-1978 00:00,1984,2
25-02-1978 00:00,2227,2
26-02-1978 00:00,2220,2
27-02-1978 00:00,2224,2
28-02-1978 00:00,2226,2
01-03-1978 00:00,2229,2
02-03-1978 00:00,2237,2
03-03-1978 00:00,2238,2
04-03-1978 00:00,2235,2
05-03-1978 00:00,2239,2
06-03-1978 00:00,2239,2
07-03-1978 00:00,2239,2
08-03-1978 00:00,2247,2
09-03-1978 00:00,2255,2
10-03-1978 00:00,2240,2
11-03-1978 00:00,2238,2
12-03-1978 00:00,2251,2
13-03-1978 00:00,2260,2
14-03-1978 00:00,2273,2
15-03-1978 00:00,2294,2
16-03-1978 00:00,2322,2
17-03-1978 00:00,2330,2
18-03-1978 00:00,2349,2
19-03-1978 00:00,2358,2
20-03-1978 00:00,2653,2
21-03-1978 00:00,3135,2
22-03-1978 00:00,3185,2
23-03-1978 00:00,3326,2
24-03-1978 00:00,3331,2
25-03-1978 00:00,3325,2
26-03-1978 00:00,3350,2
27-03-1978 00:00,3360,2
28-03-1978 00:00,3393,2
29-03-1978 00:00,3370,2
30-03-1978 00:00,3376,2
31-03-1978 00:00,3538,2
01-04-1978 00:00,3587,2
02-04-1978 00:00,3654,2
03-04-1978 00:00,3669,2
04-04-1978 00:00,3626,2
05-04-1978 00:00,3663,2
06-04-1978 00:00,3654,2
07-04-1978 00:00,3651,2
08-04-1978 00:00,3624,2
09-04-1978 00:00,3650,2
10-04-1978 00:00,3657,2
11-04-1978 00:00,3661,2
12-04-1978 00:00,3592,2
13-04-1978 00:00,3531,2
14-04-1978 00:00,3515,2
15-04-1978 00:00,3505,2
16-04-1978 00:00,3512,2
17-04-1978 00:00,3502,2
18-04-1978 00:00,3533,2
19-04-1978 00:00,3274,2
20-04-1978 00:00,3349,2
21-04-1978 00:00,3424,2
22-04-1978 00:00,3380,2
23-04-1978 00:00,3370,2
24-04-1978 00:00,3336,2
25-04-1978 00:00,2896,2
26-04-1978 00:00,685,2
27-04-1978 00:00,785,2
28-04-1978 00:00,785,2
29-04-1978 00:00,681,2
30-04-1978 00:00,681.8,2
01-05-1978 00:00,618,2
02-05-1978 00:00,686.8,2
03-05-1978 00:00,683.4,2
04-05-1978 00:00,683.4,2
05-05-1978 00:00,685.5,2
06-05-1978 00:00,701.5,2
07-05-1978 00:00,702.5,2
08-05-1978 00:00,699.4,2
09-05-1978 00:00,698.4,2
10-05-1978 00:00,697.3,2
11-05-1978 00:00,692.1,2
12-05-1978 00:00,688.9,2
13-05-1978 00:00,646.1,2
14-05-1978 00:00,647.1,2
15-05-1978 00:00,646.1,2
16-05-1978 00:00,644,2
17-05-1978 00:00,642.9,2
18-05-1978 00:00,645,2
19-05-1978 00:00,646.1,2
20-05-1978 00:00,661,2
21-05-1978 00:00,661,2
22-05-1978 00:00,644.9,2
23-05-1978 00:00,638.4,2
24-05-1978 00:00,636.1,2
25-05-1978 00:00,635,2
26-05-1978 00:00,632.8,2
27-05-1978 00:00,638.5,2
28-05-1978 00:00,638.5,2
29-05-1978 00:00,637.4,2
30-05-1978 00:00,636.3,2
31-05-1978 00:00,635.1,2
01-06-1978 00:00,634,2
02-06-1978 00:00,648.6,2
03-06-1978 00:00,656.4,2
04-06-1978 00:00,654.3,2
05-06-1978 00:00,653.2,2
06-06-1978 00:00,651,2
07-06-1978 00:00,649.9,2
08-06-1978 00:00,645.6,2
09-06-1978 00:00,644.5,2
10-06-1978 00:00,639.2,2
11-06-1978 00:00,633.7,2
12-06-1978 00:00,638.1,2
13-06-1978 00:00,642.6,2
14-06-1978 00:00,642.6,2
15-06-1978 00:00,643.7,2
16-06-1978 00:00,642.6,2
17-06-1978 00:00,644.5,2
18-06-1978 00:00,642.2,2
19-06-1978 00:00,638.9,2
20-06-1978 00:00,640,2
21-06-1978 00:00,638.9,2
22-06-1978 00:00,637.8,2
23-06-1978 00:00,637.8,2
24-06-1978 00:00,634.7,2
25-06-1978 00:00,634.7,2
26-06-1978 00:00,635.8,2
27-06-1978 00:00,635.8,2
28-06-1978 00:00,635.8,2
29-06-1978 00:00,638,2
30-06-1978 00:00,640.2,2
01-07-1978 00:00,627.1,2
02-07-1978 00:00,628.2,2
03-07-1978 00:00,629.4,2
04-07-1978 00:00,628.2,2
05-07-1978 00:00,628.2,2
06-07-1978 00:00,629.4,2
07-07-1978 00:00,627.1,2
08-07-1978 00:00,557.4,2
09-07-1978 00:00,559.6,2
10-07-1978 00:00,550.7,2
11-07-1978 00:00,546.1,2
12-07-1978 00:00,432.2,2
13-07-1978 00:00,446.5,2
14-07-1978 00:00,471.2,2
15-07-1978 00:00,471.2,2
16-07-1978 00:00,471.2,2
17-07-1978 00:00,471.2,2
18-07-1978 00:00,484.3,2
19-07-1978 00:00,497,2
20-07-1978 00:00,484.3,2
21-07-1978 00:00,497,2
22-07-1978 00:00,556,2
23-07-1978 00:00,509.4,2
24-07-1978 00:00,509.4,2
25-07-1978 00:00,497,2
26-07-1978 00:00,484.3,2
27-07-1978 00:00,497,2
28-07-1978 00:00,544.8,2
29-07-1978 00:00,577.8,2
30-07-1978 00:00,588.4,2
31-07-1978 00:00,556,2
01-08-1978 00:00,626,2
02-08-1978 00:00,550,2
03-08-1978 00:00,569.2,2
04-08-1978 00:00,616.9,2
05-08-1978 00:00,587.6,2
06-08-1978 00:00,580.3,2
07-08-1978 00:00,597.4,2
08-08-1978 00:00,622.2,2
09-08-1978 00:00,658.9,2
10-08-1978 00:00,682.6,2
11-08-1978 00:00,681.5,2
12-08-1978 00:00,666.2,2
13-08-1978 00:00,654.2,2
14-08-1978 00:00,653,2
15-08-1978 00:00,650.7,2
16-08-1978 00:00,642.5,2
17-08-1978 00:00,630,2
18-08-1978 00:00,627.4,2
19-08-1978 00:00,618.3,2
20-08-1978 00:00,613,2
21-08-1978 00:00,615.3,2
22-08-1978 00:00,613,2
23-08-1978 00:00,610.7,2
24-08-1978 00:00,563.8,2
25-08-1978 00:00,534.3,2
26-08-1978 00:00,535.2,2
27-08-1978 00:00,509.6,2
28-08-1978 00:00,560.3,2
29-08-1978 00:00,584.2,2
30-08-1978 00:00,586.2,2
31-08-1978 00:00,598.3,2
01-09-1978 00:00,581.9,2
02-09-1978 00:00,603.3,2
03-09-1978 00:00,597.4,2
04-09-1978 00:00,598.4,2
05-09-1978 00:00,606.1,2
06-09-1978 00:00,598.2,2
07-09-1978 00:00,599.9,2
08-09-1978 00:00,596.3,2
09-09-1978 00:00,582,2
10-09-1978 00:00,576.2,2
11-09-1978 00:00,582.7,2
12-09-1978 00:00,605.2,2
13-09-1978 00:00,606.7,2
14-09-1978 00:00,590.2,2
15-09-1978 00:00,613.5,2
16-09-1978 00:00,683.5,2
17-09-1978 00:00,634.7,2
18-09-1978 00:00,614.2,2
19-09-1978 00:00,617.9,2
20-09-1978 00:00,648,2
21-09-1978 00:00,689.1,2
22-09-1978 00:00,714.4,2
23-09-1978 00:00,709.7,2
24-09-1978 00:00,708.1,2
25-09-1978 00:00,727.4,2
26-09-1978 00:00,734.5,2
27-09-1978 00:00,740.6,2
28-09-1978 00:00,751.6,2
29-09-1978 00:00,755.9,2
30-09-1978 00:00,759.7,2
01-10-1978 00:00,724,2
02-10-1978 00:00,676.5,2
03-10-1978 00:00,652.7,2
04-10-1978 00:00,638.5,2
05-10-1978 00:00,615.8,2
06-10-1978 00:00,588.7,2
07-10-1978 00:00,549.5,2
08-10-1978 00:00,537,2
09-10-1978 00:00,550.4,2
10-10-1978 00:00,566.2,2
11-10-1978 00:00,553.3,2
12-10-1978 00:00,597.3,2
13-10-1978 00:00,607.5,2
14-10-1978 00:00,617.6,2
15-10-1978 00:00,622,2
16-10-1978 00:00,599.6,2
17-10-1978 00:00,636.5,2
18-10-1978 00:00,633,2
19-10-1978 00:00,666.7,2
20-10-1978 00:00,659.1,2
21-10-1978 00:00,679.3,2
22-10-1978 00:00,687.2,2
23-10-1978 00:00,693.2,2
24-10-1978 00:00,695.5,2
25-10-1978 00:00,671.9,2
26-10-1978 00:00,739.2,2
27-10-1978 00:00,726.9,2
28-10-1978 00:00,720.4,2
29-10-1978 00:00,720.3,2
30-10-1978 00:00,730.9,2
31-10-1978 00:00,735.1,2
01-11-1978 00:00,733.3,2
02-11-1978 00:00,728.1,2
03-11-1978 00:00,734.7,2
04-11-1978 00:00,728.1,2
05-11-1978 00:00,727,2
06-11-1978 00:00,740.9,2
07-11-1978 00:00,752.1,2
08-11-1978 00:00,746,2
09-11-1978 00:00,749.1,2
10-11-1978 00:00,726.8,2
11-11-1978 00:00,719.3,2
12-11-1978 00:00,710.4,2
13-11-1978 00:00,816.9,2
14-11-1978 00:00,928.8,2
15-11-1978 00:00,997,2
16-11-1978 00:00,1080,2
17-11-1978 00:00,1003,2
18-11-1978 00:00,956,2
19-11-1978 00:00,939.8,2
20-11-1978 00:00,998.4,2
21-11-1978 00:00,979.8,2
22-11-1978 00:00,964.3,2
23-11-1978 00:00,980.5,2
24-11-1978 00:00,986.7,2
25-11-1978 00:00,999,2
26-11-1978 00:00,997.1,2
27-11-1978 00:00,1000,2
28-11-1978 00:00,1009,2
29-11-1978 00:00,1010,2
30-11-1978 00:00,968.5,2
01-12-1978 00:00,1009,2
02-12-1978 00:00,1042,2
03-12-1978 00:00,1008,2
04-12-1978 00:00,969.2,2
05-12-1978 00:00,942.4,2
06-12-1978 00:00,982.8,2
07-12-1978 00:00,1019,2
08-12-1978 00:00,1030,2
09-12-1978 00:00,1024,2
10-12-1978 00:00,1029,2
11-12-1978 00:00,1050,2
12-12-1978 00:00,1059,2
13-12-1978 00:00,1227,2
14-12-1978 00:00,1610,2
15-12-1978 00:00,1788,2
16-12-1978 00:00,1833,2
17-12-1978 00:00,1600,2
18-12-1978 00:00,1644,2
19-12-1978 00:00,1714,2
20-12-1978 00:00,1678,2
21-12-1978 00:00,1618,2
22-12-1978 00:00,1610,2
23-12-1978 00:00,1611,2
24-12-1978 00:00,1594,2
25-12-1978 00:00,1579,2
26-12-1978 00:00,1553,2
27-12-1978 00:00,1608,2
28-12-1978 00:00,1704,2
29-12-1978 00:00,1704,2
30-12-1978 00:00,1691,2
31-12-1978 00:00,1678,2
01-01-1979 00:00,1673,2
02-01-1979 00:00,1659,2
03-01-1979 00:00,1657,2
04-01-1979 00:00,1644,2
05-01-1979 00:00,1639,2
06-01-1979 00:00,1596,2
07-01-1979 00:00,1597,2
08-01-1979 00:00,1632,2
09-01-1979 00:00,1635,2
10-01-1979 00:00,1636,2
11-01-1979 00:00,1646,2
12-01-1979 00:00,1652,2
13-01-1979 00:00,1646,2
14-01-1979 00:00,1640,2
15-01-1979 00:00,1626,2
16-01-1979 00:00,1628,2
17-01-1979 00:00,1627,2
18-01-1979 00:00,1631,2
19-01-1979 00:00,1621,2
20-01-1979 00:00,1610,2
21-01-1979 00:00,1603,2
22-01-1979 00:00,1616,2
23-01-1979 00:00,1638,2
24-01-1979 00:00,1641,2
25-01-1979 00:00,1641,2
26-01-1979 00:00,1641,2
27-01-1979 00:00,1631,2
28-01-1979 00:00,1629,2
29-01-1979 00:00,1619,2
30-01-1979 00:00,1606,2
31-01-1979 00:00,1602,2
01-02-1979 00:00,1605,2
02-02-1979 00:00,1601,2
03-02-1979 00:00,1598,2
04-02-1979 00:00,1626,2
05-02-1979 00:00,1632,2
06-02-1979 00:00,1627,2
07-02-1979 00:00,1627,2
08-02-1979 00:00,1636,2
09-02-1979 00:00,1638,2
10-02-1979 00:00,1637,2
11-02-1979 00:00,1717,2
12-02-1979 00:00,1684,2
13-02-1979 00:00,1652,2
14-02-1979 00:00,1618,2
15-02-1979 00:00,1652,2
16-02-1979 00:00,1652,2
17-02-1979 00:00,1618,2
18-02-1979 00:00,1618,2
19-02-1979 00:00,1584,2
20-02-1979 00:00,1549,2
21-02-1979 00:00,1584,2
22-02-1979 00:00,1584,2
23-02-1979 00:00,1584,2
24-02-1979 00:00,1549,2
25-02-1979 00:00,1584,2
26-02-1979 00:00,1584,2
27-02-1979 00:00,1513,2
28-02-1979 00:00,1549,2
01-03-1979 00:00,1584,2
02-03-1979 00:00,1549,2
03-03-1979 00:00,1549,2
04-03-1979 00:00,1584,2
05-03-1979 00:00,1513,2
06-03-1979 00:00,1584,2
07-03-1979 00:00,1618,2
08-03-1979 00:00,1684,2
09-03-1979 00:00,1652,2
10-03-1979 00:00,1618,2
11-03-1979 00:00,1618,2
12-03-1979 00:00,1652,2
13-03-1979 00:00,2247,2
14-03-1979 00:00,2720,2
15-03-1979 00:00,2720,2
16-03-1979 00:00,2800,2
17-03-1979 00:00,2800,2
18-03-1979 00:00,2800,2
19-03-1979 00:00,2720,2
20-03-1979 00:00,2878,2
21-03-1979 00:00,2954,2
22-03-1979 00:00,2878,2
23-03-1979 00:00,2878,2
24-03-1979 00:00,2954,2
25-03-1979 00:00,2878,2
26-03-1979 00:00,3027,2
27-03-1979 00:00,2954,2
28-03-1979 00:00,3027,2
29-03-1979 00:00,3030,2
30-03-1979 00:00,3496,2
31-03-1979 00:00,3486,2
01-04-1979 00:00,3523,2
02-04-1979 00:00,3561,2
03-04-1979 00:00,3592,2
04-04-1979 00:00,3611,2
05-04-1979 00:00,3771,2
06-04-1979 00:00,3960,2
07-04-1979 00:00,3986,2
08-04-1979 00:00,3955,2
09-04-1979 00:00,3878,2
10-04-1979 00:00,3879,2
11-04-1979 00:00,3924,2
12-04-1979 00:00,3868,2
13-04-1979 00:00,3744,2
14-04-1979 00:00,3579,2
15-04-1979 00:00,3362,2
16-04-1979 00:00,3350,2
17-04-1979 00:00,2763,2
18-04-1979 00:00,1652,2
19-04-1979 00:00,1550,2
20-04-1979 00:00,1448,2
21-04-1979 00:00,1519,2
22-04-1979 00:00,1587,2
23-04-1979 00:00,1620,2
24-04-1979 00:00,1587,2
25-04-1979 00:00,1519,2
26-04-1979 00:00,1519,2
27-04-1979 00:00,1519,2
28-04-1979 00:00,1448,2
29-04-1979 00:00,1448,2
30-04-1979 00:00,1448,2
01-05-1979 00:00,1484,2
02-05-1979 00:00,1448,2
03-05-1979 00:00,1448,2
04-05-1979 00:00,1410,2
05-05-1979 00:00,1465,2
06-05-1979 00:00,1467,2
07-05-1979 00:00,1589,2
08-05-1979 00:00,1891,2
09-05-1979 00:00,1896,2
10-05-1979 00:00,1866,2
11-05-1979 00:00,1864,2
12-05-1979 00:00,1855,2
13-05-1979 00:00,1829,2
14-05-1979 00:00,1778,2
15-05-1979 00:00,1696,2
16-05-1979 00:00,1549,2
17-05-1979 00:00,1552,2
18-05-1979 00:00,1550,2
19-05-1979 00:00,1529,2
20-05-1979 00:00,1541,2
21-05-1979 00:00,1516,2
22-05-1979 00:00,1507,2
23-05-1979 00:00,1201,2
24-05-1979 00:00,1096,2
25-05-1979 00:00,1078,2
26-05-1979 00:00,1078,2
27-05-1979 00:00,1078,2
28-05-1979 00:00,1078,2
29-05-1979 00:00,1078,2
30-05-1979 00:00,1078,2
31-05-1979 00:00,1096,2
01-06-1979 00:00,1113,2
02-06-1979 00:00,1147,2
03-06-1979 00:00,1130,2
04-06-1979 00:00,1113,2
05-06-1979 00:00,1113,2
06-06-1979 00:00,1096,2
07-06-1979 00:00,1113,2
08-06-1979 00:00,1096,2
09-06-1979 00:00,1096,2
10-06-1979 00:00,1078,2
11-06-1979 00:00,1096,2
12-06-1979 00:00,1096,2
13-06-1979 00:00,1096,2
14-06-1979 00:00,1096,2
15-06-1979 00:00,1060,2
16-06-1979 00:00,1060,2
17-06-1979 00:00,1042,2
18-06-1979 00:00,1042,2
19-06-1979 00:00,1042,2
20-06-1979 00:00,1023,2
21-06-1979 00:00,1023,2
22-06-1979 00:00,1023,2
23-06-1979 00:00,985,2
24-06-1979 00:00,965.1,2
25-06-1979 00:00,985,2
26-06-1979 00:00,985,2
27-06-1979 00:00,1023,2
28-06-1979 00:00,1023,2
29-06-1979 00:00,1004,2
30-06-1979 00:00,1004,2
01-07-1979 00:00,985,2
02-07-1979 00:00,1016,2
03-07-1979 00:00,1004,2
04-07-1979 00:00,985,2
05-07-1979 00:00,944.7,2
06-07-1979 00:00,902.4,2
07-07-1979 00:00,902.4,2
08-07-1979 00:00,880.5,2
09-07-1979 00:00,902.4,2
10-07-1979 00:00,923.8,2
11-07-1979 00:00,965.1,2
12-07-1979 00:00,902.4,2
13-07-1979 00:00,857.9,2
14-07-1979 00:00,857.9,2
15-07-1979 00:00,834.7,2
16-07-1979 00:00,810.8,2
17-07-1979 00:00,760.4,2
18-07-1979 00:00,834.7,2
19-07-1979 00:00,733.9,2
20-07-1979 00:00,834.7,2
21-07-1979 00:00,857.9,2
22-07-1979 00:00,880.5,2
23-07-1979 00:00,880.5,2
24-07-1979 00:00,902.4,2
25-07-1979 00:00,857.9,2
26-07-1979 00:00,857.9,2
27-07-1979 00:00,880.5,2
28-07-1979 00:00,880.5,2
29-07-1979 00:00,880.5,2
30-07-1979 00:00,857.9,2
31-07-1979 00:00,902.4,2
01-08-1979 00:00,851,2
02-08-1979 00:00,902.8,2
03-08-1979 00:00,939.7,2
04-08-1979 00:00,921.4,2
05-08-1979 00:00,902.8,2
06-08-1979 00:00,939.7,2
07-08-1979 00:00,939.7,2
08-08-1979 00:00,921.4,2
09-08-1979 00:00,902.8,2
10-08-1979 00:00,902.8,2
11-08-1979 00:00,902.8,2
12-08-1979 00:00,902.8,2
13-08-1979 00:00,871,2
14-08-1979 00:00,953.2,2
15-08-1979 00:00,1026,2
16-08-1979 00:00,1008,2
17-08-1979 00:00,1026,2
18-08-1979 00:00,990.5,2
19-08-1979 00:00,1008,2
20-08-1979 00:00,990.5,2
21-08-1979 00:00,1008,2
22-08-1979 00:00,1008,2
23-08-1979 00:00,990.5,2
24-08-1979 00:00,1008,2
25-08-1979 00:00,990.5,2
26-08-1979 00:00,990.5,2
27-08-1979 00:00,990.5,2
28-08-1979 00:00,1008,2
29-08-1979 00:00,1026,2
30-08-1979 00:00,1008,2
31-08-1979 00:00,1008,2
01-09-1979 00:00,1008,2
02-09-1979 00:00,990.5,2
03-09-1979 00:00,1008,2
04-09-1979 00:00,990.5,2
05-09-1979 00:00,1008,2
06-09-1979 00:00,1026,2
07-09-1979 00:00,1077,2
08-09-1979 00:00,1061,2
09-09-1979 00:00,1061,2
10-09-1979 00:00,1061,2
11-09-1979 00:00,1026,2
12-09-1979 00:00,990.5,2
13-09-1979 00:00,933.9,2
14-09-1979 00:00,972.1,2
15-09-1979 00:00,972.1,2
16-09-1979 00:00,972.1,2
17-09-1979 00:00,972.1,2
18-09-1979 00:00,990.5,2
19-09-1979 00:00,990.5,2
20-09-1979 00:00,990.5,2
21-09-1979 00:00,972.1,2
22-09-1979 00:00,972.1,2
23-09-1979 00:00,972.1,2
24-09-1979 00:00,972.1,2
25-09-1979 00:00,990.5,2
26-09-1979 00:00,972.1,2
27-09-1979 00:00,953.2,2
28-09-1979 00:00,953.2,2
29-09-1979 00:00,933.9,2
30-09-1979 00:00,953.2,2
01-10-1979 00:00,953.2,2
02-10-1979 00:00,953.2,2
03-10-1979 00:00,953.2,2
04-10-1979 00:00,933.9,2
05-10-1979 00:00,933.9,2
06-10-1979 00:00,914.2,2
07-10-1979 00:00,852.1,2
08-10-1979 00:00,784.6,2
09-10-1979 00:00,784.6,2
10-10-1979 00:00,852.1,2
11-10-1979 00:00,894,2
12-10-1979 00:00,873.3,2
13-10-1979 00:00,873.3,2
14-10-1979 00:00,873.3,2
15-10-1979 00:00,873.3,2
16-10-1979 00:00,830.2,2
17-10-1979 00:00,830.2,2
18-10-1979 00:00,760.7,2
19-10-1979 00:00,735.9,2
20-10-1979 00:00,683.4,2
21-10-1979 00:00,710.2,2
22-10-1979 00:00,830.2,2
23-10-1979 00:00,500,2
24-10-1979 00:00,513.2,2
25-10-1979 00:00,594.2,2
26-10-1979 00:00,500,2
27-10-1979 00:00,400,2
28-10-1979 00:00,400,2
29-10-1979 00:00,450,2
30-10-1979 00:00,547.1,2
31-10-1979 00:00,650,2
01-11-1979 00:00,761.8,2
02-11-1979 00:00,855.3,2
03-11-1979 00:00,884.1,2
04-11-1979 00:00,869.9,2
05-11-1979 00:00,778.3,2
06-11-1979 00:00,653.8,2
07-11-1979 00:00,810,2
08-11-1979 00:00,900,2
09-11-1979 00:00,990.5,2
10-11-1979 00:00,1061,2
11-11-1979 00:00,1043,2
12-11-1979 00:00,1008,2
13-11-1979 00:00,807.8,2
14-11-1979 00:00,953.2,2
15-11-1979 00:00,647,2
16-11-1979 00:00,504.3,2
17-11-1979 00:00,513.2,2
18-11-1979 00:00,504.3,2
19-11-1979 00:00,495.2,2
20-11-1979 00:00,466.9,2
21-11-1979 00:00,466.9,2
22-11-1979 00:00,466.9,2
23-11-1979 00:00,466.9,2
24-11-1979 00:00,466.9,2
25-11-1979 00:00,447,2
26-11-1979 00:00,447,2
27-11-1979 00:00,466.9,2
28-11-1979 00:00,466.9,2
29-11-1979 00:00,457,2
30-11-1979 00:00,457,2
01-12-1979 00:00,447,2
02-12-1979 00:00,457.1,2
03-12-1979 00:00,436.6,2
04-12-1979 00:00,495.2,2
05-12-1979 00:00,495.2,2
06-12-1979 00:00,538.9,2
07-12-1979 00:00,538.9,2
08-12-1979 00:00,504.3,2
09-12-1979 00:00,495.2,2
10-12-1979 00:00,447,2
11-12-1979 00:00,495.2,2
12-12-1979 00:00,500,2
13-12-1979 00:00,504.3,2
14-12-1979 00:00,547.1,2
15-12-1979 00:00,547.1,2
16-12-1979 00:00,586.6,2
17-12-1979 00:00,586.6,2
18-12-1979 00:00,1173,2
19-12-1979 00:00,2507,2
20-12-1979 00:00,3334,2
21-12-1979 00:00,3522,2
22-12-1979 00:00,3867,2
23-12-1979 00:00,3954,2
24-12-1979 00:00,3896,2
25-12-1979 00:00,3937,2
26-12-1979 00:00,3926,2
27-12-1979 00:00,3842,2
28-12-1979 00:00,3861,2
29-12-1979 00:00,3896,2
30-12-1979 00:00,3910,2
31-12-1979 00:00,3943,2
01-01-1980 00:00,4112,2
02-01-1980 00:00,4087,2
03-01-1980 00:00,4063,2
04-01-1980 00:00,4063,2
05-01-1980 00:00,4063,2
06-01-1980 00:00,4135,2
07-01-1980 00:00,4101,2
08-01-1980 00:00,4063,2
09-01-1980 00:00,3941,2
10-01-1980 00:00,3361,2
11-01-1980 00:00,3279,2
12-01-1980 00:00,3311,2
13-01-1980 00:00,3262,2
14-01-1980 00:00,3257,2
15-01-1980 00:00,3244,2
16-01-1980 00:00,3195,2
17-01-1980 00:00,2903,2
18-01-1980 00:00,2424,2
19-01-1980 00:00,2415,2
20-01-1980 00:00,2326,2
21-01-1980 00:00,2064,2
22-01-1980 00:00,1454,2
23-01-1980 00:00,1454,2
24-01-1980 00:00,1454,2
25-01-1980 00:00,1454,2
26-01-1980 00:00,1471,2
27-01-1980 00:00,1454,2
28-01-1980 00:00,1471,2
29-01-1980 00:00,1471,2
30-01-1980 00:00,1454,2
31-01-1980 00:00,1454,2
01-02-1980 00:00,1454,2
02-02-1980 00:00,1438,2
03-02-1980 00:00,1438,2
04-02-1980 00:00,1454,2
05-02-1980 00:00,1454,2
06-02-1980 00:00,1454,2
07-02-1980 00:00,1438,2
08-02-1980 00:00,1630,2
09-02-1980 00:00,1770,2
10-02-1980 00:00,1728,2
11-02-1980 00:00,1860,2
12-02-1980 00:00,2056,2
13-02-1980 00:00,2008,2
14-02-1980 00:00,2008,2
15-02-1980 00:00,2056,2
16-02-1980 00:00,2008,2
17-02-1980 00:00,2008,2
18-02-1980 00:00,1959,2
19-02-1980 00:00,2008,2
20-02-1980 00:00,1959,2
21-02-1980 00:00,2008,2
22-02-1980 00:00,2008,2
23-02-1980 00:00,2008,2
24-02-1980 00:00,1959,2
25-02-1980 00:00,1959,2
26-02-1980 00:00,1959,2
27-02-1980 00:00,1959,2
28-02-1980 00:00,1959,2
29-02-1980 00:00,1959,2
01-03-1980 00:00,1959,2
02-03-1980 00:00,2008,2
03-03-1980 00:00,2008,2
04-03-1980 00:00,2008,2
05-03-1980 00:00,2008,2
06-03-1980 00:00,2056,2
07-03-1980 00:00,2056,2
08-03-1980 00:00,1959,2
09-03-1980 00:00,1909,2
10-03-1980 00:00,1858,2
11-03-1980 00:00,2008,2
12-03-1980 00:00,2056,2
13-03-1980 00:00,2102,2
14-03-1980 00:00,2056,2
15-03-1980 00:00,2102,2
16-03-1980 00:00,2056,2
17-03-1980 00:00,2056,2
18-03-1980 00:00,2056,2
19-03-1980 00:00,2008,2
20-03-1980 00:00,2008,2
21-03-1980 00:00,2056,2
22-03-1980 00:00,2056,2
23-03-1980 00:00,2008,2
24-03-1980 00:00,2008,2
25-03-1980 00:00,2056,2
26-03-1980 00:00,2008,2
27-03-1980 00:00,2008,2
28-03-1980 00:00,1440,2
29-03-1980 00:00,716.1,2
30-03-1980 00:00,701.9,2
31-03-1980 00:00,701.9,2
01-04-1980 00:00,455,2
02-04-1980 00:00,286,2
03-04-1980 00:00,261.5,2
04-04-1980 00:00,245.3,2
05-04-1980 00:00,276.7,2
06-04-1980 00:00,269.2,2
07-04-1980 00:00,261.5,2
08-04-1980 00:00,284,2
09-04-1980 00:00,284,2
10-04-1980 00:00,276.7,2
11-04-1980 00:00,403,2
12-04-1980 00:00,633.8,2
13-04-1980 00:00,657.4,2
14-04-1980 00:00,672.6,2
15-04-1980 00:00,694.7,2
16-04-1980 00:00,701.9,2
17-04-1980 00:00,694.7,2
18-04-1980 00:00,701.9,2
19-04-1980 00:00,701.9,2
20-04-1980 00:00,832.1,2
21-04-1980 00:00,789.2,2
22-04-1980 00:00,687.4,2
23-04-1980 00:00,518.4,2
24-04-1980 00:00,392.5,2
25-04-1980 00:00,633.8,2
26-04-1980 00:00,633.8,2
27-04-1980 00:00,617.6,2
28-04-1980 00:00,617.6,2
29-04-1980 00:00,609.3,2
30-04-1980 00:00,609.3,2
01-05-1980 00:00,628,2
02-05-1980 00:00,638.4,2
03-05-1980 00:00,638.4,2
04-05-1980 00:00,629.3,2
05-05-1980 00:00,629.3,2
06-05-1980 00:00,629.3,2
07-05-1980 00:00,638.4,2
08-05-1980 00:00,620.1,2
09-05-1980 00:00,629.3,2
10-05-1980 00:00,629.3,2
11-05-1980 00:00,620.1,2
12-05-1980 00:00,647.4,2
13-05-1980 00:00,638.4,2
14-05-1980 00:00,629.3,2
15-05-1980 00:00,620.1,2
16-05-1980 00:00,638.4,2
17-05-1980 00:00,620.1,2
18-05-1980 00:00,610.7,2
19-05-1980 00:00,629.3,2
20-05-1980 00:00,601.2,2
21-05-1980 00:00,629.3,2
22-05-1980 00:00,629.3,2
23-05-1980 00:00,610.7,2
24-05-1980 00:00,581.6,2
25-05-1980 00:00,581.6,2
26-05-1980 00:00,581.6,2
27-05-1980 00:00,610.7,2
28-05-1980 00:00,591.5,2
29-05-1980 00:00,601.2,2
30-05-1980 00:00,610.7,2
31-05-1980 00:00,601.2,2
01-06-1980 00:00,610.7,2
02-06-1980 00:00,610.7,2
03-06-1980 00:00,601.2,2
04-06-1980 00:00,601.2,2
05-06-1980 00:00,591.5,2
06-06-1980 00:00,610.7,2
07-06-1980 00:00,638.4,2
08-06-1980 00:00,673.4,2
09-06-1980 00:00,673.4,2
10-06-1980 00:00,673.4,2
11-06-1980 00:00,673.4,2
12-06-1980 00:00,664.9,2
13-06-1980 00:00,706.6,2
14-06-1980 00:00,714.6,2
15-06-1980 00:00,714.6,2
16-06-1980 00:00,722.5,2
17-06-1980 00:00,714.6,2
18-06-1980 00:00,690.2,2
19-06-1980 00:00,714.6,2
20-06-1980 00:00,698.5,2
21-06-1980 00:00,714.6,2
22-06-1980 00:00,722.5,2
23-06-1980 00:00,722.5,2
24-06-1980 00:00,730.4,2
25-06-1980 00:00,730.4,2
26-06-1980 00:00,722.5,2
27-06-1980 00:00,714.6,2
28-06-1980 00:00,690.2,2
29-06-1980 00:00,706.6,2
30-06-1980 00:00,698.5,2
01-07-1980 00:00,664.9,2
02-07-1980 00:00,673.4,2
03-07-1980 00:00,673.4,2
04-07-1980 00:00,664.9,2
05-07-1980 00:00,656.2,2
06-07-1980 00:00,656.2,2
07-07-1980 00:00,610.7,2
08-07-1980 00:00,581.6,2
09-07-1980 00:00,581.6,2
10-07-1980 00:00,591.5,2
11-07-1980 00:00,647.4,2
12-07-1980 00:00,681.9,2
13-07-1980 00:00,681.9,2
14-07-1980 00:00,673.4,2
15-07-1980 00:00,0,2
16-07-1980 00:00,246,2
17-07-1980 00:00,530.1,2
18-07-1980 00:00,900,2
19-07-1980 00:00,1336,2
20-07-1980 00:00,1318,2
21-07-1980 00:00,1590,2
22-07-1980 00:00,1941,2
23-07-1980 00:00,1941,2
24-07-1980 00:00,1941,2
25-07-1980 00:00,1925,2
26-07-1980 00:00,1925,2
27-07-1980 00:00,1925,2
28-07-1980 00:00,1925,2
29-07-1980 00:00,1925,2
30-07-1980 00:00,1892,2
31-07-1980 00:00,1875,2
01-08-1980 00:00,1892,2
02-08-1980 00:00,1908,2
03-08-1980 00:00,1908,2
04-08-1980 00:00,1892,2
05-08-1980 00:00,2050,2
06-08-1980 00:00,2206,2
07-08-1980 00:00,2151,2
08-08-1980 00:00,2178,2
09-08-1980 00:00,2151,2
10-08-1980 00:00,2178,2
11-08-1980 00:00,2151,2
12-08-1980 00:00,2123,2
13-08-1980 00:00,2123,2
14-08-1980 00:00,2123,2
15-08-1980 00:00,2123,2
16-08-1980 00:00,2094,2
17-08-1980 00:00,2123,2
18-08-1980 00:00,2065,2
19-08-1980 00:00,2065,2
20-08-1980 00:00,2006,2
21-08-1980 00:00,1976,2
22-08-1980 00:00,1782,2
23-08-1980 00:00,1747,2
24-08-1980 00:00,1747,2
25-08-1980 00:00,1849,2
26-08-1980 00:00,1881,2
27-08-1980 00:00,1881,2
28-08-1980 00:00,1913,2
29-08-1980 00:00,1945,2
30-08-1980 00:00,1913,2
31-08-1980 00:00,1881,2
01-09-1980 00:00,1881,2
02-09-1980 00:00,1849,2
03-09-1980 00:00,1816,2
04-09-1980 00:00,1816,2
05-09-1980 00:00,1849,2
06-09-1980 00:00,1816,2
07-09-1980 00:00,1782,2
08-09-1980 00:00,1782,2
09-09-1980 00:00,1816,2
10-09-1980 00:00,1816,2
11-09-1980 00:00,1747,2
12-09-1980 00:00,1816,2
13-09-1980 00:00,1782,2
14-09-1980 00:00,1747,2
15-09-1980 00:00,1782,2
16-09-1980 00:00,1849,2
17-09-1980 00:00,1849,2
18-09-1980 00:00,1913,2
19-09-1980 00:00,1913,2
20-09-1980 00:00,1881,2
21-09-1980 00:00,1913,2
22-09-1980 00:00,1881,2
23-09-1980 00:00,1881,2
24-09-1980 00:00,1881,2
25-09-1980 00:00,1881,2
26-09-1980 00:00,1849,2
27-09-1980 00:00,1816,2
28-09-1980 00:00,1849,2
29-09-1980 00:00,1849,2
30-09-1980 00:00,1747,2
01-10-1980 00:00,1747,2
02-10-1980 00:00,1639,2
03-10-1980 00:00,1747,2
04-10-1980 00:00,1747,2
05-10-1980 00:00,1747,2
06-10-1980 00:00,1750,2
07-10-1980 00:00,1746,2
08-10-1980 00:00,1746,2
09-10-1980 00:00,1788,2
10-10-1980 00:00,1746,2
11-10-1980 00:00,1788,2
12-10-1980 00:00,1746,2
13-10-1980 00:00,1746,2
14-10-1980 00:00,1704,2
15-10-1980 00:00,1746,2
16-10-1980 00:00,1746,2
17-10-1980 00:00,1746,2
18-10-1980 00:00,1746,2
19-10-1980 00:00,1704,2
20-10-1980 00:00,1867,2
21-10-1980 00:00,2188,2
22-10-1980 00:00,1746,2
23-10-1980 00:00,1788,2
24-10-1980 00:00,1828,2
25-10-1980 00:00,1788,2
26-10-1980 00:00,1828,2
27-10-1980 00:00,1828,2
28-10-1980 00:00,1867,2
29-10-1980 00:00,1867,2
30-10-1980 00:00,1910,2
31-10-1980 00:00,1966,2
01-11-1980 00:00,1966,2
02-11-1980 00:00,1966,2
03-11-1980 00:00,2060,2
04-11-1980 00:00,2210,2
05-11-1980 00:00,2256,2
06-11-1980 00:00,2256,2
07-11-1980 00:00,2256,2
08-11-1980 00:00,2210,2
09-11-1980 00:00,2163,2
10-11-1980 00:00,2163,2
11-11-1980 00:00,2163,2
12-11-1980 00:00,2163,2
13-11-1980 00:00,2163,2
14-11-1980 00:00,2210,2
15-11-1980 00:00,2256,2
16-11-1980 00:00,2210,2
17-11-1980 00:00,2256,2
18-11-1980 00:00,2814,2
19-11-1980 00:00,2840,2
20-11-1980 00:00,2929,2
21-11-1980 00:00,2840,2
22-11-1980 00:00,2929,2
23-11-1980 00:00,2840,2
24-11-1980 00:00,3611,2
25-11-1980 00:00,3827,2
26-11-1980 00:00,4000,2
27-11-1980 00:00,4088,2
28-11-1980 00:00,4072,2
29-11-1980 00:00,4204,2
30-11-1980 00:00,4206,2
01-12-1980 00:00,4155,2
02-12-1980 00:00,4062,2
03-12-1980 00:00,4065,2
04-12-1980 00:00,4060,2
05-12-1980 00:00,4103,2
06-12-1980 00:00,4079,2
07-12-1980 00:00,4035,2
08-12-1980 00:00,4000,2
09-12-1980 00:00,3959,2
10-12-1980 00:00,3970,2
11-12-1980 00:00,4002,2
12-12-1980 00:00,4118,2
13-12-1980 00:00,4211,2
14-12-1980 00:00,4209,2
15-12-1980 00:00,4306,2
16-12-1980 00:00,4374,2
17-12-1980 00:00,4462,2
18-12-1980 00:00,4587,2
19-12-1980 00:00,4664,2
20-12-1980 00:00,4807,2
21-12-1980 00:00,4876,2
22-12-1980 00:00,4944,2
23-12-1980 00:00,4829,2
24-12-1980 00:00,4835,2
25-12-1980 00:00,4909,2
26-12-1980 00:00,4960,2
27-12-1980 00:00,4955,2
28-12-1980 00:00,4970,2
29-12-1980 00:00,4985,2
30-12-1980 00:00,4934,2
31-12-1980 00:00,4869,2
01-01-1981 00:00,4272,2
02-01-1981 00:00,4400,2
03-01-1981 00:00,4550,2
04-01-1981 00:00,4700,2
05-01-1981 00:00,4800,2
06-01-1981 00:00,4945,2
07-01-1981 00:00,4892,2
08-01-1981 00:00,4838,2
09-01-1981 00:00,4832,2
10-01-1981 00:00,4825,2
11-01-1981 00:00,4825,2
12-01-1981 00:00,4825,2
13-01-1981 00:00,4818,2
14-01-1981 00:00,4818,2
15-01-1981 00:00,4818,2
16-01-1981 00:00,4818,2
17-01-1981 00:00,4818,2
18-01-1981 00:00,4825,2
19-01-1981 00:00,4785,2
20-01-1981 00:00,4792,2
21-01-1981 00:00,4745,2
22-01-1981 00:00,4645,2
23-01-1981 00:00,4652,2
24-01-1981 00:00,4652,2
25-01-1981 00:00,4652,2
26-01-1981 00:00,4652,2
27-01-1981 00:00,4608,2
28-01-1981 00:00,4608,2
29-01-1981 00:00,4618,2
30-01-1981 00:00,4553,2
31-01-1981 00:00,4553,2
01-02-1981 00:00,4553,2
02-02-1981 00:00,4478,2
03-02-1981 00:00,4544,2
04-02-1981 00:00,4698,2
05-02-1981 00:00,4752,2
06-02-1981 00:00,4805,2
07-02-1981 00:00,4752,2
08-02-1981 00:00,4652,2
09-02-1981 00:00,4952,2
10-02-1981 00:00,5105,2
11-02-1981 00:00,4945,2
12-02-1981 00:00,5005,2
13-02-1981 00:00,5212,2
14-02-1981 00:00,4952,2
15-02-1981 00:00,4832,2
16-02-1981 00:00,4832,2
17-02-1981 00:00,4832,2
18-02-1981 00:00,4838,2
19-02-1981 00:00,4838,2
20-02-1981 00:00,4752,2
21-02-1981 00:00,4334,2
22-02-1981 00:00,4544,2
23-02-1981 00:00,4544,2
24-02-1981 00:00,4544,2
25-02-1981 00:00,4562,2
26-02-1981 00:00,4504,2
27-02-1981 00:00,4429,2
28-02-1981 00:00,4354,2
01-03-1981 00:00,4424,2
02-03-1981 00:00,4355,2
03-03-1981 00:00,4118,2
04-03-1981 00:00,2828,2
05-03-1981 00:00,1746,2
06-03-1981 00:00,1559,2
07-03-1981 00:00,3565,2
08-03-1981 00:00,4562,2
09-03-1981 00:00,4495,2
10-03-1981 00:00,4628,2
11-03-1981 00:00,4845,2
12-03-1981 00:00,4752,2
13-03-1981 00:00,4752,2
14-03-1981 00:00,4752,2
15-03-1981 00:00,4752,2
16-03-1981 00:00,4758,2
17-03-1981 00:00,4670,2
18-03-1981 00:00,4670,2
19-03-1981 00:00,4618,2
20-03-1981 00:00,4661,2
21-03-1981 00:00,4661,2
22-03-1981 00:00,4698,2
23-03-1981 00:00,4652,2
24-03-1981 00:00,4738,2
25-03-1981 00:00,4798,2
26-03-1981 00:00,4812,2
27-03-1981 00:00,4852,2
28-03-1981 00:00,4945,2
29-03-1981 00:00,5032,2
30-03-1981 00:00,4825,2
31-03-1981 00:00,4758,2
01-04-1981 00:00,4905,2
02-04-1981 00:00,4778,2
03-04-1981 00:00,4652,2
04-04-1981 00:00,4628,2
05-04-1981 00:00,4553,2
06-04-1981 00:00,4486,2
07-04-1981 00:00,4429,2
08-04-1981 00:00,4440,2
09-04-1981 00:00,4298,2
10-04-1981 00:00,4312,2
11-04-1981 00:00,4277,2
12-04-1981 00:00,4242,2
13-04-1981 00:00,4152,2
14-04-1981 00:00,4085,2
15-04-1981 00:00,3949,2
16-04-1981 00:00,3949,2
17-04-1981 00:00,3883,2
18-04-1981 00:00,3799,2
19-04-1981 00:00,3829,2
20-04-1981 00:00,3719,2
21-04-1981 00:00,3308,2
22-04-1981 00:00,2786,2
23-04-1981 00:00,2786,2
24-04-1981 00:00,2786,2
25-04-1981 00:00,2786,2
26-04-1981 00:00,2786,2
27-04-1981 00:00,2442,2
28-04-1981 00:00,1526,2
29-04-1981 00:00,1346,2
30-04-1981 00:00,1329,2
01-05-1981 00:00,1329,2
02-05-1981 00:00,1312,2
03-05-1981 00:00,1276,2
04-05-1981 00:00,1294,2
05-05-1981 00:00,1329,2
06-05-1981 00:00,1346,2
07-05-1981 00:00,1346,2
08-05-1981 00:00,1363,2
09-05-1981 00:00,1346,2
10-05-1981 00:00,1346,2
11-05-1981 00:00,1294,2
12-05-1981 00:00,1202,2
13-05-1981 00:00,1258,2
14-05-1981 00:00,1221,2
15-05-1981 00:00,1221,2
16-05-1981 00:00,1221,2
17-05-1981 00:00,1221,2
18-05-1981 00:00,1225,2
19-05-1981 00:00,1225,2
20-05-1981 00:00,1225,2
21-05-1981 00:00,1225,2
22-05-1981 00:00,1225,2
23-05-1981 00:00,1225,2
24-05-1981 00:00,1225,2
25-05-1981 00:00,1225,2
26-05-1981 00:00,1258,2
27-05-1981 00:00,1221,2
28-05-1981 00:00,1221,2
29-05-1981 00:00,1221,2
30-05-1981 00:00,1221,2
31-05-1981 00:00,1221,2
01-06-1981 00:00,1258,2
02-06-1981 00:00,1240,2
03-06-1981 00:00,1202,2
04-06-1981 00:00,1183,2
05-06-1981 00:00,1183,2
06-06-1981 00:00,1163,2
07-06-1981 00:00,1122,2
08-06-1981 00:00,1122,2
09-06-1981 00:00,1122,2
10-06-1981 00:00,1058,2
11-06-1981 00:00,1080,2
12-06-1981 00:00,1058,2
13-06-1981 00:00,1036,2
14-06-1981 00:00,1080,2
15-06-1981 00:00,1101,2
16-06-1981 00:00,1101,2
17-06-1981 00:00,1163,2
18-06-1981 00:00,1183,2
19-06-1981 00:00,1183,2
20-06-1981 00:00,1143,2
21-06-1981 00:00,1143,2
22-06-1981 00:00,1122,2
23-06-1981 00:00,1143,2
24-06-1981 00:00,1143,2
25-06-1981 00:00,1122,2
26-06-1981 00:00,1080,2
27-06-1981 00:00,1101,2
28-06-1981 00:00,1101,2
29-06-1981 00:00,1058,2
30-06-1981 00:00,400,2
01-07-1981 00:00,0,2
02-07-1981 00:00,0,2
03-07-1981 00:00,0,2
04-07-1981 00:00,80,2
05-07-1981 00:00,804.9,2
06-07-1981 00:00,1058,2
07-07-1981 00:00,1058,2
08-07-1981 00:00,1080,2
09-07-1981 00:00,1050,2
10-07-1981 00:00,989.1,2
11-07-1981 00:00,987.2,2
12-07-1981 00:00,989.1,2
13-07-1981 00:00,985.3,2
14-07-1981 00:00,981.3,2
15-07-1981 00:00,970.8,2
16-07-1981 00:00,977.5,2
17-07-1981 00:00,969.5,2
18-07-1981 00:00,972.6,2
19-07-1981 00:00,974.6,2
20-07-1981 00:00,965.9,2
21-07-1981 00:00,804.9,2
22-07-1981 00:00,834,2
23-07-1981 00:00,804.9,2
24-07-1981 00:00,804.9,2
25-07-1981 00:00,774.5,2
26-07-1981 00:00,804.9,2
27-07-1981 00:00,834,2
28-07-1981 00:00,804.9,2
29-07-1981 00:00,834,2
30-07-1981 00:00,862.1,2
31-07-1981 00:00,862.1,2
01-08-1981 00:00,862.1,2
02-08-1981 00:00,889.2,2
03-08-1981 00:00,1036,2
04-08-1981 00:00,1163,2
05-08-1981 00:00,1183,2
06-08-1981 00:00,1183,2
07-08-1981 00:00,1163,2
08-08-1981 00:00,1202,2
09-08-1981 00:00,1202,2
10-08-1981 00:00,1202,2
11-08-1981 00:00,1202,2
12-08-1981 00:00,1183,2
13-08-1981 00:00,1183,2
14-08-1981 00:00,1221,2
15-08-1981 00:00,1183,2
16-08-1981 00:00,1163,2
17-08-1981 00:00,1122,2
18-08-1981 00:00,1163,2
19-08-1981 00:00,1202,2
20-08-1981 00:00,1183,2
21-08-1981 00:00,1163,2
22-08-1981 00:00,1101,2
23-08-1981 00:00,1080,2
24-08-1981 00:00,1122,2
25-08-1981 00:00,1143,2
26-08-1981 00:00,1221,2
27-08-1981 00:00,1258,2
28-08-1981 00:00,1202,2
29-08-1981 00:00,1221,2
30-08-1981 00:00,1202,2
31-08-1981 00:00,1221,2
01-09-1981 00:00,1101,2
02-09-1981 00:00,1080,2
03-09-1981 00:00,1122,2
04-09-1981 00:00,1122,2
05-09-1981 00:00,1122,2
06-09-1981 00:00,1122,2
07-09-1981 00:00,1122,2
08-09-1981 00:00,1122,2
09-09-1981 00:00,1122,2
10-09-1981 00:00,1122,2
11-09-1981 00:00,1101,2
12-09-1981 00:00,1080,2
13-09-1981 00:00,1058,2
14-09-1981 00:00,1101,2
15-09-1981 00:00,1122,2
16-09-1981 00:00,1122,2
17-09-1981 00:00,1143,2
18-09-1981 00:00,1101,2
19-09-1981 00:00,1080,2
20-09-1981 00:00,1036,2
21-09-1981 00:00,1058,2
22-09-1981 00:00,1036,2
23-09-1981 00:00,1080,2
24-09-1981 00:00,1058,2
25-09-1981 00:00,1080,2
26-09-1981 00:00,1080,2
27-09-1981 00:00,1101,2
28-09-1981 00:00,1101,2
29-09-1981 00:00,1058,2
30-09-1981 00:00,1058,2
01-10-1981 00:00,1036,2
02-10-1981 00:00,1036,2
03-10-1981 00:00,1036,2
04-10-1981 00:00,1036,2
05-10-1981 00:00,1058,2
06-10-1981 00:00,1036,2
07-10-1981 00:00,1036,2
08-10-1981 00:00,1036,2
09-10-1981 00:00,1036,2
10-10-1981 00:00,989.8,2
11-10-1981 00:00,1036,2
12-10-1981 00:00,1080,2
13-10-1981 00:00,1122,2
14-10-1981 00:00,1036,2
15-10-1981 00:00,1101,2
16-10-1981 00:00,1058,2
17-10-1981 00:00,1058,2
18-10-1981 00:00,1036,2
19-10-1981 00:00,1058,2
20-10-1981 00:00,1122,2
21-10-1981 00:00,1143,2
22-10-1981 00:00,1143,2
23-10-1981 00:00,1143,2
24-10-1981 00:00,1101,2
25-10-1981 00:00,1122,2
26-10-1981 00:00,1202,2
27-10-1981 00:00,1183,2
28-10-1981 00:00,1202,2
29-10-1981 00:00,1202,2
30-10-1981 00:00,1122,2
31-10-1981 00:00,1221,2
01-11-1981 00:00,1240,2
02-11-1981 00:00,1666,2
03-11-1981 00:00,2979,2
04-11-1981 00:00,3233,2
05-11-1981 00:00,3225,2
06-11-1981 00:00,3332,2
07-11-1981 00:00,3359,2
08-11-1981 00:00,3335,2
09-11-1981 00:00,3412,2
10-11-1981 00:00,3295,2
11-11-1981 00:00,3372,2
12-11-1981 00:00,3465,2
13-11-1981 00:00,3319,2
14-11-1981 00:00,3415,2
15-11-1981 00:00,3401,2
16-11-1981 00:00,3401,2
17-11-1981 00:00,3401,2
18-11-1981 00:00,3332,2
19-11-1981 00:00,3295,2
20-11-1981 00:00,3332,2
21-11-1981 00:00,3025,2
22-11-1981 00:00,3199,2
23-11-1981 00:00,3225,2
24-11-1981 00:00,2655,2
25-11-1981 00:00,1328,2
26-11-1981 00:00,2851,2
27-11-1981 00:00,3647,2
28-11-1981 00:00,3665,2
29-11-1981 00:00,3699,2
30-11-1981 00:00,3932,2
01-12-1981 00:00,3865,2
02-12-1981 00:00,3239,2
03-12-1981 00:00,4006,2
04-12-1981 00:00,4093,2
05-12-1981 00:00,4212,2
06-12-1981 00:00,4336,2
07-12-1981 00:00,4258,2
08-12-1981 00:00,4365,2
09-12-1981 00:00,4344,2
10-12-1981 00:00,4294,2
11-12-1981 00:00,4322,2
12-12-1981 00:00,4270,2
13-12-1981 00:00,4280,2
14-12-1981 00:00,4224,2
15-12-1981 00:00,4238,2
16-12-1981 00:00,4178,2
17-12-1981 00:00,4129,2
18-12-1981 00:00,3732,2
19-12-1981 00:00,2703,2
20-12-1981 00:00,2747,2
21-12-1981 00:00,2336,2
22-12-1981 00:00,2000,2
23-12-1981 00:00,1700,2
24-12-1981 00:00,1333,2
25-12-1981 00:00,1366,2
26-12-1981 00:00,3505,2
27-12-1981 00:00,4096,2
28-12-1981 00:00,4054,2
29-12-1981 00:00,3965,2
30-12-1981 00:00,3896,2
31-12-1981 00:00,3864,2
01-01-1982 00:00,4786,2
02-01-1982 00:00,4741,2
03-01-1982 00:00,4786,2
04-01-1982 00:00,4800,2
05-01-1982 00:00,3511,2
06-01-1982 00:00,1807,2
07-01-1982 00:00,1807,2
08-01-1982 00:00,1790,2
09-01-1982 00:00,1772,2
10-01-1982 00:00,1754,2
11-01-1982 00:00,1736,2
12-01-1982 00:00,1736,2
13-01-1982 00:00,1736,2
14-01-1982 00:00,1736,2
15-01-1982 00:00,1736,2
16-01-1982 00:00,1736,2
17-01-1982 00:00,1736,2
18-01-1982 00:00,1718,2
19-01-1982 00:00,1736,2
20-01-1982 00:00,1736,2
21-01-1982 00:00,1736,2
22-01-1982 00:00,1718,2
23-01-1982 00:00,1718,2
24-01-1982 00:00,1700,2
25-01-1982 00:00,1681,2
26-01-1982 00:00,4179,2
27-01-1982 00:00,4750,2
28-01-1982 00:00,4777,2
29-01-1982 00:00,4804,2
30-01-1982 00:00,4786,2
31-01-1982 00:00,4758,2
01-02-1982 00:00,4707,2
02-02-1982 00:00,3178,2
03-02-1982 00:00,1790,2
04-02-1982 00:00,1790,2
05-02-1982 00:00,1790,2
06-02-1982 00:00,1790,2
07-02-1982 00:00,1790,2
08-02-1982 00:00,3440,2
09-02-1982 00:00,4724,2
10-02-1982 00:00,4711,2
11-02-1982 00:00,4775,2
12-02-1982 00:00,4837,2
13-02-1982 00:00,4904,2
14-02-1982 00:00,4957,2
15-02-1982 00:00,4940,2
16-02-1982 00:00,4819,2
17-02-1982 00:00,4905,2
18-02-1982 00:00,4236,2
19-02-1982 00:00,1848,2
20-02-1982 00:00,1827,2
21-02-1982 00:00,1805,2
22-02-1982 00:00,1800,2
23-02-1982 00:00,1790,2
24-02-1982 00:00,1790,2
25-02-1982 00:00,1790,2
26-02-1982 00:00,1772,2
27-02-1982 00:00,1772,2
28-02-1982 00:00,1790,2
01-03-1982 00:00,4006,2
02-03-1982 00:00,4883,2
03-03-1982 00:00,4873,2
04-03-1982 00:00,4908,2
05-03-1982 00:00,4898,2
06-03-1982 00:00,4843,2
07-03-1982 00:00,4832,2
08-03-1982 00:00,4780,2
09-03-1982 00:00,4777,2
10-03-1982 00:00,4703,2
11-03-1982 00:00,4616,2
12-03-1982 00:00,4669,2
13-03-1982 00:00,4675,2
14-03-1982 00:00,4792,2
15-03-1982 00:00,4785,2
16-03-1982 00:00,4777,2
17-03-1982 00:00,4783,2
18-03-1982 00:00,4788,2
19-03-1982 00:00,4781,2
20-03-1982 00:00,4835,2
21-03-1982 00:00,4791,2
22-03-1982 00:00,4736,2
23-03-1982 00:00,4700,2
24-03-1982 00:00,4661,2
25-03-1982 00:00,4538,2
26-03-1982 00:00,4522,2
27-03-1982 00:00,4511,2
28-03-1982 00:00,4507,2
29-03-1982 00:00,4480,2
30-03-1982 00:00,4469,2
31-03-1982 00:00,4438,2
01-04-1982 00:00,3507,2
02-04-1982 00:00,1807,2
03-04-1982 00:00,1790,2
04-04-1982 00:00,1790,2
05-04-1982 00:00,1807,2
06-04-1982 00:00,1807,2
07-04-1982 00:00,1790,2
08-04-1982 00:00,1736,2
09-04-1982 00:00,1736,2
10-04-1982 00:00,1772,2
11-04-1982 00:00,1754,2
12-04-1982 00:00,1772,2
13-04-1982 00:00,1859,2
14-04-1982 00:00,1681,2
15-04-1982 00:00,1564,2
16-04-1982 00:00,1681,2
17-04-1982 00:00,1790,2
18-04-1982 00:00,1790,2
19-04-1982 00:00,1700,2
20-04-1982 00:00,1480,2
21-04-1982 00:00,1437,2
22-04-1982 00:00,1414,2
23-04-1982 00:00,1391,2
24-04-1982 00:00,1414,2
25-04-1982 00:00,1437,2
26-04-1982 00:00,1502,2
27-04-1982 00:00,1544,2
28-04-1982 00:00,1523,2
29-04-1982 00:00,1502,2
30-04-1982 00:00,1480,2
01-05-1982 00:00,1502,2
02-05-1982 00:00,1502,2
03-05-1982 00:00,1502,2
04-05-1982 00:00,1480,2
05-05-1982 00:00,1544,2
06-05-1982 00:00,1544,2
07-05-1982 00:00,1544,2
08-05-1982 00:00,1544,2
09-05-1982 00:00,1459,2
10-05-1982 00:00,1523,2
11-05-1982 00:00,1544,2
12-05-1982 00:00,1544,2
13-05-1982 00:00,1523,2
14-05-1982 00:00,1523,2
15-05-1982 00:00,1502,2
16-05-1982 00:00,1502,2
17-05-1982 00:00,1462,2
18-05-1982 00:00,1443,2
19-05-1982 00:00,1443,2
20-05-1982 00:00,1431,2
21-05-1982 00:00,1431,2
22-05-1982 00:00,1419,2
23-05-1982 00:00,1419,2
24-05-1982 00:00,1406,2
25-05-1982 00:00,1431,2
26-05-1982 00:00,1431,2
27-05-1982 00:00,1431,2
28-05-1982 00:00,1419,2
29-05-1982 00:00,1419,2
30-05-1982 00:00,1406,2
31-05-1982 00:00,1419,2
01-06-1982 00:00,1419,2
02-06-1982 00:00,1431,2
03-06-1982 00:00,1419,2
04-06-1982 00:00,1419,2
05-06-1982 00:00,1406,2
06-06-1982 00:00,1406,2
07-06-1982 00:00,1419,2
08-06-1982 00:00,1381,2
09-06-1982 00:00,1381,2
10-06-1982 00:00,1368,2
11-06-1982 00:00,1368,2
12-06-1982 00:00,1355,2
13-06-1982 00:00,1355,2
14-06-1982 00:00,1381,2
15-06-1982 00:00,1355,2
16-06-1982 00:00,1368,2
17-06-1982 00:00,1342,2
18-06-1982 00:00,1342,2
19-06-1982 00:00,1316,2
20-06-1982 00:00,1288,2
21-06-1982 00:00,1288,2
22-06-1982 00:00,1316,2
23-06-1982 00:00,1329,2
24-06-1982 00:00,1329,2
25-06-1982 00:00,1316,2
26-06-1982 00:00,1329,2
27-06-1982 00:00,1302,2
28-06-1982 00:00,1316,2
29-06-1982 00:00,1342,2
30-06-1982 00:00,1329,2
01-07-1982 00:00,1302,2
02-07-1982 00:00,1288,2
03-07-1982 00:00,1261,2
04-07-1982 00:00,1232,2
05-07-1982 00:00,1218,2
06-07-1982 00:00,1261,2
07-07-1982 00:00,1246,2
08-07-1982 00:00,1246,2
09-07-1982 00:00,1173,2
10-07-1982 00:00,972.1,2
11-07-1982 00:00,448.9,2
12-07-1982 00:00,1061,2
13-07-1982 00:00,1316,2
14-07-1982 00:00,1329,2
15-07-1982 00:00,1329,2
16-07-1982 00:00,1316,2
17-07-1982 00:00,1316,2
18-07-1982 00:00,1302,2
19-07-1982 00:00,1288,2
20-07-1982 00:00,1302,2
21-07-1982 00:00,1288,2
22-07-1982 00:00,1275,2
23-07-1982 00:00,1275,2
24-07-1982 00:00,1288,2
25-07-1982 00:00,1302,2
26-07-1982 00:00,1275,2
27-07-1982 00:00,1240,2
28-07-1982 00:00,1217,2
29-07-1982 00:00,1237,2
30-07-1982 00:00,1276,2
31-07-1982 00:00,1257,2
01-08-1982 00:00,1257,2
02-08-1982 00:00,1276,2
03-08-1982 00:00,1237,2
04-08-1982 00:00,1257,2
05-08-1982 00:00,1257,2
06-08-1982 00:00,1257,2
07-08-1982 00:00,1257,2
08-08-1982 00:00,1257,2
09-08-1982 00:00,1197,2
10-08-1982 00:00,1176,2
11-08-1982 00:00,1197,2
12-08-1982 00:00,1197,2
13-08-1982 00:00,1176,2
14-08-1982 00:00,1043,2
15-08-1982 00:00,1089,2
16-08-1982 00:00,1089,2
17-08-1982 00:00,1089,2
18-08-1982 00:00,1112,2
19-08-1982 00:00,1112,2
20-08-1982 00:00,1197,2
21-08-1982 00:00,1237,2
22-08-1982 00:00,1155,2
23-08-1982 00:00,1089,2
24-08-1982 00:00,1043,2
25-08-1982 00:00,1043,2
26-08-1982 00:00,1043,2
27-08-1982 00:00,1043,2
28-08-1982 00:00,1043,2
29-08-1982 00:00,1066,2
30-08-1982 00:00,1066,2
31-08-1982 00:00,1066,2
01-09-1982 00:00,1089,2
02-09-1982 00:00,1158,2
03-09-1982 00:00,1134,2
04-09-1982 00:00,1112,2
05-09-1982 00:00,1089,2
06-09-1982 00:00,1089,2
07-09-1982 00:00,1043,2
08-09-1982 00:00,1043,2
09-09-1982 00:00,1043,2
10-09-1982 00:00,1043,2
11-09-1982 00:00,1043,2
12-09-1982 00:00,1043,2
13-09-1982 00:00,1043,2
14-09-1982 00:00,1043,2
15-09-1982 00:00,1066,2
16-09-1982 00:00,1066,2
17-09-1982 00:00,1066,2
18-09-1982 00:00,1043,2
19-09-1982 00:00,1066,2
20-09-1982 00:00,1066,2
21-09-1982 00:00,1043,2
22-09-1982 00:00,887.5,2
23-09-1982 00:00,505,2
24-09-1982 00:00,458,2
25-09-1982 00:00,532.4,2
26-09-1982 00:00,778.3,2
27-09-1982 00:00,535.4,2
28-09-1982 00:00,729.5,2
29-09-1982 00:00,707.3,2
30-09-1982 00:00,672.4,2
01-10-1982 00:00,660.3,2
02-10-1982 00:00,609.5,2
03-10-1982 00:00,684.3,2
04-10-1982 00:00,729.5,2
05-10-1982 00:00,740.4,2
06-10-1982 00:00,740.4,2
07-10-1982 00:00,751.1,2
08-10-1982 00:00,740.4,2
09-10-1982 00:00,729.5,2
10-10-1982 00:00,718.5,2
11-10-1982 00:00,635.4,2
12-10-1982 00:00,622.6,2
13-10-1982 00:00,729.5,2
14-10-1982 00:00,533.5,2
15-10-1982 00:00,739.7,2
16-10-1982 00:00,739.7,2
17-10-1982 00:00,778,2
18-10-1982 00:00,765.5,2
19-10-1982 00:00,553.6,2
20-10-1982 00:00,548.3,2
21-10-1982 00:00,732.3,2
22-10-1982 00:00,710,2
23-10-1982 00:00,686.8,2
24-10-1982 00:00,662.8,2
25-10-1982 00:00,710,2
26-10-1982 00:00,732.3,2
27-10-1982 00:00,686.8,2
28-10-1982 00:00,611.7,2
29-10-1982 00:00,637.8,2
30-10-1982 00:00,637.8,2
31-10-1982 00:00,637.8,2
01-11-1982 00:00,662.8,2
02-11-1982 00:00,793.3,2
03-11-1982 00:00,1043,2
04-11-1982 00:00,1043,2
05-11-1982 00:00,994.1,2
06-11-1982 00:00,1018,2
07-11-1982 00:00,1043,2
08-11-1982 00:00,994.1,2
09-11-1982 00:00,968.6,2
10-11-1982 00:00,968.6,2
11-11-1982 00:00,915.4,2
12-11-1982 00:00,968.6,2
13-11-1982 00:00,915.4,2
14-11-1982 00:00,887.5,2
15-11-1982 00:00,968.6,2
16-11-1982 00:00,915.4,2
17-11-1982 00:00,968.6,2
18-11-1982 00:00,942.4,2
19-11-1982 00:00,942.4,2
20-11-1982 00:00,942.4,2
21-11-1982 00:00,994.1,2
22-11-1982 00:00,1018,2
23-11-1982 00:00,994.1,2
24-11-1982 00:00,968.6,2
25-11-1982 00:00,942.4,2
26-11-1982 00:00,968.6,2
27-11-1982 00:00,994.1,2
28-11-1982 00:00,968.6,2
29-11-1982 00:00,1018,2
30-11-1982 00:00,1018,2
01-12-1982 00:00,1043,2
02-12-1982 00:00,1018,2
03-12-1982 00:00,1018,2
04-12-1982 00:00,1018,2
05-12-1982 00:00,994.1,2
06-12-1982 00:00,994.1,2
07-12-1982 00:00,1018,2
08-12-1982 00:00,1066,2
09-12-1982 00:00,1066,2
10-12-1982 00:00,1043,2
11-12-1982 00:00,1066,2
12-12-1982 00:00,1089,2
13-12-1982 00:00,1089,2
14-12-1982 00:00,1089,2
15-12-1982 00:00,1089,2
16-12-1982 00:00,1155,2
17-12-1982 00:00,1197,2
18-12-1982 00:00,1217,2
19-12-1982 00:00,1217,2
20-12-1982 00:00,1237,2
21-12-1982 00:00,1217,2
22-12-1982 00:00,1197,2
23-12-1982 00:00,1217,2
24-12-1982 00:00,1237,2
25-12-1982 00:00,1257,2
26-12-1982 00:00,1257,2
27-12-1982 00:00,1368,2
28-12-1982 00:00,1454,2
29-12-1982 00:00,1471,2
30-12-1982 00:00,1454,2
31-12-1982 00:00,1454,2
01-01-1983 00:00,1470,2
02-01-1983 00:00,1454,2
03-01-1983 00:00,1519,2
04-01-1983 00:00,1615,2
05-01-1983 00:00,1710,2
06-01-1983 00:00,1710,2
07-01-1983 00:00,1739,2
08-01-1983 00:00,1681,2
09-01-1983 00:00,1739,2
10-01-1983 00:00,1768,2
11-01-1983 00:00,1823,2
12-01-1983 00:00,1823,2
13-01-1983 00:00,1823,2
14-01-1983 00:00,1796,2
15-01-1983 00:00,1823,2
16-01-1983 00:00,1823,2
17-01-1983 00:00,1864,2
18-01-1983 00:00,1892,2
19-01-1983 00:00,2106,2
20-01-1983 00:00,2065,2
21-01-1983 00:00,2065,2
22-01-1983 00:00,2106,2
23-01-1983 00:00,2146,2
24-01-1983 00:00,2223,2
25-01-1983 00:00,2185,2
26-01-1983 00:00,2185,2
27-01-1983 00:00,2106,2
28-01-1983 00:00,2185,2
29-01-1983 00:00,2146,2
30-01-1983 00:00,2298,2
31-01-1983 00:00,2335,2
01-02-1983 00:00,2298,2
02-02-1983 00:00,2261,2
03-02-1983 00:00,2298,2
04-02-1983 00:00,2298,2
05-02-1983 00:00,2335,2
06-02-1983 00:00,2335,2
07-02-1983 00:00,2371,2
08-02-1983 00:00,1914,2
09-02-1983 00:00,2388,2
10-02-1983 00:00,2235,2
11-02-1983 00:00,1854,2
12-02-1983 00:00,1770,2
13-02-1983 00:00,1688,2
14-02-1983 00:00,1688,2
15-02-1983 00:00,1405,2
16-02-1983 00:00,1212,2
17-02-1983 00:00,1340,2
18-02-1983 00:00,1344,2
19-02-1983 00:00,1347,2
20-02-1983 00:00,1476,2
21-02-1983 00:00,1732,2
22-02-1983 00:00,1706,2
23-02-1983 00:00,1710,2
24-02-1983 00:00,1714,2
25-02-1983 00:00,1719,2
26-02-1983 00:00,1584,2
27-02-1983 00:00,1686,2
28-02-1983 00:00,1452,2
01-03-1983 00:00,1497,2
02-03-1983 00:00,1636,2
03-03-1983 00:00,1604,2
04-03-1983 00:00,1608,2
05-03-1983 00:00,1612,2
06-03-1983 00:00,1664,2
07-03-1983 00:00,1630,2
08-03-1983 00:00,1368,2
09-03-1983 00:00,1368,2
10-03-1983 00:00,1344,2
11-03-1983 00:00,1344,2
12-03-1983 00:00,1414,2
13-03-1983 00:00,1459,2
14-03-1983 00:00,1437,2
15-03-1983 00:00,1459,2
16-03-1983 00:00,1414,2
17-03-1983 00:00,1368,2
18-03-1983 00:00,1391,2
19-03-1983 00:00,1414,2
20-03-1983 00:00,1437,2
21-03-1983 00:00,1437,2
22-03-1983 00:00,1437,2
23-03-1983 00:00,1459,2
24-03-1983 00:00,1459,2
25-03-1983 00:00,2150,2
26-03-1983 00:00,3046,2
27-03-1983 00:00,3004,2
28-03-1983 00:00,3046,2
29-03-1983 00:00,3980,2
30-03-1983 00:00,4786,2
31-03-1983 00:00,4826,2
01-04-1983 00:00,4859,2
02-04-1983 00:00,5049,2
03-04-1983 00:00,5114,2
04-04-1983 00:00,5226,2
05-04-1983 00:00,5314,2
06-04-1983 00:00,5523,2
07-04-1983 00:00,5407,2
08-04-1983 00:00,5458,2
09-04-1983 00:00,5371,2
10-04-1983 00:00,5353,2
11-04-1983 00:00,5445,2
12-04-1983 00:00,5351,2
13-04-1983 00:00,5217,2
14-04-1983 00:00,5158,2
15-04-1983 00:00,5086,2
16-04-1983 00:00,5069,2
17-04-1983 00:00,5032,2
18-04-1983 00:00,5014,2
19-04-1983 00:00,4964,2
20-04-1983 00:00,4806,2
21-04-1983 00:00,4923,2
22-04-1983 00:00,4765,2
23-04-1983 00:00,4629,2
24-04-1983 00:00,4588,2
25-04-1983 00:00,4579,2
26-04-1983 00:00,4530,2
27-04-1983 00:00,4585,2
28-04-1983 00:00,4425,2
29-04-1983 00:00,4409,2
30-04-1983 00:00,4204,2
01-05-1983 00:00,4262,2
02-05-1983 00:00,4320,2
03-05-1983 00:00,4247,2
04-05-1983 00:00,4166,2
05-05-1983 00:00,4061,2
06-05-1983 00:00,4058,2
07-05-1983 00:00,4064,2
08-05-1983 00:00,4006,2
09-05-1983 00:00,3935,2
10-05-1983 00:00,3920,2
11-05-1983 00:00,3868,2
12-05-1983 00:00,3893,2
13-05-1983 00:00,3839,2
14-05-1983 00:00,3825,2
15-05-1983 00:00,3866,2
16-05-1983 00:00,3790,2
17-05-1983 00:00,3195,2
18-05-1983 00:00,2592,2
19-05-1983 00:00,2641,2
20-05-1983 00:00,2641,2
21-05-1983 00:00,2541,2
22-05-1983 00:00,2490,2
23-05-1983 00:00,2438,2
24-05-1983 00:00,2438,2
25-05-1983 00:00,2438,2
26-05-1983 00:00,2438,2
27-05-1983 00:00,2438,2
28-05-1983 00:00,2490,2
29-05-1983 00:00,2541,2
30-05-1983 00:00,2490,2
31-05-1983 00:00,2438,2
01-06-1983 00:00,2438,2
02-06-1983 00:00,2384,2
03-06-1983 00:00,2438,2
04-06-1983 00:00,2438,2
05-06-1983 00:00,2438,2
06-06-1983 00:00,2490,2
07-06-1983 00:00,2384,2
08-06-1983 00:00,2438,2
09-06-1983 00:00,2384,2
10-06-1983 00:00,2490,2
11-06-1983 00:00,2490,2
12-06-1983 00:00,2384,2
13-06-1983 00:00,2169,2
14-06-1983 00:00,1823,2
15-06-1983 00:00,1681,2
16-06-1983 00:00,1710,2
17-06-1983 00:00,1768,2
18-06-1983 00:00,1768,2
19-06-1983 00:00,1768,2
20-06-1983 00:00,1748,2
21-06-1983 00:00,1736,2
22-06-1983 00:00,1700,2
23-06-1983 00:00,1681,2
24-06-1983 00:00,1662,2
25-06-1983 00:00,1643,2
26-06-1983 00:00,1584,2
27-06-1983 00:00,1564,2
28-06-1983 00:00,1584,2
29-06-1983 00:00,1584,2
30-06-1983 00:00,1564,2
01-07-1983 00:00,1564,2
02-07-1983 00:00,1544,2
03-07-1983 00:00,1523,2
04-07-1983 00:00,1502,2
05-07-1983 00:00,1502,2
06-07-1983 00:00,1438,2
07-07-1983 00:00,1403,2
08-07-1983 00:00,1332,2
09-07-1983 00:00,1197,2
10-07-1983 00:00,1176,2
11-07-1983 00:00,1176,2
12-07-1983 00:00,1155,2
13-07-1983 00:00,1155,2
14-07-1983 00:00,1134,2
15-07-1983 00:00,1155,2
16-07-1983 00:00,1155,2
17-07-1983 00:00,1155,2
18-07-1983 00:00,1134,2
19-07-1983 00:00,1112,2
20-07-1983 00:00,1018,2
21-07-1983 00:00,994,2
22-07-1983 00:00,1043,2
23-07-1983 00:00,1018,2
24-07-1983 00:00,1043,2
25-07-1983 00:00,1018,2
26-07-1983 00:00,994,2
27-07-1983 00:00,994,2
28-07-1983 00:00,968,2
29-07-1983 00:00,968,2
30-07-1983 00:00,968,2
31-07-1983 00:00,994,2
01-08-1983 00:00,994,2
02-08-1983 00:00,968,2
03-08-1983 00:00,968,2
04-08-1983 00:00,994,2
05-08-1983 00:00,994,2
06-08-1983 00:00,942,2
07-08-1983 00:00,942,2
08-08-1983 00:00,942,2
09-08-1983 00:00,915,2
10-08-1983 00:00,915,2
11-08-1983 00:00,858,2
12-08-1983 00:00,887,2
13-08-1983 00:00,858,2
14-08-1983 00:00,858,2
15-08-1983 00:00,826,2
16-08-1983 00:00,774,2
17-08-1983 00:00,774,2
18-08-1983 00:00,516,2
19-08-1983 00:00,480,2
20-08-1983 00:00,496,2
21-08-1983 00:00,498,2
22-08-1983 00:00,496,2
23-08-1983 00:00,494,2
24-08-1983 00:00,494,2
25-08-1983 00:00,493,2
26-08-1983 00:00,521,2
27-08-1983 00:00,517,2
28-08-1983 00:00,515,2
29-08-1983 00:00,516,2
30-08-1983 00:00,512,2
31-08-1983 00:00,513,2
01-09-1983 00:00,515,2
02-09-1983 00:00,508,2
03-09-1983 00:00,506,2
04-09-1983 00:00,505,2
05-09-1983 00:00,498,2
06-09-1983 00:00,497,2
07-09-1983 00:00,489,2
08-09-1983 00:00,494,2
09-09-1983 00:00,514,2
10-09-1983 00:00,514,2
11-09-1983 00:00,510,2
12-09-1983 00:00,512,2
13-09-1983 00:00,511,2
14-09-1983 00:00,510,2
15-09-1983 00:00,512,2
16-09-1983 00:00,507,2
17-09-1983 00:00,509,2
18-09-1983 00:00,507,2
19-09-1983 00:00,505,2
20-09-1983 00:00,503,2
21-09-1983 00:00,505,2
22-09-1983 00:00,502,2
23-09-1983 00:00,487,2
24-09-1983 00:00,489,2
25-09-1983 00:00,489,2
26-09-1983 00:00,486,2
27-09-1983 00:00,486,2
28-09-1983 00:00,486,2
29-09-1983 00:00,490,2
30-09-1983 00:00,480,2
01-10-1983 00:00,478,2
02-10-1983 00:00,478,2
03-10-1983 00:00,478,2
04-10-1983 00:00,481,2
05-10-1983 00:00,473,2
06-10-1983 00:00,467,2
07-10-1983 00:00,475,2
08-10-1983 00:00,477,2
09-10-1983 00:00,479,2
10-10-1983 00:00,482,2
11-10-1983 00:00,479,2
12-10-1983 00:00,477,2
13-10-1983 00:00,485,2
14-10-1983 00:00,477,2
15-10-1983 00:00,479,2
16-10-1983 00:00,479,2
17-10-1983 00:00,478,2
18-10-1983 00:00,481,2
19-10-1983 00:00,470,2
20-10-1983 00:00,475,2
21-10-1983 00:00,481,2
22-10-1983 00:00,476,2
23-10-1983 00:00,476,2
24-10-1983 00:00,475,2
25-10-1983 00:00,478,2
26-10-1983 00:00,471,2
27-10-1983 00:00,479,2
28-10-1983 00:00,484,2
29-10-1983 00:00,488,2
30-10-1983 00:00,482,2
31-10-1983 00:00,478,2
01-11-1983 00:00,602,2
02-11-1983 00:00,730,2
03-11-1983 00:00,732,2
04-11-1983 00:00,731,2
05-11-1983 00:00,731,2
06-11-1983 00:00,729,2
07-11-1983 00:00,731,2
08-11-1983 00:00,731,2
09-11-1983 00:00,729,2
10-11-1983 00:00,726,2
11-11-1983 00:00,733,2
12-11-1983 00:00,732,2
13-11-1983 00:00,742,2
14-11-1983 00:00,731,2
15-11-1983 00:00,739,2
16-11-1983 00:00,746,2
17-11-1983 00:00,747,2
18-11-1983 00:00,744,2
19-11-1983 00:00,744,2
20-11-1983 00:00,731,2
21-11-1983 00:00,738,2
22-11-1983 00:00,740,2
23-11-1983 00:00,753,2
24-11-1983 00:00,753,2
25-11-1983 00:00,757,2
26-11-1983 00:00,762,2
27-11-1983 00:00,782,2
28-11-1983 00:00,778,2
29-11-1983 00:00,774,2
30-11-1983 00:00,771,2
01-12-1983 00:00,765,2
02-12-1983 00:00,771,2
03-12-1983 00:00,772,2
04-12-1983 00:00,773,2
05-12-1983 00:00,723,2
06-12-1983 00:00,723,2
07-12-1983 00:00,730,2
08-12-1983 00:00,728,2
09-12-1983 00:00,731,2
10-12-1983 00:00,746,2
11-12-1983 00:00,743,2
12-12-1983 00:00,826,2
13-12-1983 00:00,827,2
14-12-1983 00:00,826,2
15-12-1983 00:00,826,2
16-12-1983 00:00,783,2
17-12-1983 00:00,784,2
18-12-1983 00:00,784,2
19-12-1983 00:00,782,2
20-12-1983 00:00,844,2
21-12-1983 00:00,729,2
22-12-1983 00:00,751,2
23-12-1983 00:00,718,2
24-12-1983 00:00,695,2
25-12-1983 00:00,695,2
26-12-1983 00:00,672,2
27-12-1983 00:00,648,2
28-12-1983 00:00,635,2
29-12-1983 00:00,660,2
30-12-1983 00:00,648,2
31-12-1983 00:00,650,2
01-01-1984 00:00,700,2
02-01-1984 00:00,718,2
03-01-1984 00:00,840,2
04-01-1984 00:00,831,2
05-01-1984 00:00,831,2
06-01-1984 00:00,859,2
07-01-1984 00:00,937,2
08-01-1984 00:00,946,2
09-01-1984 00:00,954,2
10-01-1984 00:00,962,2
11-01-1984 00:00,954,2
12-01-1984 00:00,962,2
13-01-1984 00:00,937,2
14-01-1984 00:00,970,2
15-01-1984 00:00,970,2
16-01-1984 00:00,1290,2
17-01-1984 00:00,1584,2
18-01-1984 00:00,1643,2
19-01-1984 00:00,1662,2
20-01-1984 00:00,1681,2
21-01-1984 00:00,1700,2
22-01-1984 00:00,1700,2
23-01-1984 00:00,1736,2
24-01-1984 00:00,1736,2
25-01-1984 00:00,1718,2
26-01-1984 00:00,1681,2
27-01-1984 00:00,1700,2
28-01-1984 00:00,1718,2
29-01-1984 00:00,1736,2
30-01-1984 00:00,1736,2
31-01-1984 00:00,1754,2
01-02-1984 00:00,1754,2
02-02-1984 00:00,1772,2
03-02-1984 00:00,1772,2
04-02-1984 00:00,1772,2
05-02-1984 00:00,1772,2
06-02-1984 00:00,1754,2
07-02-1984 00:00,1754,2
08-02-1984 00:00,1772,2
09-02-1984 00:00,1772,2
10-02-1984 00:00,1772,2
11-02-1984 00:00,1772,2
12-02-1984 00:00,1772,2
13-02-1984 00:00,1772,2
14-02-1984 00:00,2510,2
15-02-1984 00:00,2737,2
16-02-1984 00:00,2150,2
17-02-1984 00:00,1437,2
18-02-1984 00:00,1164,2
19-02-1984 00:00,1164,2
20-02-1984 00:00,1164,2
21-02-1984 00:00,1164,2
22-02-1984 00:00,1136,2
23-02-1984 00:00,1107,2
24-02-1984 00:00,1107,2
25-02-1984 00:00,1136,2
26-02-1984 00:00,1136,2
27-02-1984 00:00,1296,2
28-02-1984 00:00,1320,2
29-02-1984 00:00,1296,2
01-03-1984 00:00,1245,2
02-03-1984 00:00,1270,2
03-03-1984 00:00,1270,2
04-03-1984 00:00,1270,2
05-03-1984 00:00,1320,2
06-03-1984 00:00,1368,2
07-03-1984 00:00,1391,2
08-03-1984 00:00,1414,2
09-03-1984 00:00,1414,2
10-03-1984 00:00,1414,2
11-03-1984 00:00,1414,2
12-03-1984 00:00,1250,2
13-03-1984 00:00,1129,2
14-03-1984 00:00,1140,2
15-03-1984 00:00,1129,2
16-03-1984 00:00,1129,2
17-03-1984 00:00,1118,2
18-03-1984 00:00,1118,2
19-03-1984 00:00,1096,2
20-03-1984 00:00,1062,2
21-03-1984 00:00,1050,2
22-03-1984 00:00,1050,2
23-03-1984 00:00,1050,2
24-03-1984 00:00,1074,2
25-03-1984 00:00,1050,2
26-03-1984 00:00,1050,2
27-03-1984 00:00,1050,2
28-03-1984 00:00,1050,2
29-03-1984 00:00,1027,2
30-03-1984 00:00,1027,2
31-03-1984 00:00,1039,2
01-04-1984 00:00,1050,2
02-04-1984 00:00,1027,2
03-04-1984 00:00,1027,2
04-04-1984 00:00,1050,2
05-04-1984 00:00,1050,2
06-04-1984 00:00,1050,2
07-04-1984 00:00,1074,2
08-04-1984 00:00,1085,2
09-04-1984 00:00,1062,2
10-04-1984 00:00,1039,2
11-04-1984 00:00,1027,2
12-04-1984 00:00,1015,2
13-04-1984 00:00,1027,2
14-04-1984 00:00,1015,2
15-04-1984 00:00,1015,2
16-04-1984 00:00,990,2
17-04-1984 00:00,938,2
18-04-1984 00:00,1002,2
19-04-1984 00:00,1074,2
20-04-1984 00:00,1062,2
21-04-1984 00:00,1062,2
22-04-1984 00:00,1062,2
23-04-1984 00:00,1050,2
24-04-1984 00:00,1050,2
25-04-1984 00:00,1062,2
26-04-1984 00:00,1074,2
27-04-1984 00:00,1050,2
28-04-1984 00:00,1039,2
29-04-1984 00:00,1039,2
30-04-1984 00:00,1039,2
01-05-1984 00:00,1050,2
02-05-1984 00:00,1107,2
03-05-1984 00:00,1085,2
04-05-1984 00:00,977,2
05-05-1984 00:00,911,2
06-05-1984 00:00,911,2
07-05-1984 00:00,911,2
08-05-1984 00:00,925,2
09-05-1984 00:00,952,2
10-05-1984 00:00,952,2
11-05-1984 00:00,925,2
12-05-1984 00:00,884,2
13-05-1984 00:00,938,2
14-05-1984 00:00,925,2
15-05-1984 00:00,911,2
16-05-1984 00:00,911,2
17-05-1984 00:00,911,2
18-05-1984 00:00,898,2
19-05-1984 00:00,898,2
20-05-1984 00:00,898,2
21-05-1984 00:00,911,2
22-05-1984 00:00,844,2
23-05-1984 00:00,844,2
24-05-1984 00:00,1213,2
25-05-1984 00:00,1074,2
26-05-1984 00:00,898,2
27-05-1984 00:00,898,2
28-05-1984 00:00,911,2
29-05-1984 00:00,855,2
30-05-1984 00:00,840,2
31-05-1984 00:00,840,2
01-06-1984 00:00,869,2
02-06-1984 00:00,884,2
03-06-1984 00:00,884,2
04-06-1984 00:00,869,2
05-06-1984 00:00,869,2
06-06-1984 00:00,884,2
07-06-1984 00:00,911,2
08-06-1984 00:00,898,2
09-06-1984 00:00,855,2
10-06-1984 00:00,855,2
11-06-1984 00:00,855,2
12-06-1984 00:00,855,2
13-06-1984 00:00,869,2
14-06-1984 00:00,925,2
15-06-1984 00:00,965,2
16-06-1984 00:00,965,2
17-06-1984 00:00,952,2
18-06-1984 00:00,938,2
19-06-1984 00:00,925,2
20-06-1984 00:00,898,2
21-06-1984 00:00,884,2
22-06-1984 00:00,869,2
23-06-1984 00:00,911,2
24-06-1984 00:00,1107,2
25-06-1984 00:00,977,2
26-06-1984 00:00,794,2
27-06-1984 00:00,825,2
28-06-1984 00:00,810,2
29-06-1984 00:00,761,2
30-06-1984 00:00,745,2
01-07-1984 00:00,794,2
02-07-1984 00:00,840,2
03-07-1984 00:00,794,2
04-07-1984 00:00,794,2
05-07-1984 00:00,778,2
06-07-1984 00:00,794,2
07-07-1984 00:00,745,2
08-07-1984 00:00,745,2
09-07-1984 00:00,727,2
10-07-1984 00:00,710,2
11-07-1984 00:00,710,2
12-07-1984 00:00,710,2
13-07-1984 00:00,727,2
14-07-1984 00:00,710,2
15-07-1984 00:00,710,2
16-07-1984 00:00,727,2
17-07-1984 00:00,727,2
18-07-1984 00:00,727,2
19-07-1984 00:00,727,2
20-07-1984 00:00,710,2
21-07-1984 00:00,691,2
22-07-1984 00:00,691,2
23-07-1984 00:00,691,2
24-07-1984 00:00,691,2
25-07-1984 00:00,710,2
26-07-1984 00:00,727,2
27-07-1984 00:00,710,2
28-07-1984 00:00,710,2
29-07-1984 00:00,727,2
30-07-1984 00:00,710,2
31-07-1984 00:00,710,2
01-08-1984 00:00,691,2
02-08-1984 00:00,745,2
03-08-1984 00:00,710,2
04-08-1984 00:00,727,2
05-08-1984 00:00,691,2
06-08-1984 00:00,727,2
07-08-1984 00:00,761,2
08-08-1984 00:00,761,2
09-08-1984 00:00,761,2
10-08-1984 00:00,745,2
11-08-1984 00:00,745,2
12-08-1984 00:00,727,2
13-08-1984 00:00,745,2
14-08-1984 00:00,745,2
15-08-1984 00:00,745,2
16-08-1984 00:00,745,2
17-08-1984 00:00,727,2
18-08-1984 00:00,710,2
19-08-1984 00:00,745,2
20-08-1984 00:00,745,2
21-08-1984 00:00,633,2
22-08-1984 00:00,613,2
23-08-1984 00:00,613,2
24-08-1984 00:00,653,2
25-08-1984 00:00,710,2
26-08-1984 00:00,691,2
27-08-1984 00:00,710,2
28-08-1984 00:00,673,2
29-08-1984 00:00,633,2
30-08-1984 00:00,653,2
31-08-1984 00:00,613,2
01-09-1984 00:00,613,2
02-09-1984 00:00,569,2
03-09-1984 00:00,569,2
04-09-1984 00:00,591,2
05-09-1984 00:00,546,2
06-09-1984 00:00,546,2
07-09-1984 00:00,569,2
08-09-1984 00:00,546,2
09-09-1984 00:00,521,2
10-09-1984 00:00,653,2
11-09-1984 00:00,691,2
12-09-1984 00:00,673,2
13-09-1984 00:00,673,2
14-09-1984 00:00,691,2
15-09-1984 00:00,710,2
16-09-1984 00:00,673,2
17-09-1984 00:00,691,2
18-09-1984 00:00,691,2
19-09-1984 00:00,673,2
20-09-1984 00:00,691,2
21-09-1984 00:00,691,2
22-09-1984 00:00,727,2
23-09-1984 00:00,727,2
24-09-1984 00:00,727,2
25-09-1984 00:00,727,2
26-09-1984 00:00,727,2
27-09-1984 00:00,745,2
28-09-1984 00:00,727,2
29-09-1984 00:00,710,2
30-09-1984 00:00,710,2
01-10-1984 00:00,691,2
02-10-1984 00:00,653,2
03-10-1984 00:00,653,2
04-10-1984 00:00,633,2
05-10-1984 00:00,633,2
06-10-1984 00:00,633,2
07-10-1984 00:00,633,2
08-10-1984 00:00,653,2
09-10-1984 00:00,591,2
10-10-1984 00:00,613,2
11-10-1984 00:00,653,2
12-10-1984 00:00,633,2
13-10-1984 00:00,710,2
14-10-1984 00:00,727,2
15-10-1984 00:00,761,2
16-10-1984 00:00,761,2
17-10-1984 00:00,761,2
18-10-1984 00:00,810,2
19-10-1984 00:00,855,2
20-10-1984 00:00,825,2
21-10-1984 00:00,794,2
22-10-1984 00:00,825,2
23-10-1984 00:00,825,2
24-10-1984 00:00,869,2
25-10-1984 00:00,911,2
26-10-1984 00:00,898,2
27-10-1984 00:00,855,2
28-10-1984 00:00,840,2
29-10-1984 00:00,925,2
30-10-1984 00:00,990,2
31-10-1984 00:00,977,2
01-11-1984 00:00,965,2
02-11-1984 00:00,977,2
03-11-1984 00:00,952,2
04-11-1984 00:00,952,2
05-11-1984 00:00,965,2
06-11-1984 00:00,1027,2
07-11-1984 00:00,1050,2
08-11-1984 00:00,1050,2
09-11-1984 00:00,1074,2
10-11-1984 00:00,1085,2
11-11-1984 00:00,1085,2
12-11-1984 00:00,1074,2
13-11-1984 00:00,1062,2
14-11-1984 00:00,1062,2
15-11-1984 00:00,1074,2
16-11-1984 00:00,1085,2
17-11-1984 00:00,1085,2
18-11-1984 00:00,1062,2
19-11-1984 00:00,1015,2
20-11-1984 00:00,1015,2
21-11-1984 00:00,1027,2
22-11-1984 00:00,1027,2
23-11-1984 00:00,1027,2
24-11-1984 00:00,1002,2
25-11-1984 00:00,1039,2
26-11-1984 00:00,1050,2
27-11-1984 00:00,1050,2
28-11-1984 00:00,1039,2
29-11-1984 00:00,1050,2
30-11-1984 00:00,1062,2
01-12-1984 00:00,1074,2
02-12-1984 00:00,1074,2
03-12-1984 00:00,1074,2
04-12-1984 00:00,1074,2
05-12-1984 00:00,1074,2
06-12-1984 00:00,1085,2
07-12-1984 00:00,1074,2
08-12-1984 00:00,1085,2
09-12-1984 00:00,1085,2
10-12-1984 00:00,1062,2
11-12-1984 00:00,1062,2
12-12-1984 00:00,1110,2
13-12-1984 00:00,1188,2
14-12-1984 00:00,1173,2
15-12-1984 00:00,1173,2
16-12-1984 00:00,1173,2
17-12-1984 00:00,1173,2
18-12-1984 00:00,1188,2
19-12-1984 00:00,1173,2
20-12-1984 00:00,1158,2
21-12-1984 00:00,1158,2
22-12-1984 00:00,1158,2
23-12-1984 00:00,1188,2
24-12-1984 00:00,1188,2
25-12-1984 00:00,1203,2
26-12-1984 00:00,1203,2
27-12-1984 00:00,1203,2
28-12-1984 00:00,1188,2
29-12-1984 00:00,1188,2
30-12-1984 00:00,1173,2
31-12-1984 00:00,1170,2
01-01-1985 00:00,934,2
02-01-1985 00:00,968,2
03-01-1985 00:00,968,2
04-01-1985 00:00,968,2
05-01-1985 00:00,968,2
06-01-1985 00:00,949,2
07-01-1985 00:00,949,2
08-01-1985 00:00,835,2
09-01-1985 00:00,807,2
10-01-1985 00:00,807,2
11-01-1985 00:00,822,2
12-01-1985 00:00,838,2
13-01-1985 00:00,852,2
14-01-1985 00:00,867,2
15-01-1985 00:00,867,2
16-01-1985 00:00,852,2
17-01-1985 00:00,852,2
18-01-1985 00:00,852,2
19-01-1985 00:00,852,2
20-01-1985 00:00,852,2
21-01-1985 00:00,852,2
22-01-1985 00:00,852,2
23-01-1985 00:00,852,2
24-01-1985 00:00,838,2
25-01-1985 00:00,822,2
26-01-1985 00:00,822,2
27-01-1985 00:00,822,2
28-01-1985 00:00,822,2
29-01-1985 00:00,822,2
30-01-1985 00:00,838,2
31-01-1985 00:00,838,2
01-02-1985 00:00,852,2
02-02-1985 00:00,909,2
03-02-1985 00:00,909,2
04-02-1985 00:00,909,2
05-02-1985 00:00,936,2
06-02-1985 00:00,936,2
07-02-1985 00:00,949,2
08-02-1985 00:00,949,2
09-02-1985 00:00,949,2
10-02-1985 00:00,962,2
11-02-1985 00:00,962,2
12-02-1985 00:00,962,2
13-02-1985 00:00,936,2
14-02-1985 00:00,936,2
15-02-1985 00:00,936,2
16-02-1985 00:00,909,2
17-02-1985 00:00,909,2
18-02-1985 00:00,909,2
19-02-1985 00:00,909,2
20-02-1985 00:00,909,2
21-02-1985 00:00,909,2
22-02-1985 00:00,923,2
23-02-1985 00:00,923,2
24-02-1985 00:00,936,2
25-02-1985 00:00,936,2
26-02-1985 00:00,936,2
27-02-1985 00:00,949,2
28-02-1985 00:00,949,2
01-03-1985 00:00,936,2
02-03-1985 00:00,936,2
03-03-1985 00:00,949,2
04-03-1985 00:00,830,2
05-03-1985 00:00,780,2
06-03-1985 00:00,682,2
07-03-1985 00:00,670,2
08-03-1985 00:00,682,2
09-03-1985 00:00,670,2
10-03-1985 00:00,670,2
11-03-1985 00:00,658,2
12-03-1985 00:00,670,2
13-03-1985 00:00,682,2
14-03-1985 00:00,682,2
15-03-1985 00:00,682,2
16-03-1985 00:00,682,2
17-03-1985 00:00,670,2
18-03-1985 00:00,694,2
19-03-1985 00:00,670,2
20-03-1985 00:00,682,2
21-03-1985 00:00,705,2
22-03-1985 00:00,682,2
23-03-1985 00:00,694,2
24-03-1985 00:00,694,2
25-03-1985 00:00,682,2
26-03-1985 00:00,670,2
27-03-1985 00:00,1003,2
28-03-1985 00:00,1696,2
29-03-1985 00:00,2537,2
30-03-1985 00:00,3410,2
31-03-1985 00:00,3337,2
01-04-1985 00:00,3410,2
02-04-1985 00:00,4210,2
03-04-1985 00:00,3880,2
04-04-1985 00:00,4010,2
05-04-1985 00:00,4240,2
06-04-1985 00:00,4270,2
07-04-1985 00:00,4360,2
08-04-1985 00:00,4390,2
09-04-1985 00:00,4690,2
10-04-1985 00:00,5037,2
11-04-1985 00:00,5030,2
12-04-1985 00:00,5020,2
13-04-1985 00:00,4885,2
14-04-1985 00:00,4870,2
15-04-1985 00:00,4770,2
16-04-1985 00:00,4710,2
17-04-1985 00:00,4580,2
18-04-1985 00:00,4550,2
19-04-1985 00:00,4530,2
20-04-1985 00:00,4514,2
21-04-1985 00:00,4454,2
22-04-1985 00:00,4400,2
23-04-1985 00:00,4440,2
24-04-1985 00:00,4140,2
25-04-1985 00:00,4070,2
26-04-1985 00:00,4070,2
27-04-1985 00:00,4050,2
28-04-1985 00:00,4020,2
29-04-1985 00:00,3220,2
30-04-1985 00:00,1790,2
01-05-1985 00:00,1950,2
02-05-1985 00:00,2071,2
03-05-1985 00:00,2214,2
04-05-1985 00:00,2182,2
05-05-1985 00:00,2182,2
06-05-1985 00:00,2351,2
07-05-1985 00:00,2584,2
08-05-1985 00:00,2584,2
09-05-1985 00:00,2345,2
10-05-1985 00:00,2345,2
11-05-1985 00:00,2302,2
12-05-1985 00:00,2302,2
13-05-1985 00:00,2215,2
14-05-1985 00:00,2302,2
15-05-1985 00:00,2302,2
16-05-1985 00:00,2215,2
17-05-1985 00:00,2259,2
18-05-1985 00:00,2215,2
19-05-1985 00:00,2215,2
20-05-1985 00:00,2170,2
21-05-1985 00:00,1755,2
22-05-1985 00:00,1170,2
23-05-1985 00:00,1159,2
24-05-1985 00:00,1149,2
25-05-1985 00:00,1149,2
26-05-1985 00:00,1159,2
27-05-1985 00:00,1159,2
28-05-1985 00:00,1127,2
29-05-1985 00:00,1060,2
30-05-1985 00:00,1012,2
31-05-1985 00:00,1024,2
01-06-1985 00:00,1012,2
02-06-1985 00:00,1024,2
03-06-1985 00:00,1012,2
04-06-1985 00:00,1012,2
05-06-1985 00:00,1024,2
06-06-1985 00:00,1024,2
07-06-1985 00:00,1024,2
08-06-1985 00:00,1000,2
09-06-1985 00:00,1012,2
10-06-1985 00:00,1000,2
11-06-1985 00:00,988,2
12-06-1985 00:00,975,2
13-06-1985 00:00,962,2
14-06-1985 00:00,923,2
15-06-1985 00:00,909,2
16-06-1985 00:00,936,2
17-06-1985 00:00,962,2
18-06-1985 00:00,936,2
19-06-1985 00:00,936,2
20-06-1985 00:00,949,2
21-06-1985 00:00,962,2
22-06-1985 00:00,962,2
23-06-1985 00:00,949,2
24-06-1985 00:00,936,2
25-06-1985 00:00,895,2
26-06-1985 00:00,881,2
27-06-1985 00:00,895,2
28-06-1985 00:00,909,2
29-06-1985 00:00,895,2
30-06-1985 00:00,881,2
01-07-1985 00:00,867,2
02-07-1985 00:00,949,2
03-07-1985 00:00,1036,2
04-07-1985 00:00,807,2
05-07-1985 00:00,807,2
06-07-1985 00:00,807,2
07-07-1985 00:00,807,2
08-07-1985 00:00,838,2
09-07-1985 00:00,852,2
10-07-1985 00:00,852,2
11-07-1985 00:00,881,2
12-07-1985 00:00,895,2
13-07-1985 00:00,909,2
14-07-1985 00:00,909,2
15-07-1985 00:00,852,2
16-07-1985 00:00,895,2
17-07-1985 00:00,895,2
18-07-1985 00:00,909,2
19-07-1985 00:00,962,2
20-07-1985 00:00,988,2
21-07-1985 00:00,1000,2
22-07-1985 00:00,988,2
23-07-1985 00:00,962,2
24-07-1985 00:00,975,2
25-07-1985 00:00,962,2
26-07-1985 00:00,962,2
27-07-1985 00:00,949,2
28-07-1985 00:00,949,2
29-07-1985 00:00,1000,2
30-07-1985 00:00,1050,2
31-07-1985 00:00,1050,2
01-08-1985 00:00,1060,2
02-08-1985 00:00,1070,2
03-08-1985 00:00,1070,2
04-08-1985 00:00,1070,2
05-08-1985 00:00,1070,2
06-08-1985 00:00,1071,2
07-08-1985 00:00,1071,2
08-08-1985 00:00,1101,2
09-08-1985 00:00,1101,2
10-08-1985 00:00,1101,2
11-08-1985 00:00,1101,2
12-08-1985 00:00,1130,2
13-08-1985 00:00,1101,2
14-08-1985 00:00,1130,2
15-08-1985 00:00,1130,2
16-08-1985 00:00,1130,2
17-08-1985 00:00,1130,2
18-08-1985 00:00,1130,2
19-08-1985 00:00,1158,2
20-08-1985 00:00,1186,2
21-08-1985 00:00,1213,2
22-08-1985 00:00,1213,2
23-08-1985 00:00,1213,2
24-08-1985 00:00,1186,2
25-08-1985 00:00,1186,2
26-08-1985 00:00,1213,2
27-08-1985 00:00,1007,2
28-08-1985 00:00,1158,2
29-08-1985 00:00,1291,2
30-08-1985 00:00,1291,2
31-08-1985 00:00,1265,2
01-09-1985 00:00,1265,2
02-09-1985 00:00,1265,2
03-09-1985 00:00,1071,2
04-09-1985 00:00,904,2
05-09-1985 00:00,1158,2
06-09-1985 00:00,975,2
07-09-1985 00:00,827,2
08-09-1985 00:00,1213,2
09-09-1985 00:00,1432,2
10-09-1985 00:00,1363,2
11-09-1985 00:00,1240,2
12-09-1985 00:00,1240,2
13-09-1985 00:00,1240,2
14-09-1985 00:00,1240,2
15-09-1985 00:00,1240,2
16-09-1985 00:00,1240,2
17-09-1985 00:00,1213,2
18-09-1985 00:00,1240,2
19-09-1985 00:00,1240,2
20-09-1985 00:00,1213,2
21-09-1985 00:00,1240,2
22-09-1985 00:00,1240,2
23-09-1985 00:00,1240,2
24-09-1985 00:00,1213,2
25-09-1985 00:00,1240,2
26-09-1985 00:00,1265,2
27-09-1985 00:00,1213,2
28-09-1985 00:00,1213,2
29-09-1985 00:00,1213,2
30-09-1985 00:00,1213,2
01-10-1985 00:00,1186,2
02-10-1985 00:00,1213,2
03-10-1985 00:00,1265,2
04-10-1985 00:00,1291,2
05-10-1985 00:00,1291,2
06-10-1985 00:00,1265,2
07-10-1985 00:00,1265,2
08-10-1985 00:00,1240,2
09-10-1985 00:00,1265,2
10-10-1985 00:00,1265,2
11-10-1985 00:00,1240,2
12-10-1985 00:00,1130,2
13-10-1985 00:00,1186,2
14-10-1985 00:00,1213,2
15-10-1985 00:00,1213,2
16-10-1985 00:00,1213,2
17-10-1985 00:00,1240,2
18-10-1985 00:00,1213,2
19-10-1985 00:00,1240,2
20-10-1985 00:00,1186,2
21-10-1985 00:00,1265,2
22-10-1985 00:00,1315,2
23-10-1985 00:00,1291,2
24-10-1985 00:00,1291,2
25-10-1985 00:00,1265,2
26-10-1985 00:00,1291,2
27-10-1985 00:00,1265,2
28-10-1985 00:00,1291,2
29-10-1985 00:00,1265,2
30-10-1985 00:00,1291,2
31-10-1985 00:00,1291,2
01-11-1985 00:00,1291,2
02-11-1985 00:00,1240,2
03-11-1985 00:00,1265,2
04-11-1985 00:00,1265,2
05-11-1985 00:00,1265,2
06-11-1985 00:00,1071,2
07-11-1985 00:00,1101,2
08-11-1985 00:00,1130,2
09-11-1985 00:00,1130,2
10-11-1985 00:00,1071,2
11-11-1985 00:00,1130,2
12-11-1985 00:00,1130,2
13-11-1985 00:00,1186,2
14-11-1985 00:00,1240,2
15-11-1985 00:00,1130,2
16-11-1985 00:00,1007,2
17-11-1985 00:00,975,2
18-11-1985 00:00,1130,2
19-11-1985 00:00,1240,2
20-11-1985 00:00,1213,2
21-11-1985 00:00,1186,2
22-11-1985 00:00,1213,2
23-11-1985 00:00,1213,2
24-11-1985 00:00,1213,2
25-11-1985 00:00,1240,2
26-11-1985 00:00,1240,2
27-11-1985 00:00,1240,2
28-11-1985 00:00,1186,2
29-11-1985 00:00,1158,2
30-11-1985 00:00,1213,2
01-12-1985 00:00,1130,2
02-12-1985 00:00,1186,2
03-12-1985 00:00,1213,2
04-12-1985 00:00,1400,2
05-12-1985 00:00,1675,2
06-12-1985 00:00,1704,2
07-12-1985 00:00,2170,2
08-12-1985 00:00,2660,2
09-12-1985 00:00,2850,2
10-12-1985 00:00,2940,2
11-12-1985 00:00,2970,2
12-12-1985 00:00,3040,2
13-12-1985 00:00,3040,2
14-12-1985 00:00,3130,2
15-12-1985 00:00,3100,2
16-12-1985 00:00,3290,2
17-12-1985 00:00,3390,2
18-12-1985 00:00,3550,2
19-12-1985 00:00,3480,2
20-12-1985 00:00,3570,2
21-12-1985 00:00,3540,2
22-12-1985 00:00,3690,2
23-12-1985 00:00,3750,2
24-12-1985 00:00,3750,2
25-12-1985 00:00,3810,2
26-12-1985 00:00,3800,2
27-12-1985 00:00,3800,2
28-12-1985 00:00,3800,2
29-12-1985 00:00,3800,2
30-12-1985 00:00,3800,2
31-12-1985 00:00,3800,2
01-01-1986 00:00,3801,2
02-01-1986 00:00,3802,2
03-01-1986 00:00,3773,2
04-01-1986 00:00,3775,2
05-01-1986 00:00,3769,2
06-01-1986 00:00,3770,2
07-01-1986 00:00,3837,2
08-01-1986 00:00,4025,2
09-01-1986 00:00,4025,2
10-01-1986 00:00,3706,2
11-01-1986 00:00,3627,2
12-01-1986 00:00,3622,2
13-01-1986 00:00,3617,2
14-01-1986 00:00,3606,2
15-01-1986 00:00,3547,2
16-01-1986 00:00,3542,2
17-01-1986 00:00,3537,2
18-01-1986 00:00,3526,2
19-01-1986 00:00,3611,2
20-01-1986 00:00,3710,2
21-01-1986 00:00,3795,2
22-01-1986 00:00,3906,2
23-01-1986 00:00,4011,2
24-01-1986 00:00,4081,2
25-01-1986 00:00,4232,2
26-01-1986 00:00,4232,2
27-01-1986 00:00,4386,2
28-01-1986 00:00,4271,2
29-01-1986 00:00,4224,2
30-01-1986 00:00,4224,2
31-01-1986 00:00,4177,2
01-02-1986 00:00,4177,2
02-02-1986 00:00,4079,2
03-02-1986 00:00,3573,2
04-02-1986 00:00,1478,2
05-02-1986 00:00,1340,2
06-02-1986 00:00,1087,2
07-02-1986 00:00,1067,2
08-02-1986 00:00,1065,2
09-02-1986 00:00,1063,2
10-02-1986 00:00,1062,2
11-02-1986 00:00,1062,2
12-02-1986 00:00,1140,2
13-02-1986 00:00,1223,2
14-02-1986 00:00,1224,2
15-02-1986 00:00,1226,2
16-02-1986 00:00,1229,2
17-02-1986 00:00,1231,2
18-02-1986 00:00,1229,2
19-02-1986 00:00,1226,2
20-02-1986 00:00,1219,2
21-02-1986 00:00,1350,2
22-02-1986 00:00,1472,2
23-02-1986 00:00,1471,2
24-02-1986 00:00,1471,2
25-02-1986 00:00,1469,2
26-02-1986 00:00,1471,2
27-02-1986 00:00,1469,2
28-02-1986 00:00,1469,2
01-03-1986 00:00,1467,2
02-03-1986 00:00,1470,2
03-03-1986 00:00,1478,2
04-03-1986 00:00,1469,2
05-03-1986 00:00,2200,2
06-03-1986 00:00,2643,2
07-03-1986 00:00,2617,2
08-03-1986 00:00,2643,2
09-03-1986 00:00,2606,2
10-03-1986 00:00,2568,2
11-03-1986 00:00,2530,2
12-03-1986 00:00,2530,2
13-03-1986 00:00,2491,2
14-03-1986 00:00,2491,2
15-03-1986 00:00,2491,2
16-03-1986 00:00,2491,2
17-03-1986 00:00,2451,2
18-03-1986 00:00,2451,2
19-03-1986 00:00,2411,2
20-03-1986 00:00,2411,2
21-03-1986 00:00,2370,2
22-03-1986 00:00,2411,2
23-03-1986 00:00,2530,2
24-03-1986 00:00,2491,2
25-03-1986 00:00,2411,2
26-03-1986 00:00,2451,2
27-03-1986 00:00,2451,2
28-03-1986 00:00,2411,2
29-03-1986 00:00,2491,2
30-03-1986 00:00,2491,2
31-03-1986 00:00,2491,2
01-04-1986 00:00,2451,2
02-04-1986 00:00,2451,2
03-04-1986 00:00,2530,2
04-04-1986 00:00,2530,2
05-04-1986 00:00,2491,2
06-04-1986 00:00,2530,2
07-04-1986 00:00,2530,2
08-04-1986 00:00,2530,2
09-04-1986 00:00,2370,2
10-04-1986 00:00,2530,2
11-04-1986 00:00,2328,2
12-04-1986 00:00,2328,2
13-04-1986 00:00,2328,2
14-04-1986 00:00,1957,2
15-04-1986 00:00,1809,2
16-04-1986 00:00,1401,2
17-04-1986 00:00,1423,2
18-04-1986 00:00,1423,2
19-04-1986 00:00,1446,2
20-04-1986 00:00,1467,2
21-04-1986 00:00,1510,2
22-04-1986 00:00,1446,2
23-04-1986 00:00,1572,2
24-04-1986 00:00,1572,2
25-04-1986 00:00,1592,2
26-04-1986 00:00,1592,2
27-04-1986 00:00,1592,2
28-04-1986 00:00,1592,2
29-04-1986 00:00,1664,2
30-04-1986 00:00,1965,2
01-05-1986 00:00,1888,2
02-05-1986 00:00,1914,2
03-05-1986 00:00,1940,2
04-05-1986 00:00,1914,2
05-05-1986 00:00,1940,2
06-05-1986 00:00,1940,2
07-05-1986 00:00,1914,2
08-05-1986 00:00,1914,2
09-05-1986 00:00,1914,2
10-05-1986 00:00,1914,2
11-05-1986 00:00,1914,2
12-05-1986 00:00,1940,2
13-05-1986 00:00,1914,2
14-05-1986 00:00,1914,2
15-05-1986 00:00,1965,2
16-05-1986 00:00,1940,2
17-05-1986 00:00,1965,2
18-05-1986 00:00,1965,2
19-05-1986 00:00,1990,2
20-05-1986 00:00,2039,2
21-05-1986 00:00,2039,2
22-05-1986 00:00,2039,2
23-05-1986 00:00,2064,2
24-05-1986 00:00,2064,2
25-05-1986 00:00,2039,2
26-05-1986 00:00,2039,2
27-05-1986 00:00,1990,2
28-05-1986 00:00,1990,2
29-05-1986 00:00,1965,2
30-05-1986 00:00,1965,2
31-05-1986 00:00,1965,2
01-06-1986 00:00,1940,2
02-06-1986 00:00,1700,2
03-06-1986 00:00,1354,2
04-06-1986 00:00,1354,2
05-06-1986 00:00,1377,2
06-06-1986 00:00,1354,2
07-06-1986 00:00,1118,2
08-06-1986 00:00,994,2
09-06-1986 00:00,1027,2
10-06-1986 00:00,1025,2
11-06-1986 00:00,1019,2
12-06-1986 00:00,1055,2
13-06-1986 00:00,1067,2
14-06-1986 00:00,1043,2
15-06-1986 00:00,1019,2
16-06-1986 00:00,1032,2
17-06-1986 00:00,1019,2
18-06-1986 00:00,995,2
19-06-1986 00:00,1007,2
20-06-1986 00:00,1032,2
21-06-1986 00:00,1032,2
22-06-1986 00:00,1007,2
23-06-1986 00:00,995,2
24-06-1986 00:00,995,2
25-06-1986 00:00,982,2
26-06-1986 00:00,970,2
27-06-1986 00:00,957,2
28-06-1986 00:00,944,2
29-06-1986 00:00,944,2
30-06-1986 00:00,957,2
01-07-1986 00:00,930,2
02-07-1986 00:00,944,2
03-07-1986 00:00,957,2
04-07-1986 00:00,944,2
05-07-1986 00:00,930,2
06-07-1986 00:00,944,2
07-07-1986 00:00,930,2
08-07-1986 00:00,930,2
09-07-1986 00:00,930,2
10-07-1986 00:00,944,2
11-07-1986 00:00,930,2
12-07-1986 00:00,930,2
13-07-1986 00:00,944,2
14-07-1986 00:00,903,2
15-07-1986 00:00,875,2
16-07-1986 00:00,875,2
17-07-1986 00:00,889,2
18-07-1986 00:00,875,2
19-07-1986 00:00,875,2
20-07-1986 00:00,889,2
21-07-1986 00:00,903,2
22-07-1986 00:00,889,2
23-07-1986 00:00,903,2
24-07-1986 00:00,903,2
25-07-1986 00:00,917,2
26-07-1986 00:00,917,2
27-07-1986 00:00,930,2
28-07-1986 00:00,917,2
29-07-1986 00:00,903,2
30-07-1986 00:00,930,2
31-07-1986 00:00,930,2
01-08-1986 00:00,930,2
02-08-1986 00:00,917,2
03-08-1986 00:00,917,2
04-08-1986 00:00,889,2
05-08-1986 00:00,889,2
06-08-1986 00:00,903,2
07-08-1986 00:00,875,2
08-08-1986 00:00,903,2
09-08-1986 00:00,889,2
10-08-1986 00:00,889,2
11-08-1986 00:00,889,2
12-08-1986 00:00,681,2
13-08-1986 00:00,701,2
14-08-1986 00:00,699,2
15-08-1986 00:00,703,2
16-08-1986 00:00,698,2
17-08-1986 00:00,695,2
18-08-1986 00:00,667,2
19-08-1986 00:00,664,2
20-08-1986 00:00,695,2
21-08-1986 00:00,688,2
22-08-1986 00:00,693,2
23-08-1986 00:00,693,2
24-08-1986 00:00,693,2
25-08-1986 00:00,692,2
26-08-1986 00:00,697,2
27-08-1986 00:00,695,2
28-08-1986 00:00,692,2
29-08-1986 00:00,692,2
30-08-1986 00:00,692,2
31-08-1986 00:00,688,2
01-09-1986 00:00,679,2
02-09-1986 00:00,680,2
03-09-1986 00:00,683,2
04-09-1986 00:00,682,2
05-09-1986 00:00,680,2
06-09-1986 00:00,682,2
07-09-1986 00:00,671,2
08-09-1986 00:00,681,2
09-09-1986 00:00,682,2
10-09-1986 00:00,676,2
11-09-1986 00:00,675,2
12-09-1986 00:00,676,2
13-09-1986 00:00,675,2
14-09-1986 00:00,678,2
15-09-1986 00:00,674,2
16-09-1986 00:00,677,2
17-09-1986 00:00,673,2
18-09-1986 00:00,671,2
19-09-1986 00:00,733,2
20-09-1986 00:00,1052,2
21-09-1986 00:00,724,2
22-09-1986 00:00,721,2
23-09-1986 00:00,735,2
24-09-1986 00:00,736,2
25-09-1986 00:00,734,2
26-09-1986 00:00,735,2
27-09-1986 00:00,737,2
28-09-1986 00:00,731,2
29-09-1986 00:00,830,2
30-09-1986 00:00,880,2
01-10-1986 00:00,880,2
02-10-1986 00:00,876,2
03-10-1986 00:00,857,2
04-10-1986 00:00,873,2
05-10-1986 00:00,879,2
06-10-1986 00:00,877,2
07-10-1986 00:00,875,2
08-10-1986 00:00,882,2
09-10-1986 00:00,881,2
10-10-1986 00:00,879,2
11-10-1986 00:00,877,2
12-10-1986 00:00,878,2
13-10-1986 00:00,820,2
14-10-1986 00:00,768,2
15-10-1986 00:00,767,2
16-10-1986 00:00,765,2
17-10-1986 00:00,761,2
18-10-1986 00:00,765,2
19-10-1986 00:00,761,2
20-10-1986 00:00,680,2
21-10-1986 00:00,613,2
22-10-1986 00:00,615,2
23-10-1986 00:00,615,2
24-10-1986 00:00,616,2
25-10-1986 00:00,621,2
26-10-1986 00:00,621,2
27-10-1986 00:00,621,2
28-10-1986 00:00,624,2
29-10-1986 00:00,623,2
30-10-1986 00:00,626,2
31-10-1986 00:00,627,2
01-11-1986 00:00,628,2
02-11-1986 00:00,630,2
03-11-1986 00:00,630,2
04-11-1986 00:00,625,2
05-11-1986 00:00,628,2
06-11-1986 00:00,616,2
07-11-1986 00:00,627,2
08-11-1986 00:00,627,2
09-11-1986 00:00,627,2
10-11-1986 00:00,629,2
11-11-1986 00:00,632,2
12-11-1986 00:00,629,2
13-11-1986 00:00,637,2
14-11-1986 00:00,690,2
15-11-1986 00:00,691,2
16-11-1986 00:00,688,2
17-11-1986 00:00,688,2
18-11-1986 00:00,626,2
19-11-1986 00:00,628,2
20-11-1986 00:00,632,2
21-11-1986 00:00,633,2
22-11-1986 00:00,636,2
23-11-1986 00:00,636,2
24-11-1986 00:00,635,2
25-11-1986 00:00,634,2
26-11-1986 00:00,635,2
27-11-1986 00:00,635,2
28-11-1986 00:00,635,2
29-11-1986 00:00,634,2
30-11-1986 00:00,635,2
01-12-1986 00:00,624,2
02-12-1986 00:00,361,2
03-12-1986 00:00,559,2
04-12-1986 00:00,614,2
05-12-1986 00:00,601,2
06-12-1986 00:00,601,2
07-12-1986 00:00,614,2
08-12-1986 00:00,587,2
09-12-1986 00:00,587,2
10-12-1986 00:00,601,2
11-12-1986 00:00,601,2
12-12-1986 00:00,601,2
13-12-1986 00:00,601,2
14-12-1986 00:00,601,2
15-12-1986 00:00,653,2
16-12-1986 00:00,614,2
17-12-1986 00:00,627,2
18-12-1986 00:00,627,2
19-12-1986 00:00,627,2
20-12-1986 00:00,653,2
21-12-1986 00:00,653,2
22-12-1986 00:00,614,2
23-12-1986 00:00,640,2
24-12-1986 00:00,627,2
25-12-1986 00:00,640,2
26-12-1986 00:00,640,2
27-12-1986 00:00,640,2
28-12-1986 00:00,653,2
29-12-1986 00:00,640,2
30-12-1986 00:00,640,2
31-12-1986 00:00,640,2
01-01-1987 00:00,629,2
02-01-1987 00:00,629,2
03-01-1987 00:00,627,2
04-01-1987 00:00,627,2
05-01-1987 00:00,627,2
06-01-1987 00:00,627,2
07-01-1987 00:00,627,2
08-01-1987 00:00,633,2
09-01-1987 00:00,627,2
10-01-1987 00:00,622,2
11-01-1987 00:00,622,2
12-01-1987 00:00,620,2
13-01-1987 00:00,620,2
14-01-1987 00:00,620,2
15-01-1987 00:00,621,2
16-01-1987 00:00,621,2
17-01-1987 00:00,621,2
18-01-1987 00:00,622,2
19-01-1987 00:00,622,2
20-01-1987 00:00,622,2
21-01-1987 00:00,622,2
22-01-1987 00:00,624,2
23-01-1987 00:00,627,2
24-01-1987 00:00,627,2
25-01-1987 00:00,627,2
26-01-1987 00:00,624,2
27-01-1987 00:00,629,2
28-01-1987 00:00,642,2
29-01-1987 00:00,646,2
30-01-1987 00:00,646,2
31-01-1987 00:00,634,2
01-02-1987 00:00,639,2
02-02-1987 00:00,639,2
03-02-1987 00:00,636,2
04-02-1987 00:00,634,2
05-02-1987 00:00,631,2
06-02-1987 00:00,628,2
07-02-1987 00:00,625,2
08-02-1987 00:00,623,2
09-02-1987 00:00,620,2
10-02-1987 00:00,604,2
11-02-1987 00:00,560,2
12-02-1987 00:00,575,2
13-02-1987 00:00,573,2
14-02-1987 00:00,575,2
15-02-1987 00:00,578,2
16-02-1987 00:00,583,2
17-02-1987 00:00,583,2
18-02-1987 00:00,586,2
19-02-1987 00:00,594,2
20-02-1987 00:00,588,2
21-02-1987 00:00,578,2
22-02-1987 00:00,575,2
23-02-1987 00:00,570,2
24-02-1987 00:00,565,2
25-02-1987 00:00,666,2
26-02-1987 00:00,679,2
27-02-1987 00:00,718,2
28-02-1987 00:00,710,2
01-03-1987 00:00,679,2
02-03-1987 00:00,675,2
03-03-1987 00:00,675,2
04-03-1987 00:00,679,2
05-03-1987 00:00,710,2
06-03-1987 00:00,718,2
07-03-1987 00:00,710,2
08-03-1987 00:00,706,2
09-03-1987 00:00,690,2
10-03-1987 00:00,690,2
11-03-1987 00:00,692,2
12-03-1987 00:00,699,2
13-03-1987 00:00,703,2
14-03-1987 00:00,692,2
15-03-1987 00:00,690,2
16-03-1987 00:00,629,2
17-03-1987 00:00,565,2
18-03-1987 00:00,591,2
19-03-1987 00:00,610,2
20-03-1987 00:00,607,2
21-03-1987 00:00,604,2
22-03-1987 00:00,612,2
23-03-1987 00:00,678,2
24-03-1987 00:00,807,2
25-03-1987 00:00,807,2
26-03-1987 00:00,805,2
27-03-1987 00:00,1430,2
28-03-1987 00:00,1742,2
29-03-1987 00:00,1729,2
30-03-1987 00:00,2374,2
31-03-1987 00:00,2697,2
01-04-1987 00:00,2707,2
02-04-1987 00:00,2707,2
03-04-1987 00:00,2743,2
04-04-1987 00:00,2752,2
05-04-1987 00:00,2688,2
06-04-1987 00:00,2984,2
07-04-1987 00:00,1664,2
08-04-1987 00:00,1773,2
09-04-1987 00:00,1808,2
10-04-1987 00:00,1784,2
11-04-1987 00:00,1773,2
12-04-1987 00:00,1767,2
13-04-1987 00:00,1753,2
14-04-1987 00:00,1739,2
15-04-1987 00:00,1736,2
16-04-1987 00:00,1739,2
17-04-1987 00:00,1732,2
18-04-1987 00:00,1753,2
19-04-1987 00:00,1739,2
20-04-1987 00:00,1753,2
21-04-1987 00:00,2465,2
22-04-1987 00:00,2788,2
23-04-1987 00:00,2816,2
24-04-1987 00:00,2834,2
25-04-1987 00:00,2807,2
26-04-1987 00:00,2825,2
27-04-1987 00:00,2622,2
28-04-1987 00:00,2697,2
29-04-1987 00:00,2707,2
30-04-1987 00:00,2697,2
01-05-1987 00:00,2679,2
02-05-1987 00:00,2679,2
03-05-1987 00:00,2661,2
04-05-1987 00:00,2642,2
05-05-1987 00:00,2603,2
06-05-1987 00:00,2603,2
07-05-1987 00:00,2603,2
08-05-1987 00:00,1731,2
09-05-1987 00:00,1335,2
10-05-1987 00:00,1327,2
11-05-1987 00:00,1331,2
12-05-1987 00:00,1372,2
13-05-1987 00:00,1372,2
14-05-1987 00:00,1390,2
15-05-1987 00:00,1372,2
16-05-1987 00:00,1390,2
17-05-1987 00:00,1417,2
18-05-1987 00:00,1390,2
19-05-1987 00:00,1367,2
20-05-1987 00:00,1380,2
21-05-1987 00:00,1380,2
22-05-1987 00:00,1353,2
23-05-1987 00:00,1340,2
24-05-1987 00:00,1327,2
25-05-1987 00:00,1297,2
26-05-1987 00:00,1394,2
27-05-1987 00:00,1425,2
28-05-1987 00:00,1331,2
29-05-1987 00:00,1317,2
30-05-1987 00:00,1307,2
31-05-1987 00:00,1307,2
01-06-1987 00:00,1312,2
02-06-1987 00:00,1317,2
03-06-1987 00:00,1278,2
04-06-1987 00:00,1312,2
05-06-1987 00:00,1288,2
06-06-1987 00:00,1293,2
07-06-1987 00:00,1283,2
08-06-1987 00:00,1269,2
09-06-1987 00:00,1264,2
10-06-1987 00:00,1269,2
11-06-1987 00:00,1273,2
12-06-1987 00:00,1293,2
13-06-1987 00:00,1269,2
14-06-1987 00:00,1259,2
15-06-1987 00:00,1293,2
16-06-1987 00:00,1288,2
17-06-1987 00:00,1302,2
18-06-1987 00:00,1302,2
19-06-1987 00:00,1307,2
20-06-1987 00:00,1293,2
21-06-1987 00:00,1288,2
22-06-1987 00:00,1307,2
23-06-1987 00:00,1293,2
24-06-1987 00:00,1317,2
25-06-1987 00:00,1307,2
26-06-1987 00:00,1302,2
27-06-1987 00:00,1293,2
28-06-1987 00:00,1288,2
29-06-1987 00:00,1307,2
30-06-1987 00:00,1327,2
01-07-1987 00:00,1317,2
02-07-1987 00:00,1331,2
03-07-1987 00:00,1317,2
04-07-1987 00:00,1317,2
05-07-1987 00:00,1297,2
06-07-1987 00:00,1302,2
07-07-1987 00:00,1278,2
08-07-1987 00:00,1283,2
09-07-1987 00:00,1264,2
10-07-1987 00:00,1239,2
11-07-1987 00:00,1214,2
12-07-1987 00:00,1209,2
13-07-1987 00:00,1204,2
14-07-1987 00:00,1188,2
15-07-1987 00:00,1188,2
16-07-1987 00:00,1188,2
17-07-1987 00:00,1188,2
18-07-1987 00:00,1254,2
19-07-1987 00:00,1112,2
20-07-1987 00:00,1198,2
21-07-1987 00:00,1235,2
22-07-1987 00:00,1249,2
23-07-1987 00:00,1254,2
24-07-1987 00:00,1249,2
25-07-1987 00:00,1264,2
26-07-1987 00:00,1259,2
27-07-1987 00:00,1264,2
28-07-1987 00:00,1288,2
29-07-1987 00:00,1302,2
30-07-1987 00:00,1264,2
31-07-1987 00:00,1269,2
01-08-1987 00:00,1254,2
02-08-1987 00:00,1230,2
03-08-1987 00:00,1193,2
04-08-1987 00:00,1254,2
05-08-1987 00:00,1623,2
06-08-1987 00:00,2117,2
07-08-1987 00:00,2275,2
08-08-1987 00:00,2255,2
09-08-1987 00:00,2245,2
10-08-1987 00:00,2225,2
11-08-1987 00:00,2216,2
12-08-1987 00:00,2206,2
13-08-1987 00:00,2176,2
14-08-1987 00:00,2196,2
15-08-1987 00:00,2196,2
16-08-1987 00:00,2216,2
17-08-1987 00:00,2255,2
18-08-1987 00:00,2245,2
19-08-1987 00:00,2176,2
20-08-1987 00:00,2147,2
21-08-1987 00:00,2117,2
22-08-1987 00:00,2074,2
23-08-1987 00:00,2052,2
24-08-1987 00:00,1963,2
25-08-1987 00:00,2074,2
26-08-1987 00:00,1963,2
27-08-1987 00:00,2096,2
28-08-1987 00:00,2074,2
29-08-1987 00:00,2127,2
30-08-1987 00:00,2106,2
31-08-1987 00:00,2106,2
01-09-1987 00:00,2074,2
02-09-1987 00:00,2052,2
03-09-1987 00:00,1998,2
04-09-1987 00:00,1987,2
05-09-1987 00:00,1998,2
06-09-1987 00:00,1987,2
07-09-1987 00:00,1987,2
08-09-1987 00:00,1944,2
09-09-1987 00:00,1933,2
10-09-1987 00:00,1933,2
11-09-1987 00:00,1888,2
12-09-1987 00:00,1901,2
13-09-1987 00:00,1888,2
14-09-1987 00:00,1810,2
15-09-1987 00:00,1622,2
16-09-1987 00:00,1423,2
17-09-1987 00:00,1449,2
18-09-1987 00:00,1398,2
19-09-1987 00:00,1436,2
20-09-1987 00:00,1488,2
21-09-1987 00:00,1692,2
22-09-1987 00:00,1844,2
23-09-1987 00:00,1855,2
24-09-1987 00:00,1865,2
25-09-1987 00:00,1844,2
26-09-1987 00:00,1834,2
27-09-1987 00:00,2068,2
28-09-1987 00:00,1926,2
29-09-1987 00:00,1716,2
30-09-1987 00:00,1716,2
01-10-1987 00:00,1704,2
02-10-1987 00:00,1728,2
03-10-1987 00:00,1716,2
04-10-1987 00:00,1728,2
05-10-1987 00:00,1764,2
06-10-1987 00:00,1638,2
07-10-1987 00:00,1581,2
08-10-1987 00:00,1529,2
09-10-1987 00:00,1490,2
10-10-1987 00:00,1607,2
11-10-1987 00:00,1529,2
12-10-1987 00:00,1555,2
13-10-1987 00:00,1555,2
14-10-1987 00:00,1564,2
15-10-1987 00:00,1581,2
16-10-1987 00:00,1564,2
17-10-1987 00:00,1564,2
18-10-1987 00:00,1581,2
19-10-1987 00:00,1564,2
20-10-1987 00:00,1555,2
21-10-1987 00:00,1581,2
22-10-1987 00:00,1555,2
23-10-1987 00:00,1537,2
24-10-1987 00:00,1520,2
25-10-1987 00:00,1546,2
26-10-1987 00:00,1537,2
27-10-1987 00:00,1581,2
28-10-1987 00:00,1555,2
29-10-1987 00:00,1537,2
30-10-1987 00:00,1470,2
31-10-1987 00:00,1470,2
01-11-1987 00:00,1470,2
02-11-1987 00:00,1185,2
03-11-1987 00:00,1042,2
04-11-1987 00:00,1046,2
05-11-1987 00:00,1042,2
06-11-1987 00:00,1041,2
07-11-1987 00:00,1029,2
08-11-1987 00:00,1056,2
09-11-1987 00:00,1107,2
10-11-1987 00:00,1088,2
11-11-1987 00:00,1088,2
12-11-1987 00:00,1094,2
13-11-1987 00:00,1113,2
14-11-1987 00:00,1107,2
15-11-1987 00:00,1094,2
16-11-1987 00:00,1094,2
17-11-1987 00:00,1088,2
18-11-1987 00:00,1101,2
19-11-1987 00:00,1107,2
20-11-1987 00:00,1116,2
21-11-1987 00:00,1116,2
22-11-1987 00:00,1113,2
23-11-1987 00:00,1132,2
24-11-1987 00:00,1049,2
25-11-1987 00:00,1104,2
26-11-1987 00:00,1135,2
27-11-1987 00:00,1132,2
28-11-1987 00:00,1129,2
29-11-1987 00:00,1126,2
30-11-1987 00:00,1126,2
01-12-1987 00:00,1132,2
02-12-1987 00:00,1129,2
03-12-1987 00:00,1132,2
04-12-1987 00:00,1129,2
05-12-1987 00:00,1123,2
06-12-1987 00:00,1126,2
07-12-1987 00:00,1126,2
08-12-1987 00:00,1123,2
09-12-1987 00:00,1116,2
10-12-1987 00:00,1116,2
11-12-1987 00:00,1120,2
12-12-1987 00:00,1104,2
13-12-1987 00:00,1104,2
14-12-1987 00:00,1110,2
15-12-1987 00:00,1116,2
16-12-1987 00:00,1120,2
17-12-1987 00:00,1123,2
18-12-1987 00:00,1091,2
19-12-1987 00:00,1116,2
20-12-1987 00:00,1129,2
21-12-1987 00:00,1161,2
22-12-1987 00:00,1159,2
23-12-1987 00:00,1179,2
24-12-1987 00:00,1191,2
25-12-1987 00:00,1185,2
26-12-1987 00:00,1173,2
27-12-1987 00:00,1191,2
28-12-1987 00:00,1397,2
29-12-1987 00:00,1521,2
30-12-1987 00:00,1529,2
31-12-1987 00:00,1572,2
01-01-1988 00:00,1548,2
02-01-1988 00:00,1548,2
03-01-1988 00:00,1580,2
04-01-1988 00:00,1938,2
05-01-1988 00:00,2164,2
06-01-1988 00:00,2197,2
07-01-1988 00:00,2739,2
08-01-1988 00:00,3222,2
09-01-1988 00:00,3219,2
10-01-1988 00:00,3178,2
11-01-1988 00:00,3214,2
12-01-1988 00:00,3250,2
13-01-1988 00:00,3284,2
14-01-1988 00:00,3302,2
15-01-1988 00:00,3268,2
16-01-1988 00:00,3250,2
17-01-1988 00:00,3232,2
18-01-1988 00:00,3284,2
19-01-1988 00:00,3302,2
20-01-1988 00:00,3336,2
21-01-1988 00:00,3302,2
22-01-1988 00:00,3336,2
23-01-1988 00:00,3320,2
24-01-1988 00:00,3336,2
25-01-1988 00:00,3354,2
26-01-1988 00:00,3268,2
27-01-1988 00:00,3250,2
28-01-1988 00:00,3232,2
29-01-1988 00:00,3371,2
30-01-1988 00:00,3354,2
31-01-1988 00:00,3354,2
01-02-1988 00:00,3360,2
02-02-1988 00:00,3460,2
03-02-1988 00:00,3456,2
04-02-1988 00:00,3546,2
05-02-1988 00:00,3524,2
06-02-1988 00:00,3546,2
07-02-1988 00:00,3524,2
08-02-1988 00:00,4100,2
09-02-1988 00:00,4583,2
10-02-1988 00:00,4734,2
11-02-1988 00:00,4772,2
12-02-1988 00:00,4772,2
13-02-1988 00:00,4753,2
14-02-1988 00:00,4772,2
15-02-1988 00:00,4772,2
16-02-1988 00:00,4734,2
17-02-1988 00:00,4658,2
18-02-1988 00:00,4734,2
19-02-1988 00:00,4810,2
20-02-1988 00:00,4772,2
21-02-1988 00:00,4620,2
22-02-1988 00:00,4658,2
23-02-1988 00:00,4810,2
24-02-1988 00:00,4961,2
25-02-1988 00:00,4923,2
26-02-1988 00:00,4923,2
27-02-1988 00:00,4772,2
28-02-1988 00:00,4620,2
29-02-1988 00:00,4753,2
01-03-1988 00:00,4810,2
02-03-1988 00:00,4734,2
03-03-1988 00:00,4677,2
04-03-1988 00:00,4658,2
05-03-1988 00:00,4620,2
06-03-1988 00:00,4620,2
07-03-1988 00:00,4639,2
08-03-1988 00:00,4563,2
09-03-1988 00:00,4525,2
10-03-1988 00:00,4450,2
11-03-1988 00:00,4317,2
12-03-1988 00:00,4393,2
13-03-1988 00:00,4355,2
14-03-1988 00:00,3700,2
15-03-1988 00:00,3172,2
16-03-1988 00:00,3222,2
17-03-1988 00:00,3318,2
18-03-1988 00:00,3434,2
19-03-1988 00:00,3388,2
20-03-1988 00:00,3410,2
21-03-1988 00:00,3364,2
22-03-1988 00:00,3246,2
23-03-1988 00:00,3222,2
24-03-1988 00:00,3196,2
25-03-1988 00:00,3146,2
26-03-1988 00:00,3172,2
27-03-1988 00:00,3222,2
28-03-1988 00:00,3300,2
29-03-1988 00:00,3318,2
30-03-1988 00:00,3318,2
31-03-1988 00:00,3318,2
01-04-1988 00:00,3294,2
02-04-1988 00:00,3196,2
03-04-1988 00:00,3146,2
04-04-1988 00:00,3020,2
05-04-1988 00:00,3020,2
06-04-1988 00:00,2994,2
07-04-1988 00:00,2994,2
08-04-1988 00:00,2411,2
09-04-1988 00:00,2070,2
10-04-1988 00:00,2012,2
11-04-1988 00:00,2051,2
12-04-1988 00:00,2181,2
13-04-1988 00:00,2172,2
14-04-1988 00:00,2154,2
15-04-1988 00:00,2154,2
16-04-1988 00:00,2126,2
17-04-1988 00:00,2135,2
18-04-1988 00:00,1607,2
19-04-1988 00:00,1331,2
20-04-1988 00:00,1320,2
21-04-1988 00:00,1353,2
22-04-1988 00:00,1367,2
23-04-1988 00:00,1357,2
24-04-1988 00:00,1348,2
25-04-1988 00:00,1126,2
26-04-1988 00:00,1194,2
27-04-1988 00:00,1177,2
28-04-1988 00:00,1174,2
29-04-1988 00:00,1177,2
30-04-1988 00:00,1157,2
01-05-1988 00:00,1163,2
02-05-1988 00:00,1151,2
03-05-1988 00:00,1166,2
04-05-1988 00:00,1154,2
05-05-1988 00:00,1174,2
06-05-1988 00:00,1174,2
07-05-1988 00:00,1171,2
08-05-1988 00:00,1166,2
09-05-1988 00:00,1120,2
10-05-1988 00:00,907,2
11-05-1988 00:00,896,2
12-05-1988 00:00,984,2
13-05-1988 00:00,964,2
14-05-1988 00:00,945,2
15-05-1988 00:00,937,2
16-05-1988 00:00,941,2
17-05-1988 00:00,949,2
18-05-1988 00:00,941,2
19-05-1988 00:00,964,2
20-05-1988 00:00,941,2
21-05-1988 00:00,941,2
22-05-1988 00:00,926,2
23-05-1988 00:00,937,2
24-05-1988 00:00,956,2
25-05-1988 00:00,952,2
26-05-1988 00:00,960,2
27-05-1988 00:00,967,2
28-05-1988 00:00,964,2
29-05-1988 00:00,952,2
30-05-1988 00:00,949,2
31-05-1988 00:00,952,2
01-06-1988 00:00,952,2
02-06-1988 00:00,952,2
03-06-1988 00:00,956,2
04-06-1988 00:00,949,2
05-06-1988 00:00,941,2
06-06-1988 00:00,934,2
07-06-1988 00:00,918,2
08-06-1988 00:00,908,2
09-06-1988 00:00,914,2
10-06-1988 00:00,914,2
11-06-1988 00:00,922,2
12-06-1988 00:00,896,2
13-06-1988 00:00,884,2
14-06-1988 00:00,880,2
15-06-1988 00:00,880,2
16-06-1988 00:00,868,2
17-06-1988 00:00,868,2
18-06-1988 00:00,868,2
19-06-1988 00:00,868,2
20-06-1988 00:00,872,2
21-06-1988 00:00,855,2
22-06-1988 00:00,863,2
23-06-1988 00:00,859,2
24-06-1988 00:00,863,2
25-06-1988 00:00,847,2
26-06-1988 00:00,847,2
27-06-1988 00:00,843,2
28-06-1988 00:00,847,2
29-06-1988 00:00,851,2
30-06-1988 00:00,847,2
01-07-1988 00:00,863,2
02-07-1988 00:00,839,2
03-07-1988 00:00,855,2
04-07-1988 00:00,855,2
05-07-1988 00:00,863,2
06-07-1988 00:00,859,2
07-07-1988 00:00,851,2
08-07-1988 00:00,818,2
09-07-1988 00:00,831,2
10-07-1988 00:00,851,2
11-07-1988 00:00,818,2
12-07-1988 00:00,788,2
13-07-1988 00:00,797,2
14-07-1988 00:00,797,2
15-07-1988 00:00,806,2
16-07-1988 00:00,850,2
17-07-1988 00:00,643,2
18-07-1988 00:00,737,2
19-07-1988 00:00,765,2
20-07-1988 00:00,760,2
21-07-1988 00:00,755,2
22-07-1988 00:00,760,2
23-07-1988 00:00,769,2
24-07-1988 00:00,769,2
25-07-1988 00:00,800,2
26-07-1988 00:00,800,2
27-07-1988 00:00,790,2
28-07-1988 00:00,785,2
29-07-1988 00:00,780,2
30-07-1988 00:00,780,2
31-07-1988 00:00,765,2
01-08-1988 00:00,746,2
02-08-1988 00:00,797,2
03-08-1988 00:00,831,2
04-08-1988 00:00,814,2
05-08-1988 00:00,814,2
06-08-1988 00:00,814,2
07-08-1988 00:00,810,2
08-08-1988 00:00,793,2
09-08-1988 00:00,746,2
10-08-1988 00:00,745,2
11-08-1988 00:00,750,2
12-08-1988 00:00,764,2
13-08-1988 00:00,740,2
14-08-1988 00:00,780,2
15-08-1988 00:00,765,2
16-08-1988 00:00,756,2
17-08-1988 00:00,769,2
18-08-1988 00:00,764,2
19-08-1988 00:00,751,2
20-08-1988 00:00,732,2
21-08-1988 00:00,746,2
22-08-1988 00:00,727,2
23-08-1988 00:00,736,2
24-08-1988 00:00,751,2
25-08-1988 00:00,756,2
26-08-1988 00:00,727,2
27-08-1988 00:00,746,2
28-08-1988 00:00,760,2
29-08-1988 00:00,745,2
30-08-1988 00:00,760,2
31-08-1988 00:00,764,2
01-09-1988 00:00,746,2
02-09-1988 00:00,730,2
03-09-1988 00:00,710,2
04-09-1988 00:00,690,2
05-09-1988 00:00,676,2
06-09-1988 00:00,681,2
07-09-1988 00:00,681,2
08-09-1988 00:00,676,2
09-09-1988 00:00,630,2
10-09-1988 00:00,608,2
11-09-1988 00:00,585,2
12-09-1988 00:00,640,2
13-09-1988 00:00,671,2
14-09-1988 00:00,686,2
15-09-1988 00:00,681,2
16-09-1988 00:00,708,2
17-09-1988 00:00,703,2
18-09-1988 00:00,676,2
19-09-1988 00:00,632,2
20-09-1988 00:00,671,2
21-09-1988 00:00,718,2
22-09-1988 00:00,769,2
23-09-1988 00:00,713,2
24-09-1988 00:00,665,2
25-09-1988 00:00,703,2
26-09-1988 00:00,698,2
27-09-1988 00:00,676,2
28-09-1988 00:00,666,2
29-09-1988 00:00,676,2
30-09-1988 00:00,666,2
01-10-1988 00:00,671,2
02-10-1988 00:00,660,2
03-10-1988 00:00,671,2
04-10-1988 00:00,681,2
05-10-1988 00:00,686,2
06-10-1988 00:00,671,2
07-10-1988 00:00,703,2
08-10-1988 00:00,698,2
09-10-1988 00:00,692,2
10-10-1988 00:00,722,2
11-10-1988 00:00,736,2
12-10-1988 00:00,765,2
13-10-1988 00:00,726,2
14-10-1988 00:00,732,2
15-10-1988 00:00,736,2
16-10-1988 00:00,741,2
17-10-1988 00:00,746,2
18-10-1988 00:00,751,2
19-10-1988 00:00,806,2
20-10-1988 00:00,876,2
21-10-1988 00:00,777,2
22-10-1988 00:00,755,2
23-10-1988 00:00,735,2
24-10-1988 00:00,773,2
25-10-1988 00:00,760,2
26-10-1988 00:00,764,2
27-10-1988 00:00,760,2
28-10-1988 00:00,730,2
29-10-1988 00:00,765,2
30-10-1988 00:00,740,2
31-10-1988 00:00,720,2
01-11-1988 00:00,705,2
02-11-1988 00:00,740,2
03-11-1988 00:00,550,2
04-11-1988 00:00,720,2
05-11-1988 00:00,725,2
06-11-1988 00:00,705,2
07-11-1988 00:00,740,2
08-11-1988 00:00,745,2
09-11-1988 00:00,735,2
10-11-1988 00:00,735,2
11-11-1988 00:00,730,2
12-11-1988 00:00,730,2
13-11-1988 00:00,745,2
14-11-1988 00:00,720,2
15-11-1988 00:00,730,2
16-11-1988 00:00,730,2
17-11-1988 00:00,735,2
18-11-1988 00:00,730,2
19-11-1988 00:00,715,2
20-11-1988 00:00,700,2
21-11-1988 00:00,685,2
22-11-1988 00:00,710,2
23-11-1988 00:00,720,2
24-11-1988 00:00,710,2
25-11-1988 00:00,715,2
26-11-1988 00:00,720,2
27-11-1988 00:00,700,2
28-11-1988 00:00,700,2
29-11-1988 00:00,700,2
30-11-1988 00:00,730,2
01-12-1988 00:00,720,2
02-12-1988 00:00,730,2
03-12-1988 00:00,710,2
04-12-1988 00:00,700,2
05-12-1988 00:00,725,2
06-12-1988 00:00,750,2
07-12-1988 00:00,730,2
08-12-1988 00:00,725,2
09-12-1988 00:00,750,2
10-12-1988 00:00,745,2
11-12-1988 00:00,725,2
12-12-1988 00:00,735,2
13-12-1988 00:00,720,2
14-12-1988 00:00,710,2
15-12-1988 00:00,685,2
16-12-1988 00:00,685,2
17-12-1988 00:00,695,2
18-12-1988 00:00,690,2
19-12-1988 00:00,720,2
20-12-1988 00:00,695,2
21-12-1988 00:00,695,2
22-12-1988 00:00,705,2
23-12-1988 00:00,730,2
24-12-1988 00:00,730,2
25-12-1988 00:00,745,2
26-12-1988 00:00,755,2
27-12-1988 00:00,947,2
28-12-1988 00:00,1173,2
29-12-1988 00:00,1232,2
30-12-1988 00:00,1225,2
31-12-1988 00:00,1238,2
01-01-1989 00:00,1251,2
02-01-1989 00:00,1238,2
03-01-1989 00:00,1465,2
04-01-1989 00:00,1568,2
05-01-1989 00:00,1552,2
06-01-1989 00:00,1552,2
07-01-1989 00:00,1542,2
08-01-1989 00:00,1547,2
09-01-1989 00:00,1568,2
10-01-1989 00:00,1578,2
11-01-1989 00:00,1563,2
12-01-1989 00:00,1568,2
13-01-1989 00:00,1527,2
14-01-1989 00:00,1522,2
15-01-1989 00:00,1497,2
16-01-1989 00:00,1533,2
17-01-1989 00:00,1533,2
18-01-1989 00:00,1527,2
19-01-1989 00:00,1537,2
20-01-1989 00:00,1558,2
21-01-1989 00:00,1547,2
22-01-1989 00:00,1527,2
23-01-1989 00:00,1547,2
24-01-1989 00:00,1553,2
25-01-1989 00:00,1558,2
26-01-1989 00:00,1553,2
27-01-1989 00:00,1537,2
28-01-1989 00:00,1507,2
29-01-1989 00:00,1481,2
30-01-1989 00:00,1443,2
31-01-1989 00:00,1443,2
01-02-1989 00:00,1454,2
02-02-1989 00:00,1465,2
03-02-1989 00:00,1460,2
04-02-1989 00:00,1470,2
05-02-1989 00:00,1450,2
06-02-1989 00:00,1432,2
07-02-1989 00:00,1085,2
08-02-1989 00:00,894,2
09-02-1989 00:00,861,2
10-02-1989 00:00,843,2
11-02-1989 00:00,843,2
12-02-1989 00:00,849,2
13-02-1989 00:00,838,2
14-02-1989 00:00,820,2
15-02-1989 00:00,860,2
16-02-1989 00:00,909,2
17-02-1989 00:00,857,2
18-02-1989 00:00,826,2
19-02-1989 00:00,811,2
20-02-1989 00:00,911,2
21-02-1989 00:00,891,2
22-02-1989 00:00,893,2
23-02-1989 00:00,885,2
24-02-1989 00:00,891,2
25-02-1989 00:00,880,2
26-02-1989 00:00,854,2
27-02-1989 00:00,832,2
28-02-1989 00:00,752,2
01-03-1989 00:00,723,2
02-03-1989 00:00,659,2
03-03-1989 00:00,670,2
04-03-1989 00:00,651,2
05-03-1989 00:00,640,2
06-03-1989 00:00,677,2
07-03-1989 00:00,625,2
08-03-1989 00:00,625,2
09-03-1989 00:00,562,2
10-03-1989 00:00,562,2
11-03-1989 00:00,550,2
12-03-1989 00:00,617,2
13-03-1989 00:00,629,2
14-03-1989 00:00,575,2
15-03-1989 00:00,583,2
16-03-1989 00:00,640,2
17-03-1989 00:00,723,2
18-03-1989 00:00,752,2
19-03-1989 00:00,747,2
20-03-1989 00:00,784,2
21-03-1989 00:00,732,2
22-03-1989 00:00,674,2
23-03-1989 00:00,608,2
24-03-1989 00:00,580,2
25-03-1989 00:00,558,2
26-03-1989 00:00,571,2
27-03-1989 00:00,625,2
28-03-1989 00:00,729,2
29-03-1989 00:00,716,2
30-03-1989 00:00,633,2
31-03-1989 00:00,665,2
01-04-1989 00:00,655,2
02-04-1989 00:00,633,2
03-04-1989 00:00,644,2
04-04-1989 00:00,662,2
05-04-1989 00:00,716,2
06-04-1989 00:00,992,2
07-04-1989 00:00,1118,2
08-04-1989 00:00,1112,2
09-04-1989 00:00,1209,2
10-04-1989 00:00,1135,2
11-04-1989 00:00,1140,2
12-04-1989 00:00,1135,2
13-04-1989 00:00,1180,2
14-04-1989 00:00,1218,2
15-04-1989 00:00,1214,2
16-04-1989 00:00,1210,2
17-04-1989 00:00,1204,2
18-04-1989 00:00,1204,2
19-04-1989 00:00,1210,2
20-04-1989 00:00,1202,2
21-04-1989 00:00,1202,2
22-04-1989 00:00,1170,2
23-04-1989 00:00,1140,2
24-04-1989 00:00,1112,2
25-04-1989 00:00,1177,2
26-04-1989 00:00,1172,2
27-04-1989 00:00,1167,2
28-04-1989 00:00,1167,2
29-04-1989 00:00,1167,2
30-04-1989 00:00,1135,2
01-05-1989 00:00,1112,2
02-05-1989 00:00,1112,2
03-05-1989 00:00,1107,2
04-05-1989 00:00,1112,2
05-05-1989 00:00,1089,2
06-05-1989 00:00,1073,2
07-05-1989 00:00,1071,2
08-05-1989 00:00,1078,2
09-05-1989 00:00,1078,2
10-05-1989 00:00,1065,2
11-05-1989 00:00,855,2
12-05-1989 00:00,705,2
13-05-1989 00:00,715,2
14-05-1989 00:00,695,2
15-05-1989 00:00,700,2
16-05-1989 00:00,680,2
17-05-1989 00:00,690,2
18-05-1989 00:00,710,2
19-05-1989 00:00,695,2
20-05-1989 00:00,690,2
21-05-1989 00:00,690,2
22-05-1989 00:00,670,2
23-05-1989 00:00,675,2
24-05-1989 00:00,680,2
25-05-1989 00:00,675,2
26-05-1989 00:00,650,2
27-05-1989 00:00,628,2
28-05-1989 00:00,635,2
29-05-1989 00:00,666,2
30-05-1989 00:00,684,2
31-05-1989 00:00,654,2
01-06-1989 00:00,701,2
02-06-1989 00:00,700,2
03-06-1989 00:00,690,2
04-06-1989 00:00,679,2
05-06-1989 00:00,690,2
06-06-1989 00:00,700,2
07-06-1989 00:00,704,2
08-06-1989 00:00,692,2
09-06-1989 00:00,695,2
10-06-1989 00:00,704,2
11-06-1989 00:00,700,2
12-06-1989 00:00,712,2
13-06-1989 00:00,688,2
14-06-1989 00:00,675,2
15-06-1989 00:00,666,2
16-06-1989 00:00,661,2
17-06-1989 00:00,664,2
18-06-1989 00:00,661,2
19-06-1989 00:00,661,2
20-06-1989 00:00,664,2
21-06-1989 00:00,664,2
22-06-1989 00:00,664,2
23-06-1989 00:00,675,2
24-06-1989 00:00,680,2
25-06-1989 00:00,670,2
26-06-1989 00:00,680,2
27-06-1989 00:00,710,2
28-06-1989 00:00,690,2
29-06-1989 00:00,700,2
30-06-1989 00:00,700,2
01-07-1989 00:00,675,2
02-07-1989 00:00,670,2
03-07-1989 00:00,660,2
04-07-1989 00:00,640,2
05-07-1989 00:00,630,2
06-07-1989 00:00,620,2
07-07-1989 00:00,590,2
08-07-1989 00:00,580,2
09-07-1989 00:00,560,2
10-07-1989 00:00,580,2
11-07-1989 00:00,591,2
12-07-1989 00:00,547,2
13-07-1989 00:00,542,2
14-07-1989 00:00,539,2
15-07-1989 00:00,533,2
16-07-1989 00:00,527,2
17-07-1989 00:00,494,2
18-07-1989 00:00,430,2
19-07-1989 00:00,402,2
20-07-1989 00:00,389,2
21-07-1989 00:00,423,2
22-07-1989 00:00,430,2
23-07-1989 00:00,430,2
24-07-1989 00:00,477,2
25-07-1989 00:00,516,2
26-07-1989 00:00,519,2
27-07-1989 00:00,524,2
28-07-1989 00:00,545,2
29-07-1989 00:00,594,2
30-07-1989 00:00,594,2
31-07-1989 00:00,542,2
01-08-1989 00:00,583,2
02-08-1989 00:00,565,2
03-08-1989 00:00,530,2
04-08-1989 00:00,553,2
05-08-1989 00:00,559,2
06-08-1989 00:00,553,2
07-08-1989 00:00,550,2
08-08-1989 00:00,530,2
09-08-1989 00:00,586,2
10-08-1989 00:00,596,2
11-08-1989 00:00,588,2
12-08-1989 00:00,604,2
13-08-1989 00:00,617,2
14-08-1989 00:00,594,2
15-08-1989 00:00,599,2
16-08-1989 00:00,602,2
17-08-1989 00:00,588,2
18-08-1989 00:00,591,2
19-08-1989 00:00,599,2
20-08-1989 00:00,609,2
21-08-1989 00:00,632,2
22-08-1989 00:00,573,2
23-08-1989 00:00,548,2
24-08-1989 00:00,550,2
25-08-1989 00:00,562,2
26-08-1989 00:00,570,2
27-08-1989 00:00,588,2
28-08-1989 00:00,594,2
29-08-1989 00:00,604,2
30-08-1989 00:00,612,2
31-08-1989 00:00,612,2
01-09-1989 00:00,604,2
02-09-1989 00:00,599,2
03-09-1989 00:00,599,2
04-09-1989 00:00,583,2
05-09-1989 00:00,609,2
06-09-1989 00:00,588,2
07-09-1989 00:00,597,2
08-09-1989 00:00,597,2
09-09-1989 00:00,580,2
10-09-1989 00:00,570,2
11-09-1989 00:00,590,2
12-09-1989 00:00,599,2
13-09-1989 00:00,593,2
14-09-1989 00:00,570,2
15-09-1989 00:00,583,2
16-09-1989 00:00,565,2
17-09-1989 00:00,556,2
18-09-1989 00:00,601,2
19-09-1989 00:00,607,2
20-09-1989 00:00,614,2
21-09-1989 00:00,596,2
22-09-1989 00:00,568,2
23-09-1989 00:00,580,2
24-09-1989 00:00,589,2
25-09-1989 00:00,596,2
26-09-1989 00:00,596,2
27-09-1989 00:00,609,2
28-09-1989 00:00,575,2
29-09-1989 00:00,583,2
30-09-1989 00:00,583,2
01-10-1989 00:00,562,2
02-10-1989 00:00,556,2
03-10-1989 00:00,559,2
04-10-1989 00:00,562,2
05-10-1989 00:00,589,2
06-10-1989 00:00,614,2
07-10-1989 00:00,651,2
08-10-1989 00:00,659,2
09-10-1989 00:00,607,2
10-10-1989 00:00,578,2
11-10-1989 00:00,581,2
12-10-1989 00:00,583,2
13-10-1989 00:00,581,2
14-10-1989 00:00,604,2
15-10-1989 00:00,617,2
16-10-1989 00:00,591,2
17-10-1989 00:00,624,2
18-10-1989 00:00,649,2
19-10-1989 00:00,654,2
20-10-1989 00:00,622,2
21-10-1989 00:00,593,2
22-10-1989 00:00,589,2
23-10-1989 00:00,593,2
24-10-1989 00:00,586,2
25-10-1989 00:00,583,2
26-10-1989 00:00,575,2
27-10-1989 00:00,581,2
28-10-1989 00:00,565,2
29-10-1989 00:00,575,2
30-10-1989 00:00,570,2
31-10-1989 00:00,570,2
01-11-1989 00:00,556,2
02-11-1989 00:00,565,2
03-11-1989 00:00,599,2
04-11-1989 00:00,651,2
05-11-1989 00:00,656,2
06-11-1989 00:00,766,2
07-11-1989 00:00,821,2
08-11-1989 00:00,790,2
09-11-1989 00:00,769,2
10-11-1989 00:00,777,2
11-11-1989 00:00,782,2
12-11-1989 00:00,782,2
13-11-1989 00:00,755,2
14-11-1989 00:00,725,2
15-11-1989 00:00,764,2
16-11-1989 00:00,755,2
17-11-1989 00:00,755,2
18-11-1989 00:00,760,2
19-11-1989 00:00,764,2
20-11-1989 00:00,769,2
21-11-1989 00:00,760,2
22-11-1989 00:00,988,2
23-11-1989 00:00,958,2
24-11-1989 00:00,790,2
25-11-1989 00:00,781,2
26-11-1989 00:00,777,2
27-11-1989 00:00,740,2
28-11-1989 00:00,740,2
29-11-1989 00:00,745,2
30-11-1989 00:00,745,2
01-12-1989 00:00,745,2
02-12-1989 00:00,740,2
03-12-1989 00:00,745,2
04-12-1989 00:00,735,2
05-12-1989 00:00,720,2
06-12-1989 00:00,720,2
07-12-1989 00:00,859,2
08-12-1989 00:00,918,2
09-12-1989 00:00,944,2
10-12-1989 00:00,851,2
11-12-1989 00:00,786,2
12-12-1989 00:00,790,2
13-12-1989 00:00,799,2
14-12-1989 00:00,786,2
15-12-1989 00:00,786,2
16-12-1989 00:00,781,2
17-12-1989 00:00,777,2
18-12-1989 00:00,786,2
19-12-1989 00:00,782,2
20-12-1989 00:00,804,2
21-12-1989 00:00,781,2
22-12-1989 00:00,800,2
23-12-1989 00:00,795,2
24-12-1989 00:00,786,2
25-12-1989 00:00,786,2
26-12-1989 00:00,764,2
27-12-1989 00:00,790,2
28-12-1989 00:00,786,2
29-12-1989 00:00,786,2
30-12-1989 00:00,795,2
31-12-1989 00:00,786,2
01-01-1990 00:00,809,2
02-01-1990 00:00,799,2
03-01-1990 00:00,802,2
04-01-1990 00:00,812,2
05-01-1990 00:00,806,2
06-01-1990 00:00,812,2
07-01-1990 00:00,798,2
08-01-1990 00:00,815,2
09-01-1990 00:00,807,2
10-01-1990 00:00,790,2
11-01-1990 00:00,796,2
12-01-1990 00:00,785,2
13-01-1990 00:00,768,2
14-01-1990 00:00,760,2
15-01-1990 00:00,770,2
16-01-1990 00:00,793,2
17-01-1990 00:00,1132,2
18-01-1990 00:00,1254,2
19-01-1990 00:00,1286,2
20-01-1990 00:00,1256,2
21-01-1990 00:00,1236,2
22-01-1990 00:00,1398,2
23-01-1990 00:00,1566,2
24-01-1990 00:00,1578,2
25-01-1990 00:00,1601,2
26-01-1990 00:00,1492,2
27-01-1990 00:00,1509,2
28-01-1990 00:00,1486,2
29-01-1990 00:00,1511,2
30-01-1990 00:00,1796,2
31-01-1990 00:00,1932,2
01-02-1990 00:00,1938,2
02-02-1990 00:00,1954,2
03-02-1990 00:00,1965,2
04-02-1990 00:00,1935,2
05-02-1990 00:00,1950,2
06-02-1990 00:00,1962,2
07-02-1990 00:00,2135,2
08-02-1990 00:00,2203,2
09-02-1990 00:00,2285,2
10-02-1990 00:00,2312,2
11-02-1990 00:00,2314,2
12-02-1990 00:00,2371,2
13-02-1990 00:00,2392,2
14-02-1990 00:00,2450,2
15-02-1990 00:00,2459,2
16-02-1990 00:00,2445,2
17-02-1990 00:00,2428,2
18-02-1990 00:00,2457,2
19-02-1990 00:00,2416,2
20-02-1990 00:00,2373,2
21-02-1990 00:00,2330,2
22-02-1990 00:00,2342,2
23-02-1990 00:00,2329,2
24-02-1990 00:00,2293,2
25-02-1990 00:00,2200,2
26-02-1990 00:00,2116,2
27-02-1990 00:00,2074,2
28-02-1990 00:00,2125,2
01-03-1990 00:00,2189,2
02-03-1990 00:00,2247,2
03-03-1990 00:00,2324,2
04-03-1990 00:00,2257,2
05-03-1990 00:00,1655,2
06-03-1990 00:00,1162,2
07-03-1990 00:00,1137,2
08-03-1990 00:00,1135,2
09-03-1990 00:00,1104,2
10-03-1990 00:00,1143,2
11-03-1990 00:00,1139,2
12-03-1990 00:00,1138,2
13-03-1990 00:00,1165,2
14-03-1990 00:00,1168,2
15-03-1990 00:00,1157,2
16-03-1990 00:00,1184,2
17-03-1990 00:00,1190,2
18-03-1990 00:00,1199,2
19-03-1990 00:00,1193,2
20-03-1990 00:00,1128,2
21-03-1990 00:00,1068,2
22-03-1990 00:00,1068,2
23-03-1990 00:00,1065,2
24-03-1990 00:00,1059,2
25-03-1990 00:00,1030,2
26-03-1990 00:00,1124,2
27-03-1990 00:00,1176,2
28-03-1990 00:00,1234,2
29-03-1990 00:00,1244,2
30-03-1990 00:00,1234,2
31-03-1990 00:00,1304,2
01-04-1990 00:00,1188,2
02-04-1990 00:00,1164,2
03-04-1990 00:00,1177,2
04-04-1990 00:00,1091,2
05-04-1990 00:00,1114,2
06-04-1990 00:00,1101,2
07-04-1990 00:00,1098,2
08-04-1990 00:00,1066,2
09-04-1990 00:00,1069,2
10-04-1990 00:00,1063,2
11-04-1990 00:00,1058,2
12-04-1990 00:00,1094,2
13-04-1990 00:00,1078,2
14-04-1990 00:00,1068,2
15-04-1990 00:00,1080,2
16-04-1990 00:00,1055,2
17-04-1990 00:00,1092,2
18-04-1990 00:00,1103,2
19-04-1990 00:00,1117,2
20-04-1990 00:00,1110,2
21-04-1990 00:00,1113,2
22-04-1990 00:00,1103,2
23-04-1990 00:00,1107,2
24-04-1990 00:00,1104,2
25-04-1990 00:00,1092,2
26-04-1990 00:00,1083,2
27-04-1990 00:00,1097,2
28-04-1990 00:00,1135,2
29-04-1990 00:00,1145,2
30-04-1990 00:00,1144,2
01-05-1990 00:00,1150,2
02-05-1990 00:00,1159,2
03-05-1990 00:00,1145,2
04-05-1990 00:00,1131,2
05-05-1990 00:00,1127,2
06-05-1990 00:00,1117,2
07-05-1990 00:00,1116,2
08-05-1990 00:00,1119,2
09-05-1990 00:00,1137,2
10-05-1990 00:00,1141,2
11-05-1990 00:00,1133,2
12-05-1990 00:00,1128,2
13-05-1990 00:00,1128,2
14-05-1990 00:00,1112,2
15-05-1990 00:00,1086,2
16-05-1990 00:00,1100,2
17-05-1990 00:00,1110,2
18-05-1990 00:00,1105,2
19-05-1990 00:00,1110,2
20-05-1990 00:00,1109,2
21-05-1990 00:00,1116,2
22-05-1990 00:00,1110,2
23-05-1990 00:00,1106,2
24-05-1990 00:00,1091,2
25-05-1990 00:00,1066,2
26-05-1990 00:00,1077,2
27-05-1990 00:00,1188,2
28-05-1990 00:00,1117,2
29-05-1990 00:00,896,2
30-05-1990 00:00,910,2
31-05-1990 00:00,903,2
01-06-1990 00:00,915,2
02-06-1990 00:00,924,2
03-06-1990 00:00,852,2
04-06-1990 00:00,847,2
05-06-1990 00:00,892,2
06-06-1990 00:00,895,2
07-06-1990 00:00,897,2
08-06-1990 00:00,901,2
09-06-1990 00:00,888,2
10-06-1990 00:00,882,2
11-06-1990 00:00,893,2
12-06-1990 00:00,948,2
13-06-1990 00:00,910,2
14-06-1990 00:00,873,2
15-06-1990 00:00,876,2
16-06-1990 00:00,886,2
17-06-1990 00:00,897,2
18-06-1990 00:00,885,2
19-06-1990 00:00,761,2
20-06-1990 00:00,748,2
21-06-1990 00:00,762,2
22-06-1990 00:00,771,2
23-06-1990 00:00,769,2
24-06-1990 00:00,776,2
25-06-1990 00:00,777,2
26-06-1990 00:00,775,2
27-06-1990 00:00,782,2
28-06-1990 00:00,769,2
29-06-1990 00:00,777,2
30-06-1990 00:00,767,2
01-07-1990 00:00,762,2
02-07-1990 00:00,771,2
03-07-1990 00:00,779,2
04-07-1990 00:00,781,2
05-07-1990 00:00,764,2
06-07-1990 00:00,762,2
07-07-1990 00:00,766,2
08-07-1990 00:00,761,2
09-07-1990 00:00,741,2
10-07-1990 00:00,732,2
11-07-1990 00:00,727,2
12-07-1990 00:00,722,2
13-07-1990 00:00,727,2
14-07-1990 00:00,741,2
15-07-1990 00:00,737,2
16-07-1990 00:00,753,2
17-07-1990 00:00,750,2
18-07-1990 00:00,736,2
19-07-1990 00:00,740,2
20-07-1990 00:00,748,2
21-07-1990 00:00,759,2
22-07-1990 00:00,771,2
23-07-1990 00:00,751,2
24-07-1990 00:00,736,2
25-07-1990 00:00,745,2
26-07-1990 00:00,747,2
27-07-1990 00:00,745,2
28-07-1990 00:00,758,2
29-07-1990 00:00,781,2
30-07-1990 00:00,850,2
31-07-1990 00:00,800,2
01-08-1990 00:00,739,2
02-08-1990 00:00,746,2
03-08-1990 00:00,754,2
04-08-1990 00:00,753,2
05-08-1990 00:00,741,2
06-08-1990 00:00,762,2
07-08-1990 00:00,754,2
08-08-1990 00:00,745,2
09-08-1990 00:00,748,2
10-08-1990 00:00,752,2
11-08-1990 00:00,742,2
12-08-1990 00:00,734,2
13-08-1990 00:00,733,2
14-08-1990 00:00,734,2
15-08-1990 00:00,732,2
16-08-1990 00:00,723,2
17-08-1990 00:00,721,2
18-08-1990 00:00,737,2
19-08-1990 00:00,750,2
20-08-1990 00:00,758,2
21-08-1990 00:00,761,2
22-08-1990 00:00,744,2
23-08-1990 00:00,744,2
24-08-1990 00:00,742,2
25-08-1990 00:00,734,2
26-08-1990 00:00,744,2
27-08-1990 00:00,740,2
28-08-1990 00:00,734,2
29-08-1990 00:00,730,2
30-08-1990 00:00,732,2
31-08-1990 00:00,715,2
01-09-1990 00:00,720,2
02-09-1990 00:00,715,2
03-09-1990 00:00,727,2
04-09-1990 00:00,711,2
05-09-1990 00:00,688,2
06-09-1990 00:00,681,2
07-09-1990 00:00,690,2
08-09-1990 00:00,696,2
09-09-1990 00:00,682,2
10-09-1990 00:00,675,2
11-09-1990 00:00,665,2
12-09-1990 00:00,667,2
13-09-1990 00:00,678,2
14-09-1990 00:00,671,2
15-09-1990 00:00,676,2
16-09-1990 00:00,639,2
17-09-1990 00:00,667,2
18-09-1990 00:00,686,2
19-09-1990 00:00,685,2
20-09-1990 00:00,704,2
21-09-1990 00:00,709,2
22-09-1990 00:00,671,2
23-09-1990 00:00,687,2
24-09-1990 00:00,693,2
25-09-1990 00:00,690,2
26-09-1990 00:00,726,2
27-09-1990 00:00,724,2
28-09-1990 00:00,723,2
29-09-1990 00:00,730,2
30-09-1990 00:00,753,2
01-10-1990 00:00,722,2
02-10-1990 00:00,691,2
03-10-1990 00:00,705,2
04-10-1990 00:00,702,2
05-10-1990 00:00,694,2
06-10-1990 00:00,694,2
07-10-1990 00:00,754,2
08-10-1990 00:00,849,2
09-10-1990 00:00,847,2
10-10-1990 00:00,877,2
11-10-1990 00:00,846,2
12-10-1990 00:00,819,2
13-10-1990 00:00,830,2
14-10-1990 00:00,836,2
15-10-1990 00:00,847,2
16-10-1990 00:00,823,2
17-10-1990 00:00,784,2
18-10-1990 00:00,789,2
19-10-1990 00:00,803,2
20-10-1990 00:00,805,2
21-10-1990 00:00,797,2
22-10-1990 00:00,796,2
23-10-1990 00:00,794,2
24-10-1990 00:00,791,2
25-10-1990 00:00,794,2
26-10-1990 00:00,792,2
27-10-1990 00:00,790,2
28-10-1990 00:00,784,2
29-10-1990 00:00,772,2
30-10-1990 00:00,783,2
31-10-1990 00:00,784,2
01-11-1990 00:00,790,2
02-11-1990 00:00,806,2
03-11-1990 00:00,791,2
04-11-1990 00:00,795,2
05-11-1990 00:00,800,2
06-11-1990 00:00,790,2
07-11-1990 00:00,790,2
08-11-1990 00:00,790,2
09-11-1990 00:00,799,2
10-11-1990 00:00,797,2
11-11-1990 00:00,794,2
12-11-1990 00:00,801,2
13-11-1990 00:00,800,2
14-11-1990 00:00,798,2
15-11-1990 00:00,805,2
16-11-1990 00:00,802,2
17-11-1990 00:00,803,2
18-11-1990 00:00,818,2
19-11-1990 00:00,814,2
20-11-1990 00:00,810,2
21-11-1990 00:00,807,2
22-11-1990 00:00,824,2
23-11-1990 00:00,833,2
24-11-1990 00:00,820,2
25-11-1990 00:00,825,2
26-11-1990 00:00,824,2
27-11-1990 00:00,822,2
28-11-1990 00:00,823,2
29-11-1990 00:00,811,2
30-11-1990 00:00,809,2
01-12-1990 00:00,807,2
02-12-1990 00:00,801,2
03-12-1990 00:00,903,2
04-12-1990 00:00,1072,2
05-12-1990 00:00,1090,2
06-12-1990 00:00,1088,2
07-12-1990 00:00,1088,2
08-12-1990 00:00,1098,2
09-12-1990 00:00,1086,2
10-12-1990 00:00,1089,2
11-12-1990 00:00,1064,2
12-12-1990 00:00,1072,2
13-12-1990 00:00,1075,2
14-12-1990 00:00,1074,2
15-12-1990 00:00,1074,2
16-12-1990 00:00,1073,2
17-12-1990 00:00,1077,2
18-12-1990 00:00,1081,2
19-12-1990 00:00,1081,2
20-12-1990 00:00,976,2
21-12-1990 00:00,881,2
22-12-1990 00:00,878,2
23-12-1990 00:00,845,2
24-12-1990 00:00,819,2
25-12-1990 00:00,814,2
26-12-1990 00:00,814,2
27-12-1990 00:00,795,2
28-12-1990 00:00,796,2
29-12-1990 00:00,814,2
30-12-1990 00:00,823,2
31-12-1990 00:00,825,2
01-01-1991 00:00,808,2
02-01-1991 00:00,786,2
03-01-1991 00:00,815,2
04-01-1991 00:00,843,2
05-01-1991 00:00,834,2
06-01-1991 00:00,815,2
07-01-1991 00:00,1603,2
08-01-1991 00:00,2501,2
09-01-1991 00:00,2437,2
10-01-1991 00:00,2907,2
11-01-1991 00:00,3456,2
12-01-1991 00:00,3649,2
13-01-1991 00:00,3767,2
14-01-1991 00:00,3866,2
15-01-1991 00:00,3742,2
16-01-1991 00:00,3634,2
17-01-1991 00:00,3582,2
18-01-1991 00:00,3463,2
19-01-1991 00:00,3376,2
20-01-1991 00:00,3358,2
21-01-1991 00:00,3296,2
22-01-1991 00:00,3314,2
23-01-1991 00:00,3265,2
24-01-1991 00:00,3277,2
25-01-1991 00:00,3224,2
26-01-1991 00:00,3224,2
27-01-1991 00:00,3264,2
28-01-1991 00:00,3262,2
29-01-1991 00:00,3290,2
30-01-1991 00:00,3336,2
31-01-1991 00:00,1562,2
01-02-1991 00:00,729,2
02-02-1991 00:00,724,2
03-02-1991 00:00,820,2
04-02-1991 00:00,912,2
05-02-1991 00:00,915,2
06-02-1991 00:00,927,2
07-02-1991 00:00,925,2
08-02-1991 00:00,924,2
09-02-1991 00:00,916,2
10-02-1991 00:00,901,2
11-02-1991 00:00,898,2
12-02-1991 00:00,903,2
13-02-1991 00:00,896,2
14-02-1991 00:00,898,2
15-02-1991 00:00,898,2
16-02-1991 00:00,905,2
17-02-1991 00:00,903,2
18-02-1991 00:00,895,2
19-02-1991 00:00,890,2
20-02-1991 00:00,893,2
21-02-1991 00:00,889,2
22-02-1991 00:00,885,2
23-02-1991 00:00,880,2
24-02-1991 00:00,891,2
25-02-1991 00:00,1984,2
26-02-1991 00:00,2528,2
27-02-1991 00:00,2562,2
28-02-1991 00:00,2578,2
01-03-1991 00:00,2594,2
02-03-1991 00:00,2642,2
03-03-1991 00:00,2699,2
04-03-1991 00:00,2704,2
05-03-1991 00:00,2723,2
06-03-1991 00:00,2735,2
07-03-1991 00:00,2723,2
08-03-1991 00:00,2715,2
09-03-1991 00:00,2702,2
10-03-1991 00:00,2629,2
11-03-1991 00:00,1671,2
12-03-1991 00:00,982,2
13-03-1991 00:00,846,2
14-03-1991 00:00,847,2
15-03-1991 00:00,862,2
16-03-1991 00:00,866,2
17-03-1991 00:00,859,2
18-03-1991 00:00,847,2
19-03-1991 00:00,837,2
20-03-1991 00:00,1026,2
21-03-1991 00:00,1193,2
22-03-1991 00:00,1208,2
23-03-1991 00:00,1217,2
24-03-1991 00:00,1234,2
25-03-1991 00:00,1239,2
26-03-1991 00:00,1234,2
27-03-1991 00:00,1227,2
28-03-1991 00:00,1222,2
29-03-1991 00:00,1204,2
30-03-1991 00:00,1193,2
31-03-1991 00:00,1190,2
01-04-1991 00:00,1185,2
02-04-1991 00:00,1173,2
03-04-1991 00:00,1173,2
04-04-1991 00:00,1186,2
05-04-1991 00:00,1193,2
06-04-1991 00:00,1198,2
07-04-1991 00:00,1206,2
08-04-1991 00:00,1220,2
09-04-1991 00:00,1228,2
10-04-1991 00:00,1576,2
11-04-1991 00:00,1218,2
12-04-1991 00:00,1211,2
13-04-1991 00:00,1197,2
14-04-1991 00:00,1185,2
15-04-1991 00:00,1131,2
16-04-1991 00:00,1081,2
17-04-1991 00:00,1157,2
18-04-1991 00:00,1158,2
19-04-1991 00:00,1143,2
20-04-1991 00:00,1131,2
21-04-1991 00:00,1118,2
22-04-1991 00:00,1102,2
23-04-1991 00:00,1080,2
24-04-1991 00:00,1080,2
25-04-1991 00:00,1076,2
26-04-1991 00:00,1079,2
27-04-1991 00:00,1091,2
28-04-1991 00:00,1178,2
29-04-1991 00:00,1966,2
30-04-1991 00:00,2295,2
01-05-1991 00:00,1847,2
02-05-1991 00:00,1848,2
03-05-1991 00:00,1824,2
04-05-1991 00:00,1950,2
05-05-1991 00:00,1974,2
06-05-1991 00:00,1882,2
07-05-1991 00:00,1844,2
08-05-1991 00:00,2338,2
09-05-1991 00:00,3533,2
10-05-1991 00:00,3388,2
11-05-1991 00:00,3186,2
12-05-1991 00:00,3126,2
13-05-1991 00:00,3075,2
14-05-1991 00:00,3044,2
15-05-1991 00:00,3027,2
16-05-1991 00:00,3028,2
17-05-1991 00:00,3047,2
18-05-1991 00:00,3057,2
19-05-1991 00:00,3054,2
20-05-1991 00:00,2196,2
21-05-1991 00:00,1690,2
22-05-1991 00:00,1636,2
23-05-1991 00:00,1640,2
24-05-1991 00:00,1611,2
25-05-1991 00:00,1572,2
26-05-1991 00:00,1554,2
27-05-1991 00:00,1155,2
28-05-1991 00:00,872,2
29-05-1991 00:00,887,2
30-05-1991 00:00,896,2
31-05-1991 00:00,900,2
01-06-1991 00:00,913,2
02-06-1991 00:00,915,2
03-06-1991 00:00,923,2
04-06-1991 00:00,899,2
05-06-1991 00:00,908,2
06-06-1991 00:00,910,2
07-06-1991 00:00,898,2
08-06-1991 00:00,845,2
09-06-1991 00:00,820,2
10-06-1991 00:00,845,2
11-06-1991 00:00,868,2
12-06-1991 00:00,867,2
13-06-1991 00:00,854,2
14-06-1991 00:00,865,2
15-06-1991 00:00,868,2
16-06-1991 00:00,859,2
17-06-1991 00:00,2205,2
18-06-1991 00:00,3328,2
19-06-1991 00:00,3252,2
20-06-1991 00:00,3189,2
21-06-1991 00:00,3115,2
22-06-1991 00:00,3060,2
23-06-1991 00:00,3001,2
24-06-1991 00:00,2994,2
25-06-1991 00:00,2997,2
26-06-1991 00:00,2489,2
27-06-1991 00:00,2759,2
28-06-1991 00:00,2970,2
29-06-1991 00:00,2942,2
30-06-1991 00:00,2938,2
01-07-1991 00:00,2959,2
02-07-1991 00:00,2971,2
03-07-1991 00:00,2937,2
04-07-1991 00:00,2955,2
05-07-1991 00:00,2967,2
06-07-1991 00:00,2960,2
07-07-1991 00:00,3022,2
08-07-1991 00:00,3082,2
09-07-1991 00:00,2945,2
10-07-1991 00:00,2872,2
11-07-1991 00:00,2803,2
12-07-1991 00:00,2826,2
13-07-1991 00:00,2824,2
14-07-1991 00:00,2779,2
15-07-1991 00:00,1966,2
16-07-1991 00:00,1460,2
17-07-1991 00:00,1437,2
18-07-1991 00:00,1451,2
19-07-1991 00:00,1446,2
20-07-1991 00:00,1530,2
21-07-1991 00:00,1567,2
22-07-1991 00:00,1535,2
23-07-1991 00:00,1528,2
24-07-1991 00:00,1526,2
25-07-1991 00:00,1552,2
26-07-1991 00:00,1570,2
27-07-1991 00:00,1571,2
28-07-1991 00:00,1570,2
29-07-1991 00:00,1576,2
30-07-1991 00:00,1552,2
31-07-1991 00:00,1523,2
01-08-1991 00:00,1518,2
02-08-1991 00:00,1523,2
03-08-1991 00:00,1511,2
04-08-1991 00:00,1494,2
05-08-1991 00:00,1469,2
06-08-1991 00:00,1432,2
07-08-1991 00:00,1409,2
08-08-1991 00:00,1403,2
09-08-1991 00:00,1387,2
10-08-1991 00:00,1372,2
11-08-1991 00:00,1339,2
12-08-1991 00:00,1277,2
13-08-1991 00:00,1238,2
14-08-1991 00:00,1301,2
15-08-1991 00:00,1004,2
16-08-1991 00:00,884,2
17-08-1991 00:00,889,2
18-08-1991 00:00,887,2
19-08-1991 00:00,874,2
20-08-1991 00:00,857,2
21-08-1991 00:00,909,2
22-08-1991 00:00,961,2
23-08-1991 00:00,971,2
24-08-1991 00:00,984,2
25-08-1991 00:00,999,2
26-08-1991 00:00,989,2
27-08-1991 00:00,987,2
28-08-1991 00:00,992,2
29-08-1991 00:00,985,2
30-08-1991 00:00,986,2
31-08-1991 00:00,970,2
01-09-1991 00:00,930,2
02-09-1991 00:00,915,2
03-09-1991 00:00,921,2
04-09-1991 00:00,919,2
05-09-1991 00:00,914,2
06-09-1991 00:00,895,2
07-09-1991 00:00,916,2
08-09-1991 00:00,903,2
09-09-1991 00:00,923,2
10-09-1991 00:00,916,2
11-09-1991 00:00,892,2
12-09-1991 00:00,821,2
13-09-1991 00:00,843,2
14-09-1991 00:00,849,2
15-09-1991 00:00,836,2
16-09-1991 00:00,838,2
17-09-1991 00:00,845,2
18-09-1991 00:00,841,2
19-09-1991 00:00,843,2
20-09-1991 00:00,827,2
21-09-1991 00:00,816,2
22-09-1991 00:00,807,2
23-09-1991 00:00,825,2
24-09-1991 00:00,807,2
25-09-1991 00:00,783,2
26-09-1991 00:00,783,2
27-09-1991 00:00,890,2
28-09-1991 00:00,898,2
29-09-1991 00:00,891,2
30-09-1991 00:00,866,2
01-10-1991 00:00,855,2
02-10-1991 00:00,859,2
03-10-1991 00:00,859,2
04-10-1991 00:00,865,2
05-10-1991 00:00,878,2
06-10-1991 00:00,886,2
07-10-1991 00:00,815,2
08-10-1991 00:00,857,2
09-10-1991 00:00,862,2
10-10-1991 00:00,889,2
11-10-1991 00:00,895,2
12-10-1991 00:00,886,2
13-10-1991 00:00,883,2
14-10-1991 00:00,1245,2
15-10-1991 00:00,1428,2
16-10-1991 00:00,1403,2
17-10-1991 00:00,1422,2
18-10-1991 00:00,1404,2
19-10-1991 00:00,1409,2
20-10-1991 00:00,1414,2
21-10-1991 00:00,1904,2
22-10-1991 00:00,2147,2
23-10-1991 00:00,2109,2
24-10-1991 00:00,2082,2
25-10-1991 00:00,2094,2
26-10-1991 00:00,2079,2
27-10-1991 00:00,2066,2
28-10-1991 00:00,2048,2
29-10-1991 00:00,2023,2
30-10-1991 00:00,1996,2
31-10-1991 00:00,1980,2
01-11-1991 00:00,1968,2
02-11-1991 00:00,1957,2
03-11-1991 00:00,1947,2
04-11-1991 00:00,1928,2
05-11-1991 00:00,1923,2
06-11-1991 00:00,1887,2
07-11-1991 00:00,1907,2
08-11-1991 00:00,1963,2
09-11-1991 00:00,2007,2
10-11-1991 00:00,1959,2
11-11-1991 00:00,2001,2
12-11-1991 00:00,2019,2
13-11-1991 00:00,2010,2
14-11-1991 00:00,2039,2
15-11-1991 00:00,2027,2
16-11-1991 00:00,2035,2
17-11-1991 00:00,2036,2
18-11-1991 00:00,2185,2
19-11-1991 00:00,2246,2
20-11-1991 00:00,2231,2
21-11-1991 00:00,2192,2
22-11-1991 00:00,2163,2
23-11-1991 00:00,2154,2
24-11-1991 00:00,2174,2
25-11-1991 00:00,2135,2
26-11-1991 00:00,2139,2
27-11-1991 00:00,2144,2
28-11-1991 00:00,2122,2
29-11-1991 00:00,2068,2
30-11-1991 00:00,2034,2
01-12-1991 00:00,1986,2
02-12-1991 00:00,1508,2
03-12-1991 00:00,1034,2
04-12-1991 00:00,1035,2
05-12-1991 00:00,1043,2
06-12-1991 00:00,1029,2
07-12-1991 00:00,1028,2
08-12-1991 00:00,1025,2
09-12-1991 00:00,1016,2
10-12-1991 00:00,1002,2
11-12-1991 00:00,1020,2
12-12-1991 00:00,1037,2
13-12-1991 00:00,1027,2
14-12-1991 00:00,999,2
15-12-1991 00:00,967,2
16-12-1991 00:00,825,2
17-12-1991 00:00,680,2
18-12-1991 00:00,678,2
19-12-1991 00:00,695,2
20-12-1991 00:00,690,2
21-12-1991 00:00,695,2
22-12-1991 00:00,697,2
23-12-1991 00:00,697,2
24-12-1991 00:00,694,2
25-12-1991 00:00,691,2
26-12-1991 00:00,688,2
27-12-1991 00:00,685,2
28-12-1991 00:00,682,2
29-12-1991 00:00,677,2
30-12-1991 00:00,1604,2
31-12-1991 00:00,2233,2
01-01-1992 00:00,2242,2
02-01-1992 00:00,2187,2
03-01-1992 00:00,2158,2
04-01-1992 00:00,2150,2
05-01-1992 00:00,2124,2
06-01-1992 00:00,2885,2
07-01-1992 00:00,3627,2
08-01-1992 00:00,3666,2
09-01-1992 00:00,3698,2
10-01-1992 00:00,4424,2
11-01-1992 00:00,4390,2
12-01-1992 00:00,4467,2
13-01-1992 00:00,4388,2
14-01-1992 00:00,4310,2
15-01-1992 00:00,4231,2
16-01-1992 00:00,4153,2
17-01-1992 00:00,4074,2
18-01-1992 00:00,3996,2
19-01-1992 00:00,3917,2
20-01-1992 00:00,3839,2
21-01-1992 00:00,3760,2
22-01-1992 00:00,2764,2
23-01-1992 00:00,1122,2
24-01-1992 00:00,1169,2
25-01-1992 00:00,1206,2
26-01-1992 00:00,1192,2
27-01-1992 00:00,3218,2
28-01-1992 00:00,3706,2
29-01-1992 00:00,3677,2
30-01-1992 00:00,3676,2
31-01-1992 00:00,3706,2
01-02-1992 00:00,3604,2
02-02-1992 00:00,3644,2
03-02-1992 00:00,3503,2
04-02-1992 00:00,3530,2
05-02-1992 00:00,3681,2
06-02-1992 00:00,3783,2
07-02-1992 00:00,3812,2
08-02-1992 00:00,3892,2
09-02-1992 00:00,3929,2
10-02-1992 00:00,4024,2
11-02-1992 00:00,3865,2
12-02-1992 00:00,3695,2
13-02-1992 00:00,3486,2
14-02-1992 00:00,3428,2
15-02-1992 00:00,3561,2
16-02-1992 00:00,3620,2
17-02-1992 00:00,3378,2
18-02-1992 00:00,3238,2
19-02-1992 00:00,3206,2
20-02-1992 00:00,3177,2
21-02-1992 00:00,3191,2
22-02-1992 00:00,3150,2
23-02-1992 00:00,2988,2
24-02-1992 00:00,3052,2
25-02-1992 00:00,2942,2
26-02-1992 00:00,3064,2
27-02-1992 00:00,3082,2
28-02-1992 00:00,3178,2
29-02-1992 00:00,3169,2
01-03-1992 00:00,3214,2
02-03-1992 00:00,1359,2
03-03-1992 00:00,729,2
04-03-1992 00:00,723,2
05-03-1992 00:00,728,2
06-03-1992 00:00,727,2
07-03-1992 00:00,719,2
08-03-1992 00:00,714,2
09-03-1992 00:00,730,2
10-03-1992 00:00,728,2
11-03-1992 00:00,682,2
12-03-1992 00:00,684,2
13-03-1992 00:00,720,2
14-03-1992 00:00,745,2
15-03-1992 00:00,774,2
16-03-1992 00:00,754,2
17-03-1992 00:00,737,2
18-03-1992 00:00,744,2
19-03-1992 00:00,740,2
20-03-1992 00:00,768,2
21-03-1992 00:00,789,2
22-03-1992 00:00,796,2
23-03-1992 00:00,816,2
24-03-1992 00:00,1739,2
25-03-1992 00:00,2385,2
26-03-1992 00:00,2357,2
27-03-1992 00:00,2339,2
28-03-1992 00:00,2312,2
29-03-1992 00:00,2288,2
30-03-1992 00:00,2271,2
31-03-1992 00:00,2331,2
01-04-1992 00:00,2318,2
02-04-1992 00:00,2296,2
03-04-1992 00:00,2319,2
04-04-1992 00:00,2325,2
05-04-1992 00:00,2334,2
06-04-1992 00:00,2351,2
07-04-1992 00:00,2348,2
08-04-1992 00:00,2317,2
09-04-1992 00:00,2315,2
10-04-1992 00:00,2318,2
11-04-1992 00:00,2303,2
12-04-1992 00:00,2313,2
13-04-1992 00:00,1500,2
14-04-1992 00:00,795,2
15-04-1992 00:00,787,2
16-04-1992 00:00,784,2
17-04-1992 00:00,775,2
18-04-1992 00:00,787,2
19-04-1992 00:00,840,2
20-04-1992 00:00,963,2
21-04-1992 00:00,1160,2
22-04-1992 00:00,1255,2
23-04-1992 00:00,1247,2
24-04-1992 00:00,1252,2
25-04-1992 00:00,1248,2
26-04-1992 00:00,1245,2
27-04-1992 00:00,1582,2
28-04-1992 00:00,2017,2
29-04-1992 00:00,2058,2
30-04-1992 00:00,2044,2
01-05-1992 00:00,2210,2
02-05-1992 00:00,2382,2
03-05-1992 00:00,2372,2
04-05-1992 00:00,2328,2
05-05-1992 00:00,2297,2
06-05-1992 00:00,2245,2
07-05-1992 00:00,2250,2
08-05-1992 00:00,2273,2
09-05-1992 00:00,2208,2
10-05-1992 00:00,2207,2
11-05-1992 00:00,1333,2
12-05-1992 00:00,835,2
13-05-1992 00:00,888,2
14-05-1992 00:00,868,2
15-05-1992 00:00,874,2
16-05-1992 00:00,866,2
17-05-1992 00:00,867,2
18-05-1992 00:00,875,2
19-05-1992 00:00,870,2
20-05-1992 00:00,893,2
21-05-1992 00:00,880,2
22-05-1992 00:00,878,2
23-05-1992 00:00,882,2
24-05-1992 00:00,878,2
25-05-1992 00:00,870,2
26-05-1992 00:00,864,2
27-05-1992 00:00,857,2
28-05-1992 00:00,855,2
29-05-1992 00:00,846,2
30-05-1992 00:00,816,2
31-05-1992 00:00,825,2
01-06-1992 00:00,854,2
02-06-1992 00:00,833,2
03-06-1992 00:00,794,2
04-06-1992 00:00,812,2
05-06-1992 00:00,797,2
06-06-1992 00:00,788,2
07-06-1992 00:00,777,2
08-06-1992 00:00,766,2
09-06-1992 00:00,760,2
10-06-1992 00:00,745,2
11-06-1992 00:00,727,2
12-06-1992 00:00,721,2
13-06-1992 00:00,722,2
14-06-1992 00:00,712,2
15-06-1992 00:00,710,2
16-06-1992 00:00,710,2
17-06-1992 00:00,701,2
18-06-1992 00:00,701,2
19-06-1992 00:00,671,2
20-06-1992 00:00,675,2
21-06-1992 00:00,664,2
22-06-1992 00:00,653,2
23-06-1992 00:00,649,2
24-06-1992 00:00,650,2
25-06-1992 00:00,633,2
26-06-1992 00:00,641,2
27-06-1992 00:00,649,2
28-06-1992 00:00,652,2
29-06-1992 00:00,660,2
30-06-1992 00:00,679,2
01-07-1992 00:00,651,2
02-07-1992 00:00,641,2
03-07-1992 00:00,651,2
04-07-1992 00:00,650,2
05-07-1992 00:00,631,2
06-07-1992 00:00,613,2
07-07-1992 00:00,599,2
08-07-1992 00:00,581,2
09-07-1992 00:00,572,2
10-07-1992 00:00,573,2
11-07-1992 00:00,582,2
12-07-1992 00:00,587,2
13-07-1992 00:00,589,2
14-07-1992 00:00,555,2
15-07-1992 00:00,556,2
16-07-1992 00:00,554,2
17-07-1992 00:00,556,2
18-07-1992 00:00,549,2
19-07-1992 00:00,553,2
20-07-1992 00:00,598,2
21-07-1992 00:00,613,2
22-07-1992 00:00,601,2
23-07-1992 00:00,603,2
24-07-1992 00:00,595,2
25-07-1992 00:00,588,2
26-07-1992 00:00,579,2
27-07-1992 00:00,551,2
28-07-1992 00:00,523,2
29-07-1992 00:00,552,2
30-07-1992 00:00,559,2
31-07-1992 00:00,565,2
01-08-1992 00:00,572,2
02-08-1992 00:00,573,2
03-08-1992 00:00,564,2
04-08-1992 00:00,571,2
05-08-1992 00:00,571,2
06-08-1992 00:00,566,2
07-08-1992 00:00,564,2
08-08-1992 00:00,566,2
09-08-1992 00:00,568,2
10-08-1992 00:00,559,2
11-08-1992 00:00,546,2
12-08-1992 00:00,549,2
13-08-1992 00:00,551,2
14-08-1992 00:00,549,2
15-08-1992 00:00,546,2
16-08-1992 00:00,595,2
17-08-1992 00:00,589,2
18-08-1992 00:00,584,2
19-08-1992 00:00,588,2
20-08-1992 00:00,587,2
21-08-1992 00:00,576,2
22-08-1992 00:00,572,2
23-08-1992 00:00,573,2
24-08-1992 00:00,571,2
25-08-1992 00:00,569,2
26-08-1992 00:00,568,2
27-08-1992 00:00,570,2
28-08-1992 00:00,565,2
29-08-1992 00:00,566,2
30-08-1992 00:00,569,2
31-08-1992 00:00,569,2
01-09-1992 00:00,569,2
02-09-1992 00:00,571,2
03-09-1992 00:00,571,2
04-09-1992 00:00,570,2
05-09-1992 00:00,571,2
06-09-1992 00:00,570,2
07-09-1992 00:00,571,2
08-09-1992 00:00,567,2
09-09-1992 00:00,567,2
10-09-1992 00:00,565,2
11-09-1992 00:00,563,2
12-09-1992 00:00,560,2
13-09-1992 00:00,558,2
14-09-1992 00:00,556,2
15-09-1992 00:00,556,2
16-09-1992 00:00,549,2
17-09-1992 00:00,557,2
18-09-1992 00:00,561,2
19-09-1992 00:00,561,2
20-09-1992 00:00,560,2
21-09-1992 00:00,559,2
22-09-1992 00:00,560,2
23-09-1992 00:00,554,2
24-09-1992 00:00,543,2
25-09-1992 00:00,543,2
26-09-1992 00:00,543,2
27-09-1992 00:00,543,2
28-09-1992 00:00,542,2
29-09-1992 00:00,540,2
30-09-1992 00:00,537,2
01-10-1992 00:00,531,2
02-10-1992 00:00,526,2
03-10-1992 00:00,530,2
04-10-1992 00:00,530,2
05-10-1992 00:00,531,2
06-10-1992 00:00,528,2
07-10-1992 00:00,518,2
08-10-1992 00:00,505,2
09-10-1992 00:00,503,2
10-10-1992 00:00,509,2
11-10-1992 00:00,512,2
12-10-1992 00:00,510,2
13-10-1992 00:00,502,2
14-10-1992 00:00,501,2
15-10-1992 00:00,506,2
16-10-1992 00:00,513,2
17-10-1992 00:00,520,2
18-10-1992 00:00,522,2
19-10-1992 00:00,519,2
20-10-1992 00:00,515,2
21-10-1992 00:00,516,2
22-10-1992 00:00,515,2
23-10-1992 00:00,519,2
24-10-1992 00:00,523,2
25-10-1992 00:00,523,2
26-10-1992 00:00,526,2
27-10-1992 00:00,439,2
28-10-1992 00:00,424,2
29-10-1992 00:00,427,2
30-10-1992 00:00,437,2
31-10-1992 00:00,443,2
01-11-1992 00:00,485,2
02-11-1992 00:00,463,2
03-11-1992 00:00,464,2
04-11-1992 00:00,657,2
05-11-1992 00:00,564,2
06-11-1992 00:00,546,2
07-11-1992 00:00,536,2
08-11-1992 00:00,540,2
09-11-1992 00:00,440,2
10-11-1992 00:00,574,2
11-11-1992 00:00,536,2
12-11-1992 00:00,506,2
13-11-1992 00:00,517,2
14-11-1992 00:00,524,2
15-11-1992 00:00,525,2
16-11-1992 00:00,530,2
17-11-1992 00:00,532,2
18-11-1992 00:00,532,2
19-11-1992 00:00,523,2
20-11-1992 00:00,530,2
21-11-1992 00:00,507,2
22-11-1992 00:00,488,2
23-11-1992 00:00,493,2
24-11-1992 00:00,500,2
25-11-1992 00:00,497,2
26-11-1992 00:00,511,2
27-11-1992 00:00,543,2
28-11-1992 00:00,551,2
29-11-1992 00:00,558,2
30-11-1992 00:00,562,2
01-12-1992 00:00,1465,2
02-12-1992 00:00,2097,2
03-12-1992 00:00,2001,2
04-12-1992 00:00,1951,2
05-12-1992 00:00,1951,2
06-12-1992 00:00,1916,2
07-12-1992 00:00,1926,2
08-12-1992 00:00,1868,2
09-12-1992 00:00,1892,2
10-12-1992 00:00,1906,2
11-12-1992 00:00,1903,2
12-12-1992 00:00,1912,2
13-12-1992 00:00,1888,2
14-12-1992 00:00,1963,2
15-12-1992 00:00,1985,2
16-12-1992 00:00,2009,2
17-12-1992 00:00,2029,2
18-12-1992 00:00,2064,2
19-12-1992 00:00,2033,2
20-12-1992 00:00,2051,2
21-12-1992 00:00,2074,2
22-12-1992 00:00,2000,2
23-12-1992 00:00,1972,2
24-12-1992 00:00,1928,2
25-12-1992 00:00,1903,2
26-12-1992 00:00,1916,2
27-12-1992 00:00,1918,2
28-12-1992 00:00,2002,2
29-12-1992 00:00,2090,2
30-12-1992 00:00,2073,2
31-12-1992 00:00,2111,2
01-01-1993 00:00,2064,2
02-01-1993 00:00,2064,2
03-01-1993 00:00,2043,2
04-01-1993 00:00,1972,2
05-01-1993 00:00,1879,2
06-01-1993 00:00,1984,2
07-01-1993 00:00,1975,2
08-01-1993 00:00,1962,2
09-01-1993 00:00,1950,2
10-01-1993 00:00,1954,2
11-01-1993 00:00,1984,2
12-01-1993 00:00,1965,2
13-01-1993 00:00,1968,2
14-01-1993 00:00,1921,2
15-01-1993 00:00,1969,2
16-01-1993 00:00,1940,2
17-01-1993 00:00,1958,2
18-01-1993 00:00,2737,2
19-01-1993 00:00,3595,2
20-01-1993 00:00,3569,2
21-01-1993 00:00,3539,2
22-01-1993 00:00,3366,2
23-01-1993 00:00,3505,2
24-01-1993 00:00,3563,2
25-01-1993 00:00,3313,2
26-01-1993 00:00,2996,2
27-01-1993 00:00,3055,2
28-01-1993 00:00,3053,2
29-01-1993 00:00,3034,2
30-01-1993 00:00,3040,2
31-01-1993 00:00,3017,2
01-02-1993 00:00,2988,2
02-02-1993 00:00,2962,2
03-02-1993 00:00,2895,2
04-02-1993 00:00,2817,2
05-02-1993 00:00,2709,2
06-02-1993 00:00,2842,2
07-02-1993 00:00,2819,2
08-02-1993 00:00,2789,2
09-02-1993 00:00,2870,2
10-02-1993 00:00,2875,2
11-02-1993 00:00,2877,2
12-02-1993 00:00,2882,2
13-02-1993 00:00,2870,2
14-02-1993 00:00,2848,2
15-02-1993 00:00,2240,2
16-02-1993 00:00,1551,2
17-02-1993 00:00,1584,2
18-02-1993 00:00,1610,2
19-02-1993 00:00,1619,2
20-02-1993 00:00,1604,2
21-02-1993 00:00,1641,2
22-02-1993 00:00,2023,2
23-02-1993 00:00,2607,2
24-02-1993 00:00,1870,2
25-02-1993 00:00,1897,2
26-02-1993 00:00,1907,2
27-02-1993 00:00,1888,2
28-02-1993 00:00,1884,2
01-03-1993 00:00,1889,2
02-03-1993 00:00,1916,2
03-03-1993 00:00,1904,2
04-03-1993 00:00,1886,2
05-03-1993 00:00,1852,2
06-03-1993 00:00,1854,2
07-03-1993 00:00,1835,2
08-03-1993 00:00,962,2
09-03-1993 00:00,608,2
10-03-1993 00:00,612,2
11-03-1993 00:00,563,2
12-03-1993 00:00,396,2
13-03-1993 00:00,399,2
14-03-1993 00:00,398,2
15-03-1993 00:00,374,2
16-03-1993 00:00,366,2
17-03-1993 00:00,571,2
18-03-1993 00:00,657,2
19-03-1993 00:00,653,2
20-03-1993 00:00,653,2
21-03-1993 00:00,664,2
22-03-1993 00:00,649,2
23-03-1993 00:00,621,2
24-03-1993 00:00,627,2
25-03-1993 00:00,653,2
26-03-1993 00:00,631,2
27-03-1993 00:00,633,2
28-03-1993 00:00,626,2
29-03-1993 00:00,605,2
30-03-1993 00:00,581,2
31-03-1993 00:00,612,2
01-04-1993 00:00,635,2
02-04-1993 00:00,625,2
03-04-1993 00:00,611,2
04-04-1993 00:00,620,2
05-04-1993 00:00,643,2
06-04-1993 00:00,647,2
07-04-1993 00:00,649,2
08-04-1993 00:00,647,2
09-04-1993 00:00,639,2
10-04-1993 00:00,635,2
11-04-1993 00:00,652,2
12-04-1993 00:00,651,2
13-04-1993 00:00,548,2
14-04-1993 00:00,469,2
15-04-1993 00:00,542,2
16-04-1993 00:00,553,2
17-04-1993 00:00,523,2
18-04-1993 00:00,507,2
19-04-1993 00:00,511,2
20-04-1993 00:00,497,2
21-04-1993 00:00,510,2
22-04-1993 00:00,496,2
23-04-1993 00:00,476,2
24-04-1993 00:00,465,2
25-04-1993 00:00,470,2
26-04-1993 00:00,459,2
27-04-1993 00:00,447,2
28-04-1993 00:00,461,2
29-04-1993 00:00,449,2
30-04-1993 00:00,450,2
01-05-1993 00:00,423,2
02-05-1993 00:00,414,2
03-05-1993 00:00,370,2
04-05-1993 00:00,371,2
05-05-1993 00:00,372,2
06-05-1993 00:00,379,2
07-05-1993 00:00,353,2
08-05-1993 00:00,351,2
09-05-1993 00:00,355,2
10-05-1993 00:00,381,2
11-05-1993 00:00,404,2
12-05-1993 00:00,366,2
13-05-1993 00:00,373,2
14-05-1993 00:00,427,2
15-05-1993 00:00,444,2
16-05-1993 00:00,367,2
17-05-1993 00:00,386,2
18-05-1993 00:00,395,2
19-05-1993 00:00,410,2
20-05-1993 00:00,407,2
21-05-1993 00:00,405,2
22-05-1993 00:00,402,2
23-05-1993 00:00,400,2
24-05-1993 00:00,380,2
25-05-1993 00:00,392,2
26-05-1993 00:00,401,2
27-05-1993 00:00,412,2
28-05-1993 00:00,394,2
29-05-1993 00:00,399,2
30-05-1993 00:00,395,2
31-05-1993 00:00,387,2
01-06-1993 00:00,398,2
02-06-1993 00:00,440,2
03-06-1993 00:00,457,2
04-06-1993 00:00,476,2
05-06-1993 00:00,502,2
06-06-1993 00:00,424,2
07-06-1993 00:00,414,2
08-06-1993 00:00,400,2
09-06-1993 00:00,400,2
10-06-1993 00:00,397,2
11-06-1993 00:00,383,2
12-06-1993 00:00,363,2
13-06-1993 00:00,334,2
14-06-1993 00:00,372,2
15-06-1993 00:00,471,2
16-06-1993 00:00,509,2
17-06-1993 00:00,447,2
18-06-1993 00:00,440,2
19-06-1993 00:00,429,2
20-06-1993 00:00,411,2
21-06-1993 00:00,438,2
22-06-1993 00:00,456,2
23-06-1993 00:00,447,2
24-06-1993 00:00,451,2
25-06-1993 00:00,460,2
26-06-1993 00:00,507,2
27-06-1993 00:00,487,2
28-06-1993 00:00,509,2
29-06-1993 00:00,509,2
30-06-1993 00:00,496,2
01-07-1993 00:00,515,2
02-07-1993 00:00,515,2
03-07-1993 00:00,497,2
04-07-1993 00:00,476,2
05-07-1993 00:00,489,2
06-07-1993 00:00,485,2
07-07-1993 00:00,457,2
08-07-1993 00:00,434,2
09-07-1993 00:00,453,2
10-07-1993 00:00,446,2
11-07-1993 00:00,449,2
12-07-1993 00:00,397,2
13-07-1993 00:00,343,2
14-07-1993 00:00,342,2
15-07-1993 00:00,357,2
16-07-1993 00:00,365,2
17-07-1993 00:00,381,2
18-07-1993 00:00,404,2
19-07-1993 00:00,413,2
20-07-1993 00:00,395,2
21-07-1993 00:00,382,2
22-07-1993 00:00,393,2
23-07-1993 00:00,407,2
24-07-1993 00:00,407,2
25-07-1993 00:00,399,2
26-07-1993 00:00,382,2
27-07-1993 00:00,374,2
28-07-1993 00:00,401,2
29-07-1993 00:00,418,2
30-07-1993 00:00,432,2
31-07-1993 00:00,427,2
01-08-1993 00:00,432,2
02-08-1993 00:00,455,2
03-08-1993 00:00,475,2
04-08-1993 00:00,506,2
05-08-1993 00:00,534,2
06-08-1993 00:00,530,2
07-08-1993 00:00,520,2
08-08-1993 00:00,504,2
09-08-1993 00:00,520,2
10-08-1993 00:00,517,2
11-08-1993 00:00,549,2
12-08-1993 00:00,556,2
13-08-1993 00:00,563,2
14-08-1993 00:00,561,2
15-08-1993 00:00,539,2
16-08-1993 00:00,525,2
17-08-1993 00:00,492,2
18-08-1993 00:00,486,2
19-08-1993 00:00,484,2
20-08-1993 00:00,509,2
21-08-1993 00:00,489,2
22-08-1993 00:00,474,2
23-08-1993 00:00,484,2
24-08-1993 00:00,490,2
25-08-1993 00:00,494,2
26-08-1993 00:00,479,2
27-08-1993 00:00,498,2
28-08-1993 00:00,499,2
29-08-1993 00:00,482,2
30-08-1993 00:00,503,2
31-08-1993 00:00,512,2
01-09-1993 00:00,513,2
02-09-1993 00:00,509,2
03-09-1993 00:00,511,2
04-09-1993 00:00,498,2
05-09-1993 00:00,489,2
06-09-1993 00:00,475,2
07-09-1993 00:00,487,2
08-09-1993 00:00,463,2
09-09-1993 00:00,462,2
10-09-1993 00:00,452,2
11-09-1993 00:00,444,2
12-09-1993 00:00,442,2
13-09-1993 00:00,476,2
14-09-1993 00:00,487,2
15-09-1993 00:00,505,2
16-09-1993 00:00,512,2
17-09-1993 00:00,520,2
18-09-1993 00:00,520,2
19-09-1993 00:00,505,2
20-09-1993 00:00,495,2
21-09-1993 00:00,515,2
22-09-1993 00:00,532,2
23-09-1993 00:00,526,2
24-09-1993 00:00,535,2
25-09-1993 00:00,535,2
26-09-1993 00:00,548,2
27-09-1993 00:00,748,2
28-09-1993 00:00,871,2
29-09-1993 00:00,878,2
30-09-1993 00:00,899,2
01-10-1993 00:00,937,2
02-10-1993 00:00,893,2
03-10-1993 00:00,833,2
04-10-1993 00:00,835,2
05-10-1993 00:00,831,2
06-10-1993 00:00,829,2
07-10-1993 00:00,832,2
08-10-1993 00:00,834,2
09-10-1993 00:00,834,2
10-10-1993 00:00,863,2
11-10-1993 00:00,870,2
12-10-1993 00:00,1365,2
13-10-1993 00:00,1650,2
14-10-1993 00:00,1890,2
15-10-1993 00:00,1941,2
16-10-1993 00:00,1878,2
17-10-1993 00:00,1781,2
18-10-1993 00:00,1893,2
19-10-1993 00:00,1915,2
20-10-1993 00:00,1854,2
21-10-1993 00:00,2622,2
22-10-1993 00:00,3549,2
23-10-1993 00:00,3819,2
24-10-1993 00:00,2086,2
25-10-1993 00:00,1168,2
26-10-1993 00:00,1103,2
27-10-1993 00:00,1066,2
28-10-1993 00:00,1059,2
29-10-1993 00:00,1040,2
30-10-1993 00:00,1027,2
31-10-1993 00:00,1020,2
01-11-1993 00:00,1018,2
02-11-1993 00:00,1044,2
03-11-1993 00:00,1391,2
04-11-1993 00:00,1162,2
05-11-1993 00:00,1000,2
06-11-1993 00:00,970,2
07-11-1993 00:00,960,2
08-11-1993 00:00,982,2
09-11-1993 00:00,978,2
10-11-1993 00:00,970,2
11-11-1993 00:00,972,2
12-11-1993 00:00,944,2
13-11-1993 00:00,930,2
14-11-1993 00:00,930,2
15-11-1993 00:00,958,2
16-11-1993 00:00,965,2
17-11-1993 00:00,973,2
18-11-1993 00:00,980,2
19-11-1993 00:00,982,2
20-11-1993 00:00,984,2
21-11-1993 00:00,989,2
22-11-1993 00:00,1012,2
23-11-1993 00:00,1027,2
24-11-1993 00:00,1008,2
25-11-1993 00:00,1015,2
26-11-1993 00:00,1009,2
27-11-1993 00:00,1000,2
28-11-1993 00:00,1000,2
29-11-1993 00:00,1001,2
30-11-1993 00:00,989,2
01-12-1993 00:00,975,2
02-12-1993 00:00,963,2
03-12-1993 00:00,940,2
04-12-1993 00:00,924,2
05-12-1993 00:00,811,2
06-12-1993 00:00,1752,2
07-12-1993 00:00,2230,2
08-12-1993 00:00,2231,2
09-12-1993 00:00,2294,2
10-12-1993 00:00,2294,2
11-12-1993 00:00,2264,2
12-12-1993 00:00,2289,2
13-12-1993 00:00,2343,2
14-12-1993 00:00,2330,2
15-12-1993 00:00,2345,2
16-12-1993 00:00,2348,2
17-12-1993 00:00,2315,2
18-12-1993 00:00,2397,2
19-12-1993 00:00,2380,2
20-12-1993 00:00,2375,2
21-12-1993 00:00,2487,2
22-12-1993 00:00,2477,2
23-12-1993 00:00,2467,2
24-12-1993 00:00,2465,2
25-12-1993 00:00,2459,2
26-12-1993 00:00,2485,2
27-12-1993 00:00,3017,2
28-12-1993 00:00,3268,2
29-12-1993 00:00,3225,2
30-12-1993 00:00,3237,2
31-12-1993 00:00,3182,2
01-01-1994 00:00,3160,2
02-01-1994 00:00,3141,2
03-01-1994 00:00,3204,2
04-01-1994 00:00,3341,2
05-01-1994 00:00,3394,2
06-01-1994 00:00,3447,2
07-01-1994 00:00,3507,2
08-01-1994 00:00,3528,2
09-01-1994 00:00,3595,2
10-01-1994 00:00,3626,2
11-01-1994 00:00,3617,2
12-01-1994 00:00,3589,2
13-01-1994 00:00,3542,2
14-01-1994 00:00,3539,2
15-01-1994 00:00,3954,2
16-01-1994 00:00,3851,2
17-01-1994 00:00,3773,2
18-01-1994 00:00,2737,2
19-01-1994 00:00,3653,2
20-01-1994 00:00,3895,2
21-01-1994 00:00,3960,2
22-01-1994 00:00,4140,2
23-01-1994 00:00,4180,2
24-01-1994 00:00,4160,2
25-01-1994 00:00,4370,2
26-01-1994 00:00,4410,2
27-01-1994 00:00,4480,2
28-01-1994 00:00,4560,2
29-01-1994 00:00,4710,2
30-01-1994 00:00,4750,2
31-01-1994 00:00,4570,2
01-02-1994 00:00,4680,2
02-02-1994 00:00,4730,2
03-02-1994 00:00,4800,2
04-02-1994 00:00,5160,2
05-02-1994 00:00,4860,2
06-02-1994 00:00,3910,2
07-02-1994 00:00,4580,2
08-02-1994 00:00,4450,2
09-02-1994 00:00,4320,2
10-02-1994 00:00,4190,2
11-02-1994 00:00,4000,2
12-02-1994 00:00,3970,2
13-02-1994 00:00,3760,2
14-02-1994 00:00,3547,2
15-02-1994 00:00,2446,2
16-02-1994 00:00,3491,2
17-02-1994 00:00,3914,2
18-02-1994 00:00,3616,2
19-02-1994 00:00,3640,2
20-02-1994 00:00,3529,2
21-02-1994 00:00,3573,2
22-02-1994 00:00,3613,2
23-02-1994 00:00,3704,2
24-02-1994 00:00,3814,2
25-02-1994 00:00,3756,2
26-02-1994 00:00,3721,2
27-02-1994 00:00,4409,2
28-02-1994 00:00,4919,2
01-03-1994 00:00,4866,2
02-03-1994 00:00,4813,2
03-03-1994 00:00,4691,2
04-03-1994 00:00,4569,2
05-03-1994 00:00,4552,2
06-03-1994 00:00,4535,2
07-03-1994 00:00,4518,2
08-03-1994 00:00,4603,2
09-03-1994 00:00,4483,2
10-03-1994 00:00,4466,2
11-03-1994 00:00,4584,2
12-03-1994 00:00,4599,2
13-03-1994 00:00,4548,2
14-03-1994 00:00,4397,2
15-03-1994 00:00,4645,2
16-03-1994 00:00,4759,2
17-03-1994 00:00,4741,2
18-03-1994 00:00,4689,2
19-03-1994 00:00,4899,2
20-03-1994 00:00,4847,2
21-03-1994 00:00,4827,2
22-03-1994 00:00,4840,2
23-03-1994 00:00,4660,2
24-03-1994 00:00,4449,2
25-03-1994 00:00,4622,2
26-03-1994 00:00,4603,2
27-03-1994 00:00,4584,2
28-03-1994 00:00,4628,2
29-03-1994 00:00,4484,2
30-03-1994 00:00,4465,2
31-03-1994 00:00,4509,2
01-04-1994 00:00,4428,2
02-04-1994 00:00,4347,2
03-04-1994 00:00,4329,2
04-04-1994 00:00,4372,2
05-04-1994 00:00,4262,2
06-04-1994 00:00,4304,2
07-04-1994 00:00,4225,2
08-04-1994 00:00,4087,2
09-04-1994 00:00,4189,2
10-04-1994 00:00,4051,2
11-04-1994 00:00,3915,2
12-04-1994 00:00,3809,2
13-04-1994 00:00,3822,2
14-04-1994 00:00,3863,2
15-04-1994 00:00,3846,2
16-04-1994 00:00,3771,2
17-04-1994 00:00,3754,2
18-04-1994 00:00,3622,2
19-04-1994 00:00,3605,2
20-04-1994 00:00,3646,2
21-04-1994 00:00,3629,2
22-04-1994 00:00,3528,2
23-04-1994 00:00,3511,2
24-04-1994 00:00,3495,2
25-04-1994 00:00,3479,2
26-04-1994 00:00,3045,2
27-04-1994 00:00,2499,2
28-04-1994 00:00,2571,2
29-04-1994 00:00,2563,2
30-04-1994 00:00,2566,2
01-05-1994 00:00,2752,2
02-05-1994 00:00,1879,2
03-05-1994 00:00,1272,2
04-05-1994 00:00,1297,2
05-05-1994 00:00,1346,2
06-05-1994 00:00,1380,2
07-05-1994 00:00,1408,2
08-05-1994 00:00,1419,2
09-05-1994 00:00,1032,2
10-05-1994 00:00,820,2
11-05-1994 00:00,807,2
12-05-1994 00:00,735,2
13-05-1994 00:00,607,2
14-05-1994 00:00,524,2
15-05-1994 00:00,502,2
16-05-1994 00:00,554,2
17-05-1994 00:00,571,2
18-05-1994 00:00,565,2
19-05-1994 00:00,565,2
20-05-1994 00:00,557,2
21-05-1994 00:00,534,2
22-05-1994 00:00,522,2
23-05-1994 00:00,549,2
24-05-1994 00:00,551,2
25-05-1994 00:00,524,2
26-05-1994 00:00,523,2
27-05-1994 00:00,509,2
28-05-1994 00:00,544,2
29-05-1994 00:00,498,2
30-05-1994 00:00,514,2
31-05-1994 00:00,503,2
01-06-1994 00:00,568,2
02-06-1994 00:00,537,2
03-06-1994 00:00,507,2
04-06-1994 00:00,501,2
05-06-1994 00:00,505,2
06-06-1994 00:00,548,2
07-06-1994 00:00,566,2
08-06-1994 00:00,556,2
09-06-1994 00:00,546,2
10-06-1994 00:00,543,2
11-06-1994 00:00,532,2
12-06-1994 00:00,525,2
13-06-1994 00:00,563,2
14-06-1994 00:00,583,2
15-06-1994 00:00,577,2
16-06-1994 00:00,557,2
17-06-1994 00:00,565,2
18-06-1994 00:00,545,2
19-06-1994 00:00,531,2
20-06-1994 00:00,588,2
21-06-1994 00:00,600,2
22-06-1994 00:00,565,2
23-06-1994 00:00,562,2
24-06-1994 00:00,574,2
25-06-1994 00:00,520,2
26-06-1994 00:00,524,2
27-06-1994 00:00,543,2
28-06-1994 00:00,532,2
29-06-1994 00:00,516,2
30-06-1994 00:00,521,2
01-07-1994 00:00,532,2
02-07-1994 00:00,562,2
03-07-1994 00:00,579,2
04-07-1994 00:00,592,2
05-07-1994 00:00,558,2
06-07-1994 00:00,563,2
07-07-1994 00:00,598,2
08-07-1994 00:00,608,2
09-07-1994 00:00,585,2
10-07-1994 00:00,578,2
11-07-1994 00:00,556,2
12-07-1994 00:00,559,2
13-07-1994 00:00,567,2
14-07-1994 00:00,558,2
15-07-1994 00:00,545,2
16-07-1994 00:00,538,2
17-07-1994 00:00,533,2
18-07-1994 00:00,495,2
19-07-1994 00:00,480,2
20-07-1994 00:00,481,2
21-07-1994 00:00,502,2
22-07-1994 00:00,519,2
23-07-1994 00:00,542,2
24-07-1994 00:00,567,2
25-07-1994 00:00,531,2
26-07-1994 00:00,501,2
27-07-1994 00:00,507,2
28-07-1994 00:00,505,2
29-07-1994 00:00,502,2
30-07-1994 00:00,496,2
31-07-1994 00:00,503,2
01-08-1994 00:00,528,2
02-08-1994 00:00,522,2
03-08-1994 00:00,517,2
04-08-1994 00:00,523,2
05-08-1994 00:00,536,2
06-08-1994 00:00,528,2
07-08-1994 00:00,533,2
08-08-1994 00:00,553,2
09-08-1994 00:00,560,2
10-08-1994 00:00,570,2
11-08-1994 00:00,575,2
12-08-1994 00:00,560,2
13-08-1994 00:00,528,2
14-08-1994 00:00,504,2
15-08-1994 00:00,503,2
16-08-1994 00:00,501,2
17-08-1994 00:00,497,2
18-08-1994 00:00,486,2
19-08-1994 00:00,496,2
20-08-1994 00:00,485,2
21-08-1994 00:00,485,2
22-08-1994 00:00,493,2
23-08-1994 00:00,490,2
24-08-1994 00:00,488,2
25-08-1994 00:00,505,2
26-08-1994 00:00,506,2
27-08-1994 00:00,469,2
28-08-1994 00:00,443,2
29-08-1994 00:00,432,2
30-08-1994 00:00,456,2
31-08-1994 00:00,460,2
01-09-1994 00:00,463,2
02-09-1994 00:00,447,2
03-09-1994 00:00,428,2
04-09-1994 00:00,447,2
05-09-1994 00:00,454,2
06-09-1994 00:00,445,2
07-09-1994 00:00,438,2
08-09-1994 00:00,450,2
09-09-1994 00:00,428,2
10-09-1994 00:00,444,2
11-09-1994 00:00,475,2
12-09-1994 00:00,500,2
13-09-1994 00:00,493,2
14-09-1994 00:00,477,2
15-09-1994 00:00,424,2
16-09-1994 00:00,466,2
17-09-1994 00:00,529,2
18-09-1994 00:00,533,2
19-09-1994 00:00,1825,2
20-09-1994 00:00,2428,2
21-09-1994 00:00,2436,2
22-09-1994 00:00,2422,2
23-09-1994 00:00,2369,2
24-09-1994 00:00,2355,2
25-09-1994 00:00,2364,2
26-09-1994 00:00,2449,2
27-09-1994 00:00,2394,2
28-09-1994 00:00,2339,2
29-09-1994 00:00,2284,2
30-09-1994 00:00,2230,2
01-10-1994 00:00,2175,2
02-10-1994 00:00,2120,2
03-10-1994 00:00,2065,2
04-10-1994 00:00,1932,2
05-10-1994 00:00,1948,2
06-10-1994 00:00,1953,2
07-10-1994 00:00,1960,2
08-10-1994 00:00,1962,2
09-10-1994 00:00,1967,2
10-10-1994 00:00,1967,2
11-10-1994 00:00,1951,2
12-10-1994 00:00,1900,2
13-10-1994 00:00,1878,2
14-10-1994 00:00,1912,2
15-10-1994 00:00,1894,2
16-10-1994 00:00,1870,2
17-10-1994 00:00,1917,2
18-10-1994 00:00,1955,2
19-10-1994 00:00,1938,2
20-10-1994 00:00,1910,2
21-10-1994 00:00,1859,2
22-10-1994 00:00,1822,2
23-10-1994 00:00,1779,2
24-10-1994 00:00,1622,2
25-10-1994 00:00,1384,2
26-10-1994 00:00,1356,2
27-10-1994 00:00,1350,2
28-10-1994 00:00,1343,2
29-10-1994 00:00,1345,2
30-10-1994 00:00,1359,2
31-10-1994 00:00,1393,2
01-11-1994 00:00,1382,2
02-11-1994 00:00,1404,2
03-11-1994 00:00,1459,2
04-11-1994 00:00,1470,2
05-11-1994 00:00,1482,2
06-11-1994 00:00,1498,2
07-11-1994 00:00,1503,2
08-11-1994 00:00,1484,2
09-11-1994 00:00,1474,2
10-11-1994 00:00,1463,2
11-11-1994 00:00,1439,2
12-11-1994 00:00,1410,2
13-11-1994 00:00,1391,2
14-11-1994 00:00,1376,2
15-11-1994 00:00,1367,2
16-11-1994 00:00,1376,2
17-11-1994 00:00,1405,2
18-11-1994 00:00,1453,2
19-11-1994 00:00,1489,2
20-11-1994 00:00,1484,2
21-11-1994 00:00,1522,2
22-11-1994 00:00,1503,2
23-11-1994 00:00,1645,2
24-11-1994 00:00,1563,2
25-11-1994 00:00,1618,2
26-11-1994 00:00,1623,2
27-11-1994 00:00,1608,2
28-11-1994 00:00,1563,2
29-11-1994 00:00,1583,2
30-11-1994 00:00,1603,2
01-12-1994 00:00,1589,2
02-12-1994 00:00,1587,2
03-12-1994 00:00,1562,2
04-12-1994 00:00,1537,2
05-12-1994 00:00,1452,2
06-12-1994 00:00,1508,2
07-12-1994 00:00,1530,2
08-12-1994 00:00,1550,2
09-12-1994 00:00,1579,2
10-12-1994 00:00,1580,2
11-12-1994 00:00,1589,2
12-12-1994 00:00,1590,2
13-12-1994 00:00,1606,2
14-12-1994 00:00,1618,2
15-12-1994 00:00,1638,2
16-12-1994 00:00,1622,2
17-12-1994 00:00,1642,2
18-12-1994 00:00,1678,2
19-12-1994 00:00,1670,2
20-12-1994 00:00,1657,2
21-12-1994 00:00,1649,2
22-12-1994 00:00,1629,2
23-12-1994 00:00,1610,2
24-12-1994 00:00,1578,2
25-12-1994 00:00,1563,2
26-12-1994 00:00,1549,2
27-12-1994 00:00,1576,2
28-12-1994 00:00,1643,2
29-12-1994 00:00,1643,2
30-12-1994 00:00,1671,2
31-12-1994 00:00,1706,2
01-01-1995 00:00,1740.89,2
02-01-1995 00:00,2212.29,2
03-01-1995 00:00,2824.82,2
04-01-1995 00:00,2835.27,2
05-01-1995 00:00,2188.63,2
06-01-1995 00:00,1735.96,2
07-01-1995 00:00,1685.72,2
08-01-1995 00:00,1677.51,2
09-01-1995 00:00,2231.02,2
10-01-1995 00:00,2562.45,2
11-01-1995 00:00,2592.93,2
12-01-1995 00:00,2619.61,2
13-01-1995 00:00,2653.37,2
14-01-1995 00:00,2668.19,2
15-01-1995 00:00,3954,2
16-01-1995 00:00,2721.02,2
17-01-1995 00:00,2733.88,2
18-01-1995 00:00,2737,2
19-01-1995 00:00,2729.89,2
20-01-1995 00:00,3895,2
21-01-1995 00:00,3960,2
22-01-1995 00:00,4140,2
23-01-1995 00:00,4180,2
24-01-1995 00:00,4160,2
25-01-1995 00:00,4370,2
26-01-1995 00:00,4410,2
27-01-1995 00:00,4480,2
28-01-1995 00:00,4560,2
29-01-1995 00:00,4710,2
30-01-1995 00:00,4750,2
31-01-1995 00:00,4570,2
01-02-1995 00:00,4680,2
02-02-1995 00:00,4730,2
03-02-1995 00:00,5137.25,2
04-02-1995 00:00,5370.23,2
05-02-1995 00:00,5516.07,2
06-02-1995 00:00,5575.91,2
07-02-1995 00:00,5340.63,2
08-02-1995 00:00,5525.87,2
09-02-1995 00:00,5500.85,2
10-02-1995 00:00,5475.82,2
11-02-1995 00:00,5492.1,2
12-02-1995 00:00,5466.88,2
13-02-1995 00:00,5318.93,2
14-02-1995 00:00,5212.84,2
15-02-1995 00:00,5188.57,2
16-02-1995 00:00,5325.69,2
17-02-1995 00:00,5541.61,2
18-02-1995 00:00,5515.45,2
19-02-1995 00:00,5568.85,2
20-02-1995 00:00,5621.48,2
21-02-1995 00:00,5633.96,2
22-02-1995 00:00,5567.65,2
23-02-1995 00:00,5657.79,2
24-02-1995 00:00,5630.3,2
25-02-1995 00:00,5602.82,2
26-02-1995 00:00,5575.33,2
27-02-1995 00:00,5547.84,2
28-02-1995 00:00,5444.21,2
01-03-1995 00:00,5417.11,2
02-03-1995 00:00,5390,2
03-03-1995 00:00,5700.42,2
04-03-1995 00:00,5410.41,2
05-03-1995 00:00,5568.54,2
06-03-1995 00:00,5466.24,2
07-03-1995 00:00,5364.7,2
08-03-1995 00:00,5300.47,2
09-03-1995 00:00,5272.98,2
10-03-1995 00:00,5173.14,2
11-03-1995 00:00,5110.05,2
12-03-1995 00:00,5047.34,2
13-03-1995 00:00,4913.79,2
14-03-1995 00:00,4958.46,2
15-03-1995 00:00,4826.24,2
16-03-1995 00:00,4555,2
17-03-1995 00:00,4600.05,2
18-03-1995 00:00,4332.42,2
19-03-1995 00:00,4377.66,2
20-03-1995 00:00,4285.03,2
21-03-1995 00:00,4295.42,2
22-03-1995 00:00,4237.64,2
23-03-1995 00:00,4213.94,2
24-03-1995 00:00,4190.25,2
25-03-1995 00:00,3999.89,2
26-03-1995 00:00,3977.14,2
27-03-1995 00:00,3954.4,2
28-03-1995 00:00,3767.83,2
29-03-1995 00:00,3843.75,2
30-03-1995 00:00,3789,2
31-03-1995 00:00,3448.22,2
01-04-1995 00:00,2948.08,2
02-04-1995 00:00,2553.83,2
03-04-1995 00:00,1720.91,2
04-04-1995 00:00,1870.71,2
05-04-1995 00:00,1876.24,2
06-04-1995 00:00,2269,2
07-04-1995 00:00,2539.25,2
08-04-1995 00:00,2567.08,2
09-04-1995 00:00,2602.11,2
10-04-1995 00:00,2597.07,2
11-04-1995 00:00,2609.9,2
12-04-1995 00:00,2631.31,2
13-04-1995 00:00,2680.06,2
14-04-1995 00:00,2714.84,2
15-04-1995 00:00,2719.11,2
16-04-1995 00:00,2725.19,2
17-04-1995 00:00,2720.11,2
18-04-1995 00:00,2700.26,2
19-04-1995 00:00,2686.23,2
20-04-1995 00:00,2689.54,2
21-04-1995 00:00,2682,2
22-04-1995 00:00,2707.65,2
23-04-1995 00:00,2653.57,2
24-04-1995 00:00,2560.22,2
25-04-1995 00:00,2530.65,2
26-04-1995 00:00,3045,2
27-04-1995 00:00,2491.68,2
28-04-1995 00:00,2415.46,2
29-04-1995 00:00,2409.9,2
30-04-1995 00:00,2461.35,2
01-05-1995 00:00,2029,2
02-05-1995 00:00,1879,2
03-05-1995 00:00,1660.34,2
04-05-1995 00:00,1691.08,2
05-05-1995 00:00,1727.95,2
06-05-1995 00:00,1787.85,2
07-05-1995 00:00,1843.83,2
08-05-1995 00:00,1907.16,2
09-05-1995 00:00,1032,2
10-05-1995 00:00,1865.72,2
11-05-1995 00:00,1850.59,2
12-05-1995 00:00,1835.59,2
13-05-1995 00:00,1832.08,2
14-05-1995 00:00,1790.86,2
15-05-1995 00:00,1751.7,2
16-05-1995 00:00,1738.9,2
17-05-1995 00:00,1752.69,2
18-05-1995 00:00,1772.72,2
19-05-1995 00:00,1782.35,2
20-05-1995 00:00,1802.31,2
21-05-1995 00:00,1799.75,2
22-05-1995 00:00,1607.07,2
23-05-1995 00:00,1418.46,2
24-05-1995 00:00,1393.68,2
25-05-1995 00:00,1453.59,2
26-05-1995 00:00,1438.81,2
27-05-1995 00:00,1427,2
28-05-1995 00:00,1425.71,2
29-05-1995 00:00,999,2
30-05-1995 00:00,786.95,2
31-05-1995 00:00,766.61,2
01-06-1995 00:00,775.67,2
02-06-1995 00:00,785.41,2
03-06-1995 00:00,724.85,2
04-06-1995 00:00,726.47,2
05-06-1995 00:00,754.87,2
06-06-1995 00:00,758.04,2
07-06-1995 00:00,760.88,2
08-06-1995 00:00,755.61,2
09-06-1995 00:00,747.03,2
10-06-1995 00:00,735.81,2
11-06-1995 00:00,736.1,2
12-06-1995 00:00,758.91,2
13-06-1995 00:00,735.08,2
14-06-1995 00:00,738.78,2
15-06-1995 00:00,737.14,2
16-06-1995 00:00,726.22,2
17-06-1995 00:00,716.94,2
18-06-1995 00:00,717.72,2
19-06-1995 00:00,714.43,2
20-06-1995 00:00,734.5,2
21-06-1995 00:00,735.22,2
22-06-1995 00:00,745.13,2
23-06-1995 00:00,754.4,2
24-06-1995 00:00,758.07,2
25-06-1995 00:00,763.42,2
26-06-1995 00:00,781.57,2
27-06-1995 00:00,778.5,2
28-06-1995 00:00,767.77,2
29-06-1995 00:00,749.39,2
30-06-1995 00:00,741.63,2
01-07-1995 00:00,734.89,2
02-07-1995 00:00,728.52,2
03-07-1995 00:00,696.25,2
04-07-1995 00:00,658.71,2
05-07-1995 00:00,728.5,2
06-07-1995 00:00,761.75,2
07-07-1995 00:00,763.09,2
08-07-1995 00:00,775.48,2
09-07-1995 00:00,788.77,2
10-07-1995 00:00,734.54,2
11-07-1995 00:00,695.79,2
12-07-1995 00:00,698.46,2
13-07-1995 00:00,684.45,2
14-07-1995 00:00,691.87,2
15-07-1995 00:00,684.99,2
16-07-1995 00:00,681.99,2
17-07-1995 00:00,692.14,2
18-07-1995 00:00,692.09,2
19-07-1995 00:00,685.1,2
20-07-1995 00:00,699.94,2
21-07-1995 00:00,701.98,2
22-07-1995 00:00,686.76,2
23-07-1995 00:00,686.25,2
24-07-1995 00:00,679.26,2
25-07-1995 00:00,676.56,2
26-07-1995 00:00,688.34,2
27-07-1995 00:00,699.86,2
28-07-1995 00:00,701.35,2
29-07-1995 00:00,702.34,2
30-07-1995 00:00,700.56,2
31-07-1995 00:00,715.63,2
01-08-1995 00:00,722.46,2
02-08-1995 00:00,722.63,2
03-08-1995 00:00,716.97,2
04-08-1995 00:00,707.13,2
05-08-1995 00:00,695.47,2
06-08-1995 00:00,688.89,2
07-08-1995 00:00,627.97,2
08-08-1995 00:00,591.89,2
09-08-1995 00:00,632.65,2
10-08-1995 00:00,605.52,2
11-08-1995 00:00,595.3,2
12-08-1995 00:00,599.7,2
13-08-1995 00:00,592.87,2
14-08-1995 00:00,562.07,2
15-08-1995 00:00,499.82,2
16-08-1995 00:00,456.72,2
17-08-1995 00:00,450.68,2
18-08-1995 00:00,455.56,2
19-08-1995 00:00,433.53,2
20-08-1995 00:00,430.85,2
21-08-1995 00:00,434.79,2
22-08-1995 00:00,452.41,2
23-08-1995 00:00,463.22,2
24-08-1995 00:00,439.67,2
25-08-1995 00:00,432.07,2
26-08-1995 00:00,446.64,2
27-08-1995 00:00,451.83,2
28-08-1995 00:00,439.68,2
29-08-1995 00:00,432.41,2
30-08-1995 00:00,412.79,2
31-08-1995 00:00,423.45,2
01-09-1995 00:00,416.42,2
02-09-1995 00:00,401.41,2
03-09-1995 00:00,405.9,2
04-09-1995 00:00,407.5,2
05-09-1995 00:00,419.15,2
06-09-1995 00:00,422.88,2
07-09-1995 00:00,419.61,2
08-09-1995 00:00,433.06,2
09-09-1995 00:00,422.35,2
10-09-1995 00:00,425.34,2
11-09-1995 00:00,442.6,2
12-09-1995 00:00,440.73,2
13-09-1995 00:00,450.02,2
14-09-1995 00:00,441.68,2
15-09-1995 00:00,445.12,2
16-09-1995 00:00,418.88,2
17-09-1995 00:00,420.89,2
18-09-1995 00:00,402.11,2
19-09-1995 00:00,402.69,2
20-09-1995 00:00,394.46,2
21-09-1995 00:00,417.41,2
22-09-1995 00:00,409.96,2
23-09-1995 00:00,402.83,2
24-09-1995 00:00,402.11,2
25-09-1995 00:00,379.84,2
26-09-1995 00:00,371.7,2
27-09-1995 00:00,375.65,2
28-09-1995 00:00,356.02,2
29-09-1995 00:00,354.02,2
30-09-1995 00:00,336.22,2
01-10-1995 00:00,355.52,2
02-10-1995 00:00,372.42,2
03-10-1995 00:00,387.91,2
04-10-1995 00:00,620,2
05-10-1995 00:00,773.38,2
06-10-1995 00:00,790.9,2
07-10-1995 00:00,789.26,2
08-10-1995 00:00,795.66,2
09-10-1995 00:00,797.04,2
10-10-1995 00:00,783.78,2
11-10-1995 00:00,786.84,2
12-10-1995 00:00,790.13,2
13-10-1995 00:00,777.64,2
14-10-1995 00:00,761.82,2
15-10-1995 00:00,770.18,2
16-10-1995 00:00,780.43,2
17-10-1995 00:00,772.62,2
18-10-1995 00:00,754.68,2
19-10-1995 00:00,764.84,2
20-10-1995 00:00,758.35,2
21-10-1995 00:00,779.5,2
22-10-1995 00:00,780.78,2
23-10-1995 00:00,786.03,2
24-10-1995 00:00,783.61,2
25-10-1995 00:00,780.09,2
26-10-1995 00:00,801.63,2
27-10-1995 00:00,793.62,2
28-10-1995 00:00,776.71,2
29-10-1995 00:00,778.35,2
30-10-1995 00:00,773.07,2
31-10-1995 00:00,769.61,2
01-11-1995 00:00,758.72,2
02-11-1995 00:00,719.68,2
03-11-1995 00:00,753.97,2
04-11-1995 00:00,702.03,2
05-11-1995 00:00,710.13,2
06-11-1995 00:00,732.3,2
07-11-1995 00:00,741.26,2
08-11-1995 00:00,735.24,2
09-11-1995 00:00,731.79,2
10-11-1995 00:00,730.66,2
11-11-1995 00:00,747.64,2
12-11-1995 00:00,742.19,2
13-11-1995 00:00,725.28,2
14-11-1995 00:00,723.4,2
15-11-1995 00:00,726.39,2
16-11-1995 00:00,742.37,2
17-11-1995 00:00,716.54,2
18-11-1995 00:00,749.87,2
19-11-1995 00:00,751.8,2
20-11-1995 00:00,735.59,2
21-11-1995 00:00,723.2,2
22-11-1995 00:00,730.05,2
23-11-1995 00:00,720.27,2
24-11-1995 00:00,725.22,2
25-11-1995 00:00,733.69,2
26-11-1995 00:00,737.63,2
27-11-1995 00:00,743.04,2
28-11-1995 00:00,727.93,2
29-11-1995 00:00,721.31,2
30-11-1995 00:00,716.96,2
01-12-1995 00:00,715.34,2
02-12-1995 00:00,712.79,2
03-12-1995 00:00,710.54,2
04-12-1995 00:00,732.81,2
05-12-1995 00:00,738.42,2
06-12-1995 00:00,630,2
07-12-1995 00:00,734.77,2
08-12-1995 00:00,762.28,2
09-12-1995 00:00,760.53,2
10-12-1995 00:00,753.34,2
11-12-1995 00:00,1557,2
12-12-1995 00:00,1372,2
13-12-1995 00:00,725.19,2
14-12-1995 00:00,931.79,2
15-12-1995 00:00,654.17,2
16-12-1995 00:00,743.53,2
17-12-1995 00:00,717.6,2
18-12-1995 00:00,860,2
19-12-1995 00:00,491.75,2
20-12-1995 00:00,486.49,2
21-12-1995 00:00,482.01,2
22-12-1995 00:00,482.42,2
23-12-1995 00:00,484.38,2
24-12-1995 00:00,486.7,2
25-12-1995 00:00,484.95,2
26-12-1995 00:00,477.19,2
27-12-1995 00:00,484,2
28-12-1995 00:00,486.35,2
29-12-1995 00:00,484.24,2
30-12-1995 00:00,484.25,2
31-12-1995 00:00,487.86,2
01-01-1996 00:00,521.9,2
02-01-1996 00:00,512.6,2
03-01-1996 00:00,514.9,2
04-01-1996 00:00,518.4,2
05-01-1996 00:00,512.8,2
06-01-1996 00:00,517.1,2
07-01-1996 00:00,511.4,2
08-01-1996 00:00,517.4,2
09-01-1996 00:00,517.6,2
10-01-1996 00:00,518.6,2
11-01-1996 00:00,520.1,2
12-01-1996 00:00,514.4,2
13-01-1996 00:00,516.4,2
14-01-1996 00:00,520.8,2
15-01-1996 00:00,526.3,2
16-01-1996 00:00,526.3,2
17-01-1996 00:00,526.5,2
18-01-1996 00:00,527.6,2
19-01-1996 00:00,527.8,2
20-01-1996 00:00,521.4,2
21-01-1996 00:00,519.6,2
22-01-1996 00:00,521.6,2
23-01-1996 00:00,521.2,2
24-01-1996 00:00,528.9,2
25-01-1996 00:00,542.8,2
26-01-1996 00:00,548.8,2
27-01-1996 00:00,559.9,2
28-01-1996 00:00,564.9,2
29-01-1996 00:00,577,2
30-01-1996 00:00,574.7,2
31-01-1996 00:00,564,2
01-02-1996 00:00,557.6,2
02-02-1996 00:00,545.5,2
03-02-1996 00:00,528.8,2
04-02-1996 00:00,512.4,2
05-02-1996 00:00,513.6,2
06-02-1996 00:00,514.3,2
07-02-1996 00:00,508.2,2
08-02-1996 00:00,495,2
09-02-1996 00:00,479.2,2
10-02-1996 00:00,468.3,2
11-02-1996 00:00,464.3,2
12-02-1996 00:00,448.4,2
13-02-1996 00:00,459.2,2
14-02-1996 00:00,444.2,2
15-02-1996 00:00,450.8,2
16-02-1996 00:00,479.1,2
17-02-1996 00:00,510.4,2
18-02-1996 00:00,527.1,2
19-02-1996 00:00,542.6,2
20-02-1996 00:00,529.9,2
21-02-1996 00:00,510.5,2
22-02-1996 00:00,520.3,2
23-02-1996 00:00,526.7,2
24-02-1996 00:00,529.2,2
25-02-1996 00:00,531.8,2
26-02-1996 00:00,538.3,2
27-02-1996 00:00,537,2
28-02-1996 00:00,533.1,2
29-02-1996 00:00,528.9,2
01-03-1996 00:00,532.3,2
02-03-1996 00:00,537.2,2
03-03-1996 00:00,471,2
04-03-1996 00:00,456.6,2
05-03-1996 00:00,463.5,2
06-03-1996 00:00,459.2,2
07-03-1996 00:00,481,2
08-03-1996 00:00,494,2
09-03-1996 00:00,490.6,2
10-03-1996 00:00,490.5,2
11-03-1996 00:00,445,2
12-03-1996 00:00,431,2
13-03-1996 00:00,427,2
14-03-1996 00:00,425,2
15-03-1996 00:00,425.1,2
16-03-1996 00:00,424.2,2
17-03-1996 00:00,334,2
18-03-1996 00:00,339,2
19-03-1996 00:00,311.3,2
20-03-1996 00:00,313.5,2
21-03-1996 00:00,310.7,2
22-03-1996 00:00,317.8,2
23-03-1996 00:00,318.1,2
24-03-1996 00:00,325.1,2
25-03-1996 00:00,344.8,2
26-03-1996 00:00,337.2,2
27-03-1996 00:00,336.2,2
28-03-1996 00:00,330.6,2
29-03-1996 00:00,336.6,2
30-03-1996 00:00,335.9,2
31-03-1996 00:00,332.4,2
01-04-1996 00:00,332.3,2
02-04-1996 00:00,335.8,2
03-04-1996 00:00,327.3,2
04-04-1996 00:00,320.8,2
05-04-1996 00:00,318.5,2
06-04-1996 00:00,318.4,2
07-04-1996 00:00,300,2
08-04-1996 00:00,300,2
09-04-1996 00:00,300,2
10-04-1996 00:00,317.4,2
11-04-1996 00:00,319.3,2
12-04-1996 00:00,314.5,2
13-04-1996 00:00,310.5,2
14-04-1996 00:00,312.3,2
15-04-1996 00:00,313,2
16-04-1996 00:00,316.8,2
17-04-1996 00:00,320.7,2
18-04-1996 00:00,314.6,2
19-04-1996 00:00,314.7,2
20-04-1996 00:00,325.4,2
21-04-1996 00:00,332.8,2
22-04-1996 00:00,337.4,2
23-04-1996 00:00,344.2,2
24-04-1996 00:00,352,2
25-04-1996 00:00,352.8,2
26-04-1996 00:00,358.4,2
27-04-1996 00:00,357.5,2
28-04-1996 00:00,354.7,2
29-04-1996 00:00,341.4,2
30-04-1996 00:00,336.5,2
01-05-1996 00:00,331.3,2
02-05-1996 00:00,332.1,2
03-05-1996 00:00,320.2,2
04-05-1996 00:00,310,2
05-05-1996 00:00,293.1,2
06-05-1996 00:00,303.2,2
07-05-1996 00:00,311.4,2
08-05-1996 00:00,313.1,2
09-05-1996 00:00,326.8,2
10-05-1996 00:00,340.2,2
11-05-1996 00:00,334.5,2
12-05-1996 00:00,334.6,2
13-05-1996 00:00,339.2,2
14-05-1996 00:00,334.5,2
15-05-1996 00:00,326.7,2
16-05-1996 00:00,332.7,2
17-05-1996 00:00,330.6,2
18-05-1996 00:00,326.9,2
19-05-1996 00:00,331.8,2
20-05-1996 00:00,322.5,2
21-05-1996 00:00,357.9,2
22-05-1996 00:00,366.3,2
23-05-1996 00:00,364.8,2
24-05-1996 00:00,378.3,2
25-05-1996 00:00,383.9,2
26-05-1996 00:00,356.7,2
27-05-1996 00:00,168,2
28-05-1996 00:00,111,2
29-05-1996 00:00,127,2
30-05-1996 00:00,381,2
31-05-1996 00:00,642.2,2
01-06-1996 00:00,426.3,2
02-06-1996 00:00,361.1,2
03-06-1996 00:00,340.4,2
04-06-1996 00:00,335.8,2
05-06-1996 00:00,385.1,2
06-06-1996 00:00,421.2,2
07-06-1996 00:00,425.3,2
08-06-1996 00:00,415.9,2
09-06-1996 00:00,416.7,2
10-06-1996 00:00,370.4,2
11-06-1996 00:00,345.4,2
12-06-1996 00:00,581.6,2
13-06-1996 00:00,494.7,2
14-06-1996 00:00,516.7,2
15-06-1996 00:00,512,2
16-06-1996 00:00,519.4,2
17-06-1996 00:00,492.2,2
18-06-1996 00:00,436.9,2
19-06-1996 00:00,454.4,2
20-06-1996 00:00,449.5,2
21-06-1996 00:00,451.1,2
22-06-1996 00:00,464.5,2
23-06-1996 00:00,464,2
24-06-1996 00:00,455.3,2
25-06-1996 00:00,467.3,2
26-06-1996 00:00,481.4,2
27-06-1996 00:00,489.5,2
28-06-1996 00:00,494.5,2
29-06-1996 00:00,486.4,2
30-06-1996 00:00,483.2,2
01-07-1996 00:00,411,2
02-07-1996 00:00,401.6,2
03-07-1996 00:00,414,2
04-07-1996 00:00,385.2,2
05-07-1996 00:00,424.1,2
06-07-1996 00:00,420.6,2
07-07-1996 00:00,390,2
08-07-1996 00:00,380,2
09-07-1996 00:00,398.3,2
10-07-1996 00:00,391.2,2
11-07-1996 00:00,389.3,2
12-07-1996 00:00,377.9,2
13-07-1996 00:00,350,2
14-07-1996 00:00,350,2
15-07-1996 00:00,350,2
16-07-1996 00:00,350,2
17-07-1996 00:00,350,2
18-07-1996 00:00,374.9,2
19-07-1996 00:00,386.2,2
20-07-1996 00:00,398.5,2
21-07-1996 00:00,406.9,2
22-07-1996 00:00,414.2,2
23-07-1996 00:00,432.5,2
24-07-1996 00:00,410,2
25-07-1996 00:00,384.7,2
26-07-1996 00:00,337.4,2
27-07-1996 00:00,331.2,2
28-07-1996 00:00,343.1,2
29-07-1996 00:00,329,2
30-07-1996 00:00,336,2
31-07-1996 00:00,355.2,2
01-08-1996 00:00,366.3,2
02-08-1996 00:00,351.9,2
03-08-1996 00:00,338.6,2
04-08-1996 00:00,360.5,2
05-08-1996 00:00,340.1,2
06-08-1996 00:00,324.4,2
07-08-1996 00:00,344.5,2
08-08-1996 00:00,335.4,2
09-08-1996 00:00,339.7,2
10-08-1996 00:00,345.8,2
11-08-1996 00:00,329,2
12-08-1996 00:00,292.6,2
13-08-1996 00:00,310.1,2
14-08-1996 00:00,336.6,2
15-08-1996 00:00,337,2
16-08-1996 00:00,372.7,2
17-08-1996 00:00,398.2,2
18-08-1996 00:00,402.2,2
19-08-1996 00:00,283,2
20-08-1996 00:00,278.5,2
21-08-1996 00:00,316,2
22-08-1996 00:00,322.7,2
23-08-1996 00:00,384.4,2
24-08-1996 00:00,372.6,2
25-08-1996 00:00,375.9,2
26-08-1996 00:00,351.7,2
27-08-1996 00:00,317.3,2
28-08-1996 00:00,323.6,2
29-08-1996 00:00,318.2,2
30-08-1996 00:00,317.9,2
31-08-1996 00:00,308.4,2
01-09-1996 00:00,299.8,2
02-09-1996 00:00,291.4,2
03-09-1996 00:00,289.1,2
04-09-1996 00:00,224.5,2
05-09-1996 00:00,231.7,2
06-09-1996 00:00,227.4,2
07-09-1996 00:00,217.7,2
08-09-1996 00:00,221.4,2
09-09-1996 00:00,202,2
10-09-1996 00:00,217.2,2
11-09-1996 00:00,235.7,2
12-09-1996 00:00,235.7,2
13-09-1996 00:00,233.6,2
14-09-1996 00:00,229.9,2
15-09-1996 00:00,220.2,2
16-09-1996 00:00,348.1,2
17-09-1996 00:00,321.2,2
18-09-1996 00:00,325.6,2
19-09-1996 00:00,317.5,2
20-09-1996 00:00,315.3,2
21-09-1996 00:00,314.5,2
22-09-1996 00:00,316.5,2
23-09-1996 00:00,311.6,2
24-09-1996 00:00,313.5,2
25-09-1996 00:00,314.6,2
26-09-1996 00:00,317.5,2
27-09-1996 00:00,318.4,2
28-09-1996 00:00,310.1,2
29-09-1996 00:00,306.1,2
30-09-1996 00:00,312.5,2
01-10-1996 00:00,314.6,2
02-10-1996 00:00,313.6,2
03-10-1996 00:00,311,2
04-10-1996 00:00,318.2,2
05-10-1996 00:00,320.4,2
06-10-1996 00:00,316.3,2
07-10-1996 00:00,321.9,2
08-10-1996 00:00,335.8,2
09-10-1996 00:00,327,2
10-10-1996 00:00,309.9,2
11-10-1996 00:00,338,2
12-10-1996 00:00,308.2,2
13-10-1996 00:00,300.1,2
14-10-1996 00:00,307.9,2
15-10-1996 00:00,297.8,2
16-10-1996 00:00,279,2
17-10-1996 00:00,265.3,2
18-10-1996 00:00,286,2
19-10-1996 00:00,281.2,2
20-10-1996 00:00,263.5,2
21-10-1996 00:00,268.1,2
22-10-1996 00:00,245.2,2
23-10-1996 00:00,265.2,2
24-10-1996 00:00,257.1,2
25-10-1996 00:00,269.8,2
26-10-1996 00:00,263.2,2
27-10-1996 00:00,264.2,2
28-10-1996 00:00,269.9,2
29-10-1996 00:00,275.9,2
30-10-1996 00:00,306.4,2
31-10-1996 00:00,307.2,2
01-11-1996 00:00,308.3,2
02-11-1996 00:00,307.2,2
03-11-1996 00:00,298.6,2
04-11-1996 00:00,289.1,2
05-11-1996 00:00,279.7,2
06-11-1996 00:00,278.6,2
07-11-1996 00:00,274.3,2
08-11-1996 00:00,271.5,2
09-11-1996 00:00,265.1,2
10-11-1996 00:00,279.9,2
11-11-1996 00:00,282.1,2
12-11-1996 00:00,281.9,2
13-11-1996 00:00,276,2
14-11-1996 00:00,280.2,2
15-11-1996 00:00,267.7,2
16-11-1996 00:00,264.7,2
17-11-1996 00:00,266.2,2
18-11-1996 00:00,269.1,2
19-11-1996 00:00,280.6,2
20-11-1996 00:00,296.3,2
21-11-1996 00:00,286.8,2
22-11-1996 00:00,280.5,2
23-11-1996 00:00,282.8,2
24-11-1996 00:00,270.9,2
25-11-1996 00:00,258.3,2
26-11-1996 00:00,274.6,2
27-11-1996 00:00,278.4,2
28-11-1996 00:00,267.6,2
29-11-1996 00:00,272,2
30-11-1996 00:00,270.6,2
01-12-1996 00:00,264.8,2
02-12-1996 00:00,265.013,2
03-12-1996 00:00,283.015,2
04-12-1996 00:00,289.64,2
05-12-1996 00:00,248.762,2
06-12-1996 00:00,214.767,2
07-12-1996 00:00,251.389,2
08-12-1996 00:00,274.745,2
09-12-1996 00:00,284.724,2
10-12-1996 00:00,279.377,2
11-12-1996 00:00,289.998,2
12-12-1996 00:00,292.318,2
13-12-1996 00:00,255.549,2
14-12-1996 00:00,254.398,2
15-12-1996 00:00,279.617,2
16-12-1996 00:00,280.924,2
17-12-1996 00:00,293.638,2
18-12-1996 00:00,293.604,2
19-12-1996 00:00,293.123,2
20-12-1996 00:00,290.073,2
21-12-1996 00:00,278.837,2
22-12-1996 00:00,279.876,2
23-12-1996 00:00,273.787,2
24-12-1996 00:00,265.229,2
25-12-1996 00:00,260.766,2
26-12-1996 00:00,258.234,2
27-12-1996 00:00,262.42,2
28-12-1996 00:00,264.36,2
29-12-1996 00:00,268.322,2
30-12-1996 00:00,277.072,2
31-12-1996 00:00,276.628,2
01-01-1997 00:00,255,2
02-01-1997 00:00,268,2
03-01-1997 00:00,269,2
04-01-1997 00:00,266,2
05-01-1997 00:00,270,2
06-01-1997 00:00,268,2
07-01-1997 00:00,254,2
08-01-1997 00:00,249,2
09-01-1997 00:00,255,2
10-01-1997 00:00,261,2
11-01-1997 00:00,259,2
12-01-1997 00:00,261,2
13-01-1997 00:00,263,2
14-01-1997 00:00,279,2
15-01-1997 00:00,294,2
16-01-1997 00:00,296,2
17-01-1997 00:00,279,2
18-01-1997 00:00,260,2
19-01-1997 00:00,247,2
20-01-1997 00:00,271,2
21-01-1997 00:00,297,2
22-01-1997 00:00,316,2
23-01-1997 00:00,312,2
24-01-1997 00:00,310,2
25-01-1997 00:00,296,2
26-01-1997 00:00,296,2
27-01-1997 00:00,290,2
28-01-1997 00:00,291,2
29-01-1997 00:00,291,2
30-01-1997 00:00,291,2
31-01-1997 00:00,289,2
01-02-1997 00:00,282,2
02-02-1997 00:00,291,2
03-02-1997 00:00,279,2
04-02-1997 00:00,276,2
05-02-1997 00:00,286,2
06-02-1997 00:00,293,2
07-02-1997 00:00,289,2
08-02-1997 00:00,295,2
09-02-1997 00:00,290,2
10-02-1997 00:00,288,2
11-02-1997 00:00,283,2
12-02-1997 00:00,274,2
13-02-1997 00:00,282,2
14-02-1997 00:00,278,2
15-02-1997 00:00,279,2
16-02-1997 00:00,272,2
17-02-1997 00:00,274,2
18-02-1997 00:00,274,2
19-02-1997 00:00,277,2
20-02-1997 00:00,285,2
21-02-1997 00:00,280,2
22-02-1997 00:00,295,2
23-02-1997 00:00,293,2
24-02-1997 00:00,307,2
25-02-1997 00:00,301,2
26-02-1997 00:00,492,2
27-02-1997 00:00,652,2
28-02-1997 00:00,649,2
01-03-1997 00:00,645,2
02-03-1997 00:00,632,2
03-03-1997 00:00,630,2
04-03-1997 00:00,756,2
05-03-1997 00:00,664,2
06-03-1997 00:00,674,2
07-03-1997 00:00,690,2
08-03-1997 00:00,670,2
09-03-1997 00:00,675,2
10-03-1997 00:00,851,2
11-03-1997 00:00,1009,2
12-03-1997 00:00,1227,2
13-03-1997 00:00,1358,2
14-03-1997 00:00,1409,2
15-03-1997 00:00,1462,2
16-03-1997 00:00,1459,2
17-03-1997 00:00,1453,2
18-03-1997 00:00,1547,2
19-03-1997 00:00,1536,2
20-03-1997 00:00,1523,2
21-03-1997 00:00,1523,2
22-03-1997 00:00,1516,2
23-03-1997 00:00,1535,2
24-03-1997 00:00,1521,2
25-03-1997 00:00,1495,2
26-03-1997 00:00,1466,2
27-03-1997 00:00,1434,2
28-03-1997 00:00,1443,2
29-03-1997 00:00,1424,2
30-03-1997 00:00,1437,2
31-03-1997 00:00,1409,2
01-04-1997 00:00,1397,2
02-04-1997 00:00,933,2
03-04-1997 00:00,574,2
04-04-1997 00:00,610,2
05-04-1997 00:00,618,2
06-04-1997 00:00,587,2
07-04-1997 00:00,597,2
08-04-1997 00:00,619,2
09-04-1997 00:00,631,2
10-04-1997 00:00,629,2
11-04-1997 00:00,630,2
12-04-1997 00:00,627,2
13-04-1997 00:00,613,2
14-04-1997 00:00,601,2
15-04-1997 00:00,572,2
16-04-1997 00:00,553,2
17-04-1997 00:00,525,2
18-04-1997 00:00,506,2
19-04-1997 00:00,503,2
20-04-1997 00:00,503,2
21-04-1997 00:00,401,2
22-04-1997 00:00,343,2
23-04-1997 00:00,343,2
24-04-1997 00:00,340,2
25-04-1997 00:00,348,2
26-04-1997 00:00,344,2
27-04-1997 00:00,350,2
28-04-1997 00:00,344,2
29-04-1997 00:00,352,2
30-04-1997 00:00,352,2
01-05-1997 00:00,347,2
02-05-1997 00:00,347,2
03-05-1997 00:00,355,2
04-05-1997 00:00,345,2
05-05-1997 00:00,338,2
06-05-1997 00:00,333,2
07-05-1997 00:00,336,2
08-05-1997 00:00,325,2
09-05-1997 00:00,324,2
10-05-1997 00:00,326,2
11-05-1997 00:00,324,2
12-05-1997 00:00,308,2
13-05-1997 00:00,323,2
14-05-1997 00:00,313,2
15-05-1997 00:00,334,2
16-05-1997 00:00,355,2
17-05-1997 00:00,343,2
18-05-1997 00:00,331,2
19-05-1997 00:00,355,2
20-05-1997 00:00,356,2
21-05-1997 00:00,350,2
22-05-1997 00:00,355,2
23-05-1997 00:00,470,2
24-05-1997 00:00,536,2
25-05-1997 00:00,525,2
26-05-1997 00:00,522,2
27-05-1997 00:00,569,2
28-05-1997 00:00,606,2
29-05-1997 00:00,610,2
30-05-1997 00:00,599,2
31-05-1997 00:00,586,2
01-06-1997 00:00,586,2
02-06-1997 00:00,472,2
03-06-1997 00:00,476,2
04-06-1997 00:00,460,2
05-06-1997 00:00,447,2
06-06-1997 00:00,453,2
07-06-1997 00:00,451,2
08-06-1997 00:00,446,2
09-06-1997 00:00,474,2
10-06-1997 00:00,509,2
11-06-1997 00:00,520,2
12-06-1997 00:00,520,2
13-06-1997 00:00,503,2
14-06-1997 00:00,489,2
15-06-1997 00:00,497,2
16-06-1997 00:00,503,2
17-06-1997 00:00,501,2
18-06-1997 00:00,492,2
19-06-1997 00:00,501,2
20-06-1997 00:00,499,2
21-06-1997 00:00,497,2
22-06-1997 00:00,507,2
23-06-1997 00:00,498,2
24-06-1997 00:00,490,2
25-06-1997 00:00,506,2
26-06-1997 00:00,509,2
27-06-1997 00:00,504,2
28-06-1997 00:00,494,2
29-06-1997 00:00,505,2
30-06-1997 00:00,504,2
01-07-1997 00:00,522,2
02-07-1997 00:00,529,2
03-07-1997 00:00,519,2
04-07-1997 00:00,532,2
05-07-1997 00:00,536,2
06-07-1997 00:00,548,2
07-07-1997 00:00,511,2
08-07-1997 00:00,515,2
09-07-1997 00:00,533,2
10-07-1997 00:00,549,2
11-07-1997 00:00,546,2
12-07-1997 00:00,550,2
13-07-1997 00:00,548,2
14-07-1997 00:00,529,2
15-07-1997 00:00,506,2
16-07-1997 00:00,505,2
17-07-1997 00:00,509,2
18-07-1997 00:00,512,2
19-07-1997 00:00,503,2
20-07-1997 00:00,504,2
21-07-1997 00:00,515,2
22-07-1997 00:00,527,2
23-07-1997 00:00,523,2
24-07-1997 00:00,529,2
25-07-1997 00:00,539,2
26-07-1997 00:00,539,2
27-07-1997 00:00,528,2
28-07-1997 00:00,532,2
29-07-1997 00:00,557,2
30-07-1997 00:00,558,2
31-07-1997 00:00,561,2
01-08-1997 00:00,576,2
02-08-1997 00:00,581,2
03-08-1997 00:00,579,2
04-08-1997 00:00,566,2
05-08-1997 00:00,562,2
06-08-1997 00:00,579,2
07-08-1997 00:00,607,2
08-08-1997 00:00,606,2
09-08-1997 00:00,598,2
10-08-1997 00:00,609,2
11-08-1997 00:00,615,2
12-08-1997 00:00,626,2
13-08-1997 00:00,635,2
14-08-1997 00:00,609,2
15-08-1997 00:00,609,2
16-08-1997 00:00,613,2
17-08-1997 00:00,618,2
18-08-1997 00:00,613,2
19-08-1997 00:00,614,2
20-08-1997 00:00,614,2
21-08-1997 00:00,614,2
22-08-1997 00:00,613,2
23-08-1997 00:00,618,2
24-08-1997 00:00,611,2
25-08-1997 00:00,598,2
26-08-1997 00:00,588,2
27-08-1997 00:00,573,2
28-08-1997 00:00,583,2
29-08-1997 00:00,552,2
30-08-1997 00:00,544,2
31-08-1997 00:00,556,2
01-09-1997 00:00,549,2
02-09-1997 00:00,566,2
03-09-1997 00:00,559,2
04-09-1997 00:00,561,2
05-09-1997 00:00,566,2
06-09-1997 00:00,563,2
07-09-1997 00:00,553,2
08-09-1997 00:00,531,2
09-09-1997 00:00,585,2
10-09-1997 00:00,653,2
11-09-1997 00:00,675,2
12-09-1997 00:00,667,2
13-09-1997 00:00,613,2
14-09-1997 00:00,588,2
15-09-1997 00:00,593,2
16-09-1997 00:00,602,2
17-09-1997 00:00,586,2
18-09-1997 00:00,604,2
19-09-1997 00:00,689,2
20-09-1997 00:00,602,2
21-09-1997 00:00,576,2
22-09-1997 00:00,570,2
23-09-1997 00:00,585,2
24-09-1997 00:00,590,2
25-09-1997 00:00,601,2
26-09-1997 00:00,607,2
27-09-1997 00:00,579,2
28-09-1997 00:00,580,2
29-09-1997 00:00,591,2
30-09-1997 00:00,587,2
01-10-1997 00:00,574,2
02-10-1997 00:00,551,2
03-10-1997 00:00,636,2
04-10-1997 00:00,646,2
05-10-1997 00:00,590,2
06-10-1997 00:00,555,2
07-10-1997 00:00,576,2
08-10-1997 00:00,571,2
09-10-1997 00:00,557,2
10-10-1997 00:00,592,2
11-10-1997 00:00,419,2
12-10-1997 00:00,335,2
13-10-1997 00:00,348,2
14-10-1997 00:00,356,2
15-10-1997 00:00,352,2
16-10-1997 00:00,365,2
17-10-1997 00:00,365,2
18-10-1997 00:00,360,2
19-10-1997 00:00,346,2
20-10-1997 00:00,347,2
21-10-1997 00:00,347,2
22-10-1997 00:00,343,2
23-10-1997 00:00,359,2
24-10-1997 00:00,369,2
25-10-1997 00:00,380,2
26-10-1997 00:00,407,2
27-10-1997 00:00,406,2
28-10-1997 00:00,367,2
29-10-1997 00:00,348,2
30-10-1997 00:00,354,2
31-10-1997 00:00,360,2
01-11-1997 00:00,350,2
02-11-1997 00:00,355,2
03-11-1997 00:00,347,2
04-11-1997 00:00,345,2
05-11-1997 00:00,343,2
06-11-1997 00:00,292,2
07-11-1997 00:00,259,2
08-11-1997 00:00,267,2
09-11-1997 00:00,262,2
10-11-1997 00:00,265,2
11-11-1997 00:00,249,2
12-11-1997 00:00,329,2
13-11-1997 00:00,569,2
14-11-1997 00:00,554,2
15-11-1997 00:00,559,2
16-11-1997 00:00,561,2
17-11-1997 00:00,563,2
18-11-1997 00:00,554,2
19-11-1997 00:00,544,2
20-11-1997 00:00,538,2
21-11-1997 00:00,542,2
22-11-1997 00:00,547,2
23-11-1997 00:00,539,2
24-11-1997 00:00,533,2
25-11-1997 00:00,538,2
26-11-1997 00:00,522,2
27-11-1997 00:00,515,2
28-11-1997 00:00,579,2
29-11-1997 00:00,604,2
30-11-1997 00:00,605,2
01-12-1997 00:00,609,2
02-12-1997 00:00,616,2
03-12-1997 00:00,624,2
04-12-1997 00:00,631,2
05-12-1997 00:00,632,2
06-12-1997 00:00,632,2
07-12-1997 00:00,635,2
08-12-1997 00:00,633,2
09-12-1997 00:00,631,2
10-12-1997 00:00,623,2
11-12-1997 00:00,634,2
12-12-1997 00:00,630,2
13-12-1997 00:00,619,2
14-12-1997 00:00,618,2
15-12-1997 00:00,599,2
16-12-1997 00:00,623,2
17-12-1997 00:00,678,2
18-12-1997 00:00,595,2
19-12-1997 00:00,597,2
20-12-1997 00:00,616,2
21-12-1997 00:00,619,2
22-12-1997 00:00,598,2
23-12-1997 00:00,580,2
24-12-1997 00:00,570,2
25-12-1997 00:00,567,2
26-12-1997 00:00,563,2
27-12-1997 00:00,565,2
28-12-1997 00:00,569,2
29-12-1997 00:00,568,2
30-12-1997 00:00,604,2
31-12-1997 00:00,601,2
01-01-1998 00:00,611,2
02-01-1998 00:00,611,2
03-01-1998 00:00,609,2
04-01-1998 00:00,617,2
05-01-1998 00:00,634,2
06-01-1998 00:00,635,2
07-01-1998 00:00,642,2
08-01-1998 00:00,650,2
09-01-1998 00:00,655,2
10-01-1998 00:00,654,2
11-01-1998 00:00,668,2
12-01-1998 00:00,680,2
13-01-1998 00:00,704,2
14-01-1998 00:00,702,2
15-01-1998 00:00,679,2
16-01-1998 00:00,671,2
17-01-1998 00:00,663,2
18-01-1998 00:00,730,2
19-01-1998 00:00,1221,2
20-01-1998 00:00,1618,2
21-01-1998 00:00,1583,2
22-01-1998 00:00,1571,2
23-01-1998 00:00,1569,2
24-01-1998 00:00,1576,2
25-01-1998 00:00,1554,2
26-01-1998 00:00,1541,2
27-01-1998 00:00,1534,2
28-01-1998 00:00,1527,2
29-01-1998 00:00,1535,2
30-01-1998 00:00,1515,2
31-01-1998 00:00,1510,2
01-02-1998 00:00,1502,2
02-02-1998 00:00,1491,2
03-02-1998 00:00,1502,2
04-02-1998 00:00,2139,2
05-02-1998 00:00,2725,2
06-02-1998 00:00,2794,2
07-02-1998 00:00,2731,2
08-02-1998 00:00,2714,2
09-02-1998 00:00,2763,2
10-02-1998 00:00,2731,2
11-02-1998 00:00,2684,2
12-02-1998 00:00,2654,2
13-02-1998 00:00,2738,2
14-02-1998 00:00,2669,2
15-02-1998 00:00,2700,2
16-02-1998 00:00,4200,2
17-02-1998 00:00,4550,2
18-02-1998 00:00,4445,2
19-02-1998 00:00,4375,2
20-02-1998 00:00,4200,2
21-02-1998 00:00,4375,2
22-02-1998 00:00,4375,2
23-02-1998 00:00,4270,2
24-02-1998 00:00,4270,2
25-02-1998 00:00,4375,2
26-02-1998 00:00,4200,2
27-02-1998 00:00,4095,2
28-02-1998 00:00,4095,2
01-03-1998 00:00,4025,2
02-03-1998 00:00,4060,2
03-03-1998 00:00,4200,2
04-03-1998 00:00,4200,2
05-03-1998 00:00,4410,2
06-03-1998 00:00,4375,2
07-03-1998 00:00,4620,2
08-03-1998 00:00,4480,2
09-03-1998 00:00,4410,2
10-03-1998 00:00,4445,2
11-03-1998 00:00,4375,2
12-03-1998 00:00,4375,2
13-03-1998 00:00,4305,2
14-03-1998 00:00,4270,2
15-03-1998 00:00,4340,2
16-03-1998 00:00,2400,2
17-03-1998 00:00,1486,2
18-03-1998 00:00,1474,2
19-03-1998 00:00,1478,2
20-03-1998 00:00,1484,2
21-03-1998 00:00,1490,2
22-03-1998 00:00,1514,2
23-03-1998 00:00,1519,2
24-03-1998 00:00,1518,2
25-03-1998 00:00,1507,2
26-03-1998 00:00,1495,2
27-03-1998 00:00,1462,2
28-03-1998 00:00,1508,2
29-03-1998 00:00,1510,2
30-03-1998 00:00,1509,2
31-03-1998 00:00,1499,2
01-04-1998 00:00,945,2
02-04-1998 00:00,625,2
03-04-1998 00:00,626,2
04-04-1998 00:00,611,2
05-04-1998 00:00,635,2
06-04-1998 00:00,983,2
07-04-1998 00:00,1572,2
08-04-1998 00:00,1580,2
09-04-1998 00:00,1587,2
10-04-1998 00:00,1590,2
11-04-1998 00:00,1576,2
12-04-1998 00:00,1567,2
13-04-1998 00:00,1566,2
14-04-1998 00:00,1793,2
15-04-1998 00:00,1940,2
16-04-1998 00:00,1926,2
17-04-1998 00:00,1941,2
18-04-1998 00:00,1932,2
19-04-1998 00:00,1935,2
20-04-1998 00:00,1924,2
21-04-1998 00:00,2168,2
22-04-1998 00:00,2147,2
23-04-1998 00:00,2139,2
24-04-1998 00:00,2144,2
25-04-1998 00:00,2107,2
26-04-1998 00:00,2096,2
27-04-1998 00:00,2126,2
28-04-1998 00:00,2133,2
29-04-1998 00:00,2117,2
30-04-1998 00:00,2124,2
01-05-1998 00:00,2108,2
02-05-1998 00:00,2088,2
03-05-1998 00:00,2080,2
04-05-1998 00:00,2036,2
05-05-1998 00:00,1996,2
06-05-1998 00:00,1992,2
07-05-1998 00:00,1962,2
08-05-1998 00:00,1963,2
09-05-1998 00:00,1949,2
10-05-1998 00:00,1953,2
11-05-1998 00:00,1262,2
12-05-1998 00:00,649,2
13-05-1998 00:00,639,2
14-05-1998 00:00,633,2
15-05-1998 00:00,616,2
16-05-1998 00:00,628,2
17-05-1998 00:00,626,2
18-05-1998 00:00,634,2
19-05-1998 00:00,573,2
20-05-1998 00:00,536,2
21-05-1998 00:00,533,2
22-05-1998 00:00,526,2
23-05-1998 00:00,522,2
24-05-1998 00:00,516,2
25-05-1998 00:00,509,2
26-05-1998 00:00,511,2
27-05-1998 00:00,515,2
28-05-1998 00:00,524,2
29-05-1998 00:00,520,2
30-05-1998 00:00,520,2
31-05-1998 00:00,515,2
01-06-1998 00:00,518,2
02-06-1998 00:00,531,2
03-06-1998 00:00,533,2
04-06-1998 00:00,521,2
05-06-1998 00:00,515,2
06-06-1998 00:00,515,2
07-06-1998 00:00,510,2
08-06-1998 00:00,501,2
09-06-1998 00:00,509,2
10-06-1998 00:00,506,2
11-06-1998 00:00,507,2
12-06-1998 00:00,505,2
13-06-1998 00:00,498,2
14-06-1998 00:00,507,2
15-06-1998 00:00,469,2
16-06-1998 00:00,386,2
17-06-1998 00:00,367,2
18-06-1998 00:00,377,2
19-06-1998 00:00,363,2
20-06-1998 00:00,362,2
21-06-1998 00:00,378,2
22-06-1998 00:00,377,2
23-06-1998 00:00,469,2
24-06-1998 00:00,562,2
25-06-1998 00:00,550,2
26-06-1998 00:00,548,2
27-06-1998 00:00,554,2
28-06-1998 00:00,542,2
29-06-1998 00:00,546,2
30-06-1998 00:00,557,2
01-07-1998 00:00,542,2
02-07-1998 00:00,557,2
03-07-1998 00:00,557,2
04-07-1998 00:00,550,2
05-07-1998 00:00,542,2
06-07-1998 00:00,521,2
07-07-1998 00:00,490,2
08-07-1998 00:00,576,2
09-07-1998 00:00,492,2
10-07-1998 00:00,505,2
11-07-1998 00:00,505,2
12-07-1998 00:00,505,2
13-07-1998 00:00,893,2
14-07-1998 00:00,1125,2
15-07-1998 00:00,1132,2
16-07-1998 00:00,1128,2
17-07-1998 00:00,1157,2
18-07-1998 00:00,1159,2
19-07-1998 00:00,1165,2
20-07-1998 00:00,1187,2
21-07-1998 00:00,1179,2
22-07-1998 00:00,1183,2
23-07-1998 00:00,1210,2
24-07-1998 00:00,1206,2
25-07-1998 00:00,1174,2
26-07-1998 00:00,1162,2
27-07-1998 00:00,1171,2
28-07-1998 00:00,1159,2
29-07-1998 00:00,1169,2
30-07-1998 00:00,1146,2
31-07-1998 00:00,1135,2
01-08-1998 00:00,1148,2
02-08-1998 00:00,1163,2
03-08-1998 00:00,1177,2
04-08-1998 00:00,1159,2
05-08-1998 00:00,1133,2
06-08-1998 00:00,1146,2
07-08-1998 00:00,1169,2
08-08-1998 00:00,1161,2
09-08-1998 00:00,1199,2
10-08-1998 00:00,1206,2
11-08-1998 00:00,1206,2
12-08-1998 00:00,1235,2
13-08-1998 00:00,1194,2
14-08-1998 00:00,1216,2
15-08-1998 00:00,1206,2
16-08-1998 00:00,1204,2
17-08-1998 00:00,1523,2
18-08-1998 00:00,1721,2
19-08-1998 00:00,1894,2
20-08-1998 00:00,1591,2
21-08-1998 00:00,1800,2
22-08-1998 00:00,2022,2
23-08-1998 00:00,2053,2
24-08-1998 00:00,1885,2
25-08-1998 00:00,1858,2
26-08-1998 00:00,1967,2
27-08-1998 00:00,1886,2
28-08-1998 00:00,1800,2
29-08-1998 00:00,1808,2
30-08-1998 00:00,1778,2
31-08-1998 00:00,1794,2
01-09-1998 00:00,1799,2
02-09-1998 00:00,1765,2
03-09-1998 00:00,1780,2
04-09-1998 00:00,1768,2
05-09-1998 00:00,1730,2
06-09-1998 00:00,1695,2
07-09-1998 00:00,1629,2
08-09-1998 00:00,1407,2
09-09-1998 00:00,1343,2
10-09-1998 00:00,1338,2
11-09-1998 00:00,1325,2
12-09-1998 00:00,1320,2
13-09-1998 00:00,1346,2
14-09-1998 00:00,1512,2
15-09-1998 00:00,1922,2
16-09-1998 00:00,1706,2
17-09-1998 00:00,1733,2
18-09-1998 00:00,1730,2
19-09-1998 00:00,1727,2
20-09-1998 00:00,1726,2
21-09-1998 00:00,1719,2
22-09-1998 00:00,1722,2
23-09-1998 00:00,1718,2
24-09-1998 00:00,1710,2
25-09-1998 00:00,1699,2
26-09-1998 00:00,1680,2
27-09-1998 00:00,1700,2
28-09-1998 00:00,1661,2
29-09-1998 00:00,1645,2
30-09-1998 00:00,1668,2
01-10-1998 00:00,1666,2
02-10-1998 00:00,1647,2
03-10-1998 00:00,1626,2
04-10-1998 00:00,1608,2
05-10-1998 00:00,1579,2
06-10-1998 00:00,1543,2
07-10-1998 00:00,1225,2
08-10-1998 00:00,1437,2
09-10-1998 00:00,1406,2
10-10-1998 00:00,1407,2
11-10-1998 00:00,1367,2
12-10-1998 00:00,1437,2
13-10-1998 00:00,1473,2
14-10-1998 00:00,1461,2
15-10-1998 00:00,1445,2
16-10-1998 00:00,1465,2
17-10-1998 00:00,1537,2
18-10-1998 00:00,1491,2
19-10-1998 00:00,1584,2
20-10-1998 00:00,1584,2
21-10-1998 00:00,1618,2
22-10-1998 00:00,1634,2
23-10-1998 00:00,1632,2
24-10-1998 00:00,1664,2
25-10-1998 00:00,1682,2
26-10-1998 00:00,1615,2
27-10-1998 00:00,1735,2
28-10-1998 00:00,1990,2
29-10-1998 00:00,3640,2
30-10-1998 00:00,3605,2
31-10-1998 00:00,3850,2
01-11-1998 00:00,3885,2
02-11-1998 00:00,3920,2
03-11-1998 00:00,4095,2
04-11-1998 00:00,4095,2
05-11-1998 00:00,3955,2
06-11-1998 00:00,3850,2
07-11-1998 00:00,3920,2
08-11-1998 00:00,4025,2
09-11-1998 00:00,4130,2
10-11-1998 00:00,3990,2
11-11-1998 00:00,3850,2
12-11-1998 00:00,3955,2
13-11-1998 00:00,3955,2
14-11-1998 00:00,4060,2
15-11-1998 00:00,3955,2
16-11-1998 00:00,3955,2
17-11-1998 00:00,3885,2
18-11-1998 00:00,3885,2
19-11-1998 00:00,3885,2
20-11-1998 00:00,3885,2
21-11-1998 00:00,3850,2
22-11-1998 00:00,3850,2
23-11-1998 00:00,3675,2
24-11-1998 00:00,3675,2
25-11-1998 00:00,3745,2
26-11-1998 00:00,3745,2
27-11-1998 00:00,3710,2
28-11-1998 00:00,3675,2
29-11-1998 00:00,3605,2
30-11-1998 00:00,3605,2
01-12-1998 00:00,3570,2
02-12-1998 00:00,3570,2
03-12-1998 00:00,3535,2
04-12-1998 00:00,3500,2
05-12-1998 00:00,3465,2
06-12-1998 00:00,3465,2
07-12-1998 00:00,1890,2
08-12-1998 00:00,1946,2
09-12-1998 00:00,2099,2
10-12-1998 00:00,3325,2
11-12-1998 00:00,3325,2
12-12-1998 00:00,3290,2
13-12-1998 00:00,3325,2
14-12-1998 00:00,3395,2
15-12-1998 00:00,3500,2
16-12-1998 00:00,3500,2
17-12-1998 00:00,3500,2
18-12-1998 00:00,3500,2
19-12-1998 00:00,3500,2
20-12-1998 00:00,3500,2
21-12-1998 00:00,3500,2
22-12-1998 00:00,3500,2
23-12-1998 00:00,3500,2
24-12-1998 00:00,3500,2
25-12-1998 00:00,3500,2
26-12-1998 00:00,3500,2
27-12-1998 00:00,3605,2
28-12-1998 00:00,3850,2
29-12-1998 00:00,3444,2
30-12-1998 00:00,3780,2
31-12-1998 00:00,3780,2
01-01-1999 00:00,3857,2
02-01-1999 00:00,3855,2
03-01-1999 00:00,3644,2
04-01-1999 00:00,3643,2
05-01-1999 00:00,3537,2
06-01-1999 00:00,3676,2
07-01-1999 00:00,3640,2
08-01-1999 00:00,3848,2
09-01-1999 00:00,3847,2
10-01-1999 00:00,3846,2
11-01-1999 00:00,3845,2
12-01-1999 00:00,3844,2
13-01-1999 00:00,3843,2
14-01-1999 00:00,3841,2
15-01-1999 00:00,3840,2
16-01-1999 00:00,3839,2
17-01-1999 00:00,3838,2
18-01-1999 00:00,3837,2
19-01-1999 00:00,3836,2
20-01-1999 00:00,3834,2
21-01-1999 00:00,3833,2
22-01-1999 00:00,3902,2
23-01-1999 00:00,3901,2
24-01-1999 00:00,3899,2
25-01-1999 00:00,4072,2
26-01-1999 00:00,4036,2
27-01-1999 00:00,3945,2
28-01-1999 00:00,4001,2
29-01-1999 00:00,3784,2
30-01-1999 00:00,2785,2
31-01-1999 00:00,2885,2
01-02-1999 00:00,3447,2
02-02-1999 00:00,3369,2
03-02-1999 00:00,3290,2
04-02-1999 00:00,3066,2
05-02-1999 00:00,2934,2
06-02-1999 00:00,3082,2
07-02-1999 00:00,2976,2
08-02-1999 00:00,2420,2
09-02-1999 00:00,2255,2
10-02-1999 00:00,2264,2
11-02-1999 00:00,2247,2
12-02-1999 00:00,2213,2
13-02-1999 00:00,2204,2
14-02-1999 00:00,2178,2
15-02-1999 00:00,2204,2
16-02-1999 00:00,2929,2
17-02-1999 00:00,2759,2
18-02-1999 00:00,2738,2
19-02-1999 00:00,2742,2
20-02-1999 00:00,2746,2
21-02-1999 00:00,2750,2
22-02-1999 00:00,2753,2
23-02-1999 00:00,2807,2
24-02-1999 00:00,2761,2
25-02-1999 00:00,2765,2
26-02-1999 00:00,2769,2
27-02-1999 00:00,2798,2
28-02-1999 00:00,2827,2
01-03-1999 00:00,2805,2
02-03-1999 00:00,2784,2
03-03-1999 00:00,2915,2
04-03-1999 00:00,2995,2
05-03-1999 00:00,2999,2
06-03-1999 00:00,3003,2
07-03-1999 00:00,3058,2
08-03-1999 00:00,3190,2
09-03-1999 00:00,3271,2
10-03-1999 00:00,3326,2
11-03-1999 00:00,3382,2
12-03-1999 00:00,3336,2
13-03-1999 00:00,3443,2
14-03-1999 00:00,3345,2
15-03-1999 00:00,3298,2
16-03-1999 00:00,3302,2
17-03-1999 00:00,3307,2
18-03-1999 00:00,3311,2
19-03-1999 00:00,3264,2
20-03-1999 00:00,3242,2
21-03-1999 00:00,3246,2
22-03-1999 00:00,3251,2
23-03-1999 00:00,3255,2
24-03-1999 00:00,3260,2
25-03-1999 00:00,3264,2
26-03-1999 00:00,3268,2
27-03-1999 00:00,3142,2
28-03-1999 00:00,3146,2
29-03-1999 00:00,2546,2
30-03-1999 00:00,2313,2
31-03-1999 00:00,2297,2
01-04-1999 00:00,2288,2
02-04-1999 00:00,2280,2
03-04-1999 00:00,2280,2
04-04-1999 00:00,2264,2
05-04-1999 00:00,2264,2
06-04-1999 00:00,2230,2
07-04-1999 00:00,2178,2
08-04-1999 00:00,2204,2
09-04-1999 00:00,2152,2
10-04-1999 00:00,2152,2
11-04-1999 00:00,2107,2
12-04-1999 00:00,2213,2
13-04-1999 00:00,2272,2
14-04-1999 00:00,2238,2
15-04-1999 00:00,2238,2
16-04-1999 00:00,2272,2
17-04-1999 00:00,2247,2
18-04-1999 00:00,2071,2
19-04-1999 00:00,2152,2
20-04-1999 00:00,2221,2
21-04-1999 00:00,2238,2
22-04-1999 00:00,2221,2
23-04-1999 00:00,2247,2
24-04-1999 00:00,2238,2
25-04-1999 00:00,2247,2
26-04-1999 00:00,2238,2
27-04-1999 00:00,2230,2
28-04-1999 00:00,2187,2
29-04-1999 00:00,2280,2
30-04-1999 00:00,2062,2
01-05-1999 00:00,2098,2
02-05-1999 00:00,2107,2
03-05-1999 00:00,2089,2
04-05-1999 00:00,2080,2
05-05-1999 00:00,2107,2
06-05-1999 00:00,1301,2
07-05-1999 00:00,697,2
08-05-1999 00:00,672,2
09-05-1999 00:00,647,2
10-05-1999 00:00,649,2
11-05-1999 00:00,644,2
12-05-1999 00:00,668,2
13-05-1999 00:00,666,2
14-05-1999 00:00,668,2
15-05-1999 00:00,666,2
16-05-1999 00:00,672,2
17-05-1999 00:00,642,2
18-05-1999 00:00,602,2
19-05-1999 00:00,620,2
20-05-1999 00:00,639,2
21-05-1999 00:00,625,2
22-05-1999 00:00,597,2
23-05-1999 00:00,592,2
24-05-1999 00:00,559,2
25-05-1999 00:00,573,2
26-05-1999 00:00,592,2
27-05-1999 00:00,586,2
28-05-1999 00:00,586,2
29-05-1999 00:00,581,2
30-05-1999 00:00,586,2
31-05-1999 00:00,565,2
01-06-1999 00:00,559,2
02-06-1999 00:00,559,2
03-06-1999 00:00,551,2
04-06-1999 00:00,570,2
05-06-1999 00:00,559,2
06-06-1999 00:00,551,2
07-06-1999 00:00,534,2
08-06-1999 00:00,581,2
09-06-1999 00:00,607,2
10-06-1999 00:00,615,2
11-06-1999 00:00,622,2
12-06-1999 00:00,832,2
13-06-1999 00:00,850,2
14-06-1999 00:00,644,2
15-06-1999 00:00,661,2
16-06-1999 00:00,654,2
17-06-1999 00:00,659,2
18-06-1999 00:00,668,2
19-06-1999 00:00,691,2
20-06-1999 00:00,693,2
21-06-1999 00:00,666,2
22-06-1999 00:00,668,2
23-06-1999 00:00,686,2
24-06-1999 00:00,686,2
25-06-1999 00:00,695,2
26-06-1999 00:00,677,2
27-06-1999 00:00,706,2
28-06-1999 00:00,708,2
29-06-1999 00:00,713,2
30-06-1999 00:00,706,2
01-07-1999 00:00,713,2
02-07-1999 00:00,730,2
03-07-1999 00:00,697,2
04-07-1999 00:00,717,2
05-07-1999 00:00,719,2
06-07-1999 00:00,715,2
07-07-1999 00:00,715,2
08-07-1999 00:00,691,2
09-07-1999 00:00,699,2
10-07-1999 00:00,730,2
11-07-1999 00:00,702,2
12-07-1999 00:00,675,2
13-07-1999 00:00,691,2
14-07-1999 00:00,715,2
15-07-1999 00:00,738,2
16-07-1999 00:00,717,2
17-07-1999 00:00,710,2
18-07-1999 00:00,717,2
19-07-1999 00:00,710,2
20-07-1999 00:00,704,2
21-07-1999 00:00,699,2
22-07-1999 00:00,713,2
23-07-1999 00:00,721,2
24-07-1999 00:00,715,2
25-07-1999 00:00,710,2
26-07-1999 00:00,612,2
27-07-1999 00:00,695,2
28-07-1999 00:00,736,2
29-07-1999 00:00,732,2
30-07-1999 00:00,736,2
31-07-1999 00:00,742,2
01-08-1999 00:00,740,2
02-08-1999 00:00,708,2
03-08-1999 00:00,697,2
04-08-1999 00:00,682,2
05-08-1999 00:00,682,2
06-08-1999 00:00,704,2
07-08-1999 00:00,734,2
08-08-1999 00:00,736,2
09-08-1999 00:00,727,2
10-08-1999 00:00,736,2
11-08-1999 00:00,723,2
12-08-1999 00:00,723,2
13-08-1999 00:00,723,2
14-08-1999 00:00,725,2
15-08-1999 00:00,713,2
16-08-1999 00:00,688,2
17-08-1999 00:00,672,2
18-08-1999 00:00,727,2
19-08-1999 00:00,675,2
20-08-1999 00:00,693,2
21-08-1999 00:00,686,2
22-08-1999 00:00,688,2
23-08-1999 00:00,691,2
24-08-1999 00:00,697,2
25-08-1999 00:00,695,2
26-08-1999 00:00,688,2
27-08-1999 00:00,691,2
28-08-1999 00:00,686,2
29-08-1999 00:00,688,2
30-08-1999 00:00,684,2
31-08-1999 00:00,691,2
01-09-1999 00:00,688,2
02-09-1999 00:00,688,2
03-09-1999 00:00,684,2
04-09-1999 00:00,682,2
05-09-1999 00:00,666,2
06-09-1999 00:00,654,2
07-09-1999 00:00,672,2
08-09-1999 00:00,691,2
09-09-1999 00:00,695,2
10-09-1999 00:00,699,2
11-09-1999 00:00,695,2
12-09-1999 00:00,704,2
13-09-1999 00:00,704,2
14-09-1999 00:00,695,2
15-09-1999 00:00,682,2
16-09-1999 00:00,684,2
17-09-1999 00:00,679,2
18-09-1999 00:00,688,2
19-09-1999 00:00,699,2
20-09-1999 00:00,702,2
21-09-1999 00:00,679,2
22-09-1999 00:00,672,2
23-09-1999 00:00,670,2
24-09-1999 00:00,675,2
25-09-1999 00:00,672,2
26-09-1999 00:00,695,2
27-09-1999 00:00,677,2
28-09-1999 00:00,663,2
29-09-1999 00:00,682,2
30-09-1999 00:00,708,2
01-10-1999 00:00,713,2
02-10-1999 00:00,710,2
03-10-1999 00:00,730,2
04-10-1999 00:00,1301,2
05-10-1999 00:00,1591,2
06-10-1999 00:00,1577,2
07-10-1999 00:00,1586,2
08-10-1999 00:00,1577,2
09-10-1999 00:00,1563,2
10-10-1999 00:00,1568,2
11-10-1999 00:00,1499,2
12-10-1999 00:00,1469,2
13-10-1999 00:00,1464,2
14-10-1999 00:00,1499,2
15-10-1999 00:00,1459,2
16-10-1999 00:00,1412,2
17-10-1999 00:00,1330,2
18-10-1999 00:00,1358,2
19-10-1999 00:00,1407,2
20-10-1999 00:00,1402,2
21-10-1999 00:00,1407,2
22-10-1999 00:00,1391,2
23-10-1999 00:00,1385,2
24-10-1999 00:00,1412,2
25-10-1999 00:00,1385,2
26-10-1999 00:00,1353,2
27-10-1999 00:00,1347,2
28-10-1999 00:00,1347,2
29-10-1999 00:00,1353,2
30-10-1999 00:00,1369,2
31-10-1999 00:00,1330,2
01-11-1999 00:00,1380,2
02-11-1999 00:00,1369,2
03-11-1999 00:00,1369,2
04-11-1999 00:00,1385,2
05-11-1999 00:00,1391,2
06-11-1999 00:00,1364,2
07-11-1999 00:00,1364,2
08-11-1999 00:00,1364,2
09-11-1999 00:00,1358,2
10-11-1999 00:00,1353,2
11-11-1999 00:00,1347,2
12-11-1999 00:00,1341,2
13-11-1999 00:00,1336,2
14-11-1999 00:00,1347,2
15-11-1999 00:00,1325,2
16-11-1999 00:00,1307,2
17-11-1999 00:00,1302,2
18-11-1999 00:00,1313,2
19-11-1999 00:00,1330,2
20-11-1999 00:00,1302,2
21-11-1999 00:00,1278,2
22-11-1999 00:00,1290,2
23-11-1999 00:00,1272,2
24-11-1999 00:00,1267,2
25-11-1999 00:00,1261,2
26-11-1999 00:00,1272,2
27-11-1999 00:00,1278,2
28-11-1999 00:00,1272,2
29-11-1999 00:00,889,2
30-11-1999 00:00,542,2
02-12-1999 00:00,542,2
03-12-1999 00:00,497,2
04-12-1999 00:00,461,2
05-12-1999 00:00,437,2
06-12-1999 00:00,447,2
07-12-1999 00:00,497,2
08-12-1999 00:00,531,2
09-12-1999 00:00,536,2
10-12-1999 00:00,570,2
11-12-1999 00:00,589,2
12-12-1999 00:00,581,2
13-12-1999 00:00,923,2
14-12-1999 00:00,1412,2
15-12-1999 00:00,1438,2
16-12-1999 00:00,1423,2
17-12-1999 00:00,1402,2
18-12-1999 00:00,1364,2
19-12-1999 00:00,1407,2
20-12-1999 00:00,1407,2
21-12-1999 00:00,1391,2
22-12-1999 00:00,1428,2
23-12-1999 00:00,1423,2
24-12-1999 00:00,1444,2
25-12-1999 00:00,1464,2
26-12-1999 00:00,1495,2
27-12-1999 00:00,2527,2
28-12-1999 00:00,3510,2
29-12-1999 00:00,3517,2
30-12-1999 00:00,3553,2
31-12-1999 00:00,3560,2
01-01-2000 00:00,3566,2
02-01-2000 00:00,3647,2
03-01-2000 00:00,3647,2
04-01-2000 00:00,3647,2
05-01-2000 00:00,3742,2
06-01-2000 00:00,3742,2
07-01-2000 00:00,3742,2
08-01-2000 00:00,3742,2
09-01-2000 00:00,3742,2
10-01-2000 00:00,3805,2
11-01-2000 00:00,3805,2
12-01-2000 00:00,3805,2
13-01-2000 00:00,3773,2
14-01-2000 00:00,3773,2
15-01-2000 00:00,3742,2
16-01-2000 00:00,3647,2
17-01-2000 00:00,3488,2
18-01-2000 00:00,3551,2
19-01-2000 00:00,3647,2
20-01-2000 00:00,3647,2
21-01-2000 00:00,3647,2
22-01-2000 00:00,3615,2
23-01-2000 00:00,3583,2
24-01-2000 00:00,3488,2
25-01-2000 00:00,3488,2
26-01-2000 00:00,3488,2
27-01-2000 00:00,3488,2
28-01-2000 00:00,3456,2
29-01-2000 00:00,3425,2
30-01-2000 00:00,3171,2
31-01-2000 00:00,3425,2
01-02-2000 00:00,3488,2
02-02-2000 00:00,3425,2
03-02-2000 00:00,3551,2
04-02-2000 00:00,3551,2
05-02-2000 00:00,3551,2
06-02-2000 00:00,3647,2
07-02-2000 00:00,3647,2
08-02-2000 00:00,3551,2
09-02-2000 00:00,3551,2
10-02-2000 00:00,3551,2
11-02-2000 00:00,3488,2
12-02-2000 00:00,3551,2
13-02-2000 00:00,3488,2
14-02-2000 00:00,3488,2
15-02-2000 00:00,3488,2
16-02-2000 00:00,3551,2
17-02-2000 00:00,3551,2
18-02-2000 00:00,3551,2
19-02-2000 00:00,3551,2
20-02-2000 00:00,3551,2
21-02-2000 00:00,1431,2
22-02-2000 00:00,464,2
23-02-2000 00:00,553,2
24-02-2000 00:00,572,2
25-02-2000 00:00,580,2
26-02-2000 00:00,612,2
27-02-2000 00:00,631,2
28-02-2000 00:00,594,2
29-02-2000 00:00,583,2
01-03-2000 00:00,565,2
02-03-2000 00:00,567,2
03-03-2000 00:00,558,2
04-03-2000 00:00,567,2
05-03-2000 00:00,568,2
06-03-2000 00:00,550,2
07-03-2000 00:00,568,2
08-03-2000 00:00,573,2
09-03-2000 00:00,588,2
10-03-2000 00:00,592,2
11-03-2000 00:00,597,2
12-03-2000 00:00,600,2
13-03-2000 00:00,673,2
14-03-2000 00:00,718,2
15-03-2000 00:00,1825,2
16-03-2000 00:00,2481,2
17-03-2000 00:00,2468,2
18-03-2000 00:00,2465,2
19-03-2000 00:00,2441,2
20-03-2000 00:00,2426,2
21-03-2000 00:00,2443,2
22-03-2000 00:00,2425,2
23-03-2000 00:00,2433,2
24-03-2000 00:00,2442,2
25-03-2000 00:00,2441,2
26-03-2000 00:00,2447,2
27-03-2000 00:00,3184,2
28-03-2000 00:00,3658,2
29-03-2000 00:00,3603,2
30-03-2000 00:00,3621,2
31-03-2000 00:00,3639,2
01-04-2000 00:00,3582,2
02-04-2000 00:00,3600,2
03-04-2000 00:00,3771,2
04-04-2000 00:00,3636,2
05-04-2000 00:00,3654,2
06-04-2000 00:00,3672,2
07-04-2000 00:00,3638,2
08-04-2000 00:00,3656,2
09-04-2000 00:00,3674,2
10-04-2000 00:00,3691,2
11-04-2000 00:00,3577,2
12-04-2000 00:00,3594,2
13-04-2000 00:00,3531,2
14-04-2000 00:00,3548,2
15-04-2000 00:00,3564,2
16-04-2000 00:00,3662,2
17-04-2000 00:00,3679,2
18-04-2000 00:00,3697,2
19-04-2000 00:00,3631,2
20-04-2000 00:00,3648,2
21-04-2000 00:00,3748,2
22-04-2000 00:00,3681,2
23-04-2000 00:00,3698,2
24-04-2000 00:00,3659,2
25-04-2000 00:00,3675,2
26-04-2000 00:00,3692,2
27-04-2000 00:00,3708,2
28-04-2000 00:00,3725,2
29-04-2000 00:00,3741,2
30-04-2000 00:00,3671,2
01-05-2000 00:00,1709,2
02-05-2000 00:00,925,2
03-05-2000 00:00,928,2
04-05-2000 00:00,892,2
05-05-2000 00:00,881,2
06-05-2000 00:00,830,2
07-05-2000 00:00,792,2
08-05-2000 00:00,775,2
09-05-2000 00:00,689,2
10-05-2000 00:00,649,2
11-05-2000 00:00,629,2
12-05-2000 00:00,618,2
13-05-2000 00:00,598,2
14-05-2000 00:00,581,2
15-05-2000 00:00,566,2
16-05-2000 00:00,567,2
17-05-2000 00:00,672,2
18-05-2000 00:00,689,2
19-05-2000 00:00,626,2
20-05-2000 00:00,625,2
21-05-2000 00:00,623,2
22-05-2000 00:00,604,2
23-05-2000 00:00,595,2
24-05-2000 00:00,602,2
25-05-2000 00:00,586,2
26-05-2000 00:00,577,2
27-05-2000 00:00,571,2
28-05-2000 00:00,579,2
29-05-2000 00:00,564,2
30-05-2000 00:00,593,2
31-05-2000 00:00,657,2
01-06-2000 00:00,643,2
02-06-2000 00:00,631,2
03-06-2000 00:00,642,2
04-06-2000 00:00,641,2
05-06-2000 00:00,651,2
06-06-2000 00:00,655,2
07-06-2000 00:00,642,2
08-06-2000 00:00,651,2
09-06-2000 00:00,659,2
10-06-2000 00:00,659,2
11-06-2000 00:00,659,2
12-06-2000 00:00,645,2
13-06-2000 00:00,627,2
14-06-2000 00:00,612,2
15-06-2000 00:00,600,2
16-06-2000 00:00,593,2
17-06-2000 00:00,593,2
18-06-2000 00:00,590,2
19-06-2000 00:00,586,2
20-06-2000 00:00,594,2
21-06-2000 00:00,597,2
22-06-2000 00:00,598,2
23-06-2000 00:00,593,2
24-06-2000 00:00,602,2
25-06-2000 00:00,599,2
26-06-2000 00:00,587,2
27-06-2000 00:00,603,2
28-06-2000 00:00,606,2
29-06-2000 00:00,598,2
30-06-2000 00:00,606,2
01-07-2000 00:00,613,2
02-07-2000 00:00,630,2
03-07-2000 00:00,642,2
04-07-2000 00:00,652,2
05-07-2000 00:00,649,2
06-07-2000 00:00,636,2
07-07-2000 00:00,676,2
08-07-2000 00:00,727,2
09-07-2000 00:00,715,2
10-07-2000 00:00,693,2
11-07-2000 00:00,691,2
12-07-2000 00:00,686,2
13-07-2000 00:00,677,2
14-07-2000 00:00,679,2
15-07-2000 00:00,696,2
16-07-2000 00:00,701,2
17-07-2000 00:00,663,2
18-07-2000 00:00,641,2
19-07-2000 00:00,634,2
20-07-2000 00:00,632,2
21-07-2000 00:00,635,2
22-07-2000 00:00,633,2
23-07-2000 00:00,633,2
24-07-2000 00:00,640,2
25-07-2000 00:00,651,2
26-07-2000 00:00,660,2
27-07-2000 00:00,676,2
28-07-2000 00:00,905,2
29-07-2000 00:00,992,2
30-07-2000 00:00,930,2
31-07-2000 00:00,930,2
01-08-2000 00:00,868,2
02-08-2000 00:00,868,2
03-08-2000 00:00,868,2
04-08-2000 00:00,775,2
05-08-2000 00:00,775,2
06-08-2000 00:00,775,2
07-08-2000 00:00,775,2
08-08-2000 00:00,775,2
09-08-2000 00:00,775,2
10-08-2000 00:00,775,2
11-08-2000 00:00,775,2
12-08-2000 00:00,775,2
13-08-2000 00:00,775,2
14-08-2000 00:00,775,2
15-08-2000 00:00,775,2
16-08-2000 00:00,775,2
17-08-2000 00:00,775,2
18-08-2000 00:00,775,2
19-08-2000 00:00,775,2
20-08-2000 00:00,775,2
21-08-2000 00:00,775,2
22-08-2000 00:00,682,2
23-08-2000 00:00,682,2
24-08-2000 00:00,620,2
25-08-2000 00:00,620,2
26-08-2000 00:00,620,2
27-08-2000 00:00,682,2
28-08-2000 00:00,775,2
29-08-2000 00:00,775,2
30-08-2000 00:00,775,2
31-08-2000 00:00,775,2
01-09-2000 00:00,775,2
02-09-2000 00:00,868,2
03-09-2000 00:00,868,2
04-09-2000 00:00,868,2
05-09-2000 00:00,1085,2
06-09-2000 00:00,1550,2
07-09-2000 00:00,1550,2
08-09-2000 00:00,1550,2
09-09-2000 00:00,1550,2
10-09-2000 00:00,1550,2
11-09-2000 00:00,992,2
12-09-2000 00:00,992,2
13-09-2000 00:00,992,2
14-09-2000 00:00,868,2
15-09-2000 00:00,868,2
16-09-2000 00:00,868,2
17-09-2000 00:00,992,2
18-09-2000 00:00,992,2
19-09-2000 00:00,992,2
20-09-2000 00:00,868,2
21-09-2000 00:00,868,2
22-09-2000 00:00,868,2
23-09-2000 00:00,868,2
24-09-2000 00:00,868,2
25-09-2000 00:00,868,2
26-09-2000 00:00,775,2
27-09-2000 00:00,775,2
28-09-2000 00:00,775,2
29-09-2000 00:00,775,2
30-09-2000 00:00,682,2
01-10-2000 00:00,682,2
02-10-2000 00:00,682,2
03-10-2000 00:00,682,2
04-10-2000 00:00,682,2
05-10-2000 00:00,682,2
06-10-2000 00:00,682,2
07-10-2000 00:00,682,2
08-10-2000 00:00,682,2
09-10-2000 00:00,682,2
10-10-2000 00:00,682,2
11-10-2000 00:00,682,2
12-10-2000 00:00,682,2
13-10-2000 00:00,682,2
14-10-2000 00:00,682,2
15-10-2000 00:00,682,2
16-10-2000 00:00,682,2
17-10-2000 00:00,698,2
18-10-2000 00:00,680,2
19-10-2000 00:00,677,2
20-10-2000 00:00,672,2
21-10-2000 00:00,679,2
22-10-2000 00:00,666,2
23-10-2000 00:00,669,2
24-10-2000 00:00,650,2
25-10-2000 00:00,649,2
26-10-2000 00:00,657,2
27-10-2000 00:00,650,2
28-10-2000 00:00,645,2
29-10-2000 00:00,644,2
30-10-2000 00:00,619,2
31-10-2000 00:00,606,2
01-11-2000 00:00,615,2
02-11-2000 00:00,615,2
03-11-2000 00:00,613,2
04-11-2000 00:00,619,2
05-11-2000 00:00,593,2
06-11-2000 00:00,609,2
07-11-2000 00:00,622,2
08-11-2000 00:00,625,2
09-11-2000 00:00,621,2
10-11-2000 00:00,614,2
11-11-2000 00:00,615,2
12-11-2000 00:00,625,2
13-11-2000 00:00,628,2
14-11-2000 00:00,642,2
15-11-2000 00:00,651,2
16-11-2000 00:00,643,2
17-11-2000 00:00,634,2
18-11-2000 00:00,638,2
19-11-2000 00:00,644,2
20-11-2000 00:00,650,2
21-11-2000 00:00,649,2
22-11-2000 00:00,652,2
23-11-2000 00:00,652,2
24-11-2000 00:00,658,2
25-11-2000 00:00,656,2
26-11-2000 00:00,657,2
27-11-2000 00:00,663,2
28-11-2000 00:00,674,2
29-11-2000 00:00,672,2
30-11-2000 00:00,672,2
01-12-2000 00:00,672,2
02-12-2000 00:00,669,2
03-12-2000 00:00,673,2
04-12-2000 00:00,1634,2
05-12-2000 00:00,2096,2
06-12-2000 00:00,2087,2
07-12-2000 00:00,2072,2
08-12-2000 00:00,2088,2
09-12-2000 00:00,2043,2
10-12-2000 00:00,2058,2
11-12-2000 00:00,1989,2
12-12-2000 00:00,2002,2
13-12-2000 00:00,1966,2
14-12-2000 00:00,1986,2
15-12-2000 00:00,2034,2
16-12-2000 00:00,2074,2
17-12-2000 00:00,2150,2
18-12-2000 00:00,2164,2
19-12-2000 00:00,2149,2
20-12-2000 00:00,2148,2
21-12-2000 00:00,2155,2
22-12-2000 00:00,2127,2
23-12-2000 00:00,2126,2
24-12-2000 00:00,2116,2
25-12-2000 00:00,2068,2
26-12-2000 00:00,2050,2
27-12-2000 00:00,2062,2
28-12-2000 00:00,2076,2
29-12-2000 00:00,2105,2
30-12-2000 00:00,2105,2
31-12-2000 00:00,2064,2
01-01-2001 00:00,2054,2
02-01-2001 00:00,2036,2
03-01-2001 00:00,2053,2
04-01-2001 00:00,2074,2
05-01-2001 00:00,2100,2
06-01-2001 00:00,2104,2
07-01-2001 00:00,2099,2
08-01-2001 00:00,2067,2
09-01-2001 00:00,2047,2
10-01-2001 00:00,2064,2
11-01-2001 00:00,2066,2
12-01-2001 00:00,2069,2
13-01-2001 00:00,2084,2
14-01-2001 00:00,2090,2
15-01-2001 00:00,2057,2
16-01-2001 00:00,2045,2
17-01-2001 00:00,2035,2
18-01-2001 00:00,2049,2
19-01-2001 00:00,2058,2
20-01-2001 00:00,2092,2
21-01-2001 00:00,2095,2
22-01-2001 00:00,2072,2
23-01-2001 00:00,2030,2
24-01-2001 00:00,2019,2
25-01-2001 00:00,2022,2
26-01-2001 00:00,2045,2
27-01-2001 00:00,2083,2
28-01-2001 00:00,2119,2
29-01-2001 00:00,2105,2
30-01-2001 00:00,2070,2
31-01-2001 00:00,2067,2
01-02-2001 00:00,2041,2
02-02-2001 00:00,1162,2
03-02-2001 00:00,631,2
04-02-2001 00:00,622,2
05-02-2001 00:00,620,2
06-02-2001 00:00,601,2
07-02-2001 00:00,1611,2
08-02-2001 00:00,1703,2
09-02-2001 00:00,1504,2
10-02-2001 00:00,1483,2
11-02-2001 00:00,1583,2
12-02-2001 00:00,1653,2
13-02-2001 00:00,2133,2
14-02-2001 00:00,2345,2
15-02-2001 00:00,2345,2
16-02-2001 00:00,2403,2
17-02-2001 00:00,2403,2
18-02-2001 00:00,2306,2
19-02-2001 00:00,2306,2
20-02-2001 00:00,2345,2
21-02-2001 00:00,2172,2
22-02-2001 00:00,2210,2
23-02-2001 00:00,483,2
24-02-2001 00:00,479,2
25-02-2001 00:00,480,2
26-02-2001 00:00,491,2
27-02-2001 00:00,516,2
28-02-2001 00:00,520,2
01-03-2001 00:00,515,2
02-03-2001 00:00,583,2
03-03-2001 00:00,685,2
04-03-2001 00:00,705,2
05-03-2001 00:00,699,2
06-03-2001 00:00,711,2
07-03-2001 00:00,702,2
08-03-2001 00:00,698,2
09-03-2001 00:00,1404,2
10-03-2001 00:00,1881,2
11-03-2001 00:00,1866,2
12-03-2001 00:00,1915,2
13-03-2001 00:00,1976,2
14-03-2001 00:00,2005,2
15-03-2001 00:00,2023,2
16-03-2001 00:00,2026,2
17-03-2001 00:00,2049,2
18-03-2001 00:00,2087,2
19-03-2001 00:00,2099,2
20-03-2001 00:00,2038,2
21-03-2001 00:00,2018,2
22-03-2001 00:00,2006,2
23-03-2001 00:00,1999,2
24-03-2001 00:00,1982,2
25-03-2001 00:00,1919,2
26-03-2001 00:00,1857,2
27-03-2001 00:00,1874,2
28-03-2001 00:00,1139,2
29-03-2001 00:00,616,2
30-03-2001 00:00,538,2
31-03-2001 00:00,539,2
01-04-2001 00:00,576,2
02-04-2001 00:00,562,2
03-04-2001 00:00,568,2
04-04-2001 00:00,592,2
05-04-2001 00:00,591,2
06-04-2001 00:00,593,2
07-04-2001 00:00,574,2
08-04-2001 00:00,587,2
09-04-2001 00:00,599,2
10-04-2001 00:00,618,2
11-04-2001 00:00,628,2
12-04-2001 00:00,608,2
13-04-2001 00:00,572,2
14-04-2001 00:00,570,2
15-04-2001 00:00,560,2
16-04-2001 00:00,520,2
17-04-2001 00:00,514,2
18-04-2001 00:00,501,2
19-04-2001 00:00,515,2
20-04-2001 00:00,524,2
21-04-2001 00:00,519,2
22-04-2001 00:00,531,2
23-04-2001 00:00,534,2
24-04-2001 00:00,1102,2
25-04-2001 00:00,1287,2
26-04-2001 00:00,1292,2
27-04-2001 00:00,1313,2
28-04-2001 00:00,1323,2
29-04-2001 00:00,1335,2
30-04-2001 00:00,1350,2
01-05-2001 00:00,1342,2
02-05-2001 00:00,1345,2
03-05-2001 00:00,1356,2
04-05-2001 00:00,1355,2
05-05-2001 00:00,1357,2
06-05-2001 00:00,1357,2
07-05-2001 00:00,1349,2
08-05-2001 00:00,1339,2
09-05-2001 00:00,1327,2
10-05-2001 00:00,1323,2
11-05-2001 00:00,1318,2
12-05-2001 00:00,1312,2
13-05-2001 00:00,1302,2
14-05-2001 00:00,1308,2
15-05-2001 00:00,1315,2
16-05-2001 00:00,1317,2
17-05-2001 00:00,1314,2
18-05-2001 00:00,1302,2
19-05-2001 00:00,1314,2
20-05-2001 00:00,1345,2
21-05-2001 00:00,1300,2
22-05-2001 00:00,1306,2
23-05-2001 00:00,1242,2
24-05-2001 00:00,1158,2
25-05-2001 00:00,1303,2
26-05-2001 00:00,1304,2
27-05-2001 00:00,1297,2
28-05-2001 00:00,905,2
29-05-2001 00:00,644,2
30-05-2001 00:00,639,2
31-05-2001 00:00,629,2
01-06-2001 00:00,641,2
02-06-2001 00:00,624,2
03-06-2001 00:00,617,2
04-06-2001 00:00,575,2
05-06-2001 00:00,583,2
06-06-2001 00:00,596,2
07-06-2001 00:00,588,2
08-06-2001 00:00,592,2
09-06-2001 00:00,610,2
10-06-2001 00:00,632,2
11-06-2001 00:00,615,2
12-06-2001 00:00,621,2
13-06-2001 00:00,608,2
14-06-2001 00:00,574,2
15-06-2001 00:00,590,2
16-06-2001 00:00,607,2
17-06-2001 00:00,605,2
18-06-2001 00:00,604,2
19-06-2001 00:00,612,2
20-06-2001 00:00,609,2
21-06-2001 00:00,613,2
22-06-2001 00:00,634,2
23-06-2001 00:00,634,2
24-06-2001 00:00,573,2
25-06-2001 00:00,576,2
26-06-2001 00:00,578,2
27-06-2001 00:00,576,2
28-06-2001 00:00,579,2
29-06-2001 00:00,610,2
30-06-2001 00:00,551,2
01-07-2001 00:00,534,2
02-07-2001 00:00,565,2
03-07-2001 00:00,574,2
04-07-2001 00:00,574,2
05-07-2001 00:00,576,2
06-07-2001 00:00,577,2
07-07-2001 00:00,577,2
08-07-2001 00:00,574,2
09-07-2001 00:00,554,2
10-07-2001 00:00,552,2
11-07-2001 00:00,554,2
12-07-2001 00:00,551,2
13-07-2001 00:00,580,2
14-07-2001 00:00,618,2
15-07-2001 00:00,615,2
16-07-2001 00:00,597,2
17-07-2001 00:00,593,2
18-07-2001 00:00,593,2
19-07-2001 00:00,582,2
20-07-2001 00:00,599,2
21-07-2001 00:00,596,2
22-07-2001 00:00,587,2
23-07-2001 00:00,578,2
24-07-2001 00:00,593,2
25-07-2001 00:00,601,2
26-07-2001 00:00,470,2
27-07-2001 00:00,519,2
28-07-2001 00:00,526,2
29-07-2001 00:00,544,2
30-07-2001 00:00,460,2
31-07-2001 00:00,393,2
01-08-2001 00:00,390,2
02-08-2001 00:00,398,2
03-08-2001 00:00,417,2
04-08-2001 00:00,420,2
05-08-2001 00:00,432,2
06-08-2001 00:00,453,2
07-08-2001 00:00,445,2
08-08-2001 00:00,439,2
09-08-2001 00:00,438,2
10-08-2001 00:00,423,2
11-08-2001 00:00,407,2
12-08-2001 00:00,383,2
13-08-2001 00:00,463,2
14-08-2001 00:00,456,2
15-08-2001 00:00,422,2
16-08-2001 00:00,396,2
17-08-2001 00:00,385,2
18-08-2001 00:00,371,2
19-08-2001 00:00,371,2
20-08-2001 00:00,316,2
21-08-2001 00:00,312,2
22-08-2001 00:00,361,2
23-08-2001 00:00,387,2
24-08-2001 00:00,383,2
25-08-2001 00:00,376,2
26-08-2001 00:00,405,2
27-08-2001 00:00,320,2
28-08-2001 00:00,344,2
29-08-2001 00:00,303,2
30-08-2001 00:00,264,2
31-08-2001 00:00,245,2
01-09-2001 00:00,235,2
02-09-2001 00:00,233,2
03-09-2001 00:00,244,2
04-09-2001 00:00,262,2
05-09-2001 00:00,260,2
06-09-2001 00:00,279,2
07-09-2001 00:00,288,2
08-09-2001 00:00,260,2
09-09-2001 00:00,256,2
10-09-2001 00:00,348,2
11-09-2001 00:00,396,2
12-09-2001 00:00,397,2
13-09-2001 00:00,366,2
14-09-2001 00:00,348,2
15-09-2001 00:00,309,2
16-09-2001 00:00,257,2
17-09-2001 00:00,255,2
18-09-2001 00:00,255,2
19-09-2001 00:00,255,2
20-09-2001 00:00,297,2
21-09-2001 00:00,320,2
22-09-2001 00:00,333,2
23-09-2001 00:00,351,2
24-09-2001 00:00,797,2
25-09-2001 00:00,1088,2
26-09-2001 00:00,1077,2
27-09-2001 00:00,1067,2
28-09-2001 00:00,1070,2
29-09-2001 00:00,1077,2
30-09-2001 00:00,1082,2
01-10-2001 00:00,1057,2
02-10-2001 00:00,1050,2
03-10-2001 00:00,1058,2
04-10-2001 00:00,1055,2
05-10-2001 00:00,1065,2
06-10-2001 00:00,1064,2
07-10-2001 00:00,1062,2
08-10-2001 00:00,1070,2
09-10-2001 00:00,1069,2
10-10-2001 00:00,1032,2
11-10-2001 00:00,1047,2
12-10-2001 00:00,1055,2
13-10-2001 00:00,1050,2
14-10-2001 00:00,1053,2
15-10-2001 00:00,1081,2
16-10-2001 00:00,1089,2
17-10-2001 00:00,1085,2
18-10-2001 00:00,1100,2
19-10-2001 00:00,1105,2
20-10-2001 00:00,1104,2
21-10-2001 00:00,1114,2
22-10-2001 00:00,1104,2
23-10-2001 00:00,1107,2
24-10-2001 00:00,1104,2
25-10-2001 00:00,1058,2
26-10-2001 00:00,1029,2
27-10-2001 00:00,1003,2
28-10-2001 00:00,957,2
29-10-2001 00:00,979,2
30-10-2001 00:00,1016,2
31-10-2001 00:00,1006,2
01-11-2001 00:00,1049,2
02-11-2001 00:00,1067,2
03-11-2001 00:00,1057,2
04-11-2001 00:00,1058,2
05-11-2001 00:00,1041,2
06-11-2001 00:00,1065,2
07-11-2001 00:00,1071,2
08-11-2001 00:00,1079,2
09-11-2001 00:00,1076,2
10-11-2001 00:00,1047,2
11-11-2001 00:00,1028,2
12-11-2001 00:00,1072,2
13-11-2001 00:00,1087,2
14-11-2001 00:00,1087,2
15-11-2001 00:00,1033,2
16-11-2001 00:00,1084,2
17-11-2001 00:00,1020,2
18-11-2001 00:00,1044,2
19-11-2001 00:00,1085,2
20-11-2001 00:00,1073,2
21-11-2001 00:00,1054,2
22-11-2001 00:00,1050,2
23-11-2001 00:00,1055,2
24-11-2001 00:00,1047,2
25-11-2001 00:00,1047,2
26-11-2001 00:00,1052,2
27-11-2001 00:00,1061,2
28-11-2001 00:00,1055,2
29-11-2001 00:00,1063,2
30-11-2001 00:00,1074,2
01-12-2001 00:00,1078,2
02-12-2001 00:00,1079,2
03-12-2001 00:00,1083,2
04-12-2001 00:00,1092,2
05-12-2001 00:00,1076,2
06-12-2001 00:00,1088,2
07-12-2001 00:00,1093,2
08-12-2001 00:00,1091,2
09-12-2001 00:00,1092,2
10-12-2001 00:00,1108,2
11-12-2001 00:00,1112,2
12-12-2001 00:00,1118,2
13-12-2001 00:00,1126,2
14-12-2001 00:00,1128,2
15-12-2001 00:00,1150,2
16-12-2001 00:00,1129,2
17-12-2001 00:00,1119,2
18-12-2001 00:00,1122,2
19-12-2001 00:00,1078,2
20-12-2001 00:00,1083,2
21-12-2001 00:00,1096,2
22-12-2001 00:00,1051,2
23-12-2001 00:00,1053,2
24-12-2001 00:00,1112,2
25-12-2001 00:00,1127,2
26-12-2001 00:00,1136,2
27-12-2001 00:00,1138,2
28-12-2001 00:00,1143,2
29-12-2001 00:00,1141,2
30-12-2001 00:00,1130,2
31-12-2001 00:00,1141,2
01-01-2002 00:00,1143,2
02-01-2002 00:00,1268,2
03-01-2002 00:00,1260,2
04-01-2002 00:00,1254,2
05-01-2002 00:00,1253,2
06-01-2002 00:00,1272,2
07-01-2002 00:00,1284,2
08-01-2002 00:00,1289,2
09-01-2002 00:00,1294,2
10-01-2002 00:00,1301,2
11-01-2002 00:00,1304,2
12-01-2002 00:00,1307,2
13-01-2002 00:00,1307,2
14-01-2002 00:00,1321,2
15-01-2002 00:00,1325,2
16-01-2002 00:00,1321,2
17-01-2002 00:00,1319,2
18-01-2002 00:00,1316,2
19-01-2002 00:00,1293,2
20-01-2002 00:00,1326,2
21-01-2002 00:00,1324,2
22-01-2002 00:00,1327,2
23-01-2002 00:00,1336,2
24-01-2002 00:00,1353,2
25-01-2002 00:00,1356,2
26-01-2002 00:00,1386,2
27-01-2002 00:00,1865,2
28-01-2002 00:00,3065,2
29-01-2002 00:00,3035,2
30-01-2002 00:00,3273,2
31-01-2002 00:00,3332,2
01-02-2002 00:00,3362,2
02-02-2002 00:00,3362,2
03-02-2002 00:00,3065,2
04-02-2002 00:00,3957,2
05-02-2002 00:00,4314,2
06-02-2002 00:00,4463,2
07-02-2002 00:00,4433,2
08-02-2002 00:00,4493,2
09-02-2002 00:00,4552,2
10-02-2002 00:00,4612,2
11-02-2002 00:00,4612,2
12-02-2002 00:00,4612,2
13-02-2002 00:00,4761,2
14-02-2002 00:00,4761,2
15-02-2002 00:00,4612,2
16-02-2002 00:00,4612,2
17-02-2002 00:00,4612,2
18-02-2002 00:00,4552,2
19-02-2002 00:00,4552,2
20-02-2002 00:00,4999,2
21-02-2002 00:00,4880,2
22-02-2002 00:00,4761,2
23-02-2002 00:00,4761,2
24-02-2002 00:00,4761,2
25-02-2002 00:00,4761,2
26-02-2002 00:00,4909,2
27-02-2002 00:00,4880,2
28-02-2002 00:00,5118,2
01-03-2002 00:00,5207,2
02-03-2002 00:00,5207,2
03-03-2002 00:00,5118,2
04-03-2002 00:00,5356,2
05-03-2002 00:00,5356,2
06-03-2002 00:00,5385,2
07-03-2002 00:00,5385,2
08-03-2002 00:00,5504,2
09-03-2002 00:00,5504,2
10-03-2002 00:00,5564,2
11-03-2002 00:00,5564,2
12-03-2002 00:00,5564,2
13-03-2002 00:00,5534,2
14-03-2002 00:00,5475,2
15-03-2002 00:00,5504,2
16-03-2002 00:00,5356,2
17-03-2002 00:00,5266,2
18-03-2002 00:00,5207,2
19-03-2002 00:00,5088,2
20-03-2002 00:00,4999,2
21-03-2002 00:00,4969,2
22-03-2002 00:00,4969,2
23-03-2002 00:00,4939,2
24-03-2002 00:00,4909,2
25-03-2002 00:00,4761,2
26-03-2002 00:00,4701,2
27-03-2002 00:00,4731,2
28-03-2002 00:00,4642,2
29-03-2002 00:00,4582,2
30-03-2002 00:00,4523,2
31-03-2002 00:00,4463,2
01-04-2002 00:00,3060,2
02-04-2002 00:00,1532,2
03-04-2002 00:00,1008,2
04-04-2002 00:00,913,2
05-04-2002 00:00,912,2
06-04-2002 00:00,894,2
07-04-2002 00:00,892,2
08-04-2002 00:00,893,2
09-04-2002 00:00,887,2
10-04-2002 00:00,884,2
11-04-2002 00:00,876,2
12-04-2002 00:00,871,2
13-04-2002 00:00,870,2
14-04-2002 00:00,884,2
15-04-2002 00:00,895,2
16-04-2002 00:00,895,2
17-04-2002 00:00,890,2
18-04-2002 00:00,892,2
19-04-2002 00:00,896,2
20-04-2002 00:00,890,2
21-04-2002 00:00,896,2
22-04-2002 00:00,895,2
23-04-2002 00:00,900,2
24-04-2002 00:00,897,2
25-04-2002 00:00,895,2
26-04-2002 00:00,889,2
27-04-2002 00:00,873,2
28-04-2002 00:00,883,2
29-04-2002 00:00,888,2
30-04-2002 00:00,901,2
01-05-2002 00:00,885,2
02-05-2002 00:00,888,2
03-05-2002 00:00,884,2
04-05-2002 00:00,887,2
05-05-2002 00:00,862,2
06-05-2002 00:00,1069,2
07-05-2002 00:00,1267,2
08-05-2002 00:00,1448,2
09-05-2002 00:00,1450,2
10-05-2002 00:00,1452,2
11-05-2002 00:00,1442,2
12-05-2002 00:00,1401,2
13-05-2002 00:00,1444,2
14-05-2002 00:00,1442,2
15-05-2002 00:00,1429,2
16-05-2002 00:00,1427,2
17-05-2002 00:00,1421,2
18-05-2002 00:00,1414,2
19-05-2002 00:00,1406,2
20-05-2002 00:00,1221,2
21-05-2002 00:00,1054,2
22-05-2002 00:00,1050,2
23-05-2002 00:00,1039,2
24-05-2002 00:00,1041,2
25-05-2002 00:00,1042,2
26-05-2002 00:00,1048,2
27-05-2002 00:00,1056,2
28-05-2002 00:00,1063,2
29-05-2002 00:00,1060,2
30-05-2002 00:00,1051,2
31-05-2002 00:00,1045,2
01-06-2002 00:00,1041,2
02-06-2002 00:00,1047,2
03-06-2002 00:00,1049,2
04-06-2002 00:00,1046,2
05-06-2002 00:00,1053,2
06-06-2002 00:00,1051,2
07-06-2002 00:00,1034,2
08-06-2002 00:00,1022,2
09-06-2002 00:00,1013,2
10-06-2002 00:00,798,2
11-06-2002 00:00,610,2
12-06-2002 00:00,589,2
13-06-2002 00:00,568,2
14-06-2002 00:00,760,2
15-06-2002 00:00,913,2
16-06-2002 00:00,931,2
17-06-2002 00:00,935,2
18-06-2002 00:00,934,2
19-06-2002 00:00,928,2
20-06-2002 00:00,939,2
21-06-2002 00:00,932,2
22-06-2002 00:00,924,2
23-06-2002 00:00,902,2
24-06-2002 00:00,926,2
25-06-2002 00:00,948,2
26-06-2002 00:00,934,2
27-06-2002 00:00,851,2
28-06-2002 00:00,831,2
29-06-2002 00:00,789,2
30-06-2002 00:00,851,2
01-07-2002 00:00,1184,2
02-07-2002 00:00,1282,2
03-07-2002 00:00,1278,2
04-07-2002 00:00,1277,2
05-07-2002 00:00,1281,2
06-07-2002 00:00,1284,2
07-07-2002 00:00,1285,2
08-07-2002 00:00,1289,2
09-07-2002 00:00,1291,2
10-07-2002 00:00,1286,2
11-07-2002 00:00,1263,2
12-07-2002 00:00,1268,2
13-07-2002 00:00,1278,2
14-07-2002 00:00,1266,2
15-07-2002 00:00,1065,2
16-07-2002 00:00,979,2
17-07-2002 00:00,979,2
18-07-2002 00:00,978,2
19-07-2002 00:00,973,2
20-07-2002 00:00,971,2
21-07-2002 00:00,964,2
22-07-2002 00:00,947,2
23-07-2002 00:00,1916,2
24-07-2002 00:00,2464,2
25-07-2002 00:00,2440,2
26-07-2002 00:00,2455,2
27-07-2002 00:00,2447,2
28-07-2002 00:00,1511,2
29-07-2002 00:00,1996,2
30-07-2002 00:00,2444,2
31-07-2002 00:00,2412,2
01-08-2002 00:00,3000,2
02-08-2002 00:00,3694,2
03-08-2002 00:00,3200,2
04-08-2002 00:00,3405,2
05-08-2002 00:00,3405,2
06-08-2002 00:00,3328,2
07-08-2002 00:00,3328,2
08-08-2002 00:00,3251,2
09-08-2002 00:00,3200,2
10-08-2002 00:00,3123,2
11-08-2002 00:00,3072,2
12-08-2002 00:00,3200,2
13-08-2002 00:00,3226,2
14-08-2002 00:00,3226,2
15-08-2002 00:00,3251,2
16-08-2002 00:00,3251,2
17-08-2002 00:00,3251,2
18-08-2002 00:00,3251,2
19-08-2002 00:00,3200,2
20-08-2002 00:00,3149,2
21-08-2002 00:00,3098,2
22-08-2002 00:00,3021,2
23-08-2002 00:00,2970,2
24-08-2002 00:00,2893,2
25-08-2002 00:00,2867,2
26-08-2002 00:00,2400,2
27-08-2002 00:00,2045,2
28-08-2002 00:00,2016,2
29-08-2002 00:00,2018,2
30-08-2002 00:00,2018,2
31-08-2002 00:00,1994,2
01-09-2002 00:00,1966,2
02-09-2002 00:00,1977,2
03-09-2002 00:00,1980,2
04-09-2002 00:00,1977,2
05-09-2002 00:00,1940,2
06-09-2002 00:00,1934,2
07-09-2002 00:00,1916,2
08-09-2002 00:00,1928,2
09-09-2002 00:00,1842,2
10-09-2002 00:00,1787,2
11-09-2002 00:00,1928,2
12-09-2002 00:00,1802,2
13-09-2002 00:00,1809,2
14-09-2002 00:00,1822,2
15-09-2002 00:00,1809,2
16-09-2002 00:00,1799,2
17-09-2002 00:00,1767,2
18-09-2002 00:00,1743,2
19-09-2002 00:00,1724,2
20-09-2002 00:00,1683,2
21-09-2002 00:00,1693,2
22-09-2002 00:00,1684,2
23-09-2002 00:00,1660,2
24-09-2002 00:00,1638,2
25-09-2002 00:00,1628,2
26-09-2002 00:00,1639,2
27-09-2002 00:00,1629,2
28-09-2002 00:00,1614,2
29-09-2002 00:00,1615,2
30-09-2002 00:00,1614,2
01-10-2002 00:00,1614,2
02-10-2002 00:00,1629,2
03-10-2002 00:00,1609,2
04-10-2002 00:00,1547,2
05-10-2002 00:00,1600,2
06-10-2002 00:00,1590,2
07-10-2002 00:00,1506,2
08-10-2002 00:00,1455,2
09-10-2002 00:00,1430,2
10-10-2002 00:00,1401,2
11-10-2002 00:00,1397,2
12-10-2002 00:00,1398,2
13-10-2002 00:00,1372,2
14-10-2002 00:00,1321,2
15-10-2002 00:00,1311,2
16-10-2002 00:00,1323,2
17-10-2002 00:00,1356,2
18-10-2002 00:00,1397,2
19-10-2002 00:00,1329,2
20-10-2002 00:00,1330,2
21-10-2002 00:00,1093,2
22-10-2002 00:00,988,2
23-10-2002 00:00,1032,2
24-10-2002 00:00,1039,2
25-10-2002 00:00,1053,2
26-10-2002 00:00,1043,2
27-10-2002 00:00,1065,2
28-10-2002 00:00,1102,2
29-10-2002 00:00,1156,2
30-10-2002 00:00,1112,2
31-10-2002 00:00,1093,2
01-11-2002 00:00,1070,2
02-11-2002 00:00,1052,2
03-11-2002 00:00,1045,2
04-11-2002 00:00,1075,2
05-11-2002 00:00,1084,2
06-11-2002 00:00,1074,2
07-11-2002 00:00,1064,2
08-11-2002 00:00,1048,2
09-11-2002 00:00,1056,2
10-11-2002 00:00,1050,2
11-11-2002 00:00,1045,2
12-11-2002 00:00,1046,2
13-11-2002 00:00,1057,2
14-11-2002 00:00,1077,2
15-11-2002 00:00,1081,2
16-11-2002 00:00,1083,2
17-11-2002 00:00,1072,2
18-11-2002 00:00,1107,2
19-11-2002 00:00,1131,2
20-11-2002 00:00,1126,2
21-11-2002 00:00,1127,2
22-11-2002 00:00,1120,2
23-11-2002 00:00,1103,2
24-11-2002 00:00,1116,2
25-11-2002 00:00,1123,2
26-11-2002 00:00,1125,2
27-11-2002 00:00,1137,2
28-11-2002 00:00,1154,2
29-11-2002 00:00,1177,2
30-11-2002 00:00,1180,2
01-12-2002 00:00,1183,2
02-12-2002 00:00,2092,2
03-12-2002 00:00,2150,2
04-12-2002 00:00,2138,2
05-12-2002 00:00,2133,2
06-12-2002 00:00,2129,2
07-12-2002 00:00,2114,2
08-12-2002 00:00,2077,2
09-12-2002 00:00,2103,2
10-12-2002 00:00,2110,2
11-12-2002 00:00,2057,2
12-12-2002 00:00,2083,2
13-12-2002 00:00,2095,2
14-12-2002 00:00,2081,2
15-12-2002 00:00,2050,2
16-12-2002 00:00,2014,2
17-12-2002 00:00,2005,2
18-12-2002 00:00,2000,2
19-12-2002 00:00,2007,2
20-12-2002 00:00,1551,2
21-12-2002 00:00,1015,2
22-12-2002 00:00,1015,2
23-12-2002 00:00,1021,2
24-12-2002 00:00,995,2
25-12-2002 00:00,956,2
26-12-2002 00:00,987,2
27-12-2002 00:00,989,2
28-12-2002 00:00,1001,2
29-12-2002 00:00,1003,2
30-12-2002 00:00,1002,2
31-12-2002 00:00,1002,2
01-01-2003 00:00,1000,2
02-01-2003 00:00,961,2
03-01-2003 00:00,940,2
04-01-2003 00:00,897,2
05-01-2003 00:00,871,2
06-01-2003 00:00,910,2
07-01-2003 00:00,1006,2
08-01-2003 00:00,996,2
09-01-2003 00:00,999,2
10-01-2003 00:00,1008,2
11-01-2003 00:00,1014,2
12-01-2003 00:00,1015,2
13-01-2003 00:00,1724,2
14-01-2003 00:00,2122,2
15-01-2003 00:00,2146,2
16-01-2003 00:00,2156,2
17-01-2003 00:00,2348,2
18-01-2003 00:00,2436,2
19-01-2003 00:00,2454,2
20-01-2003 00:00,2426,2
21-01-2003 00:00,2433,2
22-01-2003 00:00,2459,2
23-01-2003 00:00,2459,2
24-01-2003 00:00,2462,2
25-01-2003 00:00,2457,2
26-01-2003 00:00,2459,2
27-01-2003 00:00,2407,2
28-01-2003 00:00,2382,2
29-01-2003 00:00,2444,2
30-01-2003 00:00,2486,2
31-01-2003 00:00,2431,2
01-02-2003 00:00,2420,2
02-02-2003 00:00,2426,2
03-02-2003 00:00,2470,2
04-02-2003 00:00,2472,2
05-02-2003 00:00,2457,2
06-02-2003 00:00,2443,2
07-02-2003 00:00,2425,2
08-02-2003 00:00,2407,2
09-02-2003 00:00,2390,2
10-02-2003 00:00,1549,2
11-02-2003 00:00,1103,2
12-02-2003 00:00,1098,2
13-02-2003 00:00,1093,2
14-02-2003 00:00,1093,2
15-02-2003 00:00,1095,2
16-02-2003 00:00,1081,2
17-02-2003 00:00,1078,2
18-02-2003 00:00,1050,2
19-02-2003 00:00,1048,2
20-02-2003 00:00,1040,2
21-02-2003 00:00,1023,2
22-02-2003 00:00,1013,2
23-02-2003 00:00,1039,2
24-02-2003 00:00,1088,2
25-02-2003 00:00,1102,2
26-02-2003 00:00,1099,2
27-02-2003 00:00,1101,2
28-02-2003 00:00,1105,2
01-03-2003 00:00,1104,2
02-03-2003 00:00,1110,2
03-03-2003 00:00,1104,2
04-03-2003 00:00,1099,2
05-03-2003 00:00,1113,2
06-03-2003 00:00,1111,2
07-03-2003 00:00,1095,2
08-03-2003 00:00,1096,2
09-03-2003 00:00,1101,2
10-03-2003 00:00,1067,2
11-03-2003 00:00,1075,2
12-03-2003 00:00,1087,2
13-03-2003 00:00,1042,2
14-03-2003 00:00,1040,2
15-03-2003 00:00,1035,2
16-03-2003 00:00,1030,2
17-03-2003 00:00,1027,2
18-03-2003 00:00,1024,2
19-03-2003 00:00,1022,2
20-03-2003 00:00,1007,2
21-03-2003 00:00,1023,2
22-03-2003 00:00,1012,2
23-03-2003 00:00,1012,2
24-03-2003 00:00,922,2
25-03-2003 00:00,797,2
26-03-2003 00:00,814,2
27-03-2003 00:00,830,2
28-03-2003 00:00,838,2
29-03-2003 00:00,830,2
30-03-2003 00:00,813,2
31-03-2003 00:00,776,2
01-04-2003 00:00,694,2
02-04-2003 00:00,690,2
03-04-2003 00:00,692,2
04-04-2003 00:00,682,2
05-04-2003 00:00,678,2
06-04-2003 00:00,674,2
07-04-2003 00:00,649,2
08-04-2003 00:00,568,2
09-04-2003 00:00,519,2
10-04-2003 00:00,523,2
11-04-2003 00:00,590,2
12-04-2003 00:00,607,2
13-04-2003 00:00,601,2
14-04-2003 00:00,605,2
15-04-2003 00:00,613,2
16-04-2003 00:00,619,2
17-04-2003 00:00,620,2
18-04-2003 00:00,623,2
19-04-2003 00:00,575,2
20-04-2003 00:00,520,2
21-04-2003 00:00,501,2
22-04-2003 00:00,539,2
23-04-2003 00:00,546,2
24-04-2003 00:00,546,2
25-04-2003 00:00,540,2
26-04-2003 00:00,519,2
27-04-2003 00:00,493,2
28-04-2003 00:00,525,2
29-04-2003 00:00,519,2
30-04-2003 00:00,539,2
01-05-2003 00:00,926,2
02-05-2003 00:00,1176,2
03-05-2003 00:00,1220,2
04-05-2003 00:00,1240,2
05-05-2003 00:00,1252,2
06-05-2003 00:00,1231,2
07-05-2003 00:00,1232,2
08-05-2003 00:00,1224,2
09-05-2003 00:00,1226,2
10-05-2003 00:00,1226,2
11-05-2003 00:00,1230,2
12-05-2003 00:00,1224,2
13-05-2003 00:00,1259,2
14-05-2003 00:00,1260,2
15-05-2003 00:00,1308,2
16-05-2003 00:00,1355,2
17-05-2003 00:00,1372,2
18-05-2003 00:00,1373,2
19-05-2003 00:00,1875,2
20-05-2003 00:00,2302,2
21-05-2003 00:00,2413,2
22-05-2003 00:00,2395,2
23-05-2003 00:00,2464,2
24-05-2003 00:00,2547,2
25-05-2003 00:00,2545,2
26-05-2003 00:00,2516,2
27-05-2003 00:00,2528,2
28-05-2003 00:00,2527,2
29-05-2003 00:00,2498,2
30-05-2003 00:00,2484,2
31-05-2003 00:00,2479,2
01-06-2003 00:00,2458,2
02-06-2003 00:00,2419,2
03-06-2003 00:00,2367,2
04-06-2003 00:00,2346,2
05-06-2003 00:00,2286,2
06-06-2003 00:00,2281,2
07-06-2003 00:00,2301,2
08-06-2003 00:00,2335,2
09-06-2003 00:00,2264,2
10-06-2003 00:00,2283,2
11-06-2003 00:00,2252,2
12-06-2003 00:00,2237,2
13-06-2003 00:00,2195,2
14-06-2003 00:00,2191,2
15-06-2003 00:00,2171,2
16-06-2003 00:00,834,2
17-06-2003 00:00,741,2
18-06-2003 00:00,697,2
19-06-2003 00:00,682,2
20-06-2003 00:00,675,2
21-06-2003 00:00,631,2
22-06-2003 00:00,581,2
23-06-2003 00:00,700,2
24-06-2003 00:00,743,2
25-06-2003 00:00,737,2
26-06-2003 00:00,736,2
27-06-2003 00:00,753,2
28-06-2003 00:00,704,2
29-06-2003 00:00,696,2
30-06-2003 00:00,703,2
01-07-2003 00:00,720,2
02-07-2003 00:00,727,2
03-07-2003 00:00,722,2
04-07-2003 00:00,709,2
05-07-2003 00:00,711,2
06-07-2003 00:00,706,2
07-07-2003 00:00,711,2
08-07-2003 00:00,725,2
09-07-2003 00:00,719,2
10-07-2003 00:00,724,2
11-07-2003 00:00,719,2
12-07-2003 00:00,716,2
13-07-2003 00:00,713,2
14-07-2003 00:00,711,2
15-07-2003 00:00,708,2
16-07-2003 00:00,723,2
17-07-2003 00:00,726,2
18-07-2003 00:00,703,2
19-07-2003 00:00,723,2
20-07-2003 00:00,724,2
21-07-2003 00:00,730,2
22-07-2003 00:00,722,2
23-07-2003 00:00,716,2
24-07-2003 00:00,697,2
25-07-2003 00:00,734,2
26-07-2003 00:00,745,2
27-07-2003 00:00,730,2
28-07-2003 00:00,718,2
29-07-2003 00:00,765,2
30-07-2003 00:00,765,2
31-07-2003 00:00,763,2
01-08-2003 00:00,754,2
02-08-2003 00:00,746,2
03-08-2003 00:00,739,2
04-08-2003 00:00,719,2
05-08-2003 00:00,715,2
06-08-2003 00:00,723,2
07-08-2003 00:00,714,2
08-08-2003 00:00,675,2
09-08-2003 00:00,670,2
10-08-2003 00:00,670,2
11-08-2003 00:00,680,2
12-08-2003 00:00,676,2
13-08-2003 00:00,670,2
14-08-2003 00:00,642,2
15-08-2003 00:00,613,2
16-08-2003 00:00,622,2
17-08-2003 00:00,621,2
18-08-2003 00:00,621,2
19-08-2003 00:00,613,2
20-08-2003 00:00,603,2
21-08-2003 00:00,615,2
22-08-2003 00:00,619,2
23-08-2003 00:00,597,2
24-08-2003 00:00,607,2
25-08-2003 00:00,607,2
26-08-2003 00:00,630,2
27-08-2003 00:00,648,2
28-08-2003 00:00,626,2
29-08-2003 00:00,620,2
30-08-2003 00:00,606,2
31-08-2003 00:00,615,2
01-09-2003 00:00,616,2
02-09-2003 00:00,626,2
03-09-2003 00:00,615,2
04-09-2003 00:00,607,2
05-09-2003 00:00,606,2
06-09-2003 00:00,602,2
07-09-2003 00:00,588,2
08-09-2003 00:00,579,2
09-09-2003 00:00,570,2
10-09-2003 00:00,504,2
11-09-2003 00:00,559,2
12-09-2003 00:00,594,2
13-09-2003 00:00,613,2
14-09-2003 00:00,612,2
15-09-2003 00:00,577,2
16-09-2003 00:00,564,2
17-09-2003 00:00,565,2
18-09-2003 00:00,561,2
19-09-2003 00:00,556,2
20-09-2003 00:00,565,2
21-09-2003 00:00,560,2
22-09-2003 00:00,550,2
23-09-2003 00:00,518,2
24-09-2003 00:00,538,2
25-09-2003 00:00,528,2
26-09-2003 00:00,513,2
27-09-2003 00:00,492,2
28-09-2003 00:00,493,2
29-09-2003 00:00,499,2
30-09-2003 00:00,510,2
01-10-2003 00:00,501,2
02-10-2003 00:00,499,2
03-10-2003 00:00,503,2
04-10-2003 00:00,489,2
05-10-2003 00:00,483,2
06-10-2003 00:00,473,2
07-10-2003 00:00,471,2
08-10-2003 00:00,463,2
09-10-2003 00:00,453,2
10-10-2003 00:00,416,2
11-10-2003 00:00,398,2
12-10-2003 00:00,415,2
13-10-2003 00:00,452,2
14-10-2003 00:00,442,2
15-10-2003 00:00,478,2
16-10-2003 00:00,471,2
17-10-2003 00:00,463,2
18-10-2003 00:00,456,2
19-10-2003 00:00,449,2
20-10-2003 00:00,442,2
21-10-2003 00:00,434,2
22-10-2003 00:00,430,2
23-10-2003 00:00,420,2
24-10-2003 00:00,396,2
25-10-2003 00:00,392,2
26-10-2003 00:00,410,2
27-10-2003 00:00,489,2
28-10-2003 00:00,530,2
29-10-2003 00:00,511,2
30-10-2003 00:00,449,2
31-10-2003 00:00,462,2
01-11-2003 00:00,503,2
02-11-2003 00:00,506,2
03-11-2003 00:00,477,2
04-11-2003 00:00,444,2
05-11-2003 00:00,473,2
06-11-2003 00:00,480,2
07-11-2003 00:00,483,2
08-11-2003 00:00,487,2
09-11-2003 00:00,475,2
10-11-2003 00:00,458,2
11-11-2003 00:00,449,2
12-11-2003 00:00,1108,2
13-11-2003 00:00,1196,2
14-11-2003 00:00,1201,2
15-11-2003 00:00,1170,2
16-11-2003 00:00,1160,2
17-11-2003 00:00,1373,2
18-11-2003 00:00,1480,2
19-11-2003 00:00,1449,2
20-11-2003 00:00,1355,2
21-11-2003 00:00,1362,2
22-11-2003 00:00,1322,2
23-11-2003 00:00,1308,2
24-11-2003 00:00,1290,2
25-11-2003 00:00,1269,2
26-11-2003 00:00,1284,2
27-11-2003 00:00,1881,2
28-11-2003 00:00,1339,2
29-11-2003 00:00,1383,2
30-11-2003 00:00,1388,2
01-12-2003 00:00,1668,2
02-12-2003 00:00,1462,2
03-12-2003 00:00,1463,2
04-12-2003 00:00,1300,2
05-12-2003 00:00,1200,2
06-12-2003 00:00,1079,2
07-12-2003 00:00,1089,2
08-12-2003 00:00,1311,2
09-12-2003 00:00,1509,2
10-12-2003 00:00,1534,2
11-12-2003 00:00,1548,2
12-12-2003 00:00,1365,2
13-12-2003 00:00,1075,2
14-12-2003 00:00,1173,2
15-12-2003 00:00,1045,2
16-12-2003 00:00,858,2
17-12-2003 00:00,1095,2
18-12-2003 00:00,1098,2
19-12-2003 00:00,1098,2
20-12-2003 00:00,1098,2
21-12-2003 00:00,1098,2
22-12-2003 00:00,1098,2
23-12-2003 00:00,1541,2
24-12-2003 00:00,1524,2
25-12-2003 00:00,1538,2
26-12-2003 00:00,1557,2
27-12-2003 00:00,1548,2
28-12-2003 00:00,1547,2
29-12-2003 00:00,1445,2
30-12-2003 00:00,1420,2
31-12-2003 00:00,1438,2
01-01-2004 00:00,1600,2
02-01-2004 00:00,1401,2
03-01-2004 00:00,1549,2
04-01-2004 00:00,1785,2
05-01-2004 00:00,1774,2
06-01-2004 00:00,1752,2
07-01-2004 00:00,1751,2
08-01-2004 00:00,1737,2
09-01-2004 00:00,1705,2
10-01-2004 00:00,1674,2
11-01-2004 00:00,1641,2
12-01-2004 00:00,1653,2
13-01-2004 00:00,1626,2
14-01-2004 00:00,1606,2
15-01-2004 00:00,2075,2
16-01-2004 00:00,2248,2
17-01-2004 00:00,2228,2
18-01-2004 00:00,2217,2
19-01-2004 00:00,2200,2
20-01-2004 00:00,2366,2
21-01-2004 00:00,2314,2
22-01-2004 00:00,2293,2
23-01-2004 00:00,2125,2
24-01-2004 00:00,1748,2
25-01-2004 00:00,1692,2
26-01-2004 00:00,2190,2
27-01-2004 00:00,2343,2
28-01-2004 00:00,2222,2
29-01-2004 00:00,2207,2
30-01-2004 00:00,2174,2
31-01-2004 00:00,2192,2
01-02-2004 00:00,2304.768,2
02-02-2004 00:00,2354.049,2
03-02-2004 00:00,2394.126,2
04-02-2004 00:00,2687.241,2
05-02-2004 00:00,2891.961,2
06-02-2004 00:00,2927.225,2
07-02-2004 00:00,2713.788,2
08-02-2004 00:00,2986.596,2
09-02-2004 00:00,2983.533,2
10-02-2004 00:00,2989.161,2
11-02-2004 00:00,3046.585,2
12-02-2004 00:00,2476.99,2
13-02-2004 00:00,2167.527,2
14-02-2004 00:00,2168.934,2
15-02-2004 00:00,2153.851,2
16-02-2004 00:00,2118.214,2
17-02-2004 00:00,2128.383,2
18-02-2004 00:00,2141.076,2
19-02-2004 00:00,2147.205,2
20-02-2004 00:00,2140.448,2
21-02-2004 00:00,2140.647,2
22-02-2004 00:00,2160.134,2
23-02-2004 00:00,967,2
24-02-2004 00:00,899,2
25-02-2004 00:00,907,2
26-02-2004 00:00,926,2
27-02-2004 00:00,942,2
28-02-2004 00:00,936,2
29-02-2004 00:00,935,2
01-03-2004 00:00,934,2
02-03-2004 00:00,933,2
03-03-2004 00:00,946,2
04-03-2004 00:00,946,2
05-03-2004 00:00,952,2
06-03-2004 00:00,947,2
07-03-2004 00:00,944,2
08-03-2004 00:00,940,2
09-03-2004 00:00,929,2
10-03-2004 00:00,924,2
11-03-2004 00:00,930,2
12-03-2004 00:00,968,2
13-03-2004 00:00,996,2
14-03-2004 00:00,983,2
15-03-2004 00:00,980,2
16-03-2004 00:00,979,2
17-03-2004 00:00,996,2
18-03-2004 00:00,977,2
19-03-2004 00:00,963,2
20-03-2004 00:00,943,2
21-03-2004 00:00,962,2
22-03-2004 00:00,991,2
23-03-2004 00:00,1008,2
24-03-2004 00:00,3123,2
25-03-2004 00:00,2548,2
26-03-2004 00:00,2537,2
27-03-2004 00:00,2542,2
28-03-2004 00:00,2549,2
29-03-2004 00:00,2526,2
30-03-2004 00:00,2507,2
31-03-2004 00:00,2579,2
01-04-2004 00:00,2643,2
02-04-2004 00:00,2637,2
03-04-2004 00:00,2617,2
04-04-2004 00:00,2591,2
05-04-2004 00:00,2602,2
06-04-2004 00:00,2586,2
07-04-2004 00:00,2576,2
08-04-2004 00:00,2551,2
09-04-2004 00:00,2477,2
10-04-2004 00:00,2415,2
11-04-2004 00:00,2378,2
12-04-2004 00:00,2327,2
13-04-2004 00:00,2302,2
14-04-2004 00:00,904,2
15-04-2004 00:00,1004,2
16-04-2004 00:00,1002,2
17-04-2004 00:00,1005,2
18-04-2004 00:00,1012,2
19-04-2004 00:00,1009,2
20-04-2004 00:00,994,2
21-04-2004 00:00,1007,2
22-04-2004 00:00,1002,2
23-04-2004 00:00,992,2
24-04-2004 00:00,984,2
25-04-2004 00:00,976,2
26-04-2004 00:00,998,2
27-04-2004 00:00,1007,2
28-04-2004 00:00,1010,2
29-04-2004 00:00,1015,2
30-04-2004 00:00,1016,2
01-05-2004 00:00,1005,2
02-05-2004 00:00,1002,2
03-05-2004 00:00,1009,2
04-05-2004 00:00,1005,2
05-05-2004 00:00,1005,2
06-05-2004 00:00,1012,2
07-05-2004 00:00,1006,2
08-05-2004 00:00,1004,2
09-05-2004 00:00,1010,2
10-05-2004 00:00,1008,2
11-05-2004 00:00,1012,2
12-05-2004 00:00,1007,2
13-05-2004 00:00,998,2
14-05-2004 00:00,985,2
15-05-2004 00:00,977,2
16-05-2004 00:00,983,2
17-05-2004 00:00,978,2
18-05-2004 00:00,962,2
19-05-2004 00:00,947,2
20-05-2004 00:00,953,2
21-05-2004 00:00,944,2
22-05-2004 00:00,944,2
23-05-2004 00:00,958,2
24-05-2004 00:00,953,2
25-05-2004 00:00,946,2
26-05-2004 00:00,951,2
27-05-2004 00:00,979,2
28-05-2004 00:00,970,2
29-05-2004 00:00,957,2
30-05-2004 00:00,959,2
31-05-2004 00:00,946,2
01-06-2004 00:00,957,2
02-06-2004 00:00,972,2
03-06-2004 00:00,962,2
04-06-2004 00:00,870,2
05-06-2004 00:00,673,2
06-06-2004 00:00,674,2
07-06-2004 00:00,684,2
08-06-2004 00:00,663,2
09-06-2004 00:00,668,2
10-06-2004 00:00,651,2
11-06-2004 00:00,655,2
12-06-2004 00:00,684,2
13-06-2004 00:00,720,2
14-06-2004 00:00,695,2
15-06-2004 00:00,774,2
16-06-2004 00:00,846,2
17-06-2004 00:00,687,2
18-06-2004 00:00,691,2
19-06-2004 00:00,677,2
20-06-2004 00:00,681,2
21-06-2004 00:00,755,2
22-06-2004 00:00,804,2
23-06-2004 00:00,835,2
24-06-2004 00:00,849,2
25-06-2004 00:00,876,2
26-06-2004 00:00,815,2
27-06-2004 00:00,806,2
28-06-2004 00:00,792,2
29-06-2004 00:00,779,2
30-06-2004 00:00,800,2
01-07-2004 00:00,811,2
02-07-2004 00:00,726,2
03-07-2004 00:00,849,2
04-07-2004 00:00,826,2
05-07-2004 00:00,824,2
06-07-2004 00:00,824,2
07-07-2004 00:00,841,2
08-07-2004 00:00,856,2
09-07-2004 00:00,852,2
10-07-2004 00:00,849,2
11-07-2004 00:00,855,2
12-07-2004 00:00,773,2
13-07-2004 00:00,725,2
14-07-2004 00:00,703,2
15-07-2004 00:00,688,2
16-07-2004 00:00,689,2
17-07-2004 00:00,698,2
18-07-2004 00:00,696,2
19-07-2004 00:00,685,2
20-07-2004 00:00,705,2
21-07-2004 00:00,725,2
22-07-2004 00:00,722,2
23-07-2004 00:00,712,2
24-07-2004 00:00,697,2
25-07-2004 00:00,675,2
26-07-2004 00:00,637,2
27-07-2004 00:00,659,2
28-07-2004 00:00,675,2
29-07-2004 00:00,685,2
30-07-2004 00:00,690,2
31-07-2004 00:00,689,2
01-08-2004 00:00,692,2
02-08-2004 00:00,714,2
03-08-2004 00:00,721,2
04-08-2004 00:00,733,2
05-08-2004 00:00,751,2
06-08-2004 00:00,759,2
07-08-2004 00:00,753,2
08-08-2004 00:00,743,2
09-08-2004 00:00,717,2
10-08-2004 00:00,789,2
11-08-2004 00:00,853,2
12-08-2004 00:00,855,2
13-08-2004 00:00,854,2
14-08-2004 00:00,851,2
15-08-2004 00:00,836,2
16-08-2004 00:00,819,2
17-08-2004 00:00,822,2
18-08-2004 00:00,839,2
19-08-2004 00:00,844,2
20-08-2004 00:00,842,2
21-08-2004 00:00,843,2
22-08-2004 00:00,830,2
23-08-2004 00:00,810,2
24-08-2004 00:00,813,2
25-08-2004 00:00,811,2
26-08-2004 00:00,817,2
27-08-2004 00:00,781,2
28-08-2004 00:00,709,2
29-08-2004 00:00,718,2
30-08-2004 00:00,712,2
31-08-2004 00:00,704,2
01-09-2004 00:00,708,2
02-09-2004 00:00,732,2
03-09-2004 00:00,735,2
04-09-2004 00:00,737,2
05-09-2004 00:00,717,2
06-09-2004 00:00,710,2
07-09-2004 00:00,731,2
08-09-2004 00:00,708,2
09-09-2004 00:00,560,2
10-09-2004 00:00,555,2
11-09-2004 00:00,562,2
12-09-2004 00:00,556,2
13-09-2004 00:00,531,2
14-09-2004 00:00,541,2
15-09-2004 00:00,550,2
16-09-2004 00:00,575,2
17-09-2004 00:00,578,2
18-09-2004 00:00,570,2
19-09-2004 00:00,575,2
20-09-2004 00:00,582,2
21-09-2004 00:00,569,2
22-09-2004 00:00,598,2
23-09-2004 00:00,641,2
24-09-2004 00:00,626,2
25-09-2004 00:00,612,2
26-09-2004 00:00,596,2
27-09-2004 00:00,599,2
28-09-2004 00:00,611,2
29-09-2004 00:00,618,2
30-09-2004 00:00,637,2
01-10-2004 00:00,660,2
02-10-2004 00:00,670,2
03-10-2004 00:00,669,2
04-10-2004 00:00,669,2
05-10-2004 00:00,668,2
06-10-2004 00:00,658,2
07-10-2004 00:00,655,2
08-10-2004 00:00,651,2
09-10-2004 00:00,653,2
10-10-2004 00:00,672,2
11-10-2004 00:00,678,2
12-10-2004 00:00,683,2
13-10-2004 00:00,680,2
14-10-2004 00:00,674,2
15-10-2004 00:00,681,2
16-10-2004 00:00,691,2
17-10-2004 00:00,685,2
18-10-2004 00:00,678,2
19-10-2004 00:00,910,2
20-10-2004 00:00,1052,2
21-10-2004 00:00,1025,2
22-10-2004 00:00,1003,2
23-10-2004 00:00,1013,2
24-10-2004 00:00,1032,2
25-10-2004 00:00,1039,2
26-10-2004 00:00,1029,2
27-10-2004 00:00,1038,2
28-10-2004 00:00,1059,2
29-10-2004 00:00,1051,2
30-10-2004 00:00,1052,2
31-10-2004 00:00,1049,2
01-11-2004 00:00,1050,2
02-11-2004 00:00,1051,2
03-11-2004 00:00,1480,2
04-11-2004 00:00,1391,2
05-11-2004 00:00,1363,2
06-11-2004 00:00,1371,2
07-11-2004 00:00,1372,2
08-11-2004 00:00,1372,2
09-11-2004 00:00,1383,2
10-11-2004 00:00,1390,2
11-11-2004 00:00,1385,2
12-11-2004 00:00,1363,2
13-11-2004 00:00,1382,2
14-11-2004 00:00,1391,2
15-11-2004 00:00,1335,2
16-11-2004 00:00,1297,2
17-11-2004 00:00,1289,2
18-11-2004 00:00,1492,2
19-11-2004 00:00,1608,2
20-11-2004 00:00,1408,2
21-11-2004 00:00,1256,2
22-11-2004 00:00,1670,2
23-11-2004 00:00,1598,2
24-11-2004 00:00,1594,2
25-11-2004 00:00,1608,2
26-11-2004 00:00,1615,2
27-11-2004 00:00,1632,2
28-11-2004 00:00,1650,2
29-11-2004 00:00,1675,2
30-11-2004 00:00,1687,2
01-12-2004 00:00,1696,2
02-12-2004 00:00,1697,2
03-12-2004 00:00,1727,2
04-12-2004 00:00,1745,2
05-12-2004 00:00,1731,2
06-12-2004 00:00,1760,2
07-12-2004 00:00,1759,2
08-12-2004 00:00,1758,2
09-12-2004 00:00,1754,2
10-12-2004 00:00,1737,2
11-12-2004 00:00,1748,2
12-12-2004 00:00,1774,2
13-12-2004 00:00,1768,2
14-12-2004 00:00,1756,2
15-12-2004 00:00,2840,2
16-12-2004 00:00,2558,2
17-12-2004 00:00,2541,2
18-12-2004 00:00,2507,2
19-12-2004 00:00,2540,2
20-12-2004 00:00,2529,2
21-12-2004 00:00,2548,2
22-12-2004 00:00,2525,2
23-12-2004 00:00,2528,2
24-12-2004 00:00,2627,2
25-12-2004 00:00,2679,2
26-12-2004 00:00,2721,2
27-12-2004 00:00,3036,2
28-12-2004 00:00,2977,2
29-12-2004 00:00,2973,2
30-12-2004 00:00,2933,2
31-12-2004 00:00,2980,2
01-01-2005 00:00,2964,2
02-01-2005 00:00,2901,2
03-01-2005 00:00,2882,2
04-01-2005 00:00,2905,2
05-01-2005 00:00,2951,2
06-01-2005 00:00,2934,2
07-01-2005 00:00,2917,2
08-01-2005 00:00,2841,2
09-01-2005 00:00,2813,2
10-01-2005 00:00,3247,2
11-01-2005 00:00,3246,2
12-01-2005 00:00,3216,2
13-01-2005 00:00,3163,2
14-01-2005 00:00,3163,2
15-01-2005 00:00,3164,2
16-01-2005 00:00,3155,2
17-01-2005 00:00,3191,2
18-01-2005 00:00,3214,2
19-01-2005 00:00,3230,2
20-01-2005 00:00,3193,2
21-01-2005 00:00,3213,2
22-01-2005 00:00,3249,2
23-01-2005 00:00,3240,2
24-01-2005 00:00,3263,2
25-01-2005 00:00,3328,2
26-01-2005 00:00,3480,2
27-01-2005 00:00,3317,2
28-01-2005 00:00,3322,2
29-01-2005 00:00,3328,2
30-01-2005 00:00,3291,2
31-01-2005 00:00,3223,2
01-02-2005 00:00,3211,2
02-02-2005 00:00,3209,2
03-02-2005 00:00,3205,2
04-02-2005 00:00,3199,2
05-02-2005 00:00,3172,2
06-02-2005 00:00,3161,2
07-02-2005 00:00,3770,2
08-02-2005 00:00,3728,2
09-02-2005 00:00,3607,2
10-02-2005 00:00,3583,2
11-02-2005 00:00,3544,2
12-02-2005 00:00,3583,2
13-02-2005 00:00,3577,2
14-02-2005 00:00,3384,2
15-02-2005 00:00,3303,2
16-02-2005 00:00,3388,2
17-02-2005 00:00,3096,2
18-02-2005 00:00,3060,2
19-02-2005 00:00,3023,2
20-02-2005 00:00,2962,2
21-02-2005 00:00,2982,2
22-02-2005 00:00,3085,2
23-02-2005 00:00,3169,2
24-02-2005 00:00,3258,2
25-02-2005 00:00,3335,2
26-02-2005 00:00,3430,2
27-02-2005 00:00,3482,2
28-02-2005 00:00,3512,2
01-03-2005 00:00,3497,2
02-03-2005 00:00,3466,2
03-03-2005 00:00,3453,2
04-03-2005 00:00,2147,2
05-03-2005 00:00,2287,2
06-03-2005 00:00,2277,2
07-03-2005 00:00,2271,2
08-03-2005 00:00,2276,2
09-03-2005 00:00,2267,2
10-03-2005 00:00,2254,2
11-03-2005 00:00,2263,2
12-03-2005 00:00,2271,2
13-03-2005 00:00,2265,2
14-03-2005 00:00,2255,2
15-03-2005 00:00,2219,2
16-03-2005 00:00,2217,2
17-03-2005 00:00,2199,2
18-03-2005 00:00,2202,2
19-03-2005 00:00,2255,2
20-03-2005 00:00,2244,2
21-03-2005 00:00,2284,2
22-03-2005 00:00,2292,2
23-03-2005 00:00,2302,2
24-03-2005 00:00,2308,2
25-03-2005 00:00,2330,2
26-03-2005 00:00,2462,2
27-03-2005 00:00,2357,2
28-03-2005 00:00,2303,2
29-03-2005 00:00,2294,2
30-03-2005 00:00,2289,2
31-03-2005 00:00,2191,2
01-04-2005 00:00,2242,2
02-04-2005 00:00,2231,2
03-04-2005 00:00,2160,2
04-04-2005 00:00,2100,2
05-04-2005 00:00,2062,2
06-04-2005 00:00,2078,2
07-04-2005 00:00,2030,2
08-04-2005 00:00,2013,2
09-04-2005 00:00,2025,2
10-04-2005 00:00,2045,2
11-04-2005 00:00,1985,2
12-04-2005 00:00,1967,2
13-04-2005 00:00,1991,2
14-04-2005 00:00,2013,2
15-04-2005 00:00,2014,2
16-04-2005 00:00,2021,2
17-04-2005 00:00,2036,2
18-04-2005 00:00,1265,2
19-04-2005 00:00,1261,2
20-04-2005 00:00,1302,2
21-04-2005 00:00,1327,2
22-04-2005 00:00,1372,2
23-04-2005 00:00,1427,2
24-04-2005 00:00,1468,2
25-04-2005 00:00,1503,2
26-04-2005 00:00,1490,2
27-04-2005 00:00,1488,2
28-04-2005 00:00,1468,2
29-04-2005 00:00,1458,2
30-04-2005 00:00,1429,2
01-05-2005 00:00,1435,2
02-05-2005 00:00,1454,2
03-05-2005 00:00,1441,2
04-05-2005 00:00,1444,2
05-05-2005 00:00,1455,2
06-05-2005 00:00,1413,2
07-05-2005 00:00,1419,2
08-05-2005 00:00,1445,2
09-05-2005 00:00,739,2
10-05-2005 00:00,728,2
11-05-2005 00:00,749,2
12-05-2005 00:00,784,2
13-05-2005 00:00,720,2
14-05-2005 00:00,624,2
15-05-2005 00:00,618,2
16-05-2005 00:00,607,2
17-05-2005 00:00,614,2
18-05-2005 00:00,626,2
19-05-2005 00:00,630,2
20-05-2005 00:00,620,2
21-05-2005 00:00,619,2
22-05-2005 00:00,625,2
23-05-2005 00:00,578,2
24-05-2005 00:00,572,2
25-05-2005 00:00,580,2
26-05-2005 00:00,563,2
27-05-2005 00:00,549,2
28-05-2005 00:00,580,2
29-05-2005 00:00,622,2
30-05-2005 00:00,613,2
31-05-2005 00:00,590,2
01-06-2005 00:00,611,2
02-06-2005 00:00,612,2
03-06-2005 00:00,593,2
04-06-2005 00:00,583,2
05-06-2005 00:00,590,2
06-06-2005 00:00,558,2
07-06-2005 00:00,555,2
08-06-2005 00:00,569,2
09-06-2005 00:00,645,2
10-06-2005 00:00,679,2
11-06-2005 00:00,656,2
12-06-2005 00:00,659,2
13-06-2005 00:00,624,2
14-06-2005 00:00,606,2
15-06-2005 00:00,588,2
16-06-2005 00:00,583,2
17-06-2005 00:00,566,2
18-06-2005 00:00,563,2
19-06-2005 00:00,546,2
20-06-2005 00:00,541,2
21-06-2005 00:00,542,2
22-06-2005 00:00,571,2
23-06-2005 00:00,586,2
24-06-2005 00:00,632,2
25-06-2005 00:00,607,2
26-06-2005 00:00,586,2
27-06-2005 00:00,609,2
28-06-2005 00:00,632,2
29-06-2005 00:00,714,2
30-06-2005 00:00,722,2
01-07-2005 00:00,728,2
02-07-2005 00:00,690,2
03-07-2005 00:00,678,2
04-07-2005 00:00,662,2
05-07-2005 00:00,625,2
06-07-2005 00:00,618,2
07-07-2005 00:00,613,2
08-07-2005 00:00,615,2
09-07-2005 00:00,598,2
10-07-2005 00:00,594,2
11-07-2005 00:00,451,2
12-07-2005 00:00,452,2
13-07-2005 00:00,438,2
14-07-2005 00:00,423,2
15-07-2005 00:00,414,2
16-07-2005 00:00,439,2
17-07-2005 00:00,459,2
18-07-2005 00:00,436,2
19-07-2005 00:00,373,2
20-07-2005 00:00,396,2
21-07-2005 00:00,430,2
22-07-2005 00:00,435,2
23-07-2005 00:00,422,2
24-07-2005 00:00,420,2
25-07-2005 00:00,405,2
26-07-2005 00:00,397,2
27-07-2005 00:00,406,2
28-07-2005 00:00,403,2
29-07-2005 00:00,406,2
30-07-2005 00:00,403,2
31-07-2005 00:00,395,2
01-08-2005 00:00,394,2
02-08-2005 00:00,390,2
03-08-2005 00:00,389,2
04-08-2005 00:00,389,2
05-08-2005 00:00,405,2
06-08-2005 00:00,413,2
07-08-2005 00:00,412,2
08-08-2005 00:00,395,2
09-08-2005 00:00,381,2
10-08-2005 00:00,375,2
11-08-2005 00:00,377,2
12-08-2005 00:00,372,2
13-08-2005 00:00,387,2
14-08-2005 00:00,402,2
15-08-2005 00:00,395,2
16-08-2005 00:00,385,2
17-08-2005 00:00,377,2
18-08-2005 00:00,366,2
19-08-2005 00:00,360,2
20-08-2005 00:00,326,2
21-08-2005 00:00,321,2
22-08-2005 00:00,397,2
23-08-2005 00:00,428,2
24-08-2005 00:00,427,2
25-08-2005 00:00,406,2
26-08-2005 00:00,402,2
27-08-2005 00:00,379,2
28-08-2005 00:00,403,2
29-08-2005 00:00,387,2
30-08-2005 00:00,364,2
31-08-2005 00:00,362,2
01-09-2005 00:00,364,2
02-09-2005 00:00,360,2
03-09-2005 00:00,356,2
04-09-2005 00:00,400,2
05-09-2005 00:00,416,2
06-09-2005 00:00,418,2
07-09-2005 00:00,438,2
08-09-2005 00:00,417,2
09-09-2005 00:00,440,2
10-09-2005 00:00,471,2
11-09-2005 00:00,456,2
12-09-2005 00:00,428,2
13-09-2005 00:00,416,2
14-09-2005 00:00,424,2
15-09-2005 00:00,463,2
16-09-2005 00:00,467,2
17-09-2005 00:00,461,2
18-09-2005 00:00,438,2
19-09-2005 00:00,413,2
20-09-2005 00:00,393,2
21-09-2005 00:00,404,2
22-09-2005 00:00,397,2
23-09-2005 00:00,409,2
24-09-2005 00:00,418,2
25-09-2005 00:00,430,2
26-09-2005 00:00,424,2
27-09-2005 00:00,417,2
28-09-2005 00:00,400,2
29-09-2005 00:00,409,2
30-09-2005 00:00,399,2
01-10-2005 00:00,399,2
02-10-2005 00:00,410,2
03-10-2005 00:00,402,2
04-10-2005 00:00,398,2
05-10-2005 00:00,401,2
06-10-2005 00:00,386,2
07-10-2005 00:00,390,2
08-10-2005 00:00,395,2
09-10-2005 00:00,393,2
10-10-2005 00:00,401,2
11-10-2005 00:00,395,2
12-10-2005 00:00,394,2
13-10-2005 00:00,397,2
14-10-2005 00:00,394,2
15-10-2005 00:00,390,2
16-10-2005 00:00,402,2
17-10-2005 00:00,408,2
18-10-2005 00:00,414,2
19-10-2005 00:00,414,2
20-10-2005 00:00,420,2
21-10-2005 00:00,412,2
22-10-2005 00:00,386,2
23-10-2005 00:00,382,2
24-10-2005 00:00,429,2
25-10-2005 00:00,433,2
26-10-2005 00:00,479,2
27-10-2005 00:00,475,2
28-10-2005 00:00,491,2
29-10-2005 00:00,501,2
30-10-2005 00:00,475,2
31-10-2005 00:00,489,2
01-11-2005 00:00,490,2
02-11-2005 00:00,488,2
03-11-2005 00:00,468,2
04-11-2005 00:00,507,2
05-11-2005 00:00,508,2
06-11-2005 00:00,495,2
07-11-2005 00:00,447,2
08-11-2005 00:00,436,2
09-11-2005 00:00,438,2
10-11-2005 00:00,441,2
11-11-2005 00:00,443,2
12-11-2005 00:00,445,2
13-11-2005 00:00,451,2
14-11-2005 00:00,466,2
15-11-2005 00:00,473,2
16-11-2005 00:00,488,2
17-11-2005 00:00,489,2
18-11-2005 00:00,479,2
19-11-2005 00:00,462,2
20-11-2005 00:00,455,2
21-11-2005 00:00,435,2
22-11-2005 00:00,376,2
23-11-2005 00:00,416,2
24-11-2005 00:00,428,2
25-11-2005 00:00,427,2
26-11-2005 00:00,446,2
27-11-2005 00:00,450,2
28-11-2005 00:00,474,2
29-11-2005 00:00,484,2
30-11-2005 00:00,473,2
01-12-2005 00:00,465,2
02-12-2005 00:00,462,2
03-12-2005 00:00,450,2
04-12-2005 00:00,437,2
05-12-2005 00:00,441,2
06-12-2005 00:00,452,2
07-12-2005 00:00,430,2
08-12-2005 00:00,437,2
09-12-2005 00:00,414,2
10-12-2005 00:00,512,2
11-12-2005 00:00,534,2
12-12-2005 00:00,543,2
13-12-2005 00:00,566,2
14-12-2005 00:00,598,2
15-12-2005 00:00,564,2
16-12-2005 00:00,548,2
17-12-2005 00:00,535,2
18-12-2005 00:00,533,2
19-12-2005 00:00,541,2
20-12-2005 00:00,537,2
21-12-2005 00:00,530,2
22-12-2005 00:00,518,2
23-12-2005 00:00,519,2
24-12-2005 00:00,509,2
25-12-2005 00:00,507,2
26-12-2005 00:00,542,2
27-12-2005 00:00,547,2
28-12-2005 00:00,524,2
29-12-2005 00:00,516,2
30-12-2005 00:00,513,2
31-12-2005 00:00,502,2
01-01-2006 00:00,500,2
02-01-2006 00:00,502,2
03-01-2006 00:00,502,2
04-01-2006 00:00,502,2
05-01-2006 00:00,503,2
06-01-2006 00:00,503,2
07-01-2006 00:00,496,2
08-01-2006 00:00,496,2
09-01-2006 00:00,496,2
10-01-2006 00:00,482,2
11-01-2006 00:00,465,2
12-01-2006 00:00,462,2
13-01-2006 00:00,458,2
14-01-2006 00:00,460,2
15-01-2006 00:00,446,2
16-01-2006 00:00,434,2
17-01-2006 00:00,429,2
18-01-2006 00:00,431,2
19-01-2006 00:00,430,2
20-01-2006 00:00,433,2
21-01-2006 00:00,434,2
22-01-2006 00:00,431,2
23-01-2006 00:00,434,2
24-01-2006 00:00,438,2
25-01-2006 00:00,445,2
26-01-2006 00:00,447,2
27-01-2006 00:00,449,2
28-01-2006 00:00,454,2
29-01-2006 00:00,455,2
30-01-2006 00:00,448,2
31-01-2006 00:00,453,2
01-02-2006 00:00,461,2
02-02-2006 00:00,472,2
03-02-2006 00:00,481,2
04-02-2006 00:00,488,2
05-02-2006 00:00,494,2
06-02-2006 00:00,484,2
07-02-2006 00:00,452,2
08-02-2006 00:00,429,2
09-02-2006 00:00,1219,2
10-02-2006 00:00,1631,2
11-02-2006 00:00,1838,2
12-02-2006 00:00,1812,2
13-02-2006 00:00,1777,2
14-02-2006 00:00,1771,2
15-02-2006 00:00,1768,2
16-02-2006 00:00,1593,2
17-02-2006 00:00,1410,2
18-02-2006 00:00,1394,2
19-02-2006 00:00,1347,2
20-02-2006 00:00,1318,2
21-02-2006 00:00,1331,2
22-02-2006 00:00,1325,2
23-02-2006 00:00,1323,2
24-02-2006 00:00,1323,2
25-02-2006 00:00,1344,2
26-02-2006 00:00,1350,2
27-02-2006 00:00,1307,2
28-02-2006 00:00,1322,2
01-03-2006 00:00,1288,2
02-03-2006 00:00,1304,2
03-03-2006 00:00,1319,2
04-03-2006 00:00,1311,2
05-03-2006 00:00,1303,2
06-03-2006 00:00,1292,2
07-03-2006 00:00,1334,2
08-03-2006 00:00,1313,2
09-03-2006 00:00,1325,2
10-03-2006 00:00,1317,2
11-03-2006 00:00,1322,2
12-03-2006 00:00,1309,2
13-03-2006 00:00,1296,2
14-03-2006 00:00,1288,2
15-03-2006 00:00,1290,2
16-03-2006 00:00,1294,2
17-03-2006 00:00,1293,2
18-03-2006 00:00,1301,2
19-03-2006 00:00,1297,2
20-03-2006 00:00,1282,2
21-03-2006 00:00,1261,2
22-03-2006 00:00,1283,2
23-03-2006 00:00,1291,2
24-03-2006 00:00,1292,2
25-03-2006 00:00,1323,2
26-03-2006 00:00,1319,2
27-03-2006 00:00,1333,2
28-03-2006 00:00,2015,2
29-03-2006 00:00,1998,2
30-03-2006 00:00,1997,2
31-03-2006 00:00,2004,2
01-04-2006 00:00,1992,2
02-04-2006 00:00,1995,2
03-04-2006 00:00,1928,2
04-04-2006 00:00,1780,2
05-04-2006 00:00,1774,2
06-04-2006 00:00,1793,2
07-04-2006 00:00,2593,2
08-04-2006 00:00,2956,2
09-04-2006 00:00,3008,2
10-04-2006 00:00,3060,2
11-04-2006 00:00,3001,2
12-04-2006 00:00,3051,2
13-04-2006 00:00,2986,2
14-04-2006 00:00,3035,2
15-04-2006 00:00,3083,2
16-04-2006 00:00,3179,2
17-04-2006 00:00,3179,2
18-04-2006 00:00,3104,2
19-04-2006 00:00,3200,2
20-04-2006 00:00,3145,2
21-04-2006 00:00,3243,2
22-04-2006 00:00,3289,2
23-04-2006 00:00,3336,2
24-04-2006 00:00,3382,2
25-04-2006 00:00,3429,2
26-04-2006 00:00,3336,2
27-04-2006 00:00,3437,2
28-04-2006 00:00,3340,2
29-04-2006 00:00,3528,2
30-04-2006 00:00,3573,2
01-05-2006 00:00,3618,2
02-05-2006 00:00,2013.839,2
03-05-2006 00:00,1069.362,2
04-05-2006 00:00,1054.324,2
05-05-2006 00:00,1077.775,2
06-05-2006 00:00,1063.799,2
07-05-2006 00:00,1042.879,2
08-05-2006 00:00,1030.3,2
09-05-2006 00:00,975.135,2
10-05-2006 00:00,959.371,2
11-05-2006 00:00,940.528,2
12-05-2006 00:00,931.897,2
13-05-2006 00:00,913.724,2
14-05-2006 00:00,891.364,2
15-05-2006 00:00,479,2
16-05-2006 00:00,427,2
17-05-2006 00:00,533,2
18-05-2006 00:00,536,2
19-05-2006 00:00,544,2
20-05-2006 00:00,511,2
21-05-2006 00:00,521,2
22-05-2006 00:00,623,2
23-05-2006 00:00,738,2
24-05-2006 00:00,752,2
25-05-2006 00:00,751,2
26-05-2006 00:00,747,2
27-05-2006 00:00,730,2
28-05-2006 00:00,723,2
29-05-2006 00:00,737,2
30-05-2006 00:00,706,2
31-05-2006 00:00,719,2
01-06-2006 00:00,710,2
02-06-2006 00:00,657,2
03-06-2006 00:00,634,2
04-06-2006 00:00,609,2
05-06-2006 00:00,668,2
06-06-2006 00:00,669,2
07-06-2006 00:00,666,2
08-06-2006 00:00,662,2
09-06-2006 00:00,658,2
10-06-2006 00:00,653,2
11-06-2006 00:00,587,2
12-06-2006 00:00,450,2
13-06-2006 00:00,401,2
14-06-2006 00:00,417,2
15-06-2006 00:00,412,2
16-06-2006 00:00,475,2
17-06-2006 00:00,525,2
18-06-2006 00:00,511,2
19-06-2006 00:00,523,2
20-06-2006 00:00,614,2
21-06-2006 00:00,635,2
22-06-2006 00:00,633,2
23-06-2006 00:00,634,2
24-06-2006 00:00,624,2
25-06-2006 00:00,639,2
26-06-2006 00:00,606,2
27-06-2006 00:00,643,2
28-06-2006 00:00,660,2
29-06-2006 00:00,656,2
30-06-2006 00:00,585,2
01-07-2006 00:00,418,2
02-07-2006 00:00,373,2
03-07-2006 00:00,425,2
04-07-2006 00:00,473,2
05-07-2006 00:00,443,2
06-07-2006 00:00,442,2
07-07-2006 00:00,420,2
08-07-2006 00:00,400,2
09-07-2006 00:00,413,2
10-07-2006 00:00,359,2
11-07-2006 00:00,394,2
12-07-2006 00:00,488,2
13-07-2006 00:00,485,2
14-07-2006 00:00,475,2
15-07-2006 00:00,426,2
16-07-2006 00:00,430,2
17-07-2006 00:00,452,2
18-07-2006 00:00,430,2
19-07-2006 00:00,443,2
20-07-2006 00:00,430,2
21-07-2006 00:00,423,2
22-07-2006 00:00,426,2
23-07-2006 00:00,414,2
24-07-2006 00:00,389,2
25-07-2006 00:00,356,2
26-07-2006 00:00,326,2
27-07-2006 00:00,295,2
28-07-2006 00:00,287,2
29-07-2006 00:00,265,2
30-07-2006 00:00,229,2
31-07-2006 00:00,280,2
01-08-2006 00:00,306,2
02-08-2006 00:00,299,2
03-08-2006 00:00,290,2
04-08-2006 00:00,287,2
05-08-2006 00:00,315,2
06-08-2006 00:00,363,2
07-08-2006 00:00,286,2
08-08-2006 00:00,153,2
09-08-2006 00:00,314,2
10-08-2006 00:00,315,2
11-08-2006 00:00,344,2
12-08-2006 00:00,301,2
13-08-2006 00:00,265,2
14-08-2006 00:00,230,2
15-08-2006 00:00,209,2
16-08-2006 00:00,262,2
17-08-2006 00:00,212,2
18-08-2006 00:00,208,2
19-08-2006 00:00,263,2
20-08-2006 00:00,296,2
21-08-2006 00:00,272,2
22-08-2006 00:00,262,2
23-08-2006 00:00,318,2
24-08-2006 00:00,398,2
25-08-2006 00:00,412,2
26-08-2006 00:00,449,2
27-08-2006 00:00,461,2
28-08-2006 00:00,474,2
29-08-2006 00:00,426,2
30-08-2006 00:00,470,2
31-08-2006 00:00,489,2
01-09-2006 00:00,514,2
02-09-2006 00:00,542,2
03-09-2006 00:00,564,2
04-09-2006 00:00,524,2
05-09-2006 00:00,527,2
06-09-2006 00:00,558,2
07-09-2006 00:00,553,2
08-09-2006 00:00,561,2
09-09-2006 00:00,553,2
10-09-2006 00:00,551,2
11-09-2006 00:00,552,2
12-09-2006 00:00,553,2
13-09-2006 00:00,549,2
14-09-2006 00:00,551,2
15-09-2006 00:00,553,2
16-09-2006 00:00,555,2
17-09-2006 00:00,558,2
18-09-2006 00:00,503,2
19-09-2006 00:00,373,2
20-09-2006 00:00,360,2
21-09-2006 00:00,384,2
22-09-2006 00:00,409,2
23-09-2006 00:00,404,2
24-09-2006 00:00,415,2
25-09-2006 00:00,434,2
26-09-2006 00:00,435,2
27-09-2006 00:00,435,2
28-09-2006 00:00,456,2
29-09-2006 00:00,469,2
30-09-2006 00:00,461,2
01-10-2006 00:00,445,2
02-10-2006 00:00,410,2
03-10-2006 00:00,411,2
04-10-2006 00:00,416,2
05-10-2006 00:00,434,2
06-10-2006 00:00,428,2
07-10-2006 00:00,424,2
08-10-2006 00:00,446,2
09-10-2006 00:00,444,2
10-10-2006 00:00,429,2
11-10-2006 00:00,426,2
12-10-2006 00:00,408,2
13-10-2006 00:00,401,2
14-10-2006 00:00,390,2
15-10-2006 00:00,416,2
16-10-2006 00:00,446,2
17-10-2006 00:00,464,2
18-10-2006 00:00,429,2
19-10-2006 00:00,474,2
20-10-2006 00:00,525,2
21-10-2006 00:00,521,2
22-10-2006 00:00,523,2
23-10-2006 00:00,486,2
24-10-2006 00:00,464,2
25-10-2006 00:00,480,2
26-10-2006 00:00,484,2
27-10-2006 00:00,479,2
28-10-2006 00:00,501,2
29-10-2006 00:00,510,2
30-10-2006 00:00,1412,2
31-10-2006 00:00,1488,2
01-11-2006 00:00,1528,2
02-11-2006 00:00,1513,2
03-11-2006 00:00,1508,2
04-11-2006 00:00,1502,2
05-11-2006 00:00,1513,2
06-11-2006 00:00,1521,2
07-11-2006 00:00,1535,2
08-11-2006 00:00,1540,2
09-11-2006 00:00,1552,2
10-11-2006 00:00,1567,2
11-11-2006 00:00,1560,2
12-11-2006 00:00,1555,2
13-11-2006 00:00,2360,2
14-11-2006 00:00,2408,2
15-11-2006 00:00,2424,2
16-11-2006 00:00,3559.021,2
17-11-2006 00:00,3822.041,2
18-11-2006 00:00,3834.06,2
19-11-2006 00:00,3815.296,2
20-11-2006 00:00,3819.693,2
21-11-2006 00:00,3833.326,2
22-11-2006 00:00,3886.619,2
23-11-2006 00:00,3919.844,2
24-11-2006 00:00,3863.767,2
25-11-2006 00:00,3875.113,2
26-11-2006 00:00,3857.293,2
27-11-2006 00:00,3860.222,2
28-11-2006 00:00,3772.849,2
29-11-2006 00:00,3727.378,2
30-11-2006 00:00,3707.724,2
01-12-2006 00:00,3717.072,2
02-12-2006 00:00,3726.835,2
03-12-2006 00:00,3807.206,2
04-12-2006 00:00,3794.849,2
05-12-2006 00:00,3700.914,2
06-12-2006 00:00,4117.479,2
07-12-2006 00:00,4667.267,2
08-12-2006 00:00,4736.892,2
09-12-2006 00:00,4686.915,2
10-12-2006 00:00,4656.285,2
11-12-2006 00:00,4658.98,2
12-12-2006 00:00,4660.623,2
13-12-2006 00:00,4596.22,2
14-12-2006 00:00,4587.975,2
15-12-2006 00:00,4718.013,2
16-12-2006 00:00,4762.75,2
17-12-2006 00:00,4776.982,2
18-12-2006 00:00,4805.076,2
19-12-2006 00:00,4733.389,2
20-12-2006 00:00,4765.092,2
21-12-2006 00:00,4698.085,2
22-12-2006 00:00,4657.694,2
23-12-2006 00:00,4654.454,2
24-12-2006 00:00,4638.702,2
25-12-2006 00:00,4632.176,2
26-12-2006 00:00,4582.562,2
27-12-2006 00:00,4479.951,2
28-12-2006 00:00,4488.323,2
29-12-2006 00:00,4512.523,2
30-12-2006 00:00,4528.064,2
31-12-2006 00:00,4507.828,2
01-01-2007 00:00,4370.361,2
02-01-2007 00:00,4457.084,2
03-01-2007 00:00,4496.303,2
04-01-2007 00:00,4553.405,2
05-01-2007 00:00,4505.938,2
06-01-2007 00:00,4505.704,2
07-01-2007 00:00,4531.288,2
08-01-2007 00:00,4569.005,2
09-01-2007 00:00,4529.71,2
10-01-2007 00:00,4520.563,2
11-01-2007 00:00,4534.236,2
12-01-2007 00:00,4463.313,2
13-01-2007 00:00,4573.574,2
14-01-2007 00:00,4362.56,2
15-01-2007 00:00,4582.475,2
16-01-2007 00:00,4672.108,2
17-01-2007 00:00,4702.413,2
18-01-2007 00:00,4798.472,2
19-01-2007 00:00,4920.386,2
20-01-2007 00:00,5072.182,2
21-01-2007 00:00,5293.827,2
22-01-2007 00:00,5506.741,2
23-01-2007 00:00,5645.397,2
24-01-2007 00:00,5729.235,2
25-01-2007 00:00,5736.109,2
26-01-2007 00:00,5652.948,2
27-01-2007 00:00,5711.258,2
28-01-2007 00:00,5594.264,2
29-01-2007 00:00,5753.308,2
30-01-2007 00:00,5714.169,2
31-01-2007 00:00,5653.656,2
01-02-2007 00:00,5801.647,2
02-02-2007 00:00,5755.429,2
03-02-2007 00:00,5735.391,2
04-02-2007 00:00,5695.156,2
05-02-2007 00:00,5721.126,2
06-02-2007 00:00,5808.544,2
07-02-2007 00:00,5834.575,2
08-02-2007 00:00,5852.141,2
09-02-2007 00:00,5888.64,2
10-02-2007 00:00,5791.146,2
11-02-2007 00:00,5791.86,2
12-02-2007 00:00,5704.39,2
13-02-2007 00:00,5514.568,2
14-02-2007 00:00,5472.441,2
15-02-2007 00:00,5393.851,2
16-02-2007 00:00,5343.761,2
17-02-2007 00:00,5351.011,2
18-02-2007 00:00,5192.828,2
19-02-2007 00:00,5106.574,2
20-02-2007 00:00,5092.269,2
21-02-2007 00:00,5562.048,2
22-02-2007 00:00,5499.034,2
23-02-2007 00:00,4792.486,2
24-02-2007 00:00,5119.073,2
25-02-2007 00:00,5106.444,2
26-02-2007 00:00,5007.779,2
27-02-2007 00:00,5009.737,2
28-02-2007 00:00,5139.143,2
01-03-2007 00:00,5194.044,2
02-03-2007 00:00,5248.866,2
03-03-2007 00:00,5249.767,2
04-03-2007 00:00,5244.695,2
05-03-2007 00:00,5313.392,2
06-03-2007 00:00,5310.687,2
07-03-2007 00:00,5368.689,2
08-03-2007 00:00,5341.079,2
09-03-2007 00:00,5366.264,2
10-03-2007 00:00,5331.381,2
11-03-2007 00:00,5325.888,2
12-03-2007 00:00,5345.397,2
13-03-2007 00:00,5302.5,2
14-03-2007 00:00,5181.255,2
15-03-2007 00:00,5161.729,2
16-03-2007 00:00,5087.86,2
17-03-2007 00:00,4931.848,2
18-03-2007 00:00,4947.815,2
19-03-2007 00:00,4911.707,2
20-03-2007 00:00,5066.899,2
21-03-2007 00:00,5068.24,2
22-03-2007 00:00,5017.121,2
23-03-2007 00:00,4985.122,2
24-03-2007 00:00,4938.672,2
25-03-2007 00:00,4793.466,2
26-03-2007 00:00,4731.319,2
27-03-2007 00:00,4667.681,2
28-03-2007 00:00,4605.476,2
29-03-2007 00:00,4570.942,2
30-03-2007 00:00,4504.724,2
31-03-2007 00:00,4415.24,2
01-04-2007 00:00,4354.639,2
02-04-2007 00:00,4259.167,2
03-04-2007 00:00,4251.593,2
04-04-2007 00:00,4063.643,2
05-04-2007 00:00,3873.504,2
06-04-2007 00:00,3934.654,2
07-04-2007 00:00,3848.208,2
08-04-2007 00:00,3495.433,2
09-04-2007 00:00,3162.253,2
10-04-2007 00:00,3130.829,2
11-04-2007 00:00,1791.399,2
12-04-2007 00:00,1152.265,2
13-04-2007 00:00,1175.163,2
14-04-2007 00:00,1177.288,2
15-04-2007 00:00,1141.558,2
16-04-2007 00:00,1130.552,2
17-04-2007 00:00,1095.558,2
18-04-2007 00:00,1051.345,2
19-04-2007 00:00,1050.486,2
20-04-2007 00:00,1046.532,2
21-04-2007 00:00,1027.261,2
22-04-2007 00:00,1036.88,2
23-04-2007 00:00,1018.737,2
24-04-2007 00:00,1022.668,2
25-04-2007 00:00,1038.998,2
26-04-2007 00:00,1052.437,2
27-04-2007 00:00,1010.118,2
28-04-2007 00:00,1007.087,2
29-04-2007 00:00,992.616,2
30-04-2007 00:00,704.53,2
01-05-2007 00:00,484.75,2
02-05-2007 00:00,485.864,2
03-05-2007 00:00,476.525,2
04-05-2007 00:00,480.864,2
05-05-2007 00:00,465.509,2
06-05-2007 00:00,462.249,2
07-05-2007 00:00,449.999,2
08-05-2007 00:00,432.167,2
09-05-2007 00:00,443.065,2
10-05-2007 00:00,436.581,2
11-05-2007 00:00,460.569,2
12-05-2007 00:00,445.498,2
13-05-2007 00:00,442.643,2
14-05-2007 00:00,446.461,2
15-05-2007 00:00,438.554,2
16-05-2007 00:00,438.18,2
17-05-2007 00:00,418.853,2
18-05-2007 00:00,458.786,2
19-05-2007 00:00,421.485,2
20-05-2007 00:00,446.667,2
21-05-2007 00:00,447.969,2
22-05-2007 00:00,443.75,2
23-05-2007 00:00,443.963,2
24-05-2007 00:00,450.938,2
25-05-2007 00:00,476.887,2
26-05-2007 00:00,460.883,2
27-05-2007 00:00,460.102,2
28-05-2007 00:00,475.475,2
29-05-2007 00:00,476.063,2
30-05-2007 00:00,467.305,2
31-05-2007 00:00,498.416,2
01-06-2007 00:00,492.89,2
02-06-2007 00:00,485.024,2
03-06-2007 00:00,477.009,2
04-06-2007 00:00,489.306,2
05-06-2007 00:00,510.643,2
06-06-2007 00:00,519.067,2
07-06-2007 00:00,475.426,2
08-06-2007 00:00,415.972,2
09-06-2007 00:00,400.613,2
10-06-2007 00:00,395.288,2
11-06-2007 00:00,401.837,2
12-06-2007 00:00,378.466,2
13-06-2007 00:00,341.518,2
14-06-2007 00:00,360.215,2
15-06-2007 00:00,337.595,2
16-06-2007 00:00,341.516,2
17-06-2007 00:00,370.632,2
18-06-2007 00:00,1273.302,2
19-06-2007 00:00,1941.733,2
20-06-2007 00:00,1960.854,2
21-06-2007 00:00,1937.9,2
22-06-2007 00:00,1943.994,2
23-06-2007 00:00,1911.519,2
24-06-2007 00:00,1908.542,2
25-06-2007 00:00,2491.638,2
26-06-2007 00:00,3049.844,2
27-06-2007 00:00,3159.778,2
28-06-2007 00:00,3312.344,2
29-06-2007 00:00,3256.675,2
30-06-2007 00:00,3530.609,2
01-07-2007 00:00,4007.326,2
02-07-2007 00:00,4016.239,2
03-07-2007 00:00,4071.099,2
04-07-2007 00:00,4060.47,2
05-07-2007 00:00,4453.302,2
06-07-2007 00:00,5191.275,2
07-07-2007 00:00,5214.045,2
08-07-2007 00:00,5180.311,2
09-07-2007 00:00,5407.694,2
10-07-2007 00:00,5598.231,2
11-07-2007 00:00,5629.001,2
12-07-2007 00:00,5569.892,2
13-07-2007 00:00,5669.558,2
14-07-2007 00:00,5603.366,2
15-07-2007 00:00,5518.397,2
16-07-2007 00:00,5633.346,2
17-07-2007 00:00,5550.845,2
18-07-2007 00:00,5504.088,2
19-07-2007 00:00,5446.51,2
20-07-2007 00:00,5386.758,2
21-07-2007 00:00,5354.681,2
22-07-2007 00:00,5318.769,2
23-07-2007 00:00,5384.949,2
24-07-2007 00:00,5112.504,2
25-07-2007 00:00,5415.806,2
26-07-2007 00:00,5714.325,2
27-07-2007 00:00,5671.842,2
28-07-2007 00:00,5714.339,2
29-07-2007 00:00,5649.201,2
30-07-2007 00:00,5649.875,2
31-07-2007 00:00,5529.559,2
01-08-2007 00:00,5519.137,2
02-08-2007 00:00,5551.98,2
03-08-2007 00:00,5444.442,2
04-08-2007 00:00,5423.231,2
05-08-2007 00:00,5337.374,2
06-08-2007 00:00,5295.454,2
07-08-2007 00:00,5266.567,2
08-08-2007 00:00,5155.316,2
09-08-2007 00:00,5068.358,2
10-08-2007 00:00,5109.204,2
11-08-2007 00:00,5117.05,2
12-08-2007 00:00,5036.373,2
13-08-2007 00:00,4960.852,2
14-08-2007 00:00,4884.091,2
15-08-2007 00:00,4815.889,2
16-08-2007 00:00,4754.433,2
17-08-2007 00:00,4695.897,2
18-08-2007 00:00,4705.341,2
19-08-2007 00:00,4663.011,2
20-08-2007 00:00,4687.062,2
21-08-2007 00:00,4612.567,2
22-08-2007 00:00,4502.034,2
23-08-2007 00:00,4468.049,2
24-08-2007 00:00,4362.343,2
25-08-2007 00:00,4183.022,2
26-08-2007 00:00,4108.974,2
27-08-2007 00:00,4014.267,2
28-08-2007 00:00,4051.656,2
29-08-2007 00:00,3928.508,2
30-08-2007 00:00,3904.768,2
31-08-2007 00:00,3820.436,2
01-09-2007 00:00,3857.639,2
02-09-2007 00:00,3750.219,2
03-09-2007 00:00,3701.618,2
04-09-2007 00:00,3722.589,2
05-09-2007 00:00,3690.403,2
06-09-2007 00:00,3603.564,2
07-09-2007 00:00,3537.792,2
08-09-2007 00:00,3391.483,2
09-09-2007 00:00,3414.417,2
10-09-2007 00:00,3438.869,2
11-09-2007 00:00,3466.443,2
12-09-2007 00:00,3363.847,2
13-09-2007 00:00,3381.194,2
14-09-2007 00:00,3311.847,2
15-09-2007 00:00,3025.102,2
16-09-2007 00:00,3201.584,2
17-09-2007 00:00,3163.345,2
18-09-2007 00:00,3125.982,2
19-09-2007 00:00,3152.157,2
20-09-2007 00:00,3113.52,2
21-09-2007 00:00,3134.822,2
22-09-2007 00:00,3091.463,2
23-09-2007 00:00,3106.793,2
24-09-2007 00:00,3094.868,2
25-09-2007 00:00,3077.449,2
26-09-2007 00:00,3039.009,2
27-09-2007 00:00,3063.223,2
28-09-2007 00:00,3130.495,2
29-09-2007 00:00,3054.065,2
30-09-2007 00:00,3060.711,2
01-10-2007 00:00,3052.584,2
02-10-2007 00:00,3050.43,2
03-10-2007 00:00,3062.581,2
04-10-2007 00:00,3064.167,2
05-10-2007 00:00,3121.529,2
06-10-2007 00:00,3117.943,2
07-10-2007 00:00,3073.025,2
08-10-2007 00:00,3025.773,2
09-10-2007 00:00,3032.842,2
10-10-2007 00:00,2983.183,2
11-10-2007 00:00,2947.398,2
12-10-2007 00:00,2827.165,2
13-10-2007 00:00,2757.135,2
14-10-2007 00:00,2735.806,2
15-10-2007 00:00,2794.445,2
16-10-2007 00:00,2785.744,2
17-10-2007 00:00,2770.84,2
18-10-2007 00:00,2750.623,2
19-10-2007 00:00,2757.185,2
20-10-2007 00:00,2712.608,2
21-10-2007 00:00,2694.577,2
22-10-2007 00:00,2648.024,2
23-10-2007 00:00,2656.558,2
24-10-2007 00:00,2612.274,2
25-10-2007 00:00,2544.491,2
26-10-2007 00:00,2563.557,2
27-10-2007 00:00,2506.737,2
28-10-2007 00:00,2502.906,2
29-10-2007 00:00,2248.909,2
30-10-2007 00:00,1976.499,2
31-10-2007 00:00,1936.037,2
01-11-2007 00:00,1912.605,2
02-11-2007 00:00,1919.255,2
03-11-2007 00:00,1886.715,2
04-11-2007 00:00,1916.672,2
05-11-2007 00:00,1892.138,2
06-11-2007 00:00,1866.934,2
07-11-2007 00:00,1860.989,2
08-11-2007 00:00,1872.986,2
09-11-2007 00:00,1885.846,2
10-11-2007 00:00,1901.948,2
11-11-2007 00:00,1918.11,2
12-11-2007 00:00,1944.198,2
13-11-2007 00:00,1978.872,2
14-11-2007 00:00,2104.46,2
15-11-2007 00:00,2207.71,2
16-11-2007 00:00,2199.707,2
17-11-2007 00:00,2175.098,2
18-11-2007 00:00,2193.412,2
19-11-2007 00:00,2252.784,2
20-11-2007 00:00,2207.393,2
21-11-2007 00:00,2246.705,2
22-11-2007 00:00,2199.805,2
23-11-2007 00:00,2154.616,2
24-11-2007 00:00,2183.539,2
25-11-2007 00:00,2115.539,2
26-11-2007 00:00,2071.166,2
27-11-2007 00:00,1992.245,2
28-11-2007 00:00,1938.92,2
29-11-2007 00:00,1953.176,2
30-11-2007 00:00,1926.658,2
01-12-2007 00:00,1931.122,2
02-12-2007 00:00,1958.733,2
03-12-2007 00:00,2133.329,2
04-12-2007 00:00,2344.985,2
05-12-2007 00:00,2352.107,2
06-12-2007 00:00,2349.758,2
07-12-2007 00:00,2376.634,2
08-12-2007 00:00,2379.157,2
09-12-2007 00:00,2472.582,2
10-12-2007 00:00,2459.418,2
11-12-2007 00:00,2606.026,2
12-12-2007 00:00,2737.029,2
13-12-2007 00:00,2684.553,2
14-12-2007 00:00,2669.36,2
15-12-2007 00:00,2688.012,2
16-12-2007 00:00,2604.468,2
17-12-2007 00:00,2718.078,2
18-12-2007 00:00,2707.283,2
19-12-2007 00:00,2676.768,2
20-12-2007 00:00,2431.57,2
21-12-2007 00:00,2250.785,2
22-12-2007 00:00,2251.974,2
23-12-2007 00:00,2227.159,2
24-12-2007 00:00,2237.215,2
25-12-2007 00:00,2299.532,2
26-12-2007 00:00,2199.074,2
27-12-2007 00:00,2215.653,2
28-12-2007 00:00,2222.481,2
29-12-2007 00:00,2229.753,2
30-12-2007 00:00,2206.815,2
31-12-2007 00:00,2207.004,2
01-01-2008 00:00,2286.39,2
02-01-2008 00:00,2281.65,2
03-01-2008 00:00,2349.25,2
04-01-2008 00:00,1677.28,2
05-01-2008 00:00,1927.34,2
06-01-2008 00:00,2053.49,2
07-01-2008 00:00,2075.44,2
08-01-2008 00:00,2030.14,2
09-01-2008 00:00,2046.21,2
10-01-2008 00:00,2058,2
11-01-2008 00:00,2114.74,2
12-01-2008 00:00,2094.64,2
13-01-2008 00:00,2135.63,2
14-01-2008 00:00,2128.4,2
15-01-2008 00:00,2195.24,2
16-01-2008 00:00,2250.07,2
17-01-2008 00:00,2264.73,2
18-01-2008 00:00,2270.98,2
19-01-2008 00:00,2250.75,2
20-01-2008 00:00,2310,2
21-01-2008 00:00,2270.76,2
22-01-2008 00:00,2306.94,2
23-01-2008 00:00,2282.91,2
24-01-2008 00:00,2270.02,2
25-01-2008 00:00,2245.65,2
26-01-2008 00:00,2248.89,2
27-01-2008 00:00,2344.89,2
28-01-2008 00:00,2380.66,2
29-01-2008 00:00,2360.82,2
30-01-2008 00:00,2340.78,2
31-01-2008 00:00,2385.15,2
01-02-2008 00:00,2347.29,2
02-02-2008 00:00,2372.43,2
03-02-2008 00:00,2420.08,2
04-02-2008 00:00,2463.91,2
05-02-2008 00:00,2457.85,2
06-02-2008 00:00,2418.11,2
07-02-2008 00:00,2472.21,2
08-02-2008 00:00,2366.91,2
09-02-2008 00:00,2305.26,2
10-02-2008 00:00,2297.97,2
11-02-2008 00:00,2277.07,2
12-02-2008 00:00,2221.89,2
13-02-2008 00:00,2275.56,2
14-02-2008 00:00,2307.11,2
15-02-2008 00:00,2285.5,2
16-02-2008 00:00,2254.21,2
17-02-2008 00:00,2199.6,2
18-02-2008 00:00,1989.88,2
19-02-2008 00:00,1772.92,2
20-02-2008 00:00,1804.82,2
21-02-2008 00:00,1793.56,2
22-02-2008 00:00,1778.51,2
23-02-2008 00:00,1679.72,2
24-02-2008 00:00,1660.3,2
25-02-2008 00:00,1700.44,2
26-02-2008 00:00,1846.63,2
27-02-2008 00:00,1802.53,2
28-02-2008 00:00,1842.91,2
29-02-2008 00:00,1835.66,2
01-03-2008 00:00,1827.39,2
02-03-2008 00:00,1820.85,2
03-03-2008 00:00,1854.12,2
04-03-2008 00:00,1926.31,2
05-03-2008 00:00,1919.47,2
06-03-2008 00:00,1892.66,2
07-03-2008 00:00,1941.74,2
08-03-2008 00:00,1948.18,2
09-03-2008 00:00,1959.97,2
10-03-2008 00:00,1935.84,2
11-03-2008 00:00,1975.51,2
12-03-2008 00:00,1992.76,2
13-03-2008 00:00,2027.85,2
14-03-2008 00:00,2057.7,2
15-03-2008 00:00,2069.8,2
16-03-2008 00:00,2101.81,2
17-03-2008 00:00,1837.36,2
18-03-2008 00:00,1561.81,2
19-03-2008 00:00,1567.86,2
20-03-2008 00:00,1566.04,2
21-03-2008 00:00,1883.83,2
22-03-2008 00:00,2160.71,2
23-03-2008 00:00,2204.78,2
24-03-2008 00:00,2222.91,2
25-03-2008 00:00,2261.72,2
26-03-2008 00:00,2315,2
27-03-2008 00:00,2309.83,2
28-03-2008 00:00,2397.18,2
29-03-2008 00:00,2434.42,2
30-03-2008 00:00,2434.68,2
31-03-2008 00:00,2415.37,2
01-04-2008 00:00,2104.55,2
02-04-2008 00:00,1960.57,2
03-04-2008 00:00,1952.34,2
04-04-2008 00:00,1932.48,2
05-04-2008 00:00,1949.54,2
06-04-2008 00:00,1939.18,2
07-04-2008 00:00,1933.91,2
08-04-2008 00:00,1938.94,2
09-04-2008 00:00,1944.45,2
10-04-2008 00:00,1940.05,2
11-04-2008 00:00,1939.54,2
12-04-2008 00:00,1925.58,2
13-04-2008 00:00,1911.79,2
14-04-2008 00:00,1937.49,2
15-04-2008 00:00,1925.84,2
16-04-2008 00:00,1909.58,2
17-04-2008 00:00,1933.21,2
18-04-2008 00:00,1915.47,2
19-04-2008 00:00,1897.47,2
20-04-2008 00:00,1920.39,2
21-04-2008 00:00,1932.94,2
22-04-2008 00:00,1909.71,2
23-04-2008 00:00,1904.68,2
24-04-2008 00:00,1900.53,2
25-04-2008 00:00,1896.9,2
26-04-2008 00:00,1884.06,2
27-04-2008 00:00,1860.94,2
28-04-2008 00:00,1915.14,2
29-04-2008 00:00,1836.99,2
30-04-2008 00:00,1779.97,2
01-05-2008 00:00,1854.33,2
02-05-2008 00:00,1830.03,2
03-05-2008 00:00,1861.63,2
04-05-2008 00:00,1879.61,2
05-05-2008 00:00,1274.36,2
06-05-2008 00:00,927.53,2
07-05-2008 00:00,827.77,2
08-05-2008 00:00,827.26,2
09-05-2008 00:00,898.79,2
10-05-2008 00:00,910.95,2
11-05-2008 00:00,904.62,2
12-05-2008 00:00,905.25,2
13-05-2008 00:00,876.13,2
14-05-2008 00:00,846.7,2
15-05-2008 00:00,886.98,2
16-05-2008 00:00,849.26,2
17-05-2008 00:00,848.33,2
18-05-2008 00:00,860.76,2
19-05-2008 00:00,734.65,2
20-05-2008 00:00,664.42,2
21-05-2008 00:00,787.01,2
22-05-2008 00:00,795.67,2
23-05-2008 00:00,562.58,2
24-05-2008 00:00,477.38,2
25-05-2008 00:00,357.33,2
26-05-2008 00:00,327.29,2
27-05-2008 00:00,509.48,2
28-05-2008 00:00,486.93,2
29-05-2008 00:00,455.28,2
30-05-2008 00:00,432.78,2
31-05-2008 00:00,449.33,2
01-06-2008 00:00,451.75,2
02-06-2008 00:00,438.51,2
03-06-2008 00:00,433.16,2
04-06-2008 00:00,386.54,2
05-06-2008 00:00,382.32,2
06-06-2008 00:00,361.38,2
07-06-2008 00:00,367.12,2
08-06-2008 00:00,357.24,2
09-06-2008 00:00,342.1,2
10-06-2008 00:00,334.19,2
11-06-2008 00:00,304.33,2
12-06-2008 00:00,293.75,2
13-06-2008 00:00,304.13,2
14-06-2008 00:00,327.93,2
15-06-2008 00:00,315.24,2
16-06-2008 00:00,326.38,2
17-06-2008 00:00,358.17,2
18-06-2008 00:00,352.6,2
19-06-2008 00:00,365.15,2
20-06-2008 00:00,316.49,2
21-06-2008 00:00,320.94,2
22-06-2008 00:00,318.42,2
23-06-2008 00:00,286.16,2
24-06-2008 00:00,276.01,2
25-06-2008 00:00,262.8,2
26-06-2008 00:00,268,2
27-06-2008 00:00,269.97,2
28-06-2008 00:00,291.55,2
29-06-2008 00:00,244.45,2
30-06-2008 00:00,227.98,2
01-07-2008 00:00,226.51,2
02-07-2008 00:00,213.11,2
03-07-2008 00:00,187.69,2
04-07-2008 00:00,192.85,2
05-07-2008 00:00,186.42,2
06-07-2008 00:00,159.63,2
07-07-2008 00:00,200.33,2
08-07-2008 00:00,266.36,2
09-07-2008 00:00,267.62,2
10-07-2008 00:00,271.73,2
11-07-2008 00:00,253.83,2
12-07-2008 00:00,256.24,2
13-07-2008 00:00,225.53,2
14-07-2008 00:00,214.02,2
15-07-2008 00:00,212.01,2
16-07-2008 00:00,201.85,2
17-07-2008 00:00,225.84,2
18-07-2008 00:00,215.61,2
19-07-2008 00:00,233.94,2
20-07-2008 00:00,241.21,2
21-07-2008 00:00,230.46,2
22-07-2008 00:00,197.14,2
23-07-2008 00:00,208.48,2
24-07-2008 00:00,232.9,2
25-07-2008 00:00,212.75,2
26-07-2008 00:00,215.64,2
27-07-2008 00:00,222.69,2
28-07-2008 00:00,226.02,2
29-07-2008 00:00,200.27,2
30-07-2008 00:00,216.17,2
31-07-2008 00:00,264.18,2
01-08-2008 00:00,251.17,2
02-08-2008 00:00,236.23,2
03-08-2008 00:00,247.52,2
04-08-2008 00:00,205.51,2
05-08-2008 00:00,222.84,2
06-08-2008 00:00,227.66,2
07-08-2008 00:00,217.48,2
08-08-2008 00:00,191.87,2
09-08-2008 00:00,168.47,2
10-08-2008 00:00,167.76,2
11-08-2008 00:00,151.98,2
12-08-2008 00:00,158.26,2
13-08-2008 00:00,157.51,2
14-08-2008 00:00,139.98,2
15-08-2008 00:00,142.78,2
16-08-2008 00:00,154.03,2
17-08-2008 00:00,127.33,2
18-08-2008 00:00,194.44,2
19-08-2008 00:00,238.98,2
20-08-2008 00:00,218.35,2
21-08-2008 00:00,214.61,2
22-08-2008 00:00,210.3,2
23-08-2008 00:00,209.2,2
24-08-2008 00:00,202.67,2
25-08-2008 00:00,182.79,2
26-08-2008 00:00,182.89,2
27-08-2008 00:00,195.2,2
28-08-2008 00:00,175.9,2
29-08-2008 00:00,175.74,2
30-08-2008 00:00,172.33,2
31-08-2008 00:00,147.52,2
01-09-2008 00:00,190.18,2
02-09-2008 00:00,238.76,2
03-09-2008 00:00,232.65,2
04-09-2008 00:00,207.51,2
05-09-2008 00:00,210.46,2
06-09-2008 00:00,207.75,2
07-09-2008 00:00,225.78,2
08-09-2008 00:00,209.51,2
09-09-2008 00:00,234.97,2
10-09-2008 00:00,235.72,2
11-09-2008 00:00,219.3,2
12-09-2008 00:00,239.11,2
13-09-2008 00:00,220.18,2
14-09-2008 00:00,222.3,2
15-09-2008 00:00,230.7,2
16-09-2008 00:00,234.97,2
17-09-2008 00:00,250.51,2
18-09-2008 00:00,253.43,2
19-09-2008 00:00,242.43,2
20-09-2008 00:00,213.09,2
21-09-2008 00:00,205.57,2
22-09-2008 00:00,193.44,2
23-09-2008 00:00,205.49,2
24-09-2008 00:00,204.15,2
25-09-2008 00:00,184.04,2
26-09-2008 00:00,162.15,2
27-09-2008 00:00,184.23,2
28-09-2008 00:00,148.82,2
29-09-2008 00:00,183.85,2
30-09-2008 00:00,204.38,2
01-10-2008 00:00,198.8,2
02-10-2008 00:00,194.77,2
03-10-2008 00:00,184.47,2
04-10-2008 00:00,166.49,2
05-10-2008 00:00,158.95,2
06-10-2008 00:00,199.82,2
07-10-2008 00:00,219.26,2
08-10-2008 00:00,188.3,2
09-10-2008 00:00,160.43,2
10-10-2008 00:00,402.39,2
11-10-2008 00:00,402.08,2
12-10-2008 00:00,274.62,2
13-10-2008 00:00,277.15,2
14-10-2008 00:00,273,2
15-10-2008 00:00,288.67,2
16-10-2008 00:00,280.94,2
17-10-2008 00:00,284.07,2
18-10-2008 00:00,285.7,2
19-10-2008 00:00,287.66,2
20-10-2008 00:00,478.79,2
21-10-2008 00:00,665.16,2
22-10-2008 00:00,654.74,2
23-10-2008 00:00,656.87,2
24-10-2008 00:00,1170.79,2
25-10-2008 00:00,1475.91,2
26-10-2008 00:00,1481.39,2
27-10-2008 00:00,1472.57,2
28-10-2008 00:00,1499.32,2
29-10-2008 00:00,1506.33,2
30-10-2008 00:00,1521.92,2
31-10-2008 00:00,1514.33,2
01-11-2008 00:00,1473.16,2
02-11-2008 00:00,1490.83,2
03-11-2008 00:00,1487.3,2
04-11-2008 00:00,1477.68,2
05-11-2008 00:00,1521.39,2
06-11-2008 00:00,1575.65,2
07-11-2008 00:00,1521.23,2
08-11-2008 00:00,1491.99,2
09-11-2008 00:00,1490.4,2
10-11-2008 00:00,1441.82,2
11-11-2008 00:00,1382.15,2
12-11-2008 00:00,1381.21,2
13-11-2008 00:00,1395.85,2
14-11-2008 00:00,1667.05,2
15-11-2008 00:00,1979.65,2
16-11-2008 00:00,1994.17,2
17-11-2008 00:00,2083.39,2
18-11-2008 00:00,2125.1,2
19-11-2008 00:00,2119.39,2
20-11-2008 00:00,2118.4,2
21-11-2008 00:00,2344.54,2
22-11-2008 00:00,2564.89,2
23-11-2008 00:00,2530.08,2
24-11-2008 00:00,2442.62,2
25-11-2008 00:00,2408.84,2
26-11-2008 00:00,2367.69,2
27-11-2008 00:00,2343.69,2
28-11-2008 00:00,2389.33,2
29-11-2008 00:00,2398.75,2
30-11-2008 00:00,2611.04,2
01-12-2008 00:00,2899.42,2
02-12-2008 00:00,3083.62,2
03-12-2008 00:00,3193.57,2
04-12-2008 00:00,3379.7,2
05-12-2008 00:00,3488.18,2
06-12-2008 00:00,3526.97,2
07-12-2008 00:00,3596.18,2
08-12-2008 00:00,3602.22,2
09-12-2008 00:00,3685.82,2
10-12-2008 00:00,3721.93,2
11-12-2008 00:00,3758.17,2
12-12-2008 00:00,3809.98,2
13-12-2008 00:00,3881.55,2
14-12-2008 00:00,3875.28,2
15-12-2008 00:00,3781.62,2
16-12-2008 00:00,3626.4,2
17-12-2008 00:00,3594.59,2
18-12-2008 00:00,3645.74,2
19-12-2008 00:00,3588.99,2
20-12-2008 00:00,3412.41,2
21-12-2008 00:00,3443.17,2
22-12-2008 00:00,3452.4,2
23-12-2008 00:00,3590.81,2
24-12-2008 00:00,3609.74,2
25-12-2008 00:00,3609.96,2
26-12-2008 00:00,3554.6,2
27-12-2008 00:00,3479.78,2
28-12-2008 00:00,3510.12,2
29-12-2008 00:00,3422.84,2
30-12-2008 00:00,3378.25,2
31-12-2008 00:00,3391.88,2
01-01-2009 00:00,3408.303,2
02-01-2009 00:00,3368.268,2
03-01-2009 00:00,3337.849,2
04-01-2009 00:00,3328.839,2
05-01-2009 00:00,3296.162,2
06-01-2009 00:00,3290.226,2
07-01-2009 00:00,3240.151,2
08-01-2009 00:00,3181.069,2
09-01-2009 00:00,3121.74,2
10-01-2009 00:00,3084.53,2
11-01-2009 00:00,3078.167,2
12-01-2009 00:00,2997.611,2
13-01-2009 00:00,2945.948,2
14-01-2009 00:00,2913.931,2
15-01-2009 00:00,2903.626,2
16-01-2009 00:00,2880.204,2
17-01-2009 00:00,2897.066,2
18-01-2009 00:00,2892.189,2
19-01-2009 00:00,2886.713,2
20-01-2009 00:00,2880.583,2
21-01-2009 00:00,2873.567,2
22-01-2009 00:00,2876.493,2
23-01-2009 00:00,2961.502,2
24-01-2009 00:00,2859.99,2
25-01-2009 00:00,2856.384,2
26-01-2009 00:00,2862.361,2
27-01-2009 00:00,2842.216,2
28-01-2009 00:00,2845.005,2
29-01-2009 00:00,2846.647,2
30-01-2009 00:00,2738.109,2
31-01-2009 00:00,2570.918,2
01-02-2009 00:00,2545.218,2
02-02-2009 00:00,2581.016,2
03-02-2009 00:00,2548.007,2
04-02-2009 00:00,2289.79,2
05-02-2009 00:00,2121.041,2
06-02-2009 00:00,2083.603,2
07-02-2009 00:00,2095.655,2
08-02-2009 00:00,2087.818,2
09-02-2009 00:00,1971.705,2
10-02-2009 00:00,1861.269,2
11-02-2009 00:00,1832.703,2
12-02-2009 00:00,1790.954,2
13-02-2009 00:00,1802.484,2
14-02-2009 00:00,1773.314,2
15-02-2009 00:00,1789.018,2
16-02-2009 00:00,1814.154,2
17-02-2009 00:00,1780.392,2
18-02-2009 00:00,1649.215,2
19-02-2009 00:00,1457.905,2
20-02-2009 00:00,1404.951,2
21-02-2009 00:00,1421.322,2
22-02-2009 00:00,1429.401,2
23-02-2009 00:00,1398.963,2
24-02-2009 00:00,1433.688,2
25-02-2009 00:00,1442.944,2
26-02-2009 00:00,1412.389,2
27-02-2009 00:00,1444.852,2
28-02-2009 00:00,1456.595,2
01-03-2009 00:00,1466.477,2
02-03-2009 00:00,1449.927,2
03-03-2009 00:00,1455.036,2
04-03-2009 00:00,1485.781,2
05-03-2009 00:00,1505.344,2
06-03-2009 00:00,1484.458,2
07-03-2009 00:00,1467.562,2
08-03-2009 00:00,1483.632,2
09-03-2009 00:00,1510.173,2
10-03-2009 00:00,1512.942,2
11-03-2009 00:00,1507.326,2
12-03-2009 00:00,1526.148,2
13-03-2009 00:00,1512.563,2
14-03-2009 00:00,1512.71,2
15-03-2009 00:00,1538.787,2
16-03-2009 00:00,1532.807,2
17-03-2009 00:00,1480.934,2
18-03-2009 00:00,1486.051,2
19-03-2009 00:00,1493.824,2
20-03-2009 00:00,1477.744,2
21-03-2009 00:00,1447.72,2
22-03-2009 00:00,1425.294,2
23-03-2009 00:00,1283.09,2
24-03-2009 00:00,1178.799,2
25-03-2009 00:00,1182.675,2
26-03-2009 00:00,1157.86,2
27-03-2009 00:00,1159.19,2
28-03-2009 00:00,1169.46,2
29-03-2009 00:00,1161.746,2
30-03-2009 00:00,1171.209,2
31-03-2009 00:00,1105.762,2
01-04-2009 00:00,1110.407,2
02-04-2009 00:00,979.338,2
03-04-2009 00:00,821.049,2
04-04-2009 00:00,798.93,2
05-04-2009 00:00,796.398,2
06-04-2009 00:00,823.92,2
07-04-2009 00:00,824.205,2
08-04-2009 00:00,805.03,2
09-04-2009 00:00,794.096,2
10-04-2009 00:00,772.387,2
11-04-2009 00:00,749.351,2
12-04-2009 00:00,748.736,2
13-04-2009 00:00,776.264,2
14-04-2009 00:00,803.912,2
15-04-2009 00:00,787.339,2
16-04-2009 00:00,729.099,2
17-04-2009 00:00,693.144,2
18-04-2009 00:00,702.283,2
19-04-2009 00:00,685.053,2
20-04-2009 00:00,511.857,2
21-04-2009 00:00,425.574,2
22-04-2009 00:00,525.06,2
23-04-2009 00:00,492.208,2
24-04-2009 00:00,449.949,2
25-04-2009 00:00,285.831,2
26-04-2009 00:00,264.906,2
27-04-2009 00:00,315.468,2
28-04-2009 00:00,357.822,2
29-04-2009 00:00,357.866,2
30-04-2009 00:00,354.137,2
01-05-2009 00:00,339.876,2
02-05-2009 00:00,292.27,2
03-05-2009 00:00,307.182,2
04-05-2009 00:00,266.344,2
05-05-2009 00:00,259.962,2
06-05-2009 00:00,273.206,2
07-05-2009 00:00,316.916,2
08-05-2009 00:00,302.237,2
09-05-2009 00:00,301.357,2
10-05-2009 00:00,260.978,2
11-05-2009 00:00,289.803,2
12-05-2009 00:00,294.592,2
13-05-2009 00:00,298.905,2
14-05-2009 00:00,276.709,2
15-05-2009 00:00,301.604,2
16-05-2009 00:00,340.949,2
17-05-2009 00:00,383.862,2
18-05-2009 00:00,385.695,2
19-05-2009 00:00,355.394,2
20-05-2009 00:00,337.516,2
21-05-2009 00:00,367.059,2
22-05-2009 00:00,339.025,2
23-05-2009 00:00,348.479,2
24-05-2009 00:00,344.367,2
25-05-2009 00:00,334.395,2
26-05-2009 00:00,359.907,2
27-05-2009 00:00,361.87,2
28-05-2009 00:00,341.257,2
29-05-2009 00:00,344.061,2
30-05-2009 00:00,356.198,2
31-05-2009 00:00,362.172,2
01-06-2009 00:00,346.964,2
02-06-2009 00:00,320.463,2
03-06-2009 00:00,344.699,2
04-06-2009 00:00,343.913,2
05-06-2009 00:00,331.8,2
06-06-2009 00:00,277.315,2
07-06-2009 00:00,265.044,2
08-06-2009 00:00,268.859,2
09-06-2009 00:00,306.52,2
10-06-2009 00:00,295.909,2
11-06-2009 00:00,348.214,2
12-06-2009 00:00,1876.813,2
13-06-2009 00:00,2959.39,2
14-06-2009 00:00,2995.702,2
15-06-2009 00:00,3237.402,2
16-06-2009 00:00,3976.995,2
17-06-2009 00:00,4014.098,2
18-06-2009 00:00,3964.396,2
19-06-2009 00:00,3980.719,2
20-06-2009 00:00,3950.743,2
21-06-2009 00:00,3994.202,2
22-06-2009 00:00,3992.419,2
23-06-2009 00:00,3976.827,2
24-06-2009 00:00,3405.911,2
25-06-2009 00:00,3110.788,2
26-06-2009 00:00,2812.966,2
27-06-2009 00:00,2521.222,2
28-06-2009 00:00,2502.645,2
29-06-2009 00:00,2031.077,2
30-06-2009 00:00,1772.128,2
01-07-2009 00:00,1751.68,2
02-07-2009 00:00,1210.115,2
03-07-2009 00:00,882.225,2
04-07-2009 00:00,870.154,2
05-07-2009 00:00,856.843,2
06-07-2009 00:00,579.213,2
07-07-2009 00:00,422.877,2
08-07-2009 00:00,401.153,2
09-07-2009 00:00,375.222,2
10-07-2009 00:00,377.639,2
11-07-2009 00:00,382.75,2
12-07-2009 00:00,389.744,2
13-07-2009 00:00,383.465,2
14-07-2009 00:00,401.522,2
15-07-2009 00:00,407.642,2
16-07-2009 00:00,395.535,2
17-07-2009 00:00,595.405,2
18-07-2009 00:00,856.707,2
19-07-2009 00:00,860.211,2
20-07-2009 00:00,844.846,2
21-07-2009 00:00,847.429,2
22-07-2009 00:00,859.131,2
23-07-2009 00:00,860.012,2
24-07-2009 00:00,863.32,2
25-07-2009 00:00,870.466,2
26-07-2009 00:00,848.555,2
27-07-2009 00:00,872.494,2
28-07-2009 00:00,889.822,2
29-07-2009 00:00,913.091,2
30-07-2009 00:00,902.165,2
31-07-2009 00:00,860.748,2
01-08-2009 00:00,848.621,2
02-08-2009 00:00,873.913,2
03-08-2009 00:00,832.617,2
04-08-2009 00:00,843.338,2
05-08-2009 00:00,859.686,2
06-08-2009 00:00,854.28,2
07-08-2009 00:00,862.715,2
08-08-2009 00:00,876.23,2
09-08-2009 00:00,884.585,2
10-08-2009 00:00,863.995,2
11-08-2009 00:00,854.558,2
12-08-2009 00:00,846.668,2
13-08-2009 00:00,829.337,2
14-08-2009 00:00,819.389,2
15-08-2009 00:00,810.227,2
16-08-2009 00:00,795.424,2
17-08-2009 00:00,778.185,2
18-08-2009 00:00,800.832,2
19-08-2009 00:00,807.774,2
20-08-2009 00:00,806.035,2
21-08-2009 00:00,788.483,2
22-08-2009 00:00,757.745,2
23-08-2009 00:00,753.495,2
24-08-2009 00:00,758.32,2
25-08-2009 00:00,731.269,2
26-08-2009 00:00,732.232,2
27-08-2009 00:00,680.481,2
28-08-2009 00:00,675.818,2
29-08-2009 00:00,628.511,2
30-08-2009 00:00,627.236,2
31-08-2009 00:00,482.224,2
01-09-2009 00:00,398.02,2
02-09-2009 00:00,383.517,2
03-09-2009 00:00,384.379,2
04-09-2009 00:00,376.771,2
05-09-2009 00:00,359.276,2
06-09-2009 00:00,360.765,2
07-09-2009 00:00,381.204,2
08-09-2009 00:00,408.268,2
09-09-2009 00:00,413.886,2
10-09-2009 00:00,426.869,2
11-09-2009 00:00,491.328,2
12-09-2009 00:00,475.646,2
13-09-2009 00:00,340.782,2
14-09-2009 00:00,358.592,2
15-09-2009 00:00,367.389,2
16-09-2009 00:00,357.499,2
17-09-2009 00:00,357.941,2
18-09-2009 00:00,346.494,2
19-09-2009 00:00,355.647,2
20-09-2009 00:00,349.256,2
21-09-2009 00:00,341.984,2
22-09-2009 00:00,362.605,2
23-09-2009 00:00,343.157,2
24-09-2009 00:00,351.584,2
25-09-2009 00:00,355.609,2
26-09-2009 00:00,344.423,2
27-09-2009 00:00,325.112,2
28-09-2009 00:00,316.382,2
29-09-2009 00:00,329.083,2
30-09-2009 00:00,355.114,2
01-10-2009 00:00,318.303,2
02-10-2009 00:00,302.436,2
03-10-2009 00:00,297.067,2
04-10-2009 00:00,240.64,2
05-10-2009 00:00,322.271,2
06-10-2009 00:00,355.858,2
07-10-2009 00:00,327.486,2
08-10-2009 00:00,281.288,2
09-10-2009 00:00,333.621,2
10-10-2009 00:00,370.075,2
11-10-2009 00:00,362.964,2
12-10-2009 00:00,364.765,2
13-10-2009 00:00,341.206,2
14-10-2009 00:00,344.417,2
15-10-2009 00:00,335.712,2
16-10-2009 00:00,367.315,2
17-10-2009 00:00,363.492,2
18-10-2009 00:00,322.228,2
19-10-2009 00:00,318.988,2
20-10-2009 00:00,337.855,2
21-10-2009 00:00,350.682,2
22-10-2009 00:00,339.336,2
23-10-2009 00:00,333.461,2
24-10-2009 00:00,349.274,2
25-10-2009 00:00,335.924,2
26-10-2009 00:00,347.846,2
27-10-2009 00:00,348.935,2
28-10-2009 00:00,373.126,2
29-10-2009 00:00,376.654,2
30-10-2009 00:00,351.639,2
31-10-2009 00:00,350.619,2
01-11-2009 00:00,398.329,2
02-11-2009 00:00,615.546,2
03-11-2009 00:00,770.327,2
04-11-2009 00:00,791.865,2
05-11-2009 00:00,762.825,2
06-11-2009 00:00,743.317,2
07-11-2009 00:00,735.028,2
08-11-2009 00:00,732.325,2
09-11-2009 00:00,736.616,2
10-11-2009 00:00,978.738,2
11-11-2009 00:00,1140.023,2
12-11-2009 00:00,1146.602,2
13-11-2009 00:00,1140.32,2
14-11-2009 00:00,1352.431,2
15-11-2009 00:00,1590.124,2
16-11-2009 00:00,1646.661,2
17-11-2009 00:00,1653.959,2
18-11-2009 00:00,1723.509,2
19-11-2009 00:00,1921.116,2
20-11-2009 00:00,1967.773,2
21-11-2009 00:00,2021.802,2
22-11-2009 00:00,2016.558,2
23-11-2009 00:00,1989.777,2
24-11-2009 00:00,1981.265,2
25-11-2009 00:00,2009.051,2
26-11-2009 00:00,2036.375,2
27-11-2009 00:00,2234.31,2
28-11-2009 00:00,2421.586,2
29-11-2009 00:00,2461.62,2
30-11-2009 00:00,2451.867,2
01-12-2009 00:00,2461.491,2
02-12-2009 00:00,2446.868,2
03-12-2009 00:00,2479.499,2
04-12-2009 00:00,2456.578,2
05-12-2009 00:00,2423.247,2
06-12-2009 00:00,2449.479,2
07-12-2009 00:00,2467.599,2
08-12-2009 00:00,2455.421,2
09-12-2009 00:00,2447.461,2
10-12-2009 00:00,2475.889,2
11-12-2009 00:00,2472.547,2
12-12-2009 00:00,2456.178,2
13-12-2009 00:00,2445.381,2
14-12-2009 00:00,2445.454,2
15-12-2009 00:00,2402.285,2
16-12-2009 00:00,2603.952,2
17-12-2009 00:00,2772.069,2
18-12-2009 00:00,2688.248,2
19-12-2009 00:00,2514.216,2
20-12-2009 00:00,2356.982,2
21-12-2009 00:00,2763.284,2
22-12-2009 00:00,2837.177,2
23-12-2009 00:00,2806.227,2
24-12-2009 00:00,2703.909,2
25-12-2009 00:00,2713.522,2
26-12-2009 00:00,2794.773,2
27-12-2009 00:00,3005.519,2
28-12-2009 00:00,3241.434,2
29-12-2009 00:00,3380.309,2
30-12-2009 00:00,3450.484,2
31-12-2009 00:00,3464.205,2
01-01-2010 00:00,3143.674,2
02-01-2010 00:00,3137.84,2
03-01-2010 00:00,3138.411,2
04-01-2010 00:00,3126.611,2
05-01-2010 00:00,3066.846,2
06-01-2010 00:00,3024.892,2
07-01-2010 00:00,2966.408,2
08-01-2010 00:00,2933.62,2
09-01-2010 00:00,2897.378,2
10-01-2010 00:00,2600.971,2
11-01-2010 00:00,2399.201,2
12-01-2010 00:00,2415.329,2
13-01-2010 00:00,2315.791,2
14-01-2010 00:00,2132.157,2
15-01-2010 00:00,2107.328,2
16-01-2010 00:00,2074.719,2
17-01-2010 00:00,2091.612,2
18-01-2010 00:00,1849.649,2
19-01-2010 00:00,1661.773,2
20-01-2010 00:00,1654.655,2
21-01-2010 00:00,1515.689,2
22-01-2010 00:00,1348.277,2
23-01-2010 00:00,1323.089,2
24-01-2010 00:00,1329.263,2
25-01-2010 00:00,1270.664,2
26-01-2010 00:00,1225.363,2
27-01-2010 00:00,1252.783,2
28-01-2010 00:00,1208.509,2
29-01-2010 00:00,1207.639,2
30-01-2010 00:00,1223.026,2
31-01-2010 00:00,1248.877,2
01-02-2010 00:00,1226.342,2
02-02-2010 00:00,1260.936,2
03-02-2010 00:00,1255.164,2
04-02-2010 00:00,1222.717,2
05-02-2010 00:00,1224.92,2
06-02-2010 00:00,1195.305,2
07-02-2010 00:00,1192.915,2
08-02-2010 00:00,1208.618,2
09-02-2010 00:00,1199.557,2
10-02-2010 00:00,1178.969,2
11-02-2010 00:00,1181.067,2
12-02-2010 00:00,1172.73,2
13-02-2010 00:00,1210.154,2
14-02-2010 00:00,1198.896,2
15-02-2010 00:00,1216.479,2
16-02-2010 00:00,1223.874,2
17-02-2010 00:00,1208.297,2
18-02-2010 00:00,1221.371,2
19-02-2010 00:00,1265.116,2
20-02-2010 00:00,1269.472,2
21-02-2010 00:00,1241.814,2
22-02-2010 00:00,1232.598,2
23-02-2010 00:00,1231.279,2
24-02-2010 00:00,1216.28,2
25-02-2010 00:00,1228.053,2
26-02-2010 00:00,1241.636,2
27-02-2010 00:00,1251.734,2
28-02-2010 00:00,1259.929,2
01-03-2010 00:00,1493.303,2
02-03-2010 00:00,1626.03,2
03-03-2010 00:00,1695.289,2
04-03-2010 00:00,1692.508,2
05-03-2010 00:00,1715.929,2
06-03-2010 00:00,1728.492,2
07-03-2010 00:00,1724.477,2
08-03-2010 00:00,1669.238,2
09-03-2010 00:00,1592.41,2
10-03-2010 00:00,1624.08,2
11-03-2010 00:00,1628.256,2
12-03-2010 00:00,1629.841,2
13-03-2010 00:00,1622.207,2
14-03-2010 00:00,1614.067,2
15-03-2010 00:00,1633.945,2
16-03-2010 00:00,1634.002,2
17-03-2010 00:00,1632.506,2
18-03-2010 00:00,1641.906,2
19-03-2010 00:00,1476.442,2
20-03-2010 00:00,1347.462,2
21-03-2010 00:00,1355.716,2
22-03-2010 00:00,1356.946,2
23-03-2010 00:00,1355.252,2
24-03-2010 00:00,1431.528,2
25-03-2010 00:00,1461.701,2
26-03-2010 00:00,1453.94,2
27-03-2010 00:00,1453.257,2
28-03-2010 00:00,1474.447,2
29-03-2010 00:00,1528.227,2
30-03-2010 00:00,1567.855,2
31-03-2010 00:00,1622.578,2
01-04-2010 00:00,1675.368,2
02-04-2010 00:00,1656.72,2
03-04-2010 00:00,1846.743,2
04-04-2010 00:00,2025.288,2
05-04-2010 00:00,2005.51,2
06-04-2010 00:00,1858.243,2
07-04-2010 00:00,1689.362,2
08-04-2010 00:00,1449.933,2
09-04-2010 00:00,1144.702,2
10-04-2010 00:00,932.171,2
11-04-2010 00:00,934.928,2
12-04-2010 00:00,874.557,2
13-04-2010 00:00,830.57,2
14-04-2010 00:00,830.112,2
15-04-2010 00:00,831.044,2
16-04-2010 00:00,825.644,2
17-04-2010 00:00,824.977,2
18-04-2010 00:00,821.699,2
19-04-2010 00:00,676.821,2
20-04-2010 00:00,453.888,2
21-04-2010 00:00,456.863,2
22-04-2010 00:00,436.351,2
23-04-2010 00:00,426.299,2
24-04-2010 00:00,474.768,2
25-04-2010 00:00,495.707,2
26-04-2010 00:00,496.543,2
27-04-2010 00:00,504.413,2
28-04-2010 00:00,439.286,2
29-04-2010 00:00,390.795,2
30-04-2010 00:00,273.659,2
01-05-2010 00:00,369.862,2
02-05-2010 00:00,447.467,2
03-05-2010 00:00,462.059,2
04-05-2010 00:00,493.542,2
05-05-2010 00:00,1012.327,2
06-05-2010 00:00,1585.855,2
07-05-2010 00:00,1626.567,2
08-05-2010 00:00,1643.396,2
09-05-2010 00:00,1585.023,2
10-05-2010 00:00,1136.805,2
11-05-2010 00:00,949.62,2
12-05-2010 00:00,991.745,2
13-05-2010 00:00,993.96,2
14-05-2010 00:00,1443.709,2
15-05-2010 00:00,1712.101,2
16-05-2010 00:00,2357.404,2
17-05-2010 00:00,2752.813,2
18-05-2010 00:00,2753.477,2
19-05-2010 00:00,2757.606,2
20-05-2010 00:00,2839.752,2
21-05-2010 00:00,2915.339,2
22-05-2010 00:00,2871.506,2
23-05-2010 00:00,2800.034,2
24-05-2010 00:00,2734.094,2
25-05-2010 00:00,2218.199,2
26-05-2010 00:00,1648.502,2
27-05-2010 00:00,1654.872,2
28-05-2010 00:00,1631.742,2
29-05-2010 00:00,1627.339,2
30-05-2010 00:00,1637.634,2
31-05-2010 00:00,1608.697,2
01-06-2010 00:00,1600.941,2
02-06-2010 00:00,1574.088,2
03-06-2010 00:00,1301.763,2
04-06-2010 00:00,915.632,2
05-06-2010 00:00,898.227,2
06-06-2010 00:00,811.04,2
07-06-2010 00:00,1510.929,2
08-06-2010 00:00,2561.051,2
09-06-2010 00:00,2648.979,2
10-06-2010 00:00,2687.821,2
11-06-2010 00:00,2691.985,2
12-06-2010 00:00,2685.537,2
13-06-2010 00:00,2707.1,2
14-06-2010 00:00,2700.559,2
15-06-2010 00:00,2701.224,2
16-06-2010 00:00,2702.124,2
17-06-2010 00:00,2693.576,2
18-06-2010 00:00,2619.393,2
19-06-2010 00:00,2599.106,2
20-06-2010 00:00,2275.067,2
21-06-2010 00:00,1948.869,2
22-06-2010 00:00,1939.07,2
23-06-2010 00:00,1481.446,2
24-06-2010 00:00,877.976,2
25-06-2010 00:00,852.515,2
26-06-2010 00:00,849.451,2
27-06-2010 00:00,833.578,2
28-06-2010 00:00,810.992,2
29-06-2010 00:00,754.785,2
30-06-2010 00:00,784.998,2
01-07-2010 00:00,693.306,2
02-07-2010 00:00,631.905,2
03-07-2010 00:00,630.741,2
04-07-2010 00:00,602.408,2
05-07-2010 00:00,481.196,2
06-07-2010 00:00,403.083,2
07-07-2010 00:00,431.36,2
08-07-2010 00:00,458.8,2
09-07-2010 00:00,452.097,2
10-07-2010 00:00,453.532,2
11-07-2010 00:00,447.584,2
12-07-2010 00:00,444.572,2
13-07-2010 00:00,430.541,2
14-07-2010 00:00,447.533,2
15-07-2010 00:00,444.311,2
16-07-2010 00:00,430.996,2
17-07-2010 00:00,419.731,2
18-07-2010 00:00,417.784,2
19-07-2010 00:00,411.922,2
20-07-2010 00:00,408.084,2
21-07-2010 00:00,400.853,2
22-07-2010 00:00,405.195,2
23-07-2010 00:00,396.355,2
24-07-2010 00:00,389.882,2
25-07-2010 00:00,388.474,2
26-07-2010 00:00,363.728,2
27-07-2010 00:00,344.003,2
28-07-2010 00:00,338.085,2
29-07-2010 00:00,338.4,2
30-07-2010 00:00,333.773,2
31-07-2010 00:00,354.985,2
01-08-2010 00:00,348.566,2
02-08-2010 00:00,314.631,2
03-08-2010 00:00,337.13,2
04-08-2010 00:00,342.943,2
05-08-2010 00:00,347.197,2
06-08-2010 00:00,344.066,2
07-08-2010 00:00,351.593,2
08-08-2010 00:00,332.18,2
09-08-2010 00:00,372.387,2
10-08-2010 00:00,378.063,2
11-08-2010 00:00,380.106,2
12-08-2010 00:00,364.163,2
13-08-2010 00:00,392.043,2
14-08-2010 00:00,410.197,2
15-08-2010 00:00,563.76,2
16-08-2010 00:00,1855.614,2
17-08-2010 00:00,2463.697,2
18-08-2010 00:00,2520.845,2
19-08-2010 00:00,2525.496,2
20-08-2010 00:00,2542.036,2
21-08-2010 00:00,2532.92,2
22-08-2010 00:00,2523.897,2
23-08-2010 00:00,2533.094,2
24-08-2010 00:00,2455.066,2
25-08-2010 00:00,2270.346,2
26-08-2010 00:00,2354.958,2
27-08-2010 00:00,2379.896,2
28-08-2010 00:00,2322.007,2
29-08-2010 00:00,2306.836,2
30-08-2010 00:00,2347.23,2
31-08-2010 00:00,2342.484,2
01-09-2010 00:00,2322.102,2
02-09-2010 00:00,2319.425,2
03-09-2010 00:00,2215.626,2
04-09-2010 00:00,2139.564,2
05-09-2010 00:00,2142.327,2
06-09-2010 00:00,2111.462,2
07-09-2010 00:00,2102.475,2
08-09-2010 00:00,1936.768,2
09-09-2010 00:00,1785.197,2
10-09-2010 00:00,1745.35,2
11-09-2010 00:00,1757.298,2
12-09-2010 00:00,1746.746,2
13-09-2010 00:00,1763.455,2
14-09-2010 00:00,1771.259,2
15-09-2010 00:00,1762.559,2
16-09-2010 00:00,1709.344,2
17-09-2010 00:00,1686.228,2
18-09-2010 00:00,1658.249,2
19-09-2010 00:00,1689.455,2
20-09-2010 00:00,1703.167,2
21-09-2010 00:00,1698.056,2
22-09-2010 00:00,1725.074,2
23-09-2010 00:00,1738.579,2
24-09-2010 00:00,1718.087,2
25-09-2010 00:00,1720.537,2
26-09-2010 00:00,1706.209,2
27-09-2010 00:00,1738.026,2
28-09-2010 00:00,1704.344,2
29-09-2010 00:00,1696.915,2
30-09-2010 00:00,1676.36,2
01-10-2010 00:00,1686.11,2
02-10-2010 00:00,1697.841,2
03-10-2010 00:00,1714.845,2
04-10-2010 00:00,1750.077,2
05-10-2010 00:00,1733.471,2
06-10-2010 00:00,1711.769,2
07-10-2010 00:00,1722.839,2
08-10-2010 00:00,1711.915,2
09-10-2010 00:00,1700.598,2
10-10-2010 00:00,1702.032,2
11-10-2010 00:00,1380.288,2
12-10-2010 00:00,1245.654,2
13-10-2010 00:00,1232.259,2
14-10-2010 00:00,1223.047,2
15-10-2010 00:00,1183.95,2
16-10-2010 00:00,1179.652,2
17-10-2010 00:00,1202.404,2
18-10-2010 00:00,884.214,2
19-10-2010 00:00,681.006,2
20-10-2010 00:00,689.367,2
21-10-2010 00:00,662.65,2
22-10-2010 00:00,663.612,2
23-10-2010 00:00,675.96,2
24-10-2010 00:00,1051.058,2
25-10-2010 00:00,1293.061,2
26-10-2010 00:00,1316.842,2
27-10-2010 00:00,1313.48,2
28-10-2010 00:00,1515.029,2
29-10-2010 00:00,1832.658,2
30-10-2010 00:00,1854.155,2
31-10-2010 00:00,1984.207,2
01-11-2010 00:00,2174.06,2
02-11-2010 00:00,2342.978,2
03-11-2010 00:00,2305.184,2
04-11-2010 00:00,2317.633,2
05-11-2010 00:00,2331.449,2
06-11-2010 00:00,2539.446,2
07-11-2010 00:00,2727.91,2
08-11-2010 00:00,2874.966,2
09-11-2010 00:00,2967.44,2
10-11-2010 00:00,3146.772,2
11-11-2010 00:00,3313.795,2
12-11-2010 00:00,3245.168,2
13-11-2010 00:00,3244.791,2
14-11-2010 00:00,3357.765,2
15-11-2010 00:00,3369.921,2
16-11-2010 00:00,3412.254,2
17-11-2010 00:00,3479.725,2
18-11-2010 00:00,3480.888,2
19-11-2010 00:00,3473.958,2
20-11-2010 00:00,3477.028,2
21-11-2010 00:00,3487.452,2
22-11-2010 00:00,3502.13,2
23-11-2010 00:00,3736.879,2
24-11-2010 00:00,3860.903,2
25-11-2010 00:00,3961.254,2
26-11-2010 00:00,3983.686,2
27-11-2010 00:00,4002.187,2
28-11-2010 00:00,3987.395,2
29-11-2010 00:00,4019.017,2
30-11-2010 00:00,3931.905,2
01-12-2010 00:00,3912.212,2
02-12-2010 00:00,3890.722,2
03-12-2010 00:00,3951.652,2
04-12-2010 00:00,3934.293,2
05-12-2010 00:00,3974.88,2
06-12-2010 00:00,3927.143,2
07-12-2010 00:00,3895.75,2
08-12-2010 00:00,3832.823,2
09-12-2010 00:00,3864.727,2
10-12-2010 00:00,3829.609,2
11-12-2010 00:00,3884.086,2
12-12-2010 00:00,3897.795,2
13-12-2010 00:00,3911.797,2
14-12-2010 00:00,3893.054,2
15-12-2010 00:00,3911.054,2
16-12-2010 00:00,4015.233,2
17-12-2010 00:00,4010.118,2
18-12-2010 00:00,4026.7,2
19-12-2010 00:00,3997.491,2
20-12-2010 00:00,3978.381,2
21-12-2010 00:00,3966.024,2
22-12-2010 00:00,3898.231,2
23-12-2010 00:00,3934.414,2
24-12-2010 00:00,3828.856,2
25-12-2010 00:00,3770.827,2
26-12-2010 00:00,3770.694,2
27-12-2010 00:00,3777.864,2
28-12-2010 00:00,3696.241,2
29-12-2010 00:00,3657.028,2
30-12-2010 00:00,3620.912,2
31-12-2010 00:00,3579.452,2
01-01-2011 00:00,3757.65,2
02-01-2011 00:00,3702.89,2
03-01-2011 00:00,3667.33,2
04-01-2011 00:00,3665.83,2
05-01-2011 00:00,3738.8,2
06-01-2011 00:00,3756.46,2
07-01-2011 00:00,3660.26,2
08-01-2011 00:00,3691.73,2
09-01-2011 00:00,3639.66,2
10-01-2011 00:00,3624.46,2
11-01-2011 00:00,3618.7,2
12-01-2011 00:00,3632,2
13-01-2011 00:00,3629.12,2
14-01-2011 00:00,3673.38,2
15-01-2011 00:00,3725.25,2
16-01-2011 00:00,3815.84,2
17-01-2011 00:00,3928.41,2
18-01-2011 00:00,4101.68,2
19-01-2011 00:00,4183.15,2
20-01-2011 00:00,4224.84,2
21-01-2011 00:00,4338.31,2
22-01-2011 00:00,4266.09,2
23-01-2011 00:00,4303.46,2
24-01-2011 00:00,4315.54,2
25-01-2011 00:00,4321.53,2
26-01-2011 00:00,4297.08,2
27-01-2011 00:00,4319.25,2
28-01-2011 00:00,4341.03,2
29-01-2011 00:00,4327.83,2
30-01-2011 00:00,4299.75,2
31-01-2011 00:00,4285.02,2
01-02-2011 00:00,4252.83,2
02-02-2011 00:00,4221.99,2
03-02-2011 00:00,4214,2
04-02-2011 00:00,4247.85,2
05-02-2011 00:00,4258.78,2
06-02-2011 00:00,4304.88,2
07-02-2011 00:00,4375.94,2
08-02-2011 00:00,4136.1,2
09-02-2011 00:00,4341.33,2
10-02-2011 00:00,4444.51,2
11-02-2011 00:00,4454.65,2
12-02-2011 00:00,4480.56,2
13-02-2011 00:00,4540.32,2
14-02-2011 00:00,4593.09,2
15-02-2011 00:00,4478.4,2
16-02-2011 00:00,4331.04,2
17-02-2011 00:00,4218.51,2
18-02-2011 00:00,4160.92,2
19-02-2011 00:00,3763.74,2
20-02-2011 00:00,4158.5,2
21-02-2011 00:00,4090.15,2
22-02-2011 00:00,4042.87,2
23-02-2011 00:00,4025.77,2
24-02-2011 00:00,3978.55,2
25-02-2011 00:00,3932.3,2
26-02-2011 00:00,3867.44,2
27-02-2011 00:00,3804.42,2
28-02-2011 00:00,3754.39,2
01-03-2011 00:00,3702.68,2
02-03-2011 00:00,3625.14,2
03-03-2011 00:00,3582.3,2
04-03-2011 00:00,3051.1,2
05-03-2011 00:00,2587.06,2
06-03-2011 00:00,2497.33,2
07-03-2011 00:00,1808.77,2
08-03-2011 00:00,997.29,2
09-03-2011 00:00,968.87,2
10-03-2011 00:00,962.62,2
11-03-2011 00:00,928.73,2
12-03-2011 00:00,868.52,2
13-03-2011 00:00,846.35,2
14-03-2011 00:00,878.84,2
15-03-2011 00:00,911.36,2
16-03-2011 00:00,960.38,2
17-03-2011 00:00,1036.44,2
18-03-2011 00:00,999.35,2
19-03-2011 00:00,939.11,2
20-03-2011 00:00,940.46,2
21-03-2011 00:00,902.3,2
22-03-2011 00:00,835.36,2
23-03-2011 00:00,835.72,2
24-03-2011 00:00,877.95,2
25-03-2011 00:00,946.22,2
26-03-2011 00:00,935.86,2
27-03-2011 00:00,898.33,2
28-03-2011 00:00,924.03,2
29-03-2011 00:00,930.6,2
30-03-2011 00:00,955.76,2
31-03-2011 00:00,961.62,2
01-04-2011 00:00,926.23,2
02-04-2011 00:00,945.64,2
03-04-2011 00:00,941.23,2
04-04-2011 00:00,949.12,2
05-04-2011 00:00,1001.62,2
06-04-2011 00:00,991.03,2
07-04-2011 00:00,1003.43,2
08-04-2011 00:00,974.79,2
09-04-2011 00:00,968.14,2
10-04-2011 00:00,966.33,2
11-04-2011 00:00,973.98,2
12-04-2011 00:00,1023.22,2
13-04-2011 00:00,2318.25,2
14-04-2011 00:00,2926.71,2
15-04-2011 00:00,2963.79,2
16-04-2011 00:00,2977.26,2
17-04-2011 00:00,2970.41,2
18-04-2011 00:00,2970.36,2
19-04-2011 00:00,2962.23,2
20-04-2011 00:00,2940.98,2
21-04-2011 00:00,2940,2
22-04-2011 00:00,2920.04,2
23-04-2011 00:00,2268.06,2
24-04-2011 00:00,1621.85,2
25-04-2011 00:00,1056.97,2
26-04-2011 00:00,656.2,2
27-04-2011 00:00,653.9,2
28-04-2011 00:00,628.54,2
29-04-2011 00:00,651.9,2
30-04-2011 00:00,632.05,2
01-05-2011 00:00,618.26,2
02-05-2011 00:00,652.57,2
03-05-2011 00:00,644.92,2
04-05-2011 00:00,653.93,2
05-05-2011 00:00,668.82,2
06-05-2011 00:00,682.4,2
07-05-2011 00:00,666.11,2
08-05-2011 00:00,652.62,2
09-05-2011 00:00,624.97,2
10-05-2011 00:00,605.1,2
11-05-2011 00:00,591.08,2
12-05-2011 00:00,604.02,2
13-05-2011 00:00,583.5,2
14-05-2011 00:00,576.53,2
15-05-2011 00:00,553.18,2
16-05-2011 00:00,518.22,2
17-05-2011 00:00,544,2
18-05-2011 00:00,534.05,2
19-05-2011 00:00,513.97,2
20-05-2011 00:00,499.91,2
21-05-2011 00:00,503.22,2
22-05-2011 00:00,455.34,2
23-05-2011 00:00,471.5,2
24-05-2011 00:00,368.58,2
25-05-2011 00:00,326.82,2
26-05-2011 00:00,428.44,2
27-05-2011 00:00,428.99,2
28-05-2011 00:00,441.46,2
29-05-2011 00:00,455.18,2
30-05-2011 00:00,389.15,2
31-05-2011 00:00,249.1,2
01-06-2011 00:00,355.64,2
02-06-2011 00:00,386.18,2
03-06-2011 00:00,360.72,2
04-06-2011 00:00,361.96,2
05-06-2011 00:00,354.04,2
06-06-2011 00:00,363.45,2
07-06-2011 00:00,374.24,2
08-06-2011 00:00,367.68,2
09-06-2011 00:00,404.14,2
10-06-2011 00:00,387.08,2
11-06-2011 00:00,398.28,2
12-06-2011 00:00,406.72,2
13-06-2011 00:00,407.03,2
14-06-2011 00:00,414.3,2
15-06-2011 00:00,400.72,2
16-06-2011 00:00,387.14,2
17-06-2011 00:00,373.57,2
18-06-2011 00:00,359.99,2
19-06-2011 00:00,346.41,2
20-06-2011 00:00,332.83,2
21-06-2011 00:00,330.85,2
22-06-2011 00:00,328.88,2
23-06-2011 00:00,326.9,2
24-06-2011 00:00,324.93,2
25-06-2011 00:00,322.95,2
26-06-2011 00:00,320.98,2
27-06-2011 00:00,319,2
28-06-2011 00:00,319,2
29-06-2011 00:00,319,2
30-06-2011 00:00,319,2
01-07-2011 00:00,319,2
02-07-2011 00:00,319,2
03-07-2011 00:00,319,2
04-07-2011 00:00,319,2
05-07-2011 00:00,319,2
06-07-2011 00:00,319,2
07-07-2011 00:00,319,2
08-07-2011 00:00,319,2
09-07-2011 00:00,319,2
10-07-2011 00:00,319,2
11-07-2011 00:00,319,2
12-07-2011 00:00,319,2
13-07-2011 00:00,319,2
14-07-2011 00:00,319,2
15-07-2011 00:00,319,2
16-07-2011 00:00,319,2
17-07-2011 00:00,319,2
18-07-2011 00:00,319,2
19-07-2011 00:00,319,2
20-07-2011 00:00,319,2
21-07-2011 00:00,321.31,2
22-07-2011 00:00,323.61,2
23-07-2011 00:00,325.91,2
24-07-2011 00:00,328.22,2
25-07-2011 00:00,330.53,2
26-07-2011 00:00,332.83,2
27-07-2011 00:00,331.02,2
28-07-2011 00:00,329.21,2
29-07-2011 00:00,327.41,2
30-07-2011 00:00,325.6,2
31-07-2011 00:00,323.79,2
01-08-2011 00:00,321.98,2
02-08-2011 00:00,333.72,2
03-08-2011 00:00,345.45,2
04-08-2011 00:00,357.19,2
05-08-2011 00:00,368.93,2
06-08-2011 00:00,380.67,2
07-08-2011 00:00,392.4,2
08-08-2011 00:00,404.14,2
09-08-2011 00:00,478.41,2
10-08-2011 00:00,552.68,2
11-08-2011 00:00,626.95,2
12-08-2011 00:00,701.22,2
13-08-2011 00:00,775.49,2
14-08-2011 00:00,849.76,2
15-08-2011 00:00,924.03,2
16-08-2011 00:00,920.93,2
17-08-2011 00:00,917.82,2
18-08-2011 00:00,914.72,2
19-08-2011 00:00,911.61,2
20-08-2011 00:00,908.51,2
21-08-2011 00:00,905.4,2
22-08-2011 00:00,902.3,2
23-08-2011 00:00,1356.98,2
24-08-2011 00:00,1811.66,2
25-08-2011 00:00,2266.34,2
26-08-2011 00:00,2721.02,2
27-08-2011 00:00,3175.7,2
28-08-2011 00:00,3630.38,2
29-08-2011 00:00,3680.19,2
30-08-2011 00:00,3730,2
31-08-2011 00:00,3771.4,2
01-09-2011 00:00,3812.79,2
02-09-2011 00:00,3854.19,2
03-09-2011 00:00,3895.59,2
04-09-2011 00:00,3936.98,2
05-09-2011 00:00,3978.38,2
06-09-2011 00:00,3953.7,2
07-09-2011 00:00,3929.03,2
08-09-2011 00:00,3904.35,2
09-09-2011 00:00,3879.68,2
10-09-2011 00:00,3855,2
11-09-2011 00:00,3777.86,2
12-09-2011 00:00,3764.04,2
13-09-2011 00:00,3750.23,2
14-09-2011 00:00,3736.41,2
15-09-2011 00:00,3722.6,2
16-09-2011 00:00,3708.78,2
17-09-2011 00:00,3694.96,2
18-09-2011 00:00,3681.15,2
19-09-2011 00:00,3667.33,2
20-09-2011 00:00,3596.21,2
21-09-2011 00:00,3525.1,2
22-09-2011 00:00,3457.94,2
23-09-2011 00:00,3381.51,2
24-09-2011 00:00,3325.55,2
25-09-2011 00:00,3303.74,2
26-09-2011 00:00,3265.96,2
27-09-2011 00:00,3214.69,2
28-09-2011 00:00,3131.53,2
29-09-2011 00:00,3100.91,2
30-09-2011 00:00,2879.76,2
01-10-2011 00:00,2598.87,2
02-10-2011 00:00,2525.51,2
03-10-2011 00:00,2462.48,2
04-10-2011 00:00,2358.75,2
05-10-2011 00:00,2274.66,2
06-10-2011 00:00,2255.7,2
07-10-2011 00:00,2109.41,2
08-10-2011 00:00,1975.02,2
09-10-2011 00:00,1985.92,2
10-10-2011 00:00,1961.4,2
11-10-2011 00:00,1955.66,2
12-10-2011 00:00,1965.28,2
13-10-2011 00:00,1963.49,2
14-10-2011 00:00,1961.76,2
15-10-2011 00:00,1936.3,2
16-10-2011 00:00,1907.61,2
17-10-2011 00:00,1896.19,2
18-10-2011 00:00,1899.22,2
19-10-2011 00:00,1864,2
20-10-2011 00:00,1864.64,2
21-10-2011 00:00,1884.7,2
22-10-2011 00:00,1895.31,2
23-10-2011 00:00,1890.23,2
24-10-2011 00:00,1907.81,2
25-10-2011 00:00,1895.52,2
26-10-2011 00:00,1843.28,2
27-10-2011 00:00,1794.75,2
28-10-2011 00:00,1775.6,2
29-10-2011 00:00,1769.66,2
30-10-2011 00:00,1762.26,2
31-10-2011 00:00,1805.01,2
01-11-2011 00:00,1819.95,2
02-11-2011 00:00,1795.98,2
03-11-2011 00:00,1789.32,2
04-11-2011 00:00,1768.29,2
05-11-2011 00:00,1756.68,2
06-11-2011 00:00,1756,2
07-11-2011 00:00,1751.12,2
08-11-2011 00:00,1765.51,2
09-11-2011 00:00,1581.81,2
10-11-2011 00:00,1434.67,2
11-11-2011 00:00,1415.61,2
12-11-2011 00:00,1391.61,2
13-11-2011 00:00,1351.44,2
14-11-2011 00:00,1319.46,2
15-11-2011 00:00,1305.67,2
16-11-2011 00:00,1293.96,2
17-11-2011 00:00,1275.06,2
18-11-2011 00:00,1260.23,2
19-11-2011 00:00,1282.04,2
20-11-2011 00:00,1045.73,2
21-11-2011 00:00,861.37,2
22-11-2011 00:00,867.13,2
23-11-2011 00:00,844.98,2
24-11-2011 00:00,835.76,2
25-11-2011 00:00,839.81,2
26-11-2011 00:00,826.31,2
27-11-2011 00:00,769.52,2
28-11-2011 00:00,706.85,2
29-11-2011 00:00,632.15,2
30-11-2011 00:00,629.75,2
01-12-2011 00:00,640.26,2
02-12-2011 00:00,657.33,2
03-12-2011 00:00,640.16,2
04-12-2011 00:00,1290.17,2
05-12-2011 00:00,1800.71,2
06-12-2011 00:00,1778.11,2
07-12-2011 00:00,1744.65,2
08-12-2011 00:00,1788.52,2
09-12-2011 00:00,1853.86,2
10-12-2011 00:00,1813.26,2
11-12-2011 00:00,1809.44,2
12-12-2011 00:00,1818.56,2
13-12-2011 00:00,1833.06,2
14-12-2011 00:00,1821.1,2
15-12-2011 00:00,1828.14,2
16-12-2011 00:00,1827.1,2
17-12-2011 00:00,1806.56,2
18-12-2011 00:00,1796.09,2
19-12-2011 00:00,1790.8,2
20-12-2011 00:00,1824.62,2
21-12-2011 00:00,1829.51,2
22-12-2011 00:00,1806.9,2
23-12-2011 00:00,1824.37,2
24-12-2011 00:00,1823.27,2
25-12-2011 00:00,1810.57,2
26-12-2011 00:00,1816.67,2
27-12-2011 00:00,1851.35,2
28-12-2011 00:00,1876.04,2
29-12-2011 00:00,1861.08,2
30-12-2011 00:00,1860.45,2
31-12-2011 00:00,1843.74,2
01-01-2012 00:00,1875.932,2
02-01-2012 00:00,1906.151,2
03-01-2012 00:00,1932.74,2
04-01-2012 00:00,1940.885,2
05-01-2012 00:00,2643.746,2
06-01-2012 00:00,3444.345,2
07-01-2012 00:00,3482.858,2
08-01-2012 00:00,3590.577,2
09-01-2012 00:00,3659.038,2
10-01-2012 00:00,3713.061,2
11-01-2012 00:00,3685.174,2
12-01-2012 00:00,3527.575,2
13-01-2012 00:00,3481.792,2
14-01-2012 00:00,3545.042,2
15-01-2012 00:00,3564.575,2
16-01-2012 00:00,3541.517,2
17-01-2012 00:00,3542.84,2
18-01-2012 00:00,3519.275,2
19-01-2012 00:00,3535.11,2
20-01-2012 00:00,3559.395,2
21-01-2012 00:00,3598.42,2
22-01-2012 00:00,3738.237,2
23-01-2012 00:00,3844.907,2
24-01-2012 00:00,3804.342,2
25-01-2012 00:00,3793.044,2
26-01-2012 00:00,3770.084,2
27-01-2012 00:00,3765.814,2
28-01-2012 00:00,3640.209,2
29-01-2012 00:00,3502.599,2
30-01-2012 00:00,3315.485,2
31-01-2012 00:00,2884.426,2
01-02-2012 00:00,2614.463,2
02-02-2012 00:00,2564.259,2
03-02-2012 00:00,2597.533,2
04-02-2012 00:00,2304.421,2
05-02-2012 00:00,2135.411,2
06-02-2012 00:00,2148.079,2
07-02-2012 00:00,2146.871,2
08-02-2012 00:00,2180.395,2
09-02-2012 00:00,2138.574,2
10-02-2012 00:00,2170.108,2
11-02-2012 00:00,2208.227,2
12-02-2012 00:00,2232.019,2
13-02-2012 00:00,2219.011,2
14-02-2012 00:00,2223.79,2
15-02-2012 00:00,2195.348,2
16-02-2012 00:00,2208.968,2
17-02-2012 00:00,2204.214,2
18-02-2012 00:00,2187.394,2
19-02-2012 00:00,2261.96,2
20-02-2012 00:00,2302.986,2
21-02-2012 00:00,2308.079,2
22-02-2012 00:00,2329.227,2
23-02-2012 00:00,2351.775,2
24-02-2012 00:00,2315.016,2
25-02-2012 00:00,2217.941,2
26-02-2012 00:00,2153.614,2
27-02-2012 00:00,2182.562,2
28-02-2012 00:00,2136.844,2
29-02-2012 00:00,2158.515,2
01-03-2012 00:00,2167.255,2
02-03-2012 00:00,2227.28,2
03-03-2012 00:00,2273.4,2
04-03-2012 00:00,2322.016,2
05-03-2012 00:00,2367.939,2
06-03-2012 00:00,2288.519,2
07-03-2012 00:00,2330.512,2
08-03-2012 00:00,2258.447,2
09-03-2012 00:00,2174.397,2
10-03-2012 00:00,2179.261,2
11-03-2012 00:00,2204.434,2
12-03-2012 00:00,2223.872,2
13-03-2012 00:00,2210.944,2
14-03-2012 00:00,2221.33,2
15-03-2012 00:00,2210.665,2
16-03-2012 00:00,2222.941,2
17-03-2012 00:00,2220.979,2
18-03-2012 00:00,2248.397,2
19-03-2012 00:00,2026.721,2
20-03-2012 00:00,1895.173,2
21-03-2012 00:00,1912.459,2
22-03-2012 00:00,1909.429,2
23-03-2012 00:00,1926.394,2
24-03-2012 00:00,1912.416,2
25-03-2012 00:00,1914.483,2
26-03-2012 00:00,1900.822,2
27-03-2012 00:00,1907.857,2
28-03-2012 00:00,1868.373,2
29-03-2012 00:00,1823.766,2
30-03-2012 00:00,1696.191,2
31-03-2012 00:00,1560.751,2
01-04-2012 00:00,1405.571,2
02-04-2012 00:00,1337.369,2
03-04-2012 00:00,1302.883,2
04-04-2012 00:00,1412.164,2
05-04-2012 00:00,1157.756,2
06-04-2012 00:00,1198.422,2
07-04-2012 00:00,1303.28,2
08-04-2012 00:00,1270.274,2
09-04-2012 00:00,1314.391,2
10-04-2012 00:00,1249.546,2
11-04-2012 00:00,1260.286,2
12-04-2012 00:00,1317.434,2
13-04-2012 00:00,1372.592,2
14-04-2012 00:00,1416.013,2
15-04-2012 00:00,1438.836,2
16-04-2012 00:00,1008.765,2
17-04-2012 00:00,737.927,2
18-04-2012 00:00,670.582,2
19-04-2012 00:00,693.814,2
20-04-2012 00:00,647.111,2
21-04-2012 00:00,604.963,2
22-04-2012 00:00,624.255,2
23-04-2012 00:00,605.646,2
24-04-2012 00:00,648.468,2
25-04-2012 00:00,1422.416,2
26-04-2012 00:00,1741.403,2
27-04-2012 00:00,1497.608,2
28-04-2012 00:00,1515.609,2
29-04-2012 00:00,1491.902,2
30-04-2012 00:00,1062.672,2
01-05-2012 00:00,854.52,2
02-05-2012 00:00,719.8,2
03-05-2012 00:00,715.674,2
04-05-2012 00:00,714.099,2
05-05-2012 00:00,683.787,2
06-05-2012 00:00,658.214,2
07-05-2012 00:00,583.138,2
08-05-2012 00:00,573.514,2
09-05-2012 00:00,551.727,2
10-05-2012 00:00,479.884,2
11-05-2012 00:00,559.743,2
12-05-2012 00:00,648.448,2
13-05-2012 00:00,665.887,2
14-05-2012 00:00,624.464,2
15-05-2012 00:00,633.034,2
16-05-2012 00:00,642.861,2
17-05-2012 00:00,498.691,2
18-05-2012 00:00,506.927,2
19-05-2012 00:00,512.018,2
20-05-2012 00:00,519.359,2
21-05-2012 00:00,511.554,2
22-05-2012 00:00,485.646,2
23-05-2012 00:00,462.024,2
24-05-2012 00:00,460.651,2
25-05-2012 00:00,462.746,2
26-05-2012 00:00,446.826,2
27-05-2012 00:00,444.281,2
28-05-2012 00:00,438.683,2
29-05-2012 00:00,415.234,2
30-05-2012 00:00,431.021,2
31-05-2012 00:00,429.228,2
01-06-2012 00:00,424.365,2
02-06-2012 00:00,431.809,2
03-06-2012 00:00,449.306,2
04-06-2012 00:00,461.692,2
05-06-2012 00:00,462.688,2
06-06-2012 00:00,470.3,2
07-06-2012 00:00,470.64,2
08-06-2012 00:00,470.64,2
09-06-2012 00:00,470.64,2
10-06-2012 00:00,470.64,2
11-06-2012 00:00,470.64,2
12-06-2012 00:00,470.64,2
13-06-2012 00:00,470.64,2
14-06-2012 00:00,470.64,2
15-06-2012 00:00,470.64,2
16-06-2012 00:00,470.64,2
17-06-2012 00:00,470.64,2
18-06-2012 00:00,470.64,2
19-06-2012 00:00,470.64,2
20-06-2012 00:00,470.64,2
21-06-2012 00:00,470.64,2
22-06-2012 00:00,470.64,2
23-06-2012 00:00,470.64,2
24-06-2012 00:00,470.64,2
25-06-2012 00:00,470.64,2
26-06-2012 00:00,470.64,2
27-06-2012 00:00,470.64,2
28-06-2012 00:00,470.64,2
29-06-2012 00:00,470.64,2
30-06-2012 00:00,470.64,2
01-07-2012 00:00,470.64,2
02-07-2012 00:00,470.64,2
03-07-2012 00:00,470.64,2
04-07-2012 00:00,470.64,2
05-07-2012 00:00,470.64,2
06-07-2012 00:00,470.64,2
07-07-2012 00:00,470.64,2
08-07-2012 00:00,470.64,2
09-07-2012 00:00,470.64,2
10-07-2012 00:00,470.64,2
11-07-2012 00:00,470.64,2
12-07-2012 00:00,470.64,2
13-07-2012 00:00,470.64,2
14-07-2012 00:00,470.64,2
15-07-2012 00:00,470.64,2
16-07-2012 00:00,470.64,2
17-07-2012 00:00,470.64,2
18-07-2012 00:00,470.64,2
19-07-2012 00:00,470.64,2
20-07-2012 00:00,470.64,2
21-07-2012 00:00,470.64,2
22-07-2012 00:00,470.64,2
23-07-2012 00:00,470.64,2
24-07-2012 00:00,470.64,2
25-07-2012 00:00,470.64,2
26-07-2012 00:00,470.64,2
27-07-2012 00:00,470.64,2
28-07-2012 00:00,470.64,2
29-07-2012 00:00,470.64,2
30-07-2012 00:00,470.64,2
31-07-2012 00:00,470.64,2
01-08-2012 00:00,470.64,2
02-08-2012 00:00,470.64,2
03-08-2012 00:00,470.64,2
04-08-2012 00:00,470.64,2
05-08-2012 00:00,470.64,2
06-08-2012 00:00,470.64,2
07-08-2012 00:00,470.64,2
08-08-2012 00:00,470.64,2
09-08-2012 00:00,470.64,2
10-08-2012 00:00,470.64,2
11-08-2012 00:00,470.64,2
12-08-2012 00:00,470.64,2
13-08-2012 00:00,470.64,2
14-08-2012 00:00,470.64,2
15-08-2012 00:00,470.64,2
16-08-2012 00:00,470.64,2
17-08-2012 00:00,470.64,2
18-08-2012 00:00,470.64,2
19-08-2012 00:00,470.64,2
20-08-2012 00:00,470.64,2
21-08-2012 00:00,470.64,2
22-08-2012 00:00,470.64,2
23-08-2012 00:00,470.64,2
24-08-2012 00:00,470.64,2
25-08-2012 00:00,470.64,2
26-08-2012 00:00,470.64,2
27-08-2012 00:00,470.64,2
28-08-2012 00:00,470.64,2
29-08-2012 00:00,470.64,2
30-08-2012 00:00,470.64,2
31-08-2012 00:00,470.64,2
01-09-2012 00:00,470.64,2
02-09-2012 00:00,470.64,2
03-09-2012 00:00,470.64,2
04-09-2012 00:00,470.64,2
05-09-2012 00:00,470.64,2
06-09-2012 00:00,470.64,2
07-09-2012 00:00,470.64,2
08-09-2012 00:00,470.64,2
09-09-2012 00:00,470.64,2
10-09-2012 00:00,470.64,2
11-09-2012 00:00,470.64,2
12-09-2012 00:00,470.64,2
13-09-2012 00:00,470.64,2
14-09-2012 00:00,470.64,2
15-09-2012 00:00,470.64,2
16-09-2012 00:00,470.64,2
17-09-2012 00:00,470.64,2
18-09-2012 00:00,470.64,2
19-09-2012 00:00,470.64,2
20-09-2012 00:00,470.64,2
21-09-2012 00:00,470.64,2
22-09-2012 00:00,470.64,2
23-09-2012 00:00,470.64,2
24-09-2012 00:00,470.64,2
25-09-2012 00:00,471.5,2
26-09-2012 00:00,471.5,2
27-09-2012 00:00,471.5,2
28-09-2012 00:00,1293.46,2
29-09-2012 00:00,1293.46,2
30-09-2012 00:00,1293.46,2
01-10-2012 00:00,1293.46,2
02-10-2012 00:00,1293.46,2
03-10-2012 00:00,1293.46,2
04-10-2012 00:00,1293.46,2
05-10-2012 00:00,2268.195,2
06-10-2012 00:00,2268.195,2
07-10-2012 00:00,2268.195,2
08-10-2012 00:00,2268.195,2
09-10-2012 00:00,2268.195,2
10-10-2012 00:00,2268.195,2
11-10-2012 00:00,2268.195,2
12-10-2012 00:00,2268.195,2
13-10-2012 00:00,2268.195,2
14-10-2012 00:00,2268.195,2
15-10-2012 00:00,2268.195,2
16-10-2012 00:00,2268.195,2
17-10-2012 00:00,2145,2
18-10-2012 00:00,2145,2
19-10-2012 00:00,2145,2
20-10-2012 00:00,2145,2
21-10-2012 00:00,2145,2
22-10-2012 00:00,2145,2
23-10-2012 00:00,2145,2
24-10-2012 00:00,2145,2
25-10-2012 00:00,2145,2
26-10-2012 00:00,2145,2
27-10-2012 00:00,2145,2
28-10-2012 00:00,2145,2
29-10-2012 00:00,2145,2
30-10-2012 00:00,2145,2
31-10-2012 00:00,2145,2
01-11-2012 00:00,2145,2
02-11-2012 00:00,2145,2
03-11-2012 00:00,2145,2
04-11-2012 00:00,2145,2
05-11-2012 00:00,2145,2
06-11-2012 00:00,2145,2
07-11-2012 00:00,2145,2
08-11-2012 00:00,2145,2
09-11-2012 00:00,2145,2
10-11-2012 00:00,2145,2
11-11-2012 00:00,2145,2
12-11-2012 00:00,2145,2
13-11-2012 00:00,2032.262,2
14-11-2012 00:00,2018.781,2
15-11-2012 00:00,2007.88,2
16-11-2012 00:00,2017.042,2
17-11-2012 00:00,2006.489,2
18-11-2012 00:00,1963.515,2
19-11-2012 00:00,1969.888,2
20-11-2012 00:00,1958.37,2
21-11-2012 00:00,1974.603,2
22-11-2012 00:00,1933.655,2
23-11-2012 00:00,1951.387,2
24-11-2012 00:00,1918.033,2
25-11-2012 00:00,1944.301,2
26-11-2012 00:00,1911.164,2
27-11-2012 00:00,2006.604,2
28-11-2012 00:00,2008.821,2
29-11-2012 00:00,2048.058,2
30-11-2012 00:00,2000.152,2
01-12-2012 00:00,1989.753,2
02-12-2012 00:00,2015.851,2
03-12-2012 00:00,1990.301,2
04-12-2012 00:00,1982.08,2
05-12-2012 00:00,1962.072,2
06-12-2012 00:00,1952.994,2
07-12-2012 00:00,1855.276,2
08-12-2012 00:00,1833.917,2
09-12-2012 00:00,1848.3,2
10-12-2012 00:00,1836.459,2
11-12-2012 00:00,1811.577,2
12-12-2012 00:00,1805.464,2
13-12-2012 00:00,1785.547,2
14-12-2012 00:00,1732.202,2
15-12-2012 00:00,1746.098,2
16-12-2012 00:00,1733.534,2
17-12-2012 00:00,1741.325,2
18-12-2012 00:00,1759.332,2
19-12-2012 00:00,1769.033,2
20-12-2012 00:00,1747,2
21-12-2012 00:00,1699.463,2
22-12-2012 00:00,1728.755,2
23-12-2012 00:00,1751.529,2
24-12-2012 00:00,1741.976,2
25-12-2012 00:00,1786.41,2
26-12-2012 00:00,1784.682,2
27-12-2012 00:00,1800.571,2
28-12-2012 00:00,1814.858,2
29-12-2012 00:00,1830.666,2
30-12-2012 00:00,1824.235,2
31-12-2012 00:00,1813.559,2
01-01-2013 00:00,1993.764,2
02-01-2013 00:00,1957.569,2
03-01-2013 00:00,1924.605,2
04-01-2013 00:00,2065.044,2
05-01-2013 00:00,2227.006,2
06-01-2013 00:00,2263.226,2
07-01-2013 00:00,2317.648,2
08-01-2013 00:00,2350.298,2
09-01-2013 00:00,2344.096,2
10-01-2013 00:00,2371.51,2
11-01-2013 00:00,2381.351,2
12-01-2013 00:00,2363.658,2
13-01-2013 00:00,2401.767,2
14-01-2013 00:00,2454.64,2
15-01-2013 00:00,2431.582,2
16-01-2013 00:00,2402.683,2
17-01-2013 00:00,2362.036,2
18-01-2013 00:00,2374.91,2
19-01-2013 00:00,2361.639,2
20-01-2013 00:00,2373.229,2
21-01-2013 00:00,2360.894,2
22-01-2013 00:00,2371.57,2
23-01-2013 00:00,2343.821,2
24-01-2013 00:00,2333.15,2
25-01-2013 00:00,2323.8,2
26-01-2013 00:00,2318.941,2
27-01-2013 00:00,2326.334,2
28-01-2013 00:00,2279.169,2
29-01-2013 00:00,2288.549,2
30-01-2013 00:00,2353.041,2
31-01-2013 00:00,2335.986,2
01-02-2013 00:00,2344.28,2
02-02-2013 00:00,2332.822,2
03-02-2013 00:00,2337.624,2
04-02-2013 00:00,2343.188,2
05-02-2013 00:00,2548.221,2
06-02-2013 00:00,2656.511,2
07-02-2013 00:00,2671.855,2
08-02-2013 00:00,2671.037,2
09-02-2013 00:00,2716.403,2
10-02-2013 00:00,2714.672,2
11-02-2013 00:00,2728.929,2
12-02-2013 00:00,2725.882,2
13-02-2013 00:00,2733.097,2
14-02-2013 00:00,2725.11,2
15-02-2013 00:00,2704.464,2
16-02-2013 00:00,2687.259,2
17-02-2013 00:00,2688.582,2
18-02-2013 00:00,2702.433,2
19-02-2013 00:00,2714.816,2
20-02-2013 00:00,2704.168,2
21-02-2013 00:00,2715.414,2
22-02-2013 00:00,2700.426,2
23-02-2013 00:00,2690.615,2
24-02-2013 00:00,2691.845,2
25-02-2013 00:00,2689.456,2
26-02-2013 00:00,2667.791,2
27-02-2013 00:00,2642.536,2
28-02-2013 00:00,2627.761,2
01-03-2013 00:00,2463.656,2
02-03-2013 00:00,2351.585,2
03-03-2013 00:00,2301.176,2
04-03-2013 00:00,2251.018,2
05-03-2013 00:00,2221.495,2
06-03-2013 00:00,2196.5,2
07-03-2013 00:00,2177.442,2
08-03-2013 00:00,2216.083,2
09-03-2013 00:00,2212.35,2
10-03-2013 00:00,2205.551,2
11-03-2013 00:00,1990.388,2
12-03-2013 00:00,2204.847,2
13-03-2013 00:00,2194.297,2
14-03-2013 00:00,2176.52,2
15-03-2013 00:00,2184.248,2
16-03-2013 00:00,2171.535,2
17-03-2013 00:00,2160.099,2
18-03-2013 00:00,1863.08,2
19-03-2013 00:00,1618.617,2
20-03-2013 00:00,1608.343,2
21-03-2013 00:00,1594.826,2
22-03-2013 00:00,1589.057,2
23-03-2013 00:00,1569.107,2
24-03-2013 00:00,1564.329,2
25-03-2013 00:00,1573.786,2
26-03-2013 00:00,1537.888,2
27-03-2013 00:00,1552.547,2
28-03-2013 00:00,1110.524,2
29-03-2013 00:00,501.477,2
30-03-2013 00:00,484.539,2
31-03-2013 00:00,465.203,2
01-04-2013 00:00,435.623,2
02-04-2013 00:00,421.321,2
03-04-2013 00:00,395.552,2
04-04-2013 00:00,388.908,2
05-04-2013 00:00,407.996,2
06-04-2013 00:00,419.032,2
07-04-2013 00:00,420.3,2
08-04-2013 00:00,414.65,2
09-04-2013 00:00,431.659,2
10-04-2013 00:00,432.265,2
11-04-2013 00:00,429.989,2
12-04-2013 00:00,436.027,2
13-04-2013 00:00,429.449,2
14-04-2013 00:00,435.503,2
15-04-2013 00:00,437.413,2
16-04-2013 00:00,403.972,2
17-04-2013 00:00,414.779,2
18-04-2013 00:00,347.7,2
19-04-2013 00:00,356.448,2
20-04-2013 00:00,362.499,2
21-04-2013 00:00,365.191,2
22-04-2013 00:00,387.54,2
23-04-2013 00:00,402.698,2
24-04-2013 00:00,370.433,2
25-04-2013 00:00,363.518,2
26-04-2013 00:00,344.206,2
27-04-2013 00:00,336.572,2
28-04-2013 00:00,352.142,2
29-04-2013 00:00,330.898,2
30-04-2013 00:00,336.288,2
01-05-2013 00:00,320.023,2
02-05-2013 00:00,303.724,2
03-05-2013 00:00,335.965,2
04-05-2013 00:00,377.149,2
05-05-2013 00:00,360.791,2
06-05-2013 00:00,363.48,2
07-05-2013 00:00,371.148,2
08-05-2013 00:00,380.149,2
09-05-2013 00:00,403.156,2
10-05-2013 00:00,371.073,2
11-05-2013 00:00,379.818,2
12-05-2013 00:00,364.461,2
13-05-2013 00:00,391.456,2
14-05-2013 00:00,398.627,2
15-05-2013 00:00,425.265,2
16-05-2013 00:00,449.044,2
17-05-2013 00:00,443.076,2
18-05-2013 00:00,447.166,2
19-05-2013 00:00,439.579,2
20-05-2013 00:00,424.63,2
21-05-2013 00:00,437.973,2
22-05-2013 00:00,430.311,2
23-05-2013 00:00,463.417,2
24-05-2013 00:00,439.577,2
25-05-2013 00:00,438.992,2
26-05-2013 00:00,458.805,2
27-05-2013 00:00,469.792,2
28-05-2013 00:00,485.611,2
29-05-2013 00:00,472.456,2
30-05-2013 00:00,449.979,2
31-05-2013 00:00,461.485,2
01-06-2013 00:00,573.589,2
02-06-2013 00:00,555.689,2
03-06-2013 00:00,460.694,2
04-06-2013 00:00,459.237,2
05-06-2013 00:00,460.47,2
06-06-2013 00:00,456.785,2
07-06-2013 00:00,450.408,2
08-06-2013 00:00,447.868,2
09-06-2013 00:00,435.175,2
10-06-2013 00:00,432.753,2
11-06-2013 00:00,435.384,2
12-06-2013 00:00,422.976,2
13-06-2013 00:00,455.467,2
14-06-2013 00:00,495.635,2
15-06-2013 00:00,501.664,2
16-06-2013 00:00,430.15,2
17-06-2013 00:00,494.311,2
18-06-2013 00:00,491.119,2
19-06-2013 00:00,452.735,2
20-06-2013 00:00,494.616,2
21-06-2013 00:00,479.254,2
22-06-2013 00:00,460.759,2
23-06-2013 00:00,454.859,2
24-06-2013 00:00,444.889,2
25-06-2013 00:00,432.198,2
26-06-2013 00:00,459.679,2
27-06-2013 00:00,485.35,2
28-06-2013 00:00,473.027,2
29-06-2013 00:00,467.894,2
30-06-2013 00:00,455.244,2
01-07-2013 00:00,438.56,2
02-07-2013 00:00,461.876,2
03-07-2013 00:00,491.003,2
04-07-2013 00:00,514.55,2
05-07-2013 00:00,469.93,2
06-07-2013 00:00,489.964,2
07-07-2013 00:00,488.545,2
08-07-2013 00:00,489.811,2
09-07-2013 00:00,492.355,2
10-07-2013 00:00,472.128,2
11-07-2013 00:00,472.535,2
12-07-2013 00:00,470.012,2
13-07-2013 00:00,472.331,2
14-07-2013 00:00,446.49,2
15-07-2013 00:00,409.396,2
16-07-2013 00:00,431.11,2
17-07-2013 00:00,396.113,2
18-07-2013 00:00,428.667,2
19-07-2013 00:00,456.294,2
20-07-2013 00:00,471.926,2
21-07-2013 00:00,453.762,2
22-07-2013 00:00,493.169,2
23-07-2013 00:00,530.997,2
24-07-2013 00:00,522.884,2
25-07-2013 00:00,523.295,2
26-07-2013 00:00,526.03,2
27-07-2013 00:00,512.721,2
28-07-2013 00:00,493.68,2
29-07-2013 00:00,460.977,2
30-07-2013 00:00,437.797,2
31-07-2013 00:00,418.018,2
01-08-2013 00:00,419.994,2
02-08-2013 00:00,434.713,2
03-08-2013 00:00,421.69,2
04-08-2013 00:00,399.863,2
05-08-2013 00:00,439.452,2
06-08-2013 00:00,453.399,2
07-08-2013 00:00,431.577,2
08-08-2013 00:00,431.801,2
09-08-2013 00:00,412.202,2
10-08-2013 00:00,421.698,2
11-08-2013 00:00,425.053,2
12-08-2013 00:00,426.504,2
13-08-2013 00:00,417.97,2
14-08-2013 00:00,403.691,2
15-08-2013 00:00,419.722,2
16-08-2013 00:00,430.316,2
17-08-2013 00:00,436.361,2
18-08-2013 00:00,418.731,2
19-08-2013 00:00,404.451,2
20-08-2013 00:00,385.85,2
21-08-2013 00:00,382.622,2
22-08-2013 00:00,387.24,2
23-08-2013 00:00,398.402,2
24-08-2013 00:00,400.554,2
25-08-2013 00:00,396.611,2
26-08-2013 00:00,397.37,2
27-08-2013 00:00,412.611,2
28-08-2013 00:00,408.836,2
29-08-2013 00:00,395.779,2
30-08-2013 00:00,396.567,2
31-08-2013 00:00,379.127,2
01-09-2013 00:00,369.62,2
02-09-2013 00:00,380.473,2
03-09-2013 00:00,362.401,2
04-09-2013 00:00,317.372,2
05-09-2013 00:00,315.114,2
06-09-2013 00:00,336.532,2
07-09-2013 00:00,319.469,2
08-09-2013 00:00,303.69,2
09-09-2013 00:00,282.314,2
10-09-2013 00:00,269.288,2
11-09-2013 00:00,285.502,2
12-09-2013 00:00,264.741,2
13-09-2013 00:00,270.415,2
14-09-2013 00:00,266.378,2
15-09-2013 00:00,260.119,2
16-09-2013 00:00,257.427,2
17-09-2013 00:00,263.57,2
18-09-2013 00:00,262.506,2
19-09-2013 00:00,253.157,2
20-09-2013 00:00,239.716,2
21-09-2013 00:00,247.382,2
22-09-2013 00:00,239.051,2
23-09-2013 00:00,240.146,2
24-09-2013 00:00,239.683,2
25-09-2013 00:00,225.674,2
26-09-2013 00:00,235.362,2
27-09-2013 00:00,237.224,2
28-09-2013 00:00,232.205,2
29-09-2013 00:00,222.853,2
30-09-2013 00:00,226.909,2
01-10-2013 00:00,219.833,2
02-10-2013 00:00,234.731,2
03-10-2013 00:00,242.026,2
04-10-2013 00:00,225.797,2
05-10-2013 00:00,191.161,2
06-10-2013 00:00,192.846,2
07-10-2013 00:00,174.847,2
08-10-2013 00:00,196.043,2
09-10-2013 00:00,182.413,2
10-10-2013 00:00,215.836,2
11-10-2013 00:00,376.843,2
12-10-2013 00:00,375.156,2
13-10-2013 00:00,487.702,2
14-10-2013 00:00,661.389,2
15-10-2013 00:00,608.361,2
16-10-2013 00:00,541.351,2
17-10-2013 00:00,537.923,2
18-10-2013 00:00,524.073,2
19-10-2013 00:00,500.95,2
20-10-2013 00:00,387.95,2
21-10-2013 00:00,466.778,2
22-10-2013 00:00,615.016,2
23-10-2013 00:00,594.128,2
24-10-2013 00:00,578.12,2
25-10-2013 00:00,579.192,2
26-10-2013 00:00,565.251,2
27-10-2013 00:00,578.778,2
28-10-2013 00:00,499.6,2
29-10-2013 00:00,565.67,2
30-10-2013 00:00,575.851,2
31-10-2013 00:00,565.203,2
01-11-2013 00:00,593.263,2
02-11-2013 00:00,610.451,2
03-11-2013 00:00,612.84,2
04-11-2013 00:00,620.671,2
05-11-2013 00:00,608.791,2
06-11-2013 00:00,634.201,2
07-11-2013 00:00,629.848,2
08-11-2013 00:00,636.294,2
09-11-2013 00:00,637.404,2
10-11-2013 00:00,666.758,2
11-11-2013 00:00,651.763,2
12-11-2013 00:00,659.494,2
13-11-2013 00:00,663.302,2
14-11-2013 00:00,678.325,2
15-11-2013 00:00,669.964,2
16-11-2013 00:00,658.088,2
17-11-2013 00:00,661.689,2
18-11-2013 00:00,649.996,2
19-11-2013 00:00,653.988,2
20-11-2013 00:00,664.138,2
21-11-2013 00:00,664.474,2
22-11-2013 00:00,676.532,2
23-11-2013 00:00,660.008,2
24-11-2013 00:00,679.547,2
25-11-2013 00:00,670.305,2
26-11-2013 00:00,666.21,2
27-11-2013 00:00,631.392,2
28-11-2013 00:00,646.804,2
29-11-2013 00:00,692.268,2
30-11-2013 00:00,673.287,2
01-12-2013 00:00,650.094,2
02-12-2013 00:00,652.405,2
03-12-2013 00:00,652.373,2
04-12-2013 00:00,662.443,2
05-12-2013 00:00,480,2
06-12-2013 00:00,197.051,2
07-12-2013 00:00,68.697,2
08-12-2013 00:00,60.362,2
09-12-2013 00:00,342.696,2
10-12-2013 00:00,651.19,2
11-12-2013 00:00,645.354,2
12-12-2013 00:00,650.121,2
13-12-2013 00:00,680.468,2
14-12-2013 00:00,690.126,2
15-12-2013 00:00,694.158,2
16-12-2013 00:00,630.676,2
17-12-2013 00:00,554.61,2
18-12-2013 00:00,556.143,2
19-12-2013 00:00,534.277,2
20-12-2013 00:00,540.404,2
21-12-2013 00:00,535.991,2
22-12-2013 00:00,538.711,2
23-12-2013 00:00,558.005,2
24-12-2013 00:00,577.372,2
25-12-2013 00:00,567.848,2
26-12-2013 00:00,561.031,2
27-12-2013 00:00,570.416,2
28-12-2013 00:00,565.806,2
29-12-2013 00:00,558.729,2
30-12-2013 00:00,575.719,2
31-12-2013 00:00,599.042,2
01-01-2014 00:00,483.227,2
02-01-2014 00:00,495.662,2
03-01-2014 00:00,519.989,2
04-01-2014 00:00,527.712,2
05-01-2014 00:00,533.38,2
06-01-2014 00:00,553.025,2
07-01-2014 00:00,583.872,2
08-01-2014 00:00,603.626,2
09-01-2014 00:00,1914.978,2
10-01-2014 00:00,3215.413,2
11-01-2014 00:00,3122.911,2
12-01-2014 00:00,3210.857,2
13-01-2014 00:00,3464.989,2
14-01-2014 00:00,3379.969,2
15-01-2014 00:00,3464.995,2
16-01-2014 00:00,3701.243,2
17-01-2014 00:00,3581.199,2
18-01-2014 00:00,3460.811,2
19-01-2014 00:00,3759.199,2
20-01-2014 00:00,3713.88,2
21-01-2014 00:00,3098.442,2
22-01-2014 00:00,2121.901,2
23-01-2014 00:00,2318,2
24-01-2014 00:00,2567.397,2
25-01-2014 00:00,2706.903,2
26-01-2014 00:00,2678.183,2
27-01-2014 00:00,2829.269,2
28-01-2014 00:00,2639.206,2
29-01-2014 00:00,2312.524,2
30-01-2014 00:00,1730.286,2
31-01-2014 00:00,1744.434,2
01-02-2014 00:00,1996.229,2
02-02-2014 00:00,1983.648,2
03-02-2014 00:00,1615.41,2
04-02-2014 00:00,1387.591,2
05-02-2014 00:00,1040.781,2
06-02-2014 00:00,890.922,2
07-02-2014 00:00,1244.516,2
08-02-2014 00:00,1231.152,2
09-02-2014 00:00,1323.878,2
10-02-2014 00:00,964.943,2
11-02-2014 00:00,795.018,2
12-02-2014 00:00,1109.705,2
13-02-2014 00:00,1115.176,2
14-02-2014 00:00,897.497,2
15-02-2014 00:00,1886.429,2
16-02-2014 00:00,1550.754,2
17-02-2014 00:00,1354.43,2
18-02-2014 00:00,1539.072,2
19-02-2014 00:00,1464.101,2
20-02-2014 00:00,1571.045,2
21-02-2014 00:00,2386.657,2
22-02-2014 00:00,2443.122,2
23-02-2014 00:00,2559.187,2
24-02-2014 00:00,2900.231,2
25-02-2014 00:00,2897.462,2
26-02-2014 00:00,2920.015,2
27-02-2014 00:00,2844.347,2
28-02-2014 00:00,2793.685,2
01-03-2014 00:00,2850.621,2
02-03-2014 00:00,2815.46,2
03-03-2014 00:00,2988.675,2
04-03-2014 00:00,2884.022,2
05-03-2014 00:00,2602.032,2
06-03-2014 00:00,1907.307,2
07-03-2014 00:00,1343.125,2
08-03-2014 00:00,861.008,2
09-03-2014 00:00,1125.469,2
10-03-2014 00:00,971.423,2
11-03-2014 00:00,712.389,2
12-03-2014 00:00,712.204,2
13-03-2014 00:00,598.342,2
14-03-2014 00:00,522.475,2
15-03-2014 00:00,810.857,2
16-03-2014 00:00,671.498,2
17-03-2014 00:00,750.76,2
18-03-2014 00:00,591.022,2
19-03-2014 00:00,632.475,2
20-03-2014 00:00,471.67,2
21-03-2014 00:00,435.48,2
22-03-2014 00:00,363.723,2
23-03-2014 00:00,320.125,2
24-03-2014 00:00,388.6,2
25-03-2014 00:00,515.241,2
26-03-2014 00:00,1266.514,2
27-03-2014 00:00,1673.006,2
28-03-2014 00:00,1590.823,2
29-03-2014 00:00,1615.911,2
30-03-2014 00:00,1679.094,2
31-03-2014 00:00,1084.951,2
01-04-2014 00:00,391.134,2
02-04-2014 00:00,383.193,2
03-04-2014 00:00,358.134,2
04-04-2014 00:00,218.988,2
05-04-2014 00:00,115.826,2
06-04-2014 00:00,351.722,2
07-04-2014 00:00,372.524,2
08-04-2014 00:00,382.752,2
09-04-2014 00:00,363.784,2
10-04-2014 00:00,405.88,2
11-04-2014 00:00,557.369,2
12-04-2014 00:00,679.218,2
13-04-2014 00:00,672.416,2
14-04-2014 00:00,684.069,2
15-04-2014 00:00,901.641,2
16-04-2014 00:00,1018.058,2
17-04-2014 00:00,1008.702,2
18-04-2014 00:00,1015.079,2
19-04-2014 00:00,1006.341,2
20-04-2014 00:00,996.259,2
21-04-2014 00:00,1004.391,2
22-04-2014 00:00,994.589,2
23-04-2014 00:00,994.996,2
24-04-2014 00:00,1013.9,2
25-04-2014 00:00,1001.019,2
26-04-2014 00:00,992.854,2
27-04-2014 00:00,987.155,2
28-04-2014 00:00,957.837,2
29-04-2014 00:00,934.196,2
30-04-2014 00:00,903.798,2
01-05-2014 00:00,694.362,2
02-05-2014 00:00,580.43,2
03-05-2014 00:00,590.219,2
04-05-2014 00:00,558.292,2
05-05-2014 00:00,531.036,2
06-05-2014 00:00,528.944,2
07-05-2014 00:00,532.747,2
08-05-2014 00:00,530.67,2
09-05-2014 00:00,512.783,2
10-05-2014 00:00,542.696,2
11-05-2014 00:00,600.82,2
12-05-2014 00:00,634.985,2
13-05-2014 00:00,659.04,2
14-05-2014 00:00,2301.174,2
15-05-2014 00:00,3242.674,2
16-05-2014 00:00,3197.154,2
17-05-2014 00:00,3172.574,2
18-05-2014 00:00,3167.768,2
19-05-2014 00:00,3195.198,2
20-05-2014 00:00,3204.815,2
21-05-2014 00:00,3022.466,2
22-05-2014 00:00,2923.254,2
23-05-2014 00:00,1582.276,2
24-05-2014 00:00,843.65,2
25-05-2014 00:00,708.544,2
26-05-2014 00:00,623.398,2
27-05-2014 00:00,620.328,2
28-05-2014 00:00,595.625,2
29-05-2014 00:00,586.528,2
30-05-2014 00:00,582.648,2
31-05-2014 00:00,567.792,2
01-06-2014 00:00,571.846,2
02-06-2014 00:00,566.153,2
03-06-2014 00:00,562.282,2
04-06-2014 00:00,557.567,2
05-06-2014 00:00,553.686,2
06-06-2014 00:00,527.556,2
07-06-2014 00:00,537.825,2
08-06-2014 00:00,542.799,2
09-06-2014 00:00,536.046,2
10-06-2014 00:00,531.679,2
11-06-2014 00:00,515.629,2
12-06-2014 00:00,522.343,2
13-06-2014 00:00,533.62,2
14-06-2014 00:00,533.693,2
15-06-2014 00:00,515.922,2
16-06-2014 00:00,506.972,2
17-06-2014 00:00,523.881,2
18-06-2014 00:00,516.788,2
19-06-2014 00:00,504.589,2
20-06-2014 00:00,487.143,2
21-06-2014 00:00,491.556,2
22-06-2014 00:00,486.926,2
23-06-2014 00:00,478.821,2
24-06-2014 00:00,478.627,2
25-06-2014 00:00,491.539,2
26-06-2014 00:00,465.593,2
27-06-2014 00:00,478.281,2
28-06-2014 00:00,479.031,2
29-06-2014 00:00,454.317,2
30-06-2014 00:00,459.93,2
01-07-2014 00:00,466.246,2
02-07-2014 00:00,477.438,2
03-07-2014 00:00,467.08,2
04-07-2014 00:00,480.642,2
05-07-2014 00:00,471.636,2
06-07-2014 00:00,476.065,2
07-07-2014 00:00,475.659,2
08-07-2014 00:00,499.611,2
09-07-2014 00:00,495.532,2
10-07-2014 00:00,502,2
11-07-2014 00:00,508.712,2
12-07-2014 00:00,460.315,2
13-07-2014 00:00,440.38,2
14-07-2014 00:00,432.597,2
15-07-2014 00:00,411.45,2
16-07-2014 00:00,535.973,2
17-07-2014 00:00,529.753,2
18-07-2014 00:00,532.673,2
19-07-2014 00:00,530.418,2
20-07-2014 00:00,511.168,2
21-07-2014 00:00,480.953,2
22-07-2014 00:00,446.045,2
23-07-2014 00:00,403.508,2
24-07-2014 00:00,401.233,2
25-07-2014 00:00,418.047,2
26-07-2014 00:00,436.6,2
27-07-2014 00:00,453.001,2
28-07-2014 00:00,420.265,2
29-07-2014 00:00,422.274,2
30-07-2014 00:00,451.171,2
31-07-2014 00:00,422.522,2
01-08-2014 00:00,428.038,2
02-08-2014 00:00,431.943,2
03-08-2014 00:00,423.142,2
04-08-2014 00:00,410.665,2
05-08-2014 00:00,417.603,2
06-08-2014 00:00,413.705,2
07-08-2014 00:00,337.885,2
08-08-2014 00:00,367.641,2
09-08-2014 00:00,358.298,2
10-08-2014 00:00,342.723,2
11-08-2014 00:00,349.055,2
12-08-2014 00:00,313.689,2
13-08-2014 00:00,369.802,2
14-08-2014 00:00,359.823,2
15-08-2014 00:00,360.485,2
16-08-2014 00:00,346.802,2
17-08-2014 00:00,347.809,2
18-08-2014 00:00,325.582,2
19-08-2014 00:00,230.267,2
20-08-2014 00:00,147.38,2
21-08-2014 00:00,133.696,2
22-08-2014 00:00,112.263,2
23-08-2014 00:00,116.014,2
24-08-2014 00:00,95.258,2
25-08-2014 00:00,217.035,2
26-08-2014 00:00,289.299,2
27-08-2014 00:00,298.471,2
28-08-2014 00:00,292.622,2
29-08-2014 00:00,315.348,2
30-08-2014 00:00,316.296,2
31-08-2014 00:00,315.42,2
01-09-2014 00:00,318.409,2
02-09-2014 00:00,308.956,2
03-09-2014 00:00,315.9,2
04-09-2014 00:00,308.295,2
05-09-2014 00:00,309.702,2
06-09-2014 00:00,314.038,2
07-09-2014 00:00,300.66,2
08-09-2014 00:00,276.597,2
09-09-2014 00:00,270.793,2
10-09-2014 00:00,280.301,2
11-09-2014 00:00,269.684,2
12-09-2014 00:00,265.119,2
13-09-2014 00:00,271.21,2
14-09-2014 00:00,279.456,2
15-09-2014 00:00,278.296,2
16-09-2014 00:00,268.584,2
17-09-2014 00:00,254.391,2
18-09-2014 00:00,274.017,2
19-09-2014 00:00,259.368,2
20-09-2014 00:00,241.535,2
21-09-2014 00:00,235.071,2
22-09-2014 00:00,252.657,2
23-09-2014 00:00,234.021,2
24-09-2014 00:00,244.319,2
25-09-2014 00:00,216.448,2
26-09-2014 00:00,224.233,2
27-09-2014 00:00,199.535,2
28-09-2014 00:00,171.25,2
29-09-2014 00:00,165.413,2
30-09-2014 00:00,167.986,2
01-10-2014 00:00,172.554,2
02-10-2014 00:00,172.09,2
03-10-2014 00:00,152.983,2
04-10-2014 00:00,154.677,2
05-10-2014 00:00,127.577,2
06-10-2014 00:00,149.391,2
07-10-2014 00:00,95.321,2
08-10-2014 00:00,156.974,2
09-10-2014 00:00,177.649,2
10-10-2014 00:00,219.937,2
11-10-2014 00:00,265.372,2
12-10-2014 00:00,276.373,2
13-10-2014 00:00,339.565,2
14-10-2014 00:00,436.092,2
15-10-2014 00:00,430.29,2
16-10-2014 00:00,428.548,2
17-10-2014 00:00,442.986,2
18-10-2014 00:00,423.04,2
19-10-2014 00:00,412.558,2
20-10-2014 00:00,282.366,2
21-10-2014 00:00,162.985,2
22-10-2014 00:00,152.348,2
23-10-2014 00:00,140.66,2
24-10-2014 00:00,164.616,2
25-10-2014 00:00,206.804,2
26-10-2014 00:00,231.57,2
27-10-2014 00:00,241.122,2
28-10-2014 00:00,251.562,2
29-10-2014 00:00,322.146,2
30-10-2014 00:00,295.501,2
31-10-2014 00:00,293.57,2
01-11-2014 00:00,252.733,2
02-11-2014 00:00,263.246,2
03-11-2014 00:00,250.151,2
04-11-2014 00:00,214.508,2
05-11-2014 00:00,216.126,2
06-11-2014 00:00,258.02,2
07-11-2014 00:00,256.341,2
08-11-2014 00:00,256.897,2
09-11-2014 00:00,261.206,2
10-11-2014 00:00,251.04,2
11-11-2014 00:00,243.772,2
12-11-2014 00:00,261.897,2
13-11-2014 00:00,235.818,2
14-11-2014 00:00,233.951,2
15-11-2014 00:00,250.337,2
16-11-2014 00:00,252.878,2
17-11-2014 00:00,269.686,2
18-11-2014 00:00,264.627,2
19-11-2014 00:00,363.305,2
20-11-2014 00:00,414.287,2
21-11-2014 00:00,363.667,2
22-11-2014 00:00,292.93,2
23-11-2014 00:00,296.346,2
24-11-2014 00:00,283.572,2
25-11-2014 00:00,267.73,2
26-11-2014 00:00,234.866,2
27-11-2014 00:00,200.558,2
28-11-2014 00:00,274.318,2
29-11-2014 00:00,251.445,2
30-11-2014 00:00,212.173,2
01-12-2014 00:00,232.52,2
02-12-2014 00:00,272.135,2
03-12-2014 00:00,254.416,2
04-12-2014 00:00,246.012,2
05-12-2014 00:00,251.987,2
06-12-2014 00:00,264.88,2
07-12-2014 00:00,235.904,2
08-12-2014 00:00,237.342,2
09-12-2014 00:00,233.048,2
10-12-2014 00:00,225.319,2
11-12-2014 00:00,302.053,2
12-12-2014 00:00,354.073,2
13-12-2014 00:00,361.458,2
14-12-2014 00:00,358.019,2
15-12-2014 00:00,382.779,2
16-12-2014 00:00,374.702,2
17-12-2014 00:00,357.474,2
18-12-2014 00:00,367.14,2
19-12-2014 00:00,372.305,2
20-12-2014 00:00,394.028,2
21-12-2014 00:00,386.868,2
22-12-2014 00:00,531.698,2
23-12-2014 00:00,593.832,2
24-12-2014 00:00,614.023,2
25-12-2014 00:00,616.949,2
26-12-2014 00:00,597.222,2
27-12-2014 00:00,566.394,2
28-12-2014 00:00,532.256,2
29-12-2014 00:00,1114.173,2
30-12-2014 00:00,2180.67,2
31-12-2014 00:00,2664.564,2
01-01-2015 00:00,2642.092,2
02-01-2015 00:00,2155.948,2
03-01-2015 00:00,1880.896,2
04-01-2015 00:00,1852.21,2
05-01-2015 00:00,2556.062,2
06-01-2015 00:00,3194.964,2
07-01-2015 00:00,3218.206,2
08-01-2015 00:00,3230.753,2
09-01-2015 00:00,3169.75,2
10-01-2015 00:00,1813.539,2
11-01-2015 00:00,266.155,2
12-01-2015 00:00,232.747,2
13-01-2015 00:00,628.086,2
14-01-2015 00:00,1935.407,2
15-01-2015 00:00,3693.516,2
16-01-2015 00:00,3944.996,2
17-01-2015 00:00,3919.756,2
18-01-2015 00:00,3865.333,2
19-01-2015 00:00,3937.972,2
20-01-2015 00:00,4365.277,2
21-01-2015 00:00,4453.432,2
22-01-2015 00:00,4409.783,2
23-01-2015 00:00,4184.618,2
24-01-2015 00:00,4079.536,2
25-01-2015 00:00,4011.83,2
26-01-2015 00:00,4026.206,2
27-01-2015 00:00,4010.168,2
28-01-2015 00:00,4062.447,2
29-01-2015 00:00,4089.991,2
30-01-2015 00:00,4061.863,2
31-01-2015 00:00,3988.343,2
01-02-2015 00:00,3968.198,2
02-02-2015 00:00,4152.285,2
03-02-2015 00:00,4248.844,2
04-02-2015 00:00,4194.912,2
05-02-2015 00:00,4156.71,2
06-02-2015 00:00,4146.795,2
07-02-2015 00:00,3987.473,2
08-02-2015 00:00,3985.477,2
09-02-2015 00:00,3974.041,2
10-02-2015 00:00,3974.068,2
11-02-2015 00:00,3953.138,2
12-02-2015 00:00,3926.163,2
13-02-2015 00:00,3914.685,2
14-02-2015 00:00,3913.621,2
15-02-2015 00:00,3997.306,2
16-02-2015 00:00,3918.16,2
17-02-2015 00:00,3681.315,2
18-02-2015 00:00,3405.595,2
19-02-2015 00:00,3140.913,2
20-02-2015 00:00,2876.352,2
21-02-2015 00:00,2945.861,2
22-02-2015 00:00,2936.198,2
23-02-2015 00:00,3412.85,2
24-02-2015 00:00,3669.804,2
25-02-2015 00:00,3640.953,2
26-02-2015 00:00,3655.756,2
27-02-2015 00:00,3658.577,2
28-02-2015 00:00,3613.786,2
01-03-2015 00:00,3662.765,2
02-03-2015 00:00,3600.371,2
03-03-2015 00:00,3569.409,2
04-03-2015 00:00,3608.394,2
05-03-2015 00:00,3665.492,2
06-03-2015 00:00,3264.27,2
07-03-2015 00:00,3002.893,2
08-03-2015 00:00,2988.137,2
09-03-2015 00:00,2965.443,2
10-03-2015 00:00,2944.126,2
11-03-2015 00:00,2939.072,2
12-03-2015 00:00,2930.822,2
13-03-2015 00:00,2941.994,2
14-03-2015 00:00,2910.313,2
15-03-2015 00:00,2944.816,2
16-03-2015 00:00,2937.087,2
17-03-2015 00:00,2900.216,2
18-03-2015 00:00,1915.216,2
19-03-2015 00:00,772.356,2
20-03-2015 00:00,489.04,2
21-03-2015 00:00,406.024,2
22-03-2015 00:00,365.504,2
23-03-2015 00:00,333.59,2
24-03-2015 00:00,298.587,2
25-03-2015 00:00,411.56,2
26-03-2015 00:00,450.583,2
27-03-2015 00:00,516.747,2
28-03-2015 00:00,537.404,2
29-03-2015 00:00,531.608,2
30-03-2015 00:00,525.216,2
31-03-2015 00:00,532.402,2
01-04-2015 00:00,513.469,2
02-04-2015 00:00,502.538,2
03-04-2015 00:00,497.495,2
04-04-2015 00:00,525.416,2
05-04-2015 00:00,519.145,2
06-04-2015 00:00,518.211,2
07-04-2015 00:00,529.065,2
08-04-2015 00:00,518.742,2
09-04-2015 00:00,584.582,2
10-04-2015 00:00,583.266,2
11-04-2015 00:00,542.283,2
12-04-2015 00:00,544.182,2
13-04-2015 00:00,605.894,2
14-04-2015 00:00,677.906,2
15-04-2015 00:00,1104.645,2
16-04-2015 00:00,1456.396,2
17-04-2015 00:00,1456.507,2
18-04-2015 00:00,1451.265,2
19-04-2015 00:00,1446.147,2
20-04-2015 00:00,1433.017,2
21-04-2015 00:00,1449.319,2
22-04-2015 00:00,1454.137,2
23-04-2015 00:00,1100.986,2
24-04-2015 00:00,785.969,2
25-04-2015 00:00,825.28,2
26-04-2015 00:00,822.6,2
27-04-2015 00:00,855.668,2
28-04-2015 00:00,907.582,2
29-04-2015 00:00,898.393,2
30-04-2015 00:00,1074.39,2
01-05-2015 00:00,1143.223,2
02-05-2015 00:00,1155.343,2
03-05-2015 00:00,1138.746,2
04-05-2015 00:00,2762.304,2
05-05-2015 00:00,3786.769,2
06-05-2015 00:00,3644.88,2
07-05-2015 00:00,1708.415,2
08-05-2015 00:00,746.008,2
09-05-2015 00:00,688.025,2
10-05-2015 00:00,680.386,2
11-05-2015 00:00,691.079,2
12-05-2015 00:00,735.557,2
13-05-2015 00:00,789.931,2
14-05-2015 00:00,788.706,2
15-05-2015 00:00,792.309,2
16-05-2015 00:00,769.409,2
17-05-2015 00:00,754.962,2
18-05-2015 00:00,649.685,2
19-05-2015 00:00,578.588,2
20-05-2015 00:00,557.174,2
21-05-2015 00:00,552.96,2
22-05-2015 00:00,534.787,2
23-05-2015 00:00,519.272,2
24-05-2015 00:00,517.39,2
25-05-2015 00:00,529.472,2
26-05-2015 00:00,499.8,2
27-05-2015 00:00,511.463,2
28-05-2015 00:00,501.918,2
29-05-2015 00:00,505.321,2
30-05-2015 00:00,510.47,2
31-05-2015 00:00,509.418,2
01-06-2015 00:00,524.621,2
02-06-2015 00:00,501.112,2
03-06-2015 00:00,509.218,2
04-06-2015 00:00,550.485,2
05-06-2015 00:00,468.637,2
06-06-2015 00:00,471.145,2
07-06-2015 00:00,431.755,2
08-06-2015 00:00,454.082,2
09-06-2015 00:00,494.735,2
10-06-2015 00:00,484.898,2
11-06-2015 00:00,527.818,2
12-06-2015 00:00,429.755,2
13-06-2015 00:00,430.726,2
14-06-2015 00:00,386.411,2
15-06-2015 00:00,350.175,2
16-06-2015 00:00,336.504,2
17-06-2015 00:00,319.717,2
18-06-2015 00:00,302.527,2
19-06-2015 00:00,287.405,2
20-06-2015 00:00,300.367,2
21-06-2015 00:00,324.07,2
22-06-2015 00:00,334.669,2
23-06-2015 00:00,345.693,2
24-06-2015 00:00,321.442,2
25-06-2015 00:00,341.282,2
26-06-2015 00:00,334.674,2
27-06-2015 00:00,338.009,2
28-06-2015 00:00,330.809,2
29-06-2015 00:00,312.08,2
30-06-2015 00:00,331.76,2
01-07-2015 00:00,356.075,2
02-07-2015 00:00,331.125,2
03-07-2015 00:00,330.874,2
04-07-2015 00:00,331.954,2
05-07-2015 00:00,309.36,2
06-07-2015 00:00,335,2
07-07-2015 00:00,335,2
08-07-2015 00:00,335,2
09-07-2015 00:00,335,2
10-07-2015 00:00,335,2
11-07-2015 00:00,335,2
12-07-2015 00:00,335,2
13-07-2015 00:00,335,2
14-07-2015 00:00,335,2
15-07-2015 00:00,335,2
16-07-2015 00:00,335,2
17-07-2015 00:00,335,2
18-07-2015 00:00,335,2
19-07-2015 00:00,335,2
20-07-2015 00:00,335,2
21-07-2015 00:00,335,2
22-07-2015 00:00,335,2
23-07-2015 00:00,335,2
24-07-2015 00:00,335,2
25-07-2015 00:00,335,2
26-07-2015 00:00,335,2
27-07-2015 00:00,335,2
28-07-2015 00:00,335,2
29-07-2015 00:00,335,2
30-07-2015 00:00,335,2
31-07-2015 00:00,335,2
01-08-2015 00:00,335,2
02-08-2015 00:00,335,2
03-08-2015 00:00,335,2
04-08-2015 00:00,335,2
05-08-2015 00:00,335,2
06-08-2015 00:00,335,2
07-08-2015 00:00,335,2
08-08-2015 00:00,335,2
09-08-2015 00:00,335,2
10-08-2015 00:00,335,2
11-08-2015 00:00,335,2
12-08-2015 00:00,335,2
13-08-2015 00:00,335,2
14-08-2015 00:00,335,2
15-08-2015 00:00,335,2
16-08-2015 00:00,335,2
17-08-2015 00:00,335,2
18-08-2015 00:00,335,2
19-08-2015 00:00,335,2
20-08-2015 00:00,335,2
21-08-2015 00:00,335,2
22-08-2015 00:00,335,2
23-08-2015 00:00,335,2
24-08-2015 00:00,335,2
25-08-2015 00:00,335,2
26-08-2015 00:00,335,2
27-08-2015 00:00,335,2
28-08-2015 00:00,335,2
29-08-2015 00:00,335,2
30-08-2015 00:00,335,2
31-08-2015 00:00,335,2
01-09-2015 00:00,335,2
02-09-2015 00:00,335,2
03-09-2015 00:00,335,2
04-09-2015 00:00,335,2
05-09-2015 00:00,335,2
06-09-2015 00:00,335,2
07-09-2015 00:00,335,2
08-09-2015 00:00,381.517,2
09-09-2015 00:00,375.455,2
10-09-2015 00:00,388.309,2
11-09-2015 00:00,401.151,2
12-09-2015 00:00,359.118,2
13-09-2015 00:00,351.564,2
14-09-2015 00:00,331.189,2
15-09-2015 00:00,305.654,2
16-09-2015 00:00,285.781,2
17-09-2015 00:00,374.711,2
18-09-2015 00:00,359.695,2
19-09-2015 00:00,321.756,2
20-09-2015 00:00,304.226,2
21-09-2015 00:00,316.104,2
22-09-2015 00:00,331.623,2
23-09-2015 00:00,355.375,2
24-09-2015 00:00,346.279,2
25-09-2015 00:00,329.117,2
26-09-2015 00:00,301.931,2
27-09-2015 00:00,294.977,2
28-09-2015 00:00,288.363,2
29-09-2015 00:00,280.709,2
30-09-2015 00:00,299.368,2
01-10-2015 00:00,387.683,2
02-10-2015 00:00,450.595,2
03-10-2015 00:00,444.483,2
04-10-2015 00:00,430.243,2
05-10-2015 00:00,421.197,2
06-10-2015 00:00,423.05,2
07-10-2015 00:00,371.759,2
08-10-2015 00:00,410.474,2
09-10-2015 00:00,508.844,2
10-10-2015 00:00,504.308,2
11-10-2015 00:00,492.486,2
12-10-2015 00:00,499.34,2
13-10-2015 00:00,493.329,2
14-10-2015 00:00,475.494,2
15-10-2015 00:00,478.159,2
16-10-2015 00:00,443.998,2
17-10-2015 00:00,443.667,2
18-10-2015 00:00,431.795,2
19-10-2015 00:00,432.465,2
20-10-2015 00:00,445.561,2
21-10-2015 00:00,437.258,2
22-10-2015 00:00,444.947,2
23-10-2015 00:00,456.003,2
24-10-2015 00:00,439.229,2
25-10-2015 00:00,404.514,2
26-10-2015 00:00,433.672,2
27-10-2015 00:00,461.679,2
28-10-2015 00:00,480.098,2
29-10-2015 00:00,461.115,2
30-10-2015 00:00,453.39,2
31-10-2015 00:00,459.972,2
01-11-2015 00:00,415.562,2
02-11-2015 00:00,439.999,2
03-11-2015 00:00,456.878,2
04-11-2015 00:00,444.027,2
05-11-2015 00:00,478.376,2
06-11-2015 00:00,487.464,2
07-11-2015 00:00,494.68,2
08-11-2015 00:00,460.343,2
09-11-2015 00:00,483.365,2
10-11-2015 00:00,456.094,2
11-11-2015 00:00,439.943,2
12-11-2015 00:00,480.566,2
13-11-2015 00:00,553.937,2
14-11-2015 00:00,522.242,2
15-11-2015 00:00,530.241,2
16-11-2015 00:00,684.475,2
17-11-2015 00:00,827.499,2
18-11-2015 00:00,806.776,2
19-11-2015 00:00,831.542,2
20-11-2015 00:00,1000.912,2
21-11-2015 00:00,2210.592,2
22-11-2015 00:00,3106.26,2
23-11-2015 00:00,3633.864,2
24-11-2015 00:00,3939.667,2
25-11-2015 00:00,4013.359,2
26-11-2015 00:00,4051.611,2
27-11-2015 00:00,4065.129,2
28-11-2015 00:00,4073.56,2
29-11-2015 00:00,3986.975,2
30-11-2015 00:00,3628.451,2
01-12-2015 00:00,3667.602,2
02-12-2015 00:00,3835.643,2
03-12-2015 00:00,3849.571,2
04-12-2015 00:00,3797.864,2
05-12-2015 00:00,3732.237,2
06-12-2015 00:00,3549.463,2
07-12-2015 00:00,3968.569,2
08-12-2015 00:00,4337.829,2
09-12-2015 00:00,4266.211,2
10-12-2015 00:00,4151.919,2
11-12-2015 00:00,4165.762,2
12-12-2015 00:00,4251.844,2
13-12-2015 00:00,4271.184,2
14-12-2015 00:00,4341.753,2
15-12-2015 00:00,4447.275,2
16-12-2015 00:00,4355.698,2
17-12-2015 00:00,4511.252,2
18-12-2015 00:00,4552.586,2
19-12-2015 00:00,4643.042,2
20-12-2015 00:00,4807.949,2
21-12-2015 00:00,4654.922,2
22-12-2015 00:00,4496.163,2
23-12-2015 00:00,4567.763,2
24-12-2015 00:00,4645.577,2
25-12-2015 00:00,4576.179,2
26-12-2015 00:00,4740.255,2
27-12-2015 00:00,4813.385,2
28-12-2015 00:00,4832.384,2
29-12-2015 00:00,5046.586,2
30-12-2015 00:00,4929.961,2
31-12-2015 00:00,4942.97,2
01-01-2016 00:00,4818.231,2
02-01-2016 00:00,5115.276,2
03-01-2016 00:00,4705.68,2
04-01-2016 00:00,3547.871,2
05-01-2016 00:00,4675.485,2
06-01-2016 00:00,4746.805,2
07-01-2016 00:00,5153.264,2
08-01-2016 00:00,5692.693,2
09-01-2016 00:00,4653.986,2
10-01-2016 00:00,4667.081,2
11-01-2016 00:00,4702.283,2
12-01-2016 00:00,4686.649,2
13-01-2016 00:00,4614.821,2
14-01-2016 00:00,4610.182,2
15-01-2016 00:00,4519.401,2
16-01-2016 00:00,4544.166,2
17-01-2016 00:00,4525.467,2
18-01-2016 00:00,4646.667,2
19-01-2016 00:00,4173.846,2
20-01-2016 00:00,4133.198,2
21-01-2016 00:00,4199.331,2
22-01-2016 00:00,3730.77,2
23-01-2016 00:00,4128.948,2
24-01-2016 00:00,3766.399,2
25-01-2016 00:00,3441.535,2
26-01-2016 00:00,3845.794,2
27-01-2016 00:00,3734.784,2
28-01-2016 00:00,2982.156,2
29-01-2016 00:00,2851.988,2
30-01-2016 00:00,3125.496,2
31-01-2016 00:00,3022.555,2
01-02-2016 00:00,3006.689,2
02-02-2016 00:00,3104.734,2
03-02-2016 00:00,3222.961,2
04-02-2016 00:00,3149.508,2
05-02-2016 00:00,2940.668,2
06-02-2016 00:00,2981.145,2
07-02-2016 00:00,3013.763,2
08-02-2016 00:00,3232.58,2
09-02-2016 00:00,3158.026,2
10-02-2016 00:00,3432.478,2
11-02-2016 00:00,3204.631,2
12-02-2016 00:00,3225.171,2
13-02-2016 00:00,3023.493,2
14-02-2016 00:00,3314.871,2
15-02-2016 00:00,3165.169,2
16-02-2016 00:00,2804.596,2
17-02-2016 00:00,2660.326,2
18-02-2016 00:00,2767.177,2
19-02-2016 00:00,2276.864,2
20-02-2016 00:00,2873.229,2
21-02-2016 00:00,2929.092,2
22-02-2016 00:00,2931.182,2
23-02-2016 00:00,3093.882,2
24-02-2016 00:00,3020.778,2
25-02-2016 00:00,2890.729,2
26-02-2016 00:00,2735.813,2
27-02-2016 00:00,2652.975,2
28-02-2016 00:00,2514.028,2
29-02-2016 00:00,2672.541,2
01-03-2016 00:00,2711.627,2
02-03-2016 00:00,3305.216,2
03-03-2016 00:00,3062.146,2
04-03-2016 00:00,2799.674,2
05-03-2016 00:00,3310.076,2
06-03-2016 00:00,3556.765,2
07-03-2016 00:00,3233.909,2
08-03-2016 00:00,2845.006,2
09-03-2016 00:00,2934.182,2
10-03-2016 00:00,3158.64,2
11-03-2016 00:00,2957.401,2
12-03-2016 00:00,2866.94,2
13-03-2016 00:00,2907.652,2
14-03-2016 00:00,2901.144,2
15-03-2016 00:00,3054.751,2
16-03-2016 00:00,2935.669,2
17-03-2016 00:00,2922.077,2
18-03-2016 00:00,3121.794,2
19-03-2016 00:00,2927.041,2
20-03-2016 00:00,2864.429,2
21-03-2016 00:00,2977.678,2
22-03-2016 00:00,2927.725,2
23-03-2016 00:00,2893.176,2
24-03-2016 00:00,2762.719,2
25-03-2016 00:00,2778.388,2
26-03-2016 00:00,2726.95,2
27-03-2016 00:00,2885.988,2
28-03-2016 00:00,2951.594,2
29-03-2016 00:00,2827.926,2
30-03-2016 00:00,2252.516,2
31-03-2016 00:00,1843.682,2
01-04-2016 00:00,1830.288,2
02-04-2016 00:00,1813.53,2
03-04-2016 00:00,1828.813,2
04-04-2016 00:00,1433.12,2
05-04-2016 00:00,1366.837,2
06-04-2016 00:00,1443.841,2
07-04-2016 00:00,1500.036,2
08-04-2016 00:00,1000,2
09-04-2016 00:00,1000,2
10-04-2016 00:00,1000,2
11-04-2016 00:00,1000,2
12-04-2016 00:00,1000,2
13-04-2016 00:00,1000,2
14-04-2016 00:00,1000,2
15-04-2016 00:00,1000,2
16-04-2016 00:00,1000,2
17-04-2016 00:00,1000,2
18-04-2016 00:00,1000,2
19-04-2016 00:00,1000,2
20-04-2016 00:00,1000,2
21-04-2016 00:00,1000,2
22-04-2016 00:00,1000,2
23-04-2016 00:00,1000,2
24-04-2016 00:00,1000,2
25-04-2016 00:00,1000,2
26-04-2016 00:00,1000,2
27-04-2016 00:00,1000,2
28-04-2016 00:00,1000,2
29-04-2016 00:00,1000,2
30-04-2016 00:00,1000,2
01-05-2016 00:00,1000,2
02-05-2016 00:00,1000,2
03-05-2016 00:00,1000,2
04-05-2016 00:00,1000,2
05-05-2016 00:00,693.152,2
06-05-2016 00:00,693.121,2
07-05-2016 00:00,687.415,2
08-05-2016 00:00,676.29,2
09-05-2016 00:00,681.732,2
10-05-2016 00:00,698.925,2
11-05-2016 00:00,701.737,2
12-05-2016 00:00,695.728,2
13-05-2016 00:00,713.871,2
14-05-2016 00:00,668.176,2
15-05-2016 00:00,638.054,2
16-05-2016 00:00,681.632,2
17-05-2016 00:00,689.231,2
18-05-2016 00:00,687.237,2
19-05-2016 00:00,680.404,2
20-05-2016 00:00,699.389,2
21-05-2016 00:00,678.138,2
22-05-2016 00:00,693.491,2
23-05-2016 00:00,656.798,2
24-05-2016 00:00,582.013,2
25-05-2016 00:00,550.477,2
26-05-2016 00:00,510.017,2
27-05-2016 00:00,516.453,2
28-05-2016 00:00,488.664,2
29-05-2016 00:00,502.587,2
30-05-2016 00:00,510.266,2
31-05-2016 00:00,494.456,2
01-06-2016 00:00,482.872,2
02-06-2016 00:00,496.364,2
03-06-2016 00:00,516.717,2
04-06-2016 00:00,534.506,2
05-06-2016 00:00,524.74,2
06-06-2016 00:00,523.118,2
07-06-2016 00:00,518.443,2
08-06-2016 00:00,553.865,2
09-06-2016 00:00,588.676,2
10-06-2016 00:00,460.266,2
11-06-2016 00:00,338.823,2
12-06-2016 00:00,327.159,2
13-06-2016 00:00,360.156,2
14-06-2016 00:00,354.014,2
15-06-2016 00:00,347.093,2
16-06-2016 00:00,390.372,2
17-06-2016 00:00,487.786,2
18-06-2016 00:00,475.679,2
19-06-2016 00:00,471.464,2
20-06-2016 00:00,474.451,2
21-06-2016 00:00,467.41,2
22-06-2016 00:00,483.444,2
23-06-2016 00:00,482.09,2
24-06-2016 00:00,514.768,2
25-06-2016 00:00,503.299,2
26-06-2016 00:00,489.782,2
27-06-2016 00:00,535.892,2
28-06-2016 00:00,586.251,2
29-06-2016 00:00,591.048,2
30-06-2016 00:00,576.472,2
01-07-2016 00:00,596.019,2
02-07-2016 00:00,589.189,2
03-07-2016 00:00,577.569,2
04-07-2016 00:00,579.407,2
05-07-2016 00:00,584.713,2
06-07-2016 00:00,736.436,2
07-07-2016 00:00,832.049,2
08-07-2016 00:00,843.62,2
09-07-2016 00:00,832.756,2
10-07-2016 00:00,840.402,2
11-07-2016 00:00,842.882,2
13-07-2016 00:00,1814.935,2
14-07-2016 00:00,970.354,2
15-07-2016 00:00,941.907,2
16-07-2016 00:00,916.989,2
17-07-2016 00:00,879.226,2
18-07-2016 00:00,986.441,2
19-07-2016 00:00,934.782,2
20-07-2016 00:00,793.012,2
21-07-2016 00:00,887.443,2
22-07-2016 00:00,871.814,2
23-07-2016 00:00,739,2
24-07-2016 00:00,776.493,2
25-07-2016 00:00,340.562,2
26-07-2016 00:00,453.036,2
27-07-2016 00:00,516.758,2
28-07-2016 00:00,558.49,2
29-07-2016 00:00,580.256,2
30-07-2016 00:00,533.995,2
31-07-2016 00:00,550.493,2
01-08-2016 00:00,599.839,2
02-08-2016 00:00,591.483,2
03-08-2016 00:00,577.684,2
04-08-2016 00:00,516.427,2
05-08-2016 00:00,591.587,2
06-08-2016 00:00,573.226,2
07-08-2016 00:00,590.31,2
08-08-2016 00:00,572.475,2
09-08-2016 00:00,501.987,2
10-08-2016 00:00,545.172,2
11-08-2016 00:00,515.624,2
12-08-2016 00:00,615.893,2
13-08-2016 00:00,513.039,2
14-08-2016 00:00,533.972,2
15-08-2016 00:00,565.552,2
16-08-2016 00:00,528.925,2
17-08-2016 00:00,527.076,2
18-08-2016 00:00,513.321,2
19-08-2016 00:00,515.7,2
20-08-2016 00:00,621.786,2
21-08-2016 00:00,489.505,2
22-08-2016 00:00,502.292,2
23-08-2016 00:00,528.79,2
24-08-2016 00:00,478.68,2
25-08-2016 00:00,526.725,2
26-08-2016 00:00,688.073,2
27-08-2016 00:00,788.073,2
28-08-2016 00:00,740.393,2
29-08-2016 00:00,746.942,2
30-08-2016 00:00,748.132,2
31-08-2016 00:00,748.079,2
01-09-2016 00:00,779.064,2
02-09-2016 00:00,758.191,2
03-09-2016 00:00,716.312,2
04-09-2016 00:00,790.272,2
05-09-2016 00:00,788.326,2
06-09-2016 00:00,772.772,2
07-09-2016 00:00,716.745,2
08-09-2016 00:00,778.767,2
09-09-2016 00:00,811.294,2
10-09-2016 00:00,867.317,2
11-09-2016 00:00,781.112,2
12-09-2016 00:00,703.67,2
13-09-2016 00:00,699.434,2
14-09-2016 00:00,643.305,2
15-09-2016 00:00,709.292,2
16-09-2016 00:00,701.523,2
17-09-2016 00:00,690.49,2
18-09-2016 00:00,675.377,2
19-09-2016 00:00,657.293,2
20-09-2016 00:00,669.596,2
21-09-2016 00:00,700.521,2
22-09-2016 00:00,660,2
23-09-2016 00:00,610,2
24-09-2016 00:00,572.092,2
25-09-2016 00:00,622.612,2
26-09-2016 00:00,578.886,2
27-09-2016 00:00,485.275,2
28-09-2016 00:00,438.8,2
29-09-2016 00:00,451.559,2
30-09-2016 00:00,431.782,2
01-10-2016 00:00,401.49,2
02-10-2016 00:00,442.677,2
03-10-2016 00:00,454.521,2
04-10-2016 00:00,445.864,2
05-10-2016 00:00,454.729,2
06-10-2016 00:00,451.145,2
07-10-2016 00:00,409.223,2
08-10-2016 00:00,433.426,2
09-10-2016 00:00,423.281,2
10-10-2016 00:00,402.501,2
11-10-2016 00:00,404.701,2
12-10-2016 00:00,403.204,2
13-10-2016 00:00,387.033,2
14-10-2016 00:00,358.275,2
15-10-2016 00:00,220.009,2
16-10-2016 00:00,189.868,2
17-10-2016 00:00,233.952,2
18-10-2016 00:00,303.493,2
19-10-2016 00:00,426.112,2
20-10-2016 00:00,425.112,2
21-10-2016 00:00,453.917,2
22-10-2016 00:00,441.464,2
23-10-2016 00:00,360.279,2
24-10-2016 00:00,300.022,2
25-10-2016 00:00,337.775,2
26-10-2016 00:00,283.41,2
27-10-2016 00:00,276.79,2
28-10-2016 00:00,205.081,2
29-10-2016 00:00,112.061,2
30-10-2016 00:00,113.05,2
31-10-2016 00:00,136.053,2
01-11-2016 00:00,123.231,2
02-11-2016 00:00,238.897,2
03-11-2016 00:00,277.326,2
04-11-2016 00:00,278.773,2
05-11-2016 00:00,276.029,2
06-11-2016 00:00,279.752,2
07-11-2016 00:00,306.609,2
08-11-2016 00:00,286.504,2
09-11-2016 00:00,321.915,2
10-11-2016 00:00,300.666,2
11-11-2016 00:00,279.049,2
12-11-2016 00:00,450,2
13-11-2016 00:00,450,2
14-11-2016 00:00,450,2
15-11-2016 00:00,450,2
16-11-2016 00:00,450,2
17-11-2016 00:00,450,2
18-11-2016 00:00,450,2
19-11-2016 00:00,450,2
20-11-2016 00:00,450,2
21-11-2016 00:00,450,2
22-11-2016 00:00,450,2
23-11-2016 00:00,450,2
24-11-2016 00:00,450,2
25-11-2016 00:00,450,2
26-11-2016 00:00,450,2
27-11-2016 00:00,450,2
28-11-2016 00:00,450,2
29-11-2016 00:00,450,2
30-11-2016 00:00,450,2
01-12-2016 00:00,450,2
02-12-2016 00:00,450,2
03-12-2016 00:00,450,2
04-12-2016 00:00,450,2
05-12-2016 00:00,450,2
06-12-2016 00:00,450,2
07-12-2016 00:00,450,2
08-12-2016 00:00,450,2
09-12-2016 00:00,450,2
10-12-2016 00:00,450,2
11-12-2016 00:00,1130,2
12-12-2016 00:00,1130,2
13-12-2016 00:00,1130,2
14-12-2016 00:00,1130,2
15-12-2016 00:00,1130,2
16-12-2016 00:00,1130,2
17-12-2016 00:00,1130,2
18-12-2016 00:00,1130,2
19-12-2016 00:00,1130,2
20-12-2016 00:00,1130,2
21-12-2016 00:00,1130,2
22-12-2016 00:00,1130,2
23-12-2016 00:00,1130,2
24-12-2016 00:00,1130,2
25-12-2016 00:00,1130,2
26-12-2016 00:00,1130,2
27-12-2016 00:00,1130,2
28-12-2016 00:00,1130,2
29-12-2016 00:00,1130,2
30-12-2016 00:00,1130,2
31-12-2016 00:00,1130,2
01-01-2017 00:00,1130,2
02-01-2017 00:00,1130,2
03-01-2017 00:00,1130,2
04-01-2017 00:00,1130,2
05-01-2017 00:00,1130,2
06-01-2017 00:00,1130,2
07-01-2017 00:00,1130,2
08-01-2017 00:00,1130,2
09-01-2017 00:00,1130,2
10-01-2017 00:00,1130,2
11-01-2017 00:00,1130,2
12-01-2017 00:00,1130,2
13-01-2017 00:00,1130,2
14-01-2017 00:00,1130,2
15-01-2017 00:00,1130,2
16-01-2017 00:00,1130,2
17-01-2017 00:00,1130,2
18-01-2017 00:00,1130,2
19-01-2017 00:00,1130,2
20-01-2017 00:00,1130,2
21-01-2017 00:00,1130,2
22-01-2017 00:00,1130,2
23-01-2017 00:00,1130,2
25-01-2017 00:00,1041.278,2
26-01-2017 00:00,1060.813,2
27-01-2017 00:00,1050.246,2
28-01-2017 00:00,1038.197,2
29-01-2017 00:00,1044.175,2
30-01-2017 00:00,1021.279,2
31-01-2017 00:00,1036.847,2
01-02-2017 00:00,1025.368,2
02-02-2017 00:00,799.917,2
03-02-2017 00:00,397.922,2
04-02-2017 00:00,303.062,2
05-02-2017 00:00,290.127,2
06-02-2017 00:00,275.448,2
07-02-2017 00:00,281.688,2
08-02-2017 00:00,321.923,2
09-02-2017 00:00,329.133,2
10-02-2017 00:00,321.846,2
11-02-2017 00:00,299.669,2
12-02-2017 00:00,314.393,2
13-02-2017 00:00,325.801,2
14-02-2017 00:00,251.021,2
15-02-2017 00:00,321.083,2
16-02-2017 00:00,263.512,2
17-02-2017 00:00,269.287,2
18-02-2017 00:00,309.237,2
19-02-2017 00:00,304.793,2
20-02-2017 00:00,348.275,2
21-02-2017 00:00,240.479,2
22-02-2017 00:00,154.508,2
23-02-2017 00:00,292.577,2
24-02-2017 00:00,325.987,2
25-02-2017 00:00,328.834,2
26-02-2017 00:00,357.947,2
27-02-2017 00:00,328.659,2
28-02-2017 00:00,342.019,2
01-03-2017 00:00,1523.265,2
02-03-2017 00:00,3024.123,2
03-03-2017 00:00,3410.302,2
04-03-2017 00:00,3285.457,2
05-03-2017 00:00,3321.396,2
06-03-2017 00:00,3362.169,2
07-03-2017 00:00,3366.33,2
08-03-2017 00:00,2852.405,2
09-03-2017 00:00,2522.884,2
10-03-2017 00:00,2131.785,2
11-03-2017 00:00,1831.256,2
12-03-2017 00:00,1823.306,2
13-03-2017 00:00,1832.765,2
14-03-2017 00:00,1233.336,2
15-03-2017 00:00,905.007,2
16-03-2017 00:00,921.933,2
17-03-2017 00:00,916.551,2
18-03-2017 00:00,916.71,2
19-03-2017 00:00,882.63,2
20-03-2017 00:00,954.5,2
21-03-2017 00:00,1597.833,2
22-03-2017 00:00,2322.951,2
23-03-2017 00:00,3061.252,2
24-03-2017 00:00,3016.621,2
25-03-2017 00:00,2657.404,2
26-03-2017 00:00,2640.643,2
27-03-2017 00:00,2373.624,2
28-03-2017 00:00,2286.721,2
29-03-2017 00:00,2267.28,2
30-03-2017 00:00,2302.457,2
31-03-2017 00:00,2292.782,2
01-04-2017 00:00,2277.294,2
02-04-2017 00:00,2244.886,2
03-04-2017 00:00,1867.087,2
04-04-2017 00:00,1678.389,2
05-04-2017 00:00,1185.555,2
06-04-2017 00:00,874.405,2
07-04-2017 00:00,781.369,2
08-04-2017 00:00,812.191,2
09-04-2017 00:00,750.18,2
10-04-2017 00:00,759.555,2
11-04-2017 00:00,793.919,2
12-04-2017 00:00,765.251,2
13-04-2017 00:00,745.603,2
14-04-2017 00:00,748.983,2
15-04-2017 00:00,735.747,2
16-04-2017 00:00,806.19,2
17-04-2017 00:00,790.16,2
18-04-2017 00:00,795.968,2
19-04-2017 00:00,758.996,2
20-04-2017 00:00,760.528,2
21-04-2017 00:00,745.516,2
22-04-2017 00:00,671.164,2
23-04-2017 00:00,666.025,2
24-04-2017 00:00,715.351,2
25-04-2017 00:00,562.55,2
26-04-2017 00:00,363.826,2
27-04-2017 00:00,294.576,2
28-04-2017 00:00,328.369,2
29-04-2017 00:00,296.299,2
30-04-2017 00:00,348.359,2
01-05-2017 00:00,461.627,2
02-05-2017 00:00,527.279,2
03-05-2017 00:00,516.933,2
04-05-2017 00:00,568.179,2
05-05-2017 00:00,449.131,2
06-05-2017 00:00,329.051,2
07-05-2017 00:00,384.496,2
08-05-2017 00:00,290.408,2
09-05-2017 00:00,278.304,2
10-05-2017 00:00,276.893,2
11-05-2017 00:00,264.964,2
12-05-2017 00:00,276.432,2
13-05-2017 00:00,300.357,2
14-05-2017 00:00,289.272,2
15-05-2017 00:00,328.902,2
16-05-2017 00:00,400.297,2
17-05-2017 00:00,434.33,2
18-05-2017 00:00,434.666,2
19-05-2017 00:00,461.462,2
20-05-2017 00:00,460.868,2
21-05-2017 00:00,469.095,2
22-05-2017 00:00,452.888,2
23-05-2017 00:00,423.747,2
24-05-2017 00:00,396.916,2
25-05-2017 00:00,319.338,2
26-05-2017 00:00,324.311,2
27-05-2017 00:00,332.116,2
28-05-2017 00:00,351.499,2
29-05-2017 00:00,270.095,2
30-05-2017 00:00,233.163,2
31-05-2017 00:00,248.24,2
01-06-2017 00:00,309.344,2
02-06-2017 00:00,320.305,2
03-06-2017 00:00,308.809,2
04-06-2017 00:00,270.979,2
05-06-2017 00:00,264.242,2
06-06-2017 00:00,284.152,2
07-06-2017 00:00,218.564,2
08-06-2017 00:00,247.78,2
09-06-2017 00:00,228.021,2
10-06-2017 00:00,264.21,2
11-06-2017 00:00,273.824,2
12-06-2017 00:00,192.476,2
13-06-2017 00:00,187.066,2
14-06-2017 00:00,292.381,2
15-06-2017 00:00,373.555,2
16-06-2017 00:00,364.682,2
17-06-2017 00:00,439.708,2
18-06-2017 00:00,356.109,2
19-06-2017 00:00,355.762,2
20-06-2017 00:00,338.562,2
21-06-2017 00:00,333.62,2
22-06-2017 00:00,326.47,2
23-06-2017 00:00,328.321,2
24-06-2017 00:00,317.628,2
25-06-2017 00:00,346.018,2
26-06-2017 00:00,286.213,2
27-06-2017 00:00,279.493,2
28-06-2017 00:00,291.083,2
29-06-2017 00:00,319.838,2
30-06-2017 00:00,313.256,2
01-07-2017 00:00,305.696,2
02-07-2017 00:00,280.327,2
03-07-2017 00:00,251.134,2
04-07-2017 00:00,239.936,2
05-07-2017 00:00,283.62,2
06-07-2017 00:00,233.882,2
07-07-2017 00:00,245.161,2
08-07-2017 00:00,237.547,2
09-07-2017 00:00,227.63,2
10-07-2017 00:00,217.663,2
11-07-2017 00:00,265.586,2
12-07-2017 00:00,269.852,2
13-07-2017 00:00,223.001,2
14-07-2017 00:00,240.338,2
15-07-2017 00:00,291.395,2
16-07-2017 00:00,293.574,2
17-07-2017 00:00,286.679,2
18-07-2017 00:00,275.096,2
19-07-2017 00:00,294.706,2
20-07-2017 00:00,272.812,2
21-07-2017 00:00,275.119,2
22-07-2017 00:00,273.797,2
23-07-2017 00:00,253.509,2
24-07-2017 00:00,258.965,2
25-07-2017 00:00,254.223,2
26-07-2017 00:00,248.424,2
27-07-2017 00:00,259.573,2
28-07-2017 00:00,291.456,2
29-07-2017 00:00,306.09,2
30-07-2017 00:00,303.319,2
31-07-2017 00:00,305.358,2
01-08-2017 00:00,288.132,2
02-08-2017 00:00,278,2
03-08-2017 00:00,267.565,2
04-08-2017 00:00,284.031,2
05-08-2017 00:00,292.374,2
06-08-2017 00:00,293.188,2
07-08-2017 00:00,324.251,2
08-08-2017 00:00,345.497,2
09-08-2017 00:00,350.868,2
10-08-2017 00:00,336.058,2
11-08-2017 00:00,336.014,2
12-08-2017 00:00,329.849,2
13-08-2017 00:00,343.571,2
14-08-2017 00:00,355.773,2
15-08-2017 00:00,322.895,2
16-08-2017 00:00,337.803,2
17-08-2017 00:00,342.482,2
18-08-2017 00:00,324.478,2
19-08-2017 00:00,316.371,2
20-08-2017 00:00,323.776,2
21-08-2017 00:00,327.414,2
22-08-2017 00:00,324.162,2
23-08-2017 00:00,335.049,2
24-08-2017 00:00,331.891,2
25-08-2017 00:00,342.095,2
26-08-2017 00:00,344.393,2
27-08-2017 00:00,354.474,2
28-08-2017 00:00,344.786,2
29-08-2017 00:00,343.118,2
30-08-2017 00:00,343.864,2
31-08-2017 00:00,360.184,2
01-09-2017 00:00,369.133,2
02-09-2017 00:00,351.321,2
03-09-2017 00:00,349.564,2
04-09-2017 00:00,345.228,2
05-09-2017 00:00,361.303,2
06-09-2017 00:00,264.011,2
07-09-2017 00:00,140.13,2
08-09-2017 00:00,276.548,2
09-09-2017 00:00,411.761,2
10-09-2017 00:00,414.457,2
11-09-2017 00:00,625.087,2
12-09-2017 00:00,574.566,2
13-09-2017 00:00,449.43,2
14-09-2017 00:00,535.75,2
15-09-2017 00:00,709.266,2
16-09-2017 00:00,705.425,2
17-09-2017 00:00,711.001,2
18-09-2017 00:00,723.727,2
19-09-2017 00:00,710.73,2
20-09-2017 00:00,751.465,2
21-09-2017 00:00,657.445,2
22-09-2017 00:00,985.348,2
23-09-2017 00:00,1040.322,2
24-09-2017 00:00,1044.14,2
25-09-2017 00:00,1052.612,2
26-09-2017 00:00,1023.44,2
27-09-2017 00:00,1074.719,2
28-09-2017 00:00,1068.464,2
29-09-2017 00:00,1031.24,2
30-09-2017 00:00,978.335,2
01-10-2017 00:00,972.958,2
02-10-2017 00:00,954.272,2
03-10-2017 00:00,501.832,2
04-10-2017 00:00,387.911,2
05-10-2017 00:00,815.046,2
06-10-2017 00:00,1144.262,2
07-10-2017 00:00,1276.783,2
08-10-2017 00:00,1254.519,2
09-10-2017 00:00,1413.912,2
10-10-2017 00:00,1682.012,2
11-10-2017 00:00,1567.29,2
12-10-2017 00:00,1701.427,2
13-10-2017 00:00,1250.847,2
14-10-2017 00:00,947.998,2
15-10-2017 00:00,960.915,2
16-10-2017 00:00,1469.09,2
17-10-2017 00:00,1400,2
18-10-2017 00:00,1300,2
19-10-2017 00:00,1200,2
20-10-2017 00:00,1100,2
21-10-2017 00:00,1000,2
22-10-2017 00:00,900,2
23-10-2017 00:00,750,2
24-10-2017 00:00,600,2
25-10-2017 00:00,482.095,2
26-10-2017 00:00,686.602,2
27-10-2017 00:00,714.903,2
28-10-2017 00:00,516.168,2
29-10-2017 00:00,328.813,2
30-10-2017 00:00,354.071,2
31-10-2017 00:00,205.166,2
01-11-2017 00:00,143.912,2
02-11-2017 00:00,141.033,2
03-11-2017 00:00,1023.896,2
04-11-2017 00:00,1627.051,2
05-11-2017 00:00,1633.001,2
06-11-2017 00:00,1638.222,2
07-11-2017 00:00,1003.828,2
08-11-2017 00:00,178.963,2
09-11-2017 00:00,774.842,2
10-11-2017 00:00,2881.853,2
11-11-2017 00:00,2989.1,2
12-11-2017 00:00,2685.371,2
13-11-2017 00:00,4301.566,2
14-11-2017 00:00,1608.639,2
15-11-2017 00:00,3010.481,2
16-11-2017 00:00,4263.986,2
17-11-2017 00:00,4156.859,2
18-11-2017 00:00,4097.538,2
19-11-2017 00:00,3963.986,2
20-11-2017 00:00,4132.915,2
21-11-2017 00:00,4179.012,2
22-11-2017 00:00,4212.049,2
23-11-2017 00:00,4198.677,2
24-11-2017 00:00,4177.959,2
25-11-2017 00:00,4162.376,2
26-11-2017 00:00,4101.736,2
27-11-2017 00:00,4107.036,2
28-11-2017 00:00,4161.18,2
29-11-2017 00:00,4175.699,2
30-11-2017 00:00,4175.489,2
01-12-2017 00:00,4164.474,2
02-12-2017 00:00,4108.77,2
03-12-2017 00:00,4056.722,2
04-12-2017 00:00,4081.719,2
05-12-2017 00:00,3721.357,2
06-12-2017 00:00,3546.95,2
07-12-2017 00:00,3495.91,2
08-12-2017 00:00,3499.116,2
09-12-2017 00:00,3553.529,2
10-12-2017 00:00,3539.518,2
11-12-2017 00:00,3674.494,2
12-12-2017 00:00,3742.078,2
13-12-2017 00:00,3828.036,2
14-12-2017 00:00,3803.776,2
15-12-2017 00:00,3642.121,2
16-12-2017 00:00,3642.462,2
17-12-2017 00:00,3660.636,2
18-12-2017 00:00,3663.75,2
19-12-2017 00:00,3639.506,2
20-12-2017 00:00,3592.473,2
21-12-2017 00:00,3578.939,2
22-12-2017 00:00,3592.624,2
23-12-2017 00:00,3362.546,2
24-12-2017 00:00,3209.035,2
25-12-2017 00:00,3267.084,2
26-12-2017 00:00,3218.953,2
27-12-2017 00:00,3523.707,2
28-12-2017 00:00,3638.314,2
29-12-2017 00:00,3610.499,2
30-12-2017 00:00,3693.753,2
31-12-2017 00:00,3662.332,2
01-01-2018 00:00,3653.799,2
02-01-2018 00:00,3716.563,2
03-01-2018 00:00,4079.923,2
04-01-2018 00:00,4198.702,2
05-01-2018 00:00,4241.227,2
06-01-2018 00:00,4236.59,2
07-01-2018 00:00,4244.054,2
08-01-2018 00:00,4149.907,2
09-01-2018 00:00,4327.305,2
10-01-2018 00:00,4276.123,2
11-01-2018 00:00,4262.359,2
12-01-2018 00:00,4258.971,2
13-01-2018 00:00,4256.909,2
14-01-2018 00:00,4203.212,2
15-01-2018 00:00,4224.713,2
16-01-2018 00:00,4102.285,2
17-01-2018 00:00,4051.595,2
18-01-2018 00:00,4028.025,2
19-01-2018 00:00,4002.661,2
20-01-2018 00:00,3941.835,2
21-01-2018 00:00,3939.262,2
22-01-2018 00:00,3932.595,2
23-01-2018 00:00,3947.538,2
24-01-2018 00:00,3892.505,2
25-01-2018 00:00,3940.499,2
26-01-2018 00:00,3934.967,2
27-01-2018 00:00,3906.698,2
28-01-2018 00:00,3778.215,2
29-01-2018 00:00,3715.486,2
30-01-2018 00:00,3733.828,2
31-01-2018 00:00,3860.172,2
01-02-2018 00:00,3871.232,2
02-02-2018 00:00,3780.227,2
03-02-2018 00:00,3708.131,2
04-02-2018 00:00,3764.704,2
05-02-2018 00:00,3666.827,2
06-02-2018 00:00,3592.755,2
07-02-2018 00:00,3464.129,2
08-02-2018 00:00,3425.428,2
09-02-2018 00:00,3052.647,2
10-02-2018 00:00,2703.26,2
11-02-2018 00:00,2729.122,2
12-02-2018 00:00,2766.955,2
13-02-2018 00:00,2789.847,2
14-02-2018 00:00,2726.34,2
15-02-2018 00:00,2668.953,2
16-02-2018 00:00,2501.021,2
17-02-2018 00:00,2460.674,2
18-02-2018 00:00,2327.803,2
19-02-2018 00:00,2627.268,2
20-02-2018 00:00,2682.673,2
21-02-2018 00:00,2560.471,2
22-02-2018 00:00,2531.453,2
23-02-2018 00:00,2476.354,2
24-02-2018 00:00,2454.243,2
25-02-2018 00:00,2430.947,2
26-02-2018 00:00,2463.173,2
27-02-2018 00:00,2552.899,2
28-02-2018 00:00,2526.057,2
01-03-2018 00:00,2373.316,2
02-03-2018 00:00,2471.055,2
03-03-2018 00:00,2481.33,2
04-03-2018 00:00,2423.609,2
05-03-2018 00:00,2418.241,2
06-03-2018 00:00,2351.033,2
07-03-2018 00:00,2385.612,2
08-03-2018 00:00,2389.924,2
09-03-2018 00:00,1979.544,2
10-03-2018 00:00,1704.494,2
11-03-2018 00:00,1751.537,2
12-03-2018 00:00,1726.996,2
13-03-2018 00:00,1729.98,2
14-03-2018 00:00,1731.712,2
15-03-2018 00:00,1834.196,2
16-03-2018 00:00,1848.286,2
17-03-2018 00:00,1544.903,2
18-03-2018 00:00,1789.885,2
19-03-2018 00:00,1798.258,2
20-03-2018 00:00,1799.804,2
21-03-2018 00:00,1812.681,2
22-03-2018 00:00,1760.86,2
23-03-2018 00:00,1787.351,2
24-03-2018 00:00,1820.277,2
25-03-2018 00:00,1842.129,2
26-03-2018 00:00,1777.346,2
27-03-2018 00:00,1825.726,2
28-03-2018 00:00,1891.615,2
29-03-2018 00:00,1770.918,2
30-03-2018 00:00,1688.849,2
31-03-2018 00:00,1826.242,2
01-04-2018 00:00,1845.943,2
02-04-2018 00:00,1847.934,2
03-04-2018 00:00,1863.001,2
04-04-2018 00:00,1860.593,2
05-04-2018 00:00,1859.154,2
06-04-2018 00:00,1519.156,2
07-04-2018 00:00,1348.978,2
08-04-2018 00:00,1313.791,2
09-04-2018 00:00,1685.179,2
10-04-2018 00:00,1409.316,2
11-04-2018 00:00,1258.684,2
12-04-2018 00:00,1277.824,2
13-04-2018 00:00,1277.523,2
14-04-2018 00:00,1251.019,2
15-04-2018 00:00,875,2
16-04-2018 00:00,875,2
17-04-2018 00:00,875,2
18-04-2018 00:00,875,2
19-04-2018 00:00,875,2
20-04-2018 00:00,875,2
21-04-2018 00:00,875,2
22-04-2018 00:00,875,2
23-04-2018 00:00,875,2
24-04-2018 00:00,875,2
25-04-2018 00:00,875,2
26-04-2018 00:00,875,2
27-04-2018 00:00,875,2
28-04-2018 00:00,875,2
29-04-2018 00:00,875,2
30-04-2018 00:00,875,2
01-05-2018 00:00,500,2
02-05-2018 00:00,500,2
03-05-2018 00:00,500,2
04-05-2018 00:00,500,2
05-05-2018 00:00,500,2
06-05-2018 00:00,500,2
07-05-2018 00:00,500,2
08-05-2018 00:00,500,2
09-05-2018 00:00,500,2
10-05-2018 00:00,500,2
11-05-2018 00:00,500,2
12-05-2018 00:00,500,2
13-05-2018 00:00,500,2
14-05-2018 00:00,500,2
15-05-2018 00:00,500,2
16-05-2018 00:00,500,2
17-05-2018 00:00,500,2
18-05-2018 00:00,500,2
19-05-2018 00:00,500,2
20-05-2018 00:00,500,2
21-05-2018 00:00,500,2
22-05-2018 00:00,500,2
23-05-2018 00:00,500,2
24-05-2018 00:00,500,2
25-05-2018 00:00,500,2
26-05-2018 00:00,500,2
27-05-2018 00:00,500,2
28-05-2018 00:00,500,2
29-05-2018 00:00,500,2
30-05-2018 00:00,500,2
31-05-2018 00:00,500,2
01-06-2018 00:00,325,2
02-06-2018 00:00,325,2
03-06-2018 00:00,325,2
04-06-2018 00:00,325,2
05-06-2018 00:00,325,2
07-06-2018 00:00,325,2
08-06-2018 00:00,325,2
09-06-2018 00:00,321.978,2
10-06-2018 00:00,308.353,2
11-06-2018 00:00,294.811,2
12-06-2018 00:00,294.313,2
13-06-2018 00:00,286.313,2
14-06-2018 00:00,274.56,2
15-06-2018 00:00,273.722,2
16-06-2018 00:00,275.921,2
17-06-2018 00:00,270.769,2
18-06-2018 00:00,309.113,2
19-06-2018 00:00,276.782,2
20-06-2018 00:00,268.202,2
21-06-2018 00:00,256.657,2
22-06-2018 00:00,271.514,2
23-06-2018 00:00,268.749,2
24-06-2018 00:00,258.627,2
25-06-2018 00:00,258.614,2
26-06-2018 00:00,272.149,2
27-06-2018 00:00,267.631,2
28-06-2018 00:00,279.896,2
29-06-2018 00:00,268.672,2
30-06-2018 00:00,241.581,2
01-07-2018 00:00,237.484,2
02-07-2018 00:00,236.66,2
03-07-2018 00:00,243.893,2
04-07-2018 00:00,224.719,2
05-07-2018 00:00,215.462,2
06-07-2018 00:00,221.229,2
07-07-2018 00:00,223.297,2
08-07-2018 00:00,239.966,2
09-07-2018 00:00,220.728,2
10-07-2018 00:00,195.6,2
11-07-2018 00:00,188.734,2
12-07-2018 00:00,192.917,2
13-07-2018 00:00,202.063,2
14-07-2018 00:00,182.672,2
15-07-2018 00:00,186.033,2
16-07-2018 00:00,157.992,2
17-07-2018 00:00,183.595,2
18-07-2018 00:00,180.452,2
19-07-2018 00:00,186.928,2
20-07-2018 00:00,160.676,2
21-07-2018 00:00,172.408,2
22-07-2018 00:00,170.685,2
23-07-2018 00:00,177.081,2
24-07-2018 00:00,177.971,2
25-07-2018 00:00,166.947,2
26-07-2018 00:00,156.373,2
27-07-2018 00:00,156.372,2
28-07-2018 00:00,122.711,2
29-07-2018 00:00,138.917,2
30-07-2018 00:00,140.211,2
31-07-2018 00:00,133.021,2
01-08-2018 00:00,121.748,2
02-08-2018 00:00,122.565,2
03-08-2018 00:00,142.214,2
04-08-2018 00:00,133.23,2
05-08-2018 00:00,142.286,2
06-08-2018 00:00,135.881,2
07-08-2018 00:00,149.383,2
08-08-2018 00:00,141.199,2
09-08-2018 00:00,140.583,2
10-08-2018 00:00,113.775,2
11-08-2018 00:00,108.341,2
12-08-2018 00:00,118.99,2
13-08-2018 00:00,116.7,2
14-08-2018 00:00,113.963,2
15-08-2018 00:00,130.658,2
16-08-2018 00:00,137.518,2
17-08-2018 00:00,125.18,2
18-08-2018 00:00,125.939,2
19-08-2018 00:00,143.108,2
20-08-2018 00:00,126.85,2
21-08-2018 00:00,118.163,2
22-08-2018 00:00,119.033,2
23-08-2018 00:00,116.911,2
24-08-2018 00:00,105.674,2
25-08-2018 00:00,94.163,2
26-08-2018 00:00,110.588,2
27-08-2018 00:00,108.353,2
28-08-2018 00:00,128.775,2
29-08-2018 00:00,119.625,2
30-08-2018 00:00,100.68,2
31-08-2018 00:00,118.432,2
01-09-2018 00:00,123.319,2
02-09-2018 00:00,117.64,2
03-09-2018 00:00,94.43,2
04-09-2018 00:00,101.535,2
05-09-2018 00:00,96.956,2
06-09-2018 00:00,97.329,2
07-09-2018 00:00,84.565,2
08-09-2018 00:00,94.078,2
09-09-2018 00:00,81.461,2
10-09-2018 00:00,62.726,2
11-09-2018 00:00,25.599,2
12-09-2018 00:00,17.59,2
13-09-2018 00:00,34.768,2
14-09-2018 00:00,32.399,2
15-09-2018 00:00,46.384,2
16-09-2018 00:00,31.736,2
17-09-2018 00:00,61.378,2
18-09-2018 00:00,101.797,2
19-09-2018 00:00,98.285,2
20-09-2018 00:00,69.343,2
21-09-2018 00:00,96.034,2
22-09-2018 00:00,62.147,2
23-09-2018 00:00,83.412,2
24-09-2018 00:00,85.093,2
25-09-2018 00:00,77.087,2
26-09-2018 00:00,72.456,2
27-09-2018 00:00,64.822,2
28-09-2018 00:00,61.886,2
29-09-2018 00:00,58.908,2
30-09-2018 00:00,73.977,2
01-10-2018 00:00,79.393,2
02-10-2018 00:00,93.213,2
03-10-2018 00:00,70.117,2
04-10-2018 00:00,72.806,2
05-10-2018 00:00,77.233,2
06-10-2018 00:00,64.759,2
07-10-2018 00:00,49.084,2
08-10-2018 00:00,66.59,2
09-10-2018 00:00,75.679,2
10-10-2018 00:00,75.487,2
11-10-2018 00:00,54.073,2
12-10-2018 00:00,94.533,2
13-10-2018 00:00,86.608,2
14-10-2018 00:00,74.395,2
15-10-2018 00:00,77.289,2
16-10-2018 00:00,75.89,2
17-10-2018 00:00,72.522,2
18-10-2018 00:00,74.076,2
19-10-2018 00:00,73.281,2
20-10-2018 00:00,71.875,2
21-10-2018 00:00,75.422,2
22-10-2018 00:00,139.167,2
23-10-2018 00:00,94.49,2
24-10-2018 00:00,105.253,2
25-10-2018 00:00,99.358,2
26-10-2018 00:00,103.831,2
27-10-2018 00:00,99.266,2
28-10-2018 00:00,107.704,2
29-10-2018 00:00,110.298,2
30-10-2018 00:00,114.751,2
31-10-2018 00:00,85.928,2
01-11-2018 00:00,87.499,2
02-11-2018 00:00,87.848,2
03-11-2018 00:00,77.034,2
04-11-2018 00:00,77.115,2
05-11-2018 00:00,101.317,2
06-11-2018 00:00,106.327,2
07-11-2018 00:00,79.074,2
08-11-2018 00:00,96.989,2
09-11-2018 00:00,86.239,2
10-11-2018 00:00,87.071,2
11-11-2018 00:00,75.592,2
12-11-2018 00:00,81.651,2
13-11-2018 00:00,76.062,2
14-11-2018 00:00,90.06,2
15-11-2018 00:00,111.484,2
16-11-2018 00:00,82.74,2
17-11-2018 00:00,76.254,2
18-11-2018 00:00,86.251,2
19-11-2018 00:00,91.733,2
20-11-2018 00:00,105.81,2
21-11-2018 00:00,87.553,2
22-11-2018 00:00,86.376,2
23-11-2018 00:00,86.377,2
24-11-2018 00:00,88.937,2
25-11-2018 00:00,83.996,2
26-11-2018 00:00,81.708,2
27-11-2018 00:00,70.467,2
28-11-2018 00:00,84.316,2
29-11-2018 00:00,82.471,2
30-11-2018 00:00,86.262,2
01-12-2018 00:00,97.334,2
02-12-2018 00:00,80.17,2
03-12-2018 00:00,84.395,2
04-12-2018 00:00,87.616,2
05-12-2018 00:00,102.619,2
06-12-2018 00:00,89.612,2
07-12-2018 00:00,74.848,2
08-12-2018 00:00,89.224,2
09-12-2018 00:00,70.046,2
10-12-2018 00:00,79.156,2
11-12-2018 00:00,94.921,2
12-12-2018 00:00,79.854,2
13-12-2018 00:00,89.787,2
14-12-2018 00:00,93.397,2
15-12-2018 00:00,75.442,2
16-12-2018 00:00,89.292,2
17-12-2018 00:00,88.978,2
18-12-2018 00:00,89.919,2
19-12-2018 00:00,106.234,2
20-12-2018 00:00,123.493,2
21-12-2018 00:00,126.583,2
22-12-2018 00:00,148.853,2
23-12-2018 00:00,140.428,2
24-12-2018 00:00,132.092,2
25-12-2018 00:00,166.325,2
26-12-2018 00:00,157.031,2
27-12-2018 00:00,132.394,2
28-12-2018 00:00,147.439,2
29-12-2018 00:00,142.963,2
30-12-2018 00:00,130.092,2
31-12-2018 00:00,140.287,2
01-01-2019 00:00,193.078,2
02-01-2019 00:00,97.789,2
03-01-2019 00:00,150.607,2
04-01-2019 00:00,145.649,2
05-01-2019 00:00,123.702,2
06-01-2019 00:00,164.706,2
07-01-2019 00:00,143.708,2
08-01-2019 00:00,127.908,2
09-01-2019 00:00,121.906,2
10-01-2019 00:00,141.925,2
11-01-2019 00:00,120.538,2
12-01-2019 00:00,135.402,2
13-01-2019 00:00,143.07,2
14-01-2019 00:00,119.158,2
15-01-2019 00:00,121.465,2
16-01-2019 00:00,151.336,2
17-01-2019 00:00,134.905,2
18-01-2019 00:00,127.565,2
19-01-2019 00:00,122.24,2
20-01-2019 00:00,99.621,2
21-01-2019 00:00,103.188,2
22-01-2019 00:00,79.206,2
23-01-2019 00:00,78.931,2
24-01-2019 00:00,82.098,2
25-01-2019 00:00,91.831,2
26-01-2019 00:00,86.872,2
27-01-2019 00:00,103.484,2
28-01-2019 00:00,100.333,2
29-01-2019 00:00,90.252,2
30-01-2019 00:00,98.858,2
31-01-2019 00:00,75.417,2
01-02-2019 00:00,58.547,2
02-02-2019 00:00,66.209,2
03-02-2019 00:00,81.966,2
04-02-2019 00:00,91.144,2
05-02-2019 00:00,89.528,2
06-02-2019 00:00,83.438,2
07-02-2019 00:00,83.242,2
08-02-2019 00:00,480.052,2
09-02-2019 00:00,662.467,2
10-02-2019 00:00,684.761,2
11-02-2019 00:00,688.278,2
12-02-2019 00:00,1333.598,2
13-02-2019 00:00,2001.776,2
14-02-2019 00:00,2208.396,2
15-02-2019 00:00,2190.412,2
16-02-2019 00:00,2150.406,2
17-02-2019 00:00,2133.381,2
18-02-2019 00:00,2169.306,2
19-02-2019 00:00,2113.131,2
20-02-2019 00:00,2144.709,2
21-02-2019 00:00,2198.962,2
22-02-2019 00:00,2227.126,2
23-02-2019 00:00,2185.494,2
24-02-2019 00:00,2190.036,2
25-02-2019 00:00,1559.481,2
26-02-2019 00:00,1242.412,2
27-02-2019 00:00,1211.88,2
28-02-2019 00:00,1256.282,2
01-03-2019 00:00,1274.249,2
02-03-2019 00:00,1258.042,2
03-03-2019 00:00,1273.348,2
04-03-2019 00:00,1255.887,2
05-03-2019 00:00,1790.635,2
06-03-2019 00:00,2188.248,2
07-03-2019 00:00,5066.306,2
08-03-2019 00:00,5109.652,2
09-03-2019 00:00,4589.572,2
10-03-2019 00:00,4058.081,2
11-03-2019 00:00,3296.931,2
12-03-2019 00:00,2737.432,2
13-03-2019 00:00,3353.61,2
14-03-2019 00:00,3469.073,2
15-03-2019 00:00,3759.003,2
16-03-2019 00:00,4886.964,2
17-03-2019 00:00,5823.111,2
18-03-2019 00:00,5946.137,2
19-03-2019 00:00,5206.512,2
20-03-2019 00:00,4302.667,2
21-03-2019 00:00,3535.746,2
22-03-2019 00:00,2886.068,2
23-03-2019 00:00,2474.898,2
24-03-2019 00:00,2136.089,2
25-03-2019 00:00,2088.042,2
26-03-2019 00:00,1907.077,2
27-03-2019 00:00,1783.537,2
28-03-2019 00:00,1637.553,2
29-03-2019 00:00,1525.988,2
30-03-2019 00:00,1427.583,2
31-03-2019 00:00,1182.677,2
01-04-2019 00:00,1004.236,2
02-04-2019 00:00,1025.449,2
03-04-2019 00:00,921.642,2
04-04-2019 00:00,813.133,2
05-04-2019 00:00,736.975,2
06-04-2019 00:00,690.6,2
07-04-2019 00:00,660.228,2
08-04-2019 00:00,578.325,2
09-04-2019 00:00,512.912,2
10-04-2019 00:00,478.799,2
11-04-2019 00:00,421.915,2
12-04-2019 00:00,407.934,2
13-04-2019 00:00,380.764,2
14-04-2019 00:00,344.422,2
15-04-2019 00:00,316.091,2
16-04-2019 00:00,305.522,2
17-04-2019 00:00,275.333,2
18-04-2019 00:00,251.636,2
19-04-2019 00:00,222.353,2
20-04-2019 00:00,216.371,2
21-04-2019 00:00,202.874,2
22-04-2019 00:00,189.233,2
23-04-2019 00:00,180.942,2
24-04-2019 00:00,171.788,2
25-04-2019 00:00,134.449,2
26-04-2019 00:00,103.605,2
27-04-2019 00:00,458.509,2
28-04-2019 00:00,438.735,2
29-04-2019 00:00,292.965,2
30-04-2019 00:00,286.814,2
01-05-2019 00:00,254.092,2
02-05-2019 00:00,235.132,2
03-05-2019 00:00,244.199,2
04-05-2019 00:00,177.981,2
05-05-2019 00:00,160.993,2
06-05-2019 00:00,178.927,2
07-05-2019 00:00,159.204,2
08-05-2019 00:00,141.858,2
09-05-2019 00:00,168.227,2
10-05-2019 00:00,178.477,2
11-05-2019 00:00,155.569,2
12-05-2019 00:00,173.23,2
13-05-2019 00:00,148.528,2
14-05-2019 00:00,139.227,2
15-05-2019 00:00,117.228,2
16-05-2019 00:00,212.558,2
17-05-2019 00:00,146.874,2
18-05-2019 00:00,132.778,2
19-05-2019 00:00,142.678,2
20-05-2019 00:00,271.11,2
21-05-2019 00:00,283.592,2
22-05-2019 00:00,244.025,2
23-05-2019 00:00,239.773,2
24-05-2019 00:00,223.68,2
25-05-2019 00:00,215.545,2
26-05-2019 00:00,183.554,2
27-05-2019 00:00,200.96,2
28-05-2019 00:00,194.532,2
29-05-2019 00:00,175.929,2
30-05-2019 00:00,184.398,2
31-05-2019 00:00,158.537,2
01-06-2019 00:00,170.092,2
02-06-2019 00:00,167.447,2
03-06-2019 00:00,184.646,2
04-06-2019 00:00,167.634,2
05-06-2019 00:00,129.552,2
06-06-2019 00:00,160.67,2
07-06-2019 00:00,219.095,2
08-06-2019 00:00,217.071,2
09-06-2019 00:00,211.007,2
10-06-2019 00:00,206.137,2
11-06-2019 00:00,191.927,2
12-06-2019 00:00,188.393,2
13-06-2019 00:00,153.677,2
14-06-2019 00:00,145.812,2
15-06-2019 00:00,149.806,2
16-06-2019 00:00,141.125,2
17-06-2019 00:00,221.409,2
18-06-2019 00:00,181.802,2
19-06-2019 00:00,186.244,2
20-06-2019 00:00,204.004,2
21-06-2019 00:00,155.558,2
22-06-2019 00:00,163.503,2
23-06-2019 00:00,119.074,2
24-06-2019 00:00,137.619,2
25-06-2019 00:00,156.936,2
26-06-2019 00:00,151.604,2
27-06-2019 00:00,164.92,2
28-06-2019 00:00,189.884,2
29-06-2019 00:00,171.175,2
30-06-2019 00:00,155.79,2
01-07-2019 00:00,169.565,2
02-07-2019 00:00,173.756,2
03-07-2019 00:00,154.546,2
04-07-2019 00:00,174.163,2
05-07-2019 00:00,164.176,2
06-07-2019 00:00,193.586,2
07-07-2019 00:00,166.258,2
08-07-2019 00:00,166.231,2
09-07-2019 00:00,165.353,2
10-07-2019 00:00,198.94,2
11-07-2019 00:00,200.34,2
12-07-2019 00:00,168.934,2
13-07-2019 00:00,158.701,2
14-07-2019 00:00,176.406,2
15-07-2019 00:00,136.668,2
16-07-2019 00:00,135.214,2
17-07-2019 00:00,162.41,2
18-07-2019 00:00,179.485,2
19-07-2019 00:00,161.629,2
20-07-2019 00:00,183.418,2
21-07-2019 00:00,180.006,2
22-07-2019 00:00,198.54,2
23-07-2019 00:00,179.41,2
24-07-2019 00:00,134.349,2
25-07-2019 00:00,151.737,2
26-07-2019 00:00,187.307,2
27-07-2019 00:00,181.7,2
28-07-2019 00:00,188.984,2
29-07-2019 00:00,195.184,2
30-07-2019 00:00,193.841,2
31-07-2019 00:00,173.338,2
01-08-2019 00:00,135.721,2
02-08-2019 00:00,122.54,2
03-08-2019 00:00,140.685,2
04-08-2019 00:00,139.582,2
05-08-2019 00:00,132.216,2
06-08-2019 00:00,145.413,2
07-08-2019 00:00,138.506,2
08-08-2019 00:00,80.794,2
09-08-2019 00:00,133.491,2
10-08-2019 00:00,90.702,2
11-08-2019 00:00,113.948,2
12-08-2019 00:00,103.691,2
13-08-2019 00:00,141.363,2
14-08-2019 00:00,142.025,2
15-08-2019 00:00,142.823,2
16-08-2019 00:00,123.819,2
17-08-2019 00:00,116.328,2
18-08-2019 00:00,133.502,2
19-08-2019 00:00,137.882,2
20-08-2019 00:00,820.299,2
21-08-2019 00:00,1048.642,2
22-08-2019 00:00,1058.963,2
23-08-2019 00:00,1056.912,2
24-08-2019 00:00,1055.619,2
25-08-2019 00:00,1064.698,2
26-08-2019 00:00,1062.845,2
27-08-2019 00:00,1071.298,2
28-08-2019 00:00,1063.956,2
29-08-2019 00:00,1070.379,2
30-08-2019 00:00,1104.831,2
31-08-2019 00:00,1143.451,2
01-09-2019 00:00,1117.444,2
02-09-2019 00:00,1368.594,2
03-09-2019 00:00,1479.398,2
04-09-2019 00:00,1452.343,2
05-09-2019 00:00,1419.613,2
06-09-2019 00:00,1441.739,2
07-09-2019 00:00,1436.763,2
08-09-2019 00:00,1440.605,2
09-09-2019 00:00,1437.167,2
10-09-2019 00:00,1403.937,2
11-09-2019 00:00,1414.169,2
12-09-2019 00:00,1411.512,2
13-09-2019 00:00,1403.615,2
14-09-2019 00:00,1390.069,2
15-09-2019 00:00,1334.471,2
16-09-2019 00:00,1319.072,2
17-09-2019 00:00,1295.593,2
18-09-2019 00:00,1232.876,2
19-09-2019 00:00,1219.545,2
20-09-2019 00:00,1278.915,2
21-09-2019 00:00,1221.225,2
22-09-2019 00:00,1225.592,2
23-09-2019 00:00,1216.84,2
24-09-2019 00:00,1233.078,2
25-09-2019 00:00,890.035,2
26-09-2019 00:00,714.457,2
27-09-2019 00:00,741.629,2
28-09-2019 00:00,744.062,2
29-09-2019 00:00,730.641,2
30-09-2019 00:00,753.294,2
01-10-2019 00:00,721.474,2
02-10-2019 00:00,1005.914,2
03-10-2019 00:00,1186.016,2
04-10-2019 00:00,1197.499,2
05-10-2019 00:00,1170.559,2
06-10-2019 00:00,1150.513,2
07-10-2019 00:00,1158.664,2
08-10-2019 00:00,1152.198,2
09-10-2019 00:00,1163.327,2
10-10-2019 00:00,1170.187,2
11-10-2019 00:00,1158.785,2
12-10-2019 00:00,1173.957,2
13-10-2019 00:00,1122.156,2
14-10-2019 00:00,1166.537,2
15-10-2019 00:00,1367.861,2
16-10-2019 00:00,1517.645,2
17-10-2019 00:00,1769.414,2
18-10-2019 00:00,1919.11,2
19-10-2019 00:00,1914.908,2
20-10-2019 00:00,1899.993,2
21-10-2019 00:00,2242.562,2
22-10-2019 00:00,2487.248,2
23-10-2019 00:00,2615.1,2
24-10-2019 00:00,2656.606,2
25-10-2019 00:00,2568.771,2
26-10-2019 00:00,2516.939,2
27-10-2019 00:00,2428.588,2
28-10-2019 00:00,2522.018,2
29-10-2019 00:00,2534.621,2
30-10-2019 00:00,2567.089,2
31-10-2019 00:00,2635.449,2
01-11-2019 00:00,2584.394,2
02-11-2019 00:00,2499.687,2
03-11-2019 00:00,2506.811,2
04-11-2019 00:00,2651.6,2
05-11-2019 00:00,2730.387,2
06-11-2019 00:00,2689.421,2
07-11-2019 00:00,2731.109,2
08-11-2019 00:00,2741.233,2
09-11-2019 00:00,2738.253,2
10-11-2019 00:00,2733.754,2
11-11-2019 00:00,2735.578,2
12-11-2019 00:00,2700.558,2
13-11-2019 00:00,2625.355,2
14-11-2019 00:00,2644.166,2
15-11-2019 00:00,2684.358,2
16-11-2019 00:00,2580.672,2
17-11-2019 00:00,2601.976,2
18-11-2019 00:00,2677.647,2
19-11-2019 00:00,3196.67,2
20-11-2019 00:00,3168.41,2
21-11-2019 00:00,3140.15,2
22-11-2019 00:00,2588.756,2
23-11-2019 00:00,2675.581,2
24-11-2019 00:00,2664.001,2
25-11-2019 00:00,2644.784,2
26-11-2019 00:00,2591.254,2
27-11-2019 00:00,2614.144,2
28-11-2019 00:00,2595.535,2
29-11-2019 00:00,2538.483,2
30-11-2019 00:00,2526.18,2
01-12-2019 00:00,2517.856,2
02-12-2019 00:00,2542.991,2
03-12-2019 00:00,2529.853,2
04-12-2019 00:00,2541.212,2
05-12-2019 00:00,2517.844,2
06-12-2019 00:00,2497.228,2
07-12-2019 00:00,2420.017,2
08-12-2019 00:00,2486.651,2
09-12-2019 00:00,1507.29,2
10-12-2019 00:00,2209.597,2
11-12-2019 00:00,3023.03,2
12-12-2019 00:00,2800.003,2
13-12-2019 00:00,2715.323,2
14-12-2019 00:00,2788.612,2
15-12-2019 00:00,2742.058,2
16-12-2019 00:00,2516.907,2
17-12-2019 00:00,2438.224,2
18-12-2019 00:00,2454.584,2
19-12-2019 00:00,2543.701,2
20-12-2019 00:00,2829.118,2
21-12-2019 00:00,3001.263,2
22-12-2019 00:00,3056.819,2
23-12-2019 00:00,3010.926,2
24-12-2019 00:00,3041.981,2
25-12-2019 00:00,3040.739,2
26-12-2019 00:00,3021.988,2
27-12-2019 00:00,2993.203,2
28-12-2019 00:00,3021.841,2
29-12-2019 00:00,2880.543,2
30-12-2019 00:00,2887.299,2
31-12-2019 00:00,3462.25,2
01-01-2020 00:00,2816.257,2
02-01-2020 00:00,2695.183,2
03-01-2020 00:00,1220.417,2
04-01-2020 00:00,863.05,2
05-01-2020 00:00,2964.241,2
06-01-2020 00:00,2936.068,2
07-01-2020 00:00,2630.601,2
08-01-2020 00:00,2553.982,2
09-01-2020 00:00,2528.5,2
10-01-2020 00:00,2207.639,2
11-01-2020 00:00,2120.848,2
12-01-2020 00:00,2058.683,2
13-01-2020 00:00,2072.074,2
14-01-2020 00:00,2117.821,2
15-01-2020 00:00,2087.279,2
16-01-2020 00:00,2075.139,2
17-01-2020 00:00,2131.353,2
18-01-2020 00:00,2079.741,2
19-01-2020 00:00,2086.572,2
20-01-2020 00:00,2128.492,2
21-01-2020 00:00,2070.317,2
22-01-2020 00:00,2106.263,2
23-01-2020 00:00,2079.97,2
24-01-2020 00:00,2079.208,2
25-01-2020 00:00,2087.249,2
26-01-2020 00:00,2112.695,2
27-01-2020 00:00,2275.418,2
28-01-2020 00:00,2382.957,2
29-01-2020 00:00,2364.727,2
30-01-2020 00:00,2394.338,2
31-01-2020 00:00,2358.34,2
01-02-2020 00:00,2398.835,2
02-02-2020 00:00,2376.3,2
03-02-2020 00:00,2426.23,2
04-02-2020 00:00,2420.106,2
05-02-2020 00:00,2424.323,2
06-02-2020 00:00,2419.56,2
07-02-2020 00:00,2880.721,2
08-02-2020 00:00,3522.392,2
09-02-2020 00:00,3466.164,2
10-02-2020 00:00,1843.945,2
11-02-2020 00:00,1506.26,2
12-02-2020 00:00,2171.267,2
13-02-2020 00:00,3712.261,2
14-02-2020 00:00,3795.934,2
15-02-2020 00:00,3811.073,2
16-02-2020 00:00,3822.77,2
17-02-2020 00:00,2791.92,2
18-02-2020 00:00,3818.236,2
19-02-2020 00:00,3936.291,2
20-02-2020 00:00,4124.393,2
21-02-2020 00:00,4101.993,2
22-02-2020 00:00,3054.516,2
23-02-2020 00:00,1928.216,2
24-02-2020 00:00,4288.734,2
25-02-2020 00:00,4333.647,2
26-02-2020 00:00,4495.303,2
27-02-2020 00:00,4536.162,2
28-02-2020 00:00,4563.099,2
29-02-2020 00:00,4676.293,2
01-03-2020 00:00,4614.279,2
02-03-2020 00:00,4643.01,2
03-03-2020 00:00,4661.88,2
04-03-2020 00:00,4621.528,2
05-03-2020 00:00,5397,2
06-03-2020 00:00,5374,2
07-03-2020 00:00,4549.676,2
08-03-2020 00:00,4542.809,2
09-03-2020 00:00,4490.902,2
10-03-2020 00:00,4488.353,2
11-03-2020 00:00,4329.937,2
12-03-2020 00:00,3903.386,2
13-03-2020 00:00,3919.579,2
14-03-2020 00:00,4261.167,2
15-03-2020 00:00,4226.056,2
16-03-2020 00:00,4166.842,2
17-03-2020 00:00,4163.708,2
18-03-2020 00:00,4080.892,2
19-03-2020 00:00,4024.973,2
20-03-2020 00:00,4033.195,2
21-03-2020 00:00,4026.984,2
22-03-2020 00:00,3968.369,2
23-03-2020 00:00,3978.919,2
24-03-2020 00:00,3961.274,2
25-03-2020 00:00,3912.419,2
26-03-2020 00:00,3850.487,2
27-03-2020 00:00,3848.351,2
28-03-2020 00:00,3837.876,2
29-03-2020 00:00,3917.472,2
30-03-2020 00:00,3098.911,2
31-03-2020 00:00,2866.03,2
01-04-2020 00:00,2840.236,2
02-04-2020 00:00,2491.291,2
03-04-2020 00:00,1847.337,2
04-04-2020 00:00,2776.661,2
05-04-2020 00:00,2803.596,2
06-04-2020 00:00,1566.902,2
07-04-2020 00:00,969.611,2
08-04-2020 00:00,995.168,2
09-04-2020 00:00,960.11,2
10-04-2020 00:00,951.045,2
11-04-2020 00:00,957.853,2
12-04-2020 00:00,924.349,2
13-04-2020 00:00,942.045,2
14-04-2020 00:00,937.844,2
15-04-2020 00:00,688.829,2
16-04-2020 00:00,380.187,2
17-04-2020 00:00,366.815,2
18-04-2020 00:00,370.541,2
19-04-2020 00:00,455,2
20-04-2020 00:00,470,2
21-04-2020 00:00,422.766,2
22-04-2020 00:00,420.378,2
23-04-2020 00:00,334.009,2
24-04-2020 00:00,263.478,2
25-04-2020 00:00,196.334,2
26-04-2020 00:00,169.443,2
27-04-2020 00:00,263.986,2
28-04-2020 00:00,307.106,2
29-04-2020 00:00,231.774,2
30-04-2020 00:00,300.518,2
01-05-2020 00:00,208.569,2
02-05-2020 00:00,289.349,2
03-05-2020 00:00,288.644,2
04-05-2020 00:00,314.021,2
05-05-2020 00:00,309.733,2
06-05-2020 00:00,331.114,2
07-05-2020 00:00,344.426,2
08-05-2020 00:00,348.85,2
09-05-2020 00:00,346.827,2
10-05-2020 00:00,339.35,2
11-05-2020 00:00,309.05,2
12-05-2020 00:00,362.401,2
13-05-2020 00:00,341.829,2
14-05-2020 00:00,344.905,2
15-05-2020 00:00,352.44,2
16-05-2020 00:00,354.251,2
17-05-2020 00:00,361.895,2
18-05-2020 00:00,362.422,2
19-05-2020 00:00,399.322,2
20-05-2020 00:00,373.263,2
21-05-2020 00:00,377.423,2
22-05-2020 00:00,393.342,2
23-05-2020 00:00,418.451,2
24-05-2020 00:00,375.841,2
25-05-2020 00:00,358.229,2
26-05-2020 00:00,348.667,2
27-05-2020 00:00,389.853,2
28-05-2020 00:00,359.805,2
29-05-2020 00:00,367.786,2
30-05-2020 00:00,373.21,2
31-05-2020 00:00,364.956,2
01-06-2020 00:00,426.751,2
02-06-2020 00:00,453.323,2
03-06-2020 00:00,499.829,2
04-06-2020 00:00,471.284,2
05-06-2020 00:00,443.989,2
06-06-2020 00:00,443.956,2
07-06-2020 00:00,445.263,2
08-06-2020 00:00,524,2
09-06-2020 00:00,522,2
10-06-2020 00:00,521,2
11-06-2020 00:00,438.077,2
12-06-2020 00:00,433.281,2
13-06-2020 00:00,435.21,2
14-06-2020 00:00,432.972,2
15-06-2020 00:00,432.732,2
16-06-2020 00:00,448.718,2
17-06-2020 00:00,388.224,2
18-06-2020 00:00,417.183,2
19-06-2020 00:00,348.312,2
20-06-2020 00:00,396.149,2
21-06-2020 00:00,471.122,2
22-06-2020 00:00,460.295,2
23-06-2020 00:00,468.907,2
24-06-2020 00:00,446.289,2
25-06-2020 00:00,361.324,2
26-06-2020 00:00,288.528,2
27-06-2020 00:00,277.451,2
28-06-2020 00:00,273.268,2
29-06-2020 00:00,269.36,2
30-06-2020 00:00,282.431,2
01-07-2020 00:00,266.77,2
02-07-2020 00:00,260.209,2
03-07-2020 00:00,262.484,2
04-07-2020 00:00,257.222,2
05-07-2020 00:00,239.981,2
06-07-2020 00:00,207.207,2
07-07-2020 00:00,277.721,2
08-07-2020 00:00,285.731,2
09-07-2020 00:00,300.97,2
10-07-2020 00:00,292.678,2
11-07-2020 00:00,278.445,2
12-07-2020 00:00,285.296,2
13-07-2020 00:00,268.097,2
14-07-2020 00:00,248.972,2
15-07-2020 00:00,239.135,2
16-07-2020 00:00,226.509,2
17-07-2020 00:00,228.095,2
18-07-2020 00:00,237.439,2
19-07-2020 00:00,201.974,2
20-07-2020 00:00,250,2
21-07-2020 00:00,270,2
22-07-2020 00:00,241.114,2
23-07-2020 00:00,335.056,2
24-07-2020 00:00,194.277,2
25-07-2020 00:00,200.908,2
26-07-2020 00:00,141.638,2
27-07-2020 00:00,169.509,2
28-07-2020 00:00,146.424,2
29-07-2020 00:00,143.817,2
30-07-2020 00:00,123.235,2
31-07-2020 00:00,142.702,2
01-08-2020 00:00,131.353,2
02-08-2020 00:00,106.158,2
03-08-2020 00:00,131.66,2
04-08-2020 00:00,93.422,2
05-08-2020 00:00,91.679,2
06-08-2020 00:00,112.557,2
07-08-2020 00:00,171.816,2
08-08-2020 00:00,178.915,2
09-08-2020 00:00,207.23,2
10-08-2020 00:00,246.044,2
11-08-2020 00:00,232.569,2
12-08-2020 00:00,204.098,2
13-08-2020 00:00,206.913,2
14-08-2020 00:00,212.914,2
15-08-2020 00:00,203.417,2
16-08-2020 00:00,210.34,2
17-08-2020 00:00,214.702,2
18-08-2020 00:00,264.363,2
19-08-2020 00:00,260.795,2
20-08-2020 00:00,252.972,2
21-08-2020 00:00,266.649,2
22-08-2020 00:00,240.781,2
23-08-2020 00:00,270.062,2
24-08-2020 00:00,211.522,2
25-08-2020 00:00,219.811,2
26-08-2020 00:00,210.433,2
27-08-2020 00:00,210.738,2
28-08-2020 00:00,222.315,2
29-08-2020 00:00,227.069,2
30-08-2020 00:00,230.048,2
31-08-2020 00:00,201.666,2
01-09-2020 00:00,257.505,2
02-09-2020 00:00,564.79,2
03-09-2020 00:00,566.435,2
04-09-2020 00:00,196.653,2
05-09-2020 00:00,219.53,2
06-09-2020 00:00,191.059,2
07-09-2020 00:00,211.587,2
08-09-2020 00:00,210.569,2
09-09-2020 00:00,175.077,2
10-09-2020 00:00,170.223,2
11-09-2020 00:00,200.015,2
12-09-2020 00:00,164.189,2
13-09-2020 00:00,204.725,2
14-09-2020 00:00,163.435,2
15-09-2020 00:00,174.189,2
16-09-2020 00:00,185.872,2
17-09-2020 00:00,173.137,2
18-09-2020 00:00,154.395,2
19-09-2020 00:00,178.669,2
20-09-2020 00:00,130.479,2
21-09-2020 00:00,198.4,2
22-09-2020 00:00,172.485,2
23-09-2020 00:00,126.039,2
24-09-2020 00:00,131.724,2
25-09-2020 00:00,72.357,2
26-09-2020 00:00,147.73,2
27-09-2020 00:00,105.628,2
28-09-2020 00:00,218.633,2
29-09-2020 00:00,192.02,2
30-09-2020 00:00,191.419,2
01-10-2020 00:00,149.226,2
02-10-2020 00:00,190.617,2
03-10-2020 00:00,238.663,2
04-10-2020 00:00,121.647,2
05-10-2020 00:00,187.742,2
06-10-2020 00:00,161.136,2
07-10-2020 00:00,160.72,2
08-10-2020 00:00,153.337,2
09-10-2020 00:00,175,2
10-10-2020 00:00,139.666,2
11-10-2020 00:00,85.787,2
12-10-2020 00:00,152.178,2
13-10-2020 00:00,189.981,2
14-10-2020 00:00,202.482,2
15-10-2020 00:00,216.218,2
16-10-2020 00:00,212.028,2
17-10-2020 00:00,240.557,2
18-10-2020 00:00,219.26,2
19-10-2020 00:00,251.247,2
20-10-2020 00:00,246.122,2
21-10-2020 00:00,220.904,2
22-10-2020 00:00,190.495,2
23-10-2020 00:00,205.389,2
24-10-2020 00:00,214.028,2
25-10-2020 00:00,208.91,2
26-10-2020 00:00,196.073,2
27-10-2020 00:00,206.649,2
28-10-2020 00:00,220.739,2
29-10-2020 00:00,194.544,2
30-10-2020 00:00,290.289,2
31-10-2020 00:00,399.869,2
01-11-2020 00:00,373.132,2
02-11-2020 00:00,649.939,2
03-11-2020 00:00,751.596,2
04-11-2020 00:00,734.513,2
05-11-2020 00:00,718.927,2
06-11-2020 00:00,753.708,2
07-11-2020 00:00,747.002,2
08-11-2020 00:00,704.325,2
09-11-2020 00:00,708.193,2
10-11-2020 00:00,688.184,2
11-11-2020 00:00,698.474,2
12-11-2020 00:00,666.569,2
13-11-2020 00:00,672.338,2
14-11-2020 00:00,688.397,2
15-11-2020 00:00,685.011,2
16-11-2020 00:00,724.488,2
17-11-2020 00:00,672.14,2
18-11-2020 00:00,742.517,2
19-11-2020 00:00,708.901,2
20-11-2020 00:00,727.496,2
21-11-2020 00:00,692.966,2
22-11-2020 00:00,716.673,2
23-11-2020 00:00,695.183,2
24-11-2020 00:00,695.95,2
25-11-2020 00:00,663.507,2
26-11-2020 00:00,686.67,2
27-11-2020 00:00,735.325,2
28-11-2020 00:00,718.282,2
29-11-2020 00:00,704.269,2
30-11-2020 00:00,722.265,2
01-12-2020 00:00,698.007,2
02-12-2020 00:00,496.166,2
03-12-2020 00:00,377.605,2
04-12-2020 00:00,374.269,2
05-12-2020 00:00,328.231,2
06-12-2020 00:00,297.558,2
07-12-2020 00:00,370.969,2
08-12-2020 00:00,425.736,2
09-12-2020 00:00,381.314,2
10-12-2020 00:00,395.042,2
11-12-2020 00:00,371.731,2
12-12-2020 00:00,343.565,2
13-12-2020 00:00,342.22,2
14-12-2020 00:00,324.261,2
15-12-2020 00:00,380.168,2
16-12-2020 00:00,408.867,2
17-12-2020 00:00,360.506,2
18-12-2020 00:00,377.79,2
19-12-2020 00:00,285.302,2
20-12-2020 00:00,374.795,2
21-12-2020 00:00,392.91,2
22-12-2020 00:00,399.674,2
23-12-2020 00:00,376.59,2
24-12-2020 00:00,336.806,2
25-12-2020 00:00,332.026,2
26-12-2020 00:00,431.349,2
27-12-2020 00:00,386.934,2
28-12-2020 00:00,434.675,2
29-12-2020 00:00,392.513,2
30-12-2020 00:00,389.903,2
31-12-2020 00:00,412.67,2
01-01-2021 00:00,391.53,2
02-01-2021 00:00,426.537,2
03-01-2021 00:00,414.916,2
04-01-2021 00:00,619.412,2
05-01-2021 00:00,739.671,2
06-01-2021 00:00,783.665,2
07-01-2021 00:00,822.383,2
08-01-2021 00:00,1271.395,2
09-01-2021 00:00,1551.156,2
10-01-2021 00:00,1532.06,2
11-01-2021 00:00,1944.023,2
12-01-2021 00:00,2159.222,2
13-01-2021 00:00,2546.779,2
14-01-2021 00:00,2786.258,2
15-01-2021 00:00,2866.285,2
16-01-2021 00:00,2191.865,2
17-01-2021 00:00,3001.911,2
18-01-2021 00:00,3004.246,2
19-01-2021 00:00,2992.179,2
20-01-2021 00:00,3131.052,2
21-01-2021 00:00,3168.685,2
22-01-2021 00:00,3149.655,2
23-01-2021 00:00,3221.764,2
24-01-2021 00:00,3259.119,2
25-01-2021 00:00,3233.777,2
26-01-2021 00:00,3228.854,2
27-01-2021 00:00,3245.987,2
28-01-2021 00:00,3024.151,2
29-01-2021 00:00,3062.711,2
30-01-2021 00:00,2909.179,2
31-01-2021 00:00,3043.208,2
01-02-2021 00:00,2999.434,2
02-02-2021 00:00,2909.441,2
03-02-2021 00:00,2922.279,2
04-02-2021 00:00,2894.052,2
05-02-2021 00:00,2886.75,2
06-02-2021 00:00,2923.322,2
07-02-2021 00:00,2903.643,2
08-02-2021 00:00,3031.611,2
09-02-2021 00:00,2893.469,2
10-02-2021 00:00,2998.868,2
11-02-2021 00:00,2841.906,2
12-02-2021 00:00,2958.702,2
13-02-2021 00:00,2969.889,2
14-02-2021 00:00,2928.287,2
15-02-2021 00:00,2906.294,2
16-02-2021 00:00,2863.122,2
17-02-2021 00:00,2961.539,2
18-02-2021 00:00,3005.921,2
19-02-2021 00:00,3044.261,2
20-02-2021 00:00,3061.984,2
21-02-2021 00:00,3052.587,2
22-02-2021 00:00,3066.455,2
23-02-2021 00:00,3084.469,2
24-02-2021 00:00,3096.239,2
25-02-2021 00:00,3074.982,2
26-02-2021 00:00,2988.747,2
27-02-2021 00:00,2967.985,2
28-02-2021 00:00,3047.68,2
01-03-2021 00:00,3030.949,2
02-03-2021 00:00,2943.645,2
03-03-2021 00:00,2953.964,2
04-03-2021 00:00,2612.97,2
05-03-2021 00:00,2434.67,2
06-03-2021 00:00,2336.925,2
07-03-2021 00:00,2266.736,2
08-03-2021 00:00,2293,2
09-03-2021 00:00,2308,2
10-03-2021 00:00,2323,2
11-03-2021 00:00,2338,2
12-03-2021 00:00,2368,2
13-03-2021 00:00,2374.898,2
14-03-2021 00:00,2372.353,2
15-03-2021 00:00,2367.32,2
16-03-2021 00:00,2426.521,2
17-03-2021 00:00,2437.739,2
18-03-2021 00:00,2431.08,2
19-03-2021 00:00,2439.961,2
20-03-2021 00:00,2378.302,2
21-03-2021 00:00,2354.034,2
22-03-2021 00:00,2302.177,2
23-03-2021 00:00,2299.371,2
24-03-2021 00:00,2319.729,2
25-03-2021 00:00,2361.45,2
26-03-2021 00:00,2338.872,2
27-03-2021 00:00,2303.301,2
28-03-2021 00:00,2305.004,2
29-03-2021 00:00,2330.989,2
30-03-2021 00:00,2256.103,2
31-03-2021 00:00,2304.032,2
01-04-2021 00:00,2313.038,2
02-04-2021 00:00,2220.941,2
03-04-2021 00:00,2253.087,2
04-04-2021 00:00,2200.472,2
05-04-2021 00:00,2110.001,2
06-04-2021 00:00,2048.849,2
07-04-2021 00:00,1637.322,2
08-04-2021 00:00,1212.194,2
09-04-2021 00:00,1316.24,2
10-04-2021 00:00,1189.809,2
11-04-2021 00:00,1246.903,2
12-04-2021 00:00,1456.306,2
13-04-2021 00:00,1511.329,2
14-04-2021 00:00,978.121,2
15-04-2021 00:00,820.321,2
16-04-2021 00:00,848.985,2
17-04-2021 00:00,764.258,2
18-04-2021 00:00,751.214,2
19-04-2021 00:00,471.703,2
20-04-2021 00:00,250.946,2
21-04-2021 00:00,217.706,2
22-04-2021 00:00,204.31,2
23-04-2021 00:00,223.688,2
24-04-2021 00:00,178.14,2
25-04-2021 00:00,163.09,2
26-04-2021 00:00,232.954,2
27-04-2021 00:00,221.787,2
28-04-2021 00:00,234.845,2
29-04-2021 00:00,206.39,2
30-04-2021 00:00,177.876,2
01-05-2021 00:00,168.1,2
02-05-2021 00:00,166.475,2
03-05-2021 00:00,189.462,2
04-05-2021 00:00,193.834,2
05-05-2021 00:00,157.563,2
06-05-2021 00:00,239.962,2
07-05-2021 00:00,211.624,2
08-05-2021 00:00,230.069,2
09-05-2021 00:00,249.608,2
10-05-2021 00:00,266.589,2
11-05-2021 00:00,701.853,2
12-05-2021 00:00,977.107,2
13-05-2021 00:00,965.506,2
14-05-2021 00:00,970.605,2
15-05-2021 00:00,1007.394,2
16-05-2021 00:00,983.617,2
17-05-2021 00:00,1356.512,2
18-05-2021 00:00,1572.072,2
19-05-2021 00:00,1505.703,2
20-05-2021 00:00,1593.652,2
21-05-2021 00:00,1609.028,2
22-05-2021 00:00,1615.252,2
23-05-2021 00:00,1394.783,2
24-05-2021 00:00,1593.649,2
25-05-2021 00:00,1546.499,2
26-05-2021 00:00,1580.799,2
27-05-2021 00:00,1615.096,2
28-05-2021 00:00,1592.875,2
29-05-2021 00:00,1565.978,2
30-05-2021 00:00,1549.489,2
31-05-2021 00:00,1546.924,2
01-06-2021 00:00,1560.895,2
02-06-2021 00:00,1102.347,2
03-06-2021 00:00,869.542,2
04-06-2021 00:00,869.837,2
05-06-2021 00:00,865.4,2
06-06-2021 00:00,874.934,2
07-06-2021 00:00,479.025,2
08-06-2021 00:00,295.091,2
09-06-2021 00:00,293.289,2
10-06-2021 00:00,294.168,2
11-06-2021 00:00,231.251,2
12-06-2021 00:00,271.949,2
13-06-2021 00:00,244.54,2
14-06-2021 00:00,258.363,2
15-06-2021 00:00,289.611,2
16-06-2021 00:00,255.326,2
17-06-2021 00:00,266.801,2
18-06-2021 00:00,254.873,2
19-06-2021 00:00,230.976,2
20-06-2021 00:00,256.915,2
21-06-2021 00:00,235.287,2
22-06-2021 00:00,214.03,2
23-06-2021 00:00,203.192,2
24-06-2021 00:00,216.415,2
25-06-2021 00:00,219.723,2
26-06-2021 00:00,221.327,2
27-06-2021 00:00,210.806,2
28-06-2021 00:00,200.746,2
29-06-2021 00:00,218.672,2
30-06-2021 00:00,181.026,2
01-07-2021 00:00,186.722,2
02-07-2021 00:00,218.604,2
03-07-2021 00:00,218.317,2
04-07-2021 00:00,232.425,2
05-07-2021 00:00,210.519,2
06-07-2021 00:00,233.065,2
07-07-2021 00:00,233.099,2
08-07-2021 00:00,215.414,2
09-07-2021 00:00,241.245,2
10-07-2021 00:00,192.458,2
11-07-2021 00:00,220.472,2
12-07-2021 00:00,217.783,2
13-07-2021 00:00,196.246,2
14-07-2021 00:00,204.138,2
15-07-2021 00:00,181.011,2
16-07-2021 00:00,146.973,2
17-07-2021 00:00,196.868,2
18-07-2021 00:00,197.803,2
19-07-2021 00:00,164.293,2
20-07-2021 00:00,124.307,2
21-07-2021 00:00,167.92,2
22-07-2021 00:00,150.08,2
23-07-2021 00:00,135.314,2
24-07-2021 00:00,157.1,2
25-07-2021 00:00,147.662,2
26-07-2021 00:00,127.199,2
27-07-2021 00:00,143.764,2
28-07-2021 00:00,147.972,2
29-07-2021 00:00,164.69,2
30-07-2021 00:00,171.595,2
31-07-2021 00:00,176.921,2
01-08-2021 00:00,154.824,2
02-08-2021 00:00,125.859,2
03-08-2021 00:00,162.334,2
04-08-2021 00:00,166.447,2
05-08-2021 00:00,155.42,2
06-08-2021 00:00,147.448,2
07-08-2021 00:00,152.469,2
08-08-2021 00:00,150.074,2
09-08-2021 00:00,223.578,2
10-08-2021 00:00,188.991,2
11-08-2021 00:00,221.866,2
12-08-2021 00:00,218.785,2
13-08-2021 00:00,216.769,2
14-08-2021 00:00,226.728,2
15-08-2021 00:00,186.159,2
16-08-2021 00:00,546.391,2
17-08-2021 00:00,1430.613,2
18-08-2021 00:00,1281.917,2
19-08-2021 00:00,1059.377,2
20-08-2021 00:00,1727.254,2
21-08-2021 00:00,2089.366,2
22-08-2021 00:00,2073.292,2
23-08-2021 00:00,2062.835,2
24-08-2021 00:00,2094.972,2
25-08-2021 00:00,2060.575,2
26-08-2021 00:00,2083.287,2
27-08-2021 00:00,1800,2
28-08-2021 00:00,620,2
29-08-2021 00:00,580,2
30-08-2021 00:00,525,2
31-08-2021 00:00,530,2
01-09-2021 00:00,540,2
02-09-2021 00:00,439.344,2
03-09-2021 00:00,421.696,2
04-09-2021 00:00,411.758,2
05-09-2021 00:00,436.783,2
06-09-2021 00:00,472.966,2
07-09-2021 00:00,399.111,2
08-09-2021 00:00,473.821,2
09-09-2021 00:00,489.422,2
10-09-2021 00:00,444.974,2
11-09-2021 00:00,439.236,2
12-09-2021 00:00,469.358,2
13-09-2021 00:00,396.92,2
14-09-2021 00:00,405.884,2
15-09-2021 00:00,407.816,2
16-09-2021 00:00,415.735,2
17-09-2021 00:00,389.094,2
18-09-2021 00:00,373.079,2
19-09-2021 00:00,403.267,2
20-09-2021 00:00,385.667,2
21-09-2021 00:00,382.58,2
22-09-2021 00:00,390.484,2
23-09-2021 00:00,375.771,2
24-09-2021 00:00,380.151,2
25-09-2021 00:00,391.582,2
26-09-2021 00:00,372.536,2
27-09-2021 00:00,385.621,2
28-09-2021 00:00,372.019,2
29-09-2021 00:00,362.753,2
30-09-2021 00:00,380.169,2
01-10-2021 00:00,380.996,2
02-10-2021 00:00,362.143,2
03-10-2021 00:00,386.013,2
04-10-2021 00:00,525.051,2
05-10-2021 00:00,589.874,2
06-10-2021 00:00,599.657,2
07-10-2021 00:00,573.301,2
08-10-2021 00:00,593.28,2
09-10-2021 00:00,609.997,2
10-10-2021 00:00,589.448,2
11-10-2021 00:00,598.254,2
12-10-2021 00:00,602.115,2
13-10-2021 00:00,573.517,2
14-10-2021 00:00,569.648,2
15-10-2021 00:00,554.531,2
16-10-2021 00:00,568.71,2
17-10-2021 00:00,565.653,2
18-10-2021 00:00,591.718,2
19-10-2021 00:00,585.305,2
20-10-2021 00:00,605.699,2
21-10-2021 00:00,819.847,2
22-10-2021 00:00,817.33,2
23-10-2021 00:00,733.027,2
24-10-2021 00:00,925.652,2
25-10-2021 00:00,1410.201,2
26-10-2021 00:00,1541.847,2
27-10-2021 00:00,1500.186,2
28-10-2021 00:00,2200,2
29-10-2021 00:00,2103.289,2
30-10-2021 00:00,2115.978,2
31-10-2021 00:00,2065.785,2
01-11-2021 00:00,2008.688,2
02-11-2021 00:00,2120.357,2
03-11-2021 00:00,2184.762,2
04-11-2021 00:00,2176.973,2
05-11-2021 00:00,2093.663,2
06-11-2021 00:00,2084.731,2
07-11-2021 00:00,2100.573,2
08-11-2021 00:00,2150.079,2
09-11-2021 00:00,2049.663,2
10-11-2021 00:00,2138.969,2
11-11-2021 00:00,2154.304,2
12-11-2021 00:00,2136.28,2
13-11-2021 00:00,2165.588,2
14-11-2021 00:00,2173.284,2
15-11-2021 00:00,2146.265,2
16-11-2021 00:00,2164.582,2
17-11-2021 00:00,2074.473,2
18-11-2021 00:00,1885.265,2
19-11-2021 00:00,1774.227,2
20-11-2021 00:00,1701.954,2
21-11-2021 00:00,1796.526,2
22-11-2021 00:00,1923.927,2
23-11-2021 00:00,2030.657,2
24-11-2021 00:00,2003.728,2
25-11-2021 00:00,1929.825,2
26-11-2021 00:00,2101.835,2
27-11-2021 00:00,2173.351,2
28-11-2021 00:00,2162.093,2
29-11-2021 00:00,1993.469,2
30-11-2021 00:00,2013.547,2
01-12-2021 00:00,2231.984,2
02-12-2021 00:00,2208.937,2
03-12-2021 00:00,1693.513,2
04-12-2021 00:00,1289.692,2
05-12-2021 00:00,1361.277,2
06-12-2021 00:00,1389.828,2
07-12-2021 00:00,1349.657,2
08-12-2021 00:00,1253.534,2
09-12-2021 00:00,1202.631,2
10-12-2021 00:00,1162.652,2
11-12-2021 00:00,1055.772,2
12-12-2021 00:00,1120.722,2
13-12-2021 00:00,1084.054,2
14-12-2021 00:00,1172.108,2
15-12-2021 00:00,1165.113,2
16-12-2021 00:00,1536.405,2
17-12-2021 00:00,1856.391,2
18-12-2021 00:00,1869.551,2
19-12-2021 00:00,1901.099,2
20-12-2021 00:00,1950.16,2
21-12-2021 00:00,2023.553,2
22-12-2021 00:00,2038.843,2
23-12-2021 00:00,1968.808,2
24-12-2021 00:00,1997.113,2
25-12-2021 00:00,1910.565,2
26-12-2021 00:00,1908.499,2
27-12-2021 00:00,1882.684,2
28-12-2021 00:00,1856.748,2
29-12-2021 00:00,1912.943,2
30-12-2021 00:00,1805.476,2
31-12-2021 00:00,1848.566,2