﻿Stedtype;StedID;Stedtekst;GeoZone;x-koordinat;y-koordinat;Kommune;Region;Medie;Vandområde;Dato;Måling nr;Undersøgelsestype;Teknisk anvisning;Dataejer;Link;Målested navn;Målested GeoZone;Målested, x-koordinat;Målested, y-koordinat;Feltmåling nr;Startdato;Dybde;Parameter;Resultat-attribut;Resultat;Enhed;Kvalitetsmærke
Station;49000054;ARRESØ KANAL, ARRESØDAL SLUSE;32;689172;6207567;Halsnæs;Region Hovedstaden;Vandløb;Poel Å;27-09-2006;1;Feltmålinger, Vandløb;Ja;Miljøstyrelsen;https://vanda.miljoeportal.dk/link/6bd93cfe-0edf-4293-8335-6bdad4aa302e;FRB1696;32;689172;6207567;1;27-09-2006 10:20:00 +02:00;;Oxygenmætning; =;86;pct;2
Station;49000054;ARRESØ KANAL, ARRESØDAL SLUSE;32;689172;6207567;Halsnæs;Region Hovedstaden;Vandløb;Poel Å;06-09-1989;1;Feltmålinger, Vandløb;Ja;Miljøstyrelsen;https://vanda.miljoeportal.dk/link/339f70d6-79ca-4705-ae3b-cc939a5b491d;FRB1696;32;689172;6207567;1;06-09-1989 09:30:00 +02:00;;Oxygen indhold; =;10,9;mg/l;3
Station;49000054;ARRESØ KANAL, ARRESØDAL SLUSE;32;689172;6207567;Halsnæs;Region Hovedstaden;Vandløb;Poel Å;12-05-1993;1;Feltmålinger, Vandløb;Ja;Miljøstyrelsen;https://vanda.miljoeportal.dk/link/169e3f77-7c2e-460a-8f09-ff022744455a;FRB1696;32;689172;6207567;1;12-05-1993 08:31:00 +02:00;;Temperatur; =;15,8;grader C;3
Station;49000054;ARRESØ KANAL, ARRESØDAL SLUSE;32;689172;6207567;Halsnæs;Region Hovedstaden;Vandløb;Poel Å;04-01-1995;1;Feltmålinger, Vandløb;Ja;Miljøstyrelsen;https://vanda.miljoeportal.dk/link/c2cc4cd1-a8b2-4704-947b-cd76ae27f974;FRB1696;32;689172;6207567;1;04-01-1995 10:31:00 +01:00;;Oxygen indhold; =;13,9;mg/l;3
Station;49000054;ARRESØ KANAL, ARRESØDAL SLUSE;32;689172;6207567;Halsnæs;Region Hovedstaden;Vandløb;Poel Å;26-05-1999;1;Feltmålinger, Vandløb;Ja;Miljøstyrelsen;https://vanda.miljoeportal.dk/link/24d0c319-3136-4bd6-9733-b86cbc8c9fef;FRB1696;32;689172;6207567;1;26-05-1999 10:00:00 +02:00;;Temperatur; =;14,9;grader C;3
Station;49000054;ARRESØ KANAL, ARRESØDAL SLUSE;32;689172;6207567;Halsnæs;Region Hovedstaden;Vandløb;Poel Å;26-04-2006;1;Feltmålinger, Vandløb;Ja;Miljøstyrelsen;https://vanda.miljoeportal.dk/link/c32e69c2-153c-41fb-a5ed-097e2b991c58;FRB1696;32;689172;6207567;1;26-04-2006 10:10:00 +02:00;;Oxygenmætning; =;118;pct;2
Station;49000054;ARRESØ KANAL, ARRESØDAL SLUSE;32;689172;6207567;Halsnæs;Region Hovedstaden;Vandløb;Poel Å;09-07-2020;1;Feltmålinger, Vandløb;Ja;Miljøstyrelsen;https://vanda.miljoeportal.dk/link/c3a44024-f9d7-47c1-a259-2eefd53c673a;FRB1696;32;689172;6207567;1;09-07-2020 15:31:00 +02:00;;Temperatur; =;17;grader C;2
Station;49000054;ARRESØ KANAL, ARRESØDAL SLUSE;32;689172;6207567;Halsnæs;Region Hovedstaden;Vandløb;Poel Å;13-12-2011;1;Feltmålinger, Vandløb;Ja;Miljøstyrelsen;https://vanda.miljoeportal.dk/link/53543e6c-f0dc-462a-b2e3-672db25b24bd;FRB1696;32;689172;6207567;1;13-12-2011 11:00:00 +01:00;;Temperatur; =;4,1;grader C;3
Station;49000054;ARRESØ KANAL, ARRESØDAL SLUSE;32;689172;6207567;Halsnæs;Region Hovedstaden;Vandløb;Poel Å;15-11-2017;1;Feltmålinger, Vandløb;Ja;Miljøstyrelsen;https://vanda.miljoeportal.dk/link/07bbd42d-8aba-45ba-a5e6-403e682475ec;FRB1696;32;689172;6207567;1;15-11-2017 08:00:00 +01:00;;pH; =;8,3;pH;2
Station;49000054;ARRESØ KANAL, ARRESØDAL SLUSE;32;689172;6207567;Halsnæs;Region Hovedstaden;Vandløb;Poel Å;26-06-2013;1;Feltmålinger, Vandløb;Ja;Miljøstyrelsen;https://vanda.miljoeportal.dk/link/e468369c-5019-41a7-9993-bff8ccc1d0d3;FRB1696;32;689172;6207567;1;26-06-2013 10:40:00 +02:00;;Temperatur; =;17,6;grader C;3
Station;49000054;ARRESØ KANAL, ARRESØDAL SLUSE;32;689172;6207567;Halsnæs;Region Hovedstaden;Vandløb;Poel Å;02-02-2005;1;Feltmålinger, Vandløb;Ja;Miljøstyrelsen;https://vanda.miljoeportal.dk/link/7c1e4ccb-9e8b-4f1a-abf0-367102f2dcc2;FRB1696;32;689172;6207567;1;02-02-2005 10:40:00 +01:00;;Oxygenmætning; =;94;pct;3
Station;49000054;ARRESØ KANAL, ARRESØDAL SLUSE;32;689172;6207567;Halsnæs;Region Hovedstaden;Vandløb;Poel Å;21-03-2017;1;Feltmålinger, Vandløb;Ja;Miljøstyrelsen;https://vanda.miljoeportal.dk/link/e4d6c023-90e0-4df4-9119-fd7eab2e7564;FRB1696;32;689172;6207567;1;21-03-2017 08:05:00 +01:00;;pH; =;8,8;pH;2
Station;49000054;ARRESØ KANAL, ARRESØDAL SLUSE;32;689172;6207567;Halsnæs;Region Hovedstaden;Vandløb;Poel Å;25-02-1998;1;Feltmålinger, Vandløb;Ja;Miljøstyrelsen;https://vanda.miljoeportal.dk/link/2a3f058a-d78b-4f32-ba08-5b3db0dadab2;FRB1696;32;689172;6207567;1;25-02-1998 09:40:00 +01:00;;Oxygen indhold; =;12,7;mg/l;3
Station;49000054;ARRESØ KANAL, ARRESØDAL SLUSE;32;689172;6207567;Halsnæs;Region Hovedstaden;Vandløb;Poel Å;20-12-2000;1;Feltmålinger, Vandløb;Ja;Miljøstyrelsen;https://vanda.miljoeportal.dk/link/db95de3a-e705-4e22-a1df-9b33f2ff3129;FRB1696;32;689172;6207567;1;20-12-2000 09:40:00 +01:00;;Temperatur; =;3,6;grader C;3
Station;49000054;ARRESØ KANAL, ARRESØDAL SLUSE;32;689172;6207567;Halsnæs;Region Hovedstaden;Vandløb;Poel Å;14-11-1990;1;Feltmålinger, Vandløb;Ja;Miljøstyrelsen;https://vanda.miljoeportal.dk/link/7d6497a7-04b8-494d-95ec-0a7413015be2;FRB1696;32;689172;6207567;1;14-11-1990 09:25:00 +01:00;;Temperatur; =;5,8;grader C;3
Station;49000054;ARRESØ KANAL, ARRESØDAL SLUSE;32;689172;6207567;Halsnæs;Region Hovedstaden;Vandløb;Poel Å;25-05-1994;1;Feltmålinger, Vandløb;Ja;Miljøstyrelsen;https://vanda.miljoeportal.dk/link/a689d3d4-8d11-43bf-b2ec-c69e833b6d80;FRB1696;32;689172;6207567;1;25-05-1994 09:17:00 +02:00;;Temperatur; =;12,6;grader C;3
Station;49000054;ARRESØ KANAL, ARRESØDAL SLUSE;32;689172;6207567;Halsnæs;Region Hovedstaden;Vandløb;Poel Å;03-07-2002;1;Feltmålinger, Vandløb;Ja;Miljøstyrelsen;https://vanda.miljoeportal.dk/link/8960aa2e-7928-46f9-bbfd-dc7e4783b518;FRB1696;32;689172;6207567;1;03-07-2002 09:10:00 +02:00;;Oxygenmætning; =;112;pct;3
Station;49000054;ARRESØ KANAL, ARRESØDAL SLUSE;32;689172;6207567;Halsnæs;Region Hovedstaden;Vandløb;Poel Å;13-10-2009;1;Feltmålinger, Vandløb;Ja;Miljøstyrelsen;https://vanda.miljoeportal.dk/link/510da20e-6b50-4b87-a796-2cd4bf4aec06;FRB1696;32;689172;6207567;1;13-10-2009 10:25:00 +02:00;;Temperatur; =;8,1;grader C;3
Station;49000054;ARRESØ KANAL, ARRESØDAL SLUSE;32;689172;6207567;Halsnæs;Region Hovedstaden;Vandløb;Poel Å;22-02-1989;1;Feltmålinger, Vandløb;Ja;Miljøstyrelsen;https://vanda.miljoeportal.dk/link/11a0131c-9f11-4cb8-80e1-9f47b2f0fc73;FRB1696;32;689172;6207567;1;22-02-1989 09:30:00 +01:00;;Oxygen indhold; =;13,9;mg/l;3
Station;49000054;ARRESØ KANAL, ARRESØDAL SLUSE;32;689172;6207567;Halsnæs;Region Hovedstaden;Vandløb;Poel Å;04-09-1991;1;Feltmålinger, Vandløb;Ja;Miljøstyrelsen;https://vanda.miljoeportal.dk/link/8fe85d03-8798-42ae-9a27-5acc95ef6412;FRB1696;32;689172;6207567;1;04-09-1991 09:23:00 +02:00;;Temperatur; =;16,5;grader C;3
Station;49000054;ARRESØ KANAL, ARRESØDAL SLUSE;32;689172;6207567;Halsnæs;Region Hovedstaden;Vandløb;Poel Å;16-08-2000;1;Feltmålinger, Vandløb;Ja;Miljøstyrelsen;https://vanda.miljoeportal.dk/link/312e1ca6-fa5b-4e54-94b2-d73be35ac2a8;FRB1696;32;689172;6207567;1;16-08-2000 09:10:00 +02:00;;Temperatur; =;18,2;grader C;3
Station;49000054;ARRESØ KANAL, ARRESØDAL SLUSE;32;689172;6207567;Halsnæs;Region Hovedstaden;Vandløb;Poel Å;18-04-1990;1;Feltmålinger, Vandløb;Ja;Miljøstyrelsen;https://vanda.miljoeportal.dk/link/41f5f7d7-a5dd-41b7-a481-179377b2d430;FRB1696;32;689172;6207567;1;18-04-1990 09:45:00 +02:00;;Oxygen indhold; =;15,3;mg/l;3
Station;49000054;ARRESØ KANAL, ARRESØDAL SLUSE;32;689172;6207567;Halsnæs;Region Hovedstaden;Vandløb;Poel Å;21-06-1995;1;Feltmålinger, Vandløb;Ja;Miljøstyrelsen;https://vanda.miljoeportal.dk/link/f6551a83-12b1-4db3-82ca-3b4631d74102;FRB1696;32;689172;6207567;1;21-06-1995 11:09:00 +02:00;;Oxygen indhold; =;11,4;mg/l;3
Station;49000054;ARRESØ KANAL, ARRESØDAL SLUSE;32;689172;6207567;Halsnæs;Region Hovedstaden;Vandløb;Poel Å;16-02-1994;1;Feltmålinger, Vandløb;Ja;Miljøstyrelsen;https://vanda.miljoeportal.dk/link/a380df50-cf37-40a0-b86f-5aacddf9884a;FRB1696;32;689172;6207567;1;16-02-1994 10:02:00 +01:00;;Temperatur; =;0,8;grader C;3
Station;49000054;ARRESØ KANAL, ARRESØDAL SLUSE;32;689172;6207567;Halsnæs;Region Hovedstaden;Vandløb;Poel Å;10-05-2006;1;Feltmålinger, Vandløb;Ja;Miljøstyrelsen;https://vanda.miljoeportal.dk/link/13282296-f6b9-43c8-98ee-56c0e8d9788c;FRB1696;32;689172;6207567;1;10-05-2006 10:00:00 +02:00;;Oxygen indhold; =;9,7;mg/l;2
Station;49000054;ARRESØ KANAL, ARRESØDAL SLUSE;32;689172;6207567;Halsnæs;Region Hovedstaden;Vandløb;Poel Å;22-04-2020;1;Feltmålinger, Vandløb;Ja;Miljøstyrelsen;https://vanda.miljoeportal.dk/link/1c76db55-1842-4ae6-b342-3023254fe080;FRB1696;32;689172;6207567;1;22-04-2020 09:49:00 +02:00;;Temperatur; =;13;grader C;2
Station;49000054;ARRESØ KANAL, ARRESØDAL SLUSE;32;689172;6207567;Halsnæs;Region Hovedstaden;Vandløb;Poel Å;22-11-2022;1;Feltmålinger, Vandløb;Ja;Miljøstyrelsen;https://vanda.miljoeportal.dk/link/903d17e6-8956-4def-bc95-a5aefd409d8e;FRB1696;32;689172;6207567;1;22-11-2022 13:41:00 +01:00;;Temperatur; =;3;grader C;2
Station;49000054;ARRESØ KANAL, ARRESØDAL SLUSE;32;689172;6207567;Halsnæs;Region Hovedstaden;Vandløb;Poel Å;10-11-2009;1;Feltmålinger, Vandløb;Ja;Miljøstyrelsen;https://vanda.miljoeportal.dk/link/643270f5-e66e-4c21-8007-5df166b0a5e1;FRB1696;32;689172;6207567;1;10-11-2009 10:30:00 +01:00;;Temperatur; =;5,3;grader C;3
Station;49000054;ARRESØ KANAL, ARRESØDAL SLUSE;32;689172;6207567;Halsnæs;Region Hovedstaden;Vandløb;Poel Å;10-07-2012;1;Feltmålinger, Vandløb;Ja;Miljøstyrelsen;https://vanda.miljoeportal.dk/link/02fafb49-72ae-4117-94f9-cdfc49f8e3cf;FRB1696;32;689172;6207567;1;10-07-2012 10:25:00 +02:00;;Temperatur; =;19,6;grader C;3
Station;49000054;ARRESØ KANAL, ARRESØDAL SLUSE;32;689172;6207567;Halsnæs;Region Hovedstaden;Vandløb;Poel Å;08-07-2008;1;Feltmålinger, Vandløb;Ja;Miljøstyrelsen;https://vanda.miljoeportal.dk/link/5d7d16f8-54e0-4f43-acc5-c8eb222123ca;FRB1696;32;689172;6207567;1;08-07-2008 10:40:00 +02:00;;Temperatur; =;24,6;grader C;3
Station;49000054;ARRESØ KANAL, ARRESØDAL SLUSE;32;689172;6207567;Halsnæs;Region Hovedstaden;Vandløb;Poel Å;08-06-2005;1;Feltmålinger, Vandløb;Ja;Miljøstyrelsen;https://vanda.miljoeportal.dk/link/a1d9a791-7d65-4811-95f1-214f80454a91;FRB1696;32;689172;6207567;1;08-06-2005 10:45:00 +02:00;;Oxygenmætning; =;77;pct;3
Station;49000054;ARRESØ KANAL, ARRESØDAL SLUSE;32;689172;6207567;Halsnæs;Region Hovedstaden;Vandløb;Poel Å;21-12-2005;1;Feltmålinger, Vandløb;Ja;Miljøstyrelsen;https://vanda.miljoeportal.dk/link/333f5425-e443-4de6-9127-f4e19811937c;FRB1696;32;689172;6207567;1;21-12-2005 10:40:00 +01:00;;Temperatur; =;1,2;grader C;3
Station;49000054;ARRESØ KANAL, ARRESØDAL SLUSE;32;689172;6207567;Halsnæs;Region Hovedstaden;Vandløb;Poel Å;21-05-2019;1;Feltmålinger, Vandløb;Ja;Miljøstyrelsen;https://vanda.miljoeportal.dk/link/fbc1e0b3-37b6-4ef2-878e-6a5271f49e7b;FRB1696;32;689172;6207567;1;21-05-2019 11:30:00 +02:00;;pH; =;8,3;pH;2
Station;49000054;ARRESØ KANAL, ARRESØDAL SLUSE;32;689172;6207567;Halsnæs;Region Hovedstaden;Vandløb;Poel Å;10-10-2001;1;Feltmålinger, Vandløb;Ja;Miljøstyrelsen;https://vanda.miljoeportal.dk/link/5e207a32-945e-4a85-b42a-ca11d32d227b;FRB1696;32;689172;6207567;1;10-10-2001 10:30:00 +02:00;;Temperatur; =;12,6;grader C;3
Station;49000054;ARRESØ KANAL, ARRESØDAL SLUSE;32;689172;6207567;Halsnæs;Region Hovedstaden;Vandløb;Poel Å;17-06-2014;1;Feltmålinger, Vandløb;Ja;Miljøstyrelsen;https://vanda.miljoeportal.dk/link/35a0ce45-0a33-4ece-8bb7-cc260483de7c;FRB1696;32;689172;6207567;1;17-06-2014 10:45:00 +02:00;;pH; =;8,6;pH;3
Station;49000054;ARRESØ KANAL, ARRESØDAL SLUSE;32;689172;6207567;Halsnæs;Region Hovedstaden;Vandløb;Poel Å;23-08-2021;1;Feltmålinger, Vandløb;Ja;Miljøstyrelsen;https://vanda.miljoeportal.dk/link/3bc3e3e4-f87d-4bcb-8b28-6d4f0d23099e;FRB1696;32;689172;6207567;1;23-08-2021 10:42:00 +02:00;;Temperatur; =;18,7;grader C;2
Station;49000054;ARRESØ KANAL, ARRESØDAL SLUSE;32;689172;6207567;Halsnæs;Region Hovedstaden;Vandløb;Poel Å;03-07-2002;1;Feltmålinger, Vandløb;Ja;Miljøstyrelsen;https://vanda.miljoeportal.dk/link/8960aa2e-7928-46f9-bbfd-dc7e4783b518;FRB1696;32;689172;6207567;1;03-07-2002 09:10:00 +02:00;;Oxygen indhold; =;10,8;mg/l;3
Station;49000054;ARRESØ KANAL, ARRESØDAL SLUSE;32;689172;6207567;Halsnæs;Region Hovedstaden;Vandløb;Poel Å;20-03-1991;1;Feltmålinger, Vandløb;Ja;Miljøstyrelsen;https://vanda.miljoeportal.dk/link/89bbbd5a-460c-4138-8fa0-b916393ccb5d;FRB1696;32;689172;6207567;1;20-03-1991 09:40:00 +01:00;;Temperatur; =;5,5;grader C;3
Station;49000054;ARRESØ KANAL, ARRESØDAL SLUSE;32;689172;6207567;Halsnæs;Region Hovedstaden;Vandløb;Poel Å;10-05-1994;1;Feltmålinger, Vandløb;Ja;Miljøstyrelsen;https://vanda.miljoeportal.dk/link/f26a8496-f9b0-493f-9b48-d6a58e10aeca;FRB1696;32;689172;6207567;1;10-05-1994 09:29:00 +02:00;;Oxygen indhold; =;14,6;mg/l;3
Station;49000054;ARRESØ KANAL, ARRESØDAL SLUSE;32;689172;6207567;Halsnæs;Region Hovedstaden;Vandløb;Poel Å;12-10-1994;1;Feltmålinger, Vandløb;Ja;Miljøstyrelsen;https://vanda.miljoeportal.dk/link/88003962-e947-479f-af38-327774773ace;FRB1696;32;689172;6207567;1;12-10-1994 10:41:00 +01:00;;Temperatur; =;9,1;grader C;3
Station;49000054;ARRESØ KANAL, ARRESØDAL SLUSE;32;689172;6207567;Halsnæs;Region Hovedstaden;Vandløb;Poel Å;06-11-2002;1;Feltmålinger, Vandløb;Ja;Miljøstyrelsen;https://vanda.miljoeportal.dk/link/3471e417-f380-492a-87ee-b3ed516b92f9;FRB1696;32;689172;6207567;1;06-11-2002 08:25:00 +01:00;;Oxygenmætning; =;78;pct;3
Station;49000054;ARRESØ KANAL, ARRESØDAL SLUSE;32;689172;6207567;Halsnæs;Region Hovedstaden;Vandløb;Poel Å;27-12-2019;1;Feltmålinger, Vandløb;Ja;Miljøstyrelsen;https://vanda.miljoeportal.dk/link/a3f16f49-114b-4a69-85be-02f3dd57a6a5;FRB1696;32;689172;6207567;1;27-12-2019 10:15:00 +01:00;;pH; =;8,6;pH;2
Station;49000054;ARRESØ KANAL, ARRESØDAL SLUSE;32;689172;6207567;Halsnæs;Region Hovedstaden;Vandløb;Poel Å;22-12-2021;1;Feltmålinger, Vandløb;Ja;Miljøstyrelsen;https://vanda.miljoeportal.dk/link/704b1904-467e-40a0-a199-2669d5160adc;FRB1696;32;689172;6207567;1;22-12-2021 12:10:00 +01:00;;pH; =;9,17;pH;2
Station;49000054;ARRESØ KANAL, ARRESØDAL SLUSE;32;689172;6207567;Halsnæs;Region Hovedstaden;Vandløb;Poel Å;31-01-2001;1;Feltmålinger, Vandløb;Ja;Miljøstyrelsen;https://vanda.miljoeportal.dk/link/c6ad88e7-d96c-4896-bc84-e5aef8906f85;FRB1696;32;689172;6207567;1;31-01-2001 09:10:00 +01:00;;Temperatur; =;2;grader C;3
Station;49000054;ARRESØ KANAL, ARRESØDAL SLUSE;32;689172;6207567;Halsnæs;Region Hovedstaden;Vandløb;Poel Å;14-07-2004;1;Feltmålinger, Vandløb;Ja;Miljøstyrelsen;https://vanda.miljoeportal.dk/link/7af6614b-5316-46c4-97ae-c225b4c44b6b;FRB1696;32;689172;6207567;1;14-07-2004 11:00:00 +02:00;;Oxygenmætning; =;87;pct;3
Station;49000054;ARRESØ KANAL, ARRESØDAL SLUSE;32;689172;6207567;Halsnæs;Region Hovedstaden;Vandløb;Poel Å;09-12-1992;1;Feltmålinger, Vandløb;Ja;Miljøstyrelsen;https://vanda.miljoeportal.dk/link/d398d508-88df-4ddf-ab3d-43585bd29848;FRB1696;32;689172;6207567;1;09-12-1992 09:12:00 +01:00;;Oxygen indhold; =;12,5;mg/l;3
Station;49000054;ARRESØ KANAL, ARRESØDAL SLUSE;32;689172;6207567;Halsnæs;Region Hovedstaden;Vandløb;Poel Å;05-12-2001;1;Feltmålinger, Vandløb;Ja;Miljøstyrelsen;https://vanda.miljoeportal.dk/link/5de97429-6c33-454d-810e-692c8538c389;FRB1696;32;689172;6207567;1;05-12-2001 09:20:00 +01:00;;Oxygen indhold; =;13,2;mg/l;3
Station;49000054;ARRESØ KANAL, ARRESØDAL SLUSE;32;689172;6207567;Halsnæs;Region Hovedstaden;Vandløb;Poel Å;11-01-2011;1;Feltmålinger, Vandløb;Ja;Miljøstyrelsen;https://vanda.miljoeportal.dk/link/d1af2046-1349-4e6e-8ccb-ca3f8d655fec;FRB1696;32;689172;6207567;1;11-01-2011 11:00:00 +01:00;;Temperatur; =;1,8;grader C;3
Station;49000054;ARRESØ KANAL, ARRESØDAL SLUSE;32;689172;6207567;Halsnæs;Region Hovedstaden;Vandløb;Poel Å;28-01-2015;1;Feltmålinger, Vandløb;Ja;Miljøstyrelsen;https://vanda.miljoeportal.dk/link/b28c27be-b80c-4f35-a2f0-93c9f45937a2;FRB1696;32;689172;6207567;1;28-01-2015 12:00:00 +01:00;;pH; =;8,5;pH;2
Station;49000054;ARRESØ KANAL, ARRESØDAL SLUSE;32;689172;6207567;Halsnæs;Region Hovedstaden;Vandløb;Poel Å;07-09-2023;1;Feltmålinger, Vandløb;Ja;Miljøstyrelsen;https://vanda.miljoeportal.dk/link/869fd7ff-3808-4209-8faa-d615d4a3c95b;FRB1696;32;689172;6207567;1;07-09-2023 09:59:00 +02:00;;Temperatur; =;19,3;grader C;2
Station;49000054;ARRESØ KANAL, ARRESØDAL SLUSE;32;689172;6207567;Halsnæs;Region Hovedstaden;Vandløb;Poel Å;09-01-2019;1;Feltmålinger, Vandløb;Ja;Miljøstyrelsen;https://vanda.miljoeportal.dk/link/1eebeea5-5432-45d9-b32b-e45c4686725f;FRB1696;32;689172;6207567;1;09-01-2019 08:16:00 +01:00;;pH; =;8,3;pH;2
Station;49000054;ARRESØ KANAL, ARRESØDAL SLUSE;32;689172;6207567;Halsnæs;Region Hovedstaden;Vandløb;Poel Å;21-09-2015;1;Feltmålinger, Vandløb;Ja;Miljøstyrelsen;https://vanda.miljoeportal.dk/link/f7c37170-25d0-49e0-b00e-e653ef2c7f67;FRB1696;32;689172;6207567;1;21-09-2015 08:20:00 +02:00;;Temperatur; =;14,8;grader C;2
Station;49000054;ARRESØ KANAL, ARRESØDAL SLUSE;32;689172;6207567;Halsnæs;Region Hovedstaden;Vandløb;Poel Å;30-09-2008;1;Feltmålinger, Vandløb;Ja;Miljøstyrelsen;https://vanda.miljoeportal.dk/link/8613ca49-9ed9-4908-a2d3-f2b6ad6dae0e;FRB1696;32;689172;6207567;1;30-09-2008 10:05:00 +02:00;;Temperatur; =;19;grader C;3
Station;49000054;ARRESØ KANAL, ARRESØDAL SLUSE;32;689172;6207567;Halsnæs;Region Hovedstaden;Vandløb;Poel Å;24-03-2004;1;Feltmålinger, Vandløb;Ja;Miljøstyrelsen;https://vanda.miljoeportal.dk/link/be38e2d0-41ad-470a-a2f7-b094f10366fd;FRB1696;32;689172;6207567;1;24-03-2004 09:40:00 +01:00;;Oxygen indhold; =;12;mg/l;3
Station;49000054;ARRESØ KANAL, ARRESØDAL SLUSE;32;689172;6207567;Halsnæs;Region Hovedstaden;Vandløb;Poel Å;21-11-2001;1;Feltmålinger, Vandløb;Ja;Miljøstyrelsen;https://vanda.miljoeportal.dk/link/b63b5fa0-78ad-48b0-aa89-b73c80a430b8;FRB1696;32;689172;6207567;1;21-11-2001 10:20:00 +01:00;;Temperatur; =;4,8;grader C;3
Station;49000054;ARRESØ KANAL, ARRESØDAL SLUSE;32;689172;6207567;Halsnæs;Region Hovedstaden;Vandløb;Poel Å;13-11-2014;1;Feltmålinger, Vandløb;Ja;Miljøstyrelsen;https://vanda.miljoeportal.dk/link/050869aa-9165-4144-b379-6ca119483ae0;FRB1696;32;689172;6207567;1;13-11-2014 10:35:00 +01:00;;pH; =;8,1;pH;3
Station;49000054;ARRESØ KANAL, ARRESØDAL SLUSE;32;689172;6207567;Halsnæs;Region Hovedstaden;Vandløb;Poel Å;29-12-1998;1;Feltmålinger, Vandløb;Ja;Miljøstyrelsen;https://vanda.miljoeportal.dk/link/2d4199c6-eff9-4526-ad30-dc87deb60328;FRB1696;32;689172;6207567;1;29-12-1998 08:33:00 +01:00;;Oxygen indhold; =;13,5;mg/l;3
Station;49000054;ARRESØ KANAL, ARRESØDAL SLUSE;32;689172;6207567;Halsnæs;Region Hovedstaden;Vandløb;Poel Å;13-06-1990;1;Feltmålinger, Vandløb;Ja;Miljøstyrelsen;https://vanda.miljoeportal.dk/link/09902c64-d7f1-4364-972f-8b2519c34692;FRB1696;32;689172;6207567;1;13-06-1990 09:10:00 +02:00;;Temperatur; =;19,3;grader C;3
Station;49000054;ARRESØ KANAL, ARRESØDAL SLUSE;32;689172;6207567;Halsnæs;Region Hovedstaden;Vandløb;Poel Å;04-12-2002;1;Feltmålinger, Vandløb;Ja;Miljøstyrelsen;https://vanda.miljoeportal.dk/link/a8b9dd6e-761c-45b9-8642-8acab82abeb5;FRB1696;32;689172;6207567;1;04-12-2002 09:12:00 +01:00;;Oxygenmætning; =;96;pct;3
Station;49000054;ARRESØ KANAL, ARRESØDAL SLUSE;32;689172;6207567;Halsnæs;Region Hovedstaden;Vandløb;Poel Å;29-01-2008;1;Feltmålinger, Vandløb;Ja;Miljøstyrelsen;https://vanda.miljoeportal.dk/link/32363853-62eb-46be-a9d9-a43541faccc4;FRB1696;32;689172;6207567;1;29-01-2008 10:15:00 +01:00;;Temperatur; =;6,5;grader C;3
Station;49000054;ARRESØ KANAL, ARRESØDAL SLUSE;32;689172;6207567;Halsnæs;Region Hovedstaden;Vandløb;Poel Å;08-09-2004;1;Feltmålinger, Vandløb;Ja;Miljøstyrelsen;https://vanda.miljoeportal.dk/link/b97c50d2-9b35-4b1d-a9ef-28df0e46592e;FRB1696;32;689172;6207567;1;08-09-2004 10:30:00 +02:00;;Oxygenmætning; =;103;pct;3
Station;49000054;ARRESØ KANAL, ARRESØDAL SLUSE;32;689172;6207567;Halsnæs;Region Hovedstaden;Vandløb;Poel Å;22-12-2003;1;Feltmålinger, Vandløb;Ja;Miljøstyrelsen;https://vanda.miljoeportal.dk/link/1bbf029b-146b-4ca9-b079-9d6f140ccaef;FRB1696;32;689172;6207567;1;22-12-2003 10:31:00 +01:00;;Oxygenmætning; =;58;pct;3
Station;49000054;ARRESØ KANAL, ARRESØDAL SLUSE;32;689172;6207567;Halsnæs;Region Hovedstaden;Vandløb;Poel Å;29-04-2003;1;Feltmålinger, Vandløb;Ja;Miljøstyrelsen;https://vanda.miljoeportal.dk/link/2ccf4245-8101-4ca6-afd1-91e6dc6caa60;FRB1696;32;689172;6207567;1;29-04-2003 11:05:00 +02:00;;Temperatur; =;11,6;grader C;3
Station;49000054;ARRESØ KANAL, ARRESØDAL SLUSE;32;689172;6207567;Halsnæs;Region Hovedstaden;Vandløb;Poel Å;01-03-2006;1;Feltmålinger, Vandløb;Ja;Miljøstyrelsen;https://vanda.miljoeportal.dk/link/fcc3d5e5-9e1e-4ad6-8788-cf6ad60fb8b4;FRB1696;32;689172;6207567;1;01-03-2006 08:35:00 +01:00;;Temperatur; =;2,4;grader C;2
Station;49000054;ARRESØ KANAL, ARRESØDAL SLUSE;32;689172;6207567;Halsnæs;Region Hovedstaden;Vandløb;Poel Å;15-03-2006;1;Feltmålinger, Vandløb;Ja;Miljøstyrelsen;https://vanda.miljoeportal.dk/link/84699754-521b-48ba-90c3-48e6c423bc42;FRB1696;32;689172;6207567;1;15-03-2006 10:25:00 +01:00;;Oxygenmætning; =;147;pct;2
Station;49000054;ARRESØ KANAL, ARRESØDAL SLUSE;32;689172;6207567;Halsnæs;Region Hovedstaden;Vandløb;Poel Å;03-02-2022;1;Feltmålinger, Vandløb;Ja;Miljøstyrelsen;https://vanda.miljoeportal.dk/link/db9faa9f-1c16-43da-9ddd-db4f46b1d593;FRB1696;32;689172;6207567;1;03-02-2022 10:26:00 +01:00;;Temperatur; =;2,5;grader C;2
Station;49000054;ARRESØ KANAL, ARRESØDAL SLUSE;32;689172;6207567;Halsnæs;Region Hovedstaden;Vandløb;Poel Å;17-04-1991;1;Feltmålinger, Vandløb;Ja;Miljøstyrelsen;https://vanda.miljoeportal.dk/link/2972b360-d037-4dbd-9e8c-88c4d14b1ff4;FRB1696;32;689172;6207567;1;17-04-1991 09:35:00 +02:00;;Temperatur; =;8,2;grader C;3
Station;49000054;ARRESØ KANAL, ARRESØDAL SLUSE;32;689172;6207567;Halsnæs;Region Hovedstaden;Vandløb;Poel Å;06-03-2023;1;Feltmålinger, Vandløb;Ja;Miljøstyrelsen;https://vanda.miljoeportal.dk/link/3ee46a50-d821-445b-a612-356250a3ae56;FRB1696;32;689172;6207567;1;06-03-2023 13:49:00 +01:00;;Salinitet; =;0,2;promille;2
Station;49000054;ARRESØ KANAL, ARRESØDAL SLUSE;32;689172;6207567;Halsnæs;Region Hovedstaden;Vandløb;Poel Å;07-06-2000;1;Feltmålinger, Vandløb;Ja;Miljøstyrelsen;https://vanda.miljoeportal.dk/link/5b200568-946f-4484-a4be-834e09d204ae;FRB1696;32;689172;6207567;1;07-06-2000 10:20:00 +02:00;;Oxygen indhold; =;11,3;mg/l;3
Station;49000054;ARRESØ KANAL, ARRESØDAL SLUSE;32;689172;6207567;Halsnæs;Region Hovedstaden;Vandløb;Poel Å;28-10-2003;1;Feltmålinger, Vandløb;Ja;Miljøstyrelsen;https://vanda.miljoeportal.dk/link/fc9c72c1-4648-436d-9333-cfaa6e7f9b65;FRB1696;32;689172;6207567;1;28-10-2003 08:55:00 +01:00;;Temperatur; =;4,6;grader C;3
Station;49000054;ARRESØ KANAL, ARRESØDAL SLUSE;32;689172;6207567;Halsnæs;Region Hovedstaden;Vandløb;Poel Å;19-10-2021;1;Feltmålinger, Vandløb;Ja;Miljøstyrelsen;https://vanda.miljoeportal.dk/link/5b283f49-dad9-4349-b000-d8f159800d17;FRB1696;32;689172;6207567;1;19-10-2021 13:03:00 +02:00;;Temperatur; =;10,3;grader C;2
Station;49000054;ARRESØ KANAL, ARRESØDAL SLUSE;32;689172;6207567;Halsnæs;Region Hovedstaden;Vandløb;Poel Å;30-08-1995;1;Feltmålinger, Vandløb;Ja;Miljøstyrelsen;https://vanda.miljoeportal.dk/link/42a24a83-f746-49ab-947b-c253ffc4d1ac;FRB1696;32;689172;6207567;1;30-08-1995 09:23:00 +02:00;;Temperatur; =;15,3;grader C;3
Station;49000054;ARRESØ KANAL, ARRESØDAL SLUSE;32;689172;6207567;Halsnæs;Region Hovedstaden;Vandløb;Poel Å;09-10-1996;1;Feltmålinger, Vandløb;Ja;Miljøstyrelsen;https://vanda.miljoeportal.dk/link/b55114ba-595b-43dc-a36b-9b5c0b399e40;FRB1696;32;689172;6207567;1;09-10-1996 08:43:00 +02:00;;Temperatur; =;11,1;grader C;3
Station;49000054;ARRESØ KANAL, ARRESØDAL SLUSE;32;689172;6207567;Halsnæs;Region Hovedstaden;Vandløb;Poel Å;03-06-1998;1;Feltmålinger, Vandløb;Ja;Miljøstyrelsen;https://vanda.miljoeportal.dk/link/8d73a30c-4e0a-4110-8f77-36f8960a800c;FRB1696;32;689172;6207567;1;03-06-1998 07:22:00 +02:00;;Oxygen indhold; =;6,9;mg/l;3
Station;49000054;ARRESØ KANAL, ARRESØDAL SLUSE;32;689172;6207567;Halsnæs;Region Hovedstaden;Vandløb;Poel Å;31-07-2002;1;Feltmålinger, Vandløb;Ja;Miljøstyrelsen;https://vanda.miljoeportal.dk/link/803812b5-2360-4e82-a3bf-e287eec9fe16;FRB1696;32;689172;6207567;1;31-07-2002 08:51:00 +02:00;;Oxygen indhold; =;12,4;mg/l;3
Station;49000054;ARRESØ KANAL, ARRESØDAL SLUSE;32;689172;6207567;Halsnæs;Region Hovedstaden;Vandløb;Poel Å;28-01-2004;1;Feltmålinger, Vandløb;Ja;Miljøstyrelsen;https://vanda.miljoeportal.dk/link/b16e5893-9cab-4312-a6d1-ff8067fb6cdd;FRB1696;32;689172;6207567;1;28-01-2004 10:55:00 +01:00;;Temperatur; =;1,4;grader C;2
Station;49000054;ARRESØ KANAL, ARRESØDAL SLUSE;32;689172;6207567;Halsnæs;Region Hovedstaden;Vandløb;Poel Å;04-12-2007;1;Feltmålinger, Vandløb;Ja;Miljøstyrelsen;https://vanda.miljoeportal.dk/link/e254c58b-1586-4749-9131-200fa9104c47;FRB1696;32;689172;6207567;1;04-12-2007 10:10:00 +01:00;;Temperatur; =;6,1;grader C;3
Station;49000054;ARRESØ KANAL, ARRESØDAL SLUSE;32;689172;6207567;Halsnæs;Region Hovedstaden;Vandløb;Poel Å;30-09-1992;1;Feltmålinger, Vandløb;Ja;Miljøstyrelsen;https://vanda.miljoeportal.dk/link/f72ec3cb-c5ff-4468-aeac-f7d706c29ea2;FRB1696;32;689172;6207567;1;30-09-1992 09:04:00 +01:00;;Temperatur; =;12,7;grader C;3
Station;49000054;ARRESØ KANAL, ARRESØDAL SLUSE;32;689172;6207567;Halsnæs;Region Hovedstaden;Vandløb;Poel Å;26-06-1991;1;Feltmålinger, Vandløb;Ja;Miljøstyrelsen;https://vanda.miljoeportal.dk/link/ea653b3d-ade1-42f9-b242-748ab8fe8820;FRB1696;32;689172;6207567;1;26-06-1991 09:41:00 +02:00;;Oxygen indhold; =;8,5;mg/l;3
Station;49000054;ARRESØ KANAL, ARRESØDAL SLUSE;32;689172;6207567;Halsnæs;Region Hovedstaden;Vandløb;Poel Å;17-06-1998;1;Feltmålinger, Vandløb;Ja;Miljøstyrelsen;https://vanda.miljoeportal.dk/link/b547e1b0-e3eb-4433-aa9a-08a3ed636736;FRB1696;32;689172;6207567;1;17-06-1998 08:24:00 +02:00;;Oxygen indhold; =;7,3;mg/l;3
Station;49000054;ARRESØ KANAL, ARRESØDAL SLUSE;32;689172;6207567;Halsnæs;Region Hovedstaden;Vandløb;Poel Å;22-12-2016;1;Feltmålinger, Vandløb;Ja;Miljøstyrelsen;https://vanda.miljoeportal.dk/link/de01c9b5-5c61-486e-b709-cc9c84a025df;FRB1696;32;689172;6207567;1;22-12-2016 08:00:00 +01:00;;Temperatur; =;4,6;grader C;3
Station;49000054;ARRESØ KANAL, ARRESØDAL SLUSE;32;689172;6207567;Halsnæs;Region Hovedstaden;Vandløb;Poel Å;29-05-2018;1;Feltmålinger, Vandløb;Ja;Miljøstyrelsen;https://vanda.miljoeportal.dk/link/ce7879e2-c816-45f3-8790-eb356b2b6876;FRB1696;32;689172;6207567;1;29-05-2018 08:00:00 +02:00;;pH; =;8,5;pH;2
Station;49000054;ARRESØ KANAL, ARRESØDAL SLUSE;32;689172;6207567;Halsnæs;Region Hovedstaden;Vandløb;Poel Å;15-01-1997;1;Feltmålinger, Vandløb;Ja;Miljøstyrelsen;https://vanda.miljoeportal.dk/link/6d1f5669-228f-48e3-853c-03a6b94cfb6d;FRB1696;32;689172;6207567;1;15-01-1997 09:42:00 +01:00;;Oxygen indhold; =;0,9;mg/l;2
Station;49000054;ARRESØ KANAL, ARRESØDAL SLUSE;32;689172;6207567;Halsnæs;Region Hovedstaden;Vandløb;Poel Å;21-02-1990;1;Feltmålinger, Vandløb;Ja;Miljøstyrelsen;https://vanda.miljoeportal.dk/link/6c9c712a-a67a-4f29-8b66-3d7ca5e5f2ca;FRB1696;32;689172;6207567;1;21-02-1990 09:25:00 +01:00;;Oxygen indhold; =;14;mg/l;3
Station;49000054;ARRESØ KANAL, ARRESØDAL SLUSE;32;689172;6207567;Halsnæs;Region Hovedstaden;Vandløb;Poel Å;10-07-2012;1;Feltmålinger, Vandløb;Ja;Miljøstyrelsen;https://vanda.miljoeportal.dk/link/02fafb49-72ae-4117-94f9-cdfc49f8e3cf;FRB1696;32;689172;6207567;1;10-07-2012 10:25:00 +02:00;;pH; =;8;pH;3
Station;49000054;ARRESØ KANAL, ARRESØDAL SLUSE;32;689172;6207567;Halsnæs;Region Hovedstaden;Vandløb;Poel Å;23-11-2005;1;Feltmålinger, Vandløb;Ja;Miljøstyrelsen;https://vanda.miljoeportal.dk/link/f9cb8b9c-8f92-4f38-b967-c6a12d4337f8;FRB1696;32;689172;6207567;1;23-11-2005 10:30:00 +01:00;;Temperatur; =;3,7;grader C;3
Station;49000054;ARRESØ KANAL, ARRESØDAL SLUSE;32;689172;6207567;Halsnæs;Region Hovedstaden;Vandløb;Poel Å;14-09-1992;1;Feltmålinger, Vandløb;Ja;Miljøstyrelsen;https://vanda.miljoeportal.dk/link/6a532673-7707-4bf6-a478-359d0cb030c9;FRB1696;32;689172;6207567;1;14-09-1992 08:12:00 +02:00;;Oxygen indhold; =;10,1;mg/l;3
Station;49000054;ARRESØ KANAL, ARRESØDAL SLUSE;32;689172;6207567;Halsnæs;Region Hovedstaden;Vandløb;Poel Å;10-04-1996;1;Feltmålinger, Vandløb;Ja;Miljøstyrelsen;https://vanda.miljoeportal.dk/link/c15b093a-4f82-402b-b5ed-8fdfaff479e7;FRB1696;32;689172;6207567;1;10-04-1996 10:35:00 +02:00;;Temperatur; =;4,9;grader C;3
Station;49000054;ARRESØ KANAL, ARRESØDAL SLUSE;32;689172;6207567;Halsnæs;Region Hovedstaden;Vandløb;Poel Å;03-10-2017;1;Feltmålinger, Vandløb;Ja;Miljøstyrelsen;https://vanda.miljoeportal.dk/link/a09d6880-c326-4abc-9dfd-029c91298307;FRB1696;32;689172;6207567;1;03-10-2017 08:05:00 +02:00;;pH; =;8,6;pH;2
Station;49000054;ARRESØ KANAL, ARRESØDAL SLUSE;32;689172;6207567;Halsnæs;Region Hovedstaden;Vandløb;Poel Å;10-03-2004;1;Feltmålinger, Vandløb;Ja;Miljøstyrelsen;https://vanda.miljoeportal.dk/link/3a5a7251-3583-4242-ba78-72fb7b8df169;FRB1696;32;689172;6207567;1;10-03-2004 10:20:00 +01:00;;Oxygen indhold; =;15,6;mg/l;3
Station;49000054;ARRESØ KANAL, ARRESØDAL SLUSE;32;689172;6207567;Halsnæs;Region Hovedstaden;Vandløb;Poel Å;05-01-2005;1;Feltmålinger, Vandløb;Ja;Miljøstyrelsen;https://vanda.miljoeportal.dk/link/cbf164d4-3154-4def-9c16-5dbcc3bbc971;FRB1696;32;689172;6207567;1;05-01-2005 10:45:00 +01:00;;Oxygen indhold; =;13,1;mg/l;3
Station;49000054;ARRESØ KANAL, ARRESØDAL SLUSE;32;689172;6207567;Halsnæs;Region Hovedstaden;Vandløb;Poel Å;02-08-1995;1;Feltmålinger, Vandløb;Ja;Miljøstyrelsen;https://vanda.miljoeportal.dk/link/7cb32b76-4490-48c0-ae9a-66a4fef8d462;FRB1696;32;689172;6207567;1;02-08-1995 09:45:00 +02:00;;Temperatur; =;24,2;grader C;2
Station;49000054;ARRESØ KANAL, ARRESØDAL SLUSE;32;689172;6207567;Halsnæs;Region Hovedstaden;Vandløb;Poel Å;04-11-1998;1;Feltmålinger, Vandløb;Ja;Miljøstyrelsen;https://vanda.miljoeportal.dk/link/3da539d5-c510-4dff-ab5f-7169dddafa68;FRB1696;32;689172;6207567;1;04-11-1998 08:45:00 +01:00;;Temperatur; =;4,3;grader C;3
Station;49000054;ARRESØ KANAL, ARRESØDAL SLUSE;32;689172;6207567;Halsnæs;Region Hovedstaden;Vandløb;Poel Å;14-10-2014;1;Feltmålinger, Vandløb;Ja;Miljøstyrelsen;https://vanda.miljoeportal.dk/link/3d25ef25-2e58-4cf4-a19c-fe6a49eff6af;FRB1696;32;689172;6207567;1;14-10-2014 11:10:00 +02:00;;Temperatur; =;11,8;grader C;3
Station;49000054;ARRESØ KANAL, ARRESØDAL SLUSE;32;689172;6207567;Halsnæs;Region Hovedstaden;Vandløb;Poel Å;11-11-1993;1;Feltmålinger, Vandløb;Ja;Miljøstyrelsen;https://vanda.miljoeportal.dk/link/e8ca7e56-8904-4254-bfef-b971b13cdf66;FRB1696;32;689172;6207567;1;11-11-1993 08:31:00 +01:00;;Temperatur; =;5;grader C;3
Station;49000054;ARRESØ KANAL, ARRESØDAL SLUSE;32;689172;6207567;Halsnæs;Region Hovedstaden;Vandløb;Poel Å;11-04-2022;1;Feltmålinger, Vandløb;Ja;Miljøstyrelsen;https://vanda.miljoeportal.dk/link/4085949e-54a6-4c55-a785-c863803de2ef;FRB1696;32;689172;6207567;1;11-04-2022 13:57:00 +02:00;;Temperatur; =;7;grader C;2
Station;49000054;ARRESØ KANAL, ARRESØDAL SLUSE;32;689172;6207567;Halsnæs;Region Hovedstaden;Vandløb;Poel Å;20-09-2018;1;Feltmålinger, Vandløb;Ja;Miljøstyrelsen;https://vanda.miljoeportal.dk/link/5d8b96d9-1456-458d-9dee-74b85990503e;FRB1696;32;689172;6207567;1;20-09-2018 08:00:00 +02:00;;Temperatur; =;17;grader C;2
Station;49000054;ARRESØ KANAL, ARRESØDAL SLUSE;32;689172;6207567;Halsnæs;Region Hovedstaden;Vandløb;Poel Å;17-12-2019;1;Feltmålinger, Vandløb;Ja;Miljøstyrelsen;https://vanda.miljoeportal.dk/link/27a98156-9252-4895-9673-8740d4d941ab;FRB1696;32;689172;6207567;1;17-12-2019 12:15:00 +01:00;;Temperatur; =;4,1;grader C;2
Station;49000054;ARRESØ KANAL, ARRESØDAL SLUSE;32;689172;6207567;Halsnæs;Region Hovedstaden;Vandløb;Poel Å;13-04-1994;1;Feltmålinger, Vandløb;Ja;Miljøstyrelsen;https://vanda.miljoeportal.dk/link/5f6edfd5-08a3-48d9-bc47-829b9c538428;FRB1696;32;689172;6207567;1;13-04-1994 08:47:00 +02:00;;Temperatur; =;8,3;grader C;3
Station;49000054;ARRESØ KANAL, ARRESØDAL SLUSE;32;689172;6207567;Halsnæs;Region Hovedstaden;Vandløb;Poel Å;10-06-2003;1;Feltmålinger, Vandløb;Ja;Miljøstyrelsen;https://vanda.miljoeportal.dk/link/b049cbec-60a2-4d64-aed9-01db370191e0;FRB1696;32;689172;6207567;1;10-06-2003 10:23:00 +02:00;;Oxygen indhold; =;6,7;mg/l;3
Station;49000054;ARRESØ KANAL, ARRESØDAL SLUSE;32;689172;6207567;Halsnæs;Region Hovedstaden;Vandløb;Poel Å;25-03-1997;1;Feltmålinger, Vandløb;Ja;Miljøstyrelsen;https://vanda.miljoeportal.dk/link/04c58e60-f4a3-4e5d-ac02-5efb58539467;FRB1696;32;689172;6207567;1;25-03-1997 09:14:00 +01:00;;Temperatur; =;2,6;grader C;3
Station;49000054;ARRESØ KANAL, ARRESØDAL SLUSE;32;689172;6207567;Halsnæs;Region Hovedstaden;Vandløb;Poel Å;09-11-2005;1;Feltmålinger, Vandløb;Ja;Miljøstyrelsen;https://vanda.miljoeportal.dk/link/8f19f941-df2f-46b2-895b-f8b70dd71d3d;FRB1696;32;689172;6207567;1;09-11-2005 10:30:00 +01:00;;Oxygen indhold; =;8;mg/l;3
Station;49000054;ARRESØ KANAL, ARRESØDAL SLUSE;32;689172;6207567;Halsnæs;Region Hovedstaden;Vandløb;Poel Å;25-03-1997;1;Feltmålinger, Vandløb;Ja;Miljøstyrelsen;https://vanda.miljoeportal.dk/link/04c58e60-f4a3-4e5d-ac02-5efb58539467;FRB1696;32;689172;6207567;1;25-03-1997 09:14:00 +01:00;;Oxygen indhold; =;15,2;mg/l;3
Station;49000054;ARRESØ KANAL, ARRESØDAL SLUSE;32;689172;6207567;Halsnæs;Region Hovedstaden;Vandløb;Poel Å;16-06-2009;1;Feltmålinger, Vandløb;Ja;Miljøstyrelsen;https://vanda.miljoeportal.dk/link/5b104fcd-31d3-4db6-8204-b8a53cf95558;FRB1696;32;689172;6207567;1;16-06-2009 10:25:00 +02:00;;Temperatur; =;15,2;grader C;3
Station;49000054;ARRESØ KANAL, ARRESØDAL SLUSE;32;689172;6207567;Halsnæs;Region Hovedstaden;Vandløb;Poel Å;15-07-1998;1;Feltmålinger, Vandløb;Ja;Miljøstyrelsen;https://vanda.miljoeportal.dk/link/1df3bc42-2f06-45d4-bc36-e6e63b425091;FRB1696;32;689172;6207567;1;15-07-1998 09:25:00 +02:00;;Oxygen indhold; =;8,5;mg/l;3
Station;49000054;ARRESØ KANAL, ARRESØDAL SLUSE;32;689172;6207567;Halsnæs;Region Hovedstaden;Vandløb;Poel Å;17-07-2002;1;Feltmålinger, Vandløb;Ja;Miljøstyrelsen;https://vanda.miljoeportal.dk/link/18617707-3b5d-475c-82d1-f787f18de1ec;FRB1696;32;689172;6207567;1;17-07-2002 05:50:00 +02:00;;Oxygenmætning; =;124;pct;2
Station;49000054;ARRESØ KANAL, ARRESØDAL SLUSE;32;689172;6207567;Halsnæs;Region Hovedstaden;Vandløb;Poel Å;02-06-2004;1;Feltmålinger, Vandløb;Ja;Miljøstyrelsen;https://vanda.miljoeportal.dk/link/e00e81f1-7ec7-43ba-8e2e-993879a543b4;FRB1696;32;689172;6207567;1;02-06-2004 10:40:00 +02:00;;Oxygenmætning; =;133;pct;3
Station;49000054;ARRESØ KANAL, ARRESØDAL SLUSE;32;689172;6207567;Halsnæs;Region Hovedstaden;Vandløb;Poel Å;30-09-2003;1;Feltmålinger, Vandløb;Ja;Miljøstyrelsen;https://vanda.miljoeportal.dk/link/c89c20cc-c9e4-4cb9-9b4e-77fcd88c8b33;FRB1696;32;689172;6207567;1;30-09-2003 10:28:00 +02:00;;Oxygenmætning; =;95;pct;3
Station;49000054;ARRESØ KANAL, ARRESØDAL SLUSE;32;689172;6207567;Halsnæs;Region Hovedstaden;Vandløb;Poel Å;25-02-2004;1;Feltmålinger, Vandløb;Ja;Miljøstyrelsen;https://vanda.miljoeportal.dk/link/8c951f2d-61b5-456b-94df-1b76a4a63673;FRB1696;32;689172;6207567;1;25-02-2004 11:05:00 +01:00;;Oxygen indhold; =;24,3;mg/l;2
Station;49000054;ARRESØ KANAL, ARRESØDAL SLUSE;32;689172;6207567;Halsnæs;Region Hovedstaden;Vandløb;Poel Å;01-04-2003;1;Feltmålinger, Vandløb;Ja;Miljøstyrelsen;https://vanda.miljoeportal.dk/link/683c2003-9ed2-4ef4-86d2-7ff354099ead;FRB1696;32;689172;6207567;1;01-04-2003 09:55:00 +02:00;;Oxygenmætning; =;84;pct;3
Station;49000054;ARRESØ KANAL, ARRESØDAL SLUSE;32;689172;6207567;Halsnæs;Region Hovedstaden;Vandløb;Poel Å;27-10-1999;1;Feltmålinger, Vandløb;Ja;Miljøstyrelsen;https://vanda.miljoeportal.dk/link/8f3ea48f-1a9a-4ae7-97bb-2576ad78da13;FRB1696;32;689172;6207567;1;27-10-1999 10:15:00 +02:00;;Temperatur; =;8,8;grader C;3
Station;49000054;ARRESØ KANAL, ARRESØDAL SLUSE;32;689172;6207567;Halsnæs;Region Hovedstaden;Vandløb;Poel Å;08-11-2011;1;Feltmålinger, Vandløb;Ja;Miljøstyrelsen;https://vanda.miljoeportal.dk/link/254e1f07-e1a0-42ba-808b-c4c35357da32;FRB1696;32;689172;6207567;1;08-11-2011 10:30:00 +01:00;;pH; =;8,2;pH;3
Station;49000054;ARRESØ KANAL, ARRESØDAL SLUSE;32;689172;6207567;Halsnæs;Region Hovedstaden;Vandløb;Poel Å;05-11-1997;1;Feltmålinger, Vandløb;Ja;Miljøstyrelsen;https://vanda.miljoeportal.dk/link/f2f63202-947c-4fd1-92fd-7fbf14ac29fe;FRB1696;32;689172;6207567;1;05-11-1997 09:38:00 +01:00;;Oxygen indhold; =;13,2;mg/l;3
Station;49000054;ARRESØ KANAL, ARRESØDAL SLUSE;32;689172;6207567;Halsnæs;Region Hovedstaden;Vandløb;Poel Å;21-06-2017;1;Feltmålinger, Vandløb;Ja;Miljøstyrelsen;https://vanda.miljoeportal.dk/link/c4177939-871d-4b35-853b-55884b936db8;FRB1696;32;689172;6207567;1;21-06-2017 07:15:00 +02:00;;pH; =;8,6;pH;2
Station;49000054;ARRESØ KANAL, ARRESØDAL SLUSE;32;689172;6207567;Halsnæs;Region Hovedstaden;Vandløb;Poel Å;13-04-2005;1;Feltmålinger, Vandløb;Ja;Miljøstyrelsen;https://vanda.miljoeportal.dk/link/a74493b8-f879-42f0-a83d-c71bad807cdc;FRB1696;32;689172;6207567;1;13-04-2005 10:30:00 +02:00;;Oxygenmætning; =;112;pct;3
Station;49000054;ARRESØ KANAL, ARRESØDAL SLUSE;32;689172;6207567;Halsnæs;Region Hovedstaden;Vandløb;Poel Å;14-04-1993;1;Feltmålinger, Vandløb;Ja;Miljøstyrelsen;https://vanda.miljoeportal.dk/link/b61f4b24-4429-40af-bc02-839c39775acd;FRB1696;32;689172;6207567;1;14-04-1993 08:40:00 +02:00;;Oxygen indhold; =;20;mg/l;2
Station;49000054;ARRESØ KANAL, ARRESØDAL SLUSE;32;689172;6207567;Halsnæs;Region Hovedstaden;Vandløb;Poel Å;19-08-1992;1;Feltmålinger, Vandløb;Ja;Miljøstyrelsen;https://vanda.miljoeportal.dk/link/a9603fc7-9db4-406d-a34a-a8076eecdffb;FRB1696;32;689172;6207567;1;19-08-1992 12:35:00 +02:00;;Oxygen indhold; =;14,2;mg/l;3
Station;49000054;ARRESØ KANAL, ARRESØDAL SLUSE;32;689172;6207567;Halsnæs;Region Hovedstaden;Vandløb;Poel Å;07-07-1999;1;Feltmålinger, Vandløb;Ja;Miljøstyrelsen;https://vanda.miljoeportal.dk/link/bb539dc2-b8ea-4c0c-b4f5-cbc644fd6111;FRB1696;32;689172;6207567;1;07-07-1999 10:05:00 +02:00;;Oxygen indhold; =;8,8;mg/l;3
Station;49000054;ARRESØ KANAL, ARRESØDAL SLUSE;32;689172;6207567;Halsnæs;Region Hovedstaden;Vandløb;Poel Å;09-12-2021;1;Feltmålinger, Vandløb;Ja;Miljøstyrelsen;https://vanda.miljoeportal.dk/link/0a98430f-6be8-4250-a881-27e6552868b5;FRB1696;32;689172;6207567;1;09-12-2021 13:08:00 +01:00;;Temperatur; =;0,6;grader C;2
Station;49000054;ARRESØ KANAL, ARRESØDAL SLUSE;32;689172;6207567;Halsnæs;Region Hovedstaden;Vandløb;Poel Å;12-10-2005;1;Feltmålinger, Vandløb;Ja;Miljøstyrelsen;https://vanda.miljoeportal.dk/link/2ff01b3b-a276-497d-9032-e2449556e7af;FRB1696;32;689172;6207567;1;12-10-2005 10:15:00 +02:00;;Oxygen indhold; =;8,2;mg/l;3
Station;49000054;ARRESØ KANAL, ARRESØDAL SLUSE;32;689172;6207567;Halsnæs;Region Hovedstaden;Vandløb;Poel Å;12-04-2000;1;Feltmålinger, Vandløb;Ja;Miljøstyrelsen;https://vanda.miljoeportal.dk/link/7f283595-5ba0-466d-b33d-a525c0ba89e1;FRB1696;32;689172;6207567;1;12-04-2000 10:00:00 +02:00;;Oxygen indhold; =;14,4;mg/l;3
Station;49000054;ARRESØ KANAL, ARRESØDAL SLUSE;32;689172;6207567;Halsnæs;Region Hovedstaden;Vandløb;Poel Å;08-06-2017;1;Feltmålinger, Vandløb;Ja;Miljøstyrelsen;https://vanda.miljoeportal.dk/link/6a692edd-419b-485c-8f38-6256682f3ecb;FRB1696;32;689172;6207567;1;08-06-2017 07:50:00 +02:00;;pH; =;7,8;pH;2
Station;49000054;ARRESØ KANAL, ARRESØDAL SLUSE;32;689172;6207567;Halsnæs;Region Hovedstaden;Vandløb;Poel Å;25-09-2023;1;Feltmålinger, Vandløb;Ja;Miljøstyrelsen;https://vanda.miljoeportal.dk/link/1c213328-08b7-4b6e-9743-7ae6a24e9af1;FRB1696;32;689172;6207567;1;25-09-2023 13:06:00 +02:00;;pH; =;8,52;pH;2
Station;49000054;ARRESØ KANAL, ARRESØDAL SLUSE;32;689172;6207567;Halsnæs;Region Hovedstaden;Vandløb;Poel Å;03-12-1997;1;Feltmålinger, Vandløb;Ja;Miljøstyrelsen;https://vanda.miljoeportal.dk/link/59f9adc9-1f45-4f67-99e0-59ba91ce85d6;FRB1696;32;689172;6207567;1;03-12-1997 09:29:00 +01:00;;Oxygen indhold; =;14,2;mg/l;3
Station;49000054;ARRESØ KANAL, ARRESØDAL SLUSE;32;689172;6207567;Halsnæs;Region Hovedstaden;Vandløb;Poel Å;16-06-2004;1;Feltmålinger, Vandløb;Ja;Miljøstyrelsen;https://vanda.miljoeportal.dk/link/ad580018-2135-4d3e-995c-cf4083dacb29;FRB1696;32;689172;6207567;1;16-06-2004 10:25:00 +02:00;;Oxygenmætning; =;96;pct;3
Station;49000054;ARRESØ KANAL, ARRESØDAL SLUSE;32;689172;6207567;Halsnæs;Region Hovedstaden;Vandløb;Poel Å;20-11-2002;1;Feltmålinger, Vandløb;Ja;Miljøstyrelsen;https://vanda.miljoeportal.dk/link/d73334ed-2977-4de8-9d6e-a2892474156e;FRB1696;32;689172;6207567;1;20-11-2002 09:35:00 +01:00;;Temperatur; =;3,4;grader C;3
Station;49000054;ARRESØ KANAL, ARRESØDAL SLUSE;32;689172;6207567;Halsnæs;Region Hovedstaden;Vandløb;Poel Å;14-08-1996;1;Feltmålinger, Vandløb;Ja;Miljøstyrelsen;https://vanda.miljoeportal.dk/link/2d14afef-89e7-4524-999a-fc4a61e6236e;FRB1696;32;689172;6207567;1;14-08-1996 08:03:00 +02:00;;Oxygen indhold; =;6,8;mg/l;3
Station;49000054;ARRESØ KANAL, ARRESØDAL SLUSE;32;689172;6207567;Halsnæs;Region Hovedstaden;Vandløb;Poel Å;25-10-2022;1;Feltmålinger, Vandløb;Ja;Miljøstyrelsen;https://vanda.miljoeportal.dk/link/b59aadc0-698f-4e1a-b230-15fbbf4605fa;FRB1696;32;689172;6207567;1;25-10-2022 09:30:00 +02:00;;Salinitet; =;0,2;promille;2
Station;49000054;ARRESØ KANAL, ARRESØDAL SLUSE;32;689172;6207567;Halsnæs;Region Hovedstaden;Vandløb;Poel Å;22-05-2012;1;Feltmålinger, Vandløb;Ja;Miljøstyrelsen;https://vanda.miljoeportal.dk/link/0a034449-a4ca-47e1-bbdf-98b4a823b33e;FRB1696;32;689172;6207567;1;22-05-2012 10:30:00 +02:00;;Temperatur; =;17,7;grader C;3
Station;49000054;ARRESØ KANAL, ARRESØDAL SLUSE;32;689172;6207567;Halsnæs;Region Hovedstaden;Vandløb;Poel Å;15-07-2014;1;Feltmålinger, Vandløb;Ja;Miljøstyrelsen;https://vanda.miljoeportal.dk/link/0fa6a47b-45b1-4ad1-b1a1-25948257d436;FRB1696;32;689172;6207567;1;15-07-2014 12:00:00 +02:00;;pH; =;8,5;pH;3
Station;49000054;ARRESØ KANAL, ARRESØDAL SLUSE;32;689172;6207567;Halsnæs;Region Hovedstaden;Vandløb;Poel Å;27-09-2011;1;Feltmålinger, Vandløb;Ja;Miljøstyrelsen;https://vanda.miljoeportal.dk/link/eb4d5009-aebb-449e-b93e-f70a10accbc1;FRB1696;32;689172;6207567;1;27-09-2011 10:30:00 +02:00;;pH; =;8,5;pH;3
Station;49000054;ARRESØ KANAL, ARRESØDAL SLUSE;32;689172;6207567;Halsnæs;Region Hovedstaden;Vandløb;Poel Å;26-10-2023;1;Feltmålinger, Vandløb;Ja;Miljøstyrelsen;https://vanda.miljoeportal.dk/link/14e21734-5b3a-4572-941a-ad279beabae1;FRB1696;32;689172;6207567;1;26-10-2023 09:48:00 +02:00;;pH; =;8,27;pH;2
Station;49000054;ARRESØ KANAL, ARRESØDAL SLUSE;32;689172;6207567;Halsnæs;Region Hovedstaden;Vandløb;Poel Å;01-02-2017;1;Feltmålinger, Vandløb;Ja;Miljøstyrelsen;https://vanda.miljoeportal.dk/link/9ace8010-b20a-4e0a-91b9-7191441431b1;FRB1696;32;689172;6207567;1;01-02-2017 07:55:00 +01:00;;Temperatur; =;2;grader C;2
Station;49000054;ARRESØ KANAL, ARRESØDAL SLUSE;32;689172;6207567;Halsnæs;Region Hovedstaden;Vandløb;Poel Å;23-06-1999;1;Feltmålinger, Vandløb;Ja;Miljøstyrelsen;https://vanda.miljoeportal.dk/link/a19905cf-bb66-4de5-a8db-a8e688e7f14e;FRB1696;32;689172;6207567;1;23-06-1999 10:15:00 +02:00;;Temperatur; =;17;grader C;3
Station;49000054;ARRESØ KANAL, ARRESØDAL SLUSE;32;689172;6207567;Halsnæs;Region Hovedstaden;Vandløb;Poel Å;04-04-2019;1;Feltmålinger, Vandløb;Ja;Miljøstyrelsen;https://vanda.miljoeportal.dk/link/fd95b60a-3955-43e2-b503-074e6308a4b4;FRB1696;32;689172;6207567;1;04-04-2019 12:20:00 +02:00;;Temperatur; =;10,6;grader C;2
Station;49000054;ARRESØ KANAL, ARRESØDAL SLUSE;32;689172;6207567;Halsnæs;Region Hovedstaden;Vandløb;Poel Å;09-01-2019;1;Feltmålinger, Vandløb;Ja;Miljøstyrelsen;https://vanda.miljoeportal.dk/link/1eebeea5-5432-45d9-b32b-e45c4686725f;FRB1696;32;689172;6207567;1;09-01-2019 08:16:00 +01:00;;Temperatur; =;2,5;grader C;2
Station;49000054;ARRESØ KANAL, ARRESØDAL SLUSE;32;689172;6207567;Halsnæs;Region Hovedstaden;Vandløb;Poel Å;20-07-2005;1;Feltmålinger, Vandløb;Ja;Miljøstyrelsen;https://vanda.miljoeportal.dk/link/f60f673a-d688-4be0-83af-c6a4ce5d4d93;FRB1696;32;689172;6207567;1;20-07-2005 10:15:00 +02:00;;Temperatur; =;19,6;grader C;3
Station;49000054;ARRESØ KANAL, ARRESØDAL SLUSE;32;689172;6207567;Halsnæs;Region Hovedstaden;Vandløb;Poel Å;12-03-1997;1;Feltmålinger, Vandløb;Ja;Miljøstyrelsen;https://vanda.miljoeportal.dk/link/94911bab-9a92-413f-a008-25e2c84fc76d;FRB1696;32;689172;6207567;1;12-03-1997 09:25:00 +01:00;;Oxygen indhold; =;17,5;mg/l;3
Station;49000054;ARRESØ KANAL, ARRESØDAL SLUSE;32;689172;6207567;Halsnæs;Region Hovedstaden;Vandløb;Poel Å;09-09-2013;1;Feltmålinger, Vandløb;Ja;Miljøstyrelsen;https://vanda.miljoeportal.dk/link/4131ba0a-b835-48fb-b532-005064ed4ba4;FRB1696;32;689172;6207567;1;09-09-2013 10:05:00 +02:00;;Temperatur; =;16,9;grader C;3
Station;49000054;ARRESØ KANAL, ARRESØDAL SLUSE;32;689172;6207567;Halsnæs;Region Hovedstaden;Vandløb;Poel Å;24-07-1991;1;Feltmålinger, Vandløb;Ja;Miljøstyrelsen;https://vanda.miljoeportal.dk/link/bc63be68-b16f-4ad2-a637-9775cf955a4b;FRB1696;32;689172;6207567;1;24-07-1991 10:15:00 +02:00;;Oxygen indhold; =;14,6;mg/l;3
Station;49000054;ARRESØ KANAL, ARRESØDAL SLUSE;32;689172;6207567;Halsnæs;Region Hovedstaden;Vandløb;Poel Å;16-08-2011;1;Feltmålinger, Vandløb;Ja;Miljøstyrelsen;https://vanda.miljoeportal.dk/link/8ba9987c-602f-4e8b-af18-3dbde8085c42;FRB1696;32;689172;6207567;1;16-08-2011 10:30:00 +02:00;;Temperatur; =;18,1;grader C;3
Station;49000054;ARRESØ KANAL, ARRESØDAL SLUSE;32;689172;6207567;Halsnæs;Region Hovedstaden;Vandløb;Poel Å;22-07-2003;1;Feltmålinger, Vandløb;Ja;Miljøstyrelsen;https://vanda.miljoeportal.dk/link/d3cab80f-3063-470b-a987-2c569ad01ca0;FRB1696;32;689172;6207567;1;22-07-2003 09:01:00 +02:00;;Oxygenmætning; =;71;pct;3
Station;49000054;ARRESØ KANAL, ARRESØDAL SLUSE;32;689172;6207567;Halsnæs;Region Hovedstaden;Vandløb;Poel Å;05-02-2020;1;Feltmålinger, Vandløb;Ja;Miljøstyrelsen;https://vanda.miljoeportal.dk/link/67771a30-6c0f-4c4b-b013-8d4ea995c56c;FRB1696;32;689172;6207567;1;05-02-2020 10:31:00 +01:00;;Temperatur; =;4,1;grader C;2
Station;49000054;ARRESØ KANAL, ARRESØDAL SLUSE;32;689172;6207567;Halsnæs;Region Hovedstaden;Vandløb;Poel Å;02-05-2018;1;Feltmålinger, Vandløb;Ja;Miljøstyrelsen;https://vanda.miljoeportal.dk/link/b33095c2-3801-4889-923c-26c4d401b2bd;FRB1696;32;689172;6207567;1;02-05-2018 07:05:00 +02:00;;Temperatur; =;11,8;grader C;2
Station;49000054;ARRESØ KANAL, ARRESØDAL SLUSE;32;689172;6207567;Halsnæs;Region Hovedstaden;Vandløb;Poel Å;09-08-1989;1;Feltmålinger, Vandløb;Ja;Miljøstyrelsen;https://vanda.miljoeportal.dk/link/792b3b24-383d-41a0-befe-a0bfb22b2168;FRB1696;32;689172;6207567;1;09-08-1989 09:45:00 +02:00;;Temperatur; =;18,1;grader C;3
Station;49000054;ARRESØ KANAL, ARRESØDAL SLUSE;32;689172;6207567;Halsnæs;Region Hovedstaden;Vandløb;Poel Å;19-06-2007;1;Feltmålinger, Vandløb;Ja;Miljøstyrelsen;https://vanda.miljoeportal.dk/link/4c6a186c-7fa6-4e70-b397-3099cbda2a3b;FRB1696;32;689172;6207567;1;19-06-2007 10:00:00 +02:00;;Temperatur; =;19,5;grader C;3
Station;49000054;ARRESØ KANAL, ARRESØDAL SLUSE;32;689172;6207567;Halsnæs;Region Hovedstaden;Vandløb;Poel Å;17-05-1989;1;Feltmålinger, Vandløb;Ja;Miljøstyrelsen;https://vanda.miljoeportal.dk/link/1e74d69b-50ad-4268-b68e-1afe391a8c48;FRB1696;32;689172;6207567;1;17-05-1989 09:50:00 +02:00;;Temperatur; =;14,3;grader C;3
Station;49000054;ARRESØ KANAL, ARRESØDAL SLUSE;32;689172;6207567;Halsnæs;Region Hovedstaden;Vandløb;Poel Å;07-03-1990;1;Feltmålinger, Vandløb;Ja;Miljøstyrelsen;https://vanda.miljoeportal.dk/link/49215962-f770-4ec4-b1a4-5c813a71c65d;FRB1696;32;689172;6207567;1;07-03-1990 09:55:00 +01:00;;Temperatur; =;3,1;grader C;3
Station;49000054;ARRESØ KANAL, ARRESØDAL SLUSE;32;689172;6207567;Halsnæs;Region Hovedstaden;Vandløb;Poel Å;25-06-2020;1;Feltmålinger, Vandløb;Ja;Miljøstyrelsen;https://vanda.miljoeportal.dk/link/c7ccb1de-ea43-4358-ac92-230cb5a01822;FRB1696;32;689172;6207567;1;25-06-2020 15:01:00 +02:00;;pH; =;8,9;pH;2
Station;49000054;ARRESØ KANAL, ARRESØDAL SLUSE;32;689172;6207567;Halsnæs;Region Hovedstaden;Vandløb;Poel Å;26-04-2000;1;Feltmålinger, Vandløb;Ja;Miljøstyrelsen;https://vanda.miljoeportal.dk/link/7897e805-a71a-4ad4-a350-fd79c6611028;FRB1696;32;689172;6207567;1;26-04-2000 09:50:00 +02:00;;Temperatur; =;13,1;grader C;3
Station;49000054;ARRESØ KANAL, ARRESØDAL SLUSE;32;689172;6207567;Halsnæs;Region Hovedstaden;Vandløb;Poel Å;06-12-2000;1;Feltmålinger, Vandløb;Ja;Miljøstyrelsen;https://vanda.miljoeportal.dk/link/fa9189a2-e028-4d1c-82c5-9216a6408418;FRB1696;32;689172;6207567;1;06-12-2000 10:10:00 +01:00;;Temperatur; =;6,2;grader C;3
Station;49000054;ARRESØ KANAL, ARRESØDAL SLUSE;32;689172;6207567;Halsnæs;Region Hovedstaden;Vandløb;Poel Å;17-07-1996;1;Feltmålinger, Vandløb;Ja;Miljøstyrelsen;https://vanda.miljoeportal.dk/link/4e604b77-84c7-4dc9-a5fe-3cdbf3812dd7;FRB1696;32;689172;6207567;1;17-07-1996 10:55:00 +02:00;;Oxygen indhold; =;10,6;mg/l;3
Station;49000054;ARRESØ KANAL, ARRESØDAL SLUSE;32;689172;6207567;Halsnæs;Region Hovedstaden;Vandløb;Poel Å;30-08-2018;1;Feltmålinger, Vandløb;Ja;Miljøstyrelsen;https://vanda.miljoeportal.dk/link/2d7f3d26-a1f4-49a1-8184-de133af99ff7;FRB1696;32;689172;6207567;1;30-08-2018 07:10:00 +02:00;;pH; =;8,9;pH;2
Station;49000054;ARRESØ KANAL, ARRESØDAL SLUSE;32;689172;6207567;Halsnæs;Region Hovedstaden;Vandløb;Poel Å;02-05-2018;1;Feltmålinger, Vandløb;Ja;Miljøstyrelsen;https://vanda.miljoeportal.dk/link/b33095c2-3801-4889-923c-26c4d401b2bd;FRB1696;32;689172;6207567;1;02-05-2018 07:05:00 +02:00;;pH; =;8,5;pH;2
Station;49000054;ARRESØ KANAL, ARRESØDAL SLUSE;32;689172;6207567;Halsnæs;Region Hovedstaden;Vandløb;Poel Å;17-08-1994;1;Feltmålinger, Vandløb;Ja;Miljøstyrelsen;https://vanda.miljoeportal.dk/link/42eb455f-74b1-4b02-858c-6fd5d81c5b35;FRB1696;32;689172;6207567;1;17-08-1994 09:28:00 +02:00;;Oxygen indhold; =;11,9;mg/l;3
Station;49000054;ARRESØ KANAL, ARRESØDAL SLUSE;32;689172;6207567;Halsnæs;Region Hovedstaden;Vandløb;Poel Å;24-07-2012;1;Feltmålinger, Vandløb;Ja;Miljøstyrelsen;https://vanda.miljoeportal.dk/link/80ced1e4-02b3-44a3-9808-e079f4f6f727;FRB1696;32;689172;6207567;1;24-07-2012 11:05:00 +02:00;;pH; =;8,62;pH;3
Station;49000054;ARRESØ KANAL, ARRESØDAL SLUSE;32;689172;6207567;Halsnæs;Region Hovedstaden;Vandløb;Poel Å;02-04-2020;1;Feltmålinger, Vandløb;Ja;Miljøstyrelsen;https://vanda.miljoeportal.dk/link/fe33cd52-c363-4abb-8e6c-d0498a3f26c4;FRB1696;32;689172;6207567;1;02-04-2020 14:12:00 +02:00;;Temperatur; =;7;grader C;2
Station;49000054;ARRESØ KANAL, ARRESØDAL SLUSE;32;689172;6207567;Halsnæs;Region Hovedstaden;Vandløb;Poel Å;19-02-1992;1;Feltmålinger, Vandløb;Ja;Miljøstyrelsen;https://vanda.miljoeportal.dk/link/743ce638-0194-4faf-96a9-7d4b30130246;FRB1696;32;689172;6207567;1;19-02-1992 09:04:00 +01:00;;Temperatur; =;0,6;grader C;3
Station;49000054;ARRESØ KANAL, ARRESØDAL SLUSE;32;689172;6207567;Halsnæs;Region Hovedstaden;Vandløb;Poel Å;20-07-1994;1;Feltmålinger, Vandløb;Ja;Miljøstyrelsen;https://vanda.miljoeportal.dk/link/863d90f0-fc40-4601-b115-db701c84b3bf;FRB1696;32;689172;6207567;1;20-07-1994 09:40:00 +02:00;;Oxygen indhold; =;16,3;mg/l;2
Station;49000054;ARRESØ KANAL, ARRESØDAL SLUSE;32;689172;6207567;Halsnæs;Region Hovedstaden;Vandløb;Poel Å;07-10-1998;1;Feltmålinger, Vandløb;Ja;Miljøstyrelsen;https://vanda.miljoeportal.dk/link/d6767403-db4b-4f4d-a2a7-bd22b61f6370;FRB1696;32;689172;6207567;1;07-10-1998 07:45:00 +02:00;;Temperatur; =;8,5;grader C;3
Station;49000054;ARRESØ KANAL, ARRESØDAL SLUSE;32;689172;6207567;Halsnæs;Region Hovedstaden;Vandløb;Poel Å;03-10-2023;1;Feltmålinger, Vandløb;Ja;Miljøstyrelsen;https://vanda.miljoeportal.dk/link/5d375af1-efcd-4487-acf3-04ecc6e4bb87;FRB1696;32;689172;6207567;1;03-10-2023 08:52:00 +02:00;;pH; =;7,9;pH;2
Station;49000054;ARRESØ KANAL, ARRESØDAL SLUSE;32;689172;6207567;Halsnæs;Region Hovedstaden;Vandløb;Poel Å;18-08-1993;1;Feltmålinger, Vandløb;Ja;Miljøstyrelsen;https://vanda.miljoeportal.dk/link/2501d371-5b77-40c2-9241-24272ca7e0e9;FRB1696;32;689172;6207567;1;18-08-1993 08:25:00 +02:00;;Temperatur; =;14,9;grader C;3
Station;49000054;ARRESØ KANAL, ARRESØDAL SLUSE;32;689172;6207567;Halsnæs;Region Hovedstaden;Vandløb;Poel Å;23-08-2021;1;Feltmålinger, Vandløb;Ja;Miljøstyrelsen;https://vanda.miljoeportal.dk/link/3bc3e3e4-f87d-4bcb-8b28-6d4f0d23099e;FRB1696;32;689172;6207567;1;23-08-2021 10:42:00 +02:00;;pH; =;9,1;pH;2
Station;49000054;ARRESØ KANAL, ARRESØDAL SLUSE;32;689172;6207567;Halsnæs;Region Hovedstaden;Vandløb;Poel Å;20-11-2018;1;Feltmålinger, Vandløb;Ja;Miljøstyrelsen;https://vanda.miljoeportal.dk/link/9d15842f-391d-4d67-9ed0-ddc36889b743;FRB1696;32;689172;6207567;1;20-11-2018 07:50:00 +01:00;;Temperatur; =;4,5;grader C;2
Station;49000054;ARRESØ KANAL, ARRESØDAL SLUSE;32;689172;6207567;Halsnæs;Region Hovedstaden;Vandløb;Poel Å;11-08-2004;1;Feltmålinger, Vandløb;Ja;Miljøstyrelsen;https://vanda.miljoeportal.dk/link/0c94d1c4-16d9-4095-8700-20fa2a49b049;FRB1696;32;689172;6207567;1;11-08-2004 09:40:00 +02:00;;Oxygenmætning; =;124;pct;2
Station;49000054;ARRESØ KANAL, ARRESØDAL SLUSE;32;689172;6207567;Halsnæs;Region Hovedstaden;Vandløb;Poel Å;28-09-1994;1;Feltmålinger, Vandløb;Ja;Miljøstyrelsen;https://vanda.miljoeportal.dk/link/c87ad7d8-326f-4a85-94f6-61e40f0bb903;FRB1696;32;689172;6207567;1;28-09-1994 10:42:00 +01:00;;Oxygen indhold; =;10,3;mg/l;3
Station;49000054;ARRESØ KANAL, ARRESØDAL SLUSE;32;689172;6207567;Halsnæs;Region Hovedstaden;Vandløb;Poel Å;11-01-2018;1;Feltmålinger, Vandløb;Ja;Miljøstyrelsen;https://vanda.miljoeportal.dk/link/747f03d5-e4b1-4dd5-8fbd-a9e0a72a259e;FRB1696;32;689172;6207567;1;11-01-2018 07:50:00 +01:00;;pH; =;8,2;pH;2
Station;49000054;ARRESØ KANAL, ARRESØDAL SLUSE;32;689172;6207567;Halsnæs;Region Hovedstaden;Vandløb;Poel Å;04-08-1993;1;Feltmålinger, Vandløb;Ja;Miljøstyrelsen;https://vanda.miljoeportal.dk/link/6ee944c2-61e4-48a7-a0ea-df5f99f34e21;FRB1696;32;689172;6207567;1;04-08-1993 08:24:00 +02:00;;Oxygen indhold; =;13,3;mg/l;3
Station;49000054;ARRESØ KANAL, ARRESØDAL SLUSE;32;689172;6207567;Halsnæs;Region Hovedstaden;Vandløb;Poel Å;22-11-2011;1;Feltmålinger, Vandløb;Ja;Miljøstyrelsen;https://vanda.miljoeportal.dk/link/8c6b912c-e440-492d-b114-e700a6e311af;FRB1696;32;689172;6207567;1;22-11-2011 11:00:00 +01:00;;pH; =;8,3;pH;3
Station;49000054;ARRESØ KANAL, ARRESØDAL SLUSE;32;689172;6207567;Halsnæs;Region Hovedstaden;Vandløb;Poel Å;26-04-2006;1;Feltmålinger, Vandløb;Ja;Miljøstyrelsen;https://vanda.miljoeportal.dk/link/c32e69c2-153c-41fb-a5ed-097e2b991c58;FRB1696;32;689172;6207567;1;26-04-2006 10:10:00 +02:00;;Oxygen indhold; =;13,5;mg/l;2
Station;49000054;ARRESØ KANAL, ARRESØDAL SLUSE;32;689172;6207567;Halsnæs;Region Hovedstaden;Vandløb;Poel Å;13-05-2020;1;Feltmålinger, Vandløb;Ja;Miljøstyrelsen;https://vanda.miljoeportal.dk/link/c1791c87-33ba-4032-a7e1-5f738898944d;FRB1696;32;689172;6207567;1;13-05-2020 13:25:00 +02:00;;Temperatur; =;11,5;grader C;2
Station;49000054;ARRESØ KANAL, ARRESØDAL SLUSE;32;689172;6207567;Halsnæs;Region Hovedstaden;Vandløb;Poel Å;14-09-2005;1;Feltmålinger, Vandløb;Ja;Miljøstyrelsen;https://vanda.miljoeportal.dk/link/03f22074-01ce-47bf-9ef1-ba441c633046;FRB1696;32;689172;6207567;1;14-09-2005 10:25:00 +02:00;;Oxygen indhold; =;6,8;mg/l;3
Station;49000054;ARRESØ KANAL, ARRESØDAL SLUSE;32;689172;6207567;Halsnæs;Region Hovedstaden;Vandløb;Poel Å;25-03-2014;1;Feltmålinger, Vandløb;Ja;Miljøstyrelsen;https://vanda.miljoeportal.dk/link/a0915b43-d4e3-4cc3-821c-b66c8005097e;FRB1696;32;689172;6207567;1;25-03-2014 11:00:00 +01:00;;pH; =;8,9;pH;3
Station;49000054;ARRESØ KANAL, ARRESØDAL SLUSE;32;689172;6207567;Halsnæs;Region Hovedstaden;Vandløb;Poel Å;28-09-2021;1;Feltmålinger, Vandløb;Ja;Miljøstyrelsen;https://vanda.miljoeportal.dk/link/23318988-562b-40a9-bd85-cbba9758a43c;FRB1696;32;689172;6207567;1;28-09-2021 15:45:00 +02:00;;Temperatur; =;15,2;grader C;2
Station;49000054;ARRESØ KANAL, ARRESØDAL SLUSE;32;689172;6207567;Halsnæs;Region Hovedstaden;Vandløb;Poel Å;17-12-1997;1;Feltmålinger, Vandløb;Ja;Miljøstyrelsen;https://vanda.miljoeportal.dk/link/13f79413-ee85-4857-a6ae-d0b0e1d15166;FRB1696;32;689172;6207567;1;17-12-1997 09:11:00 +01:00;;Oxygen indhold; =;13,9;mg/l;3
Station;49000054;ARRESØ KANAL, ARRESØDAL SLUSE;32;689172;6207567;Halsnæs;Region Hovedstaden;Vandløb;Poel Å;01-02-2006;1;Feltmålinger, Vandløb;Ja;Miljøstyrelsen;https://vanda.miljoeportal.dk/link/fbb4eaad-b7df-4875-a017-6c14a41baec0;FRB1696;32;689172;6207567;1;01-02-2006 10:30:00 +01:00;;Oxygenmætning; =;73;pct;2
Station;49000054;ARRESØ KANAL, ARRESØDAL SLUSE;32;689172;6207567;Halsnæs;Region Hovedstaden;Vandløb;Poel Å;05-01-2000;1;Feltmålinger, Vandløb;Ja;Miljøstyrelsen;https://vanda.miljoeportal.dk/link/76e8e27b-3a16-4291-85e3-3944c06684f3;FRB1696;32;689172;6207567;1;05-01-2000 09:40:00 +01:00;;Temperatur; =;2;grader C;3
Station;49000054;ARRESØ KANAL, ARRESØDAL SLUSE;32;689172;6207567;Halsnæs;Region Hovedstaden;Vandløb;Poel Å;31-03-1993;1;Feltmålinger, Vandløb;Ja;Miljøstyrelsen;https://vanda.miljoeportal.dk/link/5fd6679b-4c83-44a3-bd55-bffb5e938ef8;FRB1696;32;689172;6207567;1;31-03-1993 08:19:00 +02:00;;Temperatur; =;4,3;grader C;3
Station;49000054;ARRESØ KANAL, ARRESØDAL SLUSE;32;689172;6207567;Halsnæs;Region Hovedstaden;Vandløb;Poel Å;13-08-2018;1;Feltmålinger, Vandløb;Ja;Miljøstyrelsen;https://vanda.miljoeportal.dk/link/8dc2af6c-11de-483e-9041-cbf6eb948ecd;FRB1696;32;689172;6207567;1;13-08-2018 09:10:00 +02:00;;Temperatur; =;16;grader C;2
Station;49000054;ARRESØ KANAL, ARRESØDAL SLUSE;32;689172;6207567;Halsnæs;Region Hovedstaden;Vandløb;Poel Å;16-08-2006;1;Feltmålinger, Vandløb;Ja;Miljøstyrelsen;https://vanda.miljoeportal.dk/link/3d34894c-8352-4a7e-b13e-46373f7bbd81;FRB1696;32;689172;6207567;1;16-08-2006 11:40:00 +02:00;;Oxygen indhold; =;7,6;mg/l;2
Station;49000054;ARRESØ KANAL, ARRESØDAL SLUSE;32;689172;6207567;Halsnæs;Region Hovedstaden;Vandløb;Poel Å;20-11-2007;1;Feltmålinger, Vandløb;Ja;Miljøstyrelsen;https://vanda.miljoeportal.dk/link/3bd33833-b86f-4a8b-be49-b6237e20eb55;FRB1696;32;689172;6207567;1;20-11-2007 10:05:00 +01:00;;Temperatur; =;6;grader C;3
Station;49000054;ARRESØ KANAL, ARRESØDAL SLUSE;32;689172;6207567;Halsnæs;Region Hovedstaden;Vandløb;Poel Å;05-10-2022;1;Feltmålinger, Vandløb;Ja;Miljøstyrelsen;https://vanda.miljoeportal.dk/link/5805433a-4858-420b-ac34-9f2137f256c6;FRB1696;32;689172;6207567;1;05-10-2022 11:32:00 +02:00;;Salinitet; =;0,2;promille;2
Station;49000054;ARRESØ KANAL, ARRESØDAL SLUSE;32;689172;6207567;Halsnæs;Region Hovedstaden;Vandløb;Poel Å;26-02-1997;1;Feltmålinger, Vandløb;Ja;Miljøstyrelsen;https://vanda.miljoeportal.dk/link/5c0fc1ce-b950-4cb5-992a-f474bfafdd45;FRB1696;32;689172;6207567;1;26-02-1997 09:24:00 +01:00;;Oxygen indhold; =;12,9;mg/l;3
Station;49000054;ARRESØ KANAL, ARRESØDAL SLUSE;32;689172;6207567;Halsnæs;Region Hovedstaden;Vandløb;Poel Å;09-10-2002;1;Feltmålinger, Vandløb;Ja;Miljøstyrelsen;https://vanda.miljoeportal.dk/link/f3ce0c1c-d086-4882-8074-b25fd25e6c33;FRB1696;32;689172;6207567;1;09-10-2002 07:20:00 +02:00;;Oxygenmætning; =;80;pct;3
Station;49000054;ARRESØ KANAL, ARRESØDAL SLUSE;32;689172;6207567;Halsnæs;Region Hovedstaden;Vandløb;Poel Å;16-12-1998;1;Feltmålinger, Vandløb;Ja;Miljøstyrelsen;https://vanda.miljoeportal.dk/link/563168d3-d828-47ff-a0ee-e465f3c1851b;FRB1696;32;689172;6207567;1;16-12-1998 08:42:00 +01:00;;Oxygen indhold; =;15;mg/l;3
Station;49000054;ARRESØ KANAL, ARRESØDAL SLUSE;32;689172;6207567;Halsnæs;Region Hovedstaden;Vandløb;Poel Å;04-07-2017;1;Feltmålinger, Vandløb;Ja;Miljøstyrelsen;https://vanda.miljoeportal.dk/link/8ac4d764-c907-445b-a9ab-9597546d9d00;FRB1696;32;689172;6207567;1;04-07-2017 07:15:00 +02:00;;Temperatur; =;16;grader C;2
Station;49000054;ARRESØ KANAL, ARRESØDAL SLUSE;32;689172;6207567;Halsnæs;Region Hovedstaden;Vandløb;Poel Å;02-05-2016;1;Feltmålinger, Vandløb;Ja;Miljøstyrelsen;https://vanda.miljoeportal.dk/link/1e2bfc15-fbfb-4102-b9a7-9974b90d288a;FRB1696;32;689172;6207567;1;02-05-2016 07:40:00 +02:00;;pH; =;9,1;pH;3
Station;49000054;ARRESØ KANAL, ARRESØDAL SLUSE;32;689172;6207567;Halsnæs;Region Hovedstaden;Vandløb;Poel Å;17-03-1993;1;Feltmålinger, Vandløb;Ja;Miljøstyrelsen;https://vanda.miljoeportal.dk/link/2c9b9f9c-2c61-4886-96e6-9b43ea3c7364;FRB1696;32;689172;6207567;1;17-03-1993 09:11:00 +01:00;;Temperatur; =;4,5;grader C;3
Station;49000054;ARRESØ KANAL, ARRESØDAL SLUSE;32;689172;6207567;Halsnæs;Region Hovedstaden;Vandløb;Poel Å;21-07-1993;1;Feltmålinger, Vandløb;Ja;Miljøstyrelsen;https://vanda.miljoeportal.dk/link/c5d14afb-bd97-42ce-94b2-c31084e372fe;FRB1696;32;689172;6207567;1;21-07-1993 08:22:00 +02:00;;Temperatur; =;16,7;grader C;3
Station;49000054;ARRESØ KANAL, ARRESØDAL SLUSE;32;689172;6207567;Halsnæs;Region Hovedstaden;Vandløb;Poel Å;29-09-2016;1;Feltmålinger, Vandløb;Ja;Miljøstyrelsen;https://vanda.miljoeportal.dk/link/6e1c6a6d-0496-410b-9669-eaa7538f9343;FRB1696;32;689172;6207567;1;29-09-2016 07:55:00 +02:00;;pH; =;8,7;pH;3
Station;49000054;ARRESØ KANAL, ARRESØDAL SLUSE;32;689172;6207567;Halsnæs;Region Hovedstaden;Vandløb;Poel Å;12-11-2013;1;Feltmålinger, Vandløb;Ja;Miljøstyrelsen;https://vanda.miljoeportal.dk/link/e57b8db9-4266-486d-8c04-747128b56444;FRB1696;32;689172;6207567;1;12-11-2013 11:15:00 +01:00;;pH; =;8,3;pH;3
Station;49000054;ARRESØ KANAL, ARRESØDAL SLUSE;32;689172;6207567;Halsnæs;Region Hovedstaden;Vandløb;Poel Å;12-06-1991;1;Feltmålinger, Vandløb;Ja;Miljøstyrelsen;https://vanda.miljoeportal.dk/link/bb913c09-00c8-4dac-9a86-2244868f2781;FRB1696;32;689172;6207567;1;12-06-1991 09:18:00 +02:00;;Temperatur; =;13,8;grader C;3
Station;49000054;ARRESØ KANAL, ARRESØDAL SLUSE;32;689172;6207567;Halsnæs;Region Hovedstaden;Vandløb;Poel Å;18-10-1989;1;Feltmålinger, Vandløb;Ja;Miljøstyrelsen;https://vanda.miljoeportal.dk/link/94f4b0e3-5c0e-40ca-a1ba-ff3fef281249;FRB1696;32;689172;6207567;1;18-10-1989 09:35:00 +01:00;;Temperatur; =;10,6;grader C;3
Station;49000054;ARRESØ KANAL, ARRESØDAL SLUSE;32;689172;6207567;Halsnæs;Region Hovedstaden;Vandløb;Poel Å;07-02-2012;1;Feltmålinger, Vandløb;Ja;Miljøstyrelsen;https://vanda.miljoeportal.dk/link/f5993258-fa87-4824-bcad-59d325f02814;FRB1696;32;689172;6207567;1;07-02-2012 10:45:00 +01:00;;pH; =;8,4;pH;3
Station;49000054;ARRESØ KANAL, ARRESØDAL SLUSE;32;689172;6207567;Halsnæs;Region Hovedstaden;Vandløb;Poel Å;27-09-2011;1;Feltmålinger, Vandløb;Ja;Miljøstyrelsen;https://vanda.miljoeportal.dk/link/eb4d5009-aebb-449e-b93e-f70a10accbc1;FRB1696;32;689172;6207567;1;27-09-2011 10:30:00 +02:00;;Temperatur; =;14,8;grader C;3
Station;49000054;ARRESØ KANAL, ARRESØDAL SLUSE;32;689172;6207567;Halsnæs;Region Hovedstaden;Vandløb;Poel Å;23-10-2012;1;Feltmålinger, Vandløb;Ja;Miljøstyrelsen;https://vanda.miljoeportal.dk/link/69db69d8-40f6-49f6-b14a-0836fe16b5f9;FRB1696;32;689172;6207567;1;23-10-2012 10:20:00 +02:00;;Temperatur; =;10,9;grader C;3
Station;49000054;ARRESØ KANAL, ARRESØDAL SLUSE;32;689172;6207567;Halsnæs;Region Hovedstaden;Vandløb;Poel Å;15-02-2006;1;Feltmålinger, Vandløb;Ja;Miljøstyrelsen;https://vanda.miljoeportal.dk/link/01570759-2b53-4420-af26-ec10f3a66ca6;FRB1696;32;689172;6207567;1;15-02-2006 10:10:00 +01:00;;Oxygen indhold; =;11,3;mg/l;2
Station;49000054;ARRESØ KANAL, ARRESØDAL SLUSE;32;689172;6207567;Halsnæs;Region Hovedstaden;Vandløb;Poel Å;07-12-2022;1;Feltmålinger, Vandløb;Ja;Miljøstyrelsen;https://vanda.miljoeportal.dk/link/8b3311f1-1572-4f44-bbe8-f4e9d0522bd2;FRB1696;32;689172;6207567;1;07-12-2022 13:44:00 +01:00;;Salinitet; =;0,2;promille;2
Station;49000054;ARRESØ KANAL, ARRESØDAL SLUSE;32;689172;6207567;Halsnæs;Region Hovedstaden;Vandløb;Poel Å;23-01-2018;1;Feltmålinger, Vandløb;Ja;Miljøstyrelsen;https://vanda.miljoeportal.dk/link/c4dd03ea-45fa-4499-ae6c-83e2e7a5c90b;FRB1696;32;689172;6207567;1;23-01-2018 07:55:00 +01:00;;Temperatur; =;1,1;grader C;2
Station;49000054;ARRESØ KANAL, ARRESØDAL SLUSE;32;689172;6207567;Halsnæs;Region Hovedstaden;Vandløb;Poel Å;18-12-2007;1;Feltmålinger, Vandløb;Ja;Miljøstyrelsen;https://vanda.miljoeportal.dk/link/d12e18df-3d7c-4b35-a4bc-8f78dd85c747;FRB1696;32;689172;6207567;1;18-12-2007 10:10:00 +01:00;;Temperatur; =;5,8;grader C;3
Station;49000054;ARRESØ KANAL, ARRESØDAL SLUSE;32;689172;6207567;Halsnæs;Region Hovedstaden;Vandløb;Poel Å;25-04-2019;1;Feltmålinger, Vandløb;Ja;Miljøstyrelsen;https://vanda.miljoeportal.dk/link/02e74d25-d07d-4ee6-91ed-a57068dedc2f;FRB1696;32;689172;6207567;1;25-04-2019 08:40:00 +02:00;;pH; =;8,8;pH;2
Station;49000054;ARRESØ KANAL, ARRESØDAL SLUSE;32;689172;6207567;Halsnæs;Region Hovedstaden;Vandløb;Poel Å;26-10-2015;1;Feltmålinger, Vandløb;Ja;Miljøstyrelsen;https://vanda.miljoeportal.dk/link/96b4f08b-17e4-4d42-9bff-00f0f3d634b3;FRB1696;32;689172;6207567;1;26-10-2015 08:40:00 +01:00;;Temperatur; =;8,9;grader C;2
Station;49000054;ARRESØ KANAL, ARRESØDAL SLUSE;32;689172;6207567;Halsnæs;Region Hovedstaden;Vandløb;Poel Å;27-01-2014;1;Feltmålinger, Vandløb;Ja;Miljøstyrelsen;https://vanda.miljoeportal.dk/link/88d3f550-f972-42f0-9c71-29e23f1584ac;FRB1696;32;689172;6207567;1;27-01-2014 11:00:00 +01:00;;Temperatur; =;0,3;grader C;3
Station;49000054;ARRESØ KANAL, ARRESØDAL SLUSE;32;689172;6207567;Halsnæs;Region Hovedstaden;Vandløb;Poel Å;13-02-2013;1;Feltmålinger, Vandløb;Ja;Miljøstyrelsen;https://vanda.miljoeportal.dk/link/216733f0-b6a4-4e2f-ba27-03a0dc682796;FRB1696;32;689172;6207567;1;13-02-2013 11:00:00 +01:00;;pH; =;8,8;pH;3
Station;49000054;ARRESØ KANAL, ARRESØDAL SLUSE;32;689172;6207567;Halsnæs;Region Hovedstaden;Vandløb;Poel Å;09-01-1991;1;Feltmålinger, Vandløb;Ja;Miljøstyrelsen;https://vanda.miljoeportal.dk/link/4489dd00-c502-4253-8956-ac93c9a5a870;FRB1696;32;689172;6207567;1;09-01-1991 09:25:00 +01:00;;Oxygen indhold; =;13,3;mg/l;3
Station;49000054;ARRESØ KANAL, ARRESØDAL SLUSE;32;689172;6207567;Halsnæs;Region Hovedstaden;Vandløb;Poel Å;25-05-2010;1;Feltmålinger, Vandløb;Ja;Miljøstyrelsen;https://vanda.miljoeportal.dk/link/b4729dab-8fb1-4dfe-8bd3-8d56b2ac3835;FRB1696;32;689172;6207567;1;25-05-2010 10:40:00 +02:00;;Temperatur; =;13,5;grader C;3
Station;49000054;ARRESØ KANAL, ARRESØDAL SLUSE;32;689172;6207567;Halsnæs;Region Hovedstaden;Vandløb;Poel Å;13-11-2014;1;Feltmålinger, Vandløb;Ja;Miljøstyrelsen;https://vanda.miljoeportal.dk/link/050869aa-9165-4144-b379-6ca119483ae0;FRB1696;32;689172;6207567;1;13-11-2014 10:35:00 +01:00;;Temperatur; =;9,4;grader C;3
Station;49000054;ARRESØ KANAL, ARRESØDAL SLUSE;32;689172;6207567;Halsnæs;Region Hovedstaden;Vandløb;Poel Å;30-06-2009;1;Feltmålinger, Vandløb;Ja;Miljøstyrelsen;https://vanda.miljoeportal.dk/link/6d13db63-042a-4705-b044-3073545298d7;FRB1696;32;689172;6207567;1;30-06-2009 10:30:00 +02:00;;Temperatur; =;22,6;grader C;3
Station;49000054;ARRESØ KANAL, ARRESØDAL SLUSE;32;689172;6207567;Halsnæs;Region Hovedstaden;Vandløb;Poel Å;26-10-2005;1;Feltmålinger, Vandløb;Ja;Miljøstyrelsen;https://vanda.miljoeportal.dk/link/653d1154-8760-4be1-b2aa-909ad4a5f073;FRB1696;32;689172;6207567;1;26-10-2005 10:35:00 +02:00;;Oxygenmætning; =;71;pct;3
Station;49000054;ARRESØ KANAL, ARRESØDAL SLUSE;32;689172;6207567;Halsnæs;Region Hovedstaden;Vandløb;Poel Å;01-07-1998;1;Feltmålinger, Vandløb;Ja;Miljøstyrelsen;https://vanda.miljoeportal.dk/link/1840a3ae-2de2-4529-8286-fba08fa83338;FRB1696;32;689172;6207567;1;01-07-1998 07:58:00 +02:00;;Oxygen indhold; =;8,5;mg/l;3
Station;49000054;ARRESØ KANAL, ARRESØDAL SLUSE;32;689172;6207567;Halsnæs;Region Hovedstaden;Vandløb;Poel Å;24-07-2012;1;Feltmålinger, Vandløb;Ja;Miljøstyrelsen;https://vanda.miljoeportal.dk/link/80ced1e4-02b3-44a3-9808-e079f4f6f727;FRB1696;32;689172;6207567;1;24-07-2012 11:05:00 +02:00;;Temperatur; =;20,7;grader C;3
Station;49000054;ARRESØ KANAL, ARRESØDAL SLUSE;32;689172;6207567;Halsnæs;Region Hovedstaden;Vandløb;Poel Å;01-04-1992;1;Feltmålinger, Vandløb;Ja;Miljøstyrelsen;https://vanda.miljoeportal.dk/link/4b1b335f-d966-4e3c-be2e-8454388fb524;FRB1696;32;689172;6207567;1;01-04-1992 08:22:00 +02:00;;Temperatur; =;3,6;grader C;3
Station;49000054;ARRESØ KANAL, ARRESØDAL SLUSE;32;689172;6207567;Halsnæs;Region Hovedstaden;Vandløb;Poel Å;28-11-1990;1;Feltmålinger, Vandløb;Ja;Miljøstyrelsen;https://vanda.miljoeportal.dk/link/e43fcd2f-9876-4891-8d6c-80564a1a3a30;FRB1696;32;689172;6207567;1;28-11-1990 09:30:00 +01:00;;Oxygen indhold; =;13,5;mg/l;3
Station;49000054;ARRESØ KANAL, ARRESØDAL SLUSE;32;689172;6207567;Halsnæs;Region Hovedstaden;Vandløb;Poel Å;26-02-2018;1;Feltmålinger, Vandløb;Ja;Miljøstyrelsen;https://vanda.miljoeportal.dk/link/93e360d2-e9ad-4cd4-845d-fbcbe9efe5a7;FRB1696;32;689172;6207567;1;26-02-2018 07:45:00 +01:00;;pH; =;8,8;pH;2
Station;49000054;ARRESØ KANAL, ARRESØDAL SLUSE;32;689172;6207567;Halsnæs;Region Hovedstaden;Vandløb;Poel Å;13-08-2013;1;Feltmålinger, Vandløb;Ja;Miljøstyrelsen;https://vanda.miljoeportal.dk/link/4e73dcf2-a229-4799-b7b6-f424d4d6a70c;FRB1696;32;689172;6207567;1;13-08-2013 10:30:00 +02:00;;pH; =;8,8;pH;3
Station;49000054;ARRESØ KANAL, ARRESØDAL SLUSE;32;689172;6207567;Halsnæs;Region Hovedstaden;Vandløb;Poel Å;08-08-1990;1;Feltmålinger, Vandløb;Ja;Miljøstyrelsen;https://vanda.miljoeportal.dk/link/10a1e919-edaa-4734-b766-9cdfc6b8f47f;FRB1696;32;689172;6207567;1;08-08-1990 10:00:00 +02:00;;Oxygen indhold; =;9,3;mg/l;3
Station;49000054;ARRESØ KANAL, ARRESØDAL SLUSE;32;689172;6207567;Halsnæs;Region Hovedstaden;Vandløb;Poel Å;25-07-1990;1;Feltmålinger, Vandløb;Ja;Miljøstyrelsen;https://vanda.miljoeportal.dk/link/1ac8c96b-09e3-4ca1-9044-52e0ce9d1d59;FRB1696;32;689172;6207567;1;25-07-1990 10:00:00 +02:00;;Temperatur; =;16,9;grader C;3
Station;49000054;ARRESØ KANAL, ARRESØDAL SLUSE;32;689172;6207567;Halsnæs;Region Hovedstaden;Vandløb;Poel Å;02-04-2020;1;Feltmålinger, Vandløb;Ja;Miljøstyrelsen;https://vanda.miljoeportal.dk/link/fe33cd52-c363-4abb-8e6c-d0498a3f26c4;FRB1696;32;689172;6207567;1;02-04-2020 14:12:00 +02:00;;pH; =;9,4;pH;2
Station;49000054;ARRESØ KANAL, ARRESØDAL SLUSE;32;689172;6207567;Halsnæs;Region Hovedstaden;Vandløb;Poel Å;22-04-2008;1;Feltmålinger, Vandløb;Ja;Miljøstyrelsen;https://vanda.miljoeportal.dk/link/f90a4a9a-7243-4a1d-81d4-89d9215f962b;FRB1696;32;689172;6207567;1;22-04-2008 10:20:00 +02:00;;Temperatur; =;11,9;grader C;3
Station;49000054;ARRESØ KANAL, ARRESØDAL SLUSE;32;689172;6207567;Halsnæs;Region Hovedstaden;Vandløb;Poel Å;11-11-2003;1;Feltmålinger, Vandløb;Ja;Miljøstyrelsen;https://vanda.miljoeportal.dk/link/4b2bfb0b-9c49-414d-a027-329f72ed8dce;FRB1696;32;689172;6207567;1;11-11-2003 10:58:00 +01:00;;Oxygenmætning; =;55;pct;3
Station;49000054;ARRESØ KANAL, ARRESØDAL SLUSE;32;689172;6207567;Halsnæs;Region Hovedstaden;Vandløb;Poel Å;04-08-1999;1;Feltmålinger, Vandløb;Ja;Miljøstyrelsen;https://vanda.miljoeportal.dk/link/f30b3759-cca4-4592-b865-8db3c6379a29;FRB1696;32;689172;6207567;1;04-08-1999 10:10:00 +02:00;;Temperatur; =;23,2;grader C;2
Station;49000054;ARRESØ KANAL, ARRESØDAL SLUSE;32;689172;6207567;Halsnæs;Region Hovedstaden;Vandløb;Poel Å;06-05-2019;1;Feltmålinger, Vandløb;Ja;Miljøstyrelsen;https://vanda.miljoeportal.dk/link/676b400a-83fb-49d9-81c0-8269023c3751;FRB1696;32;689172;6207567;1;06-05-2019 10:00:00 +02:00;;Temperatur; =;10,8;grader C;2
Station;49000054;ARRESØ KANAL, ARRESØDAL SLUSE;32;689172;6207567;Halsnæs;Region Hovedstaden;Vandløb;Poel Å;04-10-2023;1;Feltmålinger, Vandløb;Ja;Miljøstyrelsen;https://vanda.miljoeportal.dk/link/0cac006b-fa6f-400c-9c0b-fa4c52919812;FRB1696;32;689172;6207567;1;04-10-2023 10:30:00 +02:00;;pH; =;7,73;pH;2
Station;49000054;ARRESØ KANAL, ARRESØDAL SLUSE;32;689172;6207567;Halsnæs;Region Hovedstaden;Vandløb;Poel Å;15-07-2014;1;Feltmålinger, Vandløb;Ja;Miljøstyrelsen;https://vanda.miljoeportal.dk/link/0fa6a47b-45b1-4ad1-b1a1-25948257d436;FRB1696;32;689172;6207567;1;15-07-2014 12:00:00 +02:00;;Temperatur; =;20,5;grader C;3
Station;49000054;ARRESØ KANAL, ARRESØDAL SLUSE;32;689172;6207567;Halsnæs;Region Hovedstaden;Vandløb;Poel Å;29-03-1989;1;Feltmålinger, Vandløb;Ja;Miljøstyrelsen;https://vanda.miljoeportal.dk/link/8dd57a52-fc63-4f8e-9e83-ec73627ac35c;FRB1696;32;689172;6207567;1;29-03-1989 09:30:00 +02:00;;Oxygen indhold; =;14,8;mg/l;3
Station;49000054;ARRESØ KANAL, ARRESØDAL SLUSE;32;689172;6207567;Halsnæs;Region Hovedstaden;Vandløb;Poel Å;18-07-2001;1;Feltmålinger, Vandløb;Ja;Miljøstyrelsen;https://vanda.miljoeportal.dk/link/9fc0916b-77ce-403d-bef2-08d51b5aa7bf;FRB1696;32;689172;6207567;1;18-07-2001 09:25:00 +02:00;;Oxygen indhold; =;10,5;mg/l;3
Station;49000054;ARRESØ KANAL, ARRESØDAL SLUSE;32;689172;6207567;Halsnæs;Region Hovedstaden;Vandløb;Poel Å;10-05-2021;1;Feltmålinger, Vandløb;Ja;Miljøstyrelsen;https://vanda.miljoeportal.dk/link/d8a4c525-8131-498f-9423-dc207d00cce8;FRB1696;32;689172;6207567;1;10-05-2021 11:10:00 +02:00;;pH; =;9;pH;2
Station;49000054;ARRESØ KANAL, ARRESØDAL SLUSE;32;689172;6207567;Halsnæs;Region Hovedstaden;Vandløb;Poel Å;11-11-2003;1;Feltmålinger, Vandløb;Ja;Miljøstyrelsen;https://vanda.miljoeportal.dk/link/4b2bfb0b-9c49-414d-a027-329f72ed8dce;FRB1696;32;689172;6207567;1;11-11-2003 10:58:00 +01:00;;Temperatur; =;5,1;grader C;3
Station;49000054;ARRESØ KANAL, ARRESØDAL SLUSE;32;689172;6207567;Halsnæs;Region Hovedstaden;Vandløb;Poel Å;30-08-2006;1;Feltmålinger, Vandløb;Ja;Miljøstyrelsen;https://vanda.miljoeportal.dk/link/dbae6bf2-d090-4ade-8a3d-18508683d147;FRB1696;32;689172;6207567;1;30-08-2006 08:20:00 +02:00;;Oxygenmætning; =;76;pct;2
Station;49000054;ARRESØ KANAL, ARRESØDAL SLUSE;32;689172;6207567;Halsnæs;Region Hovedstaden;Vandløb;Poel Å;24-06-2003;1;Feltmålinger, Vandløb;Ja;Miljøstyrelsen;https://vanda.miljoeportal.dk/link/510b992c-954d-4b41-a7a6-1a714f072c39;FRB1696;32;689172;6207567;1;24-06-2003 08:50:00 +02:00;;Temperatur; =;16;grader C;3
Station;49000054;ARRESØ KANAL, ARRESØDAL SLUSE;32;689172;6207567;Halsnæs;Region Hovedstaden;Vandløb;Poel Å;12-01-2023;1;Feltmålinger, Vandløb;Ja;Miljøstyrelsen;https://vanda.miljoeportal.dk/link/23e2d8da-b23a-4e5f-ae6f-45886c8b35a3;FRB1696;32;689172;6207567;1;12-01-2023 10:34:00 +01:00;;pH; =;8,27;pH;2
Station;49000054;ARRESØ KANAL, ARRESØDAL SLUSE;32;689172;6207567;Halsnæs;Region Hovedstaden;Vandløb;Poel Å;06-05-1998;1;Feltmålinger, Vandløb;Ja;Miljøstyrelsen;https://vanda.miljoeportal.dk/link/898c9ce2-ec65-4bf8-affc-0d5cdd475eca;FRB1696;32;689172;6207567;1;06-05-1998 07:27:00 +02:00;;Oxygen indhold; =;11,4;mg/l;3
Station;49000054;ARRESØ KANAL, ARRESØDAL SLUSE;32;689172;6207567;Halsnæs;Region Hovedstaden;Vandløb;Poel Å;01-04-1992;1;Feltmålinger, Vandløb;Ja;Miljøstyrelsen;https://vanda.miljoeportal.dk/link/4b1b335f-d966-4e3c-be2e-8454388fb524;FRB1696;32;689172;6207567;1;01-04-1992 08:22:00 +02:00;;Oxygen indhold; =;13,5;mg/l;3
Station;49000054;ARRESØ KANAL, ARRESØDAL SLUSE;32;689172;6207567;Halsnæs;Region Hovedstaden;Vandløb;Poel Å;24-11-1993;1;Feltmålinger, Vandløb;Ja;Miljøstyrelsen;https://vanda.miljoeportal.dk/link/5b881d6e-f653-4850-af92-ed0fea6e7e30;FRB1696;32;689172;6207567;1;24-11-1993 09:52:00 +01:00;;Oxygen indhold; =;15,4;mg/l;3
Station;49000054;ARRESØ KANAL, ARRESØDAL SLUSE;32;689172;6207567;Halsnæs;Region Hovedstaden;Vandløb;Poel Å;03-10-1990;1;Feltmålinger, Vandløb;Ja;Miljøstyrelsen;https://vanda.miljoeportal.dk/link/d93db18a-48b9-4468-bbe4-2d6c202d198f;FRB1696;32;689172;6207567;1;03-10-1990 09:35:00 +01:00;;Temperatur; =;11,5;grader C;3
Station;49000054;ARRESØ KANAL, ARRESØDAL SLUSE;32;689172;6207567;Halsnæs;Region Hovedstaden;Vandløb;Poel Å;26-04-1989;1;Feltmålinger, Vandløb;Ja;Miljøstyrelsen;https://vanda.miljoeportal.dk/link/67d6dcdd-0296-4e42-82c1-0cafd215b542;FRB1696;32;689172;6207567;1;26-04-1989 09:30:00 +02:00;;Oxygen indhold; =;13,1;mg/l;3
Station;49000054;ARRESØ KANAL, ARRESØDAL SLUSE;32;689172;6207567;Halsnæs;Region Hovedstaden;Vandløb;Poel Å;07-10-1998;1;Feltmålinger, Vandløb;Ja;Miljøstyrelsen;https://vanda.miljoeportal.dk/link/d6767403-db4b-4f4d-a2a7-bd22b61f6370;FRB1696;32;689172;6207567;1;07-10-1998 07:45:00 +02:00;;Oxygen indhold; =;10,9;mg/l;3
Station;49000054;ARRESØ KANAL, ARRESØDAL SLUSE;32;689172;6207567;Halsnæs;Region Hovedstaden;Vandløb;Poel Å;23-01-1991;1;Feltmålinger, Vandløb;Ja;Miljøstyrelsen;https://vanda.miljoeportal.dk/link/09d4de88-4682-49f3-8d5a-c478455b0720;FRB1696;32;689172;6207567;1;23-01-1991 09:45:00 +01:00;;Temperatur; =;2,2;grader C;3
Station;49000054;ARRESØ KANAL, ARRESØDAL SLUSE;32;689172;6207567;Halsnæs;Region Hovedstaden;Vandløb;Poel Å;21-03-2018;1;Feltmålinger, Vandløb;Ja;Miljøstyrelsen;https://vanda.miljoeportal.dk/link/462db019-c5ca-435d-9f82-8d96a70e4898;FRB1696;32;689172;6207567;1;21-03-2018 07:50:00 +01:00;;Temperatur; =;2,6;grader C;2
Station;49000054;ARRESØ KANAL, ARRESØDAL SLUSE;32;689172;6207567;Halsnæs;Region Hovedstaden;Vandløb;Poel Å;06-03-1991;1;Feltmålinger, Vandløb;Ja;Miljøstyrelsen;https://vanda.miljoeportal.dk/link/d46f37aa-e351-464f-869d-cad4c20e807c;FRB1696;32;689172;6207567;1;06-03-1991 09:30:00 +01:00;;Oxygen indhold; =;16;mg/l;3
Station;49000054;ARRESØ KANAL, ARRESØDAL SLUSE;32;689172;6207567;Halsnæs;Region Hovedstaden;Vandløb;Poel Å;06-05-2004;1;Feltmålinger, Vandløb;Ja;Miljøstyrelsen;https://vanda.miljoeportal.dk/link/7e90fe4c-243f-4bef-9d6a-47e658b2a0b1;FRB1696;32;689172;6207567;1;06-05-2004 10:15:00 +02:00;;Temperatur; =;14,5;grader C;3
Station;49000054;ARRESØ KANAL, ARRESØDAL SLUSE;32;689172;6207567;Halsnæs;Region Hovedstaden;Vandløb;Poel Å;15-12-2004;1;Feltmålinger, Vandløb;Ja;Miljøstyrelsen;https://vanda.miljoeportal.dk/link/005a3432-b6bf-40f2-bb3d-de2d15c6b497;FRB1696;32;689172;6207567;1;15-12-2004 10:30:00 +01:00;;Temperatur; =;3,6;grader C;3
Station;49000054;ARRESØ KANAL, ARRESØDAL SLUSE;32;689172;6207567;Halsnæs;Region Hovedstaden;Vandløb;Poel Å;24-05-1989;1;Feltmålinger, Vandløb;Ja;Miljøstyrelsen;https://vanda.miljoeportal.dk/link/5a521529-cb33-4597-b5ba-f704c80bd828;FRB1696;32;689172;6207567;1;24-05-1989 10:00:00 +02:00;;Temperatur; =;16,8;grader C;3
Station;49000054;ARRESØ KANAL, ARRESØDAL SLUSE;32;689172;6207567;Halsnæs;Region Hovedstaden;Vandløb;Poel Å;13-10-1999;1;Feltmålinger, Vandløb;Ja;Miljøstyrelsen;https://vanda.miljoeportal.dk/link/198048c6-f079-411c-92cb-a01ebdfae3f5;FRB1696;32;689172;6207567;1;13-10-1999 10:55:00 +02:00;;Oxygen indhold; =;9,8;mg/l;3
Station;49000054;ARRESØ KANAL, ARRESØDAL SLUSE;32;689172;6207567;Halsnæs;Region Hovedstaden;Vandløb;Poel Å;24-03-2004;1;Feltmålinger, Vandløb;Ja;Miljøstyrelsen;https://vanda.miljoeportal.dk/link/be38e2d0-41ad-470a-a2f7-b094f10366fd;FRB1696;32;689172;6207567;1;24-03-2004 09:40:00 +01:00;;Oxygenmætning; =;97;pct;3
Station;49000054;ARRESØ KANAL, ARRESØDAL SLUSE;32;689172;6207567;Halsnæs;Region Hovedstaden;Vandløb;Poel Å;07-08-1991;1;Feltmålinger, Vandløb;Ja;Miljøstyrelsen;https://vanda.miljoeportal.dk/link/f48f1bd9-e21e-43aa-8c73-495afef6ab10;FRB1696;32;689172;6207567;1;07-08-1991 09:39:00 +02:00;;Temperatur; =;20,9;grader C;3
Station;49000054;ARRESØ KANAL, ARRESØDAL SLUSE;32;689172;6207567;Halsnæs;Region Hovedstaden;Vandløb;Poel Å;20-02-1991;1;Feltmålinger, Vandløb;Ja;Miljøstyrelsen;https://vanda.miljoeportal.dk/link/9eb14c14-178d-4d91-a5d3-35b6f46a2858;FRB1696;32;689172;6207567;1;20-02-1991 09:50:00 +01:00;;Oxygen indhold; =;17,4;mg/l;3
Station;49000054;ARRESØ KANAL, ARRESØDAL SLUSE;32;689172;6207567;Halsnæs;Region Hovedstaden;Vandløb;Poel Å;06-12-2016;1;Feltmålinger, Vandløb;Ja;Miljøstyrelsen;https://vanda.miljoeportal.dk/link/c1c5a61c-e3f1-4dc1-97b1-1d035c341429;FRB1696;32;689172;6207567;1;06-12-2016 07:50:00 +01:00;;pH; =;8,3;pH;3
Station;49000054;ARRESØ KANAL, ARRESØDAL SLUSE;32;689172;6207567;Halsnæs;Region Hovedstaden;Vandløb;Poel Å;26-10-1993;1;Feltmålinger, Vandløb;Ja;Miljøstyrelsen;https://vanda.miljoeportal.dk/link/b87ccf5a-5195-4451-8f01-e3f6edaef650;FRB1696;32;689172;6207567;1;26-10-1993 09:35:00 +01:00;;Temperatur; =;5,1;grader C;3
Station;49000054;ARRESØ KANAL, ARRESØDAL SLUSE;32;689172;6207567;Halsnæs;Region Hovedstaden;Vandløb;Poel Å;25-11-2003;1;Feltmålinger, Vandløb;Ja;Miljøstyrelsen;https://vanda.miljoeportal.dk/link/04ad89bc-2faa-4876-8ef4-83654d3302b0;FRB1696;32;689172;6207567;1;25-11-2003 10:35:00 +01:00;;Oxygen indhold; =;6,4;mg/l;3
Station;49000054;ARRESØ KANAL, ARRESØDAL SLUSE;32;689172;6207567;Halsnæs;Region Hovedstaden;Vandløb;Poel Å;12-11-2013;1;Feltmålinger, Vandløb;Ja;Miljøstyrelsen;https://vanda.miljoeportal.dk/link/e57b8db9-4266-486d-8c04-747128b56444;FRB1696;32;689172;6207567;1;12-11-2013 11:15:00 +01:00;;Temperatur; =;6,9;grader C;3
Station;49000054;ARRESØ KANAL, ARRESØDAL SLUSE;32;689172;6207567;Halsnæs;Region Hovedstaden;Vandløb;Poel Å;11-04-1995;1;Feltmålinger, Vandløb;Ja;Miljøstyrelsen;https://vanda.miljoeportal.dk/link/f808ebeb-c3ee-4d30-9c0c-cfd9d3048fa0;FRB1696;32;689172;6207567;1;11-04-1995 09:28:00 +02:00;;Oxygen indhold; =;15,8;mg/l;3
Station;49000054;ARRESØ KANAL, ARRESØDAL SLUSE;32;689172;6207567;Halsnæs;Region Hovedstaden;Vandløb;Poel Å;24-06-1992;1;Feltmålinger, Vandløb;Ja;Miljøstyrelsen;https://vanda.miljoeportal.dk/link/c26ec20c-fc6d-4d06-aa34-80440d539c72;FRB1696;32;689172;6207567;1;24-06-1992 08:02:00 +02:00;;Temperatur; =;18,4;grader C;3
Station;49000054;ARRESØ KANAL, ARRESØDAL SLUSE;32;689172;6207567;Halsnæs;Region Hovedstaden;Vandløb;Poel Å;12-06-1991;1;Feltmålinger, Vandløb;Ja;Miljøstyrelsen;https://vanda.miljoeportal.dk/link/bb913c09-00c8-4dac-9a86-2244868f2781;FRB1696;32;689172;6207567;1;12-06-1991 09:18:00 +02:00;;Oxygen indhold; =;10,5;mg/l;3
Station;49000054;ARRESØ KANAL, ARRESØDAL SLUSE;32;689172;6207567;Halsnæs;Region Hovedstaden;Vandløb;Poel Å;25-09-2012;1;Feltmålinger, Vandløb;Ja;Miljøstyrelsen;https://vanda.miljoeportal.dk/link/23e769d4-564f-423a-89c2-4283e69e5fca;FRB1696;32;689172;6207567;1;25-09-2012 10:10:00 +02:00;;pH; =;8,5;pH;3
Station;49000054;ARRESØ KANAL, ARRESØDAL SLUSE;32;689172;6207567;Halsnæs;Region Hovedstaden;Vandløb;Poel Å;31-03-2009;1;Feltmålinger, Vandløb;Ja;Miljøstyrelsen;https://vanda.miljoeportal.dk/link/3f5a3163-0e22-48ba-a48c-8a538463bb2c;FRB1696;32;689172;6207567;1;31-03-2009 10:35:00 +02:00;;Temperatur; =;5,4;grader C;3
Station;49000054;ARRESØ KANAL, ARRESØDAL SLUSE;32;689172;6207567;Halsnæs;Region Hovedstaden;Vandløb;Poel Å;19-07-2000;1;Feltmålinger, Vandløb;Ja;Miljøstyrelsen;https://vanda.miljoeportal.dk/link/020b092c-62f4-4980-bb8f-314c345be6ae;FRB1696;32;689172;6207567;1;19-07-2000 09:30:00 +02:00;;Oxygen indhold; =;9,1;mg/l;3
Station;49000054;ARRESØ KANAL, ARRESØDAL SLUSE;32;689172;6207567;Halsnæs;Region Hovedstaden;Vandløb;Poel Å;09-04-2002;1;Feltmålinger, Vandløb;Ja;Miljøstyrelsen;https://vanda.miljoeportal.dk/link/435f66d0-d133-45ff-a6f4-016496650fa6;FRB1696;32;689172;6207567;1;09-04-2002 09:45:00 +02:00;;Oxygen indhold; =;11,9;mg/l;3
Station;49000054;ARRESØ KANAL, ARRESØDAL SLUSE;32;689172;6207567;Halsnæs;Region Hovedstaden;Vandløb;Poel Å;19-08-1992;1;Feltmålinger, Vandløb;Ja;Miljøstyrelsen;https://vanda.miljoeportal.dk/link/a9603fc7-9db4-406d-a34a-a8076eecdffb;FRB1696;32;689172;6207567;1;19-08-1992 12:35:00 +02:00;;Temperatur; =;17,1;grader C;3
Station;49000054;ARRESØ KANAL, ARRESØDAL SLUSE;32;689172;6207567;Halsnæs;Region Hovedstaden;Vandløb;Poel Å;04-11-1998;1;Feltmålinger, Vandløb;Ja;Miljøstyrelsen;https://vanda.miljoeportal.dk/link/3da539d5-c510-4dff-ab5f-7169dddafa68;FRB1696;32;689172;6207567;1;04-11-1998 08:45:00 +01:00;;Oxygen indhold; =;12,1;mg/l;3
Station;49000054;ARRESØ KANAL, ARRESØDAL SLUSE;32;689172;6207567;Halsnæs;Region Hovedstaden;Vandløb;Poel Å;15-03-1995;1;Feltmålinger, Vandløb;Ja;Miljøstyrelsen;https://vanda.miljoeportal.dk/link/81867643-3fbd-4316-bfa0-bde831e2e114;FRB1696;32;689172;6207567;1;15-03-1995 10:50:00 +01:00;;Temperatur; =;1,9;grader C;3
Station;49000054;ARRESØ KANAL, ARRESØDAL SLUSE;32;689172;6207567;Halsnæs;Region Hovedstaden;Vandløb;Poel Å;02-07-1997;1;Feltmålinger, Vandløb;Ja;Miljøstyrelsen;https://vanda.miljoeportal.dk/link/778c1915-8fa6-439a-95df-548498328907;FRB1696;32;689172;6207567;1;02-07-1997 08:13:00 +02:00;;Oxygen indhold; =;9,6;mg/l;3
Station;49000054;ARRESØ KANAL, ARRESØDAL SLUSE;32;689172;6207567;Halsnæs;Region Hovedstaden;Vandløb;Poel Å;28-01-1998;1;Feltmålinger, Vandløb;Ja;Miljøstyrelsen;https://vanda.miljoeportal.dk/link/0499b413-b8c4-495d-97fb-2568daf30699;FRB1696;32;689172;6207567;1;28-01-1998 08:48:00 +01:00;;Temperatur; =;1;grader C;3
Station;49000054;ARRESØ KANAL, ARRESØDAL SLUSE;32;689172;6207567;Halsnæs;Region Hovedstaden;Vandløb;Poel Å;26-04-2000;1;Feltmålinger, Vandløb;Ja;Miljøstyrelsen;https://vanda.miljoeportal.dk/link/7897e805-a71a-4ad4-a350-fd79c6611028;FRB1696;32;689172;6207567;1;26-04-2000 09:50:00 +02:00;;Oxygen indhold; =;14,1;mg/l;3
Station;49000054;ARRESØ KANAL, ARRESØDAL SLUSE;32;689172;6207567;Halsnæs;Region Hovedstaden;Vandløb;Poel Å;04-01-2017;1;Feltmålinger, Vandløb;Ja;Miljøstyrelsen;https://vanda.miljoeportal.dk/link/bb51195e-636d-48c9-a86e-52a187bc9324;FRB1696;32;689172;6207567;1;04-01-2017 08:05:00 +01:00;;Temperatur; =;4;grader C;2
Station;49000054;ARRESØ KANAL, ARRESØDAL SLUSE;32;689172;6207567;Halsnæs;Region Hovedstaden;Vandløb;Poel Å;25-08-2014;1;Feltmålinger, Vandløb;Ja;Miljøstyrelsen;https://vanda.miljoeportal.dk/link/b2ddd52c-4225-417a-b8fb-a4844989ef6e;FRB1696;32;689172;6207567;1;25-08-2014 11:40:00 +02:00;;Temperatur; =;15,2;grader C;3
Station;49000054;ARRESØ KANAL, ARRESØDAL SLUSE;32;689172;6207567;Halsnæs;Region Hovedstaden;Vandløb;Poel Å;20-02-2023;1;Feltmålinger, Vandløb;Ja;Miljøstyrelsen;https://vanda.miljoeportal.dk/link/78741e37-c1e1-45d5-8ec0-a5cc8d85c304;FRB1696;32;689172;6207567;1;20-02-2023 11:44:00 +01:00;;Salinitet; =;0,2;promille;2
Station;49000054;ARRESØ KANAL, ARRESØDAL SLUSE;32;689172;6207567;Halsnæs;Region Hovedstaden;Vandløb;Poel Å;19-07-2011;1;Feltmålinger, Vandløb;Ja;Miljøstyrelsen;https://vanda.miljoeportal.dk/link/b361d62d-09ad-4c84-b2d3-b776ab25297f;FRB1696;32;689172;6207567;1;19-07-2011 12:30:00 +02:00;;Temperatur; =;20,7;grader C;3
Station;49000054;ARRESØ KANAL, ARRESØDAL SLUSE;32;689172;6207567;Halsnæs;Region Hovedstaden;Vandløb;Poel Å;08-10-2018;1;Feltmålinger, Vandløb;Ja;Miljøstyrelsen;https://vanda.miljoeportal.dk/link/054570c4-5fbb-48b3-a5b3-4ef3d01f0d34;FRB1696;32;689172;6207567;1;08-10-2018 07:50:00 +02:00;;pH; =;8,7;pH;2
Station;49000054;ARRESØ KANAL, ARRESØDAL SLUSE;32;689172;6207567;Halsnæs;Region Hovedstaden;Vandløb;Poel Å;03-06-1997;1;Feltmålinger, Vandløb;Ja;Miljøstyrelsen;https://vanda.miljoeportal.dk/link/6d3bea03-10b2-4ead-8e99-ee93d1de7544;FRB1696;32;689172;6207567;1;03-06-1997 08:21:00 +02:00;;Oxygen indhold; =;12,1;mg/l;3
Station;49000054;ARRESØ KANAL, ARRESØDAL SLUSE;32;689172;6207567;Halsnæs;Region Hovedstaden;Vandløb;Poel Å;04-07-2001;1;Feltmålinger, Vandløb;Ja;Miljøstyrelsen;https://vanda.miljoeportal.dk/link/6532463c-27b9-436b-aab7-6443bb25a5ad;FRB1696;32;689172;6207567;1;04-07-2001 09:35:00 +02:00;;Temperatur; =;21,7;grader C;3
Station;49000054;ARRESØ KANAL, ARRESØDAL SLUSE;32;689172;6207567;Halsnæs;Region Hovedstaden;Vandløb;Poel Å;10-07-2007;1;Feltmålinger, Vandløb;Ja;Miljøstyrelsen;https://vanda.miljoeportal.dk/link/897861ce-04b0-4a2e-9ba4-5e13d9530f7a;FRB1696;32;689172;6207567;1;10-07-2007 10:05:00 +02:00;;Temperatur; =;17,6;grader C;3
Station;49000054;ARRESØ KANAL, ARRESØDAL SLUSE;32;689172;6207567;Halsnæs;Region Hovedstaden;Vandløb;Poel Å;25-10-2022;1;Feltmålinger, Vandløb;Ja;Miljøstyrelsen;https://vanda.miljoeportal.dk/link/b59aadc0-698f-4e1a-b230-15fbbf4605fa;FRB1696;32;689172;6207567;1;25-10-2022 09:30:00 +02:00;;Temperatur; =;12,2;grader C;2
Station;49000054;ARRESØ KANAL, ARRESØDAL SLUSE;32;689172;6207567;Halsnæs;Region Hovedstaden;Vandløb;Poel Å;26-06-1991;1;Feltmålinger, Vandløb;Ja;Miljøstyrelsen;https://vanda.miljoeportal.dk/link/ea653b3d-ade1-42f9-b242-748ab8fe8820;FRB1696;32;689172;6207567;1;26-06-1991 09:41:00 +02:00;;Temperatur; =;16,3;grader C;3
Station;49000054;ARRESØ KANAL, ARRESØDAL SLUSE;32;689172;6207567;Halsnæs;Region Hovedstaden;Vandløb;Poel Å;13-04-2005;1;Feltmålinger, Vandløb;Ja;Miljøstyrelsen;https://vanda.miljoeportal.dk/link/a74493b8-f879-42f0-a83d-c71bad807cdc;FRB1696;32;689172;6207567;1;13-04-2005 10:30:00 +02:00;;Oxygen indhold; =;12,9;mg/l;3
Station;49000054;ARRESØ KANAL, ARRESØDAL SLUSE;32;689172;6207567;Halsnæs;Region Hovedstaden;Vandløb;Poel Å;29-11-2023;1;Feltmålinger, Vandløb;Ja;Miljøstyrelsen;https://vanda.miljoeportal.dk/link/c7f3c247-4307-4d1a-b83f-e4e73b0230da;FRB1696;32;689172;6207567;1;29-11-2023 10:50:00 +01:00;;Temperatur; =;0,2;grader C;2
Station;49000054;ARRESØ KANAL, ARRESØDAL SLUSE;32;689172;6207567;Halsnæs;Region Hovedstaden;Vandløb;Poel Å;12-09-2016;1;Feltmålinger, Vandløb;Ja;Miljøstyrelsen;https://vanda.miljoeportal.dk/link/a80ea9f3-00fb-4a0a-8dec-4c47fc2e6d3b;FRB1696;32;689172;6207567;1;12-09-2016 07:50:00 +02:00;;pH; =;8,9;pH;3
Station;49000054;ARRESØ KANAL, ARRESØDAL SLUSE;32;689172;6207567;Halsnæs;Region Hovedstaden;Vandløb;Poel Å;25-09-2023;1;Feltmålinger, Vandløb;Ja;Miljøstyrelsen;https://vanda.miljoeportal.dk/link/1c213328-08b7-4b6e-9743-7ae6a24e9af1;FRB1696;32;689172;6207567;1;25-09-2023 13:06:00 +02:00;;Salinitet; =;0,2;promille;2
Station;49000054;ARRESØ KANAL, ARRESØDAL SLUSE;32;689172;6207567;Halsnæs;Region Hovedstaden;Vandløb;Poel Å;18-04-2017;1;Feltmålinger, Vandløb;Ja;Miljøstyrelsen;https://vanda.miljoeportal.dk/link/057ee659-589a-4623-abd4-6e1a32d3b177;FRB1696;32;689172;6207567;1;18-04-2017 07:50:00 +02:00;;Temperatur; =;6,7;grader C;2
Station;49000054;ARRESØ KANAL, ARRESØDAL SLUSE;32;689172;6207567;Halsnæs;Region Hovedstaden;Vandløb;Poel Å;17-10-1990;1;Feltmålinger, Vandløb;Ja;Miljøstyrelsen;https://vanda.miljoeportal.dk/link/eba290f9-a6b3-4d81-81db-6c9629b51c0b;FRB1696;32;689172;6207567;1;17-10-1990 09:40:00 +01:00;;Oxygen indhold; =;12,4;mg/l;3
Station;49000054;ARRESØ KANAL, ARRESØDAL SLUSE;32;689172;6207567;Halsnæs;Region Hovedstaden;Vandløb;Poel Å;16-12-2015;1;Feltmålinger, Vandløb;Ja;Miljøstyrelsen;https://vanda.miljoeportal.dk/link/860f79d3-1b81-426c-9286-3dabf4f0663e;FRB1696;32;689172;6207567;1;16-12-2015 07:55:00 +01:00;;pH; =;8,5;pH;2
Station;49000054;ARRESØ KANAL, ARRESØDAL SLUSE;32;689172;6207567;Halsnæs;Region Hovedstaden;Vandløb;Poel Å;08-06-2023;2;Feltmålinger, Vandløb;Ja;Miljøstyrelsen;https://vanda.miljoeportal.dk/link/75e8d43e-4c3c-4aae-9117-bf15050a6380;FRB1696;32;689172;6207567;1;08-06-2023 09:55:00 +02:00;;pH; =;8,05;pH;2
Station;49000054;ARRESØ KANAL, ARRESØDAL SLUSE;32;689172;6207567;Halsnæs;Region Hovedstaden;Vandløb;Poel Å;27-10-2020;1;Feltmålinger, Vandløb;Ja;Miljøstyrelsen;https://vanda.miljoeportal.dk/link/58130828-5e4b-491d-8e5a-170ee39e74f9;FRB1696;32;689172;6207567;1;27-10-2020 11:45:00 +01:00;;Temperatur; =;10,4;grader C;2
Station;49000054;ARRESØ KANAL, ARRESØDAL SLUSE;32;689172;6207567;Halsnæs;Region Hovedstaden;Vandløb;Poel Å;17-02-1993;1;Feltmålinger, Vandløb;Ja;Miljøstyrelsen;https://vanda.miljoeportal.dk/link/5c811f88-1d62-4c42-8a81-375729ee6699;FRB1696;32;689172;6207567;1;17-02-1993 09:10:00 +01:00;;Oxygen indhold; =;13,6;mg/l;3
Station;49000054;ARRESØ KANAL, ARRESØDAL SLUSE;32;689172;6207567;Halsnæs;Region Hovedstaden;Vandløb;Poel Å;22-12-2003;1;Feltmålinger, Vandløb;Ja;Miljøstyrelsen;https://vanda.miljoeportal.dk/link/1bbf029b-146b-4ca9-b079-9d6f140ccaef;FRB1696;32;689172;6207567;1;22-12-2003 10:31:00 +01:00;;Temperatur; =;2,2;grader C;3
Station;49000054;ARRESØ KANAL, ARRESØDAL SLUSE;32;689172;6207567;Halsnæs;Region Hovedstaden;Vandløb;Poel Å;04-03-2003;1;Feltmålinger, Vandløb;Ja;Miljøstyrelsen;https://vanda.miljoeportal.dk/link/0523d792-a0ad-480c-b76b-1c73af9c1edb;FRB1696;32;689172;6207567;1;04-03-2003 10:20:00 +01:00;;Oxygenmætning; =;87;pct;3
Station;49000054;ARRESØ KANAL, ARRESØDAL SLUSE;32;689172;6207567;Halsnæs;Region Hovedstaden;Vandløb;Poel Å;12-12-2012;1;Feltmålinger, Vandløb;Ja;Miljøstyrelsen;https://vanda.miljoeportal.dk/link/8f9707b7-c74d-4faf-9d6d-e51ecef06869;FRB1696;32;689172;6207567;1;12-12-2012 11:00:00 +01:00;;pH; =;8,4;pH;3
Station;49000054;ARRESØ KANAL, ARRESØDAL SLUSE;32;689172;6207567;Halsnæs;Region Hovedstaden;Vandløb;Poel Å;29-08-2001;1;Feltmålinger, Vandløb;Ja;Miljøstyrelsen;https://vanda.miljoeportal.dk/link/510c7404-4a5f-4396-bc02-cd3b10c9a11d;FRB1696;32;689172;6207567;1;29-08-2001 09:40:00 +02:00;;Temperatur; =;16,2;grader C;3
Station;49000054;ARRESØ KANAL, ARRESØDAL SLUSE;32;689172;6207567;Halsnæs;Region Hovedstaden;Vandløb;Poel Å;04-03-1992;1;Feltmålinger, Vandløb;Ja;Miljøstyrelsen;https://vanda.miljoeportal.dk/link/bf299789-c9e4-4f02-b1ba-215f36f05794;FRB1696;32;689172;6207567;1;04-03-1992 08:58:00 +01:00;;Oxygen indhold; =;12,8;mg/l;3
Station;49000054;ARRESØ KANAL, ARRESØDAL SLUSE;32;689172;6207567;Halsnæs;Region Hovedstaden;Vandløb;Poel Å;11-05-1999;1;Feltmålinger, Vandløb;Ja;Miljøstyrelsen;https://vanda.miljoeportal.dk/link/1ec0b026-9c52-41a0-b8bc-5bb3c21a689f;FRB1696;32;689172;6207567;1;11-05-1999 09:55:00 +02:00;;Temperatur; =;11,1;grader C;3
Station;49000054;ARRESØ KANAL, ARRESØDAL SLUSE;32;689172;6207567;Halsnæs;Region Hovedstaden;Vandløb;Poel Å;23-01-2019;1;Feltmålinger, Vandløb;Ja;Miljøstyrelsen;https://vanda.miljoeportal.dk/link/fd485314-dfca-4ccc-aeb6-2eab207484c4;FRB1696;32;689172;6207567;1;23-01-2019 08:54:00 +01:00;;Temperatur; =;0,4;grader C;2
Station;49000054;ARRESØ KANAL, ARRESØDAL SLUSE;32;689172;6207567;Halsnæs;Region Hovedstaden;Vandløb;Poel Å;27-06-1990;1;Feltmålinger, Vandløb;Ja;Miljøstyrelsen;https://vanda.miljoeportal.dk/link/17a74b89-1f09-4a5a-83d9-8bb695a0d97b;FRB1696;32;689172;6207567;1;27-06-1990 09:40:00 +02:00;;Oxygen indhold; =;11,6;mg/l;3
Station;49000054;ARRESØ KANAL, ARRESØDAL SLUSE;32;689172;6207567;Halsnæs;Region Hovedstaden;Vandløb;Poel Å;11-10-2006;1;Feltmålinger, Vandløb;Ja;Miljøstyrelsen;https://vanda.miljoeportal.dk/link/8fca6be8-76de-4f8f-9793-bc4301192a31;FRB1696;32;689172;6207567;1;11-10-2006 10:05:00 +02:00;;Oxygen indhold; =;8,3;mg/l;2
Station;49000054;ARRESØ KANAL, ARRESØDAL SLUSE;32;689172;6207567;Halsnæs;Region Hovedstaden;Vandløb;Poel Å;03-02-1999;1;Feltmålinger, Vandløb;Ja;Miljøstyrelsen;https://vanda.miljoeportal.dk/link/1a66b389-6ab3-445d-a6cc-a14efd8ab4dc;FRB1696;32;689172;6207567;1;03-02-1999 09:10:00 +01:00;;Oxygen indhold; =;14,7;mg/l;3
Station;49000054;ARRESØ KANAL, ARRESØDAL SLUSE;32;689172;6207567;Halsnæs;Region Hovedstaden;Vandløb;Poel Å;25-02-2004;1;Feltmålinger, Vandløb;Ja;Miljøstyrelsen;https://vanda.miljoeportal.dk/link/8c951f2d-61b5-456b-94df-1b76a4a63673;FRB1696;32;689172;6207567;1;25-02-2004 11:05:00 +01:00;;Oxygenmætning; =;182;pct;2
Station;49000054;ARRESØ KANAL, ARRESØDAL SLUSE;32;689172;6207567;Halsnæs;Region Hovedstaden;Vandløb;Poel Å;03-10-2023;1;Feltmålinger, Vandløb;Ja;Miljøstyrelsen;https://vanda.miljoeportal.dk/link/5d375af1-efcd-4487-acf3-04ecc6e4bb87;FRB1696;32;689172;6207567;1;03-10-2023 08:52:00 +02:00;;Temperatur; =;15,8;grader C;2
Station;49000054;ARRESØ KANAL, ARRESØDAL SLUSE;32;689172;6207567;Halsnæs;Region Hovedstaden;Vandløb;Poel Å;04-06-2019;1;Feltmålinger, Vandløb;Ja;Miljøstyrelsen;https://vanda.miljoeportal.dk/link/f6defaf1-90c7-4aef-a8de-fa2d9a3fb9e9;FRB1696;32;689172;6207567;1;04-06-2019 08:30:00 +02:00;;pH; =;8,5;pH;2
Station;49000054;ARRESØ KANAL, ARRESØDAL SLUSE;32;689172;6207567;Halsnæs;Region Hovedstaden;Vandløb;Poel Å;21-12-1994;1;Feltmålinger, Vandløb;Ja;Miljøstyrelsen;https://vanda.miljoeportal.dk/link/8b517a41-d377-4a1b-8a0b-22b3b343dc56;FRB1696;32;689172;6207567;1;21-12-1994 09:50:00 +01:00;;Temperatur; =;3,3;grader C;3
Station;49000054;ARRESØ KANAL, ARRESØDAL SLUSE;32;689172;6207567;Halsnæs;Region Hovedstaden;Vandløb;Poel Å;30-03-1999;1;Feltmålinger, Vandløb;Ja;Miljøstyrelsen;https://vanda.miljoeportal.dk/link/af7231b7-3443-4216-9bd4-322401a98e12;FRB1696;32;689172;6207567;1;30-03-1999 11:30:00 +02:00;;Temperatur; =;5;grader C;3
Station;49000054;ARRESØ KANAL, ARRESØDAL SLUSE;32;689172;6207567;Halsnæs;Region Hovedstaden;Vandløb;Poel Å;26-10-2010;1;Feltmålinger, Vandløb;Ja;Miljøstyrelsen;https://vanda.miljoeportal.dk/link/53f1f79c-55ce-4aec-a53a-1a56642427f3;FRB1696;32;689172;6207567;1;26-10-2010 10:45:00 +02:00;;Temperatur; =;6,6;grader C;3
Station;49000054;ARRESØ KANAL, ARRESØDAL SLUSE;32;689172;6207567;Halsnæs;Region Hovedstaden;Vandløb;Poel Å;10-07-2013;1;Feltmålinger, Vandløb;Ja;Miljøstyrelsen;https://vanda.miljoeportal.dk/link/afb03951-d0fa-4617-88f6-fe6bd239db7c;FRB1696;32;689172;6207567;1;10-07-2013 11:00:00 +02:00;;Temperatur; =;21,1;grader C;3
Station;49000054;ARRESØ KANAL, ARRESØDAL SLUSE;32;689172;6207567;Halsnæs;Region Hovedstaden;Vandløb;Poel Å;25-04-2001;1;Feltmålinger, Vandløb;Ja;Miljøstyrelsen;https://vanda.miljoeportal.dk/link/79ec3fcf-5af4-49ac-a807-c0b2b7894461;FRB1696;32;689172;6207567;1;25-04-2001 08:40:00 +02:00;;Oxygen indhold; =;12,6;mg/l;3
Station;49000054;ARRESØ KANAL, ARRESØDAL SLUSE;32;689172;6207567;Halsnæs;Region Hovedstaden;Vandløb;Poel Å;21-01-2003;1;Feltmålinger, Vandløb;Ja;Miljøstyrelsen;https://vanda.miljoeportal.dk/link/6f4365e4-f8c7-46eb-b2de-94c0bd3eba7a;FRB1696;32;689172;6207567;1;21-01-2003 10:30:00 +01:00;;Oxygenmætning; =;86;pct;3
Station;49000054;ARRESØ KANAL, ARRESØDAL SLUSE;32;689172;6207567;Halsnæs;Region Hovedstaden;Vandløb;Poel Å;15-11-1989;1;Feltmålinger, Vandløb;Ja;Miljøstyrelsen;https://vanda.miljoeportal.dk/link/93fb1704-3e5b-4a17-89ae-162de7f57f28;FRB1696;32;689172;6207567;1;15-11-1989 09:45:00 +01:00;;Temperatur; =;6,4;grader C;3
Station;49000054;ARRESØ KANAL, ARRESØDAL SLUSE;32;689172;6207567;Halsnæs;Region Hovedstaden;Vandløb;Poel Å;29-04-1992;1;Feltmålinger, Vandløb;Ja;Miljøstyrelsen;https://vanda.miljoeportal.dk/link/6b114b20-b5b9-4543-a9ac-49b09e6cbc8a;FRB1696;32;689172;6207567;1;29-04-1992 08:26:00 +02:00;;Temperatur; =;9,4;grader C;3
Station;49000054;ARRESØ KANAL, ARRESØDAL SLUSE;32;689172;6207567;Halsnæs;Region Hovedstaden;Vandløb;Poel Å;21-01-2003;1;Feltmålinger, Vandløb;Ja;Miljøstyrelsen;https://vanda.miljoeportal.dk/link/6f4365e4-f8c7-46eb-b2de-94c0bd3eba7a;FRB1696;32;689172;6207567;1;21-01-2003 10:30:00 +01:00;;Oxygen indhold; =;11,8;mg/l;3
Station;49000054;ARRESØ KANAL, ARRESØDAL SLUSE;32;689172;6207567;Halsnæs;Region Hovedstaden;Vandløb;Poel Å;28-02-1996;1;Feltmålinger, Vandløb;Ja;Miljøstyrelsen;https://vanda.miljoeportal.dk/link/f6b9d506-f14a-48fd-854a-b8259bd0f74f;FRB1696;32;689172;6207567;1;28-02-1996 09:11:00 +01:00;;Oxygen indhold; =;15,3;mg/l;3
Station;49000054;ARRESØ KANAL, ARRESØDAL SLUSE;32;689172;6207567;Halsnæs;Region Hovedstaden;Vandløb;Poel Å;25-10-2000;1;Feltmålinger, Vandløb;Ja;Miljøstyrelsen;https://vanda.miljoeportal.dk/link/6daa796c-667b-4c5d-bdc8-e482132ab3bc;FRB1696;32;689172;6207567;1;25-10-2000 09:45:00 +02:00;;Oxygen indhold; =;10,9;mg/l;3
Station;49000054;ARRESØ KANAL, ARRESØDAL SLUSE;32;689172;6207567;Halsnæs;Region Hovedstaden;Vandløb;Poel Å;28-10-2003;1;Feltmålinger, Vandløb;Ja;Miljøstyrelsen;https://vanda.miljoeportal.dk/link/fc9c72c1-4648-436d-9333-cfaa6e7f9b65;FRB1696;32;689172;6207567;1;28-10-2003 08:55:00 +01:00;;Oxygen indhold; =;7,8;mg/l;3
Station;49000054;ARRESØ KANAL, ARRESØDAL SLUSE;32;689172;6207567;Halsnæs;Region Hovedstaden;Vandløb;Poel Å;11-12-2014;1;Feltmålinger, Vandløb;Ja;Miljøstyrelsen;https://vanda.miljoeportal.dk/link/129ffae5-88a0-48a0-9eea-d9b3e91711d5;FRB1696;32;689172;6207567;1;11-12-2014 10:30:00 +01:00;;Temperatur; =;3,2;grader C;3
Station;49000054;ARRESØ KANAL, ARRESØDAL SLUSE;32;689172;6207567;Halsnæs;Region Hovedstaden;Vandløb;Poel Å;22-08-2016;1;Feltmålinger, Vandløb;Ja;Miljøstyrelsen;https://vanda.miljoeportal.dk/link/2de8364d-afbe-4f5f-afc1-f7557dbad5f9;FRB1696;32;689172;6207567;1;22-08-2016 07:30:00 +02:00;;pH; =;8,6;pH;3
Station;49000054;ARRESØ KANAL, ARRESØDAL SLUSE;32;689172;6207567;Halsnæs;Region Hovedstaden;Vandløb;Poel Å;14-02-1996;1;Feltmålinger, Vandløb;Ja;Miljøstyrelsen;https://vanda.miljoeportal.dk/link/c5d22a6d-aae3-4de2-89bf-e998753438b4;FRB1696;32;689172;6207567;1;14-02-1996 09:12:00 +01:00;;Oxygen indhold; =;15,9;mg/l;3
Station;49000054;ARRESØ KANAL, ARRESØDAL SLUSE;32;689172;6207567;Halsnæs;Region Hovedstaden;Vandløb;Poel Å;07-03-2019;1;Feltmålinger, Vandløb;Ja;Miljøstyrelsen;https://vanda.miljoeportal.dk/link/3b3483a0-c0b3-42db-8ab8-ab8c8125629c;FRB1696;32;689172;6207567;1;07-03-2019 12:40:00 +01:00;;pH; =;8,9;pH;2
Station;49000054;ARRESØ KANAL, ARRESØDAL SLUSE;32;689172;6207567;Halsnæs;Region Hovedstaden;Vandløb;Poel Å;12-01-2023;1;Feltmålinger, Vandløb;Ja;Miljøstyrelsen;https://vanda.miljoeportal.dk/link/23e2d8da-b23a-4e5f-ae6f-45886c8b35a3;FRB1696;32;689172;6207567;1;12-01-2023 10:34:00 +01:00;;Salinitet; =;0,2;promille;2
Station;49000054;ARRESØ KANAL, ARRESØDAL SLUSE;32;689172;6207567;Halsnæs;Region Hovedstaden;Vandløb;Poel Å;29-10-1992;1;Feltmålinger, Vandløb;Ja;Miljøstyrelsen;https://vanda.miljoeportal.dk/link/a49416d4-3ff0-4572-87bc-d3d73dab70f0;FRB1696;32;689172;6207567;1;29-10-1992 08:58:00 +01:00;;Temperatur; =;4,4;grader C;2
Station;49000054;ARRESØ KANAL, ARRESØDAL SLUSE;32;689172;6207567;Halsnæs;Region Hovedstaden;Vandløb;Poel Å;26-02-2013;1;Feltmålinger, Vandløb;Ja;Miljøstyrelsen;https://vanda.miljoeportal.dk/link/ea5244c5-f854-450b-88e7-ce2d7dfb13a9;FRB1696;32;689172;6207567;1;26-02-2013 10:10:00 +01:00;;Temperatur; =;3,8;grader C;3
Station;49000054;ARRESØ KANAL, ARRESØDAL SLUSE;32;689172;6207567;Halsnæs;Region Hovedstaden;Vandløb;Poel Å;29-03-1995;1;Feltmålinger, Vandløb;Ja;Miljøstyrelsen;https://vanda.miljoeportal.dk/link/53c9f6de-6c1e-4654-9637-6b6efba28036;FRB1696;32;689172;6207567;1;29-03-1995 09:26:00 +02:00;;Oxygen indhold; =;14;mg/l;3
Station;49000054;ARRESØ KANAL, ARRESØDAL SLUSE;32;689172;6207567;Halsnæs;Region Hovedstaden;Vandløb;Poel Å;15-02-2005;1;Feltmålinger, Vandløb;Ja;Miljøstyrelsen;https://vanda.miljoeportal.dk/link/cd7e83bd-7407-4597-8c41-ec9e7d67a4f6;FRB1696;32;689172;6207567;1;15-02-2005 10:35:00 +01:00;;Oxygenmætning; =;97;pct;3
Station;49000054;ARRESØ KANAL, ARRESØDAL SLUSE;32;689172;6207567;Halsnæs;Region Hovedstaden;Vandløb;Poel Å;02-10-1991;1;Feltmålinger, Vandløb;Ja;Miljøstyrelsen;https://vanda.miljoeportal.dk/link/23fadcc1-2a83-4de7-bbc5-5a5f318340a4;FRB1696;32;689172;6207567;1;02-10-1991 09:38:00 +01:00;;Temperatur; =;9,8;grader C;3
Station;49000054;ARRESØ KANAL, ARRESØDAL SLUSE;32;689172;6207567;Halsnæs;Region Hovedstaden;Vandløb;Poel Å;03-04-1991;1;Feltmålinger, Vandløb;Ja;Miljøstyrelsen;https://vanda.miljoeportal.dk/link/f7c92bf8-d951-4708-8edd-78062d47ad20;FRB1696;32;689172;6207567;1;03-04-1991 09:29:00 +02:00;;Temperatur; =;7,2;grader C;3
Station;49000054;ARRESØ KANAL, ARRESØDAL SLUSE;32;689172;6207567;Halsnæs;Region Hovedstaden;Vandløb;Poel Å;23-01-2018;1;Feltmålinger, Vandløb;Ja;Miljøstyrelsen;https://vanda.miljoeportal.dk/link/c4dd03ea-45fa-4499-ae6c-83e2e7a5c90b;FRB1696;32;689172;6207567;1;23-01-2018 07:55:00 +01:00;;pH; =;8,3;pH;2
Station;49000054;ARRESØ KANAL, ARRESØDAL SLUSE;32;689172;6207567;Halsnæs;Region Hovedstaden;Vandløb;Poel Å;23-06-2016;1;Feltmålinger, Vandløb;Ja;Miljøstyrelsen;https://vanda.miljoeportal.dk/link/04694b10-ff93-4f91-9766-c76bfbbf2dfe;FRB1696;32;689172;6207567;1;23-06-2016 07:55:00 +02:00;;Temperatur; =;19,3;grader C;3
Station;49000054;ARRESØ KANAL, ARRESØDAL SLUSE;32;689172;6207567;Halsnæs;Region Hovedstaden;Vandløb;Poel Å;22-05-2013;1;Feltmålinger, Vandløb;Ja;Miljøstyrelsen;https://vanda.miljoeportal.dk/link/a69d8d92-a011-4f12-9b13-f810f5fbd1d5;FRB1696;32;689172;6207567;1;22-05-2013 10:35:00 +02:00;;pH; =;8,4;pH;3
Station;49000054;ARRESØ KANAL, ARRESØDAL SLUSE;32;689172;6207567;Halsnæs;Region Hovedstaden;Vandløb;Poel Å;22-12-2016;1;Feltmålinger, Vandløb;Ja;Miljøstyrelsen;https://vanda.miljoeportal.dk/link/de01c9b5-5c61-486e-b709-cc9c84a025df;FRB1696;32;689172;6207567;1;22-12-2016 08:00:00 +01:00;;pH; =;8,2;pH;3
Station;49000054;ARRESØ KANAL, ARRESØDAL SLUSE;32;689172;6207567;Halsnæs;Region Hovedstaden;Vandløb;Poel Å;03-11-2015;1;Feltmålinger, Vandløb;Ja;Miljøstyrelsen;https://vanda.miljoeportal.dk/link/8117baba-069b-46d7-bc5c-11fa416aec0d;FRB1696;32;689172;6207567;1;03-11-2015 07:30:00 +01:00;;pH; =;8,2;pH;2
Station;49000054;ARRESØ KANAL, ARRESØDAL SLUSE;32;689172;6207567;Halsnæs;Region Hovedstaden;Vandløb;Poel Å;08-01-1992;1;Feltmålinger, Vandløb;Ja;Miljøstyrelsen;https://vanda.miljoeportal.dk/link/e2afd1ea-36bf-4e7d-8a32-8ecd89182dab;FRB1696;32;689172;6207567;1;08-01-1992 09:52:00 +01:00;;Oxygen indhold; =;14,1;mg/l;3
Station;49000054;ARRESØ KANAL, ARRESØDAL SLUSE;32;689172;6207567;Halsnæs;Region Hovedstaden;Vandløb;Poel Å;31-10-1990;1;Feltmålinger, Vandløb;Ja;Miljøstyrelsen;https://vanda.miljoeportal.dk/link/4214016d-8098-446e-9c00-079467e107fd;FRB1696;32;689172;6207567;1;31-10-1990 09:25:00 +01:00;;Temperatur; =;7,1;grader C;3
Station;49000054;ARRESØ KANAL, ARRESØDAL SLUSE;32;689172;6207567;Halsnæs;Region Hovedstaden;Vandløb;Poel Å;14-08-1996;1;Feltmålinger, Vandløb;Ja;Miljøstyrelsen;https://vanda.miljoeportal.dk/link/2d14afef-89e7-4524-999a-fc4a61e6236e;FRB1696;32;689172;6207567;1;14-08-1996 08:03:00 +02:00;;Temperatur; =;18,9;grader C;3
Station;49000054;ARRESØ KANAL, ARRESØDAL SLUSE;32;689172;6207567;Halsnæs;Region Hovedstaden;Vandløb;Poel Å;09-06-1999;1;Feltmålinger, Vandløb;Ja;Miljøstyrelsen;https://vanda.miljoeportal.dk/link/69a6454d-d1e8-4d9e-b0c0-b007ac3d2c96;FRB1696;32;689172;6207567;1;09-06-1999 10:20:00 +02:00;;Oxygen indhold; =;9,3;mg/l;3
Station;49000054;ARRESØ KANAL, ARRESØDAL SLUSE;32;689172;6207567;Halsnæs;Region Hovedstaden;Vandløb;Poel Å;08-09-2022;1;Feltmålinger, Vandløb;Ja;Miljøstyrelsen;https://vanda.miljoeportal.dk/link/e0a2c2df-19b3-4864-9836-26dde97e4f87;FRB1696;32;689172;6207567;1;08-09-2022 10:22:00 +02:00;;pH; =;8,87;pH;2
Station;49000054;ARRESØ KANAL, ARRESØDAL SLUSE;32;689172;6207567;Halsnæs;Region Hovedstaden;Vandløb;Poel Å;14-08-2019;1;Feltmålinger, Vandløb;Ja;Miljøstyrelsen;https://vanda.miljoeportal.dk/link/91b26be5-0b6a-4419-9192-73c2e18dde23;FRB1696;32;689172;6207567;1;14-08-2019 13:55:00 +02:00;;Temperatur; =;19;grader C;2
Station;49000054;ARRESØ KANAL, ARRESØDAL SLUSE;32;689172;6207567;Halsnæs;Region Hovedstaden;Vandløb;Poel Å;29-05-2018;1;Feltmålinger, Vandløb;Ja;Miljøstyrelsen;https://vanda.miljoeportal.dk/link/ce7879e2-c816-45f3-8790-eb356b2b6876;FRB1696;32;689172;6207567;1;29-05-2018 08:00:00 +02:00;;Temperatur; =;19;grader C;2
Station;49000054;ARRESØ KANAL, ARRESØDAL SLUSE;32;689172;6207567;Halsnæs;Region Hovedstaden;Vandløb;Poel Å;11-02-2014;1;Feltmålinger, Vandløb;Ja;Miljøstyrelsen;https://vanda.miljoeportal.dk/link/1321a63f-e255-475f-8993-217ec92ea7df;FRB1696;32;689172;6207567;1;11-02-2014 11:05:00 +01:00;;pH; =;8,5;pH;3
Station;49000054;ARRESØ KANAL, ARRESØDAL SLUSE;32;689172;6207567;Halsnæs;Region Hovedstaden;Vandløb;Poel Å;25-08-2014;1;Feltmålinger, Vandløb;Ja;Miljøstyrelsen;https://vanda.miljoeportal.dk/link/b2ddd52c-4225-417a-b8fb-a4844989ef6e;FRB1696;32;689172;6207567;1;25-08-2014 11:40:00 +02:00;;pH; =;8,8;pH;3
Station;49000054;ARRESØ KANAL, ARRESØDAL SLUSE;32;689172;6207567;Halsnæs;Region Hovedstaden;Vandløb;Poel Å;03-12-1997;1;Feltmålinger, Vandløb;Ja;Miljøstyrelsen;https://vanda.miljoeportal.dk/link/59f9adc9-1f45-4f67-99e0-59ba91ce85d6;FRB1696;32;689172;6207567;1;03-12-1997 09:29:00 +01:00;;Temperatur; =;1,8;grader C;3
Station;49000054;ARRESØ KANAL, ARRESØDAL SLUSE;32;689172;6207567;Halsnæs;Region Hovedstaden;Vandløb;Poel Å;11-07-1990;1;Feltmålinger, Vandløb;Ja;Miljøstyrelsen;https://vanda.miljoeportal.dk/link/0dc44027-7528-4e7c-9ae4-1f92be3bd2ad;FRB1696;32;689172;6207567;1;11-07-1990 09:50:00 +02:00;;Temperatur; =;15,2;grader C;3
Station;49000054;ARRESØ KANAL, ARRESØDAL SLUSE;32;689172;6207567;Halsnæs;Region Hovedstaden;Vandløb;Poel Å;19-07-2006;1;Feltmålinger, Vandløb;Ja;Miljøstyrelsen;https://vanda.miljoeportal.dk/link/9240358e-c893-4e98-9901-ee9fdc727d44;FRB1696;32;689172;6207567;1;19-07-2006 10:15:00 +02:00;;Oxygen indhold; =;10,9;mg/l;2
Station;49000054;ARRESØ KANAL, ARRESØDAL SLUSE;32;689172;6207567;Halsnæs;Region Hovedstaden;Vandløb;Poel Å;16-03-2005;1;Feltmålinger, Vandløb;Ja;Miljøstyrelsen;https://vanda.miljoeportal.dk/link/b6bdafdb-f5da-4a29-9534-536cbf0c8f73;FRB1696;32;689172;6207567;1;16-03-2005 11:10:00 +01:00;;Temperatur; =;3,4;grader C;3
Station;49000054;ARRESØ KANAL, ARRESØDAL SLUSE;32;689172;6207567;Halsnæs;Region Hovedstaden;Vandløb;Poel Å;12-04-2011;1;Feltmålinger, Vandløb;Ja;Miljøstyrelsen;https://vanda.miljoeportal.dk/link/4c4a924a-208f-4a65-87ba-1d482e1795f8;FRB1696;32;689172;6207567;1;12-04-2011 11:20:00 +02:00;;pH; =;8,2;pH;3
Station;49000054;ARRESØ KANAL, ARRESØDAL SLUSE;32;689172;6207567;Halsnæs;Region Hovedstaden;Vandløb;Poel Å;25-02-2015;1;Feltmålinger, Vandløb;Ja;Miljøstyrelsen;https://vanda.miljoeportal.dk/link/dc838bc7-cdcf-4783-9137-334cb1e476d4;FRB1696;32;689172;6207567;1;25-02-2015 07:10:00 +01:00;;Temperatur; =;2,2;grader C;2
Station;49000054;ARRESØ KANAL, ARRESØDAL SLUSE;32;689172;6207567;Halsnæs;Region Hovedstaden;Vandløb;Poel Å;30-07-1997;1;Feltmålinger, Vandløb;Ja;Miljøstyrelsen;https://vanda.miljoeportal.dk/link/f92a42f3-4f37-4428-8c31-ff4a2ba92163;FRB1696;32;689172;6207567;1;30-07-1997 07:45:00 +02:00;;Temperatur; =;19,5;grader C;3
Station;49000054;ARRESØ KANAL, ARRESØDAL SLUSE;32;689172;6207567;Halsnæs;Region Hovedstaden;Vandløb;Poel Å;24-06-1992;1;Feltmålinger, Vandløb;Ja;Miljøstyrelsen;https://vanda.miljoeportal.dk/link/c26ec20c-fc6d-4d06-aa34-80440d539c72;FRB1696;32;689172;6207567;1;24-06-1992 08:02:00 +02:00;;Oxygen indhold; =;8,8;mg/l;3
Station;49000054;ARRESØ KANAL, ARRESØDAL SLUSE;32;689172;6207567;Halsnæs;Region Hovedstaden;Vandløb;Poel Å;13-03-1996;1;Feltmålinger, Vandløb;Ja;Miljøstyrelsen;https://vanda.miljoeportal.dk/link/ca178da2-0e92-4cbf-80a4-2156cf2ee37e;FRB1696;32;689172;6207567;1;13-03-1996 09:11:00 +01:00;;Oxygen indhold; =;15,9;mg/l;3
Station;49000054;ARRESØ KANAL, ARRESØDAL SLUSE;32;689172;6207567;Halsnæs;Region Hovedstaden;Vandløb;Poel Å;10-11-2021;1;Feltmålinger, Vandløb;Ja;Miljøstyrelsen;https://vanda.miljoeportal.dk/link/d350e880-7a5d-45bc-9fea-affc30bd9db1;FRB1696;32;689172;6207567;1;10-11-2021 14:13:00 +01:00;;pH; =;8,81;pH;2
Station;49000054;ARRESØ KANAL, ARRESØDAL SLUSE;32;689172;6207567;Halsnæs;Region Hovedstaden;Vandløb;Poel Å;24-01-2012;1;Feltmålinger, Vandløb;Ja;Miljøstyrelsen;https://vanda.miljoeportal.dk/link/094c8cc3-13b7-4e80-837d-47fa8108b60a;FRB1696;32;689172;6207567;1;24-01-2012 10:50:00 +01:00;;Temperatur; =;1,9;grader C;3
Station;49000054;ARRESØ KANAL, ARRESØDAL SLUSE;32;689172;6207567;Halsnæs;Region Hovedstaden;Vandløb;Poel Å;20-10-2004;1;Feltmålinger, Vandløb;Ja;Miljøstyrelsen;https://vanda.miljoeportal.dk/link/95a0ba7d-ad0f-41d6-8732-7a6a88541255;FRB1696;32;689172;6207567;1;20-10-2004 10:55:00 +02:00;;Oxygenmætning; =;99;pct;3
Station;49000054;ARRESØ KANAL, ARRESØDAL SLUSE;32;689172;6207567;Halsnæs;Region Hovedstaden;Vandløb;Poel Å;14-10-2014;1;Feltmålinger, Vandløb;Ja;Miljøstyrelsen;https://vanda.miljoeportal.dk/link/3d25ef25-2e58-4cf4-a19c-fe6a49eff6af;FRB1696;32;689172;6207567;1;14-10-2014 11:10:00 +02:00;;pH; =;8,4;pH;3
Station;49000054;ARRESØ KANAL, ARRESØDAL SLUSE;32;689172;6207567;Halsnæs;Region Hovedstaden;Vandløb;Poel Å;06-12-1989;1;Feltmålinger, Vandløb;Ja;Miljøstyrelsen;https://vanda.miljoeportal.dk/link/f8ee04fc-3ece-458c-9ed7-01c18957875d;FRB1696;32;689172;6207567;1;06-12-1989 10:45:00 +01:00;;Temperatur; =;4,7;grader C;3
Station;49000054;ARRESØ KANAL, ARRESØDAL SLUSE;32;689172;6207567;Halsnæs;Region Hovedstaden;Vandløb;Poel Å;05-08-1992;1;Feltmålinger, Vandløb;Ja;Miljøstyrelsen;https://vanda.miljoeportal.dk/link/5072b6bd-2bc5-42fc-972e-921eeaa06499;FRB1696;32;689172;6207567;1;05-08-1992 08:10:00 +02:00;;Temperatur; =;18,2;grader C;3
Station;49000054;ARRESØ KANAL, ARRESØDAL SLUSE;32;689172;6207567;Halsnæs;Region Hovedstaden;Vandløb;Poel Å;22-07-1992;1;Feltmålinger, Vandløb;Ja;Miljøstyrelsen;https://vanda.miljoeportal.dk/link/3a1c47f9-2525-487f-a0ae-b721385eb41b;FRB1696;32;689172;6207567;1;22-07-1992 09:25:00 +02:00;;Oxygen indhold; =;7,9;mg/l;3
Station;49000054;ARRESØ KANAL, ARRESØDAL SLUSE;32;689172;6207567;Halsnæs;Region Hovedstaden;Vandløb;Poel Å;21-09-2015;1;Feltmålinger, Vandløb;Ja;Miljøstyrelsen;https://vanda.miljoeportal.dk/link/f7c37170-25d0-49e0-b00e-e653ef2c7f67;FRB1696;32;689172;6207567;1;21-09-2015 08:20:00 +02:00;;pH; =;8,9;pH;2
Station;49000054;ARRESØ KANAL, ARRESØDAL SLUSE;32;689172;6207567;Halsnæs;Region Hovedstaden;Vandløb;Poel Å;27-09-2006;1;Feltmålinger, Vandløb;Ja;Miljøstyrelsen;https://vanda.miljoeportal.dk/link/6bd93cfe-0edf-4293-8335-6bdad4aa302e;FRB1696;32;689172;6207567;1;27-09-2006 10:20:00 +02:00;;Temperatur; =;17,4;grader C;2
Station;49000054;ARRESØ KANAL, ARRESØDAL SLUSE;32;689172;6207567;Halsnæs;Region Hovedstaden;Vandløb;Poel Å;04-05-2010;1;Feltmålinger, Vandløb;Ja;Miljøstyrelsen;https://vanda.miljoeportal.dk/link/b3d1bb31-1e95-4493-bcc9-81cc182b9000;FRB1696;32;689172;6207567;1;04-05-2010 10:30:00 +02:00;;Temperatur; =;12,3;grader C;3
Station;49000054;ARRESØ KANAL, ARRESØDAL SLUSE;32;689172;6207567;Halsnæs;Region Hovedstaden;Vandløb;Poel Å;15-02-2005;1;Feltmålinger, Vandløb;Ja;Miljøstyrelsen;https://vanda.miljoeportal.dk/link/cd7e83bd-7407-4597-8c41-ec9e7d67a4f6;FRB1696;32;689172;6207567;1;15-02-2005 10:35:00 +01:00;;Oxygen indhold; =;14,1;mg/l;3
Station;49000054;ARRESØ KANAL, ARRESØDAL SLUSE;32;689172;6207567;Halsnæs;Region Hovedstaden;Vandløb;Poel Å;13-04-2023;1;Feltmålinger, Vandløb;Ja;Miljøstyrelsen;https://vanda.miljoeportal.dk/link/15d04663-241e-43c6-8e9a-eb6793b6bc51;FRB1696;32;689172;6207567;1;13-04-2023 10:30:00 +02:00;;pH; =;8,89;pH;2
Station;49000054;ARRESØ KANAL, ARRESØDAL SLUSE;32;689172;6207567;Halsnæs;Region Hovedstaden;Vandløb;Poel Å;24-05-2006;1;Feltmålinger, Vandløb;Ja;Miljøstyrelsen;https://vanda.miljoeportal.dk/link/ac27cc2b-3590-46af-95c9-2d9c4a9b2142;FRB1696;32;689172;6207567;1;24-05-2006 10:20:00 +02:00;;Temperatur; =;12,5;grader C;2
Station;49000054;ARRESØ KANAL, ARRESØDAL SLUSE;32;689172;6207567;Halsnæs;Region Hovedstaden;Vandløb;Poel Å;11-03-1998;1;Feltmålinger, Vandløb;Ja;Miljøstyrelsen;https://vanda.miljoeportal.dk/link/564b71f6-5305-4ec5-875d-aed064eb5ff1;FRB1696;32;689172;6207567;1;11-03-1998 09:59:00 +01:00;;Temperatur; =;2,4;grader C;3
Station;49000054;ARRESØ KANAL, ARRESØDAL SLUSE;32;689172;6207567;Halsnæs;Region Hovedstaden;Vandløb;Poel Å;11-05-1999;1;Feltmålinger, Vandløb;Ja;Miljøstyrelsen;https://vanda.miljoeportal.dk/link/1ec0b026-9c52-41a0-b8bc-5bb3c21a689f;FRB1696;32;689172;6207567;1;11-05-1999 09:55:00 +02:00;;Oxygen indhold; =;10,6;mg/l;3
Station;49000054;ARRESØ KANAL, ARRESØDAL SLUSE;32;689172;6207567;Halsnæs;Region Hovedstaden;Vandløb;Poel Å;08-11-2022;1;Feltmålinger, Vandløb;Ja;Miljøstyrelsen;https://vanda.miljoeportal.dk/link/bd0f6579-2ed3-491e-b386-75f3e065da59;FRB1696;32;689172;6207567;1;08-11-2022 11:04:00 +01:00;;pH; =;8,31;pH;2
Station;49000054;ARRESØ KANAL, ARRESØDAL SLUSE;32;689172;6207567;Halsnæs;Region Hovedstaden;Vandløb;Poel Å;27-06-1990;1;Feltmålinger, Vandløb;Ja;Miljøstyrelsen;https://vanda.miljoeportal.dk/link/17a74b89-1f09-4a5a-83d9-8bb695a0d97b;FRB1696;32;689172;6207567;1;27-06-1990 09:40:00 +02:00;;Temperatur; =;17;grader C;3
Station;49000054;ARRESØ KANAL, ARRESØDAL SLUSE;32;689172;6207567;Halsnæs;Region Hovedstaden;Vandløb;Poel Å;05-08-2003;1;Feltmålinger, Vandløb;Ja;Miljøstyrelsen;https://vanda.miljoeportal.dk/link/2456940e-0d26-454b-bd96-c51abcfe2fe3;FRB1696;32;689172;6207567;1;05-08-2003 10:05:00 +02:00;;Temperatur; =;22,8;grader C;2
Station;49000054;ARRESØ KANAL, ARRESØDAL SLUSE;32;689172;6207567;Halsnæs;Region Hovedstaden;Vandløb;Poel Å;23-02-2010;1;Feltmålinger, Vandløb;Ja;Miljøstyrelsen;https://vanda.miljoeportal.dk/link/1b68eba6-2c7e-4b43-bfdf-e989a509964f;FRB1696;32;689172;6207567;1;23-02-2010 10:05:00 +01:00;;Temperatur; =;1,2;grader C;3
Station;49000054;ARRESØ KANAL, ARRESØDAL SLUSE;32;689172;6207567;Halsnæs;Region Hovedstaden;Vandløb;Poel Å;14-01-2014;1;Feltmålinger, Vandløb;Ja;Miljøstyrelsen;https://vanda.miljoeportal.dk/link/94c90df5-5d08-4237-8919-d1a746056ceb;FRB1696;32;689172;6207567;1;14-01-2014 11:00:00 +01:00;;pH; =;8,3;pH;3
Station;49000054;ARRESØ KANAL, ARRESØDAL SLUSE;32;689172;6207567;Halsnæs;Region Hovedstaden;Vandløb;Poel Å;12-10-1994;1;Feltmålinger, Vandløb;Ja;Miljøstyrelsen;https://vanda.miljoeportal.dk/link/88003962-e947-479f-af38-327774773ace;FRB1696;32;689172;6207567;1;12-10-1994 10:41:00 +01:00;;Oxygen indhold; =;13,2;mg/l;3
Station;49000054;ARRESØ KANAL, ARRESØDAL SLUSE;32;689172;6207567;Halsnæs;Region Hovedstaden;Vandløb;Poel Å;02-02-2005;1;Feltmålinger, Vandløb;Ja;Miljøstyrelsen;https://vanda.miljoeportal.dk/link/7c1e4ccb-9e8b-4f1a-abf0-367102f2dcc2;FRB1696;32;689172;6207567;1;02-02-2005 10:40:00 +01:00;;Temperatur; =;0,5;grader C;3
Station;49000054;ARRESØ KANAL, ARRESØDAL SLUSE;32;689172;6207567;Halsnæs;Region Hovedstaden;Vandløb;Poel Å;27-06-1989;1;Feltmålinger, Vandløb;Ja;Miljøstyrelsen;https://vanda.miljoeportal.dk/link/76063c2e-83cc-4975-ad70-1cf74c253be5;FRB1696;32;689172;6207567;1;27-06-1989 10:25:00 +02:00;;Oxygen indhold; =;9,6;mg/l;3
Station;49000054;ARRESØ KANAL, ARRESØDAL SLUSE;32;689172;6207567;Halsnæs;Region Hovedstaden;Vandløb;Poel Å;05-09-1990;1;Feltmålinger, Vandløb;Ja;Miljøstyrelsen;https://vanda.miljoeportal.dk/link/405063c7-b23f-43a2-b3bf-e070ca23277f;FRB1696;32;689172;6207567;1;05-09-1990 09:20:00 +02:00;;Temperatur; =;14,9;grader C;3
Station;49000054;ARRESØ KANAL, ARRESØDAL SLUSE;32;689172;6207567;Halsnæs;Region Hovedstaden;Vandløb;Poel Å;17-03-1999;1;Feltmålinger, Vandløb;Ja;Miljøstyrelsen;https://vanda.miljoeportal.dk/link/9c52caa0-70cd-4e15-b477-ddb10afa2b15;FRB1696;32;689172;6207567;1;17-03-1999 09:35:00 +01:00;;Oxygen indhold; =;14,5;mg/l;3
Station;49000054;ARRESØ KANAL, ARRESØDAL SLUSE;32;689172;6207567;Halsnæs;Region Hovedstaden;Vandløb;Poel Å;09-04-2018;1;Feltmålinger, Vandløb;Ja;Miljøstyrelsen;https://vanda.miljoeportal.dk/link/34bf01f9-e9a5-4a76-8b1c-c558f9a33146;FRB1696;32;689172;6207567;1;09-04-2018 08:10:00 +02:00;;pH; =;8,8;pH;2
Station;49000054;ARRESØ KANAL, ARRESØDAL SLUSE;32;689172;6207567;Halsnæs;Region Hovedstaden;Vandløb;Poel Å;18-10-2016;1;Feltmålinger, Vandløb;Ja;Miljøstyrelsen;https://vanda.miljoeportal.dk/link/d6895744-d68e-4278-82e6-743976d36829;FRB1696;32;689172;6207567;1;18-10-2016 12:55:00 +02:00;;pH; =;8,3;pH;3
Station;49000054;ARRESØ KANAL, ARRESØDAL SLUSE;32;689172;6207567;Halsnæs;Region Hovedstaden;Vandløb;Poel Å;27-01-2014;1;Feltmålinger, Vandløb;Ja;Miljøstyrelsen;https://vanda.miljoeportal.dk/link/88d3f550-f972-42f0-9c71-29e23f1584ac;FRB1696;32;689172;6207567;1;27-01-2014 11:00:00 +01:00;;pH; =;8,3;pH;3
Station;49000054;ARRESØ KANAL, ARRESØDAL SLUSE;32;689172;6207567;Halsnæs;Region Hovedstaden;Vandløb;Poel Å;04-12-2014;1;Feltmålinger, Vandløb;Ja;Miljøstyrelsen;https://vanda.miljoeportal.dk/link/fa8e4ff8-71a6-4b8a-85c8-d1f9b04ff225;FRB1696;32;689172;6207567;1;04-12-2014 10:55:00 +01:00;;pH; =;8,3;pH;3
Station;49000054;ARRESØ KANAL, ARRESØDAL SLUSE;32;689172;6207567;Halsnæs;Region Hovedstaden;Vandløb;Poel Å;08-12-1993;1;Feltmålinger, Vandløb;Ja;Miljøstyrelsen;https://vanda.miljoeportal.dk/link/0db9641d-6113-40a8-b991-fdd91b760243;FRB1696;32;689172;6207567;1;08-12-1993 09:19:00 +01:00;;Oxygen indhold; =;14,1;mg/l;3
Station;49000054;ARRESØ KANAL, ARRESØDAL SLUSE;32;689172;6207567;Halsnæs;Region Hovedstaden;Vandløb;Poel Å;04-02-2003;1;Feltmålinger, Vandløb;Ja;Miljøstyrelsen;https://vanda.miljoeportal.dk/link/20b63727-1cb4-4cf3-ae7d-096017781479;FRB1696;32;689172;6207567;1;04-02-2003 10:05:00 +01:00;;Oxygenmætning; =;98;pct;3
Station;49000054;ARRESØ KANAL, ARRESØDAL SLUSE;32;689172;6207567;Halsnæs;Region Hovedstaden;Vandløb;Poel Å;26-05-1993;1;Feltmålinger, Vandløb;Ja;Miljøstyrelsen;https://vanda.miljoeportal.dk/link/17a3bde1-1927-4d9e-9240-8d167696dd43;FRB1696;32;689172;6207567;1;26-05-1993 08:48:00 +02:00;;Temperatur; =;16,8;grader C;3
Station;49000054;ARRESØ KANAL, ARRESØDAL SLUSE;32;689172;6207567;Halsnæs;Region Hovedstaden;Vandløb;Poel Å;03-10-2023;1;Feltmålinger, Vandløb;Ja;Miljøstyrelsen;https://vanda.miljoeportal.dk/link/5d375af1-efcd-4487-acf3-04ecc6e4bb87;FRB1696;32;689172;6207567;1;03-10-2023 08:52:00 +02:00;;Salinitet; =;0,2;promille;2
Station;49000054;ARRESØ KANAL, ARRESØDAL SLUSE;32;689172;6207567;Halsnæs;Region Hovedstaden;Vandløb;Poel Å;26-11-2013;1;Feltmålinger, Vandløb;Ja;Miljøstyrelsen;https://vanda.miljoeportal.dk/link/42ef0348-ba52-4e38-afc5-4bff5594a9e7;FRB1696;32;689172;6207567;1;26-11-2013 11:40:00 +01:00;;pH; =;8,3;pH;3
Station;49000054;ARRESØ KANAL, ARRESØDAL SLUSE;32;689172;6207567;Halsnæs;Region Hovedstaden;Vandløb;Poel Å;26-10-2005;1;Feltmålinger, Vandløb;Ja;Miljøstyrelsen;https://vanda.miljoeportal.dk/link/653d1154-8760-4be1-b2aa-909ad4a5f073;FRB1696;32;689172;6207567;1;26-10-2005 10:35:00 +02:00;;Oxygen indhold; =;8;mg/l;3
Station;49000054;ARRESØ KANAL, ARRESØDAL SLUSE;32;689172;6207567;Halsnæs;Region Hovedstaden;Vandløb;Poel Å;02-01-2003;1;Feltmålinger, Vandløb;Ja;Miljøstyrelsen;https://vanda.miljoeportal.dk/link/99fd17c3-bdec-4725-844b-f819f86a6e17;FRB1696;32;689172;6207567;1;02-01-2003 09:49:00 +01:00;;Temperatur; =;1,3;grader C;3
Station;49000054;ARRESØ KANAL, ARRESØDAL SLUSE;32;689172;6207567;Halsnæs;Region Hovedstaden;Vandløb;Poel Å;05-01-1994;1;Feltmålinger, Vandløb;Ja;Miljøstyrelsen;https://vanda.miljoeportal.dk/link/1149baa7-aa57-4711-bde5-7a4e54af654a;FRB1696;32;689172;6207567;1;05-01-1994 09:45:00 +01:00;;Oxygen indhold; =;15,5;mg/l;3
Station;49000054;ARRESØ KANAL, ARRESØDAL SLUSE;32;689172;6207567;Halsnæs;Region Hovedstaden;Vandløb;Poel Å;11-09-2012;1;Feltmålinger, Vandløb;Ja;Miljøstyrelsen;https://vanda.miljoeportal.dk/link/f9cf85a3-c0f2-4372-8ce8-d99e5d14dca8;FRB1696;32;689172;6207567;1;11-09-2012 10:05:00 +02:00;;Temperatur; =;16,6;grader C;3
Station;49000054;ARRESØ KANAL, ARRESØDAL SLUSE;32;689172;6207567;Halsnæs;Region Hovedstaden;Vandløb;Poel Å;09-10-2012;1;Feltmålinger, Vandløb;Ja;Miljøstyrelsen;https://vanda.miljoeportal.dk/link/b3d3efb2-8816-4334-8faa-93eaec68fb8f;FRB1696;32;689172;6207567;1;09-10-2012 10:15:00 +02:00;;pH; =;8,3;pH;3
Station;49000054;ARRESØ KANAL, ARRESØDAL SLUSE;32;689172;6207567;Halsnæs;Region Hovedstaden;Vandløb;Poel Å;16-02-2000;1;Feltmålinger, Vandløb;Ja;Miljøstyrelsen;https://vanda.miljoeportal.dk/link/9fbbbca5-0b6d-4edb-b83b-e04171ccd908;FRB1696;32;689172;6207567;1;16-02-2000 09:35:00 +01:00;;Temperatur; =;3;grader C;3
Station;49000054;ARRESØ KANAL, ARRESØDAL SLUSE;32;689172;6207567;Halsnæs;Region Hovedstaden;Vandløb;Poel Å;19-09-2017;1;Feltmålinger, Vandløb;Ja;Miljøstyrelsen;https://vanda.miljoeportal.dk/link/53a26353-1f28-483e-8ecb-c74df099f05b;FRB1696;32;689172;6207567;1;19-09-2017 08:05:00 +02:00;;Temperatur; =;14,3;grader C;2
Station;49000054;ARRESØ KANAL, ARRESØDAL SLUSE;32;689172;6207567;Halsnæs;Region Hovedstaden;Vandløb;Poel Å;02-05-1990;1;Feltmålinger, Vandløb;Ja;Miljøstyrelsen;https://vanda.miljoeportal.dk/link/424c2209-47c6-41ff-b3a2-96657a6181cf;FRB1696;32;689172;6207567;1;02-05-1990 10:20:00 +02:00;;Temperatur; =;13,2;grader C;3
Station;49000054;ARRESØ KANAL, ARRESØDAL SLUSE;32;689172;6207567;Halsnæs;Region Hovedstaden;Vandløb;Poel Å;10-04-1996;1;Feltmålinger, Vandløb;Ja;Miljøstyrelsen;https://vanda.miljoeportal.dk/link/c15b093a-4f82-402b-b5ed-8fdfaff479e7;FRB1696;32;689172;6207567;1;10-04-1996 10:35:00 +02:00;;Oxygen indhold; =;13,5;mg/l;3
Station;49000054;ARRESØ KANAL, ARRESØDAL SLUSE;32;689172;6207567;Halsnæs;Region Hovedstaden;Vandløb;Poel Å;13-07-2022;1;Feltmålinger, Vandløb;Ja;Miljøstyrelsen;https://vanda.miljoeportal.dk/link/668f8aea-b474-463f-879b-4d0161c23e33;FRB1696;32;689172;6207567;1;13-07-2022 12:59:00 +02:00;;Salinitet; =;0,2;promille;2
Station;49000054;ARRESØ KANAL, ARRESØDAL SLUSE;32;689172;6207567;Halsnæs;Region Hovedstaden;Vandløb;Poel Å;13-05-1992;1;Feltmålinger, Vandløb;Ja;Miljøstyrelsen;https://vanda.miljoeportal.dk/link/1ab7d4cb-775e-4bb6-b19c-2c9419366d96;FRB1696;32;689172;6207567;1;13-05-1992 08:26:00 +02:00;;Temperatur; =;11,2;grader C;3
Station;49000054;ARRESØ KANAL, ARRESØDAL SLUSE;32;689172;6207567;Halsnæs;Region Hovedstaden;Vandløb;Poel Å;29-10-2014;1;Feltmålinger, Vandløb;Ja;Miljøstyrelsen;https://vanda.miljoeportal.dk/link/3b7e47c8-fec0-4b88-a1a0-85738dc6d83a;FRB1696;32;689172;6207567;1;29-10-2014 10:10:00 +01:00;;pH; =;8,2;pH;3
Station;49000054;ARRESØ KANAL, ARRESØDAL SLUSE;32;689172;6207567;Halsnæs;Region Hovedstaden;Vandløb;Poel Å;02-05-1990;1;Feltmålinger, Vandløb;Ja;Miljøstyrelsen;https://vanda.miljoeportal.dk/link/424c2209-47c6-41ff-b3a2-96657a6181cf;FRB1696;32;689172;6207567;1;02-05-1990 10:20:00 +02:00;;Oxygen indhold; =;13,3;mg/l;3
Station;49000054;ARRESØ KANAL, ARRESØDAL SLUSE;32;689172;6207567;Halsnæs;Region Hovedstaden;Vandløb;Poel Å;27-09-2006;1;Feltmålinger, Vandløb;Ja;Miljøstyrelsen;https://vanda.miljoeportal.dk/link/6bd93cfe-0edf-4293-8335-6bdad4aa302e;FRB1696;32;689172;6207567;1;27-09-2006 10:20:00 +02:00;;Oxygen indhold; =;8,5;mg/l;2
Station;49000054;ARRESØ KANAL, ARRESØDAL SLUSE;32;689172;6207567;Halsnæs;Region Hovedstaden;Vandløb;Poel Å;20-12-1995;1;Feltmålinger, Vandløb;Ja;Miljøstyrelsen;https://vanda.miljoeportal.dk/link/be900ace-ddd2-460c-9c6f-bb316dd1ee8a;FRB1696;32;689172;6207567;1;20-12-1995 10:30:00 +01:00;;Oxygen indhold; =;16,4;mg/l;3
Station;49000054;ARRESØ KANAL, ARRESØDAL SLUSE;32;689172;6207567;Halsnæs;Region Hovedstaden;Vandløb;Poel Å;08-02-1989;1;Feltmålinger, Vandløb;Ja;Miljøstyrelsen;https://vanda.miljoeportal.dk/link/1f727117-c641-43c4-8217-ed81c840e66f;FRB1696;32;689172;6207567;1;08-02-1989 09:50:00 +01:00;;Oxygen indhold; =;12,9;mg/l;3
Station;49000054;ARRESØ KANAL, ARRESØDAL SLUSE;32;689172;6207567;Halsnæs;Region Hovedstaden;Vandløb;Poel Å;20-02-1991;1;Feltmålinger, Vandløb;Ja;Miljøstyrelsen;https://vanda.miljoeportal.dk/link/9eb14c14-178d-4d91-a5d3-35b6f46a2858;FRB1696;32;689172;6207567;1;20-02-1991 09:50:00 +01:00;;Temperatur; =;0,3;grader C;3
Station;49000054;ARRESØ KANAL, ARRESØDAL SLUSE;32;689172;6207567;Halsnæs;Region Hovedstaden;Vandløb;Poel Å;18-12-2002;1;Feltmålinger, Vandløb;Ja;Miljøstyrelsen;https://vanda.miljoeportal.dk/link/ea9af79b-4d1a-4d96-ac74-4ce5797dbe3e;FRB1696;32;689172;6207567;1;18-12-2002 08:44:00 +01:00;;Oxygenmætning; =;87;pct;3
Station;49000054;ARRESØ KANAL, ARRESØDAL SLUSE;32;689172;6207567;Halsnæs;Region Hovedstaden;Vandløb;Poel Å;17-03-1993;1;Feltmålinger, Vandløb;Ja;Miljøstyrelsen;https://vanda.miljoeportal.dk/link/2c9b9f9c-2c61-4886-96e6-9b43ea3c7364;FRB1696;32;689172;6207567;1;17-03-1993 09:11:00 +01:00;;Oxygen indhold; =;16,6;mg/l;3
Station;49000054;ARRESØ KANAL, ARRESØDAL SLUSE;32;689172;6207567;Halsnæs;Region Hovedstaden;Vandløb;Poel Å;29-11-2019;1;Feltmålinger, Vandløb;Ja;Miljøstyrelsen;https://vanda.miljoeportal.dk/link/d987dc83-9a55-4c7a-802f-1f51611c1e0f;FRB1696;32;689172;6207567;1;29-11-2019 11:30:00 +01:00;;pH; =;8,5;pH;2
Station;49000054;ARRESØ KANAL, ARRESØDAL SLUSE;32;689172;6207567;Halsnæs;Region Hovedstaden;Vandløb;Poel Å;08-06-1994;1;Feltmålinger, Vandløb;Ja;Miljøstyrelsen;https://vanda.miljoeportal.dk/link/3aeb774a-847d-4aeb-8de9-f8946f29ec65;FRB1696;32;689172;6207567;1;08-06-1994 09:44:00 +02:00;;Oxygen indhold; =;11,9;mg/l;3
Station;49000054;ARRESØ KANAL, ARRESØDAL SLUSE;32;689172;6207567;Halsnæs;Region Hovedstaden;Vandløb;Poel Å;01-02-2000;1;Feltmålinger, Vandløb;Ja;Miljøstyrelsen;https://vanda.miljoeportal.dk/link/cc4e9502-b0ea-4b25-a9eb-37c51fe13c0c;FRB1696;32;689172;6207567;1;01-02-2000 09:50:00 +01:00;;Temperatur; =;1,8;grader C;3
Station;49000054;ARRESØ KANAL, ARRESØDAL SLUSE;32;689172;6207567;Halsnæs;Region Hovedstaden;Vandløb;Poel Å;25-02-2004;1;Feltmålinger, Vandløb;Ja;Miljøstyrelsen;https://vanda.miljoeportal.dk/link/8c951f2d-61b5-456b-94df-1b76a4a63673;FRB1696;32;689172;6207567;1;25-02-2004 11:05:00 +01:00;;Temperatur; =;2,7;grader C;2
Station;49000054;ARRESØ KANAL, ARRESØDAL SLUSE;32;689172;6207567;Halsnæs;Region Hovedstaden;Vandløb;Poel Å;22-10-1997;1;Feltmålinger, Vandløb;Ja;Miljøstyrelsen;https://vanda.miljoeportal.dk/link/921f5f58-0884-44e8-8bd0-a3bdbadaa5df;FRB1696;32;689172;6207567;1;22-10-1997 08:24:00 +02:00;;Temperatur; =;7,6;grader C;3
Station;49000054;ARRESØ KANAL, ARRESØDAL SLUSE;32;689172;6207567;Halsnæs;Region Hovedstaden;Vandløb;Poel Å;03-04-2023;1;Feltmålinger, Vandløb;Ja;Miljøstyrelsen;https://vanda.miljoeportal.dk/link/91f93840-81f6-4ca5-bf22-f4576c079026;FRB1696;32;689172;6207567;1;03-04-2023 09:38:00 +02:00;;pH; =;8,998;pH;2
Station;49000054;ARRESØ KANAL, ARRESØDAL SLUSE;32;689172;6207567;Halsnæs;Region Hovedstaden;Vandløb;Poel Å;25-10-1989;1;Feltmålinger, Vandløb;Ja;Miljøstyrelsen;https://vanda.miljoeportal.dk/link/3df56a6e-a324-4dd3-8429-c6ec5192b2fe;FRB1696;32;689172;6207567;1;25-10-1989 10:10:00 +01:00;;Temperatur; =;11,2;grader C;3
Station;49000054;ARRESØ KANAL, ARRESØDAL SLUSE;32;689172;6207567;Halsnæs;Region Hovedstaden;Vandløb;Poel Å;03-12-2020;1;Feltmålinger, Vandløb;Ja;Miljøstyrelsen;https://vanda.miljoeportal.dk/link/6cb160e5-93dd-45bc-ae7d-2040602d3110;FRB1696;32;689172;6207567;1;03-12-2020 14:18:00 +01:00;;pH; =;8,35;pH;2
Station;49000054;ARRESØ KANAL, ARRESØDAL SLUSE;32;689172;6207567;Halsnæs;Region Hovedstaden;Vandløb;Poel Å;22-06-2005;1;Feltmålinger, Vandløb;Ja;Miljøstyrelsen;https://vanda.miljoeportal.dk/link/1afb964a-9642-44f4-b666-4d57c568afb0;FRB1696;32;689172;6207567;1;22-06-2005 10:55:00 +02:00;;Oxygen indhold; =;9,9;mg/l;3
Station;49000054;ARRESØ KANAL, ARRESØDAL SLUSE;32;689172;6207567;Halsnæs;Region Hovedstaden;Vandløb;Poel Å;11-09-2023;1;Feltmålinger, Vandløb;Ja;Miljøstyrelsen;https://vanda.miljoeportal.dk/link/b1d1cb19-86fc-4acd-8e8a-616bd3d8d20b;NST1696;32;689165,6683325451;6207586,752653692;1;11-09-2023 10:40:00 +02:00;;Temperatur; =;19,5;grader C;2
Station;49000054;ARRESØ KANAL, ARRESØDAL SLUSE;32;689172;6207567;Halsnæs;Region Hovedstaden;Vandløb;Poel Å;08-11-2022;1;Feltmålinger, Vandløb;Ja;Miljøstyrelsen;https://vanda.miljoeportal.dk/link/bd0f6579-2ed3-491e-b386-75f3e065da59;FRB1696;32;689172;6207567;1;08-11-2022 11:04:00 +01:00;;Salinitet; =;0,2;promille;2
Station;49000054;ARRESØ KANAL, ARRESØDAL SLUSE;32;689172;6207567;Halsnæs;Region Hovedstaden;Vandløb;Poel Å;23-10-2013;1;Feltmålinger, Vandløb;Ja;Miljøstyrelsen;https://vanda.miljoeportal.dk/link/83b1d688-c586-4269-8fb8-c12b786acaf1;FRB1696;32;689172;6207567;1;23-10-2013 11:10:00 +02:00;;Temperatur; =;11,7;grader C;3
Station;49000054;ARRESØ KANAL, ARRESØDAL SLUSE;32;689172;6207567;Halsnæs;Region Hovedstaden;Vandløb;Poel Å;08-03-2023;1;Feltmålinger, Vandløb;Ja;Miljøstyrelsen;https://vanda.miljoeportal.dk/link/0a78b8bb-41f8-4590-8647-a3255a1cd668;FRB1696;32;689172;6207567;1;08-03-2023 12:00:00 +01:00;;pH; =;8,8;pH;2
Station;49000054;ARRESØ KANAL, ARRESØDAL SLUSE;32;689172;6207567;Halsnæs;Region Hovedstaden;Vandløb;Poel Å;03-12-2015;1;Feltmålinger, Vandløb;Ja;Miljøstyrelsen;https://vanda.miljoeportal.dk/link/2cfd5ef1-8c05-42fc-8324-b856870aba6e;FRB1696;32;689172;6207567;1;03-12-2015 07:35:00 +01:00;;pH; =;8,5;pH;2
Station;49000054;ARRESØ KANAL, ARRESØDAL SLUSE;32;689172;6207567;Halsnæs;Region Hovedstaden;Vandløb;Poel Å;21-12-2022;1;Feltmålinger, Vandløb;Ja;Miljøstyrelsen;https://vanda.miljoeportal.dk/link/473ab3ae-542a-40e4-a135-8764e6663842;FRB1696;32;689172;6207567;1;21-12-2022 13:54:00 +01:00;;Salinitet; =;0,2;promille;2
Station;49000054;ARRESØ KANAL, ARRESØDAL SLUSE;32;689172;6207567;Halsnæs;Region Hovedstaden;Vandløb;Poel Å;11-10-2006;1;Feltmålinger, Vandløb;Ja;Miljøstyrelsen;https://vanda.miljoeportal.dk/link/8fca6be8-76de-4f8f-9793-bc4301192a31;FRB1696;32;689172;6207567;1;11-10-2006 10:05:00 +02:00;;Temperatur; =;13,9;grader C;2
Station;49000054;ARRESØ KANAL, ARRESØDAL SLUSE;32;689172;6207567;Halsnæs;Region Hovedstaden;Vandløb;Poel Å;12-04-1989;1;Feltmålinger, Vandløb;Ja;Miljøstyrelsen;https://vanda.miljoeportal.dk/link/68e55615-7427-4bc8-b076-0582152460b3;FRB1696;32;689172;6207567;1;12-04-1989 09:55:00 +02:00;;Oxygen indhold; =;15,5;mg/l;3
Station;49000054;ARRESØ KANAL, ARRESØDAL SLUSE;32;689172;6207567;Halsnæs;Region Hovedstaden;Vandløb;Poel Å;13-07-2021;1;Feltmålinger, Vandløb;Ja;Miljøstyrelsen;https://vanda.miljoeportal.dk/link/21d0cbcd-a80d-400e-b9b6-29ff4ca61ee3;FRB1696;32;689172;6207567;1;13-07-2021 14:40:00 +02:00;;pH; =;8,89;pH;2
Station;49000054;ARRESØ KANAL, ARRESØDAL SLUSE;32;689172;6207567;Halsnæs;Region Hovedstaden;Vandløb;Poel Å;22-11-2000;1;Feltmålinger, Vandløb;Ja;Miljøstyrelsen;https://vanda.miljoeportal.dk/link/fda6d5b6-4f61-4b5d-a187-922eccecd50b;FRB1696;32;689172;6207567;1;22-11-2000 09:55:00 +01:00;;Temperatur; =;5,8;grader C;3
Station;49000054;ARRESØ KANAL, ARRESØDAL SLUSE;32;689172;6207567;Halsnæs;Region Hovedstaden;Vandløb;Poel Å;26-05-2003;1;Feltmålinger, Vandløb;Ja;Miljøstyrelsen;https://vanda.miljoeportal.dk/link/060e1ade-0200-4822-a923-3a76ad839ae9;FRB1696;32;689172;6207567;1;26-05-2003 11:40:00 +02:00;;Oxygenmætning; =;77;pct;3
Station;49000054;ARRESØ KANAL, ARRESØDAL SLUSE;32;689172;6207567;Halsnæs;Region Hovedstaden;Vandløb;Poel Å;04-09-1991;1;Feltmålinger, Vandløb;Ja;Miljøstyrelsen;https://vanda.miljoeportal.dk/link/8fe85d03-8798-42ae-9a27-5acc95ef6412;FRB1696;32;689172;6207567;1;04-09-1991 09:23:00 +02:00;;Oxygen indhold; =;8,5;mg/l;3
Station;49000054;ARRESØ KANAL, ARRESØDAL SLUSE;32;689172;6207567;Halsnæs;Region Hovedstaden;Vandløb;Poel Å;10-05-2023;1;Feltmålinger, Vandløb;Ja;Miljøstyrelsen;https://vanda.miljoeportal.dk/link/acb560b3-6562-4f89-9361-b21287a66dab;FRB1696;32;689172;6207567;1;10-05-2023 09:30:00 +02:00;;Temperatur; =;11,8;grader C;2
Station;49000054;ARRESØ KANAL, ARRESØDAL SLUSE;32;689172;6207567;Halsnæs;Region Hovedstaden;Vandløb;Poel Å;08-08-1990;1;Feltmålinger, Vandløb;Ja;Miljøstyrelsen;https://vanda.miljoeportal.dk/link/10a1e919-edaa-4734-b766-9cdfc6b8f47f;FRB1696;32;689172;6207567;1;08-08-1990 10:00:00 +02:00;;Temperatur; =;19;grader C;3
Station;49000054;ARRESØ KANAL, ARRESØDAL SLUSE;32;689172;6207567;Halsnæs;Region Hovedstaden;Vandløb;Poel Å;12-02-2004;1;Feltmålinger, Vandløb;Ja;Miljøstyrelsen;https://vanda.miljoeportal.dk/link/0fe930cf-ccea-44d3-a4dd-493dc7ed5731;FRB1696;32;689172;6207567;1;12-02-2004 09:10:00 +01:00;;Oxygen indhold; =;15,5;mg/l;3
Station;49000054;ARRESØ KANAL, ARRESØDAL SLUSE;32;689172;6207567;Halsnæs;Region Hovedstaden;Vandløb;Poel Å;06-06-2001;1;Feltmålinger, Vandløb;Ja;Miljøstyrelsen;https://vanda.miljoeportal.dk/link/fe8e479d-b6dd-4d4c-b304-64db178ce606;FRB1696;32;689172;6207567;1;06-06-2001 09:15:00 +02:00;;Temperatur; =;14,6;grader C;3
Station;49000054;ARRESØ KANAL, ARRESØDAL SLUSE;32;689172;6207567;Halsnæs;Region Hovedstaden;Vandløb;Poel Å;09-08-2022;1;Feltmålinger, Vandløb;Ja;Miljøstyrelsen;https://vanda.miljoeportal.dk/link/3e12fa21-0954-4253-8755-70246a56411c;FRB1696;32;689172;6207567;1;09-08-2022 13:16:00 +02:00;;Temperatur; =;19,5;grader C;2
Station;49000054;ARRESØ KANAL, ARRESØDAL SLUSE;32;689172;6207567;Halsnæs;Region Hovedstaden;Vandløb;Poel Å;21-10-1992;1;Feltmålinger, Vandløb;Ja;Miljøstyrelsen;https://vanda.miljoeportal.dk/link/fcfe594e-580f-4dfd-804b-f0a6590c8839;FRB1696;32;689172;6207567;1;21-10-1992 11:00:00 +01:00;;Oxygen indhold; =;13,1;mg/l;3
Station;49000054;ARRESØ KANAL, ARRESØDAL SLUSE;32;689172;6207567;Halsnæs;Region Hovedstaden;Vandløb;Poel Å;16-03-1994;1;Feltmålinger, Vandløb;Ja;Miljøstyrelsen;https://vanda.miljoeportal.dk/link/c78c05ee-66d1-42d1-a4b1-1d0714851960;FRB1696;32;689172;6207567;1;16-03-1994 09:29:00 +01:00;;Oxygen indhold; =;14,8;mg/l;3
Station;49000054;ARRESØ KANAL, ARRESØDAL SLUSE;32;689172;6207567;Halsnæs;Region Hovedstaden;Vandløb;Poel Å;04-07-1995;1;Feltmålinger, Vandløb;Ja;Miljøstyrelsen;https://vanda.miljoeportal.dk/link/09dbc612-6f63-46bc-b5b4-27c6a5e6d13e;FRB1696;32;689172;6207567;1;04-07-1995 11:56:00 +02:00;;Oxygen indhold; =;9,1;mg/l;3
Station;49000054;ARRESØ KANAL, ARRESØDAL SLUSE;32;689172;6207567;Halsnæs;Region Hovedstaden;Vandløb;Poel Å;26-04-1989;1;Feltmålinger, Vandløb;Ja;Miljøstyrelsen;https://vanda.miljoeportal.dk/link/67d6dcdd-0296-4e42-82c1-0cafd215b542;FRB1696;32;689172;6207567;1;26-04-1989 09:30:00 +02:00;;Temperatur; =;9,6;grader C;3
Station;49000054;ARRESØ KANAL, ARRESØDAL SLUSE;32;689172;6207567;Halsnæs;Region Hovedstaden;Vandløb;Poel Å;22-07-2003;1;Feltmålinger, Vandløb;Ja;Miljøstyrelsen;https://vanda.miljoeportal.dk/link/d3cab80f-3063-470b-a987-2c569ad01ca0;FRB1696;32;689172;6207567;1;22-07-2003 09:01:00 +02:00;;Oxygen indhold; =;6,3;mg/l;3
Station;49000054;ARRESØ KANAL, ARRESØDAL SLUSE;32;689172;6207567;Halsnæs;Region Hovedstaden;Vandløb;Poel Å;15-09-1999;1;Feltmålinger, Vandløb;Ja;Miljøstyrelsen;https://vanda.miljoeportal.dk/link/e0cb471e-9f38-4ecb-b923-02e3bb754568;FRB1696;32;689172;6207567;1;15-09-1999 10:20:00 +02:00;;Oxygen indhold; =;8,2;mg/l;3
Station;49000054;ARRESØ KANAL, ARRESØDAL SLUSE;32;689172;6207567;Halsnæs;Region Hovedstaden;Vandløb;Poel Å;07-04-1998;1;Feltmålinger, Vandløb;Ja;Miljøstyrelsen;https://vanda.miljoeportal.dk/link/0d1fa3c2-faab-4bfe-b0f3-2705a0445bdc;FRB1696;32;689172;6207567;1;07-04-1998 09:15:00 +02:00;;Oxygen indhold; =;14,4;mg/l;3
Station;49000054;ARRESØ KANAL, ARRESØDAL SLUSE;32;689172;6207567;Halsnæs;Region Hovedstaden;Vandløb;Poel Å;12-04-2000;1;Feltmålinger, Vandløb;Ja;Miljøstyrelsen;https://vanda.miljoeportal.dk/link/7f283595-5ba0-466d-b33d-a525c0ba89e1;FRB1696;32;689172;6207567;1;12-04-2000 10:00:00 +02:00;;Temperatur; =;7,5;grader C;3
Station;49000054;ARRESØ KANAL, ARRESØDAL SLUSE;32;689172;6207567;Halsnæs;Region Hovedstaden;Vandløb;Poel Å;09-12-2003;1;Feltmålinger, Vandløb;Ja;Miljøstyrelsen;https://vanda.miljoeportal.dk/link/dfb13a8a-dd68-4a58-a3b9-6ec0e7740a02;FRB1696;32;689172;6207567;1;09-12-2003 10:19:00 +01:00;;Oxygenmætning; =;50;pct;3
Station;49000054;ARRESØ KANAL, ARRESØDAL SLUSE;32;689172;6207567;Halsnæs;Region Hovedstaden;Vandløb;Poel Å;09-10-2002;1;Feltmålinger, Vandløb;Ja;Miljøstyrelsen;https://vanda.miljoeportal.dk/link/f3ce0c1c-d086-4882-8074-b25fd25e6c33;FRB1696;32;689172;6207567;1;09-10-2002 07:20:00 +02:00;;Oxygen indhold; =;9,5;mg/l;3
Station;49000054;ARRESØ KANAL, ARRESØDAL SLUSE;32;689172;6207567;Halsnæs;Region Hovedstaden;Vandløb;Poel Å;01-11-2023;1;Feltmålinger, Vandløb;Ja;Miljøstyrelsen;https://vanda.miljoeportal.dk/link/70745dc4-6876-4113-87cb-0e8bc97ae16b;FRB1696;32;689172;6207567;1;01-11-2023 11:15:00 +01:00;;pH; =;8,27;pH;2
Station;49000054;ARRESØ KANAL, ARRESØDAL SLUSE;32;689172;6207567;Halsnæs;Region Hovedstaden;Vandløb;Poel Å;02-08-2023;1;Feltmålinger, Vandløb;Ja;Miljøstyrelsen;https://vanda.miljoeportal.dk/link/410ff69f-586a-4ac4-be73-e4bb85f24741;FRB1696;32;689172;6207567;1;02-08-2023 11:05:00 +02:00;;Temperatur; =;18,9;grader C;2
Station;49000054;ARRESØ KANAL, ARRESØDAL SLUSE;32;689172;6207567;Halsnæs;Region Hovedstaden;Vandløb;Poel Å;15-12-2021;1;Feltmålinger, Vandløb;Ja;Miljøstyrelsen;https://vanda.miljoeportal.dk/link/3479a6ce-6354-4eea-a2fa-20ca60e0871a;FRB1696;32;689172;6207567;1;15-12-2021 13:08:00 +01:00;;pH; =;8,66;pH;2
Station;49000054;ARRESØ KANAL, ARRESØDAL SLUSE;32;689172;6207567;Halsnæs;Region Hovedstaden;Vandløb;Poel Å;16-12-1998;1;Feltmålinger, Vandløb;Ja;Miljøstyrelsen;https://vanda.miljoeportal.dk/link/563168d3-d828-47ff-a0ee-e465f3c1851b;FRB1696;32;689172;6207567;1;16-12-1998 08:42:00 +01:00;;Temperatur; =;1,1;grader C;3
Station;49000054;ARRESØ KANAL, ARRESØDAL SLUSE;32;689172;6207567;Halsnæs;Region Hovedstaden;Vandløb;Poel Å;05-02-1992;1;Feltmålinger, Vandløb;Ja;Miljøstyrelsen;https://vanda.miljoeportal.dk/link/0ccf51b9-7627-485c-9fe0-4023e3411a62;FRB1696;32;689172;6207567;1;05-02-1992 08:54:00 +01:00;;Oxygen indhold; =;13,8;mg/l;3
Station;49000054;ARRESØ KANAL, ARRESØDAL SLUSE;32;689172;6207567;Halsnæs;Region Hovedstaden;Vandløb;Poel Å;09-12-2021;1;Feltmålinger, Vandløb;Ja;Miljøstyrelsen;https://vanda.miljoeportal.dk/link/0a98430f-6be8-4250-a881-27e6552868b5;FRB1696;32;689172;6207567;1;09-12-2021 13:08:00 +01:00;;pH; =;8,77;pH;2
Station;49000054;ARRESØ KANAL, ARRESØDAL SLUSE;32;689172;6207567;Halsnæs;Region Hovedstaden;Vandløb;Poel Å;28-11-1989;1;Feltmålinger, Vandløb;Ja;Miljøstyrelsen;https://vanda.miljoeportal.dk/link/4fe3a0df-3c6f-4254-b451-bd655f05827e;FRB1696;32;689172;6207567;1;28-11-1989 11:30:00 +01:00;;Temperatur; =;0,7;grader C;3
Station;49000054;ARRESØ KANAL, ARRESØDAL SLUSE;32;689172;6207567;Halsnæs;Region Hovedstaden;Vandløb;Poel Å;05-04-1989;1;Feltmålinger, Vandløb;Ja;Miljøstyrelsen;https://vanda.miljoeportal.dk/link/c5a27b28-2870-424e-ade0-d5b3b670b8f5;FRB1696;32;689172;6207567;1;05-04-1989 09:40:00 +02:00;;Oxygen indhold; =;14,3;mg/l;3
Station;49000054;ARRESØ KANAL, ARRESØDAL SLUSE;32;689172;6207567;Halsnæs;Region Hovedstaden;Vandløb;Poel Å;24-01-1990;1;Feltmålinger, Vandløb;Ja;Miljøstyrelsen;https://vanda.miljoeportal.dk/link/2d1b9357-1a95-4282-babd-1a3c20496ba2;FRB1696;32;689172;6207567;1;24-01-1990 09:35:00 +01:00;;Temperatur; =;4,3;grader C;3
Station;49000054;ARRESØ KANAL, ARRESØDAL SLUSE;32;689172;6207567;Halsnæs;Region Hovedstaden;Vandløb;Poel Å;03-04-2023;1;Feltmålinger, Vandløb;Ja;Miljøstyrelsen;https://vanda.miljoeportal.dk/link/91f93840-81f6-4ca5-bf22-f4576c079026;FRB1696;32;689172;6207567;1;03-04-2023 09:38:00 +02:00;;Salinitet; =;0,2;promille;2
Station;49000054;ARRESØ KANAL, ARRESØDAL SLUSE;32;689172;6207567;Halsnæs;Region Hovedstaden;Vandløb;Poel Å;05-07-2023;2;Feltmålinger, Vandløb;Ja;Miljøstyrelsen;https://vanda.miljoeportal.dk/link/d2f93883-6bfb-47d2-bf94-fd233cfe2fce;FRB1696;32;689172;6207567;1;05-07-2023 10:43:00 +02:00;;Temperatur; =;17,5;grader C;2
Station;49000054;ARRESØ KANAL, ARRESØDAL SLUSE;32;689172;6207567;Halsnæs;Region Hovedstaden;Vandløb;Poel Å;10-09-1997;1;Feltmålinger, Vandløb;Ja;Miljøstyrelsen;https://vanda.miljoeportal.dk/link/6798d60f-037b-496f-b2d0-eadb483818d9;FRB1696;32;689172;6207567;1;10-09-1997 08:33:00 +02:00;;Temperatur; =;13,4;grader C;3
Station;49000054;ARRESØ KANAL, ARRESØDAL SLUSE;32;689172;6207567;Halsnæs;Region Hovedstaden;Vandløb;Poel Å;12-09-2001;1;Feltmålinger, Vandløb;Ja;Miljøstyrelsen;https://vanda.miljoeportal.dk/link/ec82532c-ff08-4646-ad61-2a4a3aeea0cf;FRB1696;32;689172;6207567;1;12-09-2001 09:10:00 +02:00;;Oxygen indhold; =;7,5;mg/l;3
Station;49000054;ARRESØ KANAL, ARRESØDAL SLUSE;32;689172;6207567;Halsnæs;Region Hovedstaden;Vandløb;Poel Å;02-01-2002;1;Feltmålinger, Vandløb;Ja;Miljøstyrelsen;https://vanda.miljoeportal.dk/link/556a205e-87c0-4b61-a433-8cd045d7ed74;FRB1696;32;689172;6207567;1;02-01-2002 10:30:00 +01:00;;Temperatur; =;0,2;grader C;3
Station;49000054;ARRESØ KANAL, ARRESØDAL SLUSE;32;689172;6207567;Halsnæs;Region Hovedstaden;Vandløb;Poel Å;29-10-2014;1;Feltmålinger, Vandløb;Ja;Miljøstyrelsen;https://vanda.miljoeportal.dk/link/3b7e47c8-fec0-4b88-a1a0-85738dc6d83a;FRB1696;32;689172;6207567;1;29-10-2014 10:10:00 +01:00;;Temperatur; =;10,7;grader C;3
Station;49000054;ARRESØ KANAL, ARRESØDAL SLUSE;32;689172;6207567;Halsnæs;Region Hovedstaden;Vandløb;Poel Å;07-04-2016;1;Feltmålinger, Vandløb;Ja;Miljøstyrelsen;https://vanda.miljoeportal.dk/link/b0a773ec-3aea-4e71-9380-a9686a82f4e6;FRB1696;32;689172;6207567;1;07-04-2016 08:50:00 +02:00;;Temperatur; =;8,7;grader C;3
Station;49000054;ARRESØ KANAL, ARRESØDAL SLUSE;32;689172;6207567;Halsnæs;Region Hovedstaden;Vandløb;Poel Å;14-10-2003;1;Feltmålinger, Vandløb;Ja;Miljøstyrelsen;https://vanda.miljoeportal.dk/link/779c05ec-9879-47d4-9393-8b82e8d0e18c;FRB1696;32;689172;6207567;1;14-10-2003 09:26:00 +02:00;;Temperatur; =;8,5;grader C;3
Station;49000054;ARRESØ KANAL, ARRESØDAL SLUSE;32;689172;6207567;Halsnæs;Region Hovedstaden;Vandløb;Poel Å;05-07-2000;1;Feltmålinger, Vandløb;Ja;Miljøstyrelsen;https://vanda.miljoeportal.dk/link/99fba1d3-6775-4a36-b92a-49297306e94e;FRB1696;32;689172;6207567;1;05-07-2000 10:45:00 +02:00;;Oxygen indhold; =;9,7;mg/l;3
Station;49000054;ARRESØ KANAL, ARRESØDAL SLUSE;32;689172;6207567;Halsnæs;Region Hovedstaden;Vandløb;Poel Å;14-04-1993;1;Feltmålinger, Vandløb;Ja;Miljøstyrelsen;https://vanda.miljoeportal.dk/link/b61f4b24-4429-40af-bc02-839c39775acd;FRB1696;32;689172;6207567;1;14-04-1993 08:40:00 +02:00;;Temperatur; =;6,2;grader C;2
Station;49000054;ARRESØ KANAL, ARRESØDAL SLUSE;32;689172;6207567;Halsnæs;Region Hovedstaden;Vandløb;Poel Å;10-11-2021;1;Feltmålinger, Vandløb;Ja;Miljøstyrelsen;https://vanda.miljoeportal.dk/link/d350e880-7a5d-45bc-9fea-affc30bd9db1;FRB1696;32;689172;6207567;1;10-11-2021 14:13:00 +01:00;;Temperatur; =;9,1;grader C;2
Station;49000054;ARRESØ KANAL, ARRESØDAL SLUSE;32;689172;6207567;Halsnæs;Region Hovedstaden;Vandløb;Poel Å;17-01-2007;1;Feltmålinger, Vandløb;Ja;Miljøstyrelsen;https://vanda.miljoeportal.dk/link/4cea5e19-1f5e-4eab-bf8b-94486a5ee824;FRB1696;32;689172;6207567;1;17-01-2007 09:35:00 +01:00;;Temperatur; =;5,8;grader C;2
Station;49000054;ARRESØ KANAL, ARRESØDAL SLUSE;32;689172;6207567;Halsnæs;Region Hovedstaden;Vandløb;Poel Å;20-07-2015;1;Feltmålinger, Vandløb;Ja;Miljøstyrelsen;https://vanda.miljoeportal.dk/link/f4b62e10-b8db-4028-b124-9a4b8b70e5c2;FRB1696;32;689172;6207567;1;20-07-2015 08:40:00 +02:00;;pH; =;8,4;pH;2
Station;49000054;ARRESØ KANAL, ARRESØDAL SLUSE;32;689172;6207567;Halsnæs;Region Hovedstaden;Vandløb;Poel Å;13-03-2002;1;Feltmålinger, Vandløb;Ja;Miljøstyrelsen;https://vanda.miljoeportal.dk/link/7202f05d-b14a-46fb-92f3-213770f16eb6;FRB1696;32;689172;6207567;1;13-03-2002 09:10:00 +01:00;;Temperatur; =;5,3;grader C;3
Station;49000054;ARRESØ KANAL, ARRESØDAL SLUSE;32;689172;6207567;Halsnæs;Region Hovedstaden;Vandløb;Poel Å;23-06-1993;1;Feltmålinger, Vandløb;Ja;Miljøstyrelsen;https://vanda.miljoeportal.dk/link/cdfe31d7-d55b-4055-a003-8a54a5c7476a;FRB1696;32;689172;6207567;1;23-06-1993 08:56:00 +02:00;;Oxygen indhold; =;11,5;mg/l;3
Station;49000054;ARRESØ KANAL, ARRESØDAL SLUSE;32;689172;6207567;Halsnæs;Region Hovedstaden;Vandløb;Poel Å;11-03-1998;1;Feltmålinger, Vandløb;Ja;Miljøstyrelsen;https://vanda.miljoeportal.dk/link/564b71f6-5305-4ec5-875d-aed064eb5ff1;FRB1696;32;689172;6207567;1;11-03-1998 09:59:00 +01:00;;Oxygen indhold; =;13,1;mg/l;3
Station;49000054;ARRESØ KANAL, ARRESØDAL SLUSE;32;689172;6207567;Halsnæs;Region Hovedstaden;Vandløb;Poel Å;06-03-2017;1;Feltmålinger, Vandløb;Ja;Miljøstyrelsen;https://vanda.miljoeportal.dk/link/8af533c3-fd39-49fd-be1f-72b028831dbf;FRB1696;32;689172;6207567;1;06-03-2017 08:05:00 +01:00;;Temperatur; =;4;grader C;2
Station;49000054;ARRESØ KANAL, ARRESØDAL SLUSE;32;689172;6207567;Halsnæs;Region Hovedstaden;Vandløb;Poel Å;02-01-2003;1;Feltmålinger, Vandløb;Ja;Miljøstyrelsen;https://vanda.miljoeportal.dk/link/99fd17c3-bdec-4725-844b-f819f86a6e17;FRB1696;32;689172;6207567;1;02-01-2003 09:49:00 +01:00;;Oxygenmætning; =;93;pct;3
Station;49000054;ARRESØ KANAL, ARRESØDAL SLUSE;32;689172;6207567;Halsnæs;Region Hovedstaden;Vandløb;Poel Å;30-08-2018;1;Feltmålinger, Vandløb;Ja;Miljøstyrelsen;https://vanda.miljoeportal.dk/link/2d7f3d26-a1f4-49a1-8184-de133af99ff7;FRB1696;32;689172;6207567;1;30-08-2018 07:10:00 +02:00;;Temperatur; =;17,4;grader C;2
Station;49000054;ARRESØ KANAL, ARRESØDAL SLUSE;32;689172;6207567;Halsnæs;Region Hovedstaden;Vandløb;Poel Å;26-02-2018;1;Feltmålinger, Vandløb;Ja;Miljøstyrelsen;https://vanda.miljoeportal.dk/link/93e360d2-e9ad-4cd4-845d-fbcbe9efe5a7;FRB1696;32;689172;6207567;1;26-02-2018 07:45:00 +01:00;;Temperatur; =;1,7;grader C;2
Station;49000054;ARRESØ KANAL, ARRESØDAL SLUSE;32;689172;6207567;Halsnæs;Region Hovedstaden;Vandløb;Poel Å;17-04-2018;1;Feltmålinger, Vandløb;Ja;Miljøstyrelsen;https://vanda.miljoeportal.dk/link/f79106dc-41f6-4f60-960a-a99e835d9d17;FRB1696;32;689172;6207567;1;17-04-2018 07:55:00 +02:00;;pH; =;8,7;pH;2
Station;49000054;ARRESØ KANAL, ARRESØDAL SLUSE;32;689172;6207567;Halsnæs;Region Hovedstaden;Vandløb;Poel Å;05-03-2015;1;Feltmålinger, Vandløb;Ja;Miljøstyrelsen;https://vanda.miljoeportal.dk/link/0593978c-3e63-4340-98a0-672c76673095;FRB1696;32;689172;6207567;1;05-03-2015 08:00:00 +01:00;;Temperatur; =;2,5;grader C;2
Station;49000054;ARRESØ KANAL, ARRESØDAL SLUSE;32;689172;6207567;Halsnæs;Region Hovedstaden;Vandløb;Poel Å;20-09-2018;1;Feltmålinger, Vandløb;Ja;Miljøstyrelsen;https://vanda.miljoeportal.dk/link/5d8b96d9-1456-458d-9dee-74b85990503e;FRB1696;32;689172;6207567;1;20-09-2018 08:00:00 +02:00;;pH; =;8,8;pH;2
Station;49000054;ARRESØ KANAL, ARRESØDAL SLUSE;32;689172;6207567;Halsnæs;Region Hovedstaden;Vandløb;Poel Å;28-08-2013;1;Feltmålinger, Vandløb;Ja;Miljøstyrelsen;https://vanda.miljoeportal.dk/link/5972a142-9edc-4eae-8909-edc0166a9520;FRB1696;32;689172;6207567;1;28-08-2013 10:30:00 +02:00;;pH; =;8,9;pH;3
Station;49000054;ARRESØ KANAL, ARRESØDAL SLUSE;32;689172;6207567;Halsnæs;Region Hovedstaden;Vandløb;Poel Å;15-03-1989;1;Feltmålinger, Vandløb;Ja;Miljøstyrelsen;https://vanda.miljoeportal.dk/link/b6ed3046-df79-4e9f-bf66-ec2ec7287281;FRB1696;32;689172;6207567;1;15-03-1989 09:45:00 +01:00;;Temperatur; =;5,8;grader C;3
Station;49000054;ARRESØ KANAL, ARRESØDAL SLUSE;32;689172;6207567;Halsnæs;Region Hovedstaden;Vandløb;Poel Å;20-07-2010;1;Feltmålinger, Vandløb;Ja;Miljøstyrelsen;https://vanda.miljoeportal.dk/link/4067d369-8a33-4ab5-81e3-829740e4c6d9;FRB1696;32;689172;6207567;1;20-07-2010 10:00:00 +02:00;;Temperatur; =;22,1;grader C;3
Station;49000054;ARRESØ KANAL, ARRESØDAL SLUSE;32;689172;6207567;Halsnæs;Region Hovedstaden;Vandløb;Poel Å;04-12-1996;1;Feltmålinger, Vandløb;Ja;Miljøstyrelsen;https://vanda.miljoeportal.dk/link/ce257bc7-34eb-40e6-9ae7-6ba2f6445918;FRB1696;32;689172;6207567;1;04-12-1996 08:59:00 +01:00;;Oxygen indhold; =;13,5;mg/l;3
Station;49000054;ARRESØ KANAL, ARRESØDAL SLUSE;32;689172;6207567;Halsnæs;Region Hovedstaden;Vandløb;Poel Å;27-10-1999;1;Feltmålinger, Vandløb;Ja;Miljøstyrelsen;https://vanda.miljoeportal.dk/link/8f3ea48f-1a9a-4ae7-97bb-2576ad78da13;FRB1696;32;689172;6207567;1;27-10-1999 10:15:00 +02:00;;Oxygen indhold; =;9;mg/l;3
Station;49000054;ARRESØ KANAL, ARRESØDAL SLUSE;32;689172;6207567;Halsnæs;Region Hovedstaden;Vandløb;Poel Å;14-02-2001;1;Feltmålinger, Vandløb;Ja;Miljøstyrelsen;https://vanda.miljoeportal.dk/link/dd4035d2-23fb-41ac-b9b4-d19b4fd02cfe;FRB1696;32;689172;6207567;1;14-02-2001 09:20:00 +01:00;;Oxygen indhold; =;15,9;mg/l;3
Station;49000054;ARRESØ KANAL, ARRESØDAL SLUSE;32;689172;6207567;Halsnæs;Region Hovedstaden;Vandløb;Poel Å;02-09-2003;1;Feltmålinger, Vandløb;Ja;Miljøstyrelsen;https://vanda.miljoeportal.dk/link/455664c6-3bb5-43bb-9f9a-de7ffc942735;FRB1696;32;689172;6207567;1;02-09-2003 09:58:00 +02:00;;Temperatur; =;17,8;grader C;3
Station;49000054;ARRESØ KANAL, ARRESØDAL SLUSE;32;689172;6207567;Halsnæs;Region Hovedstaden;Vandløb;Poel Å;08-09-2022;1;Feltmålinger, Vandløb;Ja;Miljøstyrelsen;https://vanda.miljoeportal.dk/link/e0a2c2df-19b3-4864-9836-26dde97e4f87;FRB1696;32;689172;6207567;1;08-09-2022 10:22:00 +02:00;;Salinitet; =;0,2;promille;2
Station;49000054;ARRESØ KANAL, ARRESØDAL SLUSE;32;689172;6207567;Halsnæs;Region Hovedstaden;Vandløb;Poel Å;24-04-1996;1;Feltmålinger, Vandløb;Ja;Miljøstyrelsen;https://vanda.miljoeportal.dk/link/7324bcab-6d9e-4616-84a8-09f00dab3d28;FRB1696;32;689172;6207567;1;24-04-1996 08:46:00 +02:00;;Oxygen indhold; =;13,5;mg/l;3
Station;49000054;ARRESØ KANAL, ARRESØDAL SLUSE;32;689172;6207567;Halsnæs;Region Hovedstaden;Vandløb;Poel Å;07-12-2005;1;Feltmålinger, Vandløb;Ja;Miljøstyrelsen;https://vanda.miljoeportal.dk/link/143a027b-bbd1-4801-afb0-6c219c20e4fd;FRB1696;32;689172;6207567;1;07-12-2005 10:55:00 +01:00;;Temperatur; =;3,2;grader C;3
Station;49000054;ARRESØ KANAL, ARRESØDAL SLUSE;32;689172;6207567;Halsnæs;Region Hovedstaden;Vandløb;Poel Å;06-02-1991;1;Feltmålinger, Vandløb;Ja;Miljøstyrelsen;https://vanda.miljoeportal.dk/link/28cdbdc9-ede8-4df3-941d-84fe4563635c;FRB1696;32;689172;6207567;1;06-02-1991 09:35:00 +01:00;;Oxygen indhold; =;17,1;mg/l;3
Station;49000054;ARRESØ KANAL, ARRESØDAL SLUSE;32;689172;6207567;Halsnæs;Region Hovedstaden;Vandløb;Poel Å;17-02-1999;1;Feltmålinger, Vandløb;Ja;Miljøstyrelsen;https://vanda.miljoeportal.dk/link/699c3779-2a94-401e-ac32-f0ddb13e2100;FRB1696;32;689172;6207567;1;17-02-1999 10:20:00 +01:00;;Oxygen indhold; =;16,7;mg/l;3
Station;49000054;ARRESØ KANAL, ARRESØDAL SLUSE;32;689172;6207567;Halsnæs;Region Hovedstaden;Vandløb;Poel Å;17-07-2002;1;Feltmålinger, Vandløb;Ja;Miljøstyrelsen;https://vanda.miljoeportal.dk/link/18617707-3b5d-475c-82d1-f787f18de1ec;FRB1696;32;689172;6207567;1;17-07-2002 05:50:00 +02:00;;Oxygen indhold; =;10,3;mg/l;2
Station;49000054;ARRESØ KANAL, ARRESØDAL SLUSE;32;689172;6207567;Halsnæs;Region Hovedstaden;Vandløb;Poel Å;08-02-2011;1;Feltmålinger, Vandløb;Ja;Miljøstyrelsen;https://vanda.miljoeportal.dk/link/f51b24b5-06e3-4d20-bc15-9c1930404dc0;FRB1696;32;689172;6207567;1;08-02-2011 10:45:00 +01:00;;pH; =;8,1;pH;3
Station;49000054;ARRESØ KANAL, ARRESØDAL SLUSE;32;689172;6207567;Halsnæs;Region Hovedstaden;Vandløb;Poel Å;23-11-2010;1;Feltmålinger, Vandløb;Ja;Miljøstyrelsen;https://vanda.miljoeportal.dk/link/d74bea2b-a6f4-4745-a788-cfe272fd50cf;FRB1696;32;689172;6207567;1;23-11-2010 10:25:00 +01:00;;Temperatur; =;3,5;grader C;3
Station;49000054;ARRESØ KANAL, ARRESØDAL SLUSE;32;689172;6207567;Halsnæs;Region Hovedstaden;Vandløb;Poel Å;18-12-2002;1;Feltmålinger, Vandløb;Ja;Miljøstyrelsen;https://vanda.miljoeportal.dk/link/ea9af79b-4d1a-4d96-ac74-4ce5797dbe3e;FRB1696;32;689172;6207567;1;18-12-2002 08:44:00 +01:00;;Oxygen indhold; =;12,6;mg/l;3
Station;49000054;ARRESØ KANAL, ARRESØDAL SLUSE;32;689172;6207567;Halsnæs;Region Hovedstaden;Vandløb;Poel Å;06-11-2007;1;Feltmålinger, Vandløb;Ja;Miljøstyrelsen;https://vanda.miljoeportal.dk/link/1b041d63-3bd6-4851-a290-b8540299704f;FRB1696;32;689172;6207567;1;06-11-2007 10:10:00 +01:00;;Temperatur; =;8,9;grader C;3
Station;49000054;ARRESØ KANAL, ARRESØDAL SLUSE;32;689172;6207567;Halsnæs;Region Hovedstaden;Vandløb;Poel Å;24-04-2002;1;Feltmålinger, Vandløb;Ja;Miljøstyrelsen;https://vanda.miljoeportal.dk/link/e9993dff-e4cf-483d-8a1f-b4f2290bca3e;FRB1696;32;689172;6207567;1;24-04-2002 10:00:00 +02:00;;Oxygen indhold; =;13;mg/l;3
Station;49000054;ARRESØ KANAL, ARRESØDAL SLUSE;32;689172;6207567;Halsnæs;Region Hovedstaden;Vandløb;Poel Å;04-07-1995;1;Feltmålinger, Vandløb;Ja;Miljøstyrelsen;https://vanda.miljoeportal.dk/link/09dbc612-6f63-46bc-b5b4-27c6a5e6d13e;FRB1696;32;689172;6207567;1;04-07-1995 11:56:00 +02:00;;Temperatur; =;17,6;grader C;3
Station;49000054;ARRESØ KANAL, ARRESØDAL SLUSE;32;689172;6207567;Halsnæs;Region Hovedstaden;Vandløb;Poel Å;29-08-2001;1;Feltmålinger, Vandløb;Ja;Miljøstyrelsen;https://vanda.miljoeportal.dk/link/510c7404-4a5f-4396-bc02-cd3b10c9a11d;FRB1696;32;689172;6207567;1;29-08-2001 09:40:00 +02:00;;Oxygen indhold; =;8,9;mg/l;3
Station;49000054;ARRESØ KANAL, ARRESØDAL SLUSE;32;689172;6207567;Halsnæs;Region Hovedstaden;Vandløb;Poel Å;17-11-2020;1;Feltmålinger, Vandløb;Ja;Miljøstyrelsen;https://vanda.miljoeportal.dk/link/80bdfcd7-3a1e-486a-bdc9-d051f085210e;FRB1696;32;689172;6207567;1;17-11-2020 14:38:00 +01:00;;pH; =;8,49;pH;2
Station;49000054;ARRESØ KANAL, ARRESØDAL SLUSE;32;689172;6207567;Halsnæs;Region Hovedstaden;Vandløb;Poel Å;03-11-2015;1;Feltmålinger, Vandløb;Ja;Miljøstyrelsen;https://vanda.miljoeportal.dk/link/8117baba-069b-46d7-bc5c-11fa416aec0d;FRB1696;32;689172;6207567;1;03-11-2015 07:30:00 +01:00;;Temperatur; =;9;grader C;2
Station;49000054;ARRESØ KANAL, ARRESØDAL SLUSE;32;689172;6207567;Halsnæs;Region Hovedstaden;Vandløb;Poel Å;17-08-2005;1;Feltmålinger, Vandløb;Ja;Miljøstyrelsen;https://vanda.miljoeportal.dk/link/d4e8d0ec-d0ab-45d1-bb97-7b14477ac67f;FRB1696;32;689172;6207567;1;17-08-2005 12:35:00 +02:00;;Oxygen indhold; =;9,8;mg/l;3
Station;49000054;ARRESØ KANAL, ARRESØDAL SLUSE;32;689172;6207567;Halsnæs;Region Hovedstaden;Vandløb;Poel Å;07-12-1994;1;Feltmålinger, Vandløb;Ja;Miljøstyrelsen;https://vanda.miljoeportal.dk/link/48cab36d-5709-4265-980a-f051d7314fd7;FRB1696;32;689172;6207567;1;07-12-1994 10:26:00 +01:00;;Oxygen indhold; =;12,5;mg/l;3
Station;49000054;ARRESØ KANAL, ARRESØDAL SLUSE;32;689172;6207567;Halsnæs;Region Hovedstaden;Vandløb;Poel Å;24-06-2003;1;Feltmålinger, Vandløb;Ja;Miljøstyrelsen;https://vanda.miljoeportal.dk/link/510b992c-954d-4b41-a7a6-1a714f072c39;FRB1696;32;689172;6207567;1;24-06-2003 08:50:00 +02:00;;Oxygen indhold; =;8,6;mg/l;3
Station;49000054;ARRESØ KANAL, ARRESØDAL SLUSE;32;689172;6207567;Halsnæs;Region Hovedstaden;Vandløb;Poel Å;10-07-1991;1;Feltmålinger, Vandløb;Ja;Miljøstyrelsen;https://vanda.miljoeportal.dk/link/334c2960-f148-4f05-9975-ab36cf47eb6a;FRB1696;32;689172;6207567;1;10-07-1991 09:52:00 +02:00;;Oxygen indhold; =;9;mg/l;3
Station;49000054;ARRESØ KANAL, ARRESØDAL SLUSE;32;689172;6207567;Halsnæs;Region Hovedstaden;Vandløb;Poel Å;09-10-1996;1;Feltmålinger, Vandløb;Ja;Miljøstyrelsen;https://vanda.miljoeportal.dk/link/b55114ba-595b-43dc-a36b-9b5c0b399e40;FRB1696;32;689172;6207567;1;09-10-1996 08:43:00 +02:00;;Oxygen indhold; =;9,5;mg/l;3
Station;49000054;ARRESØ KANAL, ARRESØDAL SLUSE;32;689172;6207567;Halsnæs;Region Hovedstaden;Vandløb;Poel Å;02-06-2004;1;Feltmålinger, Vandløb;Ja;Miljøstyrelsen;https://vanda.miljoeportal.dk/link/e00e81f1-7ec7-43ba-8e2e-993879a543b4;FRB1696;32;689172;6207567;1;02-06-2004 10:40:00 +02:00;;Oxygen indhold; =;13,4;mg/l;3
Station;49000054;ARRESØ KANAL, ARRESØDAL SLUSE;32;689172;6207567;Halsnæs;Region Hovedstaden;Vandløb;Poel Å;19-07-2000;1;Feltmålinger, Vandløb;Ja;Miljøstyrelsen;https://vanda.miljoeportal.dk/link/020b092c-62f4-4980-bb8f-314c345be6ae;FRB1696;32;689172;6207567;1;19-07-2000 09:30:00 +02:00;;Temperatur; =;17,1;grader C;3
Station;49000054;ARRESØ KANAL, ARRESØDAL SLUSE;32;689172;6207567;Halsnæs;Region Hovedstaden;Vandløb;Poel Å;19-07-1995;1;Feltmålinger, Vandløb;Ja;Miljøstyrelsen;https://vanda.miljoeportal.dk/link/99f024a6-5e1d-4ee6-95dd-e71a298b8820;FRB1696;32;689172;6207567;1;19-07-1995 10:10:00 +02:00;;Oxygen indhold; =;7,4;mg/l;3
Station;49000054;ARRESØ KANAL, ARRESØDAL SLUSE;32;689172;6207567;Halsnæs;Region Hovedstaden;Vandløb;Poel Å;03-11-2004;1;Feltmålinger, Vandløb;Ja;Miljøstyrelsen;https://vanda.miljoeportal.dk/link/f20647c2-0a8a-4094-83d6-6abb2f43f6b1;FRB1696;32;689172;6207567;1;03-11-2004 10:40:00 +01:00;;Oxygen indhold; =;12;mg/l;3
Station;49000054;ARRESØ KANAL, ARRESØDAL SLUSE;32;689172;6207567;Halsnæs;Region Hovedstaden;Vandløb;Poel Å;11-11-2003;1;Feltmålinger, Vandløb;Ja;Miljøstyrelsen;https://vanda.miljoeportal.dk/link/4b2bfb0b-9c49-414d-a027-329f72ed8dce;FRB1696;32;689172;6207567;1;11-11-2003 10:58:00 +01:00;;Oxygen indhold; =;7,1;mg/l;3
Station;49000054;ARRESØ KANAL, ARRESØDAL SLUSE;32;689172;6207567;Halsnæs;Region Hovedstaden;Vandløb;Poel Å;03-03-1993;1;Feltmålinger, Vandløb;Ja;Miljøstyrelsen;https://vanda.miljoeportal.dk/link/c97f9e29-e853-4fe5-a18e-0fc9439d579e;FRB1696;32;689172;6207567;1;03-03-1993 09:29:00 +01:00;;Temperatur; =;1,5;grader C;2
Station;49000054;ARRESØ KANAL, ARRESØDAL SLUSE;32;689172;6207567;Halsnæs;Region Hovedstaden;Vandløb;Poel Å;13-03-2012;1;Feltmålinger, Vandløb;Ja;Miljøstyrelsen;https://vanda.miljoeportal.dk/link/f6333c23-66af-4d3b-b182-d33332e4494a;FRB1696;32;689172;6207567;1;13-03-2012 10:10:00 +01:00;;pH; =;8,9;pH;3
Station;49000054;ARRESØ KANAL, ARRESØDAL SLUSE;32;689172;6207567;Halsnæs;Region Hovedstaden;Vandløb;Poel Å;15-02-1989;1;Feltmålinger, Vandløb;Ja;Miljøstyrelsen;https://vanda.miljoeportal.dk/link/417c7216-24f7-446c-81ec-6041f1a6e878;FRB1696;32;689172;6207567;1;15-02-1989 09:20:00 +01:00;;Temperatur; =;3,3;grader C;3
Station;49000054;ARRESØ KANAL, ARRESØDAL SLUSE;32;689172;6207567;Halsnæs;Region Hovedstaden;Vandløb;Poel Å;01-04-2008;1;Feltmålinger, Vandløb;Ja;Miljøstyrelsen;https://vanda.miljoeportal.dk/link/b7c5693a-5875-436d-bd25-cd4cd1e30f92;FRB1696;32;689172;6207567;1;01-04-2008 09:55:00 +02:00;;Temperatur; =;8,3;grader C;3
Station;49000054;ARRESØ KANAL, ARRESØDAL SLUSE;32;689172;6207567;Halsnæs;Region Hovedstaden;Vandløb;Poel Å;01-09-1999;1;Feltmålinger, Vandløb;Ja;Miljøstyrelsen;https://vanda.miljoeportal.dk/link/b85e466f-6b48-4644-9446-c9444f405a60;FRB1696;32;689172;6207567;1;01-09-1999 09:45:00 +02:00;;Oxygen indhold; =;7,3;mg/l;3
Station;49000054;ARRESØ KANAL, ARRESØDAL SLUSE;32;689172;6207567;Halsnæs;Region Hovedstaden;Vandløb;Poel Å;08-06-2023;2;Feltmålinger, Vandløb;Ja;Miljøstyrelsen;https://vanda.miljoeportal.dk/link/75e8d43e-4c3c-4aae-9117-bf15050a6380;FRB1696;32;689172;6207567;1;08-06-2023 09:55:00 +02:00;;Salinitet; =;0,2;promille;2
Station;49000054;ARRESØ KANAL, ARRESØDAL SLUSE;32;689172;6207567;Halsnæs;Region Hovedstaden;Vandløb;Poel Å;05-07-2023;2;Feltmålinger, Vandløb;Ja;Miljøstyrelsen;https://vanda.miljoeportal.dk/link/d2f93883-6bfb-47d2-bf94-fd233cfe2fce;FRB1696;32;689172;6207567;1;05-07-2023 10:43:00 +02:00;;pH; =;8,17;pH;2
Station;49000054;ARRESØ KANAL, ARRESØDAL SLUSE;32;689172;6207567;Halsnæs;Region Hovedstaden;Vandløb;Poel Å;14-04-1992;1;Feltmålinger, Vandløb;Ja;Miljøstyrelsen;https://vanda.miljoeportal.dk/link/01b0409d-6c94-4316-a618-f8f079a292f0;FRB1696;32;689172;6207567;1;14-04-1992 08:20:00 +02:00;;Oxygen indhold; =;13,9;mg/l;3
Station;49000054;ARRESØ KANAL, ARRESØDAL SLUSE;32;689172;6207567;Halsnæs;Region Hovedstaden;Vandløb;Poel Å;03-02-1999;1;Feltmålinger, Vandløb;Ja;Miljøstyrelsen;https://vanda.miljoeportal.dk/link/1a66b389-6ab3-445d-a6cc-a14efd8ab4dc;FRB1696;32;689172;6207567;1;03-02-1999 09:10:00 +01:00;;Temperatur; =;0,7;grader C;3
Station;49000054;ARRESØ KANAL, ARRESØDAL SLUSE;32;689172;6207567;Halsnæs;Region Hovedstaden;Vandløb;Poel Å;25-03-1998;1;Feltmålinger, Vandløb;Ja;Miljøstyrelsen;https://vanda.miljoeportal.dk/link/133cacdc-08d0-420b-af27-484e8f6dc285;FRB1696;32;689172;6207567;1;25-03-1998 08:46:00 +01:00;;Oxygen indhold; =;13,6;mg/l;3
Station;49000054;ARRESØ KANAL, ARRESØDAL SLUSE;32;689172;6207567;Halsnæs;Region Hovedstaden;Vandløb;Poel Å;06-01-1999;1;Feltmålinger, Vandløb;Ja;Miljøstyrelsen;https://vanda.miljoeportal.dk/link/bedf28a9-3936-4a9c-9e80-3f77d18ace44;FRB1696;32;689172;6207567;1;06-01-1999 09:30:00 +01:00;;Temperatur; =;2,9;grader C;3
Station;49000054;ARRESØ KANAL, ARRESØDAL SLUSE;32;689172;6207567;Halsnæs;Region Hovedstaden;Vandløb;Poel Å;11-11-1992;1;Feltmålinger, Vandløb;Ja;Miljøstyrelsen;https://vanda.miljoeportal.dk/link/2d32e998-3332-432a-a55a-ed67d89a8346;FRB1696;32;689172;6207567;1;11-11-1992 09:13:00 +01:00;;Oxygen indhold; =;13,5;mg/l;3
Station;49000054;ARRESØ KANAL, ARRESØDAL SLUSE;32;689172;6207567;Halsnæs;Region Hovedstaden;Vandløb;Poel Å;22-04-2014;1;Feltmålinger, Vandløb;Ja;Miljøstyrelsen;https://vanda.miljoeportal.dk/link/b082be99-4ea4-40e8-b425-d77d12a8abc0;FRB1696;32;689172;6207567;1;22-04-2014 10:30:00 +02:00;;Temperatur; =;12,9;grader C;3
Station;49000054;ARRESØ KANAL, ARRESØDAL SLUSE;32;689172;6207567;Halsnæs;Region Hovedstaden;Vandløb;Poel Å;25-11-1997;1;Feltmålinger, Vandløb;Ja;Miljøstyrelsen;https://vanda.miljoeportal.dk/link/e9244702-2c74-4314-a34d-440e3e47aa9d;FRB1696;32;689172;6207567;1;25-11-1997 11:25:00 +01:00;;Oxygen indhold; =;12,8;mg/l;3
Station;49000054;ARRESØ KANAL, ARRESØDAL SLUSE;32;689172;6207567;Halsnæs;Region Hovedstaden;Vandløb;Poel Å;27-02-2002;1;Feltmålinger, Vandløb;Ja;Miljøstyrelsen;https://vanda.miljoeportal.dk/link/9edb2985-e978-4387-b9ef-72a71dc36b2c;FRB1696;32;689172;6207567;1;27-02-2002 10:10:00 +01:00;;Oxygen indhold; =;14;mg/l;3
Station;49000054;ARRESØ KANAL, ARRESØDAL SLUSE;32;689172;6207567;Halsnæs;Region Hovedstaden;Vandløb;Poel Å;25-10-2000;1;Feltmålinger, Vandløb;Ja;Miljøstyrelsen;https://vanda.miljoeportal.dk/link/6daa796c-667b-4c5d-bdc8-e482132ab3bc;FRB1696;32;689172;6207567;1;25-10-2000 09:45:00 +02:00;;Temperatur; =;10,8;grader C;3
Station;49000054;ARRESØ KANAL, ARRESØDAL SLUSE;32;689172;6207567;Halsnæs;Region Hovedstaden;Vandløb;Poel Å;24-09-2013;1;Feltmålinger, Vandløb;Ja;Miljøstyrelsen;https://vanda.miljoeportal.dk/link/85ef12a7-1dce-4d4c-9067-9690cab696c8;FRB1696;32;689172;6207567;1;24-09-2013 11:00:00 +02:00;;Temperatur; =;14,3;grader C;3
Station;49000054;ARRESØ KANAL, ARRESØDAL SLUSE;32;689172;6207567;Halsnæs;Region Hovedstaden;Vandløb;Poel Å;22-06-1994;1;Feltmålinger, Vandløb;Ja;Miljøstyrelsen;https://vanda.miljoeportal.dk/link/3af201f4-3e8c-4aae-a0c3-234a6c7633d3;FRB1696;32;689172;6207567;1;22-06-1994 07:58:00 +02:00;;Temperatur; =;14,5;grader C;3
Station;49000054;ARRESØ KANAL, ARRESØDAL SLUSE;32;689172;6207567;Halsnæs;Region Hovedstaden;Vandløb;Poel Å;05-02-2020;1;Feltmålinger, Vandløb;Ja;Miljøstyrelsen;https://vanda.miljoeportal.dk/link/67771a30-6c0f-4c4b-b013-8d4ea995c56c;FRB1696;32;689172;6207567;1;05-02-2020 10:31:00 +01:00;;pH; =;8,7;pH;2
Station;49000054;ARRESØ KANAL, ARRESØDAL SLUSE;32;689172;6207567;Halsnæs;Region Hovedstaden;Vandløb;Poel Å;22-06-2005;1;Feltmålinger, Vandløb;Ja;Miljøstyrelsen;https://vanda.miljoeportal.dk/link/1afb964a-9642-44f4-b666-4d57c568afb0;FRB1696;32;689172;6207567;1;22-06-2005 10:55:00 +02:00;;Oxygenmætning; =;106;pct;3
Station;49000054;ARRESØ KANAL, ARRESØDAL SLUSE;32;689172;6207567;Halsnæs;Region Hovedstaden;Vandløb;Poel Å;22-08-2016;1;Feltmålinger, Vandløb;Ja;Miljøstyrelsen;https://vanda.miljoeportal.dk/link/2de8364d-afbe-4f5f-afc1-f7557dbad5f9;FRB1696;32;689172;6207567;1;22-08-2016 07:30:00 +02:00;;Temperatur; =;18,3;grader C;3
Station;49000054;ARRESØ KANAL, ARRESØDAL SLUSE;32;689172;6207567;Halsnæs;Region Hovedstaden;Vandløb;Poel Å;01-08-2001;1;Feltmålinger, Vandløb;Ja;Miljøstyrelsen;https://vanda.miljoeportal.dk/link/0063cabf-0563-4c85-9ad6-0b44c443307a;FRB1696;32;689172;6207567;1;01-08-2001 11:35:00 +02:00;;Temperatur; =;19,7;grader C;3
Station;49000054;ARRESØ KANAL, ARRESØDAL SLUSE;32;689172;6207567;Halsnæs;Region Hovedstaden;Vandløb;Poel Å;02-05-2023;1;Feltmålinger, Vandløb;Ja;Miljøstyrelsen;https://vanda.miljoeportal.dk/link/0a1b6ad6-ec04-42a7-9302-a93bc7ddda25;FRB1696;32;689172;6207567;1;02-05-2023 10:30:00 +02:00;;Salinitet; =;0,2;promille;2
Station;49000054;ARRESØ KANAL, ARRESØDAL SLUSE;32;689172;6207567;Halsnæs;Region Hovedstaden;Vandløb;Poel Å;14-01-2004;1;Feltmålinger, Vandløb;Ja;Miljøstyrelsen;https://vanda.miljoeportal.dk/link/0c041d80-f6eb-43bc-8c05-b1ffeae1dd08;FRB1696;32;689172;6207567;1;14-01-2004 10:45:00 +01:00;;Temperatur; =;0,8;grader C;3
Station;49000054;ARRESØ KANAL, ARRESØDAL SLUSE;32;689172;6207567;Halsnæs;Region Hovedstaden;Vandløb;Poel Å;06-11-1996;1;Feltmålinger, Vandløb;Ja;Miljøstyrelsen;https://vanda.miljoeportal.dk/link/eb72a6c8-4ca8-403d-b041-3230f5b802e5;FRB1696;32;689172;6207567;1;06-11-1996 09:05:00 +01:00;;Temperatur; =;8,8;grader C;3
Station;49000054;ARRESØ KANAL, ARRESØDAL SLUSE;32;689172;6207567;Halsnæs;Region Hovedstaden;Vandløb;Poel Å;27-02-2007;1;Feltmålinger, Vandløb;Ja;Miljøstyrelsen;https://vanda.miljoeportal.dk/link/87094607-f7ef-485f-9376-9933b97ca344;FRB1696;32;689172;6207567;1;27-02-2007 10:05:00 +01:00;;Temperatur; =;1,1;grader C;3
Station;49000054;ARRESØ KANAL, ARRESØDAL SLUSE;32;689172;6207567;Halsnæs;Region Hovedstaden;Vandløb;Poel Å;13-08-2018;1;Feltmålinger, Vandløb;Ja;Miljøstyrelsen;https://vanda.miljoeportal.dk/link/8dc2af6c-11de-483e-9041-cbf6eb948ecd;FRB1696;32;689172;6207567;1;13-08-2018 09:10:00 +02:00;;pH; =;8,7;pH;2
Station;49000054;ARRESØ KANAL, ARRESØDAL SLUSE;32;689172;6207567;Halsnæs;Region Hovedstaden;Vandløb;Poel Å;29-11-2017;1;Feltmålinger, Vandløb;Ja;Miljøstyrelsen;https://vanda.miljoeportal.dk/link/a2237041-0f14-4d01-bfaa-43bcbc200426;FRB1696;32;689172;6207567;1;29-11-2017 07:55:00 +01:00;;pH; =;8,4;pH;2
Station;49000054;ARRESØ KANAL, ARRESØDAL SLUSE;32;689172;6207567;Halsnæs;Region Hovedstaden;Vandløb;Poel Å;09-09-2014;1;Feltmålinger, Vandløb;Ja;Miljøstyrelsen;https://vanda.miljoeportal.dk/link/f4bec18b-422d-4da8-9ac3-b7f992a86bbd;FRB1696;32;689172;6207567;1;09-09-2014 11:30:00 +02:00;;Temperatur; =;17,1;grader C;3
Station;49000054;ARRESØ KANAL, ARRESØDAL SLUSE;32;689172;6207567;Halsnæs;Region Hovedstaden;Vandløb;Poel Å;26-02-1997;1;Feltmålinger, Vandløb;Ja;Miljøstyrelsen;https://vanda.miljoeportal.dk/link/5c0fc1ce-b950-4cb5-992a-f474bfafdd45;FRB1696;32;689172;6207567;1;26-02-1997 09:24:00 +01:00;;Temperatur; =;3,6;grader C;3
Station;49000054;ARRESØ KANAL, ARRESØDAL SLUSE;32;689172;6207567;Halsnæs;Region Hovedstaden;Vandløb;Poel Å;22-12-2003;1;Feltmålinger, Vandløb;Ja;Miljøstyrelsen;https://vanda.miljoeportal.dk/link/1bbf029b-146b-4ca9-b079-9d6f140ccaef;FRB1696;32;689172;6207567;1;22-12-2003 10:31:00 +01:00;;Oxygen indhold; =;7,2;mg/l;3
Station;49000054;ARRESØ KANAL, ARRESØDAL SLUSE;32;689172;6207567;Halsnæs;Region Hovedstaden;Vandløb;Poel Å;13-11-2012;1;Feltmålinger, Vandløb;Ja;Miljøstyrelsen;https://vanda.miljoeportal.dk/link/7003afd3-f654-49a5-bac6-929d3cb0a676;FRB1696;32;689172;6207567;1;13-11-2012 09:30:00 +01:00;;pH; =;8,3;pH;3
Station;49000054;ARRESØ KANAL, ARRESØDAL SLUSE;32;689172;6207567;Halsnæs;Region Hovedstaden;Vandløb;Poel Å;30-08-2019;1;Feltmålinger, Vandløb;Ja;Miljøstyrelsen;https://vanda.miljoeportal.dk/link/a406d037-31e2-43a3-ba16-9328a9bfa910;FRB1696;32;689172;6207567;1;30-08-2019 12:00:00 +02:00;;pH; =;8,4;pH;2
Station;49000054;ARRESØ KANAL, ARRESØDAL SLUSE;32;689172;6207567;Halsnæs;Region Hovedstaden;Vandløb;Poel Å;30-08-1995;1;Feltmålinger, Vandløb;Ja;Miljøstyrelsen;https://vanda.miljoeportal.dk/link/42a24a83-f746-49ab-947b-c253ffc4d1ac;FRB1696;32;689172;6207567;1;30-08-1995 09:23:00 +02:00;;Oxygen indhold; =;9,5;mg/l;3
Station;49000054;ARRESØ KANAL, ARRESØDAL SLUSE;32;689172;6207567;Halsnæs;Region Hovedstaden;Vandløb;Poel Å;19-12-2001;1;Feltmålinger, Vandløb;Ja;Miljøstyrelsen;https://vanda.miljoeportal.dk/link/062da1e1-ef73-4601-9f9d-093894ce7edf;FRB1696;32;689172;6207567;1;19-12-2001 09:20:00 +01:00;;Oxygen indhold; =;13,1;mg/l;3
Station;49000054;ARRESØ KANAL, ARRESØDAL SLUSE;32;689172;6207567;Halsnæs;Region Hovedstaden;Vandløb;Poel Å;16-08-2006;1;Feltmålinger, Vandløb;Ja;Miljøstyrelsen;https://vanda.miljoeportal.dk/link/3d34894c-8352-4a7e-b13e-46373f7bbd81;FRB1696;32;689172;6207567;1;16-08-2006 11:40:00 +02:00;;Oxygenmætning; =;79;pct;2
Station;49000054;ARRESØ KANAL, ARRESØDAL SLUSE;32;689172;6207567;Halsnæs;Region Hovedstaden;Vandløb;Poel Å;19-08-2003;1;Feltmålinger, Vandløb;Ja;Miljøstyrelsen;https://vanda.miljoeportal.dk/link/4b5a9402-1938-41dd-a353-0d09ade87aef;FRB1696;32;689172;6207567;1;19-08-2003 10:58:00 +02:00;;Temperatur; =;19,9;grader C;3
Station;49000054;ARRESØ KANAL, ARRESØDAL SLUSE;32;689172;6207567;Halsnæs;Region Hovedstaden;Vandløb;Poel Å;09-11-2005;1;Feltmålinger, Vandløb;Ja;Miljøstyrelsen;https://vanda.miljoeportal.dk/link/8f19f941-df2f-46b2-895b-f8b70dd71d3d;FRB1696;32;689172;6207567;1;09-11-2005 10:30:00 +01:00;;Temperatur; =;8,7;grader C;3
Station;49000054;ARRESØ KANAL, ARRESØDAL SLUSE;32;689172;6207567;Halsnæs;Region Hovedstaden;Vandløb;Poel Å;07-06-1995;1;Feltmålinger, Vandløb;Ja;Miljøstyrelsen;https://vanda.miljoeportal.dk/link/55eeaf92-6ab9-429e-a8f8-e0cc5de19d06;FRB1696;32;689172;6207567;1;07-06-1995 10:30:00 +02:00;;Oxygen indhold; =;9,7;mg/l;3
Station;49000054;ARRESØ KANAL, ARRESØDAL SLUSE;32;689172;6207567;Halsnæs;Region Hovedstaden;Vandløb;Poel Å;21-06-2011;1;Feltmålinger, Vandløb;Ja;Miljøstyrelsen;https://vanda.miljoeportal.dk/link/7507fa1b-3bcf-4202-b2ce-df17559f26b4;FRB1696;32;689172;6207567;1;21-06-2011 11:05:00 +02:00;;pH; =;8,7;pH;3
Station;49000054;ARRESØ KANAL, ARRESØDAL SLUSE;32;689172;6207567;Halsnæs;Region Hovedstaden;Vandløb;Poel Å;08-05-2007;1;Feltmålinger, Vandløb;Ja;Miljøstyrelsen;https://vanda.miljoeportal.dk/link/c3040ac6-2c24-464a-ab2d-28fdf2ea97d9;FRB1696;32;689172;6207567;1;08-05-2007 09:50:00 +02:00;;Temperatur; =;15,2;grader C;3
Station;49000054;ARRESØ KANAL, ARRESØDAL SLUSE;32;689172;6207567;Halsnæs;Region Hovedstaden;Vandløb;Poel Å;05-01-2000;1;Feltmålinger, Vandløb;Ja;Miljøstyrelsen;https://vanda.miljoeportal.dk/link/76e8e27b-3a16-4291-85e3-3944c06684f3;FRB1696;32;689172;6207567;1;05-01-2000 09:40:00 +01:00;;Oxygen indhold; =;12,7;mg/l;3
Station;49000054;ARRESØ KANAL, ARRESØDAL SLUSE;32;689172;6207567;Halsnæs;Region Hovedstaden;Vandløb;Poel Å;18-04-1990;1;Feltmålinger, Vandløb;Ja;Miljøstyrelsen;https://vanda.miljoeportal.dk/link/41f5f7d7-a5dd-41b7-a481-179377b2d430;FRB1696;32;689172;6207567;1;18-04-1990 09:45:00 +02:00;;Temperatur; =;7,4;grader C;3
Station;49000054;ARRESØ KANAL, ARRESØDAL SLUSE;32;689172;6207567;Halsnæs;Region Hovedstaden;Vandløb;Poel Å;01-09-2009;1;Feltmålinger, Vandløb;Ja;Miljøstyrelsen;https://vanda.miljoeportal.dk/link/73dc6a9b-aba6-4492-a401-8ead549cfb49;FRB1696;32;689172;6207567;1;01-09-2009 10:45:00 +02:00;;Temperatur; =;17,4;grader C;3
Station;49000054;ARRESØ KANAL, ARRESØDAL SLUSE;32;689172;6207567;Halsnæs;Region Hovedstaden;Vandløb;Poel Å;08-10-2013;1;Feltmålinger, Vandløb;Ja;Miljøstyrelsen;https://vanda.miljoeportal.dk/link/e2414245-24b1-498c-9d8b-6d603c074f64;FRB1696;32;689172;6207567;1;08-10-2013 10:50:00 +02:00;;pH; =;8,6;pH;3
Station;49000054;ARRESØ KANAL, ARRESØDAL SLUSE;32;689172;6207567;Halsnæs;Region Hovedstaden;Vandløb;Poel Å;04-02-2003;1;Feltmålinger, Vandløb;Ja;Miljøstyrelsen;https://vanda.miljoeportal.dk/link/20b63727-1cb4-4cf3-ae7d-096017781479;FRB1696;32;689172;6207567;1;04-02-2003 10:05:00 +01:00;;Oxygen indhold; =;13,6;mg/l;3
Station;49000054;ARRESØ KANAL, ARRESØDAL SLUSE;32;689172;6207567;Halsnæs;Region Hovedstaden;Vandløb;Poel Å;03-02-2016;1;Feltmålinger, Vandløb;Ja;Miljøstyrelsen;https://vanda.miljoeportal.dk/link/af217ab1-763c-4a0b-8db7-2fa22f280c9b;FRB1696;32;689172;6207567;1;03-02-2016 07:55:00 +01:00;;pH; =;8,4;pH;3
Station;49000054;ARRESØ KANAL, ARRESØDAL SLUSE;32;689172;6207567;Halsnæs;Region Hovedstaden;Vandløb;Poel Å;06-11-2018;1;Feltmålinger, Vandløb;Ja;Miljøstyrelsen;https://vanda.miljoeportal.dk/link/0644ee0a-115c-4ea0-ae4c-9974badc1d9a;FRB1696;32;689172;6207567;1;06-11-2018 08:05:00 +01:00;;pH; =;8,3;pH;2
Station;49000054;ARRESØ KANAL, ARRESØDAL SLUSE;32;689172;6207567;Halsnæs;Region Hovedstaden;Vandløb;Poel Å;06-05-1997;1;Feltmålinger, Vandløb;Ja;Miljøstyrelsen;https://vanda.miljoeportal.dk/link/af409e17-a4d5-4824-970d-7ffcc967c291;FRB1696;32;689172;6207567;1;06-05-1997 10:55:00 +02:00;;Temperatur; =;11,7;grader C;3
Station;49000054;ARRESØ KANAL, ARRESØDAL SLUSE;32;689172;6207567;Halsnæs;Region Hovedstaden;Vandløb;Poel Å;22-06-2015;1;Feltmålinger, Vandløb;Ja;Miljøstyrelsen;https://vanda.miljoeportal.dk/link/58d9cc59-36bb-4b9f-baa2-d57b364f0f70;FRB1696;32;689172;6207567;1;22-06-2015 09:45:00 +02:00;;Temperatur; =;15,3;grader C;2
Station;49000054;ARRESØ KANAL, ARRESØDAL SLUSE;32;689172;6207567;Halsnæs;Region Hovedstaden;Vandløb;Poel Å;22-07-2003;1;Feltmålinger, Vandløb;Ja;Miljøstyrelsen;https://vanda.miljoeportal.dk/link/d3cab80f-3063-470b-a987-2c569ad01ca0;FRB1696;32;689172;6207567;1;22-07-2003 09:01:00 +02:00;;Temperatur; =;21,4;grader C;3
Station;49000054;ARRESØ KANAL, ARRESØDAL SLUSE;32;689172;6207567;Halsnæs;Region Hovedstaden;Vandløb;Poel Å;12-08-1998;1;Feltmålinger, Vandløb;Ja;Miljøstyrelsen;https://vanda.miljoeportal.dk/link/b08232d6-feb5-4be3-b9ab-2a9b90150b25;FRB1696;32;689172;6207567;1;12-08-1998 07:13:00 +02:00;;Oxygen indhold; =;11,5;mg/l;3
Station;49000054;ARRESØ KANAL, ARRESØDAL SLUSE;32;689172;6207567;Halsnæs;Region Hovedstaden;Vandløb;Poel Å;09-11-1994;1;Feltmålinger, Vandløb;Ja;Miljøstyrelsen;https://vanda.miljoeportal.dk/link/e2e17a55-7efa-4c89-9546-a4aeb0f0655e;FRB1696;32;689172;6207567;1;09-11-1994 10:37:00 +01:00;;Temperatur; =;6,4;grader C;3
Station;49000054;ARRESØ KANAL, ARRESØDAL SLUSE;32;689172;6207567;Halsnæs;Region Hovedstaden;Vandløb;Poel Å;19-05-2022;1;Feltmålinger, Vandløb;Ja;Miljøstyrelsen;https://vanda.miljoeportal.dk/link/19de493b-d129-481a-80f8-e892b6b025c7;FRB1696;32;689172;6207567;1;19-05-2022 15:59:00 +02:00;;Temperatur; =;17,1;grader C;2
Station;49000054;ARRESØ KANAL, ARRESØDAL SLUSE;32;689172;6207567;Halsnæs;Region Hovedstaden;Vandløb;Poel Å;08-08-2023;1;Feltmålinger, Vandløb;Ja;Miljøstyrelsen;https://vanda.miljoeportal.dk/link/472c93b9-897e-465a-82ff-f8fbde438a77;FRB1696;32;689172;6207567;1;08-08-2023 09:47:00 +02:00;;Salinitet; =;0,2;promille;2
Station;49000054;ARRESØ KANAL, ARRESØDAL SLUSE;32;689172;6207567;Halsnæs;Region Hovedstaden;Vandløb;Poel Å;15-02-1995;1;Feltmålinger, Vandløb;Ja;Miljøstyrelsen;https://vanda.miljoeportal.dk/link/53bf4d18-c359-455d-bd81-2c1b91863bc7;FRB1696;32;689172;6207567;1;15-02-1995 10:46:00 +01:00;;Oxygen indhold; =;13,9;mg/l;3
Station;49000054;ARRESØ KANAL, ARRESØDAL SLUSE;32;689172;6207567;Halsnæs;Region Hovedstaden;Vandløb;Poel Å;23-11-1994;1;Feltmålinger, Vandløb;Ja;Miljøstyrelsen;https://vanda.miljoeportal.dk/link/7f4876e5-96fb-4b3b-bc70-f3d10945600b;FRB1696;32;689172;6207567;1;23-11-1994 10:51:00 +01:00;;Temperatur; =;5,5;grader C;3
Station;49000054;ARRESØ KANAL, ARRESØDAL SLUSE;32;689172;6207567;Halsnæs;Region Hovedstaden;Vandløb;Poel Å;22-05-2017;1;Feltmålinger, Vandløb;Ja;Miljøstyrelsen;https://vanda.miljoeportal.dk/link/1eb13fd5-38fb-44a7-a00e-62386aae86f0;FRB1696;32;689172;6207567;1;22-05-2017 08:20:00 +02:00;;pH; =;8,5;pH;2
Station;49000054;ARRESØ KANAL, ARRESØDAL SLUSE;32;689172;6207567;Halsnæs;Region Hovedstaden;Vandløb;Poel Å;30-09-2003;1;Feltmålinger, Vandløb;Ja;Miljøstyrelsen;https://vanda.miljoeportal.dk/link/c89c20cc-c9e4-4cb9-9b4e-77fcd88c8b33;FRB1696;32;689172;6207567;1;30-09-2003 10:28:00 +02:00;;Temperatur; =;11,4;grader C;3
Station;49000054;ARRESØ KANAL, ARRESØDAL SLUSE;32;689172;6207567;Halsnæs;Region Hovedstaden;Vandløb;Poel Å;05-02-2013;1;Feltmålinger, Vandløb;Ja;Miljøstyrelsen;https://vanda.miljoeportal.dk/link/5be4e174-f946-46eb-809f-b1e15b65423b;FRB1696;32;689172;6207567;1;05-02-2013 10:20:00 +01:00;;pH; =;8,7;pH;3
Station;49000054;ARRESØ KANAL, ARRESØDAL SLUSE;32;689172;6207567;Halsnæs;Region Hovedstaden;Vandløb;Poel Å;13-11-1991;1;Feltmålinger, Vandløb;Ja;Miljøstyrelsen;https://vanda.miljoeportal.dk/link/16c57dd3-70aa-4dba-a6ab-d02f52310519;FRB1696;32;689172;6207567;1;13-11-1991 10:40:00 +01:00;;Temperatur; =;2,6;grader C;3
Station;49000054;ARRESØ KANAL, ARRESØDAL SLUSE;32;689172;6207567;Halsnæs;Region Hovedstaden;Vandløb;Poel Å;02-07-1997;1;Feltmålinger, Vandløb;Ja;Miljøstyrelsen;https://vanda.miljoeportal.dk/link/778c1915-8fa6-439a-95df-548498328907;FRB1696;32;689172;6207567;1;02-07-1997 08:13:00 +02:00;;Temperatur; =;19,3;grader C;3
Station;49000054;ARRESØ KANAL, ARRESØDAL SLUSE;32;689172;6207567;Halsnæs;Region Hovedstaden;Vandløb;Poel Å;23-11-1994;1;Feltmålinger, Vandløb;Ja;Miljøstyrelsen;https://vanda.miljoeportal.dk/link/7f4876e5-96fb-4b3b-bc70-f3d10945600b;FRB1696;32;689172;6207567;1;23-11-1994 10:51:00 +01:00;;Oxygen indhold; =;12,2;mg/l;3
Station;49000054;ARRESØ KANAL, ARRESØDAL SLUSE;32;689172;6207567;Halsnæs;Region Hovedstaden;Vandløb;Poel Å;11-12-1991;1;Feltmålinger, Vandløb;Ja;Miljøstyrelsen;https://vanda.miljoeportal.dk/link/191209bf-d587-410b-8b42-922db49149f8;FRB1696;32;689172;6207567;1;11-12-1991 09:45:00 +01:00;;Oxygen indhold; =;15,8;mg/l;3
Station;49000054;ARRESØ KANAL, ARRESØDAL SLUSE;32;689172;6207567;Halsnæs;Region Hovedstaden;Vandløb;Poel Å;30-01-2002;1;Feltmålinger, Vandløb;Ja;Miljøstyrelsen;https://vanda.miljoeportal.dk/link/ca96891d-b7d8-4f84-932a-ead0594aef59;FRB1696;32;689172;6207567;1;30-01-2002 08:50:00 +01:00;;Temperatur; =;3,4;grader C;3
Station;49000054;ARRESØ KANAL, ARRESØDAL SLUSE;32;689172;6207567;Halsnæs;Region Hovedstaden;Vandløb;Poel Å;17-01-2007;1;Feltmålinger, Vandløb;Ja;Miljøstyrelsen;https://vanda.miljoeportal.dk/link/4cea5e19-1f5e-4eab-bf8b-94486a5ee824;FRB1696;32;689172;6207567;1;17-01-2007 09:35:00 +01:00;;Oxygen indhold; =;12,6;mg/l;2
Station;49000054;ARRESØ KANAL, ARRESØDAL SLUSE;32;689172;6207567;Halsnæs;Region Hovedstaden;Vandløb;Poel Å;14-02-2001;1;Feltmålinger, Vandløb;Ja;Miljøstyrelsen;https://vanda.miljoeportal.dk/link/dd4035d2-23fb-41ac-b9b4-d19b4fd02cfe;FRB1696;32;689172;6207567;1;14-02-2001 09:20:00 +01:00;;Temperatur; =;1,4;grader C;3
Station;49000054;ARRESØ KANAL, ARRESØDAL SLUSE;32;689172;6207567;Halsnæs;Region Hovedstaden;Vandløb;Poel Å;13-09-2006;1;Feltmålinger, Vandløb;Ja;Miljøstyrelsen;https://vanda.miljoeportal.dk/link/47e345ae-de24-4856-84d7-ec502322e793;FRB1696;32;689172;6207567;1;13-09-2006 10:35:00 +02:00;;Temperatur; =;17,1;grader C;2
Station;49000054;ARRESØ KANAL, ARRESØDAL SLUSE;32;689172;6207567;Halsnæs;Region Hovedstaden;Vandløb;Poel Å;22-05-2002;1;Feltmålinger, Vandløb;Ja;Miljøstyrelsen;https://vanda.miljoeportal.dk/link/6773e1d2-97eb-4ac2-9383-ae47f06f68a5;FRB1696;32;689172;6207567;1;22-05-2002 06:55:00 +02:00;;Temperatur; =;15,4;grader C;3
Station;49000054;ARRESØ KANAL, ARRESØDAL SLUSE;32;689172;6207567;Halsnæs;Region Hovedstaden;Vandløb;Poel Å;06-05-2019;1;Feltmålinger, Vandløb;Ja;Miljøstyrelsen;https://vanda.miljoeportal.dk/link/676b400a-83fb-49d9-81c0-8269023c3751;FRB1696;32;689172;6207567;1;06-05-2019 10:00:00 +02:00;;pH; =;8,8;pH;2
Station;49000054;ARRESØ KANAL, ARRESØDAL SLUSE;32;689172;6207567;Halsnæs;Region Hovedstaden;Vandløb;Poel Å;17-03-2016;1;Feltmålinger, Vandløb;Ja;Miljøstyrelsen;https://vanda.miljoeportal.dk/link/3f1ba705-9d09-4de0-80a6-f9e74ceb7780;FRB1696;32;689172;6207567;1;17-03-2016 07:40:00 +01:00;;Temperatur; =;5,2;grader C;3
Station;49000054;ARRESØ KANAL, ARRESØDAL SLUSE;32;689172;6207567;Halsnæs;Region Hovedstaden;Vandløb;Poel Å;26-09-1990;1;Feltmålinger, Vandløb;Ja;Miljøstyrelsen;https://vanda.miljoeportal.dk/link/f4d2e4b0-360f-4d8c-ab06-15094bb9fa68;FRB1696;32;689172;6207567;1;26-09-1990 09:30:00 +02:00;;Oxygen indhold; =;9,9;mg/l;3
Station;49000054;ARRESØ KANAL, ARRESØDAL SLUSE;32;689172;6207567;Halsnæs;Region Hovedstaden;Vandløb;Poel Å;08-07-1992;1;Feltmålinger, Vandløb;Ja;Miljøstyrelsen;https://vanda.miljoeportal.dk/link/a341f0e6-b665-4ece-be89-a595f58620b1;FRB1696;32;689172;6207567;1;08-07-1992 08:16:00 +02:00;;Temperatur; =;21,4;grader C;3
Station;49000054;ARRESØ KANAL, ARRESØDAL SLUSE;32;689172;6207567;Halsnæs;Region Hovedstaden;Vandløb;Poel Å;13-03-2007;1;Feltmålinger, Vandløb;Ja;Miljøstyrelsen;https://vanda.miljoeportal.dk/link/3d53a0a6-7bac-4c6e-9f91-e36c45524fe4;FRB1696;32;689172;6207567;1;13-03-2007 09:45:00 +01:00;;Temperatur; =;5,8;grader C;3
Station;49000054;ARRESØ KANAL, ARRESØDAL SLUSE;32;689172;6207567;Halsnæs;Region Hovedstaden;Vandløb;Poel Å;03-01-1997;1;Feltmålinger, Vandløb;Ja;Miljøstyrelsen;https://vanda.miljoeportal.dk/link/6f3f23b2-f1e5-4cc4-ad1e-c04dfc1dddd5;FRB1696;32;689172;6207567;1;03-01-1997 09:37:00 +01:00;;Temperatur; =;0,9;grader C;2
Station;49000054;ARRESØ KANAL, ARRESØDAL SLUSE;32;689172;6207567;Halsnæs;Region Hovedstaden;Vandløb;Poel Å;18-09-2019;1;Feltmålinger, Vandløb;Ja;Miljøstyrelsen;https://vanda.miljoeportal.dk/link/a1b2b13f-d3a8-497b-9cf5-d841120edf23;FRB1696;32;689172;6207567;1;18-09-2019 11:30:00 +02:00;;pH; =;8,8;pH;2
Station;49000054;ARRESØ KANAL, ARRESØDAL SLUSE;32;689172;6207567;Halsnæs;Region Hovedstaden;Vandløb;Poel Å;20-03-1991;1;Feltmålinger, Vandløb;Ja;Miljøstyrelsen;https://vanda.miljoeportal.dk/link/89bbbd5a-460c-4138-8fa0-b916393ccb5d;FRB1696;32;689172;6207567;1;20-03-1991 09:40:00 +01:00;;Oxygen indhold; =;13,4;mg/l;3
Station;49000054;ARRESØ KANAL, ARRESØDAL SLUSE;32;689172;6207567;Halsnæs;Region Hovedstaden;Vandløb;Poel Å;31-10-1990;1;Feltmålinger, Vandløb;Ja;Miljøstyrelsen;https://vanda.miljoeportal.dk/link/4214016d-8098-446e-9c00-079467e107fd;FRB1696;32;689172;6207567;1;31-10-1990 09:25:00 +01:00;;Oxygen indhold; =;12,2;mg/l;3
Station;49000054;ARRESØ KANAL, ARRESØDAL SLUSE;32;689172;6207567;Halsnæs;Region Hovedstaden;Vandløb;Poel Å;25-01-1989;1;Feltmålinger, Vandløb;Ja;Miljøstyrelsen;https://vanda.miljoeportal.dk/link/f0162de0-c536-4af0-804c-631fce9cf390;FRB1696;32;689172;6207567;1;25-01-1989 09:40:00 +01:00;;Temperatur; =;4,2;grader C;3
Station;49000054;ARRESØ KANAL, ARRESØDAL SLUSE;32;689172;6207567;Halsnæs;Region Hovedstaden;Vandløb;Poel Å;05-07-2018;1;Feltmålinger, Vandløb;Ja;Miljøstyrelsen;https://vanda.miljoeportal.dk/link/36c9551c-b8b4-4788-acc2-1154b2440a8d;FRB1696;32;689172;6207567;1;05-07-2018 07:00:00 +02:00;;Temperatur; =;21,6;grader C;2
Station;49000054;ARRESØ KANAL, ARRESØDAL SLUSE;32;689172;6207567;Halsnæs;Region Hovedstaden;Vandløb;Poel Å;12-02-1997;1;Feltmålinger, Vandløb;Ja;Miljøstyrelsen;https://vanda.miljoeportal.dk/link/8dfdcc44-0765-4622-83c7-a62fc3438828;FRB1696;32;689172;6207567;1;12-02-1997 11:00:00 +01:00;;Oxygen indhold; =;2;mg/l;2
Station;49000054;ARRESØ KANAL, ARRESØDAL SLUSE;32;689172;6207567;Halsnæs;Region Hovedstaden;Vandløb;Poel Å;04-04-2019;1;Feltmålinger, Vandløb;Ja;Miljøstyrelsen;https://vanda.miljoeportal.dk/link/fd95b60a-3955-43e2-b503-074e6308a4b4;FRB1696;32;689172;6207567;1;04-04-2019 12:20:00 +02:00;;pH; =;9;pH;2
Station;49000054;ARRESØ KANAL, ARRESØDAL SLUSE;32;689172;6207567;Halsnæs;Region Hovedstaden;Vandløb;Poel Å;22-04-1998;1;Feltmålinger, Vandløb;Ja;Miljøstyrelsen;https://vanda.miljoeportal.dk/link/20ea0eae-41c7-409f-996d-368ad34c97af;FRB1696;32;689172;6207567;1;22-04-1998 07:30:00 +02:00;;Temperatur; =;8,6;grader C;3
Station;49000054;ARRESØ KANAL, ARRESØDAL SLUSE;32;689172;6207567;Halsnæs;Region Hovedstaden;Vandløb;Poel Å;10-01-1990;1;Feltmålinger, Vandløb;Ja;Miljøstyrelsen;https://vanda.miljoeportal.dk/link/fde8b2a0-1626-4c5f-b551-2ce8a99465bf;FRB1696;32;689172;6207567;1;10-01-1990 09:45:00 +01:00;;Temperatur; =;1,1;grader C;3
Station;49000054;ARRESØ KANAL, ARRESØDAL SLUSE;32;689172;6207567;Halsnæs;Region Hovedstaden;Vandløb;Poel Å;16-07-1997;1;Feltmålinger, Vandløb;Ja;Miljøstyrelsen;https://vanda.miljoeportal.dk/link/b70b01a1-7ba5-4ecf-99a8-12839e3bfe9c;FRB1696;32;689172;6207567;1;16-07-1997 00:00:00 +02:00;;Temperatur; =;22,4;grader C;2
Station;49000054;ARRESØ KANAL, ARRESØDAL SLUSE;32;689172;6207567;Halsnæs;Region Hovedstaden;Vandløb;Poel Å;25-09-2002;1;Feltmålinger, Vandløb;Ja;Miljøstyrelsen;https://vanda.miljoeportal.dk/link/0e58bc48-79d6-4635-808d-655ba2a74cbc;FRB1696;32;689172;6207567;1;25-09-2002 06:45:00 +02:00;;Temperatur; =;13,1;grader C;3
Station;49000054;ARRESØ KANAL, ARRESØDAL SLUSE;32;689172;6207567;Halsnæs;Region Hovedstaden;Vandløb;Poel Å;09-03-2005;1;Feltmålinger, Vandløb;Ja;Miljøstyrelsen;https://vanda.miljoeportal.dk/link/dcc25f75-6166-46a4-bbae-8bf369299d89;FRB1696;32;689172;6207567;1;09-03-2005 08:50:00 +01:00;;Oxygen indhold; =;20,1;mg/l;2
Station;49000054;ARRESØ KANAL, ARRESØDAL SLUSE;32;689172;6207567;Halsnæs;Region Hovedstaden;Vandløb;Poel Å;23-02-2022;1;Feltmålinger, Vandløb;Ja;Miljøstyrelsen;https://vanda.miljoeportal.dk/link/ad07013b-a41a-4911-9070-f38f419ab445;FRB1696;32;689172;6207567;1;23-02-2022 13:06:00 +01:00;;pH; =;9,01;pH;2
Station;49000054;ARRESØ KANAL, ARRESØDAL SLUSE;32;689172;6207567;Halsnæs;Region Hovedstaden;Vandløb;Poel Å;04-01-2006;1;Feltmålinger, Vandløb;Ja;Miljøstyrelsen;https://vanda.miljoeportal.dk/link/ee38bbff-bfe1-48b6-b643-991e05d777bf;FRB1696;32;689172;6207567;1;04-01-2006 08:50:00 +01:00;;Oxygen indhold; =;12,2;mg/l;2
Station;49000054;ARRESØ KANAL, ARRESØDAL SLUSE;32;689172;6207567;Halsnæs;Region Hovedstaden;Vandløb;Poel Å;08-02-2023;1;Feltmålinger, Vandløb;Ja;Miljøstyrelsen;https://vanda.miljoeportal.dk/link/b84ce10d-52c8-4cfd-9f92-461abe3bd0f5;FRB1696;32;689172;6207567;1;08-02-2023 08:51:00 +01:00;;pH; =;8,56;pH;2
Station;49000054;ARRESØ KANAL, ARRESØDAL SLUSE;32;689172;6207567;Halsnæs;Region Hovedstaden;Vandløb;Poel Å;02-08-1995;1;Feltmålinger, Vandløb;Ja;Miljøstyrelsen;https://vanda.miljoeportal.dk/link/7cb32b76-4490-48c0-ae9a-66a4fef8d462;FRB1696;32;689172;6207567;1;02-08-1995 09:45:00 +02:00;;Oxygen indhold; =;8,8;mg/l;2
Station;49000054;ARRESØ KANAL, ARRESØDAL SLUSE;32;689172;6207567;Halsnæs;Region Hovedstaden;Vandløb;Poel Å;11-09-2020;1;Feltmålinger, Vandløb;Ja;Miljøstyrelsen;https://vanda.miljoeportal.dk/link/bebd849c-c360-46f5-909b-a493fe263c49;FRB1696;32;689172;6207567;1;11-09-2020 11:21:00 +02:00;;Temperatur; =;15,4;grader C;2
Station;49000054;ARRESØ KANAL, ARRESØDAL SLUSE;32;689172;6207567;Halsnæs;Region Hovedstaden;Vandløb;Poel Å;01-07-2014;1;Feltmålinger, Vandløb;Ja;Miljøstyrelsen;https://vanda.miljoeportal.dk/link/e07491f4-8c6c-4544-bb67-aa640cd74cbf;FRB1696;32;689172;6207567;1;01-07-2014 10:15:00 +02:00;;pH; =;8,6;pH;3
Station;49000054;ARRESØ KANAL, ARRESØDAL SLUSE;32;689172;6207567;Halsnæs;Region Hovedstaden;Vandløb;Poel Å;07-06-1995;1;Feltmålinger, Vandløb;Ja;Miljøstyrelsen;https://vanda.miljoeportal.dk/link/55eeaf92-6ab9-429e-a8f8-e0cc5de19d06;FRB1696;32;689172;6207567;1;07-06-1995 10:30:00 +02:00;;Temperatur; =;17,5;grader C;3
Station;49000054;ARRESØ KANAL, ARRESØDAL SLUSE;32;689172;6207567;Halsnæs;Region Hovedstaden;Vandløb;Poel Å;10-01-2012;1;Feltmålinger, Vandløb;Ja;Miljøstyrelsen;https://vanda.miljoeportal.dk/link/0fdf3961-8ba1-4e08-8ca7-6d59252edf06;FRB1696;32;689172;6207567;1;10-01-2012 10:45:00 +01:00;;pH; =;8,4;pH;3
Station;49000054;ARRESØ KANAL, ARRESØDAL SLUSE;32;689172;6207567;Halsnæs;Region Hovedstaden;Vandløb;Poel Å;22-04-1998;1;Feltmålinger, Vandløb;Ja;Miljøstyrelsen;https://vanda.miljoeportal.dk/link/20ea0eae-41c7-409f-996d-368ad34c97af;FRB1696;32;689172;6207567;1;22-04-1998 07:30:00 +02:00;;Oxygen indhold; =;12,6;mg/l;3
Station;49000054;ARRESØ KANAL, ARRESØDAL SLUSE;32;689172;6207567;Halsnæs;Region Hovedstaden;Vandløb;Poel Å;21-11-2001;1;Feltmålinger, Vandløb;Ja;Miljøstyrelsen;https://vanda.miljoeportal.dk/link/b63b5fa0-78ad-48b0-aa89-b73c80a430b8;FRB1696;32;689172;6207567;1;21-11-2001 10:20:00 +01:00;;Oxygen indhold; =;12,1;mg/l;3
Station;49000054;ARRESØ KANAL, ARRESØDAL SLUSE;32;689172;6207567;Halsnæs;Region Hovedstaden;Vandløb;Poel Å;10-11-1999;1;Feltmålinger, Vandløb;Ja;Miljøstyrelsen;https://vanda.miljoeportal.dk/link/5ba8836d-374d-46a9-9f0a-c1dc825d5076;FRB1696;32;689172;6207567;1;10-11-1999 10:40:00 +01:00;;Temperatur; =;7,3;grader C;3
Station;49000054;ARRESØ KANAL, ARRESØDAL SLUSE;32;689172;6207567;Halsnæs;Region Hovedstaden;Vandløb;Poel Å;05-12-2001;1;Feltmålinger, Vandløb;Ja;Miljøstyrelsen;https://vanda.miljoeportal.dk/link/5de97429-6c33-454d-810e-692c8538c389;FRB1696;32;689172;6207567;1;05-12-2001 09:20:00 +01:00;;Temperatur; =;2,7;grader C;3
Station;49000054;ARRESØ KANAL, ARRESØDAL SLUSE;32;689172;6207567;Halsnæs;Region Hovedstaden;Vandløb;Poel Å;24-10-2001;1;Feltmålinger, Vandløb;Ja;Miljøstyrelsen;https://vanda.miljoeportal.dk/link/83b43a34-9c71-4a31-9e15-9d0ec159d614;FRB1696;32;689172;6207567;1;24-10-2001 09:50:00 +02:00;;Temperatur; =;9,3;grader C;3
Station;49000054;ARRESØ KANAL, ARRESØDAL SLUSE;32;689172;6207567;Halsnæs;Region Hovedstaden;Vandløb;Poel Å;17-03-2016;1;Feltmålinger, Vandløb;Ja;Miljøstyrelsen;https://vanda.miljoeportal.dk/link/3f1ba705-9d09-4de0-80a6-f9e74ceb7780;FRB1696;32;689172;6207567;1;17-03-2016 07:40:00 +01:00;;pH; =;8,9;pH;3
Station;49000054;ARRESØ KANAL, ARRESØDAL SLUSE;32;689172;6207567;Halsnæs;Region Hovedstaden;Vandløb;Poel Å;02-05-2023;1;Feltmålinger, Vandløb;Ja;Miljøstyrelsen;https://vanda.miljoeportal.dk/link/0a1b6ad6-ec04-42a7-9302-a93bc7ddda25;FRB1696;32;689172;6207567;1;02-05-2023 10:30:00 +02:00;;pH; =;8,46;pH;2
Station;49000054;ARRESØ KANAL, ARRESØDAL SLUSE;32;689172;6207567;Halsnæs;Region Hovedstaden;Vandløb;Poel Å;19-07-2011;1;Feltmålinger, Vandløb;Ja;Miljøstyrelsen;https://vanda.miljoeportal.dk/link/b361d62d-09ad-4c84-b2d3-b776ab25297f;FRB1696;32;689172;6207567;1;19-07-2011 12:30:00 +02:00;;pH; =;8,8;pH;3
Station;49000054;ARRESØ KANAL, ARRESØDAL SLUSE;32;689172;6207567;Halsnæs;Region Hovedstaden;Vandløb;Poel Å;29-04-2015;1;Feltmålinger, Vandløb;Ja;Miljøstyrelsen;https://vanda.miljoeportal.dk/link/86fe8ae8-a5e4-4d81-96b4-472562dbe99b;FRB1696;32;689172;6207567;1;29-04-2015 07:50:00 +02:00;;pH; =;9,2;pH;2
Station;49000054;ARRESØ KANAL, ARRESØDAL SLUSE;32;689172;6207567;Halsnæs;Region Hovedstaden;Vandløb;Poel Å;29-03-2000;1;Feltmålinger, Vandløb;Ja;Miljøstyrelsen;https://vanda.miljoeportal.dk/link/262dd136-420e-440c-875a-44fadbcae589;FRB1696;32;689172;6207567;1;29-03-2000 09:35:00 +02:00;;Oxygen indhold; =;13;mg/l;3
Station;49000054;ARRESØ KANAL, ARRESØDAL SLUSE;32;689172;6207567;Halsnæs;Region Hovedstaden;Vandløb;Poel Å;05-04-1989;1;Feltmålinger, Vandløb;Ja;Miljøstyrelsen;https://vanda.miljoeportal.dk/link/c5a27b28-2870-424e-ade0-d5b3b670b8f5;FRB1696;32;689172;6207567;1;05-04-1989 09:40:00 +02:00;;Temperatur; =;3,7;grader C;3
Station;49000054;ARRESØ KANAL, ARRESØDAL SLUSE;32;689172;6207567;Halsnæs;Region Hovedstaden;Vandløb;Poel Å;06-03-1991;1;Feltmålinger, Vandløb;Ja;Miljøstyrelsen;https://vanda.miljoeportal.dk/link/d46f37aa-e351-464f-869d-cad4c20e807c;FRB1696;32;689172;6207567;1;06-03-1991 09:30:00 +01:00;;Temperatur; =;1,1;grader C;3
Station;49000054;ARRESØ KANAL, ARRESØDAL SLUSE;32;689172;6207567;Halsnæs;Region Hovedstaden;Vandløb;Poel Å;14-01-2014;1;Feltmålinger, Vandløb;Ja;Miljøstyrelsen;https://vanda.miljoeportal.dk/link/94c90df5-5d08-4237-8919-d1a746056ceb;FRB1696;32;689172;6207567;1;14-01-2014 11:00:00 +01:00;;Temperatur; =;2,9;grader C;3
Station;49000054;ARRESØ KANAL, ARRESØDAL SLUSE;32;689172;6207567;Halsnæs;Region Hovedstaden;Vandløb;Poel Å;21-10-1992;1;Feltmålinger, Vandløb;Ja;Miljøstyrelsen;https://vanda.miljoeportal.dk/link/fcfe594e-580f-4dfd-804b-f0a6590c8839;FRB1696;32;689172;6207567;1;21-10-1992 11:00:00 +01:00;;Temperatur; =;6,9;grader C;3
Station;49000054;ARRESØ KANAL, ARRESØDAL SLUSE;32;689172;6207567;Halsnæs;Region Hovedstaden;Vandløb;Poel Å;11-11-1993;1;Feltmålinger, Vandløb;Ja;Miljøstyrelsen;https://vanda.miljoeportal.dk/link/e8ca7e56-8904-4254-bfef-b971b13cdf66;FRB1696;32;689172;6207567;1;11-11-1993 08:31:00 +01:00;;Oxygen indhold; =;12,5;mg/l;3
Station;49000054;ARRESØ KANAL, ARRESØDAL SLUSE;32;689172;6207567;Halsnæs;Region Hovedstaden;Vandløb;Poel Å;22-05-2002;1;Feltmålinger, Vandløb;Ja;Miljøstyrelsen;https://vanda.miljoeportal.dk/link/6773e1d2-97eb-4ac2-9383-ae47f06f68a5;FRB1696;32;689172;6207567;1;22-05-2002 06:55:00 +02:00;;Oxygen indhold; =;9,1;mg/l;3
Station;49000054;ARRESØ KANAL, ARRESØDAL SLUSE;32;689172;6207567;Halsnæs;Region Hovedstaden;Vandløb;Poel Å;05-10-2016;1;Feltmålinger, Vandløb;Ja;Miljøstyrelsen;https://vanda.miljoeportal.dk/link/9b565ffc-6318-4b1b-b118-8513e0af2923;FRB1696;32;689172;6207567;1;05-10-2016 07:55:00 +02:00;;Temperatur; =;11,1;grader C;3
Station;49000054;ARRESØ KANAL, ARRESØDAL SLUSE;32;689172;6207567;Halsnæs;Region Hovedstaden;Vandløb;Poel Å;02-03-2016;1;Feltmålinger, Vandløb;Ja;Miljøstyrelsen;https://vanda.miljoeportal.dk/link/90889fd3-43ca-4a62-a6de-50f3a6345067;FRB1696;32;689172;6207567;1;02-03-2016 08:05:00 +01:00;;Temperatur; =;2,1;grader C;3
Station;49000054;ARRESØ KANAL, ARRESØDAL SLUSE;32;689172;6207567;Halsnæs;Region Hovedstaden;Vandløb;Poel Å;07-05-2014;1;Feltmålinger, Vandløb;Ja;Miljøstyrelsen;https://vanda.miljoeportal.dk/link/46a338bd-194c-4e63-a199-e4f14df9328f;FRB1696;32;689172;6207567;1;07-05-2014 10:30:00 +02:00;;pH; =;8,7;pH;3
Station;49000054;ARRESØ KANAL, ARRESØDAL SLUSE;32;689172;6207567;Halsnæs;Region Hovedstaden;Vandløb;Poel Å;18-01-1989;1;Feltmålinger, Vandløb;Ja;Miljøstyrelsen;https://vanda.miljoeportal.dk/link/5e2bfb1e-138e-4e90-88c6-a4be1110c1bc;FRB1696;32;689172;6207567;1;18-01-1989 09:40:00 +01:00;;Oxygen indhold; =;13,9;mg/l;3
Station;49000054;ARRESØ KANAL, ARRESØDAL SLUSE;32;689172;6207567;Halsnæs;Region Hovedstaden;Vandløb;Poel Å;01-08-2001;1;Feltmålinger, Vandløb;Ja;Miljøstyrelsen;https://vanda.miljoeportal.dk/link/0063cabf-0563-4c85-9ad6-0b44c443307a;FRB1696;32;689172;6207567;1;01-08-2001 11:35:00 +02:00;;Oxygen indhold; =;6,9;mg/l;3
Station;49000054;ARRESØ KANAL, ARRESØDAL SLUSE;32;689172;6207567;Halsnæs;Region Hovedstaden;Vandløb;Poel Å;30-08-2019;1;Feltmålinger, Vandløb;Ja;Miljøstyrelsen;https://vanda.miljoeportal.dk/link/a406d037-31e2-43a3-ba16-9328a9bfa910;FRB1696;32;689172;6207567;1;30-08-2019 12:00:00 +02:00;;Temperatur; =;21,9;grader C;2
Station;49000054;ARRESØ KANAL, ARRESØDAL SLUSE;32;689172;6207567;Halsnæs;Region Hovedstaden;Vandløb;Poel Å;22-07-1992;1;Feltmålinger, Vandløb;Ja;Miljøstyrelsen;https://vanda.miljoeportal.dk/link/3a1c47f9-2525-487f-a0ae-b721385eb41b;FRB1696;32;689172;6207567;1;22-07-1992 09:25:00 +02:00;;Temperatur; =;20,7;grader C;3
Station;49000054;ARRESØ KANAL, ARRESØDAL SLUSE;32;689172;6207567;Halsnæs;Region Hovedstaden;Vandløb;Poel Å;14-04-2003;1;Feltmålinger, Vandløb;Ja;Miljøstyrelsen;https://vanda.miljoeportal.dk/link/218c1859-4a0f-45e4-b82a-d9a4675a6607;FRB1696;32;689172;6207567;1;14-04-2003 10:50:00 +02:00;;Oxygenmætning; =;96;pct;3
Station;49000054;ARRESØ KANAL, ARRESØDAL SLUSE;32;689172;6207567;Halsnæs;Region Hovedstaden;Vandløb;Poel Å;18-04-2017;1;Feltmålinger, Vandløb;Ja;Miljøstyrelsen;https://vanda.miljoeportal.dk/link/057ee659-589a-4623-abd4-6e1a32d3b177;FRB1696;32;689172;6207567;1;18-04-2017 07:50:00 +02:00;;pH; =;9;pH;2
Station;49000054;ARRESØ KANAL, ARRESØDAL SLUSE;32;689172;6207567;Halsnæs;Region Hovedstaden;Vandløb;Poel Å;08-11-2016;1;Feltmålinger, Vandløb;Ja;Miljøstyrelsen;https://vanda.miljoeportal.dk/link/f7868154-2bb2-496a-8f59-e23df5ea1c8b;FRB1696;32;689172;6207567;1;08-11-2016 07:50:00 +01:00;;Temperatur; =;3,5;grader C;3
Station;49000054;ARRESØ KANAL, ARRESØDAL SLUSE;32;689172;6207567;Halsnæs;Region Hovedstaden;Vandløb;Poel Å;17-02-1993;1;Feltmålinger, Vandløb;Ja;Miljøstyrelsen;https://vanda.miljoeportal.dk/link/5c811f88-1d62-4c42-8a81-375729ee6699;FRB1696;32;689172;6207567;1;17-02-1993 09:10:00 +01:00;;Temperatur; =;2,6;grader C;3
Station;49000054;ARRESØ KANAL, ARRESØDAL SLUSE;32;689172;6207567;Halsnæs;Region Hovedstaden;Vandløb;Poel Å;31-01-1996;1;Feltmålinger, Vandløb;Ja;Miljøstyrelsen;https://vanda.miljoeportal.dk/link/63754565-cbd1-4bfe-8071-c53034e81e5e;FRB1696;32;689172;6207567;1;31-01-1996 09:52:00 +01:00;;Oxygen indhold; =;15,7;mg/l;3
Station;49000054;ARRESØ KANAL, ARRESØDAL SLUSE;32;689172;6207567;Halsnæs;Region Hovedstaden;Vandløb;Poel Å;28-01-1998;1;Feltmålinger, Vandløb;Ja;Miljøstyrelsen;https://vanda.miljoeportal.dk/link/0499b413-b8c4-495d-97fb-2568daf30699;FRB1696;32;689172;6207567;1;28-01-1998 08:48:00 +01:00;;Oxygen indhold; =;14,1;mg/l;3
Station;49000054;ARRESØ KANAL, ARRESØDAL SLUSE;32;689172;6207567;Halsnæs;Region Hovedstaden;Vandløb;Poel Å;03-06-1997;1;Feltmålinger, Vandløb;Ja;Miljøstyrelsen;https://vanda.miljoeportal.dk/link/6d3bea03-10b2-4ead-8e99-ee93d1de7544;FRB1696;32;689172;6207567;1;03-06-1997 08:21:00 +02:00;;Temperatur; =;16,9;grader C;3
Station;49000054;ARRESØ KANAL, ARRESØDAL SLUSE;32;689172;6207567;Halsnæs;Region Hovedstaden;Vandløb;Poel Å;17-01-2001;1;Feltmålinger, Vandløb;Ja;Miljøstyrelsen;https://vanda.miljoeportal.dk/link/0784819e-910f-460b-84af-bf69d1884c8d;FRB1696;32;689172;6207567;1;17-01-2001 08:50:00 +01:00;;Oxygen indhold; =;12,8;mg/l;3
Station;49000054;ARRESØ KANAL, ARRESØDAL SLUSE;32;689172;6207567;Halsnæs;Region Hovedstaden;Vandløb;Poel Å;24-11-2009;1;Feltmålinger, Vandløb;Ja;Miljøstyrelsen;https://vanda.miljoeportal.dk/link/ac9328cf-8ddc-458b-b202-9157e3deb79d;FRB1696;32;689172;6207567;1;24-11-2009 10:30:00 +01:00;;Temperatur; =;7;grader C;3
Station;49000054;ARRESØ KANAL, ARRESØDAL SLUSE;32;689172;6207567;Halsnæs;Region Hovedstaden;Vandløb;Poel Å;06-09-2023;1;Feltmålinger, Vandløb;Ja;Miljøstyrelsen;https://vanda.miljoeportal.dk/link/7bc4f125-43ac-4f65-ac9e-66805a666180;FRB1696;32;689172;6207567;1;06-09-2023 11:45:00 +02:00;;pH; =;8,73;pH;2
Station;49000054;ARRESØ KANAL, ARRESØDAL SLUSE;32;689172;6207567;Halsnæs;Region Hovedstaden;Vandløb;Poel Å;31-01-1996;1;Feltmålinger, Vandløb;Ja;Miljøstyrelsen;https://vanda.miljoeportal.dk/link/63754565-cbd1-4bfe-8071-c53034e81e5e;FRB1696;32;689172;6207567;1;31-01-1996 09:52:00 +01:00;;Temperatur; =;1,4;grader C;3
Station;49000054;ARRESØ KANAL, ARRESØDAL SLUSE;32;689172;6207567;Halsnæs;Region Hovedstaden;Vandløb;Poel Å;07-04-1998;1;Feltmålinger, Vandløb;Ja;Miljøstyrelsen;https://vanda.miljoeportal.dk/link/0d1fa3c2-faab-4bfe-b0f3-2705a0445bdc;FRB1696;32;689172;6207567;1;07-04-1998 09:15:00 +02:00;;Temperatur; =;6,4;grader C;3
Station;49000054;ARRESØ KANAL, ARRESØDAL SLUSE;32;689172;6207567;Halsnæs;Region Hovedstaden;Vandløb;Poel Å;04-08-1993;1;Feltmålinger, Vandløb;Ja;Miljøstyrelsen;https://vanda.miljoeportal.dk/link/6ee944c2-61e4-48a7-a0ea-df5f99f34e21;FRB1696;32;689172;6207567;1;04-08-1993 08:24:00 +02:00;;Temperatur; =;17,2;grader C;3
Station;49000054;ARRESØ KANAL, ARRESØDAL SLUSE;32;689172;6207567;Halsnæs;Region Hovedstaden;Vandløb;Poel Å;07-05-2002;1;Feltmålinger, Vandløb;Ja;Miljøstyrelsen;https://vanda.miljoeportal.dk/link/aa9ca2eb-c0c1-485b-9688-b1ff405c2a63;FRB1696;32;689172;6207567;1;07-05-2002 08:35:00 +02:00;;Oxygen indhold; =;11,4;mg/l;3
Station;49000054;ARRESØ KANAL, ARRESØDAL SLUSE;32;689172;6207567;Halsnæs;Region Hovedstaden;Vandløb;Poel Å;12-06-2012;1;Feltmålinger, Vandløb;Ja;Miljøstyrelsen;https://vanda.miljoeportal.dk/link/1b8efd7e-6a7b-4bb9-917f-3346114cc5cc;FRB1696;32;689172;6207567;1;12-06-2012 09:45:00 +02:00;;Temperatur; =;15,8;grader C;3
Station;49000054;ARRESØ KANAL, ARRESØDAL SLUSE;32;689172;6207567;Halsnæs;Region Hovedstaden;Vandløb;Poel Å;06-12-1989;1;Feltmålinger, Vandløb;Ja;Miljøstyrelsen;https://vanda.miljoeportal.dk/link/f8ee04fc-3ece-458c-9ed7-01c18957875d;FRB1696;32;689172;6207567;1;06-12-1989 10:45:00 +01:00;;Oxygen indhold; =;15,8;mg/l;3
Station;49000054;ARRESØ KANAL, ARRESØDAL SLUSE;32;689172;6207567;Halsnæs;Region Hovedstaden;Vandløb;Poel Å;19-07-2006;1;Feltmålinger, Vandløb;Ja;Miljøstyrelsen;https://vanda.miljoeportal.dk/link/9240358e-c893-4e98-9901-ee9fdc727d44;FRB1696;32;689172;6207567;1;19-07-2006 10:15:00 +02:00;;Oxygenmætning; =;125;pct;2
Station;49000054;ARRESØ KANAL, ARRESØDAL SLUSE;32;689172;6207567;Halsnæs;Region Hovedstaden;Vandløb;Poel Å;28-08-2002;1;Feltmålinger, Vandløb;Ja;Miljøstyrelsen;https://vanda.miljoeportal.dk/link/03a05405-885f-4edc-86d6-6cf2c44f5186;FRB1696;32;689172;6207567;1;28-08-2002 07:10:00 +02:00;;Oxygen indhold; =;8,9;mg/l;2
Station;49000054;ARRESØ KANAL, ARRESØDAL SLUSE;32;689172;6207567;Halsnæs;Region Hovedstaden;Vandløb;Poel Å;17-12-2013;1;Feltmålinger, Vandløb;Ja;Miljøstyrelsen;https://vanda.miljoeportal.dk/link/5e391dc2-6c4b-4b01-9479-69770ec73d13;FRB1696;32;689172;6207567;1;17-12-2013 10:45:00 +01:00;;pH; =;8,1;pH;3
Station;49000054;ARRESØ KANAL, ARRESØDAL SLUSE;32;689172;6207567;Halsnæs;Region Hovedstaden;Vandløb;Poel Å;04-01-2006;1;Feltmålinger, Vandløb;Ja;Miljøstyrelsen;https://vanda.miljoeportal.dk/link/ee38bbff-bfe1-48b6-b643-991e05d777bf;FRB1696;32;689172;6207567;1;04-01-2006 08:50:00 +01:00;;Oxygenmætning; =;81;pct;2
Station;49000054;ARRESØ KANAL, ARRESØDAL SLUSE;32;689172;6207567;Halsnæs;Region Hovedstaden;Vandløb;Poel Å;15-02-2005;1;Feltmålinger, Vandløb;Ja;Miljøstyrelsen;https://vanda.miljoeportal.dk/link/cd7e83bd-7407-4597-8c41-ec9e7d67a4f6;FRB1696;32;689172;6207567;1;15-02-2005 10:35:00 +01:00;;Temperatur; =;0,1;grader C;3
Station;49000054;ARRESØ KANAL, ARRESØDAL SLUSE;32;689172;6207567;Halsnæs;Region Hovedstaden;Vandløb;Poel Å;26-06-2013;1;Feltmålinger, Vandløb;Ja;Miljøstyrelsen;https://vanda.miljoeportal.dk/link/e468369c-5019-41a7-9993-bff8ccc1d0d3;FRB1696;32;689172;6207567;1;26-06-2013 10:40:00 +02:00;;pH; =;8,5;pH;3
Station;49000054;ARRESØ KANAL, ARRESØDAL SLUSE;32;689172;6207567;Halsnæs;Region Hovedstaden;Vandløb;Poel Å;22-02-2011;1;Feltmålinger, Vandløb;Ja;Miljøstyrelsen;https://vanda.miljoeportal.dk/link/5bf344e0-b464-4070-98fc-0ddef502f957;FRB1696;32;689172;6207567;1;22-02-2011 11:10:00 +01:00;;pH; =;8,2;pH;3
Station;49000054;ARRESØ KANAL, ARRESØDAL SLUSE;32;689172;6207567;Halsnæs;Region Hovedstaden;Vandløb;Poel Å;18-11-2015;1;Feltmålinger, Vandløb;Ja;Miljøstyrelsen;https://vanda.miljoeportal.dk/link/fab0b381-0c34-4572-bdbc-7c4afece345a;FRB1696;32;689172;6207567;1;18-11-2015 08:45:00 +01:00;;Temperatur; =;8,4;grader C;2
Station;49000054;ARRESØ KANAL, ARRESØDAL SLUSE;32;689172;6207567;Halsnæs;Region Hovedstaden;Vandløb;Poel Å;23-06-1999;1;Feltmålinger, Vandløb;Ja;Miljøstyrelsen;https://vanda.miljoeportal.dk/link/a19905cf-bb66-4de5-a8db-a8e688e7f14e;FRB1696;32;689172;6207567;1;23-06-1999 10:15:00 +02:00;;Oxygen indhold; =;10,1;mg/l;3
Station;49000054;ARRESØ KANAL, ARRESØDAL SLUSE;32;689172;6207567;Halsnæs;Region Hovedstaden;Vandløb;Poel Å;22-12-2021;1;Feltmålinger, Vandløb;Ja;Miljøstyrelsen;https://vanda.miljoeportal.dk/link/704b1904-467e-40a0-a199-2669d5160adc;FRB1696;32;689172;6207567;1;22-12-2021 12:10:00 +01:00;;Temperatur; =;2,5;grader C;2
Station;49000054;ARRESØ KANAL, ARRESØDAL SLUSE;32;689172;6207567;Halsnæs;Region Hovedstaden;Vandløb;Poel Å;10-07-2013;1;Feltmålinger, Vandløb;Ja;Miljøstyrelsen;https://vanda.miljoeportal.dk/link/afb03951-d0fa-4617-88f6-fe6bd239db7c;FRB1696;32;689172;6207567;1;10-07-2013 11:00:00 +02:00;;pH; =;8,3;pH;3
Station;49000054;ARRESØ KANAL, ARRESØDAL SLUSE;32;689172;6207567;Halsnæs;Region Hovedstaden;Vandløb;Poel Å;11-06-2013;1;Feltmålinger, Vandløb;Ja;Miljøstyrelsen;https://vanda.miljoeportal.dk/link/dee15676-81a3-403f-a947-084b2be46cc4;FRB1696;32;689172;6207567;1;11-06-2013 10:50:00 +02:00;;pH; =;8,4;pH;3
Station;49000054;ARRESØ KANAL, ARRESØDAL SLUSE;32;689172;6207567;Halsnæs;Region Hovedstaden;Vandløb;Poel Å;02-03-1994;1;Feltmålinger, Vandløb;Ja;Miljøstyrelsen;https://vanda.miljoeportal.dk/link/b0cc0f1f-fb18-404d-8002-59cbe40e7c53;FRB1696;32;689172;6207567;1;02-03-1994 09:54:00 +01:00;;Temperatur; =;1;grader C;3
Station;49000054;ARRESØ KANAL, ARRESØDAL SLUSE;32;689172;6207567;Halsnæs;Region Hovedstaden;Vandløb;Poel Å;15-03-2006;1;Feltmålinger, Vandløb;Ja;Miljøstyrelsen;https://vanda.miljoeportal.dk/link/84699754-521b-48ba-90c3-48e6c423bc42;FRB1696;32;689172;6207567;1;15-03-2006 10:25:00 +01:00;;Oxygen indhold; =;20,7;mg/l;2
Station;49000054;ARRESØ KANAL, ARRESØDAL SLUSE;32;689172;6207567;Halsnæs;Region Hovedstaden;Vandløb;Poel Å;08-06-2016;1;Feltmålinger, Vandløb;Ja;Miljøstyrelsen;https://vanda.miljoeportal.dk/link/d45759a2-a3bb-4839-b2cb-2a0d39f2f1cc;FRB1696;32;689172;6207567;1;08-06-2016 07:40:00 +02:00;;pH; =;7,9;pH;3
Station;49000054;ARRESØ KANAL, ARRESØDAL SLUSE;32;689172;6207567;Halsnæs;Region Hovedstaden;Vandløb;Poel Å;04-12-2002;1;Feltmålinger, Vandløb;Ja;Miljøstyrelsen;https://vanda.miljoeportal.dk/link/a8b9dd6e-761c-45b9-8642-8acab82abeb5;FRB1696;32;689172;6207567;1;04-12-2002 09:12:00 +01:00;;Oxygen indhold; =;12,7;mg/l;3
Station;49000054;ARRESØ KANAL, ARRESØDAL SLUSE;32;689172;6207567;Halsnæs;Region Hovedstaden;Vandløb;Poel Å;25-09-1991;1;Feltmålinger, Vandløb;Ja;Miljøstyrelsen;https://vanda.miljoeportal.dk/link/dfe10813-2e28-4591-bfb2-02ee10c0ac6a;FRB1696;32;689172;6207567;1;25-09-1991 09:38:00 +02:00;;Oxygen indhold; =;8,6;mg/l;3
Station;49000054;ARRESØ KANAL, ARRESØDAL SLUSE;32;689172;6207567;Halsnæs;Region Hovedstaden;Vandløb;Poel Å;08-11-2000;1;Feltmålinger, Vandløb;Ja;Miljøstyrelsen;https://vanda.miljoeportal.dk/link/5b687b0f-79e8-4afe-a7fb-0ce55913eab2;FRB1696;32;689172;6207567;1;08-11-2000 09:05:00 +01:00;;Oxygen indhold; =;7,9;mg/l;3
Station;49000054;ARRESØ KANAL, ARRESØDAL SLUSE;32;689172;6207567;Halsnæs;Region Hovedstaden;Vandløb;Poel Å;31-03-1993;1;Feltmålinger, Vandløb;Ja;Miljøstyrelsen;https://vanda.miljoeportal.dk/link/5fd6679b-4c83-44a3-bd55-bffb5e938ef8;FRB1696;32;689172;6207567;1;31-03-1993 08:19:00 +02:00;;Oxygen indhold; =;17,5;mg/l;3
Station;49000054;ARRESØ KANAL, ARRESØDAL SLUSE;32;689172;6207567;Halsnæs;Region Hovedstaden;Vandløb;Poel Å;02-08-2000;1;Feltmålinger, Vandløb;Ja;Miljøstyrelsen;https://vanda.miljoeportal.dk/link/ccf140a1-e14a-4038-b61b-62f5b570bd3a;FRB1696;32;689172;6207567;1;02-08-2000 09:50:00 +02:00;;Oxygen indhold; =;9,1;mg/l;3
Station;49000054;ARRESØ KANAL, ARRESØDAL SLUSE;32;689172;6207567;Halsnæs;Region Hovedstaden;Vandløb;Poel Å;27-09-2000;1;Feltmålinger, Vandløb;Ja;Miljøstyrelsen;https://vanda.miljoeportal.dk/link/86f16b30-421d-4819-abd4-aee5781e7369;FRB1696;32;689172;6207567;1;27-09-2000 09:50:00 +02:00;;Oxygen indhold; =;7,3;mg/l;3
Station;49000054;ARRESØ KANAL, ARRESØDAL SLUSE;32;689172;6207567;Halsnæs;Region Hovedstaden;Vandløb;Poel Å;13-05-2003;1;Feltmålinger, Vandløb;Ja;Miljøstyrelsen;https://vanda.miljoeportal.dk/link/9a7460bc-b662-4a99-87f5-2728914a005a;FRB1696;32;689172;6207567;1;13-05-2003 08:43:00 +02:00;;Oxygen indhold; =;6,9;mg/l;3
Station;49000054;ARRESØ KANAL, ARRESØDAL SLUSE;32;689172;6207567;Halsnæs;Region Hovedstaden;Vandløb;Poel Å;07-05-2002;1;Feltmålinger, Vandløb;Ja;Miljøstyrelsen;https://vanda.miljoeportal.dk/link/aa9ca2eb-c0c1-485b-9688-b1ff405c2a63;FRB1696;32;689172;6207567;1;07-05-2002 08:35:00 +02:00;;Temperatur; =;12;grader C;3
Station;49000054;ARRESØ KANAL, ARRESØDAL SLUSE;32;689172;6207567;Halsnæs;Region Hovedstaden;Vandløb;Poel Å;01-03-1995;1;Feltmålinger, Vandløb;Ja;Miljøstyrelsen;https://vanda.miljoeportal.dk/link/c60dc566-b12d-4ea7-98d5-1cb5c104c5cd;FRB1696;32;689172;6207567;1;01-03-1995 10:23:00 +01:00;;Temperatur; =;4,1;grader C;3
Station;49000054;ARRESØ KANAL, ARRESØDAL SLUSE;32;689172;6207567;Halsnæs;Region Hovedstaden;Vandløb;Poel Å;20-01-1993;1;Feltmålinger, Vandløb;Ja;Miljøstyrelsen;https://vanda.miljoeportal.dk/link/ff3ab571-c4bf-4356-b2e5-a486348cdee2;FRB1696;32;689172;6207567;1;20-01-1993 09:39:00 +01:00;;Temperatur; =;2,6;grader C;3
Station;49000054;ARRESØ KANAL, ARRESØDAL SLUSE;32;689172;6207567;Halsnæs;Region Hovedstaden;Vandløb;Poel Å;31-01-2001;1;Feltmålinger, Vandløb;Ja;Miljøstyrelsen;https://vanda.miljoeportal.dk/link/c6ad88e7-d96c-4896-bc84-e5aef8906f85;FRB1696;32;689172;6207567;1;31-01-2001 09:10:00 +01:00;;Oxygen indhold; =;13,3;mg/l;3
Station;49000054;ARRESØ KANAL, ARRESØDAL SLUSE;32;689172;6207567;Halsnæs;Region Hovedstaden;Vandløb;Poel Å;11-03-2014;1;Feltmålinger, Vandløb;Ja;Miljøstyrelsen;https://vanda.miljoeportal.dk/link/ed39a329-0899-4e97-86ad-f3e2b4c25468;FRB1696;32;689172;6207567;1;11-03-2014 10:40:00 +01:00;;Temperatur; =;6,3;grader C;3
Station;49000054;ARRESØ KANAL, ARRESØDAL SLUSE;32;689172;6207567;Halsnæs;Region Hovedstaden;Vandløb;Poel Å;21-06-2022;1;Feltmålinger, Vandløb;Ja;Miljøstyrelsen;https://vanda.miljoeportal.dk/link/681b36a0-7aa3-4ed2-81b7-b14dbb654a25;FRB1696;32;689172;6207567;1;21-06-2022 09:23:00 +02:00;;Salinitet; =;0,2;promille;2
Station;49000054;ARRESØ KANAL, ARRESØDAL SLUSE;32;689172;6207567;Halsnæs;Region Hovedstaden;Vandløb;Poel Å;11-06-2013;1;Feltmålinger, Vandløb;Ja;Miljøstyrelsen;https://vanda.miljoeportal.dk/link/dee15676-81a3-403f-a947-084b2be46cc4;FRB1696;32;689172;6207567;1;11-06-2013 10:50:00 +02:00;;Temperatur; =;19,1;grader C;3
Station;49000054;ARRESØ KANAL, ARRESØDAL SLUSE;32;689172;6207567;Halsnæs;Region Hovedstaden;Vandløb;Poel Å;01-03-2000;1;Feltmålinger, Vandløb;Ja;Miljøstyrelsen;https://vanda.miljoeportal.dk/link/c14c72c8-82d4-422f-80ae-ef8efa0df497;FRB1696;32;689172;6207567;1;01-03-2000 09:35:00 +01:00;;Temperatur; =;3,6;grader C;3
Station;49000054;ARRESØ KANAL, ARRESØDAL SLUSE;32;689172;6207567;Halsnæs;Region Hovedstaden;Vandløb;Poel Å;13-10-1993;1;Feltmålinger, Vandløb;Ja;Miljøstyrelsen;https://vanda.miljoeportal.dk/link/fb955468-9540-4940-8553-bdd11a76316e;FRB1696;32;689172;6207567;1;13-10-1993 09:37:00 +01:00;;Oxygen indhold; =;9,8;mg/l;3
Station;49000054;ARRESØ KANAL, ARRESØDAL SLUSE;32;689172;6207567;Halsnæs;Region Hovedstaden;Vandløb;Poel Å;22-05-2012;1;Feltmålinger, Vandløb;Ja;Miljøstyrelsen;https://vanda.miljoeportal.dk/link/0a034449-a4ca-47e1-bbdf-98b4a823b33e;FRB1696;32;689172;6207567;1;22-05-2012 10:30:00 +02:00;;pH; =;8,8;pH;3
Station;49000054;ARRESØ KANAL, ARRESØDAL SLUSE;32;689172;6207567;Halsnæs;Region Hovedstaden;Vandløb;Poel Å;01-04-2003;1;Feltmålinger, Vandløb;Ja;Miljøstyrelsen;https://vanda.miljoeportal.dk/link/683c2003-9ed2-4ef4-86d2-7ff354099ead;FRB1696;32;689172;6207567;1;01-04-2003 09:55:00 +02:00;;Oxygen indhold; =;10,1;mg/l;3
Station;49000054;ARRESØ KANAL, ARRESØDAL SLUSE;32;689172;6207567;Halsnæs;Region Hovedstaden;Vandløb;Poel Å;15-12-2004;1;Feltmålinger, Vandløb;Ja;Miljøstyrelsen;https://vanda.miljoeportal.dk/link/005a3432-b6bf-40f2-bb3d-de2d15c6b497;FRB1696;32;689172;6207567;1;15-12-2004 10:30:00 +01:00;;Oxygen indhold; =;11,7;mg/l;3
Station;49000054;ARRESØ KANAL, ARRESØDAL SLUSE;32;689172;6207567;Halsnæs;Region Hovedstaden;Vandløb;Poel Å;12-02-2004;1;Feltmålinger, Vandløb;Ja;Miljøstyrelsen;https://vanda.miljoeportal.dk/link/0fe930cf-ccea-44d3-a4dd-493dc7ed5731;FRB1696;32;689172;6207567;1;12-02-2004 09:10:00 +01:00;;Temperatur; =;0,3;grader C;3
Station;49000054;ARRESØ KANAL, ARRESØDAL SLUSE;32;689172;6207567;Halsnæs;Region Hovedstaden;Vandløb;Poel Å;02-09-2003;1;Feltmålinger, Vandløb;Ja;Miljøstyrelsen;https://vanda.miljoeportal.dk/link/455664c6-3bb5-43bb-9f9a-de7ffc942735;FRB1696;32;689172;6207567;1;02-09-2003 09:58:00 +02:00;;Oxygen indhold; =;11,2;mg/l;3
Station;49000054;ARRESØ KANAL, ARRESØDAL SLUSE;32;689172;6207567;Halsnæs;Region Hovedstaden;Vandløb;Poel Å;08-06-2016;1;Feltmålinger, Vandløb;Ja;Miljøstyrelsen;https://vanda.miljoeportal.dk/link/d45759a2-a3bb-4839-b2cb-2a0d39f2f1cc;FRB1696;32;689172;6207567;1;08-06-2016 07:40:00 +02:00;;Temperatur; =;20,8;grader C;3
Station;49000054;ARRESØ KANAL, ARRESØDAL SLUSE;32;689172;6207567;Halsnæs;Region Hovedstaden;Vandløb;Poel Å;02-07-2015;1;Feltmålinger, Vandløb;Ja;Miljøstyrelsen;https://vanda.miljoeportal.dk/link/77d6ff45-9f75-45dc-8bd8-1a6a902bdad2;FRB1696;32;689172;6207567;1;02-07-2015 07:50:00 +02:00;;Temperatur; =;21,3;grader C;2
Station;49000054;ARRESØ KANAL, ARRESØDAL SLUSE;32;689172;6207567;Halsnæs;Region Hovedstaden;Vandløb;Poel Å;18-07-2018;1;Feltmålinger, Vandløb;Ja;Miljøstyrelsen;https://vanda.miljoeportal.dk/link/59a58dd9-b187-47e3-ac2b-3c5933449bc7;FRB1696;32;689172;6207567;1;18-07-2018 09:10:00 +02:00;;pH; =;8,1;pH;2
Station;49000054;ARRESØ KANAL, ARRESØDAL SLUSE;32;689172;6207567;Halsnæs;Region Hovedstaden;Vandløb;Poel Å;01-02-2006;1;Feltmålinger, Vandløb;Ja;Miljøstyrelsen;https://vanda.miljoeportal.dk/link/fbb4eaad-b7df-4875-a017-6c14a41baec0;FRB1696;32;689172;6207567;1;01-02-2006 10:30:00 +01:00;;Temperatur; =;0,2;grader C;2
Station;49000054;ARRESØ KANAL, ARRESØDAL SLUSE;32;689172;6207567;Halsnæs;Region Hovedstaden;Vandløb;Poel Å;28-11-1990;1;Feltmålinger, Vandløb;Ja;Miljøstyrelsen;https://vanda.miljoeportal.dk/link/e43fcd2f-9876-4891-8d6c-80564a1a3a30;FRB1696;32;689172;6207567;1;28-11-1990 09:30:00 +01:00;;Temperatur; =;1,9;grader C;3
Station;49000054;ARRESØ KANAL, ARRESØDAL SLUSE;32;689172;6207567;Halsnæs;Region Hovedstaden;Vandløb;Poel Å;13-10-1999;1;Feltmålinger, Vandløb;Ja;Miljøstyrelsen;https://vanda.miljoeportal.dk/link/198048c6-f079-411c-92cb-a01ebdfae3f5;FRB1696;32;689172;6207567;1;13-10-1999 10:55:00 +02:00;;Temperatur; =;10,3;grader C;3
Station;49000054;ARRESØ KANAL, ARRESØDAL SLUSE;32;689172;6207567;Halsnæs;Region Hovedstaden;Vandløb;Poel Å;10-05-2000;1;Feltmålinger, Vandløb;Ja;Miljøstyrelsen;https://vanda.miljoeportal.dk/link/91986e2a-fc6e-4f13-8500-1e8730653243;FRB1696;32;689172;6207567;1;10-05-2000 09:40:00 +02:00;;Temperatur; =;17,5;grader C;3
Station;49000054;ARRESØ KANAL, ARRESØDAL SLUSE;32;689172;6207567;Halsnæs;Region Hovedstaden;Vandløb;Poel Å;08-09-2004;1;Feltmålinger, Vandløb;Ja;Miljøstyrelsen;https://vanda.miljoeportal.dk/link/b97c50d2-9b35-4b1d-a9ef-28df0e46592e;FRB1696;32;689172;6207567;1;08-09-2004 10:30:00 +02:00;;Oxygen indhold; =;10,1;mg/l;3
Station;49000054;ARRESØ KANAL, ARRESØDAL SLUSE;32;689172;6207567;Halsnæs;Region Hovedstaden;Vandløb;Poel Å;16-02-2000;1;Feltmålinger, Vandløb;Ja;Miljøstyrelsen;https://vanda.miljoeportal.dk/link/9fbbbca5-0b6d-4edb-b83b-e04171ccd908;FRB1696;32;689172;6207567;1;16-02-2000 09:35:00 +01:00;;Oxygen indhold; =;12,8;mg/l;3
Station;49000054;ARRESØ KANAL, ARRESØDAL SLUSE;32;689172;6207567;Halsnæs;Region Hovedstaden;Vandløb;Poel Å;25-11-1992;1;Feltmålinger, Vandløb;Ja;Miljøstyrelsen;https://vanda.miljoeportal.dk/link/0683bb79-b251-46f5-8958-b3e5f8043057;FRB1696;32;689172;6207567;1;25-11-1992 09:10:00 +01:00;;Oxygen indhold; =;13,2;mg/l;3
Station;49000054;ARRESØ KANAL, ARRESØDAL SLUSE;32;689172;6207567;Halsnæs;Region Hovedstaden;Vandløb;Poel Å;10-05-2021;1;Feltmålinger, Vandløb;Ja;Miljøstyrelsen;https://vanda.miljoeportal.dk/link/d8a4c525-8131-498f-9423-dc207d00cce8;FRB1696;32;689172;6207567;1;10-05-2021 11:10:00 +02:00;;Temperatur; =;14;grader C;2
Station;49000054;ARRESØ KANAL, ARRESØDAL SLUSE;32;689172;6207567;Halsnæs;Region Hovedstaden;Vandløb;Poel Å;16-08-2000;1;Feltmålinger, Vandløb;Ja;Miljøstyrelsen;https://vanda.miljoeportal.dk/link/312e1ca6-fa5b-4e54-94b2-d73be35ac2a8;FRB1696;32;689172;6207567;1;16-08-2000 09:10:00 +02:00;;Oxygen indhold; =;8,6;mg/l;3
Station;49000054;ARRESØ KANAL, ARRESØDAL SLUSE;32;689172;6207567;Halsnæs;Region Hovedstaden;Vandløb;Poel Å;03-06-2014;1;Feltmålinger, Vandløb;Ja;Miljøstyrelsen;https://vanda.miljoeportal.dk/link/b91a8286-d67b-4d02-b507-acfdc1554550;FRB1696;32;689172;6207567;1;03-06-2014 11:10:00 +02:00;;Temperatur; =;19,9;grader C;3
Station;49000054;ARRESØ KANAL, ARRESØDAL SLUSE;32;689172;6207567;Halsnæs;Region Hovedstaden;Vandløb;Poel Å;08-07-1992;1;Feltmålinger, Vandløb;Ja;Miljøstyrelsen;https://vanda.miljoeportal.dk/link/a341f0e6-b665-4ece-be89-a595f58620b1;FRB1696;32;689172;6207567;1;08-07-1992 08:16:00 +02:00;;Oxygen indhold; =;15,2;mg/l;3
Station;49000054;ARRESØ KANAL, ARRESØDAL SLUSE;32;689172;6207567;Halsnæs;Region Hovedstaden;Vandløb;Poel Å;08-01-1992;1;Feltmålinger, Vandløb;Ja;Miljøstyrelsen;https://vanda.miljoeportal.dk/link/e2afd1ea-36bf-4e7d-8a32-8ecd89182dab;FRB1696;32;689172;6207567;1;08-01-1992 09:52:00 +01:00;;Temperatur; =;0,5;grader C;3
Station;49000054;ARRESØ KANAL, ARRESØDAL SLUSE;32;689172;6207567;Halsnæs;Region Hovedstaden;Vandløb;Poel Å;29-04-2003;1;Feltmålinger, Vandløb;Ja;Miljøstyrelsen;https://vanda.miljoeportal.dk/link/2ccf4245-8101-4ca6-afd1-91e6dc6caa60;FRB1696;32;689172;6207567;1;29-04-2003 11:05:00 +02:00;;Oxygen indhold; =;8,1;mg/l;3
Station;49000054;ARRESØ KANAL, ARRESØDAL SLUSE;32;689172;6207567;Halsnæs;Region Hovedstaden;Vandløb;Poel Å;06-02-1991;1;Feltmålinger, Vandløb;Ja;Miljøstyrelsen;https://vanda.miljoeportal.dk/link/28cdbdc9-ede8-4df3-941d-84fe4563635c;FRB1696;32;689172;6207567;1;06-02-1991 09:35:00 +01:00;;Temperatur; =;0,2;grader C;3
Station;49000054;ARRESØ KANAL, ARRESØDAL SLUSE;32;689172;6207567;Halsnæs;Region Hovedstaden;Vandløb;Poel Å;11-09-2020;1;Feltmålinger, Vandløb;Ja;Miljøstyrelsen;https://vanda.miljoeportal.dk/link/bebd849c-c360-46f5-909b-a493fe263c49;FRB1696;32;689172;6207567;1;11-09-2020 11:21:00 +02:00;;pH; =;8,82;pH;2
Station;49000054;ARRESØ KANAL, ARRESØDAL SLUSE;32;689172;6207567;Halsnæs;Region Hovedstaden;Vandløb;Poel Å;20-11-2002;1;Feltmålinger, Vandløb;Ja;Miljøstyrelsen;https://vanda.miljoeportal.dk/link/d73334ed-2977-4de8-9d6e-a2892474156e;FRB1696;32;689172;6207567;1;20-11-2002 09:35:00 +01:00;;Oxygenmætning; =;87;pct;3
Station;49000054;ARRESØ KANAL, ARRESØDAL SLUSE;32;689172;6207567;Halsnæs;Region Hovedstaden;Vandløb;Poel Å;09-12-2003;1;Feltmålinger, Vandløb;Ja;Miljøstyrelsen;https://vanda.miljoeportal.dk/link/dfb13a8a-dd68-4a58-a3b9-6ec0e7740a02;FRB1696;32;689172;6207567;1;09-12-2003 10:19:00 +01:00;;Oxygen indhold; =;6,7;mg/l;3
Station;49000054;ARRESØ KANAL, ARRESØDAL SLUSE;32;689172;6207567;Halsnæs;Region Hovedstaden;Vandløb;Poel Å;14-09-2005;1;Feltmålinger, Vandløb;Ja;Miljøstyrelsen;https://vanda.miljoeportal.dk/link/03f22074-01ce-47bf-9ef1-ba441c633046;FRB1696;32;689172;6207567;1;14-09-2005 10:25:00 +02:00;;Oxygenmætning; =;70;pct;3
Station;49000054;ARRESØ KANAL, ARRESØDAL SLUSE;32;689172;6207567;Halsnæs;Region Hovedstaden;Vandløb;Poel Å;04-07-2016;1;Feltmålinger, Vandløb;Ja;Miljøstyrelsen;https://vanda.miljoeportal.dk/link/77a4a839-15c9-4163-a535-531a2af08a57;FRB1696;32;689172;6207567;1;04-07-2016 07:50:00 +02:00;;Temperatur; =;17,7;grader C;3
Station;49000054;ARRESØ KANAL, ARRESØDAL SLUSE;32;689172;6207567;Halsnæs;Region Hovedstaden;Vandløb;Poel Å;09-03-2005;1;Feltmålinger, Vandløb;Ja;Miljøstyrelsen;https://vanda.miljoeportal.dk/link/dcc25f75-6166-46a4-bbae-8bf369299d89;FRB1696;32;689172;6207567;1;09-03-2005 08:50:00 +01:00;;Temperatur; =;2,1;grader C;2
Station;49000054;ARRESØ KANAL, ARRESØDAL SLUSE;32;689172;6207567;Halsnæs;Region Hovedstaden;Vandløb;Poel Å;08-12-1993;1;Feltmålinger, Vandløb;Ja;Miljøstyrelsen;https://vanda.miljoeportal.dk/link/0db9641d-6113-40a8-b991-fdd91b760243;FRB1696;32;689172;6207567;1;08-12-1993 09:19:00 +01:00;;Temperatur; =;2,8;grader C;3
Station;49000054;ARRESØ KANAL, ARRESØDAL SLUSE;32;689172;6207567;Halsnæs;Region Hovedstaden;Vandløb;Poel Å;08-05-1996;1;Feltmålinger, Vandløb;Ja;Miljøstyrelsen;https://vanda.miljoeportal.dk/link/1d1193fc-7ada-479b-b1ea-12c662f7e683;FRB1696;32;689172;6207567;1;08-05-1996 08:07:00 +02:00;;Temperatur; =;10;grader C;3
Station;49000054;ARRESØ KANAL, ARRESØDAL SLUSE;32;689172;6207567;Halsnæs;Region Hovedstaden;Vandløb;Poel Å;09-05-2001;1;Feltmålinger, Vandløb;Ja;Miljøstyrelsen;https://vanda.miljoeportal.dk/link/b01bea4b-c502-4e0d-9f27-b77d0bfcc23b;FRB1696;32;689172;6207567;1;09-05-2001 09:25:00 +02:00;;Oxygen indhold; =;11,5;mg/l;3
Station;49000054;ARRESØ KANAL, ARRESØDAL SLUSE;32;689172;6207567;Halsnæs;Region Hovedstaden;Vandløb;Poel Å;07-04-2004;1;Feltmålinger, Vandløb;Ja;Miljøstyrelsen;https://vanda.miljoeportal.dk/link/6c953afb-50da-42ec-8341-834f1b72560c;FRB1696;32;689172;6207567;1;07-04-2004 10:30:00 +02:00;;Oxygenmætning; =;106;pct;3
Station;49000054;ARRESØ KANAL, ARRESØDAL SLUSE;32;689172;6207567;Halsnæs;Region Hovedstaden;Vandløb;Poel Å;29-10-2019;1;Feltmålinger, Vandløb;Ja;Miljøstyrelsen;https://vanda.miljoeportal.dk/link/595b2223-02b9-401c-a149-0dd1cae37be9;FRB1696;32;689172;6207567;1;29-10-2019 12:10:00 +01:00;;Temperatur; =;9,7;grader C;2
Station;49000054;ARRESØ KANAL, ARRESØDAL SLUSE;32;689172;6207567;Halsnæs;Region Hovedstaden;Vandløb;Poel Å;09-06-1993;1;Feltmålinger, Vandløb;Ja;Miljøstyrelsen;https://vanda.miljoeportal.dk/link/b32ee3c4-28b3-4fe1-8b5f-a7d17698ada1;FRB1696;32;689172;6207567;1;09-06-1993 08:31:00 +02:00;;Oxygen indhold; =;11,1;mg/l;3
Station;49000054;ARRESØ KANAL, ARRESØDAL SLUSE;32;689172;6207567;Halsnæs;Region Hovedstaden;Vandløb;Poel Å;05-02-1992;1;Feltmålinger, Vandløb;Ja;Miljøstyrelsen;https://vanda.miljoeportal.dk/link/0ccf51b9-7627-485c-9fe0-4023e3411a62;FRB1696;32;689172;6207567;1;05-02-1992 08:54:00 +01:00;;Temperatur; =;1,6;grader C;3
Station;49000054;ARRESØ KANAL, ARRESØDAL SLUSE;32;689172;6207567;Halsnæs;Region Hovedstaden;Vandløb;Poel Å;18-09-2019;1;Feltmålinger, Vandløb;Ja;Miljøstyrelsen;https://vanda.miljoeportal.dk/link/a1b2b13f-d3a8-497b-9cf5-d841120edf23;FRB1696;32;689172;6207567;1;18-09-2019 11:30:00 +02:00;;Temperatur; =;12,5;grader C;2
Station;49000054;ARRESØ KANAL, ARRESØDAL SLUSE;32;689172;6207567;Halsnæs;Region Hovedstaden;Vandløb;Poel Å;15-03-1989;1;Feltmålinger, Vandløb;Ja;Miljøstyrelsen;https://vanda.miljoeportal.dk/link/b6ed3046-df79-4e9f-bf66-ec2ec7287281;FRB1696;32;689172;6207567;1;15-03-1989 09:45:00 +01:00;;Oxygen indhold; =;13,8;mg/l;3
Station;49000054;ARRESØ KANAL, ARRESØDAL SLUSE;32;689172;6207567;Halsnæs;Region Hovedstaden;Vandløb;Poel Å;16-02-2021;1;Feltmålinger, Vandløb;Ja;Miljøstyrelsen;https://vanda.miljoeportal.dk/link/44005e84-ae53-45e8-8c22-005aa2ba4cbd;FRB1696;32;689172;6207567;1;16-02-2021 12:14:00 +01:00;;pH; =;9;pH;2
Station;49000054;ARRESØ KANAL, ARRESØDAL SLUSE;32;689172;6207567;Halsnæs;Region Hovedstaden;Vandløb;Poel Å;25-11-2003;1;Feltmålinger, Vandløb;Ja;Miljøstyrelsen;https://vanda.miljoeportal.dk/link/04ad89bc-2faa-4876-8ef4-83654d3302b0;FRB1696;32;689172;6207567;1;25-11-2003 10:35:00 +01:00;;Temperatur; =;5,6;grader C;3
Station;49000054;ARRESØ KANAL, ARRESØDAL SLUSE;32;689172;6207567;Halsnæs;Region Hovedstaden;Vandløb;Poel Å;28-08-2002;1;Feltmålinger, Vandløb;Ja;Miljøstyrelsen;https://vanda.miljoeportal.dk/link/03a05405-885f-4edc-86d6-6cf2c44f5186;FRB1696;32;689172;6207567;1;28-08-2002 07:10:00 +02:00;;Oxygenmætning; =;102;pct;2
Station;49000054;ARRESØ KANAL, ARRESØDAL SLUSE;32;689172;6207567;Halsnæs;Region Hovedstaden;Vandløb;Poel Å;07-09-2023;1;Feltmålinger, Vandløb;Ja;Miljøstyrelsen;https://vanda.miljoeportal.dk/link/869fd7ff-3808-4209-8faa-d615d4a3c95b;FRB1696;32;689172;6207567;1;07-09-2023 09:59:00 +02:00;;pH; =;8,49;pH;2
Station;49000054;ARRESØ KANAL, ARRESØDAL SLUSE;32;689172;6207567;Halsnæs;Region Hovedstaden;Vandløb;Poel Å;08-06-2023;1;Feltmålinger, Vandløb;Ja;Miljøstyrelsen;https://vanda.miljoeportal.dk/link/5eec656d-8169-4da7-8110-5087f5cc3c18;FRB1696;32;689172;6207567;1;08-06-2023 09:50:00 +02:00;;Temperatur; =;20,4;grader C;2
Station;49000054;ARRESØ KANAL, ARRESØDAL SLUSE;32;689172;6207567;Halsnæs;Region Hovedstaden;Vandløb;Poel Å;22-11-2006;1;Feltmålinger, Vandløb;Ja;Miljøstyrelsen;https://vanda.miljoeportal.dk/link/3493ff60-11aa-499b-8a89-6d18c4b92ea3;FRB1696;32;689172;6207567;1;22-11-2006 10:05:00 +01:00;;Oxygen indhold; =;11;mg/l;2
Station;49000054;ARRESØ KANAL, ARRESØDAL SLUSE;32;689172;6207567;Halsnæs;Region Hovedstaden;Vandløb;Poel Å;09-08-2022;1;Feltmålinger, Vandløb;Ja;Miljøstyrelsen;https://vanda.miljoeportal.dk/link/3e12fa21-0954-4253-8755-70246a56411c;FRB1696;32;689172;6207567;1;09-08-2022 13:16:00 +02:00;;pH; =;8,7;pH;2
Station;49000054;ARRESØ KANAL, ARRESØDAL SLUSE;32;689172;6207567;Halsnæs;Region Hovedstaden;Vandløb;Poel Å;28-03-2022;1;Feltmålinger, Vandløb;Ja;Miljøstyrelsen;https://vanda.miljoeportal.dk/link/a5287b53-dff2-41e0-908d-0e840003e93e;FRB1696;32;689172;6207567;1;28-03-2022 10:28:00 +02:00;;Temperatur; =;7,8;grader C;2
Station;49000054;ARRESØ KANAL, ARRESØDAL SLUSE;32;689172;6207567;Halsnæs;Region Hovedstaden;Vandløb;Poel Å;06-11-2002;1;Feltmålinger, Vandløb;Ja;Miljøstyrelsen;https://vanda.miljoeportal.dk/link/3471e417-f380-492a-87ee-b3ed516b92f9;FRB1696;32;689172;6207567;1;06-11-2002 08:25:00 +01:00;;Temperatur; =;3,4;grader C;3
Station;49000054;ARRESØ KANAL, ARRESØDAL SLUSE;32;689172;6207567;Halsnæs;Region Hovedstaden;Vandløb;Poel Å;16-09-2003;1;Feltmålinger, Vandløb;Ja;Miljøstyrelsen;https://vanda.miljoeportal.dk/link/1f7aaaec-0dfc-4c30-a46b-1b6605b3817a;FRB1696;32;689172;6207567;1;16-09-2003 09:55:00 +02:00;;Temperatur; =;16,3;grader C;3
Station;49000054;ARRESØ KANAL, ARRESØDAL SLUSE;32;689172;6207567;Halsnæs;Region Hovedstaden;Vandløb;Poel Å;09-10-2007;1;Feltmålinger, Vandløb;Ja;Miljøstyrelsen;https://vanda.miljoeportal.dk/link/0d78f112-7147-454d-9cc5-f3497ab6e81f;FRB1696;32;689172;6207567;1;09-10-2007 10:10:00 +02:00;;Temperatur; =;13,1;grader C;3
Station;49000054;ARRESØ KANAL, ARRESØDAL SLUSE;32;689172;6207567;Halsnæs;Region Hovedstaden;Vandløb;Poel Å;22-09-2009;1;Feltmålinger, Vandløb;Ja;Miljøstyrelsen;https://vanda.miljoeportal.dk/link/fc173a76-7acc-4801-9c4c-a04700a049ad;FRB1696;32;689172;6207567;1;22-09-2009 10:55:00 +02:00;;Temperatur; =;15,5;grader C;3
Station;49000054;ARRESØ KANAL, ARRESØDAL SLUSE;32;689172;6207567;Halsnæs;Region Hovedstaden;Vandløb;Poel Å;25-03-1994;1;Feltmålinger, Vandløb;Ja;Miljøstyrelsen;https://vanda.miljoeportal.dk/link/d4978bb4-4c9b-4643-97c7-0d46e535886d;FRB1696;32;689172;6207567;1;25-03-1994 09:43:00 +01:00;;Temperatur; =;4,2;grader C;3
Station;49000054;ARRESØ KANAL, ARRESØDAL SLUSE;32;689172;6207567;Halsnæs;Region Hovedstaden;Vandløb;Poel Å;09-08-2017;1;Feltmålinger, Vandløb;Ja;Miljøstyrelsen;https://vanda.miljoeportal.dk/link/6a3a603f-fee0-4f1a-ab7d-68e15048a0d4;FRB1696;32;689172;6207567;1;09-08-2017 07:55:00 +02:00;;Temperatur; =;18,9;grader C;2
Station;49000054;ARRESØ KANAL, ARRESØDAL SLUSE;32;689172;6207567;Halsnæs;Region Hovedstaden;Vandløb;Poel Å;25-01-1989;1;Feltmålinger, Vandløb;Ja;Miljøstyrelsen;https://vanda.miljoeportal.dk/link/f0162de0-c536-4af0-804c-631fce9cf390;FRB1696;32;689172;6207567;1;25-01-1989 09:40:00 +01:00;;Oxygen indhold; =;13,8;mg/l;3
Station;49000054;ARRESØ KANAL, ARRESØDAL SLUSE;32;689172;6207567;Halsnæs;Region Hovedstaden;Vandløb;Poel Å;04-04-2017;1;Feltmålinger, Vandløb;Ja;Miljøstyrelsen;https://vanda.miljoeportal.dk/link/fa713dad-1348-48bb-b443-cf61246dfc27;FRB1696;32;689172;6207567;1;04-04-2017 07:55:00 +02:00;;pH; =;9;pH;2
Station;49000054;ARRESØ KANAL, ARRESØDAL SLUSE;32;689172;6207567;Halsnæs;Region Hovedstaden;Vandløb;Poel Å;10-04-2001;1;Feltmålinger, Vandløb;Ja;Miljøstyrelsen;https://vanda.miljoeportal.dk/link/ddf15c72-21ed-43ae-a250-fb253f8d30c9;FRB1696;32;689172;6207567;1;10-04-2001 08:55:00 +02:00;;Oxygen indhold; =;12,9;mg/l;3
Station;49000054;ARRESØ KANAL, ARRESØDAL SLUSE;32;689172;6207567;Halsnæs;Region Hovedstaden;Vandløb;Poel Å;16-09-2008;1;Feltmålinger, Vandløb;Ja;Miljøstyrelsen;https://vanda.miljoeportal.dk/link/6b73ff1e-1dba-4476-979a-0ceeea2a10bc;FRB1696;32;689172;6207567;1;16-09-2008 10:20:00 +02:00;;Temperatur; =;19,8;grader C;3
Station;49000054;ARRESØ KANAL, ARRESØDAL SLUSE;32;689172;6207567;Halsnæs;Region Hovedstaden;Vandløb;Poel Å;22-11-2011;1;Feltmålinger, Vandløb;Ja;Miljøstyrelsen;https://vanda.miljoeportal.dk/link/8c6b912c-e440-492d-b114-e700a6e311af;FRB1696;32;689172;6207567;1;22-11-2011 11:00:00 +01:00;;Temperatur; =;6,8;grader C;3
Station;49000054;ARRESØ KANAL, ARRESØDAL SLUSE;32;689172;6207567;Halsnæs;Region Hovedstaden;Vandløb;Poel Å;03-03-1999;1;Feltmålinger, Vandløb;Ja;Miljøstyrelsen;https://vanda.miljoeportal.dk/link/33e4356c-6ac3-40f7-afe6-3ab9709853da;FRB1696;32;689172;6207567;1;03-03-1999 09:45:00 +01:00;;Oxygen indhold; =;14;mg/l;3
Station;49000054;ARRESØ KANAL, ARRESØDAL SLUSE;32;689172;6207567;Halsnæs;Region Hovedstaden;Vandløb;Poel Å;22-10-1997;1;Feltmålinger, Vandløb;Ja;Miljøstyrelsen;https://vanda.miljoeportal.dk/link/921f5f58-0884-44e8-8bd0-a3bdbadaa5df;FRB1696;32;689172;6207567;1;22-10-1997 08:24:00 +02:00;;Oxygen indhold; =;10,8;mg/l;3
Station;49000054;ARRESØ KANAL, ARRESØDAL SLUSE;32;689172;6207567;Halsnæs;Region Hovedstaden;Vandløb;Poel Å;07-12-2006;1;Feltmålinger, Vandløb;Ja;Miljøstyrelsen;https://vanda.miljoeportal.dk/link/b9718882-7d99-4214-949a-09ab6ef174f8;FRB1696;32;689172;6207567;1;07-12-2006 10:05:00 +01:00;;Temperatur; =;7,2;grader C;2
Station;49000054;ARRESØ KANAL, ARRESØDAL SLUSE;32;689172;6207567;Halsnæs;Region Hovedstaden;Vandløb;Poel Å;23-08-2012;1;Feltmålinger, Vandløb;Ja;Miljøstyrelsen;https://vanda.miljoeportal.dk/link/ebda5f59-1301-4871-bd1f-646a3ffb835b;FRB1696;32;689172;6207567;1;23-08-2012 09:55:00 +02:00;;Temperatur; =;19,9;grader C;3
Station;49000054;ARRESØ KANAL, ARRESØDAL SLUSE;32;689172;6207567;Halsnæs;Region Hovedstaden;Vandløb;Poel Å;11-09-2002;1;Feltmålinger, Vandløb;Ja;Miljøstyrelsen;https://vanda.miljoeportal.dk/link/26918bb8-c3de-4173-a94c-d51c0bbb9265;FRB1696;32;689172;6207567;1;11-09-2002 06:40:00 +02:00;;Oxygenmætning; =;109;pct;3
Station;49000054;ARRESØ KANAL, ARRESØDAL SLUSE;32;689172;6207567;Halsnæs;Region Hovedstaden;Vandløb;Poel Å;02-09-2003;1;Feltmålinger, Vandløb;Ja;Miljøstyrelsen;https://vanda.miljoeportal.dk/link/455664c6-3bb5-43bb-9f9a-de7ffc942735;FRB1696;32;689172;6207567;1;02-09-2003 09:58:00 +02:00;;Oxygenmætning; =;115;pct;3
Station;49000054;ARRESØ KANAL, ARRESØDAL SLUSE;32;689172;6207567;Halsnæs;Region Hovedstaden;Vandløb;Poel Å;03-11-2004;1;Feltmålinger, Vandløb;Ja;Miljøstyrelsen;https://vanda.miljoeportal.dk/link/f20647c2-0a8a-4094-83d6-6abb2f43f6b1;FRB1696;32;689172;6207567;1;03-11-2004 10:40:00 +01:00;;Temperatur; =;8,2;grader C;3
Station;49000054;ARRESØ KANAL, ARRESØDAL SLUSE;32;689172;6207567;Halsnæs;Region Hovedstaden;Vandløb;Poel Å;20-02-2023;1;Feltmålinger, Vandløb;Ja;Miljøstyrelsen;https://vanda.miljoeportal.dk/link/78741e37-c1e1-45d5-8ec0-a5cc8d85c304;FRB1696;32;689172;6207567;1;20-02-2023 11:44:00 +01:00;;pH; =;8,29;pH;2
Station;49000054;ARRESØ KANAL, ARRESØDAL SLUSE;32;689172;6207567;Halsnæs;Region Hovedstaden;Vandløb;Poel Å;07-09-2023;1;Feltmålinger, Vandløb;Ja;Miljøstyrelsen;https://vanda.miljoeportal.dk/link/869fd7ff-3808-4209-8faa-d615d4a3c95b;FRB1696;32;689172;6207567;1;07-09-2023 09:59:00 +02:00;;Salinitet; =;0,2;promille;2
Station;49000054;ARRESØ KANAL, ARRESØDAL SLUSE;32;689172;6207567;Halsnæs;Region Hovedstaden;Vandløb;Poel Å;11-09-1996;1;Feltmålinger, Vandløb;Ja;Miljøstyrelsen;https://vanda.miljoeportal.dk/link/b9058968-e094-4d15-a75d-ff04c2bbf747;FRB1696;32;689172;6207567;1;11-09-1996 08:04:00 +02:00;;Oxygen indhold; =;9,2;mg/l;3
Station;49000054;ARRESØ KANAL, ARRESØDAL SLUSE;32;689172;6207567;Halsnæs;Region Hovedstaden;Vandløb;Poel Å;15-01-2003;1;Feltmålinger, Vandløb;Ja;Miljøstyrelsen;https://vanda.miljoeportal.dk/link/ad2a9afb-06fe-4845-84e1-468484828365;FRB1696;32;689172;6207567;1;15-01-2003 10:00:00 +01:00;;Oxygenmætning; =;83;pct;3
Station;49000054;ARRESØ KANAL, ARRESØDAL SLUSE;32;689172;6207567;Halsnæs;Region Hovedstaden;Vandløb;Poel Å;13-04-2010;1;Feltmålinger, Vandløb;Ja;Miljøstyrelsen;https://vanda.miljoeportal.dk/link/088b9503-9d3a-487e-82d8-796657c8a68c;FRB1696;32;689172;6207567;1;13-04-2010 10:35:00 +02:00;;Temperatur; =;9,2;grader C;3
Station;49000054;ARRESØ KANAL, ARRESØDAL SLUSE;32;689172;6207567;Halsnæs;Region Hovedstaden;Vandløb;Poel Å;14-01-1998;1;Feltmålinger, Vandløb;Ja;Miljøstyrelsen;https://vanda.miljoeportal.dk/link/d7b198a3-bc13-401c-b398-340f3df14870;FRB1696;32;689172;6207567;1;14-01-1998 08:41:00 +01:00;;Temperatur; =;3,6;grader C;3
Station;49000054;ARRESØ KANAL, ARRESØDAL SLUSE;32;689172;6207567;Halsnæs;Region Hovedstaden;Vandløb;Poel Å;04-03-2003;1;Feltmålinger, Vandløb;Ja;Miljøstyrelsen;https://vanda.miljoeportal.dk/link/0523d792-a0ad-480c-b76b-1c73af9c1edb;FRB1696;32;689172;6207567;1;04-03-2003 10:20:00 +01:00;;Temperatur; =;4,1;grader C;3
Station;49000054;ARRESØ KANAL, ARRESØDAL SLUSE;32;689172;6207567;Halsnæs;Region Hovedstaden;Vandløb;Poel Å;03-11-2004;1;Feltmålinger, Vandløb;Ja;Miljøstyrelsen;https://vanda.miljoeportal.dk/link/f20647c2-0a8a-4094-83d6-6abb2f43f6b1;FRB1696;32;689172;6207567;1;03-11-2004 10:40:00 +01:00;;Oxygenmætning; =;100;pct;3
Station;49000054;ARRESØ KANAL, ARRESØDAL SLUSE;32;689172;6207567;Halsnæs;Region Hovedstaden;Vandløb;Poel Å;01-02-2017;1;Feltmålinger, Vandløb;Ja;Miljøstyrelsen;https://vanda.miljoeportal.dk/link/9ace8010-b20a-4e0a-91b9-7191441431b1;FRB1696;32;689172;6207567;1;01-02-2017 07:55:00 +01:00;;pH; =;8,5;pH;2
Station;49000054;ARRESØ KANAL, ARRESØDAL SLUSE;32;689172;6207567;Halsnæs;Region Hovedstaden;Vandløb;Poel Å;29-11-2019;1;Feltmålinger, Vandløb;Ja;Miljøstyrelsen;https://vanda.miljoeportal.dk/link/d987dc83-9a55-4c7a-802f-1f51611c1e0f;FRB1696;32;689172;6207567;1;29-11-2019 11:30:00 +01:00;;Temperatur; =;5,7;grader C;2
Station;49000054;ARRESØ KANAL, ARRESØDAL SLUSE;32;689172;6207567;Halsnæs;Region Hovedstaden;Vandløb;Poel Å;14-09-1992;1;Feltmålinger, Vandløb;Ja;Miljøstyrelsen;https://vanda.miljoeportal.dk/link/6a532673-7707-4bf6-a478-359d0cb030c9;FRB1696;32;689172;6207567;1;14-09-1992 08:12:00 +02:00;;Temperatur; =;14,7;grader C;3
Station;49000054;ARRESØ KANAL, ARRESØDAL SLUSE;32;689172;6207567;Halsnæs;Region Hovedstaden;Vandløb;Poel Å;21-06-2017;1;Feltmålinger, Vandløb;Ja;Miljøstyrelsen;https://vanda.miljoeportal.dk/link/c4177939-871d-4b35-853b-55884b936db8;FRB1696;32;689172;6207567;1;21-06-2017 07:15:00 +02:00;;Temperatur; =;18,4;grader C;2
Station;49000054;ARRESØ KANAL, ARRESØDAL SLUSE;32;689172;6207567;Halsnæs;Region Hovedstaden;Vandløb;Poel Å;09-08-2022;1;Feltmålinger, Vandløb;Ja;Miljøstyrelsen;https://vanda.miljoeportal.dk/link/3e12fa21-0954-4253-8755-70246a56411c;FRB1696;32;689172;6207567;1;09-08-2022 13:16:00 +02:00;;Salinitet; =;0,2;promille;2
Station;49000054;ARRESØ KANAL, ARRESØDAL SLUSE;32;689172;6207567;Halsnæs;Region Hovedstaden;Vandløb;Poel Å;03-04-1991;1;Feltmålinger, Vandløb;Ja;Miljøstyrelsen;https://vanda.miljoeportal.dk/link/f7c92bf8-d951-4708-8edd-78062d47ad20;FRB1696;32;689172;6207567;1;03-04-1991 09:29:00 +02:00;;Oxygen indhold; =;13,7;mg/l;3
Station;49000054;ARRESØ KANAL, ARRESØDAL SLUSE;32;689172;6207567;Halsnæs;Region Hovedstaden;Vandløb;Poel Å;24-05-2011;1;Feltmålinger, Vandløb;Ja;Miljøstyrelsen;https://vanda.miljoeportal.dk/link/8bb79950-fb91-4e2b-afd7-870701e34ae3;FRB1696;32;689172;6207567;1;24-05-2011 10:40:00 +02:00;;pH; =;7,7;pH;3
Station;49000054;ARRESØ KANAL, ARRESØDAL SLUSE;32;689172;6207567;Halsnæs;Region Hovedstaden;Vandløb;Poel Å;12-09-2016;1;Feltmålinger, Vandløb;Ja;Miljøstyrelsen;https://vanda.miljoeportal.dk/link/a80ea9f3-00fb-4a0a-8dec-4c47fc2e6d3b;FRB1696;32;689172;6207567;1;12-09-2016 07:50:00 +02:00;;Temperatur; =;18,3;grader C;3
Station;49000054;ARRESØ KANAL, ARRESØDAL SLUSE;32;689172;6207567;Halsnæs;Region Hovedstaden;Vandløb;Poel Å;17-07-1996;1;Feltmålinger, Vandløb;Ja;Miljøstyrelsen;https://vanda.miljoeportal.dk/link/4e604b77-84c7-4dc9-a5fe-3cdbf3812dd7;FRB1696;32;689172;6207567;1;17-07-1996 10:55:00 +02:00;;Temperatur; =;16,5;grader C;3
Station;49000054;ARRESØ KANAL, ARRESØDAL SLUSE;32;689172;6207567;Halsnæs;Region Hovedstaden;Vandløb;Poel Å;15-09-1993;1;Feltmålinger, Vandløb;Ja;Miljøstyrelsen;https://vanda.miljoeportal.dk/link/b5d543f2-9ba2-4a57-947f-5f9dff34f55b;FRB1696;32;689172;6207567;1;15-09-1993 08:29:00 +02:00;;Oxygen indhold; =;8,9;mg/l;3
Station;49000054;ARRESØ KANAL, ARRESØDAL SLUSE;32;689172;6207567;Halsnæs;Region Hovedstaden;Vandløb;Poel Å;10-01-2012;1;Feltmålinger, Vandløb;Ja;Miljøstyrelsen;https://vanda.miljoeportal.dk/link/0fdf3961-8ba1-4e08-8ca7-6d59252edf06;FRB1696;32;689172;6207567;1;10-01-2012 10:45:00 +01:00;;Temperatur; =;4,2;grader C;3
Station;49000054;ARRESØ KANAL, ARRESØDAL SLUSE;32;689172;6207567;Halsnæs;Region Hovedstaden;Vandløb;Poel Å;09-09-2013;1;Feltmålinger, Vandløb;Ja;Miljøstyrelsen;https://vanda.miljoeportal.dk/link/4131ba0a-b835-48fb-b532-005064ed4ba4;FRB1696;32;689172;6207567;1;09-09-2013 10:05:00 +02:00;;pH; =;8,8;pH;3
Station;49000054;ARRESØ KANAL, ARRESØDAL SLUSE;32;689172;6207567;Halsnæs;Region Hovedstaden;Vandløb;Poel Å;06-12-2017;1;Feltmålinger, Vandløb;Ja;Miljøstyrelsen;https://vanda.miljoeportal.dk/link/4a72f5d0-7a6b-4aea-8c0f-ee9282eb4ffa;FRB1696;32;689172;6207567;1;06-12-2017 07:55:00 +01:00;;pH; =;8,6;pH;2
Station;49000054;ARRESØ KANAL, ARRESØDAL SLUSE;32;689172;6207567;Halsnæs;Region Hovedstaden;Vandløb;Poel Å;28-11-1989;1;Feltmålinger, Vandløb;Ja;Miljøstyrelsen;https://vanda.miljoeportal.dk/link/4fe3a0df-3c6f-4254-b451-bd655f05827e;FRB1696;32;689172;6207567;1;28-11-1989 11:30:00 +01:00;;Oxygen indhold; =;13,6;mg/l;3
Station;49000054;ARRESØ KANAL, ARRESØDAL SLUSE;32;689172;6207567;Halsnæs;Region Hovedstaden;Vandløb;Poel Å;24-06-2003;1;Feltmålinger, Vandløb;Ja;Miljøstyrelsen;https://vanda.miljoeportal.dk/link/510b992c-954d-4b41-a7a6-1a714f072c39;FRB1696;32;689172;6207567;1;24-06-2003 08:50:00 +02:00;;Oxygenmætning; =;87;pct;3
Station;49000054;ARRESØ KANAL, ARRESØDAL SLUSE;32;689172;6207567;Halsnæs;Region Hovedstaden;Vandløb;Poel Å;01-09-1993;1;Feltmålinger, Vandløb;Ja;Miljøstyrelsen;https://vanda.miljoeportal.dk/link/49b7e9d7-6406-498d-92a6-f2ab3a68c609;FRB1696;32;689172;6207567;1;01-09-1993 08:23:00 +02:00;;Oxygen indhold; =;9,2;mg/l;3
Station;49000054;ARRESØ KANAL, ARRESØDAL SLUSE;32;689172;6207567;Halsnæs;Region Hovedstaden;Vandløb;Poel Å;18-10-1989;1;Feltmålinger, Vandløb;Ja;Miljøstyrelsen;https://vanda.miljoeportal.dk/link/94f4b0e3-5c0e-40ca-a1ba-ff3fef281249;FRB1696;32;689172;6207567;1;18-10-1989 09:35:00 +01:00;;Oxygen indhold; =;10,4;mg/l;3
Station;49000054;ARRESØ KANAL, ARRESØDAL SLUSE;32;689172;6207567;Halsnæs;Region Hovedstaden;Vandløb;Poel Å;13-09-2006;1;Feltmålinger, Vandløb;Ja;Miljøstyrelsen;https://vanda.miljoeportal.dk/link/47e345ae-de24-4856-84d7-ec502322e793;FRB1696;32;689172;6207567;1;13-09-2006 10:35:00 +02:00;;Oxygen indhold; =;11,2;mg/l;2
Station;49000054;ARRESØ KANAL, ARRESØDAL SLUSE;32;689172;6207567;Halsnæs;Region Hovedstaden;Vandløb;Poel Å;03-10-2019;1;Feltmålinger, Vandløb;Ja;Miljøstyrelsen;https://vanda.miljoeportal.dk/link/35acdabe-f024-46ed-9d5a-1270d9b1eeb3;FRB1696;32;689172;6207567;1;03-10-2019 07:45:00 +02:00;;Temperatur; =;10,3;grader C;2
Station;49000054;ARRESØ KANAL, ARRESØDAL SLUSE;32;689172;6207567;Halsnæs;Region Hovedstaden;Vandløb;Poel Å;17-12-1997;1;Feltmålinger, Vandløb;Ja;Miljøstyrelsen;https://vanda.miljoeportal.dk/link/13f79413-ee85-4857-a6ae-d0b0e1d15166;FRB1696;32;689172;6207567;1;17-12-1997 09:11:00 +01:00;;Temperatur; =;0,1;grader C;3
Station;49000054;ARRESØ KANAL, ARRESØDAL SLUSE;32;689172;6207567;Halsnæs;Region Hovedstaden;Vandløb;Poel Å;10-04-2013;1;Feltmålinger, Vandløb;Ja;Miljøstyrelsen;https://vanda.miljoeportal.dk/link/3758e05b-a07a-4c8e-a316-b2197f8b9008;FRB1696;32;689172;6207567;1;10-04-2013 11:40:00 +02:00;;pH; =;8,6;pH;3
Station;49000054;ARRESØ KANAL, ARRESØDAL SLUSE;32;689172;6207567;Halsnæs;Region Hovedstaden;Vandløb;Poel Å;11-10-2023;1;Feltmålinger, Vandløb;Ja;Miljøstyrelsen;https://vanda.miljoeportal.dk/link/0936849d-3e42-475b-990d-9a0e1bc8e377;FRB1696;32;689172;6207567;1;11-10-2023 13:38:00 +02:00;;Temperatur; =;13,7;grader C;2
Station;49000054;ARRESØ KANAL, ARRESØDAL SLUSE;32;689172;6207567;Halsnæs;Region Hovedstaden;Vandløb;Poel Å;01-02-2006;1;Feltmålinger, Vandløb;Ja;Miljøstyrelsen;https://vanda.miljoeportal.dk/link/fbb4eaad-b7df-4875-a017-6c14a41baec0;FRB1696;32;689172;6207567;1;01-02-2006 10:30:00 +01:00;;Oxygen indhold; =;10,7;mg/l;2
Station;49000054;ARRESØ KANAL, ARRESØDAL SLUSE;32;689172;6207567;Halsnæs;Region Hovedstaden;Vandløb;Poel Å;04-02-2003;1;Feltmålinger, Vandløb;Ja;Miljøstyrelsen;https://vanda.miljoeportal.dk/link/20b63727-1cb4-4cf3-ae7d-096017781479;FRB1696;32;689172;6207567;1;04-02-2003 10:05:00 +01:00;;Temperatur; =;0,8;grader C;3
Station;49000054;ARRESØ KANAL, ARRESØDAL SLUSE;32;689172;6207567;Halsnæs;Region Hovedstaden;Vandløb;Poel Å;23-10-2013;1;Feltmålinger, Vandløb;Ja;Miljøstyrelsen;https://vanda.miljoeportal.dk/link/83b1d688-c586-4269-8fb8-c12b786acaf1;FRB1696;32;689172;6207567;1;23-10-2013 11:10:00 +02:00;;pH; =;8,4;pH;3
Station;49000054;ARRESØ KANAL, ARRESØDAL SLUSE;32;689172;6207567;Halsnæs;Region Hovedstaden;Vandløb;Poel Å;11-03-2014;1;Feltmålinger, Vandløb;Ja;Miljøstyrelsen;https://vanda.miljoeportal.dk/link/ed39a329-0899-4e97-86ad-f3e2b4c25468;FRB1696;32;689172;6207567;1;11-03-2014 10:40:00 +01:00;;pH; =;8,6;pH;3
Station;49000054;ARRESØ KANAL, ARRESØDAL SLUSE;32;689172;6207567;Halsnæs;Region Hovedstaden;Vandløb;Poel Å;11-11-1992;1;Feltmålinger, Vandløb;Ja;Miljøstyrelsen;https://vanda.miljoeportal.dk/link/2d32e998-3332-432a-a55a-ed67d89a8346;FRB1696;32;689172;6207567;1;11-11-1992 09:13:00 +01:00;;Temperatur; =;4,1;grader C;3
Station;49000054;ARRESØ KANAL, ARRESØDAL SLUSE;32;689172;6207567;Halsnæs;Region Hovedstaden;Vandløb;Poel Å;10-05-2000;1;Feltmålinger, Vandløb;Ja;Miljøstyrelsen;https://vanda.miljoeportal.dk/link/91986e2a-fc6e-4f13-8500-1e8730653243;FRB1696;32;689172;6207567;1;10-05-2000 09:40:00 +02:00;;Oxygen indhold; =;5,2;mg/l;3
Station;49000054;ARRESØ KANAL, ARRESØDAL SLUSE;32;689172;6207567;Halsnæs;Region Hovedstaden;Vandløb;Poel Å;11-02-1998;1;Feltmålinger, Vandløb;Ja;Miljøstyrelsen;https://vanda.miljoeportal.dk/link/db977bac-05ec-4c4c-9024-9d9a91fbe801;FRB1696;32;689172;6207567;1;11-02-1998 08:56:00 +01:00;;Temperatur; =;1,9;grader C;3
Station;49000054;ARRESØ KANAL, ARRESØDAL SLUSE;32;689172;6207567;Halsnæs;Region Hovedstaden;Vandløb;Poel Å;26-10-2023;1;Feltmålinger, Vandløb;Ja;Miljøstyrelsen;https://vanda.miljoeportal.dk/link/14e21734-5b3a-4572-941a-ad279beabae1;FRB1696;32;689172;6207567;1;26-10-2023 09:48:00 +02:00;;Temperatur; =;7,9;grader C;2
Station;49000054;ARRESØ KANAL, ARRESØDAL SLUSE;32;689172;6207567;Halsnæs;Region Hovedstaden;Vandløb;Poel Å;03-06-2014;1;Feltmålinger, Vandløb;Ja;Miljøstyrelsen;https://vanda.miljoeportal.dk/link/b91a8286-d67b-4d02-b507-acfdc1554550;FRB1696;32;689172;6207567;1;03-06-2014 11:10:00 +02:00;;pH; =;8,6;pH;3
Station;49000054;ARRESØ KANAL, ARRESØDAL SLUSE;32;689172;6207567;Halsnæs;Region Hovedstaden;Vandløb;Poel Å;28-08-1996;1;Feltmålinger, Vandløb;Ja;Miljøstyrelsen;https://vanda.miljoeportal.dk/link/16aadfb8-89a9-4953-acbd-e17b98efebaf;FRB1696;32;689172;6207567;1;28-08-1996 06:27:00 +02:00;;Temperatur; =;19,2;grader C;3
Station;49000054;ARRESØ KANAL, ARRESØDAL SLUSE;32;689172;6207567;Halsnæs;Region Hovedstaden;Vandløb;Poel Å;22-11-1995;1;Feltmålinger, Vandløb;Ja;Miljøstyrelsen;https://vanda.miljoeportal.dk/link/32db32ba-8eac-4971-8c04-6a1cde8d2ca5;FRB1696;32;689172;6207567;1;22-11-1995 09:35:00 +01:00;;Temperatur; =;0,1;grader C;3
Station;49000054;ARRESØ KANAL, ARRESØDAL SLUSE;32;689172;6207567;Halsnæs;Region Hovedstaden;Vandløb;Poel Å;18-11-2015;1;Feltmålinger, Vandløb;Ja;Miljøstyrelsen;https://vanda.miljoeportal.dk/link/fab0b381-0c34-4572-bdbc-7c4afece345a;FRB1696;32;689172;6207567;1;18-11-2015 08:45:00 +01:00;;pH; =;8,4;pH;2
Station;49000054;ARRESØ KANAL, ARRESØDAL SLUSE;32;689172;6207567;Halsnæs;Region Hovedstaden;Vandløb;Poel Å;19-01-2005;1;Feltmålinger, Vandløb;Ja;Miljøstyrelsen;https://vanda.miljoeportal.dk/link/ee83b38f-d8ce-4e4f-913c-eea339908d6f;FRB1696;32;689172;6207567;1;19-01-2005 10:40:00 +01:00;;Temperatur; =;2,9;grader C;3
Station;49000054;ARRESØ KANAL, ARRESØDAL SLUSE;32;689172;6207567;Halsnæs;Region Hovedstaden;Vandløb;Poel Å;19-09-1989;1;Feltmålinger, Vandløb;Ja;Miljøstyrelsen;https://vanda.miljoeportal.dk/link/61a32173-1eff-4cac-aaba-8a5c0631150e;FRB1696;32;689172;6207567;1;19-09-1989 11:10:00 +02:00;;Oxygen indhold; =;10,6;mg/l;3
Station;49000054;ARRESØ KANAL, ARRESØDAL SLUSE;32;689172;6207567;Halsnæs;Region Hovedstaden;Vandløb;Poel Å;26-10-2005;1;Feltmålinger, Vandløb;Ja;Miljøstyrelsen;https://vanda.miljoeportal.dk/link/653d1154-8760-4be1-b2aa-909ad4a5f073;FRB1696;32;689172;6207567;1;26-10-2005 10:35:00 +02:00;;Temperatur; =;9,9;grader C;3
Station;49000054;ARRESØ KANAL, ARRESØDAL SLUSE;32;689172;6207567;Halsnæs;Region Hovedstaden;Vandløb;Poel Å;17-08-2020;1;Feltmålinger, Vandløb;Ja;Miljøstyrelsen;https://vanda.miljoeportal.dk/link/4881f784-99c9-4406-a712-7f7a60c41103;FRB1696;32;689172;6207567;1;17-08-2020 16:14:00 +02:00;;Temperatur; =;27,1;grader C;2
Station;49000054;ARRESØ KANAL, ARRESØDAL SLUSE;32;689172;6207567;Halsnæs;Region Hovedstaden;Vandløb;Poel Å;12-02-2004;1;Feltmålinger, Vandløb;Ja;Miljøstyrelsen;https://vanda.miljoeportal.dk/link/0fe930cf-ccea-44d3-a4dd-493dc7ed5731;FRB1696;32;689172;6207567;1;12-02-2004 09:10:00 +01:00;;Oxygenmætning; =;104,8;pct;3
Station;49000054;ARRESØ KANAL, ARRESØDAL SLUSE;32;689172;6207567;Halsnæs;Region Hovedstaden;Vandløb;Poel Å;07-07-1999;1;Feltmålinger, Vandløb;Ja;Miljøstyrelsen;https://vanda.miljoeportal.dk/link/bb539dc2-b8ea-4c0c-b4f5-cbc644fd6111;FRB1696;32;689172;6207567;1;07-07-1999 10:05:00 +02:00;;Temperatur; =;18,9;grader C;3
Station;49000054;ARRESØ KANAL, ARRESØDAL SLUSE;32;689172;6207567;Halsnæs;Region Hovedstaden;Vandløb;Poel Å;02-02-1994;1;Feltmålinger, Vandløb;Ja;Miljøstyrelsen;https://vanda.miljoeportal.dk/link/f8911b41-a0b1-4c07-9575-796c3c405e1f;FRB1696;32;689172;6207567;1;02-02-1994 09:41:00 +01:00;;Temperatur; =;1,4;grader C;3
Station;49000054;ARRESØ KANAL, ARRESØDAL SLUSE;32;689172;6207567;Halsnæs;Region Hovedstaden;Vandløb;Poel Å;24-05-2006;1;Feltmålinger, Vandløb;Ja;Miljøstyrelsen;https://vanda.miljoeportal.dk/link/ac27cc2b-3590-46af-95c9-2d9c4a9b2142;FRB1696;32;689172;6207567;1;24-05-2006 10:20:00 +02:00;;Oxygenmætning; =;88;pct;2
Station;49000054;ARRESØ KANAL, ARRESØDAL SLUSE;32;689172;6207567;Halsnæs;Region Hovedstaden;Vandløb;Poel Å;05-07-2011;1;Feltmålinger, Vandløb;Ja;Miljøstyrelsen;https://vanda.miljoeportal.dk/link/4456a6f8-d889-4962-83af-93ccc27137ab;FRB1696;32;689172;6207567;1;05-07-2011 11:05:00 +02:00;;pH; =;8,9;pH;3
Station;49000054;ARRESØ KANAL, ARRESØDAL SLUSE;32;689172;6207567;Halsnæs;Region Hovedstaden;Vandløb;Poel Å;13-04-1994;1;Feltmålinger, Vandløb;Ja;Miljøstyrelsen;https://vanda.miljoeportal.dk/link/5f6edfd5-08a3-48d9-bc47-829b9c538428;FRB1696;32;689172;6207567;1;13-04-1994 08:47:00 +02:00;;Oxygen indhold; =;16,3;mg/l;3
Station;49000054;ARRESØ KANAL, ARRESØDAL SLUSE;32;689172;6207567;Halsnæs;Region Hovedstaden;Vandløb;Poel Å;20-01-2016;1;Feltmålinger, Vandløb;Ja;Miljøstyrelsen;https://vanda.miljoeportal.dk/link/2b02fb43-7d6f-42c0-82b1-038aeb34ec08;FRB1696;32;689172;6207567;1;20-01-2016 08:30:00 +01:00;;pH; =;8,7;pH;3
Station;49000054;ARRESØ KANAL, ARRESØDAL SLUSE;32;689172;6207567;Halsnæs;Region Hovedstaden;Vandløb;Poel Å;25-10-2011;1;Feltmålinger, Vandløb;Ja;Miljøstyrelsen;https://vanda.miljoeportal.dk/link/94b87748-477f-4806-8471-c2a2c230c004;FRB1696;32;689172;6207567;1;25-10-2011 10:50:00 +02:00;;Temperatur; =;8,7;grader C;3
Station;49000054;ARRESØ KANAL, ARRESØDAL SLUSE;32;689172;6207567;Halsnæs;Region Hovedstaden;Vandløb;Poel Å;09-08-2017;1;Feltmålinger, Vandløb;Ja;Miljøstyrelsen;https://vanda.miljoeportal.dk/link/6a3a603f-fee0-4f1a-ab7d-68e15048a0d4;FRB1696;32;689172;6207567;1;09-08-2017 07:55:00 +02:00;;pH; =;8,6;pH;2
Station;49000054;ARRESØ KANAL, ARRESØDAL SLUSE;32;689172;6207567;Halsnæs;Region Hovedstaden;Vandløb;Poel Å;10-03-2009;1;Feltmålinger, Vandløb;Ja;Miljøstyrelsen;https://vanda.miljoeportal.dk/link/bcc93702-b225-498f-ae8d-6ed5232af903;FRB1696;32;689172;6207567;1;10-03-2009 10:10:00 +01:00;;Temperatur; =;3,4;grader C;3
Station;49000054;ARRESØ KANAL, ARRESØDAL SLUSE;32;689172;6207567;Halsnæs;Region Hovedstaden;Vandløb;Poel Å;15-12-2021;1;Feltmålinger, Vandløb;Ja;Miljøstyrelsen;https://vanda.miljoeportal.dk/link/3479a6ce-6354-4eea-a2fa-20ca60e0871a;FRB1696;32;689172;6207567;1;15-12-2021 13:08:00 +01:00;;Temperatur; =;3,2;grader C;2
Station;49000054;ARRESØ KANAL, ARRESØDAL SLUSE;32;689172;6207567;Halsnæs;Region Hovedstaden;Vandløb;Poel Å;28-08-2002;1;Feltmålinger, Vandløb;Ja;Miljøstyrelsen;https://vanda.miljoeportal.dk/link/03a05405-885f-4edc-86d6-6cf2c44f5186;FRB1696;32;689172;6207567;1;28-08-2002 07:10:00 +02:00;;Temperatur; =;21,6;grader C;2
Station;49000054;ARRESØ KANAL, ARRESØDAL SLUSE;32;689172;6207567;Halsnæs;Region Hovedstaden;Vandløb;Poel Å;12-01-2010;1;Feltmålinger, Vandløb;Ja;Miljøstyrelsen;https://vanda.miljoeportal.dk/link/4c834e84-0279-42de-8115-9d7da9953591;FRB1696;32;689172;6207567;1;12-01-2010 10:05:00 +01:00;;Temperatur; =;1,4;grader C;3
Station;49000054;ARRESØ KANAL, ARRESØDAL SLUSE;32;689172;6207567;Halsnæs;Region Hovedstaden;Vandløb;Poel Å;29-05-1991;1;Feltmålinger, Vandløb;Ja;Miljøstyrelsen;https://vanda.miljoeportal.dk/link/52fb5aaa-0404-41fc-b3bc-2c95ff78a088;FRB1696;32;689172;6207567;1;29-05-1991 09:15:00 +02:00;;Temperatur; =;15,9;grader C;3
Station;49000054;ARRESØ KANAL, ARRESØDAL SLUSE;32;689172;6207567;Halsnæs;Region Hovedstaden;Vandløb;Poel Å;14-03-2001;1;Feltmålinger, Vandløb;Ja;Miljøstyrelsen;https://vanda.miljoeportal.dk/link/50035502-bdf7-4887-9f50-53da9c190dc3;FRB1696;32;689172;6207567;1;14-03-2001 09:40:00 +01:00;;Temperatur; =;2,7;grader C;3
Station;49000054;ARRESØ KANAL, ARRESØDAL SLUSE;32;689172;6207567;Halsnæs;Region Hovedstaden;Vandløb;Poel Å;07-12-2006;1;Feltmålinger, Vandløb;Ja;Miljøstyrelsen;https://vanda.miljoeportal.dk/link/b9718882-7d99-4214-949a-09ab6ef174f8;FRB1696;32;689172;6207567;1;07-12-2006 10:05:00 +01:00;;Oxygenmætning; =;92;pct;2
Station;49000054;ARRESØ KANAL, ARRESØDAL SLUSE;32;689172;6207567;Halsnæs;Region Hovedstaden;Vandløb;Poel Å;05-07-2006;1;Feltmålinger, Vandløb;Ja;Miljøstyrelsen;https://vanda.miljoeportal.dk/link/3df0919f-6eb4-430b-a473-15ea00955e29;FRB1696;32;689172;6207567;1;05-07-2006 10:10:00 +02:00;;Oxygen indhold; =;9,8;mg/l;2
Station;49000054;ARRESØ KANAL, ARRESØDAL SLUSE;32;689172;6207567;Halsnæs;Region Hovedstaden;Vandløb;Poel Å;19-12-1989;1;Feltmålinger, Vandløb;Ja;Miljøstyrelsen;https://vanda.miljoeportal.dk/link/a201cf80-7e8c-402c-aab3-5ac013501fa8;FRB1696;32;689172;6207567;1;19-12-1989 09:55:00 +01:00;;Oxygen indhold; =;14;mg/l;3
Station;49000054;ARRESØ KANAL, ARRESØDAL SLUSE;32;689172;6207567;Halsnæs;Region Hovedstaden;Vandløb;Poel Å;13-03-2008;1;Feltmålinger, Vandløb;Ja;Miljøstyrelsen;https://vanda.miljoeportal.dk/link/9fc3c18b-6a50-4dd8-aebf-554d1f017125;FRB1696;32;689172;6207567;1;13-03-2008 10:20:00 +01:00;;Temperatur; =;8,4;grader C;3
Station;49000054;ARRESØ KANAL, ARRESØDAL SLUSE;32;689172;6207567;Halsnæs;Region Hovedstaden;Vandløb;Poel Å;26-10-2023;1;Feltmålinger, Vandløb;Ja;Miljøstyrelsen;https://vanda.miljoeportal.dk/link/14e21734-5b3a-4572-941a-ad279beabae1;FRB1696;32;689172;6207567;1;26-10-2023 09:48:00 +02:00;;Salinitet; =;0,2;promille;2
Station;49000054;ARRESØ KANAL, ARRESØDAL SLUSE;32;689172;6207567;Halsnæs;Region Hovedstaden;Vandløb;Poel Å;30-08-2006;1;Feltmålinger, Vandløb;Ja;Miljøstyrelsen;https://vanda.miljoeportal.dk/link/dbae6bf2-d090-4ade-8a3d-18508683d147;FRB1696;32;689172;6207567;1;30-08-2006 08:20:00 +02:00;;Temperatur; =;18,4;grader C;2
Station;49000054;ARRESØ KANAL, ARRESØDAL SLUSE;32;689172;6207567;Halsnæs;Region Hovedstaden;Vandløb;Poel Å;25-09-1996;1;Feltmålinger, Vandløb;Ja;Miljøstyrelsen;https://vanda.miljoeportal.dk/link/af9317ed-7d9f-4f5b-a2e5-bb3254d1d859;FRB1696;32;689172;6207567;1;25-09-1996 09:50:00 +02:00;;Oxygen indhold; =;11;mg/l;3
Station;49000054;ARRESØ KANAL, ARRESØDAL SLUSE;32;689172;6207567;Halsnæs;Region Hovedstaden;Vandløb;Poel Å;19-05-1998;1;Feltmålinger, Vandløb;Ja;Miljøstyrelsen;https://vanda.miljoeportal.dk/link/ad4f745e-f9c9-4340-ac91-7d06ce96d60e;FRB1696;32;689172;6207567;1;19-05-1998 07:22:00 +02:00;;Temperatur; =;18;grader C;3
Station;49000054;ARRESØ KANAL, ARRESØDAL SLUSE;32;689172;6207567;Halsnæs;Region Hovedstaden;Vandløb;Poel Å;19-01-2000;1;Feltmålinger, Vandløb;Ja;Miljøstyrelsen;https://vanda.miljoeportal.dk/link/ae0f9ab3-9503-4a96-800f-f4d0821d7d1f;FRB1696;32;689172;6207567;1;19-01-2000 09:25:00 +01:00;;Oxygen indhold; =;13,4;mg/l;3
Station;49000054;ARRESØ KANAL, ARRESØDAL SLUSE;32;689172;6207567;Halsnæs;Region Hovedstaden;Vandløb;Poel Å;13-05-2020;1;Feltmålinger, Vandløb;Ja;Miljøstyrelsen;https://vanda.miljoeportal.dk/link/c1791c87-33ba-4032-a7e1-5f738898944d;FRB1696;32;689172;6207567;1;13-05-2020 13:25:00 +02:00;;pH; =;8,7;pH;2
Station;49000054;ARRESØ KANAL, ARRESØDAL SLUSE;32;689172;6207567;Halsnæs;Region Hovedstaden;Vandløb;Poel Å;06-01-1993;1;Feltmålinger, Vandløb;Ja;Miljøstyrelsen;https://vanda.miljoeportal.dk/link/0e6b19cd-140c-4c92-89f0-9389be303ae0;FRB1696;32;689172;6207567;1;06-01-1993 09:22:00 +01:00;;Oxygen indhold; =;17,2;mg/l;3
Station;49000054;ARRESØ KANAL, ARRESØDAL SLUSE;32;689172;6207567;Halsnæs;Region Hovedstaden;Vandløb;Poel Å;23-02-2022;1;Feltmålinger, Vandløb;Ja;Miljøstyrelsen;https://vanda.miljoeportal.dk/link/ad07013b-a41a-4911-9070-f38f419ab445;FRB1696;32;689172;6207567;1;23-02-2022 13:06:00 +01:00;;Temperatur; =;3,6;grader C;2
Station;49000054;ARRESØ KANAL, ARRESØDAL SLUSE;32;689172;6207567;Halsnæs;Region Hovedstaden;Vandløb;Poel Å;09-04-2018;1;Feltmålinger, Vandløb;Ja;Miljøstyrelsen;https://vanda.miljoeportal.dk/link/34bf01f9-e9a5-4a76-8b1c-c558f9a33146;FRB1696;32;689172;6207567;1;09-04-2018 08:10:00 +02:00;;Temperatur; =;7,5;grader C;2
Station;49000054;ARRESØ KANAL, ARRESØDAL SLUSE;32;689172;6207567;Halsnæs;Region Hovedstaden;Vandløb;Poel Å;05-03-2015;1;Feltmålinger, Vandløb;Ja;Miljøstyrelsen;https://vanda.miljoeportal.dk/link/0593978c-3e63-4340-98a0-672c76673095;FRB1696;32;689172;6207567;1;05-03-2015 08:00:00 +01:00;;pH; =;8,7;pH;2
Station;49000054;ARRESØ KANAL, ARRESØDAL SLUSE;32;689172;6207567;Halsnæs;Region Hovedstaden;Vandløb;Poel Å;15-11-2017;1;Feltmålinger, Vandløb;Ja;Miljøstyrelsen;https://vanda.miljoeportal.dk/link/07bbd42d-8aba-45ba-a5e6-403e682475ec;FRB1696;32;689172;6207567;1;15-11-2017 08:00:00 +01:00;;Temperatur; =;5,6;grader C;2
Station;49000054;ARRESØ KANAL, ARRESØDAL SLUSE;32;689172;6207567;Halsnæs;Region Hovedstaden;Vandløb;Poel Å;22-04-2004;1;Feltmålinger, Vandløb;Ja;Miljøstyrelsen;https://vanda.miljoeportal.dk/link/a2667c12-5e30-4e33-84d0-475edf122686;FRB1696;32;689172;6207567;1;22-04-2004 08:40:00 +02:00;;Oxygen indhold; =;11,9;mg/l;3
Station;49000054;ARRESØ KANAL, ARRESØDAL SLUSE;32;689172;6207567;Halsnæs;Region Hovedstaden;Vandløb;Poel Å;02-01-2002;1;Feltmålinger, Vandløb;Ja;Miljøstyrelsen;https://vanda.miljoeportal.dk/link/556a205e-87c0-4b61-a433-8cd045d7ed74;FRB1696;32;689172;6207567;1;02-01-2002 10:30:00 +01:00;;Oxygen indhold; =;13,8;mg/l;3
Station;49000054;ARRESØ KANAL, ARRESØDAL SLUSE;32;689172;6207567;Halsnæs;Region Hovedstaden;Vandløb;Poel Å;07-08-1991;1;Feltmålinger, Vandløb;Ja;Miljøstyrelsen;https://vanda.miljoeportal.dk/link/f48f1bd9-e21e-43aa-8c73-495afef6ab10;FRB1696;32;689172;6207567;1;07-08-1991 09:39:00 +02:00;;Oxygen indhold; =;8,3;mg/l;3
Station;49000054;ARRESØ KANAL, ARRESØDAL SLUSE;32;689172;6207567;Halsnæs;Region Hovedstaden;Vandløb;Poel Å;15-08-2001;1;Feltmålinger, Vandløb;Ja;Miljøstyrelsen;https://vanda.miljoeportal.dk/link/3ae7472d-cf13-42bd-b39d-b76e69b1d861;FRB1696;32;689172;6207567;1;15-08-2001 09:05:00 +02:00;;Oxygen indhold; =;6,4;mg/l;3
Station;49000054;ARRESØ KANAL, ARRESØDAL SLUSE;32;689172;6207567;Halsnæs;Region Hovedstaden;Vandløb;Poel Å;03-02-1993;1;Feltmålinger, Vandløb;Ja;Miljøstyrelsen;https://vanda.miljoeportal.dk/link/be7a8eaf-37f3-4ad7-95fa-117c9ea2b834;FRB1696;32;689172;6207567;1;03-02-1993 09:18:00 +01:00;;Temperatur; =;1,4;grader C;3
Station;49000054;ARRESØ KANAL, ARRESØDAL SLUSE;32;689172;6207567;Halsnæs;Region Hovedstaden;Vandløb;Poel Å;08-05-2012;1;Feltmålinger, Vandløb;Ja;Miljøstyrelsen;https://vanda.miljoeportal.dk/link/8f1ef410-3feb-4072-855c-489ae88a0845;FRB1696;32;689172;6207567;1;08-05-2012 10:05:00 +02:00;;pH; =;8,9;pH;3
Station;49000054;ARRESØ KANAL, ARRESØDAL SLUSE;32;689172;6207567;Halsnæs;Region Hovedstaden;Vandløb;Poel Å;11-07-1990;1;Feltmålinger, Vandløb;Ja;Miljøstyrelsen;https://vanda.miljoeportal.dk/link/0dc44027-7528-4e7c-9ae4-1f92be3bd2ad;FRB1696;32;689172;6207567;1;11-07-1990 09:50:00 +02:00;;Oxygen indhold; =;10,2;mg/l;3
Station;49000054;ARRESØ KANAL, ARRESØDAL SLUSE;32;689172;6207567;Halsnæs;Region Hovedstaden;Vandløb;Poel Å;25-04-2019;1;Feltmålinger, Vandløb;Ja;Miljøstyrelsen;https://vanda.miljoeportal.dk/link/02e74d25-d07d-4ee6-91ed-a57068dedc2f;FRB1696;32;689172;6207567;1;25-04-2019 08:40:00 +02:00;;Temperatur; =;12,7;grader C;2
Station;49000054;ARRESØ KANAL, ARRESØDAL SLUSE;32;689172;6207567;Halsnæs;Region Hovedstaden;Vandløb;Poel Å;22-05-2017;1;Feltmålinger, Vandløb;Ja;Miljøstyrelsen;https://vanda.miljoeportal.dk/link/1eb13fd5-38fb-44a7-a00e-62386aae86f0;FRB1696;32;689172;6207567;1;22-05-2017 08:20:00 +02:00;;Temperatur; =;16,7;grader C;2
Station;49000054;ARRESØ KANAL, ARRESØDAL SLUSE;32;689172;6207567;Halsnæs;Region Hovedstaden;Vandløb;Poel Å;14-08-2002;1;Feltmålinger, Vandløb;Ja;Miljøstyrelsen;https://vanda.miljoeportal.dk/link/d3757579-f291-47e6-b0e8-6c25b0217975;FRB1696;32;689172;6207567;1;14-08-2002 06:30:00 +02:00;;Temperatur; =;20,5;grader C;3
Station;49000054;ARRESØ KANAL, ARRESØDAL SLUSE;32;689172;6207567;Halsnæs;Region Hovedstaden;Vandløb;Poel Å;18-08-1999;1;Feltmålinger, Vandløb;Ja;Miljøstyrelsen;https://vanda.miljoeportal.dk/link/6fddd88f-adb1-405e-b08c-890e3753bc66;FRB1696;32;689172;6207567;1;18-08-1999 10:05:00 +02:00;;Oxygen indhold; =;9,3;mg/l;3
Station;49000054;ARRESØ KANAL, ARRESØDAL SLUSE;32;689172;6207567;Halsnæs;Region Hovedstaden;Vandløb;Poel Å;06-11-1996;1;Feltmålinger, Vandløb;Ja;Miljøstyrelsen;https://vanda.miljoeportal.dk/link/eb72a6c8-4ca8-403d-b041-3230f5b802e5;FRB1696;32;689172;6207567;1;06-11-1996 09:05:00 +01:00;;Oxygen indhold; =;9,2;mg/l;3
Station;49000054;ARRESØ KANAL, ARRESØDAL SLUSE;32;689172;6207567;Halsnæs;Region Hovedstaden;Vandløb;Poel Å;10-06-2003;1;Feltmålinger, Vandløb;Ja;Miljøstyrelsen;https://vanda.miljoeportal.dk/link/b049cbec-60a2-4d64-aed9-01db370191e0;FRB1696;32;689172;6207567;1;10-06-2003 10:23:00 +02:00;;Temperatur; =;17,8;grader C;3
Station;49000054;ARRESØ KANAL, ARRESØDAL SLUSE;32;689172;6207567;Halsnæs;Region Hovedstaden;Vandløb;Poel Å;23-08-2012;1;Feltmålinger, Vandløb;Ja;Miljøstyrelsen;https://vanda.miljoeportal.dk/link/ebda5f59-1301-4871-bd1f-646a3ffb835b;FRB1696;32;689172;6207567;1;23-08-2012 09:55:00 +02:00;;pH; =;8,6;pH;3
Station;49000054;ARRESØ KANAL, ARRESØDAL SLUSE;32;689172;6207567;Halsnæs;Region Hovedstaden;Vandløb;Poel Å;07-07-2017;1;Feltmålinger, Vandløb;Ja;Miljøstyrelsen;https://vanda.miljoeportal.dk/link/7d2fafca-e16a-461e-9f50-b7b6b2a2043c;FRB1696;32;689172;6207567;1;07-07-2017 07:20:00 +02:00;;pH; =;8,4;pH;2
Station;49000054;ARRESØ KANAL, ARRESØDAL SLUSE;32;689172;6207567;Halsnæs;Region Hovedstaden;Vandløb;Poel Å;02-01-1998;1;Feltmålinger, Vandløb;Ja;Miljøstyrelsen;https://vanda.miljoeportal.dk/link/ed20af15-5372-4bbb-b118-907df23e9b69;FRB1696;32;689172;6207567;1;02-01-1998 09:33:00 +01:00;;Temperatur; =;2,9;grader C;3
Station;49000054;ARRESØ KANAL, ARRESØDAL SLUSE;32;689172;6207567;Halsnæs;Region Hovedstaden;Vandløb;Poel Å;18-02-2003;1;Feltmålinger, Vandløb;Ja;Miljøstyrelsen;https://vanda.miljoeportal.dk/link/471796f6-30ef-4874-9e29-4ad8586f83c9;FRB1696;32;689172;6207567;1;18-02-2003 10:50:00 +01:00;;Temperatur; =;3;grader C;3
Station;49000054;ARRESØ KANAL, ARRESØDAL SLUSE;32;689172;6207567;Halsnæs;Region Hovedstaden;Vandløb;Poel Å;13-03-1996;1;Feltmålinger, Vandløb;Ja;Miljøstyrelsen;https://vanda.miljoeportal.dk/link/ca178da2-0e92-4cbf-80a4-2156cf2ee37e;FRB1696;32;689172;6207567;1;13-03-1996 09:11:00 +01:00;;Temperatur; =;3,6;grader C;3
Station;49000054;ARRESØ KANAL, ARRESØDAL SLUSE;32;689172;6207567;Halsnæs;Region Hovedstaden;Vandløb;Poel Å;09-04-1997;1;Feltmålinger, Vandløb;Ja;Miljøstyrelsen;https://vanda.miljoeportal.dk/link/4260afd8-b651-4e43-967c-553691dcb15a;FRB1696;32;689172;6207567;1;09-04-1997 08:18:00 +02:00;;Oxygen indhold; =;15,6;mg/l;3
Station;49000054;ARRESØ KANAL, ARRESØDAL SLUSE;32;689172;6207567;Halsnæs;Region Hovedstaden;Vandløb;Poel Å;25-05-2005;1;Feltmålinger, Vandløb;Ja;Miljøstyrelsen;https://vanda.miljoeportal.dk/link/3b5d66d9-02e8-4137-a616-d318ff8f1fb1;FRB1696;32;689172;6207567;1;25-05-2005 10:45:00 +02:00;;Temperatur; =;15,9;grader C;3
Station;49000054;ARRESØ KANAL, ARRESØDAL SLUSE;32;689172;6207567;Halsnæs;Region Hovedstaden;Vandløb;Poel Å;29-12-1998;1;Feltmålinger, Vandløb;Ja;Miljøstyrelsen;https://vanda.miljoeportal.dk/link/2d4199c6-eff9-4526-ad30-dc87deb60328;FRB1696;32;689172;6207567;1;29-12-1998 08:33:00 +01:00;;Temperatur; =;2,4;grader C;3
Station;49000054;ARRESØ KANAL, ARRESØDAL SLUSE;32;689172;6207567;Halsnæs;Region Hovedstaden;Vandløb;Poel Å;13-08-1997;1;Feltmålinger, Vandløb;Ja;Miljøstyrelsen;https://vanda.miljoeportal.dk/link/1b27062b-5b76-4fbd-9e7a-7a80fd8d0d6e;FRB1696;32;689172;6207567;1;13-08-1997 08:07:00 +02:00;;Temperatur; =;23,1;grader C;2
Station;49000054;ARRESØ KANAL, ARRESØDAL SLUSE;32;689172;6207567;Halsnæs;Region Hovedstaden;Vandløb;Poel Å;15-02-2006;1;Feltmålinger, Vandløb;Ja;Miljøstyrelsen;https://vanda.miljoeportal.dk/link/01570759-2b53-4420-af26-ec10f3a66ca6;FRB1696;32;689172;6207567;1;15-02-2006 10:10:00 +01:00;;Temperatur; =;1,3;grader C;2
Station;49000054;ARRESØ KANAL, ARRESØDAL SLUSE;32;689172;6207567;Halsnæs;Region Hovedstaden;Vandløb;Poel Å;12-04-1989;1;Feltmålinger, Vandløb;Ja;Miljøstyrelsen;https://vanda.miljoeportal.dk/link/68e55615-7427-4bc8-b076-0582152460b3;FRB1696;32;689172;6207567;1;12-04-1989 09:55:00 +02:00;;Temperatur; =;8,2;grader C;3
Station;49000054;ARRESØ KANAL, ARRESØDAL SLUSE;32;689172;6207567;Halsnæs;Region Hovedstaden;Vandløb;Poel Å;24-05-1989;1;Feltmålinger, Vandløb;Ja;Miljøstyrelsen;https://vanda.miljoeportal.dk/link/5a521529-cb33-4597-b5ba-f704c80bd828;FRB1696;32;689172;6207567;1;24-05-1989 10:00:00 +02:00;;Oxygen indhold; =;13,3;mg/l;3
Station;49000054;ARRESØ KANAL, ARRESØDAL SLUSE;32;689172;6207567;Halsnæs;Region Hovedstaden;Vandløb;Poel Å;20-11-2002;1;Feltmålinger, Vandløb;Ja;Miljøstyrelsen;https://vanda.miljoeportal.dk/link/d73334ed-2977-4de8-9d6e-a2892474156e;FRB1696;32;689172;6207567;1;20-11-2002 09:35:00 +01:00;;Oxygen indhold; =;11,7;mg/l;3
Station;49000054;ARRESØ KANAL, ARRESØDAL SLUSE;32;689172;6207567;Halsnæs;Region Hovedstaden;Vandløb;Poel Å;04-03-1992;1;Feltmålinger, Vandløb;Ja;Miljøstyrelsen;https://vanda.miljoeportal.dk/link/bf299789-c9e4-4f02-b1ba-215f36f05794;FRB1696;32;689172;6207567;1;04-03-1992 08:58:00 +01:00;;Temperatur; =;4,4;grader C;3
Station;49000054;ARRESØ KANAL, ARRESØDAL SLUSE;32;689172;6207567;Halsnæs;Region Hovedstaden;Vandløb;Poel Å;18-12-1996;1;Feltmålinger, Vandløb;Ja;Miljøstyrelsen;https://vanda.miljoeportal.dk/link/3bf827bb-07a4-4472-884e-1d8cdf811c6c;FRB1696;32;689172;6207567;1;18-12-1996 09:01:00 +01:00;;Temperatur; =;0,4;grader C;3
Station;49000054;ARRESØ KANAL, ARRESØDAL SLUSE;32;689172;6207567;Halsnæs;Region Hovedstaden;Vandløb;Poel Å;30-08-2000;1;Feltmålinger, Vandløb;Ja;Miljøstyrelsen;https://vanda.miljoeportal.dk/link/940eec64-e0b1-4f8c-8667-0cc6daf52c06;FRB1696;32;689172;6207567;1;30-08-2000 09:30:00 +02:00;;Temperatur; =;17,1;grader C;3
Station;49000054;ARRESØ KANAL, ARRESØDAL SLUSE;32;689172;6207567;Halsnæs;Region Hovedstaden;Vandløb;Poel Å;22-04-2004;1;Feltmålinger, Vandløb;Ja;Miljøstyrelsen;https://vanda.miljoeportal.dk/link/a2667c12-5e30-4e33-84d0-475edf122686;FRB1696;32;689172;6207567;1;22-04-2004 08:40:00 +02:00;;Oxygenmætning; =;111;pct;3
Station;49000054;ARRESØ KANAL, ARRESØDAL SLUSE;32;689172;6207567;Halsnæs;Region Hovedstaden;Vandløb;Poel Å;09-09-2014;1;Feltmålinger, Vandløb;Ja;Miljøstyrelsen;https://vanda.miljoeportal.dk/link/f4bec18b-422d-4da8-9ac3-b7f992a86bbd;FRB1696;32;689172;6207567;1;09-09-2014 11:30:00 +02:00;;pH; =;8,6;pH;3
Station;49000054;ARRESØ KANAL, ARRESØDAL SLUSE;32;689172;6207567;Halsnæs;Region Hovedstaden;Vandløb;Poel Å;12-07-1989;1;Feltmålinger, Vandløb;Ja;Miljøstyrelsen;https://vanda.miljoeportal.dk/link/94312a0c-505d-4b48-b045-dac64c90daf4;FRB1696;32;689172;6207567;1;12-07-1989 10:35:00 +02:00;;Temperatur; =;19,6;grader C;3
Station;49000054;ARRESØ KANAL, ARRESØDAL SLUSE;32;689172;6207567;Halsnæs;Region Hovedstaden;Vandløb;Poel Å;19-12-1989;1;Feltmålinger, Vandløb;Ja;Miljøstyrelsen;https://vanda.miljoeportal.dk/link/a201cf80-7e8c-402c-aab3-5ac013501fa8;FRB1696;32;689172;6207567;1;19-12-1989 09:55:00 +01:00;;Temperatur; =;0,7;grader C;3
Station;49000054;ARRESØ KANAL, ARRESØDAL SLUSE;32;689172;6207567;Halsnæs;Region Hovedstaden;Vandløb;Poel Å;26-05-1993;1;Feltmålinger, Vandløb;Ja;Miljøstyrelsen;https://vanda.miljoeportal.dk/link/17a3bde1-1927-4d9e-9240-8d167696dd43;FRB1696;32;689172;6207567;1;26-05-1993 08:48:00 +02:00;;Oxygen indhold; =;9,4;mg/l;3
Station;49000054;ARRESØ KANAL, ARRESØDAL SLUSE;32;689172;6207567;Halsnæs;Region Hovedstaden;Vandløb;Poel Å;21-03-2013;1;Feltmålinger, Vandløb;Ja;Miljøstyrelsen;https://vanda.miljoeportal.dk/link/d67c2b0a-0140-41e1-8a04-018370aa9a4f;FRB1696;32;689172;6207567;1;21-03-2013 10:20:00 +01:00;;pH; =;8,6;pH;3
Station;49000054;ARRESØ KANAL, ARRESØDAL SLUSE;32;689172;6207567;Halsnæs;Region Hovedstaden;Vandløb;Poel Å;12-05-2009;1;Feltmålinger, Vandløb;Ja;Miljøstyrelsen;https://vanda.miljoeportal.dk/link/4b4687fd-dec2-4328-81cc-6a37bfa942c1;FRB1696;32;689172;6207567;1;12-05-2009 11:05:00 +02:00;;Temperatur; =;14,6;grader C;3
Station;49000054;ARRESØ KANAL, ARRESØDAL SLUSE;32;689172;6207567;Halsnæs;Region Hovedstaden;Vandløb;Poel Å;19-07-2006;1;Feltmålinger, Vandløb;Ja;Miljøstyrelsen;https://vanda.miljoeportal.dk/link/9240358e-c893-4e98-9901-ee9fdc727d44;FRB1696;32;689172;6207567;1;19-07-2006 10:15:00 +02:00;;Temperatur; =;23;grader C;2
Station;49000054;ARRESØ KANAL, ARRESØDAL SLUSE;32;689172;6207567;Halsnæs;Region Hovedstaden;Vandløb;Poel Å;17-04-2012;1;Feltmålinger, Vandløb;Ja;Miljøstyrelsen;https://vanda.miljoeportal.dk/link/4f77eaef-710c-442b-a871-3ca94179b3d0;FRB1696;32;689172;6207567;1;17-04-2012 09:35:00 +02:00;;pH; =;8,9;pH;3
Station;49000054;ARRESØ KANAL, ARRESØDAL SLUSE;32;689172;6207567;Halsnæs;Region Hovedstaden;Vandløb;Poel Å;21-01-2020;1;Feltmålinger, Vandløb;Ja;Miljøstyrelsen;https://vanda.miljoeportal.dk/link/3ec7090b-0994-4661-a060-15c75ceeef9a;FRB1696;32;689172;6207567;1;21-01-2020 11:10:00 +01:00;;Temperatur; =;5,1;grader C;2
Station;49000054;ARRESØ KANAL, ARRESØDAL SLUSE;32;689172;6207567;Halsnæs;Region Hovedstaden;Vandløb;Poel Å;26-05-2003;1;Feltmålinger, Vandløb;Ja;Miljøstyrelsen;https://vanda.miljoeportal.dk/link/060e1ade-0200-4822-a923-3a76ad839ae9;FRB1696;32;689172;6207567;1;26-05-2003 11:40:00 +02:00;;Oxygen indhold; =;7,4;mg/l;3
Station;49000054;ARRESØ KANAL, ARRESØDAL SLUSE;32;689172;6207567;Halsnæs;Region Hovedstaden;Vandløb;Poel Å;03-08-2016;1;Feltmålinger, Vandløb;Ja;Miljøstyrelsen;https://vanda.miljoeportal.dk/link/409a5af9-022b-4e8c-92b1-6734900d2a72;FRB1696;32;689172;6207567;1;03-08-2016 08:00:00 +02:00;;Temperatur; =;18,9;grader C;2
Station;49000054;ARRESØ KANAL, ARRESØDAL SLUSE;32;689172;6207567;Halsnæs;Region Hovedstaden;Vandløb;Poel Å;15-07-1998;1;Feltmålinger, Vandløb;Ja;Miljøstyrelsen;https://vanda.miljoeportal.dk/link/1df3bc42-2f06-45d4-bc36-e6e63b425091;FRB1696;32;689172;6207567;1;15-07-1998 09:25:00 +02:00;;Temperatur; =;15,1;grader C;3
Station;49000054;ARRESØ KANAL, ARRESØDAL SLUSE;32;689172;6207567;Halsnæs;Region Hovedstaden;Vandløb;Poel Å;17-05-1989;1;Feltmålinger, Vandløb;Ja;Miljøstyrelsen;https://vanda.miljoeportal.dk/link/1e74d69b-50ad-4268-b68e-1afe391a8c48;FRB1696;32;689172;6207567;1;17-05-1989 09:50:00 +02:00;;Oxygen indhold; =;13,8;mg/l;3
Station;49000054;ARRESØ KANAL, ARRESØDAL SLUSE;32;689172;6207567;Halsnæs;Region Hovedstaden;Vandløb;Poel Å;21-06-2011;1;Feltmålinger, Vandløb;Ja;Miljøstyrelsen;https://vanda.miljoeportal.dk/link/7507fa1b-3bcf-4202-b2ce-df17559f26b4;FRB1696;32;689172;6207567;1;21-06-2011 11:05:00 +02:00;;Temperatur; =;16,6;grader C;3
Station;49000054;ARRESØ KANAL, ARRESØDAL SLUSE;32;689172;6207567;Halsnæs;Region Hovedstaden;Vandløb;Poel Å;05-08-2003;1;Feltmålinger, Vandløb;Ja;Miljøstyrelsen;https://vanda.miljoeportal.dk/link/2456940e-0d26-454b-bd96-c51abcfe2fe3;FRB1696;32;689172;6207567;1;05-08-2003 10:05:00 +02:00;;Oxygen indhold; =;14,9;mg/l;2
Station;49000054;ARRESØ KANAL, ARRESØDAL SLUSE;32;689172;6207567;Halsnæs;Region Hovedstaden;Vandløb;Poel Å;09-11-2010;1;Feltmålinger, Vandløb;Ja;Miljøstyrelsen;https://vanda.miljoeportal.dk/link/9620589a-3357-47a6-9424-5cb9964f4801;FRB1696;32;689172;6207567;1;09-11-2010 10:30:00 +01:00;;Temperatur; =;5,4;grader C;3
Station;49000054;ARRESØ KANAL, ARRESØDAL SLUSE;32;689172;6207567;Halsnæs;Region Hovedstaden;Vandløb;Poel Å;26-05-2003;1;Feltmålinger, Vandløb;Ja;Miljøstyrelsen;https://vanda.miljoeportal.dk/link/060e1ade-0200-4822-a923-3a76ad839ae9;FRB1696;32;689172;6207567;1;26-05-2003 11:40:00 +02:00;;Temperatur; =;17,6;grader C;3
Station;49000054;ARRESØ KANAL, ARRESØDAL SLUSE;32;689172;6207567;Halsnæs;Region Hovedstaden;Vandløb;Poel Å;04-04-1990;1;Feltmålinger, Vandløb;Ja;Miljøstyrelsen;https://vanda.miljoeportal.dk/link/054583ad-2980-4d21-b646-42ba1d247d28;FRB1696;32;689172;6207567;1;04-04-1990 09:30:00 +02:00;;Temperatur; =;7,3;grader C;3
Station;49000054;ARRESØ KANAL, ARRESØDAL SLUSE;32;689172;6207567;Halsnæs;Region Hovedstaden;Vandløb;Poel Å;21-04-2009;1;Feltmålinger, Vandløb;Ja;Miljøstyrelsen;https://vanda.miljoeportal.dk/link/d5f912ce-95bb-434a-9712-70b3da47d721;FRB1696;32;689172;6207567;1;21-04-2009 10:35:00 +02:00;;Temperatur; =;12,1;grader C;3
Station;49000054;ARRESØ KANAL, ARRESØDAL SLUSE;32;689172;6207567;Halsnæs;Region Hovedstaden;Vandløb;Poel Å;18-03-2003;1;Feltmålinger, Vandløb;Ja;Miljøstyrelsen;https://vanda.miljoeportal.dk/link/ca6c533f-37a5-4ce4-82d3-ff83bdd48d9a;FRB1696;32;689172;6207567;1;18-03-2003 08:05:00 +01:00;;Oxygen indhold; =;17,4;mg/l;3
Station;49000054;ARRESØ KANAL, ARRESØDAL SLUSE;32;689172;6207567;Halsnæs;Region Hovedstaden;Vandløb;Poel Å;18-08-1999;1;Feltmålinger, Vandløb;Ja;Miljøstyrelsen;https://vanda.miljoeportal.dk/link/6fddd88f-adb1-405e-b08c-890e3753bc66;FRB1696;32;689172;6207567;1;18-08-1999 10:05:00 +02:00;;Temperatur; =;17,6;grader C;3
Station;49000054;ARRESØ KANAL, ARRESØDAL SLUSE;32;689172;6207567;Halsnæs;Region Hovedstaden;Vandløb;Poel Å;04-12-2018;1;Feltmålinger, Vandløb;Ja;Miljøstyrelsen;https://vanda.miljoeportal.dk/link/3904776a-d18f-44cb-95b1-4435e1eda56d;FRB1696;32;689172;6207567;1;04-12-2018 07:50:00 +01:00;;Temperatur; =;4,5;grader C;2
Station;49000054;ARRESØ KANAL, ARRESØDAL SLUSE;32;689172;6207567;Halsnæs;Region Hovedstaden;Vandløb;Poel Å;26-04-2006;1;Feltmålinger, Vandløb;Ja;Miljøstyrelsen;https://vanda.miljoeportal.dk/link/c32e69c2-153c-41fb-a5ed-097e2b991c58;FRB1696;32;689172;6207567;1;26-04-2006 10:10:00 +02:00;;Temperatur; =;9,6;grader C;2
Station;49000054;ARRESØ KANAL, ARRESØDAL SLUSE;32;689172;6207567;Halsnæs;Region Hovedstaden;Vandløb;Poel Å;29-04-1991;1;Feltmålinger, Vandløb;Ja;Miljøstyrelsen;https://vanda.miljoeportal.dk/link/f38a4dec-b866-4ba4-b6e1-e4a78b2e6cfc;FRB1696;32;689172;6207567;1;29-04-1991 09:44:00 +02:00;;Oxygen indhold; =;12,6;mg/l;3
Station;49000054;ARRESØ KANAL, ARRESØDAL SLUSE;32;689172;6207567;Halsnæs;Region Hovedstaden;Vandløb;Poel Å;26-09-1990;1;Feltmålinger, Vandløb;Ja;Miljøstyrelsen;https://vanda.miljoeportal.dk/link/f4d2e4b0-360f-4d8c-ab06-15094bb9fa68;FRB1696;32;689172;6207567;1;26-09-1990 09:30:00 +02:00;;Temperatur; =;10;grader C;3
Station;49000054;ARRESØ KANAL, ARRESØDAL SLUSE;32;689172;6207567;Halsnæs;Region Hovedstaden;Vandløb;Poel Å;09-08-1989;1;Feltmålinger, Vandløb;Ja;Miljøstyrelsen;https://vanda.miljoeportal.dk/link/792b3b24-383d-41a0-befe-a0bfb22b2168;FRB1696;32;689172;6207567;1;09-08-1989 09:45:00 +02:00;;Oxygen indhold; =;10,2;mg/l;3
Station;49000054;ARRESØ KANAL, ARRESØDAL SLUSE;32;689172;6207567;Halsnæs;Region Hovedstaden;Vandløb;Poel Å;12-10-2005;1;Feltmålinger, Vandløb;Ja;Miljøstyrelsen;https://vanda.miljoeportal.dk/link/2ff01b3b-a276-497d-9032-e2449556e7af;FRB1696;32;689172;6207567;1;12-10-2005 10:15:00 +02:00;;Oxygenmætning; =;76;pct;3
Station;49000054;ARRESØ KANAL, ARRESØDAL SLUSE;32;689172;6207567;Halsnæs;Region Hovedstaden;Vandløb;Poel Å;23-09-1998;1;Feltmålinger, Vandløb;Ja;Miljøstyrelsen;https://vanda.miljoeportal.dk/link/7b9cabeb-bc88-4de9-9969-2f6058c6b6ff;FRB1696;32;689172;6207567;1;23-09-1998 07:32:00 +02:00;;Temperatur; =;14,5;grader C;3
Station;49000054;ARRESØ KANAL, ARRESØDAL SLUSE;32;689172;6207567;Halsnæs;Region Hovedstaden;Vandløb;Poel Å;11-11-2008;1;Feltmålinger, Vandløb;Ja;Miljøstyrelsen;https://vanda.miljoeportal.dk/link/b598856d-75ad-4d50-9be7-4101a6ac5af8;FRB1696;32;689172;6207567;1;11-11-2008 09:50:00 +01:00;;Temperatur; =;7,3;grader C;3
Station;49000054;ARRESØ KANAL, ARRESØDAL SLUSE;32;689172;6207567;Halsnæs;Region Hovedstaden;Vandløb;Poel Å;13-02-2002;1;Feltmålinger, Vandløb;Ja;Miljøstyrelsen;https://vanda.miljoeportal.dk/link/f6642d19-7bc1-4886-8872-176b37d71704;FRB1696;32;689172;6207567;1;13-02-2002 09:00:00 +01:00;;Oxygen indhold; =;12,2;mg/l;3
Station;49000054;ARRESØ KANAL, ARRESØDAL SLUSE;32;689172;6207567;Halsnæs;Region Hovedstaden;Vandløb;Poel Å;29-11-2017;1;Feltmålinger, Vandløb;Ja;Miljøstyrelsen;https://vanda.miljoeportal.dk/link/a2237041-0f14-4d01-bfaa-43bcbc200426;FRB1696;32;689172;6207567;1;29-11-2017 07:55:00 +01:00;;Temperatur; =;5,8;grader C;2
Station;49000054;ARRESØ KANAL, ARRESØDAL SLUSE;32;689172;6207567;Halsnæs;Region Hovedstaden;Vandløb;Poel Å;07-12-2022;1;Feltmålinger, Vandløb;Ja;Miljøstyrelsen;https://vanda.miljoeportal.dk/link/8b3311f1-1572-4f44-bbe8-f4e9d0522bd2;FRB1696;32;689172;6207567;1;07-12-2022 13:44:00 +01:00;;pH; =;8,316;pH;2
Station;49000054;ARRESØ KANAL, ARRESØDAL SLUSE;32;689172;6207567;Halsnæs;Region Hovedstaden;Vandløb;Poel Å;08-02-2023;2;Feltmålinger, Vandløb;Ja;Miljøstyrelsen;https://vanda.miljoeportal.dk/link/76cc43dc-045a-47f6-a7bc-a6b20940d52f;Aktivitetssted;32;689171,9998405268;6207567,003615554;1;08-02-2023 08:10:00 +01:00;;pH; =;8,53;pH;2
Station;49000054;ARRESØ KANAL, ARRESØDAL SLUSE;32;689172;6207567;Halsnæs;Region Hovedstaden;Vandløb;Poel Å;28-03-2001;1;Feltmålinger, Vandløb;Ja;Miljøstyrelsen;https://vanda.miljoeportal.dk/link/e013f796-9a48-4395-a77c-0fb2eea127b5;FRB1696;32;689172;6207567;1;28-03-2001 08:50:00 +02:00;;Temperatur; =;2;grader C;3
Station;49000054;ARRESØ KANAL, ARRESØDAL SLUSE;32;689172;6207567;Halsnæs;Region Hovedstaden;Vandløb;Poel Å;05-01-1994;1;Feltmålinger, Vandløb;Ja;Miljøstyrelsen;https://vanda.miljoeportal.dk/link/1149baa7-aa57-4711-bde5-7a4e54af654a;FRB1696;32;689172;6207567;1;05-01-1994 09:45:00 +01:00;;Temperatur; =;0,5;grader C;3
Station;49000054;ARRESØ KANAL, ARRESØDAL SLUSE;32;689172;6207567;Halsnæs;Region Hovedstaden;Vandløb;Poel Å;26-05-1992;1;Feltmålinger, Vandløb;Ja;Miljøstyrelsen;https://vanda.miljoeportal.dk/link/ebbb3297-adb6-47bf-a50f-8b1ec71a2a04;FRB1696;32;689172;6207567;1;26-05-1992 08:05:00 +02:00;;Temperatur; =;18,7;grader C;3
Station;49000054;ARRESØ KANAL, ARRESØDAL SLUSE;32;689172;6207567;Halsnæs;Region Hovedstaden;Vandløb;Poel Å;13-10-1993;1;Feltmålinger, Vandløb;Ja;Miljøstyrelsen;https://vanda.miljoeportal.dk/link/fb955468-9540-4940-8553-bdd11a76316e;FRB1696;32;689172;6207567;1;13-10-1993 09:37:00 +01:00;;Temperatur; =;10,7;grader C;3
Station;49000054;ARRESØ KANAL, ARRESØDAL SLUSE;32;689172;6207567;Halsnæs;Region Hovedstaden;Vandløb;Poel Å;10-03-2004;1;Feltmålinger, Vandløb;Ja;Miljøstyrelsen;https://vanda.miljoeportal.dk/link/3a5a7251-3583-4242-ba78-72fb7b8df169;FRB1696;32;689172;6207567;1;10-03-2004 10:20:00 +01:00;;Oxygenmætning; =;105;pct;3
Station;49000054;ARRESØ KANAL, ARRESØDAL SLUSE;32;689172;6207567;Halsnæs;Region Hovedstaden;Vandløb;Poel Å;20-03-2019;1;Feltmålinger, Vandløb;Ja;Miljøstyrelsen;https://vanda.miljoeportal.dk/link/0348c99c-da91-4044-a081-c4fba1bd5ff4;FRB1696;32;689172;6207567;1;20-03-2019 13:15:00 +01:00;;pH; =;8,9;pH;2
Station;49000054;ARRESØ KANAL, ARRESØDAL SLUSE;32;689172;6207567;Halsnæs;Region Hovedstaden;Vandløb;Poel Å;13-08-1997;1;Feltmålinger, Vandløb;Ja;Miljøstyrelsen;https://vanda.miljoeportal.dk/link/1b27062b-5b76-4fbd-9e7a-7a80fd8d0d6e;FRB1696;32;689172;6207567;1;13-08-1997 08:07:00 +02:00;;Oxygen indhold; =;8,6;mg/l;2
Station;49000054;ARRESØ KANAL, ARRESØDAL SLUSE;32;689172;6207567;Halsnæs;Region Hovedstaden;Vandløb;Poel Å;20-07-1994;1;Feltmålinger, Vandløb;Ja;Miljøstyrelsen;https://vanda.miljoeportal.dk/link/863d90f0-fc40-4601-b115-db701c84b3bf;FRB1696;32;689172;6207567;1;20-07-1994 09:40:00 +02:00;;Temperatur; =;22,7;grader C;2
Station;49000054;ARRESØ KANAL, ARRESØDAL SLUSE;32;689172;6207567;Halsnæs;Region Hovedstaden;Vandløb;Poel Å;03-03-1999;1;Feltmålinger, Vandløb;Ja;Miljøstyrelsen;https://vanda.miljoeportal.dk/link/33e4356c-6ac3-40f7-afe6-3ab9709853da;FRB1696;32;689172;6207567;1;03-03-1999 09:45:00 +01:00;;Temperatur; =;2,3;grader C;3
Station;49000054;ARRESØ KANAL, ARRESØDAL SLUSE;32;689172;6207567;Halsnæs;Region Hovedstaden;Vandløb;Poel Å;22-12-1993;1;Feltmålinger, Vandløb;Ja;Miljøstyrelsen;https://vanda.miljoeportal.dk/link/c7379e59-3289-4bf0-879f-d75196a2ce0e;FRB1696;32;689172;6207567;1;22-12-1993 10:03:00 +01:00;;Temperatur; =;1,1;grader C;3
Station;49000054;ARRESØ KANAL, ARRESØDAL SLUSE;32;689172;6207567;Halsnæs;Region Hovedstaden;Vandløb;Poel Å;09-02-2010;1;Feltmålinger, Vandløb;Ja;Miljøstyrelsen;https://vanda.miljoeportal.dk/link/7011bd14-3fa7-4e1c-9cb3-98ea8f337d49;FRB1696;32;689172;6207567;1;09-02-2010 10:10:00 +01:00;;Temperatur; =;1,3;grader C;3
Station;49000054;ARRESØ KANAL, ARRESØDAL SLUSE;32;689172;6207567;Halsnæs;Region Hovedstaden;Vandløb;Poel Å;04-12-1995;1;Feltmålinger, Vandløb;Ja;Miljøstyrelsen;https://vanda.miljoeportal.dk/link/4ce1445d-76f8-4d70-92bc-9670e13de408;FRB1696;32;689172;6207567;1;04-12-1995 10:35:00 +01:00;;Temperatur; =;2,2;grader C;3
Station;49000054;ARRESØ KANAL, ARRESØDAL SLUSE;32;689172;6207567;Halsnæs;Region Hovedstaden;Vandløb;Poel Å;08-07-2003;1;Feltmålinger, Vandløb;Ja;Miljøstyrelsen;https://vanda.miljoeportal.dk/link/45b2a5b7-7179-49a9-80b4-0e780eb3e3ab;FRB1696;32;689172;6207567;1;08-07-2003 09:40:00 +02:00;;Oxygenmætning; =;102;pct;3
Station;49000054;ARRESØ KANAL, ARRESØDAL SLUSE;32;689172;6207567;Halsnæs;Region Hovedstaden;Vandløb;Poel Å;06-07-1994;1;Feltmålinger, Vandløb;Ja;Miljøstyrelsen;https://vanda.miljoeportal.dk/link/c3f90482-4980-4987-a56f-032aff07f3b5;FRB1696;32;689172;6207567;1;06-07-1994 11:12:00 +02:00;;Oxygen indhold; =;7,4;mg/l;3
Station;49000054;ARRESØ KANAL, ARRESØDAL SLUSE;32;689172;6207567;Halsnæs;Region Hovedstaden;Vandløb;Poel Å;29-04-1992;1;Feltmålinger, Vandløb;Ja;Miljøstyrelsen;https://vanda.miljoeportal.dk/link/6b114b20-b5b9-4543-a9ac-49b09e6cbc8a;FRB1696;32;689172;6207567;1;29-04-1992 08:26:00 +02:00;;Oxygen indhold; =;15,7;mg/l;3
Station;49000054;ARRESØ KANAL, ARRESØDAL SLUSE;32;689172;6207567;Halsnæs;Region Hovedstaden;Vandløb;Poel Å;03-02-2016;1;Feltmålinger, Vandløb;Ja;Miljøstyrelsen;https://vanda.miljoeportal.dk/link/af217ab1-763c-4a0b-8db7-2fa22f280c9b;FRB1696;32;689172;6207567;1;03-02-2016 07:55:00 +01:00;;Temperatur; =;3,3;grader C;3
Station;49000054;ARRESØ KANAL, ARRESØDAL SLUSE;32;689172;6207567;Halsnæs;Region Hovedstaden;Vandløb;Poel Å;17-06-2014;1;Feltmålinger, Vandløb;Ja;Miljøstyrelsen;https://vanda.miljoeportal.dk/link/35a0ce45-0a33-4ece-8bb7-cc260483de7c;FRB1696;32;689172;6207567;1;17-06-2014 10:45:00 +02:00;;Temperatur; =;19,5;grader C;3
Station;49000054;ARRESØ KANAL, ARRESØDAL SLUSE;32;689172;6207567;Halsnæs;Region Hovedstaden;Vandløb;Poel Å;19-08-2014;1;Feltmålinger, Vandløb;Ja;Miljøstyrelsen;https://vanda.miljoeportal.dk/link/2bdcf07e-2c25-4e35-a8b3-39b0b84f5ff8;FRB1696;32;689172;6207567;1;19-08-2014 11:05:00 +02:00;;Temperatur; =;15,6;grader C;3
Station;49000054;ARRESØ KANAL, ARRESØDAL SLUSE;32;689172;6207567;Halsnæs;Region Hovedstaden;Vandløb;Poel Å;17-10-1990;1;Feltmålinger, Vandløb;Ja;Miljøstyrelsen;https://vanda.miljoeportal.dk/link/eba290f9-a6b3-4d81-81db-6c9629b51c0b;FRB1696;32;689172;6207567;1;17-10-1990 09:40:00 +01:00;;Temperatur; =;11,8;grader C;3
Station;49000054;ARRESØ KANAL, ARRESØDAL SLUSE;32;689172;6207567;Halsnæs;Region Hovedstaden;Vandløb;Poel Å;13-03-2002;1;Feltmålinger, Vandløb;Ja;Miljøstyrelsen;https://vanda.miljoeportal.dk/link/7202f05d-b14a-46fb-92f3-213770f16eb6;FRB1696;32;689172;6207567;1;13-03-2002 09:10:00 +01:00;;Oxygen indhold; =;13,8;mg/l;3
Station;49000054;ARRESØ KANAL, ARRESØDAL SLUSE;32;689172;6207567;Halsnæs;Region Hovedstaden;Vandløb;Poel Å;20-03-2019;1;Feltmålinger, Vandløb;Ja;Miljøstyrelsen;https://vanda.miljoeportal.dk/link/0348c99c-da91-4044-a081-c4fba1bd5ff4;FRB1696;32;689172;6207567;1;20-03-2019 13:15:00 +01:00;;Temperatur; =;6,6;grader C;2
Station;49000054;ARRESØ KANAL, ARRESØDAL SLUSE;32;689172;6207567;Halsnæs;Region Hovedstaden;Vandløb;Poel Å;07-02-1990;1;Feltmålinger, Vandløb;Ja;Miljøstyrelsen;https://vanda.miljoeportal.dk/link/4a747efc-d615-4877-83a7-ff580aedcf92;FRB1696;32;689172;6207567;1;07-02-1990 09:30:00 +01:00;;Oxygen indhold; =;10,9;mg/l;3
Station;49000054;ARRESØ KANAL, ARRESØDAL SLUSE;32;689172;6207567;Halsnæs;Region Hovedstaden;Vandløb;Poel Å;06-05-2004;1;Feltmålinger, Vandløb;Ja;Miljøstyrelsen;https://vanda.miljoeportal.dk/link/7e90fe4c-243f-4bef-9d6a-47e658b2a0b1;FRB1696;32;689172;6207567;1;06-05-2004 10:15:00 +02:00;;Oxygenmætning; =;104;pct;3
Station;49000054;ARRESØ KANAL, ARRESØDAL SLUSE;32;689172;6207567;Halsnæs;Region Hovedstaden;Vandløb;Poel Å;29-11-2016;1;Feltmålinger, Vandløb;Ja;Miljøstyrelsen;https://vanda.miljoeportal.dk/link/42e7d7fb-6b63-4a36-854a-46c3bfe76a8c;FRB1696;32;689172;6207567;1;29-11-2016 07:50:00 +01:00;;pH; =;8,5;pH;3
Station;49000054;ARRESØ KANAL, ARRESØDAL SLUSE;32;689172;6207567;Halsnæs;Region Hovedstaden;Vandløb;Poel Å;25-09-2023;1;Feltmålinger, Vandløb;Ja;Miljøstyrelsen;https://vanda.miljoeportal.dk/link/1c213328-08b7-4b6e-9743-7ae6a24e9af1;FRB1696;32;689172;6207567;1;25-09-2023 13:06:00 +02:00;;Temperatur; =;16,2;grader C;2
Station;49000054;ARRESØ KANAL, ARRESØDAL SLUSE;32;689172;6207567;Halsnæs;Region Hovedstaden;Vandløb;Poel Å;28-03-2001;1;Feltmålinger, Vandløb;Ja;Miljøstyrelsen;https://vanda.miljoeportal.dk/link/e013f796-9a48-4395-a77c-0fb2eea127b5;FRB1696;32;689172;6207567;1;28-03-2001 08:50:00 +02:00;;Oxygen indhold; =;16,1;mg/l;3
Station;49000054;ARRESØ KANAL, ARRESØDAL SLUSE;32;689172;6207567;Halsnæs;Region Hovedstaden;Vandløb;Poel Å;16-12-2015;1;Feltmålinger, Vandløb;Ja;Miljøstyrelsen;https://vanda.miljoeportal.dk/link/860f79d3-1b81-426c-9286-3dabf4f0663e;FRB1696;32;689172;6207567;1;16-12-2015 07:55:00 +01:00;;Temperatur; =;3,8;grader C;2
Station;49000054;ARRESØ KANAL, ARRESØDAL SLUSE;32;689172;6207567;Halsnæs;Region Hovedstaden;Vandløb;Poel Å;20-01-1993;1;Feltmålinger, Vandløb;Ja;Miljøstyrelsen;https://vanda.miljoeportal.dk/link/ff3ab571-c4bf-4356-b2e5-a486348cdee2;FRB1696;32;689172;6207567;1;20-01-1993 09:39:00 +01:00;;Oxygen indhold; =;12,8;mg/l;3
Station;49000054;ARRESØ KANAL, ARRESØDAL SLUSE;32;689172;6207567;Halsnæs;Region Hovedstaden;Vandløb;Poel Å;17-08-2005;1;Feltmålinger, Vandløb;Ja;Miljøstyrelsen;https://vanda.miljoeportal.dk/link/d4e8d0ec-d0ab-45d1-bb97-7b14477ac67f;FRB1696;32;689172;6207567;1;17-08-2005 12:35:00 +02:00;;Temperatur; =;18,4;grader C;3
Station;49000054;ARRESØ KANAL, ARRESØDAL SLUSE;32;689172;6207567;Halsnæs;Region Hovedstaden;Vandløb;Poel Å;02-01-2003;1;Feltmålinger, Vandløb;Ja;Miljøstyrelsen;https://vanda.miljoeportal.dk/link/99fd17c3-bdec-4725-844b-f819f86a6e17;FRB1696;32;689172;6207567;1;02-01-2003 09:49:00 +01:00;;Oxygen indhold; =;12,8;mg/l;3
Station;49000054;ARRESØ KANAL, ARRESØDAL SLUSE;32;689172;6207567;Halsnæs;Region Hovedstaden;Vandløb;Poel Å;21-06-2000;1;Feltmålinger, Vandløb;Ja;Miljøstyrelsen;https://vanda.miljoeportal.dk/link/9f74c238-6bff-4b15-8924-73a393ff04a5;FRB1696;32;689172;6207567;1;21-06-2000 09:35:00 +02:00;;Temperatur; =;19,7;grader C;3
Station;49000054;ARRESØ KANAL, ARRESØDAL SLUSE;32;689172;6207567;Halsnæs;Region Hovedstaden;Vandløb;Poel Å;01-02-2000;1;Feltmålinger, Vandløb;Ja;Miljøstyrelsen;https://vanda.miljoeportal.dk/link/cc4e9502-b0ea-4b25-a9eb-37c51fe13c0c;FRB1696;32;689172;6207567;1;01-02-2000 09:50:00 +01:00;;Oxygen indhold; =;13,4;mg/l;3
Station;49000054;ARRESØ KANAL, ARRESØDAL SLUSE;32;689172;6207567;Halsnæs;Region Hovedstaden;Vandløb;Poel Å;12-07-1989;1;Feltmålinger, Vandløb;Ja;Miljøstyrelsen;https://vanda.miljoeportal.dk/link/94312a0c-505d-4b48-b045-dac64c90daf4;FRB1696;32;689172;6207567;1;12-07-1989 10:35:00 +02:00;;Oxygen indhold; =;7,6;mg/l;3
Station;49000054;ARRESØ KANAL, ARRESØDAL SLUSE;32;689172;6207567;Halsnæs;Region Hovedstaden;Vandløb;Poel Å;19-09-1990;1;Feltmålinger, Vandløb;Ja;Miljøstyrelsen;https://vanda.miljoeportal.dk/link/e4a2cbcc-4cb3-4a1c-bb0c-02da177f5afc;FRB1696;32;689172;6207567;1;19-09-1990 09:25:00 +02:00;;Temperatur; =;13,6;grader C;3
Station;49000054;ARRESØ KANAL, ARRESØDAL SLUSE;32;689172;6207567;Halsnæs;Region Hovedstaden;Vandløb;Poel Å;03-05-2011;1;Feltmålinger, Vandløb;Ja;Miljøstyrelsen;https://vanda.miljoeportal.dk/link/a5e3664e-620a-464a-9adc-a872197b0df8;FRB1696;32;689172;6207567;1;03-05-2011 10:30:00 +02:00;;pH; =;8,6;pH;3
Station;49000054;ARRESØ KANAL, ARRESØDAL SLUSE;32;689172;6207567;Halsnæs;Region Hovedstaden;Vandløb;Poel Å;14-10-2003;1;Feltmålinger, Vandløb;Ja;Miljøstyrelsen;https://vanda.miljoeportal.dk/link/779c05ec-9879-47d4-9393-8b82e8d0e18c;FRB1696;32;689172;6207567;1;14-10-2003 09:26:00 +02:00;;Oxygen indhold; =;9,5;mg/l;3
Station;49000054;ARRESØ KANAL, ARRESØDAL SLUSE;32;689172;6207567;Halsnæs;Region Hovedstaden;Vandløb;Poel Å;07-07-2017;1;Feltmålinger, Vandløb;Ja;Miljøstyrelsen;https://vanda.miljoeportal.dk/link/7d2fafca-e16a-461e-9f50-b7b6b2a2043c;FRB1696;32;689172;6207567;1;07-07-2017 07:20:00 +02:00;;Temperatur; =;17,6;grader C;2
Station;49000054;ARRESØ KANAL, ARRESØDAL SLUSE;32;689172;6207567;Halsnæs;Region Hovedstaden;Vandløb;Poel Å;21-08-2007;1;Feltmålinger, Vandløb;Ja;Miljøstyrelsen;https://vanda.miljoeportal.dk/link/48249f36-cb49-4d1e-a5fb-e157982243c1;FRB1696;32;689172;6207567;1;21-08-2007 10:00:00 +02:00;;Temperatur; =;19,3;grader C;3
Station;49000054;ARRESØ KANAL, ARRESØDAL SLUSE;32;689172;6207567;Halsnæs;Region Hovedstaden;Vandløb;Poel Å;23-05-1995;1;Feltmålinger, Vandløb;Ja;Miljøstyrelsen;https://vanda.miljoeportal.dk/link/3972136d-8e10-46dd-ac84-dac300c453da;FRB1696;32;689172;6207567;1;23-05-1995 10:15:00 +02:00;;Temperatur; =;12,8;grader C;3
Station;49000054;ARRESØ KANAL, ARRESØDAL SLUSE;32;689172;6207567;Halsnæs;Region Hovedstaden;Vandløb;Poel Å;04-06-2002;1;Feltmålinger, Vandløb;Ja;Miljøstyrelsen;https://vanda.miljoeportal.dk/link/b981ad19-94f1-4f84-b560-c89d2f307c2d;FRB1696;32;689172;6207567;1;04-06-2002 08:45:00 +02:00;;Oxygen indhold; =;9,3;mg/l;3
Station;49000054;ARRESØ KANAL, ARRESØDAL SLUSE;32;689172;6207567;Halsnæs;Region Hovedstaden;Vandløb;Poel Å;11-10-2006;1;Feltmålinger, Vandløb;Ja;Miljøstyrelsen;https://vanda.miljoeportal.dk/link/8fca6be8-76de-4f8f-9793-bc4301192a31;FRB1696;32;689172;6207567;1;11-10-2006 10:05:00 +02:00;;Oxygenmætning; =;78;pct;2
Station;49000054;ARRESØ KANAL, ARRESØDAL SLUSE;32;689172;6207567;Halsnæs;Region Hovedstaden;Vandløb;Poel Å;07-06-2000;1;Feltmålinger, Vandløb;Ja;Miljøstyrelsen;https://vanda.miljoeportal.dk/link/5b200568-946f-4484-a4be-834e09d204ae;FRB1696;32;689172;6207567;1;07-06-2000 10:20:00 +02:00;;Temperatur; =;13;grader C;3
Station;49000054;ARRESØ KANAL, ARRESØDAL SLUSE;32;689172;6207567;Halsnæs;Region Hovedstaden;Vandløb;Poel Å;25-07-1990;1;Feltmålinger, Vandløb;Ja;Miljøstyrelsen;https://vanda.miljoeportal.dk/link/1ac8c96b-09e3-4ca1-9044-52e0ce9d1d59;FRB1696;32;689172;6207567;1;25-07-1990 10:00:00 +02:00;;Oxygen indhold; =;10,5;mg/l;3
Station;49000054;ARRESØ KANAL, ARRESØDAL SLUSE;32;689172;6207567;Halsnæs;Region Hovedstaden;Vandløb;Poel Å;25-05-2016;1;Feltmålinger, Vandløb;Ja;Miljøstyrelsen;https://vanda.miljoeportal.dk/link/dde5ea43-cc49-436d-8d1f-4428b516ca9a;FRB1696;32;689172;6207567;1;25-05-2016 07:40:00 +02:00;;Temperatur; =;18,5;grader C;3
Station;49000054;ARRESØ KANAL, ARRESØDAL SLUSE;32;689172;6207567;Halsnæs;Region Hovedstaden;Vandløb;Poel Å;12-05-2015;1;Feltmålinger, Vandløb;Ja;Miljøstyrelsen;https://vanda.miljoeportal.dk/link/2edf3f84-f1a3-498b-b617-b4ff86f040e7;FRB1696;32;689172;6207567;1;12-05-2015 08:00:00 +02:00;;Temperatur; =;13,4;grader C;2
Station;49000054;ARRESØ KANAL, ARRESØDAL SLUSE;32;689172;6207567;Halsnæs;Region Hovedstaden;Vandløb;Poel Å;29-05-2007;1;Feltmålinger, Vandløb;Ja;Miljøstyrelsen;https://vanda.miljoeportal.dk/link/ca3e5196-dc95-4041-b877-1f2d509b254a;FRB1696;32;689172;6207567;1;29-05-2007 09:50:00 +02:00;;Temperatur; =;17,9;grader C;3
Station;49000054;ARRESØ KANAL, ARRESØDAL SLUSE;32;689172;6207567;Halsnæs;Region Hovedstaden;Vandløb;Poel Å;01-07-1998;1;Feltmålinger, Vandløb;Ja;Miljøstyrelsen;https://vanda.miljoeportal.dk/link/1840a3ae-2de2-4529-8286-fba08fa83338;FRB1696;32;689172;6207567;1;01-07-1998 07:58:00 +02:00;;Temperatur; =;17,5;grader C;3
Station;49000054;ARRESØ KANAL, ARRESØDAL SLUSE;32;689172;6207567;Halsnæs;Region Hovedstaden;Vandløb;Poel Å;17-08-2005;1;Feltmålinger, Vandløb;Ja;Miljøstyrelsen;https://vanda.miljoeportal.dk/link/d4e8d0ec-d0ab-45d1-bb97-7b14477ac67f;FRB1696;32;689172;6207567;1;17-08-2005 12:35:00 +02:00;;Oxygenmætning; =;103;pct;3
Station;49000054;ARRESØ KANAL, ARRESØDAL SLUSE;32;689172;6207567;Halsnæs;Region Hovedstaden;Vandløb;Poel Å;22-05-2001;1;Feltmålinger, Vandløb;Ja;Miljøstyrelsen;https://vanda.miljoeportal.dk/link/5c0063f8-9dc6-4235-b94e-38720a1dfddd;FRB1696;32;689172;6207567;1;22-05-2001 08:40:00 +02:00;;Oxygen indhold; =;11,33;mg/l;3
Station;49000054;ARRESØ KANAL, ARRESØDAL SLUSE;32;689172;6207567;Halsnæs;Region Hovedstaden;Vandløb;Poel Å;16-12-2008;1;Feltmålinger, Vandløb;Ja;Miljøstyrelsen;https://vanda.miljoeportal.dk/link/5f1bf938-919d-4558-b439-28d40052e058;FRB1696;32;689172;6207567;1;16-12-2008 10:20:00 +01:00;;Temperatur; =;2,7;grader C;3
Station;49000054;ARRESØ KANAL, ARRESØDAL SLUSE;32;689172;6207567;Halsnæs;Region Hovedstaden;Vandløb;Poel Å;04-12-1996;1;Feltmålinger, Vandløb;Ja;Miljøstyrelsen;https://vanda.miljoeportal.dk/link/ce257bc7-34eb-40e6-9ae7-6ba2f6445918;FRB1696;32;689172;6207567;1;04-12-1996 08:59:00 +01:00;;Temperatur; =;2,3;grader C;3
Station;49000054;ARRESØ KANAL, ARRESØDAL SLUSE;32;689172;6207567;Halsnæs;Region Hovedstaden;Vandløb;Poel Å;26-09-2001;1;Feltmålinger, Vandløb;Ja;Miljøstyrelsen;https://vanda.miljoeportal.dk/link/33d54689-6f1d-4397-a57b-e42ab169ced9;FRB1696;32;689172;6207567;1;26-09-2001 09:25:00 +02:00;;Oxygen indhold; =;6,1;mg/l;3
Station;49000054;ARRESØ KANAL, ARRESØDAL SLUSE;32;689172;6207567;Halsnæs;Region Hovedstaden;Vandløb;Poel Å;28-09-2010;1;Feltmålinger, Vandløb;Ja;Miljøstyrelsen;https://vanda.miljoeportal.dk/link/6762ec26-4530-4e91-b1ac-173adb65ea2a;FRB1696;32;689172;6207567;1;28-09-2010 10:30:00 +02:00;;Temperatur; =;12,3;grader C;3
Station;49000054;ARRESØ KANAL, ARRESØDAL SLUSE;32;689172;6207567;Halsnæs;Region Hovedstaden;Vandløb;Poel Å;05-02-2013;1;Feltmålinger, Vandløb;Ja;Miljøstyrelsen;https://vanda.miljoeportal.dk/link/5be4e174-f946-46eb-809f-b1e15b65423b;FRB1696;32;689172;6207567;1;05-02-2013 10:20:00 +01:00;;Temperatur; =;3,2;grader C;3
Station;49000054;ARRESØ KANAL, ARRESØDAL SLUSE;32;689172;6207567;Halsnæs;Region Hovedstaden;Vandløb;Poel Å;18-03-1992;1;Feltmålinger, Vandløb;Ja;Miljøstyrelsen;https://vanda.miljoeportal.dk/link/fdaeca5a-e3d0-48cd-a7a5-fbc4055c892b;FRB1696;32;689172;6207567;1;18-03-1992 09:10:00 +01:00;;Oxygen indhold; =;15,9;mg/l;3
Station;49000054;ARRESØ KANAL, ARRESØDAL SLUSE;32;689172;6207567;Halsnæs;Region Hovedstaden;Vandløb;Poel Å;23-09-2014;1;Feltmålinger, Vandløb;Ja;Miljøstyrelsen;https://vanda.miljoeportal.dk/link/97be4de2-907e-4980-8281-7d3622bdcd33;FRB1696;32;689172;6207567;1;23-09-2014 10:10:00 +02:00;;pH; =;8,6;pH;3
Station;49000054;ARRESØ KANAL, ARRESØDAL SLUSE;32;689172;6207567;Halsnæs;Region Hovedstaden;Vandløb;Poel Å;24-09-1997;1;Feltmålinger, Vandløb;Ja;Miljøstyrelsen;https://vanda.miljoeportal.dk/link/e53f1629-aab4-44b2-8959-67fdeb0dd329;FRB1696;32;689172;6207567;1;24-09-1997 11:15:00 +02:00;;Oxygen indhold; =;11,1;mg/l;3
Station;49000054;ARRESØ KANAL, ARRESØDAL SLUSE;32;689172;6207567;Halsnæs;Region Hovedstaden;Vandløb;Poel Å;09-06-2021;1;Feltmålinger, Vandløb;Ja;Miljøstyrelsen;https://vanda.miljoeportal.dk/link/90866285-9e4c-4e89-98a8-6bc3388c66ed;FRB1696;32;689172;6207567;1;09-06-2021 12:13:00 +02:00;;Temperatur; =;21,1;grader C;2
Station;49000054;ARRESØ KANAL, ARRESØDAL SLUSE;32;689172;6207567;Halsnæs;Region Hovedstaden;Vandløb;Poel Å;21-05-1997;1;Feltmålinger, Vandløb;Ja;Miljøstyrelsen;https://vanda.miljoeportal.dk/link/abeb5f58-b09b-4fd0-a4b1-36ec1132a6f4;FRB1696;32;689172;6207567;1;21-05-1997 08:05:00 +02:00;;Oxygen indhold; =;8,7;mg/l;3
Station;49000054;ARRESØ KANAL, ARRESØDAL SLUSE;32;689172;6207567;Halsnæs;Region Hovedstaden;Vandløb;Poel Å;24-01-2023;1;Feltmålinger, Vandløb;Ja;Miljøstyrelsen;https://vanda.miljoeportal.dk/link/0b4345e1-2560-442f-9eac-f0f4a8405891;FRB1696;32;689172;6207567;1;24-01-2023 08:58:00 +01:00;;Salinitet; =;0,2;promille;2
Station;49000054;ARRESØ KANAL, ARRESØDAL SLUSE;32;689172;6207567;Halsnæs;Region Hovedstaden;Vandløb;Poel Å;10-05-1995;1;Feltmålinger, Vandløb;Ja;Miljøstyrelsen;https://vanda.miljoeportal.dk/link/50aa7cc1-e1ee-493d-b0e8-9b1a65be01fc;FRB1696;32;689172;6207567;1;10-05-1995 10:22:00 +02:00;;Temperatur; =;11,4;grader C;3
Station;49000054;ARRESØ KANAL, ARRESØDAL SLUSE;32;689172;6207567;Halsnæs;Region Hovedstaden;Vandløb;Poel Å;24-05-2011;1;Feltmålinger, Vandløb;Ja;Miljøstyrelsen;https://vanda.miljoeportal.dk/link/8bb79950-fb91-4e2b-afd7-870701e34ae3;FRB1696;32;689172;6207567;1;24-05-2011 10:40:00 +02:00;;Temperatur; =;16;grader C;3
Station;49000054;ARRESØ KANAL, ARRESØDAL SLUSE;32;689172;6207567;Halsnæs;Region Hovedstaden;Vandløb;Poel Å;18-08-1993;1;Feltmålinger, Vandløb;Ja;Miljøstyrelsen;https://vanda.miljoeportal.dk/link/2501d371-5b77-40c2-9241-24272ca7e0e9;FRB1696;32;689172;6207567;1;18-08-1993 08:25:00 +02:00;;Oxygen indhold; =;8,8;mg/l;3
Station;49000054;ARRESØ KANAL, ARRESØDAL SLUSE;32;689172;6207567;Halsnæs;Region Hovedstaden;Vandløb;Poel Å;31-07-2002;1;Feltmålinger, Vandløb;Ja;Miljøstyrelsen;https://vanda.miljoeportal.dk/link/803812b5-2360-4e82-a3bf-e287eec9fe16;FRB1696;32;689172;6207567;1;31-07-2002 08:51:00 +02:00;;Oxygenmætning; =;141;pct;3
Station;49000054;ARRESØ KANAL, ARRESØDAL SLUSE;32;689172;6207567;Halsnæs;Region Hovedstaden;Vandløb;Poel Å;05-07-2000;1;Feltmålinger, Vandløb;Ja;Miljøstyrelsen;https://vanda.miljoeportal.dk/link/99fba1d3-6775-4a36-b92a-49297306e94e;FRB1696;32;689172;6207567;1;05-07-2000 10:45:00 +02:00;;Temperatur; =;21,5;grader C;3
Station;49000054;ARRESØ KANAL, ARRESØDAL SLUSE;32;689172;6207567;Halsnæs;Region Hovedstaden;Vandløb;Poel Å;21-07-1999;1;Feltmålinger, Vandløb;Ja;Miljøstyrelsen;https://vanda.miljoeportal.dk/link/e275eec6-afe0-4bf9-8431-526367cff422;FRB1696;32;689172;6207567;1;21-07-1999 11:00:00 +02:00;;Temperatur; =;21,6;grader C;3
Station;49000054;ARRESØ KANAL, ARRESØDAL SLUSE;32;689172;6207567;Halsnæs;Region Hovedstaden;Vandløb;Poel Å;15-03-2011;1;Feltmålinger, Vandløb;Ja;Miljøstyrelsen;https://vanda.miljoeportal.dk/link/3b2c0c63-0402-432e-a524-94279f590e6e;FRB1696;32;689172;6207567;1;15-03-2011 11:20:00 +01:00;;pH; =;8,5;pH;3
Station;49000054;ARRESØ KANAL, ARRESØDAL SLUSE;32;689172;6207567;Halsnæs;Region Hovedstaden;Vandløb;Poel Å;09-12-2003;1;Feltmålinger, Vandløb;Ja;Miljøstyrelsen;https://vanda.miljoeportal.dk/link/dfb13a8a-dd68-4a58-a3b9-6ec0e7740a02;FRB1696;32;689172;6207567;1;09-12-2003 10:19:00 +01:00;;Temperatur; =;3,8;grader C;3
Station;49000054;ARRESØ KANAL, ARRESØDAL SLUSE;32;689172;6207567;Halsnæs;Region Hovedstaden;Vandløb;Poel Å;26-08-1998;1;Feltmålinger, Vandløb;Ja;Miljøstyrelsen;https://vanda.miljoeportal.dk/link/25a14699-9cba-499f-971c-8e1c8bd96aba;FRB1696;32;689172;6207567;1;26-08-1998 07:59:00 +02:00;;Oxygen indhold; =;10;mg/l;3
Station;49000054;ARRESØ KANAL, ARRESØDAL SLUSE;32;689172;6207567;Halsnæs;Region Hovedstaden;Vandløb;Poel Å;27-03-1996;1;Feltmålinger, Vandløb;Ja;Miljøstyrelsen;https://vanda.miljoeportal.dk/link/bf8dfe57-8f5d-4348-885d-3e9d32d3d88f;FRB1696;32;689172;6207567;1;27-03-1996 09:01:00 +01:00;;Oxygen indhold; =;13,2;mg/l;3
Station;49000054;ARRESØ KANAL, ARRESØDAL SLUSE;32;689172;6207567;Halsnæs;Region Hovedstaden;Vandløb;Poel Å;05-07-2023;1;Feltmålinger, Vandløb;Ja;Miljøstyrelsen;https://vanda.miljoeportal.dk/link/0b81a46e-c6da-497a-b6aa-d24814ed377a;FRB1696;32;689172;6207567;1;05-07-2023 07:20:00 +02:00;;pH; =;8,15;pH;2
Station;49000054;ARRESØ KANAL, ARRESØDAL SLUSE;32;689172;6207567;Halsnæs;Region Hovedstaden;Vandløb;Poel Å;13-09-2011;1;Feltmålinger, Vandløb;Ja;Miljøstyrelsen;https://vanda.miljoeportal.dk/link/b446879f-6626-4077-b8a1-9101518d15ad;FRB1696;32;689172;6207567;1;13-09-2011 10:30:00 +02:00;;Temperatur; =;16,5;grader C;3
Station;49000054;ARRESØ KANAL, ARRESØDAL SLUSE;32;689172;6207567;Halsnæs;Region Hovedstaden;Vandløb;Poel Å;21-12-2022;1;Feltmålinger, Vandløb;Ja;Miljøstyrelsen;https://vanda.miljoeportal.dk/link/473ab3ae-542a-40e4-a135-8764e6663842;FRB1696;32;689172;6207567;1;21-12-2022 13:54:00 +01:00;;pH; =;8,189;pH;2
Station;49000054;ARRESØ KANAL, ARRESØDAL SLUSE;32;689172;6207567;Halsnæs;Region Hovedstaden;Vandløb;Poel Å;26-08-1998;1;Feltmålinger, Vandløb;Ja;Miljøstyrelsen;https://vanda.miljoeportal.dk/link/25a14699-9cba-499f-971c-8e1c8bd96aba;FRB1696;32;689172;6207567;1;26-08-1998 07:59:00 +02:00;;Temperatur; =;13,7;grader C;3
Station;49000054;ARRESØ KANAL, ARRESØDAL SLUSE;32;689172;6207567;Halsnæs;Region Hovedstaden;Vandløb;Poel Å;28-01-2004;1;Feltmålinger, Vandløb;Ja;Miljøstyrelsen;https://vanda.miljoeportal.dk/link/b16e5893-9cab-4312-a6d1-ff8067fb6cdd;FRB1696;32;689172;6207567;1;28-01-2004 10:55:00 +01:00;;Oxygenmætning; =;128;pct;2
Station;49000054;ARRESØ KANAL, ARRESØDAL SLUSE;32;689172;6207567;Halsnæs;Region Hovedstaden;Vandløb;Poel Å;14-04-1999;1;Feltmålinger, Vandløb;Ja;Miljøstyrelsen;https://vanda.miljoeportal.dk/link/56ba208b-edfc-499a-a5f4-bc10a2b64aac;FRB1696;32;689172;6207567;1;14-04-1999 09:45:00 +02:00;;Oxygen indhold; =;12,3;mg/l;3
Station;49000054;ARRESØ KANAL, ARRESØDAL SLUSE;32;689172;6207567;Halsnæs;Region Hovedstaden;Vandløb;Poel Å;12-02-2015;1;Feltmålinger, Vandløb;Ja;Miljøstyrelsen;https://vanda.miljoeportal.dk/link/b698f9bf-385d-465d-9997-e978a05d620e;FRB1696;32;689172;6207567;1;12-02-2015 13:20:00 +01:00;;Temperatur; =;1,5;grader C;2
Station;49000054;ARRESØ KANAL, ARRESØDAL SLUSE;32;689172;6207567;Halsnæs;Region Hovedstaden;Vandløb;Poel Å;03-01-1996;1;Feltmålinger, Vandløb;Ja;Miljøstyrelsen;https://vanda.miljoeportal.dk/link/75781aa8-ded1-4e51-bfa2-5206127e4a56;FRB1696;32;689172;6207567;1;03-01-1996 09:34:00 +01:00;;Oxygen indhold; =;17,7;mg/l;3
Station;49000054;ARRESØ KANAL, ARRESØDAL SLUSE;32;689172;6207567;Halsnæs;Region Hovedstaden;Vandløb;Poel Å;20-06-2001;1;Feltmålinger, Vandløb;Ja;Miljøstyrelsen;https://vanda.miljoeportal.dk/link/52539b12-71a1-4f11-889d-1adf88e5f044;FRB1696;32;689172;6207567;1;20-06-2001 08:55:00 +02:00;;Temperatur; =;17,4;grader C;3
Station;49000054;ARRESØ KANAL, ARRESØDAL SLUSE;32;689172;6207567;Halsnæs;Region Hovedstaden;Vandløb;Poel Å;13-04-2015;1;Feltmålinger, Vandløb;Ja;Miljøstyrelsen;https://vanda.miljoeportal.dk/link/a9705c3b-b135-4acb-a1ef-8f359f95c7a7;FRB1696;32;689172;6207567;1;13-04-2015 07:50:00 +02:00;;pH; =;9;pH;2
Station;49000054;ARRESØ KANAL, ARRESØDAL SLUSE;32;689172;6207567;Halsnæs;Region Hovedstaden;Vandløb;Poel Å;25-08-2015;1;Feltmålinger, Vandløb;Ja;Miljøstyrelsen;https://vanda.miljoeportal.dk/link/d8b9b83d-e479-4332-9c95-ed84534c114c;FRB1696;32;689172;6207567;1;25-08-2015 08:00:00 +02:00;;pH; =;8,8;pH;2
Station;49000054;ARRESØ KANAL, ARRESØDAL SLUSE;32;689172;6207567;Halsnæs;Region Hovedstaden;Vandløb;Poel Å;17-06-1998;1;Feltmålinger, Vandløb;Ja;Miljøstyrelsen;https://vanda.miljoeportal.dk/link/b547e1b0-e3eb-4433-aa9a-08a3ed636736;FRB1696;32;689172;6207567;1;17-06-1998 08:24:00 +02:00;;Temperatur; =;14,5;grader C;3
Station;49000054;ARRESØ KANAL, ARRESØDAL SLUSE;32;689172;6207567;Halsnæs;Region Hovedstaden;Vandløb;Poel Å;04-01-2006;1;Feltmålinger, Vandløb;Ja;Miljøstyrelsen;https://vanda.miljoeportal.dk/link/ee38bbff-bfe1-48b6-b643-991e05d777bf;FRB1696;32;689172;6207567;1;04-01-2006 08:50:00 +01:00;;Temperatur; =;0,1;grader C;2
Station;49000054;ARRESØ KANAL, ARRESØDAL SLUSE;32;689172;6207567;Halsnæs;Region Hovedstaden;Vandløb;Poel Å;27-04-1994;1;Feltmålinger, Vandløb;Ja;Miljøstyrelsen;https://vanda.miljoeportal.dk/link/1bcae63d-02f3-4c29-85d3-7ba2aa3034a2;FRB1696;32;689172;6207567;1;27-04-1994 10:25:00 +02:00;;Oxygen indhold; =;13,6;mg/l;3
Station;49000054;ARRESØ KANAL, ARRESØDAL SLUSE;32;689172;6207567;Halsnæs;Region Hovedstaden;Vandløb;Poel Å;08-11-2006;1;Feltmålinger, Vandløb;Ja;Miljøstyrelsen;https://vanda.miljoeportal.dk/link/b94ea355-9560-4dda-a9be-dcf0b86e434c;FRB1696;32;689172;6207567;1;08-11-2006 10:20:00 +01:00;;Temperatur; =;8,5;grader C;2
Station;49000054;ARRESØ KANAL, ARRESØDAL SLUSE;32;689172;6207567;Halsnæs;Region Hovedstaden;Vandløb;Poel Å;26-06-2012;1;Feltmålinger, Vandløb;Ja;Miljøstyrelsen;https://vanda.miljoeportal.dk/link/8c531bc2-1bd6-454a-8096-3d9ea5ffe0aa;FRB1696;32;689172;6207567;1;26-06-2012 09:45:00 +02:00;;pH; =;8,4;pH;3
Station;49000054;ARRESØ KANAL, ARRESØDAL SLUSE;32;689172;6207567;Halsnæs;Region Hovedstaden;Vandløb;Poel Å;26-05-1992;1;Feltmålinger, Vandløb;Ja;Miljøstyrelsen;https://vanda.miljoeportal.dk/link/ebbb3297-adb6-47bf-a50f-8b1ec71a2a04;FRB1696;32;689172;6207567;1;26-05-1992 08:05:00 +02:00;;Oxygen indhold; =;10,1;mg/l;3
Station;49000054;ARRESØ KANAL, ARRESØDAL SLUSE;32;689172;6207567;Halsnæs;Region Hovedstaden;Vandløb;Poel Å;10-03-2004;1;Feltmålinger, Vandløb;Ja;Miljøstyrelsen;https://vanda.miljoeportal.dk/link/3a5a7251-3583-4242-ba78-72fb7b8df169;FRB1696;32;689172;6207567;1;10-03-2004 10:20:00 +01:00;;Temperatur; =;0,3;grader C;3
Station;49000054;ARRESØ KANAL, ARRESØDAL SLUSE;32;689172;6207567;Halsnæs;Region Hovedstaden;Vandløb;Poel Å;22-05-1996;1;Feltmålinger, Vandløb;Ja;Miljøstyrelsen;https://vanda.miljoeportal.dk/link/2f6b6882-f1aa-4b86-bf86-894e25c4fbcf;FRB1696;32;689172;6207567;1;22-05-1996 08:01:00 +02:00;;Temperatur; =;9,2;grader C;3
Station;49000054;ARRESØ KANAL, ARRESØDAL SLUSE;32;689172;6207567;Halsnæs;Region Hovedstaden;Vandløb;Poel Å;08-06-2005;1;Feltmålinger, Vandløb;Ja;Miljøstyrelsen;https://vanda.miljoeportal.dk/link/a1d9a791-7d65-4811-95f1-214f80454a91;FRB1696;32;689172;6207567;1;08-06-2005 10:45:00 +02:00;;Oxygen indhold; =;8,1;mg/l;3
Station;49000054;ARRESØ KANAL, ARRESØDAL SLUSE;32;689172;6207567;Halsnæs;Region Hovedstaden;Vandløb;Poel Å;12-08-1998;1;Feltmålinger, Vandløb;Ja;Miljøstyrelsen;https://vanda.miljoeportal.dk/link/b08232d6-feb5-4be3-b9ab-2a9b90150b25;FRB1696;32;689172;6207567;1;12-08-1998 07:13:00 +02:00;;Temperatur; =;17,7;grader C;3
Station;49000054;ARRESØ KANAL, ARRESØDAL SLUSE;32;689172;6207567;Halsnæs;Region Hovedstaden;Vandløb;Poel Å;17-04-1991;1;Feltmålinger, Vandløb;Ja;Miljøstyrelsen;https://vanda.miljoeportal.dk/link/2972b360-d037-4dbd-9e8c-88c4d14b1ff4;FRB1696;32;689172;6207567;1;17-04-1991 09:35:00 +02:00;;Oxygen indhold; =;10,8;mg/l;3
Station;49000054;ARRESØ KANAL, ARRESØDAL SLUSE;32;689172;6207567;Halsnæs;Region Hovedstaden;Vandløb;Poel Å;04-10-2011;1;Feltmålinger, Vandløb;Ja;Miljøstyrelsen;https://vanda.miljoeportal.dk/link/1ba35576-b9a2-4fd6-82bb-f7264b651638;FRB1696;32;689172;6207567;1;04-10-2011 10:30:00 +02:00;;Temperatur; =;15,8;grader C;3
Station;49000054;ARRESØ KANAL, ARRESØDAL SLUSE;32;689172;6207567;Halsnæs;Region Hovedstaden;Vandløb;Poel Å;28-04-1993;1;Feltmålinger, Vandløb;Ja;Miljøstyrelsen;https://vanda.miljoeportal.dk/link/217dc60c-e7f5-4be0-982b-8719a1182465;FRB1696;32;689172;6207567;1;28-04-1993 08:18:00 +02:00;;Temperatur; =;13,4;grader C;3
Station;49000054;ARRESØ KANAL, ARRESØDAL SLUSE;32;689172;6207567;Halsnæs;Region Hovedstaden;Vandløb;Poel Å;04-06-1996;1;Feltmålinger, Vandløb;Ja;Miljøstyrelsen;https://vanda.miljoeportal.dk/link/d29550f2-41dd-4a2c-9a74-1c12fe9b74e5;FRB1696;32;689172;6207567;1;04-06-1996 00:00:00 +02:00;;Temperatur; =;16,1;grader C;3
Station;49000054;ARRESØ KANAL, ARRESØDAL SLUSE;32;689172;6207567;Halsnæs;Region Hovedstaden;Vandløb;Poel Å;13-06-2018;1;Feltmålinger, Vandløb;Ja;Miljøstyrelsen;https://vanda.miljoeportal.dk/link/a15cdd91-92ad-4403-9e36-b1bbc1037c97;FRB1696;32;689172;6207567;1;13-06-2018 07:05:00 +02:00;;Temperatur; =;18,9;grader C;2
Station;49000054;ARRESØ KANAL, ARRESØDAL SLUSE;32;689172;6207567;Halsnæs;Region Hovedstaden;Vandløb;Poel Å;08-03-1989;1;Feltmålinger, Vandløb;Ja;Miljøstyrelsen;https://vanda.miljoeportal.dk/link/eb8c6373-3e46-4310-8090-76612f802e48;FRB1696;32;689172;6207567;1;08-03-1989 09:35:00 +01:00;;Oxygen indhold; =;15,2;mg/l;3
Station;49000054;ARRESØ KANAL, ARRESØDAL SLUSE;32;689172;6207567;Halsnæs;Region Hovedstaden;Vandløb;Poel Å;14-07-2004;1;Feltmålinger, Vandløb;Ja;Miljøstyrelsen;https://vanda.miljoeportal.dk/link/7af6614b-5316-46c4-97ae-c225b4c44b6b;FRB1696;32;689172;6207567;1;14-07-2004 11:00:00 +02:00;;Temperatur; =;15,3;grader C;3
Station;49000054;ARRESØ KANAL, ARRESØDAL SLUSE;32;689172;6207567;Halsnæs;Region Hovedstaden;Vandløb;Poel Å;03-10-2017;1;Feltmålinger, Vandløb;Ja;Miljøstyrelsen;https://vanda.miljoeportal.dk/link/a09d6880-c326-4abc-9dfd-029c91298307;FRB1696;32;689172;6207567;1;03-10-2017 08:05:00 +02:00;;Temperatur; =;12,8;grader C;2
Station;49000054;ARRESØ KANAL, ARRESØDAL SLUSE;32;689172;6207567;Halsnæs;Region Hovedstaden;Vandløb;Poel Å;29-04-2015;1;Feltmålinger, Vandløb;Ja;Miljøstyrelsen;https://vanda.miljoeportal.dk/link/86fe8ae8-a5e4-4d81-96b4-472562dbe99b;FRB1696;32;689172;6207567;1;29-04-2015 07:50:00 +02:00;;Temperatur; =;11,5;grader C;2
Station;49000054;ARRESØ KANAL, ARRESØDAL SLUSE;32;689172;6207567;Halsnæs;Region Hovedstaden;Vandløb;Poel Å;31-07-1996;1;Feltmålinger, Vandløb;Ja;Miljøstyrelsen;https://vanda.miljoeportal.dk/link/a5eff3bc-f247-4a73-bcd8-8093f3ac7e0a;FRB1696;32;689172;6207567;1;31-07-1996 07:57:00 +02:00;;Temperatur; =;18,7;grader C;3
Station;49000054;ARRESØ KANAL, ARRESØDAL SLUSE;32;689172;6207567;Halsnæs;Region Hovedstaden;Vandløb;Poel Å;26-02-2008;1;Feltmålinger, Vandløb;Ja;Miljøstyrelsen;https://vanda.miljoeportal.dk/link/0a3b2d34-0491-4c83-b341-9f6aebc612ea;FRB1696;32;689172;6207567;1;26-02-2008 09:45:00 +01:00;;Temperatur; =;7,6;grader C;3
Station;49000054;ARRESØ KANAL, ARRESØDAL SLUSE;32;689172;6207567;Halsnæs;Region Hovedstaden;Vandløb;Poel Å;30-08-2006;1;Feltmålinger, Vandløb;Ja;Miljøstyrelsen;https://vanda.miljoeportal.dk/link/dbae6bf2-d090-4ade-8a3d-18508683d147;FRB1696;32;689172;6207567;1;30-08-2006 08:20:00 +02:00;;Oxygen indhold; =;7,2;mg/l;2
Station;49000054;ARRESØ KANAL, ARRESØDAL SLUSE;32;689172;6207567;Halsnæs;Region Hovedstaden;Vandløb;Poel Å;04-12-2014;1;Feltmålinger, Vandløb;Ja;Miljøstyrelsen;https://vanda.miljoeportal.dk/link/fa8e4ff8-71a6-4b8a-85c8-d1f9b04ff225;FRB1696;32;689172;6207567;1;04-12-2014 10:55:00 +01:00;;Temperatur; =;2,5;grader C;3
Station;49000054;ARRESØ KANAL, ARRESØDAL SLUSE;32;689172;6207567;Halsnæs;Region Hovedstaden;Vandløb;Poel Å;25-10-1989;1;Feltmålinger, Vandløb;Ja;Miljøstyrelsen;https://vanda.miljoeportal.dk/link/3df56a6e-a324-4dd3-8429-c6ec5192b2fe;FRB1696;32;689172;6207567;1;25-10-1989 10:10:00 +01:00;;Oxygen indhold; =;11,2;mg/l;3
Station;49000054;ARRESØ KANAL, ARRESØDAL SLUSE;32;689172;6207567;Halsnæs;Region Hovedstaden;Vandløb;Poel Å;28-05-1999;1;Feltmålinger, Vandløb;Ja;Miljøstyrelsen;https://vanda.miljoeportal.dk/link/2b94fdad-52a8-4967-8fe8-b5a0fe606d43;FRB1696;32;689172;6207567;1;28-05-1999 11:20:00 +02:00;;Temperatur; =;13,4;grader C;3
Station;49000054;ARRESØ KANAL, ARRESØDAL SLUSE;32;689172;6207567;Halsnæs;Region Hovedstaden;Vandløb;Poel Å;26-02-2019;1;Feltmålinger, Vandløb;Ja;Miljøstyrelsen;https://vanda.miljoeportal.dk/link/20cc6728-6813-47c1-bd4b-37fa69d4baa0;FRB1696;32;689172;6207567;1;26-02-2019 08:20:00 +01:00;;Temperatur; =;5,2;grader C;2
Station;49000054;ARRESØ KANAL, ARRESØDAL SLUSE;32;689172;6207567;Halsnæs;Region Hovedstaden;Vandløb;Poel Å;25-01-2011;1;Feltmålinger, Vandløb;Ja;Miljøstyrelsen;https://vanda.miljoeportal.dk/link/5844813f-2f09-437a-b4c3-ddccd241a34f;FRB1696;32;689172;6207567;1;25-01-2011 11:00:00 +01:00;;pH; =;8,1;pH;3
Station;49000054;ARRESØ KANAL, ARRESØDAL SLUSE;32;689172;6207567;Halsnæs;Region Hovedstaden;Vandløb;Poel Å;12-10-2005;1;Feltmålinger, Vandløb;Ja;Miljøstyrelsen;https://vanda.miljoeportal.dk/link/2ff01b3b-a276-497d-9032-e2449556e7af;FRB1696;32;689172;6207567;1;12-10-2005 10:15:00 +02:00;;Temperatur; =;12,9;grader C;3
Station;49000054;ARRESØ KANAL, ARRESØDAL SLUSE;32;689172;6207567;Halsnæs;Region Hovedstaden;Vandløb;Poel Å;25-10-2011;1;Feltmålinger, Vandløb;Ja;Miljøstyrelsen;https://vanda.miljoeportal.dk/link/94b87748-477f-4806-8471-c2a2c230c004;FRB1696;32;689172;6207567;1;25-10-2011 10:50:00 +02:00;;pH; =;8,5;pH;3
Station;49000054;ARRESØ KANAL, ARRESØDAL SLUSE;32;689172;6207567;Halsnæs;Region Hovedstaden;Vandløb;Poel Å;11-10-2000;1;Feltmålinger, Vandløb;Ja;Miljøstyrelsen;https://vanda.miljoeportal.dk/link/62305cf4-adb5-4944-892f-8fe0ef63bc27;FRB1696;32;689172;6207567;1;11-10-2000 09:20:00 +02:00;;Temperatur; =;10,8;grader C;3
Station;49000054;ARRESØ KANAL, ARRESØDAL SLUSE;32;689172;6207567;Halsnæs;Region Hovedstaden;Vandløb;Poel Å;15-12-2004;1;Feltmålinger, Vandløb;Ja;Miljøstyrelsen;https://vanda.miljoeportal.dk/link/005a3432-b6bf-40f2-bb3d-de2d15c6b497;FRB1696;32;689172;6207567;1;15-12-2004 10:30:00 +01:00;;Oxygenmætning; =;89;pct;3
Station;49000054;ARRESØ KANAL, ARRESØDAL SLUSE;32;689172;6207567;Halsnæs;Region Hovedstaden;Vandløb;Poel Å;23-10-2002;1;Feltmålinger, Vandløb;Ja;Miljøstyrelsen;https://vanda.miljoeportal.dk/link/a68fcd28-e94b-4c8d-a00e-1d1ce2d8125e;FRB1696;32;689172;6207567;1;23-10-2002 08:00:00 +02:00;;Oxygen indhold; =;9,9;mg/l;3
Station;49000054;ARRESØ KANAL, ARRESØDAL SLUSE;32;689172;6207567;Halsnæs;Region Hovedstaden;Vandløb;Poel Å;06-03-2023;1;Feltmålinger, Vandløb;Ja;Miljøstyrelsen;https://vanda.miljoeportal.dk/link/3ee46a50-d821-445b-a612-356250a3ae56;FRB1696;32;689172;6207567;1;06-03-2023 13:49:00 +01:00;;pH; =;8,84;pH;2
Station;49000054;ARRESØ KANAL, ARRESØDAL SLUSE;32;689172;6207567;Halsnæs;Region Hovedstaden;Vandløb;Poel Å;09-01-1991;1;Feltmålinger, Vandløb;Ja;Miljøstyrelsen;https://vanda.miljoeportal.dk/link/4489dd00-c502-4253-8956-ac93c9a5a870;FRB1696;32;689172;6207567;1;09-01-1991 09:25:00 +01:00;;Temperatur; =;2,6;grader C;3
Station;49000054;ARRESØ KANAL, ARRESØDAL SLUSE;32;689172;6207567;Halsnæs;Region Hovedstaden;Vandløb;Poel Å;14-09-1994;1;Feltmålinger, Vandløb;Ja;Miljøstyrelsen;https://vanda.miljoeportal.dk/link/8d963135-3709-4594-a65a-2b4cd0526066;FRB1696;32;689172;6207567;1;14-09-1994 09:20:00 +02:00;;Temperatur; =;13,9;grader C;3
Station;49000054;ARRESØ KANAL, ARRESØDAL SLUSE;32;689172;6207567;Halsnæs;Region Hovedstaden;Vandløb;Poel Å;01-04-2003;1;Feltmålinger, Vandløb;Ja;Miljøstyrelsen;https://vanda.miljoeportal.dk/link/683c2003-9ed2-4ef4-86d2-7ff354099ead;FRB1696;32;689172;6207567;1;01-04-2003 09:55:00 +02:00;;Temperatur; =;7,2;grader C;3
Station;49000054;ARRESØ KANAL, ARRESØDAL SLUSE;32;689172;6207567;Halsnæs;Region Hovedstaden;Vandløb;Poel Å;06-07-1994;1;Feltmålinger, Vandløb;Ja;Miljøstyrelsen;https://vanda.miljoeportal.dk/link/c3f90482-4980-4987-a56f-032aff07f3b5;FRB1696;32;689172;6207567;1;06-07-1994 11:12:00 +02:00;;Temperatur; =;19,1;grader C;3
Station;49000054;ARRESØ KANAL, ARRESØDAL SLUSE;32;689172;6207567;Halsnæs;Region Hovedstaden;Vandløb;Poel Å;19-04-2016;1;Feltmålinger, Vandløb;Ja;Miljøstyrelsen;https://vanda.miljoeportal.dk/link/0d715218-4c94-45d5-945e-ad40d90b2cce;FRB1696;32;689172;6207567;1;19-04-2016 07:45:00 +02:00;;pH; =;9;pH;3
Station;49000054;ARRESØ KANAL, ARRESØDAL SLUSE;32;689172;6207567;Halsnæs;Region Hovedstaden;Vandløb;Poel Å;19-08-2008;1;Feltmålinger, Vandløb;Ja;Miljøstyrelsen;https://vanda.miljoeportal.dk/link/56b30432-09dd-411e-81b5-619c81d3a84a;FRB1696;32;689172;6207567;1;19-08-2008 10:50:00 +02:00;;Temperatur; =;20,4;grader C;3
Station;49000054;ARRESØ KANAL, ARRESØDAL SLUSE;32;689172;6207567;Halsnæs;Region Hovedstaden;Vandløb;Poel Å;14-10-2015;1;Feltmålinger, Vandløb;Ja;Miljøstyrelsen;https://vanda.miljoeportal.dk/link/e5cc7921-3550-46bc-aeca-8e6f10390dc5;FRB1696;32;689172;6207567;1;14-10-2015 08:15:00 +02:00;;Temperatur; =;8,5;grader C;2
Station;49000054;ARRESØ KANAL, ARRESØDAL SLUSE;32;689172;6207567;Halsnæs;Region Hovedstaden;Vandløb;Poel Å;03-01-2001;1;Feltmålinger, Vandløb;Ja;Miljøstyrelsen;https://vanda.miljoeportal.dk/link/fc8a8a04-536d-40dd-ab5d-2947a05ddbde;FRB1696;32;689172;6207567;1;03-01-2001 08:40:00 +01:00;;Temperatur; =;1;grader C;3
Station;49000054;ARRESØ KANAL, ARRESØDAL SLUSE;32;689172;6207567;Halsnæs;Region Hovedstaden;Vandløb;Poel Å;26-06-2012;1;Feltmålinger, Vandløb;Ja;Miljøstyrelsen;https://vanda.miljoeportal.dk/link/8c531bc2-1bd6-454a-8096-3d9ea5ffe0aa;FRB1696;32;689172;6207567;1;26-06-2012 09:45:00 +02:00;;Temperatur; =;15,8;grader C;3
Station;49000054;ARRESØ KANAL, ARRESØDAL SLUSE;32;689172;6207567;Halsnæs;Region Hovedstaden;Vandløb;Poel Å;20-06-2001;1;Feltmålinger, Vandløb;Ja;Miljøstyrelsen;https://vanda.miljoeportal.dk/link/52539b12-71a1-4f11-889d-1adf88e5f044;FRB1696;32;689172;6207567;1;20-06-2001 08:55:00 +02:00;;Oxygen indhold; =;7,7;mg/l;3
Station;49000054;ARRESØ KANAL, ARRESØDAL SLUSE;32;689172;6207567;Halsnæs;Region Hovedstaden;Vandløb;Poel Å;26-03-2002;1;Feltmålinger, Vandløb;Ja;Miljøstyrelsen;https://vanda.miljoeportal.dk/link/de9e84e4-311a-4137-9222-8cc2151c5cdc;FRB1696;32;689172;6207567;1;26-03-2002 09:05:00 +01:00;;Oxygen indhold; =;15,2;mg/l;3
Station;49000054;ARRESØ KANAL, ARRESØDAL SLUSE;32;689172;6207567;Halsnæs;Region Hovedstaden;Vandløb;Poel Å;15-01-2003;1;Feltmålinger, Vandløb;Ja;Miljøstyrelsen;https://vanda.miljoeportal.dk/link/ad2a9afb-06fe-4845-84e1-468484828365;FRB1696;32;689172;6207567;1;15-01-2003 10:00:00 +01:00;;Temperatur; =;1,7;grader C;3
Station;49000054;ARRESØ KANAL, ARRESØDAL SLUSE;32;689172;6207567;Halsnæs;Region Hovedstaden;Vandløb;Poel Å;27-06-1989;1;Feltmålinger, Vandløb;Ja;Miljøstyrelsen;https://vanda.miljoeportal.dk/link/76063c2e-83cc-4975-ad70-1cf74c253be5;FRB1696;32;689172;6207567;1;27-06-1989 10:25:00 +02:00;;Temperatur; =;21,7;grader C;3
Station;49000054;ARRESØ KANAL, ARRESØDAL SLUSE;32;689172;6207567;Halsnæs;Region Hovedstaden;Vandløb;Poel Å;26-02-2001;1;Feltmålinger, Vandløb;Ja;Miljøstyrelsen;https://vanda.miljoeportal.dk/link/0b2c02f6-1186-4815-97ae-cb523cba34fb;FRB1696;32;689172;6207567;1;26-02-2001 09:55:00 +01:00;;Temperatur; =;1,2;grader C;3
Station;49000054;ARRESØ KANAL, ARRESØDAL SLUSE;32;689172;6207567;Halsnæs;Region Hovedstaden;Vandløb;Poel Å;22-06-2005;1;Feltmålinger, Vandløb;Ja;Miljøstyrelsen;https://vanda.miljoeportal.dk/link/1afb964a-9642-44f4-b666-4d57c568afb0;FRB1696;32;689172;6207567;1;22-06-2005 10:55:00 +02:00;;Temperatur; =;18,4;grader C;3
Station;49000054;ARRESØ KANAL, ARRESØDAL SLUSE;32;689172;6207567;Halsnæs;Region Hovedstaden;Vandløb;Poel Å;30-05-1990;1;Feltmålinger, Vandløb;Ja;Miljøstyrelsen;https://vanda.miljoeportal.dk/link/33d61829-5007-460d-b67a-3b8460a0819e;FRB1696;32;689172;6207567;1;30-05-1990 09:50:00 +02:00;;Temperatur; =;14,1;grader C;3
Station;49000054;ARRESØ KANAL, ARRESØDAL SLUSE;32;689172;6207567;Halsnæs;Region Hovedstaden;Vandløb;Poel Å;14-04-1999;1;Feltmålinger, Vandløb;Ja;Miljøstyrelsen;https://vanda.miljoeportal.dk/link/56ba208b-edfc-499a-a5f4-bc10a2b64aac;FRB1696;32;689172;6207567;1;14-04-1999 09:45:00 +02:00;;Temperatur; =;8,2;grader C;3
Station;49000054;ARRESØ KANAL, ARRESØDAL SLUSE;32;689172;6207567;Halsnæs;Region Hovedstaden;Vandløb;Poel Å;15-03-2000;1;Feltmålinger, Vandløb;Ja;Miljøstyrelsen;https://vanda.miljoeportal.dk/link/3ffb99c9-1ac3-4339-adc7-5fa3e7adda5f;FRB1696;32;689172;6207567;1;15-03-2000 09:50:00 +01:00;;Oxygen indhold; =;12,8;mg/l;3
Station;49000054;ARRESØ KANAL, ARRESØDAL SLUSE;32;689172;6207567;Halsnæs;Region Hovedstaden;Vandløb;Poel Å;17-11-2004;1;Feltmålinger, Vandløb;Ja;Miljøstyrelsen;https://vanda.miljoeportal.dk/link/e0ad9a5a-6042-46f3-a43a-88dc0b34fc1d;FRB1696;32;689172;6207567;1;17-11-2004 10:10:00 +01:00;;Oxygen indhold; =;12;mg/l;3
Station;49000054;ARRESØ KANAL, ARRESØDAL SLUSE;32;689172;6207567;Halsnæs;Region Hovedstaden;Vandløb;Poel Å;23-11-2005;1;Feltmålinger, Vandløb;Ja;Miljøstyrelsen;https://vanda.miljoeportal.dk/link/f9cb8b9c-8f92-4f38-b967-c6a12d4337f8;FRB1696;32;689172;6207567;1;23-11-2005 10:30:00 +01:00;;Oxygenmætning; =;63;pct;3
Station;49000054;ARRESØ KANAL, ARRESØDAL SLUSE;32;689172;6207567;Halsnæs;Region Hovedstaden;Vandløb;Poel Å;12-03-1997;1;Feltmålinger, Vandløb;Ja;Miljøstyrelsen;https://vanda.miljoeportal.dk/link/94911bab-9a92-413f-a008-25e2c84fc76d;FRB1696;32;689172;6207567;1;12-03-1997 09:25:00 +01:00;;Temperatur; =;5,3;grader C;3
Station;49000054;ARRESØ KANAL, ARRESØDAL SLUSE;32;689172;6207567;Halsnæs;Region Hovedstaden;Vandløb;Poel Å;08-07-2003;1;Feltmålinger, Vandløb;Ja;Miljøstyrelsen;https://vanda.miljoeportal.dk/link/45b2a5b7-7179-49a9-80b4-0e780eb3e3ab;FRB1696;32;689172;6207567;1;08-07-2003 09:40:00 +02:00;;Oxygen indhold; =;9,6;mg/l;3
Station;49000054;ARRESØ KANAL, ARRESØDAL SLUSE;32;689172;6207567;Halsnæs;Region Hovedstaden;Vandløb;Poel Å;06-05-1998;1;Feltmålinger, Vandløb;Ja;Miljøstyrelsen;https://vanda.miljoeportal.dk/link/898c9ce2-ec65-4bf8-affc-0d5cdd475eca;FRB1696;32;689172;6207567;1;06-05-1998 07:27:00 +02:00;;Temperatur; =;12,4;grader C;3
Station;49000054;ARRESØ KANAL, ARRESØDAL SLUSE;32;689172;6207567;Halsnæs;Region Hovedstaden;Vandløb;Poel Å;09-04-1997;1;Feltmålinger, Vandløb;Ja;Miljøstyrelsen;https://vanda.miljoeportal.dk/link/4260afd8-b651-4e43-967c-553691dcb15a;FRB1696;32;689172;6207567;1;09-04-1997 08:18:00 +02:00;;Temperatur; =;5,9;grader C;3
Station;49000054;ARRESØ KANAL, ARRESØDAL SLUSE;32;689172;6207567;Halsnæs;Region Hovedstaden;Vandløb;Poel Å;06-12-2000;1;Feltmålinger, Vandløb;Ja;Miljøstyrelsen;https://vanda.miljoeportal.dk/link/fa9189a2-e028-4d1c-82c5-9216a6408418;FRB1696;32;689172;6207567;1;06-12-2000 10:10:00 +01:00;;Oxygen indhold; =;10,3;mg/l;3
Station;49000054;ARRESØ KANAL, ARRESØDAL SLUSE;32;689172;6207567;Halsnæs;Region Hovedstaden;Vandløb;Poel Å;23-10-2018;1;Feltmålinger, Vandløb;Ja;Miljøstyrelsen;https://vanda.miljoeportal.dk/link/fc2eabd2-9727-4b05-acb6-0c195fafdba9;FRB1696;32;689172;6207567;1;23-10-2018 08:10:00 +02:00;;pH; =;8,5;pH;2
Station;49000054;ARRESØ KANAL, ARRESØDAL SLUSE;32;689172;6207567;Halsnæs;Region Hovedstaden;Vandløb;Poel Å;08-02-2023;1;Feltmålinger, Vandløb;Ja;Miljøstyrelsen;https://vanda.miljoeportal.dk/link/b84ce10d-52c8-4cfd-9f92-461abe3bd0f5;FRB1696;32;689172;6207567;1;08-02-2023 08:51:00 +01:00;;Temperatur; =;0,9;grader C;2
Station;49000054;ARRESØ KANAL, ARRESØDAL SLUSE;32;689172;6207567;Halsnæs;Region Hovedstaden;Vandløb;Poel Å;28-09-2017;1;Feltmålinger, Vandløb;Ja;Miljøstyrelsen;https://vanda.miljoeportal.dk/link/ac2b47e5-31a1-40c6-8ce8-6bb4a8db3ca1;FRB1696;32;689172;6207567;1;28-09-2017 08:35:00 +02:00;;Temperatur; =;14,5;grader C;2
Station;49000054;ARRESØ KANAL, ARRESØDAL SLUSE;32;689172;6207567;Halsnæs;Region Hovedstaden;Vandløb;Poel Å;06-09-2023;1;Feltmålinger, Vandløb;Ja;Miljøstyrelsen;https://vanda.miljoeportal.dk/link/7bc4f125-43ac-4f65-ac9e-66805a666180;FRB1696;32;689172;6207567;1;06-09-2023 11:45:00 +02:00;;Temperatur; =;19,2;grader C;2
Station;49000054;ARRESØ KANAL, ARRESØDAL SLUSE;32;689172;6207567;Halsnæs;Region Hovedstaden;Vandløb;Poel Å;25-05-2005;1;Feltmålinger, Vandløb;Ja;Miljøstyrelsen;https://vanda.miljoeportal.dk/link/3b5d66d9-02e8-4137-a616-d318ff8f1fb1;FRB1696;32;689172;6207567;1;25-05-2005 10:45:00 +02:00;;Oxygenmætning; =;67;pct;3
Station;49000054;ARRESØ KANAL, ARRESØDAL SLUSE;32;689172;6207567;Halsnæs;Region Hovedstaden;Vandløb;Poel Å;29-10-1992;1;Feltmålinger, Vandløb;Ja;Miljøstyrelsen;https://vanda.miljoeportal.dk/link/a49416d4-3ff0-4572-87bc-d3d73dab70f0;FRB1696;32;689172;6207567;1;29-10-1992 08:58:00 +01:00;;Oxygen indhold; =;13,3;mg/l;2
Station;49000054;ARRESØ KANAL, ARRESØDAL SLUSE;32;689172;6207567;Halsnæs;Region Hovedstaden;Vandløb;Poel Å;22-02-2011;1;Feltmålinger, Vandløb;Ja;Miljøstyrelsen;https://vanda.miljoeportal.dk/link/5bf344e0-b464-4070-98fc-0ddef502f957;FRB1696;32;689172;6207567;1;22-02-2011 11:10:00 +01:00;;Temperatur; =;2;grader C;3
Station;49000054;ARRESØ KANAL, ARRESØDAL SLUSE;32;689172;6207567;Halsnæs;Region Hovedstaden;Vandløb;Poel Å;14-06-1989;1;Feltmålinger, Vandløb;Ja;Miljøstyrelsen;https://vanda.miljoeportal.dk/link/f13d3e15-24a5-4eb1-aa8b-798bbccbf51f;FRB1696;32;689172;6207567;1;14-06-1989 09:25:00 +02:00;;Temperatur; =;21,4;grader C;3
Station;49000054;ARRESØ KANAL, ARRESØDAL SLUSE;32;689172;6207567;Halsnæs;Region Hovedstaden;Vandløb;Poel Å;18-12-2017;1;Feltmålinger, Vandløb;Ja;Miljøstyrelsen;https://vanda.miljoeportal.dk/link/d51c4d85-e4dc-43cb-a10a-90d8ecdcc4ff;FRB1696;32;689172;6207567;1;18-12-2017 07:50:00 +01:00;;pH; =;8,7;pH;2
Station;49000054;ARRESØ KANAL, ARRESØDAL SLUSE;32;689172;6207567;Halsnæs;Region Hovedstaden;Vandløb;Poel Å;08-11-2011;1;Feltmålinger, Vandløb;Ja;Miljøstyrelsen;https://vanda.miljoeportal.dk/link/254e1f07-e1a0-42ba-808b-c4c35357da32;FRB1696;32;689172;6207567;1;08-11-2011 10:30:00 +01:00;;Temperatur; =;9;grader C;3
Station;49000054;ARRESØ KANAL, ARRESØDAL SLUSE;32;689172;6207567;Halsnæs;Region Hovedstaden;Vandløb;Poel Å;19-05-2022;1;Feltmålinger, Vandløb;Ja;Miljøstyrelsen;https://vanda.miljoeportal.dk/link/19de493b-d129-481a-80f8-e892b6b025c7;FRB1696;32;689172;6207567;1;19-05-2022 15:59:00 +02:00;;pH; =;8,48;pH;2
Station;49000054;ARRESØ KANAL, ARRESØDAL SLUSE;32;689172;6207567;Halsnæs;Region Hovedstaden;Vandløb;Poel Å;05-01-2005;1;Feltmålinger, Vandløb;Ja;Miljøstyrelsen;https://vanda.miljoeportal.dk/link/cbf164d4-3154-4def-9c16-5dbcc3bbc971;FRB1696;32;689172;6207567;1;05-01-2005 10:45:00 +01:00;;Temperatur; =;2,9;grader C;3
Station;49000054;ARRESØ KANAL, ARRESØDAL SLUSE;32;689172;6207567;Halsnæs;Region Hovedstaden;Vandløb;Poel Å;17-12-2019;1;Feltmålinger, Vandløb;Ja;Miljøstyrelsen;https://vanda.miljoeportal.dk/link/27a98156-9252-4895-9673-8740d4d941ab;FRB1696;32;689172;6207567;1;17-12-2019 12:15:00 +01:00;;pH; =;8,6;pH;2
Station;49000054;ARRESØ KANAL, ARRESØDAL SLUSE;32;689172;6207567;Halsnæs;Region Hovedstaden;Vandløb;Poel Å;23-11-2005;1;Feltmålinger, Vandløb;Ja;Miljøstyrelsen;https://vanda.miljoeportal.dk/link/f9cb8b9c-8f92-4f38-b967-c6a12d4337f8;FRB1696;32;689172;6207567;1;23-11-2005 10:30:00 +01:00;;Oxygen indhold; =;8,6;mg/l;3
Station;49000054;ARRESØ KANAL, ARRESØDAL SLUSE;32;689172;6207567;Halsnæs;Region Hovedstaden;Vandløb;Poel Å;25-03-1998;1;Feltmålinger, Vandløb;Ja;Miljøstyrelsen;https://vanda.miljoeportal.dk/link/133cacdc-08d0-420b-af27-484e8f6dc285;FRB1696;32;689172;6207567;1;25-03-1998 08:46:00 +01:00;;Temperatur; =;4,1;grader C;3
Station;49000054;ARRESØ KANAL, ARRESØDAL SLUSE;32;689172;6207567;Halsnæs;Region Hovedstaden;Vandløb;Poel Å;18-11-1998;1;Feltmålinger, Vandløb;Ja;Miljøstyrelsen;https://vanda.miljoeportal.dk/link/ef80d457-fbb5-4a23-8520-34939ce9b8ca;FRB1696;32;689172;6207567;1;18-11-1998 08:34:00 +01:00;;Oxygen indhold; =;12,3;mg/l;3
Station;49000054;ARRESØ KANAL, ARRESØDAL SLUSE;32;689172;6207567;Halsnæs;Region Hovedstaden;Vandløb;Poel Å;02-06-2009;1;Feltmålinger, Vandløb;Ja;Miljøstyrelsen;https://vanda.miljoeportal.dk/link/a7ad5446-bfdf-4d4d-8fff-78fbbd3e90ea;FRB1696;32;689172;6207567;1;02-06-2009 09:45:00 +02:00;;Temperatur; =;19,8;grader C;3
Station;49000054;ARRESØ KANAL, ARRESØDAL SLUSE;32;689172;6207567;Halsnæs;Region Hovedstaden;Vandløb;Poel Å;18-03-2003;1;Feltmålinger, Vandløb;Ja;Miljøstyrelsen;https://vanda.miljoeportal.dk/link/ca6c533f-37a5-4ce4-82d3-ff83bdd48d9a;FRB1696;32;689172;6207567;1;18-03-2003 08:05:00 +01:00;;Oxygenmætning; =;135;pct;3
Station;49000054;ARRESØ KANAL, ARRESØDAL SLUSE;32;689172;6207567;Halsnæs;Region Hovedstaden;Vandløb;Poel Å;08-12-2020;1;Feltmålinger, Vandløb;Ja;Miljøstyrelsen;https://vanda.miljoeportal.dk/link/08251771-f53d-4cd2-b90e-ccff4ff3da1c;FRB1696;32;689172;6207567;1;08-12-2020 10:25:00 +01:00;;Temperatur; =;4,4;grader C;2
Station;49000054;ARRESØ KANAL, ARRESØDAL SLUSE;32;689172;6207567;Halsnæs;Region Hovedstaden;Vandløb;Poel Å;07-12-2005;1;Feltmålinger, Vandløb;Ja;Miljøstyrelsen;https://vanda.miljoeportal.dk/link/143a027b-bbd1-4801-afb0-6c219c20e4fd;FRB1696;32;689172;6207567;1;07-12-2005 10:55:00 +01:00;;Oxygen indhold; =;11,4;mg/l;3
Station;49000054;ARRESØ KANAL, ARRESØDAL SLUSE;32;689172;6207567;Halsnæs;Region Hovedstaden;Vandløb;Poel Å;11-02-1998;1;Feltmålinger, Vandløb;Ja;Miljøstyrelsen;https://vanda.miljoeportal.dk/link/db977bac-05ec-4c4c-9024-9d9a91fbe801;FRB1696;32;689172;6207567;1;11-02-1998 08:56:00 +01:00;;Oxygen indhold; =;14,8;mg/l;3
Station;49000054;ARRESØ KANAL, ARRESØDAL SLUSE;32;689172;6207567;Halsnæs;Region Hovedstaden;Vandløb;Poel Å;23-05-1995;1;Feltmålinger, Vandløb;Ja;Miljøstyrelsen;https://vanda.miljoeportal.dk/link/3972136d-8e10-46dd-ac84-dac300c453da;FRB1696;32;689172;6207567;1;23-05-1995 10:15:00 +02:00;;Oxygen indhold; =;14,7;mg/l;3
Station;49000054;ARRESØ KANAL, ARRESØDAL SLUSE;32;689172;6207567;Halsnæs;Region Hovedstaden;Vandløb;Poel Å;04-09-2015;1;Feltmålinger, Vandløb;Ja;Miljøstyrelsen;https://vanda.miljoeportal.dk/link/961a1935-2361-471e-b0de-630482789992;FRB1696;32;689172;6207567;1;04-09-2015 08:10:00 +02:00;;Temperatur; =;16;grader C;2
Station;49000054;ARRESØ KANAL, ARRESØDAL SLUSE;32;689172;6207567;Halsnæs;Region Hovedstaden;Vandløb;Poel Å;09-10-2012;1;Feltmålinger, Vandløb;Ja;Miljøstyrelsen;https://vanda.miljoeportal.dk/link/b3d3efb2-8816-4334-8faa-93eaec68fb8f;FRB1696;32;689172;6207567;1;09-10-2012 10:15:00 +02:00;;Temperatur; =;9,9;grader C;3
Station;49000054;ARRESØ KANAL, ARRESØDAL SLUSE;32;689172;6207567;Halsnæs;Region Hovedstaden;Vandløb;Poel Å;15-03-1995;1;Feltmålinger, Vandløb;Ja;Miljøstyrelsen;https://vanda.miljoeportal.dk/link/81867643-3fbd-4316-bfa0-bde831e2e114;FRB1696;32;689172;6207567;1;15-03-1995 10:50:00 +01:00;;Oxygen indhold; =;14,4;mg/l;3
Station;49000054;ARRESØ KANAL, ARRESØDAL SLUSE;32;689172;6207567;Halsnæs;Region Hovedstaden;Vandløb;Poel Å;21-02-2012;1;Feltmålinger, Vandløb;Ja;Miljøstyrelsen;https://vanda.miljoeportal.dk/link/e1d4e07e-39d3-4458-aff2-e868fb838b62;FRB1696;32;689172;6207567;1;21-02-2012 10:55:00 +01:00;;Temperatur; =;4;grader C;3
Station;49000054;ARRESØ KANAL, ARRESØDAL SLUSE;32;689172;6207567;Halsnæs;Region Hovedstaden;Vandløb;Poel Å;29-04-2003;1;Feltmålinger, Vandløb;Ja;Miljøstyrelsen;https://vanda.miljoeportal.dk/link/2ccf4245-8101-4ca6-afd1-91e6dc6caa60;FRB1696;32;689172;6207567;1;29-04-2003 11:05:00 +02:00;;Oxygenmætning; =;75;pct;3
Station;49000054;ARRESØ KANAL, ARRESØDAL SLUSE;32;689172;6207567;Halsnæs;Region Hovedstaden;Vandløb;Poel Å;27-04-1994;1;Feltmålinger, Vandløb;Ja;Miljøstyrelsen;https://vanda.miljoeportal.dk/link/1bcae63d-02f3-4c29-85d3-7ba2aa3034a2;FRB1696;32;689172;6207567;1;27-04-1994 10:25:00 +02:00;;Temperatur; =;12,3;grader C;3
Station;49000054;ARRESØ KANAL, ARRESØDAL SLUSE;32;689172;6207567;Halsnæs;Region Hovedstaden;Vandløb;Poel Å;21-12-1994;1;Feltmålinger, Vandløb;Ja;Miljøstyrelsen;https://vanda.miljoeportal.dk/link/8b517a41-d377-4a1b-8a0b-22b3b343dc56;FRB1696;32;689172;6207567;1;21-12-1994 09:50:00 +01:00;;Oxygen indhold; =;13,1;mg/l;3
Station;49000054;ARRESØ KANAL, ARRESØDAL SLUSE;32;689172;6207567;Halsnæs;Region Hovedstaden;Vandløb;Poel Å;04-12-2002;1;Feltmålinger, Vandløb;Ja;Miljøstyrelsen;https://vanda.miljoeportal.dk/link/a8b9dd6e-761c-45b9-8642-8acab82abeb5;FRB1696;32;689172;6207567;1;04-12-2002 09:12:00 +01:00;;Temperatur; =;3,6;grader C;3
Station;49000054;ARRESØ KANAL, ARRESØDAL SLUSE;32;689172;6207567;Halsnæs;Region Hovedstaden;Vandløb;Poel Å;01-03-2006;1;Feltmålinger, Vandløb;Ja;Miljøstyrelsen;https://vanda.miljoeportal.dk/link/fcc3d5e5-9e1e-4ad6-8788-cf6ad60fb8b4;FRB1696;32;689172;6207567;1;01-03-2006 08:35:00 +01:00;;Oxygenmætning; =;223;pct;2
Station;49000054;ARRESØ KANAL, ARRESØDAL SLUSE;32;689172;6207567;Halsnæs;Region Hovedstaden;Vandløb;Poel Å;13-09-2000;1;Feltmålinger, Vandløb;Ja;Miljøstyrelsen;https://vanda.miljoeportal.dk/link/648ee154-65c4-4b56-b613-40c27214d61f;FRB1696;32;689172;6207567;1;13-09-2000 09:10:00 +02:00;;Temperatur; =;13,8;grader C;3
Station;49000054;ARRESØ KANAL, ARRESØDAL SLUSE;32;689172;6207567;Halsnæs;Region Hovedstaden;Vandløb;Poel Å;19-01-2005;1;Feltmålinger, Vandløb;Ja;Miljøstyrelsen;https://vanda.miljoeportal.dk/link/ee83b38f-d8ce-4e4f-913c-eea339908d6f;FRB1696;32;689172;6207567;1;19-01-2005 10:40:00 +01:00;;Oxygen indhold; =;12,8;mg/l;3
Station;49000054;ARRESØ KANAL, ARRESØDAL SLUSE;32;689172;6207567;Halsnæs;Region Hovedstaden;Vandløb;Poel Å;11-03-2021;1;Feltmålinger, Vandløb;Ja;Miljøstyrelsen;https://vanda.miljoeportal.dk/link/9eb6f1a2-f231-47cc-9600-6bde632e1774;FRB1696;32;689172;6207567;1;11-03-2021 12:51:00 +01:00;;pH; =;8,96;pH;2
Station;49000054;ARRESØ KANAL, ARRESØDAL SLUSE;32;689172;6207567;Halsnæs;Region Hovedstaden;Vandløb;Poel Å;22-08-1989;1;Feltmålinger, Vandløb;Ja;Miljøstyrelsen;https://vanda.miljoeportal.dk/link/af81a58e-978b-4158-804b-fec296375188;FRB1696;32;689172;6207567;1;22-08-1989 09:55:00 +02:00;;Oxygen indhold; =;10,7;mg/l;3
Station;49000054;ARRESØ KANAL, ARRESØDAL SLUSE;32;689172;6207567;Halsnæs;Region Hovedstaden;Vandløb;Poel Å;23-10-1996;1;Feltmålinger, Vandløb;Ja;Miljøstyrelsen;https://vanda.miljoeportal.dk/link/cfe2c29e-9069-4bbc-8e3b-41051df28651;FRB1696;32;689172;6207567;1;23-10-1996 08:06:00 +02:00;;Oxygen indhold; =;10,2;mg/l;3
Station;49000054;ARRESØ KANAL, ARRESØDAL SLUSE;32;689172;6207567;Halsnæs;Region Hovedstaden;Vandløb;Poel Å;27-04-2005;1;Feltmålinger, Vandløb;Ja;Miljøstyrelsen;https://vanda.miljoeportal.dk/link/d9ecc9cf-b1b0-4c7f-a00a-0d049b5ec13f;FRB1696;32;689172;6207567;1;27-04-2005 10:35:00 +02:00;;Oxygen indhold; =;13;mg/l;3
Station;49000054;ARRESØ KANAL, ARRESØDAL SLUSE;32;689172;6207567;Halsnæs;Region Hovedstaden;Vandløb;Poel Å;26-05-1999;1;Feltmålinger, Vandløb;Ja;Miljøstyrelsen;https://vanda.miljoeportal.dk/link/24d0c319-3136-4bd6-9733-b86cbc8c9fef;FRB1696;32;689172;6207567;1;26-05-1999 10:00:00 +02:00;;Oxygen indhold; =;10,3;mg/l;3
Station;49000054;ARRESØ KANAL, ARRESØDAL SLUSE;32;689172;6207567;Halsnæs;Region Hovedstaden;Vandløb;Poel Å;03-12-2020;1;Feltmålinger, Vandløb;Ja;Miljøstyrelsen;https://vanda.miljoeportal.dk/link/6cb160e5-93dd-45bc-ae7d-2040602d3110;FRB1696;32;689172;6207567;1;03-12-2020 14:18:00 +01:00;;Temperatur; =;3,5;grader C;2
Station;49000054;ARRESØ KANAL, ARRESØDAL SLUSE;32;689172;6207567;Halsnæs;Region Hovedstaden;Vandløb;Poel Å;22-06-1994;1;Feltmålinger, Vandløb;Ja;Miljøstyrelsen;https://vanda.miljoeportal.dk/link/3af201f4-3e8c-4aae-a0c3-234a6c7633d3;FRB1696;32;689172;6207567;1;22-06-1994 07:58:00 +02:00;;Oxygen indhold; =;7,8;mg/l;3
Station;49000054;ARRESØ KANAL, ARRESØDAL SLUSE;32;689172;6207567;Halsnæs;Region Hovedstaden;Vandløb;Poel Å;23-04-1997;1;Feltmålinger, Vandløb;Ja;Miljøstyrelsen;https://vanda.miljoeportal.dk/link/0269a65a-7c74-4c38-ae81-f20eefa259ce;FRB1696;32;689172;6207567;1;23-04-1997 08:21:00 +02:00;;Temperatur; =;6,1;grader C;3
Station;49000054;ARRESØ KANAL, ARRESØDAL SLUSE;32;689172;6207567;Halsnæs;Region Hovedstaden;Vandløb;Poel Å;06-01-1993;1;Feltmålinger, Vandløb;Ja;Miljøstyrelsen;https://vanda.miljoeportal.dk/link/0e6b19cd-140c-4c92-89f0-9389be303ae0;FRB1696;32;689172;6207567;1;06-01-1993 09:22:00 +01:00;;Temperatur; =;1,2;grader C;3
Station;49000054;ARRESØ KANAL, ARRESØDAL SLUSE;32;689172;6207567;Halsnæs;Region Hovedstaden;Vandløb;Poel Å;24-11-1999;1;Feltmålinger, Vandløb;Ja;Miljøstyrelsen;https://vanda.miljoeportal.dk/link/efbffc1a-4dc5-4dbd-947a-b4a5336fe406;FRB1696;32;689172;6207567;1;24-11-1999 10:15:00 +01:00;;Temperatur; =;2,8;grader C;3
Station;49000054;ARRESØ KANAL, ARRESØDAL SLUSE;32;689172;6207567;Halsnæs;Region Hovedstaden;Vandløb;Poel Å;10-05-1995;1;Feltmålinger, Vandløb;Ja;Miljøstyrelsen;https://vanda.miljoeportal.dk/link/50aa7cc1-e1ee-493d-b0e8-9b1a65be01fc;FRB1696;32;689172;6207567;1;10-05-1995 10:22:00 +02:00;;Oxygen indhold; =;13,4;mg/l;3
Station;49000054;ARRESØ KANAL, ARRESØDAL SLUSE;32;689172;6207567;Halsnæs;Region Hovedstaden;Vandløb;Poel Å;05-10-2022;1;Feltmålinger, Vandløb;Ja;Miljøstyrelsen;https://vanda.miljoeportal.dk/link/5805433a-4858-420b-ac34-9f2137f256c6;FRB1696;32;689172;6207567;1;05-10-2022 11:32:00 +02:00;;Temperatur; =;13,1;grader C;2
Station;49000054;ARRESØ KANAL, ARRESØDAL SLUSE;32;689172;6207567;Halsnæs;Region Hovedstaden;Vandløb;Poel Å;14-04-2003;1;Feltmålinger, Vandløb;Ja;Miljøstyrelsen;https://vanda.miljoeportal.dk/link/218c1859-4a0f-45e4-b82a-d9a4675a6607;FRB1696;32;689172;6207567;1;14-04-2003 10:50:00 +02:00;;Temperatur; =;6,7;grader C;3
Station;49000054;ARRESØ KANAL, ARRESØDAL SLUSE;32;689172;6207567;Halsnæs;Region Hovedstaden;Vandløb;Poel Å;12-05-2015;1;Feltmålinger, Vandløb;Ja;Miljøstyrelsen;https://vanda.miljoeportal.dk/link/2edf3f84-f1a3-498b-b617-b4ff86f040e7;FRB1696;32;689172;6207567;1;12-05-2015 08:00:00 +02:00;;pH; =;9,1;pH;2
Station;49000054;ARRESØ KANAL, ARRESØDAL SLUSE;32;689172;6207567;Halsnæs;Region Hovedstaden;Vandløb;Poel Å;05-10-2022;1;Feltmålinger, Vandløb;Ja;Miljøstyrelsen;https://vanda.miljoeportal.dk/link/5805433a-4858-420b-ac34-9f2137f256c6;FRB1696;32;689172;6207567;1;05-10-2022 11:32:00 +02:00;;pH; =;8,61;pH;2
Station;49000054;ARRESØ KANAL, ARRESØDAL SLUSE;32;689172;6207567;Halsnæs;Region Hovedstaden;Vandløb;Poel Å;30-08-2000;1;Feltmålinger, Vandløb;Ja;Miljøstyrelsen;https://vanda.miljoeportal.dk/link/940eec64-e0b1-4f8c-8667-0cc6daf52c06;FRB1696;32;689172;6207567;1;30-08-2000 09:30:00 +02:00;;Oxygen indhold; =;8,8;mg/l;3
Station;49000054;ARRESØ KANAL, ARRESØDAL SLUSE;32;689172;6207567;Halsnæs;Region Hovedstaden;Vandløb;Poel Å;16-08-1995;1;Feltmålinger, Vandløb;Ja;Miljøstyrelsen;https://vanda.miljoeportal.dk/link/e543450c-2c3b-43a8-9536-ef566bd8c862;FRB1696;32;689172;6207567;1;16-08-1995 09:50:00 +02:00;;Temperatur; =;20,4;grader C;3
Station;49000054;ARRESØ KANAL, ARRESØDAL SLUSE;32;689172;6207567;Halsnæs;Region Hovedstaden;Vandløb;Poel Å;16-08-1995;1;Feltmålinger, Vandløb;Ja;Miljøstyrelsen;https://vanda.miljoeportal.dk/link/e543450c-2c3b-43a8-9536-ef566bd8c862;FRB1696;32;689172;6207567;1;16-08-1995 09:50:00 +02:00;;Oxygen indhold; =;10,2;mg/l;3
Station;49000054;ARRESØ KANAL, ARRESØDAL SLUSE;32;689172;6207567;Halsnæs;Region Hovedstaden;Vandløb;Poel Å;18-12-1996;1;Feltmålinger, Vandløb;Ja;Miljøstyrelsen;https://vanda.miljoeportal.dk/link/3bf827bb-07a4-4472-884e-1d8cdf811c6c;FRB1696;32;689172;6207567;1;18-12-1996 09:01:00 +01:00;;Oxygen indhold; =;13,5;mg/l;3
Station;49000054;ARRESØ KANAL, ARRESØDAL SLUSE;32;689172;6207567;Halsnæs;Region Hovedstaden;Vandløb;Poel Å;21-06-2022;1;Feltmålinger, Vandløb;Ja;Miljøstyrelsen;https://vanda.miljoeportal.dk/link/681b36a0-7aa3-4ed2-81b7-b14dbb654a25;FRB1696;32;689172;6207567;1;21-06-2022 09:23:00 +02:00;;pH; =;8,51;pH;2
Station;49000054;ARRESØ KANAL, ARRESØDAL SLUSE;32;689172;6207567;Halsnæs;Region Hovedstaden;Vandløb;Poel Å;20-07-2005;1;Feltmålinger, Vandløb;Ja;Miljøstyrelsen;https://vanda.miljoeportal.dk/link/f60f673a-d688-4be0-83af-c6a4ce5d4d93;FRB1696;32;689172;6207567;1;20-07-2005 10:15:00 +02:00;;Oxygen indhold; =;8,8;mg/l;3
Station;49000054;ARRESØ KANAL, ARRESØDAL SLUSE;32;689172;6207567;Halsnæs;Region Hovedstaden;Vandløb;Poel Å;03-02-1993;1;Feltmålinger, Vandløb;Ja;Miljøstyrelsen;https://vanda.miljoeportal.dk/link/be7a8eaf-37f3-4ad7-95fa-117c9ea2b834;FRB1696;32;689172;6207567;1;03-02-1993 09:18:00 +01:00;;Oxygen indhold; =;17,2;mg/l;3
Station;49000054;ARRESØ KANAL, ARRESØDAL SLUSE;32;689172;6207567;Halsnæs;Region Hovedstaden;Vandløb;Poel Å;27-05-2008;1;Feltmålinger, Vandløb;Ja;Miljøstyrelsen;https://vanda.miljoeportal.dk/link/9b582a04-ef76-4c3d-ba17-490d6b7e2a71;FRB1696;32;689172;6207567;1;27-05-2008 10:05:00 +02:00;;Temperatur; =;16,4;grader C;3
Station;49000054;ARRESØ KANAL, ARRESØDAL SLUSE;32;689172;6207567;Halsnæs;Region Hovedstaden;Vandløb;Poel Å;24-01-1990;1;Feltmålinger, Vandløb;Ja;Miljøstyrelsen;https://vanda.miljoeportal.dk/link/2d1b9357-1a95-4282-babd-1a3c20496ba2;FRB1696;32;689172;6207567;1;24-01-1990 09:35:00 +01:00;;Oxygen indhold; =;13;mg/l;3
Station;49000054;ARRESØ KANAL, ARRESØDAL SLUSE;32;689172;6207567;Halsnæs;Region Hovedstaden;Vandløb;Poel Å;02-09-2008;1;Feltmålinger, Vandløb;Ja;Miljøstyrelsen;https://vanda.miljoeportal.dk/link/e558cadd-ac5d-4c9f-a798-ea3f92ee419f;FRB1696;32;689172;6207567;1;02-09-2008 09:55:00 +02:00;;Temperatur; =;22,5;grader C;3
Station;49000054;ARRESØ KANAL, ARRESØDAL SLUSE;32;689172;6207567;Halsnæs;Region Hovedstaden;Vandløb;Poel Å;08-11-2006;1;Feltmålinger, Vandløb;Ja;Miljøstyrelsen;https://vanda.miljoeportal.dk/link/b94ea355-9560-4dda-a9be-dcf0b86e434c;FRB1696;32;689172;6207567;1;08-11-2006 10:20:00 +01:00;;Oxygen indhold; =;11,1;mg/l;2
Station;49000054;ARRESØ KANAL, ARRESØDAL SLUSE;32;689172;6207567;Halsnæs;Region Hovedstaden;Vandløb;Poel Å;11-10-2000;1;Feltmålinger, Vandløb;Ja;Miljøstyrelsen;https://vanda.miljoeportal.dk/link/62305cf4-adb5-4944-892f-8fe0ef63bc27;FRB1696;32;689172;6207567;1;11-10-2000 09:20:00 +02:00;;Oxygen indhold; =;6;mg/l;3
Station;49000054;ARRESØ KANAL, ARRESØDAL SLUSE;32;689172;6207567;Halsnæs;Region Hovedstaden;Vandløb;Poel Å;28-09-2021;1;Feltmålinger, Vandløb;Ja;Miljøstyrelsen;https://vanda.miljoeportal.dk/link/23318988-562b-40a9-bd85-cbba9758a43c;FRB1696;32;689172;6207567;1;28-09-2021 15:45:00 +02:00;;pH; =;8,9;pH;2
Station;49000054;ARRESØ KANAL, ARRESØDAL SLUSE;32;689172;6207567;Halsnæs;Region Hovedstaden;Vandløb;Poel Å;25-11-1992;1;Feltmålinger, Vandløb;Ja;Miljøstyrelsen;https://vanda.miljoeportal.dk/link/0683bb79-b251-46f5-8958-b3e5f8043057;FRB1696;32;689172;6207567;1;25-11-1992 09:10:00 +01:00;;Temperatur; =;3,8;grader C;3
Station;49000054;ARRESØ KANAL, ARRESØDAL SLUSE;32;689172;6207567;Halsnæs;Region Hovedstaden;Vandløb;Poel Å;12-06-2012;1;Feltmålinger, Vandløb;Ja;Miljøstyrelsen;https://vanda.miljoeportal.dk/link/1b8efd7e-6a7b-4bb9-917f-3346114cc5cc;FRB1696;32;689172;6207567;1;12-06-2012 09:45:00 +02:00;;pH; =;8,3;pH;3
Station;49000054;ARRESØ KANAL, ARRESØDAL SLUSE;32;689172;6207567;Halsnæs;Region Hovedstaden;Vandløb;Poel Å;09-09-1998;1;Feltmålinger, Vandløb;Ja;Miljøstyrelsen;https://vanda.miljoeportal.dk/link/abdba590-1d36-485c-b60e-ab1694a78e8b;FRB1696;32;689172;6207567;1;09-09-1998 07:30:00 +02:00;;Temperatur; =;16;grader C;3
Station;49000054;ARRESØ KANAL, ARRESØDAL SLUSE;32;689172;6207567;Halsnæs;Region Hovedstaden;Vandløb;Poel Å;23-01-2019;1;Feltmålinger, Vandløb;Ja;Miljøstyrelsen;https://vanda.miljoeportal.dk/link/fd485314-dfca-4ccc-aeb6-2eab207484c4;FRB1696;32;689172;6207567;1;23-01-2019 08:54:00 +01:00;;pH; =;8,4;pH;2
Station;49000054;ARRESØ KANAL, ARRESØDAL SLUSE;32;689172;6207567;Halsnæs;Region Hovedstaden;Vandløb;Poel Å;05-07-2011;1;Feltmålinger, Vandløb;Ja;Miljøstyrelsen;https://vanda.miljoeportal.dk/link/4456a6f8-d889-4962-83af-93ccc27137ab;FRB1696;32;689172;6207567;1;05-07-2011 11:05:00 +02:00;;Temperatur; =;21,6;grader C;3
Station;49000054;ARRESØ KANAL, ARRESØDAL SLUSE;32;689172;6207567;Halsnæs;Region Hovedstaden;Vandløb;Poel Å;10-06-1992;1;Feltmålinger, Vandløb;Ja;Miljøstyrelsen;https://vanda.miljoeportal.dk/link/6cfc74f9-cfc1-4db0-a487-51e371d257b5;FRB1696;32;689172;6207567;1;10-06-1992 08:19:00 +02:00;;Oxygen indhold; =;8,7;mg/l;3
Station;49000054;ARRESØ KANAL, ARRESØDAL SLUSE;32;689172;6207567;Halsnæs;Region Hovedstaden;Vandløb;Poel Å;08-07-2003;1;Feltmålinger, Vandløb;Ja;Miljøstyrelsen;https://vanda.miljoeportal.dk/link/45b2a5b7-7179-49a9-80b4-0e780eb3e3ab;FRB1696;32;689172;6207567;1;08-07-2003 09:40:00 +02:00;;Temperatur; =;18,8;grader C;3
Station;49000054;ARRESØ KANAL, ARRESØDAL SLUSE;32;689172;6207567;Halsnæs;Region Hovedstaden;Vandløb;Poel Å;13-11-2012;1;Feltmålinger, Vandløb;Ja;Miljøstyrelsen;https://vanda.miljoeportal.dk/link/7003afd3-f654-49a5-bac6-929d3cb0a676;FRB1696;32;689172;6207567;1;13-11-2012 09:30:00 +01:00;;Temperatur; =;6,5;grader C;3
Station;49000054;ARRESØ KANAL, ARRESØDAL SLUSE;32;689172;6207567;Halsnæs;Region Hovedstaden;Vandløb;Poel Å;21-03-2013;1;Feltmålinger, Vandløb;Ja;Miljøstyrelsen;https://vanda.miljoeportal.dk/link/d67c2b0a-0140-41e1-8a04-018370aa9a4f;FRB1696;32;689172;6207567;1;21-03-2013 10:20:00 +01:00;;Temperatur; =;1,6;grader C;3
Station;49000054;ARRESØ KANAL, ARRESØDAL SLUSE;32;689172;6207567;Halsnæs;Region Hovedstaden;Vandløb;Poel Å;29-10-2019;1;Feltmålinger, Vandløb;Ja;Miljøstyrelsen;https://vanda.miljoeportal.dk/link/595b2223-02b9-401c-a149-0dd1cae37be9;FRB1696;32;689172;6207567;1;29-10-2019 12:10:00 +01:00;;pH; =;8,7;pH;2
Station;49000054;ARRESØ KANAL, ARRESØDAL SLUSE;32;689172;6207567;Halsnæs;Region Hovedstaden;Vandløb;Poel Å;02-10-1991;1;Feltmålinger, Vandløb;Ja;Miljøstyrelsen;https://vanda.miljoeportal.dk/link/23fadcc1-2a83-4de7-bbc5-5a5f318340a4;FRB1696;32;689172;6207567;1;02-10-1991 09:38:00 +01:00;;Oxygen indhold; =;10,6;mg/l;3
Station;49000054;ARRESØ KANAL, ARRESØDAL SLUSE;32;689172;6207567;Halsnæs;Region Hovedstaden;Vandløb;Poel Å;14-11-2019;1;Feltmålinger, Vandløb;Ja;Miljøstyrelsen;https://vanda.miljoeportal.dk/link/a599be78-fb38-4618-829d-8b9747949dcc;FRB1696;32;689172;6207567;1;14-11-2019 12:00:00 +01:00;;Temperatur; =;5,8;grader C;2
Station;49000054;ARRESØ KANAL, ARRESØDAL SLUSE;32;689172;6207567;Halsnæs;Region Hovedstaden;Vandløb;Poel Å;13-11-1991;1;Feltmålinger, Vandløb;Ja;Miljøstyrelsen;https://vanda.miljoeportal.dk/link/16c57dd3-70aa-4dba-a6ab-d02f52310519;FRB1696;32;689172;6207567;1;13-11-1991 10:40:00 +01:00;;Oxygen indhold; =;13,8;mg/l;3
Station;49000054;ARRESØ KANAL, ARRESØDAL SLUSE;32;689172;6207567;Halsnæs;Region Hovedstaden;Vandløb;Poel Å;24-10-2007;1;Feltmålinger, Vandløb;Ja;Miljøstyrelsen;https://vanda.miljoeportal.dk/link/3a96717a-41a8-4696-9758-912084a4560b;FRB1696;32;689172;6207567;1;24-10-2007 10:20:00 +02:00;;Temperatur; =;8,4;grader C;3
Station;49000054;ARRESØ KANAL, ARRESØDAL SLUSE;32;689172;6207567;Halsnæs;Region Hovedstaden;Vandløb;Poel Å;13-09-2000;1;Feltmålinger, Vandløb;Ja;Miljøstyrelsen;https://vanda.miljoeportal.dk/link/648ee154-65c4-4b56-b613-40c27214d61f;FRB1696;32;689172;6207567;1;13-09-2000 09:10:00 +02:00;;Oxygen indhold; =;6,4;mg/l;3
Station;49000054;ARRESØ KANAL, ARRESØDAL SLUSE;32;689172;6207567;Halsnæs;Region Hovedstaden;Vandløb;Poel Å;21-07-1993;1;Feltmålinger, Vandløb;Ja;Miljøstyrelsen;https://vanda.miljoeportal.dk/link/c5d14afb-bd97-42ce-94b2-c31084e372fe;FRB1696;32;689172;6207567;1;21-07-1993 08:22:00 +02:00;;Oxygen indhold; =;13,1;mg/l;3
Station;49000054;ARRESØ KANAL, ARRESØDAL SLUSE;32;689172;6207567;Halsnæs;Region Hovedstaden;Vandløb;Poel Å;25-02-2014;1;Feltmålinger, Vandløb;Ja;Miljøstyrelsen;https://vanda.miljoeportal.dk/link/82fcbbc3-875a-4ba3-9515-8ac3a74dc398;FRB1696;32;689172;6207567;1;25-02-2014 11:40:00 +01:00;;Temperatur; =;5,1;grader C;3
Station;49000054;ARRESØ KANAL, ARRESØDAL SLUSE;32;689172;6207567;Halsnæs;Region Hovedstaden;Vandløb;Poel Å;29-09-1999;1;Feltmålinger, Vandløb;Ja;Miljøstyrelsen;https://vanda.miljoeportal.dk/link/d941860e-e4a3-4028-9b94-3a48f645bba1;FRB1696;32;689172;6207567;1;29-09-1999 09:40:00 +02:00;;Oxygen indhold; =;5,5;mg/l;3
Station;49000054;ARRESØ KANAL, ARRESØDAL SLUSE;32;689172;6207567;Halsnæs;Region Hovedstaden;Vandløb;Poel Å;11-09-2002;1;Feltmålinger, Vandløb;Ja;Miljøstyrelsen;https://vanda.miljoeportal.dk/link/26918bb8-c3de-4173-a94c-d51c0bbb9265;FRB1696;32;689172;6207567;1;11-09-2002 06:40:00 +02:00;;Temperatur; =;19,7;grader C;3
Station;49000054;ARRESØ KANAL, ARRESØDAL SLUSE;32;689172;6207567;Halsnæs;Region Hovedstaden;Vandløb;Poel Å;21-06-2000;1;Feltmålinger, Vandløb;Ja;Miljøstyrelsen;https://vanda.miljoeportal.dk/link/9f74c238-6bff-4b15-8924-73a393ff04a5;FRB1696;32;689172;6207567;1;21-06-2000 09:35:00 +02:00;;Oxygen indhold; =;8,5;mg/l;3
Station;49000054;ARRESØ KANAL, ARRESØDAL SLUSE;32;689172;6207567;Halsnæs;Region Hovedstaden;Vandløb;Poel Å;31-08-1994;1;Feltmålinger, Vandløb;Ja;Miljøstyrelsen;https://vanda.miljoeportal.dk/link/474dc450-bd78-45a7-b0a7-4a91cb4b6e56;FRB1696;32;689172;6207567;1;31-08-1994 09:48:00 +02:00;;Temperatur; =;15,5;grader C;3
Station;49000054;ARRESØ KANAL, ARRESØDAL SLUSE;32;689172;6207567;Halsnæs;Region Hovedstaden;Vandløb;Poel Å;06-03-2023;1;Feltmålinger, Vandløb;Ja;Miljøstyrelsen;https://vanda.miljoeportal.dk/link/3ee46a50-d821-445b-a612-356250a3ae56;FRB1696;32;689172;6207567;1;06-03-2023 13:49:00 +01:00;;Temperatur; =;3,3;grader C;2
Station;49000054;ARRESØ KANAL, ARRESØDAL SLUSE;32;689172;6207567;Halsnæs;Region Hovedstaden;Vandløb;Poel Å;25-01-2011;1;Feltmålinger, Vandløb;Ja;Miljøstyrelsen;https://vanda.miljoeportal.dk/link/5844813f-2f09-437a-b4c3-ddccd241a34f;FRB1696;32;689172;6207567;1;25-01-2011 11:00:00 +01:00;;Temperatur; =;3,2;grader C;3
Station;49000054;ARRESØ KANAL, ARRESØDAL SLUSE;32;689172;6207567;Halsnæs;Region Hovedstaden;Vandløb;Poel Å;20-07-2005;1;Feltmålinger, Vandløb;Ja;Miljøstyrelsen;https://vanda.miljoeportal.dk/link/f60f673a-d688-4be0-83af-c6a4ce5d4d93;FRB1696;32;689172;6207567;1;20-07-2005 10:15:00 +02:00;;Oxygenmætning; =;96;pct;3
Station;49000054;ARRESØ KANAL, ARRESØDAL SLUSE;32;689172;6207567;Halsnæs;Region Hovedstaden;Vandløb;Poel Å;02-08-2023;1;Feltmålinger, Vandløb;Ja;Miljøstyrelsen;https://vanda.miljoeportal.dk/link/410ff69f-586a-4ac4-be73-e4bb85f24741;FRB1696;32;689172;6207567;1;02-08-2023 11:05:00 +02:00;;pH; =;7,67;pH;2
Station;49000054;ARRESØ KANAL, ARRESØDAL SLUSE;32;689172;6207567;Halsnæs;Region Hovedstaden;Vandløb;Poel Å;06-03-2017;1;Feltmålinger, Vandløb;Ja;Miljøstyrelsen;https://vanda.miljoeportal.dk/link/8af533c3-fd39-49fd-be1f-72b028831dbf;FRB1696;32;689172;6207567;1;06-03-2017 08:05:00 +01:00;;pH; =;8,6;pH;2
Station;49000054;ARRESØ KANAL, ARRESØDAL SLUSE;32;689172;6207567;Halsnæs;Region Hovedstaden;Vandløb;Poel Å;12-10-2010;1;Feltmålinger, Vandløb;Ja;Miljøstyrelsen;https://vanda.miljoeportal.dk/link/dd1ab908-15f3-4ada-929b-86a640f05d91;FRB1696;32;689172;6207567;1;12-10-2010 10:35:00 +02:00;;Temperatur; =;10,1;grader C;3
Station;49000054;ARRESØ KANAL, ARRESØDAL SLUSE;32;689172;6207567;Halsnæs;Region Hovedstaden;Vandløb;Poel Å;26-10-1994;1;Feltmålinger, Vandløb;Ja;Miljøstyrelsen;https://vanda.miljoeportal.dk/link/9a22a032-13d6-428d-86df-760e7ba88bfa;FRB1696;32;689172;6207567;1;26-10-1994 10:23:00 +01:00;;Temperatur; =;7,9;grader C;3
Station;49000054;ARRESØ KANAL, ARRESØDAL SLUSE;32;689172;6207567;Halsnæs;Region Hovedstaden;Vandløb;Poel Å;03-06-1998;1;Feltmålinger, Vandløb;Ja;Miljøstyrelsen;https://vanda.miljoeportal.dk/link/8d73a30c-4e0a-4110-8f77-36f8960a800c;FRB1696;32;689172;6207567;1;03-06-1998 07:22:00 +02:00;;Temperatur; =;17,4;grader C;3
Station;49000054;ARRESØ KANAL, ARRESØDAL SLUSE;32;689172;6207567;Halsnæs;Region Hovedstaden;Vandløb;Poel Å;03-05-2011;1;Feltmålinger, Vandløb;Ja;Miljøstyrelsen;https://vanda.miljoeportal.dk/link/a5e3664e-620a-464a-9adc-a872197b0df8;FRB1696;32;689172;6207567;1;03-05-2011 10:30:00 +02:00;;Temperatur; =;12,6;grader C;3
Station;49000054;ARRESØ KANAL, ARRESØDAL SLUSE;32;689172;6207567;Halsnæs;Region Hovedstaden;Vandløb;Poel Å;16-03-1994;1;Feltmålinger, Vandløb;Ja;Miljøstyrelsen;https://vanda.miljoeportal.dk/link/c78c05ee-66d1-42d1-a4b1-1d0714851960;FRB1696;32;689172;6207567;1;16-03-1994 09:29:00 +01:00;;Temperatur; =;2,4;grader C;3
Station;49000054;ARRESØ KANAL, ARRESØDAL SLUSE;32;689172;6207567;Halsnæs;Region Hovedstaden;Vandløb;Poel Å;21-12-2005;1;Feltmålinger, Vandløb;Ja;Miljøstyrelsen;https://vanda.miljoeportal.dk/link/333f5425-e443-4de6-9127-f4e19811937c;FRB1696;32;689172;6207567;1;21-12-2005 10:40:00 +01:00;;Oxygen indhold; =;12;mg/l;3
Station;49000054;ARRESØ KANAL, ARRESØDAL SLUSE;32;689172;6207567;Halsnæs;Region Hovedstaden;Vandløb;Poel Å;03-01-1996;1;Feltmålinger, Vandløb;Ja;Miljøstyrelsen;https://vanda.miljoeportal.dk/link/75781aa8-ded1-4e51-bfa2-5206127e4a56;FRB1696;32;689172;6207567;1;03-01-1996 09:34:00 +01:00;;Temperatur; =;0,3;grader C;3
Station;49000054;ARRESØ KANAL, ARRESØDAL SLUSE;32;689172;6207567;Halsnæs;Region Hovedstaden;Vandløb;Poel Å;22-11-1989;1;Feltmålinger, Vandløb;Ja;Miljøstyrelsen;https://vanda.miljoeportal.dk/link/d3cc37a6-80f5-451f-b8d4-f81ad73d9ad6;FRB1696;32;689172;6207567;1;22-11-1989 09:45:00 +01:00;;Oxygen indhold; =;13,4;mg/l;3
Station;49000054;ARRESØ KANAL, ARRESØDAL SLUSE;32;689172;6207567;Halsnæs;Region Hovedstaden;Vandløb;Poel Å;15-01-2008;1;Feltmålinger, Vandløb;Ja;Miljøstyrelsen;https://vanda.miljoeportal.dk/link/c7fc19a4-f07d-4048-a71c-f70226c59b7e;FRB1696;32;689172;6207567;1;15-01-2008 10:25:00 +01:00;;Temperatur; =;4,9;grader C;3
Station;49000054;ARRESØ KANAL, ARRESØDAL SLUSE;32;689172;6207567;Halsnæs;Region Hovedstaden;Vandløb;Poel Å;26-03-2002;1;Feltmålinger, Vandløb;Ja;Miljøstyrelsen;https://vanda.miljoeportal.dk/link/de9e84e4-311a-4137-9222-8cc2151c5cdc;FRB1696;32;689172;6207567;1;26-03-2002 09:05:00 +01:00;;Temperatur; =;4,7;grader C;3
Station;49000054;ARRESØ KANAL, ARRESØDAL SLUSE;32;689172;6207567;Halsnæs;Region Hovedstaden;Vandløb;Poel Å;08-05-2012;1;Feltmålinger, Vandløb;Ja;Miljøstyrelsen;https://vanda.miljoeportal.dk/link/8f1ef410-3feb-4072-855c-489ae88a0845;FRB1696;32;689172;6207567;1;08-05-2012 10:05:00 +02:00;;Temperatur; =;13,1;grader C;3
Station;49000054;ARRESØ KANAL, ARRESØDAL SLUSE;32;689172;6207567;Halsnæs;Region Hovedstaden;Vandløb;Poel Å;21-04-2021;1;Feltmålinger, Vandløb;Ja;Miljøstyrelsen;https://vanda.miljoeportal.dk/link/39ae9cc0-63de-4197-b10e-d77a859d3add;FRB1696;32;689172;6207567;1;21-04-2021 14:45:00 +02:00;;Temperatur; =;12,3;grader C;2
Station;49000054;ARRESØ KANAL, ARRESØDAL SLUSE;32;689172;6207567;Halsnæs;Region Hovedstaden;Vandløb;Poel Å;17-11-2020;1;Feltmålinger, Vandløb;Ja;Miljøstyrelsen;https://vanda.miljoeportal.dk/link/80bdfcd7-3a1e-486a-bdc9-d051f085210e;FRB1696;32;689172;6207567;1;17-11-2020 14:38:00 +01:00;;Temperatur; =;9;grader C;2
Station;49000054;ARRESØ KANAL, ARRESØDAL SLUSE;32;689172;6207567;Halsnæs;Region Hovedstaden;Vandløb;Poel Å;25-09-1991;1;Feltmålinger, Vandløb;Ja;Miljøstyrelsen;https://vanda.miljoeportal.dk/link/dfe10813-2e28-4591-bfb2-02ee10c0ac6a;FRB1696;32;689172;6207567;1;25-09-1991 09:38:00 +02:00;;Temperatur; =;12;grader C;3
Station;49000054;ARRESØ KANAL, ARRESØDAL SLUSE;32;689172;6207567;Halsnæs;Region Hovedstaden;Vandløb;Poel Å;01-03-2000;1;Feltmålinger, Vandløb;Ja;Miljøstyrelsen;https://vanda.miljoeportal.dk/link/c14c72c8-82d4-422f-80ae-ef8efa0df497;FRB1696;32;689172;6207567;1;01-03-2000 09:35:00 +01:00;;Oxygen indhold; =;12,8;mg/l;3
Station;49000054;ARRESØ KANAL, ARRESØDAL SLUSE;32;689172;6207567;Halsnæs;Region Hovedstaden;Vandløb;Poel Å;21-10-1998;1;Feltmålinger, Vandløb;Ja;Miljøstyrelsen;https://vanda.miljoeportal.dk/link/e00608a6-c493-4007-950f-a01300603d60;FRB1696;32;689172;6207567;1;21-10-1998 08:03:00 +02:00;;Oxygen indhold; =;11,5;mg/l;3
Station;49000054;ARRESØ KANAL, ARRESØDAL SLUSE;32;689172;6207567;Halsnæs;Region Hovedstaden;Vandløb;Poel Å;14-09-1994;1;Feltmålinger, Vandløb;Ja;Miljøstyrelsen;https://vanda.miljoeportal.dk/link/8d963135-3709-4594-a65a-2b4cd0526066;FRB1696;32;689172;6207567;1;14-09-1994 09:20:00 +02:00;;Oxygen indhold; =;9,8;mg/l;3
Station;49000054;ARRESØ KANAL, ARRESØDAL SLUSE;32;689172;6207567;Halsnæs;Region Hovedstaden;Vandløb;Poel Å;22-11-2006;1;Feltmålinger, Vandløb;Ja;Miljøstyrelsen;https://vanda.miljoeportal.dk/link/3493ff60-11aa-499b-8a89-6d18c4b92ea3;FRB1696;32;689172;6207567;1;22-11-2006 10:05:00 +01:00;;Temperatur; =;6,5;grader C;2
Station;49000054;ARRESØ KANAL, ARRESØDAL SLUSE;32;689172;6207567;Halsnæs;Region Hovedstaden;Vandløb;Poel Å;03-10-1990;1;Feltmålinger, Vandløb;Ja;Miljøstyrelsen;https://vanda.miljoeportal.dk/link/d93db18a-48b9-4468-bbe4-2d6c202d198f;FRB1696;32;689172;6207567;1;03-10-1990 09:35:00 +01:00;;Oxygen indhold; =;12,7;mg/l;3
Station;49000054;ARRESØ KANAL, ARRESØDAL SLUSE;32;689172;6207567;Halsnæs;Region Hovedstaden;Vandløb;Poel Å;25-09-2012;1;Feltmålinger, Vandløb;Ja;Miljøstyrelsen;https://vanda.miljoeportal.dk/link/23e769d4-564f-423a-89c2-4283e69e5fca;FRB1696;32;689172;6207567;1;25-09-2012 10:10:00 +02:00;;Temperatur; =;11,3;grader C;3
Station;49000054;ARRESØ KANAL, ARRESØDAL SLUSE;32;689172;6207567;Halsnæs;Region Hovedstaden;Vandløb;Poel Å;25-05-1994;1;Feltmålinger, Vandløb;Ja;Miljøstyrelsen;https://vanda.miljoeportal.dk/link/a689d3d4-8d11-43bf-b2ec-c69e833b6d80;FRB1696;32;689172;6207567;1;25-05-1994 09:17:00 +02:00;;Oxygen indhold; =;11,5;mg/l;3
Station;49000054;ARRESØ KANAL, ARRESØDAL SLUSE;32;689172;6207567;Halsnæs;Region Hovedstaden;Vandløb;Poel Å;08-11-2022;1;Feltmålinger, Vandløb;Ja;Miljøstyrelsen;https://vanda.miljoeportal.dk/link/bd0f6579-2ed3-491e-b386-75f3e065da59;FRB1696;32;689172;6207567;1;08-11-2022 11:04:00 +01:00;;Temperatur; =;10,4;grader C;2
Station;49000054;ARRESØ KANAL, ARRESØDAL SLUSE;32;689172;6207567;Halsnæs;Region Hovedstaden;Vandløb;Poel Å;16-03-2005;1;Feltmålinger, Vandløb;Ja;Miljøstyrelsen;https://vanda.miljoeportal.dk/link/b6bdafdb-f5da-4a29-9534-536cbf0c8f73;FRB1696;32;689172;6207567;1;16-03-2005 11:10:00 +01:00;;Oxygenmætning; =;132;pct;3
Station;49000054;ARRESØ KANAL, ARRESØDAL SLUSE;32;689172;6207567;Halsnæs;Region Hovedstaden;Vandløb;Poel Å;17-04-2012;1;Feltmålinger, Vandløb;Ja;Miljøstyrelsen;https://vanda.miljoeportal.dk/link/4f77eaef-710c-442b-a871-3ca94179b3d0;FRB1696;32;689172;6207567;1;17-04-2012 09:35:00 +02:00;;Temperatur; =;8,4;grader C;3
Station;49000054;ARRESØ KANAL, ARRESØDAL SLUSE;32;689172;6207567;Halsnæs;Region Hovedstaden;Vandløb;Poel Å;02-09-1992;1;Feltmålinger, Vandløb;Ja;Miljøstyrelsen;https://vanda.miljoeportal.dk/link/11102c0b-c47a-4525-800c-7c0ff1807509;FRB1696;32;689172;6207567;1;02-09-1992 08:24:00 +02:00;;Oxygen indhold; =;9,7;mg/l;3
Station;49000054;ARRESØ KANAL, ARRESØDAL SLUSE;32;689172;6207567;Halsnæs;Region Hovedstaden;Vandløb;Poel Å;07-12-1994;1;Feltmålinger, Vandløb;Ja;Miljøstyrelsen;https://vanda.miljoeportal.dk/link/48cab36d-5709-4265-980a-f051d7314fd7;FRB1696;32;689172;6207567;1;07-12-1994 10:26:00 +01:00;;Temperatur; =;4,2;grader C;3
Station;49000054;ARRESØ KANAL, ARRESØDAL SLUSE;32;689172;6207567;Halsnæs;Region Hovedstaden;Vandløb;Poel Å;28-04-1993;1;Feltmålinger, Vandløb;Ja;Miljøstyrelsen;https://vanda.miljoeportal.dk/link/217dc60c-e7f5-4be0-982b-8719a1182465;FRB1696;32;689172;6207567;1;28-04-1993 08:18:00 +02:00;;Oxygen indhold; =;15,9;mg/l;3
Station;49000054;ARRESØ KANAL, ARRESØDAL SLUSE;32;689172;6207567;Halsnæs;Region Hovedstaden;Vandløb;Poel Å;09-03-2005;1;Feltmålinger, Vandløb;Ja;Miljøstyrelsen;https://vanda.miljoeportal.dk/link/dcc25f75-6166-46a4-bbae-8bf369299d89;FRB1696;32;689172;6207567;1;09-03-2005 08:50:00 +01:00;;Oxygenmætning; =;142;pct;2
Station;49000054;ARRESØ KANAL, ARRESØDAL SLUSE;32;689172;6207567;Halsnæs;Region Hovedstaden;Vandløb;Poel Å;15-02-2006;1;Feltmålinger, Vandløb;Ja;Miljøstyrelsen;https://vanda.miljoeportal.dk/link/01570759-2b53-4420-af26-ec10f3a66ca6;FRB1696;32;689172;6207567;1;15-02-2006 10:10:00 +01:00;;Oxygenmætning; =;80;pct;2
Station;49000054;ARRESØ KANAL, ARRESØDAL SLUSE;32;689172;6207567;Halsnæs;Region Hovedstaden;Vandløb;Poel Å;21-01-2020;1;Feltmålinger, Vandløb;Ja;Miljøstyrelsen;https://vanda.miljoeportal.dk/link/3ec7090b-0994-4661-a060-15c75ceeef9a;FRB1696;32;689172;6207567;1;21-01-2020 11:10:00 +01:00;;pH; =;8,7;pH;2
Station;49000054;ARRESØ KANAL, ARRESØDAL SLUSE;32;689172;6207567;Halsnæs;Region Hovedstaden;Vandløb;Poel Å;04-07-2017;1;Feltmålinger, Vandløb;Ja;Miljøstyrelsen;https://vanda.miljoeportal.dk/link/8ac4d764-c907-445b-a9ab-9597546d9d00;FRB1696;32;689172;6207567;1;04-07-2017 07:15:00 +02:00;;pH; =;8,5;pH;2
Station;49000054;ARRESØ KANAL, ARRESØDAL SLUSE;32;689172;6207567;Halsnæs;Region Hovedstaden;Vandløb;Poel Å;20-07-2015;1;Feltmålinger, Vandløb;Ja;Miljøstyrelsen;https://vanda.miljoeportal.dk/link/f4b62e10-b8db-4028-b124-9a4b8b70e5c2;FRB1696;32;689172;6207567;1;20-07-2015 08:40:00 +02:00;;Temperatur; =;17,3;grader C;2
Station;49000054;ARRESØ KANAL, ARRESØDAL SLUSE;32;689172;6207567;Halsnæs;Region Hovedstaden;Vandløb;Poel Å;09-12-1992;1;Feltmålinger, Vandløb;Ja;Miljøstyrelsen;https://vanda.miljoeportal.dk/link/d398d508-88df-4ddf-ab3d-43585bd29848;FRB1696;32;689172;6207567;1;09-12-1992 09:12:00 +01:00;;Temperatur; =;3,3;grader C;3
Station;49000054;ARRESØ KANAL, ARRESØDAL SLUSE;32;689172;6207567;Halsnæs;Region Hovedstaden;Vandløb;Poel Å;21-12-2005;1;Feltmålinger, Vandløb;Ja;Miljøstyrelsen;https://vanda.miljoeportal.dk/link/333f5425-e443-4de6-9127-f4e19811937c;FRB1696;32;689172;6207567;1;21-12-2005 10:40:00 +01:00;;Oxygenmætning; =;85;pct;3
Station;49000054;ARRESØ KANAL, ARRESØDAL SLUSE;32;689172;6207567;Halsnæs;Region Hovedstaden;Vandløb;Poel Å;17-11-2004;1;Feltmålinger, Vandløb;Ja;Miljøstyrelsen;https://vanda.miljoeportal.dk/link/e0ad9a5a-6042-46f3-a43a-88dc0b34fc1d;FRB1696;32;689172;6207567;1;17-11-2004 10:10:00 +01:00;;Oxygenmætning; =;93;pct;3
Station;49000054;ARRESØ KANAL, ARRESØDAL SLUSE;32;689172;6207567;Halsnæs;Region Hovedstaden;Vandløb;Poel Å;07-04-2004;1;Feltmålinger, Vandløb;Ja;Miljøstyrelsen;https://vanda.miljoeportal.dk/link/6c953afb-50da-42ec-8341-834f1b72560c;FRB1696;32;689172;6207567;1;07-04-2004 10:30:00 +02:00;;Temperatur; =;6;grader C;3
Station;49000054;ARRESØ KANAL, ARRESØDAL SLUSE;32;689172;6207567;Halsnæs;Region Hovedstaden;Vandløb;Poel Å;11-08-2009;1;Feltmålinger, Vandløb;Ja;Miljøstyrelsen;https://vanda.miljoeportal.dk/link/64526ae9-d1d3-4ab2-a109-374602d48ce1;FRB1696;32;689172;6207567;1;11-08-2009 11:20:00 +02:00;;Temperatur; =;21,4;grader C;3
Station;49000054;ARRESØ KANAL, ARRESØDAL SLUSE;32;689172;6207567;Halsnæs;Region Hovedstaden;Vandløb;Poel Å;27-03-2023;1;Feltmålinger, Vandløb;Ja;Miljøstyrelsen;https://vanda.miljoeportal.dk/link/ec42b03b-f7da-4899-bfae-d6214c0b4c81;FRB1696;32;689172;6207567;1;27-03-2023 09:21:00 +02:00;;Temperatur; =;5,3;grader C;2
Station;49000054;ARRESØ KANAL, ARRESØDAL SLUSE;32;689172;6207567;Halsnæs;Region Hovedstaden;Vandløb;Poel Å;08-11-2006;1;Feltmålinger, Vandløb;Ja;Miljøstyrelsen;https://vanda.miljoeportal.dk/link/b94ea355-9560-4dda-a9be-dcf0b86e434c;FRB1696;32;689172;6207567;1;08-11-2006 10:20:00 +01:00;;Oxygenmætning; =;95;pct;2
Station;49000054;ARRESØ KANAL, ARRESØDAL SLUSE;32;689172;6207567;Halsnæs;Region Hovedstaden;Vandløb;Poel Å;08-11-2000;1;Feltmålinger, Vandløb;Ja;Miljøstyrelsen;https://vanda.miljoeportal.dk/link/5b687b0f-79e8-4afe-a7fb-0ce55913eab2;FRB1696;32;689172;6207567;1;08-11-2000 09:05:00 +01:00;;Temperatur; =;7,5;grader C;3
Station;49000054;ARRESØ KANAL, ARRESØDAL SLUSE;32;689172;6207567;Halsnæs;Region Hovedstaden;Vandløb;Poel Å;08-05-1996;1;Feltmålinger, Vandløb;Ja;Miljøstyrelsen;https://vanda.miljoeportal.dk/link/1d1193fc-7ada-479b-b1ea-12c662f7e683;FRB1696;32;689172;6207567;1;08-05-1996 08:07:00 +02:00;;Oxygen indhold; =;14,4;mg/l;3
Station;49000054;ARRESØ KANAL, ARRESØDAL SLUSE;32;689172;6207567;Halsnæs;Region Hovedstaden;Vandløb;Poel Å;10-05-2006;1;Feltmålinger, Vandløb;Ja;Miljøstyrelsen;https://vanda.miljoeportal.dk/link/13282296-f6b9-43c8-98ee-56c0e8d9788c;FRB1696;32;689172;6207567;1;10-05-2006 10:00:00 +02:00;;Oxygenmætning; =;99;pct;2
Station;49000054;ARRESØ KANAL, ARRESØDAL SLUSE;32;689172;6207567;Halsnæs;Region Hovedstaden;Vandløb;Poel Å;25-09-2002;1;Feltmålinger, Vandløb;Ja;Miljøstyrelsen;https://vanda.miljoeportal.dk/link/0e58bc48-79d6-4635-808d-655ba2a74cbc;FRB1696;32;689172;6207567;1;25-09-2002 06:45:00 +02:00;;Oxygen indhold; =;10,3;mg/l;3
Station;49000054;ARRESØ KANAL, ARRESØDAL SLUSE;32;689172;6207567;Halsnæs;Region Hovedstaden;Vandløb;Poel Å;21-01-2003;1;Feltmålinger, Vandløb;Ja;Miljøstyrelsen;https://vanda.miljoeportal.dk/link/6f4365e4-f8c7-46eb-b2de-94c0bd3eba7a;FRB1696;32;689172;6207567;1;21-01-2003 10:30:00 +01:00;;Temperatur; =;2;grader C;3
Station;49000054;ARRESØ KANAL, ARRESØDAL SLUSE;32;689172;6207567;Halsnæs;Region Hovedstaden;Vandløb;Poel Å;06-06-2001;1;Feltmålinger, Vandløb;Ja;Miljøstyrelsen;https://vanda.miljoeportal.dk/link/fe8e479d-b6dd-4d4c-b304-64db178ce606;FRB1696;32;689172;6207567;1;06-06-2001 09:15:00 +02:00;;Oxygen indhold; =;11,5;mg/l;3
Station;49000054;ARRESØ KANAL, ARRESØDAL SLUSE;32;689172;6207567;Halsnæs;Region Hovedstaden;Vandløb;Poel Å;11-02-2014;1;Feltmålinger, Vandløb;Ja;Miljøstyrelsen;https://vanda.miljoeportal.dk/link/1321a63f-e255-475f-8993-217ec92ea7df;FRB1696;32;689172;6207567;1;11-02-2014 11:05:00 +01:00;;Temperatur; =;2,4;grader C;3
Station;49000054;ARRESØ KANAL, ARRESØDAL SLUSE;32;689172;6207567;Halsnæs;Region Hovedstaden;Vandløb;Poel Å;08-06-2023;2;Feltmålinger, Vandløb;Ja;Miljøstyrelsen;https://vanda.miljoeportal.dk/link/75e8d43e-4c3c-4aae-9117-bf15050a6380;FRB1696;32;689172;6207567;1;08-06-2023 09:55:00 +02:00;;Temperatur; =;20,3;grader C;2
Station;49000054;ARRESØ KANAL, ARRESØDAL SLUSE;32;689172;6207567;Halsnæs;Region Hovedstaden;Vandløb;Poel Å;24-05-2000;1;Feltmålinger, Vandløb;Ja;Miljøstyrelsen;https://vanda.miljoeportal.dk/link/cc58416b-bd71-4508-bf4d-43572dde2b7a;FRB1696;32;689172;6207567;1;24-05-2000 09:55:00 +02:00;;Temperatur; =;17;grader C;3
Station;49000054;ARRESØ KANAL, ARRESØDAL SLUSE;32;689172;6207567;Halsnæs;Region Hovedstaden;Vandløb;Poel Å;29-01-1997;1;Feltmålinger, Vandløb;Ja;Miljøstyrelsen;https://vanda.miljoeportal.dk/link/d0853f53-337a-45d4-99e1-f2fe320c3f58;FRB1696;32;689172;6207567;1;29-01-1997 09:36:00 +01:00;;Oxygen indhold; =;1,7;mg/l;2
Station;49000054;ARRESØ KANAL, ARRESØDAL SLUSE;32;689172;6207567;Halsnæs;Region Hovedstaden;Vandløb;Poel Å;07-06-2006;1;Feltmålinger, Vandløb;Ja;Miljøstyrelsen;https://vanda.miljoeportal.dk/link/61e0910b-f1ea-4e03-a297-25fd60c12f7b;FRB1696;32;689172;6207567;1;07-06-2006 10:15:00 +02:00;;Temperatur; =;17,5;grader C;2
Station;49000054;ARRESØ KANAL, ARRESØDAL SLUSE;32;689172;6207567;Halsnæs;Region Hovedstaden;Vandløb;Poel Å;03-08-1994;1;Feltmålinger, Vandløb;Ja;Miljøstyrelsen;https://vanda.miljoeportal.dk/link/14fe5dfc-4511-4f64-8ac2-be30469efea1;FRB1696;32;689172;6207567;1;03-08-1994 09:44:00 +02:00;;Temperatur; =;23,4;grader C;2
Station;49000054;ARRESØ KANAL, ARRESØDAL SLUSE;32;689172;6207567;Halsnæs;Region Hovedstaden;Vandløb;Poel Å;01-06-2015;1;Feltmålinger, Vandløb;Ja;Miljøstyrelsen;https://vanda.miljoeportal.dk/link/13286920-9413-4ab9-b83b-bcce38c8f695;FRB1696;32;689172;6207567;1;01-06-2015 09:05:00 +02:00;;Temperatur; =;14,1;grader C;2
Station;49000054;ARRESØ KANAL, ARRESØDAL SLUSE;32;689172;6207567;Halsnæs;Region Hovedstaden;Vandløb;Poel Å;17-01-2007;1;Feltmålinger, Vandløb;Ja;Miljøstyrelsen;https://vanda.miljoeportal.dk/link/4cea5e19-1f5e-4eab-bf8b-94486a5ee824;FRB1696;32;689172;6207567;1;17-01-2007 09:35:00 +01:00;;Oxygenmætning; =;101;pct;2
Station;49000054;ARRESØ KANAL, ARRESØDAL SLUSE;32;689172;6207567;Halsnæs;Region Hovedstaden;Vandløb;Poel Å;22-05-2001;1;Feltmålinger, Vandløb;Ja;Miljøstyrelsen;https://vanda.miljoeportal.dk/link/5c0063f8-9dc6-4235-b94e-38720a1dfddd;FRB1696;32;689172;6207567;1;22-05-2001 08:40:00 +02:00;;Temperatur; =;13,2;grader C;3
Station;49000054;ARRESØ KANAL, ARRESØDAL SLUSE;32;689172;6207567;Halsnæs;Region Hovedstaden;Vandløb;Poel Å;05-02-2019;1;Feltmålinger, Vandløb;Ja;Miljøstyrelsen;https://vanda.miljoeportal.dk/link/b20f9866-735a-495a-b813-7ddcbaedf081;FRB1696;32;689172;6207567;1;05-02-2019 08:10:00 +01:00;;pH; =;8,6;pH;2
Station;49000054;ARRESØ KANAL, ARRESØDAL SLUSE;32;689172;6207567;Halsnæs;Region Hovedstaden;Vandløb;Poel Å;11-09-2002;1;Feltmålinger, Vandløb;Ja;Miljøstyrelsen;https://vanda.miljoeportal.dk/link/26918bb8-c3de-4173-a94c-d51c0bbb9265;FRB1696;32;689172;6207567;1;11-09-2002 06:40:00 +02:00;;Oxygen indhold; =;10,1;mg/l;3
Station;49000054;ARRESØ KANAL, ARRESØDAL SLUSE;32;689172;6207567;Halsnæs;Region Hovedstaden;Vandløb;Poel Å;31-08-2010;1;Feltmålinger, Vandløb;Ja;Miljøstyrelsen;https://vanda.miljoeportal.dk/link/4cd8ce63-23c1-4794-a982-63d34eaaafe0;FRB1696;32;689172;6207567;1;31-08-2010 10:35:00 +02:00;;Temperatur; =;15,7;grader C;3
Station;49000054;ARRESØ KANAL, ARRESØDAL SLUSE;32;689172;6207567;Halsnæs;Region Hovedstaden;Vandløb;Poel Å;08-06-1994;1;Feltmålinger, Vandløb;Ja;Miljøstyrelsen;https://vanda.miljoeportal.dk/link/3aeb774a-847d-4aeb-8de9-f8946f29ec65;FRB1696;32;689172;6207567;1;08-06-1994 09:44:00 +02:00;;Temperatur; =;14,6;grader C;3
Station;49000054;ARRESØ KANAL, ARRESØDAL SLUSE;32;689172;6207567;Halsnæs;Region Hovedstaden;Vandløb;Poel Å;15-03-2000;1;Feltmålinger, Vandløb;Ja;Miljøstyrelsen;https://vanda.miljoeportal.dk/link/3ffb99c9-1ac3-4339-adc7-5fa3e7adda5f;FRB1696;32;689172;6207567;1;15-03-2000 09:50:00 +01:00;;Temperatur; =;3;grader C;3
Station;49000054;ARRESØ KANAL, ARRESØDAL SLUSE;32;689172;6207567;Halsnæs;Region Hovedstaden;Vandløb;Poel Å;08-06-2017;1;Feltmålinger, Vandløb;Ja;Miljøstyrelsen;https://vanda.miljoeportal.dk/link/6a692edd-419b-485c-8f38-6256682f3ecb;FRB1696;32;689172;6207567;1;08-06-2017 07:50:00 +02:00;;Temperatur; =;15,3;grader C;2
Station;49000054;ARRESØ KANAL, ARRESØDAL SLUSE;32;689172;6207567;Halsnæs;Region Hovedstaden;Vandløb;Poel Å;17-01-2013;1;Feltmålinger, Vandløb;Ja;Miljøstyrelsen;https://vanda.miljoeportal.dk/link/5251cdfb-9c42-48dd-953d-f7f99c599478;FRB1696;32;689172;6207567;1;17-01-2013 10:40:00 +01:00;;pH; =;8,5;pH;3
Station;49000054;ARRESØ KANAL, ARRESØDAL SLUSE;32;689172;6207567;Halsnæs;Region Hovedstaden;Vandløb;Poel Å;13-06-1990;1;Feltmålinger, Vandløb;Ja;Miljøstyrelsen;https://vanda.miljoeportal.dk/link/09902c64-d7f1-4364-972f-8b2519c34692;FRB1696;32;689172;6207567;1;13-06-1990 09:10:00 +02:00;;Oxygen indhold; =;12,7;mg/l;3
Station;49000054;ARRESØ KANAL, ARRESØDAL SLUSE;32;689172;6207567;Halsnæs;Region Hovedstaden;Vandløb;Poel Å;20-11-2018;1;Feltmålinger, Vandløb;Ja;Miljøstyrelsen;https://vanda.miljoeportal.dk/link/9d15842f-391d-4d67-9ed0-ddc36889b743;FRB1696;32;689172;6207567;1;20-11-2018 07:50:00 +01:00;;pH; =;8,3;pH;2
Station;49000054;ARRESØ KANAL, ARRESØDAL SLUSE;32;689172;6207567;Halsnæs;Region Hovedstaden;Vandløb;Poel Å;15-09-1993;1;Feltmålinger, Vandløb;Ja;Miljøstyrelsen;https://vanda.miljoeportal.dk/link/b5d543f2-9ba2-4a57-947f-5f9dff34f55b;FRB1696;32;689172;6207567;1;15-09-1993 08:29:00 +02:00;;Temperatur; =;10;grader C;3
Station;49000054;ARRESØ KANAL, ARRESØDAL SLUSE;32;689172;6207567;Halsnæs;Region Hovedstaden;Vandløb;Poel Å;03-03-1993;1;Feltmålinger, Vandløb;Ja;Miljøstyrelsen;https://vanda.miljoeportal.dk/link/c97f9e29-e853-4fe5-a18e-0fc9439d579e;FRB1696;32;689172;6207567;1;03-03-1993 09:29:00 +01:00;;Oxygen indhold; =;18,4;mg/l;2
Station;49000054;ARRESØ KANAL, ARRESØDAL SLUSE;32;689172;6207567;Halsnæs;Region Hovedstaden;Vandløb;Poel Å;14-08-2019;1;Feltmålinger, Vandløb;Ja;Miljøstyrelsen;https://vanda.miljoeportal.dk/link/91b26be5-0b6a-4419-9192-73c2e18dde23;FRB1696;32;689172;6207567;1;14-08-2019 13:55:00 +02:00;;pH; =;8,7;pH;2
Station;49000054;ARRESØ KANAL, ARRESØDAL SLUSE;32;689172;6207567;Halsnæs;Region Hovedstaden;Vandløb;Poel Å;13-01-2009;1;Feltmålinger, Vandløb;Ja;Miljøstyrelsen;https://vanda.miljoeportal.dk/link/151c1939-3662-4f91-8927-48b7446992f8;FRB1696;32;689172;6207567;1;13-01-2009 09:55:00 +01:00;;Temperatur; =;1,9;grader C;3
Station;49000054;ARRESØ KANAL, ARRESØDAL SLUSE;32;689172;6207567;Halsnæs;Region Hovedstaden;Vandløb;Poel Å;24-05-2006;1;Feltmålinger, Vandløb;Ja;Miljøstyrelsen;https://vanda.miljoeportal.dk/link/ac27cc2b-3590-46af-95c9-2d9c4a9b2142;FRB1696;32;689172;6207567;1;24-05-2006 10:20:00 +02:00;;Oxygen indhold; =;9,3;mg/l;2
Station;49000054;ARRESØ KANAL, ARRESØDAL SLUSE;32;689172;6207567;Halsnæs;Region Hovedstaden;Vandløb;Poel Å;12-01-2023;1;Feltmålinger, Vandløb;Ja;Miljøstyrelsen;https://vanda.miljoeportal.dk/link/23e2d8da-b23a-4e5f-ae6f-45886c8b35a3;FRB1696;32;689172;6207567;1;12-01-2023 10:34:00 +01:00;;Temperatur; =;4,8;grader C;2
Station;49000054;ARRESØ KANAL, ARRESØDAL SLUSE;32;689172;6207567;Halsnæs;Region Hovedstaden;Vandløb;Poel Å;22-08-1990;1;Feltmålinger, Vandløb;Ja;Miljøstyrelsen;https://vanda.miljoeportal.dk/link/1c9ca188-b6ad-4025-9228-461ed2f2e8f0;FRB1696;32;689172;6207567;1;22-08-1990 09:20:00 +02:00;;Temperatur; =;16,8;grader C;3
Station;49000054;ARRESØ KANAL, ARRESØDAL SLUSE;32;689172;6207567;Halsnæs;Region Hovedstaden;Vandløb;Poel Å;19-02-1992;1;Feltmålinger, Vandløb;Ja;Miljøstyrelsen;https://vanda.miljoeportal.dk/link/743ce638-0194-4faf-96a9-7d4b30130246;FRB1696;32;689172;6207567;1;19-02-1992 09:04:00 +01:00;;Oxygen indhold; =;14;mg/l;3
Station;49000054;ARRESØ KANAL, ARRESØDAL SLUSE;32;689172;6207567;Halsnæs;Region Hovedstaden;Vandløb;Poel Å;25-11-2003;1;Feltmålinger, Vandløb;Ja;Miljøstyrelsen;https://vanda.miljoeportal.dk/link/04ad89bc-2faa-4876-8ef4-83654d3302b0;FRB1696;32;689172;6207567;1;25-11-2003 10:35:00 +01:00;;Oxygenmætning; =;51;pct;3
Station;49000054;ARRESØ KANAL, ARRESØDAL SLUSE;32;689172;6207567;Halsnæs;Region Hovedstaden;Vandløb;Poel Å;17-07-2002;1;Feltmålinger, Vandløb;Ja;Miljøstyrelsen;https://vanda.miljoeportal.dk/link/18617707-3b5d-475c-82d1-f787f18de1ec;FRB1696;32;689172;6207567;1;17-07-2002 05:50:00 +02:00;;Temperatur; =;23,7;grader C;2
Station;49000054;ARRESØ KANAL, ARRESØDAL SLUSE;32;689172;6207567;Halsnæs;Region Hovedstaden;Vandløb;Poel Å;01-12-2004;1;Feltmålinger, Vandløb;Ja;Miljøstyrelsen;https://vanda.miljoeportal.dk/link/860d8f40-dcef-46ee-8ea1-014533e98e09;FRB1696;32;689172;6207567;1;01-12-2004 11:15:00 +01:00;;Oxygen indhold; =;12,2;mg/l;3
Station;49000054;ARRESØ KANAL, ARRESØDAL SLUSE;32;689172;6207567;Halsnæs;Region Hovedstaden;Vandløb;Poel Å;15-01-2003;1;Feltmålinger, Vandløb;Ja;Miljøstyrelsen;https://vanda.miljoeportal.dk/link/ad2a9afb-06fe-4845-84e1-468484828365;FRB1696;32;689172;6207567;1;15-01-2003 10:00:00 +01:00;;Oxygen indhold; =;11,3;mg/l;3
Station;49000054;ARRESØ KANAL, ARRESØDAL SLUSE;32;689172;6207567;Halsnæs;Region Hovedstaden;Vandløb;Poel Å;24-11-1999;1;Feltmålinger, Vandløb;Ja;Miljøstyrelsen;https://vanda.miljoeportal.dk/link/efbffc1a-4dc5-4dbd-947a-b4a5336fe406;FRB1696;32;689172;6207567;1;24-11-1999 10:15:00 +01:00;;Oxygen indhold; =;11,2;mg/l;3
Station;49000054;ARRESØ KANAL, ARRESØDAL SLUSE;32;689172;6207567;Halsnæs;Region Hovedstaden;Vandløb;Poel Å;22-01-1992;1;Feltmålinger, Vandløb;Ja;Miljøstyrelsen;https://vanda.miljoeportal.dk/link/6926070a-fe08-4d93-b818-7d19c08bebd4;FRB1696;32;689172;6207567;1;22-01-1992 09:20:00 +01:00;;Temperatur; =;1,8;grader C;3
Station;49000054;ARRESØ KANAL, ARRESØDAL SLUSE;32;689172;6207567;Halsnæs;Region Hovedstaden;Vandløb;Poel Å;07-02-2018;1;Feltmålinger, Vandløb;Ja;Miljøstyrelsen;https://vanda.miljoeportal.dk/link/1a6736ca-fd9e-45b1-815b-87712cf9b6ba;FRB1696;32;689172;6207567;1;07-02-2018 07:45:00 +01:00;;Temperatur; =;0,9;grader C;2
Station;49000054;ARRESØ KANAL, ARRESØDAL SLUSE;32;689172;6207567;Halsnæs;Region Hovedstaden;Vandløb;Poel Å;02-01-1998;1;Feltmålinger, Vandløb;Ja;Miljøstyrelsen;https://vanda.miljoeportal.dk/link/ed20af15-5372-4bbb-b118-907df23e9b69;FRB1696;32;689172;6207567;1;02-01-1998 09:33:00 +01:00;;Oxygen indhold; =;12,3;mg/l;3
Station;49000054;ARRESØ KANAL, ARRESØDAL SLUSE;32;689172;6207567;Halsnæs;Region Hovedstaden;Vandløb;Poel Å;29-06-2010;1;Feltmålinger, Vandløb;Ja;Miljøstyrelsen;https://vanda.miljoeportal.dk/link/ebe6cc97-5102-4cf4-8cd8-21db5064b6f0;FRB1696;32;689172;6207567;1;29-06-2010 10:45:00 +02:00;;Temperatur; =;20,4;grader C;3
Station;49000054;ARRESØ KANAL, ARRESØDAL SLUSE;32;689172;6207567;Halsnæs;Region Hovedstaden;Vandløb;Poel Å;06-05-2004;1;Feltmålinger, Vandløb;Ja;Miljøstyrelsen;https://vanda.miljoeportal.dk/link/7e90fe4c-243f-4bef-9d6a-47e658b2a0b1;FRB1696;32;689172;6207567;1;06-05-2004 10:15:00 +02:00;;Oxygen indhold; =;10,3;mg/l;3
Station;49000054;ARRESØ KANAL, ARRESØDAL SLUSE;32;689172;6207567;Halsnæs;Region Hovedstaden;Vandløb;Poel Å;29-07-2008;1;Feltmålinger, Vandløb;Ja;Miljøstyrelsen;https://vanda.miljoeportal.dk/link/0b141c37-5dc5-46ea-86b2-72d7bb582e87;FRB1696;32;689172;6207567;1;29-07-2008 10:35:00 +02:00;;Temperatur; =;24,2;grader C;3
Station;49000054;ARRESØ KANAL, ARRESØDAL SLUSE;32;689172;6207567;Halsnæs;Region Hovedstaden;Vandløb;Poel Å;22-02-1989;1;Feltmålinger, Vandløb;Ja;Miljøstyrelsen;https://vanda.miljoeportal.dk/link/11a0131c-9f11-4cb8-80e1-9f47b2f0fc73;FRB1696;32;689172;6207567;1;22-02-1989 09:30:00 +01:00;;Temperatur; =;3,2;grader C;3
Station;49000054;ARRESØ KANAL, ARRESØDAL SLUSE;32;689172;6207567;Halsnæs;Region Hovedstaden;Vandløb;Poel Å;29-03-1989;1;Feltmålinger, Vandløb;Ja;Miljøstyrelsen;https://vanda.miljoeportal.dk/link/8dd57a52-fc63-4f8e-9e83-ec73627ac35c;FRB1696;32;689172;6207567;1;29-03-1989 09:30:00 +02:00;;Temperatur; =;6,7;grader C;3
Station;49000054;ARRESØ KANAL, ARRESØDAL SLUSE;32;689172;6207567;Halsnæs;Region Hovedstaden;Vandløb;Poel Å;15-12-2009;1;Feltmålinger, Vandløb;Ja;Miljøstyrelsen;https://vanda.miljoeportal.dk/link/52e002ab-bbf1-42e4-b5c5-e5e4a9e5e8ae;FRB1696;32;689172;6207567;1;15-12-2009 10:40:00 +01:00;;Temperatur; =;2,4;grader C;3
Station;49000054;ARRESØ KANAL, ARRESØDAL SLUSE;32;689172;6207567;Halsnæs;Region Hovedstaden;Vandløb;Poel Å;04-03-2003;1;Feltmålinger, Vandløb;Ja;Miljøstyrelsen;https://vanda.miljoeportal.dk/link/0523d792-a0ad-480c-b76b-1c73af9c1edb;FRB1696;32;689172;6207567;1;04-03-2003 10:20:00 +01:00;;Oxygen indhold; =;11,1;mg/l;3
Station;49000054;ARRESØ KANAL, ARRESØDAL SLUSE;32;689172;6207567;Halsnæs;Region Hovedstaden;Vandløb;Poel Å;18-07-2018;1;Feltmålinger, Vandløb;Ja;Miljøstyrelsen;https://vanda.miljoeportal.dk/link/59a58dd9-b187-47e3-ac2b-3c5933449bc7;FRB1696;32;689172;6207567;1;18-07-2018 09:10:00 +02:00;;Temperatur; =;22,3;grader C;2
Station;49000054;ARRESØ KANAL, ARRESØDAL SLUSE;32;689172;6207567;Halsnæs;Region Hovedstaden;Vandløb;Poel Å;12-12-1990;1;Feltmålinger, Vandløb;Ja;Miljøstyrelsen;https://vanda.miljoeportal.dk/link/f7d7d28e-26bc-4f63-b512-6441a6052316;FRB1696;32;689172;6207567;1;12-12-1990 09:20:00 +01:00;;Oxygen indhold; =;13,7;mg/l;3
Station;49000054;ARRESØ KANAL, ARRESØDAL SLUSE;32;689172;6207567;Halsnæs;Region Hovedstaden;Vandløb;Poel Å;07-12-2005;1;Feltmålinger, Vandløb;Ja;Miljøstyrelsen;https://vanda.miljoeportal.dk/link/143a027b-bbd1-4801-afb0-6c219c20e4fd;FRB1696;32;689172;6207567;1;07-12-2005 10:55:00 +01:00;;Oxygenmætning; =;84;pct;3
Station;49000054;ARRESØ KANAL, ARRESØDAL SLUSE;32;689172;6207567;Halsnæs;Region Hovedstaden;Vandløb;Poel Å;19-06-2002;1;Feltmålinger, Vandløb;Ja;Miljøstyrelsen;https://vanda.miljoeportal.dk/link/0a610ff3-9de8-4a29-aa30-e345c15b2b78;FRB1696;32;689172;6207567;1;19-06-2002 09:35:00 +02:00;;Temperatur; =;20,1;grader C;3
Station;49000054;ARRESØ KANAL, ARRESØDAL SLUSE;32;689172;6207567;Halsnæs;Region Hovedstaden;Vandløb;Poel Å;08-02-2023;1;Feltmålinger, Vandløb;Ja;Miljøstyrelsen;https://vanda.miljoeportal.dk/link/b84ce10d-52c8-4cfd-9f92-461abe3bd0f5;FRB1696;32;689172;6207567;1;08-02-2023 08:51:00 +01:00;;Salinitet; =;0,2;promille;2
Station;49000054;ARRESØ KANAL, ARRESØDAL SLUSE;32;689172;6207567;Halsnæs;Region Hovedstaden;Vandløb;Poel Å;07-12-2022;1;Feltmålinger, Vandløb;Ja;Miljøstyrelsen;https://vanda.miljoeportal.dk/link/8b3311f1-1572-4f44-bbe8-f4e9d0522bd2;FRB1696;32;689172;6207567;1;07-12-2022 13:44:00 +01:00;;Temperatur; =;2,5;grader C;2
Station;49000054;ARRESØ KANAL, ARRESØDAL SLUSE;32;689172;6207567;Halsnæs;Region Hovedstaden;Vandløb;Poel Å;10-04-2013;1;Feltmålinger, Vandløb;Ja;Miljøstyrelsen;https://vanda.miljoeportal.dk/link/3758e05b-a07a-4c8e-a316-b2197f8b9008;FRB1696;32;689172;6207567;1;10-04-2013 11:40:00 +02:00;;Temperatur; =;4,4;grader C;3
Station;49000054;ARRESØ KANAL, ARRESØDAL SLUSE;32;689172;6207567;Halsnæs;Region Hovedstaden;Vandløb;Poel Å;22-02-2016;1;Feltmålinger, Vandløb;Ja;Miljøstyrelsen;https://vanda.miljoeportal.dk/link/4e6b3da2-f2f7-4fbf-93b0-3bf623d5185c;FRB1696;32;689172;6207567;1;22-02-2016 07:50:00 +01:00;;pH; =;8,7;pH;3
Station;49000054;ARRESØ KANAL, ARRESØDAL SLUSE;32;689172;6207567;Halsnæs;Region Hovedstaden;Vandløb;Poel Å;20-11-1996;1;Feltmålinger, Vandløb;Ja;Miljøstyrelsen;https://vanda.miljoeportal.dk/link/d3966713-63b2-4d4a-b92e-67eee4d4a1e3;FRB1696;32;689172;6207567;1;20-11-1996 08:56:00 +01:00;;Oxygen indhold; =;12,1;mg/l;3
Station;49000054;ARRESØ KANAL, ARRESØDAL SLUSE;32;689172;6207567;Halsnæs;Region Hovedstaden;Vandløb;Poel Å;27-10-2009;1;Feltmålinger, Vandløb;Ja;Miljøstyrelsen;https://vanda.miljoeportal.dk/link/34cdb0dc-7e5a-4c6e-846f-ee96ce73f6a4;FRB1696;32;689172;6207567;1;27-10-2009 10:45:00 +01:00;;Temperatur; =;8,5;grader C;3
Station;49000054;ARRESØ KANAL, ARRESØDAL SLUSE;32;689172;6207567;Halsnæs;Region Hovedstaden;Vandløb;Poel Å;22-02-2016;1;Feltmålinger, Vandløb;Ja;Miljøstyrelsen;https://vanda.miljoeportal.dk/link/4e6b3da2-f2f7-4fbf-93b0-3bf623d5185c;FRB1696;32;689172;6207567;1;22-02-2016 07:50:00 +01:00;;Temperatur; =;2,5;grader C;3
Station;49000054;ARRESØ KANAL, ARRESØDAL SLUSE;32;689172;6207567;Halsnæs;Region Hovedstaden;Vandløb;Poel Å;14-01-2004;1;Feltmålinger, Vandløb;Ja;Miljøstyrelsen;https://vanda.miljoeportal.dk/link/0c041d80-f6eb-43bc-8c05-b1ffeae1dd08;FRB1696;32;689172;6207567;1;14-01-2004 10:45:00 +01:00;;Oxygenmætning; =;100,6;pct;3
Station;49000054;ARRESØ KANAL, ARRESØDAL SLUSE;32;689172;6207567;Halsnæs;Region Hovedstaden;Vandløb;Poel Å;17-01-1996;1;Feltmålinger, Vandløb;Ja;Miljøstyrelsen;https://vanda.miljoeportal.dk/link/7ce31f70-0f69-4590-a022-c914dfcacde3;FRB1696;32;689172;6207567;1;17-01-1996 09:14:00 +01:00;;Oxygen indhold; =;14,6;mg/l;3
Station;49000054;ARRESØ KANAL, ARRESØDAL SLUSE;32;689172;6207567;Halsnæs;Region Hovedstaden;Vandløb;Poel Å;27-03-2007;1;Feltmålinger, Vandløb;Ja;Miljøstyrelsen;https://vanda.miljoeportal.dk/link/ca5f63d2-7a5b-4a2d-a84d-41e026f7dc16;FRB1696;32;689172;6207567;1;27-03-2007 09:35:00 +02:00;;Temperatur; =;7,3;grader C;3
Station;49000054;ARRESØ KANAL, ARRESØDAL SLUSE;32;689172;6207567;Halsnæs;Region Hovedstaden;Vandløb;Poel Å;24-03-2021;1;Feltmålinger, Vandløb;Ja;Miljøstyrelsen;https://vanda.miljoeportal.dk/link/955b6247-6382-474a-8959-d29fc11bebec;FRB1696;32;689172;6207567;1;24-03-2021 11:39:00 +01:00;;Temperatur; =;6,1;grader C;2
Station;49000054;ARRESØ KANAL, ARRESØDAL SLUSE;32;689172;6207567;Halsnæs;Region Hovedstaden;Vandløb;Poel Å;12-02-2008;1;Feltmålinger, Vandløb;Ja;Miljøstyrelsen;https://vanda.miljoeportal.dk/link/33261076-5e2f-4346-b521-65b24b2830f9;FRB1696;32;689172;6207567;1;12-02-2008 09:55:00 +01:00;;Temperatur; =;6,2;grader C;3
Station;49000054;ARRESØ KANAL, ARRESØDAL SLUSE;32;689172;6207567;Halsnæs;Region Hovedstaden;Vandløb;Poel Å;24-04-2013;1;Feltmålinger, Vandløb;Ja;Miljøstyrelsen;https://vanda.miljoeportal.dk/link/7c0b272f-7f79-41cc-94cc-fecc239959fd;FRB1696;32;689172;6207567;1;24-04-2013 10:45:00 +02:00;;pH; =;8,9;pH;3
Station;49000054;ARRESØ KANAL, ARRESØDAL SLUSE;32;689172;6207567;Halsnæs;Region Hovedstaden;Vandløb;Poel Å;01-12-2004;1;Feltmålinger, Vandløb;Ja;Miljøstyrelsen;https://vanda.miljoeportal.dk/link/860d8f40-dcef-46ee-8ea1-014533e98e09;FRB1696;32;689172;6207567;1;01-12-2004 11:15:00 +01:00;;Oxygenmætning; =;92;pct;3
Station;49000054;ARRESØ KANAL, ARRESØDAL SLUSE;32;689172;6207567;Halsnæs;Region Hovedstaden;Vandløb;Poel Å;15-11-1989;1;Feltmålinger, Vandløb;Ja;Miljøstyrelsen;https://vanda.miljoeportal.dk/link/93fb1704-3e5b-4a17-89ae-162de7f57f28;FRB1696;32;689172;6207567;1;15-11-1989 09:45:00 +01:00;;Oxygen indhold; =;11,6;mg/l;3
Station;49000054;ARRESØ KANAL, ARRESØDAL SLUSE;32;689172;6207567;Halsnæs;Region Hovedstaden;Vandløb;Poel Å;14-01-2015;1;Feltmålinger, Vandløb;Ja;Miljøstyrelsen;https://vanda.miljoeportal.dk/link/9258c373-1f77-40c3-883f-b851e7999729;FRB1696;32;689172;6207567;1;14-01-2015 08:05:00 +01:00;;pH; =;8,4;pH;2
Station;49000054;ARRESØ KANAL, ARRESØDAL SLUSE;32;689172;6207567;Halsnæs;Region Hovedstaden;Vandløb;Poel Å;03-08-2016;1;Feltmålinger, Vandløb;Ja;Miljøstyrelsen;https://vanda.miljoeportal.dk/link/409a5af9-022b-4e8c-92b1-6734900d2a72;FRB1696;32;689172;6207567;1;03-08-2016 08:00:00 +02:00;;pH; =;8,6;pH;2
Station;49000054;ARRESØ KANAL, ARRESØDAL SLUSE;32;689172;6207567;Halsnæs;Region Hovedstaden;Vandløb;Poel Å;14-08-2002;1;Feltmålinger, Vandløb;Ja;Miljøstyrelsen;https://vanda.miljoeportal.dk/link/d3757579-f291-47e6-b0e8-6c25b0217975;FRB1696;32;689172;6207567;1;14-08-2002 06:30:00 +02:00;;Oxygenmætning; =;69;pct;3
Station;49000054;ARRESØ KANAL, ARRESØDAL SLUSE;32;689172;6207567;Halsnæs;Region Hovedstaden;Vandløb;Poel Å;13-12-2011;1;Feltmålinger, Vandløb;Ja;Miljøstyrelsen;https://vanda.miljoeportal.dk/link/53543e6c-f0dc-462a-b2e3-672db25b24bd;FRB1696;32;689172;6207567;1;13-12-2011 11:00:00 +01:00;;pH; =;8,4;pH;3
Station;49000054;ARRESØ KANAL, ARRESØDAL SLUSE;32;689172;6207567;Halsnæs;Region Hovedstaden;Vandløb;Poel Å;17-03-1999;1;Feltmålinger, Vandløb;Ja;Miljøstyrelsen;https://vanda.miljoeportal.dk/link/9c52caa0-70cd-4e15-b477-ddb10afa2b15;FRB1696;32;689172;6207567;1;17-03-1999 09:35:00 +01:00;;Temperatur; =;1,5;grader C;3
Station;49000054;ARRESØ KANAL, ARRESØDAL SLUSE;32;689172;6207567;Halsnæs;Region Hovedstaden;Vandløb;Poel Å;01-11-2023;1;Feltmålinger, Vandløb;Ja;Miljøstyrelsen;https://vanda.miljoeportal.dk/link/70745dc4-6876-4113-87cb-0e8bc97ae16b;FRB1696;32;689172;6207567;1;01-11-2023 11:15:00 +01:00;;Temperatur; =;7,1;grader C;2
Station;49000054;ARRESØ KANAL, ARRESØDAL SLUSE;32;689172;6207567;Halsnæs;Region Hovedstaden;Vandløb;Poel Å;26-02-2001;1;Feltmålinger, Vandløb;Ja;Miljøstyrelsen;https://vanda.miljoeportal.dk/link/0b2c02f6-1186-4815-97ae-cb523cba34fb;FRB1696;32;689172;6207567;1;26-02-2001 09:55:00 +01:00;;Oxygen indhold; =;15,2;mg/l;3
Station;49000054;ARRESØ KANAL, ARRESØDAL SLUSE;32;689172;6207567;Halsnæs;Region Hovedstaden;Vandløb;Poel Å;08-12-1999;1;Feltmålinger, Vandløb;Ja;Miljøstyrelsen;https://vanda.miljoeportal.dk/link/7aa997bf-c5e6-43e7-b7d2-3bf2aa66980e;FRB1696;32;689172;6207567;1;08-12-1999 10:20:00 +01:00;;Oxygen indhold; =;10,2;mg/l;3
Station;49000054;ARRESØ KANAL, ARRESØDAL SLUSE;32;689172;6207567;Halsnæs;Region Hovedstaden;Vandløb;Poel Å;09-11-2005;1;Feltmålinger, Vandløb;Ja;Miljøstyrelsen;https://vanda.miljoeportal.dk/link/8f19f941-df2f-46b2-895b-f8b70dd71d3d;FRB1696;32;689172;6207567;1;09-11-2005 10:30:00 +01:00;;Oxygenmætning; =;68;pct;3
Station;49000054;ARRESØ KANAL, ARRESØDAL SLUSE;32;689172;6207567;Halsnæs;Region Hovedstaden;Vandløb;Poel Å;03-03-2022;1;Feltmålinger, Vandløb;Ja;Miljøstyrelsen;https://vanda.miljoeportal.dk/link/00b1c98f-fafe-4750-8811-f5320f84d011;FRB1696;32;689172;6207567;1;03-03-2022 11:07:00 +01:00;;Temperatur; =;3,5;grader C;2
Station;49000054;ARRESØ KANAL, ARRESØDAL SLUSE;32;689172;6207567;Halsnæs;Region Hovedstaden;Vandløb;Poel Å;29-03-1995;1;Feltmålinger, Vandløb;Ja;Miljøstyrelsen;https://vanda.miljoeportal.dk/link/53c9f6de-6c1e-4654-9637-6b6efba28036;FRB1696;32;689172;6207567;1;29-03-1995 09:26:00 +02:00;;Temperatur; =;2,7;grader C;3
Station;49000054;ARRESØ KANAL, ARRESØDAL SLUSE;32;689172;6207567;Halsnæs;Region Hovedstaden;Vandløb;Poel Å;25-06-2020;1;Feltmålinger, Vandløb;Ja;Miljøstyrelsen;https://vanda.miljoeportal.dk/link/c7ccb1de-ea43-4358-ac92-230cb5a01822;FRB1696;32;689172;6207567;1;25-06-2020 15:01:00 +02:00;;Temperatur; =;26;grader C;2
Station;49000054;ARRESØ KANAL, ARRESØDAL SLUSE;32;689172;6207567;Halsnæs;Region Hovedstaden;Vandløb;Poel Å;24-02-2009;1;Feltmålinger, Vandløb;Ja;Miljøstyrelsen;https://vanda.miljoeportal.dk/link/ce550dfb-9a36-4187-b757-c5a8c158c4cb;FRB1696;32;689172;6207567;1;24-02-2009 10:25:00 +01:00;;Temperatur; =;1,3;grader C;3
Station;49000054;ARRESØ KANAL, ARRESØDAL SLUSE;32;689172;6207567;Halsnæs;Region Hovedstaden;Vandløb;Poel Å;14-08-2002;1;Feltmålinger, Vandløb;Ja;Miljøstyrelsen;https://vanda.miljoeportal.dk/link/d3757579-f291-47e6-b0e8-6c25b0217975;FRB1696;32;689172;6207567;1;14-08-2002 06:30:00 +02:00;;Oxygen indhold; =;6,1;mg/l;3
Station;49000054;ARRESØ KANAL, ARRESØDAL SLUSE;32;689172;6207567;Halsnæs;Region Hovedstaden;Vandløb;Poel Å;22-11-1989;1;Feltmålinger, Vandløb;Ja;Miljøstyrelsen;https://vanda.miljoeportal.dk/link/d3cc37a6-80f5-451f-b8d4-f81ad73d9ad6;FRB1696;32;689172;6207567;1;22-11-1989 09:45:00 +01:00;;Temperatur; =;3,2;grader C;3
Station;49000054;ARRESØ KANAL, ARRESØDAL SLUSE;32;689172;6207567;Halsnæs;Region Hovedstaden;Vandløb;Poel Å;30-07-1997;1;Feltmålinger, Vandløb;Ja;Miljøstyrelsen;https://vanda.miljoeportal.dk/link/f92a42f3-4f37-4428-8c31-ff4a2ba92163;FRB1696;32;689172;6207567;1;30-07-1997 07:45:00 +02:00;;Oxygen indhold; =;11;mg/l;3
Station;49000054;ARRESØ KANAL, ARRESØDAL SLUSE;32;689172;6207567;Halsnæs;Region Hovedstaden;Vandløb;Poel Å;07-04-2004;1;Feltmålinger, Vandløb;Ja;Miljøstyrelsen;https://vanda.miljoeportal.dk/link/6c953afb-50da-42ec-8341-834f1b72560c;FRB1696;32;689172;6207567;1;07-04-2004 10:30:00 +02:00;;Oxygen indhold; =;13,1;mg/l;3
Station;49000054;ARRESØ KANAL, ARRESØDAL SLUSE;32;689172;6207567;Halsnæs;Region Hovedstaden;Vandløb;Poel Å;01-09-1993;1;Feltmålinger, Vandløb;Ja;Miljøstyrelsen;https://vanda.miljoeportal.dk/link/49b7e9d7-6406-498d-92a6-f2ab3a68c609;FRB1696;32;689172;6207567;1;01-09-1993 08:23:00 +02:00;;Temperatur; =;14,3;grader C;3
Station;49000054;ARRESØ KANAL, ARRESØDAL SLUSE;32;689172;6207567;Halsnæs;Region Hovedstaden;Vandløb;Poel Å;08-12-2020;1;Feltmålinger, Vandløb;Ja;Miljøstyrelsen;https://vanda.miljoeportal.dk/link/08251771-f53d-4cd2-b90e-ccff4ff3da1c;FRB1696;32;689172;6207567;1;08-12-2020 10:25:00 +01:00;;pH; =;8,45;pH;2
Station;49000054;ARRESØ KANAL, ARRESØDAL SLUSE;32;689172;6207567;Halsnæs;Region Hovedstaden;Vandløb;Poel Å;27-04-2005;1;Feltmålinger, Vandløb;Ja;Miljøstyrelsen;https://vanda.miljoeportal.dk/link/d9ecc9cf-b1b0-4c7f-a00a-0d049b5ec13f;FRB1696;32;689172;6207567;1;27-04-2005 10:35:00 +02:00;;Temperatur; =;10,1;grader C;3
Station;49000054;ARRESØ KANAL, ARRESØDAL SLUSE;32;689172;6207567;Halsnæs;Region Hovedstaden;Vandløb;Poel Å;04-07-2016;1;Feltmålinger, Vandløb;Ja;Miljøstyrelsen;https://vanda.miljoeportal.dk/link/77a4a839-15c9-4163-a535-531a2af08a57;FRB1696;32;689172;6207567;1;04-07-2016 07:50:00 +02:00;;pH; =;8,5;pH;3
Station;49000054;ARRESØ KANAL, ARRESØDAL SLUSE;32;689172;6207567;Halsnæs;Region Hovedstaden;Vandløb;Poel Å;18-12-2002;1;Feltmålinger, Vandløb;Ja;Miljøstyrelsen;https://vanda.miljoeportal.dk/link/ea9af79b-4d1a-4d96-ac74-4ce5797dbe3e;FRB1696;32;689172;6207567;1;18-12-2002 08:44:00 +01:00;;Temperatur; =;0,7;grader C;3
Station;49000054;ARRESØ KANAL, ARRESØDAL SLUSE;32;689172;6207567;Halsnæs;Region Hovedstaden;Vandløb;Poel Å;15-09-1999;1;Feltmålinger, Vandløb;Ja;Miljøstyrelsen;https://vanda.miljoeportal.dk/link/e0cb471e-9f38-4ecb-b923-02e3bb754568;FRB1696;32;689172;6207567;1;15-09-1999 10:20:00 +02:00;;Temperatur; =;16,2;grader C;3
Station;49000054;ARRESØ KANAL, ARRESØDAL SLUSE;32;689172;6207567;Halsnæs;Region Hovedstaden;Vandløb;Poel Å;21-08-1991;1;Feltmålinger, Vandløb;Ja;Miljøstyrelsen;https://vanda.miljoeportal.dk/link/09a8bd0c-da59-47ac-afbc-d47bb875bb06;FRB1696;32;689172;6207567;1;21-08-1991 09:33:00 +02:00;;Temperatur; =;15,8;grader C;3
Station;49000054;ARRESØ KANAL, ARRESØDAL SLUSE;32;689172;6207567;Halsnæs;Region Hovedstaden;Vandløb;Poel Å;02-02-2005;1;Feltmålinger, Vandløb;Ja;Miljøstyrelsen;https://vanda.miljoeportal.dk/link/7c1e4ccb-9e8b-4f1a-abf0-367102f2dcc2;FRB1696;32;689172;6207567;1;02-02-2005 10:40:00 +01:00;;Oxygen indhold; =;13,6;mg/l;3
Station;49000054;ARRESØ KANAL, ARRESØDAL SLUSE;32;689172;6207567;Halsnæs;Region Hovedstaden;Vandløb;Poel Å;17-06-2008;1;Feltmålinger, Vandløb;Ja;Miljøstyrelsen;https://vanda.miljoeportal.dk/link/06088f56-46c8-420e-b677-bfd7517ba968;FRB1696;32;689172;6207567;1;17-06-2008 10:40:00 +02:00;;Temperatur; =;18,4;grader C;3
Station;49000054;ARRESØ KANAL, ARRESØDAL SLUSE;32;689172;6207567;Halsnæs;Region Hovedstaden;Vandløb;Poel Å;24-06-2019;1;Feltmålinger, Vandløb;Ja;Miljøstyrelsen;https://vanda.miljoeportal.dk/link/e26bff2e-8252-4330-bc5a-8d2e38faec73;FRB1696;32;689172;6207567;1;24-06-2019 12:00:00 +02:00;;Temperatur; =;21,6;grader C;2
Station;49000054;ARRESØ KANAL, ARRESØDAL SLUSE;32;689172;6207567;Halsnæs;Region Hovedstaden;Vandløb;Poel Å;07-07-1993;1;Feltmålinger, Vandløb;Ja;Miljøstyrelsen;https://vanda.miljoeportal.dk/link/31b0e66f-5acc-4682-9371-9074db122226;FRB1696;32;689172;6207567;1;07-07-1993 08:22:00 +02:00;;Temperatur; =;14,9;grader C;3
Station;49000054;ARRESØ KANAL, ARRESØDAL SLUSE;32;689172;6207567;Halsnæs;Region Hovedstaden;Vandløb;Poel Å;19-01-1994;1;Feltmålinger, Vandløb;Ja;Miljøstyrelsen;https://vanda.miljoeportal.dk/link/188c7965-dba5-4efb-8c2b-a1ff9aa4ee1b;FRB1696;32;689172;6207567;1;19-01-1994 09:30:00 +01:00;;Temperatur; =;0,8;grader C;3
Station;49000054;ARRESØ KANAL, ARRESØDAL SLUSE;32;689172;6207567;Halsnæs;Region Hovedstaden;Vandløb;Poel Å;13-05-2003;1;Feltmålinger, Vandløb;Ja;Miljøstyrelsen;https://vanda.miljoeportal.dk/link/9a7460bc-b662-4a99-87f5-2728914a005a;FRB1696;32;689172;6207567;1;13-05-2003 08:43:00 +02:00;;Temperatur; =;14,4;grader C;3
Station;49000054;ARRESØ KANAL, ARRESØDAL SLUSE;32;689172;6207567;Halsnæs;Region Hovedstaden;Vandløb;Poel Å;19-05-1998;1;Feltmålinger, Vandløb;Ja;Miljøstyrelsen;https://vanda.miljoeportal.dk/link/ad4f745e-f9c9-4340-ac91-7d06ce96d60e;FRB1696;32;689172;6207567;1;19-05-1998 07:22:00 +02:00;;Oxygen indhold; =;10,7;mg/l;3
Station;49000054;ARRESØ KANAL, ARRESØDAL SLUSE;32;689172;6207567;Halsnæs;Region Hovedstaden;Vandløb;Poel Å;12-12-1990;1;Feltmålinger, Vandløb;Ja;Miljøstyrelsen;https://vanda.miljoeportal.dk/link/f7d7d28e-26bc-4f63-b512-6441a6052316;FRB1696;32;689172;6207567;1;12-12-1990 09:20:00 +01:00;;Temperatur; =;1,5;grader C;3
Station;49000054;ARRESØ KANAL, ARRESØDAL SLUSE;32;689172;6207567;Halsnæs;Region Hovedstaden;Vandløb;Poel Å;24-04-1996;1;Feltmålinger, Vandløb;Ja;Miljøstyrelsen;https://vanda.miljoeportal.dk/link/7324bcab-6d9e-4616-84a8-09f00dab3d28;FRB1696;32;689172;6207567;1;24-04-1996 08:46:00 +02:00;;Temperatur; =;12,5;grader C;3
Station;49000054;ARRESØ KANAL, ARRESØDAL SLUSE;32;689172;6207567;Halsnæs;Region Hovedstaden;Vandløb;Poel Å;23-10-1996;1;Feltmålinger, Vandløb;Ja;Miljøstyrelsen;https://vanda.miljoeportal.dk/link/cfe2c29e-9069-4bbc-8e3b-41051df28651;FRB1696;32;689172;6207567;1;23-10-1996 08:06:00 +02:00;;Temperatur; =;9,3;grader C;3
Station;49000054;ARRESØ KANAL, ARRESØDAL SLUSE;32;689172;6207567;Halsnæs;Region Hovedstaden;Vandløb;Poel Å;17-12-2013;1;Feltmålinger, Vandløb;Ja;Miljøstyrelsen;https://vanda.miljoeportal.dk/link/5e391dc2-6c4b-4b01-9479-69770ec73d13;FRB1696;32;689172;6207567;1;17-12-2013 10:45:00 +01:00;;Temperatur; =;4,8;grader C;3
Station;49000054;ARRESØ KANAL, ARRESØDAL SLUSE;32;689172;6207567;Halsnæs;Region Hovedstaden;Vandløb;Poel Å;26-04-1995;1;Feltmålinger, Vandløb;Ja;Miljøstyrelsen;https://vanda.miljoeportal.dk/link/880719dd-0391-4b07-879f-cc152e676ce7;FRB1696;32;689172;6207567;1;26-04-1995 09:20:00 +02:00;;Oxygen indhold; =;14;mg/l;3
Station;49000054;ARRESØ KANAL, ARRESØDAL SLUSE;32;689172;6207567;Halsnæs;Region Hovedstaden;Vandløb;Poel Å;18-10-2016;1;Feltmålinger, Vandløb;Ja;Miljøstyrelsen;https://vanda.miljoeportal.dk/link/d6895744-d68e-4278-82e6-743976d36829;FRB1696;32;689172;6207567;1;18-10-2016 12:55:00 +02:00;;Temperatur; =;8,9;grader C;3
Station;49000054;ARRESØ KANAL, ARRESØDAL SLUSE;32;689172;6207567;Halsnæs;Region Hovedstaden;Vandløb;Poel Å;27-11-1991;1;Feltmålinger, Vandløb;Ja;Miljøstyrelsen;https://vanda.miljoeportal.dk/link/efa0379d-5295-4d43-977c-b58a576582bb;FRB1696;32;689172;6207567;1;27-11-1991 10:30:00 +01:00;;Temperatur; =;1,9;grader C;3
Station;49000054;ARRESØ KANAL, ARRESØDAL SLUSE;32;689172;6207567;Halsnæs;Region Hovedstaden;Vandløb;Poel Å;14-04-2003;1;Feltmålinger, Vandløb;Ja;Miljøstyrelsen;https://vanda.miljoeportal.dk/link/218c1859-4a0f-45e4-b82a-d9a4675a6607;FRB1696;32;689172;6207567;1;14-04-2003 10:50:00 +02:00;;Oxygen indhold; =;11,6;mg/l;3
Station;49000054;ARRESØ KANAL, ARRESØDAL SLUSE;32;689172;6207567;Halsnæs;Region Hovedstaden;Vandløb;Poel Å;02-07-2015;1;Feltmålinger, Vandløb;Ja;Miljøstyrelsen;https://vanda.miljoeportal.dk/link/77d6ff45-9f75-45dc-8bd8-1a6a902bdad2;FRB1696;32;689172;6207567;1;02-07-2015 07:50:00 +02:00;;pH; =;8,3;pH;2
Station;49000054;ARRESØ KANAL, ARRESØDAL SLUSE;32;689172;6207567;Halsnæs;Region Hovedstaden;Vandløb;Poel Å;19-01-2000;1;Feltmålinger, Vandløb;Ja;Miljøstyrelsen;https://vanda.miljoeportal.dk/link/ae0f9ab3-9503-4a96-800f-f4d0821d7d1f;FRB1696;32;689172;6207567;1;19-01-2000 09:25:00 +01:00;;Temperatur; =;1,5;grader C;3
Station;49000054;ARRESØ KANAL, ARRESØDAL SLUSE;32;689172;6207567;Halsnæs;Region Hovedstaden;Vandløb;Poel Å;29-09-2016;1;Feltmålinger, Vandløb;Ja;Miljøstyrelsen;https://vanda.miljoeportal.dk/link/6e1c6a6d-0496-410b-9669-eaa7538f9343;FRB1696;32;689172;6207567;1;29-09-2016 07:55:00 +02:00;;Temperatur; =;16,1;grader C;3
Station;49000054;ARRESØ KANAL, ARRESØDAL SLUSE;32;689172;6207567;Halsnæs;Region Hovedstaden;Vandløb;Poel Å;12-02-2015;1;Feltmålinger, Vandløb;Ja;Miljøstyrelsen;https://vanda.miljoeportal.dk/link/b698f9bf-385d-465d-9997-e978a05d620e;FRB1696;32;689172;6207567;1;12-02-2015 13:20:00 +01:00;;pH; =;8,6;pH;2
Station;49000054;ARRESØ KANAL, ARRESØDAL SLUSE;32;689172;6207567;Halsnæs;Region Hovedstaden;Vandløb;Poel Å;24-10-2001;1;Feltmålinger, Vandløb;Ja;Miljøstyrelsen;https://vanda.miljoeportal.dk/link/83b43a34-9c71-4a31-9e15-9d0ec159d614;FRB1696;32;689172;6207567;1;24-10-2001 09:50:00 +02:00;;Oxygen indhold; =;9,7;mg/l;3
Station;49000054;ARRESØ KANAL, ARRESØDAL SLUSE;32;689172;6207567;Halsnæs;Region Hovedstaden;Vandløb;Poel Å;18-03-1992;1;Feltmålinger, Vandløb;Ja;Miljøstyrelsen;https://vanda.miljoeportal.dk/link/fdaeca5a-e3d0-48cd-a7a5-fbc4055c892b;FRB1696;32;689172;6207567;1;18-03-1992 09:10:00 +01:00;;Temperatur; =;3,4;grader C;3
Station;49000054;ARRESØ KANAL, ARRESØDAL SLUSE;32;689172;6207567;Halsnæs;Region Hovedstaden;Vandløb;Poel Å;10-06-2003;1;Feltmålinger, Vandløb;Ja;Miljøstyrelsen;https://vanda.miljoeportal.dk/link/b049cbec-60a2-4d64-aed9-01db370191e0;FRB1696;32;689172;6207567;1;10-06-2003 10:23:00 +02:00;;Oxygenmætning; =;71;pct;3
Station;49000054;ARRESØ KANAL, ARRESØDAL SLUSE;32;689172;6207567;Halsnæs;Region Hovedstaden;Vandløb;Poel Å;16-08-2006;1;Feltmålinger, Vandløb;Ja;Miljøstyrelsen;https://vanda.miljoeportal.dk/link/3d34894c-8352-4a7e-b13e-46373f7bbd81;FRB1696;32;689172;6207567;1;16-08-2006 11:40:00 +02:00;;Temperatur; =;20,5;grader C;2
Station;49000054;ARRESØ KANAL, ARRESØDAL SLUSE;32;689172;6207567;Halsnæs;Region Hovedstaden;Vandløb;Poel Å;19-09-1990;1;Feltmålinger, Vandløb;Ja;Miljøstyrelsen;https://vanda.miljoeportal.dk/link/e4a2cbcc-4cb3-4a1c-bb0c-02da177f5afc;FRB1696;32;689172;6207567;1;19-09-1990 09:25:00 +02:00;;Oxygen indhold; =;10,2;mg/l;3
Station;49000054;ARRESØ KANAL, ARRESØDAL SLUSE;32;689172;6207567;Halsnæs;Region Hovedstaden;Vandløb;Poel Å;28-09-2017;1;Feltmålinger, Vandløb;Ja;Miljøstyrelsen;https://vanda.miljoeportal.dk/link/ac2b47e5-31a1-40c6-8ce8-6bb4a8db3ca1;FRB1696;32;689172;6207567;1;28-09-2017 08:35:00 +02:00;;pH; =;8,9;pH;2
Station;49000054;ARRESØ KANAL, ARRESØDAL SLUSE;32;689172;6207567;Halsnæs;Region Hovedstaden;Vandløb;Poel Å;10-02-2009;1;Feltmålinger, Vandløb;Ja;Miljøstyrelsen;https://vanda.miljoeportal.dk/link/99d039e6-0fe3-416e-a6f0-7ca058ad3e69;FRB1696;32;689172;6207567;1;10-02-2009 10:15:00 +01:00;;Temperatur; =;0,3;grader C;3
Station;49000054;ARRESØ KANAL, ARRESØDAL SLUSE;32;689172;6207567;Halsnæs;Region Hovedstaden;Vandløb;Poel Å;22-11-1995;1;Feltmålinger, Vandløb;Ja;Miljøstyrelsen;https://vanda.miljoeportal.dk/link/32db32ba-8eac-4971-8c04-6a1cde8d2ca5;FRB1696;32;689172;6207567;1;22-11-1995 09:35:00 +01:00;;Oxygen indhold; =;14,9;mg/l;3
Station;49000054;ARRESØ KANAL, ARRESØDAL SLUSE;32;689172;6207567;Halsnæs;Region Hovedstaden;Vandløb;Poel Å;10-11-1999;1;Feltmålinger, Vandløb;Ja;Miljøstyrelsen;https://vanda.miljoeportal.dk/link/5ba8836d-374d-46a9-9f0a-c1dc825d5076;FRB1696;32;689172;6207567;1;10-11-1999 10:40:00 +01:00;;Oxygen indhold; =;6,8;mg/l;3
Station;49000054;ARRESØ KANAL, ARRESØDAL SLUSE;32;689172;6207567;Halsnæs;Region Hovedstaden;Vandløb;Poel Å;28-08-1996;1;Feltmålinger, Vandløb;Ja;Miljøstyrelsen;https://vanda.miljoeportal.dk/link/16aadfb8-89a9-4953-acbd-e17b98efebaf;FRB1696;32;689172;6207567;1;28-08-1996 06:27:00 +02:00;;Oxygen indhold; =;10,2;mg/l;3
Station;49000054;ARRESØ KANAL, ARRESØDAL SLUSE;32;689172;6207567;Halsnæs;Region Hovedstaden;Vandløb;Poel Å;19-06-1996;1;Feltmålinger, Vandløb;Ja;Miljøstyrelsen;https://vanda.miljoeportal.dk/link/53d23f18-3620-4e90-a2f8-5b11253cc27e;FRB1696;32;689172;6207567;1;19-06-1996 08:01:00 +02:00;;Temperatur; =;15,6;grader C;3
Station;49000054;ARRESØ KANAL, ARRESØDAL SLUSE;32;689172;6207567;Halsnæs;Region Hovedstaden;Vandløb;Poel Å;25-02-2014;1;Feltmålinger, Vandløb;Ja;Miljøstyrelsen;https://vanda.miljoeportal.dk/link/82fcbbc3-875a-4ba3-9515-8ac3a74dc398;FRB1696;32;689172;6207567;1;25-02-2014 11:40:00 +01:00;;pH; =;8,4;pH;3
Station;49000054;ARRESØ KANAL, ARRESØDAL SLUSE;32;689172;6207567;Halsnæs;Region Hovedstaden;Vandløb;Poel Å;04-01-1995;1;Feltmålinger, Vandløb;Ja;Miljøstyrelsen;https://vanda.miljoeportal.dk/link/c2cc4cd1-a8b2-4704-947b-cd76ae27f974;FRB1696;32;689172;6207567;1;04-01-1995 10:31:00 +01:00;;Temperatur; =;1,1;grader C;3
Station;49000054;ARRESØ KANAL, ARRESØDAL SLUSE;32;689172;6207567;Halsnæs;Region Hovedstaden;Vandløb;Poel Å;01-03-2006;1;Feltmålinger, Vandløb;Ja;Miljøstyrelsen;https://vanda.miljoeportal.dk/link/fcc3d5e5-9e1e-4ad6-8788-cf6ad60fb8b4;FRB1696;32;689172;6207567;1;01-03-2006 08:35:00 +01:00;;Oxygen indhold; =;29,5;mg/l;2
Station;49000054;ARRESØ KANAL, ARRESØDAL SLUSE;32;689172;6207567;Halsnæs;Region Hovedstaden;Vandløb;Poel Å;24-09-1997;1;Feltmålinger, Vandløb;Ja;Miljøstyrelsen;https://vanda.miljoeportal.dk/link/e53f1629-aab4-44b2-8959-67fdeb0dd329;FRB1696;32;689172;6207567;1;24-09-1997 11:15:00 +02:00;;Temperatur; =;11,9;grader C;3
Station;49000054;ARRESØ KANAL, ARRESØDAL SLUSE;32;689172;6207567;Halsnæs;Region Hovedstaden;Vandløb;Poel Å;18-09-1991;1;Feltmålinger, Vandløb;Ja;Miljøstyrelsen;https://vanda.miljoeportal.dk/link/c32344dc-63f7-4c92-bae2-97b231c6fc7f;FRB1696;32;689172;6207567;1;18-09-1991 09:56:00 +02:00;;Oxygen indhold; =;11,1;mg/l;3
Station;49000054;ARRESØ KANAL, ARRESØDAL SLUSE;32;689172;6207567;Halsnæs;Region Hovedstaden;Vandløb;Poel Å;22-01-1992;1;Feltmålinger, Vandløb;Ja;Miljøstyrelsen;https://vanda.miljoeportal.dk/link/6926070a-fe08-4d93-b818-7d19c08bebd4;FRB1696;32;689172;6207567;1;22-01-1992 09:20:00 +01:00;;Oxygen indhold; =;13,7;mg/l;3
Station;49000054;ARRESØ KANAL, ARRESØDAL SLUSE;32;689172;6207567;Halsnæs;Region Hovedstaden;Vandløb;Poel Å;16-03-2010;1;Feltmålinger, Vandløb;Ja;Miljøstyrelsen;https://vanda.miljoeportal.dk/link/1359ecce-9ebb-4cc2-844d-0c66dfc34f24;FRB1696;32;689172;6207567;1;16-03-2010 10:25:00 +01:00;;Temperatur; =;5,7;grader C;3
Station;49000054;ARRESØ KANAL, ARRESØDAL SLUSE;32;689172;6207567;Halsnæs;Region Hovedstaden;Vandløb;Poel Å;03-02-2022;1;Feltmålinger, Vandløb;Ja;Miljøstyrelsen;https://vanda.miljoeportal.dk/link/db9faa9f-1c16-43da-9ddd-db4f46b1d593;FRB1696;32;689172;6207567;1;03-02-2022 10:26:00 +01:00;;pH; =;9,12;pH;2
Station;49000054;ARRESØ KANAL, ARRESØDAL SLUSE;32;689172;6207567;Halsnæs;Region Hovedstaden;Vandløb;Poel Å;31-10-2017;1;Feltmålinger, Vandløb;Ja;Miljøstyrelsen;https://vanda.miljoeportal.dk/link/c22a9fb2-f09e-4c95-afd2-39f169f63108;FRB1696;32;689172;6207567;1;31-10-2017 07:50:00 +01:00;;pH; =;8,5;pH;2
Station;49000054;ARRESØ KANAL, ARRESØDAL SLUSE;32;689172;6207567;Halsnæs;Region Hovedstaden;Vandløb;Poel Å;19-09-2017;1;Feltmålinger, Vandløb;Ja;Miljøstyrelsen;https://vanda.miljoeportal.dk/link/53a26353-1f28-483e-8ecb-c74df099f05b;FRB1696;32;689172;6207567;1;19-09-2017 08:05:00 +02:00;;pH; =;9;pH;2
Station;49000054;ARRESØ KANAL, ARRESØDAL SLUSE;32;689172;6207567;Halsnæs;Region Hovedstaden;Vandløb;Poel Å;03-07-1996;1;Feltmålinger, Vandløb;Ja;Miljøstyrelsen;https://vanda.miljoeportal.dk/link/b1fdb98c-0c55-428d-a3ee-046236879c40;FRB1696;32;689172;6207567;1;03-07-1996 08:09:00 +02:00;;Temperatur; =;15,3;grader C;3
Station;49000054;ARRESØ KANAL, ARRESØDAL SLUSE;32;689172;6207567;Halsnæs;Region Hovedstaden;Vandløb;Poel Å;29-09-1993;1;Feltmålinger, Vandløb;Ja;Miljøstyrelsen;https://vanda.miljoeportal.dk/link/fe604ff9-e7d6-43e2-bf02-6f1d87d0cadd;FRB1696;32;689172;6207567;1;29-09-1993 09:36:00 +01:00;;Oxygen indhold; =;11,6;mg/l;3
Station;49000054;ARRESØ KANAL, ARRESØDAL SLUSE;32;689172;6207567;Halsnæs;Region Hovedstaden;Vandløb;Poel Å;23-10-2012;1;Feltmålinger, Vandløb;Ja;Miljøstyrelsen;https://vanda.miljoeportal.dk/link/69db69d8-40f6-49f6-b14a-0836fe16b5f9;FRB1696;32;689172;6207567;1;23-10-2012 10:20:00 +02:00;;pH; =;8,5;pH;3
Station;49000054;ARRESØ KANAL, ARRESØDAL SLUSE;32;689172;6207567;Halsnæs;Region Hovedstaden;Vandløb;Poel Å;20-02-2023;1;Feltmålinger, Vandløb;Ja;Miljøstyrelsen;https://vanda.miljoeportal.dk/link/78741e37-c1e1-45d5-8ec0-a5cc8d85c304;FRB1696;32;689172;6207567;1;20-02-2023 11:44:00 +01:00;;Temperatur; =;3,9;grader C;2
Station;49000054;ARRESØ KANAL, ARRESØDAL SLUSE;32;689172;6207567;Halsnæs;Region Hovedstaden;Vandløb;Poel Å;25-03-1994;1;Feltmålinger, Vandløb;Ja;Miljøstyrelsen;https://vanda.miljoeportal.dk/link/d4978bb4-4c9b-4643-97c7-0d46e535886d;FRB1696;32;689172;6207567;1;25-03-1994 09:43:00 +01:00;;Oxygen indhold; =;13,5;mg/l;3
Station;49000054;ARRESØ KANAL, ARRESØDAL SLUSE;32;689172;6207567;Halsnæs;Region Hovedstaden;Vandløb;Poel Å;08-10-1997;1;Feltmålinger, Vandløb;Ja;Miljøstyrelsen;https://vanda.miljoeportal.dk/link/68398a5c-7aea-41ea-8096-72daadb3fbe6;FRB1696;32;689172;6207567;1;08-10-1997 08:14:00 +02:00;;Temperatur; =;12,1;grader C;3
Station;49000054;ARRESØ KANAL, ARRESØDAL SLUSE;32;689172;6207567;Halsnæs;Region Hovedstaden;Vandløb;Poel Å;14-01-2004;1;Feltmålinger, Vandløb;Ja;Miljøstyrelsen;https://vanda.miljoeportal.dk/link/0c041d80-f6eb-43bc-8c05-b1ffeae1dd08;FRB1696;32;689172;6207567;1;14-01-2004 10:45:00 +01:00;;Oxygen indhold; =;13,9;mg/l;3
Station;49000054;ARRESØ KANAL, ARRESØDAL SLUSE;32;689172;6207567;Halsnæs;Region Hovedstaden;Vandløb;Poel Å;18-01-1995;1;Feltmålinger, Vandløb;Ja;Miljøstyrelsen;https://vanda.miljoeportal.dk/link/a1cee2be-8819-4a4a-b36e-e205b08f0e72;FRB1696;32;689172;6207567;1;18-01-1995 10:39:00 +01:00;;Oxygen indhold; =;15,4;mg/l;3
Station;49000054;ARRESØ KANAL, ARRESØDAL SLUSE;32;689172;6207567;Halsnæs;Region Hovedstaden;Vandløb;Poel Å;04-06-2019;1;Feltmålinger, Vandløb;Ja;Miljøstyrelsen;https://vanda.miljoeportal.dk/link/f6defaf1-90c7-4aef-a8de-fa2d9a3fb9e9;FRB1696;32;689172;6207567;1;04-06-2019 08:30:00 +02:00;;Temperatur; =;17,1;grader C;2
Station;49000054;ARRESØ KANAL, ARRESØDAL SLUSE;32;689172;6207567;Halsnæs;Region Hovedstaden;Vandløb;Poel Å;20-11-1996;1;Feltmålinger, Vandløb;Ja;Miljøstyrelsen;https://vanda.miljoeportal.dk/link/d3966713-63b2-4d4a-b92e-67eee4d4a1e3;FRB1696;32;689172;6207567;1;20-11-1996 08:56:00 +01:00;;Temperatur; =;4;grader C;3
Station;49000054;ARRESØ KANAL, ARRESØDAL SLUSE;32;689172;6207567;Halsnæs;Region Hovedstaden;Vandløb;Poel Å;10-05-2006;1;Feltmålinger, Vandløb;Ja;Miljøstyrelsen;https://vanda.miljoeportal.dk/link/13282296-f6b9-43c8-98ee-56c0e8d9788c;FRB1696;32;689172;6207567;1;10-05-2006 10:00:00 +02:00;;Temperatur; =;16,4;grader C;2
Station;49000054;ARRESØ KANAL, ARRESØDAL SLUSE;32;689172;6207567;Halsnæs;Region Hovedstaden;Vandløb;Poel Å;18-06-1997;1;Feltmålinger, Vandløb;Ja;Miljøstyrelsen;https://vanda.miljoeportal.dk/link/da42fa9c-e32a-4848-90e9-b70a1d168e24;FRB1696;32;689172;6207567;1;18-06-1997 08:43:00 +02:00;;Oxygen indhold; =;10,2;mg/l;3
Station;49000054;ARRESØ KANAL, ARRESØDAL SLUSE;32;689172;6207567;Halsnæs;Region Hovedstaden;Vandløb;Poel Å;05-07-2006;1;Feltmålinger, Vandløb;Ja;Miljøstyrelsen;https://vanda.miljoeportal.dk/link/3df0919f-6eb4-430b-a473-15ea00955e29;FRB1696;32;689172;6207567;1;05-07-2006 10:10:00 +02:00;;Temperatur; =;22,7;grader C;2
Station;49000054;ARRESØ KANAL, ARRESØDAL SLUSE;32;689172;6207567;Halsnæs;Region Hovedstaden;Vandløb;Poel Å;22-12-1999;1;Feltmålinger, Vandløb;Ja;Miljøstyrelsen;https://vanda.miljoeportal.dk/link/ef3046b2-d688-4123-b523-94e3e28760d1;FRB1696;32;689172;6207567;1;22-12-1999 09:45:00 +01:00;;Temperatur; =;0,4;grader C;3
Station;49000054;ARRESØ KANAL, ARRESØDAL SLUSE;32;689172;6207567;Halsnæs;Region Hovedstaden;Vandløb;Poel Å;13-05-1992;1;Feltmålinger, Vandløb;Ja;Miljøstyrelsen;https://vanda.miljoeportal.dk/link/1ab7d4cb-775e-4bb6-b19c-2c9419366d96;FRB1696;32;689172;6207567;1;13-05-1992 08:26:00 +02:00;;Oxygen indhold; =;12,7;mg/l;3
Station;49000054;ARRESØ KANAL, ARRESØDAL SLUSE;32;689172;6207567;Halsnæs;Region Hovedstaden;Vandløb;Poel Å;18-07-2001;1;Feltmålinger, Vandløb;Ja;Miljøstyrelsen;https://vanda.miljoeportal.dk/link/9fc0916b-77ce-403d-bef2-08d51b5aa7bf;FRB1696;32;689172;6207567;1;18-07-2001 09:25:00 +02:00;;Temperatur; =;19,1;grader C;3
Station;49000054;ARRESØ KANAL, ARRESØDAL SLUSE;32;689172;6207567;Halsnæs;Region Hovedstaden;Vandløb;Poel Å;02-02-1994;1;Feltmålinger, Vandløb;Ja;Miljøstyrelsen;https://vanda.miljoeportal.dk/link/f8911b41-a0b1-4c07-9575-796c3c405e1f;FRB1696;32;689172;6207567;1;02-02-1994 09:41:00 +01:00;;Oxygen indhold; =;15,6;mg/l;3
Station;49000054;ARRESØ KANAL, ARRESØDAL SLUSE;32;689172;6207567;Halsnæs;Region Hovedstaden;Vandløb;Poel Å;13-09-2011;1;Feltmålinger, Vandløb;Ja;Miljøstyrelsen;https://vanda.miljoeportal.dk/link/b446879f-6626-4077-b8a1-9101518d15ad;FRB1696;32;689172;6207567;1;13-09-2011 10:30:00 +02:00;;pH; =;8,6;pH;3
Station;49000054;ARRESØ KANAL, ARRESØDAL SLUSE;32;689172;6207567;Halsnæs;Region Hovedstaden;Vandløb;Poel Å;15-03-2011;1;Feltmålinger, Vandløb;Ja;Miljøstyrelsen;https://vanda.miljoeportal.dk/link/3b2c0c63-0402-432e-a524-94279f590e6e;FRB1696;32;689172;6207567;1;15-03-2011 11:20:00 +01:00;;Temperatur; =;4,2;grader C;3
Station;49000054;ARRESØ KANAL, ARRESØDAL SLUSE;32;689172;6207567;Halsnæs;Region Hovedstaden;Vandløb;Poel Å;22-11-2000;1;Feltmålinger, Vandløb;Ja;Miljøstyrelsen;https://vanda.miljoeportal.dk/link/fda6d5b6-4f61-4b5d-a187-922eccecd50b;FRB1696;32;689172;6207567;1;22-11-2000 09:55:00 +01:00;;Oxygen indhold; =;9,1;mg/l;3
Station;49000054;ARRESØ KANAL, ARRESØDAL SLUSE;32;689172;6207567;Halsnæs;Region Hovedstaden;Vandløb;Poel Å;03-07-1996;1;Feltmålinger, Vandløb;Ja;Miljøstyrelsen;https://vanda.miljoeportal.dk/link/b1fdb98c-0c55-428d-a3ee-046236879c40;FRB1696;32;689172;6207567;1;03-07-1996 08:09:00 +02:00;;Oxygen indhold; =;11;mg/l;3
Station;49000054;ARRESØ KANAL, ARRESØDAL SLUSE;32;689172;6207567;Halsnæs;Region Hovedstaden;Vandløb;Poel Å;07-01-2016;1;Feltmålinger, Vandløb;Ja;Miljøstyrelsen;https://vanda.miljoeportal.dk/link/f177650e-72d8-41e6-97e9-9fd96ad93199;FRB1696;32;689172;6207567;1;07-01-2016 08:05:00 +01:00;;pH; =;8,8;pH;3
Station;49000054;ARRESØ KANAL, ARRESØDAL SLUSE;32;689172;6207567;Halsnæs;Region Hovedstaden;Vandløb;Poel Å;18-01-1989;1;Feltmålinger, Vandløb;Ja;Miljøstyrelsen;https://vanda.miljoeportal.dk/link/5e2bfb1e-138e-4e90-88c6-a4be1110c1bc;FRB1696;32;689172;6207567;1;18-01-1989 09:40:00 +01:00;;Temperatur; =;4,1;grader C;3
Station;49000054;ARRESØ KANAL, ARRESØDAL SLUSE;32;689172;6207567;Halsnæs;Region Hovedstaden;Vandløb;Poel Å;13-04-2023;1;Feltmålinger, Vandløb;Ja;Miljøstyrelsen;https://vanda.miljoeportal.dk/link/15d04663-241e-43c6-8e9a-eb6793b6bc51;FRB1696;32;689172;6207567;1;13-04-2023 10:30:00 +02:00;;Temperatur; =;8,7;grader C;2
Station;49000054;ARRESØ KANAL, ARRESØDAL SLUSE;32;689172;6207567;Halsnæs;Region Hovedstaden;Vandløb;Poel Å;08-12-1999;1;Feltmålinger, Vandløb;Ja;Miljøstyrelsen;https://vanda.miljoeportal.dk/link/7aa997bf-c5e6-43e7-b7d2-3bf2aa66980e;FRB1696;32;689172;6207567;1;08-12-1999 10:20:00 +01:00;;Temperatur; =;3,8;grader C;3
Station;49000054;ARRESØ KANAL, ARRESØDAL SLUSE;32;689172;6207567;Halsnæs;Region Hovedstaden;Vandløb;Poel Å;19-07-1995;1;Feltmålinger, Vandløb;Ja;Miljøstyrelsen;https://vanda.miljoeportal.dk/link/99f024a6-5e1d-4ee6-95dd-e71a298b8820;FRB1696;32;689172;6207567;1;19-07-1995 10:10:00 +02:00;;Temperatur; =;21,1;grader C;3
Station;49000054;ARRESØ KANAL, ARRESØDAL SLUSE;32;689172;6207567;Halsnæs;Region Hovedstaden;Vandløb;Poel Å;19-04-2016;1;Feltmålinger, Vandløb;Ja;Miljøstyrelsen;https://vanda.miljoeportal.dk/link/0d715218-4c94-45d5-945e-ad40d90b2cce;FRB1696;32;689172;6207567;1;19-04-2016 07:45:00 +02:00;;Temperatur; =;7,9;grader C;3
Station;49000054;ARRESØ KANAL, ARRESØDAL SLUSE;32;689172;6207567;Halsnæs;Region Hovedstaden;Vandløb;Poel Å;28-05-1999;1;Feltmålinger, Vandløb;Ja;Miljøstyrelsen;https://vanda.miljoeportal.dk/link/2b94fdad-52a8-4967-8fe8-b5a0fe606d43;FRB1696;32;689172;6207567;1;28-05-1999 11:20:00 +02:00;;Oxygen indhold; =;14,9;mg/l;3
Station;49000054;ARRESØ KANAL, ARRESØDAL SLUSE;32;689172;6207567;Halsnæs;Region Hovedstaden;Vandløb;Poel Å;21-06-2022;1;Feltmålinger, Vandløb;Ja;Miljøstyrelsen;https://vanda.miljoeportal.dk/link/681b36a0-7aa3-4ed2-81b7-b14dbb654a25;FRB1696;32;689172;6207567;1;21-06-2022 09:23:00 +02:00;;Temperatur; =;18,5;grader C;2
Station;49000054;ARRESØ KANAL, ARRESØDAL SLUSE;32;689172;6207567;Halsnæs;Region Hovedstaden;Vandløb;Poel Å;30-05-1990;1;Feltmålinger, Vandløb;Ja;Miljøstyrelsen;https://vanda.miljoeportal.dk/link/33d61829-5007-460d-b67a-3b8460a0819e;FRB1696;32;689172;6207567;1;30-05-1990 09:50:00 +02:00;;Oxygen indhold; =;12,6;mg/l;3
Station;49000054;ARRESØ KANAL, ARRESØDAL SLUSE;32;689172;6207567;Halsnæs;Region Hovedstaden;Vandløb;Poel Å;03-12-2015;1;Feltmålinger, Vandløb;Ja;Miljøstyrelsen;https://vanda.miljoeportal.dk/link/2cfd5ef1-8c05-42fc-8324-b856870aba6e;FRB1696;32;689172;6207567;1;03-12-2015 07:35:00 +01:00;;Temperatur; =;5;grader C;2
Station;49000054;ARRESØ KANAL, ARRESØDAL SLUSE;32;689172;6207567;Halsnæs;Region Hovedstaden;Vandløb;Poel Å;15-05-1991;1;Feltmålinger, Vandløb;Ja;Miljøstyrelsen;https://vanda.miljoeportal.dk/link/4e1cbb9d-c66c-4fb9-8ead-86fdd1f3870f;FRB1696;32;689172;6207567;1;15-05-1991 10:08:00 +02:00;;Temperatur; =;11,2;grader C;3
Station;49000054;ARRESØ KANAL, ARRESØDAL SLUSE;32;689172;6207567;Halsnæs;Region Hovedstaden;Vandløb;Poel Å;02-03-2021;1;Feltmålinger, Vandløb;Ja;Miljøstyrelsen;https://vanda.miljoeportal.dk/link/dab84a03-496f-4055-b4c3-b838e5782d98;FRB1696;32;689172;6207567;1;02-03-2021 12:13:00 +01:00;;pH; =;8,94;pH;2
Station;49000054;ARRESØ KANAL, ARRESØDAL SLUSE;32;689172;6207567;Halsnæs;Region Hovedstaden;Vandløb;Poel Å;16-03-2005;1;Feltmålinger, Vandløb;Ja;Miljøstyrelsen;https://vanda.miljoeportal.dk/link/b6bdafdb-f5da-4a29-9534-536cbf0c8f73;FRB1696;32;689172;6207567;1;16-03-2005 11:10:00 +01:00;;Oxygen indhold; =;17,5;mg/l;3
Station;49000054;ARRESØ KANAL, ARRESØDAL SLUSE;32;689172;6207567;Halsnæs;Region Hovedstaden;Vandløb;Poel Å;14-01-2015;1;Feltmålinger, Vandløb;Ja;Miljøstyrelsen;https://vanda.miljoeportal.dk/link/9258c373-1f77-40c3-883f-b851e7999729;FRB1696;32;689172;6207567;1;14-01-2015 08:05:00 +01:00;;Temperatur; =;3,3;grader C;2
Station;49000054;ARRESØ KANAL, ARRESØDAL SLUSE;32;689172;6207567;Halsnæs;Region Hovedstaden;Vandløb;Poel Å;10-09-1997;1;Feltmålinger, Vandløb;Ja;Miljøstyrelsen;https://vanda.miljoeportal.dk/link/6798d60f-037b-496f-b2d0-eadb483818d9;FRB1696;32;689172;6207567;1;10-09-1997 08:33:00 +02:00;;Oxygen indhold; =;8,4;mg/l;3
Station;49000054;ARRESØ KANAL, ARRESØDAL SLUSE;32;689172;6207567;Halsnæs;Region Hovedstaden;Vandløb;Poel Å;24-01-2012;1;Feltmålinger, Vandløb;Ja;Miljøstyrelsen;https://vanda.miljoeportal.dk/link/094c8cc3-13b7-4e80-837d-47fa8108b60a;FRB1696;32;689172;6207567;1;24-01-2012 10:50:00 +01:00;;pH; =;8,6;pH;3
Station;49000054;ARRESØ KANAL, ARRESØDAL SLUSE;32;689172;6207567;Halsnæs;Region Hovedstaden;Vandløb;Poel Å;18-06-1997;1;Feltmålinger, Vandløb;Ja;Miljøstyrelsen;https://vanda.miljoeportal.dk/link/da42fa9c-e32a-4848-90e9-b70a1d168e24;FRB1696;32;689172;6207567;1;18-06-1997 08:43:00 +02:00;;Temperatur; =;17,8;grader C;3
Station;49000054;ARRESØ KANAL, ARRESØDAL SLUSE;32;689172;6207567;Halsnæs;Region Hovedstaden;Vandløb;Poel Å;18-09-1991;1;Feltmålinger, Vandløb;Ja;Miljøstyrelsen;https://vanda.miljoeportal.dk/link/c32344dc-63f7-4c92-bae2-97b231c6fc7f;FRB1696;32;689172;6207567;1;18-09-1991 09:56:00 +02:00;;Temperatur; =;13,6;grader C;3
Station;49000054;ARRESØ KANAL, ARRESØDAL SLUSE;32;689172;6207567;Halsnæs;Region Hovedstaden;Vandløb;Poel Å;28-10-2003;1;Feltmålinger, Vandløb;Ja;Miljøstyrelsen;https://vanda.miljoeportal.dk/link/fc9c72c1-4648-436d-9333-cfaa6e7f9b65;FRB1696;32;689172;6207567;1;28-10-2003 08:55:00 +01:00;;Oxygenmætning; =;61;pct;3
Station;49000054;ARRESØ KANAL, ARRESØDAL SLUSE;32;689172;6207567;Halsnæs;Region Hovedstaden;Vandløb;Poel Å;25-09-1996;1;Feltmålinger, Vandløb;Ja;Miljøstyrelsen;https://vanda.miljoeportal.dk/link/af9317ed-7d9f-4f5b-a2e5-bb3254d1d859;FRB1696;32;689172;6207567;1;25-09-1996 09:50:00 +02:00;;Temperatur; =;10,8;grader C;3
Station;49000054;ARRESØ KANAL, ARRESØDAL SLUSE;32;689172;6207567;Halsnæs;Region Hovedstaden;Vandløb;Poel Å;14-01-1998;1;Feltmålinger, Vandløb;Ja;Miljøstyrelsen;https://vanda.miljoeportal.dk/link/d7b198a3-bc13-401c-b398-340f3df14870;FRB1696;32;689172;6207567;1;14-01-1998 08:41:00 +01:00;;Oxygen indhold; =;12,1;mg/l;3
Station;49000054;ARRESØ KANAL, ARRESØDAL SLUSE;32;689172;6207567;Halsnæs;Region Hovedstaden;Vandløb;Poel Å;22-08-1990;1;Feltmålinger, Vandløb;Ja;Miljøstyrelsen;https://vanda.miljoeportal.dk/link/1c9ca188-b6ad-4025-9228-461ed2f2e8f0;FRB1696;32;689172;6207567;1;22-08-1990 09:20:00 +02:00;;Oxygen indhold; =;8,8;mg/l;3
Station;49000054;ARRESØ KANAL, ARRESØDAL SLUSE;32;689172;6207567;Halsnæs;Region Hovedstaden;Vandløb;Poel Å;14-04-1992;1;Feltmålinger, Vandløb;Ja;Miljøstyrelsen;https://vanda.miljoeportal.dk/link/01b0409d-6c94-4316-a618-f8f079a292f0;FRB1696;32;689172;6207567;1;14-04-1992 08:20:00 +02:00;;Temperatur; =;8,2;grader C;3
Station;49000054;ARRESØ KANAL, ARRESØDAL SLUSE;32;689172;6207567;Halsnæs;Region Hovedstaden;Vandløb;Poel Å;27-11-2012;1;Feltmålinger, Vandløb;Ja;Miljøstyrelsen;https://vanda.miljoeportal.dk/link/814c24f3-cd2d-48fb-ad8f-f9886a911428;FRB1696;32;689172;6207567;1;27-11-2012 09:45:00 +01:00;;pH; =;8,2;pH;3
Station;49000054;ARRESØ KANAL, ARRESØDAL SLUSE;32;689172;6207567;Halsnæs;Region Hovedstaden;Vandløb;Poel Å;09-07-2020;1;Feltmålinger, Vandløb;Ja;Miljøstyrelsen;https://vanda.miljoeportal.dk/link/c3a44024-f9d7-47c1-a259-2eefd53c673a;FRB1696;32;689172;6207567;1;09-07-2020 15:31:00 +02:00;;pH; =;9;pH;2
Station;49000054;ARRESØ KANAL, ARRESØDAL SLUSE;32;689172;6207567;Halsnæs;Region Hovedstaden;Vandløb;Poel Å;12-05-1993;1;Feltmålinger, Vandløb;Ja;Miljøstyrelsen;https://vanda.miljoeportal.dk/link/169e3f77-7c2e-460a-8f09-ff022744455a;FRB1696;32;689172;6207567;1;12-05-1993 08:31:00 +02:00;;Oxygen indhold; =;12,3;mg/l;3
Station;49000054;ARRESØ KANAL, ARRESØDAL SLUSE;32;689172;6207567;Halsnæs;Region Hovedstaden;Vandløb;Poel Å;11-09-2023;1;Feltmålinger, Vandløb;Ja;Miljøstyrelsen;https://vanda.miljoeportal.dk/link/b1d1cb19-86fc-4acd-8e8a-616bd3d8d20b;NST1696;32;689165,6683325451;6207586,752653692;1;11-09-2023 10:40:00 +02:00;;pH; =;8,59;pH;2
Station;49000054;ARRESØ KANAL, ARRESØDAL SLUSE;32;689172;6207567;Halsnæs;Region Hovedstaden;Vandløb;Poel Å;21-07-1999;1;Feltmålinger, Vandløb;Ja;Miljøstyrelsen;https://vanda.miljoeportal.dk/link/e275eec6-afe0-4bf9-8431-526367cff422;FRB1696;32;689172;6207567;1;21-07-1999 11:00:00 +02:00;;Oxygen indhold; =;8,4;mg/l;3
Station;49000054;ARRESØ KANAL, ARRESØDAL SLUSE;32;689172;6207567;Halsnæs;Region Hovedstaden;Vandløb;Poel Å;10-04-2001;1;Feltmålinger, Vandløb;Ja;Miljøstyrelsen;https://vanda.miljoeportal.dk/link/ddf15c72-21ed-43ae-a250-fb253f8d30c9;FRB1696;32;689172;6207567;1;10-04-2001 08:55:00 +02:00;;Temperatur; =;7,3;grader C;3
Station;49000054;ARRESØ KANAL, ARRESØDAL SLUSE;32;689172;6207567;Halsnæs;Region Hovedstaden;Vandløb;Poel Å;23-09-2014;1;Feltmålinger, Vandløb;Ja;Miljøstyrelsen;https://vanda.miljoeportal.dk/link/97be4de2-907e-4980-8281-7d3622bdcd33;FRB1696;32;689172;6207567;1;23-09-2014 10:10:00 +02:00;;Temperatur; =;12,1;grader C;3
Station;49000054;ARRESØ KANAL, ARRESØDAL SLUSE;32;689172;6207567;Halsnæs;Region Hovedstaden;Vandløb;Poel Å;10-01-1990;1;Feltmålinger, Vandløb;Ja;Miljøstyrelsen;https://vanda.miljoeportal.dk/link/fde8b2a0-1626-4c5f-b551-2ce8a99465bf;FRB1696;32;689172;6207567;1;10-01-1990 09:45:00 +01:00;;Oxygen indhold; =;13,9;mg/l;3
Station;49000054;ARRESØ KANAL, ARRESØDAL SLUSE;32;689172;6207567;Halsnæs;Region Hovedstaden;Vandløb;Poel Å;07-06-2006;1;Feltmålinger, Vandløb;Ja;Miljøstyrelsen;https://vanda.miljoeportal.dk/link/61e0910b-f1ea-4e03-a297-25fd60c12f7b;FRB1696;32;689172;6207567;1;07-06-2006 10:15:00 +02:00;;Oxygen indhold; =;12,5;mg/l;2
Station;49000054;ARRESØ KANAL, ARRESØDAL SLUSE;32;689172;6207567;Halsnæs;Region Hovedstaden;Vandløb;Poel Å;05-07-2006;1;Feltmålinger, Vandløb;Ja;Miljøstyrelsen;https://vanda.miljoeportal.dk/link/3df0919f-6eb4-430b-a473-15ea00955e29;FRB1696;32;689172;6207567;1;05-07-2006 10:10:00 +02:00;;Oxygenmætning; =;113;pct;2
Station;49000054;ARRESØ KANAL, ARRESØDAL SLUSE;32;689172;6207567;Halsnæs;Region Hovedstaden;Vandløb;Poel Å;22-12-2020;1;Feltmålinger, Vandløb;Ja;Miljøstyrelsen;https://vanda.miljoeportal.dk/link/74bfe18c-6567-454b-af47-61ee61f8ad12;FRB1696;32;689172;6207567;1;22-12-2020 14:37:00 +01:00;;Temperatur; =;5,5;grader C;2
Station;49000054;ARRESØ KANAL, ARRESØDAL SLUSE;32;689172;6207567;Halsnæs;Region Hovedstaden;Vandløb;Poel Å;11-09-2007;1;Feltmålinger, Vandløb;Ja;Miljøstyrelsen;https://vanda.miljoeportal.dk/link/d463a9f0-8e8c-4d3f-baa4-d5ec168fc2bd;FRB1696;32;689172;6207567;1;11-09-2007 09:50:00 +02:00;;Temperatur; =;15,8;grader C;3
Station;49000054;ARRESØ KANAL, ARRESØDAL SLUSE;32;689172;6207567;Halsnæs;Region Hovedstaden;Vandløb;Poel Å;24-01-2023;1;Feltmålinger, Vandløb;Ja;Miljøstyrelsen;https://vanda.miljoeportal.dk/link/0b4345e1-2560-442f-9eac-f0f4a8405891;FRB1696;32;689172;6207567;1;24-01-2023 08:58:00 +01:00;;pH; =;8,4;pH;2
Station;49000054;ARRESØ KANAL, ARRESØDAL SLUSE;32;689172;6207567;Halsnæs;Region Hovedstaden;Vandløb;Poel Å;04-04-1990;1;Feltmålinger, Vandløb;Ja;Miljøstyrelsen;https://vanda.miljoeportal.dk/link/054583ad-2980-4d21-b646-42ba1d247d28;FRB1696;32;689172;6207567;1;04-04-1990 09:30:00 +02:00;;Oxygen indhold; =;13,9;mg/l;3
Station;49000054;ARRESØ KANAL, ARRESØDAL SLUSE;32;689172;6207567;Halsnæs;Region Hovedstaden;Vandløb;Poel Å;07-04-2016;1;Feltmålinger, Vandløb;Ja;Miljøstyrelsen;https://vanda.miljoeportal.dk/link/b0a773ec-3aea-4e71-9380-a9686a82f4e6;FRB1696;32;689172;6207567;1;07-04-2016 08:50:00 +02:00;;pH; =;9;pH;3
Station;49000054;ARRESØ KANAL, ARRESØDAL SLUSE;32;689172;6207567;Halsnæs;Region Hovedstaden;Vandløb;Poel Å;24-03-2021;1;Feltmålinger, Vandløb;Ja;Miljøstyrelsen;https://vanda.miljoeportal.dk/link/955b6247-6382-474a-8959-d29fc11bebec;FRB1696;32;689172;6207567;1;24-03-2021 11:39:00 +01:00;;pH; =;9,09;pH;2
Station;49000054;ARRESØ KANAL, ARRESØDAL SLUSE;32;689172;6207567;Halsnæs;Region Hovedstaden;Vandløb;Poel Å;25-02-2015;1;Feltmålinger, Vandløb;Ja;Miljøstyrelsen;https://vanda.miljoeportal.dk/link/dc838bc7-cdcf-4783-9137-334cb1e476d4;FRB1696;32;689172;6207567;1;25-02-2015 07:10:00 +01:00;;pH; =;8,4;pH;2
Station;49000054;ARRESØ KANAL, ARRESØDAL SLUSE;32;689172;6207567;Halsnæs;Region Hovedstaden;Vandløb;Poel Å;27-03-1996;1;Feltmålinger, Vandløb;Ja;Miljøstyrelsen;https://vanda.miljoeportal.dk/link/bf8dfe57-8f5d-4348-885d-3e9d32d3d88f;FRB1696;32;689172;6207567;1;27-03-1996 09:01:00 +01:00;;Temperatur; =;1,8;grader C;3
Station;49000054;ARRESØ KANAL, ARRESØDAL SLUSE;32;689172;6207567;Halsnæs;Region Hovedstaden;Vandløb;Poel Å;27-11-1991;1;Feltmålinger, Vandløb;Ja;Miljøstyrelsen;https://vanda.miljoeportal.dk/link/efa0379d-5295-4d43-977c-b58a576582bb;FRB1696;32;689172;6207567;1;27-11-1991 10:30:00 +01:00;;Oxygen indhold; =;13,8;mg/l;3
Station;49000054;ARRESØ KANAL, ARRESØDAL SLUSE;32;689172;6207567;Halsnæs;Region Hovedstaden;Vandløb;Poel Å;16-06-2004;1;Feltmålinger, Vandløb;Ja;Miljøstyrelsen;https://vanda.miljoeportal.dk/link/ad580018-2135-4d3e-995c-cf4083dacb29;FRB1696;32;689172;6207567;1;16-06-2004 10:25:00 +02:00;;Temperatur; =;15,1;grader C;3
Station;49000054;ARRESØ KANAL, ARRESØDAL SLUSE;32;689172;6207567;Halsnæs;Region Hovedstaden;Vandløb;Poel Å;13-07-2021;1;Feltmålinger, Vandløb;Ja;Miljøstyrelsen;https://vanda.miljoeportal.dk/link/21d0cbcd-a80d-400e-b9b6-29ff4ca61ee3;FRB1696;32;689172;6207567;1;13-07-2021 14:40:00 +02:00;;Temperatur; =;23,8;grader C;2
Station;49000054;ARRESØ KANAL, ARRESØDAL SLUSE;32;689172;6207567;Halsnæs;Region Hovedstaden;Vandløb;Poel Å;17-11-2004;1;Feltmålinger, Vandløb;Ja;Miljøstyrelsen;https://vanda.miljoeportal.dk/link/e0ad9a5a-6042-46f3-a43a-88dc0b34fc1d;FRB1696;32;689172;6207567;1;17-11-2004 10:10:00 +01:00;;Temperatur; =;4,8;grader C;3
Station;49000054;ARRESØ KANAL, ARRESØDAL SLUSE;32;689172;6207567;Halsnæs;Region Hovedstaden;Vandløb;Poel Å;20-12-1995;1;Feltmålinger, Vandløb;Ja;Miljøstyrelsen;https://vanda.miljoeportal.dk/link/be900ace-ddd2-460c-9c6f-bb316dd1ee8a;FRB1696;32;689172;6207567;1;20-12-1995 10:30:00 +01:00;;Temperatur; =;0,3;grader C;3
Station;49000054;ARRESØ KANAL, ARRESØDAL SLUSE;32;689172;6207567;Halsnæs;Region Hovedstaden;Vandløb;Poel Å;23-06-2016;1;Feltmålinger, Vandløb;Ja;Miljøstyrelsen;https://vanda.miljoeportal.dk/link/04694b10-ff93-4f91-9766-c76bfbbf2dfe;FRB1696;32;689172;6207567;1;23-06-2016 07:55:00 +02:00;;pH; =;8,5;pH;3
Station;49000054;ARRESØ KANAL, ARRESØDAL SLUSE;32;689172;6207567;Halsnæs;Region Hovedstaden;Vandløb;Poel Å;26-01-2017;1;Feltmålinger, Vandløb;Ja;Miljøstyrelsen;https://vanda.miljoeportal.dk/link/414da5f3-0fa4-4b3f-b0e7-8679c7c83ae8;FRB1696;32;689172;6207567;1;26-01-2017 08:05:00 +01:00;;Temperatur; =;2,9;grader C;2
Station;49000054;ARRESØ KANAL, ARRESØDAL SLUSE;32;689172;6207567;Halsnæs;Region Hovedstaden;Vandløb;Poel Å;18-02-2003;1;Feltmålinger, Vandløb;Ja;Miljøstyrelsen;https://vanda.miljoeportal.dk/link/471796f6-30ef-4874-9e29-4ad8586f83c9;FRB1696;32;689172;6207567;1;18-02-2003 10:50:00 +01:00;;Oxygenmætning; =;107;pct;3
Station;49000054;ARRESØ KANAL, ARRESØDAL SLUSE;32;689172;6207567;Halsnæs;Region Hovedstaden;Vandløb;Poel Å;09-05-2001;1;Feltmålinger, Vandløb;Ja;Miljøstyrelsen;https://vanda.miljoeportal.dk/link/b01bea4b-c502-4e0d-9f27-b77d0bfcc23b;FRB1696;32;689172;6207567;1;09-05-2001 09:25:00 +02:00;;Temperatur; =;13,7;grader C;3
Station;49000054;ARRESØ KANAL, ARRESØDAL SLUSE;32;689172;6207567;Halsnæs;Region Hovedstaden;Vandløb;Poel Å;26-02-2020;1;Feltmålinger, Vandløb;Ja;Miljøstyrelsen;https://vanda.miljoeportal.dk/link/9eb35bd9-5c27-43a5-8fb2-7b914ce0708e;FRB1696;32;689172;6207567;1;26-02-2020 14:06:00 +01:00;;Temperatur; =;4,2;grader C;2
Station;49000054;ARRESØ KANAL, ARRESØDAL SLUSE;32;689172;6207567;Halsnæs;Region Hovedstaden;Vandløb;Poel Å;22-12-2020;1;Feltmålinger, Vandløb;Ja;Miljøstyrelsen;https://vanda.miljoeportal.dk/link/74bfe18c-6567-454b-af47-61ee61f8ad12;FRB1696;32;689172;6207567;1;22-12-2020 14:37:00 +01:00;;pH; =;8,48;pH;2
Station;49000054;ARRESØ KANAL, ARRESØDAL SLUSE;32;689172;6207567;Halsnæs;Region Hovedstaden;Vandløb;Poel Å;25-05-2016;1;Feltmålinger, Vandløb;Ja;Miljøstyrelsen;https://vanda.miljoeportal.dk/link/dde5ea43-cc49-436d-8d1f-4428b516ca9a;FRB1696;32;689172;6207567;1;25-05-2016 07:40:00 +02:00;;pH; =;8;pH;3
Station;49000054;ARRESØ KANAL, ARRESØDAL SLUSE;32;689172;6207567;Halsnæs;Region Hovedstaden;Vandløb;Poel Å;13-07-2022;1;Feltmålinger, Vandløb;Ja;Miljøstyrelsen;https://vanda.miljoeportal.dk/link/668f8aea-b474-463f-879b-4d0161c23e33;FRB1696;32;689172;6207567;1;13-07-2022 12:59:00 +02:00;;pH; =;8,37;pH;2
Station;49000054;ARRESØ KANAL, ARRESØDAL SLUSE;32;689172;6207567;Halsnæs;Region Hovedstaden;Vandløb;Poel Å;14-10-2003;1;Feltmålinger, Vandløb;Ja;Miljøstyrelsen;https://vanda.miljoeportal.dk/link/779c05ec-9879-47d4-9393-8b82e8d0e18c;FRB1696;32;689172;6207567;1;14-10-2003 09:26:00 +02:00;;Oxygenmætning; =;80;pct;3
Station;49000054;ARRESØ KANAL, ARRESØDAL SLUSE;32;689172;6207567;Halsnæs;Region Hovedstaden;Vandløb;Poel Å;02-12-1998;1;Feltmålinger, Vandløb;Ja;Miljøstyrelsen;https://vanda.miljoeportal.dk/link/dcff6cb7-bed0-4705-9da7-15d9f860f218;FRB1696;32;689172;6207567;1;02-12-1998 08:36:00 +01:00;;Temperatur; =;0,8;grader C;3
Station;49000054;ARRESØ KANAL, ARRESØDAL SLUSE;32;689172;6207567;Halsnæs;Region Hovedstaden;Vandløb;Poel Å;04-07-2001;1;Feltmålinger, Vandløb;Ja;Miljøstyrelsen;https://vanda.miljoeportal.dk/link/6532463c-27b9-436b-aab7-6443bb25a5ad;FRB1696;32;689172;6207567;1;04-07-2001 09:35:00 +02:00;;Oxygen indhold; =;12,2;mg/l;3
Station;49000054;ARRESØ KANAL, ARRESØDAL SLUSE;32;689172;6207567;Halsnæs;Region Hovedstaden;Vandløb;Poel Å;05-01-2005;1;Feltmålinger, Vandløb;Ja;Miljøstyrelsen;https://vanda.miljoeportal.dk/link/cbf164d4-3154-4def-9c16-5dbcc3bbc971;FRB1696;32;689172;6207567;1;05-01-2005 10:45:00 +01:00;;Oxygenmætning; =;97;pct;3
Station;49000054;ARRESØ KANAL, ARRESØDAL SLUSE;32;689172;6207567;Halsnæs;Region Hovedstaden;Vandløb;Poel Å;31-10-2017;1;Feltmålinger, Vandløb;Ja;Miljøstyrelsen;https://vanda.miljoeportal.dk/link/c22a9fb2-f09e-4c95-afd2-39f169f63108;FRB1696;32;689172;6207567;1;31-10-2017 07:50:00 +01:00;;Temperatur; =;7,1;grader C;2
Station;49000054;ARRESØ KANAL, ARRESØDAL SLUSE;32;689172;6207567;Halsnæs;Region Hovedstaden;Vandløb;Poel Å;15-03-2006;1;Feltmålinger, Vandløb;Ja;Miljøstyrelsen;https://vanda.miljoeportal.dk/link/84699754-521b-48ba-90c3-48e6c423bc42;FRB1696;32;689172;6207567;1;15-03-2006 10:25:00 +01:00;;Temperatur; =;2,3;grader C;2
Station;49000054;ARRESØ KANAL, ARRESØDAL SLUSE;32;689172;6207567;Halsnæs;Region Hovedstaden;Vandløb;Poel Å;09-12-2010;1;Feltmålinger, Vandløb;Ja;Miljøstyrelsen;https://vanda.miljoeportal.dk/link/e386f7ce-dc21-43d4-bedf-16a9629df33a;FRB1696;32;689172;6207567;1;09-12-2010 10:40:00 +01:00;;Temperatur; =;0,5;grader C;3
Station;49000054;ARRESØ KANAL, ARRESØDAL SLUSE;32;689172;6207567;Halsnæs;Region Hovedstaden;Vandløb;Poel Å;02-06-2004;1;Feltmålinger, Vandløb;Ja;Miljøstyrelsen;https://vanda.miljoeportal.dk/link/e00e81f1-7ec7-43ba-8e2e-993879a543b4;FRB1696;32;689172;6207567;1;02-06-2004 10:40:00 +02:00;;Temperatur; =;15,7;grader C;3
Station;49000054;ARRESØ KANAL, ARRESØDAL SLUSE;32;689172;6207567;Halsnæs;Region Hovedstaden;Vandløb;Poel Å;23-09-1998;1;Feltmålinger, Vandløb;Ja;Miljøstyrelsen;https://vanda.miljoeportal.dk/link/7b9cabeb-bc88-4de9-9969-2f6058c6b6ff;FRB1696;32;689172;6207567;1;23-09-1998 07:32:00 +02:00;;Oxygen indhold; =;11,2;mg/l;3
Station;49000054;ARRESØ KANAL, ARRESØDAL SLUSE;32;689172;6207567;Halsnæs;Region Hovedstaden;Vandløb;Poel Å;01-06-2015;1;Feltmålinger, Vandløb;Ja;Miljøstyrelsen;https://vanda.miljoeportal.dk/link/13286920-9413-4ab9-b83b-bcce38c8f695;FRB1696;32;689172;6207567;1;01-06-2015 09:05:00 +02:00;;pH; =;8,2;pH;2
Station;49000054;ARRESØ KANAL, ARRESØDAL SLUSE;32;689172;6207567;Halsnæs;Region Hovedstaden;Vandløb;Poel Å;19-06-2002;1;Feltmålinger, Vandløb;Ja;Miljøstyrelsen;https://vanda.miljoeportal.dk/link/0a610ff3-9de8-4a29-aa30-e345c15b2b78;FRB1696;32;689172;6207567;1;19-06-2002 09:35:00 +02:00;;Oxygen indhold; =;8,1;mg/l;3
Station;49000054;ARRESØ KANAL, ARRESØDAL SLUSE;32;689172;6207567;Halsnæs;Region Hovedstaden;Vandløb;Poel Å;03-01-1997;1;Feltmålinger, Vandløb;Ja;Miljøstyrelsen;https://vanda.miljoeportal.dk/link/6f3f23b2-f1e5-4cc4-ad1e-c04dfc1dddd5;FRB1696;32;689172;6207567;1;03-01-1997 09:37:00 +01:00;;Oxygen indhold; =;18,6;mg/l;2
Station;49000054;ARRESØ KANAL, ARRESØDAL SLUSE;32;689172;6207567;Halsnæs;Region Hovedstaden;Vandløb;Poel Å;09-10-2002;1;Feltmålinger, Vandløb;Ja;Miljøstyrelsen;https://vanda.miljoeportal.dk/link/f3ce0c1c-d086-4882-8074-b25fd25e6c33;FRB1696;32;689172;6207567;1;09-10-2002 07:20:00 +02:00;;Temperatur; =;8,8;grader C;3
Station;49000054;ARRESØ KANAL, ARRESØDAL SLUSE;32;689172;6207567;Halsnæs;Region Hovedstaden;Vandløb;Poel Å;08-02-2011;1;Feltmålinger, Vandløb;Ja;Miljøstyrelsen;https://vanda.miljoeportal.dk/link/f51b24b5-06e3-4d20-bc15-9c1930404dc0;FRB1696;32;689172;6207567;1;08-02-2011 10:45:00 +01:00;;Temperatur; =;3,9;grader C;3
Station;49000054;ARRESØ KANAL, ARRESØDAL SLUSE;32;689172;6207567;Halsnæs;Region Hovedstaden;Vandløb;Poel Å;22-11-2022;1;Feltmålinger, Vandløb;Ja;Miljøstyrelsen;https://vanda.miljoeportal.dk/link/903d17e6-8956-4def-bc95-a5aefd409d8e;FRB1696;32;689172;6207567;1;22-11-2022 13:41:00 +01:00;;Salinitet; =;0,2;promille;2
Station;49000054;ARRESØ KANAL, ARRESØDAL SLUSE;32;689172;6207567;Halsnæs;Region Hovedstaden;Vandløb;Poel Å;04-06-2002;1;Feltmålinger, Vandløb;Ja;Miljøstyrelsen;https://vanda.miljoeportal.dk/link/b981ad19-94f1-4f84-b560-c89d2f307c2d;FRB1696;32;689172;6207567;1;04-06-2002 08:45:00 +02:00;;Temperatur; =;18,3;grader C;3
Station;49000054;ARRESØ KANAL, ARRESØDAL SLUSE;32;689172;6207567;Halsnæs;Region Hovedstaden;Vandløb;Poel Å;15-06-2010;1;Feltmålinger, Vandløb;Ja;Miljøstyrelsen;https://vanda.miljoeportal.dk/link/9ae3fb93-3f08-4d2b-bb5b-26b1e6ac34a0;FRB1696;32;689172;6207567;1;15-06-2010 10:30:00 +02:00;;Temperatur; =;15,2;grader C;3
Station;49000054;ARRESØ KANAL, ARRESØDAL SLUSE;32;689172;6207567;Halsnæs;Region Hovedstaden;Vandløb;Poel Å;21-04-2021;1;Feltmålinger, Vandløb;Ja;Miljøstyrelsen;https://vanda.miljoeportal.dk/link/39ae9cc0-63de-4197-b10e-d77a859d3add;FRB1696;32;689172;6207567;1;21-04-2021 14:45:00 +02:00;;pH; =;9,11;pH;2
Station;49000054;ARRESØ KANAL, ARRESØDAL SLUSE;32;689172;6207567;Halsnæs;Region Hovedstaden;Vandløb;Poel Å;25-04-2001;1;Feltmålinger, Vandløb;Ja;Miljøstyrelsen;https://vanda.miljoeportal.dk/link/79ec3fcf-5af4-49ac-a807-c0b2b7894461;FRB1696;32;689172;6207567;1;25-04-2001 08:40:00 +02:00;;Temperatur; =;8,7;grader C;3
Station;49000054;ARRESØ KANAL, ARRESØDAL SLUSE;32;689172;6207567;Halsnæs;Region Hovedstaden;Vandløb;Poel Å;19-01-2005;1;Feltmålinger, Vandløb;Ja;Miljøstyrelsen;https://vanda.miljoeportal.dk/link/ee83b38f-d8ce-4e4f-913c-eea339908d6f;FRB1696;32;689172;6207567;1;19-01-2005 10:40:00 +01:00;;Oxygenmætning; =;96;pct;3
Station;49000054;ARRESØ KANAL, ARRESØDAL SLUSE;32;689172;6207567;Halsnæs;Region Hovedstaden;Vandløb;Poel Å;10-06-1992;1;Feltmålinger, Vandløb;Ja;Miljøstyrelsen;https://vanda.miljoeportal.dk/link/6cfc74f9-cfc1-4db0-a487-51e371d257b5;FRB1696;32;689172;6207567;1;10-06-1992 08:19:00 +02:00;;Temperatur; =;19,2;grader C;3
Station;49000054;ARRESØ KANAL, ARRESØDAL SLUSE;32;689172;6207567;Halsnæs;Region Hovedstaden;Vandløb;Poel Å;24-06-2019;1;Feltmålinger, Vandløb;Ja;Miljøstyrelsen;https://vanda.miljoeportal.dk/link/e26bff2e-8252-4330-bc5a-8d2e38faec73;FRB1696;32;689172;6207567;1;24-06-2019 12:00:00 +02:00;;pH; =;8,8;pH;2
Station;49000054;ARRESØ KANAL, ARRESØDAL SLUSE;32;689172;6207567;Halsnæs;Region Hovedstaden;Vandløb;Poel Å;17-04-2018;1;Feltmålinger, Vandløb;Ja;Miljøstyrelsen;https://vanda.miljoeportal.dk/link/f79106dc-41f6-4f60-960a-a99e835d9d17;FRB1696;32;689172;6207567;1;17-04-2018 07:55:00 +02:00;;Temperatur; =;10,1;grader C;2
Station;49000054;ARRESØ KANAL, ARRESØDAL SLUSE;32;689172;6207567;Halsnæs;Region Hovedstaden;Vandløb;Poel Å;08-07-2019;1;Feltmålinger, Vandløb;Ja;Miljøstyrelsen;https://vanda.miljoeportal.dk/link/59015f28-c73b-4798-848f-b04b7dc17032;FRB1696;32;689172;6207567;1;08-07-2019 09:35:00 +02:00;;pH; =;8,8;pH;2
Station;49000054;ARRESØ KANAL, ARRESØDAL SLUSE;32;689172;6207567;Halsnæs;Region Hovedstaden;Vandløb;Poel Å;02-09-1992;1;Feltmålinger, Vandløb;Ja;Miljøstyrelsen;https://vanda.miljoeportal.dk/link/11102c0b-c47a-4525-800c-7c0ff1807509;FRB1696;32;689172;6207567;1;02-09-1992 08:24:00 +02:00;;Temperatur; =;14,7;grader C;3
Station;49000054;ARRESØ KANAL, ARRESØDAL SLUSE;32;689172;6207567;Halsnæs;Region Hovedstaden;Vandløb;Poel Å;28-02-1996;1;Feltmålinger, Vandløb;Ja;Miljøstyrelsen;https://vanda.miljoeportal.dk/link/f6b9d506-f14a-48fd-854a-b8259bd0f74f;FRB1696;32;689172;6207567;1;28-02-1996 09:11:00 +01:00;;Temperatur; =;2,5;grader C;3
Station;49000054;ARRESØ KANAL, ARRESØDAL SLUSE;32;689172;6207567;Halsnæs;Region Hovedstaden;Vandløb;Poel Å;11-04-2022;1;Feltmålinger, Vandløb;Ja;Miljøstyrelsen;https://vanda.miljoeportal.dk/link/4085949e-54a6-4c55-a785-c863803de2ef;FRB1696;32;689172;6207567;1;11-04-2022 13:57:00 +02:00;;pH; =;9,38;pH;2
Station;49000054;ARRESØ KANAL, ARRESØDAL SLUSE;32;689172;6207567;Halsnæs;Region Hovedstaden;Vandløb;Poel Å;16-08-2011;1;Feltmålinger, Vandløb;Ja;Miljøstyrelsen;https://vanda.miljoeportal.dk/link/8ba9987c-602f-4e8b-af18-3dbde8085c42;FRB1696;32;689172;6207567;1;16-08-2011 10:30:00 +02:00;;pH; =;9;pH;3
Station;49000054;ARRESØ KANAL, ARRESØDAL SLUSE;32;689172;6207567;Halsnæs;Region Hovedstaden;Vandløb;Poel Å;07-10-1992;1;Feltmålinger, Vandløb;Ja;Miljøstyrelsen;https://vanda.miljoeportal.dk/link/12edcd38-8abd-4f79-a472-8c99cde8ef91;FRB1696;32;689172;6207567;1;07-10-1992 08:54:00 +01:00;;Temperatur; =;9;grader C;3
Station;49000054;ARRESØ KANAL, ARRESØDAL SLUSE;32;689172;6207567;Halsnæs;Region Hovedstaden;Vandløb;Poel Å;28-08-2013;1;Feltmålinger, Vandløb;Ja;Miljøstyrelsen;https://vanda.miljoeportal.dk/link/5972a142-9edc-4eae-8909-edc0166a9520;FRB1696;32;689172;6207567;1;28-08-2013 10:30:00 +02:00;;Temperatur; =;19,1;grader C;3
Station;49000054;ARRESØ KANAL, ARRESØDAL SLUSE;32;689172;6207567;Halsnæs;Region Hovedstaden;Vandløb;Poel Å;01-07-2014;1;Feltmålinger, Vandløb;Ja;Miljøstyrelsen;https://vanda.miljoeportal.dk/link/e07491f4-8c6c-4544-bb67-aa640cd74cbf;FRB1696;32;689172;6207567;1;01-07-2014 10:15:00 +02:00;;Temperatur; =;19,4;grader C;3
Station;49000054;ARRESØ KANAL, ARRESØDAL SLUSE;32;689172;6207567;Halsnæs;Region Hovedstaden;Vandløb;Poel Å;04-01-2017;1;Feltmålinger, Vandløb;Ja;Miljøstyrelsen;https://vanda.miljoeportal.dk/link/bb51195e-636d-48c9-a86e-52a187bc9324;FRB1696;32;689172;6207567;1;04-01-2017 08:05:00 +01:00;;pH; =;8,1;pH;2
Station;49000054;ARRESØ KANAL, ARRESØDAL SLUSE;32;689172;6207567;Halsnæs;Region Hovedstaden;Vandløb;Poel Å;08-09-2022;1;Feltmålinger, Vandløb;Ja;Miljøstyrelsen;https://vanda.miljoeportal.dk/link/e0a2c2df-19b3-4864-9836-26dde97e4f87;FRB1696;32;689172;6207567;1;08-09-2022 10:22:00 +02:00;;Temperatur; =;16,3;grader C;2
Station;49000054;ARRESØ KANAL, ARRESØDAL SLUSE;32;689172;6207567;Halsnæs;Region Hovedstaden;Vandløb;Poel Å;04-12-1995;1;Feltmålinger, Vandløb;Ja;Miljøstyrelsen;https://vanda.miljoeportal.dk/link/4ce1445d-76f8-4d70-92bc-9670e13de408;FRB1696;32;689172;6207567;1;04-12-1995 10:35:00 +01:00;;Oxygen indhold; =;15,8;mg/l;3
Station;49000054;ARRESØ KANAL, ARRESØDAL SLUSE;32;689172;6207567;Halsnæs;Region Hovedstaden;Vandløb;Poel Å;11-01-2018;1;Feltmålinger, Vandløb;Ja;Miljøstyrelsen;https://vanda.miljoeportal.dk/link/747f03d5-e4b1-4dd5-8fbd-a9e0a72a259e;FRB1696;32;689172;6207567;1;11-01-2018 07:50:00 +01:00;;Temperatur; =;1,9;grader C;2
Station;49000054;ARRESØ KANAL, ARRESØDAL SLUSE;32;689172;6207567;Halsnæs;Region Hovedstaden;Vandløb;Poel Å;08-03-1989;1;Feltmålinger, Vandløb;Ja;Miljøstyrelsen;https://vanda.miljoeportal.dk/link/eb8c6373-3e46-4310-8090-76612f802e48;FRB1696;32;689172;6207567;1;08-03-1989 09:35:00 +01:00;;Temperatur; =;5;grader C;3
Station;49000054;ARRESØ KANAL, ARRESØDAL SLUSE;32;689172;6207567;Halsnæs;Region Hovedstaden;Vandløb;Poel Å;16-02-1994;1;Feltmålinger, Vandløb;Ja;Miljøstyrelsen;https://vanda.miljoeportal.dk/link/a380df50-cf37-40a0-b86f-5aacddf9884a;FRB1696;32;689172;6207567;1;16-02-1994 10:02:00 +01:00;;Oxygen indhold; =;16,2;mg/l;3
Station;49000054;ARRESØ KANAL, ARRESØDAL SLUSE;32;689172;6207567;Halsnæs;Region Hovedstaden;Vandløb;Poel Å;28-01-2021;2;Feltmålinger, Vandløb;Ja;Miljøstyrelsen;https://vanda.miljoeportal.dk/link/1f178f96-bf1b-498d-a8e4-47ef5636fdf7;FRB1696;32;689172;6207567;1;28-01-2021 11:13:00 +01:00;;pH; =;8,67;pH;2
Station;49000054;ARRESØ KANAL, ARRESØDAL SLUSE;32;689172;6207567;Halsnæs;Region Hovedstaden;Vandløb;Poel Å;06-12-2017;1;Feltmålinger, Vandløb;Ja;Miljøstyrelsen;https://vanda.miljoeportal.dk/link/4a72f5d0-7a6b-4aea-8c0f-ee9282eb4ffa;FRB1696;32;689172;6207567;1;06-12-2017 07:55:00 +01:00;;Temperatur; =;5,6;grader C;2
Station;49000054;ARRESØ KANAL, ARRESØDAL SLUSE;32;689172;6207567;Halsnæs;Region Hovedstaden;Vandløb;Poel Å;04-10-2011;1;Feltmålinger, Vandløb;Ja;Miljøstyrelsen;https://vanda.miljoeportal.dk/link/1ba35576-b9a2-4fd6-82bb-f7264b651638;FRB1696;32;689172;6207567;1;04-10-2011 10:30:00 +02:00;;pH; =;8,3;pH;3
Station;49000054;ARRESØ KANAL, ARRESØDAL SLUSE;32;689172;6207567;Halsnæs;Region Hovedstaden;Vandløb;Poel Å;02-05-2023;1;Feltmålinger, Vandløb;Ja;Miljøstyrelsen;https://vanda.miljoeportal.dk/link/0a1b6ad6-ec04-42a7-9302-a93bc7ddda25;FRB1696;32;689172;6207567;1;02-05-2023 10:30:00 +02:00;;Temperatur; =;11,6;grader C;2
Station;49000054;ARRESØ KANAL, ARRESØDAL SLUSE;32;689172;6207567;Halsnæs;Region Hovedstaden;Vandløb;Poel Å;26-04-1995;1;Feltmålinger, Vandløb;Ja;Miljøstyrelsen;https://vanda.miljoeportal.dk/link/880719dd-0391-4b07-879f-cc152e676ce7;FRB1696;32;689172;6207567;1;26-04-1995 09:20:00 +02:00;;Temperatur; =;12,1;grader C;3
Station;49000054;ARRESØ KANAL, ARRESØDAL SLUSE;32;689172;6207567;Halsnæs;Region Hovedstaden;Vandløb;Poel Å;27-08-1997;1;Feltmålinger, Vandløb;Ja;Miljøstyrelsen;https://vanda.miljoeportal.dk/link/15bc3eec-0aac-43ac-aaad-8eba04166854;FRB1696;32;689172;6207567;1;27-08-1997 08:03:00 +02:00;;Temperatur; =;22,9;grader C;2
Station;49000054;ARRESØ KANAL, ARRESØDAL SLUSE;32;689172;6207567;Halsnæs;Region Hovedstaden;Vandløb;Poel Å;27-02-2002;1;Feltmålinger, Vandløb;Ja;Miljøstyrelsen;https://vanda.miljoeportal.dk/link/9edb2985-e978-4387-b9ef-72a71dc36b2c;FRB1696;32;689172;6207567;1;27-02-2002 10:10:00 +01:00;;Temperatur; =;2;grader C;3
Station;49000054;ARRESØ KANAL, ARRESØDAL SLUSE;32;689172;6207567;Halsnæs;Region Hovedstaden;Vandløb;Poel Å;22-04-2020;1;Feltmålinger, Vandløb;Ja;Miljøstyrelsen;https://vanda.miljoeportal.dk/link/1c76db55-1842-4ae6-b342-3023254fe080;FRB1696;32;689172;6207567;1;22-04-2020 09:49:00 +02:00;;pH; =;8,7;pH;2
Station;49000054;ARRESØ KANAL, ARRESØDAL SLUSE;32;689172;6207567;Halsnæs;Region Hovedstaden;Vandløb;Poel Å;22-04-2004;1;Feltmålinger, Vandløb;Ja;Miljøstyrelsen;https://vanda.miljoeportal.dk/link/a2667c12-5e30-4e33-84d0-475edf122686;FRB1696;32;689172;6207567;1;22-04-2004 08:40:00 +02:00;;Temperatur; =;12,3;grader C;3
Station;49000054;ARRESØ KANAL, ARRESØDAL SLUSE;32;689172;6207567;Halsnæs;Region Hovedstaden;Vandløb;Poel Å;10-10-2001;1;Feltmålinger, Vandløb;Ja;Miljøstyrelsen;https://vanda.miljoeportal.dk/link/5e207a32-945e-4a85-b42a-ca11d32d227b;FRB1696;32;689172;6207567;1;10-10-2001 10:30:00 +02:00;;Oxygen indhold; =;6,4;mg/l;3
Station;49000054;ARRESØ KANAL, ARRESØDAL SLUSE;32;689172;6207567;Halsnæs;Region Hovedstaden;Vandløb;Poel Å;03-07-2002;1;Feltmålinger, Vandløb;Ja;Miljøstyrelsen;https://vanda.miljoeportal.dk/link/8960aa2e-7928-46f9-bbfd-dc7e4783b518;FRB1696;32;689172;6207567;1;03-07-2002 09:10:00 +02:00;;Temperatur; =;16,6;grader C;3
Station;49000054;ARRESØ KANAL, ARRESØDAL SLUSE;32;689172;6207567;Halsnæs;Region Hovedstaden;Vandløb;Poel Å;21-12-2022;1;Feltmålinger, Vandløb;Ja;Miljøstyrelsen;https://vanda.miljoeportal.dk/link/473ab3ae-542a-40e4-a135-8764e6663842;FRB1696;32;689172;6207567;1;21-12-2022 13:54:00 +01:00;;Temperatur; =;2,5;grader C;2
Station;49000054;ARRESØ KANAL, ARRESØDAL SLUSE;32;689172;6207567;Halsnæs;Region Hovedstaden;Vandløb;Poel Å;13-02-2013;1;Feltmålinger, Vandløb;Ja;Miljøstyrelsen;https://vanda.miljoeportal.dk/link/216733f0-b6a4-4e2f-ba27-03a0dc682796;FRB1696;32;689172;6207567;1;13-02-2013 11:00:00 +01:00;;Temperatur; =;2,5;grader C;3
Station;49000054;ARRESØ KANAL, ARRESØDAL SLUSE;32;689172;6207567;Halsnæs;Region Hovedstaden;Vandløb;Poel Å;09-06-1999;1;Feltmålinger, Vandløb;Ja;Miljøstyrelsen;https://vanda.miljoeportal.dk/link/69a6454d-d1e8-4d9e-b0c0-b007ac3d2c96;FRB1696;32;689172;6207567;1;09-06-1999 10:20:00 +02:00;;Temperatur; =;16,7;grader C;3
Station;49000054;ARRESØ KANAL, ARRESØDAL SLUSE;32;689172;6207567;Halsnæs;Region Hovedstaden;Vandløb;Poel Å;29-05-1991;1;Feltmålinger, Vandløb;Ja;Miljøstyrelsen;https://vanda.miljoeportal.dk/link/52fb5aaa-0404-41fc-b3bc-2c95ff78a088;FRB1696;32;689172;6207567;1;29-05-1991 09:15:00 +02:00;;Oxygen indhold; =;14,9;mg/l;3
Station;49000054;ARRESØ KANAL, ARRESØDAL SLUSE;32;689172;6207567;Halsnæs;Region Hovedstaden;Vandløb;Poel Å;21-10-1998;1;Feltmålinger, Vandløb;Ja;Miljøstyrelsen;https://vanda.miljoeportal.dk/link/e00608a6-c493-4007-950f-a01300603d60;FRB1696;32;689172;6207567;1;21-10-1998 08:03:00 +02:00;;Temperatur; =;7,2;grader C;3
Station;49000054;ARRESØ KANAL, ARRESØDAL SLUSE;32;689172;6207567;Halsnæs;Region Hovedstaden;Vandløb;Poel Å;02-08-2000;1;Feltmålinger, Vandløb;Ja;Miljøstyrelsen;https://vanda.miljoeportal.dk/link/ccf140a1-e14a-4038-b61b-62f5b570bd3a;FRB1696;32;689172;6207567;1;02-08-2000 09:50:00 +02:00;;Temperatur; =;18,3;grader C;3
Station;49000054;ARRESØ KANAL, ARRESØDAL SLUSE;32;689172;6207567;Halsnæs;Region Hovedstaden;Vandløb;Poel Å;13-08-2013;1;Feltmålinger, Vandløb;Ja;Miljøstyrelsen;https://vanda.miljoeportal.dk/link/4e73dcf2-a229-4799-b7b6-f424d4d6a70c;FRB1696;32;689172;6207567;1;13-08-2013 10:30:00 +02:00;;Temperatur; =;18,6;grader C;3
Station;49000054;ARRESØ KANAL, ARRESØDAL SLUSE;32;689172;6207567;Halsnæs;Region Hovedstaden;Vandløb;Poel Å;25-05-2005;1;Feltmålinger, Vandløb;Ja;Miljøstyrelsen;https://vanda.miljoeportal.dk/link/3b5d66d9-02e8-4137-a616-d318ff8f1fb1;FRB1696;32;689172;6207567;1;25-05-2005 10:45:00 +02:00;;Oxygen indhold; =;8,6;mg/l;3
Station;49000054;ARRESØ KANAL, ARRESØDAL SLUSE;32;689172;6207567;Halsnæs;Region Hovedstaden;Vandløb;Poel Å;01-02-1995;1;Feltmålinger, Vandløb;Ja;Miljøstyrelsen;https://vanda.miljoeportal.dk/link/f8ca0527-f422-4472-bcc5-3207fb2e6a04;FRB1696;32;689172;6207567;1;01-02-1995 10:31:00 +01:00;;Temperatur; =;0,4;grader C;3
Station;49000054;ARRESØ KANAL, ARRESØDAL SLUSE;32;689172;6207567;Halsnæs;Region Hovedstaden;Vandløb;Poel Å;19-09-1989;1;Feltmålinger, Vandløb;Ja;Miljøstyrelsen;https://vanda.miljoeportal.dk/link/61a32173-1eff-4cac-aaba-8a5c0631150e;FRB1696;32;689172;6207567;1;19-09-1989 11:10:00 +02:00;;Temperatur; =;14,8;grader C;3
Station;49000054;ARRESØ KANAL, ARRESØDAL SLUSE;32;689172;6207567;Halsnæs;Region Hovedstaden;Vandløb;Poel Å;14-11-2019;1;Feltmålinger, Vandløb;Ja;Miljøstyrelsen;https://vanda.miljoeportal.dk/link/a599be78-fb38-4618-829d-8b9747949dcc;FRB1696;32;689172;6207567;1;14-11-2019 12:00:00 +01:00;;pH; =;8,7;pH;2
Station;49000054;ARRESØ KANAL, ARRESØDAL SLUSE;32;689172;6207567;Halsnæs;Region Hovedstaden;Vandløb;Poel Å;25-11-2008;1;Feltmålinger, Vandløb;Ja;Miljøstyrelsen;https://vanda.miljoeportal.dk/link/e7a3deaf-1cfa-47f4-88a7-29a21e6f8f57;FRB1696;32;689172;6207567;1;25-11-2008 09:50:00 +01:00;;Temperatur; =;1,8;grader C;3
Station;49000054;ARRESØ KANAL, ARRESØDAL SLUSE;32;689172;6207567;Halsnæs;Region Hovedstaden;Vandløb;Poel Å;16-09-2010;1;Feltmålinger, Vandløb;Ja;Miljøstyrelsen;https://vanda.miljoeportal.dk/link/c9136fa0-f705-4fec-88c0-c269d7cc95df;FRB1696;32;689172;6207567;1;16-09-2010 11:25:00 +02:00;;Temperatur; =;14,6;grader C;3
Station;49000054;ARRESØ KANAL, ARRESØDAL SLUSE;32;689172;6207567;Halsnæs;Region Hovedstaden;Vandløb;Poel Å;07-10-1992;1;Feltmålinger, Vandløb;Ja;Miljøstyrelsen;https://vanda.miljoeportal.dk/link/12edcd38-8abd-4f79-a472-8c99cde8ef91;FRB1696;32;689172;6207567;1;07-10-1992 08:54:00 +01:00;;Oxygen indhold; =;10,7;mg/l;3
Station;49000054;ARRESØ KANAL, ARRESØDAL SLUSE;32;689172;6207567;Halsnæs;Region Hovedstaden;Vandløb;Poel Å;19-08-2003;1;Feltmålinger, Vandløb;Ja;Miljøstyrelsen;https://vanda.miljoeportal.dk/link/4b5a9402-1938-41dd-a353-0d09ade87aef;FRB1696;32;689172;6207567;1;19-08-2003 10:58:00 +02:00;;Oxygen indhold; =;11,9;mg/l;3
Station;49000054;ARRESØ KANAL, ARRESØDAL SLUSE;32;689172;6207567;Halsnæs;Region Hovedstaden;Vandløb;Poel Å;15-02-1995;1;Feltmålinger, Vandløb;Ja;Miljøstyrelsen;https://vanda.miljoeportal.dk/link/53bf4d18-c359-455d-bd81-2c1b91863bc7;FRB1696;32;689172;6207567;1;15-02-1995 10:46:00 +01:00;;Temperatur; =;2,5;grader C;3
Station;49000054;ARRESØ KANAL, ARRESØDAL SLUSE;32;689172;6207567;Halsnæs;Region Hovedstaden;Vandløb;Poel Å;28-01-2021;2;Feltmålinger, Vandløb;Ja;Miljøstyrelsen;https://vanda.miljoeportal.dk/link/1f178f96-bf1b-498d-a8e4-47ef5636fdf7;FRB1696;32;689172;6207567;1;28-01-2021 11:13:00 +01:00;;Temperatur; =;1,1;grader C;2
Station;49000054;ARRESØ KANAL, ARRESØDAL SLUSE;32;689172;6207567;Halsnæs;Region Hovedstaden;Vandløb;Poel Å;16-07-1997;1;Feltmålinger, Vandløb;Ja;Miljøstyrelsen;https://vanda.miljoeportal.dk/link/b70b01a1-7ba5-4ecf-99a8-12839e3bfe9c;FRB1696;32;689172;6207567;1;16-07-1997 00:00:00 +02:00;;Oxygen indhold; =;7,5;mg/l;2
Station;49000054;ARRESØ KANAL, ARRESØDAL SLUSE;32;689172;6207567;Halsnæs;Region Hovedstaden;Vandløb;Poel Å;21-02-2012;1;Feltmålinger, Vandløb;Ja;Miljøstyrelsen;https://vanda.miljoeportal.dk/link/e1d4e07e-39d3-4458-aff2-e868fb838b62;FRB1696;32;689172;6207567;1;21-02-2012 10:55:00 +01:00;;pH; =;8,8;pH;3
Station;49000054;ARRESØ KANAL, ARRESØDAL SLUSE;32;689172;6207567;Halsnæs;Region Hovedstaden;Vandløb;Poel Å;07-01-2016;1;Feltmålinger, Vandløb;Ja;Miljøstyrelsen;https://vanda.miljoeportal.dk/link/f177650e-72d8-41e6-97e9-9fd96ad93199;FRB1696;32;689172;6207567;1;07-01-2016 08:05:00 +01:00;;Temperatur; =;0,3;grader C;3
Station;49000054;ARRESØ KANAL, ARRESØDAL SLUSE;32;689172;6207567;Halsnæs;Region Hovedstaden;Vandløb;Poel Å;29-11-2023;1;Feltmålinger, Vandløb;Ja;Miljøstyrelsen;https://vanda.miljoeportal.dk/link/c7f3c247-4307-4d1a-b83f-e4e73b0230da;FRB1696;32;689172;6207567;1;29-11-2023 10:50:00 +01:00;;pH; =;8,44;pH;2
Station;49000054;ARRESØ KANAL, ARRESØDAL SLUSE;32;689172;6207567;Halsnæs;Region Hovedstaden;Vandløb;Poel Å;11-01-2011;1;Feltmålinger, Vandløb;Ja;Miljøstyrelsen;https://vanda.miljoeportal.dk/link/d1af2046-1349-4e6e-8ccb-ca3f8d655fec;FRB1696;32;689172;6207567;1;11-01-2011 11:00:00 +01:00;;pH; =;8,1;pH;3
Station;49000054;ARRESØ KANAL, ARRESØDAL SLUSE;32;689172;6207567;Halsnæs;Region Hovedstaden;Vandløb;Poel Å;25-08-2015;1;Feltmålinger, Vandløb;Ja;Miljøstyrelsen;https://vanda.miljoeportal.dk/link/d8b9b83d-e479-4332-9c95-ed84534c114c;FRB1696;32;689172;6207567;1;25-08-2015 08:00:00 +02:00;;Temperatur; =;19,1;grader C;2
Station;49000054;ARRESØ KANAL, ARRESØDAL SLUSE;32;689172;6207567;Halsnæs;Region Hovedstaden;Vandløb;Poel Å;02-05-2016;1;Feltmålinger, Vandløb;Ja;Miljøstyrelsen;https://vanda.miljoeportal.dk/link/1e2bfc15-fbfb-4102-b9a7-9974b90d288a;FRB1696;32;689172;6207567;1;02-05-2016 07:40:00 +02:00;;Temperatur; =;10,2;grader C;3
Station;49000054;ARRESØ KANAL, ARRESØDAL SLUSE;32;689172;6207567;Halsnæs;Region Hovedstaden;Vandløb;Poel Å;07-12-2006;1;Feltmålinger, Vandløb;Ja;Miljøstyrelsen;https://vanda.miljoeportal.dk/link/b9718882-7d99-4214-949a-09ab6ef174f8;FRB1696;32;689172;6207567;1;07-12-2006 10:05:00 +01:00;;Oxygen indhold; =;11;mg/l;2
Station;49000054;ARRESØ KANAL, ARRESØDAL SLUSE;32;689172;6207567;Halsnæs;Region Hovedstaden;Vandløb;Poel Å;08-08-2023;1;Feltmålinger, Vandløb;Ja;Miljøstyrelsen;https://vanda.miljoeportal.dk/link/472c93b9-897e-465a-82ff-f8fbde438a77;FRB1696;32;689172;6207567;1;08-08-2023 09:47:00 +02:00;;Temperatur; =;15,2;grader C;2
Station;49000054;ARRESØ KANAL, ARRESØDAL SLUSE;32;689172;6207567;Halsnæs;Region Hovedstaden;Vandløb;Poel Å;25-03-2014;1;Feltmålinger, Vandløb;Ja;Miljøstyrelsen;https://vanda.miljoeportal.dk/link/a0915b43-d4e3-4cc3-821c-b66c8005097e;FRB1696;32;689172;6207567;1;25-03-2014 11:00:00 +01:00;;Temperatur; =;7,9;grader C;3
Station;49000054;ARRESØ KANAL, ARRESØDAL SLUSE;32;689172;6207567;Halsnæs;Region Hovedstaden;Vandløb;Poel Å;04-04-2017;1;Feltmålinger, Vandløb;Ja;Miljøstyrelsen;https://vanda.miljoeportal.dk/link/fa713dad-1348-48bb-b443-cf61246dfc27;FRB1696;32;689172;6207567;1;04-04-2017 07:55:00 +02:00;;Temperatur; =;9,6;grader C;2
Station;49000054;ARRESØ KANAL, ARRESØDAL SLUSE;32;689172;6207567;Halsnæs;Region Hovedstaden;Vandløb;Poel Å;06-11-2002;1;Feltmålinger, Vandløb;Ja;Miljøstyrelsen;https://vanda.miljoeportal.dk/link/3471e417-f380-492a-87ee-b3ed516b92f9;FRB1696;32;689172;6207567;1;06-11-2002 08:25:00 +01:00;;Oxygen indhold; =;10,4;mg/l;3
Station;49000054;ARRESØ KANAL, ARRESØDAL SLUSE;32;689172;6207567;Halsnæs;Region Hovedstaden;Vandløb;Poel Å;04-12-2018;1;Feltmålinger, Vandløb;Ja;Miljøstyrelsen;https://vanda.miljoeportal.dk/link/3904776a-d18f-44cb-95b1-4435e1eda56d;FRB1696;32;689172;6207567;1;04-12-2018 07:50:00 +01:00;;pH; =;8,3;pH;2
Station;49000054;ARRESØ KANAL, ARRESØDAL SLUSE;32;689172;6207567;Halsnæs;Region Hovedstaden;Vandløb;Poel Å;29-11-2016;1;Feltmålinger, Vandløb;Ja;Miljøstyrelsen;https://vanda.miljoeportal.dk/link/42e7d7fb-6b63-4a36-854a-46c3bfe76a8c;FRB1696;32;689172;6207567;1;29-11-2016 07:50:00 +01:00;;Temperatur; =;1,4;grader C;3
Station;49000054;ARRESØ KANAL, ARRESØDAL SLUSE;32;689172;6207567;Halsnæs;Region Hovedstaden;Vandløb;Poel Å;14-06-1989;1;Feltmålinger, Vandløb;Ja;Miljøstyrelsen;https://vanda.miljoeportal.dk/link/f13d3e15-24a5-4eb1-aa8b-798bbccbf51f;FRB1696;32;689172;6207567;1;14-06-1989 09:25:00 +02:00;;Oxygen indhold; =;8,4;mg/l;3
Station;49000054;ARRESØ KANAL, ARRESØDAL SLUSE;32;689172;6207567;Halsnæs;Region Hovedstaden;Vandløb;Poel Å;04-10-2023;1;Feltmålinger, Vandløb;Ja;Miljøstyrelsen;https://vanda.miljoeportal.dk/link/0cac006b-fa6f-400c-9c0b-fa4c52919812;FRB1696;32;689172;6207567;1;04-10-2023 10:30:00 +02:00;;Temperatur; =;14,6;grader C;2
Station;49000054;ARRESØ KANAL, ARRESØDAL SLUSE;32;689172;6207567;Halsnæs;Region Hovedstaden;Vandløb;Poel Å;22-06-2015;1;Feltmålinger, Vandløb;Ja;Miljøstyrelsen;https://vanda.miljoeportal.dk/link/58d9cc59-36bb-4b9f-baa2-d57b364f0f70;FRB1696;32;689172;6207567;1;22-06-2015 09:45:00 +02:00;;pH; =;8,7;pH;2
Station;49000054;ARRESØ KANAL, ARRESØDAL SLUSE;32;689172;6207567;Halsnæs;Region Hovedstaden;Vandløb;Poel Å;21-03-1990;1;Feltmålinger, Vandløb;Ja;Miljøstyrelsen;https://vanda.miljoeportal.dk/link/c6f43917-0f54-4395-bf39-6a08c05cd007;FRB1696;32;689172;6207567;1;21-03-1990 09:45:00 +01:00;;Temperatur; =;6,4;grader C;3
Station;49000054;ARRESØ KANAL, ARRESØDAL SLUSE;32;689172;6207567;Halsnæs;Region Hovedstaden;Vandløb;Poel Å;26-10-1994;1;Feltmålinger, Vandløb;Ja;Miljøstyrelsen;https://vanda.miljoeportal.dk/link/9a22a032-13d6-428d-86df-760e7ba88bfa;FRB1696;32;689172;6207567;1;26-10-1994 10:23:00 +01:00;;Oxygen indhold; =;11,9;mg/l;3
Station;49000054;ARRESØ KANAL, ARRESØDAL SLUSE;32;689172;6207567;Halsnæs;Region Hovedstaden;Vandløb;Poel Å;22-11-2006;1;Feltmålinger, Vandløb;Ja;Miljøstyrelsen;https://vanda.miljoeportal.dk/link/3493ff60-11aa-499b-8a89-6d18c4b92ea3;FRB1696;32;689172;6207567;1;22-11-2006 10:05:00 +01:00;;Oxygenmætning; =;91;pct;2
Station;49000054;ARRESØ KANAL, ARRESØDAL SLUSE;32;689172;6207567;Halsnæs;Region Hovedstaden;Vandløb;Poel Å;22-12-1993;1;Feltmålinger, Vandløb;Ja;Miljøstyrelsen;https://vanda.miljoeportal.dk/link/c7379e59-3289-4bf0-879f-d75196a2ce0e;FRB1696;32;689172;6207567;1;22-12-1993 10:03:00 +01:00;;Oxygen indhold; =;13,6;mg/l;3
Station;49000054;ARRESØ KANAL, ARRESØDAL SLUSE;32;689172;6207567;Halsnæs;Region Hovedstaden;Vandløb;Poel Å;21-05-1997;1;Feltmålinger, Vandløb;Ja;Miljøstyrelsen;https://vanda.miljoeportal.dk/link/abeb5f58-b09b-4fd0-a4b1-36ec1132a6f4;FRB1696;32;689172;6207567;1;21-05-1997 08:05:00 +02:00;;Temperatur; =;10,1;grader C;3
Station;49000054;ARRESØ KANAL, ARRESØDAL SLUSE;32;689172;6207567;Halsnæs;Region Hovedstaden;Vandløb;Poel Å;27-04-2005;1;Feltmålinger, Vandløb;Ja;Miljøstyrelsen;https://vanda.miljoeportal.dk/link/d9ecc9cf-b1b0-4c7f-a00a-0d049b5ec13f;FRB1696;32;689172;6207567;1;27-04-2005 10:35:00 +02:00;;Oxygenmætning; =;115;pct;3
Station;49000054;ARRESØ KANAL, ARRESØDAL SLUSE;32;689172;6207567;Halsnæs;Region Hovedstaden;Vandløb;Poel Å;31-07-2002;1;Feltmålinger, Vandløb;Ja;Miljøstyrelsen;https://vanda.miljoeportal.dk/link/803812b5-2360-4e82-a3bf-e287eec9fe16;FRB1696;32;689172;6207567;1;31-07-2002 08:51:00 +02:00;;Temperatur; =;21,4;grader C;3
Station;49000054;ARRESØ KANAL, ARRESØDAL SLUSE;32;689172;6207567;Halsnæs;Region Hovedstaden;Vandløb;Poel Å;04-09-2015;1;Feltmålinger, Vandløb;Ja;Miljøstyrelsen;https://vanda.miljoeportal.dk/link/961a1935-2361-471e-b0de-630482789992;FRB1696;32;689172;6207567;1;04-09-2015 08:10:00 +02:00;;pH; =;8,6;pH;2
Station;49000054;ARRESØ KANAL, ARRESØDAL SLUSE;32;689172;6207567;Halsnæs;Region Hovedstaden;Vandløb;Poel Å;29-03-2000;1;Feltmålinger, Vandløb;Ja;Miljøstyrelsen;https://vanda.miljoeportal.dk/link/262dd136-420e-440c-875a-44fadbcae589;FRB1696;32;689172;6207567;1;29-03-2000 09:35:00 +02:00;;Temperatur; =;3,1;grader C;3
Station;49000054;ARRESØ KANAL, ARRESØDAL SLUSE;32;689172;6207567;Halsnæs;Region Hovedstaden;Vandløb;Poel Å;05-08-1992;1;Feltmålinger, Vandløb;Ja;Miljøstyrelsen;https://vanda.miljoeportal.dk/link/5072b6bd-2bc5-42fc-972e-921eeaa06499;FRB1696;32;689172;6207567;1;05-08-1992 08:10:00 +02:00;;Oxygen indhold; =;7,1;mg/l;3
Station;49000054;ARRESØ KANAL, ARRESØDAL SLUSE;32;689172;6207567;Halsnæs;Region Hovedstaden;Vandløb;Poel Å;12-04-2011;1;Feltmålinger, Vandløb;Ja;Miljøstyrelsen;https://vanda.miljoeportal.dk/link/4c4a924a-208f-4a65-87ba-1d482e1795f8;FRB1696;32;689172;6207567;1;12-04-2011 11:20:00 +02:00;;Temperatur; =;10,2;grader C;3
Station;49000054;ARRESØ KANAL, ARRESØDAL SLUSE;32;689172;6207567;Halsnæs;Region Hovedstaden;Vandløb;Poel Å;02-03-2016;1;Feltmålinger, Vandløb;Ja;Miljøstyrelsen;https://vanda.miljoeportal.dk/link/90889fd3-43ca-4a62-a6de-50f3a6345067;FRB1696;32;689172;6207567;1;02-03-2016 08:05:00 +01:00;;pH; =;8,8;pH;3
Station;49000054;ARRESØ KANAL, ARRESØDAL SLUSE;32;689172;6207567;Halsnæs;Region Hovedstaden;Vandløb;Poel Å;25-10-2022;1;Feltmålinger, Vandløb;Ja;Miljøstyrelsen;https://vanda.miljoeportal.dk/link/b59aadc0-698f-4e1a-b230-15fbbf4605fa;FRB1696;32;689172;6207567;1;25-10-2022 09:30:00 +02:00;;pH; =;8,316;pH;2
Station;49000054;ARRESØ KANAL, ARRESØDAL SLUSE;32;689172;6207567;Halsnæs;Region Hovedstaden;Vandløb;Poel Å;06-12-2016;1;Feltmålinger, Vandløb;Ja;Miljøstyrelsen;https://vanda.miljoeportal.dk/link/c1c5a61c-e3f1-4dc1-97b1-1d035c341429;FRB1696;32;689172;6207567;1;06-12-2016 07:50:00 +01:00;;Temperatur; =;3,1;grader C;3
Station;49000054;ARRESØ KANAL, ARRESØDAL SLUSE;32;689172;6207567;Halsnæs;Region Hovedstaden;Vandløb;Poel Å;07-05-2014;1;Feltmålinger, Vandløb;Ja;Miljøstyrelsen;https://vanda.miljoeportal.dk/link/46a338bd-194c-4e63-a199-e4f14df9328f;FRB1696;32;689172;6207567;1;07-05-2014 10:30:00 +02:00;;Temperatur; =;12,9;grader C;3
Station;49000054;ARRESØ KANAL, ARRESØDAL SLUSE;32;689172;6207567;Halsnæs;Region Hovedstaden;Vandløb;Poel Å;29-07-1998;1;Feltmålinger, Vandløb;Ja;Miljøstyrelsen;https://vanda.miljoeportal.dk/link/7c61b092-94e4-443e-a7b2-d29684671fe9;FRB1696;32;689172;6207567;1;29-07-1998 10:05:00 +02:00;;Oxygen indhold; =;10,8;mg/l;3
Station;49000054;ARRESØ KANAL, ARRESØDAL SLUSE;32;689172;6207567;Halsnæs;Region Hovedstaden;Vandløb;Poel Å;05-11-1997;1;Feltmålinger, Vandløb;Ja;Miljøstyrelsen;https://vanda.miljoeportal.dk/link/f2f63202-947c-4fd1-92fd-7fbf14ac29fe;FRB1696;32;689172;6207567;1;05-11-1997 09:38:00 +01:00;;Temperatur; =;3,2;grader C;3
Station;49000054;ARRESØ KANAL, ARRESØDAL SLUSE;32;689172;6207567;Halsnæs;Region Hovedstaden;Vandløb;Poel Å;19-06-1996;1;Feltmålinger, Vandløb;Ja;Miljøstyrelsen;https://vanda.miljoeportal.dk/link/53d23f18-3620-4e90-a2f8-5b11253cc27e;FRB1696;32;689172;6207567;1;19-06-1996 08:01:00 +02:00;;Oxygen indhold; =;9;mg/l;3
Station;49000054;ARRESØ KANAL, ARRESØDAL SLUSE;32;689172;6207567;Halsnæs;Region Hovedstaden;Vandløb;Poel Å;08-11-2016;1;Feltmålinger, Vandløb;Ja;Miljøstyrelsen;https://vanda.miljoeportal.dk/link/f7868154-2bb2-496a-8f59-e23df5ea1c8b;FRB1696;32;689172;6207567;1;08-11-2016 07:50:00 +01:00;;pH; =;8,8;pH;3
Station;49000054;ARRESØ KANAL, ARRESØDAL SLUSE;32;689172;6207567;Halsnæs;Region Hovedstaden;Vandløb;Poel Å;26-10-1993;1;Feltmålinger, Vandløb;Ja;Miljøstyrelsen;https://vanda.miljoeportal.dk/link/b87ccf5a-5195-4451-8f01-e3f6edaef650;FRB1696;32;689172;6207567;1;26-10-1993 09:35:00 +01:00;;Oxygen indhold; =;14,9;mg/l;3
Station;49000054;ARRESØ KANAL, ARRESØDAL SLUSE;32;689172;6207567;Halsnæs;Region Hovedstaden;Vandløb;Poel Å;23-04-1997;1;Feltmålinger, Vandløb;Ja;Miljøstyrelsen;https://vanda.miljoeportal.dk/link/0269a65a-7c74-4c38-ae81-f20eefa259ce;FRB1696;32;689172;6207567;1;23-04-1997 08:21:00 +02:00;;Oxygen indhold; =;11,4;mg/l;3
Station;49000054;ARRESØ KANAL, ARRESØDAL SLUSE;32;689172;6207567;Halsnæs;Region Hovedstaden;Vandløb;Poel Å;23-10-2002;1;Feltmålinger, Vandløb;Ja;Miljøstyrelsen;https://vanda.miljoeportal.dk/link/a68fcd28-e94b-4c8d-a00e-1d1ce2d8125e;FRB1696;32;689172;6207567;1;23-10-2002 08:00:00 +02:00;;Oxygenmætning; =;83;pct;3
Station;49000054;ARRESØ KANAL, ARRESØDAL SLUSE;32;689172;6207567;Halsnæs;Region Hovedstaden;Vandløb;Poel Å;28-09-1994;1;Feltmålinger, Vandløb;Ja;Miljøstyrelsen;https://vanda.miljoeportal.dk/link/c87ad7d8-326f-4a85-94f6-61e40f0bb903;FRB1696;32;689172;6207567;1;28-09-1994 10:42:00 +01:00;;Temperatur; =;10,7;grader C;3
Station;49000054;ARRESØ KANAL, ARRESØDAL SLUSE;32;689172;6207567;Halsnæs;Region Hovedstaden;Vandløb;Poel Å;23-10-2018;1;Feltmålinger, Vandløb;Ja;Miljøstyrelsen;https://vanda.miljoeportal.dk/link/fc2eabd2-9727-4b05-acb6-0c195fafdba9;FRB1696;32;689172;6207567;1;23-10-2018 08:10:00 +02:00;;Temperatur; =;10,7;grader C;2
Station;49000054;ARRESØ KANAL, ARRESØDAL SLUSE;32;689172;6207567;Halsnæs;Region Hovedstaden;Vandløb;Poel Å;17-08-2020;1;Feltmålinger, Vandløb;Ja;Miljøstyrelsen;https://vanda.miljoeportal.dk/link/4881f784-99c9-4406-a712-7f7a60c41103;FRB1696;32;689172;6207567;1;17-08-2020 16:14:00 +02:00;;pH; =;8,96;pH;2
Station;49000054;ARRESØ KANAL, ARRESØDAL SLUSE;32;689172;6207567;Halsnæs;Region Hovedstaden;Vandløb;Poel Å;03-01-2001;1;Feltmålinger, Vandløb;Ja;Miljøstyrelsen;https://vanda.miljoeportal.dk/link/fc8a8a04-536d-40dd-ab5d-2947a05ddbde;FRB1696;32;689172;6207567;1;03-01-2001 08:40:00 +01:00;;Oxygen indhold; =;12,8;mg/l;3
Station;49000054;ARRESØ KANAL, ARRESØDAL SLUSE;32;689172;6207567;Halsnæs;Region Hovedstaden;Vandløb;Poel Å;19-01-1994;1;Feltmålinger, Vandløb;Ja;Miljøstyrelsen;https://vanda.miljoeportal.dk/link/188c7965-dba5-4efb-8c2b-a1ff9aa4ee1b;FRB1696;32;689172;6207567;1;19-01-1994 09:30:00 +01:00;;Oxygen indhold; =;13,3;mg/l;3
Station;49000054;ARRESØ KANAL, ARRESØDAL SLUSE;32;689172;6207567;Halsnæs;Region Hovedstaden;Vandløb;Poel Å;13-02-2007;1;Feltmålinger, Vandløb;Ja;Miljøstyrelsen;https://vanda.miljoeportal.dk/link/a77a7a45-b59c-4c06-a750-df9ddc742be3;FRB1696;32;689172;6207567;1;13-02-2007 09:20:00 +01:00;;Temperatur; =;0,6;grader C;3
Station;49000054;ARRESØ KANAL, ARRESØDAL SLUSE;32;689172;6207567;Halsnæs;Region Hovedstaden;Vandløb;Poel Å;21-03-2017;1;Feltmålinger, Vandløb;Ja;Miljøstyrelsen;https://vanda.miljoeportal.dk/link/e4d6c023-90e0-4df4-9119-fd7eab2e7564;FRB1696;32;689172;6207567;1;21-03-2017 08:05:00 +01:00;;Temperatur; =;6,6;grader C;2
Station;49000054;ARRESØ KANAL, ARRESØDAL SLUSE;32;689172;6207567;Halsnæs;Region Hovedstaden;Vandløb;Poel Å;13-04-2005;1;Feltmålinger, Vandløb;Ja;Miljøstyrelsen;https://vanda.miljoeportal.dk/link/a74493b8-f879-42f0-a83d-c71bad807cdc;FRB1696;32;689172;6207567;1;13-04-2005 10:30:00 +02:00;;Temperatur; =;9,4;grader C;3
Station;49000054;ARRESØ KANAL, ARRESØDAL SLUSE;32;689172;6207567;Halsnæs;Region Hovedstaden;Vandløb;Poel Å;23-10-2002;1;Feltmålinger, Vandløb;Ja;Miljøstyrelsen;https://vanda.miljoeportal.dk/link/a68fcd28-e94b-4c8d-a00e-1d1ce2d8125e;FRB1696;32;689172;6207567;1;23-10-2002 08:00:00 +02:00;;Temperatur; =;6,7;grader C;3
Station;49000054;ARRESØ KANAL, ARRESØDAL SLUSE;32;689172;6207567;Halsnæs;Region Hovedstaden;Vandløb;Poel Å;19-08-2014;1;Feltmålinger, Vandløb;Ja;Miljøstyrelsen;https://vanda.miljoeportal.dk/link/2bdcf07e-2c25-4e35-a8b3-39b0b84f5ff8;FRB1696;32;689172;6207567;1;19-08-2014 11:05:00 +02:00;;pH; =;8,6;pH;3
Station;49000054;ARRESØ KANAL, ARRESØDAL SLUSE;32;689172;6207567;Halsnæs;Region Hovedstaden;Vandløb;Poel Å;03-08-1994;1;Feltmålinger, Vandløb;Ja;Miljøstyrelsen;https://vanda.miljoeportal.dk/link/14fe5dfc-4511-4f64-8ac2-be30469efea1;FRB1696;32;689172;6207567;1;03-08-1994 09:44:00 +02:00;;Oxygen indhold; =;8,4;mg/l;2
Station;49000054;ARRESØ KANAL, ARRESØDAL SLUSE;32;689172;6207567;Halsnæs;Region Hovedstaden;Vandløb;Poel Å;26-01-2017;1;Feltmålinger, Vandløb;Ja;Miljøstyrelsen;https://vanda.miljoeportal.dk/link/414da5f3-0fa4-4b3f-b0e7-8679c7c83ae8;FRB1696;32;689172;6207567;1;26-01-2017 08:05:00 +01:00;;pH; =;8,5;pH;2
Station;49000054;ARRESØ KANAL, ARRESØDAL SLUSE;32;689172;6207567;Halsnæs;Region Hovedstaden;Vandløb;Poel Å;17-02-1999;1;Feltmålinger, Vandløb;Ja;Miljøstyrelsen;https://vanda.miljoeportal.dk/link/699c3779-2a94-401e-ac32-f0ddb13e2100;FRB1696;32;689172;6207567;1;17-02-1999 10:20:00 +01:00;;Temperatur; =;1,5;grader C;3
Station;49000054;ARRESØ KANAL, ARRESØDAL SLUSE;32;689172;6207567;Halsnæs;Region Hovedstaden;Vandløb;Poel Å;26-02-2020;1;Feltmålinger, Vandløb;Ja;Miljøstyrelsen;https://vanda.miljoeportal.dk/link/9eb35bd9-5c27-43a5-8fb2-7b914ce0708e;FRB1696;32;689172;6207567;1;26-02-2020 14:06:00 +01:00;;pH; =;9;pH;2
Station;49000054;ARRESØ KANAL, ARRESØDAL SLUSE;32;689172;6207567;Halsnæs;Region Hovedstaden;Vandløb;Poel Å;12-09-2001;1;Feltmålinger, Vandløb;Ja;Miljøstyrelsen;https://vanda.miljoeportal.dk/link/ec82532c-ff08-4646-ad61-2a4a3aeea0cf;FRB1696;32;689172;6207567;1;12-09-2001 09:10:00 +02:00;;Temperatur; =;14;grader C;3
Station;49000054;ARRESØ KANAL, ARRESØDAL SLUSE;32;689172;6207567;Halsnæs;Region Hovedstaden;Vandløb;Poel Å;24-04-2002;1;Feltmålinger, Vandløb;Ja;Miljøstyrelsen;https://vanda.miljoeportal.dk/link/e9993dff-e4cf-483d-8a1f-b4f2290bca3e;FRB1696;32;689172;6207567;1;24-04-2002 10:00:00 +02:00;;Temperatur; =;11,1;grader C;3
Station;49000054;ARRESØ KANAL, ARRESØDAL SLUSE;32;689172;6207567;Halsnæs;Region Hovedstaden;Vandløb;Poel Å;08-10-2013;1;Feltmålinger, Vandløb;Ja;Miljøstyrelsen;https://vanda.miljoeportal.dk/link/e2414245-24b1-498c-9d8b-6d603c074f64;FRB1696;32;689172;6207567;1;08-10-2013 10:50:00 +02:00;;Temperatur; =;12;grader C;3
Station;49000054;ARRESØ KANAL, ARRESØDAL SLUSE;32;689172;6207567;Halsnæs;Region Hovedstaden;Vandløb;Poel Å;08-07-2019;1;Feltmålinger, Vandløb;Ja;Miljøstyrelsen;https://vanda.miljoeportal.dk/link/59015f28-c73b-4798-848f-b04b7dc17032;FRB1696;32;689172;6207567;1;08-07-2019 09:35:00 +02:00;;Temperatur; =;16,3;grader C;2
Station;49000054;ARRESØ KANAL, ARRESØDAL SLUSE;32;689172;6207567;Halsnæs;Region Hovedstaden;Vandløb;Poel Å;18-01-1995;1;Feltmålinger, Vandløb;Ja;Miljøstyrelsen;https://vanda.miljoeportal.dk/link/a1cee2be-8819-4a4a-b36e-e205b08f0e72;FRB1696;32;689172;6207567;1;18-01-1995 10:39:00 +01:00;;Temperatur; =;0,9;grader C;3
Station;49000054;ARRESØ KANAL, ARRESØDAL SLUSE;32;689172;6207567;Halsnæs;Region Hovedstaden;Vandløb;Poel Å;28-01-2004;1;Feltmålinger, Vandløb;Ja;Miljøstyrelsen;https://vanda.miljoeportal.dk/link/b16e5893-9cab-4312-a6d1-ff8067fb6cdd;FRB1696;32;689172;6207567;1;28-01-2004 10:55:00 +01:00;;Oxygen indhold; =;17,7;mg/l;2
Station;49000054;ARRESØ KANAL, ARRESØDAL SLUSE;32;689172;6207567;Halsnæs;Region Hovedstaden;Vandløb;Poel Å;25-11-2021;1;Feltmålinger, Vandløb;Ja;Miljøstyrelsen;https://vanda.miljoeportal.dk/link/c3a7131e-8e5e-40a7-984a-726d2a3773ca;FRB1696;32;689172;6207567;1;25-11-2021 13:42:00 +01:00;;pH; =;8,72;pH;2
Station;49000054;ARRESØ KANAL, ARRESØDAL SLUSE;32;689172;6207567;Halsnæs;Region Hovedstaden;Vandløb;Poel Å;04-08-1999;1;Feltmålinger, Vandløb;Ja;Miljøstyrelsen;https://vanda.miljoeportal.dk/link/f30b3759-cca4-4592-b865-8db3c6379a29;FRB1696;32;689172;6207567;1;04-08-1999 10:10:00 +02:00;;Oxygen indhold; =;9,8;mg/l;2
Station;49000054;ARRESØ KANAL, ARRESØDAL SLUSE;32;689172;6207567;Halsnæs;Region Hovedstaden;Vandløb;Poel Å;07-02-2012;1;Feltmålinger, Vandløb;Ja;Miljøstyrelsen;https://vanda.miljoeportal.dk/link/f5993258-fa87-4824-bcad-59d325f02814;FRB1696;32;689172;6207567;1;07-02-2012 10:45:00 +01:00;;Temperatur; =;0,7;grader C;3
Station;49000054;ARRESØ KANAL, ARRESØDAL SLUSE;32;689172;6207567;Halsnæs;Region Hovedstaden;Vandløb;Poel Å;26-01-2010;1;Feltmålinger, Vandløb;Ja;Miljøstyrelsen;https://vanda.miljoeportal.dk/link/fdf0d98f-a236-4ffd-9264-98a548e9875b;FRB1696;32;689172;6207567;1;26-01-2010 09:50:00 +01:00;;Temperatur; =;1,4;grader C;3
Station;49000054;ARRESØ KANAL, ARRESØDAL SLUSE;32;689172;6207567;Halsnæs;Region Hovedstaden;Vandløb;Poel Å;20-10-2004;1;Feltmålinger, Vandløb;Ja;Miljøstyrelsen;https://vanda.miljoeportal.dk/link/95a0ba7d-ad0f-41d6-8732-7a6a88541255;FRB1696;32;689172;6207567;1;20-10-2004 10:55:00 +02:00;;Oxygen indhold; =;11,5;mg/l;3
Station;49000054;ARRESØ KANAL, ARRESØDAL SLUSE;32;689172;6207567;Halsnæs;Region Hovedstaden;Vandløb;Poel Å;24-04-2007;1;Feltmålinger, Vandløb;Ja;Miljøstyrelsen;https://vanda.miljoeportal.dk/link/e46d9fab-554e-4dce-aeb6-d8129bd81010;FRB1696;32;689172;6207567;1;24-04-2007 09:25:00 +02:00;;Temperatur; =;10,3;grader C;3
Station;49000054;ARRESØ KANAL, ARRESØDAL SLUSE;32;689172;6207567;Halsnæs;Region Hovedstaden;Vandløb;Poel Å;29-04-1991;1;Feltmålinger, Vandløb;Ja;Miljøstyrelsen;https://vanda.miljoeportal.dk/link/f38a4dec-b866-4ba4-b6e1-e4a78b2e6cfc;FRB1696;32;689172;6207567;1;29-04-1991 09:44:00 +02:00;;Temperatur; =;7,2;grader C;3
Station;49000054;ARRESØ KANAL, ARRESØDAL SLUSE;32;689172;6207567;Halsnæs;Region Hovedstaden;Vandløb;Poel Å;23-06-1993;1;Feltmålinger, Vandløb;Ja;Miljøstyrelsen;https://vanda.miljoeportal.dk/link/cdfe31d7-d55b-4055-a003-8a54a5c7476a;FRB1696;32;689172;6207567;1;23-06-1993 08:56:00 +02:00;;Temperatur; =;16,1;grader C;3
Station;49000054;ARRESØ KANAL, ARRESØDAL SLUSE;32;689172;6207567;Halsnæs;Region Hovedstaden;Vandløb;Poel Å;14-07-2004;1;Feltmålinger, Vandløb;Ja;Miljøstyrelsen;https://vanda.miljoeportal.dk/link/7af6614b-5316-46c4-97ae-c225b4c44b6b;FRB1696;32;689172;6207567;1;14-07-2004 11:00:00 +02:00;;Oxygen indhold; =;8,7;mg/l;3
Station;49000054;ARRESØ KANAL, ARRESØDAL SLUSE;32;689172;6207567;Halsnæs;Region Hovedstaden;Vandløb;Poel Å;21-08-1991;1;Feltmålinger, Vandløb;Ja;Miljøstyrelsen;https://vanda.miljoeportal.dk/link/09a8bd0c-da59-47ac-afbc-d47bb875bb06;FRB1696;32;689172;6207567;1;21-08-1991 09:33:00 +02:00;;Oxygen indhold; =;10,6;mg/l;3
Station;49000054;ARRESØ KANAL, ARRESØDAL SLUSE;32;689172;6207567;Halsnæs;Region Hovedstaden;Vandløb;Poel Å;16-09-2003;1;Feltmålinger, Vandløb;Ja;Miljøstyrelsen;https://vanda.miljoeportal.dk/link/1f7aaaec-0dfc-4c30-a46b-1b6605b3817a;FRB1696;32;689172;6207567;1;16-09-2003 09:55:00 +02:00;;Oxygen indhold; =;9,4;mg/l;3
Station;49000054;ARRESØ KANAL, ARRESØDAL SLUSE;32;689172;6207567;Halsnæs;Region Hovedstaden;Vandløb;Poel Å;26-09-2001;1;Feltmålinger, Vandløb;Ja;Miljøstyrelsen;https://vanda.miljoeportal.dk/link/33d54689-6f1d-4397-a57b-e42ab169ced9;FRB1696;32;689172;6207567;1;26-09-2001 09:25:00 +02:00;;Temperatur; =;12;grader C;3
Station;49000054;ARRESØ KANAL, ARRESØDAL SLUSE;32;689172;6207567;Halsnæs;Region Hovedstaden;Vandløb;Poel Å;11-08-2004;1;Feltmålinger, Vandløb;Ja;Miljøstyrelsen;https://vanda.miljoeportal.dk/link/0c94d1c4-16d9-4095-8700-20fa2a49b049;FRB1696;32;689172;6207567;1;11-08-2004 09:40:00 +02:00;;Oxygen indhold; =;10,6;mg/l;2
Station;49000054;ARRESØ KANAL, ARRESØDAL SLUSE;32;689172;6207567;Halsnæs;Region Hovedstaden;Vandløb;Poel Å;16-06-2004;1;Feltmålinger, Vandløb;Ja;Miljøstyrelsen;https://vanda.miljoeportal.dk/link/ad580018-2135-4d3e-995c-cf4083dacb29;FRB1696;32;689172;6207567;1;16-06-2004 10:25:00 +02:00;;Oxygen indhold; =;9,7;mg/l;3
Station;49000054;ARRESØ KANAL, ARRESØDAL SLUSE;32;689172;6207567;Halsnæs;Region Hovedstaden;Vandløb;Poel Å;26-02-2013;1;Feltmålinger, Vandløb;Ja;Miljøstyrelsen;https://vanda.miljoeportal.dk/link/ea5244c5-f854-450b-88e7-ce2d7dfb13a9;FRB1696;32;689172;6207567;1;26-02-2013 10:10:00 +01:00;;pH; =;8,6;pH;3
Station;49000054;ARRESØ KANAL, ARRESØDAL SLUSE;32;689172;6207567;Halsnæs;Region Hovedstaden;Vandløb;Poel Å;11-10-2023;1;Feltmålinger, Vandløb;Ja;Miljøstyrelsen;https://vanda.miljoeportal.dk/link/0936849d-3e42-475b-990d-9a0e1bc8e377;FRB1696;32;689172;6207567;1;11-10-2023 13:38:00 +02:00;;pH; =;8,51;pH;2
Station;49000054;ARRESØ KANAL, ARRESØDAL SLUSE;32;689172;6207567;Halsnæs;Region Hovedstaden;Vandløb;Poel Å;27-12-2019;1;Feltmålinger, Vandløb;Ja;Miljøstyrelsen;https://vanda.miljoeportal.dk/link/a3f16f49-114b-4a69-85be-02f3dd57a6a5;FRB1696;32;689172;6207567;1;27-12-2019 10:15:00 +01:00;;Temperatur; =;4;grader C;2
Station;49000054;ARRESØ KANAL, ARRESØDAL SLUSE;32;689172;6207567;Halsnæs;Region Hovedstaden;Vandløb;Poel Å;10-07-1991;1;Feltmålinger, Vandløb;Ja;Miljøstyrelsen;https://vanda.miljoeportal.dk/link/334c2960-f148-4f05-9975-ab36cf47eb6a;FRB1696;32;689172;6207567;1;10-07-1991 09:52:00 +02:00;;Temperatur; =;20,8;grader C;3
Station;49000054;ARRESØ KANAL, ARRESØDAL SLUSE;32;689172;6207567;Halsnæs;Region Hovedstaden;Vandløb;Poel Å;09-09-1998;1;Feltmålinger, Vandløb;Ja;Miljøstyrelsen;https://vanda.miljoeportal.dk/link/abdba590-1d36-485c-b60e-ab1694a78e8b;FRB1696;32;689172;6207567;1;09-09-1998 07:30:00 +02:00;;Oxygen indhold; =;9,1;mg/l;3
Station;49000054;ARRESØ KANAL, ARRESØDAL SLUSE;32;689172;6207567;Halsnæs;Region Hovedstaden;Vandløb;Poel Å;21-03-1990;1;Feltmålinger, Vandløb;Ja;Miljøstyrelsen;https://vanda.miljoeportal.dk/link/c6f43917-0f54-4395-bf39-6a08c05cd007;FRB1696;32;689172;6207567;1;21-03-1990 09:45:00 +01:00;;Oxygen indhold; =;16,5;mg/l;3
Station;49000054;ARRESØ KANAL, ARRESØDAL SLUSE;32;689172;6207567;Halsnæs;Region Hovedstaden;Vandløb;Poel Å;17-01-1996;1;Feltmålinger, Vandløb;Ja;Miljøstyrelsen;https://vanda.miljoeportal.dk/link/7ce31f70-0f69-4590-a022-c914dfcacde3;FRB1696;32;689172;6207567;1;17-01-1996 09:14:00 +01:00;;Temperatur; =;0,7;grader C;3
Station;49000054;ARRESØ KANAL, ARRESØDAL SLUSE;32;689172;6207567;Halsnæs;Region Hovedstaden;Vandløb;Poel Å;12-02-1997;1;Feltmålinger, Vandløb;Ja;Miljøstyrelsen;https://vanda.miljoeportal.dk/link/8dfdcc44-0765-4622-83c7-a62fc3438828;FRB1696;32;689172;6207567;1;12-02-1997 11:00:00 +01:00;;Temperatur; =;2,3;grader C;2
Station;49000054;ARRESØ KANAL, ARRESØDAL SLUSE;32;689172;6207567;Halsnæs;Region Hovedstaden;Vandløb;Poel Å;26-02-2019;1;Feltmålinger, Vandløb;Ja;Miljøstyrelsen;https://vanda.miljoeportal.dk/link/20cc6728-6813-47c1-bd4b-37fa69d4baa0;FRB1696;32;689172;6207567;1;26-02-2019 08:20:00 +01:00;;pH; =;8,8;pH;2
Station;49000054;ARRESØ KANAL, ARRESØDAL SLUSE;32;689172;6207567;Halsnæs;Region Hovedstaden;Vandløb;Poel Å;05-02-2019;1;Feltmålinger, Vandløb;Ja;Miljøstyrelsen;https://vanda.miljoeportal.dk/link/b20f9866-735a-495a-b813-7ddcbaedf081;FRB1696;32;689172;6207567;1;05-02-2019 08:10:00 +01:00;;Temperatur; =;1,8;grader C;2
Station;49000054;ARRESØ KANAL, ARRESØDAL SLUSE;32;689172;6207567;Halsnæs;Region Hovedstaden;Vandløb;Poel Å;21-02-1990;1;Feltmålinger, Vandløb;Ja;Miljøstyrelsen;https://vanda.miljoeportal.dk/link/6c9c712a-a67a-4f29-8b66-3d7ca5e5f2ca;FRB1696;32;689172;6207567;1;21-02-1990 09:25:00 +01:00;;Temperatur; =;4,9;grader C;3
Station;49000054;ARRESØ KANAL, ARRESØDAL SLUSE;32;689172;6207567;Halsnæs;Region Hovedstaden;Vandløb;Poel Å;24-04-2013;1;Feltmålinger, Vandløb;Ja;Miljøstyrelsen;https://vanda.miljoeportal.dk/link/7c0b272f-7f79-41cc-94cc-fecc239959fd;FRB1696;32;689172;6207567;1;24-04-2013 10:45:00 +02:00;;Temperatur; =;10,6;grader C;3
Station;49000054;ARRESØ KANAL, ARRESØDAL SLUSE;32;689172;6207567;Halsnæs;Region Hovedstaden;Vandløb;Poel Å;09-06-1993;1;Feltmålinger, Vandløb;Ja;Miljøstyrelsen;https://vanda.miljoeportal.dk/link/b32ee3c4-28b3-4fe1-8b5f-a7d17698ada1;FRB1696;32;689172;6207567;1;09-06-1993 08:31:00 +02:00;;Temperatur; =;18,8;grader C;3
Station;49000054;ARRESØ KANAL, ARRESØDAL SLUSE;32;689172;6207567;Halsnæs;Region Hovedstaden;Vandløb;Poel Å;30-08-2011;1;Feltmålinger, Vandløb;Ja;Miljøstyrelsen;https://vanda.miljoeportal.dk/link/9847cf83-076a-4c4b-bbf0-63f1d1426ca3;FRB1696;32;689172;6207567;1;30-08-2011 11:05:00 +02:00;;Temperatur; =;16,8;grader C;3
Station;49000054;ARRESØ KANAL, ARRESØDAL SLUSE;32;689172;6207567;Halsnæs;Region Hovedstaden;Vandløb;Poel Å;17-08-2010;1;Feltmålinger, Vandløb;Ja;Miljøstyrelsen;https://vanda.miljoeportal.dk/link/101a708e-1369-4497-a625-8ae3d100020c;FRB1696;32;689172;6207567;1;17-08-2010 10:45:00 +02:00;;Temperatur; =;20;grader C;3
Station;49000054;ARRESØ KANAL, ARRESØDAL SLUSE;32;689172;6207567;Halsnæs;Region Hovedstaden;Vandløb;Poel Å;26-11-2013;1;Feltmålinger, Vandløb;Ja;Miljøstyrelsen;https://vanda.miljoeportal.dk/link/42ef0348-ba52-4e38-afc5-4bff5594a9e7;FRB1696;32;689172;6207567;1;26-11-2013 11:40:00 +01:00;;Temperatur; =;3,3;grader C;3
Station;49000054;ARRESØ KANAL, ARRESØDAL SLUSE;32;689172;6207567;Halsnæs;Region Hovedstaden;Vandløb;Poel Å;20-10-2004;1;Feltmålinger, Vandløb;Ja;Miljøstyrelsen;https://vanda.miljoeportal.dk/link/95a0ba7d-ad0f-41d6-8732-7a6a88541255;FRB1696;32;689172;6207567;1;20-10-2004 10:55:00 +02:00;;Temperatur; =;8,5;grader C;3
Station;49000054;ARRESØ KANAL, ARRESØDAL SLUSE;32;689172;6207567;Halsnæs;Region Hovedstaden;Vandløb;Poel Å;09-04-2002;1;Feltmålinger, Vandløb;Ja;Miljøstyrelsen;https://vanda.miljoeportal.dk/link/435f66d0-d133-45ff-a6f4-016496650fa6;FRB1696;32;689172;6207567;1;09-04-2002 09:45:00 +02:00;;Temperatur; =;7,4;grader C;3
Station;49000054;ARRESØ KANAL, ARRESØDAL SLUSE;32;689172;6207567;Halsnæs;Region Hovedstaden;Vandløb;Poel Å;13-03-2012;1;Feltmålinger, Vandløb;Ja;Miljøstyrelsen;https://vanda.miljoeportal.dk/link/f6333c23-66af-4d3b-b182-d33332e4494a;FRB1696;32;689172;6207567;1;13-03-2012 10:10:00 +01:00;;Temperatur; =;6,2;grader C;3
Station;49000054;ARRESØ KANAL, ARRESØDAL SLUSE;32;689172;6207567;Halsnæs;Region Hovedstaden;Vandløb;Poel Å;31-08-1994;1;Feltmålinger, Vandløb;Ja;Miljøstyrelsen;https://vanda.miljoeportal.dk/link/474dc450-bd78-45a7-b0a7-4a91cb4b6e56;FRB1696;32;689172;6207567;1;31-08-1994 09:48:00 +02:00;;Oxygen indhold; =;10,5;mg/l;3
Station;49000054;ARRESØ KANAL, ARRESØDAL SLUSE;32;689172;6207567;Halsnæs;Region Hovedstaden;Vandløb;Poel Å;18-03-2003;1;Feltmålinger, Vandløb;Ja;Miljøstyrelsen;https://vanda.miljoeportal.dk/link/ca6c533f-37a5-4ce4-82d3-ff83bdd48d9a;FRB1696;32;689172;6207567;1;18-03-2003 08:05:00 +01:00;;Temperatur; =;4,9;grader C;3
Station;49000054;ARRESØ KANAL, ARRESØDAL SLUSE;32;689172;6207567;Halsnæs;Region Hovedstaden;Vandløb;Poel Å;09-11-1994;1;Feltmålinger, Vandløb;Ja;Miljøstyrelsen;https://vanda.miljoeportal.dk/link/e2e17a55-7efa-4c89-9546-a4aeb0f0655e;FRB1696;32;689172;6207567;1;09-11-1994 10:37:00 +01:00;;Oxygen indhold; =;13,6;mg/l;3
Station;49000054;ARRESØ KANAL, ARRESØDAL SLUSE;32;689172;6207567;Halsnæs;Region Hovedstaden;Vandløb;Poel Å;08-06-2005;1;Feltmålinger, Vandløb;Ja;Miljøstyrelsen;https://vanda.miljoeportal.dk/link/a1d9a791-7d65-4811-95f1-214f80454a91;FRB1696;32;689172;6207567;1;08-06-2005 10:45:00 +02:00;;Temperatur; =;14,4;grader C;3
Station;49000054;ARRESØ KANAL, ARRESØDAL SLUSE;32;689172;6207567;Halsnæs;Region Hovedstaden;Vandløb;Poel Å;31-07-1996;1;Feltmålinger, Vandløb;Ja;Miljøstyrelsen;https://vanda.miljoeportal.dk/link/a5eff3bc-f247-4a73-bcd8-8093f3ac7e0a;FRB1696;32;689172;6207567;1;31-07-1996 07:57:00 +02:00;;Oxygen indhold; =;8,6;mg/l;3
Station;49000054;ARRESØ KANAL, ARRESØDAL SLUSE;32;689172;6207567;Halsnæs;Region Hovedstaden;Vandløb;Poel Å;07-07-1993;1;Feltmålinger, Vandløb;Ja;Miljøstyrelsen;https://vanda.miljoeportal.dk/link/31b0e66f-5acc-4682-9371-9074db122226;FRB1696;32;689172;6207567;1;07-07-1993 08:22:00 +02:00;;Oxygen indhold; =;8,2;mg/l;3
Station;49000054;ARRESØ KANAL, ARRESØDAL SLUSE;32;689172;6207567;Halsnæs;Region Hovedstaden;Vandløb;Poel Å;22-04-2014;1;Feltmålinger, Vandløb;Ja;Miljøstyrelsen;https://vanda.miljoeportal.dk/link/b082be99-4ea4-40e8-b425-d77d12a8abc0;FRB1696;32;689172;6207567;1;22-04-2014 10:30:00 +02:00;;pH; =;8,7;pH;3
Station;49000054;ARRESØ KANAL, ARRESØDAL SLUSE;32;689172;6207567;Halsnæs;Region Hovedstaden;Vandløb;Poel Å;14-02-1996;1;Feltmålinger, Vandløb;Ja;Miljøstyrelsen;https://vanda.miljoeportal.dk/link/c5d22a6d-aae3-4de2-89bf-e998753438b4;FRB1696;32;689172;6207567;1;14-02-1996 09:12:00 +01:00;;Temperatur; =;2;grader C;3
Station;49000054;ARRESØ KANAL, ARRESØDAL SLUSE;32;689172;6207567;Halsnæs;Region Hovedstaden;Vandløb;Poel Å;25-02-1998;1;Feltmålinger, Vandløb;Ja;Miljøstyrelsen;https://vanda.miljoeportal.dk/link/2a3f058a-d78b-4f32-ba08-5b3db0dadab2;FRB1696;32;689172;6207567;1;25-02-1998 09:40:00 +01:00;;Temperatur; =;6,5;grader C;3
Station;49000054;ARRESØ KANAL, ARRESØDAL SLUSE;32;689172;6207567;Halsnæs;Region Hovedstaden;Vandløb;Poel Å;15-05-1991;1;Feltmålinger, Vandløb;Ja;Miljøstyrelsen;https://vanda.miljoeportal.dk/link/4e1cbb9d-c66c-4fb9-8ead-86fdd1f3870f;FRB1696;32;689172;6207567;1;15-05-1991 10:08:00 +02:00;;Oxygen indhold; =;11,9;mg/l;3
Station;49000054;ARRESØ KANAL, ARRESØDAL SLUSE;32;689172;6207567;Halsnæs;Region Hovedstaden;Vandløb;Poel Å;16-09-2003;1;Feltmålinger, Vandløb;Ja;Miljøstyrelsen;https://vanda.miljoeportal.dk/link/1f7aaaec-0dfc-4c30-a46b-1b6605b3817a;FRB1696;32;689172;6207567;1;16-09-2003 09:55:00 +02:00;;Oxygenmætning; =;95;pct;3
Station;49000054;ARRESØ KANAL, ARRESØDAL SLUSE;32;689172;6207567;Halsnæs;Region Hovedstaden;Vandløb;Poel Å;01-12-2004;1;Feltmålinger, Vandløb;Ja;Miljøstyrelsen;https://vanda.miljoeportal.dk/link/860d8f40-dcef-46ee-8ea1-014533e98e09;FRB1696;32;689172;6207567;1;01-12-2004 11:15:00 +01:00;;Temperatur; =;3,5;grader C;3
Station;49000054;ARRESØ KANAL, ARRESØDAL SLUSE;32;689172;6207567;Halsnæs;Region Hovedstaden;Vandløb;Poel Å;08-11-1995;1;Feltmålinger, Vandløb;Ja;Miljøstyrelsen;https://vanda.miljoeportal.dk/link/9929f59e-b27f-439f-a254-cb1124c8f190;FRB1696;32;689172;6207567;1;08-11-1995 09:27:00 +01:00;;Temperatur; =;3,6;grader C;3
Station;49000054;ARRESØ KANAL, ARRESØDAL SLUSE;32;689172;6207567;Halsnæs;Region Hovedstaden;Vandløb;Poel Å;30-03-1999;1;Feltmålinger, Vandløb;Ja;Miljøstyrelsen;https://vanda.miljoeportal.dk/link/af7231b7-3443-4216-9bd4-322401a98e12;FRB1696;32;689172;6207567;1;30-03-1999 11:30:00 +02:00;;Oxygen indhold; =;18;mg/l;3
Station;49000054;ARRESØ KANAL, ARRESØDAL SLUSE;32;689172;6207567;Halsnæs;Region Hovedstaden;Vandløb;Poel Å;08-02-2023;2;Feltmålinger, Vandløb;Ja;Miljøstyrelsen;https://vanda.miljoeportal.dk/link/76cc43dc-045a-47f6-a7bc-a6b20940d52f;Aktivitetssted;32;689171,9998405268;6207567,003615554;1;08-02-2023 08:10:00 +01:00;;Temperatur; =;1,1;grader C;2
Station;49000054;ARRESØ KANAL, ARRESØDAL SLUSE;32;689172;6207567;Halsnæs;Region Hovedstaden;Vandløb;Poel Å;11-09-2023;1;Feltmålinger, Vandløb;Ja;Miljøstyrelsen;https://vanda.miljoeportal.dk/link/b1d1cb19-86fc-4acd-8e8a-616bd3d8d20b;NST1696;32;689165,6683325451;6207586,752653692;1;11-09-2023 10:40:00 +02:00;;Salinitet; =;0,2;promille;2
Station;49000054;ARRESØ KANAL, ARRESØDAL SLUSE;32;689172;6207567;Halsnæs;Region Hovedstaden;Vandløb;Poel Å;20-12-2000;1;Feltmålinger, Vandløb;Ja;Miljøstyrelsen;https://vanda.miljoeportal.dk/link/db95de3a-e705-4e22-a1df-9b33f2ff3129;FRB1696;32;689172;6207567;1;20-12-2000 09:40:00 +01:00;;Oxygen indhold; =;11,3;mg/l;3
Station;49000054;ARRESØ KANAL, ARRESØDAL SLUSE;32;689172;6207567;Halsnæs;Region Hovedstaden;Vandløb;Poel Å;21-06-1995;1;Feltmålinger, Vandløb;Ja;Miljøstyrelsen;https://vanda.miljoeportal.dk/link/f6551a83-12b1-4db3-82ca-3b4631d74102;FRB1696;32;689172;6207567;1;21-06-1995 11:09:00 +02:00;;Temperatur; =;16,1;grader C;3
Station;49000054;ARRESØ KANAL, ARRESØDAL SLUSE;32;689172;6207567;Halsnæs;Region Hovedstaden;Vandløb;Poel Å;13-05-2008;1;Feltmålinger, Vandløb;Ja;Miljøstyrelsen;https://vanda.miljoeportal.dk/link/8c9b9967-7ec5-4a62-992f-3dae4c960c91;FRB1696;32;689172;6207567;1;13-05-2008 10:20:00 +02:00;;Temperatur; =;18,6;grader C;3
Station;49000054;ARRESØ KANAL, ARRESØDAL SLUSE;32;689172;6207567;Halsnæs;Region Hovedstaden;Vandløb;Poel Å;01-02-1995;1;Feltmålinger, Vandløb;Ja;Miljøstyrelsen;https://vanda.miljoeportal.dk/link/f8ca0527-f422-4472-bcc5-3207fb2e6a04;FRB1696;32;689172;6207567;1;01-02-1995 10:31:00 +01:00;;Oxygen indhold; =;15,7;mg/l;3
Station;49000054;ARRESØ KANAL, ARRESØDAL SLUSE;32;689172;6207567;Halsnæs;Region Hovedstaden;Vandløb;Poel Å;06-05-1997;1;Feltmålinger, Vandløb;Ja;Miljøstyrelsen;https://vanda.miljoeportal.dk/link/af409e17-a4d5-4824-970d-7ffcc967c291;FRB1696;32;689172;6207567;1;06-05-1997 10:55:00 +02:00;;Oxygen indhold; =;12,7;mg/l;3
Station;49000054;ARRESØ KANAL, ARRESØDAL SLUSE;32;689172;6207567;Halsnæs;Region Hovedstaden;Vandløb;Poel Å;13-09-2006;1;Feltmålinger, Vandløb;Ja;Miljøstyrelsen;https://vanda.miljoeportal.dk/link/47e345ae-de24-4856-84d7-ec502322e793;FRB1696;32;689172;6207567;1;13-09-2006 10:35:00 +02:00;;Oxygenmætning; =;117;pct;2
Station;49000054;ARRESØ KANAL, ARRESØDAL SLUSE;32;689172;6207567;Halsnæs;Region Hovedstaden;Vandløb;Poel Å;24-01-2023;1;Feltmålinger, Vandløb;Ja;Miljøstyrelsen;https://vanda.miljoeportal.dk/link/0b4345e1-2560-442f-9eac-f0f4a8405891;FRB1696;32;689172;6207567;1;24-01-2023 08:58:00 +01:00;;Temperatur; =;1,3;grader C;2
Station;49000054;ARRESØ KANAL, ARRESØDAL SLUSE;32;689172;6207567;Halsnæs;Region Hovedstaden;Vandløb;Poel Å;27-03-2023;1;Feltmålinger, Vandløb;Ja;Miljøstyrelsen;https://vanda.miljoeportal.dk/link/ec42b03b-f7da-4899-bfae-d6214c0b4c81;FRB1696;32;689172;6207567;1;27-03-2023 09:21:00 +02:00;;pH; =;8,88;pH;2
Station;49000054;ARRESØ KANAL, ARRESØDAL SLUSE;32;689172;6207567;Halsnæs;Region Hovedstaden;Vandløb;Poel Å;23-01-1991;1;Feltmålinger, Vandløb;Ja;Miljøstyrelsen;https://vanda.miljoeportal.dk/link/09d4de88-4682-49f3-8d5a-c478455b0720;FRB1696;32;689172;6207567;1;23-01-1991 09:45:00 +01:00;;Oxygen indhold; =;15;mg/l;3
Station;49000054;ARRESØ KANAL, ARRESØDAL SLUSE;32;689172;6207567;Halsnæs;Region Hovedstaden;Vandløb;Poel Å;22-08-1989;1;Feltmålinger, Vandløb;Ja;Miljøstyrelsen;https://vanda.miljoeportal.dk/link/af81a58e-978b-4158-804b-fec296375188;FRB1696;32;689172;6207567;1;22-08-1989 09:55:00 +02:00;;Temperatur; =;18,8;grader C;3
Station;49000054;ARRESØ KANAL, ARRESØDAL SLUSE;32;689172;6207567;Halsnæs;Region Hovedstaden;Vandløb;Poel Å;17-01-2001;1;Feltmålinger, Vandløb;Ja;Miljøstyrelsen;https://vanda.miljoeportal.dk/link/0784819e-910f-460b-84af-bf69d1884c8d;FRB1696;32;689172;6207567;1;17-01-2001 08:50:00 +01:00;;Temperatur; =;1,7;grader C;3
Station;49000054;ARRESØ KANAL, ARRESØDAL SLUSE;32;689172;6207567;Halsnæs;Region Hovedstaden;Vandløb;Poel Å;14-11-1990;1;Feltmålinger, Vandløb;Ja;Miljøstyrelsen;https://vanda.miljoeportal.dk/link/7d6497a7-04b8-494d-95ec-0a7413015be2;FRB1696;32;689172;6207567;1;14-11-1990 09:25:00 +01:00;;Oxygen indhold; =;13,5;mg/l;3
Station;49000054;ARRESØ KANAL, ARRESØDAL SLUSE;32;689172;6207567;Halsnæs;Region Hovedstaden;Vandløb;Poel Å;27-01-2009;1;Feltmålinger, Vandløb;Ja;Miljøstyrelsen;https://vanda.miljoeportal.dk/link/c496e980-5803-4d8b-9c18-b9e29117a163;FRB1696;32;689172;6207567;1;27-01-2009 10:10:00 +01:00;;Temperatur; =;0,9;grader C;3
Station;49000054;ARRESØ KANAL, ARRESØDAL SLUSE;32;689172;6207567;Halsnæs;Region Hovedstaden;Vandløb;Poel Å;05-07-2023;1;Feltmålinger, Vandløb;Ja;Miljøstyrelsen;https://vanda.miljoeportal.dk/link/0b81a46e-c6da-497a-b6aa-d24814ed377a;FRB1696;32;689172;6207567;1;05-07-2023 07:20:00 +02:00;;Temperatur; =;17,6;grader C;2
Station;49000054;ARRESØ KANAL, ARRESØDAL SLUSE;32;689172;6207567;Halsnæs;Region Hovedstaden;Vandløb;Poel Å;20-01-2016;1;Feltmålinger, Vandløb;Ja;Miljøstyrelsen;https://vanda.miljoeportal.dk/link/2b02fb43-7d6f-42c0-82b1-038aeb34ec08;FRB1696;32;689172;6207567;1;20-01-2016 08:30:00 +01:00;;Temperatur; =;0,7;grader C;3
Station;49000054;ARRESØ KANAL, ARRESØDAL SLUSE;32;689172;6207567;Halsnæs;Region Hovedstaden;Vandløb;Poel Å;02-03-2021;1;Feltmålinger, Vandløb;Ja;Miljøstyrelsen;https://vanda.miljoeportal.dk/link/dab84a03-496f-4055-b4c3-b838e5782d98;FRB1696;32;689172;6207567;1;02-03-2021 12:13:00 +01:00;;Temperatur; =;3,5;grader C;2
Station;49000054;ARRESØ KANAL, ARRESØDAL SLUSE;32;689172;6207567;Halsnæs;Region Hovedstaden;Vandløb;Poel Å;14-10-2015;1;Feltmålinger, Vandløb;Ja;Miljøstyrelsen;https://vanda.miljoeportal.dk/link/e5cc7921-3550-46bc-aeca-8e6f10390dc5;FRB1696;32;689172;6207567;1;14-10-2015 08:15:00 +02:00;;pH; =;9,5;pH;2
Station;49000054;ARRESØ KANAL, ARRESØDAL SLUSE;32;689172;6207567;Halsnæs;Region Hovedstaden;Vandløb;Poel Å;07-02-2018;1;Feltmålinger, Vandløb;Ja;Miljøstyrelsen;https://vanda.miljoeportal.dk/link/1a6736ca-fd9e-45b1-815b-87712cf9b6ba;FRB1696;32;689172;6207567;1;07-02-2018 07:45:00 +01:00;;pH; =;8,6;pH;2
Station;49000054;ARRESØ KANAL, ARRESØDAL SLUSE;32;689172;6207567;Halsnæs;Region Hovedstaden;Vandløb;Poel Å;27-10-2020;1;Feltmålinger, Vandløb;Ja;Miljøstyrelsen;https://vanda.miljoeportal.dk/link/58130828-5e4b-491d-8e5a-170ee39e74f9;FRB1696;32;689172;6207567;1;27-10-2020 11:45:00 +01:00;;pH; =;8,42;pH;2
Station;49000054;ARRESØ KANAL, ARRESØDAL SLUSE;32;689172;6207567;Halsnæs;Region Hovedstaden;Vandløb;Poel Å;24-03-2004;1;Feltmålinger, Vandløb;Ja;Miljøstyrelsen;https://vanda.miljoeportal.dk/link/be38e2d0-41ad-470a-a2f7-b094f10366fd;FRB1696;32;689172;6207567;1;24-03-2004 09:40:00 +01:00;;Temperatur; =;6,1;grader C;3
Station;49000054;ARRESØ KANAL, ARRESØDAL SLUSE;32;689172;6207567;Halsnæs;Region Hovedstaden;Vandløb;Poel Å;30-09-1992;1;Feltmålinger, Vandløb;Ja;Miljøstyrelsen;https://vanda.miljoeportal.dk/link/f72ec3cb-c5ff-4468-aeac-f7d706c29ea2;FRB1696;32;689172;6207567;1;30-09-1992 09:04:00 +01:00;;Oxygen indhold; =;10,9;mg/l;3
Station;49000054;ARRESØ KANAL, ARRESØDAL SLUSE;32;689172;6207567;Halsnæs;Region Hovedstaden;Vandløb;Poel Å;11-09-1996;1;Feltmålinger, Vandløb;Ja;Miljøstyrelsen;https://vanda.miljoeportal.dk/link/b9058968-e094-4d15-a75d-ff04c2bbf747;FRB1696;32;689172;6207567;1;11-09-1996 08:04:00 +02:00;;Temperatur; =;14,1;grader C;3
Station;49000054;ARRESØ KANAL, ARRESØDAL SLUSE;32;689172;6207567;Halsnæs;Region Hovedstaden;Vandløb;Poel Å;14-09-2005;1;Feltmålinger, Vandløb;Ja;Miljøstyrelsen;https://vanda.miljoeportal.dk/link/03f22074-01ce-47bf-9ef1-ba441c633046;FRB1696;32;689172;6207567;1;14-09-2005 10:25:00 +02:00;;Temperatur; =;16,6;grader C;3
Station;49000054;ARRESØ KANAL, ARRESØDAL SLUSE;32;689172;6207567;Halsnæs;Region Hovedstaden;Vandløb;Poel Å;11-09-2012;1;Feltmålinger, Vandløb;Ja;Miljøstyrelsen;https://vanda.miljoeportal.dk/link/f9cf85a3-c0f2-4372-8ce8-d99e5d14dca8;FRB1696;32;689172;6207567;1;11-09-2012 10:05:00 +02:00;;pH; =;8,8;pH;3
Station;49000054;ARRESØ KANAL, ARRESØDAL SLUSE;32;689172;6207567;Halsnæs;Region Hovedstaden;Vandløb;Poel Å;13-06-2018;1;Feltmålinger, Vandløb;Ja;Miljøstyrelsen;https://vanda.miljoeportal.dk/link/a15cdd91-92ad-4403-9e36-b1bbc1037c97;FRB1696;32;689172;6207567;1;13-06-2018 07:05:00 +02:00;;pH; =;8,5;pH;2
Station;49000054;ARRESØ KANAL, ARRESØDAL SLUSE;32;689172;6207567;Halsnæs;Region Hovedstaden;Vandløb;Poel Å;13-04-2015;1;Feltmålinger, Vandløb;Ja;Miljøstyrelsen;https://vanda.miljoeportal.dk/link/a9705c3b-b135-4acb-a1ef-8f359f95c7a7;FRB1696;32;689172;6207567;1;13-04-2015 07:50:00 +02:00;;Temperatur; =;8,7;grader C;2
Station;49000054;ARRESØ KANAL, ARRESØDAL SLUSE;32;689172;6207567;Halsnæs;Region Hovedstaden;Vandløb;Poel Å;03-04-2023;1;Feltmålinger, Vandløb;Ja;Miljøstyrelsen;https://vanda.miljoeportal.dk/link/91f93840-81f6-4ca5-bf22-f4576c079026;FRB1696;32;689172;6207567;1;03-04-2023 09:38:00 +02:00;;Temperatur; =;5,7;grader C;2
Station;49000054;ARRESØ KANAL, ARRESØDAL SLUSE;32;689172;6207567;Halsnæs;Region Hovedstaden;Vandløb;Poel Å;05-09-1990;1;Feltmålinger, Vandløb;Ja;Miljøstyrelsen;https://vanda.miljoeportal.dk/link/405063c7-b23f-43a2-b3bf-e070ca23277f;FRB1696;32;689172;6207567;1;05-09-1990 09:20:00 +02:00;;Oxygen indhold; =;7,7;mg/l;3
Station;49000054;ARRESØ KANAL, ARRESØDAL SLUSE;32;689172;6207567;Halsnæs;Region Hovedstaden;Vandløb;Poel Å;11-08-2004;1;Feltmålinger, Vandløb;Ja;Miljøstyrelsen;https://vanda.miljoeportal.dk/link/0c94d1c4-16d9-4095-8700-20fa2a49b049;FRB1696;32;689172;6207567;1;11-08-2004 09:40:00 +02:00;;Temperatur; =;23,5;grader C;2
Station;49000054;ARRESØ KANAL, ARRESØDAL SLUSE;32;689172;6207567;Halsnæs;Region Hovedstaden;Vandløb;Poel Å;08-10-2018;1;Feltmålinger, Vandløb;Ja;Miljøstyrelsen;https://vanda.miljoeportal.dk/link/054570c4-5fbb-48b3-a5b3-4ef3d01f0d34;FRB1696;32;689172;6207567;1;08-10-2018 07:50:00 +02:00;;Temperatur; =;10,9;grader C;2
Station;49000054;ARRESØ KANAL, ARRESØDAL SLUSE;32;689172;6207567;Halsnæs;Region Hovedstaden;Vandløb;Poel Å;24-07-1991;1;Feltmålinger, Vandløb;Ja;Miljøstyrelsen;https://vanda.miljoeportal.dk/link/bc63be68-b16f-4ad2-a637-9775cf955a4b;FRB1696;32;689172;6207567;1;24-07-1991 10:15:00 +02:00;;Temperatur; =;17,2;grader C;3
Station;49000054;ARRESØ KANAL, ARRESØDAL SLUSE;32;689172;6207567;Halsnæs;Region Hovedstaden;Vandløb;Poel Å;29-09-1993;1;Feltmålinger, Vandløb;Ja;Miljøstyrelsen;https://vanda.miljoeportal.dk/link/fe604ff9-e7d6-43e2-bf02-6f1d87d0cadd;FRB1696;32;689172;6207567;1;29-09-1993 09:36:00 +01:00;;Temperatur; =;10,3;grader C;3
Station;49000054;ARRESØ KANAL, ARRESØDAL SLUSE;32;689172;6207567;Halsnæs;Region Hovedstaden;Vandløb;Poel Å;22-11-2022;1;Feltmålinger, Vandløb;Ja;Miljøstyrelsen;https://vanda.miljoeportal.dk/link/903d17e6-8956-4def-bc95-a5aefd409d8e;FRB1696;32;689172;6207567;1;22-11-2022 13:41:00 +01:00;;pH; =;8,53;pH;2
Station;49000054;ARRESØ KANAL, ARRESØDAL SLUSE;32;689172;6207567;Halsnæs;Region Hovedstaden;Vandløb;Poel Å;19-10-2021;1;Feltmålinger, Vandløb;Ja;Miljøstyrelsen;https://vanda.miljoeportal.dk/link/5b283f49-dad9-4349-b000-d8f159800d17;FRB1696;32;689172;6207567;1;19-10-2021 13:03:00 +02:00;;pH; =;8,98;pH;2
Station;49000054;ARRESØ KANAL, ARRESØDAL SLUSE;32;689172;6207567;Halsnæs;Region Hovedstaden;Vandløb;Poel Å;11-03-2021;1;Feltmålinger, Vandløb;Ja;Miljøstyrelsen;https://vanda.miljoeportal.dk/link/9eb6f1a2-f231-47cc-9600-6bde632e1774;FRB1696;32;689172;6207567;1;11-03-2021 12:51:00 +01:00;;Temperatur; =;3,4;grader C;2
Station;49000054;ARRESØ KANAL, ARRESØDAL SLUSE;32;689172;6207567;Halsnæs;Region Hovedstaden;Vandløb;Poel Å;24-09-2013;1;Feltmålinger, Vandløb;Ja;Miljøstyrelsen;https://vanda.miljoeportal.dk/link/85ef12a7-1dce-4d4c-9067-9690cab696c8;FRB1696;32;689172;6207567;1;24-09-2013 11:00:00 +02:00;;pH; =;8,8;pH;3
Station;49000054;ARRESØ KANAL, ARRESØDAL SLUSE;32;689172;6207567;Halsnæs;Region Hovedstaden;Vandløb;Poel Å;06-11-2018;1;Feltmålinger, Vandløb;Ja;Miljøstyrelsen;https://vanda.miljoeportal.dk/link/0644ee0a-115c-4ea0-ae4c-9974badc1d9a;FRB1696;32;689172;6207567;1;06-11-2018 08:05:00 +01:00;;Temperatur; =;7,8;grader C;2
Station;49000054;ARRESØ KANAL, ARRESØDAL SLUSE;32;689172;6207567;Halsnæs;Region Hovedstaden;Vandløb;Poel Å;13-02-2002;1;Feltmålinger, Vandløb;Ja;Miljøstyrelsen;https://vanda.miljoeportal.dk/link/f6642d19-7bc1-4886-8872-176b37d71704;FRB1696;32;689172;6207567;1;13-02-2002 09:00:00 +01:00;;Temperatur; =;4,6;grader C;3
Station;49000054;ARRESØ KANAL, ARRESØDAL SLUSE;32;689172;6207567;Halsnæs;Region Hovedstaden;Vandløb;Poel Å;18-12-2017;1;Feltmålinger, Vandløb;Ja;Miljøstyrelsen;https://vanda.miljoeportal.dk/link/d51c4d85-e4dc-43cb-a10a-90d8ecdcc4ff;FRB1696;32;689172;6207567;1;18-12-2017 07:50:00 +01:00;;Temperatur; =;1,7;grader C;2
Station;49000054;ARRESØ KANAL, ARRESØDAL SLUSE;32;689172;6207567;Halsnæs;Region Hovedstaden;Vandløb;Poel Å;25-11-2021;1;Feltmålinger, Vandløb;Ja;Miljøstyrelsen;https://vanda.miljoeportal.dk/link/c3a7131e-8e5e-40a7-984a-726d2a3773ca;FRB1696;32;689172;6207567;1;25-11-2021 13:42:00 +01:00;;Temperatur; =;7,5;grader C;2
Station;49000054;ARRESØ KANAL, ARRESØDAL SLUSE;32;689172;6207567;Halsnæs;Region Hovedstaden;Vandløb;Poel Å;28-03-2022;1;Feltmålinger, Vandløb;Ja;Miljøstyrelsen;https://vanda.miljoeportal.dk/link/a5287b53-dff2-41e0-908d-0e840003e93e;FRB1696;32;689172;6207567;1;28-03-2022 10:28:00 +02:00;;pH; =;9,34;pH;2
Station;49000054;ARRESØ KANAL, ARRESØDAL SLUSE;32;689172;6207567;Halsnæs;Region Hovedstaden;Vandløb;Poel Å;15-08-2001;1;Feltmålinger, Vandløb;Ja;Miljøstyrelsen;https://vanda.miljoeportal.dk/link/3ae7472d-cf13-42bd-b39d-b76e69b1d861;FRB1696;32;689172;6207567;1;15-08-2001 09:05:00 +02:00;;Temperatur; =;18,1;grader C;3
Station;49000054;ARRESØ KANAL, ARRESØDAL SLUSE;32;689172;6207567;Halsnæs;Region Hovedstaden;Vandløb;Poel Å;07-06-2006;1;Feltmålinger, Vandløb;Ja;Miljøstyrelsen;https://vanda.miljoeportal.dk/link/61e0910b-f1ea-4e03-a297-25fd60c12f7b;FRB1696;32;689172;6207567;1;07-06-2006 10:15:00 +02:00;;Oxygenmætning; =;128;pct;2
Station;49000054;ARRESØ KANAL, ARRESØDAL SLUSE;32;689172;6207567;Halsnæs;Region Hovedstaden;Vandløb;Poel Å;01-09-1999;1;Feltmålinger, Vandløb;Ja;Miljøstyrelsen;https://vanda.miljoeportal.dk/link/b85e466f-6b48-4644-9446-c9444f405a60;FRB1696;32;689172;6207567;1;01-09-1999 09:45:00 +02:00;;Temperatur; =;17,8;grader C;3
Station;49000054;ARRESØ KANAL, ARRESØDAL SLUSE;32;689172;6207567;Halsnæs;Region Hovedstaden;Vandløb;Poel Å;09-06-2021;1;Feltmålinger, Vandløb;Ja;Miljøstyrelsen;https://vanda.miljoeportal.dk/link/90866285-9e4c-4e89-98a8-6bc3388c66ed;FRB1696;32;689172;6207567;1;09-06-2021 12:13:00 +02:00;;pH; =;8,74;pH;2
Station;49000054;ARRESØ KANAL, ARRESØDAL SLUSE;32;689172;6207567;Halsnæs;Region Hovedstaden;Vandløb;Poel Å;27-08-1997;1;Feltmålinger, Vandløb;Ja;Miljøstyrelsen;https://vanda.miljoeportal.dk/link/15bc3eec-0aac-43ac-aaad-8eba04166854;FRB1696;32;689172;6207567;1;27-08-1997 08:03:00 +02:00;;Oxygen indhold; =;7,5;mg/l;2
Station;49000054;ARRESØ KANAL, ARRESØDAL SLUSE;32;689172;6207567;Halsnæs;Region Hovedstaden;Vandløb;Poel Å;13-02-2017;1;Feltmålinger, Vandløb;Ja;Miljøstyrelsen;https://vanda.miljoeportal.dk/link/8bda8875-a84e-4d4d-8540-bd5ada4dbde0;FRB1696;32;689172;6207567;1;13-02-2017 08:00:00 +01:00;;Temperatur; =;0,2;grader C;2
Station;49000054;ARRESØ KANAL, ARRESØDAL SLUSE;32;689172;6207567;Halsnæs;Region Hovedstaden;Vandløb;Poel Å;21-03-2018;1;Feltmålinger, Vandløb;Ja;Miljøstyrelsen;https://vanda.miljoeportal.dk/link/462db019-c5ca-435d-9f82-8d96a70e4898;FRB1696;32;689172;6207567;1;21-03-2018 07:50:00 +01:00;;pH; =;8,9;pH;2
Station;49000054;ARRESØ KANAL, ARRESØDAL SLUSE;32;689172;6207567;Halsnæs;Region Hovedstaden;Vandløb;Poel Å;30-01-2002;1;Feltmålinger, Vandløb;Ja;Miljøstyrelsen;https://vanda.miljoeportal.dk/link/ca96891d-b7d8-4f84-932a-ead0594aef59;FRB1696;32;689172;6207567;1;30-01-2002 08:50:00 +01:00;;Oxygen indhold; =;11,7;mg/l;3
Station;49000054;ARRESØ KANAL, ARRESØDAL SLUSE;32;689172;6207567;Halsnæs;Region Hovedstaden;Vandløb;Poel Å;07-03-2019;1;Feltmålinger, Vandløb;Ja;Miljøstyrelsen;https://vanda.miljoeportal.dk/link/3b3483a0-c0b3-42db-8ab8-ab8c8125629c;FRB1696;32;689172;6207567;1;07-03-2019 12:40:00 +01:00;;Temperatur; =;7,3;grader C;2
Station;49000054;ARRESØ KANAL, ARRESØDAL SLUSE;32;689172;6207567;Halsnæs;Region Hovedstaden;Vandløb;Poel Å;25-09-2002;1;Feltmålinger, Vandløb;Ja;Miljøstyrelsen;https://vanda.miljoeportal.dk/link/0e58bc48-79d6-4635-808d-655ba2a74cbc;FRB1696;32;689172;6207567;1;25-09-2002 06:45:00 +02:00;;Oxygenmætning; =;100;pct;3
Station;49000054;ARRESØ KANAL, ARRESØDAL SLUSE;32;689172;6207567;Halsnæs;Region Hovedstaden;Vandløb;Poel Å;05-07-2023;2;Feltmålinger, Vandløb;Ja;Miljøstyrelsen;https://vanda.miljoeportal.dk/link/d2f93883-6bfb-47d2-bf94-fd233cfe2fce;FRB1696;32;689172;6207567;1;05-07-2023 10:43:00 +02:00;;Salinitet; =;0,2;promille;2
Station;49000054;ARRESØ KANAL, ARRESØDAL SLUSE;32;689172;6207567;Halsnæs;Region Hovedstaden;Vandløb;Poel Å;19-08-2003;1;Feltmålinger, Vandløb;Ja;Miljøstyrelsen;https://vanda.miljoeportal.dk/link/4b5a9402-1938-41dd-a353-0d09ade87aef;FRB1696;32;689172;6207567;1;19-08-2003 10:58:00 +02:00;;Oxygenmætning; =;133;pct;3
Station;49000054;ARRESØ KANAL, ARRESØDAL SLUSE;32;689172;6207567;Halsnæs;Region Hovedstaden;Vandløb;Poel Å;10-05-2023;1;Feltmålinger, Vandløb;Ja;Miljøstyrelsen;https://vanda.miljoeportal.dk/link/acb560b3-6562-4f89-9361-b21287a66dab;FRB1696;32;689172;6207567;1;10-05-2023 09:30:00 +02:00;;pH; =;8,79;pH;2
Station;49000054;ARRESØ KANAL, ARRESØDAL SLUSE;32;689172;6207567;Halsnæs;Region Hovedstaden;Vandløb;Poel Å;22-05-2013;1;Feltmålinger, Vandløb;Ja;Miljøstyrelsen;https://vanda.miljoeportal.dk/link/a69d8d92-a011-4f12-9b13-f810f5fbd1d5;FRB1696;32;689172;6207567;1;22-05-2013 10:35:00 +02:00;;Temperatur; =;16,6;grader C;3
Station;49000054;ARRESØ KANAL, ARRESØDAL SLUSE;32;689172;6207567;Halsnæs;Region Hovedstaden;Vandløb;Poel Å;13-07-2022;1;Feltmålinger, Vandløb;Ja;Miljøstyrelsen;https://vanda.miljoeportal.dk/link/668f8aea-b474-463f-879b-4d0161c23e33;FRB1696;32;689172;6207567;1;13-07-2022 12:59:00 +02:00;;Temperatur; =;20,7;grader C;2
Station;49000054;ARRESØ KANAL, ARRESØDAL SLUSE;32;689172;6207567;Halsnæs;Region Hovedstaden;Vandløb;Poel Å;27-03-2023;1;Feltmålinger, Vandløb;Ja;Miljøstyrelsen;https://vanda.miljoeportal.dk/link/ec42b03b-f7da-4899-bfae-d6214c0b4c81;FRB1696;32;689172;6207567;1;27-03-2023 09:21:00 +02:00;;Salinitet; =;0,2;promille;2
Station;49000054;ARRESØ KANAL, ARRESØDAL SLUSE;32;689172;6207567;Halsnæs;Region Hovedstaden;Vandløb;Poel Å;07-03-1990;1;Feltmålinger, Vandløb;Ja;Miljøstyrelsen;https://vanda.miljoeportal.dk/link/49215962-f770-4ec4-b1a4-5c813a71c65d;FRB1696;32;689172;6207567;1;07-03-1990 09:55:00 +01:00;;Oxygen indhold; =;13,7;mg/l;3
Station;49000054;ARRESØ KANAL, ARRESØDAL SLUSE;32;689172;6207567;Halsnæs;Region Hovedstaden;Vandløb;Poel Å;16-02-2021;1;Feltmålinger, Vandløb;Ja;Miljøstyrelsen;https://vanda.miljoeportal.dk/link/44005e84-ae53-45e8-8c22-005aa2ba4cbd;FRB1696;32;689172;6207567;1;16-02-2021 12:14:00 +01:00;;Temperatur; =;2,5;grader C;2
Station;49000054;ARRESØ KANAL, ARRESØDAL SLUSE;32;689172;6207567;Halsnæs;Region Hovedstaden;Vandløb;Poel Å;19-12-2001;1;Feltmålinger, Vandløb;Ja;Miljøstyrelsen;https://vanda.miljoeportal.dk/link/062da1e1-ef73-4601-9f9d-093894ce7edf;FRB1696;32;689172;6207567;1;19-12-2001 09:20:00 +01:00;;Temperatur; =;1,4;grader C;3
Station;49000054;ARRESØ KANAL, ARRESØDAL SLUSE;32;689172;6207567;Halsnæs;Region Hovedstaden;Vandløb;Poel Å;27-09-2000;1;Feltmålinger, Vandløb;Ja;Miljøstyrelsen;https://vanda.miljoeportal.dk/link/86f16b30-421d-4819-abd4-aee5781e7369;FRB1696;32;689172;6207567;1;27-09-2000 09:50:00 +02:00;;Temperatur; =;12,2;grader C;3
Station;49000054;ARRESØ KANAL, ARRESØDAL SLUSE;32;689172;6207567;Halsnæs;Region Hovedstaden;Vandløb;Poel Å;28-01-2015;1;Feltmålinger, Vandløb;Ja;Miljøstyrelsen;https://vanda.miljoeportal.dk/link/b28c27be-b80c-4f35-a2f0-93c9f45937a2;FRB1696;32;689172;6207567;1;28-01-2015 12:00:00 +01:00;;Temperatur; =;1,8;grader C;2
Station;49000054;ARRESØ KANAL, ARRESØDAL SLUSE;32;689172;6207567;Halsnæs;Region Hovedstaden;Vandløb;Poel Å;02-12-1998;1;Feltmålinger, Vandløb;Ja;Miljøstyrelsen;https://vanda.miljoeportal.dk/link/dcff6cb7-bed0-4705-9da7-15d9f860f218;FRB1696;32;689172;6207567;1;02-12-1998 08:36:00 +01:00;;Oxygen indhold; =;13,8;mg/l;3
Station;49000054;ARRESØ KANAL, ARRESØDAL SLUSE;32;689172;6207567;Halsnæs;Region Hovedstaden;Vandløb;Poel Å;30-08-2011;1;Feltmålinger, Vandløb;Ja;Miljøstyrelsen;https://vanda.miljoeportal.dk/link/9847cf83-076a-4c4b-bbf0-63f1d1426ca3;FRB1696;32;689172;6207567;1;30-08-2011 11:05:00 +02:00;;pH; =;8,4;pH;3
Station;49000054;ARRESØ KANAL, ARRESØDAL SLUSE;32;689172;6207567;Halsnæs;Region Hovedstaden;Vandløb;Poel Å;02-03-1994;1;Feltmålinger, Vandløb;Ja;Miljøstyrelsen;https://vanda.miljoeportal.dk/link/b0cc0f1f-fb18-404d-8002-59cbe40e7c53;FRB1696;32;689172;6207567;1;02-03-1994 09:54:00 +01:00;;Oxygen indhold; =;17,3;mg/l;3
Station;49000054;ARRESØ KANAL, ARRESØDAL SLUSE;32;689172;6207567;Halsnæs;Region Hovedstaden;Vandløb;Poel Å;11-04-1995;1;Feltmålinger, Vandløb;Ja;Miljøstyrelsen;https://vanda.miljoeportal.dk/link/f808ebeb-c3ee-4d30-9c0c-cfd9d3048fa0;FRB1696;32;689172;6207567;1;11-04-1995 09:28:00 +02:00;;Temperatur; =;5,6;grader C;3
Station;49000054;ARRESØ KANAL, ARRESØDAL SLUSE;32;689172;6207567;Halsnæs;Region Hovedstaden;Vandløb;Poel Å;10-05-1994;1;Feltmålinger, Vandløb;Ja;Miljøstyrelsen;https://vanda.miljoeportal.dk/link/f26a8496-f9b0-493f-9b48-d6a58e10aeca;FRB1696;32;689172;6207567;1;10-05-1994 09:29:00 +02:00;;Temperatur; =;13,6;grader C;3
Station;49000054;ARRESØ KANAL, ARRESØDAL SLUSE;32;689172;6207567;Halsnæs;Region Hovedstaden;Vandløb;Poel Å;22-12-1999;1;Feltmålinger, Vandløb;Ja;Miljøstyrelsen;https://vanda.miljoeportal.dk/link/ef3046b2-d688-4123-b523-94e3e28760d1;FRB1696;32;689172;6207567;1;22-12-1999 09:45:00 +01:00;;Oxygen indhold; =;14,3;mg/l;3
Station;49000054;ARRESØ KANAL, ARRESØDAL SLUSE;32;689172;6207567;Halsnæs;Region Hovedstaden;Vandløb;Poel Å;01-03-1995;1;Feltmålinger, Vandløb;Ja;Miljøstyrelsen;https://vanda.miljoeportal.dk/link/c60dc566-b12d-4ea7-98d5-1cb5c104c5cd;FRB1696;32;689172;6207567;1;01-03-1995 10:23:00 +01:00;;Oxygen indhold; =;13,9;mg/l;3
Station;49000054;ARRESØ KANAL, ARRESØDAL SLUSE;32;689172;6207567;Halsnæs;Region Hovedstaden;Vandløb;Poel Å;25-11-1997;1;Feltmålinger, Vandløb;Ja;Miljøstyrelsen;https://vanda.miljoeportal.dk/link/e9244702-2c74-4314-a34d-440e3e47aa9d;FRB1696;32;689172;6207567;1;25-11-1997 11:25:00 +01:00;;Temperatur; =;3,2;grader C;3
Station;49000054;ARRESØ KANAL, ARRESØDAL SLUSE;32;689172;6207567;Halsnæs;Region Hovedstaden;Vandløb;Poel Å;31-07-2007;1;Feltmålinger, Vandløb;Ja;Miljøstyrelsen;https://vanda.miljoeportal.dk/link/dff9feb8-4837-481f-ab4a-268c0a887ea7;FRB1696;32;689172;6207567;1;31-07-2007 11:15:00 +02:00;;Temperatur; =;16,8;grader C;3
Station;49000054;ARRESØ KANAL, ARRESØDAL SLUSE;32;689172;6207567;Halsnæs;Region Hovedstaden;Vandløb;Poel Å;03-10-2019;1;Feltmålinger, Vandløb;Ja;Miljøstyrelsen;https://vanda.miljoeportal.dk/link/35acdabe-f024-46ed-9d5a-1270d9b1eeb3;FRB1696;32;689172;6207567;1;03-10-2019 07:45:00 +02:00;;pH; =;8,8;pH;2
Station;49000054;ARRESØ KANAL, ARRESØDAL SLUSE;32;689172;6207567;Halsnæs;Region Hovedstaden;Vandløb;Poel Å;08-03-2023;1;Feltmålinger, Vandløb;Ja;Miljøstyrelsen;https://vanda.miljoeportal.dk/link/0a78b8bb-41f8-4590-8647-a3255a1cd668;FRB1696;32;689172;6207567;1;08-03-2023 12:00:00 +01:00;;Temperatur; =;1,8;grader C;2
Station;49000054;ARRESØ KANAL, ARRESØDAL SLUSE;32;689172;6207567;Halsnæs;Region Hovedstaden;Vandløb;Poel Å;05-07-2018;1;Feltmålinger, Vandløb;Ja;Miljøstyrelsen;https://vanda.miljoeportal.dk/link/36c9551c-b8b4-4788-acc2-1154b2440a8d;FRB1696;32;689172;6207567;1;05-07-2018 07:00:00 +02:00;;pH; =;8,6;pH;2
Station;49000054;ARRESØ KANAL, ARRESØDAL SLUSE;32;689172;6207567;Halsnæs;Region Hovedstaden;Vandløb;Poel Å;08-10-1997;1;Feltmålinger, Vandløb;Ja;Miljøstyrelsen;https://vanda.miljoeportal.dk/link/68398a5c-7aea-41ea-8096-72daadb3fbe6;FRB1696;32;689172;6207567;1;08-10-1997 08:14:00 +02:00;;Oxygen indhold; =;9,7;mg/l;3
Station;49000054;ARRESØ KANAL, ARRESØDAL SLUSE;32;689172;6207567;Halsnæs;Region Hovedstaden;Vandløb;Poel Å;22-05-1996;1;Feltmålinger, Vandløb;Ja;Miljøstyrelsen;https://vanda.miljoeportal.dk/link/2f6b6882-f1aa-4b86-bf86-894e25c4fbcf;FRB1696;32;689172;6207567;1;22-05-1996 08:01:00 +02:00;;Oxygen indhold; =;13,1;mg/l;3
Station;49000054;ARRESØ KANAL, ARRESØDAL SLUSE;32;689172;6207567;Halsnæs;Region Hovedstaden;Vandløb;Poel Å;11-12-2014;1;Feltmålinger, Vandløb;Ja;Miljøstyrelsen;https://vanda.miljoeportal.dk/link/129ffae5-88a0-48a0-9eea-d9b3e91711d5;FRB1696;32;689172;6207567;1;11-12-2014 10:30:00 +01:00;;pH; =;8,1;pH;3
Station;49000054;ARRESØ KANAL, ARRESØDAL SLUSE;32;689172;6207567;Halsnæs;Region Hovedstaden;Vandløb;Poel Å;13-05-2003;1;Feltmålinger, Vandløb;Ja;Miljøstyrelsen;https://vanda.miljoeportal.dk/link/9a7460bc-b662-4a99-87f5-2728914a005a;FRB1696;32;689172;6207567;1;13-05-2003 08:43:00 +02:00;;Oxygenmætning; =;68;pct;3
Station;49000054;ARRESØ KANAL, ARRESØDAL SLUSE;32;689172;6207567;Halsnæs;Region Hovedstaden;Vandløb;Poel Å;04-06-1996;1;Feltmålinger, Vandløb;Ja;Miljøstyrelsen;https://vanda.miljoeportal.dk/link/d29550f2-41dd-4a2c-9a74-1c12fe9b74e5;FRB1696;32;689172;6207567;1;04-06-1996 00:00:00 +02:00;;Oxygen indhold; =;11,1;mg/l;3
Station;49000054;ARRESØ KANAL, ARRESØDAL SLUSE;32;689172;6207567;Halsnæs;Region Hovedstaden;Vandløb;Poel Å;24-05-2000;1;Feltmålinger, Vandløb;Ja;Miljøstyrelsen;https://vanda.miljoeportal.dk/link/cc58416b-bd71-4508-bf4d-43572dde2b7a;FRB1696;32;689172;6207567;1;24-05-2000 09:55:00 +02:00;;Oxygen indhold; =;9,3;mg/l;3
Station;49000054;ARRESØ KANAL, ARRESØDAL SLUSE;32;689172;6207567;Halsnæs;Region Hovedstaden;Vandløb;Poel Å;30-09-2003;1;Feltmålinger, Vandløb;Ja;Miljøstyrelsen;https://vanda.miljoeportal.dk/link/c89c20cc-c9e4-4cb9-9b4e-77fcd88c8b33;FRB1696;32;689172;6207567;1;30-09-2003 10:28:00 +02:00;;Oxygen indhold; =;10,5;mg/l;3
Station;49000054;ARRESØ KANAL, ARRESØDAL SLUSE;32;689172;6207567;Halsnæs;Region Hovedstaden;Vandløb;Poel Å;18-11-1998;1;Feltmålinger, Vandløb;Ja;Miljøstyrelsen;https://vanda.miljoeportal.dk/link/ef80d457-fbb5-4a23-8520-34939ce9b8ca;FRB1696;32;689172;6207567;1;18-11-1998 08:34:00 +01:00;;Temperatur; =;2;grader C;3
Station;49000054;ARRESØ KANAL, ARRESØDAL SLUSE;32;689172;6207567;Halsnæs;Region Hovedstaden;Vandløb;Poel Å;08-09-2004;1;Feltmålinger, Vandløb;Ja;Miljøstyrelsen;https://vanda.miljoeportal.dk/link/b97c50d2-9b35-4b1d-a9ef-28df0e46592e;FRB1696;32;689172;6207567;1;08-09-2004 10:30:00 +02:00;;Temperatur; =;17,6;grader C;3
Station;49000054;ARRESØ KANAL, ARRESØDAL SLUSE;32;689172;6207567;Halsnæs;Region Hovedstaden;Vandløb;Poel Å;21-05-2019;1;Feltmålinger, Vandløb;Ja;Miljøstyrelsen;https://vanda.miljoeportal.dk/link/fbc1e0b3-37b6-4ef2-878e-6a5271f49e7b;FRB1696;32;689172;6207567;1;21-05-2019 11:30:00 +02:00;;Temperatur; =;18,9;grader C;2
Station;49000054;ARRESØ KANAL, ARRESØDAL SLUSE;32;689172;6207567;Halsnæs;Region Hovedstaden;Vandløb;Poel Å;08-08-2023;1;Feltmålinger, Vandløb;Ja;Miljøstyrelsen;https://vanda.miljoeportal.dk/link/472c93b9-897e-465a-82ff-f8fbde438a77;FRB1696;32;689172;6207567;1;08-08-2023 09:47:00 +02:00;;pH; =;7,57;pH;2
Station;49000054;ARRESØ KANAL, ARRESØDAL SLUSE;32;689172;6207567;Halsnæs;Region Hovedstaden;Vandløb;Poel Å;03-03-2022;1;Feltmålinger, Vandløb;Ja;Miljøstyrelsen;https://vanda.miljoeportal.dk/link/00b1c98f-fafe-4750-8811-f5320f84d011;FRB1696;32;689172;6207567;1;03-03-2022 11:07:00 +01:00;;pH; =;9,13;pH;2
Station;49000054;ARRESØ KANAL, ARRESØDAL SLUSE;32;689172;6207567;Halsnæs;Region Hovedstaden;Vandløb;Poel Å;29-07-1998;1;Feltmålinger, Vandløb;Ja;Miljøstyrelsen;https://vanda.miljoeportal.dk/link/7c61b092-94e4-443e-a7b2-d29684671fe9;FRB1696;32;689172;6207567;1;29-07-1998 10:05:00 +02:00;;Temperatur; =;17,8;grader C;3
Station;49000054;ARRESØ KANAL, ARRESØDAL SLUSE;32;689172;6207567;Halsnæs;Region Hovedstaden;Vandløb;Poel Å;08-06-2023;1;Feltmålinger, Vandløb;Ja;Miljøstyrelsen;https://vanda.miljoeportal.dk/link/5eec656d-8169-4da7-8110-5087f5cc3c18;FRB1696;32;689172;6207567;1;08-06-2023 09:50:00 +02:00;;pH; =;8,1;pH;2
Station;49000054;ARRESØ KANAL, ARRESØDAL SLUSE;32;689172;6207567;Halsnæs;Region Hovedstaden;Vandløb;Poel Å;08-11-1995;1;Feltmålinger, Vandløb;Ja;Miljøstyrelsen;https://vanda.miljoeportal.dk/link/9929f59e-b27f-439f-a254-cb1124c8f190;FRB1696;32;689172;6207567;1;08-11-1995 09:27:00 +01:00;;Oxygen indhold; =;14,6;mg/l;3
Station;49000054;ARRESØ KANAL, ARRESØDAL SLUSE;32;689172;6207567;Halsnæs;Region Hovedstaden;Vandløb;Poel Å;05-10-2016;1;Feltmålinger, Vandløb;Ja;Miljøstyrelsen;https://vanda.miljoeportal.dk/link/9b565ffc-6318-4b1b-b118-8513e0af2923;FRB1696;32;689172;6207567;1;05-10-2016 07:55:00 +02:00;;pH; =;9,1;pH;3
Station;49000054;ARRESØ KANAL, ARRESØDAL SLUSE;32;689172;6207567;Halsnæs;Region Hovedstaden;Vandløb;Poel Å;06-01-1999;1;Feltmålinger, Vandløb;Ja;Miljøstyrelsen;https://vanda.miljoeportal.dk/link/bedf28a9-3936-4a9c-9e80-3f77d18ace44;FRB1696;32;689172;6207567;1;06-01-1999 09:30:00 +01:00;;Oxygen indhold; =;12,4;mg/l;3
Station;49000054;ARRESØ KANAL, ARRESØDAL SLUSE;32;689172;6207567;Halsnæs;Region Hovedstaden;Vandløb;Poel Å;08-02-1989;1;Feltmålinger, Vandløb;Ja;Miljøstyrelsen;https://vanda.miljoeportal.dk/link/1f727117-c641-43c4-8217-ed81c840e66f;FRB1696;32;689172;6207567;1;08-02-1989 09:50:00 +01:00;;Temperatur; =;5,6;grader C;3
Station;49000054;ARRESØ KANAL, ARRESØDAL SLUSE;32;689172;6207567;Halsnæs;Region Hovedstaden;Vandløb;Poel Å;29-09-1999;1;Feltmålinger, Vandløb;Ja;Miljøstyrelsen;https://vanda.miljoeportal.dk/link/d941860e-e4a3-4028-9b94-3a48f645bba1;FRB1696;32;689172;6207567;1;29-09-1999 09:40:00 +02:00;;Temperatur; =;15,6;grader C;3
Station;49000054;ARRESØ KANAL, ARRESØDAL SLUSE;32;689172;6207567;Halsnæs;Region Hovedstaden;Vandløb;Poel Å;18-02-2003;1;Feltmålinger, Vandløb;Ja;Miljøstyrelsen;https://vanda.miljoeportal.dk/link/471796f6-30ef-4874-9e29-4ad8586f83c9;FRB1696;32;689172;6207567;1;18-02-2003 10:50:00 +01:00;;Oxygen indhold; =;15;mg/l;3
