Dato (DK normaltid),Vandf¿ring D¿gnmiddel (DMP) (l/s),ks mrk.
01-01-1989 00:00,344.92,2
02-01-1989 00:00,344.92,2
03-01-1989 00:00,344.92,2
04-01-1989 00:00,53.07,2
05-01-1989 00:00,125.33,2
06-01-1989 00:00,125.33,2
07-01-1989 00:00,125.33,2
08-01-1989 00:00,125.33,2
09-01-1989 00:00,125.33,2
10-01-1989 00:00,125.33,2
11-01-1989 00:00,125.33,2
12-01-1989 00:00,125.33,2
13-01-1989 00:00,125.33,2
14-01-1989 00:00,125.33,2
15-01-1989 00:00,125.33,2
16-01-1989 00:00,125.33,2
17-01-1989 00:00,125.33,2
18-01-1989 00:00,269.33,2
19-01-1989 00:00,269.33,2
20-01-1989 00:00,269.33,2
21-01-1989 00:00,269.33,2
22-01-1989 00:00,269.33,2
23-01-1989 00:00,269.33,2
24-01-1989 00:00,257.32,2
25-01-1989 00:00,257.32,2
26-01-1989 00:00,257.32,2
27-01-1989 00:00,257.32,2
28-01-1989 00:00,257.32,2
29-01-1989 00:00,257.32,2
30-01-1989 00:00,257.32,2
31-01-1989 00:00,257.32,2
01-02-1989 00:00,238.31,2
02-02-1989 00:00,238.31,2
03-02-1989 00:00,238.31,2
04-02-1989 00:00,238.31,2
05-02-1989 00:00,238.31,2
06-02-1989 00:00,238.31,2
07-02-1989 00:00,238.31,2
08-02-1989 00:00,241.91,2
09-02-1989 00:00,241.91,2
10-02-1989 00:00,241.91,2
11-02-1989 00:00,241.91,2
12-02-1989 00:00,241.91,2
13-02-1989 00:00,241.91,2
14-02-1989 00:00,241.91,2
15-02-1989 00:00,241.91,2
16-02-1989 00:00,187.49,2
17-02-1989 00:00,187.49,2
18-02-1989 00:00,187.49,2
19-02-1989 00:00,187.49,2
20-02-1989 00:00,187.49,2
21-02-1989 00:00,217.04,2
22-02-1989 00:00,217.04,2
23-02-1989 00:00,217.04,2
24-02-1989 00:00,217.04,2
25-02-1989 00:00,217.04,2
26-02-1989 00:00,217.04,2
27-02-1989 00:00,217.04,2
28-02-1989 00:00,152.69,2
01-03-1989 00:00,152.69,2
02-03-1989 00:00,152.69,2
03-03-1989 00:00,152.69,2
04-03-1989 00:00,152.69,2
05-03-1989 00:00,152.69,2
06-03-1989 00:00,152.69,2
07-03-1989 00:00,235.37,2
08-03-1989 00:00,235.37,2
09-03-1989 00:00,235.37,2
10-03-1989 00:00,235.37,2
11-03-1989 00:00,235.37,2
12-03-1989 00:00,235.37,2
13-03-1989 00:00,235.37,2
14-03-1989 00:00,213.48,2
15-03-1989 00:00,213.48,2
16-03-1989 00:00,213.48,2
17-03-1989 00:00,213.48,2
18-03-1989 00:00,213.48,2
19-03-1989 00:00,213.48,2
20-03-1989 00:00,213.48,2
21-03-1989 00:00,213.48,2
22-03-1989 00:00,213.48,2
23-03-1989 00:00,213.48,2
24-03-1989 00:00,213.48,2
25-03-1989 00:00,213.48,2
26-03-1989 00:00,213.48,2
27-03-1989 00:00,213.48,2
28-03-1989 00:00,213.48,2
29-03-1989 00:00,213.48,2
30-03-1989 00:00,213.48,2
31-03-1989 00:00,171.44,2
01-04-1989 00:00,171.44,2
02-04-1989 00:00,171.44,2
03-04-1989 00:00,171.44,2
04-04-1989 00:00,171.44,2
05-04-1989 00:00,171.44,2
06-04-1989 00:00,171.44,2
07-04-1989 00:00,171.44,2
08-04-1989 00:00,171.44,2
09-04-1989 00:00,171.44,2
10-04-1989 00:00,171.44,2
11-04-1989 00:00,171.44,2
12-04-1989 00:00,238.99,2
13-04-1989 00:00,238.99,2
14-04-1989 00:00,238.99,2
15-04-1989 00:00,238.99,2
16-04-1989 00:00,238.99,2
17-04-1989 00:00,238.99,2
18-04-1989 00:00,238.99,2
19-04-1989 00:00,238.99,2
20-04-1989 00:00,205.26,2
21-04-1989 00:00,205.26,2
22-04-1989 00:00,205.26,2
23-04-1989 00:00,205.26,2
24-04-1989 00:00,205.26,2
25-04-1989 00:00,205.26,2
26-04-1989 00:00,205.26,2
27-04-1989 00:00,205.26,2
28-04-1989 00:00,231.48,2
29-04-1989 00:00,231.48,2
30-04-1989 00:00,231.48,2
01-05-1989 00:00,231.48,2
02-05-1989 00:00,231.48,2
03-05-1989 00:00,164.24,2
04-05-1989 00:00,164.24,2
05-05-1989 00:00,164.24,2
06-05-1989 00:00,164.24,2
07-05-1989 00:00,164.24,2
08-05-1989 00:00,164.24,2
09-05-1989 00:00,164.24,2
10-05-1989 00:00,135.93,2
11-05-1989 00:00,135.93,2
12-05-1989 00:00,135.93,2
13-05-1989 00:00,135.93,2
14-05-1989 00:00,135.93,2
15-05-1989 00:00,135.93,2
16-05-1989 00:00,135.93,2
17-05-1989 00:00,135.93,2
18-05-1989 00:00,109.32,2
19-05-1989 00:00,109.32,2
20-05-1989 00:00,109.32,2
21-05-1989 00:00,109.32,2
22-05-1989 00:00,109.32,2
23-05-1989 00:00,109.32,2
24-05-1989 00:00,109.32,2
25-05-1989 00:00,87.98,2
26-05-1989 00:00,87.98,2
27-05-1989 00:00,87.98,2
28-05-1989 00:00,87.98,2
29-05-1989 00:00,87.98,2
30-05-1989 00:00,87.98,2
31-05-1989 00:00,92,2
01-06-1989 00:00,92,2
02-06-1989 00:00,92,2
03-06-1989 00:00,92,2
04-06-1989 00:00,92,2
05-06-1989 00:00,92,2
06-06-1989 00:00,92,2
07-06-1989 00:00,92,2
08-06-1989 00:00,92,2
09-06-1989 00:00,92,2
10-06-1989 00:00,92,2
11-06-1989 00:00,92,2
12-06-1989 00:00,92,2
13-06-1989 00:00,92,2
14-06-1989 00:00,92,2
15-06-1989 00:00,92,2
16-06-1989 00:00,92,2
17-06-1989 00:00,92,2
18-06-1989 00:00,92,2
19-06-1989 00:00,92,2
20-06-1989 00:00,92,2
21-06-1989 00:00,92,2
22-06-1989 00:00,92,2
23-06-1989 00:00,92,2
24-06-1989 00:00,92,2
25-06-1989 00:00,92,2
26-06-1989 00:00,92,2
27-06-1989 00:00,92,2
28-06-1989 00:00,49.11,2
29-06-1989 00:00,49.11,2
30-06-1989 00:00,49.11,2
01-07-1989 00:00,49.11,2
02-07-1989 00:00,49.11,2
03-07-1989 00:00,49.11,2
04-07-1989 00:00,49.11,2
05-07-1989 00:00,49.11,2
06-07-1989 00:00,49.11,2
07-07-1989 00:00,49.11,2
08-07-1989 00:00,49.11,2
09-07-1989 00:00,49.11,2
10-07-1989 00:00,49.11,2
11-07-1989 00:00,67.44,2
12-07-1989 00:00,67.44,2
13-07-1989 00:00,67.44,2
14-07-1989 00:00,67.44,2
15-07-1989 00:00,67.44,2
16-07-1989 00:00,67.44,2
17-07-1989 00:00,67.44,2
18-07-1989 00:00,67.44,2
19-07-1989 00:00,55.98,2
20-07-1989 00:00,55.98,2
21-07-1989 00:00,55.98,2
22-07-1989 00:00,55.98,2
23-07-1989 00:00,55.98,2
24-07-1989 00:00,55.98,2
25-07-1989 00:00,55.98,2
26-07-1989 00:00,55.98,2
27-07-1989 00:00,55.98,2
28-07-1989 00:00,55.98,2
29-07-1989 00:00,55.98,2
30-07-1989 00:00,55.98,2
31-07-1989 00:00,55.98,2
01-08-1989 00:00,55.98,2
02-08-1989 00:00,55.98,2
03-08-1989 00:00,55.98,2
04-08-1989 00:00,36.45,2
05-08-1989 00:00,36.45,2
06-08-1989 00:00,36.45,2
07-08-1989 00:00,36.45,2
08-08-1989 00:00,36.45,2
09-08-1989 00:00,93.95,2
10-08-1989 00:00,93.95,2
11-08-1989 00:00,93.95,2
12-08-1989 00:00,93.95,2
13-08-1989 00:00,93.95,2
14-08-1989 00:00,93.95,2
15-08-1989 00:00,93.95,2
16-08-1989 00:00,93.95,2
17-08-1989 00:00,93.95,2
18-08-1989 00:00,59.34,2
19-08-1989 00:00,59.34,2
20-08-1989 00:00,59.34,2
21-08-1989 00:00,59.34,2
22-08-1989 00:00,83.81,2
23-08-1989 00:00,83.81,2
24-08-1989 00:00,83.81,2
25-08-1989 00:00,83.81,2
26-08-1989 00:00,83.81,2
27-08-1989 00:00,83.81,2
28-08-1989 00:00,83.81,2
29-08-1989 00:00,83.81,2
30-08-1989 00:00,79.05,2
31-08-1989 00:00,79.05,2
01-09-1989 00:00,79.05,2
02-09-1989 00:00,79.05,2
03-09-1989 00:00,79.05,2
04-09-1989 00:00,79.05,2
05-09-1989 00:00,68.57,2
06-09-1989 00:00,68.57,2
07-09-1989 00:00,68.57,2
08-09-1989 00:00,68.57,2
09-09-1989 00:00,68.57,2
10-09-1989 00:00,68.57,2
11-09-1989 00:00,68.57,2
12-09-1989 00:00,68.57,2
13-09-1989 00:00,68.57,2
14-09-1989 00:00,68.57,2
15-09-1989 00:00,68.57,2
16-09-1989 00:00,68.57,2
17-09-1989 00:00,181.77,2
18-09-1989 00:00,181.77,2
19-09-1989 00:00,90.99,2
20-09-1989 00:00,90.99,2
21-09-1989 00:00,90.99,2
22-09-1989 00:00,90.99,2
23-09-1989 00:00,90.99,2
24-09-1989 00:00,90.99,2
25-09-1989 00:00,79.39,2
26-09-1989 00:00,79.39,2
27-09-1989 00:00,79.39,2
28-09-1989 00:00,79.39,2
29-09-1989 00:00,79.39,2
30-09-1989 00:00,79.39,2
01-10-1989 00:00,79.39,2
02-10-1989 00:00,79.39,2
03-10-1989 00:00,79.39,2
04-10-1989 00:00,79.39,2
05-10-1989 00:00,79.39,2
06-10-1989 00:00,79.39,2
07-10-1989 00:00,79.39,2
08-10-1989 00:00,79.39,2
09-10-1989 00:00,79.39,2
10-10-1989 00:00,113.89,2
11-10-1989 00:00,113.89,2
12-10-1989 00:00,113.89,2
13-10-1989 00:00,113.89,2
14-10-1989 00:00,113.89,2
15-10-1989 00:00,113.89,2
16-10-1989 00:00,113.89,2
17-10-1989 00:00,113.89,2
18-10-1989 00:00,113.89,2
19-10-1989 00:00,113.89,2
20-10-1989 00:00,71.67,2
21-10-1989 00:00,71.67,2
22-10-1989 00:00,71.67,2
23-10-1989 00:00,71.67,2
24-10-1989 00:00,71.67,2
25-10-1989 00:00,71.67,2
26-10-1989 00:00,71.67,2
27-10-1989 00:00,71.67,2
28-10-1989 00:00,71.67,2
29-10-1989 00:00,71.67,2
30-10-1989 00:00,76.79,2
31-10-1989 00:00,76.79,2
01-11-1989 00:00,76.79,2
02-11-1989 00:00,76.79,2
03-11-1989 00:00,76.79,2
04-11-1989 00:00,76.79,2
05-11-1989 00:00,76.79,2
06-11-1989 00:00,188.94,2
07-11-1989 00:00,188.94,2
08-11-1989 00:00,188.94,2
09-11-1989 00:00,141.08,2
10-11-1989 00:00,141.08,2
11-11-1989 00:00,141.08,2
12-11-1989 00:00,141.08,2
13-11-1989 00:00,141.08,2
14-11-1989 00:00,141.08,2
15-11-1989 00:00,141.08,2
16-11-1989 00:00,183.6,2
17-11-1989 00:00,183.6,2
18-11-1989 00:00,183.6,2
19-11-1989 00:00,183.6,2
20-11-1989 00:00,183.6,2
21-11-1989 00:00,183.6,2
22-11-1989 00:00,183.6,2
23-11-1989 00:00,183.6,2
24-11-1989 00:00,186.48,2
25-11-1989 00:00,186.48,2
26-11-1989 00:00,186.48,2
27-11-1989 00:00,186.48,2
28-11-1989 00:00,186.48,2
29-11-1989 00:00,186.48,2
30-11-1989 00:00,186.48,2
01-12-1989 00:00,175.54,2
02-12-1989 00:00,175.54,2
03-12-1989 00:00,175.54,2
04-12-1989 00:00,175.54,2
05-12-1989 00:00,175.54,2
06-12-1989 00:00,170.71,2
07-12-1989 00:00,170.71,2
08-12-1989 00:00,170.71,2
09-12-1989 00:00,170.71,2
10-12-1989 00:00,170.71,2
11-12-1989 00:00,164.29,2
12-12-1989 00:00,164.29,2
13-12-1989 00:00,164.29,2
14-12-1989 00:00,164.29,2
15-12-1989 00:00,164.29,2
16-12-1989 00:00,164.29,2
17-12-1989 00:00,164.29,2
18-12-1989 00:00,164.29,2
19-12-1989 00:00,164.29,2
20-12-1989 00:00,164.29,2
21-12-1989 00:00,173.19,2
22-12-1989 00:00,173.19,2
23-12-1989 00:00,173.19,2
24-12-1989 00:00,173.19,2
25-12-1989 00:00,173.19,2
26-12-1989 00:00,173.19,2
27-12-1989 00:00,173.19,2
28-12-1989 00:00,173.19,2
29-12-1989 00:00,173.19,2
30-12-1989 00:00,173.19,2
31-12-1989 00:00,173.19,2
01-01-1990 00:00,182.5,2
02-01-1990 00:00,182.5,2
03-01-1990 00:00,182.5,2
04-01-1990 00:00,190.7,2
05-01-1990 00:00,190.7,2
06-01-1990 00:00,190.7,2
07-01-1990 00:00,190.7,2
08-01-1990 00:00,190.7,2
09-01-1990 00:00,190.7,2
10-01-1990 00:00,190.7,2
11-01-1990 00:00,177.5,2
12-01-1990 00:00,177.5,2
13-01-1990 00:00,177.5,2
14-01-1990 00:00,177.5,2
15-01-1990 00:00,177.5,2
16-01-1990 00:00,177.5,2
17-01-1990 00:00,177.5,2
18-01-1990 00:00,177.5,2
19-01-1990 00:00,177.5,2
20-01-1990 00:00,177.5,2
21-01-1990 00:00,177.5,2
22-01-1990 00:00,177.5,2
23-01-1990 00:00,177.5,2
24-01-1990 00:00,177.5,2
25-01-1990 00:00,179.4,2
26-01-1990 00:00,179.4,2
27-01-1990 00:00,179.4,2
28-01-1990 00:00,179.4,2
29-01-1990 00:00,179.4,2
30-01-1990 00:00,179.4,2
31-01-1990 00:00,179.4,2
01-02-1990 00:00,179.4,2
02-02-1990 00:00,179.4,2
03-02-1990 00:00,179.4,2
04-02-1990 00:00,179.4,2
05-02-1990 00:00,179.4,2
06-02-1990 00:00,179.4,2
07-02-1990 00:00,179.4,2
08-02-1990 00:00,179.4,2
09-02-1990 00:00,179.4,2
10-02-1990 00:00,179.4,2
11-02-1990 00:00,179.4,2
12-02-1990 00:00,179.4,2
13-02-1990 00:00,179.4,2
14-02-1990 00:00,179.4,2
15-02-1990 00:00,179.4,2
16-02-1990 00:00,179.4,2
17-02-1990 00:00,179.4,2
18-02-1990 00:00,179.4,2
19-02-1990 00:00,179.4,2
20-02-1990 00:00,179.4,2
21-02-1990 00:00,179.4,2
22-02-1990 00:00,202.5,2
23-02-1990 00:00,202.5,2
24-02-1990 00:00,202.5,2
25-02-1990 00:00,202.5,2
26-02-1990 00:00,202.5,2
27-02-1990 00:00,202.5,2
28-02-1990 00:00,202.5,2
01-03-1990 00:00,202.5,2
02-03-1990 00:00,202.5,2
03-03-1990 00:00,202.5,2
04-03-1990 00:00,202.5,2
05-03-1990 00:00,202.5,2
06-03-1990 00:00,202.5,2
07-03-1990 00:00,202.5,2
08-03-1990 00:00,204.2,2
09-03-1990 00:00,204.2,2
10-03-1990 00:00,204.2,2
11-03-1990 00:00,204.2,2
12-03-1990 00:00,204.2,2
13-03-1990 00:00,204.2,2
14-03-1990 00:00,204.2,2
15-03-1990 00:00,204.2,2
16-03-1990 00:00,204.2,2
17-03-1990 00:00,204.2,2
18-03-1990 00:00,204.2,2
19-03-1990 00:00,204.2,2
20-03-1990 00:00,204.2,2
21-03-1990 00:00,204.2,2
22-03-1990 00:00,163.6,2
23-03-1990 00:00,163.6,2
24-03-1990 00:00,163.6,2
25-03-1990 00:00,163.6,2
26-03-1990 00:00,163.6,2
27-03-1990 00:00,163.6,2
28-03-1990 00:00,163.6,2
29-03-1990 00:00,163.6,2
30-03-1990 00:00,163.6,2
31-03-1990 00:00,163.6,2
01-04-1990 00:00,163.6,2
02-04-1990 00:00,163.6,2
03-04-1990 00:00,163.6,2
04-04-1990 00:00,163.6,2
05-04-1990 00:00,95.3,2
06-04-1990 00:00,95.3,2
07-04-1990 00:00,95.3,2
08-04-1990 00:00,95.3,2
09-04-1990 00:00,95.3,2
10-04-1990 00:00,95.3,2
11-04-1990 00:00,95.3,2
12-04-1990 00:00,95.3,2
13-04-1990 00:00,95.3,2
14-04-1990 00:00,95.3,2
15-04-1990 00:00,95.3,2
16-04-1990 00:00,95.3,2
17-04-1990 00:00,95.3,2
18-04-1990 00:00,95.3,2
19-04-1990 00:00,43.1,2
20-04-1990 00:00,43.1,2
21-04-1990 00:00,43.1,2
22-04-1990 00:00,43.1,2
23-04-1990 00:00,43.1,2
24-04-1990 00:00,43.1,2
25-04-1990 00:00,43.1,2
26-04-1990 00:00,43.1,2
27-04-1990 00:00,43.1,2
28-04-1990 00:00,43.1,2
29-04-1990 00:00,43.1,2
30-04-1990 00:00,43.1,2
01-05-1990 00:00,43.1,2
02-05-1990 00:00,43.1,2
03-05-1990 00:00,43.1,2
04-05-1990 00:00,43.1,2
05-05-1990 00:00,43.1,2
06-05-1990 00:00,43.1,2
07-05-1990 00:00,43.1,2
08-05-1990 00:00,43.1,2
09-05-1990 00:00,43.1,2
10-05-1990 00:00,43.1,2
11-05-1990 00:00,43.1,2
12-05-1990 00:00,43.1,2
13-05-1990 00:00,43.1,2
14-05-1990 00:00,43.1,2
15-05-1990 00:00,43.1,2
16-05-1990 00:00,43.1,2
17-05-1990 00:00,43.1,2
18-05-1990 00:00,43.1,2
19-05-1990 00:00,43.1,2
20-05-1990 00:00,43.1,2
21-05-1990 00:00,43.1,2
22-05-1990 00:00,43.1,2
23-05-1990 00:00,43.1,2
24-05-1990 00:00,43.1,2
25-05-1990 00:00,43.1,2
26-05-1990 00:00,43.1,2
27-05-1990 00:00,43.1,2
28-05-1990 00:00,43.1,2
29-05-1990 00:00,43.1,2
30-05-1990 00:00,43.1,2
31-05-1990 00:00,9,2
01-06-1990 00:00,9,2
02-06-1990 00:00,9,2
03-06-1990 00:00,9,2
04-06-1990 00:00,9,2
05-06-1990 00:00,9,2
06-06-1990 00:00,9,2
07-06-1990 00:00,9,2
08-06-1990 00:00,9,2
09-06-1990 00:00,9,2
10-06-1990 00:00,9,2
11-06-1990 00:00,9,2
12-06-1990 00:00,9,2
13-06-1990 00:00,9,2
14-06-1990 00:00,72,2
15-06-1990 00:00,72,2
16-06-1990 00:00,72,2
17-06-1990 00:00,72,2
18-06-1990 00:00,72,2
19-06-1990 00:00,72,2
20-06-1990 00:00,72,2
21-06-1990 00:00,72,2
22-06-1990 00:00,72,2
23-06-1990 00:00,72,2
24-06-1990 00:00,72,2
25-06-1990 00:00,72,2
26-06-1990 00:00,72,2
27-06-1990 00:00,72,2
28-06-1990 00:00,16.7,2
29-06-1990 00:00,16.7,2
30-06-1990 00:00,16.7,2
01-07-1990 00:00,16.7,2
02-07-1990 00:00,16.7,2
03-07-1990 00:00,16.7,2
04-07-1990 00:00,16.7,2
05-07-1990 00:00,16.7,2
06-07-1990 00:00,16.7,2
07-07-1990 00:00,16.7,2
08-07-1990 00:00,16.7,2
09-07-1990 00:00,16.7,2
10-07-1990 00:00,16.7,2
11-07-1990 00:00,16.7,2
12-07-1990 00:00,3,2
13-07-1990 00:00,3,2
14-07-1990 00:00,3,2
15-07-1990 00:00,3,2
16-07-1990 00:00,3,2
17-07-1990 00:00,3,2
18-07-1990 00:00,3,2
19-07-1990 00:00,3,2
20-07-1990 00:00,3,2
21-07-1990 00:00,3,2
22-07-1990 00:00,3,2
23-07-1990 00:00,3,2
24-07-1990 00:00,3,2
25-07-1990 00:00,3,2
26-07-1990 00:00,3,2
27-07-1990 00:00,3,2
28-07-1990 00:00,3,2
29-07-1990 00:00,3,2
30-07-1990 00:00,3,2
31-07-1990 00:00,3,2
01-08-1990 00:00,3,2
02-08-1990 00:00,3,2
03-08-1990 00:00,3,2
04-08-1990 00:00,3,2
05-08-1990 00:00,3,2
06-08-1990 00:00,3,2
07-08-1990 00:00,3,2
08-08-1990 00:00,3,2
09-08-1990 00:00,3,2
10-08-1990 00:00,3,2
11-08-1990 00:00,3,2
12-08-1990 00:00,3,2
13-08-1990 00:00,3,2
14-08-1990 00:00,3,2
15-08-1990 00:00,3,2
16-08-1990 00:00,3,2
17-08-1990 00:00,3,2
18-08-1990 00:00,3,2
19-08-1990 00:00,3,2
20-08-1990 00:00,3,2
21-08-1990 00:00,3,2
22-08-1990 00:00,3,2
23-08-1990 00:00,2.6,2
24-08-1990 00:00,2.6,2
25-08-1990 00:00,2.6,2
26-08-1990 00:00,2.6,2
27-08-1990 00:00,2.6,2
28-08-1990 00:00,2.6,2
29-08-1990 00:00,2.6,2
30-08-1990 00:00,2.6,2
31-08-1990 00:00,2.6,2
01-09-1990 00:00,2.6,2
02-09-1990 00:00,2.6,2
03-09-1990 00:00,2.6,2
04-09-1990 00:00,2.6,2
05-09-1990 00:00,2.6,2
06-09-1990 00:00,30.4,2
07-09-1990 00:00,30.4,2
08-09-1990 00:00,30.4,2
09-09-1990 00:00,30.4,2
10-09-1990 00:00,30.4,2
11-09-1990 00:00,30.4,2
12-09-1990 00:00,30.4,2
13-09-1990 00:00,30.4,2
14-09-1990 00:00,30.4,2
15-09-1990 00:00,30.4,2
16-09-1990 00:00,30.4,2
17-09-1990 00:00,30.4,2
18-09-1990 00:00,30.4,2
19-09-1990 00:00,30.4,2
20-09-1990 00:00,30.4,2
21-09-1990 00:00,30.4,2
22-09-1990 00:00,30.4,2
23-09-1990 00:00,30.4,2
24-09-1990 00:00,30.4,2
25-09-1990 00:00,30.4,2
26-09-1990 00:00,30.4,2
27-09-1990 00:00,30.4,2
28-09-1990 00:00,30.4,2
29-09-1990 00:00,30.4,2
30-09-1990 00:00,30.4,2
01-10-1990 00:00,30.4,2
02-10-1990 00:00,30.4,2
03-10-1990 00:00,108.7,2
04-10-1990 00:00,108.7,2
05-10-1990 00:00,108.7,2
06-10-1990 00:00,108.7,2
07-10-1990 00:00,108.7,2
08-10-1990 00:00,108.7,2
09-10-1990 00:00,108.7,2
10-10-1990 00:00,108.7,2
11-10-1990 00:00,108.7,2
12-10-1990 00:00,108.7,2
13-10-1990 00:00,108.7,2
14-10-1990 00:00,108.7,2
15-10-1990 00:00,108.7,2
16-10-1990 00:00,108.7,2
17-10-1990 00:00,108.7,2
18-10-1990 00:00,108.7,2
19-10-1990 00:00,108.7,2
20-10-1990 00:00,108.7,2
21-10-1990 00:00,108.7,2
22-10-1990 00:00,108.7,2
23-10-1990 00:00,108.7,2
24-10-1990 00:00,108.7,2
25-10-1990 00:00,108.7,2
26-10-1990 00:00,108.7,2
27-10-1990 00:00,108.7,2
28-10-1990 00:00,108.7,2
29-10-1990 00:00,108.7,2
30-10-1990 00:00,108.7,2
31-10-1990 00:00,108.7,2
01-11-1990 00:00,108.7,2
02-11-1990 00:00,108.7,2
03-11-1990 00:00,108.7,2
04-11-1990 00:00,108.7,2
05-11-1990 00:00,108.7,2
06-11-1990 00:00,108.7,2
07-11-1990 00:00,108.7,2
08-11-1990 00:00,108.7,2
09-11-1990 00:00,108.7,2
10-11-1990 00:00,108.7,2
11-11-1990 00:00,108.7,2
12-11-1990 00:00,108.7,2
13-11-1990 00:00,108.7,2
14-11-1990 00:00,108.7,2
15-11-1990 00:00,108.7,2
16-11-1990 00:00,108.7,2
17-11-1990 00:00,108.7,2
18-11-1990 00:00,108.7,2
19-11-1990 00:00,108.7,2
20-11-1990 00:00,108.7,2
21-11-1990 00:00,108.7,2
22-11-1990 00:00,108.7,2
23-11-1990 00:00,108.7,2
24-11-1990 00:00,132.4,2
25-11-1990 00:00,132.4,2
26-11-1990 00:00,132.4,2
27-11-1990 00:00,132.4,2
28-11-1990 00:00,132.4,2
29-11-1990 00:00,132.4,2
30-11-1990 00:00,132.4,2
01-12-1990 00:00,132.4,2
02-12-1990 00:00,132.4,2
03-12-1990 00:00,132.4,2
04-12-1990 00:00,132.4,2
05-12-1990 00:00,132.4,2
06-12-1990 00:00,132.4,2
07-12-1990 00:00,132.4,2
08-12-1990 00:00,132.4,2
09-12-1990 00:00,132.4,2
10-12-1990 00:00,132.4,2
11-12-1990 00:00,132.4,2
12-12-1990 00:00,132.4,2
13-12-1990 00:00,132.4,2
14-12-1990 00:00,132.4,2
15-12-1990 00:00,132.4,2
16-12-1990 00:00,132.4,2
17-12-1990 00:00,132.4,2
18-12-1990 00:00,163.6,2
19-12-1990 00:00,163.6,2
20-12-1990 00:00,163.6,2
21-12-1990 00:00,163.6,2
22-12-1990 00:00,163.6,2
23-12-1990 00:00,163.6,2
24-12-1990 00:00,163.6,2
25-12-1990 00:00,163.6,2
26-12-1990 00:00,163.6,2
27-12-1990 00:00,163.6,2
28-12-1990 00:00,163.6,2
29-12-1990 00:00,163.6,2
30-12-1990 00:00,163.6,2
31-12-1990 00:00,163.6,2
01-01-1991 00:00,190,2
02-01-1991 00:00,192,2
03-01-1991 00:00,218,2
04-01-1991 00:00,213,2
05-01-1991 00:00,198,2
06-01-1991 00:00,191,2
07-01-1991 00:00,224,2
08-01-1991 00:00,255,2
09-01-1991 00:00,337,2
10-01-1991 00:00,424,2
11-01-1991 00:00,435,2
12-01-1991 00:00,378,2
13-01-1991 00:00,304,2
14-01-1991 00:00,230,2
15-01-1991 00:00,188,2
16-01-1991 00:00,164,2
17-01-1991 00:00,109.791,2
18-01-1991 00:00,95.768,2
19-01-1991 00:00,86.019,2
20-01-1991 00:00,78.193,2
21-01-1991 00:00,102.816,2
22-01-1991 00:00,104,2
23-01-1991 00:00,98.218,2
24-01-1991 00:00,109.989,2
25-01-1991 00:00,123.658,2
26-01-1991 00:00,132.865,2
27-01-1991 00:00,114.485,2
28-01-1991 00:00,118.538,2
29-01-1991 00:00,119.026,2
30-01-1991 00:00,109.107,2
31-01-1991 00:00,100,2
01-02-1991 00:00,87.415,2
02-02-1991 00:00,63.671,2
03-02-1991 00:00,59.171,2
04-02-1991 00:00,65.599,2
05-02-1991 00:00,63.744,2
06-02-1991 00:00,59.773,2
07-02-1991 00:00,57.45,2
08-02-1991 00:00,57.086,2
09-02-1991 00:00,60.171,2
10-02-1991 00:00,62.265,2
11-02-1991 00:00,62.293,2
12-02-1991 00:00,56.323,2
13-02-1991 00:00,61.325,2
14-02-1991 00:00,58,2
15-02-1991 00:00,56.182,2
16-02-1991 00:00,54,2
17-02-1991 00:00,52,2
18-02-1991 00:00,50.175,2
19-02-1991 00:00,55.426,2
20-02-1991 00:00,58.153,2
21-02-1991 00:00,47.766,2
22-02-1991 00:00,50.441,2
23-02-1991 00:00,143.728,2
24-02-1991 00:00,362.607,2
25-02-1991 00:00,332.807,2
26-02-1991 00:00,284.165,2
27-02-1991 00:00,219.734,2
28-02-1991 00:00,175.257,2
01-03-1991 00:00,158.596,2
02-03-1991 00:00,149.847,2
03-03-1991 00:00,139.819,2
04-03-1991 00:00,155.33,2
05-03-1991 00:00,165.271,2
06-03-1991 00:00,165.866,2
07-03-1991 00:00,150.58,2
08-03-1991 00:00,142.868,2
09-03-1991 00:00,131.081,2
10-03-1991 00:00,126.736,2
11-03-1991 00:00,123.008,2
12-03-1991 00:00,123.463,2
13-03-1991 00:00,123.269,2
14-03-1991 00:00,115.786,2
15-03-1991 00:00,108.297,2
16-03-1991 00:00,107.456,2
17-03-1991 00:00,104.715,2
18-03-1991 00:00,101.25,2
19-03-1991 00:00,117.969,2
20-03-1991 00:00,170.605,2
21-03-1991 00:00,177.755,2
22-03-1991 00:00,159.302,2
23-03-1991 00:00,138.199,2
24-03-1991 00:00,125.635,2
25-03-1991 00:00,113.723,2
26-03-1991 00:00,104.813,2
27-03-1991 00:00,98.85,2
28-03-1991 00:00,91.775,2
29-03-1991 00:00,87.01,2
30-03-1991 00:00,79.188,2
31-03-1991 00:00,77.823,2
01-04-1991 00:00,76.617,2
02-04-1991 00:00,95.686,2
03-04-1991 00:00,90.149,2
04-04-1991 00:00,91.676,2
05-04-1991 00:00,94.083,2
06-04-1991 00:00,85,2
07-04-1991 00:00,84,2
08-04-1991 00:00,83,2
09-04-1991 00:00,83,2
10-04-1991 00:00,73.602,2
11-04-1991 00:00,67.327,2
12-04-1991 00:00,64.256,2
13-04-1991 00:00,60.393,2
14-04-1991 00:00,56.522,2
15-04-1991 00:00,51.883,2
16-04-1991 00:00,55.356,2
17-04-1991 00:00,52.397,2
18-04-1991 00:00,47.557,2
19-04-1991 00:00,45.717,2
20-04-1991 00:00,43.495,2
21-04-1991 00:00,42.572,2
22-04-1991 00:00,45.553,2
23-04-1991 00:00,45.642,2
24-04-1991 00:00,45.124,2
25-04-1991 00:00,46.356,2
26-04-1991 00:00,45.971,2
27-04-1991 00:00,45.227,2
28-04-1991 00:00,45.036,2
29-04-1991 00:00,65.827,2
30-04-1991 00:00,98.316,2
01-05-1991 00:00,100.13,2
02-05-1991 00:00,86.629,2
03-05-1991 00:00,155.977,2
04-05-1991 00:00,219.076,2
05-05-1991 00:00,325.482,2
06-05-1991 00:00,403.142,2
07-05-1991 00:00,316.401,2
08-05-1991 00:00,245.295,2
09-05-1991 00:00,191.974,2
10-05-1991 00:00,158.888,2
11-05-1991 00:00,139.027,2
12-05-1991 00:00,120.017,2
13-05-1991 00:00,107.041,2
14-05-1991 00:00,104.329,2
15-05-1991 00:00,96,2
16-05-1991 00:00,82,2
17-05-1991 00:00,81.814,2
18-05-1991 00:00,68.925,2
19-05-1991 00:00,67.174,2
20-05-1991 00:00,69.004,2
21-05-1991 00:00,64.674,2
22-05-1991 00:00,59.721,2
23-05-1991 00:00,49.938,2
24-05-1991 00:00,41.896,2
25-05-1991 00:00,34.999,2
26-05-1991 00:00,28.977,2
27-05-1991 00:00,30.677,2
28-05-1991 00:00,30.469,2
29-05-1991 00:00,34.923,2
30-05-1991 00:00,29.98,2
31-05-1991 00:00,30,2
01-06-1991 00:00,29,2
02-06-1991 00:00,29,2
03-06-1991 00:00,29,2
04-06-1991 00:00,69,2
05-06-1991 00:00,121,2
06-06-1991 00:00,104,2
07-06-1991 00:00,83,2
08-06-1991 00:00,72,2
09-06-1991 00:00,62,2
10-06-1991 00:00,60,2
11-06-1991 00:00,60,2
12-06-1991 00:00,55,2
13-06-1991 00:00,70,2
14-06-1991 00:00,76,2
15-06-1991 00:00,86,2
16-06-1991 00:00,144,2
17-06-1991 00:00,248,2
18-06-1991 00:00,228,2
19-06-1991 00:00,241,2
20-06-1991 00:00,230,2
21-06-1991 00:00,220,2
22-06-1991 00:00,196.207,2
23-06-1991 00:00,163.009,2
24-06-1991 00:00,156,2
25-06-1991 00:00,162.221,2
26-06-1991 00:00,169.055,2
27-06-1991 00:00,165.935,2
28-06-1991 00:00,140.411,2
29-06-1991 00:00,246,2
30-06-1991 00:00,377,2
01-07-1991 00:00,369,2
02-07-1991 00:00,306,2
03-07-1991 00:00,231,2
04-07-1991 00:00,167,2
05-07-1991 00:00,127,2
06-07-1991 00:00,101,2
07-07-1991 00:00,85,2
08-07-1991 00:00,74,2
09-07-1991 00:00,70,2
10-07-1991 00:00,66,2
11-07-1991 00:00,59,2
12-07-1991 00:00,56,2
13-07-1991 00:00,55,2
14-07-1991 00:00,52,2
15-07-1991 00:00,52,2
16-07-1991 00:00,52,2
17-07-1991 00:00,62,2
18-07-1991 00:00,64,2
19-07-1991 00:00,61,2
20-07-1991 00:00,97,2
21-07-1991 00:00,91,2
22-07-1991 00:00,81,2
23-07-1991 00:00,69,2
24-07-1991 00:00,61,2
25-07-1991 00:00,62,2
26-07-1991 00:00,68,2
27-07-1991 00:00,59,2
28-07-1991 00:00,52,2
29-07-1991 00:00,51,2
30-07-1991 00:00,51,2
31-07-1991 00:00,52,2
01-08-1991 00:00,48,2
02-08-1991 00:00,48,2
03-08-1991 00:00,48,2
04-08-1991 00:00,47,2
05-08-1991 00:00,47,2
06-08-1991 00:00,46,2
07-08-1991 00:00,50,2
08-08-1991 00:00,47,2
09-08-1991 00:00,42,2
10-08-1991 00:00,41,2
11-08-1991 00:00,41,2
12-08-1991 00:00,40,2
13-08-1991 00:00,40,2
14-08-1991 00:00,39,2
15-08-1991 00:00,40,2
16-08-1991 00:00,41,2
17-08-1991 00:00,46,2
18-08-1991 00:00,97,2
19-08-1991 00:00,236,2
20-08-1991 00:00,249,2
21-08-1991 00:00,188,2
22-08-1991 00:00,135,2
23-08-1991 00:00,102,2
24-08-1991 00:00,91,2
25-08-1991 00:00,78,2
26-08-1991 00:00,69,2
27-08-1991 00:00,60,2
28-08-1991 00:00,56,2
29-08-1991 00:00,50,2
30-08-1991 00:00,46,2
31-08-1991 00:00,47,2
01-09-1991 00:00,44,2
02-09-1991 00:00,42,2
03-09-1991 00:00,38,2
04-09-1991 00:00,35,2
05-09-1991 00:00,34,2
06-09-1991 00:00,33.706,2
07-09-1991 00:00,28.013,2
08-09-1991 00:00,26.404,2
09-09-1991 00:00,23.484,2
10-09-1991 00:00,24.989,2
11-09-1991 00:00,23.934,2
12-09-1991 00:00,21.12,2
13-09-1991 00:00,23.516,2
14-09-1991 00:00,21.285,2
15-09-1991 00:00,20.74,2
16-09-1991 00:00,20.34,2
17-09-1991 00:00,24.116,2
18-09-1991 00:00,27.015,2
19-09-1991 00:00,23.897,2
20-09-1991 00:00,23.477,2
21-09-1991 00:00,22.955,2
22-09-1991 00:00,25.7,2
23-09-1991 00:00,25.981,2
24-09-1991 00:00,30.122,2
25-09-1991 00:00,39.769,2
26-09-1991 00:00,93.249,2
27-09-1991 00:00,160,2
28-09-1991 00:00,464,2
29-09-1991 00:00,438,2
30-09-1991 00:00,354,2
01-10-1991 00:00,277,2
02-10-1991 00:00,230,2
03-10-1991 00:00,205,2
04-10-1991 00:00,195,2
05-10-1991 00:00,170,2
06-10-1991 00:00,165,2
07-10-1991 00:00,160,2
08-10-1991 00:00,155,2
09-10-1991 00:00,153,2
10-10-1991 00:00,121.4,2
11-10-1991 00:00,112.564,2
12-10-1991 00:00,96.661,2
13-10-1991 00:00,92.637,2
14-10-1991 00:00,103.56,2
15-10-1991 00:00,122.242,2
16-10-1991 00:00,132,2
17-10-1991 00:00,132,2
18-10-1991 00:00,132,2
19-10-1991 00:00,194,2
20-10-1991 00:00,215,2
21-10-1991 00:00,197,2
22-10-1991 00:00,167,2
23-10-1991 00:00,140,2
24-10-1991 00:00,125,2
25-10-1991 00:00,122,2
26-10-1991 00:00,120,2
27-10-1991 00:00,120,2
28-10-1991 00:00,125.199,2
29-10-1991 00:00,117.184,2
30-10-1991 00:00,113.17,2
31-10-1991 00:00,110.523,2
01-11-1991 00:00,99.577,2
02-11-1991 00:00,114.349,2
03-11-1991 00:00,122.443,2
04-11-1991 00:00,104,2
05-11-1991 00:00,99,2
06-11-1991 00:00,144,2
07-11-1991 00:00,216,2
08-11-1991 00:00,210,2
09-11-1991 00:00,181,2
10-11-1991 00:00,160,2
11-11-1991 00:00,213,2
12-11-1991 00:00,219,2
13-11-1991 00:00,300,2
14-11-1991 00:00,254.188,2
15-11-1991 00:00,231.451,2
16-11-1991 00:00,207.461,2
17-11-1991 00:00,192.181,2
18-11-1991 00:00,180.313,2
19-11-1991 00:00,161.808,2
20-11-1991 00:00,147.575,2
21-11-1991 00:00,135.793,2
22-11-1991 00:00,137.009,2
23-11-1991 00:00,146.003,2
24-11-1991 00:00,142.694,2
25-11-1991 00:00,137.937,2
26-11-1991 00:00,122.639,2
27-11-1991 00:00,150.6,2
28-11-1991 00:00,164.698,2
29-11-1991 00:00,149.981,2
30-11-1991 00:00,140.776,2
01-12-1991 00:00,129.187,2
02-12-1991 00:00,123.25,2
03-12-1991 00:00,126.593,2
04-12-1991 00:00,125.13,2
05-12-1991 00:00,114.269,2
06-12-1991 00:00,108.768,2
07-12-1991 00:00,105.944,2
08-12-1991 00:00,98.548,2
09-12-1991 00:00,92.737,2
10-12-1991 00:00,92.493,2
11-12-1991 00:00,86.95,2
12-12-1991 00:00,85.335,2
13-12-1991 00:00,89.607,2
14-12-1991 00:00,104.59,2
15-12-1991 00:00,105.599,2
16-12-1991 00:00,100,2
17-12-1991 00:00,100,2
18-12-1991 00:00,282,2
19-12-1991 00:00,264.845,2
20-12-1991 00:00,279.954,2
21-12-1991 00:00,283.001,2
22-12-1991 00:00,233.462,2
23-12-1991 00:00,360.513,2
24-12-1991 00:00,536.675,2
25-12-1991 00:00,381.397,2
26-12-1991 00:00,424.955,2
27-12-1991 00:00,418.757,2
28-12-1991 00:00,350.897,2
29-12-1991 00:00,325.573,2
30-12-1991 00:00,289.308,2
31-12-1991 00:00,233.69,2
01-01-1992 00:00,208.381,2
02-01-1992 00:00,201.651,2
03-01-1992 00:00,193.881,2
04-01-1992 00:00,217,2
05-01-1992 00:00,228,2
06-01-1992 00:00,206,2
07-01-1992 00:00,187,2
08-01-1992 00:00,183.226,2
09-01-1992 00:00,249.216,2
10-01-1992 00:00,256.364,2
11-01-1992 00:00,209.713,2
12-01-1992 00:00,208.298,2
13-01-1992 00:00,178.209,2
14-01-1992 00:00,179.062,2
15-01-1992 00:00,166.09,2
16-01-1992 00:00,164.82,2
17-01-1992 00:00,152.705,2
18-01-1992 00:00,148.77,2
19-01-1992 00:00,276.184,2
20-01-1992 00:00,269.91,2
21-01-1992 00:00,228,2
22-01-1992 00:00,182,2
23-01-1992 00:00,149,2
24-01-1992 00:00,133,2
25-01-1992 00:00,124,2
26-01-1992 00:00,121,2
27-01-1992 00:00,113,2
28-01-1992 00:00,112,2
29-01-1992 00:00,118,2
30-01-1992 00:00,117,2
31-01-1992 00:00,117,2
01-02-1992 00:00,120,2
02-02-1992 00:00,125,2
03-02-1992 00:00,163,2
04-02-1992 00:00,183,2
05-02-1992 00:00,158,2
06-02-1992 00:00,140,2
07-02-1992 00:00,149,2
08-02-1992 00:00,156.162,2
09-02-1992 00:00,149.513,2
10-02-1992 00:00,146.74,2
11-02-1992 00:00,148.677,2
12-02-1992 00:00,138.501,2
13-02-1992 00:00,145.008,2
14-02-1992 00:00,148.023,2
15-02-1992 00:00,164.366,2
16-02-1992 00:00,199.171,2
17-02-1992 00:00,161,2
18-02-1992 00:00,136,2
19-02-1992 00:00,124,2
20-02-1992 00:00,118,2
21-02-1992 00:00,117,2
22-02-1992 00:00,117,2
23-02-1992 00:00,145,2
24-02-1992 00:00,135,2
25-02-1992 00:00,128,2
26-02-1992 00:00,121,2
27-02-1992 00:00,115,2
28-02-1992 00:00,111,2
29-02-1992 00:00,116.617,2
01-03-1992 00:00,116.923,2
02-03-1992 00:00,117.613,2
03-03-1992 00:00,127.437,2
04-03-1992 00:00,127.473,2
05-03-1992 00:00,123.848,2
06-03-1992 00:00,122.191,2
07-03-1992 00:00,115.095,2
08-03-1992 00:00,111.309,2
09-03-1992 00:00,106.423,2
10-03-1992 00:00,105.846,2
11-03-1992 00:00,108.374,2
12-03-1992 00:00,115.45,2
13-03-1992 00:00,138.991,2
14-03-1992 00:00,128.597,2
15-03-1992 00:00,123.818,2
16-03-1992 00:00,119.753,2
17-03-1992 00:00,122.045,2
18-03-1992 00:00,120.455,2
19-03-1992 00:00,124.305,2
20-03-1992 00:00,144.295,2
21-03-1992 00:00,173.377,2
22-03-1992 00:00,238.418,2
23-03-1992 00:00,316.667,2
24-03-1992 00:00,243.643,2
25-03-1992 00:00,202.392,2
26-03-1992 00:00,180.393,2
27-03-1992 00:00,161.227,2
28-03-1992 00:00,171.978,2
29-03-1992 00:00,175.108,2
30-03-1992 00:00,156.914,2
31-03-1992 00:00,142.8,2
01-04-1992 00:00,131.249,2
02-04-1992 00:00,145.147,2
03-04-1992 00:00,148.116,2
04-04-1992 00:00,131.686,2
05-04-1992 00:00,147.375,2
06-04-1992 00:00,126.427,2
07-04-1992 00:00,125.1,2
08-04-1992 00:00,117.661,2
09-04-1992 00:00,107.636,2
10-04-1992 00:00,105.977,2
11-04-1992 00:00,100.29,2
12-04-1992 00:00,98.563,2
13-04-1992 00:00,98.643,2
14-04-1992 00:00,99.663,2
15-04-1992 00:00,109.468,2
16-04-1992 00:00,133.902,2
17-04-1992 00:00,111.726,2
18-04-1992 00:00,115.519,2
19-04-1992 00:00,122.104,2
20-04-1992 00:00,106.091,2
21-04-1992 00:00,98.131,2
22-04-1992 00:00,96.149,2
23-04-1992 00:00,88.074,2
24-04-1992 00:00,83.229,2
25-04-1992 00:00,85.479,2
26-04-1992 00:00,86.2,2
27-04-1992 00:00,122.523,2
28-04-1992 00:00,119.241,2
29-04-1992 00:00,149.062,2
30-04-1992 00:00,131.295,2
01-05-1992 00:00,123.402,2
02-05-1992 00:00,123.271,2
03-05-1992 00:00,110.276,2
04-05-1992 00:00,97.953,2
05-05-1992 00:00,91.792,2
06-05-1992 00:00,89.132,2
07-05-1992 00:00,89.778,2
08-05-1992 00:00,93.702,2
09-05-1992 00:00,112.014,2
10-05-1992 00:00,99.787,2
11-05-1992 00:00,91.073,2
12-05-1992 00:00,86.697,2
13-05-1992 00:00,87.433,2
14-05-1992 00:00,80.433,2
15-05-1992 00:00,70.91,2
16-05-1992 00:00,62.309,2
17-05-1992 00:00,56.896,2
18-05-1992 00:00,53.63,2
19-05-1992 00:00,52.006,2
20-05-1992 00:00,50.49,2
21-05-1992 00:00,48.863,2
22-05-1992 00:00,45.794,2
23-05-1992 00:00,45.605,2
24-05-1992 00:00,42.396,2
25-05-1992 00:00,40.38,2
26-05-1992 00:00,39.711,2
27-05-1992 00:00,38.036,2
28-05-1992 00:00,38.279,2
29-05-1992 00:00,35.49,2
30-05-1992 00:00,33.142,2
31-05-1992 00:00,32.898,2
01-06-1992 00:00,27.9,2
02-06-1992 00:00,31.042,2
03-06-1992 00:00,26.507,2
04-06-1992 00:00,26.177,2
05-06-1992 00:00,22.903,2
06-06-1992 00:00,22.965,2
07-06-1992 00:00,23.268,2
08-06-1992 00:00,24.539,2
09-06-1992 00:00,21.126,2
10-06-1992 00:00,21.785,2
11-06-1992 00:00,23.241,2
12-06-1992 00:00,21.12,2
13-06-1992 00:00,22.922,2
14-06-1992 00:00,17.973,2
15-06-1992 00:00,19.684,2
16-06-1992 00:00,22.718,2
17-06-1992 00:00,20.877,2
18-06-1992 00:00,17.606,2
19-06-1992 00:00,18.203,2
20-06-1992 00:00,18.825,2
21-06-1992 00:00,16.284,2
22-06-1992 00:00,15.419,2
23-06-1992 00:00,17.686,2
24-06-1992 00:00,15.244,2
25-06-1992 00:00,16.553,2
26-06-1992 00:00,14.742,2
27-06-1992 00:00,12.892,2
28-06-1992 00:00,14.017,2
29-06-1992 00:00,12.05,2
30-06-1992 00:00,14.321,2
01-07-1992 00:00,12.698,2
02-07-1992 00:00,14.262,2
03-07-1992 00:00,11.655,2
04-07-1992 00:00,11.064,2
05-07-1992 00:00,10.859,2
06-07-1992 00:00,9.041,2
07-07-1992 00:00,9.075,2
08-07-1992 00:00,9.133,2
09-07-1992 00:00,8.69,2
10-07-1992 00:00,9.394,2
11-07-1992 00:00,8.271,2
12-07-1992 00:00,9.891,2
13-07-1992 00:00,9.721,2
14-07-1992 00:00,12.497,2
15-07-1992 00:00,17.109,2
16-07-1992 00:00,12.503,2
17-07-1992 00:00,13.875,2
18-07-1992 00:00,20.301,2
19-07-1992 00:00,16.199,2
20-07-1992 00:00,11.37,2
21-07-1992 00:00,12.963,2
22-07-1992 00:00,12.956,2
23-07-1992 00:00,11.347,2
24-07-1992 00:00,11.346,2
25-07-1992 00:00,8.148,2
26-07-1992 00:00,8.634,2
27-07-1992 00:00,9.82,2
28-07-1992 00:00,9.108,2
29-07-1992 00:00,12.423,2
30-07-1992 00:00,8.229,2
31-07-1992 00:00,9.854,2
01-08-1992 00:00,8.254,2
02-08-1992 00:00,8.293,2
03-08-1992 00:00,8.284,2
04-08-1992 00:00,8.335,2
05-08-1992 00:00,9.542,2
06-08-1992 00:00,8.373,2
07-08-1992 00:00,8.328,2
08-08-1992 00:00,10.009,2
09-08-1992 00:00,8.34,2
10-08-1992 00:00,9.054,2
11-08-1992 00:00,13,2
12-08-1992 00:00,13,2
13-08-1992 00:00,22,2
14-08-1992 00:00,20,2
15-08-1992 00:00,14,2
16-08-1992 00:00,10,2
17-08-1992 00:00,11,2
18-08-1992 00:00,12,2
19-08-1992 00:00,12,2
20-08-1992 00:00,12,2
21-08-1992 00:00,15,2
22-08-1992 00:00,46,2
23-08-1992 00:00,37,2
24-08-1992 00:00,29,2
25-08-1992 00:00,26,2
26-08-1992 00:00,27,2
27-08-1992 00:00,27,2
28-08-1992 00:00,29,2
29-08-1992 00:00,23,2
30-08-1992 00:00,20,2
31-08-1992 00:00,20,2
01-09-1992 00:00,26,2
02-09-1992 00:00,37,2
03-09-1992 00:00,39,2
04-09-1992 00:00,43,2
05-09-1992 00:00,35,2
06-09-1992 00:00,28,2
07-09-1992 00:00,24,2
08-09-1992 00:00,21,2
09-09-1992 00:00,19,2
10-09-1992 00:00,15.627,2
11-09-1992 00:00,13.288,2
12-09-1992 00:00,13.043,2
13-09-1992 00:00,13.025,2
14-09-1992 00:00,14.9,2
15-09-1992 00:00,16.571,2
16-09-1992 00:00,18.848,2
17-09-1992 00:00,30,2
18-09-1992 00:00,25,2
19-09-1992 00:00,22,2
20-09-1992 00:00,23,2
21-09-1992 00:00,20,2
22-09-1992 00:00,17,2
23-09-1992 00:00,16,2
24-09-1992 00:00,18,2
25-09-1992 00:00,19,2
26-09-1992 00:00,19,2
27-09-1992 00:00,18,2
28-09-1992 00:00,19,2
29-09-1992 00:00,19,2
30-09-1992 00:00,20,2
01-10-1992 00:00,19,2
02-10-1992 00:00,18,2
03-10-1992 00:00,15.634,2
04-10-1992 00:00,12.83,2
05-10-1992 00:00,12.822,2
06-10-1992 00:00,13.47,2
07-10-1992 00:00,13.307,2
08-10-1992 00:00,12.721,2
09-10-1992 00:00,14.641,2
10-10-1992 00:00,15.31,2
11-10-1992 00:00,15.094,2
12-10-1992 00:00,11.804,2
13-10-1992 00:00,15.186,2
14-10-1992 00:00,13.04,2
15-10-1992 00:00,19.265,2
16-10-1992 00:00,37.861,2
17-10-1992 00:00,43.318,2
18-10-1992 00:00,38.101,2
19-10-1992 00:00,36.805,2
20-10-1992 00:00,38.434,2
21-10-1992 00:00,34.366,2
22-10-1992 00:00,49.884,2
23-10-1992 00:00,46.323,2
24-10-1992 00:00,38.204,2
25-10-1992 00:00,44.363,2
26-10-1992 00:00,42.943,2
27-10-1992 00:00,47.942,2
28-10-1992 00:00,73,2
29-10-1992 00:00,87,2
30-10-1992 00:00,64,2
31-10-1992 00:00,54,2
01-11-1992 00:00,46,2
02-11-1992 00:00,48,2
03-11-1992 00:00,85,2
04-11-1992 00:00,67,2
05-11-1992 00:00,55,2
06-11-1992 00:00,59,2
07-11-1992 00:00,69,2
08-11-1992 00:00,86,2
09-11-1992 00:00,67,2
10-11-1992 00:00,60,2
11-11-1992 00:00,59,2
12-11-1992 00:00,237,2
13-11-1992 00:00,326,2
14-11-1992 00:00,256,2
15-11-1992 00:00,181,2
16-11-1992 00:00,140,2
17-11-1992 00:00,134,2
18-11-1992 00:00,116,2
19-11-1992 00:00,126,2
20-11-1992 00:00,158,2
21-11-1992 00:00,141,2
22-11-1992 00:00,125,2
23-11-1992 00:00,115,2
24-11-1992 00:00,135,2
25-11-1992 00:00,153,2
26-11-1992 00:00,258,2
27-11-1992 00:00,356,2
28-11-1992 00:00,333,2
29-11-1992 00:00,311,2
30-11-1992 00:00,253,2
01-12-1992 00:00,223,2
02-12-1992 00:00,193,2
03-12-1992 00:00,238,2
04-12-1992 00:00,239,2
05-12-1992 00:00,218,2
06-12-1992 00:00,191,2
07-12-1992 00:00,172,2
08-12-1992 00:00,151,2
09-12-1992 00:00,141,2
10-12-1992 00:00,134,2
11-12-1992 00:00,161,2
12-12-1992 00:00,322,2
13-12-1992 00:00,295,2
14-12-1992 00:00,288,2
15-12-1992 00:00,287,2
16-12-1992 00:00,247,2
17-12-1992 00:00,209,2
18-12-1992 00:00,182,2
19-12-1992 00:00,185,2
20-12-1992 00:00,169,2
21-12-1992 00:00,147,2
22-12-1992 00:00,130,2
23-12-1992 00:00,117,2
24-12-1992 00:00,108,2
25-12-1992 00:00,101,2
26-12-1992 00:00,96,2
27-12-1992 00:00,92,2
28-12-1992 00:00,86,2
29-12-1992 00:00,85,2
30-12-1992 00:00,86,2
31-12-1992 00:00,84,2
01-01-1993 00:00,93,2
02-01-1993 00:00,80,2
03-01-1993 00:00,72,2
04-01-1993 00:00,70,2
05-01-1993 00:00,66,2
06-01-1993 00:00,75,2
07-01-1993 00:00,76,2
08-01-1993 00:00,78,2
09-01-1993 00:00,80,2
10-01-1993 00:00,100,2
11-01-1993 00:00,207,2
12-01-1993 00:00,211,2
13-01-1993 00:00,186,2
14-01-1993 00:00,292,2
15-01-1993 00:00,271,2
16-01-1993 00:00,247,2
17-01-1993 00:00,253,2
18-01-1993 00:00,221,2
19-01-1993 00:00,203,2
20-01-1993 00:00,215.96,2
21-01-1993 00:00,218.378,2
22-01-1993 00:00,236.688,2
23-01-1993 00:00,227.646,2
24-01-1993 00:00,411.738,2
25-01-1993 00:00,444,2
26-01-1993 00:00,375.272,2
27-01-1993 00:00,328.495,2
28-01-1993 00:00,232.016,2
29-01-1993 00:00,189.898,2
30-01-1993 00:00,158.703,2
31-01-1993 00:00,140.178,2
01-02-1993 00:00,123,2
02-02-1993 00:00,119,2
03-02-1993 00:00,125,2
04-02-1993 00:00,144,2
05-02-1993 00:00,158,2
06-02-1993 00:00,158,2
07-02-1993 00:00,148,2
08-02-1993 00:00,156,2
09-02-1993 00:00,179,2
10-02-1993 00:00,172,2
11-02-1993 00:00,160,2
12-02-1993 00:00,152,2
13-02-1993 00:00,139,2
14-02-1993 00:00,133,2
15-02-1993 00:00,125,2
16-02-1993 00:00,131,2
17-02-1993 00:00,195,2
18-02-1993 00:00,176,2
19-02-1993 00:00,218,2
20-02-1993 00:00,201,2
21-02-1993 00:00,209,2
22-02-1993 00:00,158,2
23-02-1993 00:00,135,2
24-02-1993 00:00,113,2
25-02-1993 00:00,107,2
26-02-1993 00:00,111,2
27-02-1993 00:00,103,2
28-02-1993 00:00,96,2
01-03-1993 00:00,86,2
02-03-1993 00:00,82,2
03-03-1993 00:00,80,2
04-03-1993 00:00,78,2
05-03-1993 00:00,80,2
06-03-1993 00:00,82,2
07-03-1993 00:00,76,2
08-03-1993 00:00,74,2
09-03-1993 00:00,72,2
10-03-1993 00:00,72,2
11-03-1993 00:00,64,2
12-03-1993 00:00,70,2
13-03-1993 00:00,76,2
14-03-1993 00:00,84,2
15-03-1993 00:00,88,2
16-03-1993 00:00,92,2
17-03-1993 00:00,86,2
18-03-1993 00:00,82,2
19-03-1993 00:00,76,2
20-03-1993 00:00,72,2
21-03-1993 00:00,70,2
22-03-1993 00:00,68,2
23-03-1993 00:00,72,2
24-03-1993 00:00,70,2
25-03-1993 00:00,64,2
26-03-1993 00:00,61,2
27-03-1993 00:00,59,2
28-03-1993 00:00,57,2
29-03-1993 00:00,57,2
30-03-1993 00:00,55,2
31-03-1993 00:00,51,2
01-04-1993 00:00,49,2
02-04-1993 00:00,49,2
03-04-1993 00:00,47,2
04-04-1993 00:00,49,2
05-04-1993 00:00,57,2
06-04-1993 00:00,55,2
07-04-1993 00:00,57,2
08-04-1993 00:00,57,2
09-04-1993 00:00,49,2
10-04-1993 00:00,47,2
11-04-1993 00:00,45,2
12-04-1993 00:00,43,2
13-04-1993 00:00,43,2
14-04-1993 00:00,41,2
15-04-1993 00:00,39,2
16-04-1993 00:00,39,2
17-04-1993 00:00,39,2
18-04-1993 00:00,41,2
19-04-1993 00:00,37,2
20-04-1993 00:00,35,2
21-04-1993 00:00,35,2
22-04-1993 00:00,35,2
23-04-1993 00:00,35,2
24-04-1993 00:00,33,2
25-04-1993 00:00,33,2
26-04-1993 00:00,33,2
27-04-1993 00:00,31,2
28-04-1993 00:00,29,2
29-04-1993 00:00,29,2
30-04-1993 00:00,27,2
01-05-1993 00:00,27,2
02-05-1993 00:00,27,2
03-05-1993 00:00,27,2
04-05-1993 00:00,25,2
05-05-1993 00:00,25,2
06-05-1993 00:00,25,2
07-05-1993 00:00,23,2
08-05-1993 00:00,23,2
09-05-1993 00:00,23,2
10-05-1993 00:00,23,2
11-05-1993 00:00,23,2
12-05-1993 00:00,23,2
13-05-1993 00:00,25,2
14-05-1993 00:00,23,2
15-05-1993 00:00,23,2
16-05-1993 00:00,23,2
17-05-1993 00:00,22,2
18-05-1993 00:00,20,2
19-05-1993 00:00,19,2
20-05-1993 00:00,17.477,2
21-05-1993 00:00,15.863,2
22-05-1993 00:00,21.051,2
23-05-1993 00:00,18.756,2
24-05-1993 00:00,17.788,2
25-05-1993 00:00,15.459,2
26-05-1993 00:00,16.333,2
27-05-1993 00:00,21.975,2
28-05-1993 00:00,16.798,2
29-05-1993 00:00,14.718,2
30-05-1993 00:00,16.646,2
31-05-1993 00:00,15.077,2
01-06-1993 00:00,17.454,2
02-06-1993 00:00,15.561,2
03-06-1993 00:00,16.289,2
04-06-1993 00:00,12.094,2
05-06-1993 00:00,11.936,2
06-06-1993 00:00,10.665,2
07-06-1993 00:00,10.026,2
08-06-1993 00:00,11.53,2
09-06-1993 00:00,9.381,2
10-06-1993 00:00,9.719,2
11-06-1993 00:00,10.321,2
12-06-1993 00:00,8.623,2
13-06-1993 00:00,9.096,2
14-06-1993 00:00,8.611,2
15-06-1993 00:00,9.407,2
16-06-1993 00:00,9.493,2
17-06-1993 00:00,10.784,2
18-06-1993 00:00,11.794,2
19-06-1993 00:00,13.095,2
20-06-1993 00:00,11.998,2
21-06-1993 00:00,10.163,2
22-06-1993 00:00,14.964,2
23-06-1993 00:00,12.63,2
24-06-1993 00:00,12.796,2
25-06-1993 00:00,14.619,2
26-06-1993 00:00,16.006,2
27-06-1993 00:00,22.244,2
28-06-1993 00:00,34.355,2
29-06-1993 00:00,17.96,2
30-06-1993 00:00,11.633,2
01-07-1993 00:00,10.046,2
02-07-1993 00:00,9.164,2
03-07-1993 00:00,10.87,2
04-07-1993 00:00,14,2
05-07-1993 00:00,9,2
06-07-1993 00:00,6.484,2
07-07-1993 00:00,8.179,2
08-07-1993 00:00,7.667,2
09-07-1993 00:00,6.966,2
10-07-1993 00:00,8.02,2
11-07-1993 00:00,8.089,2
12-07-1993 00:00,10.738,2
13-07-1993 00:00,15.315,2
14-07-1993 00:00,14.435,2
15-07-1993 00:00,11.528,2
16-07-1993 00:00,8.473,2
17-07-1993 00:00,9.267,2
18-07-1993 00:00,10.493,2
19-07-1993 00:00,10.106,2
20-07-1993 00:00,9.284,2
21-07-1993 00:00,9.536,2
22-07-1993 00:00,11.06,2
23-07-1993 00:00,11.625,2
24-07-1993 00:00,12.57,2
25-07-1993 00:00,14.058,2
26-07-1993 00:00,27.402,2
27-07-1993 00:00,19.99,2
28-07-1993 00:00,16.251,2
29-07-1993 00:00,14.522,2
30-07-1993 00:00,14.332,2
31-07-1993 00:00,23.805,2
01-08-1993 00:00,29.018,2
02-08-1993 00:00,30.017,2
03-08-1993 00:00,26.534,2
04-08-1993 00:00,24.883,2
05-08-1993 00:00,22.111,2
06-08-1993 00:00,29.24,2
07-08-1993 00:00,28.757,2
08-08-1993 00:00,24.27,2
09-08-1993 00:00,23.328,2
10-08-1993 00:00,27.889,2
11-08-1993 00:00,31.211,2
12-08-1993 00:00,36.457,2
13-08-1993 00:00,44.153,2
14-08-1993 00:00,43.803,2
15-08-1993 00:00,37.4,2
16-08-1993 00:00,33.736,2
17-08-1993 00:00,26.355,2
18-08-1993 00:00,25.271,2
19-08-1993 00:00,21.682,2
20-08-1993 00:00,19.728,2
21-08-1993 00:00,19.089,2
22-08-1993 00:00,17.055,2
23-08-1993 00:00,16.42,2
24-08-1993 00:00,15.151,2
25-08-1993 00:00,15.506,2
26-08-1993 00:00,14.17,2
27-08-1993 00:00,15.661,2
28-08-1993 00:00,14.027,2
29-08-1993 00:00,15.282,2
30-08-1993 00:00,15.851,2
31-08-1993 00:00,18.661,2
01-09-1993 00:00,18.8,2
02-09-1993 00:00,16.944,2
03-09-1993 00:00,19.58,2
04-09-1993 00:00,20.441,2
05-09-1993 00:00,20.21,2
06-09-1993 00:00,20.689,2
07-09-1993 00:00,20.506,2
08-09-1993 00:00,17.588,2
09-09-1993 00:00,18.752,2
10-09-1993 00:00,18.966,2
11-09-1993 00:00,30.043,2
12-09-1993 00:00,48.262,2
13-09-1993 00:00,48.446,2
14-09-1993 00:00,58.516,2
15-09-1993 00:00,55,2
16-09-1993 00:00,64,2
17-09-1993 00:00,61,2
18-09-1993 00:00,59,2
19-09-1993 00:00,57,2
20-09-1993 00:00,54,2
21-09-1993 00:00,52,2
22-09-1993 00:00,49.46,2
23-09-1993 00:00,55.913,2
24-09-1993 00:00,55.721,2
25-09-1993 00:00,62.993,2
26-09-1993 00:00,62.847,2
27-09-1993 00:00,64.947,2
28-09-1993 00:00,60.757,2
29-09-1993 00:00,58.05,2
30-09-1993 00:00,55.595,2
01-10-1993 00:00,55.649,2
02-10-1993 00:00,64.928,2
03-10-1993 00:00,56.165,2
04-10-1993 00:00,51.55,2
05-10-1993 00:00,54.941,2
06-10-1993 00:00,51.203,2
07-10-1993 00:00,51.894,2
08-10-1993 00:00,48.461,2
09-10-1993 00:00,67.497,2
10-10-1993 00:00,68.686,2
11-10-1993 00:00,67.695,2
12-10-1993 00:00,76.169,2
13-10-1993 00:00,102.074,2
14-10-1993 00:00,99.079,2
15-10-1993 00:00,111.088,2
16-10-1993 00:00,117.153,2
17-10-1993 00:00,100.994,2
18-10-1993 00:00,97.731,2
19-10-1993 00:00,96.721,2
20-10-1993 00:00,98.733,2
21-10-1993 00:00,98.501,2
22-10-1993 00:00,110.524,2
23-10-1993 00:00,97.219,2
24-10-1993 00:00,86.118,2
25-10-1993 00:00,82,2
26-10-1993 00:00,91,2
27-10-1993 00:00,86,2
28-10-1993 00:00,83.915,2
29-10-1993 00:00,76.007,2
30-10-1993 00:00,72.285,2
31-10-1993 00:00,59.859,2
01-11-1993 00:00,64.183,2
02-11-1993 00:00,74.467,2
03-11-1993 00:00,94.04,2
04-11-1993 00:00,101,2
05-11-1993 00:00,109,2
06-11-1993 00:00,105.091,2
07-11-1993 00:00,106,2
08-11-1993 00:00,84,2
09-11-1993 00:00,66.085,2
10-11-1993 00:00,67.092,2
11-11-1993 00:00,66.248,2
12-11-1993 00:00,61.031,2
13-11-1993 00:00,68.542,2
14-11-1993 00:00,123.308,2
15-11-1993 00:00,188.184,2
16-11-1993 00:00,151.836,2
17-11-1993 00:00,138.668,2
18-11-1993 00:00,130.679,2
19-11-1993 00:00,116.99,2
20-11-1993 00:00,100.317,2
21-11-1993 00:00,95.908,2
22-11-1993 00:00,87.702,2
23-11-1993 00:00,93.199,2
24-11-1993 00:00,83.668,2
25-11-1993 00:00,89.072,2
26-11-1993 00:00,84.377,2
27-11-1993 00:00,88.834,2
28-11-1993 00:00,85.655,2
29-11-1993 00:00,90.883,2
30-11-1993 00:00,83.504,2
01-12-1993 00:00,78.169,2
02-12-1993 00:00,83.069,2
03-12-1993 00:00,226.201,2
04-12-1993 00:00,381.508,2
05-12-1993 00:00,358.07,2
06-12-1993 00:00,285.775,2
07-12-1993 00:00,226.471,2
08-12-1993 00:00,207.233,2
09-12-1993 00:00,245.789,2
10-12-1993 00:00,264.464,2
11-12-1993 00:00,294.07,2
12-12-1993 00:00,295.501,2
13-12-1993 00:00,238.276,2
14-12-1993 00:00,194.741,2
15-12-1993 00:00,156.909,2
16-12-1993 00:00,186.165,2
17-12-1993 00:00,218.345,2
18-12-1993 00:00,210.366,2
19-12-1993 00:00,267.9,2
20-12-1993 00:00,387.94,2
21-12-1993 00:00,286.291,2
22-12-1993 00:00,229.242,2
23-12-1993 00:00,233.23,2
24-12-1993 00:00,234.73,2
25-12-1993 00:00,241.097,2
26-12-1993 00:00,367.723,2
27-12-1993 00:00,335.846,2
28-12-1993 00:00,256.761,2
29-12-1993 00:00,234.046,2
30-12-1993 00:00,258.4,2
31-12-1993 00:00,341.707,2
01-01-1994 00:00,340.724,2
02-01-1994 00:00,322.413,2
03-01-1994 00:00,261.197,2
04-01-1994 00:00,236.145,2
05-01-1994 00:00,271,2
06-01-1994 00:00,313,2
07-01-1994 00:00,296.036,2
08-01-1994 00:00,251.599,2
09-01-1994 00:00,219.568,2
10-01-1994 00:00,212,2
11-01-1994 00:00,193.749,2
12-01-1994 00:00,191.262,2
13-01-1994 00:00,280.085,2
14-01-1994 00:00,303.805,2
15-01-1994 00:00,282.98,2
16-01-1994 00:00,255.865,2
17-01-1994 00:00,198.764,2
18-01-1994 00:00,212.005,2
19-01-1994 00:00,572.659,2
20-01-1994 00:00,606.4,2
21-01-1994 00:00,489.431,2
22-01-1994 00:00,407.764,2
23-01-1994 00:00,423.784,2
24-01-1994 00:00,379.176,2
25-01-1994 00:00,381.763,2
26-01-1994 00:00,474.848,2
27-01-1994 00:00,522.039,2
28-01-1994 00:00,575.142,2
29-01-1994 00:00,556.671,2
30-01-1994 00:00,495.586,2
31-01-1994 00:00,514.1,2
01-02-1994 00:00,433.157,2
02-02-1994 00:00,488.58,2
03-02-1994 00:00,626.5,2
04-02-1994 00:00,492.057,2
05-02-1994 00:00,366.273,2
06-02-1994 00:00,329.546,2
07-02-1994 00:00,318.266,2
08-02-1994 00:00,297.251,2
09-02-1994 00:00,285.474,2
10-02-1994 00:00,319.539,2
11-02-1994 00:00,306.901,2
12-02-1994 00:00,282.654,2
13-02-1994 00:00,212.173,2
14-02-1994 00:00,192.659,2
15-02-1994 00:00,200.877,2
16-02-1994 00:00,136.113,2
17-02-1994 00:00,126.288,2
18-02-1994 00:00,112.672,2
19-02-1994 00:00,105.261,2
20-02-1994 00:00,106.261,2
21-02-1994 00:00,106.065,2
22-02-1994 00:00,106.953,2
23-02-1994 00:00,109.73,2
24-02-1994 00:00,103.555,2
25-02-1994 00:00,97.106,2
26-02-1994 00:00,95.111,2
27-02-1994 00:00,97.733,2
28-02-1994 00:00,99.787,2
01-03-1994 00:00,73.399,2
02-03-1994 00:00,51.59,2
03-03-1994 00:00,78.819,2
04-03-1994 00:00,115.833,2
05-03-1994 00:00,186.198,2
06-03-1994 00:00,441.376,2
07-03-1994 00:00,781.754,2
08-03-1994 00:00,883.287,2
09-03-1994 00:00,872.012,2
10-03-1994 00:00,829.748,2
11-03-1994 00:00,758.476,2
12-03-1994 00:00,634.223,2
13-03-1994 00:00,567.052,2
14-03-1994 00:00,612.601,2
15-03-1994 00:00,597.525,2
16-03-1994 00:00,491.046,2
17-03-1994 00:00,460.345,2
18-03-1994 00:00,415.931,2
19-03-1994 00:00,379.579,2
20-03-1994 00:00,330.577,2
21-03-1994 00:00,308.193,2
22-03-1994 00:00,299.018,2
23-03-1994 00:00,315.471,2
24-03-1994 00:00,360.515,2
25-03-1994 00:00,317.13,2
26-03-1994 00:00,316.211,2
27-03-1994 00:00,285.466,2
28-03-1994 00:00,272.863,2
29-03-1994 00:00,282.008,2
30-03-1994 00:00,262.995,2
31-03-1994 00:00,252.585,2
01-04-1994 00:00,267.774,2
02-04-1994 00:00,271.012,2
03-04-1994 00:00,240.567,2
04-04-1994 00:00,219.277,2
05-04-1994 00:00,227.216,2
06-04-1994 00:00,202.694,2
07-04-1994 00:00,187,2
08-04-1994 00:00,180,2
09-04-1994 00:00,170,2
10-04-1994 00:00,160,2
11-04-1994 00:00,140,2
12-04-1994 00:00,128,2
13-04-1994 00:00,140.92,2
14-04-1994 00:00,293.084,2
15-04-1994 00:00,313.118,2
16-04-1994 00:00,271.043,2
17-04-1994 00:00,225.883,2
18-04-1994 00:00,191.684,2
19-04-1994 00:00,169.355,2
20-04-1994 00:00,152.283,2
21-04-1994 00:00,142.569,2
22-04-1994 00:00,140.428,2
23-04-1994 00:00,129.913,2
24-04-1994 00:00,118.598,2
25-04-1994 00:00,110.306,2
26-04-1994 00:00,108.287,2
27-04-1994 00:00,104.239,2
28-04-1994 00:00,102.643,2
29-04-1994 00:00,99.092,2
30-04-1994 00:00,96.105,2
01-05-1994 00:00,88.14,2
02-05-1994 00:00,80.127,2
03-05-1994 00:00,77.887,2
04-05-1994 00:00,75.948,2
05-05-1994 00:00,73.613,2
06-05-1994 00:00,69.819,2
07-05-1994 00:00,69.417,2
08-05-1994 00:00,67.151,2
09-05-1994 00:00,63.589,2
10-05-1994 00:00,61.047,2
11-05-1994 00:00,59.677,2
12-05-1994 00:00,55.129,2
13-05-1994 00:00,52.134,2
14-05-1994 00:00,47.941,2
15-05-1994 00:00,48.382,2
16-05-1994 00:00,58.532,2
17-05-1994 00:00,61.151,2
18-05-1994 00:00,85.204,2
19-05-1994 00:00,82.66,2
20-05-1994 00:00,69.344,2
21-05-1994 00:00,60.608,2
22-05-1994 00:00,54.106,2
23-05-1994 00:00,58.159,2
24-05-1994 00:00,76.292,2
25-05-1994 00:00,73.457,2
26-05-1994 00:00,85.453,2
27-05-1994 00:00,79.537,2
28-05-1994 00:00,66.581,2
29-05-1994 00:00,61.142,2
30-05-1994 00:00,66.564,2
31-05-1994 00:00,65.304,2
01-06-1994 00:00,65.103,2
02-06-1994 00:00,60.697,2
03-06-1994 00:00,87.409,2
04-06-1994 00:00,91.289,2
05-06-1994 00:00,84.361,2
06-06-1994 00:00,67.248,2
07-06-1994 00:00,60.355,2
08-06-1994 00:00,57.901,2
09-06-1994 00:00,60.241,2
10-06-1994 00:00,57.903,2
11-06-1994 00:00,58.43,2
12-06-1994 00:00,50.619,2
13-06-1994 00:00,44.714,2
14-06-1994 00:00,42.073,2
15-06-1994 00:00,46.671,2
16-06-1994 00:00,48.36,2
17-06-1994 00:00,45.51,2
18-06-1994 00:00,45.127,2
19-06-1994 00:00,50.988,2
20-06-1994 00:00,100,2
21-06-1994 00:00,72,2
22-06-1994 00:00,70,2
23-06-1994 00:00,60,2
24-06-1994 00:00,50,2
25-06-1994 00:00,50,2
26-06-1994 00:00,40,2
27-06-1994 00:00,29.834,2
28-06-1994 00:00,30,2
29-06-1994 00:00,67.238,2
30-06-1994 00:00,80,2
01-07-1994 00:00,60,2
02-07-1994 00:00,47.306,2
03-07-1994 00:00,39.875,2
04-07-1994 00:00,32.709,2
05-07-1994 00:00,28.929,2
06-07-1994 00:00,27.35,2
07-07-1994 00:00,25.943,2
08-07-1994 00:00,25.517,2
09-07-1994 00:00,24.682,2
10-07-1994 00:00,21.773,2
11-07-1994 00:00,20.257,2
12-07-1994 00:00,21.148,2
13-07-1994 00:00,18.219,2
14-07-1994 00:00,18.752,2
15-07-1994 00:00,17.418,2
16-07-1994 00:00,20.976,2
17-07-1994 00:00,20.801,2
18-07-1994 00:00,19.279,2
19-07-1994 00:00,16.162,2
20-07-1994 00:00,16.025,2
21-07-1994 00:00,14.945,2
22-07-1994 00:00,15.327,2
23-07-1994 00:00,15.903,2
24-07-1994 00:00,15.51,2
25-07-1994 00:00,12.414,2
26-07-1994 00:00,13.014,2
27-07-1994 00:00,11.924,2
28-07-1994 00:00,13.651,2
29-07-1994 00:00,13.276,2
30-07-1994 00:00,12.289,2
31-07-1994 00:00,13.455,2
01-08-1994 00:00,13.92,2
02-08-1994 00:00,12.623,2
03-08-1994 00:00,11.845,2
04-08-1994 00:00,11.858,2
05-08-1994 00:00,13.073,2
06-08-1994 00:00,11.909,2
07-08-1994 00:00,11.737,2
08-08-1994 00:00,12.098,2
09-08-1994 00:00,15.765,2
10-08-1994 00:00,15.416,2
11-08-1994 00:00,14.263,2
12-08-1994 00:00,10.323,2
13-08-1994 00:00,13.593,2
14-08-1994 00:00,12.654,2
15-08-1994 00:00,12.639,2
16-08-1994 00:00,15.001,2
17-08-1994 00:00,15.574,2
18-08-1994 00:00,27.022,2
19-08-1994 00:00,26.994,2
20-08-1994 00:00,19.298,2
21-08-1994 00:00,16.424,2
22-08-1994 00:00,14.71,2
23-08-1994 00:00,14.327,2
24-08-1994 00:00,14.542,2
25-08-1994 00:00,16.829,2
26-08-1994 00:00,33.94,2
27-08-1994 00:00,24.345,2
28-08-1994 00:00,18,2
29-08-1994 00:00,25,2
30-08-1994 00:00,27,2
31-08-1994 00:00,18.53,2
01-09-1994 00:00,19.585,2
02-09-1994 00:00,19.511,2
03-09-1994 00:00,18.973,2
04-09-1994 00:00,16.29,2
05-09-1994 00:00,18.639,2
06-09-1994 00:00,21.307,2
07-09-1994 00:00,17.031,2
08-09-1994 00:00,17.787,2
09-09-1994 00:00,71.027,2
10-09-1994 00:00,62.044,2
11-09-1994 00:00,50.171,2
12-09-1994 00:00,36.702,2
13-09-1994 00:00,33.1,2
14-09-1994 00:00,46.629,2
15-09-1994 00:00,198.777,2
16-09-1994 00:00,294.366,2
17-09-1994 00:00,306.452,2
18-09-1994 00:00,196.751,2
19-09-1994 00:00,173.477,2
20-09-1994 00:00,154.02,2
21-09-1994 00:00,141.481,2
22-09-1994 00:00,121.506,2
23-09-1994 00:00,105.67,2
24-09-1994 00:00,100.106,2
25-09-1994 00:00,87.487,2
26-09-1994 00:00,85.703,2
27-09-1994 00:00,84.746,2
28-09-1994 00:00,82.033,2
29-09-1994 00:00,85.64,2
30-09-1994 00:00,81.566,2
01-10-1994 00:00,80.327,2
02-10-1994 00:00,69.84,2
03-10-1994 00:00,81.96,2
04-10-1994 00:00,75.98,2
05-10-1994 00:00,67.568,2
06-10-1994 00:00,61.044,2
07-10-1994 00:00,57.627,2
08-10-1994 00:00,55.28,2
09-10-1994 00:00,54.952,2
10-10-1994 00:00,56.748,2
11-10-1994 00:00,53.507,2
12-10-1994 00:00,52.143,2
13-10-1994 00:00,52.124,2
14-10-1994 00:00,50.376,2
15-10-1994 00:00,51.596,2
16-10-1994 00:00,47.61,2
17-10-1994 00:00,48.794,2
18-10-1994 00:00,45.102,2
19-10-1994 00:00,45.324,2
20-10-1994 00:00,43.889,2
21-10-1994 00:00,46.08,2
22-10-1994 00:00,44.111,2
23-10-1994 00:00,48.775,2
24-10-1994 00:00,48.72,2
25-10-1994 00:00,54.888,2
26-10-1994 00:00,51.103,2
27-10-1994 00:00,51.026,2
28-10-1994 00:00,50.415,2
29-10-1994 00:00,52.106,2
30-10-1994 00:00,54.942,2
31-10-1994 00:00,93.266,2
01-11-1994 00:00,132.972,2
02-11-1994 00:00,130.878,2
03-11-1994 00:00,103.41,2
04-11-1994 00:00,92.661,2
05-11-1994 00:00,84.593,2
06-11-1994 00:00,80.854,2
07-11-1994 00:00,72.833,2
08-11-1994 00:00,74.969,2
09-11-1994 00:00,78.339,2
10-11-1994 00:00,70.525,2
11-11-1994 00:00,67.319,2
12-11-1994 00:00,64.27,2
13-11-1994 00:00,60.779,2
14-11-1994 00:00,135.759,2
15-11-1994 00:00,169.088,2
16-11-1994 00:00,161.307,2
17-11-1994 00:00,146.524,2
18-11-1994 00:00,178.988,2
19-11-1994 00:00,160.864,2
20-11-1994 00:00,205.113,2
21-11-1994 00:00,325.223,2
22-11-1994 00:00,270.925,2
23-11-1994 00:00,213.401,2
24-11-1994 00:00,195.552,2
25-11-1994 00:00,176.596,2
26-11-1994 00:00,159.276,2
27-11-1994 00:00,148.257,2
28-11-1994 00:00,136.674,2
29-11-1994 00:00,130.784,2
30-11-1994 00:00,119.739,2
01-12-1994 00:00,116.59,2
02-12-1994 00:00,110.726,2
03-12-1994 00:00,106.621,2
04-12-1994 00:00,119.431,2
05-12-1994 00:00,138.792,2
06-12-1994 00:00,129.229,2
07-12-1994 00:00,128.485,2
08-12-1994 00:00,139.213,2
09-12-1994 00:00,251.779,2
10-12-1994 00:00,226.602,2
11-12-1994 00:00,227.137,2
12-12-1994 00:00,254.467,2
13-12-1994 00:00,226.558,2
14-12-1994 00:00,201.435,2
15-12-1994 00:00,174.487,2
16-12-1994 00:00,174.18,2
17-12-1994 00:00,173.889,2
18-12-1994 00:00,166.595,2
19-12-1994 00:00,172.249,2
20-12-1994 00:00,165.19,2
21-12-1994 00:00,155.131,2
22-12-1994 00:00,140.144,2
23-12-1994 00:00,133.258,2
24-12-1994 00:00,129.334,2
25-12-1994 00:00,126.523,2
26-12-1994 00:00,134.513,2
27-12-1994 00:00,186.484,2
28-12-1994 00:00,192.494,2
29-12-1994 00:00,264.735,2
30-12-1994 00:00,313.353,2
31-12-1994 00:00,314.829,2
01-01-1995 00:00,272.644,2
02-01-1995 00:00,151.923,2
03-01-1995 00:00,132.666,2
04-01-1995 00:00,130.889,2
05-01-1995 00:00,130.472,2
06-01-1995 00:00,119.239,2
07-01-1995 00:00,104.268,2
08-01-1995 00:00,98.142,2
09-01-1995 00:00,103.087,2
10-01-1995 00:00,160.558,2
11-01-1995 00:00,170.915,2
12-01-1995 00:00,143.4,2
13-01-1995 00:00,127.341,2
14-01-1995 00:00,136.631,2
15-01-1995 00:00,213.457,2
16-01-1995 00:00,181.863,2
17-01-1995 00:00,178.514,2
18-01-1995 00:00,165.859,2
19-01-1995 00:00,151.187,2
20-01-1995 00:00,157.357,2
21-01-1995 00:00,197.552,2
22-01-1995 00:00,254.532,2
23-01-1995 00:00,337.054,2
24-01-1995 00:00,665.113,2
25-01-1995 00:00,601.325,2
26-01-1995 00:00,481.285,2
27-01-1995 00:00,430.152,2
28-01-1995 00:00,371.635,2
29-01-1995 00:00,429.316,2
30-01-1995 00:00,391.632,2
31-01-1995 00:00,318.734,2
01-02-1995 00:00,514.958,2
02-02-1995 00:00,734.537,2
03-02-1995 00:00,554.894,2
04-02-1995 00:00,492.675,2
05-02-1995 00:00,443.367,2
06-02-1995 00:00,416.678,2
07-02-1995 00:00,384.725,2
08-02-1995 00:00,354.4,2
09-02-1995 00:00,313.736,2
10-02-1995 00:00,254.841,2
11-02-1995 00:00,219.684,2
12-02-1995 00:00,275.962,2
13-02-1995 00:00,295.939,2
14-02-1995 00:00,273.458,2
15-02-1995 00:00,303.537,2
16-02-1995 00:00,423.61,2
17-02-1995 00:00,531.122,2
18-02-1995 00:00,491.354,2
19-02-1995 00:00,411.517,2
20-02-1995 00:00,426.5,2
21-02-1995 00:00,510.528,2
22-02-1995 00:00,469.671,2
23-02-1995 00:00,390.594,2
24-02-1995 00:00,347.168,2
25-02-1995 00:00,317.368,2
26-02-1995 00:00,300.259,2
27-02-1995 00:00,273.002,2
28-02-1995 00:00,276.456,2
01-03-1995 00:00,290.226,2
02-03-1995 00:00,297.883,2
03-03-1995 00:00,285.06,2
04-03-1995 00:00,275.199,2
05-03-1995 00:00,252.645,2
06-03-1995 00:00,277.089,2
07-03-1995 00:00,279.41,2
08-03-1995 00:00,259.506,2
09-03-1995 00:00,241.731,2
10-03-1995 00:00,215.224,2
11-03-1995 00:00,202.436,2
12-03-1995 00:00,190.979,2
13-03-1995 00:00,182.528,2
14-03-1995 00:00,177.704,2
15-03-1995 00:00,173.787,2
16-03-1995 00:00,167.722,2
17-03-1995 00:00,171.567,2
18-03-1995 00:00,217.606,2
19-03-1995 00:00,209.116,2
20-03-1995 00:00,195.32,2
21-03-1995 00:00,170.371,2
22-03-1995 00:00,161.359,2
23-03-1995 00:00,163.578,2
24-03-1995 00:00,153.549,2
25-03-1995 00:00,155.774,2
26-03-1995 00:00,139.237,2
27-03-1995 00:00,135.349,2
28-03-1995 00:00,121.151,2
29-03-1995 00:00,115.899,2
30-03-1995 00:00,109.571,2
31-03-1995 00:00,127.85,2
01-04-1995 00:00,151.04,2
02-04-1995 00:00,151.715,2
03-04-1995 00:00,162.571,2
04-04-1995 00:00,164.922,2
05-04-1995 00:00,160.623,2
06-04-1995 00:00,269.319,2
07-04-1995 00:00,320.998,2
08-04-1995 00:00,315.744,2
09-04-1995 00:00,235.235,2
10-04-1995 00:00,203.073,2
11-04-1995 00:00,200.024,2
12-04-1995 00:00,198.034,2
13-04-1995 00:00,182.506,2
14-04-1995 00:00,165.567,2
15-04-1995 00:00,176.901,2
16-04-1995 00:00,175.406,2
17-04-1995 00:00,160.875,2
18-04-1995 00:00,184.875,2
19-04-1995 00:00,203.232,2
20-04-1995 00:00,190.296,2
21-04-1995 00:00,176.704,2
22-04-1995 00:00,158.251,2
23-04-1995 00:00,150.273,2
24-04-1995 00:00,127.941,2
25-04-1995 00:00,104.059,2
26-04-1995 00:00,93.968,2
27-04-1995 00:00,86.987,2
28-04-1995 00:00,85.815,2
29-04-1995 00:00,80.218,2
30-04-1995 00:00,74.279,2
01-05-1995 00:00,70.152,2
02-05-1995 00:00,63.483,2
03-05-1995 00:00,61.983,2
04-05-1995 00:00,59.069,2
05-05-1995 00:00,58.594,2
06-05-1995 00:00,55.703,2
07-05-1995 00:00,59.688,2
08-05-1995 00:00,79.315,2
09-05-1995 00:00,157.898,2
10-05-1995 00:00,137.726,2
11-05-1995 00:00,145.038,2
12-05-1995 00:00,118.372,2
13-05-1995 00:00,95.446,2
14-05-1995 00:00,89.145,2
15-05-1995 00:00,82.513,2
16-05-1995 00:00,81.973,2
17-05-1995 00:00,77.749,2
18-05-1995 00:00,107.772,2
19-05-1995 00:00,91.039,2
20-05-1995 00:00,75.98,2
21-05-1995 00:00,76.407,2
22-05-1995 00:00,67.044,2
23-05-1995 00:00,66.788,2
24-05-1995 00:00,72.516,2
25-05-1995 00:00,64.229,2
26-05-1995 00:00,60.884,2
27-05-1995 00:00,60.306,2
28-05-1995 00:00,61.723,2
29-05-1995 00:00,56.149,2
30-05-1995 00:00,61.194,2
31-05-1995 00:00,81.704,2
01-06-1995 00:00,79.615,2
02-06-1995 00:00,83.583,2
03-06-1995 00:00,79.592,2
04-06-1995 00:00,77.004,2
05-06-1995 00:00,70.652,2
06-06-1995 00:00,63.358,2
07-06-1995 00:00,64.633,2
08-06-1995 00:00,80.488,2
09-06-1995 00:00,80.171,2
10-06-1995 00:00,75.933,2
11-06-1995 00:00,72.151,2
12-06-1995 00:00,84.406,2
13-06-1995 00:00,91.321,2
14-06-1995 00:00,114.672,2
15-06-1995 00:00,122.878,2
16-06-1995 00:00,110.12,2
17-06-1995 00:00,82.679,2
18-06-1995 00:00,89.183,2
19-06-1995 00:00,79.636,2
20-06-1995 00:00,73.756,2
21-06-1995 00:00,70.965,2
22-06-1995 00:00,66.858,2
23-06-1995 00:00,66.969,2
24-06-1995 00:00,57.633,2
25-06-1995 00:00,53.137,2
26-06-1995 00:00,46.988,2
27-06-1995 00:00,44.645,2
28-06-1995 00:00,40.566,2
29-06-1995 00:00,38.516,2
30-06-1995 00:00,39.102,2
01-07-1995 00:00,37.651,2
02-07-1995 00:00,34.736,2
03-07-1995 00:00,35.333,2
04-07-1995 00:00,37.321,2
05-07-1995 00:00,38.871,2
06-07-1995 00:00,36.192,2
07-07-1995 00:00,32.175,2
08-07-1995 00:00,31.799,2
09-07-1995 00:00,29.774,2
10-07-1995 00:00,29.613,2
11-07-1995 00:00,29.66,2
12-07-1995 00:00,28.624,2
13-07-1995 00:00,28.54,2
14-07-1995 00:00,29.147,2
15-07-1995 00:00,28.886,2
16-07-1995 00:00,27.845,2
17-07-1995 00:00,24.492,2
18-07-1995 00:00,23.109,2
19-07-1995 00:00,24.605,2
20-07-1995 00:00,25.194,2
21-07-1995 00:00,23.053,2
22-07-1995 00:00,21.617,2
23-07-1995 00:00,20.01,2
24-07-1995 00:00,20.374,2
25-07-1995 00:00,24.617,2
26-07-1995 00:00,20.958,2
27-07-1995 00:00,19.578,2
28-07-1995 00:00,20.402,2
29-07-1995 00:00,19.911,2
30-07-1995 00:00,18.729,2
31-07-1995 00:00,18.491,2
01-08-1995 00:00,20.705,2
02-08-1995 00:00,17.223,2
03-08-1995 00:00,17.565,2
04-08-1995 00:00,18.07,2
05-08-1995 00:00,17.747,2
06-08-1995 00:00,17.118,2
07-08-1995 00:00,16.795,2
08-08-1995 00:00,20.087,2
09-08-1995 00:00,18.943,2
10-08-1995 00:00,19.149,2
11-08-1995 00:00,20.436,2
12-08-1995 00:00,20.261,2
13-08-1995 00:00,18.701,2
14-08-1995 00:00,18.902,2
15-08-1995 00:00,20.329,2
16-08-1995 00:00,18.947,2
17-08-1995 00:00,13.666,2
18-08-1995 00:00,16.621,2
19-08-1995 00:00,16.449,2
20-08-1995 00:00,13.921,2
21-08-1995 00:00,14.153,2
22-08-1995 00:00,13.557,2
23-08-1995 00:00,14.421,2
24-08-1995 00:00,16.935,2
25-08-1995 00:00,21.791,2
26-08-1995 00:00,24.227,2
27-08-1995 00:00,16.206,2
28-08-1995 00:00,14.692,2
29-08-1995 00:00,14.468,2
30-08-1995 00:00,14.702,2
31-08-1995 00:00,14.901,2
01-09-1995 00:00,15.274,2
02-09-1995 00:00,15.07,2
03-09-1995 00:00,19.447,2
04-09-1995 00:00,34.852,2
05-09-1995 00:00,59.556,2
06-09-1995 00:00,27.631,2
07-09-1995 00:00,24.205,2
08-09-1995 00:00,22.108,2
09-09-1995 00:00,20.579,2
10-09-1995 00:00,30.625,2
11-09-1995 00:00,26.461,2
12-09-1995 00:00,29.065,2
13-09-1995 00:00,23.131,2
14-09-1995 00:00,32.618,2
15-09-1995 00:00,38.064,2
16-09-1995 00:00,29.523,2
17-09-1995 00:00,27.205,2
18-09-1995 00:00,25.233,2
19-09-1995 00:00,25.703,2
20-09-1995 00:00,24.871,2
21-09-1995 00:00,24.189,2
22-09-1995 00:00,20.343,2
23-09-1995 00:00,21.308,2
24-09-1995 00:00,21.579,2
25-09-1995 00:00,20.564,2
26-09-1995 00:00,29.058,2
27-09-1995 00:00,30.035,2
28-09-1995 00:00,32.957,2
29-09-1995 00:00,36.309,2
30-09-1995 00:00,32.211,2
01-10-1995 00:00,33.743,2
02-10-1995 00:00,29.763,2
03-10-1995 00:00,28.824,2
04-10-1995 00:00,28.414,2
05-10-1995 00:00,24.754,2
06-10-1995 00:00,27.817,2
07-10-1995 00:00,28.94,2
08-10-1995 00:00,26.814,2
09-10-1995 00:00,24.935,2
10-10-1995 00:00,23.423,2
11-10-1995 00:00,23.473,2
12-10-1995 00:00,23.366,2
13-10-1995 00:00,21.239,2
14-10-1995 00:00,20.674,2
15-10-1995 00:00,20.33,2
16-10-1995 00:00,20.306,2
17-10-1995 00:00,21.328,2
18-10-1995 00:00,21.539,2
19-10-1995 00:00,20.527,2
20-10-1995 00:00,21.421,2
21-10-1995 00:00,19.591,2
22-10-1995 00:00,20.294,2
23-10-1995 00:00,19.993,2
24-10-1995 00:00,19.888,2
25-10-1995 00:00,20.016,2
26-10-1995 00:00,21.027,2
27-10-1995 00:00,25.409,2
28-10-1995 00:00,24.296,2
29-10-1995 00:00,21.727,2
30-10-1995 00:00,20.992,2
01-11-1995 00:00,65.332,2
02-11-1995 00:00,54.789,2
03-11-1995 00:00,64.389,2
04-11-1995 00:00,62.109,2
05-11-1995 00:00,60.884,2
06-11-1995 00:00,53.645,2
07-11-1995 00:00,51.3,2
08-11-1995 00:00,44.528,2
09-11-1995 00:00,49.52,2
10-11-1995 00:00,64.752,2
11-11-1995 00:00,56.271,2
12-11-1995 00:00,48.275,2
13-11-1995 00:00,43.806,2
14-11-1995 00:00,38.508,2
15-11-1995 00:00,36.377,2
16-11-1995 00:00,39.851,2
17-11-1995 00:00,38.316,2
18-11-1995 00:00,41.7,2
19-11-1995 00:00,55.199,2
20-11-1995 00:00,52.71,2
21-11-1995 00:00,47.927,2
22-11-1995 00:00,44.317,2
23-11-1995 00:00,51.245,2
24-11-1995 00:00,134.443,2
25-11-1995 00:00,95,2
26-11-1995 00:00,75,2
27-11-1995 00:00,69,2
28-11-1995 00:00,58,2
29-11-1995 00:00,77.064,2
30-11-1995 00:00,70.982,2
01-12-1995 00:00,66.977,2
02-12-1995 00:00,59.885,2
03-12-1995 00:00,58.575,2
04-12-1995 00:00,60.287,2
05-12-1995 00:00,61.184,2
06-12-1995 00:00,55.18,2
07-12-1995 00:00,54.975,2
08-12-1995 00:00,55.235,2
09-12-1995 00:00,53.325,2
10-12-1995 00:00,53.019,2
11-12-1995 00:00,71.507,2
12-12-1995 00:00,74.5,2
13-12-1995 00:00,69.93,2
14-12-1995 00:00,64.163,2
15-12-1995 00:00,56.73,2
16-12-1995 00:00,51.407,2
17-12-1995 00:00,50.392,2
18-12-1995 00:00,51.392,2
19-12-1995 00:00,52.046,2
20-12-1995 00:00,48.493,2
21-12-1995 00:00,45.326,2
22-12-1995 00:00,41.376,2
23-12-1995 00:00,41.408,2
24-12-1995 00:00,41.888,2
25-12-1995 00:00,38.917,2
26-12-1995 00:00,39.38,2
27-12-1995 00:00,35.279,2
28-12-1995 00:00,35.455,2
29-12-1995 00:00,35.239,2
30-12-1995 00:00,37.482,2
31-12-1995 00:00,35.456,2
01-01-1996 00:00,33.222,2
02-01-1996 00:00,31.954,2
03-01-1996 00:00,33.604,2
04-01-1996 00:00,36.627,2
05-01-1996 00:00,36.336,2
06-01-1996 00:00,36.884,2
07-01-1996 00:00,36.382,2
08-01-1996 00:00,35.709,2
09-01-1996 00:00,54.622,2
10-01-1996 00:00,78.995,2
11-01-1996 00:00,91.26,2
12-01-1996 00:00,106.255,2
13-01-1996 00:00,112.11,2
14-01-1996 00:00,102.645,2
15-01-1996 00:00,98.475,2
16-01-1996 00:00,89.812,2
17-01-1996 00:00,79.465,2
18-01-1996 00:00,77.533,2
19-01-1996 00:00,73.352,2
20-01-1996 00:00,66.521,2
21-01-1996 00:00,61.613,2
22-01-1996 00:00,58.889,2
23-01-1996 00:00,55.195,2
24-01-1996 00:00,48.715,2
25-01-1996 00:00,46.13,2
26-01-1996 00:00,41.905,2
27-01-1996 00:00,40.048,2
28-01-1996 00:00,38.156,2
29-01-1996 00:00,37.883,2
30-01-1996 00:00,41.073,2
31-01-1996 00:00,38.278,2
01-02-1996 00:00,36.715,2
02-02-1996 00:00,36.665,2
03-02-1996 00:00,36.945,2
04-02-1996 00:00,34.265,2
05-02-1996 00:00,33.083,2
06-02-1996 00:00,30.507,2
07-02-1996 00:00,26.99,2
08-02-1996 00:00,26.418,2
09-02-1996 00:00,23.608,2
10-02-1996 00:00,21.934,2
11-02-1996 00:00,19.969,2
12-02-1996 00:00,17.588,2
13-02-1996 00:00,23.118,2
14-02-1996 00:00,25.162,2
15-02-1996 00:00,27.677,2
16-02-1996 00:00,53.924,2
17-02-1996 00:00,64.74,2
18-02-1996 00:00,41.196,2
19-02-1996 00:00,19.456,2
20-02-1996 00:00,13.108,2
21-02-1996 00:00,16.316,2
22-02-1996 00:00,20.894,2
23-02-1996 00:00,28.137,2
24-02-1996 00:00,28.556,2
25-02-1996 00:00,27.126,2
26-02-1996 00:00,29.866,2
27-02-1996 00:00,45.848,2
28-02-1996 00:00,43.335,2
29-02-1996 00:00,46.632,2
01-03-1996 00:00,58.236,2
02-03-1996 00:00,71.368,2
03-03-1996 00:00,89.155,2
04-03-1996 00:00,103.031,2
05-03-1996 00:00,93.956,2
06-03-1996 00:00,72.767,2
07-03-1996 00:00,66.948,2
08-03-1996 00:00,71.04,2
09-03-1996 00:00,70.949,2
10-03-1996 00:00,61.317,2
11-03-1996 00:00,53.641,2
12-03-1996 00:00,52.754,2
13-03-1996 00:00,46.391,2
14-03-1996 00:00,44.544,2
15-03-1996 00:00,43.092,2
16-03-1996 00:00,41.196,2
17-03-1996 00:00,41.454,2
18-03-1996 00:00,39.078,2
19-03-1996 00:00,45.89,2
20-03-1996 00:00,54.11,2
21-03-1996 00:00,54.16,2
22-03-1996 00:00,52.64,2
23-03-1996 00:00,51.848,2
24-03-1996 00:00,57.482,2
25-03-1996 00:00,58.707,2
26-03-1996 00:00,58.357,2
27-03-1996 00:00,57.704,2
28-03-1996 00:00,63.424,2
29-03-1996 00:00,70.941,2
30-03-1996 00:00,72.261,2
31-03-1996 00:00,68.976,2
01-04-1996 00:00,67.124,2
02-04-1996 00:00,64.692,2
03-04-1996 00:00,61.887,2
04-04-1996 00:00,61.462,2
05-04-1996 00:00,64.632,2
06-04-1996 00:00,68.392,2
07-04-1996 00:00,75.738,2
08-04-1996 00:00,80.256,2
09-04-1996 00:00,79.787,2
10-04-1996 00:00,75.659,2
11-04-1996 00:00,70,2
12-04-1996 00:00,69.125,2
13-04-1996 00:00,63.531,2
14-04-1996 00:00,58.864,2
15-04-1996 00:00,56.712,2
16-04-1996 00:00,56.658,2
17-04-1996 00:00,52.779,2
18-04-1996 00:00,50.057,2
19-04-1996 00:00,50.466,2
20-04-1996 00:00,48.574,2
21-04-1996 00:00,45.929,2
22-04-1996 00:00,45.402,2
23-04-1996 00:00,44.055,2
24-04-1996 00:00,70.236,2
25-04-1996 00:00,64.455,2
26-04-1996 00:00,58.676,2
27-04-1996 00:00,48.228,2
28-04-1996 00:00,49.58,2
29-04-1996 00:00,43.041,2
30-04-1996 00:00,39.058,2
01-05-1996 00:00,37.117,2
02-05-1996 00:00,34.445,2
03-05-1996 00:00,32.988,2
04-05-1996 00:00,37.31,2
05-05-1996 00:00,41.682,2
06-05-1996 00:00,37.926,2
07-05-1996 00:00,33.721,2
08-05-1996 00:00,32.418,2
09-05-1996 00:00,31.227,2
10-05-1996 00:00,30.904,2
11-05-1996 00:00,34.114,2
12-05-1996 00:00,53.647,2
13-05-1996 00:00,47.443,2
14-05-1996 00:00,41.946,2
15-05-1996 00:00,37.637,2
16-05-1996 00:00,33.315,2
17-05-1996 00:00,30.736,2
18-05-1996 00:00,50.221,2
19-05-1996 00:00,69.736,2
20-05-1996 00:00,118.201,2
21-05-1996 00:00,130.68,2
22-05-1996 00:00,104.798,2
23-05-1996 00:00,82.645,2
24-05-1996 00:00,72.227,2
25-05-1996 00:00,84.986,2
26-05-1996 00:00,77.976,2
27-05-1996 00:00,66.748,2
28-05-1996 00:00,111.934,2
29-05-1996 00:00,60.579,2
30-05-1996 00:00,63.85,2
31-05-1996 00:00,56.189,2
01-06-1996 00:00,50.008,2
02-06-1996 00:00,46.444,2
03-06-1996 00:00,43.543,2
04-06-1996 00:00,38.965,2
05-06-1996 00:00,36.233,2
06-06-1996 00:00,35.915,2
07-06-1996 00:00,60.856,2
08-06-1996 00:00,60.691,2
09-06-1996 00:00,147.125,2
10-06-1996 00:00,169.888,2
11-06-1996 00:00,120.833,2
12-06-1996 00:00,91.499,2
13-06-1996 00:00,79.158,2
14-06-1996 00:00,74.829,2
15-06-1996 00:00,67.261,2
16-06-1996 00:00,63.587,2
17-06-1996 00:00,62.187,2
18-06-1996 00:00,62.386,2
19-06-1996 00:00,64.867,2
20-06-1996 00:00,59.109,2
21-06-1996 00:00,60.223,2
22-06-1996 00:00,63.14,2
23-06-1996 00:00,57.781,2
24-06-1996 00:00,56.622,2
25-06-1996 00:00,57.861,2
26-06-1996 00:00,55.503,2
27-06-1996 00:00,54.575,2
28-06-1996 00:00,53.404,2
29-06-1996 00:00,54.689,2
30-06-1996 00:00,52.675,2
01-07-1996 00:00,53.912,2
02-07-1996 00:00,56.67,2
03-07-1996 00:00,48.734,2
04-07-1996 00:00,58.164,2
05-07-1996 00:00,93.534,2
06-07-1996 00:00,68.833,2
07-07-1996 00:00,58.163,2
08-07-1996 00:00,56.017,2
09-07-1996 00:00,27.452,2
10-07-1996 00:00,20.078,2
11-07-1996 00:00,19.449,2
12-07-1996 00:00,21.265,2
13-07-1996 00:00,20.532,2
14-07-1996 00:00,19.194,2
15-07-1996 00:00,17.775,2
16-07-1996 00:00,17.526,2
17-07-1996 00:00,17.627,2
18-07-1996 00:00,15.815,2
19-07-1996 00:00,17.05,2
20-07-1996 00:00,15.546,2
21-07-1996 00:00,17.403,2
22-07-1996 00:00,13.461,2
23-07-1996 00:00,14.923,2
24-07-1996 00:00,12.538,2
25-07-1996 00:00,15.912,2
26-07-1996 00:00,13.821,2
27-07-1996 00:00,14.263,2
28-07-1996 00:00,21.736,2
29-07-1996 00:00,19.273,2
30-07-1996 00:00,19.122,2
31-07-1996 00:00,16.084,2
01-08-1996 00:00,16.789,2
02-08-1996 00:00,17.197,2
03-08-1996 00:00,15.198,2
04-08-1996 00:00,14.055,2
05-08-1996 00:00,12.713,2
06-08-1996 00:00,13.644,2
07-08-1996 00:00,13.807,2
08-08-1996 00:00,11.269,2
09-08-1996 00:00,13.823,2
10-08-1996 00:00,10.259,2
11-08-1996 00:00,12.67,2
12-08-1996 00:00,8.916,2
13-08-1996 00:00,15.738,2
14-08-1996 00:00,12.793,2
15-08-1996 00:00,11.947,2
16-08-1996 00:00,5.14,2
17-08-1996 00:00,7.303,2
18-08-1996 00:00,1.374,2
19-08-1996 00:00,17.384,2
20-08-1996 00:00,18.172,2
21-08-1996 00:00,8.352,2
22-08-1996 00:00,7.294,2
23-08-1996 00:00,9.758,2
24-08-1996 00:00,7.311,2
25-08-1996 00:00,15.881,2
26-08-1996 00:00,47.064,2
27-08-1996 00:00,30.673,2
28-08-1996 00:00,25.348,2
29-08-1996 00:00,24.182,2
30-08-1996 00:00,26.928,2
31-08-1996 00:00,19.181,2
01-09-1996 00:00,18.702,2
02-09-1996 00:00,16.97,2
03-09-1996 00:00,7.122,2
04-09-1996 00:00,24.77,2
05-09-1996 00:00,17.851,2
06-09-1996 00:00,17.892,2
07-09-1996 00:00,15.715,2
08-09-1996 00:00,41.12,2
09-09-1996 00:00,40.96,2
10-09-1996 00:00,41.076,2
11-09-1996 00:00,41.22,2
12-09-1996 00:00,44.227,2
13-09-1996 00:00,47.596,2
14-09-1996 00:00,46.165,2
15-09-1996 00:00,43.469,2
16-09-1996 00:00,42.642,2
17-09-1996 00:00,42.377,2
18-09-1996 00:00,42.047,2
19-09-1996 00:00,42.095,2
20-09-1996 00:00,42.172,2
21-09-1996 00:00,42.064,2
22-09-1996 00:00,42.049,2
23-09-1996 00:00,42.245,2
24-09-1996 00:00,42.656,2
25-09-1996 00:00,42.677,2
26-09-1996 00:00,42.496,2
27-09-1996 00:00,43.021,2
28-09-1996 00:00,44.698,2
29-09-1996 00:00,50.141,2
30-09-1996 00:00,71.656,2
01-10-1996 00:00,67.685,2
02-10-1996 00:00,56.149,2
03-10-1996 00:00,52.303,2
04-10-1996 00:00,52.187,2
05-10-1996 00:00,52.22,2
06-10-1996 00:00,50.415,2
07-10-1996 00:00,47.678,2
08-10-1996 00:00,47.104,2
09-10-1996 00:00,46.549,2
10-10-1996 00:00,46.363,2
11-10-1996 00:00,46.631,2
12-10-1996 00:00,46.431,2
13-10-1996 00:00,47.008,2
14-10-1996 00:00,48.862,2
15-10-1996 00:00,49.166,2
16-10-1996 00:00,46.456,2
17-10-1996 00:00,47.717,2
18-10-1996 00:00,51.083,2
19-10-1996 00:00,50.3,2
20-10-1996 00:00,75.664,2
21-10-1996 00:00,64.147,2
22-10-1996 00:00,59.274,2
23-10-1996 00:00,60.18,2
24-10-1996 00:00,54.738,2
25-10-1996 00:00,49.9,2
26-10-1996 00:00,48.694,2
27-10-1996 00:00,51.343,2
28-10-1996 00:00,65.968,2
29-10-1996 00:00,62.563,2
30-10-1996 00:00,57.326,2
31-10-1996 00:00,53.62,2
01-11-1996 00:00,52.624,2
02-11-1996 00:00,55.554,2
03-11-1996 00:00,59.746,2
04-11-1996 00:00,56.789,2
05-11-1996 00:00,59.574,2
06-11-1996 00:00,63.377,2
07-11-1996 00:00,76.892,2
08-11-1996 00:00,76.607,2
09-11-1996 00:00,67.828,2
10-11-1996 00:00,62.133,2
11-11-1996 00:00,60.737,2
12-11-1996 00:00,71.067,2
13-11-1996 00:00,85.752,2
14-11-1996 00:00,79.648,2
15-11-1996 00:00,72.089,2
16-11-1996 00:00,66.444,2
17-11-1996 00:00,63.269,2
18-11-1996 00:00,60.669,2
19-11-1996 00:00,73.448,2
20-11-1996 00:00,94.436,2
21-11-1996 00:00,83.932,2
22-11-1996 00:00,80.573,2
23-11-1996 00:00,76.622,2
24-11-1996 00:00,70.986,2
25-11-1996 00:00,65.751,2
26-11-1996 00:00,63.578,2
27-11-1996 00:00,62.106,2
28-11-1996 00:00,60.933,2
29-11-1996 00:00,62.027,2
30-11-1996 00:00,68.234,2
01-12-1996 00:00,79.721,2
02-12-1996 00:00,93.685,2
03-12-1996 00:00,92.891,2
04-12-1996 00:00,94.19,2
05-12-1996 00:00,91.404,2
06-12-1996 00:00,98.372,2
07-12-1996 00:00,98.449,2
08-12-1996 00:00,93.375,2
09-12-1996 00:00,88.931,2
10-12-1996 00:00,83.012,2
11-12-1996 00:00,79.308,2
12-12-1996 00:00,78.858,2
13-12-1996 00:00,79.146,2
14-12-1996 00:00,74.966,2
15-12-1996 00:00,93.879,2
16-12-1996 00:00,85.782,2
17-12-1996 00:00,88.525,2
18-12-1996 00:00,89.723,2
19-12-1996 00:00,84.014,2
20-12-1996 00:00,69.005,2
21-12-1996 00:00,55.975,2
22-12-1996 00:00,50.868,2
23-12-1996 00:00,45.606,2
24-12-1996 00:00,43.899,2
25-12-1996 00:00,39.615,2
26-12-1996 00:00,30.422,2
27-12-1996 00:00,32.455,2
28-12-1996 00:00,32.069,2
29-12-1996 00:00,32.891,2
30-12-1996 00:00,34.279,2
31-12-1996 00:00,31.304,2
01-01-1997 00:00,32.579,2
02-01-1997 00:00,32.825,2
03-01-1997 00:00,31.8,2
04-01-1997 00:00,27.7,2
05-01-1997 00:00,29,2
06-01-1997 00:00,30,2
07-01-1997 00:00,28,2
08-01-1997 00:00,27.4,2
09-01-1997 00:00,28.4,2
10-01-1997 00:00,27.4,2
11-01-1997 00:00,29,2
12-01-1997 00:00,30.4,2
13-01-1997 00:00,28.7,2
14-01-1997 00:00,26,2
15-01-1997 00:00,24.837,2
16-01-1997 00:00,26.934,2
17-01-1997 00:00,25.536,2
18-01-1997 00:00,26.843,2
19-01-1997 00:00,28.4,2
20-01-1997 00:00,29.4,2
21-01-1997 00:00,28.4,2
22-01-1997 00:00,27.7,2
23-01-1997 00:00,27.511,2
24-01-1997 00:00,26.061,2
25-01-1997 00:00,28.701,2
26-01-1997 00:00,26.823,2
27-01-1997 00:00,28.533,2
28-01-1997 00:00,28.757,2
29-01-1997 00:00,28.299,2
30-01-1997 00:00,28.941,2
31-01-1997 00:00,34.12,2
01-02-1997 00:00,30.382,2
02-02-1997 00:00,27.77,2
03-02-1997 00:00,28.153,2
04-02-1997 00:00,34.796,2
05-02-1997 00:00,179.282,2
06-02-1997 00:00,92.566,2
07-02-1997 00:00,89.375,2
08-02-1997 00:00,76.063,2
09-02-1997 00:00,72.843,2
10-02-1997 00:00,75.196,2
11-02-1997 00:00,86.811,2
12-02-1997 00:00,78.457,2
13-02-1997 00:00,119.28,2
14-02-1997 00:00,119.108,2
15-02-1997 00:00,106.253,2
16-02-1997 00:00,75.276,2
17-02-1997 00:00,68.12,2
18-02-1997 00:00,98.043,2
19-02-1997 00:00,157.713,2
20-02-1997 00:00,185.885,2
21-02-1997 00:00,208.907,2
22-02-1997 00:00,188.127,2
23-02-1997 00:00,176.17,2
24-02-1997 00:00,190.814,2
25-02-1997 00:00,244.722,2
26-02-1997 00:00,199.059,2
27-02-1997 00:00,160.821,2
28-02-1997 00:00,153.099,2
01-03-1997 00:00,148.846,2
02-03-1997 00:00,141.59,2
03-03-1997 00:00,134.855,2
04-03-1997 00:00,115.976,2
05-03-1997 00:00,113.123,2
06-03-1997 00:00,112.029,2
07-03-1997 00:00,101.476,2
08-03-1997 00:00,97.442,2
09-03-1997 00:00,88.987,2
10-03-1997 00:00,81.974,2
11-03-1997 00:00,78.326,2
12-03-1997 00:00,74.318,2
13-03-1997 00:00,76.267,2
14-03-1997 00:00,89.009,2
15-03-1997 00:00,91.373,2
16-03-1997 00:00,77.858,2
17-03-1997 00:00,72.004,2
18-03-1997 00:00,65.903,2
19-03-1997 00:00,68.829,2
20-03-1997 00:00,68.261,2
21-03-1997 00:00,62.883,2
22-03-1997 00:00,58.423,2
23-03-1997 00:00,56.827,2
24-03-1997 00:00,60.342,2
25-03-1997 00:00,56.392,2
26-03-1997 00:00,61.182,2
27-03-1997 00:00,73.797,2
28-03-1997 00:00,65.34,2
29-03-1997 00:00,58.226,2
30-03-1997 00:00,54.616,2
31-03-1997 00:00,51.784,2
01-04-1997 00:00,52.614,2
02-04-1997 00:00,49.518,2
03-04-1997 00:00,54.094,2
04-04-1997 00:00,52.961,2
05-04-1997 00:00,50.961,2
06-04-1997 00:00,51.068,2
07-04-1997 00:00,48.755,2
08-04-1997 00:00,46.52,2
09-04-1997 00:00,46.212,2
10-04-1997 00:00,47.9,2
11-04-1997 00:00,47.501,2
12-04-1997 00:00,40.568,2
13-04-1997 00:00,41.231,2
14-04-1997 00:00,41.567,2
15-04-1997 00:00,38.773,2
16-04-1997 00:00,37.638,2
17-04-1997 00:00,36.333,2
18-04-1997 00:00,39.621,2
19-04-1997 00:00,36.888,2
20-04-1997 00:00,37.425,2
21-04-1997 00:00,36.754,2
22-04-1997 00:00,38.821,2
23-04-1997 00:00,35.046,2
24-04-1997 00:00,50.037,2
25-04-1997 00:00,62.812,2
26-04-1997 00:00,49.481,2
27-04-1997 00:00,45.021,2
28-04-1997 00:00,46.048,2
29-04-1997 00:00,56.082,2
30-04-1997 00:00,48.289,2
01-05-1997 00:00,46.88,2
02-05-1997 00:00,48.172,2
03-05-1997 00:00,41.211,2
04-05-1997 00:00,40.024,2
05-05-1997 00:00,52.117,2
06-05-1997 00:00,49.564,2
07-05-1997 00:00,85.149,2
08-05-1997 00:00,64.426,2
09-05-1997 00:00,52.395,2
10-05-1997 00:00,50.625,2
11-05-1997 00:00,49.582,2
12-05-1997 00:00,51.176,2
13-05-1997 00:00,49.201,2
14-05-1997 00:00,43.627,2
15-05-1997 00:00,40.997,2
16-05-1997 00:00,41.427,2
17-05-1997 00:00,37.026,2
18-05-1997 00:00,31.277,2
19-05-1997 00:00,30.583,2
20-05-1997 00:00,33.1,2
21-05-1997 00:00,35.535,2
22-05-1997 00:00,36.431,2
23-05-1997 00:00,38.002,2
24-05-1997 00:00,34.288,2
25-05-1997 00:00,32.555,2
26-05-1997 00:00,38.543,2
27-05-1997 00:00,55.602,2
28-05-1997 00:00,49.381,2
29-05-1997 00:00,40.113,2
30-05-1997 00:00,35.839,2
31-05-1997 00:00,29.144,2
01-06-1997 00:00,28.541,2
02-06-1997 00:00,26.684,2
03-06-1997 00:00,27.222,2
04-06-1997 00:00,26.605,2
05-06-1997 00:00,29.862,2
06-06-1997 00:00,28.969,2
07-06-1997 00:00,23.347,2
08-06-1997 00:00,20.347,2
09-06-1997 00:00,20.242,2
10-06-1997 00:00,18.944,2
11-06-1997 00:00,21.025,2
12-06-1997 00:00,21.305,2
13-06-1997 00:00,20.035,2
14-06-1997 00:00,19.736,2
15-06-1997 00:00,19.183,2
16-06-1997 00:00,20.936,2
17-06-1997 00:00,20.212,2
18-06-1997 00:00,18.588,2
19-06-1997 00:00,17.653,2
20-06-1997 00:00,19.229,2
21-06-1997 00:00,35.547,2
22-06-1997 00:00,46.414,2
23-06-1997 00:00,47.4,2
24-06-1997 00:00,49.8,2
25-06-1997 00:00,26.018,2
26-06-1997 00:00,22.248,2
27-06-1997 00:00,27.347,2
28-06-1997 00:00,43.018,2
29-06-1997 00:00,33.487,2
30-06-1997 00:00,56.081,2
01-07-1997 00:00,60.448,2
02-07-1997 00:00,52.164,2
03-07-1997 00:00,41.044,2
04-07-1997 00:00,38.766,2
05-07-1997 00:00,32.26,2
06-07-1997 00:00,30.507,2
07-07-1997 00:00,27.641,2
08-07-1997 00:00,24.399,2
09-07-1997 00:00,23.685,2
10-07-1997 00:00,21.832,2
11-07-1997 00:00,18.76,2
12-07-1997 00:00,19.511,2
13-07-1997 00:00,20.096,2
14-07-1997 00:00,18.275,2
15-07-1997 00:00,16.092,2
16-07-1997 00:00,16.146,2
17-07-1997 00:00,16.302,2
18-07-1997 00:00,16.269,2
19-07-1997 00:00,14.478,2
20-07-1997 00:00,14.541,2
21-07-1997 00:00,16.053,2
22-07-1997 00:00,14.082,2
23-07-1997 00:00,14.907,2
24-07-1997 00:00,14.87,2
25-07-1997 00:00,15.745,2
26-07-1997 00:00,17.331,2
27-07-1997 00:00,15.869,2
28-07-1997 00:00,16.009,2
29-07-1997 00:00,15.727,2
30-07-1997 00:00,15.028,2
31-07-1997 00:00,66.724,2
01-08-1997 00:00,61.471,2
02-08-1997 00:00,42.563,2
03-08-1997 00:00,30.815,2
04-08-1997 00:00,24.813,2
05-08-1997 00:00,24.288,2
06-08-1997 00:00,22.931,2
07-08-1997 00:00,23.951,2
08-08-1997 00:00,27.762,2
09-08-1997 00:00,25.617,2
10-08-1997 00:00,22.136,2
11-08-1997 00:00,28.646,2
12-08-1997 00:00,27.604,2
13-08-1997 00:00,26.042,2
14-08-1997 00:00,27.084,2
15-08-1997 00:00,22.136,2
16-08-1997 00:00,18.93,2
17-08-1997 00:00,19.873,2
18-08-1997 00:00,18.79,2
19-08-1997 00:00,16.388,2
20-08-1997 00:00,14.296,2
21-08-1997 00:00,11.978,2
22-08-1997 00:00,12.93,2
23-08-1997 00:00,12.817,2
24-08-1997 00:00,11.356,2
25-08-1997 00:00,12.62,2
26-08-1997 00:00,10.715,2
27-08-1997 00:00,32.714,2
28-08-1997 00:00,17.452,2
29-08-1997 00:00,19.956,2
30-08-1997 00:00,19.557,2
31-08-1997 00:00,20.191,2
01-09-1997 00:00,16.722,2
02-09-1997 00:00,14.513,2
03-09-1997 00:00,13.645,2
04-09-1997 00:00,14.644,2
05-09-1997 00:00,12.172,2
06-09-1997 00:00,14.418,2
07-09-1997 00:00,15.323,2
08-09-1997 00:00,18.007,2
09-09-1997 00:00,17.971,2
10-09-1997 00:00,16.417,2
11-09-1997 00:00,14.023,2
12-09-1997 00:00,11.656,2
13-09-1997 00:00,14.111,2
14-09-1997 00:00,11.717,2
15-09-1997 00:00,12.467,2
16-09-1997 00:00,13.296,2
17-09-1997 00:00,16.13,2
18-09-1997 00:00,18.657,2
19-09-1997 00:00,14.073,2
20-09-1997 00:00,12.636,2
21-09-1997 00:00,13.897,2
22-09-1997 00:00,12.418,2
23-09-1997 00:00,10.85,2
24-09-1997 00:00,11.884,2
25-09-1997 00:00,12.077,2
26-09-1997 00:00,10.105,2
27-09-1997 00:00,13.146,2
28-09-1997 00:00,11.293,2
29-09-1997 00:00,12.119,2
30-09-1997 00:00,12.553,2
01-10-1997 00:00,13.425,2
02-10-1997 00:00,18.523,2
03-10-1997 00:00,12.575,2
04-10-1997 00:00,12.878,2
05-10-1997 00:00,12.859,2
06-10-1997 00:00,12.061,2
07-10-1997 00:00,14.5,2
08-10-1997 00:00,13.495,2
09-10-1997 00:00,101.626,2
10-10-1997 00:00,88.909,2
11-10-1997 00:00,72.265,2
12-10-1997 00:00,78.065,2
13-10-1997 00:00,81.55,2
14-10-1997 00:00,69.985,2
15-10-1997 00:00,55.388,2
16-10-1997 00:00,47.184,2
17-10-1997 00:00,41.803,2
18-10-1997 00:00,42.089,2
19-10-1997 00:00,40.188,2
20-10-1997 00:00,40.501,2
21-10-1997 00:00,37.994,2
22-10-1997 00:00,38.437,2
23-10-1997 00:00,35.778,2
24-10-1997 00:00,39.056,2
25-10-1997 00:00,36.016,2
26-10-1997 00:00,32.062,2
27-10-1997 00:00,29.531,2
28-10-1997 00:00,31.924,2
29-10-1997 00:00,38.022,2
30-10-1997 00:00,36.316,2
31-10-1997 00:00,34.479,2
01-11-1997 00:00,34.718,2
02-11-1997 00:00,36.77,2
03-11-1997 00:00,35.003,2
04-11-1997 00:00,33,2
05-11-1997 00:00,32,2
06-11-1997 00:00,43.507,2
07-11-1997 00:00,46.45,2
08-11-1997 00:00,51.597,2
09-11-1997 00:00,49.482,2
10-11-1997 00:00,44.453,2
11-11-1997 00:00,41.532,2
12-11-1997 00:00,38.217,2
13-11-1997 00:00,47.329,2
14-11-1997 00:00,54.494,2
15-11-1997 00:00,57.404,2
16-11-1997 00:00,64.164,2
17-11-1997 00:00,58.749,2
18-11-1997 00:00,54.557,2
19-11-1997 00:00,49.528,2
20-11-1997 00:00,47.982,2
21-11-1997 00:00,44.108,2
22-11-1997 00:00,44.539,2
23-11-1997 00:00,42.885,2
24-11-1997 00:00,40.146,2
25-11-1997 00:00,39.967,2
26-11-1997 00:00,37.604,2
27-11-1997 00:00,34.355,2
28-11-1997 00:00,34.206,2
29-11-1997 00:00,38.862,2
30-11-1997 00:00,47.755,2
01-12-1997 00:00,47.177,2
02-12-1997 00:00,45.738,2
03-12-1997 00:00,41.673,2
04-12-1997 00:00,36.906,2
05-12-1997 00:00,35.948,2
06-12-1997 00:00,40.167,2
07-12-1997 00:00,49.146,2
08-12-1997 00:00,51.16,2
09-12-1997 00:00,50.422,2
10-12-1997 00:00,57.038,2
11-12-1997 00:00,97.763,2
12-12-1997 00:00,91.89,2
13-12-1997 00:00,78.11,2
14-12-1997 00:00,95.051,2
15-12-1997 00:00,87.239,2
16-12-1997 00:00,72.094,2
17-12-1997 00:00,62.62,2
18-12-1997 00:00,55.277,2
19-12-1997 00:00,54.621,2
20-12-1997 00:00,50.929,2
21-12-1997 00:00,50.612,2
22-12-1997 00:00,49.741,2
23-12-1997 00:00,54.586,2
24-12-1997 00:00,57.777,2
25-12-1997 00:00,87.357,2
26-12-1997 00:00,144.637,2
27-12-1997 00:00,162.112,2
28-12-1997 00:00,133.644,2
29-12-1997 00:00,124.942,2
30-12-1997 00:00,116.622,2
31-12-1997 00:00,106,2
01-01-1998 00:00,116.377,2
02-01-1998 00:00,132.902,2
03-01-1998 00:00,81.703,2
04-01-1998 00:00,261.824,2
05-01-1998 00:00,233.245,2
06-01-1998 00:00,201.157,2
07-01-1998 00:00,132.755,2
08-01-1998 00:00,140.084,2
09-01-1998 00:00,168.634,2
10-01-1998 00:00,168.322,2
11-01-1998 00:00,150.138,2
12-01-1998 00:00,146.588,2
13-01-1998 00:00,123.009,2
14-01-1998 00:00,118.644,2
15-01-1998 00:00,124.961,2
16-01-1998 00:00,124.16,2
17-01-1998 00:00,109.55,2
18-01-1998 00:00,127.121,2
19-01-1998 00:00,175.048,2
20-01-1998 00:00,238.988,2
21-01-1998 00:00,188.887,2
22-01-1998 00:00,104.006,2
23-01-1998 00:00,120.825,2
24-01-1998 00:00,125.568,2
25-01-1998 00:00,130.459,2
26-01-1998 00:00,55.843,2
27-01-1998 00:00,11.714,2
28-01-1998 00:00,170.637,2
29-01-1998 00:00,67.289,2
30-01-1998 00:00,88.028,2
31-01-1998 00:00,65,2
01-02-1998 00:00,60,2
02-02-1998 00:00,49.524,2
03-02-1998 00:00,49.554,2
04-02-1998 00:00,126.127,2
05-02-1998 00:00,213.764,2
06-02-1998 00:00,176.545,2
07-02-1998 00:00,159.979,2
08-02-1998 00:00,132.304,2
09-02-1998 00:00,138.802,2
10-02-1998 00:00,161.296,2
11-02-1998 00:00,213.4,2
12-02-1998 00:00,298.893,2
13-02-1998 00:00,317.438,2
14-02-1998 00:00,306.99,2
15-02-1998 00:00,458.231,2
16-02-1998 00:00,430.419,2
17-02-1998 00:00,328.696,2
18-02-1998 00:00,291.484,2
19-02-1998 00:00,254.469,2
20-02-1998 00:00,239.601,2
21-02-1998 00:00,197.076,2
22-02-1998 00:00,250.684,2
23-02-1998 00:00,220.717,2
24-02-1998 00:00,187.03,2
25-02-1998 00:00,158.716,2
26-02-1998 00:00,149,2
27-02-1998 00:00,173.029,2
28-02-1998 00:00,243.707,2
01-03-1998 00:00,266.335,2
02-03-1998 00:00,212.993,2
03-03-1998 00:00,199.012,2
04-03-1998 00:00,468.858,2
05-03-1998 00:00,581.794,2
06-03-1998 00:00,574.156,2
07-03-1998 00:00,430.789,2
08-03-1998 00:00,367.16,2
09-03-1998 00:00,306.594,2
10-03-1998 00:00,284.1,2
11-03-1998 00:00,241.208,2
12-03-1998 00:00,217.998,2
13-03-1998 00:00,207.798,2
14-03-1998 00:00,194.808,2
15-03-1998 00:00,209.742,2
16-03-1998 00:00,169.519,2
17-03-1998 00:00,192.038,2
18-03-1998 00:00,193.657,2
19-03-1998 00:00,116.006,2
20-03-1998 00:00,131.154,2
21-03-1998 00:00,142.666,2
22-03-1998 00:00,142.984,2
23-03-1998 00:00,131.604,2
24-03-1998 00:00,104.223,2
25-03-1998 00:00,121.659,2
26-03-1998 00:00,126.832,2
27-03-1998 00:00,131.306,2
28-03-1998 00:00,38.72,2
29-03-1998 00:00,43.921,2
30-03-1998 00:00,72.133,2
31-03-1998 00:00,94,2
01-04-1998 00:00,92,2
02-04-1998 00:00,109.825,2
03-04-1998 00:00,88.058,2
04-04-1998 00:00,260.456,2
05-04-1998 00:00,323.701,2
06-04-1998 00:00,277.641,2
07-04-1998 00:00,244.798,2
08-04-1998 00:00,225.907,2
09-04-1998 00:00,188.774,2
10-04-1998 00:00,81.114,2
11-04-1998 00:00,149.817,2
12-04-1998 00:00,237.489,2
13-04-1998 00:00,203.41,2
14-04-1998 00:00,134.952,2
15-04-1998 00:00,91.723,2
16-04-1998 00:00,0,2
17-04-1998 00:00,133.055,2
18-04-1998 00:00,128.726,2
19-04-1998 00:00,176.708,2
20-04-1998 00:00,129.02,2
21-04-1998 00:00,186.857,2
22-04-1998 00:00,139.457,2
23-04-1998 00:00,124.416,2
24-04-1998 00:00,108.707,2
25-04-1998 00:00,103.578,2
26-04-1998 00:00,130.604,2
27-04-1998 00:00,195.615,2
28-04-1998 00:00,183.684,2
29-04-1998 00:00,157.107,2
30-04-1998 00:00,116,2
01-05-1998 00:00,106,2
02-05-1998 00:00,138.121,2
03-05-1998 00:00,70.134,2
04-05-1998 00:00,82.5,2
05-05-1998 00:00,77.359,2
06-05-1998 00:00,87.306,2
07-05-1998 00:00,93.594,2
08-05-1998 00:00,76.976,2
09-05-1998 00:00,72.371,2
10-05-1998 00:00,66.739,2
11-05-1998 00:00,112.88,2
12-05-1998 00:00,54.725,2
13-05-1998 00:00,117.008,2
14-05-1998 00:00,34.093,2
15-05-1998 00:00,73.933,2
16-05-1998 00:00,39.543,2
17-05-1998 00:00,45.36,2
18-05-1998 00:00,22.337,2
19-05-1998 00:00,22.697,2
20-05-1998 00:00,67.52,2
21-05-1998 00:00,45.273,2
22-05-1998 00:00,39.054,2
23-05-1998 00:00,10.949,2
24-05-1998 00:00,56.458,2
25-05-1998 00:00,63.027,2
26-05-1998 00:00,23.204,2
27-05-1998 00:00,34.997,2
28-05-1998 00:00,34.227,2
29-05-1998 00:00,45.289,2
30-05-1998 00:00,68.189,2
31-05-1998 00:00,32,2
01-06-1998 00:00,32,2
02-06-1998 00:00,23.562,2
03-06-1998 00:00,22.744,2
04-06-1998 00:00,45.258,2
05-06-1998 00:00,35.062,2
06-06-1998 00:00,34.821,2
07-06-1998 00:00,22.436,2
08-06-1998 00:00,12.323,2
09-06-1998 00:00,22.896,2
10-06-1998 00:00,34.311,2
11-06-1998 00:00,23.199,2
12-06-1998 00:00,46.731,2
13-06-1998 00:00,23.898,2
14-06-1998 00:00,52.416,2
15-06-1998 00:00,29.966,2
16-06-1998 00:00,34.958,2
17-06-1998 00:00,58.521,2
18-06-1998 00:00,34.466,2
19-06-1998 00:00,34.301,2
20-06-1998 00:00,56.787,2
21-06-1998 00:00,23.377,2
22-06-1998 00:00,59.494,2
23-06-1998 00:00,17.683,2
24-06-1998 00:00,17.498,2
25-06-1998 00:00,46.529,2
26-06-1998 00:00,23.407,2
27-06-1998 00:00,29.615,2
28-06-1998 00:00,62.783,2
29-06-1998 00:00,82.449,2
30-06-1998 00:00,84.657,2
01-07-1998 00:00,126.865,2
02-07-1998 00:00,124.338,2
03-07-1998 00:00,98.708,2
04-07-1998 00:00,84.831,2
05-07-1998 00:00,76.924,2
06-07-1998 00:00,78.063,2
07-07-1998 00:00,74.726,2
08-07-1998 00:00,112.214,2
09-07-1998 00:00,131.356,2
10-07-1998 00:00,126.899,2
11-07-1998 00:00,113.517,2
12-07-1998 00:00,122.195,2
13-07-1998 00:00,107.258,2
14-07-1998 00:00,93.368,2
15-07-1998 00:00,95.726,2
16-07-1998 00:00,89.076,2
17-07-1998 00:00,79.423,2
18-07-1998 00:00,85.533,2
19-07-1998 00:00,109.715,2
20-07-1998 00:00,117.261,2
21-07-1998 00:00,93.936,2
22-07-1998 00:00,104.138,2
23-07-1998 00:00,101.65,2
24-07-1998 00:00,87.225,2
25-07-1998 00:00,77.32,2
26-07-1998 00:00,68.663,2
27-07-1998 00:00,63.526,2
28-07-1998 00:00,61.859,2
29-07-1998 00:00,66.349,2
30-07-1998 00:00,75.61,2
31-07-1998 00:00,92.201,2
01-08-1998 00:00,93.055,2
02-08-1998 00:00,84.394,2
03-08-1998 00:00,72.083,2
04-08-1998 00:00,69.745,2
05-08-1998 00:00,68.833,2
06-08-1998 00:00,63.574,2
07-08-1998 00:00,74.305,2
08-08-1998 00:00,77.058,2
09-08-1998 00:00,126.799,2
10-08-1998 00:00,120.958,2
11-08-1998 00:00,103.904,2
12-08-1998 00:00,89.089,2
13-08-1998 00:00,82.597,2
14-08-1998 00:00,79.598,2
15-08-1998 00:00,74.552,2
16-08-1998 00:00,74.15,2
17-08-1998 00:00,69.868,2
18-08-1998 00:00,66.412,2
19-08-1998 00:00,63.34,2
20-08-1998 00:00,62.104,2
21-08-1998 00:00,78.371,2
22-08-1998 00:00,123.096,2
23-08-1998 00:00,125.351,2
24-08-1998 00:00,110.598,2
25-08-1998 00:00,99.486,2
26-08-1998 00:00,91.59,2
27-08-1998 00:00,83.545,2
28-08-1998 00:00,78.884,2
29-08-1998 00:00,76.732,2
30-08-1998 00:00,31.367,2
31-08-1998 00:00,43,2
01-09-1998 00:00,40,2
02-09-1998 00:00,46.297,2
03-09-1998 00:00,172.49,2
04-09-1998 00:00,11.498,2
05-09-1998 00:00,35.55,2
06-09-1998 00:00,11.817,2
07-09-1998 00:00,23.409,2
08-09-1998 00:00,46.916,2
09-09-1998 00:00,35.597,2
10-09-1998 00:00,32.982,2
11-09-1998 00:00,35.636,2
12-09-1998 00:00,34.823,2
13-09-1998 00:00,118.032,2
14-09-1998 00:00,281.526,2
15-09-1998 00:00,255.286,2
16-09-1998 00:00,206.726,2
17-09-1998 00:00,206.496,2
18-09-1998 00:00,85.748,2
19-09-1998 00:00,110.899,2
20-09-1998 00:00,57.664,2
21-09-1998 00:00,87.26,2
22-09-1998 00:00,92.944,2
23-09-1998 00:00,66.96,2
24-09-1998 00:00,109.748,2
25-09-1998 00:00,83.301,2
26-09-1998 00:00,70.511,2
27-09-1998 00:00,70.431,2
28-09-1998 00:00,63.665,2
29-09-1998 00:00,82.496,2
30-09-1998 00:00,64,2
01-10-1998 00:00,59,2
02-10-1998 00:00,64.664,2
03-10-1998 00:00,63.977,2
04-10-1998 00:00,5.687,2
05-10-1998 00:00,94.754,2
06-10-1998 00:00,0,2
07-10-1998 00:00,35.736,2
08-10-1998 00:00,77.928,2
09-10-1998 00:00,42.544,2
10-10-1998 00:00,53.989,2
11-10-1998 00:00,66.764,2
12-10-1998 00:00,71.19,2
13-10-1998 00:00,65.475,2
14-10-1998 00:00,165.779,2
15-10-1998 00:00,195.254,2
16-10-1998 00:00,179.722,2
17-10-1998 00:00,485.488,2
18-10-1998 00:00,398.154,2
19-10-1998 00:00,281.342,2
20-10-1998 00:00,226.524,2
21-10-1998 00:00,174.458,2
22-10-1998 00:00,269.522,2
23-10-1998 00:00,200.141,2
24-10-1998 00:00,259.131,2
25-10-1998 00:00,303.667,2
26-10-1998 00:00,311.416,2
27-10-1998 00:00,360.178,2
28-10-1998 00:00,557.165,2
29-10-1998 00:00,598.214,2
30-10-1998 00:00,460.431,2
31-10-1998 00:00,593,2
01-11-1998 00:00,512,2
02-11-1998 00:00,303.326,2
03-11-1998 00:00,267.289,2
04-11-1998 00:00,148.846,2
05-11-1998 00:00,202.022,2
06-11-1998 00:00,243.099,2
07-11-1998 00:00,268.121,2
08-11-1998 00:00,211.409,2
09-11-1998 00:00,239.909,2
10-11-1998 00:00,238.431,2
11-11-1998 00:00,288.871,2
12-11-1998 00:00,342.979,2
13-11-1998 00:00,306.09,2
14-11-1998 00:00,268.011,2
15-11-1998 00:00,228.574,2
16-11-1998 00:00,227.031,2
17-11-1998 00:00,209.49,2
18-11-1998 00:00,201.183,2
19-11-1998 00:00,77.557,2
20-11-1998 00:00,127.5,2
21-11-1998 00:00,144.313,2
22-11-1998 00:00,105.573,2
23-11-1998 00:00,134.303,2
24-11-1998 00:00,140.252,2
25-11-1998 00:00,106.025,2
26-11-1998 00:00,117.407,2
27-11-1998 00:00,123.905,2
28-11-1998 00:00,123,2
29-11-1998 00:00,122.657,2
30-11-1998 00:00,143.881,2
01-12-1998 00:00,144.066,2
02-12-1998 00:00,136.52,2
03-12-1998 00:00,129.353,2
04-12-1998 00:00,124.4,2
05-12-1998 00:00,121.237,2
06-12-1998 00:00,115.354,2
07-12-1998 00:00,105.583,2
08-12-1998 00:00,103.92,2
09-12-1998 00:00,39.474,2
10-12-1998 00:00,57.65,2
11-12-1998 00:00,120.438,2
12-12-1998 00:00,79.064,2
13-12-1998 00:00,330.434,2
14-12-1998 00:00,504.594,2
15-12-1998 00:00,478.511,2
16-12-1998 00:00,462.958,2
17-12-1998 00:00,400.119,2
18-12-1998 00:00,339.611,2
19-12-1998 00:00,309.82,2
20-12-1998 00:00,288.019,2
21-12-1998 00:00,264.571,2
22-12-1998 00:00,157.382,2
23-12-1998 00:00,185.046,2
24-12-1998 00:00,186.29,2
25-12-1998 00:00,199.459,2
26-12-1998 00:00,409.249,2
27-12-1998 00:00,525.93,2
28-12-1998 00:00,400.246,2
29-12-1998 00:00,321.676,2
30-12-1998 00:00,305.338,2
31-12-1998 00:00,261,2
02-01-1999 00:00,211.693,2
03-01-1999 00:00,207.168,2
04-01-1999 00:00,219.602,2
05-01-1999 00:00,277.324,2
06-01-1999 00:00,315.602,2
07-01-1999 00:00,403.985,2
08-01-1999 00:00,340.791,2
09-01-1999 00:00,287.044,2
10-01-1999 00:00,219.125,2
11-01-1999 00:00,191.677,2
12-01-1999 00:00,186.165,2
13-01-1999 00:00,171.453,2
14-01-1999 00:00,176.128,2
15-01-1999 00:00,248.878,2
16-01-1999 00:00,488.618,2
17-01-1999 00:00,414.478,2
18-01-1999 00:00,344.377,2
19-01-1999 00:00,306.463,2
20-01-1999 00:00,292.642,2
21-01-1999 00:00,296.905,2
22-01-1999 00:00,302.097,2
23-01-1999 00:00,272.528,2
24-01-1999 00:00,258.849,2
25-01-1999 00:00,323.296,2
26-01-1999 00:00,338.982,2
27-01-1999 00:00,300.496,2
28-01-1999 00:00,247.483,2
29-01-1999 00:00,186.183,2
30-01-1999 00:00,159.101,2
31-01-1999 00:00,162,2
01-02-1999 00:00,167.927,2
02-02-1999 00:00,174.257,2
03-02-1999 00:00,191.593,2
04-02-1999 00:00,241.56,2
05-02-1999 00:00,359.745,2
06-02-1999 00:00,309.469,2
07-02-1999 00:00,267.224,2
08-02-1999 00:00,205.69,2
09-02-1999 00:00,182.824,2
10-02-1999 00:00,159.329,2
11-02-1999 00:00,144.144,2
12-02-1999 00:00,131.17,2
13-02-1999 00:00,127.569,2
14-02-1999 00:00,121.371,2
15-02-1999 00:00,131.205,2
16-02-1999 00:00,252.625,2
17-02-1999 00:00,225.719,2
18-02-1999 00:00,175.435,2
19-02-1999 00:00,193.319,2
20-02-1999 00:00,262.619,2
21-02-1999 00:00,270.164,2
22-02-1999 00:00,314.271,2
23-02-1999 00:00,283.357,2
24-02-1999 00:00,234.708,2
25-02-1999 00:00,198.235,2
26-02-1999 00:00,231.315,2
27-02-1999 00:00,260.053,2
28-02-1999 00:00,290,2
01-03-1999 00:00,285.447,2
02-03-1999 00:00,253.9,2
03-03-1999 00:00,330.029,2
04-03-1999 00:00,454.25,2
05-03-1999 00:00,424.304,2
06-03-1999 00:00,419.33,2
07-03-1999 00:00,639.514,2
08-03-1999 00:00,606.352,2
09-03-1999 00:00,524.531,2
10-03-1999 00:00,459.921,2
11-03-1999 00:00,439.282,2
12-03-1999 00:00,359.491,2
13-03-1999 00:00,314.198,2
14-03-1999 00:00,294.158,2
15-03-1999 00:00,275.354,2
16-03-1999 00:00,258.077,2
17-03-1999 00:00,232.741,2
18-03-1999 00:00,216.503,2
19-03-1999 00:00,208.346,2
20-03-1999 00:00,203.781,2
21-03-1999 00:00,191.315,2
22-03-1999 00:00,194.323,2
23-03-1999 00:00,191.267,2
24-03-1999 00:00,187.823,2
25-03-1999 00:00,186.58,2
26-03-1999 00:00,172.705,2
27-03-1999 00:00,168.841,2
28-03-1999 00:00,155.851,2
29-03-1999 00:00,154.833,2
30-03-1999 00:00,145.451,2
31-03-1999 00:00,140,2
01-04-1999 00:00,134.781,2
02-04-1999 00:00,130.515,2
03-04-1999 00:00,128.182,2
04-04-1999 00:00,124.556,2
05-04-1999 00:00,122.695,2
06-04-1999 00:00,130.494,2
07-04-1999 00:00,135.97,2
08-04-1999 00:00,124.905,2
09-04-1999 00:00,116.624,2
10-04-1999 00:00,116.289,2
11-04-1999 00:00,111.748,2
12-04-1999 00:00,119.502,2
13-04-1999 00:00,144.864,2
14-04-1999 00:00,136.714,2
15-04-1999 00:00,197.683,2
16-04-1999 00:00,163.938,2
17-04-1999 00:00,168.608,2
18-04-1999 00:00,193.853,2
19-04-1999 00:00,221.213,2
20-04-1999 00:00,181.71,2
21-04-1999 00:00,164.084,2
22-04-1999 00:00,151.722,2
23-04-1999 00:00,147.955,2
24-04-1999 00:00,140.343,2
25-04-1999 00:00,128.517,2
26-04-1999 00:00,126.191,2
27-04-1999 00:00,120.4,2
28-04-1999 00:00,114.659,2
29-04-1999 00:00,106.192,2
30-04-1999 00:00,102.559,2
01-05-1999 00:00,94.374,2
02-05-1999 00:00,91.702,2
03-05-1999 00:00,90.657,2
04-05-1999 00:00,88.096,2
05-05-1999 00:00,85.023,2
06-05-1999 00:00,79.72,2
07-05-1999 00:00,77.044,2
08-05-1999 00:00,78.163,2
09-05-1999 00:00,84.355,2
10-05-1999 00:00,90.713,2
11-05-1999 00:00,121.589,2
12-05-1999 00:00,128.784,2
13-05-1999 00:00,173.658,2
14-05-1999 00:00,158.338,2
15-05-1999 00:00,134.359,2
16-05-1999 00:00,114.042,2
17-05-1999 00:00,103.92,2
18-05-1999 00:00,93.195,2
19-05-1999 00:00,85.815,2
20-05-1999 00:00,83.236,2
21-05-1999 00:00,76.383,2
22-05-1999 00:00,78.031,2
23-05-1999 00:00,69.061,2
24-05-1999 00:00,71.756,2
25-05-1999 00:00,72.202,2
26-05-1999 00:00,65.585,2
27-05-1999 00:00,60.638,2
28-05-1999 00:00,57.994,2
29-05-1999 00:00,56.847,2
30-05-1999 00:00,61.452,2
31-05-1999 00:00,56.818,2
01-06-1999 00:00,54.27,2
02-06-1999 00:00,52.841,2
03-06-1999 00:00,61,2
04-06-1999 00:00,76,2
05-06-1999 00:00,84,2
06-06-1999 00:00,110,2
07-06-1999 00:00,80,2
08-06-1999 00:00,74.065,2
09-06-1999 00:00,107.548,2
10-06-1999 00:00,80.211,2
11-06-1999 00:00,82,2
12-06-1999 00:00,101,2
13-06-1999 00:00,80,2
14-06-1999 00:00,64,2
15-06-1999 00:00,62,2
16-06-1999 00:00,60,2
17-06-1999 00:00,57,2
18-06-1999 00:00,54.655,2
19-06-1999 00:00,50.494,2
20-06-1999 00:00,51.489,2
21-06-1999 00:00,54.444,2
22-06-1999 00:00,48.484,2
23-06-1999 00:00,45.036,2
24-06-1999 00:00,43.325,2
25-06-1999 00:00,48.792,2
26-06-1999 00:00,69.039,2
27-06-1999 00:00,93.845,2
28-06-1999 00:00,79.838,2
29-06-1999 00:00,116.333,2
30-06-1999 00:00,92.995,2
01-07-1999 00:00,78.175,2
02-07-1999 00:00,71.225,2
03-07-1999 00:00,66.303,2
04-07-1999 00:00,66.616,2
05-07-1999 00:00,64.645,2
06-07-1999 00:00,61,2
07-07-1999 00:00,57.276,2
08-07-1999 00:00,49.579,2
09-07-1999 00:00,47.763,2
10-07-1999 00:00,45.209,2
11-07-1999 00:00,42,2
12-07-1999 00:00,39,2
13-07-1999 00:00,37.282,2
14-07-1999 00:00,36,2
15-07-1999 00:00,35,2
16-07-1999 00:00,34.5,2
17-07-1999 00:00,33.608,2
18-07-1999 00:00,36.285,2
19-07-1999 00:00,33.908,2
20-07-1999 00:00,32,2
21-07-1999 00:00,34.5,2
22-07-1999 00:00,33.5,2
23-07-1999 00:00,37,2
24-07-1999 00:00,35.035,2
25-07-1999 00:00,31.489,2
26-07-1999 00:00,31.296,2
27-07-1999 00:00,29.637,2
28-07-1999 00:00,30.04,2
29-07-1999 00:00,30.295,2
30-07-1999 00:00,27.805,2
31-07-1999 00:00,29.113,2
01-08-1999 00:00,28.717,2
02-08-1999 00:00,26.922,2
03-08-1999 00:00,25.877,2
04-08-1999 00:00,24.904,2
05-08-1999 00:00,26.546,2
06-08-1999 00:00,24.824,2
07-08-1999 00:00,24.839,2
08-08-1999 00:00,26.638,2
09-08-1999 00:00,49.105,2
10-08-1999 00:00,50.276,2
11-08-1999 00:00,36.653,2
12-08-1999 00:00,34.832,2
13-08-1999 00:00,34.036,2
14-08-1999 00:00,31.33,2
15-08-1999 00:00,55.709,2
16-08-1999 00:00,76.613,2
17-08-1999 00:00,84,2
18-08-1999 00:00,57,2
19-08-1999 00:00,58.867,2
20-08-1999 00:00,92.271,2
21-08-1999 00:00,93.557,2
22-08-1999 00:00,81.069,2
23-08-1999 00:00,68.329,2
24-08-1999 00:00,61.447,2
25-08-1999 00:00,58.943,2
26-08-1999 00:00,51.229,2
27-08-1999 00:00,52.543,2
28-08-1999 00:00,54.324,2
29-08-1999 00:00,49.227,2
30-08-1999 00:00,46.249,2
31-08-1999 00:00,53.404,2
01-09-1999 00:00,51.118,2
02-09-1999 00:00,50.912,2
03-09-1999 00:00,49.491,2
04-09-1999 00:00,44.08,2
05-09-1999 00:00,41.459,2
06-09-1999 00:00,43.861,2
07-09-1999 00:00,41.411,2
08-09-1999 00:00,37.165,2
09-09-1999 00:00,37.34,2
10-09-1999 00:00,38.136,2
11-09-1999 00:00,41.834,2
12-09-1999 00:00,40.962,2
13-09-1999 00:00,33.567,2
14-09-1999 00:00,33.883,2
15-09-1999 00:00,36.643,2
16-09-1999 00:00,35.327,2
17-09-1999 00:00,35.709,2
18-09-1999 00:00,32.499,2
19-09-1999 00:00,29.01,2
20-09-1999 00:00,29.257,2
21-09-1999 00:00,28.608,2
22-09-1999 00:00,32.099,2
23-09-1999 00:00,44.49,2
24-09-1999 00:00,38.961,2
25-09-1999 00:00,53.703,2
26-09-1999 00:00,44.789,2
27-09-1999 00:00,41.408,2
28-09-1999 00:00,49.159,2
29-09-1999 00:00,45.714,2
30-09-1999 00:00,47.155,2
01-10-1999 00:00,50.954,2
02-10-1999 00:00,58.697,2
03-10-1999 00:00,63.73,2
04-10-1999 00:00,57.713,2
05-10-1999 00:00,50.615,2
06-10-1999 00:00,50.754,2
07-10-1999 00:00,44.68,2
08-10-1999 00:00,55.869,2
09-10-1999 00:00,53.284,2
10-10-1999 00:00,50.982,2
11-10-1999 00:00,49.236,2
12-10-1999 00:00,44.955,2
13-10-1999 00:00,41.983,2
14-10-1999 00:00,49.442,2
15-10-1999 00:00,47.385,2
16-10-1999 00:00,43.846,2
17-10-1999 00:00,42.369,2
18-10-1999 00:00,41.298,2
19-10-1999 00:00,40.127,2
20-10-1999 00:00,41.695,2
21-10-1999 00:00,42.393,2
22-10-1999 00:00,41.433,2
23-10-1999 00:00,40.445,2
24-10-1999 00:00,56.485,2
25-10-1999 00:00,52.905,2
26-10-1999 00:00,59.706,2
27-10-1999 00:00,56.002,2
28-10-1999 00:00,54.339,2
29-10-1999 00:00,53.966,2
30-10-1999 00:00,53,2
31-10-1999 00:00,56,2
01-11-1999 00:00,57,2
02-11-1999 00:00,58,2
03-11-1999 00:00,61.475,2
04-11-1999 00:00,53.475,2
05-11-1999 00:00,55.742,2
06-11-1999 00:00,54.344,2
07-11-1999 00:00,48.27,2
08-11-1999 00:00,47.909,2
09-11-1999 00:00,47.391,2
10-11-1999 00:00,55.332,2
11-11-1999 00:00,54.226,2
12-11-1999 00:00,52.923,2
13-11-1999 00:00,51.145,2
14-11-1999 00:00,54.302,2
15-11-1999 00:00,50.398,2
16-11-1999 00:00,47.475,2
17-11-1999 00:00,51.404,2
18-11-1999 00:00,54.011,2
19-11-1999 00:00,57.241,2
20-11-1999 00:00,60.15,2
21-11-1999 00:00,56.093,2
22-11-1999 00:00,50.475,2
23-11-1999 00:00,50.365,2
24-11-1999 00:00,50.682,2
25-11-1999 00:00,52.099,2
26-11-1999 00:00,52.245,2
27-11-1999 00:00,53.405,2
28-11-1999 00:00,52.444,2
29-11-1999 00:00,55.339,2
30-11-1999 00:00,58,2
01-12-1999 00:00,64.185,2
02-12-1999 00:00,63.552,2
03-12-1999 00:00,81.192,2
04-12-1999 00:00,132.912,2
05-12-1999 00:00,105.468,2
06-12-1999 00:00,122.972,2
07-12-1999 00:00,148.24,2
08-12-1999 00:00,146.911,2
09-12-1999 00:00,168.464,2
10-12-1999 00:00,163.487,2
11-12-1999 00:00,172.002,2
12-12-1999 00:00,313.598,2
13-12-1999 00:00,252.644,2
14-12-1999 00:00,203.825,2
15-12-1999 00:00,203.425,2
16-12-1999 00:00,180.627,2
17-12-1999 00:00,267.684,2
18-12-1999 00:00,389.868,2
19-12-1999 00:00,289.931,2
20-12-1999 00:00,223.403,2
21-12-1999 00:00,184.532,2
22-12-1999 00:00,158.383,2
23-12-1999 00:00,170.102,2
24-12-1999 00:00,207.656,2
25-12-1999 00:00,443.131,2
26-12-1999 00:00,521.434,2
27-12-1999 00:00,472.291,2
28-12-1999 00:00,418.377,2
29-12-1999 00:00,334.389,2
30-12-1999 00:00,295,2
31-12-1999 00:00,260,2
01-01-2000 00:00,250,2
02-01-2000 00:00,246.183,2
03-01-2000 00:00,233.341,2
04-01-2000 00:00,225.686,2
05-01-2000 00:00,266.464,2
06-01-2000 00:00,258.373,2
07-01-2000 00:00,263.876,2
08-01-2000 00:00,248.74,2
09-01-2000 00:00,218.004,2
10-01-2000 00:00,199,2
11-01-2000 00:00,191.173,2
12-01-2000 00:00,189.868,2
13-01-2000 00:00,175.654,2
14-01-2000 00:00,164.493,2
15-01-2000 00:00,152.661,2
16-01-2000 00:00,150.41,2
17-01-2000 00:00,151.374,2
18-01-2000 00:00,143.236,2
19-01-2000 00:00,128.902,2
20-01-2000 00:00,123.539,2
21-01-2000 00:00,127.039,2
22-01-2000 00:00,119.281,2
23-01-2000 00:00,108.449,2
24-01-2000 00:00,98.446,2
25-01-2000 00:00,101.03,2
26-01-2000 00:00,98.299,2
27-01-2000 00:00,110.566,2
28-01-2000 00:00,132.479,2
29-01-2000 00:00,216.922,2
30-01-2000 00:00,199.229,2
31-01-2000 00:00,251.824,2
01-02-2000 00:00,281.923,2
02-02-2000 00:00,285.597,2
03-02-2000 00:00,252.459,2
04-02-2000 00:00,254.055,2
05-02-2000 00:00,197.245,2
06-02-2000 00:00,198.463,2
07-02-2000 00:00,199.946,2
08-02-2000 00:00,192.189,2
09-02-2000 00:00,198.846,2
10-02-2000 00:00,194.313,2
11-02-2000 00:00,194.57,2
12-02-2000 00:00,190.731,2
13-02-2000 00:00,200.703,2
14-02-2000 00:00,180.744,2
15-02-2000 00:00,161.087,2
16-02-2000 00:00,186.723,2
17-02-2000 00:00,192.57,2
18-02-2000 00:00,172.232,2
19-02-2000 00:00,177.807,2
20-02-2000 00:00,175.826,2
21-02-2000 00:00,160.928,2
22-02-2000 00:00,144.87,2
23-02-2000 00:00,143.641,2
24-02-2000 00:00,160.043,2
25-02-2000 00:00,179.015,2
26-02-2000 00:00,165.574,2
27-02-2000 00:00,160.249,2
28-02-2000 00:00,152.707,2
29-02-2000 00:00,176.995,2
01-03-2000 00:00,189.4,2
02-03-2000 00:00,200.093,2
03-03-2000 00:00,188.787,2
04-03-2000 00:00,183.633,2
05-03-2000 00:00,162.649,2
06-03-2000 00:00,151.299,2
07-03-2000 00:00,189.473,2
08-03-2000 00:00,243.087,2
09-03-2000 00:00,341.234,2
10-03-2000 00:00,355.351,2
11-03-2000 00:00,323.839,2
12-03-2000 00:00,349.615,2
13-03-2000 00:00,375.669,2
14-03-2000 00:00,411.308,2
15-03-2000 00:00,405.397,2
16-03-2000 00:00,354.872,2
17-03-2000 00:00,313.215,2
18-03-2000 00:00,274.607,2
19-03-2000 00:00,218.796,2
20-03-2000 00:00,207.767,2
21-03-2000 00:00,192.02,2
22-03-2000 00:00,182.321,2
23-03-2000 00:00,169.573,2
24-03-2000 00:00,155.441,2
25-03-2000 00:00,149.713,2
26-03-2000 00:00,184.68,2
27-03-2000 00:00,227.802,2
28-03-2000 00:00,228.005,2
29-03-2000 00:00,253.508,2
30-03-2000 00:00,274.622,2
31-03-2000 00:00,262.916,2
01-04-2000 00:00,214.249,2
02-04-2000 00:00,191.524,2
03-04-2000 00:00,178.006,2
04-04-2000 00:00,170.311,2
05-04-2000 00:00,184.982,2
06-04-2000 00:00,163.796,2
07-04-2000 00:00,154.926,2
08-04-2000 00:00,143.239,2
09-04-2000 00:00,134.171,2
10-04-2000 00:00,130.712,2
11-04-2000 00:00,128.938,2
12-04-2000 00:00,122.827,2
13-04-2000 00:00,184.026,2
14-04-2000 00:00,192.141,2
15-04-2000 00:00,178.348,2
16-04-2000 00:00,232.138,2
17-04-2000 00:00,222.143,2
18-04-2000 00:00,203.721,2
19-04-2000 00:00,184.946,2
20-04-2000 00:00,174.717,2
21-04-2000 00:00,163.225,2
22-04-2000 00:00,149.224,2
23-04-2000 00:00,176.605,2
24-04-2000 00:00,192.113,2
25-04-2000 00:00,162.226,2
26-04-2000 00:00,148.737,2
27-04-2000 00:00,143.374,2
28-04-2000 00:00,130.314,2
29-04-2000 00:00,115.019,2
30-04-2000 00:00,106.136,2
01-05-2000 00:00,108.543,2
02-05-2000 00:00,90.66,2
03-05-2000 00:00,86.145,2
04-05-2000 00:00,81.975,2
05-05-2000 00:00,79.756,2
06-05-2000 00:00,76.529,2
07-05-2000 00:00,74.047,2
08-05-2000 00:00,70.381,2
09-05-2000 00:00,67.485,2
10-05-2000 00:00,65.933,2
11-05-2000 00:00,65.533,2
12-05-2000 00:00,55.552,2
13-05-2000 00:00,46.951,2
14-05-2000 00:00,52.986,2
15-05-2000 00:00,53.878,2
16-05-2000 00:00,51.68,2
17-05-2000 00:00,54.631,2
18-05-2000 00:00,56.424,2
19-05-2000 00:00,55.709,2
20-05-2000 00:00,49.012,2
21-05-2000 00:00,62.429,2
22-05-2000 00:00,51.174,2
23-05-2000 00:00,55.414,2
24-05-2000 00:00,53.06,2
25-05-2000 00:00,55.668,2
26-05-2000 00:00,52.182,2
27-05-2000 00:00,53.931,2
28-05-2000 00:00,53.728,2
29-05-2000 00:00,55.182,2
30-05-2000 00:00,55.933,2
31-05-2000 00:00,53.018,2
01-06-2000 00:00,53.658,2
02-06-2000 00:00,58.483,2
03-06-2000 00:00,49.622,2
04-06-2000 00:00,54.744,2
05-06-2000 00:00,58.514,2
06-06-2000 00:00,58.451,2
07-06-2000 00:00,64.639,2
08-06-2000 00:00,59.49,2
09-06-2000 00:00,53.716,2
10-06-2000 00:00,45.622,2
11-06-2000 00:00,62.937,2
12-06-2000 00:00,60.322,2
13-06-2000 00:00,58.55,2
14-06-2000 00:00,57.636,2
15-06-2000 00:00,56.774,2
16-06-2000 00:00,55.529,2
17-06-2000 00:00,54.527,2
18-06-2000 00:00,53.489,2
19-06-2000 00:00,53.83,2
20-06-2000 00:00,52.82,2
21-06-2000 00:00,51.843,2
22-06-2000 00:00,51.837,2
23-06-2000 00:00,54.629,2
24-06-2000 00:00,54.052,2
25-06-2000 00:00,56.234,2
26-06-2000 00:00,74.668,2
27-06-2000 00:00,61.285,2
28-06-2000 00:00,74.449,2
29-06-2000 00:00,67.142,2
30-06-2000 00:00,64.719,2
01-07-2000 00:00,83.978,2
02-07-2000 00:00,80.287,2
03-07-2000 00:00,68.355,2
04-07-2000 00:00,62.693,2
05-07-2000 00:00,59.955,2
06-07-2000 00:00,58.597,2
07-07-2000 00:00,57.019,2
08-07-2000 00:00,55.302,2
09-07-2000 00:00,54.716,2
10-07-2000 00:00,68.507,2
11-07-2000 00:00,99.098,2
12-07-2000 00:00,81.1,2
13-07-2000 00:00,69.75,2
14-07-2000 00:00,64.285,2
15-07-2000 00:00,61.441,2
16-07-2000 00:00,57.94,2
17-07-2000 00:00,55.013,2
18-07-2000 00:00,53.625,2
19-07-2000 00:00,53.296,2
20-07-2000 00:00,52.203,2
21-07-2000 00:00,51.276,2
22-07-2000 00:00,50.851,2
23-07-2000 00:00,51.012,2
24-07-2000 00:00,52.747,2
25-07-2000 00:00,52.939,2
26-07-2000 00:00,51.468,2
27-07-2000 00:00,49.709,2
28-07-2000 00:00,48.587,2
29-07-2000 00:00,49.485,2
30-07-2000 00:00,51.08,2
31-07-2000 00:00,50.089,2
01-08-2000 00:00,49.745,2
02-08-2000 00:00,44.595,2
03-08-2000 00:00,56.115,2
04-08-2000 00:00,43.658,2
05-08-2000 00:00,37.724,2
06-08-2000 00:00,33.346,2
07-08-2000 00:00,31.112,2
08-08-2000 00:00,30,2
09-08-2000 00:00,29.847,2
10-08-2000 00:00,30.434,2
11-08-2000 00:00,29,2
12-08-2000 00:00,28.031,2
13-08-2000 00:00,30.637,2
14-08-2000 00:00,29.691,2
15-08-2000 00:00,28.945,2
16-08-2000 00:00,29,2
17-08-2000 00:00,31.236,2
18-08-2000 00:00,30.008,2
19-08-2000 00:00,30.019,2
20-08-2000 00:00,30.279,2
21-08-2000 00:00,29.87,2
22-08-2000 00:00,28.501,2
23-08-2000 00:00,27.31,2
24-08-2000 00:00,28.049,2
25-08-2000 00:00,28.905,2
26-08-2000 00:00,29.141,2
27-08-2000 00:00,26.845,2
28-08-2000 00:00,25.466,2
29-08-2000 00:00,25.5,2
30-08-2000 00:00,26.071,2
31-08-2000 00:00,29.121,2
01-09-2000 00:00,29.104,2
02-09-2000 00:00,68.874,2
03-09-2000 00:00,115.491,2
04-09-2000 00:00,122.729,2
05-09-2000 00:00,120.545,2
06-09-2000 00:00,104.226,2
07-09-2000 00:00,107.824,2
08-09-2000 00:00,59,2
09-09-2000 00:00,56.37,2
10-09-2000 00:00,50.884,2
11-09-2000 00:00,45.83,2
12-09-2000 00:00,81.23,2
13-09-2000 00:00,322.59,2
14-09-2000 00:00,196.96,2
15-09-2000 00:00,130.196,2
16-09-2000 00:00,105.096,2
17-09-2000 00:00,87.481,2
18-09-2000 00:00,76.514,2
19-09-2000 00:00,69.416,2
20-09-2000 00:00,61.981,2
21-09-2000 00:00,59.295,2
22-09-2000 00:00,55.507,2
23-09-2000 00:00,54.687,2
24-09-2000 00:00,52.757,2
25-09-2000 00:00,49.106,2
26-09-2000 00:00,49.037,2
27-09-2000 00:00,52.337,2
28-09-2000 00:00,64.437,2
29-09-2000 00:00,69.443,2
30-09-2000 00:00,63.3,2
01-10-2000 00:00,58.91,2
02-10-2000 00:00,65.042,2
03-10-2000 00:00,70.234,2
04-10-2000 00:00,63.086,2
05-10-2000 00:00,60.094,2
06-10-2000 00:00,62.815,2
07-10-2000 00:00,60.324,2
08-10-2000 00:00,62.958,2
09-10-2000 00:00,68.179,2
10-10-2000 00:00,78.716,2
11-10-2000 00:00,93.848,2
12-10-2000 00:00,109.412,2
13-10-2000 00:00,95.992,2
14-10-2000 00:00,89.706,2
15-10-2000 00:00,86.007,2
16-10-2000 00:00,83.358,2
17-10-2000 00:00,78.658,2
18-10-2000 00:00,73.039,2
19-10-2000 00:00,71.887,2
20-10-2000 00:00,69.601,2
21-10-2000 00:00,70.416,2
22-10-2000 00:00,70.613,2
23-10-2000 00:00,67.546,2
24-10-2000 00:00,137.068,2
25-10-2000 00:00,124.952,2
26-10-2000 00:00,129.821,2
27-10-2000 00:00,114.182,2
28-10-2000 00:00,111.785,2
29-10-2000 00:00,120.016,2
30-10-2000 00:00,134.7,2
31-10-2000 00:00,149.906,2
01-11-2000 00:00,131.408,2
02-11-2000 00:00,121.861,2
03-11-2000 00:00,119.858,2
04-11-2000 00:00,122.273,2
05-11-2000 00:00,115.519,2
06-11-2000 00:00,119.121,2
07-11-2000 00:00,125.301,2
08-11-2000 00:00,135.171,2
09-11-2000 00:00,142.002,2
10-11-2000 00:00,129.486,2
11-11-2000 00:00,119.943,2
12-11-2000 00:00,146.854,2
13-11-2000 00:00,149.476,2
14-11-2000 00:00,137.324,2
15-11-2000 00:00,121.327,2
16-11-2000 00:00,122.129,2
17-11-2000 00:00,119.17,2
18-11-2000 00:00,164.335,2
19-11-2000 00:00,165.437,2
20-11-2000 00:00,159.671,2
21-11-2000 00:00,141.307,2
22-11-2000 00:00,201.318,2
23-11-2000 00:00,177,2
24-11-2000 00:00,233.674,2
25-11-2000 00:00,198.14,2
26-11-2000 00:00,176.544,2
27-11-2000 00:00,158.198,2
28-11-2000 00:00,146.616,2
29-11-2000 00:00,168.281,2
30-11-2000 00:00,163.418,2
01-12-2000 00:00,152.444,2
02-12-2000 00:00,152.465,2
03-12-2000 00:00,151.146,2
04-12-2000 00:00,145.01,2
05-12-2000 00:00,140.573,2
06-12-2000 00:00,131.972,2
07-12-2000 00:00,134.384,2
08-12-2000 00:00,152.488,2
09-12-2000 00:00,172.939,2
10-12-2000 00:00,161.022,2
11-12-2000 00:00,162.629,2
12-12-2000 00:00,157.167,2
13-12-2000 00:00,174.016,2
14-12-2000 00:00,237.431,2
15-12-2000 00:00,265.972,2
16-12-2000 00:00,355.452,2
17-12-2000 00:00,408.289,2
18-12-2000 00:00,381.011,2
19-12-2000 00:00,311.924,2
20-12-2000 00:00,235.312,2
21-12-2000 00:00,201.233,2
22-12-2000 00:00,182.72,2
23-12-2000 00:00,171.664,2
24-12-2000 00:00,162.554,2
25-12-2000 00:00,150.659,2
26-12-2000 00:00,134.727,2
27-12-2000 00:00,122.714,2
28-12-2000 00:00,126.969,2
29-12-2000 00:00,143.094,2
30-12-2000 00:00,143.874,2
31-12-2000 00:00,126,2
01-01-2001 00:00,129.519,2
02-01-2001 00:00,233.965,2
03-01-2001 00:00,269.417,2
04-01-2001 00:00,282.999,2
05-01-2001 00:00,335.19,2
06-01-2001 00:00,492.178,2
07-01-2001 00:00,398.898,2
08-01-2001 00:00,316.21,2
09-01-2001 00:00,281.98,2
10-01-2001 00:00,242.938,2
11-01-2001 00:00,211.963,2
12-01-2001 00:00,187.383,2
13-01-2001 00:00,171.027,2
14-01-2001 00:00,164.481,2
15-01-2001 00:00,162.56,2
16-01-2001 00:00,156.52,2
17-01-2001 00:00,145.645,2
18-01-2001 00:00,138.601,2
19-01-2001 00:00,142.8,2
20-01-2001 00:00,147.827,2
21-01-2001 00:00,137.197,2
22-01-2001 00:00,139.757,2
23-01-2001 00:00,142.869,2
24-01-2001 00:00,193.257,2
25-01-2001 00:00,223.952,2
26-01-2001 00:00,252.108,2
27-01-2001 00:00,252.821,2
28-01-2001 00:00,222.496,2
29-01-2001 00:00,196.465,2
30-01-2001 00:00,183.805,2
31-01-2001 00:00,174.883,2
01-02-2001 00:00,168.113,2
02-02-2001 00:00,151.205,2
03-02-2001 00:00,132.895,2
04-02-2001 00:00,119.072,2
05-02-2001 00:00,109.699,2
06-02-2001 00:00,136.976,2
07-02-2001 00:00,221.553,2
08-02-2001 00:00,258.945,2
09-02-2001 00:00,284.749,2
10-02-2001 00:00,222.823,2
11-02-2001 00:00,294.403,2
12-02-2001 00:00,653.467,2
13-02-2001 00:00,629.806,2
14-02-2001 00:00,490.74,2
15-02-2001 00:00,408.472,2
16-02-2001 00:00,358.577,2
17-02-2001 00:00,299.179,2
18-02-2001 00:00,281.792,2
19-02-2001 00:00,259.317,2
20-02-2001 00:00,236.618,2
21-02-2001 00:00,216.436,2
22-02-2001 00:00,198.37,2
23-02-2001 00:00,176.738,2
24-02-2001 00:00,157.256,2
25-02-2001 00:00,150.213,2
26-02-2001 00:00,145.037,2
27-02-2001 00:00,140.402,2
28-02-2001 00:00,138.081,2
01-03-2001 00:00,138.325,2
02-03-2001 00:00,135.762,2
03-03-2001 00:00,134.252,2
04-03-2001 00:00,130.756,2
05-03-2001 00:00,121.742,2
06-03-2001 00:00,114.439,2
07-03-2001 00:00,117.389,2
08-03-2001 00:00,128.102,2
09-03-2001 00:00,154.978,2
10-03-2001 00:00,182.059,2
11-03-2001 00:00,183.068,2
12-03-2001 00:00,197.887,2
13-03-2001 00:00,188.02,2
14-03-2001 00:00,180.325,2
15-03-2001 00:00,169.783,2
16-03-2001 00:00,173.651,2
17-03-2001 00:00,166.84,2
18-03-2001 00:00,161.685,2
19-03-2001 00:00,154.107,2
20-03-2001 00:00,143.55,2
21-03-2001 00:00,140.287,2
22-03-2001 00:00,135.542,2
23-03-2001 00:00,127.721,2
24-03-2001 00:00,124.49,2
25-03-2001 00:00,120.26,2
26-03-2001 00:00,117.064,2
27-03-2001 00:00,111.985,2
28-03-2001 00:00,109.354,2
29-03-2001 00:00,110.667,2
30-03-2001 00:00,112.648,2
31-03-2001 00:00,109.304,2
01-04-2001 00:00,111.526,2
02-04-2001 00:00,109.728,2
03-04-2001 00:00,108.392,2
04-04-2001 00:00,106.311,2
05-04-2001 00:00,125.016,2
06-04-2001 00:00,117.488,2
07-04-2001 00:00,118.959,2
08-04-2001 00:00,134.162,2
09-04-2001 00:00,120.463,2
10-04-2001 00:00,114.014,2
11-04-2001 00:00,110.075,2
12-04-2001 00:00,112.135,2
13-04-2001 00:00,106.98,2
14-04-2001 00:00,101.817,2
15-04-2001 00:00,100.833,2
16-04-2001 00:00,94.867,2
17-04-2001 00:00,93.001,2
18-04-2001 00:00,102.07,2
19-04-2001 00:00,111.8,2
20-04-2001 00:00,102.233,2
21-04-2001 00:00,96.046,2
22-04-2001 00:00,93.785,2
23-04-2001 00:00,125.016,2
24-04-2001 00:00,156.961,2
25-04-2001 00:00,138.217,2
26-04-2001 00:00,171.785,2
27-04-2001 00:00,159.92,2
28-04-2001 00:00,150.946,2
29-04-2001 00:00,145.687,2
30-04-2001 00:00,135.516,2
01-05-2001 00:00,127.662,2
02-05-2001 00:00,115.13,2
03-05-2001 00:00,108.69,2
04-05-2001 00:00,116.087,2
05-05-2001 00:00,107.854,2
06-05-2001 00:00,98.534,2
07-05-2001 00:00,91.085,2
08-05-2001 00:00,87.279,2
09-05-2001 00:00,83.041,2
10-05-2001 00:00,80.923,2
11-05-2001 00:00,77.58,2
12-05-2001 00:00,74.048,2
13-05-2001 00:00,71.396,2
14-05-2001 00:00,69.766,2
15-05-2001 00:00,69.974,2
16-05-2001 00:00,75.868,2
17-05-2001 00:00,79.129,2
18-05-2001 00:00,76.233,2
19-05-2001 00:00,70.526,2
20-05-2001 00:00,66.332,2
21-05-2001 00:00,63.655,2
22-05-2001 00:00,60.717,2
23-05-2001 00:00,57.678,2
24-05-2001 00:00,57.994,2
25-05-2001 00:00,55.095,2
26-05-2001 00:00,53.974,2
27-05-2001 00:00,52.578,2
28-05-2001 00:00,54.496,2
29-05-2001 00:00,66.353,2
30-05-2001 00:00,88.395,2
31-05-2001 00:00,75.857,2
01-06-2001 00:00,68.342,2
02-06-2001 00:00,72.054,2
03-06-2001 00:00,94.887,2
04-06-2001 00:00,84.027,2
05-06-2001 00:00,76.095,2
06-06-2001 00:00,70.676,2
07-06-2001 00:00,73.456,2
08-06-2001 00:00,73.105,2
09-06-2001 00:00,63.054,2
10-06-2001 00:00,59.65,2
11-06-2001 00:00,56.977,2
12-06-2001 00:00,55.393,2
13-06-2001 00:00,53.389,2
14-06-2001 00:00,51.091,2
15-06-2001 00:00,49.979,2
16-06-2001 00:00,59.208,2
17-06-2001 00:00,59.065,2
18-06-2001 00:00,53.15,2
19-06-2001 00:00,49.308,2
20-06-2001 00:00,46.602,2
21-06-2001 00:00,46.88,2
22-06-2001 00:00,48.085,2
23-06-2001 00:00,49.422,2
24-06-2001 00:00,46.421,2
25-06-2001 00:00,43.771,2
26-06-2001 00:00,43.169,2
27-06-2001 00:00,41.362,2
28-06-2001 00:00,41.312,2
29-06-2001 00:00,40.193,2
30-06-2001 00:00,39.677,2
01-07-2001 00:00,44.998,2
02-07-2001 00:00,43.576,2
03-07-2001 00:00,40.688,2
04-07-2001 00:00,38.569,2
05-07-2001 00:00,36.738,2
06-07-2001 00:00,35.22,2
07-07-2001 00:00,35.932,2
08-07-2001 00:00,33.59,2
09-07-2001 00:00,33.96,2
10-07-2001 00:00,35.021,2
11-07-2001 00:00,37.124,2
12-07-2001 00:00,43.356,2
13-07-2001 00:00,46.235,2
14-07-2001 00:00,41.687,2
15-07-2001 00:00,37.601,2
16-07-2001 00:00,36.552,2
17-07-2001 00:00,40.208,2
18-07-2001 00:00,38.656,2
19-07-2001 00:00,35.567,2
20-07-2001 00:00,34.928,2
21-07-2001 00:00,33.955,2
22-07-2001 00:00,33.023,2
23-07-2001 00:00,31.809,2
24-07-2001 00:00,31.943,2
25-07-2001 00:00,31.06,2
26-07-2001 00:00,30.278,2
27-07-2001 00:00,28.727,2
28-07-2001 00:00,29.527,2
29-07-2001 00:00,29.922,2
30-07-2001 00:00,28.473,2
31-07-2001 00:00,29.273,2
01-08-2001 00:00,28.718,2
02-08-2001 00:00,28.609,2
03-08-2001 00:00,29.867,2
04-08-2001 00:00,29.242,2
05-08-2001 00:00,31.177,2
06-08-2001 00:00,32.014,2
07-08-2001 00:00,35.639,2
08-08-2001 00:00,37.849,2
09-08-2001 00:00,38.99,2
10-08-2001 00:00,34.217,2
11-08-2001 00:00,32.383,2
12-08-2001 00:00,32.897,2
13-08-2001 00:00,42.857,2
14-08-2001 00:00,43.393,2
15-08-2001 00:00,38.008,2
16-08-2001 00:00,35.523,2
17-08-2001 00:00,33.715,2
18-08-2001 00:00,32.366,2
19-08-2001 00:00,35.069,2
20-08-2001 00:00,41.566,2
21-08-2001 00:00,38.168,2
22-08-2001 00:00,34.394,2
23-08-2001 00:00,33.551,2
24-08-2001 00:00,35.535,2
25-08-2001 00:00,38.58,2
26-08-2001 00:00,35.3,2
27-08-2001 00:00,52.589,2
28-08-2001 00:00,51.7,2
29-08-2001 00:00,41.233,2
30-08-2001 00:00,36.615,2
31-08-2001 00:00,35.211,2
01-09-2001 00:00,34.749,2
02-09-2001 00:00,34.548,2
03-09-2001 00:00,34.664,2
04-09-2001 00:00,41.374,2
05-09-2001 00:00,41.668,2
06-09-2001 00:00,37.93,2
07-09-2001 00:00,37.574,2
08-09-2001 00:00,42.136,2
09-09-2001 00:00,55.038,2
10-09-2001 00:00,61.969,2
11-09-2001 00:00,60.272,2
12-09-2001 00:00,58.133,2
13-09-2001 00:00,54.263,2
14-09-2001 00:00,57.53,2
15-09-2001 00:00,56.736,2
16-09-2001 00:00,55.882,2
17-09-2001 00:00,66.518,2
18-09-2001 00:00,91.821,2
19-09-2001 00:00,116.088,2
20-09-2001 00:00,122.129,2
21-09-2001 00:00,114.571,2
22-09-2001 00:00,112.794,2
23-09-2001 00:00,109.501,2
24-09-2001 00:00,103.083,2
25-09-2001 00:00,96.085,2
26-09-2001 00:00,92.055,2
27-09-2001 00:00,100.176,2
28-09-2001 00:00,113.41,2
29-09-2001 00:00,126.739,2
30-09-2001 00:00,92.171,2
01-10-2001 00:00,116.75,2
02-10-2001 00:00,127.607,2
03-10-2001 00:00,120.45,2
04-10-2001 00:00,124.846,2
05-10-2001 00:00,127.749,2
06-10-2001 00:00,111.934,2
07-10-2001 00:00,102.529,2
08-10-2001 00:00,94.89,2
09-10-2001 00:00,88.934,2
10-10-2001 00:00,98.121,2
11-10-2001 00:00,110.285,2
12-10-2001 00:00,113.608,2
13-10-2001 00:00,95.962,2
14-10-2001 00:00,91.417,2
15-10-2001 00:00,88.572,2
16-10-2001 00:00,86.759,2
17-10-2001 00:00,84.43,2
18-10-2001 00:00,84.139,2
19-10-2001 00:00,80.349,2
20-10-2001 00:00,77.276,2
21-10-2001 00:00,76.334,2
22-10-2001 00:00,74.332,2
23-10-2001 00:00,71.032,2
24-10-2001 00:00,68.657,2
25-10-2001 00:00,67.593,2
26-10-2001 00:00,69.043,2
27-10-2001 00:00,74.7,2
28-10-2001 00:00,76.251,2
29-10-2001 00:00,73.44,2
30-10-2001 00:00,86.405,2
31-10-2001 00:00,86.815,2
01-11-2001 00:00,76.237,2
02-11-2001 00:00,68.593,2
03-11-2001 00:00,68.575,2
04-11-2001 00:00,66.442,2
05-11-2001 00:00,87.687,2
06-11-2001 00:00,89.666,2
07-11-2001 00:00,111.754,2
08-11-2001 00:00,135.883,2
09-11-2001 00:00,139.571,2
10-11-2001 00:00,112.175,2
11-11-2001 00:00,108.943,2
12-11-2001 00:00,106.636,2
13-11-2001 00:00,108.687,2
14-11-2001 00:00,100.824,2
15-11-2001 00:00,99.358,2
16-11-2001 00:00,96.165,2
17-11-2001 00:00,90.688,2
18-11-2001 00:00,89.688,2
19-11-2001 00:00,86.567,2
20-11-2001 00:00,82.711,2
21-11-2001 00:00,87.325,2
22-11-2001 00:00,111.25,2
23-11-2001 00:00,104.831,2
24-11-2001 00:00,91.699,2
25-11-2001 00:00,90.76,2
26-11-2001 00:00,117.894,2
27-11-2001 00:00,131.339,2
28-11-2001 00:00,134.268,2
29-11-2001 00:00,127.923,2
30-11-2001 00:00,119.99,2
01-12-2001 00:00,115.379,2
02-12-2001 00:00,159.436,2
03-12-2001 00:00,160.464,2
04-12-2001 00:00,146.975,2
05-12-2001 00:00,143.531,2
06-12-2001 00:00,138.546,2
07-12-2001 00:00,128.463,2
08-12-2001 00:00,122.849,2
09-12-2001 00:00,118.77,2
10-12-2001 00:00,119.21,2
11-12-2001 00:00,116.068,2
12-12-2001 00:00,113.07,2
13-12-2001 00:00,108.695,2
14-12-2001 00:00,104.501,2
15-12-2001 00:00,103.592,2
16-12-2001 00:00,102.501,2
17-12-2001 00:00,104.258,2
18-12-2001 00:00,102.818,2
19-12-2001 00:00,105.979,2
20-12-2001 00:00,97.746,2
21-12-2001 00:00,107.238,2
22-12-2001 00:00,95.754,2
23-12-2001 00:00,86.594,2
24-12-2001 00:00,99.59,2
25-12-2001 00:00,188.378,2
26-12-2001 00:00,166.123,2
27-12-2001 00:00,139.731,2
28-12-2001 00:00,133.682,2
29-12-2001 00:00,125.956,2
30-12-2001 00:00,119.061,2
31-12-2001 00:00,107.912,2
01-01-2002 00:00,130.524,2
02-01-2002 00:00,334.406,2
03-01-2002 00:00,216.346,2
04-01-2002 00:00,156.55,2
05-01-2002 00:00,122.259,2
06-01-2002 00:00,140.199,2
07-01-2002 00:00,136.958,2
08-01-2002 00:00,136.813,2
09-01-2002 00:00,153.114,2
10-01-2002 00:00,148.849,2
11-01-2002 00:00,143.422,2
12-01-2002 00:00,134.448,2
13-01-2002 00:00,135.03,2
14-01-2002 00:00,136.456,2
15-01-2002 00:00,139.094,2
16-01-2002 00:00,132.586,2
17-01-2002 00:00,134.336,2
18-01-2002 00:00,160.946,2
19-01-2002 00:00,185.833,2
20-01-2002 00:00,212.214,2
21-01-2002 00:00,276.489,2
22-01-2002 00:00,249.061,2
23-01-2002 00:00,230.029,2
24-01-2002 00:00,259.887,2
25-01-2002 00:00,375.773,2
26-01-2002 00:00,450.311,2
27-01-2002 00:00,666.183,2
28-01-2002 00:00,604.4,2
29-01-2002 00:00,540.899,2
30-01-2002 00:00,403.943,2
31-01-2002 00:00,552.472,2
01-02-2002 00:00,660.198,2
02-02-2002 00:00,626.151,2
03-02-2002 00:00,524.816,2
04-02-2002 00:00,445.365,2
05-02-2002 00:00,484.594,2
06-02-2002 00:00,489.591,2
07-02-2002 00:00,436.525,2
08-02-2002 00:00,431.4,2
09-02-2002 00:00,498.981,2
10-02-2002 00:00,464.528,2
11-02-2002 00:00,456.897,2
12-02-2002 00:00,520.519,2
13-02-2002 00:00,459.109,2
14-02-2002 00:00,369.932,2
15-02-2002 00:00,345.03,2
16-02-2002 00:00,338.757,2
17-02-2002 00:00,317.768,2
18-02-2002 00:00,299.853,2
19-02-2002 00:00,315.93,2
20-02-2002 00:00,350.602,2
21-02-2002 00:00,319.256,2
22-02-2002 00:00,367.298,2
23-02-2002 00:00,512.182,2
24-02-2002 00:00,562.002,2
25-02-2002 00:00,474.27,2
26-02-2002 00:00,517.516,2
27-02-2002 00:00,782.423,2
28-02-2002 00:00,780.892,2
01-03-2002 00:00,690.37,2
02-03-2002 00:00,599.057,2
03-03-2002 00:00,523.827,2
04-03-2002 00:00,554.18,2
05-03-2002 00:00,490.05,2
06-03-2002 00:00,450.552,2
07-03-2002 00:00,512.046,2
08-03-2002 00:00,488.234,2
09-03-2002 00:00,453.675,2
10-03-2002 00:00,403.227,2
11-03-2002 00:00,380.382,2
12-03-2002 00:00,372.252,2
13-03-2002 00:00,345.391,2
14-03-2002 00:00,313.375,2
15-03-2002 00:00,285.72,2
16-03-2002 00:00,275.313,2
17-03-2002 00:00,262.407,2
18-03-2002 00:00,260.819,2
19-03-2002 00:00,272.603,2
20-03-2002 00:00,268.103,2
21-03-2002 00:00,247.66,2
22-03-2002 00:00,224.919,2
23-03-2002 00:00,203.064,2
24-03-2002 00:00,185.768,2
25-03-2002 00:00,180.813,2
26-03-2002 00:00,164.381,2
27-03-2002 00:00,162.809,2
28-03-2002 00:00,155.438,2
29-03-2002 00:00,146.039,2
30-03-2002 00:00,151.87,2
31-03-2002 00:00,144.334,2
01-04-2002 00:00,143.696,2
02-04-2002 00:00,131.338,2
03-04-2002 00:00,170.184,2
04-04-2002 00:00,146.251,2
05-04-2002 00:00,133.715,2
06-04-2002 00:00,126.178,2
07-04-2002 00:00,124.713,2
08-04-2002 00:00,118.701,2
09-04-2002 00:00,116.335,2
10-04-2002 00:00,113.7,2
11-04-2002 00:00,112.382,2
12-04-2002 00:00,113.79,2
13-04-2002 00:00,115.117,2
14-04-2002 00:00,115.984,2
15-04-2002 00:00,114.987,2
16-04-2002 00:00,113.884,2
17-04-2002 00:00,116.198,2
18-04-2002 00:00,117.254,2
19-04-2002 00:00,114.446,2
20-04-2002 00:00,111.288,2
21-04-2002 00:00,103.45,2
22-04-2002 00:00,104.058,2
23-04-2002 00:00,101.827,2
24-04-2002 00:00,100.275,2
25-04-2002 00:00,98.112,2
26-04-2002 00:00,98.376,2
27-04-2002 00:00,115.132,2
28-04-2002 00:00,114.71,2
29-04-2002 00:00,121.693,2
30-04-2002 00:00,115.911,2
01-05-2002 00:00,109.996,2
02-05-2002 00:00,101.455,2
03-05-2002 00:00,121.748,2
04-05-2002 00:00,144.144,2
05-05-2002 00:00,179.594,2
06-05-2002 00:00,160.403,2
07-05-2002 00:00,142.838,2
08-05-2002 00:00,128.216,2
09-05-2002 00:00,117.6,2
10-05-2002 00:00,102.683,2
11-05-2002 00:00,94.153,2
12-05-2002 00:00,88.458,2
13-05-2002 00:00,82.464,2
14-05-2002 00:00,84.323,2
15-05-2002 00:00,82.613,2
16-05-2002 00:00,82.083,2
17-05-2002 00:00,87.534,2
18-05-2002 00:00,76.963,2
19-05-2002 00:00,76.165,2
20-05-2002 00:00,75.476,2
21-05-2002 00:00,70.482,2
22-05-2002 00:00,71.098,2
23-05-2002 00:00,69.471,2
24-05-2002 00:00,78.846,2
25-05-2002 00:00,76.528,2
26-05-2002 00:00,75.399,2
27-05-2002 00:00,94.469,2
28-05-2002 00:00,83.653,2
29-05-2002 00:00,74.96,2
30-05-2002 00:00,75.695,2
31-05-2002 00:00,71.906,2
01-06-2002 00:00,69.486,2
02-06-2002 00:00,64.441,2
03-06-2002 00:00,63.259,2
04-06-2002 00:00,59.621,2
05-06-2002 00:00,56.246,2
06-06-2002 00:00,53.94,2
07-06-2002 00:00,52.303,2
08-06-2002 00:00,48.035,2
09-06-2002 00:00,47.586,2
10-06-2002 00:00,63.646,2
11-06-2002 00:00,86.651,2
12-06-2002 00:00,79.28,2
13-06-2002 00:00,81.9,2
14-06-2002 00:00,79.811,2
15-06-2002 00:00,78.102,2
16-06-2002 00:00,82.338,2
17-06-2002 00:00,73.169,2
18-06-2002 00:00,67.632,2
19-06-2002 00:00,71.339,2
20-06-2002 00:00,67.054,2
21-06-2002 00:00,93.889,2
22-06-2002 00:00,86.713,2
23-06-2002 00:00,73.613,2
24-06-2002 00:00,65.769,2
25-06-2002 00:00,60.061,2
26-06-2002 00:00,55.451,2
27-06-2002 00:00,62.083,2
28-06-2002 00:00,66.18,2
29-06-2002 00:00,65.552,2
30-06-2002 00:00,64.639,2
01-07-2002 00:00,62.488,2
02-07-2002 00:00,65.849,2
03-07-2002 00:00,64.292,2
04-07-2002 00:00,75.732,2
05-07-2002 00:00,90.62,2
06-07-2002 00:00,91.364,2
07-07-2002 00:00,91.708,2
08-07-2002 00:00,82.632,2
09-07-2002 00:00,73.274,2
10-07-2002 00:00,63.823,2
11-07-2002 00:00,59.216,2
12-07-2002 00:00,57.374,2
13-07-2002 00:00,51.029,2
14-07-2002 00:00,52.807,2
15-07-2002 00:00,51.085,2
16-07-2002 00:00,50.372,2
17-07-2002 00:00,47.129,2
18-07-2002 00:00,51.909,2
19-07-2002 00:00,60.543,2
20-07-2002 00:00,53.969,2
21-07-2002 00:00,55.921,2
22-07-2002 00:00,166.746,2
23-07-2002 00:00,311.356,2
24-07-2002 00:00,356.621,2
25-07-2002 00:00,393.627,2
26-07-2002 00:00,418.217,2
27-07-2002 00:00,384.33,2
28-07-2002 00:00,282.153,2
29-07-2002 00:00,190.675,2
30-07-2002 00:00,141.876,2
31-07-2002 00:00,112.557,2
01-08-2002 00:00,112.809,2
02-08-2002 00:00,138.225,2
03-08-2002 00:00,296.518,2
04-08-2002 00:00,500.529,2
05-08-2002 00:00,655.216,2
06-08-2002 00:00,759.684,2
07-08-2002 00:00,688.344,2
08-08-2002 00:00,548.593,2
09-08-2002 00:00,393.19,2
10-08-2002 00:00,360.214,2
11-08-2002 00:00,324.45,2
12-08-2002 00:00,362.787,2
13-08-2002 00:00,422.463,2
14-08-2002 00:00,509.741,2
15-08-2002 00:00,580.173,2
16-08-2002 00:00,644.752,2
17-08-2002 00:00,479.754,2
18-08-2002 00:00,328.053,2
19-08-2002 00:00,192.935,2
20-08-2002 00:00,159.027,2
21-08-2002 00:00,145.872,2
22-08-2002 00:00,129.309,2
23-08-2002 00:00,116.987,2
24-08-2002 00:00,107.62,2
25-08-2002 00:00,100.335,2
26-08-2002 00:00,99.254,2
27-08-2002 00:00,118.63,2
28-08-2002 00:00,107.938,2
29-08-2002 00:00,100.277,2
30-08-2002 00:00,100.375,2
31-08-2002 00:00,92.859,2
01-09-2002 00:00,88.702,2
02-09-2002 00:00,87.121,2
03-09-2002 00:00,82.945,2
04-09-2002 00:00,82.839,2
05-09-2002 00:00,83.787,2
06-09-2002 00:00,85.791,2
07-09-2002 00:00,83.777,2
08-09-2002 00:00,79.805,2
09-09-2002 00:00,77.792,2
10-09-2002 00:00,77.706,2
11-09-2002 00:00,78.119,2
12-09-2002 00:00,75.661,2
13-09-2002 00:00,73.246,2
14-09-2002 00:00,72.403,2
15-09-2002 00:00,70.084,2
16-09-2002 00:00,69.153,2
17-09-2002 00:00,72.845,2
18-09-2002 00:00,66.792,2
19-09-2002 00:00,69.737,2
20-09-2002 00:00,70.291,2
21-09-2002 00:00,74.708,2
22-09-2002 00:00,78.116,2
23-09-2002 00:00,75.749,2
24-09-2002 00:00,73.439,2
25-09-2002 00:00,70.794,2
26-09-2002 00:00,77.302,2
27-09-2002 00:00,82.343,2
28-09-2002 00:00,77.579,2
29-09-2002 00:00,73.699,2
30-09-2002 00:00,73.874,2
01-10-2002 00:00,71.517,2
02-10-2002 00:00,74.486,2
03-10-2002 00:00,72.889,2
04-10-2002 00:00,87.12,2
05-10-2002 00:00,156.823,2
06-10-2002 00:00,153.145,2
07-10-2002 00:00,128.243,2
08-10-2002 00:00,108.709,2
09-10-2002 00:00,98.734,2
10-10-2002 00:00,72.995,2
11-10-2002 00:00,76.33,2
12-10-2002 00:00,71.385,2
13-10-2002 00:00,68.841,2
14-10-2002 00:00,71.825,2
15-10-2002 00:00,82.379,2
16-10-2002 00:00,76.14,2
17-10-2002 00:00,174.037,2
18-10-2002 00:00,247.783,2
19-10-2002 00:00,184.051,2
20-10-2002 00:00,178.201,2
21-10-2002 00:00,175.294,2
22-10-2002 00:00,181.011,2
23-10-2002 00:00,206.564,2
24-10-2002 00:00,247.529,2
25-10-2002 00:00,186.166,2
26-10-2002 00:00,187.805,2
27-10-2002 00:00,177.209,2
28-10-2002 00:00,382.159,2
29-10-2002 00:00,415.752,2
30-10-2002 00:00,233.814,2
31-10-2002 00:00,162.966,2
01-11-2002 00:00,163.507,2
02-11-2002 00:00,184.272,2
03-11-2002 00:00,175.837,2
04-11-2002 00:00,172.606,2
05-11-2002 00:00,155.652,2
06-11-2002 00:00,146.625,2
07-11-2002 00:00,149.249,2
08-11-2002 00:00,146.972,2
09-11-2002 00:00,193.121,2
10-11-2002 00:00,193.19,2
11-11-2002 00:00,172.359,2
12-11-2002 00:00,166.73,2
13-11-2002 00:00,182.117,2
14-11-2002 00:00,195.696,2
15-11-2002 00:00,240.747,2
16-11-2002 00:00,230.256,2
17-11-2002 00:00,407.808,2
18-11-2002 00:00,581.188,2
19-11-2002 00:00,541.589,2
20-11-2002 00:00,435.483,2
21-11-2002 00:00,350.527,2
22-11-2002 00:00,303.987,2
23-11-2002 00:00,301.598,2
24-11-2002 00:00,501.595,2
25-11-2002 00:00,493.426,2
26-11-2002 00:00,409.847,2
27-11-2002 00:00,339.489,2
28-11-2002 00:00,288.449,2
29-11-2002 00:00,258.92,2
30-11-2002 00:00,269.851,2
01-12-2002 00:00,253.618,2
02-12-2002 00:00,238.239,2
03-12-2002 00:00,221.078,2
04-12-2002 00:00,210.386,2
05-12-2002 00:00,205.456,2
06-12-2002 00:00,193.641,2
07-12-2002 00:00,184.414,2
08-12-2002 00:00,182.076,2
09-12-2002 00:00,168.993,2
10-12-2002 00:00,165.414,2
11-12-2002 00:00,156.348,2
12-12-2002 00:00,149.192,2
13-12-2002 00:00,143.172,2
14-12-2002 00:00,140.168,2
15-12-2002 00:00,138.398,2
16-12-2002 00:00,137.735,2
17-12-2002 00:00,139.21,2
18-12-2002 00:00,144.581,2
19-12-2002 00:00,132.949,2
20-12-2002 00:00,132.559,2
21-12-2002 00:00,134.587,2
22-12-2002 00:00,128.884,2
23-12-2002 00:00,121.355,2
24-12-2002 00:00,119.94,2
25-12-2002 00:00,119.325,2
26-12-2002 00:00,121.434,2
27-12-2002 00:00,147.912,2
28-12-2002 00:00,335.303,2
29-12-2002 00:00,403.346,2
30-12-2002 00:00,302.817,2
31-12-2002 00:00,188.048,2
01-01-2003 00:00,171.497,2
02-01-2003 00:00,156.239,2
03-01-2003 00:00,143.32,2
04-01-2003 00:00,132.71,2
05-01-2003 00:00,126.768,2
06-01-2003 00:00,123.387,2
07-01-2003 00:00,128.945,2
08-01-2003 00:00,127.78,2
09-01-2003 00:00,124.809,2
10-01-2003 00:00,121.053,2
11-01-2003 00:00,121.696,2
12-01-2003 00:00,182.892,2
13-01-2003 00:00,491.894,2
14-01-2003 00:00,474.196,2
15-01-2003 00:00,463.204,2
16-01-2003 00:00,410.838,2
17-01-2003 00:00,352.601,2
18-01-2003 00:00,314.891,2
19-01-2003 00:00,291.17,2
20-01-2003 00:00,296.457,2
21-01-2003 00:00,370.921,2
22-01-2003 00:00,391.725,2
23-01-2003 00:00,317.798,2
24-01-2003 00:00,272.299,2
25-01-2003 00:00,240.464,2
26-01-2003 00:00,248.098,2
27-01-2003 00:00,239.708,2
28-01-2003 00:00,329.436,2
29-01-2003 00:00,369.29,2
30-01-2003 00:00,297.461,2
31-01-2003 00:00,213.742,2
01-02-2003 00:00,165.807,2
02-02-2003 00:00,172.8,2
03-02-2003 00:00,171.583,2
04-02-2003 00:00,169.583,2
05-02-2003 00:00,161.065,2
06-02-2003 00:00,154.422,2
07-02-2003 00:00,147.575,2
08-02-2003 00:00,155.546,2
09-02-2003 00:00,155.405,2
10-02-2003 00:00,147.193,2
11-02-2003 00:00,141.113,2
12-02-2003 00:00,135.022,2
13-02-2003 00:00,129.015,2
14-02-2003 00:00,125.033,2
15-02-2003 00:00,121.512,2
16-02-2003 00:00,116.844,2
17-02-2003 00:00,117.837,2
18-02-2003 00:00,116.413,2
19-02-2003 00:00,114.567,2
20-02-2003 00:00,112.529,2
21-02-2003 00:00,110.518,2
22-02-2003 00:00,108.013,2
23-02-2003 00:00,107.903,2
24-02-2003 00:00,108.421,2
25-02-2003 00:00,105.355,2
26-02-2003 00:00,104.641,2
27-02-2003 00:00,102.792,2
28-02-2003 00:00,101.296,2
01-03-2003 00:00,98.946,2
02-03-2003 00:00,99.884,2
03-03-2003 00:00,98.967,2
04-03-2003 00:00,96.768,2
05-03-2003 00:00,95.353,2
06-03-2003 00:00,97.177,2
07-03-2003 00:00,99.471,2
08-03-2003 00:00,104.594,2
09-03-2003 00:00,119.993,2
10-03-2003 00:00,144.04,2
11-03-2003 00:00,165.997,2
12-03-2003 00:00,189.652,2
13-03-2003 00:00,178.207,2
14-03-2003 00:00,169.468,2
15-03-2003 00:00,161.592,2
16-03-2003 00:00,161.482,2
17-03-2003 00:00,158.769,2
18-03-2003 00:00,149.972,2
19-03-2003 00:00,150.074,2
20-03-2003 00:00,143.111,2
21-03-2003 00:00,133.509,2
22-03-2003 00:00,130.401,2
23-03-2003 00:00,127.757,2
24-03-2003 00:00,124.405,2
25-03-2003 00:00,121.698,2
26-03-2003 00:00,118.424,2
27-03-2003 00:00,116.754,2
28-03-2003 00:00,114.303,2
29-03-2003 00:00,111.529,2
30-03-2003 00:00,114.318,2
31-03-2003 00:00,111.045,2
01-04-2003 00:00,109.233,2
02-04-2003 00:00,113.223,2
03-04-2003 00:00,106.766,2
04-04-2003 00:00,100.045,2
05-04-2003 00:00,99.311,2
06-04-2003 00:00,95.724,2
07-04-2003 00:00,92.575,2
08-04-2003 00:00,89.194,2
09-04-2003 00:00,88.646,2
10-04-2003 00:00,98.391,2
11-04-2003 00:00,109.353,2
12-04-2003 00:00,106.671,2
13-04-2003 00:00,103.315,2
14-04-2003 00:00,95.632,2
15-04-2003 00:00,92.592,2
16-04-2003 00:00,89.694,2
17-04-2003 00:00,90.434,2
18-04-2003 00:00,90.587,2
19-04-2003 00:00,86.522,2
20-04-2003 00:00,87.445,2
21-04-2003 00:00,81.602,2
22-04-2003 00:00,81.298,2
23-04-2003 00:00,76.842,2
24-04-2003 00:00,77.193,2
25-04-2003 00:00,76.124,2
26-04-2003 00:00,78.803,2
27-04-2003 00:00,115.013,2
28-04-2003 00:00,118.582,2
29-04-2003 00:00,156.172,2
30-04-2003 00:00,177.451,2
01-05-2003 00:00,621.705,2
02-05-2003 00:00,406.735,2
03-05-2003 00:00,327.842,2
04-05-2003 00:00,300.495,2
05-05-2003 00:00,387.837,2
06-05-2003 00:00,369.336,2
07-05-2003 00:00,355.937,2
08-05-2003 00:00,341.816,2
09-05-2003 00:00,322.934,2
10-05-2003 00:00,315.767,2
11-05-2003 00:00,232.617,2
12-05-2003 00:00,149.348,2
13-05-2003 00:00,161.413,2
14-05-2003 00:00,150.575,2
15-05-2003 00:00,156.841,2
16-05-2003 00:00,152.888,2
17-05-2003 00:00,138.278,2
18-05-2003 00:00,126.532,2
19-05-2003 00:00,127.686,2
20-05-2003 00:00,220.947,2
21-05-2003 00:00,207.948,2
22-05-2003 00:00,170.809,2
23-05-2003 00:00,214.871,2
24-05-2003 00:00,225.371,2
25-05-2003 00:00,267.726,2
26-05-2003 00:00,215.494,2
27-05-2003 00:00,173.002,2
28-05-2003 00:00,153.945,2
29-05-2003 00:00,173.939,2
30-05-2003 00:00,292.18,2
31-05-2003 00:00,287.785,2
01-06-2003 00:00,283.321,2
02-06-2003 00:00,279.686,2
03-06-2003 00:00,281.054,2
04-06-2003 00:00,282.189,2
05-06-2003 00:00,282.867,2
06-06-2003 00:00,282.124,2
07-06-2003 00:00,284.691,2
08-06-2003 00:00,294.691,2
09-06-2003 00:00,311.647,2
10-06-2003 00:00,301.787,2
11-06-2003 00:00,301.785,2
12-06-2003 00:00,299.191,2
13-06-2003 00:00,295.044,2
14-06-2003 00:00,301.014,2
15-06-2003 00:00,301.111,2
16-06-2003 00:00,301.24,2
17-06-2003 00:00,304.623,2
18-06-2003 00:00,300.492,2
19-06-2003 00:00,305.371,2
20-06-2003 00:00,309.971,2
21-06-2003 00:00,307.346,2
22-06-2003 00:00,305.121,2
23-06-2003 00:00,309.653,2
24-06-2003 00:00,320.551,2
25-06-2003 00:00,311.292,2
26-06-2003 00:00,309.008,2
27-06-2003 00:00,308.614,2
28-06-2003 00:00,308.402,2
29-06-2003 00:00,224.957,2
30-06-2003 00:00,77.736,2
01-07-2003 00:00,97.087,2
02-07-2003 00:00,99.197,2
03-07-2003 00:00,95.891,2
04-07-2003 00:00,170.926,2
05-07-2003 00:00,188.079,2
06-07-2003 00:00,173.434,2
07-07-2003 00:00,150.189,2
08-07-2003 00:00,127.922,2
09-07-2003 00:00,170.927,2
10-07-2003 00:00,313.726,2
11-07-2003 00:00,308.149,2
12-07-2003 00:00,306.236,2
13-07-2003 00:00,196.664,2
14-07-2003 00:00,109.055,2
15-07-2003 00:00,100.385,2
16-07-2003 00:00,89.372,2
17-07-2003 00:00,114.001,2
18-07-2003 00:00,124.298,2
19-07-2003 00:00,141.339,2
20-07-2003 00:00,116.247,2
21-07-2003 00:00,97.506,2
22-07-2003 00:00,91.154,2
23-07-2003 00:00,84.929,2
24-07-2003 00:00,79.899,2
25-07-2003 00:00,78.929,2
26-07-2003 00:00,81.205,2
27-07-2003 00:00,76.813,2
28-07-2003 00:00,74.824,2
29-07-2003 00:00,71.3,2
30-07-2003 00:00,69.774,2
31-07-2003 00:00,68.558,2
01-08-2003 00:00,66.107,2
02-08-2003 00:00,67.638,2
03-08-2003 00:00,69.491,2
04-08-2003 00:00,159.078,2
05-08-2003 00:00,311.846,2
06-08-2003 00:00,308.456,2
07-08-2003 00:00,314.734,2
08-08-2003 00:00,316.53,2
09-08-2003 00:00,313.105,2
10-08-2003 00:00,316.284,2
11-08-2003 00:00,319.286,2
12-08-2003 00:00,320.017,2
13-08-2003 00:00,321.939,2
14-08-2003 00:00,336.458,2
15-08-2003 00:00,332.304,2
16-08-2003 00:00,335.428,2
17-08-2003 00:00,334.911,2
18-08-2003 00:00,334.572,2
19-08-2003 00:00,338.878,2
20-08-2003 00:00,340.302,2
21-08-2003 00:00,345.009,2
22-08-2003 00:00,349.379,2
23-08-2003 00:00,346.1,2
24-08-2003 00:00,345.392,2
25-08-2003 00:00,346.059,2
26-08-2003 00:00,347.286,2
27-08-2003 00:00,343.322,2
28-08-2003 00:00,349.985,2
29-08-2003 00:00,349.647,2
30-08-2003 00:00,356.788,2
31-08-2003 00:00,374.026,2
01-09-2003 00:00,376.627,2
02-09-2003 00:00,384.451,2
03-09-2003 00:00,366.114,2
04-09-2003 00:00,358.859,2
05-09-2003 00:00,356.381,2
06-09-2003 00:00,360.851,2
07-09-2003 00:00,358.028,2
08-09-2003 00:00,356.23,2
09-09-2003 00:00,361.534,2
10-09-2003 00:00,404.413,2
11-09-2003 00:00,458.628,2
12-09-2003 00:00,385.091,2
13-09-2003 00:00,433.149,2
14-09-2003 00:00,395.199,2
15-09-2003 00:00,370.602,2
16-09-2003 00:00,358.339,2
17-09-2003 00:00,346.577,2
18-09-2003 00:00,345.199,2
19-09-2003 00:00,345.594,2
20-09-2003 00:00,338.098,2
21-09-2003 00:00,339.793,2
22-09-2003 00:00,342.054,2
23-09-2003 00:00,321.408,2
24-09-2003 00:00,86.972,2
25-09-2003 00:00,84.687,2
26-09-2003 00:00,84.279,2
27-09-2003 00:00,79.792,2
28-09-2003 00:00,79.435,2
29-09-2003 00:00,79.17,2
30-09-2003 00:00,76.426,2
01-10-2003 00:00,75.052,2
02-10-2003 00:00,74.978,2
03-10-2003 00:00,76.201,2
04-10-2003 00:00,73.782,2
05-10-2003 00:00,73.76,2
06-10-2003 00:00,71.197,2
07-10-2003 00:00,74.478,2
08-10-2003 00:00,75.092,2
09-10-2003 00:00,79.811,2
10-10-2003 00:00,78.891,2
11-10-2003 00:00,78.793,2
12-10-2003 00:00,74.887,2
13-10-2003 00:00,72.602,2
14-10-2003 00:00,70.504,2
15-10-2003 00:00,71.271,2
16-10-2003 00:00,151.254,2
17-10-2003 00:00,337.915,2
18-10-2003 00:00,338.827,2
19-10-2003 00:00,341.197,2
20-10-2003 00:00,351.99,2
21-10-2003 00:00,341.775,2
22-10-2003 00:00,342.619,2
23-10-2003 00:00,365.548,2
24-10-2003 00:00,303.015,2
25-10-2003 00:00,69.175,2
26-10-2003 00:00,75.397,2
27-10-2003 00:00,74.924,2
28-10-2003 00:00,76.06,2
29-10-2003 00:00,71.798,2
30-10-2003 00:00,75.414,2
31-10-2003 00:00,81.45,2
01-11-2003 00:00,81.195,2
02-11-2003 00:00,74.354,2
03-11-2003 00:00,81.699,2
04-11-2003 00:00,91.304,2
05-11-2003 00:00,90.71,2
06-11-2003 00:00,86.989,2
07-11-2003 00:00,90.477,2
08-11-2003 00:00,74.614,2
09-11-2003 00:00,74.475,2
10-11-2003 00:00,72.296,2
11-11-2003 00:00,73.166,2
12-11-2003 00:00,72.797,2
13-11-2003 00:00,74.016,2
14-11-2003 00:00,198.434,2
15-11-2003 00:00,343.508,2
16-11-2003 00:00,340.644,2
17-11-2003 00:00,337.871,2
18-11-2003 00:00,341.22,2
19-11-2003 00:00,352.188,2
20-11-2003 00:00,369.747,2
21-11-2003 00:00,388.69,2
22-11-2003 00:00,392.464,2
23-11-2003 00:00,416.517,2
24-11-2003 00:00,400.353,2
25-11-2003 00:00,401.765,2
26-11-2003 00:00,264.954,2
27-11-2003 00:00,162.14,2
28-11-2003 00:00,149.881,2
29-11-2003 00:00,139.828,2
30-11-2003 00:00,137.181,2
01-12-2003 00:00,127.044,2
02-12-2003 00:00,121.976,2
03-12-2003 00:00,118.17,2
04-12-2003 00:00,117.788,2
05-12-2003 00:00,118.45,2
06-12-2003 00:00,129.904,2
07-12-2003 00:00,118.441,2
08-12-2003 00:00,115.88,2
09-12-2003 00:00,113.549,2
10-12-2003 00:00,110.397,2
11-12-2003 00:00,113.576,2
12-12-2003 00:00,131.662,2
13-12-2003 00:00,199.719,2
14-12-2003 00:00,246.588,2
15-12-2003 00:00,232.705,2
16-12-2003 00:00,197.417,2
17-12-2003 00:00,190.643,2
18-12-2003 00:00,186.779,2
19-12-2003 00:00,172.546,2
20-12-2003 00:00,164.562,2
21-12-2003 00:00,213.465,2
22-12-2003 00:00,195.682,2
23-12-2003 00:00,167.578,2
24-12-2003 00:00,159.205,2
25-12-2003 00:00,168.531,2
26-12-2003 00:00,176.015,2
27-12-2003 00:00,179.671,2
28-12-2003 00:00,179.614,2
29-12-2003 00:00,210.029,2
30-12-2003 00:00,213.179,2
31-12-2003 00:00,194.816,2
01-01-2004 00:00,168.219,2
02-01-2004 00:00,151.826,2
03-01-2004 00:00,137.365,2
04-01-2004 00:00,130.55,2
05-01-2004 00:00,120.09,2
06-01-2004 00:00,116.145,2
07-01-2004 00:00,126.123,2
08-01-2004 00:00,132.109,2
09-01-2004 00:00,134.359,2
10-01-2004 00:00,129.587,2
11-01-2004 00:00,186.612,2
12-01-2004 00:00,445.986,2
13-01-2004 00:00,409.015,2
14-01-2004 00:00,431.343,2
15-01-2004 00:00,324.807,2
16-01-2004 00:00,277.633,2
17-01-2004 00:00,352.072,2
18-01-2004 00:00,378.708,2
19-01-2004 00:00,298.867,2
20-01-2004 00:00,279.984,2
21-01-2004 00:00,229.809,2
22-01-2004 00:00,192.863,2
23-01-2004 00:00,160.319,2
24-01-2004 00:00,152.165,2
25-01-2004 00:00,146.964,2
26-01-2004 00:00,141.547,2
27-01-2004 00:00,136.264,2
28-01-2004 00:00,129.212,2
29-01-2004 00:00,125.021,2
30-01-2004 00:00,127.277,2
31-01-2004 00:00,168.726,2
01-02-2004 00:00,705.979,2
02-02-2004 00:00,663.355,2
03-02-2004 00:00,641.618,2
04-02-2004 00:00,682.016,2
05-02-2004 00:00,649.47,2
06-02-2004 00:00,572.712,2
07-02-2004 00:00,518.916,2
08-02-2004 00:00,434.708,2
09-02-2004 00:00,376.264,2
10-02-2004 00:00,329.081,2
11-02-2004 00:00,298.004,2
12-02-2004 00:00,263.667,2
13-02-2004 00:00,242.997,2
14-02-2004 00:00,240.277,2
15-02-2004 00:00,239.751,2
16-02-2004 00:00,230.963,2
17-02-2004 00:00,226.896,2
18-02-2004 00:00,210.931,2
19-02-2004 00:00,192.197,2
20-02-2004 00:00,178.54,2
21-02-2004 00:00,171.822,2
22-02-2004 00:00,170.804,2
23-02-2004 00:00,159.465,2
24-02-2004 00:00,156.041,2
25-02-2004 00:00,156.633,2
26-02-2004 00:00,165.667,2
27-02-2004 00:00,162.287,2
28-02-2004 00:00,154.756,2
29-02-2004 00:00,144.052,2
01-03-2004 00:00,143.875,2
02-03-2004 00:00,145.386,2
03-03-2004 00:00,146.275,2
04-03-2004 00:00,141.147,2
05-03-2004 00:00,134.808,2
06-03-2004 00:00,129.932,2
07-03-2004 00:00,128.406,2
08-03-2004 00:00,125.732,2
09-03-2004 00:00,124.077,2
10-03-2004 00:00,125.123,2
11-03-2004 00:00,127.576,2
12-03-2004 00:00,131.502,2
13-03-2004 00:00,139.762,2
14-03-2004 00:00,152.734,2
15-03-2004 00:00,168.331,2
16-03-2004 00:00,171.194,2
17-03-2004 00:00,166.851,2
18-03-2004 00:00,159.924,2
19-03-2004 00:00,181.58,2
20-03-2004 00:00,229.365,2
21-03-2004 00:00,459.008,2
22-03-2004 00:00,482.787,2
23-03-2004 00:00,382.389,2
24-03-2004 00:00,381.918,2
25-03-2004 00:00,316.749,2
26-03-2004 00:00,264.491,2
27-03-2004 00:00,229.301,2
28-03-2004 00:00,219.27,2
29-03-2004 00:00,208.345,2
30-03-2004 00:00,196.701,2
31-03-2004 00:00,189.695,2
01-04-2004 00:00,180.191,2
02-04-2004 00:00,173.062,2
03-04-2004 00:00,167.221,2
04-04-2004 00:00,173.606,2
05-04-2004 00:00,172.209,2
06-04-2004 00:00,189.598,2
07-04-2004 00:00,232.92,2
08-04-2004 00:00,211.171,2
09-04-2004 00:00,201.408,2
10-04-2004 00:00,188.686,2
11-04-2004 00:00,177.948,2
12-04-2004 00:00,168.516,2
13-04-2004 00:00,162.937,2
14-04-2004 00:00,157.434,2
15-04-2004 00:00,153.638,2
16-04-2004 00:00,150.53,2
17-04-2004 00:00,146.738,2
18-04-2004 00:00,147.587,2
19-04-2004 00:00,144.276,2
20-04-2004 00:00,141.227,2
21-04-2004 00:00,143.406,2
22-04-2004 00:00,139.637,2
23-04-2004 00:00,140.368,2
24-04-2004 00:00,139.313,2
25-04-2004 00:00,136.306,2
26-04-2004 00:00,146.804,2
27-04-2004 00:00,141.408,2
28-04-2004 00:00,303.286,2
29-04-2004 00:00,156.604,2
30-04-2004 00:00,178.515,2
01-05-2004 00:00,164.084,2
02-05-2004 00:00,165.203,2
03-05-2004 00:00,158.68,2
04-05-2004 00:00,154.653,2
05-05-2004 00:00,150.983,2
06-05-2004 00:00,143.88,2
07-05-2004 00:00,137.112,2
08-05-2004 00:00,119.104,2
09-05-2004 00:00,103.354,2
10-05-2004 00:00,95.407,2
11-05-2004 00:00,86.107,2
12-05-2004 00:00,94.978,2
13-05-2004 00:00,107.843,2
14-05-2004 00:00,90.666,2
15-05-2004 00:00,91.943,2
16-05-2004 00:00,83.497,2
17-05-2004 00:00,78.389,2
18-05-2004 00:00,68.861,2
19-05-2004 00:00,62.166,2
20-05-2004 00:00,58.525,2
21-05-2004 00:00,56.436,2
22-05-2004 00:00,64.312,2
23-05-2004 00:00,70.644,2
24-05-2004 00:00,62.076,2
25-05-2004 00:00,56.836,2
26-05-2004 00:00,58.141,2
27-05-2004 00:00,59.579,2
28-05-2004 00:00,55.926,2
29-05-2004 00:00,51.548,2
30-05-2004 00:00,50.551,2
31-05-2004 00:00,48.586,2
01-06-2004 00:00,45.558,2
02-06-2004 00:00,43.994,2
03-06-2004 00:00,42.057,2
04-06-2004 00:00,42.39,2
05-06-2004 00:00,44.819,2
06-06-2004 00:00,41.355,2
07-06-2004 00:00,42.455,2
08-06-2004 00:00,39.898,2
09-06-2004 00:00,38.981,2
10-06-2004 00:00,37.38,2
11-06-2004 00:00,40.744,2
12-06-2004 00:00,46.062,2
13-06-2004 00:00,38.143,2
14-06-2004 00:00,36.306,2
15-06-2004 00:00,33.899,2
16-06-2004 00:00,35.333,2
17-06-2004 00:00,32.33,2
18-06-2004 00:00,28.099,2
19-06-2004 00:00,50.107,2
20-06-2004 00:00,55.31,2
21-06-2004 00:00,41.931,2
22-06-2004 00:00,42.881,2
23-06-2004 00:00,40.823,2
24-06-2004 00:00,48.903,2
25-06-2004 00:00,69.468,2
26-06-2004 00:00,79.024,2
27-06-2004 00:00,62.702,2
28-06-2004 00:00,52.7,2
29-06-2004 00:00,60.941,2
30-06-2004 00:00,70.18,2
01-07-2004 00:00,92.186,2
02-07-2004 00:00,111.651,2
03-07-2004 00:00,94.079,2
04-07-2004 00:00,80.704,2
05-07-2004 00:00,68.359,2
06-07-2004 00:00,61.346,2
07-07-2004 00:00,52.803,2
08-07-2004 00:00,48.936,2
09-07-2004 00:00,46.029,2
10-07-2004 00:00,52.348,2
11-07-2004 00:00,84.372,2
12-07-2004 00:00,96.971,2
13-07-2004 00:00,88.364,2
14-07-2004 00:00,73.8,2
15-07-2004 00:00,64.67,2
16-07-2004 00:00,59.74,2
17-07-2004 00:00,55.721,2
18-07-2004 00:00,52.559,2
19-07-2004 00:00,82.197,2
20-07-2004 00:00,96.878,2
21-07-2004 00:00,166.608,2
22-07-2004 00:00,176.919,2
23-07-2004 00:00,179.839,2
24-07-2004 00:00,147.805,2
25-07-2004 00:00,118.666,2
26-07-2004 00:00,122.229,2
27-07-2004 00:00,129.147,2
28-07-2004 00:00,99.103,2
29-07-2004 00:00,82.372,2
30-07-2004 00:00,69.043,2
31-07-2004 00:00,63.241,2
01-08-2004 00:00,57.088,2
02-08-2004 00:00,51.146,2
03-08-2004 00:00,49.474,2
04-08-2004 00:00,71.317,2
05-08-2004 00:00,61.492,2
06-08-2004 00:00,50.792,2
07-08-2004 00:00,43.646,2
08-08-2004 00:00,40.112,2
09-08-2004 00:00,37.658,2
10-08-2004 00:00,35.058,2
11-08-2004 00:00,34.509,2
12-08-2004 00:00,33.281,2
13-08-2004 00:00,35.67,2
14-08-2004 00:00,38.716,2
15-08-2004 00:00,32.955,2
16-08-2004 00:00,43.084,2
17-08-2004 00:00,75.652,2
18-08-2004 00:00,68.368,2
19-08-2004 00:00,55.805,2
20-08-2004 00:00,46.119,2
21-08-2004 00:00,45.489,2
22-08-2004 00:00,40.258,2
23-08-2004 00:00,37.81,2
24-08-2004 00:00,36.563,2
25-08-2004 00:00,46.956,2
26-08-2004 00:00,32.952,2
27-08-2004 00:00,46.996,2
28-08-2004 00:00,48.71,2
29-08-2004 00:00,44.745,2
30-08-2004 00:00,45.638,2
31-08-2004 00:00,42.832,2
01-09-2004 00:00,63.058,2
02-09-2004 00:00,65.502,2
03-09-2004 00:00,56.931,2
04-09-2004 00:00,49.734,2
05-09-2004 00:00,44.689,2
06-09-2004 00:00,42.389,2
07-09-2004 00:00,40.065,2
08-09-2004 00:00,37.678,2
09-09-2004 00:00,36.465,2
10-09-2004 00:00,34.757,2
11-09-2004 00:00,33.873,2
12-09-2004 00:00,34.704,2
13-09-2004 00:00,34.915,2
14-09-2004 00:00,33.388,2
15-09-2004 00:00,31.706,2
16-09-2004 00:00,31.074,2
17-09-2004 00:00,29.571,2
18-09-2004 00:00,29.365,2
19-09-2004 00:00,31.91,2
20-09-2004 00:00,33.753,2
21-09-2004 00:00,44.763,2
22-09-2004 00:00,42.168,2
23-09-2004 00:00,38.901,2
24-09-2004 00:00,40.293,2
25-09-2004 00:00,37.038,2
26-09-2004 00:00,34.387,2
27-09-2004 00:00,36.887,2
28-09-2004 00:00,33.835,2
29-09-2004 00:00,32.494,2
30-09-2004 00:00,31.746,2
01-10-2004 00:00,30.304,2
02-10-2004 00:00,30.942,2
03-10-2004 00:00,32.489,2
04-10-2004 00:00,34.086,2
05-10-2004 00:00,38.64,2
06-10-2004 00:00,44.03,2
07-10-2004 00:00,48.067,2
08-10-2004 00:00,43.475,2
09-10-2004 00:00,41.709,2
10-10-2004 00:00,36.834,2
11-10-2004 00:00,34.489,2
12-10-2004 00:00,34.588,2
13-10-2004 00:00,34.935,2
14-10-2004 00:00,34.46,2
15-10-2004 00:00,35.549,2
16-10-2004 00:00,41.395,2
17-10-2004 00:00,149.891,2
18-10-2004 00:00,187.923,2
19-10-2004 00:00,189.46,2
20-10-2004 00:00,162.076,2
21-10-2004 00:00,143.419,2
22-10-2004 00:00,133.911,2
23-10-2004 00:00,130.978,2
24-10-2004 00:00,162.396,2
25-10-2004 00:00,141.097,2
26-10-2004 00:00,103.858,2
27-10-2004 00:00,119.462,2
28-10-2004 00:00,176.498,2
29-10-2004 00:00,126.085,2
30-10-2004 00:00,127.512,2
31-10-2004 00:00,122.511,2
01-11-2004 00:00,130.776,2
02-11-2004 00:00,123.776,2
03-11-2004 00:00,113.962,2
04-11-2004 00:00,107.278,2
05-11-2004 00:00,113.589,2
06-11-2004 00:00,119.737,2
07-11-2004 00:00,104.484,2
08-11-2004 00:00,96.354,2
09-11-2004 00:00,91.476,2
10-11-2004 00:00,97.78,2
11-11-2004 00:00,108.174,2
12-11-2004 00:00,112.429,2
13-11-2004 00:00,119.299,2
14-11-2004 00:00,115.717,2
15-11-2004 00:00,114.543,2
16-11-2004 00:00,123.294,2
17-11-2004 00:00,116.858,2
18-11-2004 00:00,135.668,2
19-11-2004 00:00,133.967,2
20-11-2004 00:00,125.757,2
21-11-2004 00:00,104.784,2
22-11-2004 00:00,158.924,2
23-11-2004 00:00,246.539,2
24-11-2004 00:00,193.626,2
25-11-2004 00:00,171.372,2
26-11-2004 00:00,173.513,2
27-11-2004 00:00,345.303,2
28-11-2004 00:00,308.157,2
29-11-2004 00:00,259.64,2
30-11-2004 00:00,212.489,2
01-12-2004 00:00,196.153,2
02-12-2004 00:00,219.672,2
03-12-2004 00:00,205.164,2
04-12-2004 00:00,206.215,2
05-12-2004 00:00,191.77,2
06-12-2004 00:00,178.022,2
07-12-2004 00:00,170.839,2
08-12-2004 00:00,171.568,2
09-12-2004 00:00,147.133,2
10-12-2004 00:00,145.86,2
11-12-2004 00:00,135.794,2
12-12-2004 00:00,130.634,2
13-12-2004 00:00,127.141,2
14-12-2004 00:00,124.52,2
15-12-2004 00:00,128.16,2
16-12-2004 00:00,131.023,2
17-12-2004 00:00,146.729,2
18-12-2004 00:00,131.302,2
19-12-2004 00:00,111.125,2
20-12-2004 00:00,158.908,2
21-12-2004 00:00,157.469,2
22-12-2004 00:00,196.535,2
23-12-2004 00:00,378.811,2
24-12-2004 00:00,535.117,2
25-12-2004 00:00,681.441,2
26-12-2004 00:00,655.34,2
27-12-2004 00:00,515.523,2
28-12-2004 00:00,422.117,2
29-12-2004 00:00,363.946,2
30-12-2004 00:00,345.834,2
31-12-2004 00:00,388.019,2
01-01-2005 00:00,345.765,2
02-01-2005 00:00,356.711,2
03-01-2005 00:00,330.767,2
04-01-2005 00:00,449.785,2
05-01-2005 00:00,459.742,2
06-01-2005 00:00,477.947,2
07-01-2005 00:00,406.661,2
08-01-2005 00:00,367.61,2
09-01-2005 00:00,326.158,2
10-01-2005 00:00,348.366,2
11-01-2005 00:00,304.234,2
12-01-2005 00:00,303.37,2
13-01-2005 00:00,281.958,2
14-01-2005 00:00,258.771,2
15-01-2005 00:00,227.865,2
16-01-2005 00:00,218.465,2
17-01-2005 00:00,213.296,2
18-01-2005 00:00,262.922,2
19-01-2005 00:00,272.313,2
20-01-2005 00:00,299.806,2
21-01-2005 00:00,287.292,2
22-01-2005 00:00,261.267,2
23-01-2005 00:00,235.36,2
24-01-2005 00:00,197.692,2
25-01-2005 00:00,181.815,2
26-01-2005 00:00,159.726,2
27-01-2005 00:00,159.112,2
28-01-2005 00:00,155.841,2
29-01-2005 00:00,142.896,2
30-01-2005 00:00,144.665,2
31-01-2005 00:00,184.472,2
01-02-2005 00:00,173.677,2
02-02-2005 00:00,158.401,2
03-02-2005 00:00,147.689,2
04-02-2005 00:00,149.813,2
05-02-2005 00:00,155.146,2
06-02-2005 00:00,142.236,2
07-02-2005 00:00,129.138,2
08-02-2005 00:00,119.902,2
09-02-2005 00:00,111.153,2
10-02-2005 00:00,135.184,2
11-02-2005 00:00,161.858,2
12-02-2005 00:00,167.078,2
13-02-2005 00:00,228.228,2
14-02-2005 00:00,157.394,2
15-02-2005 00:00,266.861,2
16-02-2005 00:00,208.92,2
17-02-2005 00:00,199.326,2
18-02-2005 00:00,190.76,2
19-02-2005 00:00,218.596,2
20-02-2005 00:00,231.196,2
21-02-2005 00:00,242.564,2
22-02-2005 00:00,220.798,2
23-02-2005 00:00,195.728,2
24-02-2005 00:00,181.643,2
25-02-2005 00:00,191.477,2
26-02-2005 00:00,188.128,2
27-02-2005 00:00,169.85,2
28-02-2005 00:00,143.576,2
01-03-2005 00:00,137.515,2
02-03-2005 00:00,124.718,2
03-03-2005 00:00,136.711,2
04-03-2005 00:00,133.483,2
05-03-2005 00:00,118.367,2
06-03-2005 00:00,109.87,2
07-03-2005 00:00,110.183,2
08-03-2005 00:00,121.82,2
09-03-2005 00:00,121.453,2
10-03-2005 00:00,121.427,2
11-03-2005 00:00,254.317,2
12-03-2005 00:00,379.982,2
13-03-2005 00:00,286.579,2
14-03-2005 00:00,247.849,2
15-03-2005 00:00,288.881,2
16-03-2005 00:00,546.092,2
17-03-2005 00:00,655.418,2
18-03-2005 00:00,591.499,2
19-03-2005 00:00,517.339,2
20-03-2005 00:00,390.845,2
21-03-2005 00:00,346.408,2
22-03-2005 00:00,308.004,2
23-03-2005 00:00,281.952,2
24-03-2005 00:00,265.926,2
25-03-2005 00:00,245.372,2
26-03-2005 00:00,215.489,2
27-03-2005 00:00,201.328,2
28-03-2005 00:00,184.068,2
29-03-2005 00:00,166.555,2
30-03-2005 00:00,151.128,2
31-03-2005 00:00,141.36,2
01-04-2005 00:00,139.28,2
02-04-2005 00:00,139.239,2
03-04-2005 00:00,134.884,2
04-04-2005 00:00,126.393,2
05-04-2005 00:00,125.211,2
06-04-2005 00:00,129.456,2
07-04-2005 00:00,132.012,2
08-04-2005 00:00,120.682,2
09-04-2005 00:00,110.925,2
10-04-2005 00:00,103.983,2
11-04-2005 00:00,103.703,2
12-04-2005 00:00,104.295,2
13-04-2005 00:00,101.724,2
14-04-2005 00:00,111.878,2
15-04-2005 00:00,109.284,2
16-04-2005 00:00,107.074,2
17-04-2005 00:00,99.167,2
18-04-2005 00:00,96.093,2
19-04-2005 00:00,94.686,2
20-04-2005 00:00,96.713,2
21-04-2005 00:00,95.516,2
22-04-2005 00:00,95.275,2
23-04-2005 00:00,88.886,2
24-04-2005 00:00,83.363,2
25-04-2005 00:00,80.704,2
26-04-2005 00:00,75.517,2
27-04-2005 00:00,73.486,2
28-04-2005 00:00,80.206,2
29-04-2005 00:00,77.358,2
30-04-2005 00:00,75.319,2
01-05-2005 00:00,75.066,2
02-05-2005 00:00,98.196,2
03-05-2005 00:00,107.123,2
04-05-2005 00:00,104.345,2
05-05-2005 00:00,90.639,2
06-05-2005 00:00,104.339,2
07-05-2005 00:00,98.519,2
08-05-2005 00:00,98.766,2
09-05-2005 00:00,87.801,2
10-05-2005 00:00,81.86,2
11-05-2005 00:00,76.634,2
12-05-2005 00:00,71.84,2
13-05-2005 00:00,69.381,2
14-05-2005 00:00,66.853,2
15-05-2005 00:00,62.653,2
16-05-2005 00:00,62.19,2
17-05-2005 00:00,62.344,2
18-05-2005 00:00,60.251,2
19-05-2005 00:00,65.046,2
20-05-2005 00:00,55.455,2
21-05-2005 00:00,83.329,2
22-05-2005 00:00,82.183,2
23-05-2005 00:00,90.039,2
24-05-2005 00:00,119.658,2
25-05-2005 00:00,93.516,2
26-05-2005 00:00,79.067,2
27-05-2005 00:00,67.824,2
28-05-2005 00:00,58.965,2
29-05-2005 00:00,54.038,2
30-05-2005 00:00,28.899,2
31-05-2005 00:00,0,2
01-06-2005 00:00,0,2
02-06-2005 00:00,43.416,2
03-06-2005 00:00,90.345,2
04-06-2005 00:00,251.761,2
05-06-2005 00:00,203.34,2
06-06-2005 00:00,153.91,2
07-06-2005 00:00,147.431,2
08-06-2005 00:00,123.558,2
09-06-2005 00:00,99.316,2
10-06-2005 00:00,87.624,2
11-06-2005 00:00,78.662,2
12-06-2005 00:00,72.627,2
13-06-2005 00:00,70.124,2
14-06-2005 00:00,72.162,2
15-06-2005 00:00,63.573,2
16-06-2005 00:00,57.58,2
17-06-2005 00:00,54.752,2
18-06-2005 00:00,55.173,2
19-06-2005 00:00,51.219,2
20-06-2005 00:00,49.744,2
21-06-2005 00:00,46.234,2
22-06-2005 00:00,46.03,2
23-06-2005 00:00,46.609,2
24-06-2005 00:00,35.579,2
25-06-2005 00:00,37.011,2
26-06-2005 00:00,38.215,2
27-06-2005 00:00,33.541,2
28-06-2005 00:00,30.928,2
29-06-2005 00:00,30.242,2
30-06-2005 00:00,29.511,2
01-07-2005 00:00,29.678,2
02-07-2005 00:00,30.067,2
03-07-2005 00:00,25.073,2
04-07-2005 00:00,25.024,2
05-07-2005 00:00,28.002,2
06-07-2005 00:00,31.228,2
07-07-2005 00:00,34.273,2
08-07-2005 00:00,32.877,2
09-07-2005 00:00,28.846,2
10-07-2005 00:00,26.948,2
11-07-2005 00:00,23.156,2
12-07-2005 00:00,19.232,2
13-07-2005 00:00,19.511,2
14-07-2005 00:00,18.923,2
15-07-2005 00:00,20.311,2
16-07-2005 00:00,36.498,2
17-07-2005 00:00,39.109,2
18-07-2005 00:00,30.102,2
19-07-2005 00:00,26.798,2
20-07-2005 00:00,28.906,2
21-07-2005 00:00,41.764,2
22-07-2005 00:00,39.964,2
23-07-2005 00:00,34.597,2
24-07-2005 00:00,30.994,2
25-07-2005 00:00,30.249,2
26-07-2005 00:00,29.345,2
27-07-2005 00:00,28.603,2
28-07-2005 00:00,31.961,2
29-07-2005 00:00,31.914,2
30-07-2005 00:00,39.687,2
31-07-2005 00:00,54.163,2
01-08-2005 00:00,70.143,2
02-08-2005 00:00,70.885,2
03-08-2005 00:00,55.837,2
04-08-2005 00:00,48.123,2
05-08-2005 00:00,48.306,2
06-08-2005 00:00,51.074,2
07-08-2005 00:00,46.515,2
08-08-2005 00:00,51.098,2
09-08-2005 00:00,50.799,2
10-08-2005 00:00,39.828,2
11-08-2005 00:00,38.379,2
12-08-2005 00:00,37.931,2
13-08-2005 00:00,37.359,2
14-08-2005 00:00,33.769,2
15-08-2005 00:00,32.563,2
16-08-2005 00:00,32.213,2
17-08-2005 00:00,30.581,2
18-08-2005 00:00,30.167,2
19-08-2005 00:00,29.216,2
20-08-2005 00:00,27.338,2
21-08-2005 00:00,26.867,2
22-08-2005 00:00,26.375,2
23-08-2005 00:00,26.028,2
24-08-2005 00:00,26.245,2
25-08-2005 00:00,30.787,2
26-08-2005 00:00,37.641,2
27-08-2005 00:00,30.14,2
28-08-2005 00:00,25.134,2
29-08-2005 00:00,23.387,2
30-08-2005 00:00,21.168,2
31-08-2005 00:00,20.345,2
01-09-2005 00:00,20.309,2
02-09-2005 00:00,19.502,2
03-09-2005 00:00,20.793,2
04-09-2005 00:00,19.547,2
05-09-2005 00:00,20.092,2
06-09-2005 00:00,20.2,2
07-09-2005 00:00,21.417,2
08-09-2005 00:00,26.249,2
09-09-2005 00:00,24.905,2
10-09-2005 00:00,21.669,2
11-09-2005 00:00,18.517,2
12-09-2005 00:00,16.967,2
13-09-2005 00:00,17.358,2
14-09-2005 00:00,17.349,2
15-09-2005 00:00,17.691,2
16-09-2005 00:00,17.343,2
17-09-2005 00:00,16.514,2
18-09-2005 00:00,16.8,2
19-09-2005 00:00,16.568,2
20-09-2005 00:00,17.737,2
21-09-2005 00:00,16.572,2
22-09-2005 00:00,17.25,2
23-09-2005 00:00,16.684,2
24-09-2005 00:00,16.765,2
25-09-2005 00:00,16.562,2
26-09-2005 00:00,15.589,2
27-09-2005 00:00,16.959,2
28-09-2005 00:00,18.32,2
29-09-2005 00:00,23.013,2
30-09-2005 00:00,24.786,2
01-10-2005 00:00,31.42,2
02-10-2005 00:00,41.034,2
03-10-2005 00:00,29.246,2
04-10-2005 00:00,24.969,2
05-10-2005 00:00,23.675,2
06-10-2005 00:00,23.633,2
07-10-2005 00:00,23.259,2
08-10-2005 00:00,22.981,2
09-10-2005 00:00,22.346,2
10-10-2005 00:00,21.421,2
11-10-2005 00:00,22.102,2
12-10-2005 00:00,20.717,2
13-10-2005 00:00,21.115,2
14-10-2005 00:00,20.717,2
15-10-2005 00:00,20.544,2
16-10-2005 00:00,21.449,2
17-10-2005 00:00,22.002,2
18-10-2005 00:00,22.506,2
19-10-2005 00:00,23.775,2
20-10-2005 00:00,27.065,2
21-10-2005 00:00,31.35,2
22-10-2005 00:00,45.976,2
23-10-2005 00:00,42.777,2
24-10-2005 00:00,31.079,2
25-10-2005 00:00,81.039,2
26-10-2005 00:00,106.69,2
27-10-2005 00:00,95.129,2
28-10-2005 00:00,79.88,2
29-10-2005 00:00,65.506,2
30-10-2005 00:00,57.792,2
31-10-2005 00:00,52.492,2
01-11-2005 00:00,58.103,2
02-11-2005 00:00,59.238,2
03-11-2005 00:00,75.574,2
04-11-2005 00:00,85.288,2
05-11-2005 00:00,137.695,2
06-11-2005 00:00,191.666,2
07-11-2005 00:00,292.985,2
08-11-2005 00:00,293.055,2
09-11-2005 00:00,292.699,2
10-11-2005 00:00,293.241,2
11-11-2005 00:00,173.133,2
12-11-2005 00:00,103.434,2
13-11-2005 00:00,117.218,2
14-11-2005 00:00,104.113,2
15-11-2005 00:00,94.378,2
16-11-2005 00:00,82.467,2
17-11-2005 00:00,94.549,2
18-11-2005 00:00,89.582,2
19-11-2005 00:00,84.718,2
20-11-2005 00:00,83.578,2
21-11-2005 00:00,87.348,2
22-11-2005 00:00,80.145,2
23-11-2005 00:00,81.514,2
24-11-2005 00:00,83.553,2
25-11-2005 00:00,84.916,2
26-11-2005 00:00,86.574,2
27-11-2005 00:00,85.313,2
28-11-2005 00:00,81.88,2
29-11-2005 00:00,75.827,2
30-11-2005 00:00,74.172,2
01-12-2005 00:00,60.266,2
02-12-2005 00:00,62.048,2
03-12-2005 00:00,61.462,2
04-12-2005 00:00,69.595,2
05-12-2005 00:00,83.001,2
06-12-2005 00:00,83.983,2
07-12-2005 00:00,82.564,2
08-12-2005 00:00,87.588,2
09-12-2005 00:00,90.023,2
10-12-2005 00:00,82.878,2
11-12-2005 00:00,75.482,2
12-12-2005 00:00,72,2
13-12-2005 00:00,69.65,2
14-12-2005 00:00,80,2
15-12-2005 00:00,97,2
16-12-2005 00:00,102.548,2
17-12-2005 00:00,89.311,2
18-12-2005 00:00,68.631,2
19-12-2005 00:00,71.27,2
20-12-2005 00:00,79.8,2
21-12-2005 00:00,95.492,2
22-12-2005 00:00,116.832,2
23-12-2005 00:00,115.6,2
24-12-2005 00:00,117.461,2
25-12-2005 00:00,105.544,2
26-12-2005 00:00,103,2
27-12-2005 00:00,102.398,2
28-12-2005 00:00,99.793,2
29-12-2005 00:00,65.566,2
30-12-2005 00:00,101.206,2
31-12-2005 00:00,99.88,2
01-01-2006 00:00,100.04,2
02-01-2006 00:00,102.645,2
03-01-2006 00:00,104.456,2
04-01-2006 00:00,91.216,2
05-01-2006 00:00,96.58,2
06-01-2006 00:00,109.951,2
07-01-2006 00:00,107.92,2
08-01-2006 00:00,104.663,2
09-01-2006 00:00,92.929,2
10-01-2006 00:00,72.544,2
11-01-2006 00:00,97.718,2
12-01-2006 00:00,155.826,2
13-01-2006 00:00,150.117,2
14-01-2006 00:00,142.782,2
15-01-2006 00:00,129.879,2
16-01-2006 00:00,119.199,2
17-01-2006 00:00,111.718,2
18-01-2006 00:00,105.467,2
19-01-2006 00:00,93.671,2
20-01-2006 00:00,85.845,2
21-01-2006 00:00,93.264,2
22-01-2006 00:00,83.833,2
23-01-2006 00:00,88.004,2
24-01-2006 00:00,93.365,2
25-01-2006 00:00,92.02,2
26-01-2006 00:00,88.748,2
27-01-2006 00:00,84.051,2
28-01-2006 00:00,84.896,2
29-01-2006 00:00,84.862,2
30-01-2006 00:00,87.239,2
31-01-2006 00:00,86.303,2
01-02-2006 00:00,86.557,2
02-02-2006 00:00,89.459,2
03-02-2006 00:00,87.684,2
04-02-2006 00:00,80.531,2
05-02-2006 00:00,87.438,2
06-02-2006 00:00,93.167,2
07-02-2006 00:00,294.837,2
08-02-2006 00:00,407.079,2
09-02-2006 00:00,480.38,2
10-02-2006 00:00,507.22,2
11-02-2006 00:00,400.22,2
12-02-2006 00:00,309.748,2
13-02-2006 00:00,275.835,2
14-02-2006 00:00,225.212,2
15-02-2006 00:00,208.99,2
16-02-2006 00:00,232.395,2
17-02-2006 00:00,241.212,2
18-02-2006 00:00,226.59,2
19-02-2006 00:00,260.886,2
20-02-2006 00:00,270.815,2
21-02-2006 00:00,266.652,2
22-02-2006 00:00,228.018,2
23-02-2006 00:00,214.023,2
24-02-2006 00:00,202.984,2
25-02-2006 00:00,195.48,2
26-02-2006 00:00,176.793,2
27-02-2006 00:00,164.784,2
28-02-2006 00:00,157.555,2
01-03-2006 00:00,150.944,2
02-03-2006 00:00,147.689,2
03-03-2006 00:00,149.801,2
04-03-2006 00:00,142.426,2
05-03-2006 00:00,136.486,2
06-03-2006 00:00,129.699,2
07-03-2006 00:00,119.932,2
08-03-2006 00:00,117.839,2
09-03-2006 00:00,118.656,2
10-03-2006 00:00,116.398,2
11-03-2006 00:00,103.583,2
12-03-2006 00:00,101.853,2
13-03-2006 00:00,98.292,2
14-03-2006 00:00,95.15,2
15-03-2006 00:00,98.71,2
16-03-2006 00:00,98.612,2
17-03-2006 00:00,99.751,2
18-03-2006 00:00,106.726,2
19-03-2006 00:00,107.575,2
20-03-2006 00:00,114.862,2
21-03-2006 00:00,106.127,2
22-03-2006 00:00,111.918,2
23-03-2006 00:00,111.231,2
24-03-2006 00:00,116.805,2
25-03-2006 00:00,116.287,2
26-03-2006 00:00,128.385,2
27-03-2006 00:00,192.141,2
28-03-2006 00:00,268.99,2
29-03-2006 00:00,241.361,2
30-03-2006 00:00,223.399,2
31-03-2006 00:00,248.898,2
01-04-2006 00:00,222.754,2
02-04-2006 00:00,216.491,2
03-04-2006 00:00,200.072,2
04-04-2006 00:00,193.794,2
05-04-2006 00:00,195.61,2
06-04-2006 00:00,184.056,2
07-04-2006 00:00,202.141,2
08-04-2006 00:00,188.684,2
09-04-2006 00:00,215.195,2
10-04-2006 00:00,229.271,2
11-04-2006 00:00,199.984,2
12-04-2006 00:00,183.464,2
13-04-2006 00:00,175.688,2
14-04-2006 00:00,174.987,2
15-04-2006 00:00,157.019,2
16-04-2006 00:00,144.67,2
17-04-2006 00:00,141.34,2
18-04-2006 00:00,129.322,2
19-04-2006 00:00,127.884,2
20-04-2006 00:00,131.822,2
21-04-2006 00:00,128.703,2
22-04-2006 00:00,130.88,2
23-04-2006 00:00,127.802,2
24-04-2006 00:00,119.487,2
25-04-2006 00:00,116.084,2
26-04-2006 00:00,109.758,2
27-04-2006 00:00,110.663,2
28-04-2006 00:00,106.15,2
29-04-2006 00:00,102.237,2
30-04-2006 00:00,100.951,2
01-05-2006 00:00,97.99,2
02-05-2006 00:00,101.11,2
03-05-2006 00:00,95.95,2
04-05-2006 00:00,94.686,2
05-05-2006 00:00,87.226,2
06-05-2006 00:00,84.038,2
07-05-2006 00:00,81.55,2
08-05-2006 00:00,80.481,2
09-05-2006 00:00,75.467,2
10-05-2006 00:00,73.393,2
11-05-2006 00:00,73.27,2
12-05-2006 00:00,74.805,2
13-05-2006 00:00,73.769,2
14-05-2006 00:00,68.024,2
15-05-2006 00:00,69.662,2
16-05-2006 00:00,72.677,2
17-05-2006 00:00,69.889,2
18-05-2006 00:00,84.445,2
19-05-2006 00:00,86.749,2
20-05-2006 00:00,84.52,2
21-05-2006 00:00,92.112,2
22-05-2006 00:00,86.108,2
23-05-2006 00:00,84.686,2
24-05-2006 00:00,82.27,2
25-05-2006 00:00,85.994,2
26-05-2006 00:00,80.199,2
27-05-2006 00:00,72.309,2
28-05-2006 00:00,109.937,2
29-05-2006 00:00,123.937,2
30-05-2006 00:00,109.697,2
31-05-2006 00:00,98.001,2
01-06-2006 00:00,103.902,2
02-06-2006 00:00,96.601,2
03-06-2006 00:00,87.176,2
04-06-2006 00:00,83.135,2
05-06-2006 00:00,78.102,2
06-06-2006 00:00,72.114,2
07-06-2006 00:00,67.67,2
08-06-2006 00:00,66.481,2
09-06-2006 00:00,63.384,2
10-06-2006 00:00,61.771,2
11-06-2006 00:00,58.973,2
12-06-2006 00:00,57.402,2
13-06-2006 00:00,55.669,2
14-06-2006 00:00,53.083,2
15-06-2006 00:00,53.508,2
16-06-2006 00:00,51.358,2
17-06-2006 00:00,52.036,2
18-06-2006 00:00,48.997,2
19-06-2006 00:00,48.128,2
20-06-2006 00:00,55.413,2
21-06-2006 00:00,53.494,2
22-06-2006 00:00,50.481,2
23-06-2006 00:00,48.677,2
24-06-2006 00:00,46.895,2
25-06-2006 00:00,46.986,2
26-06-2006 00:00,65.401,2
27-06-2006 00:00,64.695,2
28-06-2006 00:00,54.214,2
29-06-2006 00:00,52.389,2
30-06-2006 00:00,51.677,2
01-07-2006 00:00,46.912,2
02-07-2006 00:00,48.809,2
03-07-2006 00:00,44.136,2
04-07-2006 00:00,43.245,2
05-07-2006 00:00,43.296,2
06-07-2006 00:00,40.313,2
07-07-2006 00:00,39.237,2
08-07-2006 00:00,41.735,2
09-07-2006 00:00,41.428,2
10-07-2006 00:00,39.347,2
11-07-2006 00:00,41.576,2
12-07-2006 00:00,40.42,2
13-07-2006 00:00,37.708,2
14-07-2006 00:00,39.934,2
15-07-2006 00:00,38.448,2
16-07-2006 00:00,36.137,2
17-07-2006 00:00,36.176,2
18-07-2006 00:00,36.133,2
19-07-2006 00:00,37.757,2
20-07-2006 00:00,35.934,2
21-07-2006 00:00,38.136,2
22-07-2006 00:00,44.249,2
23-07-2006 00:00,40.875,2
24-07-2006 00:00,39.883,2
25-07-2006 00:00,37.089,2
26-07-2006 00:00,37.784,2
27-07-2006 00:00,37.275,2
28-07-2006 00:00,39.925,2
29-07-2006 00:00,46.601,2
30-07-2006 00:00,43.245,2
31-07-2006 00:00,48.077,2
01-08-2006 00:00,49.474,2
02-08-2006 00:00,60.26,2
03-08-2006 00:00,55.144,2
04-08-2006 00:00,49.752,2
05-08-2006 00:00,44.671,2
06-08-2006 00:00,39.771,2
07-08-2006 00:00,38.632,2
08-08-2006 00:00,41.311,2
09-08-2006 00:00,37.434,2
10-08-2006 00:00,39.34,2
11-08-2006 00:00,39.836,2
12-08-2006 00:00,68.032,2
13-08-2006 00:00,56.876,2
14-08-2006 00:00,128.51,2
15-08-2006 00:00,136.416,2
16-08-2006 00:00,209.759,2
17-08-2006 00:00,182.242,2
18-08-2006 00:00,56.798,2
19-08-2006 00:00,44.786,2
20-08-2006 00:00,47.174,2
21-08-2006 00:00,57.275,2
22-08-2006 00:00,45.155,2
23-08-2006 00:00,186.696,2
24-08-2006 00:00,174.455,2
25-08-2006 00:00,146.603,2
26-08-2006 00:00,114.553,2
27-08-2006 00:00,101.457,2
28-08-2006 00:00,118.564,2
29-08-2006 00:00,99.159,2
30-08-2006 00:00,176.202,2
31-08-2006 00:00,154.613,2
01-09-2006 00:00,123.597,2
02-09-2006 00:00,112.512,2
03-09-2006 00:00,149.322,2
04-09-2006 00:00,137.282,2
05-09-2006 00:00,116.928,2
06-09-2006 00:00,103.736,2
07-09-2006 00:00,98.129,2
08-09-2006 00:00,98.83,2
09-09-2006 00:00,87.917,2
10-09-2006 00:00,81.298,2
11-09-2006 00:00,78.48,2
12-09-2006 00:00,74.979,2
13-09-2006 00:00,72.293,2
14-09-2006 00:00,69.851,2
15-09-2006 00:00,67.415,2
16-09-2006 00:00,66.067,2
17-09-2006 00:00,68.068,2
18-09-2006 00:00,69.496,2
19-09-2006 00:00,64.52,2
20-09-2006 00:00,62.883,2
21-09-2006 00:00,60.805,2
22-09-2006 00:00,58.084,2
23-09-2006 00:00,57.507,2
24-09-2006 00:00,54.724,2
25-09-2006 00:00,56.812,2
26-09-2006 00:00,54.401,2
27-09-2006 00:00,59.458,2
28-09-2006 00:00,64.768,2
29-09-2006 00:00,60.993,2
30-09-2006 00:00,60.848,2
01-10-2006 00:00,61.882,2
02-10-2006 00:00,92.181,2
03-10-2006 00:00,115.449,2
04-10-2006 00:00,101.647,2
05-10-2006 00:00,90.431,2
06-10-2006 00:00,87.2,2
07-10-2006 00:00,92.914,2
08-10-2006 00:00,96.909,2
09-10-2006 00:00,92.378,2
10-10-2006 00:00,87.085,2
11-10-2006 00:00,82.79,2
12-10-2006 00:00,80.667,2
13-10-2006 00:00,75.758,2
14-10-2006 00:00,75.144,2
15-10-2006 00:00,72.774,2
16-10-2006 00:00,71.764,2
17-10-2006 00:00,73.389,2
18-10-2006 00:00,70.922,2
19-10-2006 00:00,70.109,2
20-10-2006 00:00,69.756,2
21-10-2006 00:00,72.18,2
22-10-2006 00:00,73.726,2
23-10-2006 00:00,90.92,2
24-10-2006 00:00,120.364,2
25-10-2006 00:00,131.212,2
26-10-2006 00:00,127.053,2
27-10-2006 00:00,135.379,2
28-10-2006 00:00,116.574,2
29-10-2006 00:00,144.475,2
30-10-2006 00:00,143.692,2
31-10-2006 00:00,171.257,2
01-11-2006 00:00,183.695,2
02-11-2006 00:00,199.414,2
03-11-2006 00:00,198.504,2
04-11-2006 00:00,202.107,2
05-11-2006 00:00,198.086,2
06-11-2006 00:00,203.962,2
07-11-2006 00:00,295.621,2
08-11-2006 00:00,276.511,2
09-11-2006 00:00,245.275,2
10-11-2006 00:00,323.285,2
11-11-2006 00:00,337.953,2
12-11-2006 00:00,346.494,2
13-11-2006 00:00,358.642,2
14-11-2006 00:00,345.504,2
15-11-2006 00:00,329.467,2
16-11-2006 00:00,318.288,2
17-11-2006 00:00,304.312,2
18-11-2006 00:00,292.87,2
19-11-2006 00:00,276.984,2
20-11-2006 00:00,256.625,2
21-11-2006 00:00,241.863,2
22-11-2006 00:00,284.926,2
23-11-2006 00:00,308.997,2
24-11-2006 00:00,308.123,2
25-11-2006 00:00,280.469,2
26-11-2006 00:00,273.582,2
27-11-2006 00:00,233.269,2
28-11-2006 00:00,217.047,2
29-11-2006 00:00,207.557,2
30-11-2006 00:00,200.546,2
01-12-2006 00:00,195.887,2
02-12-2006 00:00,204.637,2
03-12-2006 00:00,246.875,2
04-12-2006 00:00,262.356,2
05-12-2006 00:00,265.294,2
06-12-2006 00:00,297.489,2
07-12-2006 00:00,319.089,2
08-12-2006 00:00,344.25,2
09-12-2006 00:00,301.406,2
10-12-2006 00:00,271.341,2
11-12-2006 00:00,254.454,2
12-12-2006 00:00,269.081,2
13-12-2006 00:00,258.136,2
14-12-2006 00:00,337.862,2
15-12-2006 00:00,351.568,2
16-12-2006 00:00,368.633,2
17-12-2006 00:00,334.005,2
18-12-2006 00:00,318.355,2
19-12-2006 00:00,298.356,2
20-12-2006 00:00,278.656,2
21-12-2006 00:00,266.744,2
22-12-2006 00:00,242.822,2
23-12-2006 00:00,232.014,2
24-12-2006 00:00,224.938,2
25-12-2006 00:00,208.197,2
26-12-2006 00:00,195.775,2
27-12-2006 00:00,167.066,2
28-12-2006 00:00,139.581,2
29-12-2006 00:00,137.995,2
30-12-2006 00:00,195.63,2
31-12-2006 00:00,310.732,2
01-01-2007 00:00,388.905,2
02-01-2007 00:00,334.313,2
03-01-2007 00:00,317.286,2
04-01-2007 00:00,266.393,2
05-01-2007 00:00,197,2
06-01-2007 00:00,175.046,2
07-01-2007 00:00,151.86,2
08-01-2007 00:00,169.179,2
09-01-2007 00:00,159.773,2
10-01-2007 00:00,165.48,2
11-01-2007 00:00,182.967,2
12-01-2007 00:00,280.742,2
13-01-2007 00:00,359.739,2
14-01-2007 00:00,333.298,2
15-01-2007 00:00,314.709,2
16-01-2007 00:00,295.027,2
17-01-2007 00:00,288.216,2
18-01-2007 00:00,424.694,2
19-01-2007 00:00,536.132,2
20-01-2007 00:00,536.383,2
21-01-2007 00:00,643.886,2
22-01-2007 00:00,544.374,2
23-01-2007 00:00,444.923,2
24-01-2007 00:00,389.781,2
25-01-2007 00:00,338.961,2
26-01-2007 00:00,343.893,2
27-01-2007 00:00,349.011,2
28-01-2007 00:00,415.18,2
29-01-2007 00:00,494.96,2
30-01-2007 00:00,419.835,2
31-01-2007 00:00,415.561,2
01-02-2007 00:00,383.958,2
02-02-2007 00:00,363.854,2
03-02-2007 00:00,363.621,2
04-02-2007 00:00,337.075,2
05-02-2007 00:00,329.437,2
06-02-2007 00:00,319.627,2
07-02-2007 00:00,304.589,2
08-02-2007 00:00,293.591,2
09-02-2007 00:00,279.257,2
10-02-2007 00:00,241.243,2
11-02-2007 00:00,224.543,2
12-02-2007 00:00,207.903,2
13-02-2007 00:00,210.719,2
14-02-2007 00:00,213.985,2
15-02-2007 00:00,231.862,2
16-02-2007 00:00,224.63,2
17-02-2007 00:00,212.728,2
18-02-2007 00:00,201.43,2
19-02-2007 00:00,201.996,2
20-02-2007 00:00,188.959,2
21-02-2007 00:00,179.658,2
22-02-2007 00:00,118.995,2
23-02-2007 00:00,120.662,2
24-02-2007 00:00,120.079,2
25-02-2007 00:00,205.18,2
26-02-2007 00:00,409.403,2
27-02-2007 00:00,542.536,2
28-02-2007 00:00,499.943,2
01-03-2007 00:00,536.093,2
02-03-2007 00:00,479.761,2
03-03-2007 00:00,401.853,2
04-03-2007 00:00,362.249,2
05-03-2007 00:00,348.566,2
06-03-2007 00:00,349.246,2
07-03-2007 00:00,388.665,2
08-03-2007 00:00,406.193,2
09-03-2007 00:00,359.853,2
10-03-2007 00:00,338.473,2
11-03-2007 00:00,315.857,2
12-03-2007 00:00,299.729,2
13-03-2007 00:00,289.042,2
14-03-2007 00:00,271.269,2
15-03-2007 00:00,243.973,2
16-03-2007 00:00,228.47,2
17-03-2007 00:00,234.431,2
18-03-2007 00:00,252.87,2
19-03-2007 00:00,249.627,2
20-03-2007 00:00,250.03,2
21-03-2007 00:00,225.887,2
22-03-2007 00:00,214.981,2
23-03-2007 00:00,201.45,2
24-03-2007 00:00,197.48,2
25-03-2007 00:00,199.401,2
26-03-2007 00:00,184.55,2
27-03-2007 00:00,170.069,2
28-03-2007 00:00,165.911,2
29-03-2007 00:00,164.794,2
30-03-2007 00:00,159.776,2
31-03-2007 00:00,155.456,2
01-04-2007 00:00,147.489,2
02-04-2007 00:00,140.663,2
03-04-2007 00:00,135.594,2
04-04-2007 00:00,132.588,2
05-04-2007 00:00,128.424,2
06-04-2007 00:00,126.262,2
07-04-2007 00:00,122.64,2
08-04-2007 00:00,125.87,2
09-04-2007 00:00,150.21,2
10-04-2007 00:00,147.146,2
11-04-2007 00:00,136.455,2
12-04-2007 00:00,129.606,2
13-04-2007 00:00,124.534,2
14-04-2007 00:00,119.918,2
15-04-2007 00:00,114.974,2
16-04-2007 00:00,116.688,2
17-04-2007 00:00,116.355,2
18-04-2007 00:00,108.331,2
19-04-2007 00:00,106.052,2
20-04-2007 00:00,96.907,2
21-04-2007 00:00,97.875,2
22-04-2007 00:00,93.038,2
23-04-2007 00:00,93.08,2
24-04-2007 00:00,96.491,2
25-04-2007 00:00,95.466,2
26-04-2007 00:00,89.613,2
27-04-2007 00:00,86.869,2
28-04-2007 00:00,96.857,2
29-04-2007 00:00,93.538,2
30-04-2007 00:00,96.403,2
01-05-2007 00:00,90.01,2
02-05-2007 00:00,86.415,2
03-05-2007 00:00,78.941,2
04-05-2007 00:00,80.815,2
05-05-2007 00:00,72.735,2
06-05-2007 00:00,77.85,2
07-05-2007 00:00,71.936,2
08-05-2007 00:00,75.189,2
09-05-2007 00:00,80.172,2
10-05-2007 00:00,87.556,2
11-05-2007 00:00,96.823,2
12-05-2007 00:00,83.092,2
13-05-2007 00:00,99.671,2
14-05-2007 00:00,77.915,2
15-05-2007 00:00,75.768,2
16-05-2007 00:00,82.909,2
17-05-2007 00:00,239.027,2
18-05-2007 00:00,183.087,2
19-05-2007 00:00,139.392,2
20-05-2007 00:00,117.17,2
21-05-2007 00:00,102.1,2
22-05-2007 00:00,92.035,2
23-05-2007 00:00,86.909,2
24-05-2007 00:00,80.506,2
25-05-2007 00:00,74.01,2
26-05-2007 00:00,75.24,2
27-05-2007 00:00,71.455,2
28-05-2007 00:00,74.028,2
29-05-2007 00:00,84.134,2
30-05-2007 00:00,79.438,2
31-05-2007 00:00,74.39,2
01-06-2007 00:00,68.92,2
02-06-2007 00:00,71.72,2
03-06-2007 00:00,72.806,2
04-06-2007 00:00,71.191,2
05-06-2007 00:00,69.24,2
06-06-2007 00:00,67.278,2
07-06-2007 00:00,62.443,2
08-06-2007 00:00,61.034,2
09-06-2007 00:00,56.444,2
10-06-2007 00:00,52.889,2
11-06-2007 00:00,53.457,2
12-06-2007 00:00,56.301,2
13-06-2007 00:00,56.226,2
14-06-2007 00:00,55.647,2
15-06-2007 00:00,56.787,2
16-06-2007 00:00,99.558,2
17-06-2007 00:00,152.743,2
18-06-2007 00:00,145.616,2
19-06-2007 00:00,122.798,2
20-06-2007 00:00,96.288,2
21-06-2007 00:00,89.394,2
22-06-2007 00:00,155.272,2
23-06-2007 00:00,177.361,2
24-06-2007 00:00,175.332,2
25-06-2007 00:00,215.184,2
26-06-2007 00:00,243.389,2
27-06-2007 00:00,271.834,2
28-06-2007 00:00,348.078,2
29-06-2007 00:00,358.391,2
30-06-2007 00:00,353.568,2
01-07-2007 00:00,339.966,2
02-07-2007 00:00,322.014,2
03-07-2007 00:00,370.288,2
04-07-2007 00:00,356.396,2
05-07-2007 00:00,406.663,2
06-07-2007 00:00,529.047,2
07-07-2007 00:00,589.254,2
08-07-2007 00:00,773.751,2
09-07-2007 00:00,757.73,2
10-07-2007 00:00,606.426,2
11-07-2007 00:00,432.781,2
12-07-2007 00:00,316.492,2
13-07-2007 00:00,288.195,2
14-07-2007 00:00,275.818,2
15-07-2007 00:00,257.023,2
16-07-2007 00:00,266.909,2
17-07-2007 00:00,274.031,2
18-07-2007 00:00,210.737,2
19-07-2007 00:00,186.405,2
20-07-2007 00:00,171.394,2
21-07-2007 00:00,166.775,2
22-07-2007 00:00,212.654,2
23-07-2007 00:00,371.86,2
24-07-2007 00:00,317.337,2
25-07-2007 00:00,406.137,2
26-07-2007 00:00,411.103,2
27-07-2007 00:00,322.1,2
28-07-2007 00:00,309.938,2
29-07-2007 00:00,290.468,2
30-07-2007 00:00,287.005,2
31-07-2007 00:00,286.425,2
01-08-2007 00:00,266.312,2
02-08-2007 00:00,235.523,2
03-08-2007 00:00,203.345,2
04-08-2007 00:00,187.289,2
05-08-2007 00:00,173.107,2
06-08-2007 00:00,165.848,2
07-08-2007 00:00,158.7,2
08-08-2007 00:00,157.531,2
09-08-2007 00:00,144.987,2
10-08-2007 00:00,237.564,2
11-08-2007 00:00,208.919,2
12-08-2007 00:00,167.653,2
13-08-2007 00:00,148.7,2
14-08-2007 00:00,134.497,2
15-08-2007 00:00,130.192,2
16-08-2007 00:00,151.629,2
17-08-2007 00:00,171.498,2
18-08-2007 00:00,158.232,2
19-08-2007 00:00,147.18,2
20-08-2007 00:00,134.479,2
21-08-2007 00:00,122.716,2
22-08-2007 00:00,112.693,2
23-08-2007 00:00,167.007,2
24-08-2007 00:00,154.535,2
25-08-2007 00:00,139.56,2
26-08-2007 00:00,128.463,2
27-08-2007 00:00,122.66,2
28-08-2007 00:00,110.969,2
29-08-2007 00:00,105.487,2
30-08-2007 00:00,98.893,2
31-08-2007 00:00,102.332,2
01-09-2007 00:00,110.037,2
02-09-2007 00:00,105.984,2
03-09-2007 00:00,115.119,2
04-09-2007 00:00,107.469,2
05-09-2007 00:00,99.196,2
06-09-2007 00:00,97.062,2
07-09-2007 00:00,92.942,2
08-09-2007 00:00,90.712,2
09-09-2007 00:00,86.279,2
10-09-2007 00:00,115.721,2
11-09-2007 00:00,140.59,2
12-09-2007 00:00,135.614,2
13-09-2007 00:00,121.044,2
14-09-2007 00:00,117.029,2
15-09-2007 00:00,116.148,2
16-09-2007 00:00,111.617,2
17-09-2007 00:00,107.999,2
18-09-2007 00:00,102.55,2
19-09-2007 00:00,97.85,2
20-09-2007 00:00,112.297,2
21-09-2007 00:00,120.158,2
22-09-2007 00:00,121.838,2
23-09-2007 00:00,118.024,2
24-09-2007 00:00,109.818,2
25-09-2007 00:00,113.563,2
26-09-2007 00:00,123.247,2
27-09-2007 00:00,120.84,2
28-09-2007 00:00,114.229,2
29-09-2007 00:00,130.422,2
30-09-2007 00:00,242.63,2
01-10-2007 00:00,274.043,2
02-10-2007 00:00,286.744,2
03-10-2007 00:00,278.431,2
04-10-2007 00:00,242.477,2
05-10-2007 00:00,250.693,2
06-10-2007 00:00,252.659,2
07-10-2007 00:00,232.352,2
08-10-2007 00:00,204.315,2
09-10-2007 00:00,177.893,2
10-10-2007 00:00,162.327,2
11-10-2007 00:00,158.861,2
12-10-2007 00:00,174.455,2
13-10-2007 00:00,157.883,2
14-10-2007 00:00,146.412,2
15-10-2007 00:00,132.718,2
16-10-2007 00:00,129.334,2
17-10-2007 00:00,156.709,2
18-10-2007 00:00,164.461,2
19-10-2007 00:00,143.606,2
20-10-2007 00:00,139.432,2
21-10-2007 00:00,113.674,2
22-10-2007 00:00,114.593,2
23-10-2007 00:00,125.36,2
24-10-2007 00:00,121.435,2
25-10-2007 00:00,118.952,2
26-10-2007 00:00,112.186,2
27-10-2007 00:00,110.777,2
28-10-2007 00:00,112.604,2
29-10-2007 00:00,136.024,2
30-10-2007 00:00,151.076,2
31-10-2007 00:00,146.24,2
01-11-2007 00:00,143.238,2
02-11-2007 00:00,134.607,2
03-11-2007 00:00,137.096,2
04-11-2007 00:00,118.668,2
05-11-2007 00:00,117.847,2
06-11-2007 00:00,165.067,2
07-11-2007 00:00,202.218,2
08-11-2007 00:00,190.342,2
09-11-2007 00:00,195.644,2
10-11-2007 00:00,220.931,2
11-11-2007 00:00,177.816,2
12-11-2007 00:00,163.241,2
13-11-2007 00:00,155.7,2
14-11-2007 00:00,148.106,2
15-11-2007 00:00,135.377,2
16-11-2007 00:00,132.858,2
17-11-2007 00:00,132.032,2
18-11-2007 00:00,129.528,2
19-11-2007 00:00,128.264,2
20-11-2007 00:00,123.611,2
21-11-2007 00:00,120.305,2
22-11-2007 00:00,118.866,2
23-11-2007 00:00,119.341,2
24-11-2007 00:00,113.294,2
25-11-2007 00:00,138.71,2
26-11-2007 00:00,136.534,2
27-11-2007 00:00,127.823,2
28-11-2007 00:00,121.489,2
29-11-2007 00:00,136.037,2
30-11-2007 00:00,150.814,2
01-12-2007 00:00,166.939,2
02-12-2007 00:00,179.347,2
03-12-2007 00:00,224.571,2
04-12-2007 00:00,210.443,2
05-12-2007 00:00,200.338,2
06-12-2007 00:00,211.686,2
07-12-2007 00:00,344.289,2
08-12-2007 00:00,364.198,2
09-12-2007 00:00,332.328,2
10-12-2007 00:00,316.902,2
11-12-2007 00:00,274.651,2
12-12-2007 00:00,231.745,2
13-12-2007 00:00,211.843,2
14-12-2007 00:00,198.557,2
15-12-2007 00:00,193.112,2
16-12-2007 00:00,179.984,2
17-12-2007 00:00,182.642,2
18-12-2007 00:00,170.252,2
19-12-2007 00:00,170.167,2
20-12-2007 00:00,162.658,2
21-12-2007 00:00,160.967,2
22-12-2007 00:00,154.545,2
23-12-2007 00:00,148.793,2
24-12-2007 00:00,148.751,2
25-12-2007 00:00,146.091,2
26-12-2007 00:00,141.176,2
27-12-2007 00:00,141.713,2
28-12-2007 00:00,161.675,2
29-12-2007 00:00,173.238,2
30-12-2007 00:00,161.743,2
31-12-2007 00:00,153.632,2
01-01-2008 00:00,142.55,2
02-01-2008 00:00,147.78,2
03-01-2008 00:00,144.89,2
04-01-2008 00:00,128.43,2
05-01-2008 00:00,120.27,2
06-01-2008 00:00,140.8,2
07-01-2008 00:00,152.11,2
08-01-2008 00:00,212.98,2
09-01-2008 00:00,208.39,2
10-01-2008 00:00,220.1,2
11-01-2008 00:00,228.67,2
12-01-2008 00:00,212.98,2
13-01-2008 00:00,190.87,2
14-01-2008 00:00,180.57,2
15-01-2008 00:00,173.59,2
16-01-2008 00:00,236.19,2
17-01-2008 00:00,210.09,2
18-01-2008 00:00,207.97,2
19-01-2008 00:00,237.31,2
20-01-2008 00:00,215.21,2
21-01-2008 00:00,208.25,2
22-01-2008 00:00,194.99,2
23-01-2008 00:00,204.36,2
24-01-2008 00:00,305.99,2
25-01-2008 00:00,267.32,2
26-01-2008 00:00,268.01,2
27-01-2008 00:00,298.19,2
28-01-2008 00:00,246.66,2
29-01-2008 00:00,235.47,2
30-01-2008 00:00,224.94,2
31-01-2008 00:00,217.85,2
01-02-2008 00:00,244.96,2
02-02-2008 00:00,245.86,2
03-02-2008 00:00,214.22,2
04-02-2008 00:00,200.06,2
05-02-2008 00:00,195.26,2
06-02-2008 00:00,270.58,2
07-02-2008 00:00,247.91,2
08-02-2008 00:00,215.51,2
09-02-2008 00:00,200.97,2
10-02-2008 00:00,194.24,2
11-02-2008 00:00,179.7,2
12-02-2008 00:00,187.81,2
13-02-2008 00:00,175.66,2
14-02-2008 00:00,168.66,2
15-02-2008 00:00,160.34,2
16-02-2008 00:00,145.32,2
17-02-2008 00:00,153.54,2
18-02-2008 00:00,149.77,2
19-02-2008 00:00,152.58,2
20-02-2008 00:00,152.14,2
21-02-2008 00:00,144.68,2
22-02-2008 00:00,154.01,2
23-02-2008 00:00,148.7,2
24-02-2008 00:00,144.77,2
25-02-2008 00:00,145.1,2
26-02-2008 00:00,147.06,2
27-02-2008 00:00,146.03,2
28-02-2008 00:00,138.05,2
29-02-2008 00:00,128.05,2
01-03-2008 00:00,166.03,2
02-03-2008 00:00,149.13,2
03-03-2008 00:00,154.34,2
04-03-2008 00:00,171.66,2
05-03-2008 00:00,165.35,2
06-03-2008 00:00,175.62,2
07-03-2008 00:00,158.47,2
08-03-2008 00:00,155.93,2
09-03-2008 00:00,151.07,2
10-03-2008 00:00,148.53,2
11-03-2008 00:00,149.01,2
12-03-2008 00:00,156.95,2
13-03-2008 00:00,196.77,2
14-03-2008 00:00,318.75,2
15-03-2008 00:00,269.11,2
16-03-2008 00:00,223.42,2
17-03-2008 00:00,198.12,2
18-03-2008 00:00,173.87,2
19-03-2008 00:00,165.92,2
20-03-2008 00:00,162.35,2
21-03-2008 00:00,228.84,2
22-03-2008 00:00,254.3,2
23-03-2008 00:00,210.06,2
24-03-2008 00:00,203.17,2
25-03-2008 00:00,199.16,2
26-03-2008 00:00,203.22,2
27-03-2008 00:00,186.04,2
28-03-2008 00:00,178.26,2
29-03-2008 00:00,174.99,2
30-03-2008 00:00,162.25,2
31-03-2008 00:00,158.54,2
01-04-2008 00:00,154.36,2
02-04-2008 00:00,158.63,2
03-04-2008 00:00,153.39,2
04-04-2008 00:00,145.74,2
05-04-2008 00:00,163.3,2
06-04-2008 00:00,162.32,2
07-04-2008 00:00,157.85,2
08-04-2008 00:00,152.03,2
09-04-2008 00:00,141.75,2
10-04-2008 00:00,137.67,2
11-04-2008 00:00,131.36,2
12-04-2008 00:00,140.59,2
13-04-2008 00:00,129.41,2
14-04-2008 00:00,130.17,2
15-04-2008 00:00,118.98,2
16-04-2008 00:00,119.98,2
17-04-2008 00:00,130.03,2
18-04-2008 00:00,127.77,2
19-04-2008 00:00,119.26,2
20-04-2008 00:00,110.76,2
21-04-2008 00:00,106.57,2
22-04-2008 00:00,104.47,2
23-04-2008 00:00,98.62,2
24-04-2008 00:00,104.79,2
25-04-2008 00:00,96.9,2
26-04-2008 00:00,95.31,2
27-04-2008 00:00,95.78,2
28-04-2008 00:00,93.76,2
29-04-2008 00:00,91.16,2
30-04-2008 00:00,299.84,2
01-05-2008 00:00,314.24,2
02-05-2008 00:00,68.91,2
03-05-2008 00:00,58.67,2
04-05-2008 00:00,55.11,2
05-05-2008 00:00,52.06,2
06-05-2008 00:00,49.17,2
07-05-2008 00:00,13.75,2
08-05-2008 00:00,111.66,2
09-05-2008 00:00,98.49,2
10-05-2008 00:00,87.32,2
11-05-2008 00:00,82.19,2
12-05-2008 00:00,80.04,2
13-05-2008 00:00,79.44,2
14-05-2008 00:00,74.11,2
15-05-2008 00:00,74.5,2
16-05-2008 00:00,74.56,2
17-05-2008 00:00,74.51,2
18-05-2008 00:00,69.46,2
19-05-2008 00:00,73.37,2
20-05-2008 00:00,72.68,2
21-05-2008 00:00,71.14,2
22-05-2008 00:00,70.11,2
23-05-2008 00:00,66.75,2
24-05-2008 00:00,63.42,2
25-05-2008 00:00,65.22,2
26-05-2008 00:00,70.66,2
27-05-2008 00:00,74.41,2
28-05-2008 00:00,68.49,2
29-05-2008 00:00,62.96,2
30-05-2008 00:00,64.18,2
31-05-2008 00:00,60.1,2
01-06-2008 00:00,59.12,2
02-06-2008 00:00,53.08,2
03-06-2008 00:00,51.57,2
04-06-2008 00:00,51.62,2
05-06-2008 00:00,46.4,2
06-06-2008 00:00,46.1,2
07-06-2008 00:00,46.39,2
08-06-2008 00:00,44.81,2
09-06-2008 00:00,43.74,2
10-06-2008 00:00,46.44,2
11-06-2008 00:00,44.23,2
12-06-2008 00:00,42.27,2
13-06-2008 00:00,42.34,2
14-06-2008 00:00,49.92,2
15-06-2008 00:00,51.91,2
16-06-2008 00:00,53.25,2
17-06-2008 00:00,50.7,2
18-06-2008 00:00,50.52,2
19-06-2008 00:00,48.95,2
20-06-2008 00:00,49.56,2
21-06-2008 00:00,50.84,2
22-06-2008 00:00,48.38,2
23-06-2008 00:00,51.66,2
24-06-2008 00:00,50.87,2
25-06-2008 00:00,48.82,2
26-06-2008 00:00,49.92,2
27-06-2008 00:00,50.8,2
28-06-2008 00:00,57.59,2
29-06-2008 00:00,55.88,2
30-06-2008 00:00,54.89,2
01-07-2008 00:00,51.37,2
02-07-2008 00:00,50.69,2
03-07-2008 00:00,48.25,2
04-07-2008 00:00,45.17,2
05-07-2008 00:00,45.64,2
06-07-2008 00:00,45.38,2
07-07-2008 00:00,48.82,2
08-07-2008 00:00,52.91,2
09-07-2008 00:00,54.53,2
10-07-2008 00:00,52.36,2
11-07-2008 00:00,52.43,2
12-07-2008 00:00,50.78,2
13-07-2008 00:00,44.06,2
14-07-2008 00:00,32.3,2
15-07-2008 00:00,28.55,2
16-07-2008 00:00,27.6,2
17-07-2008 00:00,32.44,2
18-07-2008 00:00,32.01,2
19-07-2008 00:00,37.39,2
20-07-2008 00:00,43.67,2
21-07-2008 00:00,42.17,2
22-07-2008 00:00,36.19,2
23-07-2008 00:00,34.1,2
24-07-2008 00:00,32.21,2
25-07-2008 00:00,31.4,2
26-07-2008 00:00,31.4,2
27-07-2008 00:00,26.16,2
28-07-2008 00:00,23.7,2
29-07-2008 00:00,25.45,2
30-07-2008 00:00,23.86,2
31-07-2008 00:00,23.37,2
01-08-2008 00:00,23.44,2
02-08-2008 00:00,23.96,2
03-08-2008 00:00,25.33,2
04-08-2008 00:00,47.21,2
05-08-2008 00:00,80.02,2
06-08-2008 00:00,78.92,2
07-08-2008 00:00,65.5,2
08-08-2008 00:00,52.52,2
09-08-2008 00:00,45.88,2
10-08-2008 00:00,44.94,2
11-08-2008 00:00,46.73,2
12-08-2008 00:00,40.41,2
13-08-2008 00:00,44.34,2
14-08-2008 00:00,35.84,2
15-08-2008 00:00,39.22,2
16-08-2008 00:00,38.77,2
17-08-2008 00:00,39.21,2
18-08-2008 00:00,38.35,2
19-08-2008 00:00,48.63,2
20-08-2008 00:00,51.45,2
21-08-2008 00:00,52.61,2
22-08-2008 00:00,52.71,2
23-08-2008 00:00,101.58,2
24-08-2008 00:00,132.91,2
25-08-2008 00:00,85.14,2
26-08-2008 00:00,72.34,2
27-08-2008 00:00,95.04,2
28-08-2008 00:00,97.19,2
29-08-2008 00:00,84.3,2
30-08-2008 00:00,74.58,2
31-08-2008 00:00,64.86,2
01-09-2008 00:00,67.38,2
02-09-2008 00:00,46.79,2
03-09-2008 00:00,51.82,2
04-09-2008 00:00,66.07,2
05-09-2008 00:00,60.25,2
06-09-2008 00:00,73.95,2
07-09-2008 00:00,70.05,2
08-09-2008 00:00,64.05,2
09-09-2008 00:00,65.6,2
10-09-2008 00:00,66.28,2
11-09-2008 00:00,65.14,2
12-09-2008 00:00,62.88,2
13-09-2008 00:00,58.36,2
14-09-2008 00:00,57.43,2
15-09-2008 00:00,57.17,2
16-09-2008 00:00,56.21,2
17-09-2008 00:00,54.43,2
18-09-2008 00:00,55.85,2
19-09-2008 00:00,58.12,2
20-09-2008 00:00,53.54,2
21-09-2008 00:00,59.6,2
22-09-2008 00:00,56.83,2
23-09-2008 00:00,58.95,2
24-09-2008 00:00,54.64,2
25-09-2008 00:00,58.47,2
26-09-2008 00:00,53.5,2
27-09-2008 00:00,58.02,2
28-09-2008 00:00,55.99,2
29-09-2008 00:00,54.29,2
30-09-2008 00:00,56.97,2
01-10-2008 00:00,58.49,2
02-10-2008 00:00,70.07,2
03-10-2008 00:00,67.65,2
04-10-2008 00:00,62.42,2
05-10-2008 00:00,81.13,2
06-10-2008 00:00,91.19,2
07-10-2008 00:00,82.62,2
08-10-2008 00:00,74.77,2
09-10-2008 00:00,65.97,2
10-10-2008 00:00,66.4,2
11-10-2008 00:00,69.2,2
12-10-2008 00:00,62.88,2
13-10-2008 00:00,66.92,2
14-10-2008 00:00,62.56,2
15-10-2008 00:00,67.03,2
16-10-2008 00:00,107.03,2
17-10-2008 00:00,109.97,2
18-10-2008 00:00,108.39,2
19-10-2008 00:00,114.9,2
20-10-2008 00:00,107.45,2
21-10-2008 00:00,105.68,2
22-10-2008 00:00,101.45,2
23-10-2008 00:00,96.86,2
24-10-2008 00:00,95.88,2
25-10-2008 00:00,95.98,2
26-10-2008 00:00,110.6,2
27-10-2008 00:00,137.35,2
28-10-2008 00:00,144.74,2
29-10-2008 00:00,144.23,2
30-10-2008 00:00,136.59,2
31-10-2008 00:00,136.2,2
01-11-2008 00:00,140.25,2
02-11-2008 00:00,131.92,2
03-11-2008 00:00,126.5,2
04-11-2008 00:00,116.94,2
05-11-2008 00:00,112.36,2
06-11-2008 00:00,104.98,2
07-11-2008 00:00,102.48,2
08-11-2008 00:00,107.83,2
09-11-2008 00:00,114.93,2
10-11-2008 00:00,116.25,2
11-11-2008 00:00,164.43,2
12-11-2008 00:00,193.11,2
13-11-2008 00:00,189.95,2
14-11-2008 00:00,197.04,2
15-11-2008 00:00,211.19,2
16-11-2008 00:00,212.03,2
17-11-2008 00:00,205.89,2
18-11-2008 00:00,207.43,2
19-11-2008 00:00,219.55,2
20-11-2008 00:00,219.83,2
21-11-2008 00:00,213.16,2
22-11-2008 00:00,191.45,2
23-11-2008 00:00,176.55,2
24-11-2008 00:00,164.24,2
25-11-2008 00:00,168.2,2
26-11-2008 00:00,172.86,2
27-11-2008 00:00,160.32,2
28-11-2008 00:00,152.49,2
29-11-2008 00:00,176.44,2
30-11-2008 00:00,193.15,2
01-12-2008 00:00,181.77,2
02-12-2008 00:00,317.22,2
03-12-2008 00:00,404.53,2
04-12-2008 00:00,359.88,2
05-12-2008 00:00,346.32,2
06-12-2008 00:00,331.46,2
07-12-2008 00:00,308.74,2
08-12-2008 00:00,281.76,2
09-12-2008 00:00,252.21,2
10-12-2008 00:00,277.72,2
11-12-2008 00:00,253.06,2
12-12-2008 00:00,240.6,2
13-12-2008 00:00,231.9,2
14-12-2008 00:00,214.03,2
15-12-2008 00:00,199.54,2
16-12-2008 00:00,186.66,2
17-12-2008 00:00,184.72,2
18-12-2008 00:00,173.87,2
19-12-2008 00:00,184.62,2
20-12-2008 00:00,214.74,2
21-12-2008 00:00,202.45,2
22-12-2008 00:00,241.49,2
23-12-2008 00:00,221.69,2
24-12-2008 00:00,215.3,2
25-12-2008 00:00,205,2
26-12-2008 00:00,186.45,2
27-12-2008 00:00,180.25,2
28-12-2008 00:00,173.05,2
29-12-2008 00:00,160.12,2
30-12-2008 00:00,159.72,2
31-12-2008 00:00,145.28,2
01-01-2009 00:00,137.058,2
02-01-2009 00:00,130.925,2
03-01-2009 00:00,125.012,2
04-01-2009 00:00,133.34,2
05-01-2009 00:00,110.078,2
06-01-2009 00:00,119.069,2
07-01-2009 00:00,111.102,2
08-01-2009 00:00,110.949,2
09-01-2009 00:00,115.993,2
10-01-2009 00:00,124.705,2
11-01-2009 00:00,125.707,2
12-01-2009 00:00,121.653,2
13-01-2009 00:00,142.062,2
14-01-2009 00:00,163.498,2
15-01-2009 00:00,157.255,2
16-01-2009 00:00,145.617,2
17-01-2009 00:00,141.351,2
18-01-2009 00:00,143.956,2
19-01-2009 00:00,185.492,2
20-01-2009 00:00,229.393,2
21-01-2009 00:00,211.202,2
22-01-2009 00:00,192.037,2
23-01-2009 00:00,196.693,2
24-01-2009 00:00,213.538,2
25-01-2009 00:00,204.322,2
26-01-2009 00:00,186.76,2
27-01-2009 00:00,171.723,2
28-01-2009 00:00,165.39,2
29-01-2009 00:00,159.399,2
30-01-2009 00:00,141.966,2
31-01-2009 00:00,148.281,2
01-02-2009 00:00,137.77,2
02-02-2009 00:00,129.009,2
03-02-2009 00:00,128.301,2
04-02-2009 00:00,127.47,2
05-02-2009 00:00,132.509,2
06-02-2009 00:00,163.296,2
07-02-2009 00:00,163.687,2
08-02-2009 00:00,224.239,2
09-02-2009 00:00,190.465,2
10-02-2009 00:00,180.354,2
11-02-2009 00:00,172.184,2
12-02-2009 00:00,161.892,2
13-02-2009 00:00,145.295,2
14-02-2009 00:00,137.261,2
15-02-2009 00:00,130.217,2
16-02-2009 00:00,135.291,2
17-02-2009 00:00,121.538,2
18-02-2009 00:00,125.808,2
19-02-2009 00:00,122.397,2
20-02-2009 00:00,121.353,2
21-02-2009 00:00,118.66,2
22-02-2009 00:00,204.018,2
23-02-2009 00:00,312.972,2
24-02-2009 00:00,243.556,2
25-02-2009 00:00,234.807,2
26-02-2009 00:00,230.065,2
27-02-2009 00:00,211.951,2
28-02-2009 00:00,185.697,2
01-03-2009 00:00,181.198,2
02-03-2009 00:00,174.761,2
03-03-2009 00:00,186.103,2
04-03-2009 00:00,167.786,2
05-03-2009 00:00,168.215,2
06-03-2009 00:00,149.346,2
07-03-2009 00:00,152.991,2
08-03-2009 00:00,162.634,2
09-03-2009 00:00,170.92,2
10-03-2009 00:00,163.467,2
11-03-2009 00:00,152.991,2
12-03-2009 00:00,157.495,2
13-03-2009 00:00,213.371,2
14-03-2009 00:00,204.541,2
15-03-2009 00:00,206.167,2
16-03-2009 00:00,147.93,2
17-03-2009 00:00,247.961,2
18-03-2009 00:00,206.562,2
19-03-2009 00:00,180.759,2
20-03-2009 00:00,167.847,2
21-03-2009 00:00,165.418,2
22-03-2009 00:00,157.625,2
23-03-2009 00:00,153.049,2
24-03-2009 00:00,141.762,2
25-03-2009 00:00,133.422,2
26-03-2009 00:00,128.49,2
27-03-2009 00:00,153.043,2
28-03-2009 00:00,142.376,2
29-03-2009 00:00,139.717,2
30-03-2009 00:00,128.054,2
31-03-2009 00:00,122.525,2
01-04-2009 00:00,119.884,2
02-04-2009 00:00,116.838,2
03-04-2009 00:00,118.411,2
04-04-2009 00:00,116.372,2
05-04-2009 00:00,110.291,2
06-04-2009 00:00,108.323,2
07-04-2009 00:00,111.989,2
08-04-2009 00:00,102.345,2
09-04-2009 00:00,119.83,2
10-04-2009 00:00,107.843,2
11-04-2009 00:00,107.796,2
12-04-2009 00:00,97.734,2
13-04-2009 00:00,99.064,2
14-04-2009 00:00,95.705,2
15-04-2009 00:00,99.116,2
16-04-2009 00:00,95.022,2
17-04-2009 00:00,86.351,2
18-04-2009 00:00,83.666,2
19-04-2009 00:00,89.776,2
20-04-2009 00:00,80.994,2
21-04-2009 00:00,81.042,2
22-04-2009 00:00,83.901,2
23-04-2009 00:00,80.201,2
24-04-2009 00:00,78.016,2
25-04-2009 00:00,79.243,2
26-04-2009 00:00,76.008,2
27-04-2009 00:00,75.469,2
28-04-2009 00:00,77.311,2
29-04-2009 00:00,74.788,2
30-04-2009 00:00,73.442,2
01-05-2009 00:00,69.156,2
02-05-2009 00:00,69.395,2
03-05-2009 00:00,67.373,2
04-05-2009 00:00,78.501,2
05-05-2009 00:00,76.492,2
06-05-2009 00:00,89.022,2
07-05-2009 00:00,81.082,2
08-05-2009 00:00,75.68,2
09-05-2009 00:00,94.102,2
10-05-2009 00:00,81.526,2
11-05-2009 00:00,70.692,2
12-05-2009 00:00,70.68,2
13-05-2009 00:00,68.161,2
14-05-2009 00:00,73.665,2
15-05-2009 00:00,66.377,2
16-05-2009 00:00,70.755,2
17-05-2009 00:00,75.045,2
18-05-2009 00:00,69.003,2
19-05-2009 00:00,66.433,2
20-05-2009 00:00,73.162,2
21-05-2009 00:00,68.899,2
22-05-2009 00:00,68.324,2
23-05-2009 00:00,70.17,2
24-05-2009 00:00,64.528,2
25-05-2009 00:00,66.634,2
26-05-2009 00:00,63.211,2
27-05-2009 00:00,54.97,2
28-05-2009 00:00,68.293,2
29-05-2009 00:00,59.033,2
30-05-2009 00:00,57.52,2
31-05-2009 00:00,56.469,2
01-06-2009 00:00,51.023,2
02-06-2009 00:00,52.846,2
03-06-2009 00:00,55.982,2
04-06-2009 00:00,50.07,2
05-06-2009 00:00,60.819,2
06-06-2009 00:00,55.379,2
07-06-2009 00:00,53.081,2
08-06-2009 00:00,49.749,2
09-06-2009 00:00,53.975,2
10-06-2009 00:00,58.978,2
11-06-2009 00:00,101.904,2
12-06-2009 00:00,407.908,2
13-06-2009 00:00,493.373,2
14-06-2009 00:00,571.425,2
15-06-2009 00:00,525.428,2
16-06-2009 00:00,401.581,2
17-06-2009 00:00,307.256,2
18-06-2009 00:00,234.963,2
19-06-2009 00:00,213.107,2
20-06-2009 00:00,193.277,2
21-06-2009 00:00,165.517,2
22-06-2009 00:00,145.294,2
23-06-2009 00:00,141.377,2
24-06-2009 00:00,118.497,2
25-06-2009 00:00,107.93,2
26-06-2009 00:00,93.849,2
27-06-2009 00:00,92.051,2
28-06-2009 00:00,85.139,2
29-06-2009 00:00,79.605,2
30-06-2009 00:00,71.307,2
01-07-2009 00:00,70.008,2
02-07-2009 00:00,66.057,2
03-07-2009 00:00,66.177,2
04-07-2009 00:00,63.697,2
05-07-2009 00:00,63.472,2
06-07-2009 00:00,61.723,2
07-07-2009 00:00,64.581,2
08-07-2009 00:00,59.022,2
09-07-2009 00:00,62.205,2
10-07-2009 00:00,60.081,2
11-07-2009 00:00,73.334,2
12-07-2009 00:00,62.331,2
13-07-2009 00:00,63.479,2
14-07-2009 00:00,60.971,2
15-07-2009 00:00,58.143,2
16-07-2009 00:00,54.591,2
17-07-2009 00:00,52.893,2
18-07-2009 00:00,56.153,2
19-07-2009 00:00,57.99,2
20-07-2009 00:00,54.121,2
21-07-2009 00:00,53.24,2
22-07-2009 00:00,52.44,2
23-07-2009 00:00,63.76,2
24-07-2009 00:00,65.999,2
25-07-2009 00:00,64.127,2
26-07-2009 00:00,57.802,2
27-07-2009 00:00,56.297,2
28-07-2009 00:00,53.288,2
29-07-2009 00:00,51.717,2
30-07-2009 00:00,51.518,2
31-07-2009 00:00,53.105,2
01-08-2009 00:00,50.96,2
02-08-2009 00:00,49.585,2
03-08-2009 00:00,50.995,2
04-08-2009 00:00,55.242,2
05-08-2009 00:00,56.023,2
06-08-2009 00:00,54.238,2
07-08-2009 00:00,51.677,2
08-08-2009 00:00,51.731,2
09-08-2009 00:00,51.868,2
10-08-2009 00:00,50.687,2
11-08-2009 00:00,56.099,2
12-08-2009 00:00,58.801,2
13-08-2009 00:00,63.064,2
14-08-2009 00:00,55.233,2
15-08-2009 00:00,61.963,2
16-08-2009 00:00,57.994,2
17-08-2009 00:00,55.041,2
18-08-2009 00:00,62.009,2
19-08-2009 00:00,52.271,2
20-08-2009 00:00,49.943,2
21-08-2009 00:00,47.763,2
22-08-2009 00:00,50.673,2
23-08-2009 00:00,47.587,2
24-08-2009 00:00,45.632,2
25-08-2009 00:00,46.297,2
26-08-2009 00:00,46.951,2
27-08-2009 00:00,48.503,2
28-08-2009 00:00,45.426,2
29-08-2009 00:00,43.97,2
30-08-2009 00:00,46.692,2
31-08-2009 00:00,47.443,2
01-09-2009 00:00,47.538,2
02-09-2009 00:00,52.223,2
03-09-2009 00:00,52.624,2
04-09-2009 00:00,54.519,2
05-09-2009 00:00,51.081,2
06-09-2009 00:00,51.606,2
07-09-2009 00:00,50.89,2
08-09-2009 00:00,48.685,2
09-09-2009 00:00,50.936,2
10-09-2009 00:00,49.9,2
11-09-2009 00:00,53.64,2
12-09-2009 00:00,51.803,2
13-09-2009 00:00,52.961,2
14-09-2009 00:00,48.569,2
15-09-2009 00:00,50.69,2
16-09-2009 00:00,47.829,2
17-09-2009 00:00,48.521,2
18-09-2009 00:00,48.193,2
19-09-2009 00:00,45.631,2
20-09-2009 00:00,43.743,2
21-09-2009 00:00,45.619,2
22-09-2009 00:00,44.605,2
23-09-2009 00:00,44.824,2
24-09-2009 00:00,43.878,2
25-09-2009 00:00,45.1,2
26-09-2009 00:00,44.106,2
27-09-2009 00:00,45.081,2
28-09-2009 00:00,45.136,2
29-09-2009 00:00,43.69,2
30-09-2009 00:00,45.369,2
01-10-2009 00:00,46.383,2
02-10-2009 00:00,47.997,2
03-10-2009 00:00,62.624,2
04-10-2009 00:00,60.711,2
05-10-2009 00:00,53.904,2
06-10-2009 00:00,49.38,2
07-10-2009 00:00,53.011,2
08-10-2009 00:00,53.212,2
09-10-2009 00:00,50.406,2
10-10-2009 00:00,49.971,2
11-10-2009 00:00,51.276,2
12-10-2009 00:00,51.304,2
13-10-2009 00:00,49.644,2
14-10-2009 00:00,51.499,2
15-10-2009 00:00,46.123,2
16-10-2009 00:00,54.606,2
17-10-2009 00:00,56.331,2
18-10-2009 00:00,53.376,2
19-10-2009 00:00,51.551,2
20-10-2009 00:00,53.804,2
21-10-2009 00:00,50.485,2
22-10-2009 00:00,51.164,2
23-10-2009 00:00,50.123,2
24-10-2009 00:00,53.375,2
25-10-2009 00:00,52.965,2
26-10-2009 00:00,57.508,2
27-10-2009 00:00,63.571,2
28-10-2009 00:00,64.598,2
29-10-2009 00:00,67.951,2
30-10-2009 00:00,62.306,2
31-10-2009 00:00,57.704,2
01-11-2009 00:00,58.212,2
02-11-2009 00:00,68.901,2
03-11-2009 00:00,77.878,2
04-11-2009 00:00,72.739,2
05-11-2009 00:00,74.473,2
06-11-2009 00:00,77.491,2
07-11-2009 00:00,77.224,2
08-11-2009 00:00,72.762,2
09-11-2009 00:00,66.104,2
10-11-2009 00:00,99.608,2
11-11-2009 00:00,92.574,2
12-11-2009 00:00,92.933,2
13-11-2009 00:00,86.858,2
14-11-2009 00:00,109.837,2
15-11-2009 00:00,111.13,2
16-11-2009 00:00,110.131,2
17-11-2009 00:00,113.666,2
18-11-2009 00:00,118.344,2
19-11-2009 00:00,125.553,2
20-11-2009 00:00,122.586,2
21-11-2009 00:00,115.648,2
22-11-2009 00:00,106.234,2
23-11-2009 00:00,114.818,2
24-11-2009 00:00,110.616,2
25-11-2009 00:00,117.111,2
26-11-2009 00:00,116.354,2
27-11-2009 00:00,115.504,2
28-11-2009 00:00,118.946,2
29-11-2009 00:00,119.347,2
30-11-2009 00:00,120.614,2
01-12-2009 00:00,115.084,2
02-12-2009 00:00,106.386,2
03-12-2009 00:00,99.062,2
04-12-2009 00:00,98.276,2
05-12-2009 00:00,97.649,2
06-12-2009 00:00,96.187,2
07-12-2009 00:00,106.868,2
08-12-2009 00:00,106.241,2
09-12-2009 00:00,96.223,2
10-12-2009 00:00,106.763,2
11-12-2009 00:00,121.009,2
12-12-2009 00:00,118.999,2
13-12-2009 00:00,117.467,2
14-12-2009 00:00,101.214,2
15-12-2009 00:00,108.656,2
16-12-2009 00:00,174.45,2
17-12-2009 00:00,181.378,2
18-12-2009 00:00,163.595,2
19-12-2009 00:00,146.991,2
20-12-2009 00:00,135.481,2
21-12-2009 00:00,125.94,2
22-12-2009 00:00,121.23,2
23-12-2009 00:00,117.249,2
24-12-2009 00:00,118.533,2
25-12-2009 00:00,184.103,2
26-12-2009 00:00,334.897,2
27-12-2009 00:00,353.593,2
28-12-2009 00:00,328.752,2
29-12-2009 00:00,285.841,2
30-12-2009 00:00,230.144,2
31-12-2009 00:00,201,2
01-01-2010 00:00,163.842,2
02-01-2010 00:00,146.478,2
03-01-2010 00:00,126.145,2
04-01-2010 00:00,116.542,2
05-01-2010 00:00,119.29,2
06-01-2010 00:00,110.693,2
07-01-2010 00:00,102.472,2
08-01-2010 00:00,95.705,2
09-01-2010 00:00,92.411,2
10-01-2010 00:00,93.241,2
11-01-2010 00:00,92.113,2
12-01-2010 00:00,95.886,2
13-01-2010 00:00,95.92,2
14-01-2010 00:00,90.798,2
15-01-2010 00:00,93.237,2
16-01-2010 00:00,90.657,2
17-01-2010 00:00,90.466,2
18-01-2010 00:00,87.923,2
19-01-2010 00:00,85.677,2
20-01-2010 00:00,88.811,2
21-01-2010 00:00,85.729,2
22-01-2010 00:00,88.071,2
23-01-2010 00:00,83.334,2
24-01-2010 00:00,84.983,2
25-01-2010 00:00,79.748,2
26-01-2010 00:00,76.209,2
27-01-2010 00:00,76.45,2
28-01-2010 00:00,85.464,2
29-01-2010 00:00,82.355,2
30-01-2010 00:00,79.297,2
31-01-2010 00:00,79.976,2
01-02-2010 00:00,81.348,2
02-02-2010 00:00,75.018,2
03-02-2010 00:00,78.307,2
04-02-2010 00:00,76.6,2
05-02-2010 00:00,76.924,2
06-02-2010 00:00,82.25,2
07-02-2010 00:00,85.712,2
08-02-2010 00:00,86.094,2
09-02-2010 00:00,84.916,2
10-02-2010 00:00,80.826,2
11-02-2010 00:00,75.651,2
12-02-2010 00:00,78.329,2
13-02-2010 00:00,79.453,2
14-02-2010 00:00,77.675,2
15-02-2010 00:00,77.303,2
16-02-2010 00:00,74.67,2
17-02-2010 00:00,76.802,2
18-02-2010 00:00,80.043,2
19-02-2010 00:00,85.663,2
20-02-2010 00:00,82.861,2
21-02-2010 00:00,85.179,2
22-02-2010 00:00,78.025,2
23-02-2010 00:00,83.975,2
24-02-2010 00:00,77.747,2
25-02-2010 00:00,86.655,2
26-02-2010 00:00,110.678,2
27-02-2010 00:00,210.102,2
28-02-2010 00:00,320.63,2
01-03-2010 00:00,397.964,2
02-03-2010 00:00,325.197,2
03-03-2010 00:00,267.074,2
04-03-2010 00:00,212.259,2
05-03-2010 00:00,180.231,2
06-03-2010 00:00,146.165,2
07-03-2010 00:00,141.168,2
08-03-2010 00:00,126.228,2
09-03-2010 00:00,126.285,2
10-03-2010 00:00,116.2,2
11-03-2010 00:00,114.054,2
12-03-2010 00:00,131.97,2
13-03-2010 00:00,150.597,2
14-03-2010 00:00,160.381,2
15-03-2010 00:00,155.297,2
16-03-2010 00:00,141.767,2
17-03-2010 00:00,140.657,2
18-03-2010 00:00,164.846,2
19-03-2010 00:00,187.963,2
20-03-2010 00:00,228.41,2
21-03-2010 00:00,321.391,2
22-03-2010 00:00,303.422,2
23-03-2010 00:00,252.277,2
24-03-2010 00:00,226.522,2
25-03-2010 00:00,197.935,2
26-03-2010 00:00,187.896,2
27-03-2010 00:00,306.326,2
28-03-2010 00:00,313.226,2
29-03-2010 00:00,258.234,2
30-03-2010 00:00,213.023,2
31-03-2010 00:00,223.082,2
01-04-2010 00:00,210.472,2
02-04-2010 00:00,190.422,2
03-04-2010 00:00,176.937,2
04-04-2010 00:00,174.006,2
05-04-2010 00:00,187.691,2
06-04-2010 00:00,170.735,2
07-04-2010 00:00,157.995,2
08-04-2010 00:00,150.517,2
09-04-2010 00:00,149.322,2
10-04-2010 00:00,141.617,2
11-04-2010 00:00,137.011,2
12-04-2010 00:00,127.699,2
13-04-2010 00:00,127.434,2
14-04-2010 00:00,117.551,2
15-04-2010 00:00,119.91,2
16-04-2010 00:00,122.701,2
17-04-2010 00:00,110.055,2
18-04-2010 00:00,107.065,2
19-04-2010 00:00,104.201,2
20-04-2010 00:00,103.554,2
21-04-2010 00:00,124.238,2
22-04-2010 00:00,113.561,2
23-04-2010 00:00,117.791,2
24-04-2010 00:00,103.838,2
25-04-2010 00:00,102.687,2
26-04-2010 00:00,150.616,2
27-04-2010 00:00,360.853,2
28-04-2010 00:00,354.155,2
29-04-2010 00:00,351.866,2
30-04-2010 00:00,170.817,2
01-05-2010 00:00,60.246,2
02-05-2010 00:00,52.538,2
03-05-2010 00:00,51.216,2
04-05-2010 00:00,45.865,2
05-05-2010 00:00,88.154,2
06-05-2010 00:00,97.315,2
07-05-2010 00:00,100.146,2
08-05-2010 00:00,96.705,2
09-05-2010 00:00,93.426,2
10-05-2010 00:00,91.986,2
11-05-2010 00:00,92.592,2
12-05-2010 00:00,148.195,2
13-05-2010 00:00,155.333,2
14-05-2010 00:00,136.775,2
15-05-2010 00:00,200.638,2
16-05-2010 00:00,294.909,2
17-05-2010 00:00,206.267,2
18-05-2010 00:00,171.829,2
19-05-2010 00:00,149.24,2
20-05-2010 00:00,139.322,2
21-05-2010 00:00,129.979,2
22-05-2010 00:00,126.037,2
23-05-2010 00:00,111.594,2
24-05-2010 00:00,105.059,2
25-05-2010 00:00,105.152,2
26-05-2010 00:00,96.06,2
27-05-2010 00:00,91.936,2
28-05-2010 00:00,91.193,2
29-05-2010 00:00,91.303,2
30-05-2010 00:00,85.171,2
31-05-2010 00:00,83.347,2
01-06-2010 00:00,87.049,2
02-06-2010 00:00,75.942,2
03-06-2010 00:00,80.245,2
04-06-2010 00:00,71.579,2
05-06-2010 00:00,71.662,2
06-06-2010 00:00,68.476,2
07-06-2010 00:00,147.953,2
08-06-2010 00:00,175.401,2
09-06-2010 00:00,150.467,2
10-06-2010 00:00,165.001,2
11-06-2010 00:00,247.926,2
12-06-2010 00:00,350.6,2
13-06-2010 00:00,256.802,2
14-06-2010 00:00,183.366,2
15-06-2010 00:00,149.894,2
16-06-2010 00:00,126.289,2
17-06-2010 00:00,116.182,2
18-06-2010 00:00,109.136,2
19-06-2010 00:00,102.268,2
20-06-2010 00:00,100.812,2
21-06-2010 00:00,95.611,2
22-06-2010 00:00,88.223,2
23-06-2010 00:00,78.949,2
24-06-2010 00:00,83.979,2
25-06-2010 00:00,77.921,2
26-06-2010 00:00,72.238,2
27-06-2010 00:00,73.87,2
28-06-2010 00:00,70.467,2
29-06-2010 00:00,65.183,2
30-06-2010 00:00,70.01,2
01-07-2010 00:00,64.188,2
02-07-2010 00:00,62.827,2
03-07-2010 00:00,58.611,2
04-07-2010 00:00,57.223,2
05-07-2010 00:00,58.826,2
06-07-2010 00:00,59.13,2
07-07-2010 00:00,53.628,2
08-07-2010 00:00,53.556,2
09-07-2010 00:00,52.362,2
10-07-2010 00:00,49.333,2
11-07-2010 00:00,50.248,2
12-07-2010 00:00,50.889,2
13-07-2010 00:00,87.099,2
14-07-2010 00:00,67.047,2
15-07-2010 00:00,56.095,2
16-07-2010 00:00,53.216,2
17-07-2010 00:00,53.71,2
18-07-2010 00:00,53.783,2
19-07-2010 00:00,46.692,2
20-07-2010 00:00,49.966,2
21-07-2010 00:00,49.505,2
22-07-2010 00:00,49.795,2
23-07-2010 00:00,45.847,2
24-07-2010 00:00,47.974,2
25-07-2010 00:00,44.915,2
26-07-2010 00:00,42.986,2
27-07-2010 00:00,44.372,2
28-07-2010 00:00,44.923,2
29-07-2010 00:00,56.224,2
30-07-2010 00:00,84.881,2
31-07-2010 00:00,62.186,2
01-08-2010 00:00,53.523,2
02-08-2010 00:00,52.552,2
03-08-2010 00:00,52.076,2
04-08-2010 00:00,48.509,2
05-08-2010 00:00,48.617,2
06-08-2010 00:00,49.889,2
07-08-2010 00:00,47.921,2
08-08-2010 00:00,61.071,2
09-08-2010 00:00,92.89,2
10-08-2010 00:00,75.066,2
11-08-2010 00:00,65.991,2
12-08-2010 00:00,84.787,2
13-08-2010 00:00,199.263,2
14-08-2010 00:00,178.496,2
15-08-2010 00:00,375.354,2
16-08-2010 00:00,326.212,2
17-08-2010 00:00,340.567,2
18-08-2010 00:00,404.367,2
19-08-2010 00:00,310.281,2
20-08-2010 00:00,269.945,2
21-08-2010 00:00,202.706,2
22-08-2010 00:00,203.171,2
23-08-2010 00:00,201.351,2
24-08-2010 00:00,238.833,2
25-08-2010 00:00,188.632,2
26-08-2010 00:00,155.384,2
27-08-2010 00:00,141.139,2
28-08-2010 00:00,133.312,2
29-08-2010 00:00,171.749,2
30-08-2010 00:00,216.911,2
31-08-2010 00:00,172.525,2
01-09-2010 00:00,150.228,2
02-09-2010 00:00,139.86,2
03-09-2010 00:00,127.335,2
04-09-2010 00:00,115.129,2
05-09-2010 00:00,108.691,2
06-09-2010 00:00,101.16,2
07-09-2010 00:00,98.505,2
08-09-2010 00:00,92.502,2
09-09-2010 00:00,90.425,2
10-09-2010 00:00,98.939,2
11-09-2010 00:00,106.068,2
12-09-2010 00:00,104.402,2
13-09-2010 00:00,132.368,2
14-09-2010 00:00,141.195,2
15-09-2010 00:00,150.082,2
16-09-2010 00:00,137.413,2
17-09-2010 00:00,123.924,2
18-09-2010 00:00,116.92,2
19-09-2010 00:00,107.918,2
20-09-2010 00:00,124.289,2
21-09-2010 00:00,160.761,2
22-09-2010 00:00,143.283,2
23-09-2010 00:00,128.44,2
24-09-2010 00:00,121.567,2
25-09-2010 00:00,132.145,2
26-09-2010 00:00,122.882,2
27-09-2010 00:00,119.427,2
28-09-2010 00:00,108.386,2
29-09-2010 00:00,103.124,2
30-09-2010 00:00,98.085,2
01-10-2010 00:00,94.595,2
02-10-2010 00:00,92.279,2
03-10-2010 00:00,90.085,2
04-10-2010 00:00,88.37,2
05-10-2010 00:00,85.063,2
06-10-2010 00:00,84.364,2
07-10-2010 00:00,143.726,2
08-10-2010 00:00,156.475,2
09-10-2010 00:00,135.211,2
10-10-2010 00:00,123.227,2
11-10-2010 00:00,114.072,2
12-10-2010 00:00,106.088,2
13-10-2010 00:00,105.093,2
14-10-2010 00:00,102.412,2
15-10-2010 00:00,96.813,2
16-10-2010 00:00,93.348,2
17-10-2010 00:00,89.554,2
18-10-2010 00:00,90.552,2
19-10-2010 00:00,103.827,2
20-10-2010 00:00,102.061,2
21-10-2010 00:00,109.513,2
22-10-2010 00:00,109.198,2
23-10-2010 00:00,135.658,2
24-10-2010 00:00,176.648,2
25-10-2010 00:00,187.211,2
26-10-2010 00:00,205.392,2
27-10-2010 00:00,210.265,2
28-10-2010 00:00,244.254,2
29-10-2010 00:00,216.414,2
30-10-2010 00:00,196.779,2
31-10-2010 00:00,217.264,2
01-11-2010 00:00,207.621,2
02-11-2010 00:00,193.613,2
03-11-2010 00:00,218.852,2
04-11-2010 00:00,233.373,2
05-11-2010 00:00,312.652,2
06-11-2010 00:00,324.227,2
07-11-2010 00:00,300.249,2
08-11-2010 00:00,281.86,2
09-11-2010 00:00,272.722,2
10-11-2010 00:00,235.25,2
11-11-2010 00:00,216.883,2
12-11-2010 00:00,254.432,2
13-11-2010 00:00,255.078,2
14-11-2010 00:00,231.094,2
15-11-2010 00:00,251.472,2
16-11-2010 00:00,233.047,2
17-11-2010 00:00,214.859,2
18-11-2010 00:00,204.06,2
19-11-2010 00:00,209.123,2
20-11-2010 00:00,278.687,2
21-11-2010 00:00,280.363,2
22-11-2010 00:00,260.791,2
23-11-2010 00:00,365.377,2
24-11-2010 00:00,427.228,2
25-11-2010 00:00,351.826,2
26-11-2010 00:00,305.273,2
27-11-2010 00:00,284.58,2
28-11-2010 00:00,274.651,2
29-11-2010 00:00,272.717,2
30-11-2010 00:00,275.589,2
01-12-2010 00:00,247.203,2
02-12-2010 00:00,227.501,2
03-12-2010 00:00,220.55,2
04-12-2010 00:00,212.399,2
05-12-2010 00:00,208.149,2
06-12-2010 00:00,207.432,2
07-12-2010 00:00,203.778,2
08-12-2010 00:00,202.7,2
09-12-2010 00:00,203.957,2
10-12-2010 00:00,197.963,2
11-12-2010 00:00,333.782,2
12-12-2010 00:00,425.306,2
13-12-2010 00:00,370.236,2
14-12-2010 00:00,300.325,2
15-12-2010 00:00,276.111,2
16-12-2010 00:00,244.719,2
17-12-2010 00:00,204.544,2
18-12-2010 00:00,193.22,2
19-12-2010 00:00,191.416,2
20-12-2010 00:00,180.546,2
21-12-2010 00:00,171.014,2
22-12-2010 00:00,163.239,2
23-12-2010 00:00,145.215,2
24-12-2010 00:00,141.697,2
25-12-2010 00:00,157.72,2
26-12-2010 00:00,153.017,2
27-12-2010 00:00,146.585,2
28-12-2010 00:00,151.204,2
29-12-2010 00:00,155.721,2
30-12-2010 00:00,146.479,2
31-12-2010 00:00,146.46,2
01-01-2011 00:00,164.24,2
02-01-2011 00:00,159.86,2
03-01-2011 00:00,144.17,2
04-01-2011 00:00,137.35,2
05-01-2011 00:00,138.44,2
06-01-2011 00:00,134.22,2
07-01-2011 00:00,140.16,2
08-01-2011 00:00,158.56,2
09-01-2011 00:00,305.3,2
10-01-2011 00:00,284.27,2
11-01-2011 00:00,299.58,2
12-01-2011 00:00,263.72,2
13-01-2011 00:00,241.85,2
14-01-2011 00:00,245.36,2
15-01-2011 00:00,411.98,2
16-01-2011 00:00,782.34,2
17-01-2011 00:00,915.62,2
18-01-2011 00:00,862.67,2
19-01-2011 00:00,702.32,2
20-01-2011 00:00,574.09,2
21-01-2011 00:00,472.69,2
22-01-2011 00:00,394.23,2
23-01-2011 00:00,363.64,2
24-01-2011 00:00,335.81,2
25-01-2011 00:00,394.34,2
26-01-2011 00:00,373.85,2
27-01-2011 00:00,326.77,2
28-01-2011 00:00,285.89,2
29-01-2011 00:00,252.58,2
30-01-2011 00:00,227.74,2
31-01-2011 00:00,209.37,2
01-02-2011 00:00,206.21,2
02-02-2011 00:00,216.5,2
03-02-2011 00:00,287.32,2
04-02-2011 00:00,340.86,2
05-02-2011 00:00,529.87,2
06-02-2011 00:00,449.94,2
07-02-2011 00:00,554.67,2
08-02-2011 00:00,462.16,2
09-02-2011 00:00,387.67,2
10-02-2011 00:00,362.22,2
11-02-2011 00:00,362.69,2
12-02-2011 00:00,323.74,2
13-02-2011 00:00,283.44,2
14-02-2011 00:00,242.64,2
15-02-2011 00:00,214.87,2
16-02-2011 00:00,205.28,2
17-02-2011 00:00,196.65,2
18-02-2011 00:00,180.2,2
19-02-2011 00:00,177.05,2
20-02-2011 00:00,159.72,2
21-02-2011 00:00,150.81,2
22-02-2011 00:00,148.86,2
23-02-2011 00:00,142.48,2
24-02-2011 00:00,143.67,2
25-02-2011 00:00,141.87,2
26-02-2011 00:00,130.77,2
27-02-2011 00:00,132.94,2
28-02-2011 00:00,130.26,2
01-03-2011 00:00,134.82,2
02-03-2011 00:00,126.48,2
03-03-2011 00:00,131.19,2
04-03-2011 00:00,130.03,2
05-03-2011 00:00,139.47,2
06-03-2011 00:00,140.55,2
07-03-2011 00:00,129.63,2
08-03-2011 00:00,131.61,2
09-03-2011 00:00,133.89,2
10-03-2011 00:00,157.59,2
11-03-2011 00:00,166.94,2
12-03-2011 00:00,165.74,2
13-03-2011 00:00,166.82,2
14-03-2011 00:00,174.98,2
15-03-2011 00:00,172.57,2
16-03-2011 00:00,168.57,2
17-03-2011 00:00,166.27,2
18-03-2011 00:00,190.11,2
19-03-2011 00:00,188.91,2
20-03-2011 00:00,179.12,2
21-03-2011 00:00,171.25,2
22-03-2011 00:00,176.86,2
23-03-2011 00:00,165.87,2
24-03-2011 00:00,167.51,2
25-03-2011 00:00,166.17,2
26-03-2011 00:00,148.41,2
27-03-2011 00:00,144.54,2
28-03-2011 00:00,137.14,2
29-03-2011 00:00,131.63,2
30-03-2011 00:00,132.73,2
31-03-2011 00:00,148.99,2
01-04-2011 00:00,178.92,2
02-04-2011 00:00,166.75,2
03-04-2011 00:00,149.24,2
04-04-2011 00:00,152.38,2
05-04-2011 00:00,154.82,2
06-04-2011 00:00,153.96,2
07-04-2011 00:00,146.84,2
08-04-2011 00:00,134.55,2
09-04-2011 00:00,132.21,2
10-04-2011 00:00,124.14,2
11-04-2011 00:00,118.58,2
12-04-2011 00:00,142.5,2
13-04-2011 00:00,259.52,2
14-04-2011 00:00,230.04,2
15-04-2011 00:00,194.45,2
16-04-2011 00:00,176.83,2
17-04-2011 00:00,158.58,2
18-04-2011 00:00,157.09,2
19-04-2011 00:00,145.6,2
20-04-2011 00:00,136.79,2
21-04-2011 00:00,126.41,2
22-04-2011 00:00,129.41,2
23-04-2011 00:00,114.53,2
24-04-2011 00:00,119.8,2
25-04-2011 00:00,107.29,2
26-04-2011 00:00,107.32,2
27-04-2011 00:00,105.36,2
28-04-2011 00:00,92.62,2
29-04-2011 00:00,96.88,2
30-04-2011 00:00,94.75,2
01-05-2011 00:00,89.68,2
02-05-2011 00:00,88.34,2
03-05-2011 00:00,87.32,2
04-05-2011 00:00,92.94,2
05-05-2011 00:00,90.67,2
06-05-2011 00:00,86.56,2
07-05-2011 00:00,87.25,2
08-05-2011 00:00,75.04,2
09-05-2011 00:00,77.33,2
10-05-2011 00:00,76.27,2
11-05-2011 00:00,74.19,2
12-05-2011 00:00,72.46,2
13-05-2011 00:00,72.86,2
14-05-2011 00:00,75.44,2
15-05-2011 00:00,86.53,2
16-05-2011 00:00,72.94,2
17-05-2011 00:00,108.74,2
18-05-2011 00:00,100.08,2
19-05-2011 00:00,82.19,2
20-05-2011 00:00,85.72,2
21-05-2011 00:00,77.51,2
22-05-2011 00:00,76.38,2
23-05-2011 00:00,80.7,2
24-05-2011 00:00,74.74,2
25-05-2011 00:00,77.92,2
26-05-2011 00:00,73.89,2
27-05-2011 00:00,86.09,2
28-05-2011 00:00,81.24,2
29-05-2011 00:00,89.99,2
30-05-2011 00:00,89.53,2
31-05-2011 00:00,82.03,2
01-06-2011 00:00,83.52,2
02-06-2011 00:00,74.41,2
03-06-2011 00:00,68.83,2
04-06-2011 00:00,69.68,2
05-06-2011 00:00,62.57,2
06-06-2011 00:00,72.2,2
07-06-2011 00:00,142.46,2
08-06-2011 00:00,95.18,2
09-06-2011 00:00,143.37,2
10-06-2011 00:00,108.27,2
11-06-2011 00:00,87.74,2
12-06-2011 00:00,82.02,2
13-06-2011 00:00,70.9,2
14-06-2011 00:00,77.77,2
15-06-2011 00:00,65.29,2
16-06-2011 00:00,66.75,2
17-06-2011 00:00,73.29,2
18-06-2011 00:00,73.69,2
19-06-2011 00:00,74.36,2
20-06-2011 00:00,83.28,2
21-06-2011 00:00,71.49,2
22-06-2011 00:00,68.12,2
23-06-2011 00:00,89.7,2
24-06-2011 00:00,71.62,2
25-06-2011 00:00,64.53,2
26-06-2011 00:00,63.77,2
27-06-2011 00:00,62.76,2
28-06-2011 00:00,56.52,2
29-06-2011 00:00,53.54,2
30-06-2011 00:00,53.72,2
01-07-2011 00:00,58.89,2
02-07-2011 00:00,83.9,2
03-07-2011 00:00,79.96,2
04-07-2011 00:00,73.69,2
05-07-2011 00:00,60.84,2
06-07-2011 00:00,55.04,2
07-07-2011 00:00,50.76,2
08-07-2011 00:00,57.33,2
09-07-2011 00:00,71.15,2
10-07-2011 00:00,69.57,2
11-07-2011 00:00,63.63,2
12-07-2011 00:00,56.64,2
13-07-2011 00:00,53.1,2
14-07-2011 00:00,73.74,2
15-07-2011 00:00,137.4,2
16-07-2011 00:00,135.72,2
17-07-2011 00:00,114.63,2
18-07-2011 00:00,103.49,2
19-07-2011 00:00,95.11,2
20-07-2011 00:00,80.6,2
21-07-2011 00:00,71.91,2
22-07-2011 00:00,145.68,2
23-07-2011 00:00,210.72,2
24-07-2011 00:00,237.25,2
25-07-2011 00:00,231.04,2
26-07-2011 00:00,204.85,2
27-07-2011 00:00,161.51,2
28-07-2011 00:00,128,2
29-07-2011 00:00,112.12,2
30-07-2011 00:00,101.66,2
31-07-2011 00:00,89.09,2
01-08-2011 00:00,84.1,2
02-08-2011 00:00,134.42,2
03-08-2011 00:00,144.03,2
04-08-2011 00:00,124.52,2
05-08-2011 00:00,103.45,2
06-08-2011 00:00,93.05,2
07-08-2011 00:00,86.51,2
08-08-2011 00:00,98.82,2
09-08-2011 00:00,165.29,2
10-08-2011 00:00,189.15,2
11-08-2011 00:00,184.47,2
12-08-2011 00:00,177.17,2
13-08-2011 00:00,158.58,2
14-08-2011 00:00,134.65,2
15-08-2011 00:00,189.14,2
16-08-2011 00:00,240.75,2
17-08-2011 00:00,240.4,2
18-08-2011 00:00,200.89,2
19-08-2011 00:00,160.69,2
20-08-2011 00:00,128.89,2
21-08-2011 00:00,106.04,2
22-08-2011 00:00,94.09,2
23-08-2011 00:00,85.03,2
24-08-2011 00:00,90.13,2
25-08-2011 00:00,86.95,2
26-08-2011 00:00,84.98,2
27-08-2011 00:00,247.34,2
28-08-2011 00:00,462.74,2
29-08-2011 00:00,599.38,2
30-08-2011 00:00,661.59,2
31-08-2011 00:00,643.71,2
01-09-2011 00:00,587.02,2
02-09-2011 00:00,513.37,2
03-09-2011 00:00,423.46,2
04-09-2011 00:00,319.88,2
05-09-2011 00:00,270.88,2
06-09-2011 00:00,297.67,2
07-09-2011 00:00,304.92,2
08-09-2011 00:00,319.47,2
09-09-2011 00:00,304.94,2
10-09-2011 00:00,259.77,2
11-09-2011 00:00,220.99,2
12-09-2011 00:00,258.52,2
13-09-2011 00:00,291.75,2
14-09-2011 00:00,272.29,2
15-09-2011 00:00,236.26,2
16-09-2011 00:00,208.38,2
17-09-2011 00:00,184.43,2
18-09-2011 00:00,176.01,2
19-09-2011 00:00,180,2
20-09-2011 00:00,183,2
21-09-2011 00:00,162,2
22-09-2011 00:00,145,2
23-09-2011 00:00,126.48,2
24-09-2011 00:00,118.91,2
25-09-2011 00:00,110.97,2
26-09-2011 00:00,106.92,2
27-09-2011 00:00,100.72,2
28-09-2011 00:00,99.48,2
29-09-2011 00:00,101.81,2
30-09-2011 00:00,99.05,2
01-10-2011 00:00,98.22,2
02-10-2011 00:00,97.82,2
03-10-2011 00:00,95.98,2
04-10-2011 00:00,93.62,2
05-10-2011 00:00,91.61,2
06-10-2011 00:00,120.05,2
07-10-2011 00:00,133.43,2
08-10-2011 00:00,136.92,2
09-10-2011 00:00,129.51,2
10-10-2011 00:00,189.77,2
11-10-2011 00:00,240.36,2
12-10-2011 00:00,182.25,2
13-10-2011 00:00,150.46,2
14-10-2011 00:00,134.18,2
15-10-2011 00:00,125.72,2
16-10-2011 00:00,124.81,2
17-10-2011 00:00,120.48,2
18-10-2011 00:00,134.24,2
19-10-2011 00:00,149.69,2
20-10-2011 00:00,129.54,2
21-10-2011 00:00,119.86,2
22-10-2011 00:00,112.78,2
23-10-2011 00:00,110.75,2
24-10-2011 00:00,109.58,2
25-10-2011 00:00,111.78,2
26-10-2011 00:00,112.54,2
27-10-2011 00:00,114.95,2
28-10-2011 00:00,115.85,2
29-10-2011 00:00,108.61,2
30-10-2011 00:00,107.08,2
31-10-2011 00:00,105.2,2
01-11-2011 00:00,106.86,2
02-11-2011 00:00,101.48,2
03-11-2011 00:00,96.85,2
04-11-2011 00:00,96.58,2
05-11-2011 00:00,97.58,2
06-11-2011 00:00,93.25,2
07-11-2011 00:00,95.45,2
08-11-2011 00:00,90.68,2
09-11-2011 00:00,93.59,2
10-11-2011 00:00,93.15,2
11-11-2011 00:00,91.57,2
12-11-2011 00:00,89.87,2
13-11-2011 00:00,89.6,2
14-11-2011 00:00,90.34,2
15-11-2011 00:00,88.79,2
16-11-2011 00:00,88.76,2
17-11-2011 00:00,86.44,2
18-11-2011 00:00,86.64,2
19-11-2011 00:00,84.43,2
20-11-2011 00:00,81.87,2
21-11-2011 00:00,79.87,2
22-11-2011 00:00,78.28,2
23-11-2011 00:00,80,2
24-11-2011 00:00,74.98,2
25-11-2011 00:00,78.68,2
26-11-2011 00:00,83.23,2
27-11-2011 00:00,86.6,2
28-11-2011 00:00,84.26,2
29-11-2011 00:00,85.02,2
30-11-2011 00:00,82.51,2
01-12-2011 00:00,80.35,2
02-12-2011 00:00,100.12,2
03-12-2011 00:00,113.68,2
04-12-2011 00:00,154.52,2
05-12-2011 00:00,149.42,2
06-12-2011 00:00,131.76,2
07-12-2011 00:00,130.31,2
08-12-2011 00:00,125.69,2
09-12-2011 00:00,191.08,2
10-12-2011 00:00,168.99,2
11-12-2011 00:00,149.18,2
12-12-2011 00:00,141.39,2
13-12-2011 00:00,150.09,2
14-12-2011 00:00,166.11,2
15-12-2011 00:00,192.4,2
16-12-2011 00:00,188.21,2
17-12-2011 00:00,161.63,2
18-12-2011 00:00,152.16,2
19-12-2011 00:00,153.09,2
20-12-2011 00:00,144.17,2
21-12-2011 00:00,138.52,2
22-12-2011 00:00,142.23,2
23-12-2011 00:00,141.02,2
24-12-2011 00:00,170.33,2
25-12-2011 00:00,188.86,2
26-12-2011 00:00,178.83,2
27-12-2011 00:00,176.03,2
28-12-2011 00:00,166.44,2
29-12-2011 00:00,162.72,2
30-12-2011 00:00,154.06,2
31-12-2011 00:00,148,2
01-01-2012 00:00,180.125,2
02-01-2012 00:00,285.968,2
03-01-2012 00:00,279.843,2
04-01-2012 00:00,348.826,2
05-01-2012 00:00,491.899,2
06-01-2012 00:00,569.925,2
07-01-2012 00:00,513.209,2
08-01-2012 00:00,456.585,2
09-01-2012 00:00,382.986,2
10-01-2012 00:00,392.645,2
11-01-2012 00:00,348.073,2
12-01-2012 00:00,325.875,2
13-01-2012 00:00,300.018,2
14-01-2012 00:00,236.655,2
15-01-2012 00:00,214.518,2
16-01-2012 00:00,202.862,2
17-01-2012 00:00,202.572,2
18-01-2012 00:00,201.764,2
19-01-2012 00:00,251.527,2
20-01-2012 00:00,308.057,2
21-01-2012 00:00,270.259,2
22-01-2012 00:00,318.297,2
23-01-2012 00:00,307.917,2
24-01-2012 00:00,230.001,2
25-01-2012 00:00,191.282,2
26-01-2012 00:00,176.925,2
27-01-2012 00:00,170.071,2
28-01-2012 00:00,158.538,2
29-01-2012 00:00,157.987,2
30-01-2012 00:00,143.727,2
31-01-2012 00:00,135.752,2
01-02-2012 00:00,130.628,2
02-02-2012 00:00,123.858,2
03-02-2012 00:00,110.385,2
04-02-2012 00:00,106.96,2
05-02-2012 00:00,101.518,2
06-02-2012 00:00,99.329,2
07-02-2012 00:00,95.235,2
08-02-2012 00:00,95.733,2
09-02-2012 00:00,95.768,2
10-02-2012 00:00,94.232,2
11-02-2012 00:00,91.138,2
12-02-2012 00:00,92.641,2
13-02-2012 00:00,92.753,2
14-02-2012 00:00,93.998,2
15-02-2012 00:00,100.475,2
16-02-2012 00:00,99.079,2
17-02-2012 00:00,281.023,2
18-02-2012 00:00,261.785,2
19-02-2012 00:00,338.201,2
20-02-2012 00:00,196.427,2
21-02-2012 00:00,232.206,2
22-02-2012 00:00,254.841,2
23-02-2012 00:00,320.619,2
24-02-2012 00:00,287.419,2
25-02-2012 00:00,256.987,2
26-02-2012 00:00,218.547,2
27-02-2012 00:00,211.732,2
28-02-2012 00:00,269.153,2
29-02-2012 00:00,291.298,2
01-03-2012 00:00,284.946,2
02-03-2012 00:00,264.835,2
03-03-2012 00:00,232.249,2
04-03-2012 00:00,218.254,2
05-03-2012 00:00,204.119,2
06-03-2012 00:00,184.631,2
07-03-2012 00:00,179.518,2
08-03-2012 00:00,203.224,2
09-03-2012 00:00,193.606,2
10-03-2012 00:00,220.048,2
11-03-2012 00:00,215.886,2
12-03-2012 00:00,195.592,2
13-03-2012 00:00,191.366,2
14-03-2012 00:00,170.626,2
15-03-2012 00:00,168.017,2
16-03-2012 00:00,158.593,2
17-03-2012 00:00,155.682,2
18-03-2012 00:00,178.265,2
19-03-2012 00:00,175.844,2
20-03-2012 00:00,159.065,2
21-03-2012 00:00,156.526,2
22-03-2012 00:00,148.719,2
23-03-2012 00:00,148.185,2
24-03-2012 00:00,138.533,2
25-03-2012 00:00,144.361,2
26-03-2012 00:00,128.714,2
27-03-2012 00:00,135.805,2
28-03-2012 00:00,129.538,2
29-03-2012 00:00,134.763,2
30-03-2012 00:00,125.357,2
31-03-2012 00:00,117.821,2
01-04-2012 00:00,111.37,2
02-04-2012 00:00,120.449,2
03-04-2012 00:00,112.65,2
04-04-2012 00:00,109.656,2
05-04-2012 00:00,101.32,2
06-04-2012 00:00,116.306,2
07-04-2012 00:00,117.448,2
08-04-2012 00:00,113.701,2
09-04-2012 00:00,103.165,2
10-04-2012 00:00,124.29,2
11-04-2012 00:00,126.669,2
12-04-2012 00:00,116.218,2
13-04-2012 00:00,110.971,2
14-04-2012 00:00,110.498,2
15-04-2012 00:00,106.297,2
16-04-2012 00:00,100.89,2
17-04-2012 00:00,98.332,2
18-04-2012 00:00,97.428,2
19-04-2012 00:00,90.268,2
20-04-2012 00:00,99.618,2
21-04-2012 00:00,94.986,2
22-04-2012 00:00,113.761,2
23-04-2012 00:00,115.932,2
24-04-2012 00:00,109.321,2
25-04-2012 00:00,198.009,2
26-04-2012 00:00,186.353,2
27-04-2012 00:00,161.497,2
28-04-2012 00:00,137.445,2
29-04-2012 00:00,135.509,2
30-04-2012 00:00,121.113,2
01-05-2012 00:00,111.374,2
02-05-2012 00:00,100.992,2
03-05-2012 00:00,103.569,2
04-05-2012 00:00,97.327,2
05-05-2012 00:00,99.857,2
06-05-2012 00:00,91.969,2
07-05-2012 00:00,87.121,2
08-05-2012 00:00,85.242,2
09-05-2012 00:00,84.345,2
10-05-2012 00:00,95.38,2
11-05-2012 00:00,98.319,2
12-05-2012 00:00,90.781,2
13-05-2012 00:00,86.664,2
14-05-2012 00:00,83.252,2
15-05-2012 00:00,80.59,2
16-05-2012 00:00,85.127,2
17-05-2012 00:00,83.919,2
18-05-2012 00:00,77.829,2
19-05-2012 00:00,77.2,2
20-05-2012 00:00,74.014,2
21-05-2012 00:00,73.407,2
22-05-2012 00:00,69.715,2
23-05-2012 00:00,69.588,2
24-05-2012 00:00,66.556,2
25-05-2012 00:00,66.826,2
26-05-2012 00:00,65.728,2
27-05-2012 00:00,66.939,2
28-05-2012 00:00,61.201,2
29-05-2012 00:00,63.758,2
30-05-2012 00:00,70.502,2
31-05-2012 00:00,64.186,2
01-06-2012 00:00,67.086,2
02-06-2012 00:00,95.361,2
03-06-2012 00:00,74.799,2
04-06-2012 00:00,68.094,2
05-06-2012 00:00,65.089,2
06-06-2012 00:00,60.87,2
07-06-2012 00:00,63.175,2
08-06-2012 00:00,73.272,2
09-06-2012 00:00,82.569,2
10-06-2012 00:00,69.964,2
11-06-2012 00:00,66.158,2
12-06-2012 00:00,63.527,2
13-06-2012 00:00,61.828,2
14-06-2012 00:00,58.212,2
15-06-2012 00:00,57.567,2
16-06-2012 00:00,56.99,2
17-06-2012 00:00,58.858,2
18-06-2012 00:00,62.363,2
19-06-2012 00:00,61.63,2
20-06-2012 00:00,57.254,2
21-06-2012 00:00,55.227,2
22-06-2012 00:00,72.24,2
23-06-2012 00:00,83.947,2
24-06-2012 00:00,79.512,2
25-06-2012 00:00,142.24,2
26-06-2012 00:00,109.573,2
27-06-2012 00:00,89.568,2
28-06-2012 00:00,77.614,2
29-06-2012 00:00,87.785,2
30-06-2012 00:00,120.61,2
01-07-2012 00:00,87.639,2
02-07-2012 00:00,74.652,2
03-07-2012 00:00,67.263,2
04-07-2012 00:00,65.111,2
05-07-2012 00:00,62.305,2
06-07-2012 00:00,69.86,2
07-07-2012 00:00,66.8,2
08-07-2012 00:00,65.548,2
09-07-2012 00:00,63.629,2
10-07-2012 00:00,68.498,2
11-07-2012 00:00,63.638,2
12-07-2012 00:00,67.146,2
13-07-2012 00:00,71.984,2
14-07-2012 00:00,66.568,2
15-07-2012 00:00,61.184,2
16-07-2012 00:00,58.753,2
17-07-2012 00:00,65.968,2
18-07-2012 00:00,61.368,2
19-07-2012 00:00,150.012,2
20-07-2012 00:00,285.449,2
21-07-2012 00:00,150.008,2
22-07-2012 00:00,105.425,2
23-07-2012 00:00,90.954,2
24-07-2012 00:00,81.643,2
25-07-2012 00:00,74.317,2
26-07-2012 00:00,66.783,2
27-07-2012 00:00,65.493,2
28-07-2012 00:00,65.243,2
29-07-2012 00:00,69.699,2
30-07-2012 00:00,66.031,2
31-07-2012 00:00,69.686,2
01-08-2012 00:00,69.377,2
02-08-2012 00:00,65.566,2
03-08-2012 00:00,63.117,2
04-08-2012 00:00,58.283,2
05-08-2012 00:00,59.221,2
06-08-2012 00:00,59.441,2
07-08-2012 00:00,64.597,2
08-08-2012 00:00,60.172,2
09-08-2012 00:00,55.75,2
10-08-2012 00:00,55.877,2
11-08-2012 00:00,55.252,2
12-08-2012 00:00,57.421,2
13-08-2012 00:00,59.551,2
14-08-2012 00:00,51.298,2
15-08-2012 00:00,51.942,2
16-08-2012 00:00,47.245,2
17-08-2012 00:00,50.452,2
18-08-2012 00:00,51.765,2
19-08-2012 00:00,48.308,2
20-08-2012 00:00,46.277,2
21-08-2012 00:00,48.677,2
22-08-2012 00:00,50.447,2
23-08-2012 00:00,49.055,2
24-08-2012 00:00,49.977,2
25-08-2012 00:00,47.856,2
26-08-2012 00:00,67.237,2
27-08-2012 00:00,80.431,2
28-08-2012 00:00,53.573,2
29-08-2012 00:00,54.915,2
30-08-2012 00:00,56.734,2
31-08-2012 00:00,53.406,2
01-09-2012 00:00,51.292,2
02-09-2012 00:00,50.655,2
03-09-2012 00:00,50.993,2
04-09-2012 00:00,48.856,2
05-09-2012 00:00,49.918,2
06-09-2012 00:00,47.451,2
07-09-2012 00:00,48.712,2
08-09-2012 00:00,47.927,2
09-09-2012 00:00,46.045,2
10-09-2012 00:00,49.19,2
11-09-2012 00:00,49.595,2
12-09-2012 00:00,51.898,2
13-09-2012 00:00,47.449,2
14-09-2012 00:00,47.94,2
15-09-2012 00:00,48.658,2
16-09-2012 00:00,49.521,2
17-09-2012 00:00,49.278,2
18-09-2012 00:00,48.39,2
19-09-2012 00:00,49.664,2
20-09-2012 00:00,43.581,2
21-09-2012 00:00,47.8,2
22-09-2012 00:00,49.555,2
23-09-2012 00:00,49.077,2
24-09-2012 00:00,48.892,2
25-09-2012 00:00,58.929,2
26-09-2012 00:00,77.034,2
27-09-2012 00:00,101.951,2
28-09-2012 00:00,81.635,2
29-09-2012 00:00,72.806,2
30-09-2012 00:00,66.882,2
01-10-2012 00:00,62.905,2
02-10-2012 00:00,62.758,2
03-10-2012 00:00,63.987,2
04-10-2012 00:00,73.34,2
05-10-2012 00:00,76.395,2
06-10-2012 00:00,104.387,2
07-10-2012 00:00,89.478,2
08-10-2012 00:00,76.216,2
09-10-2012 00:00,86.484,2
10-10-2012 00:00,101.846,2
11-10-2012 00:00,95.367,2
12-10-2012 00:00,90.903,2
13-10-2012 00:00,136.784,2
14-10-2012 00:00,173.822,2
15-10-2012 00:00,180.561,2
16-10-2012 00:00,163.85,2
17-10-2012 00:00,149.099,2
18-10-2012 00:00,133.668,2
19-10-2012 00:00,121.322,2
20-10-2012 00:00,118.212,2
21-10-2012 00:00,109.479,2
22-10-2012 00:00,105.43,2
23-10-2012 00:00,101.595,2
24-10-2012 00:00,97.523,2
25-10-2012 00:00,94.89,2
26-10-2012 00:00,87.896,2
27-10-2012 00:00,86.961,2
28-10-2012 00:00,82.649,2
29-10-2012 00:00,81.2,2
30-10-2012 00:00,89.77,2
31-10-2012 00:00,85.44,2
01-11-2012 00:00,82.95,2
02-11-2012 00:00,85.686,2
03-11-2012 00:00,85.514,2
04-11-2012 00:00,100.226,2
05-11-2012 00:00,122.894,2
06-11-2012 00:00,146.474,2
07-11-2012 00:00,144.529,2
08-11-2012 00:00,134.668,2
09-11-2012 00:00,127.304,2
10-11-2012 00:00,128.496,2
11-11-2012 00:00,153.273,2
12-11-2012 00:00,145.322,2
13-11-2012 00:00,129.872,2
14-11-2012 00:00,124.229,2
15-11-2012 00:00,122.677,2
16-11-2012 00:00,120.439,2
17-11-2012 00:00,117.513,2
18-11-2012 00:00,115.546,2
19-11-2012 00:00,107.899,2
20-11-2012 00:00,103.654,2
21-11-2012 00:00,102.465,2
22-11-2012 00:00,97.229,2
23-11-2012 00:00,97.588,2
24-11-2012 00:00,102.009,2
25-11-2012 00:00,113.53,2
26-11-2012 00:00,167.269,2
27-11-2012 00:00,158.196,2
28-11-2012 00:00,147.876,2
29-11-2012 00:00,139.857,2
30-11-2012 00:00,127.07,2
01-12-2012 00:00,126.401,2
02-12-2012 00:00,118.476,2
03-12-2012 00:00,115.282,2
04-12-2012 00:00,115.244,2
05-12-2012 00:00,113.903,2
06-12-2012 00:00,117.197,2
07-12-2012 00:00,107.152,2
08-12-2012 00:00,110.895,2
09-12-2012 00:00,110.68,2
10-12-2012 00:00,106.824,2
11-12-2012 00:00,112.43,2
12-12-2012 00:00,113.755,2
13-12-2012 00:00,110.72,2
14-12-2012 00:00,109.225,2
15-12-2012 00:00,110.201,2
16-12-2012 00:00,166.237,2
17-12-2012 00:00,304.014,2
18-12-2012 00:00,356.828,2
19-12-2012 00:00,261.008,2
20-12-2012 00:00,213.644,2
21-12-2012 00:00,190.927,2
22-12-2012 00:00,174.87,2
23-12-2012 00:00,168.245,2
24-12-2012 00:00,194.214,2
25-12-2012 00:00,354.365,2
26-12-2012 00:00,349.219,2
27-12-2012 00:00,334.285,2
28-12-2012 00:00,247.309,2
29-12-2012 00:00,241.33,2
30-12-2012 00:00,243.833,2
31-12-2012 00:00,268.999,2
01-01-2013 00:00,293.9,2
02-01-2013 00:00,269.131,2
03-01-2013 00:00,321.524,2
04-01-2013 00:00,328.325,2
05-01-2013 00:00,267.195,2
06-01-2013 00:00,242.959,2
07-01-2013 00:00,232.592,2
08-01-2013 00:00,272.1,2
09-01-2013 00:00,276.136,2
10-01-2013 00:00,332.647,2
11-01-2013 00:00,291.755,2
12-01-2013 00:00,228.987,2
13-01-2013 00:00,198.915,2
14-01-2013 00:00,187.256,2
15-01-2013 00:00,172.882,2
16-01-2013 00:00,151.036,2
17-01-2013 00:00,143.085,2
18-01-2013 00:00,126.324,2
19-01-2013 00:00,132.951,2
20-01-2013 00:00,118.772,2
21-01-2013 00:00,112.68,2
22-01-2013 00:00,110.976,2
23-01-2013 00:00,107.963,2
24-01-2013 00:00,102.948,2
25-01-2013 00:00,100.065,2
26-01-2013 00:00,98.806,2
27-01-2013 00:00,101.451,2
28-01-2013 00:00,109.455,2
29-01-2013 00:00,160.749,2
30-01-2013 00:00,386.81,2
31-01-2013 00:00,371.443,2
01-02-2013 00:00,315.5,2
02-02-2013 00:00,260.051,2
03-02-2013 00:00,216.835,2
04-02-2013 00:00,236.963,2
05-02-2013 00:00,298.85,2
06-02-2013 00:00,283.458,2
07-02-2013 00:00,264.189,2
08-02-2013 00:00,239.342,2
09-02-2013 00:00,216.174,2
10-02-2013 00:00,203.803,2
11-02-2013 00:00,190.121,2
12-02-2013 00:00,171.671,2
13-02-2013 00:00,169.307,2
14-02-2013 00:00,155.333,2
15-02-2013 00:00,151.474,2
16-02-2013 00:00,148.222,2
17-02-2013 00:00,152.544,2
18-02-2013 00:00,173.577,2
19-02-2013 00:00,315.978,2
20-02-2013 00:00,250.837,2
21-02-2013 00:00,208.3,2
22-02-2013 00:00,178.463,2
23-02-2013 00:00,168.739,2
24-02-2013 00:00,148.337,2
25-02-2013 00:00,149.465,2
26-02-2013 00:00,146.675,2
27-02-2013 00:00,151.267,2
28-02-2013 00:00,163.435,2
01-03-2013 00:00,186.754,2
02-03-2013 00:00,183.669,2
03-03-2013 00:00,177.153,2
04-03-2013 00:00,169.15,2
05-03-2013 00:00,163.114,2
06-03-2013 00:00,154.605,2
07-03-2013 00:00,159.614,2
08-03-2013 00:00,143.634,2
09-03-2013 00:00,130.044,2
10-03-2013 00:00,118.454,2
11-03-2013 00:00,121.909,2
12-03-2013 00:00,120.497,2
13-03-2013 00:00,121.171,2
14-03-2013 00:00,122.161,2
15-03-2013 00:00,112.256,2
16-03-2013 00:00,110.903,2
17-03-2013 00:00,106.465,2
18-03-2013 00:00,98.531,2
19-03-2013 00:00,104.36,2
20-03-2013 00:00,100.984,2
21-03-2013 00:00,98.221,2
22-03-2013 00:00,97.865,2
23-03-2013 00:00,100.311,2
24-03-2013 00:00,94.324,2
25-03-2013 00:00,102.769,2
26-03-2013 00:00,95.713,2
27-03-2013 00:00,93.792,2
28-03-2013 00:00,89.88,2
29-03-2013 00:00,102.41,2
30-03-2013 00:00,97.076,2
31-03-2013 00:00,99.304,2
01-04-2013 00:00,103.85,2
02-04-2013 00:00,102.201,2
03-04-2013 00:00,100.226,2
04-04-2013 00:00,99.824,2
05-04-2013 00:00,96.43,2
06-04-2013 00:00,105.867,2
07-04-2013 00:00,98.762,2
08-04-2013 00:00,118.448,2
09-04-2013 00:00,101.505,2
10-04-2013 00:00,107.606,2
11-04-2013 00:00,97.752,2
12-04-2013 00:00,111.469,2
13-04-2013 00:00,104.356,2
14-04-2013 00:00,103.863,2
15-04-2013 00:00,106.165,2
16-04-2013 00:00,114.208,2
17-04-2013 00:00,102.718,2
18-04-2013 00:00,104.019,2
19-04-2013 00:00,97.31,2
20-04-2013 00:00,89.816,2
21-04-2013 00:00,94.606,2
22-04-2013 00:00,89.656,2
23-04-2013 00:00,102.823,2
24-04-2013 00:00,83.777,2
25-04-2013 00:00,102.095,2
26-04-2013 00:00,124.209,2
27-04-2013 00:00,106.56,2
28-04-2013 00:00,97.448,2
29-04-2013 00:00,91.404,2
30-04-2013 00:00,90.426,2
01-05-2013 00:00,91.99,2
02-05-2013 00:00,87.684,2
03-05-2013 00:00,86.908,2
04-05-2013 00:00,77.314,2
05-05-2013 00:00,76.95,2
06-05-2013 00:00,71.355,2
07-05-2013 00:00,74.711,2
08-05-2013 00:00,361.224,2
09-05-2013 00:00,347.702,2
10-05-2013 00:00,265.351,2
11-05-2013 00:00,194.482,2
12-05-2013 00:00,151.945,2
13-05-2013 00:00,144.34,2
14-05-2013 00:00,137.304,2
15-05-2013 00:00,124.08,2
16-05-2013 00:00,113.286,2
17-05-2013 00:00,101.711,2
18-05-2013 00:00,86.583,2
19-05-2013 00:00,89.002,2
20-05-2013 00:00,89.674,2
21-05-2013 00:00,88.807,2
22-05-2013 00:00,188.517,2
23-05-2013 00:00,171.32,2
24-05-2013 00:00,131.677,2
25-05-2013 00:00,118.524,2
26-05-2013 00:00,121.581,2
27-05-2013 00:00,120.424,2
28-05-2013 00:00,107.487,2
29-05-2013 00:00,103.477,2
30-05-2013 00:00,93.359,2
31-05-2013 00:00,92.188,2
01-06-2013 00:00,91.854,2
02-06-2013 00:00,79.114,2
03-06-2013 00:00,79.258,2
04-06-2013 00:00,68.668,2
05-06-2013 00:00,71.765,2
06-06-2013 00:00,62.632,2
07-06-2013 00:00,63.812,2
08-06-2013 00:00,64.858,2
09-06-2013 00:00,61.438,2
10-06-2013 00:00,61.879,2
11-06-2013 00:00,56.485,2
12-06-2013 00:00,52.608,2
13-06-2013 00:00,77.916,2
14-06-2013 00:00,78.655,2
15-06-2013 00:00,67.859,2
16-06-2013 00:00,81.806,2
17-06-2013 00:00,71.435,2
18-06-2013 00:00,60.64,2
19-06-2013 00:00,61.697,2
20-06-2013 00:00,64.765,2
21-06-2013 00:00,61.75,2
22-06-2013 00:00,61.418,2
23-06-2013 00:00,67.208,2
24-06-2013 00:00,65.365,2
25-06-2013 00:00,58.55,2
26-06-2013 00:00,67.954,2
27-06-2013 00:00,87.702,2
28-06-2013 00:00,70.649,2
29-06-2013 00:00,66.681,2
30-06-2013 00:00,66.008,2
01-07-2013 00:00,60.915,2
02-07-2013 00:00,58.588,2
03-07-2013 00:00,55.556,2
04-07-2013 00:00,57.493,2
05-07-2013 00:00,53.242,2
06-07-2013 00:00,54.38,2
07-07-2013 00:00,48.824,2
08-07-2013 00:00,48.304,2
09-07-2013 00:00,49.366,2
10-07-2013 00:00,46.773,2
11-07-2013 00:00,45.581,2
12-07-2013 00:00,48.085,2
13-07-2013 00:00,44.745,2
14-07-2013 00:00,45.582,2
15-07-2013 00:00,45.46,2
16-07-2013 00:00,45.988,2
17-07-2013 00:00,43.388,2
18-07-2013 00:00,39.164,2
19-07-2013 00:00,43.754,2
20-07-2013 00:00,38.647,2
21-07-2013 00:00,39.176,2
22-07-2013 00:00,38.979,2
23-07-2013 00:00,39.976,2
24-07-2013 00:00,38.341,2
25-07-2013 00:00,39.302,2
26-07-2013 00:00,45.187,2
27-07-2013 00:00,42.349,2
28-07-2013 00:00,40.7,2
29-07-2013 00:00,38.393,2
30-07-2013 00:00,37.978,2
31-07-2013 00:00,39.015,2
01-08-2013 00:00,38.384,2
02-08-2013 00:00,39.966,2
03-08-2013 00:00,38.155,2
04-08-2013 00:00,37.345,2
05-08-2013 00:00,35.858,2
06-08-2013 00:00,37.443,2
07-08-2013 00:00,38.184,2
08-08-2013 00:00,40.826,2
09-08-2013 00:00,39.49,2
10-08-2013 00:00,37.656,2
11-08-2013 00:00,42.348,2
12-08-2013 00:00,47.755,2
13-08-2013 00:00,57.684,2
14-08-2013 00:00,75.553,2
15-08-2013 00:00,65.55,2
16-08-2013 00:00,47.828,2
17-08-2013 00:00,59.265,2
18-08-2013 00:00,60.019,2
19-08-2013 00:00,46.782,2
20-08-2013 00:00,50.764,2
21-08-2013 00:00,41.237,2
22-08-2013 00:00,47.903,2
23-08-2013 00:00,44.005,2
24-08-2013 00:00,40.887,2
25-08-2013 00:00,39.587,2
26-08-2013 00:00,46.582,2
27-08-2013 00:00,38.68,2
28-08-2013 00:00,40.414,2
29-08-2013 00:00,40.385,2
30-08-2013 00:00,41.799,2
31-08-2013 00:00,45.292,2
01-09-2013 00:00,38.956,2
02-09-2013 00:00,46.786,2
03-09-2013 00:00,41.976,2
04-09-2013 00:00,41.47,2
05-09-2013 00:00,44.081,2
06-09-2013 00:00,40.808,2
07-09-2013 00:00,37.777,2
08-09-2013 00:00,36.042,2
09-09-2013 00:00,39.659,2
10-09-2013 00:00,42.059,2
11-09-2013 00:00,52.404,2
12-09-2013 00:00,45.262,2
13-09-2013 00:00,41.285,2
14-09-2013 00:00,39.984,2
15-09-2013 00:00,48.414,2
16-09-2013 00:00,47.106,2
17-09-2013 00:00,43.086,2
18-09-2013 00:00,41.163,2
19-09-2013 00:00,43.035,2
20-09-2013 00:00,42.011,2
21-09-2013 00:00,41.289,2
22-09-2013 00:00,41.252,2
23-09-2013 00:00,38.635,2
24-09-2013 00:00,42.473,2
25-09-2013 00:00,38.138,2
26-09-2013 00:00,37.664,2
27-09-2013 00:00,40.118,2
28-09-2013 00:00,39.208,2
29-09-2013 00:00,37.888,2
30-09-2013 00:00,35.722,2
01-10-2013 00:00,38.899,2
02-10-2013 00:00,37.354,2
03-10-2013 00:00,38.621,2
04-10-2013 00:00,33.709,2
05-10-2013 00:00,38.386,2
06-10-2013 00:00,36.259,2
07-10-2013 00:00,36.76,2
08-10-2013 00:00,38.46,2
09-10-2013 00:00,36.222,2
10-10-2013 00:00,37.65,2
11-10-2013 00:00,38.051,2
12-10-2013 00:00,35.847,2
13-10-2013 00:00,40.995,2
14-10-2013 00:00,69.904,2
15-10-2013 00:00,52.338,2
16-10-2013 00:00,44.682,2
17-10-2013 00:00,47.734,2
18-10-2013 00:00,45.24,2
19-10-2013 00:00,43.503,2
20-10-2013 00:00,53.878,2
21-10-2013 00:00,61.876,2
22-10-2013 00:00,73.911,2
23-10-2013 00:00,60.145,2
24-10-2013 00:00,60.554,2
25-10-2013 00:00,53.887,2
26-10-2013 00:00,52.319,2
27-10-2013 00:00,54.551,2
28-10-2013 00:00,57.63,2
29-10-2013 00:00,60.315,2
30-10-2013 00:00,57.615,2
31-10-2013 00:00,53.483,2
01-11-2013 00:00,61.014,2
02-11-2013 00:00,64.85,2
03-11-2013 00:00,71.088,2
04-11-2013 00:00,77.903,2
05-11-2013 00:00,73.789,2
06-11-2013 00:00,75.731,2
07-11-2013 00:00,70.997,2
08-11-2013 00:00,72.369,2
09-11-2013 00:00,84.807,2
10-11-2013 00:00,104.466,2
11-11-2013 00:00,106.215,2
12-11-2013 00:00,113.218,2
13-11-2013 00:00,136.084,2
14-11-2013 00:00,115.067,2
15-11-2013 00:00,104.833,2
16-11-2013 00:00,96.6,2
17-11-2013 00:00,88.537,2
18-11-2013 00:00,86.972,2
19-11-2013 00:00,84.57,2
20-11-2013 00:00,87.666,2
21-11-2013 00:00,82.933,2
22-11-2013 00:00,78.047,2
23-11-2013 00:00,78.146,2
24-11-2013 00:00,75.143,2
25-11-2013 00:00,73.132,2
26-11-2013 00:00,71.774,2
27-11-2013 00:00,76.682,2
28-11-2013 00:00,80.111,2
29-11-2013 00:00,90.576,2
30-11-2013 00:00,101.634,2
01-12-2013 00:00,93.896,2
02-12-2013 00:00,87.553,2
03-12-2013 00:00,83.265,2
04-12-2013 00:00,89.424,2
05-12-2013 00:00,101.852,2
06-12-2013 00:00,115.05,2
07-12-2013 00:00,99.106,2
08-12-2013 00:00,102.795,2
09-12-2013 00:00,126.973,2
10-12-2013 00:00,127.197,2
11-12-2013 00:00,121.298,2
12-12-2013 00:00,116.44,2
13-12-2013 00:00,117.827,2
14-12-2013 00:00,190.614,2
15-12-2013 00:00,186.314,2
16-12-2013 00:00,178.146,2
17-12-2013 00:00,175.823,2
18-12-2013 00:00,172.953,2
19-12-2013 00:00,163.671,2
20-12-2013 00:00,161.823,2
21-12-2013 00:00,162.783,2
22-12-2013 00:00,158.743,2
23-12-2013 00:00,148.357,2
24-12-2013 00:00,170.993,2
25-12-2013 00:00,165.563,2
26-12-2013 00:00,156.391,2
27-12-2013 00:00,164.144,2
28-12-2013 00:00,187.248,2
29-12-2013 00:00,169.559,2
30-12-2013 00:00,162.36,2
31-12-2013 00:00,153.719,2
01-01-2014 00:00,148.08,2
02-01-2014 00:00,146.5,2
03-01-2014 00:00,175.99,2
04-01-2014 00:00,186.73,2
05-01-2014 00:00,164.37,2
06-01-2014 00:00,182.59,2
07-01-2014 00:00,217.51,2
08-01-2014 00:00,211.91,2
09-01-2014 00:00,252.82,2
10-01-2014 00:00,344.14,2
11-01-2014 00:00,314.32,2
12-01-2014 00:00,346.06,2
13-01-2014 00:00,282.12,2
14-01-2014 00:00,248.9,2
15-01-2014 00:00,244.48,2
16-01-2014 00:00,232.42,2
17-01-2014 00:00,269.09,2
18-01-2014 00:00,303.25,2
19-01-2014 00:00,283.94,2
20-01-2014 00:00,237.53,2
21-01-2014 00:00,212.34,2
22-01-2014 00:00,182.03,2
23-01-2014 00:00,173.01,2
24-01-2014 00:00,155.31,2
25-01-2014 00:00,146.08,2
26-01-2014 00:00,133.94,2
27-01-2014 00:00,134.26,2
28-01-2014 00:00,131.83,2
29-01-2014 00:00,124.21,2
30-01-2014 00:00,120.15,2
31-01-2014 00:00,121.35,2
01-02-2014 00:00,127.07,2
02-02-2014 00:00,156.7,2
03-02-2014 00:00,151.55,2
04-02-2014 00:00,137.6,2
05-02-2014 00:00,136.02,2
06-02-2014 00:00,133.03,2
07-02-2014 00:00,187.52,2
08-02-2014 00:00,269,2
09-02-2014 00:00,303.07,2
10-02-2014 00:00,298.23,2
11-02-2014 00:00,255.29,2
12-02-2014 00:00,236.13,2
13-02-2014 00:00,243.19,2
14-02-2014 00:00,222.57,2
15-02-2014 00:00,226.6,2
16-02-2014 00:00,210.65,2
17-02-2014 00:00,189.87,2
18-02-2014 00:00,181.85,2
19-02-2014 00:00,188.88,2
20-02-2014 00:00,178.41,2
21-02-2014 00:00,229.81,2
22-02-2014 00:00,296.15,2
23-02-2014 00:00,244.68,2
24-02-2014 00:00,211.27,2
25-02-2014 00:00,189.36,2
26-02-2014 00:00,185.08,2
27-02-2014 00:00,170.56,2
28-02-2014 00:00,173.12,2
01-03-2014 00:00,189.9,2
02-03-2014 00:00,202.76,2
03-03-2014 00:00,180.65,2
04-03-2014 00:00,172.52,2
05-03-2014 00:00,156.81,2
06-03-2014 00:00,154.7,2
07-03-2014 00:00,155.39,2
08-03-2014 00:00,133.34,2
09-03-2014 00:00,139.33,2
10-03-2014 00:00,131.56,2
11-03-2014 00:00,127.95,2
12-03-2014 00:00,124.31,2
13-03-2014 00:00,117.42,2
14-03-2014 00:00,125.43,2
15-03-2014 00:00,118.45,2
16-03-2014 00:00,130.74,2
17-03-2014 00:00,116.08,2
18-03-2014 00:00,124.3,2
19-03-2014 00:00,119.11,2
20-03-2014 00:00,114,2
21-03-2014 00:00,106.1,2
22-03-2014 00:00,106.32,2
23-03-2014 00:00,114.03,2
24-03-2014 00:00,105.21,2
25-03-2014 00:00,102.94,2
26-03-2014 00:00,128.26,2
27-03-2014 00:00,110.07,2
28-03-2014 00:00,113.27,2
29-03-2014 00:00,106.42,2
30-03-2014 00:00,102.86,2
31-03-2014 00:00,93.79,2
01-04-2014 00:00,95.56,2
02-04-2014 00:00,87.56,2
03-04-2014 00:00,93.81,2
04-04-2014 00:00,90.41,2
05-04-2014 00:00,96.35,2
06-04-2014 00:00,95.88,2
07-04-2014 00:00,95.05,2
08-04-2014 00:00,105.12,2
09-04-2014 00:00,108.89,2
10-04-2014 00:00,90.56,2
11-04-2014 00:00,92.04,2
12-04-2014 00:00,91.31,2
13-04-2014 00:00,103.95,2
14-04-2014 00:00,104.74,2
15-04-2014 00:00,97.57,2
16-04-2014 00:00,93.39,2
17-04-2014 00:00,86.88,2
18-04-2014 00:00,103.63,2
19-04-2014 00:00,85.79,2
20-04-2014 00:00,89.56,2
21-04-2014 00:00,74.97,2
22-04-2014 00:00,66.18,2
23-04-2014 00:00,62.45,2
24-04-2014 00:00,65.29,2
25-04-2014 00:00,71.57,2
26-04-2014 00:00,53.14,2
27-04-2014 00:00,58.8,2
28-04-2014 00:00,41.66,2
29-04-2014 00:00,45.12,2
30-04-2014 00:00,40.27,2
01-05-2014 00:00,40.47,2
02-05-2014 00:00,45.1,2
03-05-2014 00:00,38.19,2
04-05-2014 00:00,38.87,2
05-05-2014 00:00,37.01,2
06-05-2014 00:00,36.44,2
07-05-2014 00:00,95.63,2
08-05-2014 00:00,81.03,2
09-05-2014 00:00,88.77,2
10-05-2014 00:00,107.01,2
11-05-2014 00:00,114.17,2
12-05-2014 00:00,113.39,2
13-05-2014 00:00,118.38,2
14-05-2014 00:00,127.36,2
15-05-2014 00:00,133.92,2
16-05-2014 00:00,105.27,2
17-05-2014 00:00,96.69,2
18-05-2014 00:00,100.73,2
19-05-2014 00:00,114.31,2
20-05-2014 00:00,89.7,2
21-05-2014 00:00,92.95,2
22-05-2014 00:00,77.35,2
23-05-2014 00:00,77.02,2
24-05-2014 00:00,69.29,2
25-05-2014 00:00,61.3,2
26-05-2014 00:00,65.48,2
27-05-2014 00:00,55.79,2
28-05-2014 00:00,57.87,2
29-05-2014 00:00,56.75,2
30-05-2014 00:00,49.5,2
31-05-2014 00:00,49.25,2
01-06-2014 00:00,56.07,2
02-06-2014 00:00,50.02,2
03-06-2014 00:00,48.33,2
04-06-2014 00:00,47.89,2
05-06-2014 00:00,51.48,2
06-06-2014 00:00,46.66,2
07-06-2014 00:00,44.42,2
08-06-2014 00:00,50.57,2
09-06-2014 00:00,44.05,2
10-06-2014 00:00,44.47,2
11-06-2014 00:00,43.31,2
12-06-2014 00:00,42.26,2
13-06-2014 00:00,45.83,2
14-06-2014 00:00,57.85,2
15-06-2014 00:00,44.33,2
16-06-2014 00:00,46.36,2
17-06-2014 00:00,40.87,2
18-06-2014 00:00,39.12,2
19-06-2014 00:00,40.3,2
20-06-2014 00:00,59.38,2
21-06-2014 00:00,48.97,2
22-06-2014 00:00,40.44,2
23-06-2014 00:00,39.33,2
24-06-2014 00:00,40.81,2
25-06-2014 00:00,36.52,2
26-06-2014 00:00,38.5,2
27-06-2014 00:00,34.73,2
28-06-2014 00:00,42.24,2
29-06-2014 00:00,34.34,2
30-06-2014 00:00,38.11,2
01-07-2014 00:00,34.26,2
02-07-2014 00:00,49.97,2
03-07-2014 00:00,51.33,2
04-07-2014 00:00,40.16,2
05-07-2014 00:00,40.65,2
06-07-2014 00:00,36.08,2
07-07-2014 00:00,37.74,2
08-07-2014 00:00,35.03,2
09-07-2014 00:00,35.61,2
10-07-2014 00:00,30.94,2
11-07-2014 00:00,31.48,2
12-07-2014 00:00,32.78,2
13-07-2014 00:00,55.34,2
14-07-2014 00:00,57.75,2
15-07-2014 00:00,46.24,2
16-07-2014 00:00,41.06,2
17-07-2014 00:00,36.61,2
18-07-2014 00:00,35.07,2
19-07-2014 00:00,35.3,2
20-07-2014 00:00,34.91,2
21-07-2014 00:00,32.22,2
22-07-2014 00:00,31.07,2
23-07-2014 00:00,30.42,2
24-07-2014 00:00,33.24,2
25-07-2014 00:00,30.43,2
26-07-2014 00:00,29.04,2
27-07-2014 00:00,30.58,2
28-07-2014 00:00,29.22,2
29-07-2014 00:00,30.56,2
30-07-2014 00:00,28.73,2
31-07-2014 00:00,29.96,2
01-08-2014 00:00,29.59,2
02-08-2014 00:00,28.29,2
03-08-2014 00:00,28.13,2
04-08-2014 00:00,33.57,2
05-08-2014 00:00,38.53,2
06-08-2014 00:00,30.76,2
07-08-2014 00:00,33.16,2
08-08-2014 00:00,29.08,2
09-08-2014 00:00,32.1,2
10-08-2014 00:00,30.33,2
11-08-2014 00:00,30.2,2
12-08-2014 00:00,33.68,2
13-08-2014 00:00,29.8,2
14-08-2014 00:00,30.42,2
15-08-2014 00:00,31.91,2
16-08-2014 00:00,34.81,2
17-08-2014 00:00,42.92,2
18-08-2014 00:00,54.41,2
19-08-2014 00:00,34.77,2
20-08-2014 00:00,33.63,2
21-08-2014 00:00,30.54,2
22-08-2014 00:00,31.75,2
23-08-2014 00:00,37.03,2
24-08-2014 00:00,31.69,2
25-08-2014 00:00,33.28,2
26-08-2014 00:00,31.86,2
27-08-2014 00:00,28.49,2
28-08-2014 00:00,29.71,2
29-08-2014 00:00,33.2,2
30-08-2014 00:00,45.01,2
31-08-2014 00:00,69.59,2
01-09-2014 00:00,56.74,2
02-09-2014 00:00,39.1,2
03-09-2014 00:00,36.9,2
04-09-2014 00:00,36.13,2
05-09-2014 00:00,32.85,2
06-09-2014 00:00,34.65,2
07-09-2014 00:00,31.6,2
08-09-2014 00:00,36.28,2
09-09-2014 00:00,35,2
10-09-2014 00:00,40.28,2
11-09-2014 00:00,32.99,2
12-09-2014 00:00,35.59,2
13-09-2014 00:00,35.33,2
14-09-2014 00:00,37.44,2
15-09-2014 00:00,34.47,2
16-09-2014 00:00,33.43,2
17-09-2014 00:00,33.6,2
18-09-2014 00:00,30.42,2
19-09-2014 00:00,32.63,2
20-09-2014 00:00,32.55,2
21-09-2014 00:00,32.4,2
22-09-2014 00:00,34.59,2
23-09-2014 00:00,35.17,2
24-09-2014 00:00,37.34,2
25-09-2014 00:00,36.12,2
26-09-2014 00:00,33.54,2
27-09-2014 00:00,35.45,2
28-09-2014 00:00,33.56,2
29-09-2014 00:00,31.79,2
30-09-2014 00:00,34.52,2
01-10-2014 00:00,36.57,2
02-10-2014 00:00,35.61,2
03-10-2014 00:00,39.23,2
04-10-2014 00:00,37.46,2
05-10-2014 00:00,34.71,2
06-10-2014 00:00,34.32,2
07-10-2014 00:00,35.16,2
08-10-2014 00:00,38.09,2
09-10-2014 00:00,37.61,2
10-10-2014 00:00,32.83,2
11-10-2014 00:00,34.98,2
12-10-2014 00:00,40.14,2
13-10-2014 00:00,42.38,2
14-10-2014 00:00,63.8,2
15-10-2014 00:00,85.05,2
16-10-2014 00:00,116.23,2
17-10-2014 00:00,125.77,2
18-10-2014 00:00,144.21,2
19-10-2014 00:00,134.37,2
20-10-2014 00:00,156.86,2
21-10-2014 00:00,129.56,2
22-10-2014 00:00,162.23,2
23-10-2014 00:00,161.47,2
24-10-2014 00:00,128.49,2
25-10-2014 00:00,121.55,2
26-10-2014 00:00,113.84,2
27-10-2014 00:00,99.93,2
28-10-2014 00:00,94.23,2
29-10-2014 00:00,93.62,2
30-10-2014 00:00,84.34,2
31-10-2014 00:00,80.59,2
01-11-2014 00:00,80.47,2
02-11-2014 00:00,77.65,2
03-11-2014 00:00,82.37,2
04-11-2014 00:00,86.63,2
05-11-2014 00:00,85.59,2
06-11-2014 00:00,105.01,2
07-11-2014 00:00,100.16,2
08-11-2014 00:00,92.75,2
09-11-2014 00:00,89.26,2
10-11-2014 00:00,83.71,2
11-11-2014 00:00,82.12,2
12-11-2014 00:00,77.69,2
13-11-2014 00:00,81.39,2
14-11-2014 00:00,74.62,2
15-11-2014 00:00,77.08,2
16-11-2014 00:00,77.07,2
17-11-2014 00:00,79.8,2
18-11-2014 00:00,72.98,2
19-11-2014 00:00,71.71,2
20-11-2014 00:00,71.09,2
21-11-2014 00:00,71.73,2
22-11-2014 00:00,72.81,2
23-11-2014 00:00,72.57,2
24-11-2014 00:00,77.3,2
25-11-2014 00:00,86.41,2
26-11-2014 00:00,86.75,2
27-11-2014 00:00,78.14,2
28-11-2014 00:00,76.62,2
29-11-2014 00:00,69.8,2
30-11-2014 00:00,74.4,2
01-12-2014 00:00,70.11,2
02-12-2014 00:00,67.4,2
03-12-2014 00:00,65.8,2
04-12-2014 00:00,64.21,2
05-12-2014 00:00,66.98,2
06-12-2014 00:00,65.98,2
07-12-2014 00:00,71.22,2
08-12-2014 00:00,88.26,2
09-12-2014 00:00,85.75,2
10-12-2014 00:00,103.65,2
11-12-2014 00:00,137.22,2
12-12-2014 00:00,179.24,2
13-12-2014 00:00,246.49,2
14-12-2014 00:00,190.5,2
15-12-2014 00:00,176.11,2
16-12-2014 00:00,172.76,2
17-12-2014 00:00,163.02,2
18-12-2014 00:00,175.54,2
19-12-2014 00:00,253.08,2
20-12-2014 00:00,217.04,2
21-12-2014 00:00,202.7,2
22-12-2014 00:00,312.49,2
23-12-2014 00:00,326.63,2
24-12-2014 00:00,320.85,2
25-12-2014 00:00,430.67,2
26-12-2014 00:00,335.65,2
27-12-2014 00:00,264.93,2
28-12-2014 00:00,209.36,2
29-12-2014 00:00,179.64,2
30-12-2014 00:00,180.35,2
31-12-2014 00:00,226.49,2
01-01-2015 00:00,254.879,2
02-01-2015 00:00,261.536,2
03-01-2015 00:00,248.989,2
04-01-2015 00:00,214.999,2
05-01-2015 00:00,210.7,2
06-01-2015 00:00,206.924,2
07-01-2015 00:00,205.126,2
08-01-2015 00:00,214.183,2
09-01-2015 00:00,266.207,2
10-01-2015 00:00,439.472,2
11-01-2015 00:00,448.525,2
12-01-2015 00:00,372.496,2
13-01-2015 00:00,368.453,2
14-01-2015 00:00,339.379,2
15-01-2015 00:00,380.577,2
16-01-2015 00:00,498.444,2
17-01-2015 00:00,385.182,2
18-01-2015 00:00,328.316,2
19-01-2015 00:00,312.543,2
20-01-2015 00:00,352.502,2
21-01-2015 00:00,408.545,2
22-01-2015 00:00,349.182,2
23-01-2015 00:00,326.601,2
24-01-2015 00:00,290.933,2
25-01-2015 00:00,240.546,2
26-01-2015 00:00,279.697,2
27-01-2015 00:00,383.487,2
28-01-2015 00:00,349.305,2
29-01-2015 00:00,365.193,2
30-01-2015 00:00,330.324,2
31-01-2015 00:00,300.558,2
01-02-2015 00:00,275.017,2
02-02-2015 00:00,244.855,2
03-02-2015 00:00,229.48,2
04-02-2015 00:00,217.208,2
05-02-2015 00:00,207.811,2
06-02-2015 00:00,187.403,2
07-02-2015 00:00,241.163,2
08-02-2015 00:00,234.424,2
09-02-2015 00:00,219.974,2
10-02-2015 00:00,198.763,2
11-02-2015 00:00,195.161,2
12-02-2015 00:00,192.041,2
13-02-2015 00:00,187.218,2
14-02-2015 00:00,175.646,2
15-02-2015 00:00,173.547,2
16-02-2015 00:00,157.761,2
17-02-2015 00:00,154.645,2
18-02-2015 00:00,160.869,2
19-02-2015 00:00,161.368,2
20-02-2015 00:00,162.4,2
21-02-2015 00:00,248.674,2
22-02-2015 00:00,421.693,2
23-02-2015 00:00,361.511,2
24-02-2015 00:00,332.423,2
25-02-2015 00:00,288.763,2
26-02-2015 00:00,248.606,2
27-02-2015 00:00,226.363,2
28-02-2015 00:00,220.149,2
01-03-2015 00:00,212.426,2
02-03-2015 00:00,241.671,2
03-03-2015 00:00,220.899,2
04-03-2015 00:00,200.024,2
05-03-2015 00:00,191.628,2
06-03-2015 00:00,178.297,2
07-03-2015 00:00,177.065,2
08-03-2015 00:00,172.165,2
09-03-2015 00:00,153.024,2
10-03-2015 00:00,165.433,2
11-03-2015 00:00,155.751,2
12-03-2015 00:00,149.409,2
13-03-2015 00:00,141.11,2
14-03-2015 00:00,136.535,2
15-03-2015 00:00,132.762,2
16-03-2015 00:00,134.396,2
17-03-2015 00:00,128.176,2
18-03-2015 00:00,127.535,2
19-03-2015 00:00,127.229,2
20-03-2015 00:00,113.978,2
21-03-2015 00:00,138.363,2
22-03-2015 00:00,125.973,2
23-03-2015 00:00,128.413,2
24-03-2015 00:00,119.001,2
25-03-2015 00:00,124.158,2
26-03-2015 00:00,116.709,2
27-03-2015 00:00,117.135,2
28-03-2015 00:00,113.824,2
29-03-2015 00:00,133.712,2
30-03-2015 00:00,236.925,2
31-03-2015 00:00,208.961,2
01-04-2015 00:00,282.649,2
02-04-2015 00:00,230.428,2
03-04-2015 00:00,196.223,2
04-04-2015 00:00,174.751,2
05-04-2015 00:00,165.351,2
06-04-2015 00:00,146.888,2
07-04-2015 00:00,143.536,2
08-04-2015 00:00,129.306,2
09-04-2015 00:00,138.699,2
10-04-2015 00:00,127.819,2
11-04-2015 00:00,122.889,2
12-04-2015 00:00,125.703,2
13-04-2015 00:00,222.042,2
14-04-2015 00:00,180.073,2
15-04-2015 00:00,176.441,2
16-04-2015 00:00,159.869,2
17-04-2015 00:00,145.63,2
18-04-2015 00:00,131.477,2
19-04-2015 00:00,123.79,2
20-04-2015 00:00,118.631,2
21-04-2015 00:00,110.175,2
22-04-2015 00:00,113.843,2
23-04-2015 00:00,103.402,2
24-04-2015 00:00,107.581,2
25-04-2015 00:00,107.207,2
26-04-2015 00:00,104.129,2
27-04-2015 00:00,105.285,2
28-04-2015 00:00,99.283,2
29-04-2015 00:00,96.478,2
30-04-2015 00:00,109.431,2
01-05-2015 00:00,111.995,2
02-05-2015 00:00,97.503,2
03-05-2015 00:00,98.687,2
04-05-2015 00:00,100.968,2
05-05-2015 00:00,105.679,2
06-05-2015 00:00,107.124,2
07-05-2015 00:00,110.975,2
08-05-2015 00:00,93.731,2
09-05-2015 00:00,88.496,2
10-05-2015 00:00,80.378,2
11-05-2015 00:00,91.961,2
12-05-2015 00:00,90.19,2
13-05-2015 00:00,90.115,2
14-05-2015 00:00,84.354,2
15-05-2015 00:00,72.778,2
16-05-2015 00:00,72.979,2
17-05-2015 00:00,70.074,2
18-05-2015 00:00,85.98,2
19-05-2015 00:00,92.09,2
20-05-2015 00:00,91.657,2
21-05-2015 00:00,80.12,2
22-05-2015 00:00,69.949,2
23-05-2015 00:00,72.641,2
24-05-2015 00:00,66.89,2
25-05-2015 00:00,67.926,2
26-05-2015 00:00,74.018,2
27-05-2015 00:00,65.974,2
28-05-2015 00:00,71.809,2
29-05-2015 00:00,72.948,2
30-05-2015 00:00,68.327,2
31-05-2015 00:00,76.572,2
01-06-2015 00:00,94.944,2
02-06-2015 00:00,89.351,2
03-06-2015 00:00,79.955,2
04-06-2015 00:00,75.516,2
05-06-2015 00:00,69.332,2
06-06-2015 00:00,59.21,2
07-06-2015 00:00,55.436,2
08-06-2015 00:00,59.781,2
09-06-2015 00:00,58.279,2
10-06-2015 00:00,52.226,2
11-06-2015 00:00,55.428,2
12-06-2015 00:00,59.088,2
13-06-2015 00:00,52.839,2
14-06-2015 00:00,61.893,2
15-06-2015 00:00,63.774,2
16-06-2015 00:00,57.41,2
17-06-2015 00:00,64.707,2
18-06-2015 00:00,70.169,2
19-06-2015 00:00,70.936,2
20-06-2015 00:00,60.084,2
21-06-2015 00:00,55.996,2
22-06-2015 00:00,59.012,2
23-06-2015 00:00,60.075,2
24-06-2015 00:00,54.424,2
25-06-2015 00:00,56.757,2
26-06-2015 00:00,49.809,2
27-06-2015 00:00,47.74,2
28-06-2015 00:00,45.348,2
29-06-2015 00:00,51.827,2
30-06-2015 00:00,53.183,2
01-07-2015 00:00,50.029,2
02-07-2015 00:00,42.587,2
03-07-2015 00:00,45.134,2
04-07-2015 00:00,41.13,2
05-07-2015 00:00,39.145,2
06-07-2015 00:00,44.285,2
07-07-2015 00:00,46.428,2
08-07-2015 00:00,50.455,2
09-07-2015 00:00,72.055,2
10-07-2015 00:00,64.119,2
11-07-2015 00:00,48.246,2
12-07-2015 00:00,44.247,2
13-07-2015 00:00,49.882,2
14-07-2015 00:00,45.791,2
15-07-2015 00:00,43.945,2
16-07-2015 00:00,39.678,2
17-07-2015 00:00,42.291,2
18-07-2015 00:00,35.812,2
19-07-2015 00:00,37.861,2
20-07-2015 00:00,45.903,2
21-07-2015 00:00,46.129,2
22-07-2015 00:00,39.537,2
23-07-2015 00:00,38.682,2
24-07-2015 00:00,36.173,2
25-07-2015 00:00,41.523,2
26-07-2015 00:00,57.443,2
27-07-2015 00:00,55.388,2
28-07-2015 00:00,53.083,2
29-07-2015 00:00,55.03,2
30-07-2015 00:00,49.776,2
31-07-2015 00:00,44.144,2
01-08-2015 00:00,42.45,2
02-08-2015 00:00,40.176,2
03-08-2015 00:00,43.814,2
04-08-2015 00:00,39.096,2
05-08-2015 00:00,46.256,2
06-08-2015 00:00,44.371,2
07-08-2015 00:00,41.876,2
08-08-2015 00:00,40.05,2
09-08-2015 00:00,38.552,2
10-08-2015 00:00,41.974,2
11-08-2015 00:00,66.41,2
12-08-2015 00:00,41.995,2
13-08-2015 00:00,41.091,2
14-08-2015 00:00,43.896,2
15-08-2015 00:00,33.664,2
16-08-2015 00:00,48.541,2
17-08-2015 00:00,44.871,2
18-08-2015 00:00,38.476,2
19-08-2015 00:00,30.229,2
20-08-2015 00:00,38.058,2
21-08-2015 00:00,31.933,2
22-08-2015 00:00,30.87,2
23-08-2015 00:00,31.404,2
24-08-2015 00:00,36.938,2
25-08-2015 00:00,40.039,2
26-08-2015 00:00,35.425,2
27-08-2015 00:00,54.293,2
28-08-2015 00:00,52.206,2
29-08-2015 00:00,40.399,2
30-08-2015 00:00,40.193,2
31-08-2015 00:00,51.256,2
01-09-2015 00:00,184.286,2
02-09-2015 00:00,104.144,2
03-09-2015 00:00,77.316,2
04-09-2015 00:00,62.666,2
05-09-2015 00:00,90.498,2
06-09-2015 00:00,220.581,2
07-09-2015 00:00,146.398,2
08-09-2015 00:00,108.551,2
09-09-2015 00:00,96.871,2
10-09-2015 00:00,87.88,2
11-09-2015 00:00,76.738,2
12-09-2015 00:00,69.288,2
13-09-2015 00:00,64.927,2
14-09-2015 00:00,69.56,2
15-09-2015 00:00,78.631,2
16-09-2015 00:00,91.995,2
17-09-2015 00:00,96.831,2
18-09-2015 00:00,85.667,2
19-09-2015 00:00,72.458,2
20-09-2015 00:00,72.223,2
21-09-2015 00:00,78.422,2
22-09-2015 00:00,80.049,2
23-09-2015 00:00,91.856,2
24-09-2015 00:00,99.201,2
25-09-2015 00:00,89.212,2
26-09-2015 00:00,78.171,2
27-09-2015 00:00,70.714,2
28-09-2015 00:00,71.904,2
29-09-2015 00:00,67.783,2
30-09-2015 00:00,67.485,2
01-10-2015 00:00,60.44,2
02-10-2015 00:00,62.235,2
03-10-2015 00:00,65.114,2
04-10-2015 00:00,59.088,2
05-10-2015 00:00,64.316,2
06-10-2015 00:00,59.286,2
07-10-2015 00:00,60.157,2
08-10-2015 00:00,56.032,2
09-10-2015 00:00,57.041,2
10-10-2015 00:00,53.095,2
11-10-2015 00:00,52.276,2
12-10-2015 00:00,55.839,2
13-10-2015 00:00,52.572,2
14-10-2015 00:00,64.176,2
15-10-2015 00:00,61.391,2
16-10-2015 00:00,57.071,2
17-10-2015 00:00,54.937,2
18-10-2015 00:00,55.509,2
19-10-2015 00:00,52.379,2
20-10-2015 00:00,57.56,2
21-10-2015 00:00,53.722,2
22-10-2015 00:00,56.413,2
23-10-2015 00:00,46.99,2
24-10-2015 00:00,45.536,2
25-10-2015 00:00,46.429,2
26-10-2015 00:00,49.711,2
27-10-2015 00:00,53.816,2
28-10-2015 00:00,53.352,2
29-10-2015 00:00,45.852,2
30-10-2015 00:00,55.287,2
31-10-2015 00:00,48.393,2
01-11-2015 00:00,44.355,2
02-11-2015 00:00,57.047,2
03-11-2015 00:00,54.64,2
04-11-2015 00:00,57.081,2
05-11-2015 00:00,60.249,2
06-11-2015 00:00,69.865,2
07-11-2015 00:00,71.862,2
08-11-2015 00:00,93.206,2
09-11-2015 00:00,134.055,2
10-11-2015 00:00,144.614,2
11-11-2015 00:00,135.775,2
12-11-2015 00:00,171.964,2
13-11-2015 00:00,150.172,2
14-11-2015 00:00,143.863,2
15-11-2015 00:00,127.424,2
16-11-2015 00:00,135.253,2
17-11-2015 00:00,152.473,2
18-11-2015 00:00,268.91,2
19-11-2015 00:00,307.767,2
20-11-2015 00:00,315.889,2
21-11-2015 00:00,280.692,2
22-11-2015 00:00,277.08,2
23-11-2015 00:00,280.873,2
24-11-2015 00:00,299.416,2
25-11-2015 00:00,477.646,2
26-11-2015 00:00,522.114,2
27-11-2015 00:00,508.181,2
28-11-2015 00:00,432.962,2
29-11-2015 00:00,428.972,2
30-11-2015 00:00,456.918,2
01-12-2015 00:00,418.335,2
02-12-2015 00:00,357.762,2
03-12-2015 00:00,373.653,2
04-12-2015 00:00,344.969,2
05-12-2015 00:00,313.016,2
06-12-2015 00:00,286.36,2
07-12-2015 00:00,262.259,2
08-12-2015 00:00,247.302,2
09-12-2015 00:00,232.051,2
10-12-2015 00:00,223.037,2
11-12-2015 00:00,249.361,2
12-12-2015 00:00,261.007,2
13-12-2015 00:00,265.063,2
14-12-2015 00:00,268.43,2
15-12-2015 00:00,447.415,2
16-12-2015 00:00,461.819,2
17-12-2015 00:00,366.928,2
18-12-2015 00:00,341.943,2
19-12-2015 00:00,291.67,2
20-12-2015 00:00,271.107,2
21-12-2015 00:00,263.045,2
22-12-2015 00:00,271.683,2
23-12-2015 00:00,411.359,2
24-12-2015 00:00,368.44,2
25-12-2015 00:00,324.509,2
26-12-2015 00:00,480.177,2
27-12-2015 00:00,692.623,2
28-12-2015 00:00,697.201,2
29-12-2015 00:00,594.667,2
30-12-2015 00:00,489.362,2
31-12-2015 00:00,397.071,2
01-01-2016 00:00,357.917,2
02-01-2016 00:00,321.356,2
03-01-2016 00:00,271.797,2
04-01-2016 00:00,234.495,2
05-01-2016 00:00,207.693,2
06-01-2016 00:00,187.098,2
07-01-2016 00:00,176.552,2
08-01-2016 00:00,170.608,2
09-01-2016 00:00,173.886,2
10-01-2016 00:00,177.063,2
11-01-2016 00:00,210.105,2
12-01-2016 00:00,228.335,2
13-01-2016 00:00,238.856,2
14-01-2016 00:00,205.179,2
15-01-2016 00:00,194.157,2
16-01-2016 00:00,181.252,2
17-01-2016 00:00,168.66,2
18-01-2016 00:00,154.725,2
19-01-2016 00:00,159.755,2
20-01-2016 00:00,156.594,2
21-01-2016 00:00,150.074,2
22-01-2016 00:00,136.688,2
23-01-2016 00:00,142.992,2
24-01-2016 00:00,147.268,2
25-01-2016 00:00,297.819,2
26-01-2016 00:00,365.091,2
27-01-2016 00:00,443.073,2
28-01-2016 00:00,438.443,2
29-01-2016 00:00,375.982,2
30-01-2016 00:00,404.159,2
31-01-2016 00:00,392.625,2
01-02-2016 00:00,358.613,2
02-02-2016 00:00,363.093,2
03-02-2016 00:00,322.756,2
04-02-2016 00:00,291.28,2
05-02-2016 00:00,238.195,2
06-02-2016 00:00,245.309,2
07-02-2016 00:00,231.924,2
08-02-2016 00:00,239.322,2
09-02-2016 00:00,257.641,2
10-02-2016 00:00,547.749,2
11-02-2016 00:00,530.535,2
12-02-2016 00:00,411.184,2
13-02-2016 00:00,336.173,2
14-02-2016 00:00,310.364,2
15-02-2016 00:00,269.134,2
16-02-2016 00:00,235.565,2
17-02-2016 00:00,218.791,2
18-02-2016 00:00,209.164,2
19-02-2016 00:00,194.419,2
20-02-2016 00:00,236.414,2
21-02-2016 00:00,312.66,2
22-02-2016 00:00,358.355,2
23-02-2016 00:00,319.134,2
24-02-2016 00:00,273.518,2
25-02-2016 00:00,234.081,2
26-02-2016 00:00,217.88,2
27-02-2016 00:00,206.743,2
28-02-2016 00:00,195.109,2
29-02-2016 00:00,194.765,2
01-03-2016 00:00,192.476,2
02-03-2016 00:00,245.439,2
03-03-2016 00:00,429.291,2
04-03-2016 00:00,391.306,2
05-03-2016 00:00,331.243,2
06-03-2016 00:00,451.868,2
07-03-2016 00:00,567.771,2
08-03-2016 00:00,456.156,2
09-03-2016 00:00,402.201,2
10-03-2016 00:00,350.862,2
11-03-2016 00:00,321.654,2
12-03-2016 00:00,302.766,2
13-03-2016 00:00,268.411,2
14-03-2016 00:00,254.678,2
15-03-2016 00:00,248.797,2
16-03-2016 00:00,229.847,2
17-03-2016 00:00,218.847,2
18-03-2016 00:00,205.396,2
19-03-2016 00:00,196.335,2
20-03-2016 00:00,189.865,2
21-03-2016 00:00,183.885,2
22-03-2016 00:00,173.39,2
23-03-2016 00:00,169.589,2
24-03-2016 00:00,159.254,2
25-03-2016 00:00,160.845,2
26-03-2016 00:00,163.89,2
27-03-2016 00:00,169.468,2
28-03-2016 00:00,162.065,2
29-03-2016 00:00,163.203,2
30-03-2016 00:00,171.091,2
31-03-2016 00:00,186.112,2
01-04-2016 00:00,167.306,2
02-04-2016 00:00,143.654,2
03-04-2016 00:00,144.926,2
04-04-2016 00:00,140.555,2
05-04-2016 00:00,144.175,2
06-04-2016 00:00,223.192,2
07-04-2016 00:00,209.008,2
08-04-2016 00:00,187.388,2
09-04-2016 00:00,169.042,2
10-04-2016 00:00,154.241,2
11-04-2016 00:00,148.284,2
12-04-2016 00:00,145.85,2
13-04-2016 00:00,147.798,2
14-04-2016 00:00,182.474,2
15-04-2016 00:00,178.763,2
16-04-2016 00:00,173.22,2
17-04-2016 00:00,149.638,2
18-04-2016 00:00,140.432,2
19-04-2016 00:00,136.623,2
20-04-2016 00:00,131.485,2
21-04-2016 00:00,132.714,2
22-04-2016 00:00,118.845,2
23-04-2016 00:00,117.687,2
24-04-2016 00:00,106.921,2
25-04-2016 00:00,124.118,2
26-04-2016 00:00,134.85,2
27-04-2016 00:00,241.921,2
28-04-2016 00:00,222.206,2
29-04-2016 00:00,193.309,2
30-04-2016 00:00,164.808,2
01-05-2016 00:00,157.205,2
02-05-2016 00:00,149.787,2
03-05-2016 00:00,135.991,2
04-05-2016 00:00,136.696,2
05-05-2016 00:00,130.728,2
06-05-2016 00:00,126.912,2
07-05-2016 00:00,119.723,2
08-05-2016 00:00,109.134,2
09-05-2016 00:00,104.441,2
10-05-2016 00:00,109.139,2
11-05-2016 00:00,88.032,2
12-05-2016 00:00,95.877,2
13-05-2016 00:00,84.932,2
14-05-2016 00:00,86.92,2
15-05-2016 00:00,193.029,2
16-05-2016 00:00,168.529,2
17-05-2016 00:00,136.868,2
18-05-2016 00:00,114.671,2
19-05-2016 00:00,101.96,2
20-05-2016 00:00,98.065,2
21-05-2016 00:00,92.922,2
22-05-2016 00:00,95.638,2
23-05-2016 00:00,89.197,2
24-05-2016 00:00,85.216,2
25-05-2016 00:00,77.743,2
26-05-2016 00:00,79.233,2
27-05-2016 00:00,75.471,2
28-05-2016 00:00,75.582,2
29-05-2016 00:00,69.45,2
30-05-2016 00:00,82.91,2
31-05-2016 00:00,74.146,2
01-06-2016 00:00,65.015,2
02-06-2016 00:00,61.753,2
03-06-2016 00:00,63.065,2
04-06-2016 00:00,60.691,2
05-06-2016 00:00,60.891,2
06-06-2016 00:00,57.653,2
07-06-2016 00:00,58.419,2
08-06-2016 00:00,54.67,2
09-06-2016 00:00,61.24,2
10-06-2016 00:00,51.836,2
11-06-2016 00:00,47.057,2
12-06-2016 00:00,53.721,2
13-06-2016 00:00,49.769,2
14-06-2016 00:00,52.311,2
15-06-2016 00:00,57.666,2
16-06-2016 00:00,136.599,2
17-06-2016 00:00,83.071,2
18-06-2016 00:00,70.55,2
19-06-2016 00:00,57.07,2
20-06-2016 00:00,53.049,2
21-06-2016 00:00,67.232,2
22-06-2016 00:00,59.73,2
23-06-2016 00:00,41.747,2
24-06-2016 00:00,55.413,2
25-06-2016 00:00,52.121,2
26-06-2016 00:00,45.354,2
27-06-2016 00:00,46.878,2
28-06-2016 00:00,43.551,2
29-06-2016 00:00,63.825,2
30-06-2016 00:00,74.257,2
01-07-2016 00:00,65.882,2
02-07-2016 00:00,80.711,2
03-07-2016 00:00,72.811,2
04-07-2016 00:00,65.734,2
05-07-2016 00:00,62.905,2
06-07-2016 00:00,99.891,2
07-07-2016 00:00,79.373,2
08-07-2016 00:00,66.851,2
09-07-2016 00:00,65.057,2
10-07-2016 00:00,73.841,2
11-07-2016 00:00,97.987,2
12-07-2016 00:00,94.45,2
13-07-2016 00:00,69.188,2
14-07-2016 00:00,76.219,2
15-07-2016 00:00,59.95,2
16-07-2016 00:00,58.445,2
17-07-2016 00:00,55.285,2
18-07-2016 00:00,54.654,2
19-07-2016 00:00,51.572,2
20-07-2016 00:00,47.631,2
21-07-2016 00:00,49.437,2
22-07-2016 00:00,44.578,2
23-07-2016 00:00,44.89,2
24-07-2016 00:00,43.378,2
25-07-2016 00:00,43.217,2
26-07-2016 00:00,44.322,2
27-07-2016 00:00,40.542,2
28-07-2016 00:00,43.944,2
29-07-2016 00:00,42.927,2
30-07-2016 00:00,46.793,2
31-07-2016 00:00,53.091,2
01-08-2016 00:00,45.361,2
02-08-2016 00:00,47.444,2
03-08-2016 00:00,51.426,2
04-08-2016 00:00,59.674,2
05-08-2016 00:00,53.204,2
06-08-2016 00:00,50.244,2
07-08-2016 00:00,45.295,2
08-08-2016 00:00,45.152,2
09-08-2016 00:00,50.376,2
10-08-2016 00:00,60.186,2
11-08-2016 00:00,50.095,2
12-08-2016 00:00,39.746,2
13-08-2016 00:00,41.98,2
14-08-2016 00:00,44.325,2
15-08-2016 00:00,39.551,2
16-08-2016 00:00,41.132,2
17-08-2016 00:00,40.741,2
18-08-2016 00:00,38.02,2
19-08-2016 00:00,38.777,2
20-08-2016 00:00,38.546,2
21-08-2016 00:00,41.306,2
22-08-2016 00:00,37.957,2
23-08-2016 00:00,43.373,2
24-08-2016 00:00,37.075,2
25-08-2016 00:00,40.203,2
26-08-2016 00:00,35.262,2
27-08-2016 00:00,32.989,2
28-08-2016 00:00,47.145,2
29-08-2016 00:00,43.703,2
30-08-2016 00:00,35.236,2
31-08-2016 00:00,30.3,2
01-09-2016 00:00,27.8,2
02-09-2016 00:00,27.293,2
03-09-2016 00:00,27.543,2
04-09-2016 00:00,29.717,2
05-09-2016 00:00,44.015,2
06-09-2016 00:00,38.221,2
07-09-2016 00:00,32.25,2
08-09-2016 00:00,30.568,2
09-09-2016 00:00,28.356,2
10-09-2016 00:00,26.5,2
11-09-2016 00:00,25.518,2
12-09-2016 00:00,24.41,2
13-09-2016 00:00,24.237,2
14-09-2016 00:00,23.805,2
15-09-2016 00:00,23.455,2
16-09-2016 00:00,23.161,2
17-09-2016 00:00,21.643,2
18-09-2016 00:00,23.121,2
19-09-2016 00:00,22.731,2
20-09-2016 00:00,23.006,2
21-09-2016 00:00,25.831,2
22-09-2016 00:00,25.147,2
23-09-2016 00:00,23.493,2
24-09-2016 00:00,23.656,2
25-09-2016 00:00,23.11,2
26-09-2016 00:00,22.761,2
27-09-2016 00:00,24.184,2
28-09-2016 00:00,24.108,2
29-09-2016 00:00,23.889,2
30-09-2016 00:00,31.431,2
02-10-2016 00:00,27.378,2
03-10-2016 00:00,55.507,2
04-10-2016 00:00,54.533,2
05-10-2016 00:00,39.042,2
06-10-2016 00:00,32.254,2
07-10-2016 00:00,29.338,2
08-10-2016 00:00,27.417,2
09-10-2016 00:00,26.979,2
10-10-2016 00:00,30.198,2
11-10-2016 00:00,38.588,2
12-10-2016 00:00,31.815,2
13-10-2016 00:00,28.349,2
14-10-2016 00:00,26.701,2
15-10-2016 00:00,25.622,2
16-10-2016 00:00,36.096,2
17-10-2016 00:00,39.612,2
18-10-2016 00:00,33.564,2
19-10-2016 00:00,32.576,2
20-10-2016 00:00,37.166,2
21-10-2016 00:00,49.064,2
22-10-2016 00:00,60.777,2
23-10-2016 00:00,59.998,2
24-10-2016 00:00,52.958,2
25-10-2016 00:00,45.135,2
26-10-2016 00:00,37.514,2
27-10-2016 00:00,35.754,2
28-10-2016 00:00,35.872,2
29-10-2016 00:00,38.821,2
30-10-2016 00:00,33.684,2
31-10-2016 00:00,31.624,2
02-11-2016 00:00,48.047,2
03-11-2016 00:00,38.851,2
04-11-2016 00:00,38.147,2
05-11-2016 00:00,62.305,2
06-11-2016 00:00,94.093,2
07-11-2016 00:00,87.644,2
08-11-2016 00:00,71.359,2
09-11-2016 00:00,60.368,2
10-11-2016 00:00,59.283,2
11-11-2016 00:00,53.584,2
12-11-2016 00:00,47.37,2
13-11-2016 00:00,42.79,2
14-11-2016 00:00,40.317,2
15-11-2016 00:00,51.827,2
16-11-2016 00:00,74.573,2
17-11-2016 00:00,70.319,2
18-11-2016 00:00,84.93,2
19-11-2016 00:00,87.272,2
20-11-2016 00:00,82.907,2
21-11-2016 00:00,78.796,2
22-11-2016 00:00,69.668,2
23-11-2016 00:00,62.584,2
24-11-2016 00:00,57.065,2
25-11-2016 00:00,53.489,2
26-11-2016 00:00,52.251,2
27-11-2016 00:00,48.955,2
28-11-2016 00:00,44.563,2
29-11-2016 00:00,48.79,2
30-11-2016 00:00,48.71,2
02-12-2016 00:00,49.412,2
03-12-2016 00:00,43.942,2
04-12-2016 00:00,42.495,2
05-12-2016 00:00,43.497,2
06-12-2016 00:00,44.001,2
07-12-2016 00:00,44.786,2
08-12-2016 00:00,57.16,2
09-12-2016 00:00,51.372,2
11-12-2016 00:00,145.174,2
12-12-2016 00:00,130.258,2
13-12-2016 00:00,114.651,2
14-12-2016 00:00,109.357,2
15-12-2016 00:00,110.664,2
16-12-2016 00:00,98.485,2
17-12-2016 00:00,91.508,2
18-12-2016 00:00,96.491,2
19-12-2016 00:00,90.441,2
20-12-2016 00:00,89.929,2
21-12-2016 00:00,91.669,2
22-12-2016 00:00,91.233,2
23-12-2016 00:00,86.509,2
24-12-2016 00:00,88.163,2
25-12-2016 00:00,90.491,2
26-12-2016 00:00,86.054,2
27-12-2016 00:00,90.081,2
28-12-2016 00:00,82.903,2
29-12-2016 00:00,80.505,2
30-12-2016 00:00,81.984,2
31-12-2016 00:00,76.143,2
01-01-2017 00:00,88.723,2
02-01-2017 00:00,89.656,2
03-01-2017 00:00,85.347,2
04-01-2017 00:00,99.211,2
05-01-2017 00:00,74.211,2
06-01-2017 00:00,71.058,2
07-01-2017 00:00,69.994,2
08-01-2017 00:00,76.135,2
09-01-2017 00:00,75.58,2
10-01-2017 00:00,76.332,2
11-01-2017 00:00,85.48,2
12-01-2017 00:00,106.446,2
13-01-2017 00:00,96.059,2
14-01-2017 00:00,96.49,2
15-01-2017 00:00,84.885,2
16-01-2017 00:00,88.493,2
17-01-2017 00:00,77.101,2
18-01-2017 00:00,80.681,2
19-01-2017 00:00,84.5,2
20-01-2017 00:00,98.039,2
21-01-2017 00:00,90.668,2
22-01-2017 00:00,89.451,2
23-01-2017 00:00,100.781,2
24-02-2017 00:00,166.064,2
25-02-2017 00:00,178.657,2
26-02-2017 00:00,280.292,2
27-02-2017 00:00,236.078,2
28-02-2017 00:00,215.425,2
01-03-2017 00:00,179.085,2
02-03-2017 00:00,188.555,2
03-03-2017 00:00,182.807,2
04-03-2017 00:00,168.34,2
05-03-2017 00:00,161.199,2
06-03-2017 00:00,161.308,2
07-03-2017 00:00,143.946,2
08-03-2017 00:00,138.349,2
09-03-2017 00:00,142.932,2
10-03-2017 00:00,122.365,2
11-03-2017 00:00,127.202,2
12-03-2017 00:00,117.961,2
13-03-2017 00:00,112.001,2
14-03-2017 00:00,107.073,2
15-03-2017 00:00,106.399,2
16-03-2017 00:00,100.844,2
17-03-2017 00:00,100.618,2
18-03-2017 00:00,151.19,2
19-03-2017 00:00,137.522,2
20-03-2017 00:00,155.992,2
21-03-2017 00:00,247.685,2
22-03-2017 00:00,202.249,2
23-03-2017 00:00,165.583,2
24-03-2017 00:00,145.076,2
25-03-2017 00:00,136.266,2
26-03-2017 00:00,135.666,2
27-03-2017 00:00,121.225,2
28-03-2017 00:00,123.117,2
29-03-2017 00:00,114.727,2
30-03-2017 00:00,114.441,2
31-03-2017 00:00,127.098,2
01-04-2017 00:00,117.763,2
02-04-2017 00:00,117.402,2
03-04-2017 00:00,105.216,2
04-04-2017 00:00,101.409,2
05-04-2017 00:00,93.192,2
06-04-2017 00:00,99.407,2
07-04-2017 00:00,94.077,2
08-04-2017 00:00,87.724,2
09-04-2017 00:00,87.888,2
10-04-2017 00:00,91.371,2
11-04-2017 00:00,80.756,2
12-04-2017 00:00,98.869,2
13-04-2017 00:00,90.875,2
14-04-2017 00:00,78.949,2
15-04-2017 00:00,133.267,2
16-04-2017 00:00,133.341,2
17-04-2017 00:00,121.566,2
18-04-2017 00:00,102.697,2
19-04-2017 00:00,99.975,2
20-04-2017 00:00,92.693,2
21-04-2017 00:00,91.931,2
22-04-2017 00:00,95.438,2
23-04-2017 00:00,86.211,2
24-04-2017 00:00,99.044,2
25-04-2017 00:00,98.346,2
26-04-2017 00:00,82.756,2
27-04-2017 00:00,82.784,2
28-04-2017 00:00,84.828,2
29-04-2017 00:00,147.96,2
30-04-2017 00:00,127.503,2
01-05-2017 00:00,110.272,2
02-05-2017 00:00,94.785,2
03-05-2017 00:00,84.805,2
04-05-2017 00:00,88.168,2
05-05-2017 00:00,81.816,2
06-05-2017 00:00,79.608,2
07-05-2017 00:00,71.937,2
08-05-2017 00:00,80.729,2
09-05-2017 00:00,86.912,2
10-05-2017 00:00,88.258,2
11-05-2017 00:00,96.632,2
12-05-2017 00:00,78.844,2
13-05-2017 00:00,78.343,2
14-05-2017 00:00,64.595,2
15-05-2017 00:00,67.274,2
16-05-2017 00:00,67.129,2
17-05-2017 00:00,64.519,2
18-05-2017 00:00,63.325,2
19-05-2017 00:00,62.925,2
20-05-2017 00:00,61.927,2
21-05-2017 00:00,49.305,2
22-05-2017 00:00,55.388,2
23-05-2017 00:00,57.971,2
24-05-2017 00:00,55.076,2
25-05-2017 00:00,48.766,2
26-05-2017 00:00,48.624,2
27-05-2017 00:00,54.939,2
28-05-2017 00:00,44.125,2
29-05-2017 00:00,46.361,2
30-05-2017 00:00,51.598,2
31-05-2017 00:00,50.481,2
01-06-2017 00:00,52.829,2
02-06-2017 00:00,47.048,2
03-06-2017 00:00,45.438,2
04-06-2017 00:00,55.691,2
05-06-2017 00:00,63.365,2
06-06-2017 00:00,53.596,2
07-06-2017 00:00,70.572,2
08-06-2017 00:00,73.574,2
09-06-2017 00:00,68.847,2
10-06-2017 00:00,64.35,2
11-06-2017 00:00,54.091,2
12-06-2017 00:00,64.293,2
13-06-2017 00:00,50.832,2
14-06-2017 00:00,41.913,2
15-06-2017 00:00,47.852,2
16-06-2017 00:00,82.926,2
17-06-2017 00:00,53.635,2
18-06-2017 00:00,52.475,2
19-06-2017 00:00,40.502,2
20-06-2017 00:00,44.498,2
21-06-2017 00:00,39.353,2
22-06-2017 00:00,51.409,2
24-06-2017 00:00,47,2
26-06-2017 00:00,44,2
27-06-2017 00:00,41.124,2
28-06-2017 00:00,39.59,2
29-06-2017 00:00,41.674,2
30-06-2017 00:00,44.277,2
01-07-2017 00:00,49.32,2
02-07-2017 00:00,44.498,2
03-07-2017 00:00,38.408,2
04-07-2017 00:00,42.587,2
05-07-2017 00:00,38.605,2
06-07-2017 00:00,38.787,2
07-07-2017 00:00,35.99,2
08-07-2017 00:00,39.505,2
09-07-2017 00:00,38.352,2
10-07-2017 00:00,36.42,2
11-07-2017 00:00,36.691,2
12-07-2017 00:00,35.48,2
13-07-2017 00:00,35.508,2
14-07-2017 00:00,34.137,2
15-07-2017 00:00,32.304,2
16-07-2017 00:00,36.444,2
17-07-2017 00:00,38.228,2
18-07-2017 00:00,35.389,2
19-07-2017 00:00,33.192,2
20-07-2017 00:00,33.562,2
21-07-2017 00:00,35.796,2
22-07-2017 00:00,36.546,2
23-07-2017 00:00,37.802,2
24-07-2017 00:00,46.813,2
25-07-2017 00:00,44.28,2
26-07-2017 00:00,40.023,2
27-07-2017 00:00,36.664,2
28-07-2017 00:00,39.199,2
29-07-2017 00:00,37.156,2
30-07-2017 00:00,47.634,2
31-07-2017 00:00,60.078,2
01-08-2017 00:00,54.818,2
02-08-2017 00:00,45.95,2
03-08-2017 00:00,64.508,2
04-08-2017 00:00,107.84,2
05-08-2017 00:00,118.455,2
06-08-2017 00:00,104.69,2
07-08-2017 00:00,91.056,2
08-08-2017 00:00,90.542,2
09-08-2017 00:00,76.017,2
10-08-2017 00:00,63.822,2
11-08-2017 00:00,53.437,2
12-08-2017 00:00,44.5,2
13-08-2017 00:00,48.28,2
14-08-2017 00:00,49.592,2
15-08-2017 00:00,43.162,2
16-08-2017 00:00,44.764,2
17-08-2017 00:00,48.968,2
18-08-2017 00:00,52.655,2
19-08-2017 00:00,48.112,2
20-08-2017 00:00,46.409,2
21-08-2017 00:00,45.22,2
22-08-2017 00:00,49.232,2
23-08-2017 00:00,45.87,2
24-08-2017 00:00,42.732,2
25-08-2017 00:00,40.811,2
26-08-2017 00:00,37.566,2
27-08-2017 00:00,40.617,2
28-08-2017 00:00,40.734,2
29-08-2017 00:00,37.05,2
30-08-2017 00:00,41.549,2
31-08-2017 00:00,49.354,2
01-09-2017 00:00,46.746,2
02-09-2017 00:00,41.468,2
03-09-2017 00:00,37.962,2
04-09-2017 00:00,39.315,2
05-09-2017 00:00,40.19,2
06-09-2017 00:00,48.319,2
07-09-2017 00:00,165.21,2
08-09-2017 00:00,153.875,2
09-09-2017 00:00,166.345,2
10-09-2017 00:00,220.049,2
11-09-2017 00:00,173.072,2
12-09-2017 00:00,139.364,2
13-09-2017 00:00,122.133,2
14-09-2017 00:00,156.878,2
15-09-2017 00:00,158.226,2
16-09-2017 00:00,132,2
17-09-2017 00:00,115.916,2
18-09-2017 00:00,105.762,2
19-09-2017 00:00,99.818,2
20-09-2017 00:00,105.672,2
21-09-2017 00:00,119.515,2
22-09-2017 00:00,128.733,2
23-09-2017 00:00,117.057,2
24-09-2017 00:00,104.722,2
25-09-2017 00:00,98.475,2
26-09-2017 00:00,92.493,2
27-09-2017 00:00,83.77,2
28-09-2017 00:00,82.759,2
29-09-2017 00:00,100.99,2
30-09-2017 00:00,110.699,2
01-10-2017 00:00,100.097,2
02-10-2017 00:00,119.941,2
03-10-2017 00:00,163.051,2
04-10-2017 00:00,160.7,2
05-10-2017 00:00,186.759,2
06-10-2017 00:00,160.004,2
07-10-2017 00:00,152.762,2
08-10-2017 00:00,227.063,2
09-10-2017 00:00,202.884,2
10-10-2017 00:00,175.675,2
11-10-2017 00:00,167.063,2
12-10-2017 00:00,166.821,2
13-10-2017 00:00,161.679,2
14-10-2017 00:00,147.783,2
15-10-2017 00:00,136.325,2
16-10-2017 00:00,133.653,2
17-10-2017 00:00,123.106,2
18-10-2017 00:00,115.435,2
19-10-2017 00:00,116.596,2
20-10-2017 00:00,112.273,2
21-10-2017 00:00,125.417,2
22-10-2017 00:00,138.025,2
23-10-2017 00:00,150.088,2
24-10-2017 00:00,142.193,2
25-10-2017 00:00,213.926,2
26-10-2017 00:00,228.514,2
27-10-2017 00:00,207.915,2
28-10-2017 00:00,189.782,2
29-10-2017 00:00,173.559,2
30-10-2017 00:00,159.231,2
31-10-2017 00:00,140.468,2
01-11-2017 00:00,133.578,2
02-11-2017 00:00,145.237,2
03-11-2017 00:00,143.978,2
04-11-2017 00:00,138.144,2
05-11-2017 00:00,133.25,2
06-11-2017 00:00,127.139,2
07-11-2017 00:00,120.684,2
08-11-2017 00:00,114.518,2
09-11-2017 00:00,113.029,2
10-11-2017 00:00,116.202,2
11-11-2017 00:00,123.543,2
12-11-2017 00:00,121.322,2
13-11-2017 00:00,119.116,2
14-11-2017 00:00,112.943,2
15-11-2017 00:00,119.198,2
16-11-2017 00:00,111.485,2
17-11-2017 00:00,125.114,2
18-11-2017 00:00,129.755,2
19-11-2017 00:00,154.094,2
20-11-2017 00:00,164.251,2
21-11-2017 00:00,156.507,2
22-11-2017 00:00,221.611,2
23-11-2017 00:00,277.591,2
24-11-2017 00:00,250.695,2
25-11-2017 00:00,206.827,2
26-11-2017 00:00,190.183,2
27-11-2017 00:00,179.022,2
28-11-2017 00:00,250.4,2
29-11-2017 00:00,327.428,2
30-11-2017 00:00,314.543,2
01-12-2017 00:00,264.503,2
02-12-2017 00:00,215.023,2
03-12-2017 00:00,206.746,2
04-12-2017 00:00,206.097,2
05-12-2017 00:00,187.587,2
06-12-2017 00:00,185.204,2
07-12-2017 00:00,180.338,2
08-12-2017 00:00,207.407,2
09-12-2017 00:00,184.05,2
10-12-2017 00:00,166.864,2
11-12-2017 00:00,163.281,2
12-12-2017 00:00,180.647,2
13-12-2017 00:00,249.565,2
14-12-2017 00:00,319.801,2
15-12-2017 00:00,336.813,2
16-12-2017 00:00,262.206,2
17-12-2017 00:00,228.374,2
18-12-2017 00:00,196.956,2
19-12-2017 00:00,190.655,2
20-12-2017 00:00,190.642,2
21-12-2017 00:00,177.419,2
22-12-2017 00:00,189.679,2
23-12-2017 00:00,182.432,2
24-12-2017 00:00,192.179,2
25-12-2017 00:00,247.377,2
26-12-2017 00:00,246.347,2
27-12-2017 00:00,222.573,2
28-12-2017 00:00,234.796,2
29-12-2017 00:00,208.493,2
30-12-2017 00:00,202.719,2
31-12-2017 00:00,235.875,2
01-01-2018 00:00,365.41,2
02-01-2018 00:00,370.231,2
03-01-2018 00:00,421.295,2
04-01-2018 00:00,486.572,2
05-01-2018 00:00,425.889,2
06-01-2018 00:00,367.796,2
07-01-2018 00:00,299.66,2
08-01-2018 00:00,239.64,2
09-01-2018 00:00,224.074,2
10-01-2018 00:00,228.692,2
11-01-2018 00:00,255.636,2
12-01-2018 00:00,240.807,2
13-01-2018 00:00,215.05,2
14-01-2018 00:00,205.416,2
15-01-2018 00:00,196.701,2
16-01-2018 00:00,220.261,2
17-01-2018 00:00,217.303,2
18-01-2018 00:00,210.852,2
19-01-2018 00:00,194.739,2
20-01-2018 00:00,192.998,2
21-01-2018 00:00,185.53,2
22-01-2018 00:00,172.842,2
23-01-2018 00:00,168.482,2
24-01-2018 00:00,204.217,2
25-01-2018 00:00,233.55,2
26-01-2018 00:00,208.455,2
27-01-2018 00:00,187.905,2
28-01-2018 00:00,236.088,2
29-01-2018 00:00,254.701,2
30-01-2018 00:00,223.199,2
31-01-2018 00:00,233.51,2
01-02-2018 00:00,231.91,2
02-02-2018 00:00,209.934,2
03-02-2018 00:00,209.204,2
04-02-2018 00:00,173.384,2
05-02-2018 00:00,175.986,2
06-02-2018 00:00,170.457,2
07-02-2018 00:00,154.88,2
08-02-2018 00:00,145.892,2
09-02-2018 00:00,133.886,2
10-02-2018 00:00,126.394,2
11-02-2018 00:00,128.188,2
12-02-2018 00:00,136.229,2
13-02-2018 00:00,134.352,2
14-02-2018 00:00,138.062,2
15-02-2018 00:00,125.632,2
16-02-2018 00:00,136.764,2
17-02-2018 00:00,153.008,2
18-02-2018 00:00,153.448,2
19-02-2018 00:00,159.422,2
20-02-2018 00:00,152.204,2
21-02-2018 00:00,151.344,2
22-02-2018 00:00,158.255,2
23-02-2018 00:00,145.501,2
24-02-2018 00:00,138.809,2
25-02-2018 00:00,127.487,2
26-02-2018 00:00,118.675,2
27-02-2018 00:00,97.748,2
28-02-2018 00:00,106.581,2
01-03-2018 00:00,96.484,2
02-03-2018 00:00,96.039,2
03-03-2018 00:00,94.067,2
04-03-2018 00:00,97.366,2
05-03-2018 00:00,89.809,2
06-03-2018 00:00,101.177,2
07-03-2018 00:00,90.931,2
08-03-2018 00:00,111.993,2
09-03-2018 00:00,131.408,2
10-03-2018 00:00,131.802,2
11-03-2018 00:00,224.661,2
12-03-2018 00:00,366.417,2
13-03-2018 00:00,610.605,2
14-03-2018 00:00,471.117,2
15-03-2018 00:00,376.743,2
16-03-2018 00:00,293.272,2
17-03-2018 00:00,225.762,2
18-03-2018 00:00,195.707,2
19-03-2018 00:00,184.039,2
20-03-2018 00:00,171.759,2
21-03-2018 00:00,170.672,2
22-03-2018 00:00,211.306,2
23-03-2018 00:00,241.065,2
24-03-2018 00:00,230.115,2
25-03-2018 00:00,224.154,2
26-03-2018 00:00,233.622,2
27-03-2018 00:00,211.513,2
28-03-2018 00:00,206.265,2
29-03-2018 00:00,177.954,2
30-03-2018 00:00,173.221,2
31-03-2018 00:00,163.853,2
01-04-2018 00:00,150.924,2
02-04-2018 00:00,153.646,2
03-04-2018 00:00,155.12,2
04-04-2018 00:00,174.081,2
05-04-2018 00:00,185.508,2
06-04-2018 00:00,164.09,2
07-04-2018 00:00,143.493,2
08-04-2018 00:00,146.603,2
09-04-2018 00:00,137.142,2
10-04-2018 00:00,124.336,2
11-04-2018 00:00,124.134,2
12-04-2018 00:00,117.602,2
13-04-2018 00:00,113.84,2
14-04-2018 00:00,102.683,2
15-04-2018 00:00,103.265,2
16-04-2018 00:00,102.409,2
17-04-2018 00:00,102.651,2
18-04-2018 00:00,110.413,2
19-04-2018 00:00,109.539,2
20-04-2018 00:00,105.779,2
21-04-2018 00:00,99.422,2
22-04-2018 00:00,108.112,2
23-04-2018 00:00,99.477,2
24-04-2018 00:00,98.344,2
25-04-2018 00:00,99.437,2
26-04-2018 00:00,90.809,2
27-04-2018 00:00,85.659,2
28-04-2018 00:00,99.376,2
29-04-2018 00:00,86.806,2
30-04-2018 00:00,83.625,2
01-05-2018 00:00,97.781,2
02-05-2018 00:00,85.495,2
03-05-2018 00:00,81.764,2
04-05-2018 00:00,77.428,2
05-05-2018 00:00,82.495,2
06-05-2018 00:00,68.939,2
07-05-2018 00:00,77.285,2
08-05-2018 00:00,63.659,2
09-05-2018 00:00,63.91,2
10-05-2018 00:00,72.997,2
11-05-2018 00:00,55.923,2
12-05-2018 00:00,72.788,2
13-05-2018 00:00,56.709,2
14-05-2018 00:00,64.499,2
15-05-2018 00:00,53.653,2
16-05-2018 00:00,47.189,2
17-05-2018 00:00,0,2
18-05-2018 00:00,0,2
19-05-2018 00:00,0,2
20-05-2018 00:00,0,2
21-05-2018 00:00,143.046,2
22-05-2018 00:00,117.12,2
23-05-2018 00:00,57.402,2
24-05-2018 00:00,49.508,2
25-05-2018 00:00,47.95,2
26-05-2018 00:00,53.205,2
27-05-2018 00:00,55.596,2
28-05-2018 00:00,72.407,2
29-05-2018 00:00,72.653,2
30-05-2018 00:00,52.935,2
31-05-2018 00:00,52.301,2
01-06-2018 00:00,44.822,2
02-06-2018 00:00,44.329,2
03-06-2018 00:00,44.067,2
04-06-2018 00:00,45.27,2
05-06-2018 00:00,42.389,2
06-06-2018 00:00,40.428,2
07-06-2018 00:00,38.357,2
08-06-2018 00:00,36.331,2
09-06-2018 00:00,36.863,2
10-06-2018 00:00,36.051,2
11-06-2018 00:00,40.157,2
12-06-2018 00:00,36.486,2
13-06-2018 00:00,35.334,2
14-06-2018 00:00,32.991,2
15-06-2018 00:00,35.727,2
16-06-2018 00:00,36.869,2
17-06-2018 00:00,40.479,2
18-06-2018 00:00,35.434,2
19-06-2018 00:00,37.621,2
20-06-2018 00:00,31.16,2
21-06-2018 00:00,32.941,2
22-06-2018 00:00,35.983,2
23-06-2018 00:00,34.427,2
24-06-2018 00:00,28.117,2
25-06-2018 00:00,31.408,2
26-06-2018 00:00,32.69,2
27-06-2018 00:00,28.155,2
28-06-2018 00:00,34.638,2
29-06-2018 00:00,28.943,2
30-06-2018 00:00,24.959,2
01-07-2018 00:00,30.845,2
02-07-2018 00:00,26.597,2
03-07-2018 00:00,27.961,2
04-07-2018 00:00,27.546,2
05-07-2018 00:00,26.211,2
06-07-2018 00:00,28.012,2
07-07-2018 00:00,25.936,2
08-07-2018 00:00,27.906,2
09-07-2018 00:00,27.422,2
10-07-2018 00:00,25.62,2
11-07-2018 00:00,26.145,2
12-07-2018 00:00,27.471,2
13-07-2018 00:00,28.298,2
14-07-2018 00:00,24.602,2
15-07-2018 00:00,22.467,2
16-07-2018 00:00,26.928,2
17-07-2018 00:00,25.141,2
18-07-2018 00:00,23.84,2
19-07-2018 00:00,24.703,2
20-07-2018 00:00,24.342,2
21-07-2018 00:00,23.358,2
22-07-2018 00:00,22.981,2
23-07-2018 00:00,21.916,2
24-07-2018 00:00,23.553,2
25-07-2018 00:00,20.511,2
26-07-2018 00:00,21.933,2
27-07-2018 00:00,16.156,2
28-07-2018 00:00,17.604,2
29-07-2018 00:00,21.682,2
30-07-2018 00:00,20.058,2
31-07-2018 00:00,13.247,2
01-08-2018 00:00,20.551,2
02-08-2018 00:00,18.341,2
03-08-2018 00:00,16.15,2
04-08-2018 00:00,18.003,2
05-08-2018 00:00,17.674,2
06-08-2018 00:00,24.04,2
07-08-2018 00:00,15.45,2
08-08-2018 00:00,16.019,2
09-08-2018 00:00,13.739,2
10-08-2018 00:00,19.884,2
11-08-2018 00:00,23.98,2
12-08-2018 00:00,17.528,2
13-08-2018 00:00,39.498,2
14-08-2018 00:00,44.514,2
15-08-2018 00:00,34.622,2
16-08-2018 00:00,32.01,2
17-08-2018 00:00,28.776,2
18-08-2018 00:00,24.136,2
19-08-2018 00:00,26.461,2
20-08-2018 00:00,33.067,2
21-08-2018 00:00,27.179,2
22-08-2018 00:00,35.678,2
23-08-2018 00:00,3.039,2
24-08-2018 00:00,17.787,2
25-08-2018 00:00,16.963,2
26-08-2018 00:00,20.599,2
27-08-2018 00:00,21.63,2
28-08-2018 00:00,32.476,2
29-08-2018 00:00,14.576,2
30-08-2018 00:00,36.399,2
31-08-2018 00:00,51.317,2
01-09-2018 00:00,34.54,2
02-09-2018 00:00,25.047,2
03-09-2018 00:00,25.104,2
04-09-2018 00:00,23.253,2
05-09-2018 00:00,25.191,2
06-09-2018 00:00,20.847,2
07-09-2018 00:00,21.949,2
08-09-2018 00:00,18.63,2
09-09-2018 00:00,17.557,2
10-09-2018 00:00,18.79,2
11-09-2018 00:00,23.229,2
12-09-2018 00:00,18.285,2
13-09-2018 00:00,18.528,2
14-09-2018 00:00,18.159,2
15-09-2018 00:00,16.981,2
16-09-2018 00:00,16.726,2
17-09-2018 00:00,5.919,2
18-09-2018 00:00,0,2
19-09-2018 00:00,59.986,2
20-09-2018 00:00,16.948,2
21-09-2018 00:00,25.18,2
22-09-2018 00:00,72.002,2
23-09-2018 00:00,46.828,2
24-09-2018 00:00,15.959,2
25-09-2018 00:00,29.655,2
26-09-2018 00:00,32.962,2
27-09-2018 00:00,20.718,2
28-09-2018 00:00,30.507,2
29-09-2018 00:00,28.463,2
30-09-2018 00:00,19.485,2
01-10-2018 00:00,28.94,2
02-10-2018 00:00,30.059,2
03-10-2018 00:00,30.42,2
04-10-2018 00:00,27.606,2
05-10-2018 00:00,28.457,2
06-10-2018 00:00,30.503,2
07-10-2018 00:00,29.623,2
08-10-2018 00:00,31.779,2
09-10-2018 00:00,31.066,2
10-10-2018 00:00,31.771,2
11-10-2018 00:00,19.836,2
12-10-2018 00:00,28.702,2
13-10-2018 00:00,26.04,2
14-10-2018 00:00,17.608,2
15-10-2018 00:00,27.654,2
16-10-2018 00:00,25.231,2
17-10-2018 00:00,33.198,2
18-10-2018 00:00,24.7,2
19-10-2018 00:00,24.488,2
20-10-2018 00:00,33.636,2
21-10-2018 00:00,21.466,2
22-10-2018 00:00,31.805,2
23-10-2018 00:00,33.657,2
24-10-2018 00:00,28.521,2
25-10-2018 00:00,24.752,2
26-10-2018 00:00,25.061,2
27-10-2018 00:00,44.195,2
28-10-2018 00:00,34.977,2
29-10-2018 00:00,30.03,2
30-10-2018 00:00,30.834,2
31-10-2018 00:00,28.116,2
01-11-2018 00:00,31.045,2
02-11-2018 00:00,20.442,2
03-11-2018 00:00,28.362,2
04-11-2018 00:00,29.283,2
05-11-2018 00:00,27.915,2
06-11-2018 00:00,26.013,2
07-11-2018 00:00,25.758,2
08-11-2018 00:00,29.467,2
09-11-2018 00:00,22.825,2
10-11-2018 00:00,23.195,2
11-11-2018 00:00,33.26,2
12-11-2018 00:00,25.994,2
13-11-2018 00:00,42.41,2
14-11-2018 00:00,31.437,2
15-11-2018 00:00,34.887,2
16-11-2018 00:00,24.937,2
17-11-2018 00:00,32.71,2
18-11-2018 00:00,26.714,2
19-11-2018 00:00,25.017,2
20-11-2018 00:00,24.775,2
21-11-2018 00:00,33.678,2
22-11-2018 00:00,26.803,2
23-11-2018 00:00,26.043,2
24-11-2018 00:00,23.279,2
25-11-2018 00:00,26.743,2
26-11-2018 00:00,30.458,2
27-11-2018 00:00,24.818,2
28-11-2018 00:00,22.166,2
29-11-2018 00:00,31.332,2
30-11-2018 00:00,43.191,2
01-12-2018 00:00,28.121,2
02-12-2018 00:00,39.649,2
03-12-2018 00:00,51.345,2
04-12-2018 00:00,46.753,2
05-12-2018 00:00,37.001,2
06-12-2018 00:00,42.742,2
07-12-2018 00:00,49.995,2
08-12-2018 00:00,79.545,2
09-12-2018 00:00,94.752,2
10-12-2018 00:00,74.346,2
11-12-2018 00:00,71.512,2
12-12-2018 00:00,63.483,2
13-12-2018 00:00,57.369,2
14-12-2018 00:00,51.008,2
15-12-2018 00:00,45.989,2
16-12-2018 00:00,53.796,2
17-12-2018 00:00,47.231,2
18-12-2018 00:00,46.959,2
19-12-2018 00:00,43.519,2
20-12-2018 00:00,45.562,2
21-12-2018 00:00,57.612,2
22-12-2018 00:00,66.26,2
23-12-2018 00:00,74.817,2
24-12-2018 00:00,65.756,2
25-12-2018 00:00,75.63,2
26-12-2018 00:00,62.103,2
27-12-2018 00:00,63.976,2
28-12-2018 00:00,64.184,2
29-12-2018 00:00,65.206,2
30-12-2018 00:00,89.912,2
31-12-2018 00:00,80.873,2
01-01-2019 00:00,163.215,2
02-01-2019 00:00,130.344,2
03-01-2019 00:00,123.969,2
04-01-2019 00:00,124.543,2
05-01-2019 00:00,119.704,2
06-01-2019 00:00,104.232,2
07-01-2019 00:00,114.231,2
08-01-2019 00:00,156.526,2
09-01-2019 00:00,172.123,2
10-01-2019 00:00,148.043,2
11-01-2019 00:00,145.987,2
12-01-2019 00:00,149.524,2
13-01-2019 00:00,191.937,2
14-01-2019 00:00,190.63,2
15-01-2019 00:00,192.216,2
16-01-2019 00:00,168.291,2
17-01-2019 00:00,163.657,2
18-01-2019 00:00,190.253,2
19-01-2019 00:00,140.874,2
20-01-2019 00:00,150.133,2
21-01-2019 00:00,124.699,2
22-01-2019 00:00,132.15,2
23-01-2019 00:00,135.623,2
24-01-2019 00:00,174.448,2
25-01-2019 00:00,179.358,2
26-01-2019 00:00,167.965,2
27-01-2019 00:00,166.878,2
28-01-2019 00:00,181.82,2
29-01-2019 00:00,188.515,2
30-01-2019 00:00,158.309,2
31-01-2019 00:00,138.289,2
01-02-2019 00:00,131.674,2
02-02-2019 00:00,119.344,2
03-02-2019 00:00,120.356,2
04-02-2019 00:00,106.954,2
05-02-2019 00:00,126.429,2
06-02-2019 00:00,141.283,2
07-02-2019 00:00,161.811,2
08-02-2019 00:00,162.561,2
09-02-2019 00:00,227.864,2
10-02-2019 00:00,233.855,2
11-02-2019 00:00,218.696,2
12-02-2019 00:00,177.3,2
13-02-2019 00:00,169.954,2
14-02-2019 00:00,153.195,2
15-02-2019 00:00,143.751,2
16-02-2019 00:00,130.406,2
17-02-2019 00:00,117.004,2
18-02-2019 00:00,126.179,2
19-02-2019 00:00,119.618,2
20-02-2019 00:00,112.71,2
21-02-2019 00:00,196.702,2
22-02-2019 00:00,196.951,2
23-02-2019 00:00,173.723,2
24-02-2019 00:00,148.745,2
25-02-2019 00:00,134.679,2
26-02-2019 00:00,133.144,2
27-02-2019 00:00,117.381,2
28-02-2019 00:00,115.448,2
01-03-2019 00:00,115.174,2
02-03-2019 00:00,108.361,2
03-03-2019 00:00,109.895,2
04-03-2019 00:00,169.546,2
05-03-2019 00:00,279.622,2
06-03-2019 00:00,339.549,2
07-03-2019 00:00,460.237,2
08-03-2019 00:00,405.844,2
09-03-2019 00:00,344.904,2
10-03-2019 00:00,335.236,2
11-03-2019 00:00,265.803,2
12-03-2019 00:00,240.11,2
13-03-2019 00:00,402.338,2
14-03-2019 00:00,389.501,2
15-03-2019 00:00,455.998,2
16-03-2019 00:00,578.703,2
17-03-2019 00:00,620.695,2
18-03-2019 00:00,540.376,2
19-03-2019 00:00,426.677,2
20-03-2019 00:00,373.934,2
21-03-2019 00:00,325.653,2
22-03-2019 00:00,289.822,2
23-03-2019 00:00,250.042,2
24-03-2019 00:00,224.375,2
25-03-2019 00:00,251.331,2
26-03-2019 00:00,220.286,2
27-03-2019 00:00,203.776,2
28-03-2019 00:00,181.825,2
29-03-2019 00:00,167.702,2
30-03-2019 00:00,166.564,2
31-03-2019 00:00,138.648,2
01-04-2019 00:00,136.945,2
02-04-2019 00:00,132.34,2
03-04-2019 00:00,128.574,2
04-04-2019 00:00,123.305,2
05-04-2019 00:00,114.222,2
06-04-2019 00:00,103.771,2
07-04-2019 00:00,108.235,2
08-04-2019 00:00,95.37,2
09-04-2019 00:00,90.271,2
10-04-2019 00:00,81.351,2
11-04-2019 00:00,84.681,2
12-04-2019 00:00,83.24,2
13-04-2019 00:00,76.726,2
14-04-2019 00:00,77.074,2
15-04-2019 00:00,68.486,2
16-04-2019 00:00,71.437,2
17-04-2019 00:00,74.333,2
18-04-2019 00:00,63.422,2
19-04-2019 00:00,66.785,2
20-04-2019 00:00,64.457,2
21-04-2019 00:00,66.332,2
22-04-2019 00:00,57.39,2
23-04-2019 00:00,56.294,2
24-04-2019 00:00,55.449,2
25-04-2019 00:00,56.867,2
26-04-2019 00:00,60.187,2
27-04-2019 00:00,67.645,2
28-04-2019 00:00,69.768,2
29-04-2019 00:00,63.083,2
30-04-2019 00:00,56.073,2
01-05-2019 00:00,61.506,2
02-05-2019 00:00,47.581,2
03-05-2019 00:00,51.498,2
04-05-2019 00:00,52.765,2
05-05-2019 00:00,50.925,2
06-05-2019 00:00,44.385,2
07-05-2019 00:00,55.744,2
08-05-2019 00:00,49.578,2
09-05-2019 00:00,55.944,2
10-05-2019 00:00,52.457,2
11-05-2019 00:00,54.537,2
12-05-2019 00:00,50.561,2
13-05-2019 00:00,40.772,2
14-05-2019 00:00,45.256,2
15-05-2019 00:00,40.331,2
16-05-2019 00:00,37.334,2
17-05-2019 00:00,38.114,2
18-05-2019 00:00,47.35,2
19-05-2019 00:00,34.641,2
20-05-2019 00:00,38.891,2
21-05-2019 00:00,40.423,2
22-05-2019 00:00,45.558,2
23-05-2019 00:00,35.766,2
24-05-2019 00:00,37.387,2
25-05-2019 00:00,44.947,2
26-05-2019 00:00,33.121,2
27-05-2019 00:00,43.924,2
28-05-2019 00:00,34.597,2
29-05-2019 00:00,32.8,2
30-05-2019 00:00,25.878,2
31-05-2019 00:00,36.037,2
01-06-2019 00:00,35.212,2
02-06-2019 00:00,31.204,2
03-06-2019 00:00,32.812,2
04-06-2019 00:00,30.988,2
05-06-2019 00:00,26.205,2
06-06-2019 00:00,26.607,2
07-06-2019 00:00,32.855,2
08-06-2019 00:00,38.154,2
09-06-2019 00:00,26.021,2
10-06-2019 00:00,25.93,2
11-06-2019 00:00,29.716,2
12-06-2019 00:00,40.713,2
13-06-2019 00:00,42.903,2
14-06-2019 00:00,32.02,2
15-06-2019 00:00,36.501,2
16-06-2019 00:00,33.522,2
17-06-2019 00:00,29.183,2
18-06-2019 00:00,24.125,2
19-06-2019 00:00,25.126,2
20-06-2019 00:00,27.032,2
21-06-2019 00:00,25.333,2
22-06-2019 00:00,24.087,2
23-06-2019 00:00,20.49,2
24-06-2019 00:00,15.68,2
25-06-2019 00:00,20.022,2
26-06-2019 00:00,16.86,2
27-06-2019 00:00,14.845,2
28-06-2019 00:00,17.571,2
29-06-2019 00:00,16.601,2
30-06-2019 00:00,13.146,2
01-07-2019 00:00,12.943,2
02-07-2019 00:00,14.217,2
03-07-2019 00:00,13.33,2
04-07-2019 00:00,13.685,2
05-07-2019 00:00,16.505,2
06-07-2019 00:00,18.591,2
07-07-2019 00:00,16.117,2
08-07-2019 00:00,19.919,2
09-07-2019 00:00,13.566,2
10-07-2019 00:00,17.836,2
11-07-2019 00:00,13.354,2
12-07-2019 00:00,9.761,2
13-07-2019 00:00,10.466,2
14-07-2019 00:00,12.314,2
15-07-2019 00:00,12.812,2
16-07-2019 00:00,12.453,2
17-07-2019 00:00,10.403,2
18-07-2019 00:00,10.727,2
19-07-2019 00:00,9.165,2
20-07-2019 00:00,13.942,2
21-07-2019 00:00,9.937,2
22-07-2019 00:00,8.498,2
23-07-2019 00:00,13.401,2
24-07-2019 00:00,10.367,2
25-07-2019 00:00,11.527,2
26-07-2019 00:00,9.765,2
27-07-2019 00:00,10.005,2
28-07-2019 00:00,11.178,2
29-07-2019 00:00,10.686,2
30-07-2019 00:00,13.891,2
31-07-2019 00:00,15.315,2
01-08-2019 00:00,18.124,2
02-08-2019 00:00,19.54,2
03-08-2019 00:00,18.547,2
04-08-2019 00:00,14.531,2
05-08-2019 00:00,11.892,2
06-08-2019 00:00,12.545,2
07-08-2019 00:00,14.111,2
08-08-2019 00:00,16.442,2
09-08-2019 00:00,16.734,2
10-08-2019 00:00,29.124,2
11-08-2019 00:00,38.509,2
12-08-2019 00:00,31.219,2
13-08-2019 00:00,48.214,2
14-08-2019 00:00,42.139,2
15-08-2019 00:00,27.756,2
16-08-2019 00:00,25.16,2
17-08-2019 00:00,24.013,2
18-08-2019 00:00,41.062,2
19-08-2019 00:00,54.498,2
20-08-2019 00:00,42.473,2
21-08-2019 00:00,35.961,2
22-08-2019 00:00,28.552,2
23-08-2019 00:00,26.657,2
24-08-2019 00:00,23.516,2
25-08-2019 00:00,22.448,2
26-08-2019 00:00,19.041,2
27-08-2019 00:00,17.949,2
28-08-2019 00:00,18.376,2
29-08-2019 00:00,22.899,2
30-08-2019 00:00,20.236,2
31-08-2019 00:00,17.009,2
01-09-2019 00:00,19.854,2
02-09-2019 00:00,20.766,2
03-09-2019 00:00,20.897,2
04-09-2019 00:00,24.814,2
05-09-2019 00:00,23.003,2
06-09-2019 00:00,30.459,2
07-09-2019 00:00,26.812,2
08-09-2019 00:00,29.063,2
09-09-2019 00:00,22.849,2
10-09-2019 00:00,36.371,2
11-09-2019 00:00,59.144,2
12-09-2019 00:00,60.917,2
13-09-2019 00:00,67.385,2
14-09-2019 00:00,67.56,2
15-09-2019 00:00,58.128,2
16-09-2019 00:00,47.176,2
17-09-2019 00:00,39.697,2
18-09-2019 00:00,39.174,2
19-09-2019 00:00,33.933,2
20-09-2019 00:00,38.965,2
21-09-2019 00:00,33.526,2
22-09-2019 00:00,32.417,2
23-09-2019 00:00,27.638,2
24-09-2019 00:00,32.49,2
25-09-2019 00:00,29.032,2
26-09-2019 00:00,29.033,2
27-09-2019 00:00,43.058,2
28-09-2019 00:00,60.77,2
29-09-2019 00:00,63.753,2
30-09-2019 00:00,62.443,2
01-10-2019 00:00,74.972,2
02-10-2019 00:00,57.506,2
03-10-2019 00:00,54.896,2
04-10-2019 00:00,53.325,2
05-10-2019 00:00,48.385,2
06-10-2019 00:00,38.219,2
07-10-2019 00:00,43.942,2
08-10-2019 00:00,45.41,2
09-10-2019 00:00,67.039,2
10-10-2019 00:00,68.532,2
11-10-2019 00:00,106.089,2
12-10-2019 00:00,233.53,2
13-10-2019 00:00,244.693,2
14-10-2019 00:00,268.552,2
15-10-2019 00:00,269.692,2
16-10-2019 00:00,265.47,2
17-10-2019 00:00,255.794,2
18-10-2019 00:00,257.239,2
19-10-2019 00:00,275.718,2
20-10-2019 00:00,267.861,2
21-10-2019 00:00,246.162,2
22-10-2019 00:00,223.237,2
23-10-2019 00:00,197.295,2
24-10-2019 00:00,177.186,2
25-10-2019 00:00,163.568,2
26-10-2019 00:00,155.616,2
27-10-2019 00:00,163.344,2
28-10-2019 00:00,168.117,2
29-10-2019 00:00,157.632,2
30-10-2019 00:00,143.472,2
31-10-2019 00:00,132.794,2
01-11-2019 00:00,129.88,2
02-11-2019 00:00,146.254,2
03-11-2019 00:00,195.392,2
04-11-2019 00:00,180.948,2
05-11-2019 00:00,169.923,2
06-11-2019 00:00,154.08,2
07-11-2019 00:00,152.421,2
08-11-2019 00:00,147.72,2
09-11-2019 00:00,138.97,2
10-11-2019 00:00,135.509,2
11-11-2019 00:00,126.276,2
12-11-2019 00:00,122.424,2
13-11-2019 00:00,116.837,2
14-11-2019 00:00,111.864,2
15-11-2019 00:00,108.283,2
16-11-2019 00:00,124.231,2
17-11-2019 00:00,176.826,2
18-11-2019 00:00,172.982,2
19-11-2019 00:00,160.99,2
20-11-2019 00:00,141.344,2
21-11-2019 00:00,161.082,2
22-11-2019 00:00,181.347,2
23-11-2019 00:00,177.677,2
24-11-2019 00:00,156.51,2
25-11-2019 00:00,143.432,2
26-11-2019 00:00,137.547,2
27-11-2019 00:00,132.488,2
28-11-2019 00:00,157.153,2
29-11-2019 00:00,188.171,2
30-11-2019 00:00,185.058,2
01-12-2019 00:00,164.748,2
02-12-2019 00:00,156.385,2
03-12-2019 00:00,146.794,2
04-12-2019 00:00,167.195,2
05-12-2019 00:00,167.171,2
06-12-2019 00:00,174.654,2
07-12-2019 00:00,183.784,2
08-12-2019 00:00,253.235,2
09-12-2019 00:00,291.929,2
10-12-2019 00:00,241.976,2
11-12-2019 00:00,214.783,2
12-12-2019 00:00,209.225,2
13-12-2019 00:00,208.342,2
14-12-2019 00:00,201.904,2
15-12-2019 00:00,312.994,2
16-12-2019 00:00,289.69,2
17-12-2019 00:00,281.107,2
18-12-2019 00:00,264.715,2
19-12-2019 00:00,233.341,2
20-12-2019 00:00,212.688,2
21-12-2019 00:00,216.424,2
22-12-2019 00:00,201.113,2
23-12-2019 00:00,191.773,2
24-12-2019 00:00,204.845,2
25-12-2019 00:00,192.002,2
26-12-2019 00:00,181.793,2
27-12-2019 00:00,166.537,2
28-12-2019 00:00,156.17,2
29-12-2019 00:00,158.356,2
30-12-2019 00:00,146.842,2
31-12-2019 00:00,143.993,2
01-01-2020 00:00,205.188,2
02-01-2020 00:00,221.727,2
03-01-2020 00:00,207.756,2
04-01-2020 00:00,149.397,2
05-01-2020 00:00,162.237,2
06-01-2020 00:00,161.703,2
07-01-2020 00:00,180.738,2
08-01-2020 00:00,140.641,2
09-01-2020 00:00,202.552,2
10-01-2020 00:00,279.95,2
11-01-2020 00:00,177.214,2
12-01-2020 00:00,199.087,2
13-01-2020 00:00,230.609,2
14-01-2020 00:00,261.237,2
15-01-2020 00:00,316.391,2
16-01-2020 00:00,256.89,2
17-01-2020 00:00,188.858,2
18-01-2020 00:00,147.356,2
19-01-2020 00:00,98.864,2
20-01-2020 00:00,68.657,2
21-01-2020 00:00,60.627,2
22-01-2020 00:00,95.692,2
23-01-2020 00:00,122.499,2
24-01-2020 00:00,134.978,2
25-01-2020 00:00,58.99,2
26-01-2020 00:00,89.199,2
27-01-2020 00:00,89.918,2
28-01-2020 00:00,85.61,2
29-01-2020 00:00,69.291,2
30-01-2020 00:00,119.128,2
31-01-2020 00:00,316.056,2
01-02-2020 00:00,304.808,2
02-02-2020 00:00,247.886,2
03-02-2020 00:00,211.306,2
04-02-2020 00:00,216.542,2
05-02-2020 00:00,192.851,2
06-02-2020 00:00,187.281,2
07-02-2020 00:00,172.3,2
08-02-2020 00:00,171.728,2
09-02-2020 00:00,191.995,2
10-02-2020 00:00,390.354,2
11-02-2020 00:00,408.12,2
12-02-2020 00:00,432.145,2
13-02-2020 00:00,347.486,2
14-02-2020 00:00,302.356,2
15-02-2020 00:00,284.356,2
16-02-2020 00:00,321.965,2
17-02-2020 00:00,539.417,2
18-02-2020 00:00,444.882,2
19-02-2020 00:00,522.018,2
20-02-2020 00:00,483.824,2
21-02-2020 00:00,540.248,2
22-02-2020 00:00,523.935,2
23-02-2020 00:00,528.794,2
24-02-2020 00:00,446.75,2
25-02-2020 00:00,502.756,2
26-02-2020 00:00,676.739,2
27-02-2020 00:00,658.393,2
28-02-2020 00:00,509.359,2
29-02-2020 00:00,452.755,2
01-03-2020 00:00,469.973,2
02-03-2020 00:00,385.835,2
03-03-2020 00:00,350.324,2
04-03-2020 00:00,312.697,2
05-03-2020 00:00,297.049,2
06-03-2020 00:00,264.629,2
07-03-2020 00:00,245.655,2
08-03-2020 00:00,235.377,2
09-03-2020 00:00,227.629,2
10-03-2020 00:00,229.27,2
11-03-2020 00:00,251.775,2
12-03-2020 00:00,249.233,2
13-03-2020 00:00,240.645,2
14-03-2020 00:00,215.815,2
15-03-2020 00:00,210.315,2
16-03-2020 00:00,192.262,2
17-03-2020 00:00,185.826,2
18-03-2020 00:00,180.343,2
19-03-2020 00:00,167.941,2
20-03-2020 00:00,160.819,2
21-03-2020 00:00,145.776,2
22-03-2020 00:00,135.255,2
23-03-2020 00:00,140.228,2
24-03-2020 00:00,136.07,2
25-03-2020 00:00,119,2
26-03-2020 00:00,119.29,2
27-03-2020 00:00,121.8,2
28-03-2020 00:00,116.864,2
29-03-2020 00:00,116.895,2
30-03-2020 00:00,119.592,2
31-03-2020 00:00,96.992,2
01-04-2020 00:00,109.12,2
02-04-2020 00:00,64.019,2
03-04-2020 00:00,116.616,2
04-04-2020 00:00,96.373,2
05-04-2020 00:00,90.071,2
06-04-2020 00:00,89.267,2
07-04-2020 00:00,86.549,2
08-04-2020 00:00,87.928,2
09-04-2020 00:00,95.566,2
10-04-2020 00:00,82.89,2
11-04-2020 00:00,82.572,2
12-04-2020 00:00,76.74,2
13-04-2020 00:00,84.057,2
14-04-2020 00:00,77.707,2
15-04-2020 00:00,71.952,2
16-04-2020 00:00,61.004,2
17-04-2020 00:00,73.314,2
18-04-2020 00:00,64.737,2
19-04-2020 00:00,61.974,2
20-04-2020 00:00,79.207,2
21-04-2020 00:00,69.227,2
22-04-2020 00:00,71.388,2
23-04-2020 00:00,67.502,2
24-04-2020 00:00,71.414,2
25-04-2020 00:00,69.56,2
26-04-2020 00:00,68.974,2
27-04-2020 00:00,70.454,2
28-04-2020 00:00,70.951,2
29-04-2020 00:00,63.017,2
30-04-2020 00:00,70.67,2
01-05-2020 00:00,73.063,2
02-05-2020 00:00,103.747,2
03-05-2020 00:00,94.771,2
04-05-2020 00:00,82.77,2
05-05-2020 00:00,74.978,2
06-05-2020 00:00,66.987,2
07-05-2020 00:00,60.962,2
08-05-2020 00:00,58.035,2
09-05-2020 00:00,60.342,2
10-05-2020 00:00,52.658,2
11-05-2020 00:00,48.712,2
12-05-2020 00:00,56.657,2
13-05-2020 00:00,53.514,2
14-05-2020 00:00,43.073,2
15-05-2020 00:00,49.292,2
16-05-2020 00:00,49.399,2
17-05-2020 00:00,53.479,2
18-05-2020 00:00,57.65,2
19-05-2020 00:00,72.522,2
20-05-2020 00:00,64.011,2
21-05-2020 00:00,60.71,2
22-05-2020 00:00,59.622,2
23-05-2020 00:00,53.438,2
24-05-2020 00:00,58.727,2
25-05-2020 00:00,53.441,2
26-05-2020 00:00,43.871,2
27-05-2020 00:00,47.759,2
28-05-2020 00:00,42.216,2
29-05-2020 00:00,40.586,2
30-05-2020 00:00,39.325,2
31-05-2020 00:00,31.641,2
01-06-2020 00:00,36.406,2
02-06-2020 00:00,29.2,2
03-06-2020 00:00,33.195,2
04-06-2020 00:00,27.643,2
05-06-2020 00:00,42.084,2
06-06-2020 00:00,52.021,2
07-06-2020 00:00,51.79,2
08-06-2020 00:00,40.908,2
09-06-2020 00:00,42.629,2
10-06-2020 00:00,33.598,2
11-06-2020 00:00,34.464,2
12-06-2020 00:00,29.505,2
13-06-2020 00:00,28.725,2
14-06-2020 00:00,25.391,2
15-06-2020 00:00,21.927,2
16-06-2020 00:00,23.392,2
17-06-2020 00:00,20.364,2
18-06-2020 00:00,22.148,2
19-06-2020 00:00,120.023,2
20-06-2020 00:00,197.968,2
21-06-2020 00:00,119.211,2
22-06-2020 00:00,82.737,2
23-06-2020 00:00,64.938,2
24-06-2020 00:00,51.692,2
25-06-2020 00:00,38.302,2
26-06-2020 00:00,38.788,2
27-06-2020 00:00,32.101,2
28-06-2020 00:00,31.039,2
29-06-2020 00:00,28.854,2
30-06-2020 00:00,28.566,2
01-07-2020 00:00,27.858,2
02-07-2020 00:00,30.418,2
03-07-2020 00:00,24.369,2
04-07-2020 00:00,32.442,2
05-07-2020 00:00,52.852,2
06-07-2020 00:00,42.817,2
07-07-2020 00:00,32.386,2
08-07-2020 00:00,38.241,2
09-07-2020 00:00,31.322,2
10-07-2020 00:00,28.367,2
11-07-2020 00:00,33.003,2
12-07-2020 00:00,23.844,2
13-07-2020 00:00,26.919,2
14-07-2020 00:00,23.018,2
15-07-2020 00:00,23.426,2
16-07-2020 00:00,27.45,2
17-07-2020 00:00,21.485,2
18-07-2020 00:00,18.179,2
19-07-2020 00:00,21.952,2
20-07-2020 00:00,21.279,2
21-07-2020 00:00,21.252,2
22-07-2020 00:00,14.76,2
23-07-2020 00:00,15.024,2
24-07-2020 00:00,18.465,2
25-07-2020 00:00,19.316,2
26-07-2020 00:00,17.4,2
27-07-2020 00:00,17.692,2
28-07-2020 00:00,23.066,2
29-07-2020 00:00,19.12,2
30-07-2020 00:00,14.237,2
31-07-2020 00:00,17.23,2
01-08-2020 00:00,18.63,2
02-08-2020 00:00,15.001,2
03-08-2020 00:00,13.279,2
04-08-2020 00:00,11.843,2
05-08-2020 00:00,15.04,2
06-08-2020 00:00,13.986,2
07-08-2020 00:00,10.591,2
08-08-2020 00:00,10.668,2
09-08-2020 00:00,12.918,2
10-08-2020 00:00,11.069,2
11-08-2020 00:00,12.137,2
12-08-2020 00:00,9.818,2
13-08-2020 00:00,9.143,2
14-08-2020 00:00,11.323,2
15-08-2020 00:00,10.532,2
16-08-2020 00:00,9.885,2
17-08-2020 00:00,9.869,2
18-08-2020 00:00,10.876,2
19-08-2020 00:00,11.75,2
20-08-2020 00:00,23.463,2
21-08-2020 00:00,26.563,2
22-08-2020 00:00,10.06,2
23-08-2020 00:00,14.435,2
24-08-2020 00:00,8.487,2
25-08-2020 00:00,15.006,2
26-08-2020 00:00,15.919,2
27-08-2020 00:00,21.938,2
28-08-2020 00:00,25.456,2
29-08-2020 00:00,17.232,2
30-08-2020 00:00,15.277,2
31-08-2020 00:00,19.902,2
01-09-2020 00:00,12.623,2
02-09-2020 00:00,18.416,2
03-09-2020 00:00,13.92,2
04-09-2020 00:00,13.093,2
05-09-2020 00:00,13.349,2
06-09-2020 00:00,12.65,2
07-09-2020 00:00,11.285,2
08-09-2020 00:00,16.732,2
09-09-2020 00:00,13.013,2
10-09-2020 00:00,11.385,2
11-09-2020 00:00,15.892,2
12-09-2020 00:00,10.941,2
13-09-2020 00:00,12.113,2
14-09-2020 00:00,16.324,2
15-09-2020 00:00,23.083,2
16-09-2020 00:00,16.458,2
17-09-2020 00:00,10.038,2
18-09-2020 00:00,14.436,2
19-09-2020 00:00,9.895,2
20-09-2020 00:00,15.194,2
21-09-2020 00:00,11.003,2
22-09-2020 00:00,18.198,2
23-09-2020 00:00,15.022,2
24-09-2020 00:00,9.953,2
25-09-2020 00:00,36.898,2
26-09-2020 00:00,63.173,2
27-09-2020 00:00,27.931,2
28-09-2020 00:00,23.497,2
29-09-2020 00:00,26.008,2
30-09-2020 00:00,18.36,2
01-10-2020 00:00,19.347,2
02-10-2020 00:00,24.208,2
03-10-2020 00:00,15.619,2
04-10-2020 00:00,23.551,2
05-10-2020 00:00,28.498,2
06-10-2020 00:00,25.098,2
07-10-2020 00:00,23.164,2
08-10-2020 00:00,42.774,2
09-10-2020 00:00,37.814,2
10-10-2020 00:00,38.619,2
11-10-2020 00:00,36.264,2
12-10-2020 00:00,36.484,2
13-10-2020 00:00,32.384,2
14-10-2020 00:00,28.285,2
15-10-2020 00:00,21.159,2
16-10-2020 00:00,27.311,2
17-10-2020 00:00,26.671,2
18-10-2020 00:00,25.436,2
19-10-2020 00:00,25.017,2
20-10-2020 00:00,28.261,2
21-10-2020 00:00,23.96,2
22-10-2020 00:00,37.802,2
23-10-2020 00:00,37.16,2
24-10-2020 00:00,36.384,2
25-10-2020 00:00,41.055,2
26-10-2020 00:00,72.801,2
27-10-2020 00:00,68.657,2
28-10-2020 00:00,60.464,2
29-10-2020 00:00,61.614,2
30-10-2020 00:00,71.164,2
31-10-2020 00:00,67.597,2
01-11-2020 00:00,71.315,2
02-11-2020 00:00,74.683,2
03-11-2020 00:00,83.867,2
04-11-2020 00:00,67.426,2
05-11-2020 00:00,56.64,2
06-11-2020 00:00,61.323,2
07-11-2020 00:00,53.545,2
08-11-2020 00:00,56.08,2
09-11-2020 00:00,46.876,2
10-11-2020 00:00,52.68,2
11-11-2020 00:00,46.704,2
12-11-2020 00:00,50.36,2
13-11-2020 00:00,54.724,2
14-11-2020 00:00,48.213,2
15-11-2020 00:00,56.242,2
16-11-2020 00:00,53.68,2
17-11-2020 00:00,49.337,2
18-11-2020 00:00,50.187,2
19-11-2020 00:00,46.745,2
20-11-2020 00:00,44.962,2
21-11-2020 00:00,47.658,2
22-11-2020 00:00,56.776,2
23-11-2020 00:00,50.141,2
24-11-2020 00:00,44.144,2
25-11-2020 00:00,50.088,2
26-11-2020 00:00,51.285,2
27-11-2020 00:00,43.987,2
28-11-2020 00:00,44.879,2
29-11-2020 00:00,43.863,2
30-11-2020 00:00,41.271,2
01-12-2020 00:00,52.233,2
02-12-2020 00:00,43.002,2
03-12-2020 00:00,47.792,2
04-12-2020 00:00,46.342,2
05-12-2020 00:00,49.548,2
06-12-2020 00:00,38.678,2
07-12-2020 00:00,48.337,2
08-12-2020 00:00,39.104,2
09-12-2020 00:00,47.776,2
10-12-2020 00:00,52.441,2
11-12-2020 00:00,47.156,2
12-12-2020 00:00,56.238,2
13-12-2020 00:00,49.583,2
14-12-2020 00:00,55.262,2
15-12-2020 00:00,71.312,2
16-12-2020 00:00,124.691,2
17-12-2020 00:00,109.042,2
18-12-2020 00:00,131.032,2
19-12-2020 00:00,103.441,2
20-12-2020 00:00,98.524,2
21-12-2020 00:00,87.279,2
22-12-2020 00:00,109.423,2
23-12-2020 00:00,104.56,2
24-12-2020 00:00,103.122,2
25-12-2020 00:00,84.512,2
26-12-2020 00:00,80.076,2
27-12-2020 00:00,100.173,2
28-12-2020 00:00,134.241,2
29-12-2020 00:00,129.399,2
30-12-2020 00:00,138.244,2
31-12-2020 00:00,261.139,2
01-01-2021 00:00,223.235,2
02-01-2021 00:00,177.576,2
03-01-2021 00:00,155.019,2
04-01-2021 00:00,140.56,2
05-01-2021 00:00,119.34,2
06-01-2021 00:00,126.598,2
07-01-2021 00:00,138.729,2
08-01-2021 00:00,140.468,2
09-01-2021 00:00,136.588,2
10-01-2021 00:00,128.473,2
11-01-2021 00:00,166.642,2
12-01-2021 00:00,254.126,2
13-01-2021 00:00,258.173,2
14-01-2021 00:00,271.595,2
15-01-2021 00:00,222.149,2
16-01-2021 00:00,179.765,2
17-01-2021 00:00,153.976,2
18-01-2021 00:00,132.725,2
19-01-2021 00:00,161.927,2
20-01-2021 00:00,335.267,2
21-01-2021 00:00,426.125,2
22-01-2021 00:00,382.917,2
23-01-2021 00:00,344.048,2
24-01-2021 00:00,273.1,2
25-01-2021 00:00,242.65,2
26-01-2021 00:00,224.467,2
27-01-2021 00:00,212.262,2
28-01-2021 00:00,224.905,2
29-01-2021 00:00,186.587,2
30-01-2021 00:00,166.936,2
31-01-2021 00:00,157.625,2
01-02-2021 00:00,152.817,2
02-02-2021 00:00,134.648,2
03-02-2021 00:00,124.696,2
04-02-2021 00:00,117.899,2
05-02-2021 00:00,100.255,2
06-02-2021 00:00,92.495,2
07-02-2021 00:00,87.131,2
08-02-2021 00:00,84.38,2
09-02-2021 00:00,81.955,2
10-02-2021 00:00,71.787,2
11-02-2021 00:00,68.347,2
12-02-2021 00:00,62.574,2
13-02-2021 00:00,65.916,2
14-02-2021 00:00,62.336,2
15-02-2021 00:00,61.183,2
16-02-2021 00:00,65.795,2
17-02-2021 00:00,240.028,2
18-02-2021 00:00,322.754,2
19-02-2021 00:00,309.862,2
20-02-2021 00:00,246.583,2
21-02-2021 00:00,217.908,2
22-02-2021 00:00,188.744,2
23-02-2021 00:00,189.189,2
24-02-2021 00:00,191.709,2
25-02-2021 00:00,208.311,2
26-02-2021 00:00,196.631,2
27-02-2021 00:00,183.539,2
28-02-2021 00:00,171.637,2
01-03-2021 00:00,164.267,2
02-03-2021 00:00,150.344,2
03-03-2021 00:00,147.781,2
04-03-2021 00:00,146.431,2
05-03-2021 00:00,128.01,2
06-03-2021 00:00,120.53,2
07-03-2021 00:00,119.375,2
08-03-2021 00:00,117.259,2
09-03-2021 00:00,109.074,2
10-03-2021 00:00,104.736,2
11-03-2021 00:00,149.484,2
12-03-2021 00:00,174.303,2
13-03-2021 00:00,263.33,2
14-03-2021 00:00,274.369,2
15-03-2021 00:00,237.76,2
16-03-2021 00:00,202.352,2
17-03-2021 00:00,179.739,2
18-03-2021 00:00,169.121,2
19-03-2021 00:00,147.813,2
20-03-2021 00:00,141.059,2
21-03-2021 00:00,136.374,2
22-03-2021 00:00,120.006,2
23-03-2021 00:00,116.424,2
24-03-2021 00:00,120.043,2
25-03-2021 00:00,105.157,2
26-03-2021 00:00,106.67,2
27-03-2021 00:00,108.368,2
28-03-2021 00:00,118.047,2
29-03-2021 00:00,121.278,2
30-03-2021 00:00,125.948,2
31-03-2021 00:00,109.962,2
01-04-2021 00:00,104.433,2
02-04-2021 00:00,96.565,2
03-04-2021 00:00,90.157,2
04-04-2021 00:00,88.562,2
05-04-2021 00:00,107.485,2
06-04-2021 00:00,91.079,2
07-04-2021 00:00,88.403,2
08-04-2021 00:00,77.839,2
09-04-2021 00:00,86.272,2
10-04-2021 00:00,83.651,2
11-04-2021 00:00,91.451,2
12-04-2021 00:00,89.664,2
13-04-2021 00:00,84.426,2
14-04-2021 00:00,72.683,2
15-04-2021 00:00,76.415,2
16-04-2021 00:00,76.264,2
17-04-2021 00:00,71.589,2
18-04-2021 00:00,60.08,2
19-04-2021 00:00,64.932,2
20-04-2021 00:00,70.456,2
21-04-2021 00:00,66.263,2
22-04-2021 00:00,58.345,2
23-04-2021 00:00,55.169,2
24-04-2021 00:00,50.575,2
25-04-2021 00:00,50.098,2
26-04-2021 00:00,42.551,2
27-04-2021 00:00,44.267,2
28-04-2021 00:00,60.166,2
29-04-2021 00:00,53.25,2
30-04-2021 00:00,56.013,2
01-05-2021 00:00,48.825,2
02-05-2021 00:00,39.818,2
03-05-2021 00:00,55.065,2
04-05-2021 00:00,51.891,2
05-05-2021 00:00,82.82,2
06-05-2021 00:00,93.623,2
07-05-2021 00:00,78.174,2
08-05-2021 00:00,74.785,2
09-05-2021 00:00,74.818,2
10-05-2021 00:00,73.489,2
11-05-2021 00:00,102.549,2
12-05-2021 00:00,143.678,2
13-05-2021 00:00,115.9,2
14-05-2021 00:00,102.513,2
15-05-2021 00:00,88.443,2
16-05-2021 00:00,76.802,2
17-05-2021 00:00,79.884,2
18-05-2021 00:00,73.115,2
19-05-2021 00:00,67.561,2
20-05-2021 00:00,56.681,2
21-05-2021 00:00,66.32,2
22-05-2021 00:00,67.322,2
23-05-2021 00:00,70.779,2
24-05-2021 00:00,51.796,2
25-05-2021 00:00,65.565,2
26-05-2021 00:00,86.713,2
27-05-2021 00:00,88.884,2
28-05-2021 00:00,95.701,2
29-05-2021 00:00,71.492,2
30-05-2021 00:00,68.056,2
31-05-2021 00:00,63.425,2
01-06-2021 00:00,48.857,2
02-06-2021 00:00,51.288,2
03-06-2021 00:00,47.436,2
04-06-2021 00:00,41.021,2
05-06-2021 00:00,39.04,2
06-06-2021 00:00,36.421,2
07-06-2021 00:00,33.435,2
08-06-2021 00:00,31.52,2
09-06-2021 00:00,31.466,2
10-06-2021 00:00,29.509,2
11-06-2021 00:00,29.32,2
12-06-2021 00:00,22.122,2
13-06-2021 00:00,29.834,2
14-06-2021 00:00,22.333,2
15-06-2021 00:00,26.351,2
16-06-2021 00:00,20.412,2
17-06-2021 00:00,24.356,2
18-06-2021 00:00,19.073,2
19-06-2021 00:00,19.421,2
20-06-2021 00:00,17.173,2
21-06-2021 00:00,23.539,2
22-06-2021 00:00,23.334,2
23-06-2021 00:00,20.519,2
24-06-2021 00:00,19.833,2
25-06-2021 00:00,15.864,2
26-06-2021 00:00,15.123,2
27-06-2021 00:00,15.935,2
28-06-2021 00:00,13.347,2
29-06-2021 00:00,13.856,2
30-06-2021 00:00,22.872,2
01-07-2021 00:00,25.055,2
02-07-2021 00:00,21.184,2
03-07-2021 00:00,25.415,2
04-07-2021 00:00,24.053,2
05-07-2021 00:00,25.094,2
06-07-2021 00:00,21.587,2
07-07-2021 00:00,17.157,2
08-07-2021 00:00,22.049,2
09-07-2021 00:00,22.721,2
10-07-2021 00:00,38.928,2
11-07-2021 00:00,55.427,2
12-07-2021 00:00,39.211,2
13-07-2021 00:00,31.481,2
14-07-2021 00:00,23.103,2
15-07-2021 00:00,21.715,2
16-07-2021 00:00,14.862,2
17-07-2021 00:00,14.502,2
18-07-2021 00:00,15.422,2
19-07-2021 00:00,17.011,2
20-07-2021 00:00,14.084,2
21-07-2021 00:00,16.473,2
22-07-2021 00:00,12.1,2
23-07-2021 00:00,12.263,2
24-07-2021 00:00,15.343,2
25-07-2021 00:00,15.421,2
26-07-2021 00:00,13.401,2
27-07-2021 00:00,20.095,2
28-07-2021 00:00,46.674,2
29-07-2021 00:00,38.932,2
30-07-2021 00:00,37.618,2
31-07-2021 00:00,31.327,2
01-08-2021 00:00,22.578,2
02-08-2021 00:00,19.782,2
03-08-2021 00:00,20.458,2
04-08-2021 00:00,19.411,2
05-08-2021 00:00,18.638,2
06-08-2021 00:00,13.307,2
07-08-2021 00:00,77.715,2
08-08-2021 00:00,211.078,2
09-08-2021 00:00,130.5,2
10-08-2021 00:00,93.802,2
11-08-2021 00:00,80.67,2
12-08-2021 00:00,64.115,2
13-08-2021 00:00,53.707,2
14-08-2021 00:00,42.062,2
15-08-2021 00:00,41.927,2
16-08-2021 00:00,57.832,2
17-08-2021 00:00,157.776,2
18-08-2021 00:00,225.346,2
19-08-2021 00:00,163.649,2
20-08-2021 00:00,112.124,2
21-08-2021 00:00,90.234,2
22-08-2021 00:00,77.92,2
23-08-2021 00:00,64.871,2
24-08-2021 00:00,55.717,2
25-08-2021 00:00,53.993,2
26-08-2021 00:00,52.655,2
27-08-2021 00:00,49.168,2
28-08-2021 00:00,49.505,2
29-08-2021 00:00,51.196,2
30-08-2021 00:00,49.369,2
31-08-2021 00:00,44.825,2
01-09-2021 00:00,40.122,2
02-09-2021 00:00,39.1,2
03-09-2021 00:00,36.832,2
04-09-2021 00:00,34.325,2
05-09-2021 00:00,31.52,2
06-09-2021 00:00,31.873,2
07-09-2021 00:00,33.099,2
08-09-2021 00:00,31.071,2
09-09-2021 00:00,30.589,2
10-09-2021 00:00,30.787,2
11-09-2021 00:00,29.204,2
12-09-2021 00:00,32.788,2
13-09-2021 00:00,29.42,2
14-09-2021 00:00,32.653,2
15-09-2021 00:00,27.106,2
16-09-2021 00:00,33.635,2
17-09-2021 00:00,36.626,2
18-09-2021 00:00,32.385,2
19-09-2021 00:00,25.239,2
20-09-2021 00:00,27.417,2
21-09-2021 00:00,28.212,2
22-09-2021 00:00,27.277,2
23-09-2021 00:00,29.038,2
24-09-2021 00:00,31.802,2
25-09-2021 00:00,38.325,2
26-09-2021 00:00,29.835,2
27-09-2021 00:00,28.579,2
28-09-2021 00:00,37.85,2
29-09-2021 00:00,41.524,2
30-09-2021 00:00,65.338,2
01-10-2021 00:00,83.725,2
02-10-2021 00:00,79.592,2
03-10-2021 00:00,70.273,2
04-10-2021 00:00,65.998,2
05-10-2021 00:00,61.984,2
06-10-2021 00:00,87.031,2
07-10-2021 00:00,90.27,2
08-10-2021 00:00,84.972,2
09-10-2021 00:00,70.01,2
10-10-2021 00:00,67.58,2
11-10-2021 00:00,61.07,2
12-10-2021 00:00,57.501,2
13-10-2021 00:00,52.173,2
14-10-2021 00:00,47.448,2
15-10-2021 00:00,55.035,2
16-10-2021 00:00,51.842,2
17-10-2021 00:00,52.997,2
18-10-2021 00:00,51.68,2
19-10-2021 00:00,49.687,2
20-10-2021 00:00,74.416,2
21-10-2021 00:00,182.24,2
22-10-2021 00:00,287.381,2
23-10-2021 00:00,307.459,2
24-10-2021 00:00,286.884,2
25-10-2021 00:00,233.578,2
26-10-2021 00:00,189.675,2
27-10-2021 00:00,166.455,2
28-10-2021 00:00,146.931,2
29-10-2021 00:00,140.407,2
30-10-2021 00:00,125.441,2
31-10-2021 00:00,119.861,2
01-11-2021 00:00,132.075,2
02-11-2021 00:00,137.142,2
03-11-2021 00:00,123.653,2
04-11-2021 00:00,116.321,2
05-11-2021 00:00,107.667,2
06-11-2021 00:00,105.38,2
07-11-2021 00:00,141.786,2
08-11-2021 00:00,149.268,2
09-11-2021 00:00,142.119,2
10-11-2021 00:00,130.704,2
11-11-2021 00:00,120.937,2
12-11-2021 00:00,114.343,2
13-11-2021 00:00,109.709,2
14-11-2021 00:00,102.409,2
15-11-2021 00:00,94.93,2
16-11-2021 00:00,94.57,2
17-11-2021 00:00,94.835,2
18-11-2021 00:00,99.517,2
19-11-2021 00:00,104.603,2
20-11-2021 00:00,95.365,2
21-11-2021 00:00,96.339,2
22-11-2021 00:00,81.657,2
23-11-2021 00:00,90.426,2
24-11-2021 00:00,90.311,2
25-11-2021 00:00,94.097,2
26-11-2021 00:00,119.692,2
27-11-2021 00:00,177.694,2
28-11-2021 00:00,171.791,2
29-11-2021 00:00,161.632,2
30-11-2021 00:00,170.179,2
01-12-2021 00:00,221.456,2
02-12-2021 00:00,472.915,2
03-12-2021 00:00,454.724,2
04-12-2021 00:00,525.951,2
05-12-2021 00:00,479.239,2
06-12-2021 00:00,368.224,2
07-12-2021 00:00,281.933,2
08-12-2021 00:00,234.18,2
09-12-2021 00:00,226.671,2
10-12-2021 00:00,208.978,2
11-12-2021 00:00,205.032,2
12-12-2021 00:00,224.771,2
13-12-2021 00:00,292.491,2
14-12-2021 00:00,356.7,2
15-12-2021 00:00,354.99,2
16-12-2021 00:00,296.373,2
17-12-2021 00:00,243.669,2
18-12-2021 00:00,224.305,2
19-12-2021 00:00,219.705,2
20-12-2021 00:00,195.221,2
21-12-2021 00:00,180.559,2
22-12-2021 00:00,169.496,2
23-12-2021 00:00,189.114,2
24-12-2021 00:00,173.345,2
25-12-2021 00:00,152.354,2
26-12-2021 00:00,135.442,2
27-12-2021 00:00,124.784,2
28-12-2021 00:00,119.313,2
29-12-2021 00:00,125.443,2
30-12-2021 00:00,143.555,2
31-12-2021 00:00,282.918,2